solid CATIA STL
  facet normal  7.660445e-01  6.427875e-01  -0.000000e+00
    outer loop
      vertex  4.273956e+01  1.127367e+01 -2.100000e+01
      vertex  4.273956e+01  1.127367e+01 -2.300000e+01
      vertex  3.290000e+01  2.300000e+01 -2.100000e+01
    endloop
  endfacet
  facet normal  7.660445e-01  6.427875e-01  0.000000e+00
    outer loop
      vertex  3.290000e+01  2.300000e+01 -2.100000e+01
      vertex  4.273956e+01  1.127367e+01 -2.300000e+01
      vertex  3.290000e+01  2.300000e+01 -2.300000e+01
    endloop
  endfacet
  facet normal  -0.000000e+00  0.000000e+00 -1.000000e+00
    outer loop
      vertex  3.290000e+01  2.300000e+01 -2.100000e+01
      vertex  6.790000e+01  2.300000e+01 -2.100000e+01
      vertex  4.273956e+01  1.127367e+01 -2.100000e+01
    endloop
  endfacet
  facet normal  0.000000e+00  0.000000e+00 -1.000000e+00
    outer loop
      vertex  4.273956e+01  1.127367e+01 -2.100000e+01
      vertex  6.790000e+01  2.300000e+01 -2.100000e+01
      vertex  5.806044e+01  1.127367e+01 -2.100000e+01
    endloop
  endfacet
  facet normal  -0.000000e+00  0.000000e+00 -9.999999e-01
    outer loop
      vertex  4.273956e+01  1.127367e+01 -2.100000e+01
      vertex  5.806044e+01  1.127367e+01 -2.100000e+01
      vertex  4.332893e+01  1.063048e+01 -2.100000e+01
    endloop
  endfacet
  facet normal  0.000000e+00  0.000000e+00 -9.999999e-01
    outer loop
      vertex  4.332893e+01  1.063048e+01 -2.100000e+01
      vertex  5.806044e+01  1.127367e+01 -2.100000e+01
      vertex  5.747107e+01  1.063048e+01 -2.100000e+01
    endloop
  endfacet
  facet normal  -0.000000e+00  0.000000e+00 -1.000000e+00
    outer loop
      vertex  4.332893e+01  1.063048e+01 -2.100000e+01
      vertex  5.747107e+01  1.063048e+01 -2.100000e+01
      vertex  4.397212e+01  1.004111e+01 -2.100000e+01
    endloop
  endfacet
  facet normal  0.000000e+00  0.000000e+00 -1.000000e+00
    outer loop
      vertex  4.397212e+01  1.004111e+01 -2.100000e+01
      vertex  5.747107e+01  1.063048e+01 -2.100000e+01
      vertex  5.682788e+01  1.004111e+01 -2.100000e+01
    endloop
  endfacet
  facet normal  -0.000000e+00  0.000000e+00 -1.000000e+00
    outer loop
      vertex  4.397212e+01  1.004111e+01 -2.100000e+01
      vertex  5.682788e+01  1.004111e+01 -2.100000e+01
      vertex  4.466423e+01  9.510030e+00 -2.100000e+01
    endloop
  endfacet
  facet normal  0.000000e+00  0.000000e+00 -1.000000e+00
    outer loop
      vertex  4.466423e+01  9.510030e+00 -2.100000e+01
      vertex  5.682788e+01  1.004111e+01 -2.100000e+01
      vertex  5.613577e+01  9.510030e+00 -2.100000e+01
    endloop
  endfacet
  facet normal  -0.000000e+00  0.000000e+00 -1.000000e+00
    outer loop
      vertex  4.466423e+01  9.510030e+00 -2.100000e+01
      vertex  5.613577e+01  9.510030e+00 -2.100000e+01
      vertex  4.540000e+01  9.041296e+00 -2.100000e+01
    endloop
  endfacet
  facet normal  0.000000e+00  0.000000e+00 -1.000000e+00
    outer loop
      vertex  4.540000e+01  9.041296e+00 -2.100000e+01
      vertex  5.613577e+01  9.510030e+00 -2.100000e+01
      vertex  5.540000e+01  9.041296e+00 -2.100000e+01
    endloop
  endfacet
  facet normal  -0.000000e+00  0.000000e+00 -1.000000e+00
    outer loop
      vertex  4.540000e+01  9.041296e+00 -2.100000e+01
      vertex  5.540000e+01  9.041296e+00 -2.100000e+01
      vertex  4.617382e+01  8.638473e+00 -2.100000e+01
    endloop
  endfacet
  facet normal  0.000000e+00  0.000000e+00 -9.999999e-01
    outer loop
      vertex  4.617382e+01  8.638473e+00 -2.100000e+01
      vertex  5.540000e+01  9.041296e+00 -2.100000e+01
      vertex  5.462618e+01  8.638473e+00 -2.100000e+01
    endloop
  endfacet
  facet normal  -0.000000e+00  0.000000e+00 -1.000000e+00
    outer loop
      vertex  4.617382e+01  8.638473e+00 -2.100000e+01
      vertex  5.462618e+01  8.638473e+00 -2.100000e+01
      vertex  4.697980e+01  8.304625e+00 -2.100000e+01
    endloop
  endfacet
  facet normal  0.000000e+00  0.000000e+00 -1.000000e+00
    outer loop
      vertex  4.697980e+01  8.304625e+00 -2.100000e+01
      vertex  5.462618e+01  8.638473e+00 -2.100000e+01
      vertex  5.382020e+01  8.304625e+00 -2.100000e+01
    endloop
  endfacet
  facet normal  -0.000000e+00  0.000000e+00 -1.000000e+00
    outer loop
      vertex  4.697980e+01  8.304625e+00 -2.100000e+01
      vertex  5.382020e+01  8.304625e+00 -2.100000e+01
      vertex  4.781181e+01  8.042293e+00 -2.100000e+01
    endloop
  endfacet
  facet normal  0.000000e+00  0.000000e+00 -1.000000e+00
    outer loop
      vertex  4.781181e+01  8.042293e+00 -2.100000e+01
      vertex  5.382020e+01  8.304625e+00 -2.100000e+01
      vertex  5.298819e+01  8.042293e+00 -2.100000e+01
    endloop
  endfacet
  facet normal  -0.000000e+00  0.000000e+00 -1.000000e+00
    outer loop
      vertex  4.781181e+01  8.042293e+00 -2.100000e+01
      vertex  5.298819e+01  8.042293e+00 -2.100000e+01
      vertex  4.866352e+01  7.853473e+00 -2.100000e+01
    endloop
  endfacet
  facet normal  0.000000e+00  0.000000e+00 -1.000000e+00
    outer loop
      vertex  4.866352e+01  7.853473e+00 -2.100000e+01
      vertex  5.298819e+01  8.042293e+00 -2.100000e+01
      vertex  5.213648e+01  7.853473e+00 -2.100000e+01
    endloop
  endfacet
  facet normal  -0.000000e+00  0.000000e+00 -1.000000e+00
    outer loop
      vertex  4.866352e+01  7.853473e+00 -2.100000e+01
      vertex  5.213648e+01  7.853473e+00 -2.100000e+01
      vertex  4.952844e+01  7.739604e+00 -2.100000e+01
    endloop
  endfacet
  facet normal  0.000000e+00  0.000000e+00 -1.000000e+00
    outer loop
      vertex  4.952844e+01  7.739604e+00 -2.100000e+01
      vertex  5.213648e+01  7.853473e+00 -2.100000e+01
      vertex  5.127156e+01  7.739604e+00 -2.100000e+01
    endloop
  endfacet
  facet normal  -0.000000e+00  0.000000e+00 -1.000000e+00
    outer loop
      vertex  4.952844e+01  7.739604e+00 -2.100000e+01
      vertex  5.127156e+01  7.739604e+00 -2.100000e+01
      vertex  5.040000e+01  7.701550e+00 -2.100000e+01
    endloop
  endfacet
  facet normal -7.660444e-01  6.427877e-01  0.000000e+00
    outer loop
      vertex  5.806044e+01  1.127367e+01 -2.100000e+01
      vertex  6.790000e+01  2.300000e+01 -2.100000e+01
      vertex  5.806044e+01  1.127367e+01 -2.300000e+01
    endloop
  endfacet
  facet normal -7.660444e-01  6.427877e-01  0.000000e+00
    outer loop
      vertex  5.806044e+01  1.127367e+01 -2.300000e+01
      vertex  6.790000e+01  2.300000e+01 -2.100000e+01
      vertex  6.790000e+01  2.300000e+01 -2.300000e+01
    endloop
  endfacet
  facet normal  -0.000000e+00  1.000000e+00  0.000000e+00
    outer loop
      vertex -8.150000e+01  2.300000e+01  1.300000e+01
      vertex -8.150000e+01  2.300000e+01  2.300000e+01
      vertex -6.150000e+01  2.300000e+01  2.300000e+01
    endloop
  endfacet
  facet normal  0.000000e+00  1.000000e+00  -0.000000e+00
    outer loop
      vertex  3.290000e+01  2.300000e+01 -2.100000e+01
      vertex  3.290000e+01  2.300000e+01 -2.300000e+01
      vertex  3.058365e+01  2.300000e+01 -1.623952e+01
    endloop
  endfacet
  facet normal  0.000000e+00  9.999999e-01  0.000000e+00
    outer loop
      vertex  1.472435e+01  2.300000e+01  5.542282e+00
      vertex  3.139526e-01  2.300000e+01  4.990134e+00
      vertex  1.514817e+01  2.300000e+01  6.594357e+00
    endloop
  endfacet
  facet normal  0.000000e+00  1.000000e+00  0.000000e+00
    outer loop
      vertex  1.832222e+01  2.300000e+01 -1.130009e+01
      vertex  3.139526e-01  2.300000e+01 -4.990134e+00
      vertex  1.756242e+01  2.300000e+01 -1.045796e+01
    endloop
  endfacet
  facet normal  0.000000e+00  9.999999e-01  0.000000e+00
    outer loop
      vertex  1.756242e+01  2.300000e+01 -1.045796e+01
      vertex  3.139526e-01  2.300000e+01 -4.990134e+00
      vertex  1.686320e+01  2.300000e+01 -9.564887e+00
    endloop
  endfacet
  facet normal  0.000000e+00  1.000000e+00  0.000000e+00
    outer loop
      vertex  1.686320e+01  2.300000e+01 -9.564887e+00
      vertex  3.139526e-01  2.300000e+01 -4.990134e+00
      vertex  1.622799e+01  2.300000e+01 -8.625211e+00
    endloop
  endfacet
  facet normal  0.000000e+00  1.000000e+00  0.000000e+00
    outer loop
      vertex  1.622799e+01  2.300000e+01 -8.625211e+00
      vertex  3.139526e-01  2.300000e+01 -4.990134e+00
      vertex  1.565987e+01  2.300000e+01 -7.643513e+00
    endloop
  endfacet
  facet normal  0.000000e+00  9.999999e-01  0.000000e+00
    outer loop
      vertex  1.565987e+01  2.300000e+01 -7.643513e+00
      vertex  3.139526e-01  2.300000e+01 -4.990134e+00
      vertex  1.516162e+01  2.300000e+01 -6.624578e+00
    endloop
  endfacet
  facet normal  0.000000e+00  1.000000e+00  -0.000000e+00
    outer loop
      vertex  1.829924e+01  2.300000e+01  1.127629e+01
      vertex  1.754115e+01  2.300000e+01  1.043262e+01
      vertex  3.139526e-01  2.300000e+01  4.990134e+00
    endloop
  endfacet
  facet normal  0.000000e+00  1.000000e+00  -0.000000e+00
    outer loop
      vertex  1.754115e+01  2.300000e+01  1.043262e+01
      vertex  1.684376e+01  2.300000e+01  9.538124e+00
      vertex  3.139526e-01  2.300000e+01  4.990134e+00
    endloop
  endfacet
  facet normal  0.000000e+00  1.000000e+00  -0.000000e+00
    outer loop
      vertex  1.684376e+01  2.300000e+01  9.538124e+00
      vertex  1.621046e+01  2.300000e+01  8.597157e+00
      vertex  3.139526e-01  2.300000e+01  4.990134e+00
    endloop
  endfacet
  facet normal  0.000000e+00  1.000000e+00  -0.000000e+00
    outer loop
      vertex  1.621046e+01  2.300000e+01  8.597157e+00
      vertex  1.564434e+01  2.300000e+01  7.614305e+00
      vertex  3.139526e-01  2.300000e+01  4.990134e+00
    endloop
  endfacet
  facet normal  0.000000e+00  9.999999e-01  -0.000000e+00
    outer loop
      vertex  1.564434e+01  2.300000e+01  7.614305e+00
      vertex  1.514817e+01  2.300000e+01  6.594357e+00
      vertex  3.139526e-01  2.300000e+01  4.990134e+00
    endloop
  endfacet
  facet normal  0.000000e+00  1.000000e+00  0.000000e+00
    outer loop
      vertex  2.679134e+00  2.300000e+01  4.221640e+00
      vertex  1.410167e+01  2.300000e+01  3.362384e+00
      vertex  3.187120e+00  2.300000e+01  3.852566e+00
    endloop
  endfacet
  facet normal  0.000000e+00  1.000000e+00  0.000000e+00
    outer loop
      vertex  5.000000e+00  2.300000e+01 -6.661338e-16
      vertex  4.960574e+00  2.300000e+01  6.266662e-01
      vertex  1.375001e+01  2.300000e+01 -1.654050e-02
    endloop
  endfacet
  facet normal  0.000000e+00  1.000000e+00  0.000000e+00
    outer loop
      vertex -1.410510e+01  2.300000e+01  3.378565e+00
      vertex -2.679134e+00  2.300000e+01  4.221640e+00
      vertex -3.187120e+00  2.300000e+01  3.852566e+00
    endloop
  endfacet
  facet normal  0.000000e+00  1.000000e+00  0.000000e+00
    outer loop
      vertex -4.045085e+00  2.300000e+01 -2.938926e+00
      vertex -3.644843e+00  2.300000e+01 -3.422735e+00
      vertex -1.410510e+01  2.300000e+01 -3.378565e+00
    endloop
  endfacet
  facet normal  0.000000e+00  1.000000e+00  0.000000e+00
    outer loop
      vertex -2.679134e+00  2.300000e+01 -4.221640e+00
      vertex -2.128896e+00  2.300000e+01 -4.524135e+00
      vertex -1.437950e+01  2.300000e+01 -4.479107e+00
    endloop
  endfacet
  facet normal  0.000000e+00  9.999999e-01  0.000000e+00
    outer loop
      vertex -4.244822e+01  2.300000e+01 -1.044530e+01
      vertex -4.168927e+01  2.300000e+01 -1.128820e+01
      vertex -5.023794e+01  2.300000e+01 -1.092821e+01
    endloop
  endfacet
  facet normal  0.000000e+00  9.999999e-01  0.000000e+00
    outer loop
      vertex -4.638019e+01  2.300000e+01 -1.614588e+01
      vertex -3.393123e+01  2.300000e+01 -1.576731e+01
      vertex -3.282178e+01  2.300000e+01 -1.600313e+01
    endloop
  endfacet
  facet normal  0.000000e+00  1.000000e+00  0.000000e+00
    outer loop
      vertex  6.250000e+01  2.300000e+01 -1.300000e+01
      vertex  8.750000e+01  2.300000e+01 -1.300000e+01
      vertex  6.790000e+01  2.300000e+01 -2.100000e+01
    endloop
  endfacet
  facet normal  0.000000e+00  1.000000e+00  0.000000e+00
    outer loop
      vertex  6.250000e+01  2.300000e+01 -1.300000e+01
      vertex  6.790000e+01  2.300000e+01 -2.100000e+01
      vertex  3.910059e+01  2.300000e+01 -1.346260e+01
    endloop
  endfacet
  facet normal  0.000000e+00  1.000000e+00  0.000000e+00
    outer loop
      vertex  6.250000e+01  2.300000e+01 -1.300000e+01
      vertex  3.910059e+01  2.300000e+01 -1.346260e+01
      vertex  4.001753e+01  2.300000e+01 -1.279498e+01
    endloop
  endfacet
  facet normal  -0.000000e+00  1.000000e+00  0.000000e+00
    outer loop
      vertex  6.250000e+01  2.300000e+01 -1.300000e+01
      vertex  4.001753e+01  2.300000e+01 -1.279498e+01
      vertex  4.088566e+01  2.300000e+01 -1.206503e+01
    endloop
  endfacet
  facet normal  -0.000000e+00  1.000000e+00  0.000000e+00
    outer loop
      vertex  6.250000e+01  2.300000e+01 -1.300000e+01
      vertex  4.088566e+01  2.300000e+01 -1.206503e+01
      vertex  4.170076e+01  2.300000e+01 -1.127629e+01
    endloop
  endfacet
  facet normal  -0.000000e+00  1.000000e+00  0.000000e+00
    outer loop
      vertex  6.250000e+01  2.300000e+01 -1.300000e+01
      vertex  4.170076e+01  2.300000e+01 -1.127629e+01
      vertex  4.245885e+01  2.300000e+01 -1.043262e+01
    endloop
  endfacet
  facet normal  -0.000000e+00  1.000000e+00  0.000000e+00
    outer loop
      vertex  6.250000e+01  2.300000e+01 -1.300000e+01
      vertex  4.245885e+01  2.300000e+01 -1.043262e+01
      vertex  4.315624e+01  2.300000e+01 -9.538124e+00
    endloop
  endfacet
  facet normal  -0.000000e+00  1.000000e+00  0.000000e+00
    outer loop
      vertex  6.250000e+01  2.300000e+01 -1.300000e+01
      vertex  4.315624e+01  2.300000e+01 -9.538124e+00
      vertex  4.378954e+01  2.300000e+01 -8.597157e+00
    endloop
  endfacet
  facet normal  -0.000000e+00  1.000000e+00  0.000000e+00
    outer loop
      vertex  6.250000e+01  2.300000e+01 -1.300000e+01
      vertex  4.378954e+01  2.300000e+01 -8.597157e+00
      vertex  4.435566e+01  2.300000e+01 -7.614305e+00
    endloop
  endfacet
  facet normal  -0.000000e+00  1.000000e+00  0.000000e+00
    outer loop
      vertex  6.250000e+01  2.300000e+01 -1.300000e+01
      vertex  4.435566e+01  2.300000e+01 -7.614305e+00
      vertex  4.485183e+01  2.300000e+01 -6.594357e+00
    endloop
  endfacet
  facet normal  -0.000000e+00  1.000000e+00  0.000000e+00
    outer loop
      vertex  6.250000e+01  2.300000e+01 -1.300000e+01
      vertex  4.485183e+01  2.300000e+01 -6.594357e+00
      vertex  4.527565e+01  2.300000e+01 -5.542282e+00
    endloop
  endfacet
  facet normal  -0.000000e+00  1.000000e+00  0.000000e+00
    outer loop
      vertex  6.250000e+01  2.300000e+01 -1.300000e+01
      vertex  4.527565e+01  2.300000e+01 -5.542282e+00
      vertex  4.562505e+01  2.300000e+01 -4.463205e+00
    endloop
  endfacet
  facet normal  -0.000000e+00  1.000000e+00  0.000000e+00
    outer loop
      vertex  6.250000e+01  2.300000e+01 -1.300000e+01
      vertex  4.562505e+01  2.300000e+01 -4.463205e+00
      vertex  4.589833e+01  2.300000e+01 -3.362384e+00
    endloop
  endfacet
  facet normal  -0.000000e+00  1.000000e+00  0.000000e+00
    outer loop
      vertex  6.250000e+01  2.300000e+01 -1.300000e+01
      vertex  4.589833e+01  2.300000e+01 -3.362384e+00
      vertex  4.609415e+01  2.300000e+01 -2.245182e+00
    endloop
  endfacet
  facet normal  -0.000000e+00  1.000000e+00  0.000000e+00
    outer loop
      vertex  6.250000e+01  2.300000e+01 -1.300000e+01
      vertex  4.609415e+01  2.300000e+01 -2.245182e+00
      vertex  4.621156e+01  2.300000e+01 -1.117042e+00
    endloop
  endfacet
  facet normal  -0.000000e+00  1.000000e+00  0.000000e+00
    outer loop
      vertex  6.250000e+01  2.300000e+01 -1.300000e+01
      vertex  4.621156e+01  2.300000e+01 -1.117042e+00
      vertex  4.624999e+01  2.300000e+01  1.654050e-02
    endloop
  endfacet
  facet normal  0.000000e+00  1.000000e+00  0.000000e+00
    outer loop
      vertex  6.250000e+01  2.300000e+01 -1.300000e+01
      vertex  4.624999e+01  2.300000e+01  1.654050e-02
      vertex  6.250000e+01  2.300000e+01  0.000000e+00
    endloop
  endfacet
  facet normal  0.000000e+00  1.000000e+00  0.000000e+00
    outer loop
      vertex  3.000000e+01  2.300000e+01  2.300000e+01
      vertex  3.129098e+01  2.300000e+01  2.296374e+01
      vertex  3.055059e+01  2.300000e+01  1.624067e+01
    endloop
  endfacet
  facet normal  0.000000e+00  9.999999e-01  0.000000e+00
    outer loop
      vertex  3.000000e+01  2.300000e+01  2.300000e+01
      vertex  3.055059e+01  2.300000e+01  1.624067e+01
      vertex  2.941635e+01  2.300000e+01  1.623952e+01
    endloop
  endfacet
  facet normal  0.000000e+00  1.000000e+00  -0.000000e+00
    outer loop
      vertex  3.000000e+01  2.300000e+01  2.300000e+01
      vertex  2.941635e+01  2.300000e+01  1.623952e+01
      vertex  2.828496e+01  2.300000e+01  1.615924e+01
    endloop
  endfacet
  facet normal  0.000000e+00  1.000000e+00  -0.000000e+00
    outer loop
      vertex  3.000000e+01  2.300000e+01  2.300000e+01
      vertex  2.828496e+01  2.300000e+01  1.615924e+01
      vertex  2.716193e+01  2.300000e+01  1.600025e+01
    endloop
  endfacet
  facet normal  0.000000e+00  9.999999e-01  -0.000000e+00
    outer loop
      vertex  3.000000e+01  2.300000e+01  2.300000e+01
      vertex  2.716193e+01  2.300000e+01  1.600025e+01
      vertex  2.605272e+01  2.300000e+01  1.576330e+01
    endloop
  endfacet
  facet normal  0.000000e+00  1.000000e+00  -0.000000e+00
    outer loop
      vertex  3.000000e+01  2.300000e+01  2.300000e+01
      vertex  2.605272e+01  2.300000e+01  1.576330e+01
      vertex  2.496275e+01  2.300000e+01  1.544955e+01
    endloop
  endfacet
  facet normal  0.000000e+00  1.000000e+00  -0.000000e+00
    outer loop
      vertex  3.000000e+01  2.300000e+01  2.300000e+01
      vertex  2.496275e+01  2.300000e+01  1.544955e+01
      vertex  2.389731e+01  2.300000e+01  1.506053e+01
    endloop
  endfacet
  facet normal  0.000000e+00  1.000000e+00  -0.000000e+00
    outer loop
      vertex  3.000000e+01  2.300000e+01  2.300000e+01
      vertex  2.389731e+01  2.300000e+01  1.506053e+01
      vertex  2.286161e+01  2.300000e+01  1.459814e+01
    endloop
  endfacet
  facet normal  0.000000e+00  1.000000e+00  -0.000000e+00
    outer loop
      vertex  3.000000e+01  2.300000e+01  2.300000e+01
      vertex  2.286161e+01  2.300000e+01  1.459814e+01
      vertex  2.186068e+01  2.300000e+01  1.406464e+01
    endloop
  endfacet
  facet normal  0.000000e+00  1.000000e+00  -0.000000e+00
    outer loop
      vertex  3.000000e+01  2.300000e+01  2.300000e+01
      vertex  2.186068e+01  2.300000e+01  1.406464e+01
      vertex  2.089941e+01  2.300000e+01  1.346260e+01
    endloop
  endfacet
  facet normal  0.000000e+00  1.000000e+00  -0.000000e+00
    outer loop
      vertex  3.000000e+01  2.300000e+01  2.300000e+01
      vertex  2.089941e+01  2.300000e+01  1.346260e+01
      vertex  1.998247e+01  2.300000e+01  1.279498e+01
    endloop
  endfacet
  facet normal  0.000000e+00  1.000000e+00  -0.000000e+00
    outer loop
      vertex  3.000000e+01  2.300000e+01  2.300000e+01
      vertex  1.998247e+01  2.300000e+01  1.279498e+01
      vertex  1.911434e+01  2.300000e+01  1.206503e+01
    endloop
  endfacet
  facet normal  0.000000e+00  1.000000e+00  -0.000000e+00
    outer loop
      vertex  3.000000e+01  2.300000e+01  2.300000e+01
      vertex  1.911434e+01  2.300000e+01  1.206503e+01
      vertex  1.829924e+01  2.300000e+01  1.127629e+01
    endloop
  endfacet
  facet normal  0.000000e+00  1.000000e+00  -0.000000e+00
    outer loop
      vertex  3.000000e+01  2.300000e+01  2.300000e+01
      vertex  1.829924e+01  2.300000e+01  1.127629e+01
      vertex  3.139526e-01  2.300000e+01  4.990134e+00
    endloop
  endfacet
  facet normal  0.000000e+00  1.000000e+00  -0.000000e+00
    outer loop
      vertex  3.000000e+01  2.300000e+01  2.300000e+01
      vertex  3.139526e-01  2.300000e+01  4.990134e+00
      vertex -3.139526e-01  2.300000e+01  4.990134e+00
    endloop
  endfacet
  facet normal  0.000000e+00  1.000000e+00  -0.000000e+00
    outer loop
      vertex  3.000000e+01  2.300000e+01  2.300000e+01
      vertex -3.139526e-01  2.300000e+01  4.990134e+00
      vertex -1.472999e+01  2.300000e+01  5.557827e+00
    endloop
  endfacet
  facet normal  0.000000e+00  1.000000e+00  -0.000000e+00
    outer loop
      vertex  3.000000e+01  2.300000e+01  2.300000e+01
      vertex -1.472999e+01  2.300000e+01  5.557827e+00
      vertex -1.515489e+01  2.300000e+01  6.609470e+00
    endloop
  endfacet
  facet normal  0.000000e+00  1.000000e+00  -0.000000e+00
    outer loop
      vertex  3.000000e+01  2.300000e+01  2.300000e+01
      vertex -1.515489e+01  2.300000e+01  6.609470e+00
      vertex -1.565210e+01  2.300000e+01  7.628913e+00
    endloop
  endfacet
  facet normal  0.000000e+00  1.000000e+00  -0.000000e+00
    outer loop
      vertex  3.000000e+01  2.300000e+01  2.300000e+01
      vertex -1.565210e+01  2.300000e+01  7.628913e+00
      vertex -1.621922e+01  2.300000e+01  8.611188e+00
    endloop
  endfacet
  facet normal  0.000000e+00  1.000000e+00  -0.000000e+00
    outer loop
      vertex  3.000000e+01  2.300000e+01  2.300000e+01
      vertex -1.621922e+01  2.300000e+01  8.611188e+00
      vertex -1.685347e+01  2.300000e+01  9.551511e+00
    endloop
  endfacet
  facet normal  0.000000e+00  9.999999e-01  -0.000000e+00
    outer loop
      vertex  3.000000e+01  2.300000e+01  2.300000e+01
      vertex -1.685347e+01  2.300000e+01  9.551511e+00
      vertex -1.755178e+01  2.300000e+01  1.044530e+01
    endloop
  endfacet
  facet normal  0.000000e+00  1.000000e+00  -0.000000e+00
    outer loop
      vertex  3.000000e+01  2.300000e+01  2.300000e+01
      vertex -1.755178e+01  2.300000e+01  1.044530e+01
      vertex -1.831073e+01  2.300000e+01  1.128820e+01
    endloop
  endfacet
  facet normal  0.000000e+00  9.999999e-01  -0.000000e+00
    outer loop
      vertex  3.000000e+01  2.300000e+01  2.300000e+01
      vertex -1.831073e+01  2.300000e+01  1.128820e+01
      vertex -1.912663e+01  2.300000e+01  1.207610e+01
    endloop
  endfacet
  facet normal  0.000000e+00  1.000000e+00  -0.000000e+00
    outer loop
      vertex  3.000000e+01  2.300000e+01  2.300000e+01
      vertex -1.912663e+01  2.300000e+01  1.207610e+01
      vertex -1.999550e+01  2.300000e+01  1.280517e+01
    endloop
  endfacet
  facet normal  0.000000e+00  1.000000e+00  -0.000000e+00
    outer loop
      vertex  3.000000e+01  2.300000e+01  2.300000e+01
      vertex -1.999550e+01  2.300000e+01  1.280517e+01
      vertex -2.091311e+01  2.300000e+01  1.347186e+01
    endloop
  endfacet
  facet normal  0.000000e+00  1.000000e+00  -0.000000e+00
    outer loop
      vertex  3.000000e+01  2.300000e+01  2.300000e+01
      vertex -2.091311e+01  2.300000e+01  1.347186e+01
      vertex -2.187500e+01  2.300000e+01  1.407291e+01
    endloop
  endfacet
  facet normal  0.000000e+00  1.000000e+00  -0.000000e+00
    outer loop
      vertex  3.000000e+01  2.300000e+01  2.300000e+01
      vertex -2.187500e+01  2.300000e+01  1.407291e+01
      vertex -2.287647e+01  2.300000e+01  1.460540e+01
    endloop
  endfacet
  facet normal  0.000000e+00  1.000000e+00  -0.000000e+00
    outer loop
      vertex  3.000000e+01  2.300000e+01  2.300000e+01
      vertex -2.287647e+01  2.300000e+01  1.460540e+01
      vertex -2.391264e+01  2.300000e+01  1.506674e+01
    endloop
  endfacet
  facet normal  0.000000e+00  1.000000e+00  -0.000000e+00
    outer loop
      vertex  3.000000e+01  2.300000e+01  2.300000e+01
      vertex -2.391264e+01  2.300000e+01  1.506674e+01
      vertex -3.000000e+01  2.300000e+01  2.300000e+01
    endloop
  endfacet
  facet normal  0.000000e+00  1.000000e+00  0.000000e+00
    outer loop
      vertex -3.000000e+01  2.300000e+01  2.300000e+01
      vertex -2.391264e+01  2.300000e+01  1.506674e+01
      vertex -2.497847e+01  2.300000e+01  1.545467e+01
    endloop
  endfacet
  facet normal  0.000000e+00  1.000000e+00  0.000000e+00
    outer loop
      vertex -3.000000e+01  2.300000e+01  2.300000e+01
      vertex -2.497847e+01  2.300000e+01  1.545467e+01
      vertex -2.606877e+01  2.300000e+01  1.576731e+01
    endloop
  endfacet
  facet normal  0.000000e+00  1.000000e+00  0.000000e+00
    outer loop
      vertex -3.000000e+01  2.300000e+01  2.300000e+01
      vertex -2.606877e+01  2.300000e+01  1.576731e+01
      vertex -2.717822e+01  2.300000e+01  1.600313e+01
    endloop
  endfacet
  facet normal  0.000000e+00  1.000000e+00  0.000000e+00
    outer loop
      vertex -3.000000e+01  2.300000e+01  2.300000e+01
      vertex -2.717822e+01  2.300000e+01  1.600313e+01
      vertex -2.830141e+01  2.300000e+01  1.616098e+01
    endloop
  endfacet
  facet normal  0.000000e+00  1.000000e+00  0.000000e+00
    outer loop
      vertex -3.000000e+01  2.300000e+01  2.300000e+01
      vertex -2.830141e+01  2.300000e+01  1.616098e+01
      vertex -2.943288e+01  2.300000e+01  1.624010e+01
    endloop
  endfacet
  facet normal  0.000000e+00  1.000000e+00  0.000000e+00
    outer loop
      vertex -3.000000e+01  2.300000e+01  2.300000e+01
      vertex -2.943288e+01  2.300000e+01  1.624010e+01
      vertex -3.056712e+01  2.300000e+01  1.624010e+01
    endloop
  endfacet
  facet normal  0.000000e+00  1.000000e+00  -0.000000e+00
    outer loop
      vertex -3.000000e+01  2.300000e+01  2.300000e+01
      vertex -3.056712e+01  2.300000e+01  1.624010e+01
      vertex -3.169859e+01  2.300000e+01  1.616098e+01
    endloop
  endfacet
  facet normal  0.000000e+00  1.000000e+00  -0.000000e+00
    outer loop
      vertex -3.000000e+01  2.300000e+01  2.300000e+01
      vertex -3.169859e+01  2.300000e+01  1.616098e+01
      vertex -8.150000e+01  2.300000e+01  1.300000e+01
    endloop
  endfacet
  facet normal  0.000000e+00  1.000000e+00  0.000000e+00
    outer loop
      vertex -3.000000e+01  2.300000e+01  2.300000e+01
      vertex -8.150000e+01  2.300000e+01  1.300000e+01
      vertex -5.150000e+01  2.300000e+01  2.300000e+01
    endloop
  endfacet
  facet normal  0.000000e+00  1.000000e+00  0.000000e+00
    outer loop
      vertex -6.150000e+01  2.300000e+01  1.300000e+01
      vertex -8.150000e+01  2.300000e+01  1.300000e+01
      vertex -3.908688e+01  2.300000e+01  1.347186e+01
    endloop
  endfacet
  facet normal  0.000000e+00  1.000000e+00  0.000000e+00
    outer loop
      vertex -6.150000e+01  2.300000e+01  1.300000e+01
      vertex -3.908688e+01  2.300000e+01  1.347186e+01
      vertex -4.000450e+01  2.300000e+01  1.280517e+01
    endloop
  endfacet
  facet normal  0.000000e+00  1.000000e+00  0.000000e+00
    outer loop
      vertex -6.150000e+01  2.300000e+01  1.300000e+01
      vertex -4.000450e+01  2.300000e+01  1.280517e+01
      vertex -4.087337e+01  2.300000e+01  1.207610e+01
    endloop
  endfacet
  facet normal  0.000000e+00  1.000000e+00  0.000000e+00
    outer loop
      vertex -6.150000e+01  2.300000e+01  1.300000e+01
      vertex -4.087337e+01  2.300000e+01  1.207610e+01
      vertex -4.168927e+01  2.300000e+01  1.128820e+01
    endloop
  endfacet
  facet normal  0.000000e+00  1.000000e+00  0.000000e+00
    outer loop
      vertex -6.150000e+01  2.300000e+01  1.300000e+01
      vertex -4.168927e+01  2.300000e+01  1.128820e+01
      vertex -4.244822e+01  2.300000e+01  1.044530e+01
    endloop
  endfacet
  facet normal  0.000000e+00  1.000000e+00  0.000000e+00
    outer loop
      vertex -6.150000e+01  2.300000e+01  1.300000e+01
      vertex -4.244822e+01  2.300000e+01  1.044530e+01
      vertex -4.314653e+01  2.300000e+01  9.551511e+00
    endloop
  endfacet
  facet normal  0.000000e+00  1.000000e+00  0.000000e+00
    outer loop
      vertex -6.150000e+01  2.300000e+01  1.300000e+01
      vertex -4.314653e+01  2.300000e+01  9.551511e+00
      vertex -4.378078e+01  2.300000e+01  8.611188e+00
    endloop
  endfacet
  facet normal  0.000000e+00  1.000000e+00  0.000000e+00
    outer loop
      vertex -6.150000e+01  2.300000e+01  1.300000e+01
      vertex -4.378078e+01  2.300000e+01  8.611188e+00
      vertex -4.434790e+01  2.300000e+01  7.628913e+00
    endloop
  endfacet
  facet normal  0.000000e+00  1.000000e+00  0.000000e+00
    outer loop
      vertex -6.150000e+01  2.300000e+01  1.300000e+01
      vertex -4.434790e+01  2.300000e+01  7.628913e+00
      vertex -4.484511e+01  2.300000e+01  6.609470e+00
    endloop
  endfacet
  facet normal  0.000000e+00  1.000000e+00  0.000000e+00
    outer loop
      vertex -6.150000e+01  2.300000e+01  1.300000e+01
      vertex -4.484511e+01  2.300000e+01  6.609470e+00
      vertex -4.527000e+01  2.300000e+01  5.557827e+00
    endloop
  endfacet
  facet normal  0.000000e+00  1.000000e+00  0.000000e+00
    outer loop
      vertex -6.150000e+01  2.300000e+01  1.300000e+01
      vertex -4.527000e+01  2.300000e+01  5.557827e+00
      vertex -5.082388e+01  2.300000e+01 -9.765554e+00
    endloop
  endfacet
  facet normal  0.000000e+00  1.000000e+00  0.000000e+00
    outer loop
      vertex  3.000000e+01  2.300000e+01 -2.300000e+01
      vertex -3.000000e+01  2.300000e+01 -2.300000e+01
      vertex -2.943288e+01  2.300000e+01 -1.624010e+01
    endloop
  endfacet
  facet normal  -0.000000e+00  1.000000e+00  0.000000e+00
    outer loop
      vertex  3.000000e+01  2.300000e+01 -2.300000e+01
      vertex -2.943288e+01  2.300000e+01 -1.624010e+01
      vertex -2.830141e+01  2.300000e+01 -1.616098e+01
    endloop
  endfacet
  facet normal  -0.000000e+00  1.000000e+00  0.000000e+00
    outer loop
      vertex  3.000000e+01  2.300000e+01 -2.300000e+01
      vertex -2.830141e+01  2.300000e+01 -1.616098e+01
      vertex -2.717822e+01  2.300000e+01 -1.600313e+01
    endloop
  endfacet
  facet normal  -0.000000e+00  9.999999e-01  0.000000e+00
    outer loop
      vertex  3.000000e+01  2.300000e+01 -2.300000e+01
      vertex -2.717822e+01  2.300000e+01 -1.600313e+01
      vertex -2.606877e+01  2.300000e+01 -1.576731e+01
    endloop
  endfacet
  facet normal  -0.000000e+00  9.999999e-01  0.000000e+00
    outer loop
      vertex  3.000000e+01  2.300000e+01 -2.300000e+01
      vertex -2.606877e+01  2.300000e+01 -1.576731e+01
      vertex -2.497847e+01  2.300000e+01 -1.545467e+01
    endloop
  endfacet
  facet normal  -0.000000e+00  1.000000e+00  0.000000e+00
    outer loop
      vertex  3.000000e+01  2.300000e+01 -2.300000e+01
      vertex -2.497847e+01  2.300000e+01 -1.545467e+01
      vertex -2.391264e+01  2.300000e+01 -1.506674e+01
    endloop
  endfacet
  facet normal  -0.000000e+00  1.000000e+00  0.000000e+00
    outer loop
      vertex  3.000000e+01  2.300000e+01 -2.300000e+01
      vertex -2.391264e+01  2.300000e+01 -1.506674e+01
      vertex -2.287647e+01  2.300000e+01 -1.460540e+01
    endloop
  endfacet
  facet normal  -0.000000e+00  1.000000e+00  0.000000e+00
    outer loop
      vertex  3.000000e+01  2.300000e+01 -2.300000e+01
      vertex -2.287647e+01  2.300000e+01 -1.460540e+01
      vertex -2.187500e+01  2.300000e+01 -1.407291e+01
    endloop
  endfacet
  facet normal  -0.000000e+00  1.000000e+00  0.000000e+00
    outer loop
      vertex  3.000000e+01  2.300000e+01 -2.300000e+01
      vertex -2.187500e+01  2.300000e+01 -1.407291e+01
      vertex -2.091311e+01  2.300000e+01 -1.347186e+01
    endloop
  endfacet
  facet normal  -0.000000e+00  1.000000e+00  0.000000e+00
    outer loop
      vertex  3.000000e+01  2.300000e+01 -2.300000e+01
      vertex -2.091311e+01  2.300000e+01 -1.347186e+01
      vertex -1.999550e+01  2.300000e+01 -1.280517e+01
    endloop
  endfacet
  facet normal  -0.000000e+00  1.000000e+00  0.000000e+00
    outer loop
      vertex  3.000000e+01  2.300000e+01 -2.300000e+01
      vertex -1.999550e+01  2.300000e+01 -1.280517e+01
      vertex -1.912663e+01  2.300000e+01 -1.207610e+01
    endloop
  endfacet
  facet normal  -0.000000e+00  1.000000e+00  0.000000e+00
    outer loop
      vertex  3.000000e+01  2.300000e+01 -2.300000e+01
      vertex -1.912663e+01  2.300000e+01 -1.207610e+01
      vertex -1.831073e+01  2.300000e+01 -1.128820e+01
    endloop
  endfacet
  facet normal  -0.000000e+00  1.000000e+00  0.000000e+00
    outer loop
      vertex  3.000000e+01  2.300000e+01 -2.300000e+01
      vertex -1.831073e+01  2.300000e+01 -1.128820e+01
      vertex -1.755178e+01  2.300000e+01 -1.044530e+01
    endloop
  endfacet
  facet normal  -0.000000e+00  1.000000e+00  0.000000e+00
    outer loop
      vertex  3.000000e+01  2.300000e+01 -2.300000e+01
      vertex -1.755178e+01  2.300000e+01 -1.044530e+01
      vertex -1.685347e+01  2.300000e+01 -9.551511e+00
    endloop
  endfacet
  facet normal  -0.000000e+00  1.000000e+00  0.000000e+00
    outer loop
      vertex  3.000000e+01  2.300000e+01 -2.300000e+01
      vertex -1.685347e+01  2.300000e+01 -9.551511e+00
      vertex -1.621922e+01  2.300000e+01 -8.611188e+00
    endloop
  endfacet
  facet normal  -0.000000e+00  1.000000e+00  0.000000e+00
    outer loop
      vertex  3.000000e+01  2.300000e+01 -2.300000e+01
      vertex -1.621922e+01  2.300000e+01 -8.611188e+00
      vertex -1.565210e+01  2.300000e+01 -7.628913e+00
    endloop
  endfacet
  facet normal  -0.000000e+00  9.999999e-01  0.000000e+00
    outer loop
      vertex  3.000000e+01  2.300000e+01 -2.300000e+01
      vertex -1.565210e+01  2.300000e+01 -7.628913e+00
      vertex -1.515489e+01  2.300000e+01 -6.609470e+00
    endloop
  endfacet
  facet normal  -0.000000e+00  1.000000e+00  0.000000e+00
    outer loop
      vertex  3.000000e+01  2.300000e+01 -2.300000e+01
      vertex -1.515489e+01  2.300000e+01 -6.609470e+00
      vertex -1.472999e+01  2.300000e+01 -5.557827e+00
    endloop
  endfacet
  facet normal  -0.000000e+00  1.000000e+00  0.000000e+00
    outer loop
      vertex  3.000000e+01  2.300000e+01 -2.300000e+01
      vertex -1.472999e+01  2.300000e+01 -5.557827e+00
      vertex -3.139526e-01  2.300000e+01 -4.990134e+00
    endloop
  endfacet
  facet normal  -0.000000e+00  1.000000e+00  0.000000e+00
    outer loop
      vertex  3.000000e+01  2.300000e+01 -2.300000e+01
      vertex -3.139526e-01  2.300000e+01 -4.990134e+00
      vertex  3.139526e-01  2.300000e+01 -4.990134e+00
    endloop
  endfacet
  facet normal  0.000000e+00  1.000000e+00  0.000000e+00
    outer loop
      vertex  3.000000e+01  2.300000e+01 -2.300000e+01
      vertex  3.139526e-01  2.300000e+01 -4.990134e+00
      vertex  1.832222e+01  2.300000e+01 -1.130009e+01
    endloop
  endfacet
  facet normal  0.000000e+00  1.000000e+00  0.000000e+00
    outer loop
      vertex  3.000000e+01  2.300000e+01 -2.300000e+01
      vertex  1.832222e+01  2.300000e+01 -1.130009e+01
      vertex  1.913893e+01  2.300000e+01 -1.208716e+01
    endloop
  endfacet
  facet normal  0.000000e+00  1.000000e+00  0.000000e+00
    outer loop
      vertex  3.000000e+01  2.300000e+01 -2.300000e+01
      vertex  1.913893e+01  2.300000e+01 -1.208716e+01
      vertex  2.000854e+01  2.300000e+01 -1.281535e+01
    endloop
  endfacet
  facet normal  0.000000e+00  1.000000e+00  0.000000e+00
    outer loop
      vertex  3.000000e+01  2.300000e+01 -2.300000e+01
      vertex  2.000854e+01  2.300000e+01 -1.281535e+01
      vertex  2.092683e+01  2.300000e+01 -1.348110e+01
    endloop
  endfacet
  facet normal  0.000000e+00  1.000000e+00  0.000000e+00
    outer loop
      vertex  3.000000e+01  2.300000e+01 -2.300000e+01
      vertex  2.092683e+01  2.300000e+01 -1.348110e+01
      vertex  2.188933e+01  2.300000e+01 -1.408118e+01
    endloop
  endfacet
  facet normal  0.000000e+00  9.999999e-01  0.000000e+00
    outer loop
      vertex  3.000000e+01  2.300000e+01 -2.300000e+01
      vertex  2.188933e+01  2.300000e+01 -1.408118e+01
      vertex  2.289134e+01  2.300000e+01 -1.461265e+01
    endloop
  endfacet
  facet normal  0.000000e+00  1.000000e+00  0.000000e+00
    outer loop
      vertex  3.000000e+01  2.300000e+01 -2.300000e+01
      vertex  2.289134e+01  2.300000e+01 -1.461265e+01
      vertex  2.392798e+01  2.300000e+01 -1.507293e+01
    endloop
  endfacet
  facet normal  0.000000e+00  9.999999e-01  0.000000e+00
    outer loop
      vertex  3.000000e+01  2.300000e+01 -2.300000e+01
      vertex  2.392798e+01  2.300000e+01 -1.507293e+01
      vertex  2.499421e+01  2.300000e+01 -1.545977e+01
    endloop
  endfacet
  facet normal  0.000000e+00  1.000000e+00  0.000000e+00
    outer loop
      vertex  3.000000e+01  2.300000e+01 -2.300000e+01
      vertex  2.499421e+01  2.300000e+01 -1.545977e+01
      vertex  2.608482e+01  2.300000e+01 -1.577130e+01
    endloop
  endfacet
  facet normal  0.000000e+00  1.000000e+00  0.000000e+00
    outer loop
      vertex  3.000000e+01  2.300000e+01 -2.300000e+01
      vertex  2.608482e+01  2.300000e+01 -1.577130e+01
      vertex  2.719451e+01  2.300000e+01 -1.600599e+01
    endloop
  endfacet
  facet normal  0.000000e+00  1.000000e+00  0.000000e+00
    outer loop
      vertex  3.000000e+01  2.300000e+01 -2.300000e+01
      vertex  2.719451e+01  2.300000e+01 -1.600599e+01
      vertex  2.831786e+01  2.300000e+01 -1.616270e+01
    endloop
  endfacet
  facet normal  0.000000e+00  1.000000e+00  0.000000e+00
    outer loop
      vertex  3.000000e+01  2.300000e+01 -2.300000e+01
      vertex  2.831786e+01  2.300000e+01 -1.616270e+01
      vertex  2.944941e+01  2.300000e+01 -1.624067e+01
    endloop
  endfacet
  facet normal  -0.000000e+00  9.999999e-01  0.000000e+00
    outer loop
      vertex  3.000000e+01  2.300000e+01 -2.300000e+01
      vertex  2.944941e+01  2.300000e+01 -1.624067e+01
      vertex  3.058365e+01  2.300000e+01 -1.623952e+01
    endloop
  endfacet
  facet normal  0.000000e+00  1.000000e+00  0.000000e+00
    outer loop
      vertex  3.000000e+01  2.300000e+01 -2.300000e+01
      vertex  3.058365e+01  2.300000e+01 -1.623952e+01
      vertex  3.290000e+01  2.300000e+01 -2.300000e+01
    endloop
  endfacet
  facet normal  0.000000e+00  1.000000e+00  0.000000e+00
    outer loop
      vertex  3.055059e+01  2.300000e+01  1.624067e+01
      vertex  3.129098e+01  2.300000e+01  2.296374e+01
      vertex  3.257789e+01  2.300000e+01  2.285508e+01
    endloop
  endfacet
  facet normal  0.000000e+00  1.000000e+00  0.000000e+00
    outer loop
      vertex  3.055059e+01  2.300000e+01  1.624067e+01
      vertex  3.257789e+01  2.300000e+01  2.285508e+01
      vertex  3.385667e+01  2.300000e+01  2.267435e+01
    endloop
  endfacet
  facet normal  0.000000e+00  1.000000e+00  0.000000e+00
    outer loop
      vertex  3.055059e+01  2.300000e+01  1.624067e+01
      vertex  3.385667e+01  2.300000e+01  2.267435e+01
      vertex  3.512329e+01  2.300000e+01  2.242213e+01
    endloop
  endfacet
  facet normal  0.000000e+00  1.000000e+00  0.000000e+00
    outer loop
      vertex  3.055059e+01  2.300000e+01  1.624067e+01
      vertex  3.512329e+01  2.300000e+01  2.242213e+01
      vertex  3.637376e+01  2.300000e+01  2.209921e+01
    endloop
  endfacet
  facet normal  0.000000e+00  1.000000e+00  0.000000e+00
    outer loop
      vertex  3.055059e+01  2.300000e+01  1.624067e+01
      vertex  3.637376e+01  2.300000e+01  2.209921e+01
      vertex  3.760413e+01  2.300000e+01  2.170662e+01
    endloop
  endfacet
  facet normal  0.000000e+00  1.000000e+00  0.000000e+00
    outer loop
      vertex  3.055059e+01  2.300000e+01  1.624067e+01
      vertex  3.760413e+01  2.300000e+01  2.170662e+01
      vertex  3.881052e+01  2.300000e+01  2.124558e+01
    endloop
  endfacet
  facet normal  0.000000e+00  1.000000e+00  0.000000e+00
    outer loop
      vertex  3.055059e+01  2.300000e+01  1.624067e+01
      vertex  3.881052e+01  2.300000e+01  2.124558e+01
      vertex  3.998914e+01  2.300000e+01  2.071756e+01
    endloop
  endfacet
  facet normal  0.000000e+00  1.000000e+00  0.000000e+00
    outer loop
      vertex  3.055059e+01  2.300000e+01  1.624067e+01
      vertex  3.998914e+01  2.300000e+01  2.071756e+01
      vertex  4.113625e+01  2.300000e+01  2.012421e+01
    endloop
  endfacet
  facet normal  0.000000e+00  1.000000e+00  0.000000e+00
    outer loop
      vertex  3.055059e+01  2.300000e+01  1.624067e+01
      vertex  4.113625e+01  2.300000e+01  2.012421e+01
      vertex  4.224826e+01  2.300000e+01  1.946741e+01
    endloop
  endfacet
  facet normal  0.000000e+00  9.999999e-01  0.000000e+00
    outer loop
      vertex  3.055059e+01  2.300000e+01  1.624067e+01
      vertex  4.224826e+01  2.300000e+01  1.946741e+01
      vertex  4.332165e+01  2.300000e+01  1.874923e+01
    endloop
  endfacet
  facet normal  0.000000e+00  1.000000e+00  0.000000e+00
    outer loop
      vertex  3.055059e+01  2.300000e+01  1.624067e+01
      vertex  4.332165e+01  2.300000e+01  1.874923e+01
      vertex  4.435303e+01  2.300000e+01  1.797194e+01
    endloop
  endfacet
  facet normal  0.000000e+00  1.000000e+00  0.000000e+00
    outer loop
      vertex  3.055059e+01  2.300000e+01  1.624067e+01
      vertex  4.435303e+01  2.300000e+01  1.797194e+01
      vertex  4.533916e+01  2.300000e+01  1.713798e+01
    endloop
  endfacet
  facet normal  0.000000e+00  1.000000e+00  0.000000e+00
    outer loop
      vertex  3.055059e+01  2.300000e+01  1.624067e+01
      vertex  4.533916e+01  2.300000e+01  1.713798e+01
      vertex  4.627692e+01  2.300000e+01  1.624998e+01
    endloop
  endfacet
  facet normal  -0.000000e+00  1.000000e+00  -0.000000e+00
    outer loop
      vertex  6.250000e+01  2.300000e+01  0.000000e+00
      vertex  4.624999e+01  2.300000e+01  1.654050e-02
      vertex  4.620926e+01  2.300000e+01  1.150042e+00
    endloop
  endfacet
  facet normal  -0.000000e+00  1.000000e+00  -0.000000e+00
    outer loop
      vertex  6.250000e+01  2.300000e+01  0.000000e+00
      vertex  4.620926e+01  2.300000e+01  1.150042e+00
      vertex  4.608955e+01  2.300000e+01  2.277941e+00
    endloop
  endfacet
  facet normal  -0.000000e+00  1.000000e+00  -0.000000e+00
    outer loop
      vertex  6.250000e+01  2.300000e+01  0.000000e+00
      vertex  4.608955e+01  2.300000e+01  2.277941e+00
      vertex  4.589145e+01  2.300000e+01  3.394742e+00
    endloop
  endfacet
  facet normal  -0.000000e+00  9.999999e-01  -0.000000e+00
    outer loop
      vertex  6.250000e+01  2.300000e+01  0.000000e+00
      vertex  4.589145e+01  2.300000e+01  3.394742e+00
      vertex  4.561594e+01  2.300000e+01  4.495005e+00
    endloop
  endfacet
  facet normal  -0.000000e+00  1.000000e+00  -0.000000e+00
    outer loop
      vertex  6.250000e+01  2.300000e+01  0.000000e+00
      vertex  4.561594e+01  2.300000e+01  4.495005e+00
      vertex  4.526434e+01  2.300000e+01  5.573368e+00
    endloop
  endfacet
  facet normal  -0.000000e+00  1.000000e+00  -0.000000e+00
    outer loop
      vertex  6.250000e+01  2.300000e+01  0.000000e+00
      vertex  4.526434e+01  2.300000e+01  5.573368e+00
      vertex  4.483838e+01  2.300000e+01  6.624578e+00
    endloop
  endfacet
  facet normal  -0.000000e+00  9.999999e-01  -0.000000e+00
    outer loop
      vertex  6.250000e+01  2.300000e+01  0.000000e+00
      vertex  4.483838e+01  2.300000e+01  6.624578e+00
      vertex  4.434013e+01  2.300000e+01  7.643513e+00
    endloop
  endfacet
  facet normal  -0.000000e+00  1.000000e+00  -0.000000e+00
    outer loop
      vertex  6.250000e+01  2.300000e+01  0.000000e+00
      vertex  4.434013e+01  2.300000e+01  7.643513e+00
      vertex  4.377201e+01  2.300000e+01  8.625211e+00
    endloop
  endfacet
  facet normal  -0.000000e+00  1.000000e+00  -0.000000e+00
    outer loop
      vertex  6.250000e+01  2.300000e+01  0.000000e+00
      vertex  4.377201e+01  2.300000e+01  8.625211e+00
      vertex  4.313680e+01  2.300000e+01  9.564887e+00
    endloop
  endfacet
  facet normal  -0.000000e+00  1.000000e+00  -0.000000e+00
    outer loop
      vertex  6.250000e+01  2.300000e+01  0.000000e+00
      vertex  4.313680e+01  2.300000e+01  9.564887e+00
      vertex  4.243758e+01  2.300000e+01  1.045796e+01
    endloop
  endfacet
  facet normal  -0.000000e+00  1.000000e+00  -0.000000e+00
    outer loop
      vertex  6.250000e+01  2.300000e+01  0.000000e+00
      vertex  4.243758e+01  2.300000e+01  1.045796e+01
      vertex  4.167778e+01  2.300000e+01  1.130009e+01
    endloop
  endfacet
  facet normal  -0.000000e+00  1.000000e+00  -0.000000e+00
    outer loop
      vertex  6.250000e+01  2.300000e+01  0.000000e+00
      vertex  4.167778e+01  2.300000e+01  1.130009e+01
      vertex  4.086108e+01  2.300000e+01  1.208716e+01
    endloop
  endfacet
  facet normal  -0.000000e+00  1.000000e+00  -0.000000e+00
    outer loop
      vertex  6.250000e+01  2.300000e+01  0.000000e+00
      vertex  4.086108e+01  2.300000e+01  1.208716e+01
      vertex  3.999146e+01  2.300000e+01  1.281535e+01
    endloop
  endfacet
  facet normal  -0.000000e+00  1.000000e+00  -0.000000e+00
    outer loop
      vertex  6.250000e+01  2.300000e+01  0.000000e+00
      vertex  3.999146e+01  2.300000e+01  1.281535e+01
      vertex  3.907317e+01  2.300000e+01  1.348110e+01
    endloop
  endfacet
  facet normal  -0.000000e+00  1.000000e+00  -0.000000e+00
    outer loop
      vertex  6.250000e+01  2.300000e+01  0.000000e+00
      vertex  3.907317e+01  2.300000e+01  1.348110e+01
      vertex  3.811067e+01  2.300000e+01  1.408118e+01
    endloop
  endfacet
  facet normal  0.000000e+00  1.000000e+00  0.000000e+00
    outer loop
      vertex  4.627692e+01  2.300000e+01  1.624998e+01
      vertex  6.250000e+01  2.300000e+01  0.000000e+00
      vertex  3.811067e+01  2.300000e+01  1.408118e+01
    endloop
  endfacet
  facet normal  0.000000e+00  1.000000e+00  -0.000000e+00
    outer loop
      vertex  4.627692e+01  2.300000e+01  1.624998e+01
      vertex  3.811067e+01  2.300000e+01  1.408118e+01
      vertex  3.710866e+01  2.300000e+01  1.461265e+01
    endloop
  endfacet
  facet normal  0.000000e+00  9.999999e-01  -0.000000e+00
    outer loop
      vertex  4.627692e+01  2.300000e+01  1.624998e+01
      vertex  3.710866e+01  2.300000e+01  1.461265e+01
      vertex  3.607202e+01  2.300000e+01  1.507293e+01
    endloop
  endfacet
  facet normal  0.000000e+00  1.000000e+00  -0.000000e+00
    outer loop
      vertex  4.627692e+01  2.300000e+01  1.624998e+01
      vertex  3.607202e+01  2.300000e+01  1.507293e+01
      vertex  3.500579e+01  2.300000e+01  1.545977e+01
    endloop
  endfacet
  facet normal  0.000000e+00  9.999999e-01  -0.000000e+00
    outer loop
      vertex  4.627692e+01  2.300000e+01  1.624998e+01
      vertex  3.500579e+01  2.300000e+01  1.545977e+01
      vertex  3.391518e+01  2.300000e+01  1.577130e+01
    endloop
  endfacet
  facet normal  0.000000e+00  1.000000e+00  -0.000000e+00
    outer loop
      vertex  4.627692e+01  2.300000e+01  1.624998e+01
      vertex  3.391518e+01  2.300000e+01  1.577130e+01
      vertex  3.280549e+01  2.300000e+01  1.600599e+01
    endloop
  endfacet
  facet normal  0.000000e+00  1.000000e+00  -0.000000e+00
    outer loop
      vertex  4.627692e+01  2.300000e+01  1.624998e+01
      vertex  3.280549e+01  2.300000e+01  1.600599e+01
      vertex  3.168214e+01  2.300000e+01  1.616270e+01
    endloop
  endfacet
  facet normal  0.000000e+00  9.999999e-01  -0.000000e+00
    outer loop
      vertex  4.627692e+01  2.300000e+01  1.624998e+01
      vertex  3.168214e+01  2.300000e+01  1.616270e+01
      vertex  3.055059e+01  2.300000e+01  1.624067e+01
    endloop
  endfacet
  facet normal  0.000000e+00  1.000000e+00  -0.000000e+00
    outer loop
      vertex  6.790000e+01  2.300000e+01 -2.100000e+01
      vertex  3.290000e+01  2.300000e+01 -2.100000e+01
      vertex  3.058365e+01  2.300000e+01 -1.623952e+01
    endloop
  endfacet
  facet normal  -0.000000e+00  1.000000e+00  0.000000e+00
    outer loop
      vertex  6.790000e+01  2.300000e+01 -2.100000e+01
      vertex  3.058365e+01  2.300000e+01 -1.623952e+01
      vertex  3.171504e+01  2.300000e+01 -1.615924e+01
    endloop
  endfacet
  facet normal  -0.000000e+00  9.999999e-01  0.000000e+00
    outer loop
      vertex  6.790000e+01  2.300000e+01 -2.100000e+01
      vertex  3.171504e+01  2.300000e+01 -1.615924e+01
      vertex  3.283807e+01  2.300000e+01 -1.600025e+01
    endloop
  endfacet
  facet normal  -0.000000e+00  1.000000e+00  0.000000e+00
    outer loop
      vertex  6.790000e+01  2.300000e+01 -2.100000e+01
      vertex  3.283807e+01  2.300000e+01 -1.600025e+01
      vertex  3.394728e+01  2.300000e+01 -1.576330e+01
    endloop
  endfacet
  facet normal  -0.000000e+00  1.000000e+00  0.000000e+00
    outer loop
      vertex  6.790000e+01  2.300000e+01 -2.100000e+01
      vertex  3.394728e+01  2.300000e+01 -1.576330e+01
      vertex  3.503725e+01  2.300000e+01 -1.544955e+01
    endloop
  endfacet
  facet normal  -0.000000e+00  1.000000e+00  0.000000e+00
    outer loop
      vertex  6.790000e+01  2.300000e+01 -2.100000e+01
      vertex  3.503725e+01  2.300000e+01 -1.544955e+01
      vertex  3.610269e+01  2.300000e+01 -1.506053e+01
    endloop
  endfacet
  facet normal  -0.000000e+00  1.000000e+00  0.000000e+00
    outer loop
      vertex  6.790000e+01  2.300000e+01 -2.100000e+01
      vertex  3.610269e+01  2.300000e+01 -1.506053e+01
      vertex  3.713839e+01  2.300000e+01 -1.459814e+01
    endloop
  endfacet
  facet normal  -0.000000e+00  1.000000e+00  0.000000e+00
    outer loop
      vertex  6.790000e+01  2.300000e+01 -2.100000e+01
      vertex  3.713839e+01  2.300000e+01 -1.459814e+01
      vertex  3.813932e+01  2.300000e+01 -1.406464e+01
    endloop
  endfacet
  facet normal  -0.000000e+00  9.999999e-01  0.000000e+00
    outer loop
      vertex  6.790000e+01  2.300000e+01 -2.100000e+01
      vertex  3.813932e+01  2.300000e+01 -1.406464e+01
      vertex  3.910059e+01  2.300000e+01 -1.346260e+01
    endloop
  endfacet
  facet normal  0.000000e+00  1.000000e+00  -0.000000e+00
    outer loop
      vertex  1.437495e+01  2.300000e+01  4.463205e+00
      vertex  1.410167e+01  2.300000e+01  3.362384e+00
      vertex  2.679134e+00  2.300000e+01  4.221640e+00
    endloop
  endfacet
  facet normal  0.000000e+00  1.000000e+00  -0.000000e+00
    outer loop
      vertex  1.437495e+01  2.300000e+01  4.463205e+00
      vertex  2.679134e+00  2.300000e+01  4.221640e+00
      vertex  2.128896e+00  2.300000e+01  4.524135e+00
    endloop
  endfacet
  facet normal  -0.000000e+00  1.000000e+00  -0.000000e+00
    outer loop
      vertex  1.437495e+01  2.300000e+01  4.463205e+00
      vertex  2.128896e+00  2.300000e+01  4.524135e+00
      vertex  1.545085e+00  2.300000e+01  4.755282e+00
    endloop
  endfacet
  facet normal  -0.000000e+00  1.000000e+00  -0.000000e+00
    outer loop
      vertex  1.437495e+01  2.300000e+01  4.463205e+00
      vertex  1.545085e+00  2.300000e+01  4.755282e+00
      vertex  9.369066e-01  2.300000e+01  4.911436e+00
    endloop
  endfacet
  facet normal  -0.000000e+00  1.000000e+00  -0.000000e+00
    outer loop
      vertex  1.437495e+01  2.300000e+01  4.463205e+00
      vertex  9.369066e-01  2.300000e+01  4.911436e+00
      vertex  3.139526e-01  2.300000e+01  4.990134e+00
    endloop
  endfacet
  facet normal  -0.000000e+00  1.000000e+00  0.000000e+00
    outer loop
      vertex  1.437495e+01  2.300000e+01  4.463205e+00
      vertex  3.139526e-01  2.300000e+01  4.990134e+00
      vertex  1.472435e+01  2.300000e+01  5.542282e+00
    endloop
  endfacet
  facet normal  0.000000e+00  1.000000e+00  0.000000e+00
    outer loop
      vertex  1.438406e+01  2.300000e+01 -4.495005e+00
      vertex  2.128896e+00  2.300000e+01 -4.524135e+00
      vertex  2.679134e+00  2.300000e+01 -4.221640e+00
    endloop
  endfacet
  facet normal  -0.000000e+00  1.000000e+00  0.000000e+00
    outer loop
      vertex  1.438406e+01  2.300000e+01 -4.495005e+00
      vertex  2.679134e+00  2.300000e+01 -4.221640e+00
      vertex  3.187120e+00  2.300000e+01 -3.852566e+00
    endloop
  endfacet
  facet normal  -0.000000e+00  1.000000e+00  0.000000e+00
    outer loop
      vertex  1.438406e+01  2.300000e+01 -4.495005e+00
      vertex  3.187120e+00  2.300000e+01 -3.852566e+00
      vertex  3.644843e+00  2.300000e+01 -3.422735e+00
    endloop
  endfacet
  facet normal  -0.000000e+00  1.000000e+00  0.000000e+00
    outer loop
      vertex  1.438406e+01  2.300000e+01 -4.495005e+00
      vertex  3.644843e+00  2.300000e+01 -3.422735e+00
      vertex  1.410855e+01  2.300000e+01 -3.394742e+00
    endloop
  endfacet
  facet normal  0.000000e+00  9.999999e-01  0.000000e+00
    outer loop
      vertex  1.473566e+01  2.300000e+01 -5.573368e+00
      vertex  1.516162e+01  2.300000e+01 -6.624578e+00
      vertex  3.139526e-01  2.300000e+01 -4.990134e+00
    endloop
  endfacet
  facet normal  -0.000000e+00  1.000000e+00  0.000000e+00
    outer loop
      vertex  1.473566e+01  2.300000e+01 -5.573368e+00
      vertex  3.139526e-01  2.300000e+01 -4.990134e+00
      vertex  9.369066e-01  2.300000e+01 -4.911436e+00
    endloop
  endfacet
  facet normal  -0.000000e+00  1.000000e+00  0.000000e+00
    outer loop
      vertex  1.473566e+01  2.300000e+01 -5.573368e+00
      vertex  9.369066e-01  2.300000e+01 -4.911436e+00
      vertex  1.545085e+00  2.300000e+01 -4.755282e+00
    endloop
  endfacet
  facet normal  -0.000000e+00  9.999999e-01  0.000000e+00
    outer loop
      vertex  1.473566e+01  2.300000e+01 -5.573368e+00
      vertex  1.545085e+00  2.300000e+01 -4.755282e+00
      vertex  2.128896e+00  2.300000e+01 -4.524135e+00
    endloop
  endfacet
  facet normal  -0.000000e+00  1.000000e+00  0.000000e+00
    outer loop
      vertex  1.473566e+01  2.300000e+01 -5.573368e+00
      vertex  2.128896e+00  2.300000e+01 -4.524135e+00
      vertex  1.438406e+01  2.300000e+01 -4.495005e+00
    endloop
  endfacet
  facet normal  0.000000e+00  9.999999e-01  0.000000e+00
    outer loop
      vertex -1.437950e+01  2.300000e+01  4.479107e+00
      vertex -1.472999e+01  2.300000e+01  5.557827e+00
      vertex -3.139526e-01  2.300000e+01  4.990134e+00
    endloop
  endfacet
  facet normal  0.000000e+00  1.000000e+00  0.000000e+00
    outer loop
      vertex -1.437950e+01  2.300000e+01  4.479107e+00
      vertex -3.139526e-01  2.300000e+01  4.990134e+00
      vertex -9.369066e-01  2.300000e+01  4.911436e+00
    endloop
  endfacet
  facet normal  0.000000e+00  1.000000e+00  0.000000e+00
    outer loop
      vertex -1.437950e+01  2.300000e+01  4.479107e+00
      vertex -9.369066e-01  2.300000e+01  4.911436e+00
      vertex -1.545085e+00  2.300000e+01  4.755282e+00
    endloop
  endfacet
  facet normal  0.000000e+00  1.000000e+00  0.000000e+00
    outer loop
      vertex -1.437950e+01  2.300000e+01  4.479107e+00
      vertex -1.545085e+00  2.300000e+01  4.755282e+00
      vertex -2.128896e+00  2.300000e+01  4.524135e+00
    endloop
  endfacet
  facet normal  0.000000e+00  1.000000e+00  0.000000e+00
    outer loop
      vertex -1.437950e+01  2.300000e+01  4.479107e+00
      vertex -2.128896e+00  2.300000e+01  4.524135e+00
      vertex -2.679134e+00  2.300000e+01  4.221640e+00
    endloop
  endfacet
  facet normal  0.000000e+00  9.999999e-01  0.000000e+00
    outer loop
      vertex -1.437950e+01  2.300000e+01  4.479107e+00
      vertex -2.679134e+00  2.300000e+01  4.221640e+00
      vertex -1.410510e+01  2.300000e+01  3.378565e+00
    endloop
  endfacet
  facet normal  0.000000e+00  1.000000e+00  0.000000e+00
    outer loop
      vertex -1.472999e+01  2.300000e+01 -5.557827e+00
      vertex -1.437950e+01  2.300000e+01 -4.479107e+00
      vertex -2.128896e+00  2.300000e+01 -4.524135e+00
    endloop
  endfacet
  facet normal  0.000000e+00  1.000000e+00  0.000000e+00
    outer loop
      vertex -1.472999e+01  2.300000e+01 -5.557827e+00
      vertex -2.128896e+00  2.300000e+01 -4.524135e+00
      vertex -1.545085e+00  2.300000e+01 -4.755282e+00
    endloop
  endfacet
  facet normal  0.000000e+00  9.999999e-01  0.000000e+00
    outer loop
      vertex -1.472999e+01  2.300000e+01 -5.557827e+00
      vertex -1.545085e+00  2.300000e+01 -4.755282e+00
      vertex -9.369066e-01  2.300000e+01 -4.911436e+00
    endloop
  endfacet
  facet normal  0.000000e+00  1.000000e+00  0.000000e+00
    outer loop
      vertex -1.472999e+01  2.300000e+01 -5.557827e+00
      vertex -9.369066e-01  2.300000e+01 -4.911436e+00
      vertex -3.139526e-01  2.300000e+01 -4.990134e+00
    endloop
  endfacet
  facet normal  0.000000e+00  1.000000e+00  0.000000e+00
    outer loop
      vertex -8.150000e+01  2.300000e+01  1.300000e+01
      vertex -3.169859e+01  2.300000e+01  1.616098e+01
      vertex -3.282178e+01  2.300000e+01  1.600313e+01
    endloop
  endfacet
  facet normal  0.000000e+00  1.000000e+00  0.000000e+00
    outer loop
      vertex -8.150000e+01  2.300000e+01  1.300000e+01
      vertex -3.282178e+01  2.300000e+01  1.600313e+01
      vertex -3.393123e+01  2.300000e+01  1.576731e+01
    endloop
  endfacet
  facet normal  0.000000e+00  1.000000e+00  0.000000e+00
    outer loop
      vertex -8.150000e+01  2.300000e+01  1.300000e+01
      vertex -3.393123e+01  2.300000e+01  1.576731e+01
      vertex -3.502153e+01  2.300000e+01  1.545467e+01
    endloop
  endfacet
  facet normal  0.000000e+00  1.000000e+00  0.000000e+00
    outer loop
      vertex -8.150000e+01  2.300000e+01  1.300000e+01
      vertex -3.502153e+01  2.300000e+01  1.545467e+01
      vertex -3.608736e+01  2.300000e+01  1.506674e+01
    endloop
  endfacet
  facet normal  0.000000e+00  9.999999e-01  0.000000e+00
    outer loop
      vertex -8.150000e+01  2.300000e+01  1.300000e+01
      vertex -3.608736e+01  2.300000e+01  1.506674e+01
      vertex -3.712353e+01  2.300000e+01  1.460540e+01
    endloop
  endfacet
  facet normal  0.000000e+00  1.000000e+00  0.000000e+00
    outer loop
      vertex -8.150000e+01  2.300000e+01  1.300000e+01
      vertex -3.712353e+01  2.300000e+01  1.460540e+01
      vertex -3.812500e+01  2.300000e+01  1.407291e+01
    endloop
  endfacet
  facet normal  0.000000e+00  1.000000e+00  0.000000e+00
    outer loop
      vertex -8.150000e+01  2.300000e+01  1.300000e+01
      vertex -3.812500e+01  2.300000e+01  1.407291e+01
      vertex -3.908688e+01  2.300000e+01  1.347186e+01
    endloop
  endfacet
  facet normal  0.000000e+00  1.000000e+00  0.000000e+00
    outer loop
      vertex -5.082388e+01  2.300000e+01 -9.765554e+00
      vertex -4.527000e+01  2.300000e+01  5.557827e+00
      vertex -4.562050e+01  2.300000e+01  4.479107e+00
    endloop
  endfacet
  facet normal  0.000000e+00  1.000000e+00  0.000000e+00
    outer loop
      vertex -5.082388e+01  2.300000e+01 -9.765554e+00
      vertex -4.562050e+01  2.300000e+01  4.479107e+00
      vertex -4.589490e+01  2.300000e+01  3.378565e+00
    endloop
  endfacet
  facet normal  0.000000e+00  1.000000e+00  0.000000e+00
    outer loop
      vertex -5.082388e+01  2.300000e+01 -9.765554e+00
      vertex -4.589490e+01  2.300000e+01  3.378565e+00
      vertex -4.609186e+01  2.300000e+01  2.261563e+00
    endloop
  endfacet
  facet normal  0.000000e+00  9.999999e-01  0.000000e+00
    outer loop
      vertex -5.082388e+01  2.300000e+01 -9.765554e+00
      vertex -4.609186e+01  2.300000e+01  2.261563e+00
      vertex -4.621041e+01  2.300000e+01  1.133543e+00
    endloop
  endfacet
  facet normal  0.000000e+00  1.000000e+00  0.000000e+00
    outer loop
      vertex -5.082388e+01  2.300000e+01 -9.765554e+00
      vertex -4.621041e+01  2.300000e+01  1.133543e+00
      vertex -4.625000e+01  2.300000e+01  1.990051e-15
    endloop
  endfacet
  facet normal  0.000000e+00  9.999999e-01  0.000000e+00
    outer loop
      vertex -5.082388e+01  2.300000e+01 -9.765554e+00
      vertex -4.625000e+01  2.300000e+01  1.990051e-15
      vertex -4.621041e+01  2.300000e+01 -1.133543e+00
    endloop
  endfacet
  facet normal  0.000000e+00  1.000000e+00  0.000000e+00
    outer loop
      vertex -5.082388e+01  2.300000e+01 -9.765554e+00
      vertex -4.621041e+01  2.300000e+01 -1.133543e+00
      vertex -4.609186e+01  2.300000e+01 -2.261563e+00
    endloop
  endfacet
  facet normal  0.000000e+00  1.000000e+00  0.000000e+00
    outer loop
      vertex -5.082388e+01  2.300000e+01 -9.765554e+00
      vertex -4.609186e+01  2.300000e+01 -2.261563e+00
      vertex -4.589490e+01  2.300000e+01 -3.378565e+00
    endloop
  endfacet
  facet normal  0.000000e+00  1.000000e+00  0.000000e+00
    outer loop
      vertex -5.082388e+01  2.300000e+01 -9.765554e+00
      vertex -4.589490e+01  2.300000e+01 -3.378565e+00
      vertex -4.562050e+01  2.300000e+01 -4.479107e+00
    endloop
  endfacet
  facet normal  0.000000e+00  9.999999e-01  0.000000e+00
    outer loop
      vertex -5.082388e+01  2.300000e+01 -9.765554e+00
      vertex -4.562050e+01  2.300000e+01 -4.479107e+00
      vertex -4.527000e+01  2.300000e+01 -5.557827e+00
    endloop
  endfacet
  facet normal  0.000000e+00  9.999999e-01  0.000000e+00
    outer loop
      vertex -5.082388e+01  2.300000e+01 -9.765554e+00
      vertex -4.527000e+01  2.300000e+01 -5.557827e+00
      vertex -4.484511e+01  2.300000e+01 -6.609470e+00
    endloop
  endfacet
  facet normal  0.000000e+00  1.000000e+00  0.000000e+00
    outer loop
      vertex -5.082388e+01  2.300000e+01 -9.765554e+00
      vertex -4.484511e+01  2.300000e+01 -6.609470e+00
      vertex -4.434790e+01  2.300000e+01 -7.628913e+00
    endloop
  endfacet
  facet normal  0.000000e+00  1.000000e+00  0.000000e+00
    outer loop
      vertex -5.082388e+01  2.300000e+01 -9.765554e+00
      vertex -4.434790e+01  2.300000e+01 -7.628913e+00
      vertex -4.378078e+01  2.300000e+01 -8.611188e+00
    endloop
  endfacet
  facet normal  0.000000e+00  1.000000e+00  0.000000e+00
    outer loop
      vertex -5.082388e+01  2.300000e+01 -9.765554e+00
      vertex -4.378078e+01  2.300000e+01 -8.611188e+00
      vertex -4.314653e+01  2.300000e+01 -9.551511e+00
    endloop
  endfacet
  facet normal  0.000000e+00  1.000000e+00  0.000000e+00
    outer loop
      vertex -5.082388e+01  2.300000e+01 -9.765554e+00
      vertex -4.314653e+01  2.300000e+01 -9.551511e+00
      vertex -4.244822e+01  2.300000e+01 -1.044530e+01
    endloop
  endfacet
  facet normal  0.000000e+00  1.000000e+00  0.000000e+00
    outer loop
      vertex -5.082388e+01  2.300000e+01 -9.765554e+00
      vertex -4.244822e+01  2.300000e+01 -1.044530e+01
      vertex -5.023794e+01  2.300000e+01 -1.092821e+01
    endloop
  endfacet
  facet normal  -0.000000e+00  1.000000e+00  -0.000000e+00
    outer loop
      vertex -3.000000e+01  2.300000e+01 -2.300000e+01
      vertex -3.130144e+01  2.300000e+01 -2.296315e+01
      vertex -3.259870e+01  2.300000e+01 -2.285272e+01
    endloop
  endfacet
  facet normal  -0.000000e+00  1.000000e+00  -0.000000e+00
    outer loop
      vertex -3.000000e+01  2.300000e+01 -2.300000e+01
      vertex -3.259870e+01  2.300000e+01 -2.285272e+01
      vertex -3.388764e+01  2.300000e+01 -2.266906e+01
    endloop
  endfacet
  facet normal  -0.000000e+00  1.000000e+00  -0.000000e+00
    outer loop
      vertex -3.000000e+01  2.300000e+01 -2.300000e+01
      vertex -3.388764e+01  2.300000e+01 -2.266906e+01
      vertex -3.516412e+01  2.300000e+01 -2.241276e+01
    endloop
  endfacet
  facet normal  -0.000000e+00  1.000000e+00  -0.000000e+00
    outer loop
      vertex -3.000000e+01  2.300000e+01 -2.300000e+01
      vertex -3.516412e+01  2.300000e+01 -2.241276e+01
      vertex -3.642405e+01  2.300000e+01 -2.208464e+01
    endloop
  endfacet
  facet normal  -0.000000e+00  1.000000e+00  -0.000000e+00
    outer loop
      vertex -3.000000e+01  2.300000e+01 -2.300000e+01
      vertex -3.642405e+01  2.300000e+01 -2.208464e+01
      vertex -3.766340e+01  2.300000e+01 -2.168576e+01
    endloop
  endfacet
  facet normal  -0.000000e+00  1.000000e+00  -0.000000e+00
    outer loop
      vertex -3.000000e+01  2.300000e+01 -2.300000e+01
      vertex -3.766340e+01  2.300000e+01 -2.168576e+01
      vertex -3.887820e+01  2.300000e+01 -2.121739e+01
    endloop
  endfacet
  facet normal  -0.000000e+00  1.000000e+00  -0.000000e+00
    outer loop
      vertex -3.000000e+01  2.300000e+01 -2.300000e+01
      vertex -3.887820e+01  2.300000e+01 -2.121739e+01
      vertex -4.006454e+01  2.300000e+01 -2.068103e+01
    endloop
  endfacet
  facet normal  -0.000000e+00  9.999999e-01  -0.000000e+00
    outer loop
      vertex -3.000000e+01  2.300000e+01 -2.300000e+01
      vertex -4.006454e+01  2.300000e+01 -2.068103e+01
      vertex -4.121864e+01  2.300000e+01 -2.007840e+01
    endloop
  endfacet
  facet normal  -0.000000e+00  1.000000e+00  -0.000000e+00
    outer loop
      vertex -3.000000e+01  2.300000e+01 -2.300000e+01
      vertex -4.121864e+01  2.300000e+01 -2.007840e+01
      vertex -4.233678e+01  2.300000e+01 -1.941144e+01
    endloop
  endfacet
  facet normal  -0.000000e+00  1.000000e+00  -0.000000e+00
    outer loop
      vertex -3.000000e+01  2.300000e+01 -2.300000e+01
      vertex -4.233678e+01  2.300000e+01 -1.941144e+01
      vertex -4.341539e+01  2.300000e+01 -1.868227e+01
    endloop
  endfacet
  facet normal  -0.000000e+00  9.999999e-01  -0.000000e+00
    outer loop
      vertex -3.000000e+01  2.300000e+01 -2.300000e+01
      vertex -4.341539e+01  2.300000e+01 -1.868227e+01
      vertex -4.445102e+01  2.300000e+01 -1.789324e+01
    endloop
  endfacet
  facet normal  -0.000000e+00  1.000000e+00  -0.000000e+00
    outer loop
      vertex -3.000000e+01  2.300000e+01 -2.300000e+01
      vertex -4.445102e+01  2.300000e+01 -1.789324e+01
      vertex -4.544034e+01  2.300000e+01 -1.704687e+01
    endloop
  endfacet
  facet normal  -0.000000e+00  1.000000e+00  0.000000e+00
    outer loop
      vertex -3.000000e+01  2.300000e+01 -2.300000e+01
      vertex -4.544034e+01  2.300000e+01 -1.704687e+01
      vertex -3.056712e+01  2.300000e+01 -1.624010e+01
    endloop
  endfacet
  facet normal  -0.000000e+00  1.000000e+00  0.000000e+00
    outer loop
      vertex -3.000000e+01  2.300000e+01 -2.300000e+01
      vertex -3.056712e+01  2.300000e+01 -1.624010e+01
      vertex -2.943288e+01  2.300000e+01 -1.624010e+01
    endloop
  endfacet
  facet normal  0.000000e+00  1.000000e+00  0.000000e+00
    outer loop
      vertex  8.750000e+01  2.300000e+01 -2.300000e+01
      vertex  6.790000e+01  2.300000e+01 -2.300000e+01
      vertex  8.750000e+01  2.300000e+01 -1.300000e+01
    endloop
  endfacet
  facet normal  0.000000e+00  1.000000e+00  0.000000e+00
    outer loop
      vertex  8.750000e+01  2.300000e+01 -1.300000e+01
      vertex  6.790000e+01  2.300000e+01 -2.300000e+01
      vertex  6.790000e+01  2.300000e+01 -2.100000e+01
    endloop
  endfacet
  facet normal  -0.000000e+00  1.000000e+00  0.000000e+00
    outer loop
      vertex  1.390585e+01  2.300000e+01  2.245182e+00
      vertex  4.045085e+00  2.300000e+01  2.938926e+00
      vertex  1.410167e+01  2.300000e+01  3.362384e+00
    endloop
  endfacet
  facet normal  0.000000e+00  1.000000e+00  0.000000e+00
    outer loop
      vertex  1.410167e+01  2.300000e+01  3.362384e+00
      vertex  4.045085e+00  2.300000e+01  2.938926e+00
      vertex  3.644843e+00  2.300000e+01  3.422735e+00
    endloop
  endfacet
  facet normal  -0.000000e+00  1.000000e+00  -0.000000e+00
    outer loop
      vertex  1.410167e+01  2.300000e+01  3.362384e+00
      vertex  3.644843e+00  2.300000e+01  3.422735e+00
      vertex  3.187120e+00  2.300000e+01  3.852566e+00
    endloop
  endfacet
  facet normal  -0.000000e+00  9.999999e-01  0.000000e+00
    outer loop
      vertex  1.378844e+01  2.300000e+01  1.117042e+00
      vertex  4.648882e+00  2.300000e+01  1.840623e+00
      vertex  1.390585e+01  2.300000e+01  2.245182e+00
    endloop
  endfacet
  facet normal  0.000000e+00  1.000000e+00  0.000000e+00
    outer loop
      vertex  1.390585e+01  2.300000e+01  2.245182e+00
      vertex  4.648882e+00  2.300000e+01  1.840623e+00
      vertex  4.381534e+00  2.300000e+01  2.408768e+00
    endloop
  endfacet
  facet normal  -0.000000e+00  1.000000e+00  -0.000000e+00
    outer loop
      vertex  1.390585e+01  2.300000e+01  2.245182e+00
      vertex  4.381534e+00  2.300000e+01  2.408768e+00
      vertex  4.045085e+00  2.300000e+01  2.938926e+00
    endloop
  endfacet
  facet normal  -0.000000e+00  1.000000e+00  0.000000e+00
    outer loop
      vertex  1.375001e+01  2.300000e+01 -1.654050e-02
      vertex  4.960574e+00  2.300000e+01  6.266662e-01
      vertex  1.378844e+01  2.300000e+01  1.117042e+00
    endloop
  endfacet
  facet normal  0.000000e+00  1.000000e+00  0.000000e+00
    outer loop
      vertex  1.378844e+01  2.300000e+01  1.117042e+00
      vertex  4.960574e+00  2.300000e+01  6.266662e-01
      vertex  4.842916e+00  2.300000e+01  1.243449e+00
    endloop
  endfacet
  facet normal  -0.000000e+00  9.999999e-01  -0.000000e+00
    outer loop
      vertex  1.378844e+01  2.300000e+01  1.117042e+00
      vertex  4.842916e+00  2.300000e+01  1.243449e+00
      vertex  4.648882e+00  2.300000e+01  1.840623e+00
    endloop
  endfacet
  facet normal  0.000000e+00  1.000000e+00  0.000000e+00
    outer loop
      vertex  5.000000e+00  2.300000e+01 -6.661338e-16
      vertex  1.375001e+01  2.300000e+01 -1.654050e-02
      vertex  4.960574e+00  2.300000e+01 -6.266662e-01
    endloop
  endfacet
  facet normal  -0.000000e+00  1.000000e+00  0.000000e+00
    outer loop
      vertex  4.960574e+00  2.300000e+01 -6.266662e-01
      vertex  1.375001e+01  2.300000e+01 -1.654050e-02
      vertex  1.379075e+01  2.300000e+01 -1.150042e+00
    endloop
  endfacet
  facet normal  0.000000e+00  9.999999e-01  0.000000e+00
    outer loop
      vertex  4.960574e+00  2.300000e+01 -6.266662e-01
      vertex  1.379075e+01  2.300000e+01 -1.150042e+00
      vertex  4.842916e+00  2.300000e+01 -1.243449e+00
    endloop
  endfacet
  facet normal  0.000000e+00  1.000000e+00  0.000000e+00
    outer loop
      vertex  4.842916e+00  2.300000e+01 -1.243449e+00
      vertex  1.379075e+01  2.300000e+01 -1.150042e+00
      vertex  4.648882e+00  2.300000e+01 -1.840623e+00
    endloop
  endfacet
  facet normal  -0.000000e+00  1.000000e+00  0.000000e+00
    outer loop
      vertex  4.648882e+00  2.300000e+01 -1.840623e+00
      vertex  1.379075e+01  2.300000e+01 -1.150042e+00
      vertex  1.391045e+01  2.300000e+01 -2.277941e+00
    endloop
  endfacet
  facet normal  0.000000e+00  1.000000e+00  0.000000e+00
    outer loop
      vertex  4.648882e+00  2.300000e+01 -1.840623e+00
      vertex  1.391045e+01  2.300000e+01 -2.277941e+00
      vertex  4.381534e+00  2.300000e+01 -2.408768e+00
    endloop
  endfacet
  facet normal  0.000000e+00  1.000000e+00  0.000000e+00
    outer loop
      vertex  4.381534e+00  2.300000e+01 -2.408768e+00
      vertex  1.391045e+01  2.300000e+01 -2.277941e+00
      vertex  4.045085e+00  2.300000e+01 -2.938926e+00
    endloop
  endfacet
  facet normal  -0.000000e+00  1.000000e+00  0.000000e+00
    outer loop
      vertex  4.045085e+00  2.300000e+01 -2.938926e+00
      vertex  1.391045e+01  2.300000e+01 -2.277941e+00
      vertex  1.410855e+01  2.300000e+01 -3.394742e+00
    endloop
  endfacet
  facet normal  0.000000e+00  1.000000e+00  0.000000e+00
    outer loop
      vertex  4.045085e+00  2.300000e+01 -2.938926e+00
      vertex  1.410855e+01  2.300000e+01 -3.394742e+00
      vertex  3.644843e+00  2.300000e+01 -3.422735e+00
    endloop
  endfacet
  facet normal  0.000000e+00  1.000000e+00  0.000000e+00
    outer loop
      vertex -4.045085e+00  2.300000e+01  2.938926e+00
      vertex -1.390814e+01  2.300000e+01  2.261563e+00
      vertex -3.644843e+00  2.300000e+01  3.422735e+00
    endloop
  endfacet
  facet normal  0.000000e+00  1.000000e+00  0.000000e+00
    outer loop
      vertex -3.644843e+00  2.300000e+01  3.422735e+00
      vertex -1.390814e+01  2.300000e+01  2.261563e+00
      vertex -1.410510e+01  2.300000e+01  3.378565e+00
    endloop
  endfacet
  facet normal  0.000000e+00  1.000000e+00  0.000000e+00
    outer loop
      vertex -3.644843e+00  2.300000e+01  3.422735e+00
      vertex -1.410510e+01  2.300000e+01  3.378565e+00
      vertex -3.187120e+00  2.300000e+01  3.852566e+00
    endloop
  endfacet
  facet normal  0.000000e+00  1.000000e+00  0.000000e+00
    outer loop
      vertex -4.648882e+00  2.300000e+01  1.840623e+00
      vertex -1.378958e+01  2.300000e+01  1.133543e+00
      vertex -4.381534e+00  2.300000e+01  2.408768e+00
    endloop
  endfacet
  facet normal  0.000000e+00  9.999999e-01  0.000000e+00
    outer loop
      vertex -4.381534e+00  2.300000e+01  2.408768e+00
      vertex -1.378958e+01  2.300000e+01  1.133543e+00
      vertex -1.390814e+01  2.300000e+01  2.261563e+00
    endloop
  endfacet
  facet normal  0.000000e+00  1.000000e+00  0.000000e+00
    outer loop
      vertex -4.381534e+00  2.300000e+01  2.408768e+00
      vertex -1.390814e+01  2.300000e+01  2.261563e+00
      vertex -4.045085e+00  2.300000e+01  2.938926e+00
    endloop
  endfacet
  facet normal  0.000000e+00  1.000000e+00  0.000000e+00
    outer loop
      vertex -4.960574e+00  2.300000e+01  6.266662e-01
      vertex -1.375000e+01  2.300000e+01  0.000000e+00
      vertex -4.842916e+00  2.300000e+01  1.243449e+00
    endloop
  endfacet
  facet normal  0.000000e+00  1.000000e+00  0.000000e+00
    outer loop
      vertex -4.842916e+00  2.300000e+01  1.243449e+00
      vertex -1.375000e+01  2.300000e+01  0.000000e+00
      vertex -1.378958e+01  2.300000e+01  1.133543e+00
    endloop
  endfacet
  facet normal  0.000000e+00  1.000000e+00  0.000000e+00
    outer loop
      vertex -4.842916e+00  2.300000e+01  1.243449e+00
      vertex -1.378958e+01  2.300000e+01  1.133543e+00
      vertex -4.648882e+00  2.300000e+01  1.840623e+00
    endloop
  endfacet
  facet normal  0.000000e+00  1.000000e+00  0.000000e+00
    outer loop
      vertex -4.960574e+00  2.300000e+01 -6.266662e-01
      vertex -1.378958e+01  2.300000e+01 -1.133543e+00
      vertex -5.000000e+00  2.300000e+01 -1.278457e-15
    endloop
  endfacet
  facet normal  0.000000e+00  1.000000e+00  0.000000e+00
    outer loop
      vertex -5.000000e+00  2.300000e+01 -1.278457e-15
      vertex -1.378958e+01  2.300000e+01 -1.133543e+00
      vertex -1.375000e+01  2.300000e+01  0.000000e+00
    endloop
  endfacet
  facet normal  -0.000000e+00  1.000000e+00  0.000000e+00
    outer loop
      vertex -5.000000e+00  2.300000e+01 -1.278457e-15
      vertex -1.375000e+01  2.300000e+01  0.000000e+00
      vertex -4.960574e+00  2.300000e+01  6.266662e-01
    endloop
  endfacet
  facet normal  0.000000e+00  1.000000e+00  0.000000e+00
    outer loop
      vertex -4.648882e+00  2.300000e+01 -1.840623e+00
      vertex -1.390814e+01  2.300000e+01 -2.261563e+00
      vertex -4.842916e+00  2.300000e+01 -1.243449e+00
    endloop
  endfacet
  facet normal  0.000000e+00  1.000000e+00  0.000000e+00
    outer loop
      vertex -4.842916e+00  2.300000e+01 -1.243449e+00
      vertex -1.390814e+01  2.300000e+01 -2.261563e+00
      vertex -1.378958e+01  2.300000e+01 -1.133543e+00
    endloop
  endfacet
  facet normal  -0.000000e+00  1.000000e+00  0.000000e+00
    outer loop
      vertex -4.842916e+00  2.300000e+01 -1.243449e+00
      vertex -1.378958e+01  2.300000e+01 -1.133543e+00
      vertex -4.960574e+00  2.300000e+01 -6.266662e-01
    endloop
  endfacet
  facet normal  0.000000e+00  1.000000e+00  0.000000e+00
    outer loop
      vertex -4.045085e+00  2.300000e+01 -2.938926e+00
      vertex -1.410510e+01  2.300000e+01 -3.378565e+00
      vertex -4.381534e+00  2.300000e+01 -2.408768e+00
    endloop
  endfacet
  facet normal  0.000000e+00  1.000000e+00  0.000000e+00
    outer loop
      vertex -4.381534e+00  2.300000e+01 -2.408768e+00
      vertex -1.410510e+01  2.300000e+01 -3.378565e+00
      vertex -1.390814e+01  2.300000e+01 -2.261563e+00
    endloop
  endfacet
  facet normal  -0.000000e+00  1.000000e+00  0.000000e+00
    outer loop
      vertex -4.381534e+00  2.300000e+01 -2.408768e+00
      vertex -1.390814e+01  2.300000e+01 -2.261563e+00
      vertex -4.648882e+00  2.300000e+01 -1.840623e+00
    endloop
  endfacet
  facet normal  0.000000e+00  1.000000e+00  0.000000e+00
    outer loop
      vertex -1.410510e+01  2.300000e+01 -3.378565e+00
      vertex -3.644843e+00  2.300000e+01 -3.422735e+00
      vertex -1.437950e+01  2.300000e+01 -4.479107e+00
    endloop
  endfacet
  facet normal  0.000000e+00  1.000000e+00  0.000000e+00
    outer loop
      vertex -1.437950e+01  2.300000e+01 -4.479107e+00
      vertex -3.644843e+00  2.300000e+01 -3.422735e+00
      vertex -3.187120e+00  2.300000e+01 -3.852566e+00
    endloop
  endfacet
  facet normal  0.000000e+00  1.000000e+00  0.000000e+00
    outer loop
      vertex -1.437950e+01  2.300000e+01 -4.479107e+00
      vertex -3.187120e+00  2.300000e+01 -3.852566e+00
      vertex -2.679134e+00  2.300000e+01 -4.221640e+00
    endloop
  endfacet
  facet normal  0.000000e+00  1.000000e+00  0.000000e+00
    outer loop
      vertex -6.150000e+01  2.300000e+01  3.100000e+01
      vertex -5.525167e+01  2.300000e+01  3.100000e+01
      vertex -6.150000e+01  2.300000e+01  2.300000e+01
    endloop
  endfacet
  facet normal  0.000000e+00  1.000000e+00  0.000000e+00
    outer loop
      vertex -6.150000e+01  2.300000e+01  2.300000e+01
      vertex -5.525167e+01  2.300000e+01  3.100000e+01
      vertex -5.150000e+01  2.300000e+01  2.300000e+01
    endloop
  endfacet
  facet normal  0.000000e+00  1.000000e+00  0.000000e+00
    outer loop
      vertex -6.150000e+01  2.300000e+01  2.300000e+01
      vertex -5.150000e+01  2.300000e+01  2.300000e+01
      vertex -8.150000e+01  2.300000e+01  1.300000e+01
    endloop
  endfacet
  facet normal  0.000000e+00  1.000000e+00  0.000000e+00
    outer loop
      vertex -5.023794e+01  2.300000e+01 -1.092821e+01
      vertex -4.168927e+01  2.300000e+01 -1.128820e+01
      vertex -4.958715e+01  2.300000e+01 -1.205585e+01
    endloop
  endfacet
  facet normal  -0.000000e+00  1.000000e+00  0.000000e+00
    outer loop
      vertex -4.958715e+01  2.300000e+01 -1.205585e+01
      vertex -4.168927e+01  2.300000e+01 -1.128820e+01
      vertex -4.087337e+01  2.300000e+01 -1.207610e+01
    endloop
  endfacet
  facet normal  0.000000e+00  1.000000e+00  0.000000e+00
    outer loop
      vertex -4.958715e+01  2.300000e+01 -1.205585e+01
      vertex -4.087337e+01  2.300000e+01 -1.207610e+01
      vertex -4.887360e+01  2.300000e+01 -1.314486e+01
    endloop
  endfacet
  facet normal  0.000000e+00  9.999999e-01  0.000000e+00
    outer loop
      vertex -4.887360e+01  2.300000e+01 -1.314486e+01
      vertex -4.087337e+01  2.300000e+01 -1.207610e+01
      vertex -4.000450e+01  2.300000e+01 -1.280517e+01
    endloop
  endfacet
  facet normal  0.000000e+00  9.999999e-01  0.000000e+00
    outer loop
      vertex -4.887360e+01  2.300000e+01 -1.314486e+01
      vertex -4.000450e+01  2.300000e+01 -1.280517e+01
      vertex -3.908688e+01  2.300000e+01 -1.347186e+01
    endloop
  endfacet
  facet normal  0.000000e+00  1.000000e+00  0.000000e+00
    outer loop
      vertex -4.887360e+01  2.300000e+01 -1.314486e+01
      vertex -3.908688e+01  2.300000e+01 -1.347186e+01
      vertex -4.809957e+01  2.300000e+01 -1.419174e+01
    endloop
  endfacet
  facet normal  0.000000e+00  1.000000e+00  0.000000e+00
    outer loop
      vertex -4.809957e+01  2.300000e+01 -1.419174e+01
      vertex -3.908688e+01  2.300000e+01 -1.347186e+01
      vertex -3.812500e+01  2.300000e+01 -1.407291e+01
    endloop
  endfacet
  facet normal  0.000000e+00  1.000000e+00  0.000000e+00
    outer loop
      vertex -4.809957e+01  2.300000e+01 -1.419174e+01
      vertex -3.812500e+01  2.300000e+01 -1.407291e+01
      vertex -4.726754e+01  2.300000e+01 -1.519315e+01
    endloop
  endfacet
  facet normal  0.000000e+00  1.000000e+00  0.000000e+00
    outer loop
      vertex -4.726754e+01  2.300000e+01 -1.519315e+01
      vertex -3.812500e+01  2.300000e+01 -1.407291e+01
      vertex -3.712353e+01  2.300000e+01 -1.460540e+01
    endloop
  endfacet
  facet normal  0.000000e+00  1.000000e+00  0.000000e+00
    outer loop
      vertex -4.726754e+01  2.300000e+01 -1.519315e+01
      vertex -3.712353e+01  2.300000e+01 -1.460540e+01
      vertex -3.608736e+01  2.300000e+01 -1.506674e+01
    endloop
  endfacet
  facet normal  0.000000e+00  1.000000e+00  0.000000e+00
    outer loop
      vertex -4.726754e+01  2.300000e+01 -1.519315e+01
      vertex -3.608736e+01  2.300000e+01 -1.506674e+01
      vertex -4.638019e+01  2.300000e+01 -1.614588e+01
    endloop
  endfacet
  facet normal  0.000000e+00  1.000000e+00  0.000000e+00
    outer loop
      vertex -4.638019e+01  2.300000e+01 -1.614588e+01
      vertex -3.608736e+01  2.300000e+01 -1.506674e+01
      vertex -3.502153e+01  2.300000e+01 -1.545467e+01
    endloop
  endfacet
  facet normal  0.000000e+00  1.000000e+00  0.000000e+00
    outer loop
      vertex -4.638019e+01  2.300000e+01 -1.614588e+01
      vertex -3.502153e+01  2.300000e+01 -1.545467e+01
      vertex -3.393123e+01  2.300000e+01 -1.576731e+01
    endloop
  endfacet
  facet normal  0.000000e+00  1.000000e+00  0.000000e+00
    outer loop
      vertex -3.056712e+01  2.300000e+01 -1.624010e+01
      vertex -4.544034e+01  2.300000e+01 -1.704687e+01
      vertex -3.169859e+01  2.300000e+01 -1.616098e+01
    endloop
  endfacet
  facet normal  0.000000e+00  1.000000e+00  0.000000e+00
    outer loop
      vertex -3.169859e+01  2.300000e+01 -1.616098e+01
      vertex -4.544034e+01  2.300000e+01 -1.704687e+01
      vertex -4.638019e+01  2.300000e+01 -1.614588e+01
    endloop
  endfacet
  facet normal  -0.000000e+00  1.000000e+00  0.000000e+00
    outer loop
      vertex -3.169859e+01  2.300000e+01 -1.616098e+01
      vertex -4.638019e+01  2.300000e+01 -1.614588e+01
      vertex -3.282178e+01  2.300000e+01 -1.600313e+01
    endloop
  endfacet
  facet normal  0.000000e+00  0.000000e+00 -9.999999e-01
    outer loop
      vertex  6.840000e+01 -1.300000e+01 -2.300000e+01
      vertex  5.040000e+01  7.701550e+00 -2.300000e+01
      vertex  5.127156e+01  7.739604e+00 -2.300000e+01
    endloop
  endfacet
  facet normal  0.000000e+00  0.000000e+00 -9.999999e-01
    outer loop
      vertex  6.840000e+01 -1.300000e+01 -2.300000e+01
      vertex  5.127156e+01  7.739604e+00 -2.300000e+01
      vertex  5.213648e+01  7.853473e+00 -2.300000e+01
    endloop
  endfacet
  facet normal  0.000000e+00  0.000000e+00 -9.999999e-01
    outer loop
      vertex  6.840000e+01 -1.300000e+01 -2.300000e+01
      vertex  5.213648e+01  7.853473e+00 -2.300000e+01
      vertex  5.298819e+01  8.042293e+00 -2.300000e+01
    endloop
  endfacet
  facet normal  0.000000e+00  0.000000e+00 -1.000000e+00
    outer loop
      vertex  6.840000e+01 -1.300000e+01 -2.300000e+01
      vertex  5.298819e+01  8.042293e+00 -2.300000e+01
      vertex  5.382020e+01  8.304625e+00 -2.300000e+01
    endloop
  endfacet
  facet normal  0.000000e+00  0.000000e+00 -1.000000e+00
    outer loop
      vertex  6.840000e+01 -1.300000e+01 -2.300000e+01
      vertex  5.382020e+01  8.304625e+00 -2.300000e+01
      vertex  5.462618e+01  8.638473e+00 -2.300000e+01
    endloop
  endfacet
  facet normal  0.000000e+00  0.000000e+00 -1.000000e+00
    outer loop
      vertex  6.840000e+01 -1.300000e+01 -2.300000e+01
      vertex  5.462618e+01  8.638473e+00 -2.300000e+01
      vertex  5.540000e+01  9.041296e+00 -2.300000e+01
    endloop
  endfacet
  facet normal  0.000000e+00  0.000000e+00 -1.000000e+00
    outer loop
      vertex  6.840000e+01 -1.300000e+01 -2.300000e+01
      vertex  5.540000e+01  9.041296e+00 -2.300000e+01
      vertex  5.613577e+01  9.510030e+00 -2.300000e+01
    endloop
  endfacet
  facet normal  0.000000e+00  0.000000e+00 -1.000000e+00
    outer loop
      vertex  6.840000e+01 -1.300000e+01 -2.300000e+01
      vertex  5.613577e+01  9.510030e+00 -2.300000e+01
      vertex  5.682788e+01  1.004111e+01 -2.300000e+01
    endloop
  endfacet
  facet normal  0.000000e+00  0.000000e+00 -9.999999e-01
    outer loop
      vertex  6.840000e+01 -1.300000e+01 -2.300000e+01
      vertex  5.682788e+01  1.004111e+01 -2.300000e+01
      vertex  5.747107e+01  1.063048e+01 -2.300000e+01
    endloop
  endfacet
  facet normal  0.000000e+00  0.000000e+00 -1.000000e+00
    outer loop
      vertex  6.840000e+01 -1.300000e+01 -2.300000e+01
      vertex  5.747107e+01  1.063048e+01 -2.300000e+01
      vertex  5.806044e+01  1.127367e+01 -2.300000e+01
    endloop
  endfacet
  facet normal  0.000000e+00  0.000000e+00 -1.000000e+00
    outer loop
      vertex  6.840000e+01 -1.300000e+01 -2.300000e+01
      vertex  5.806044e+01  1.127367e+01 -2.300000e+01
      vertex  6.790000e+01  2.300000e+01 -2.300000e+01
    endloop
  endfacet
  facet normal  0.000000e+00  0.000000e+00 -1.000000e+00
    outer loop
      vertex  6.840000e+01 -1.300000e+01 -2.300000e+01
      vertex  6.790000e+01  2.300000e+01 -2.300000e+01
      vertex  6.840000e+01  1.300000e+01 -2.300000e+01
    endloop
  endfacet
  facet normal  0.000000e+00  0.000000e+00 -1.000000e+00
    outer loop
      vertex  6.840000e+01 -1.300000e+01 -2.300000e+01
      vertex  6.840000e+01  1.300000e+01 -2.300000e+01
      vertex  6.843719e+01  1.238526e+01 -2.300000e+01
    endloop
  endfacet
  facet normal  0.000000e+00  -0.000000e+00 -1.000000e+00
    outer loop
      vertex  6.840000e+01 -1.300000e+01 -2.300000e+01
      vertex  6.843719e+01  1.238526e+01 -2.300000e+01
      vertex  6.843719e+01 -1.238526e+01 -2.300000e+01
    endloop
  endfacet
  facet normal  0.000000e+00  0.000000e+00 -1.000000e+00
    outer loop
      vertex  8.750000e+01 -2.300000e+01 -2.300000e+01
      vertex  3.000000e+01 -2.300000e+01 -2.300000e+01
      vertex  7.411474e+01 -1.806281e+01 -2.300000e+01
    endloop
  endfacet
  facet normal  0.000000e+00  0.000000e+00 -1.000000e+00
    outer loop
      vertex  8.750000e+01 -2.300000e+01 -2.300000e+01
      vertex  7.411474e+01 -1.806281e+01 -2.300000e+01
      vertex  7.472051e+01 -1.795180e+01 -2.300000e+01
    endloop
  endfacet
  facet normal  0.000000e+00  0.000000e+00 -1.000000e+00
    outer loop
      vertex  8.750000e+01 -2.300000e+01 -2.300000e+01
      vertex  7.472051e+01 -1.795180e+01 -2.300000e+01
      vertex  7.530849e+01 -1.776858e+01 -2.300000e+01
    endloop
  endfacet
  facet normal  0.000000e+00  0.000000e+00 -1.000000e+00
    outer loop
      vertex  8.750000e+01 -2.300000e+01 -2.300000e+01
      vertex  7.530849e+01 -1.776858e+01 -2.300000e+01
      vertex  7.587009e+01 -1.751583e+01 -2.300000e+01
    endloop
  endfacet
  facet normal  0.000000e+00  0.000000e+00 -9.999999e-01
    outer loop
      vertex  8.750000e+01 -2.300000e+01 -2.300000e+01
      vertex  7.587009e+01 -1.751583e+01 -2.300000e+01
      vertex  7.639713e+01 -1.719722e+01 -2.300000e+01
    endloop
  endfacet
  facet normal  0.000000e+00  0.000000e+00 -9.999999e-01
    outer loop
      vertex  8.750000e+01 -2.300000e+01 -2.300000e+01
      vertex  7.639713e+01 -1.719722e+01 -2.300000e+01
      vertex  7.688193e+01 -1.681741e+01 -2.300000e+01
    endloop
  endfacet
  facet normal  0.000000e+00  0.000000e+00 -1.000000e+00
    outer loop
      vertex  8.750000e+01 -2.300000e+01 -2.300000e+01
      vertex  7.688193e+01 -1.681741e+01 -2.300000e+01
      vertex  7.731741e+01 -1.638193e+01 -2.300000e+01
    endloop
  endfacet
  facet normal  0.000000e+00  0.000000e+00 -1.000000e+00
    outer loop
      vertex  8.750000e+01 -2.300000e+01 -2.300000e+01
      vertex  7.731741e+01 -1.638193e+01 -2.300000e+01
      vertex  7.769722e+01 -1.589713e+01 -2.300000e+01
    endloop
  endfacet
  facet normal  0.000000e+00  0.000000e+00 -1.000000e+00
    outer loop
      vertex  8.750000e+01 -2.300000e+01 -2.300000e+01
      vertex  7.769722e+01 -1.589713e+01 -2.300000e+01
      vertex  7.801582e+01 -1.537009e+01 -2.300000e+01
    endloop
  endfacet
  facet normal  0.000000e+00  0.000000e+00 -1.000000e+00
    outer loop
      vertex  8.750000e+01 -2.300000e+01 -2.300000e+01
      vertex  7.801582e+01 -1.537009e+01 -2.300000e+01
      vertex  7.826859e+01 -1.480849e+01 -2.300000e+01
    endloop
  endfacet
  facet normal  0.000000e+00  0.000000e+00 -1.000000e+00
    outer loop
      vertex  8.750000e+01 -2.300000e+01 -2.300000e+01
      vertex  7.826859e+01 -1.480849e+01 -2.300000e+01
      vertex  7.845181e+01 -1.422051e+01 -2.300000e+01
    endloop
  endfacet
  facet normal  0.000000e+00  0.000000e+00 -9.999999e-01
    outer loop
      vertex  8.750000e+01 -2.300000e+01 -2.300000e+01
      vertex  7.845181e+01 -1.422051e+01 -2.300000e+01
      vertex  7.856281e+01 -1.361474e+01 -2.300000e+01
    endloop
  endfacet
  facet normal  0.000000e+00  0.000000e+00 -1.000000e+00
    outer loop
      vertex  8.750000e+01 -2.300000e+01 -2.300000e+01
      vertex  7.856281e+01 -1.361474e+01 -2.300000e+01
      vertex  7.860000e+01 -1.300000e+01 -2.300000e+01
    endloop
  endfacet
  facet normal  0.000000e+00  0.000000e+00 -9.999999e-01
    outer loop
      vertex  8.750000e+01 -2.300000e+01 -2.300000e+01
      vertex  7.860000e+01 -1.300000e+01 -2.300000e+01
      vertex  7.860000e+01  1.300000e+01 -2.300000e+01
    endloop
  endfacet
  facet normal  0.000000e+00  0.000000e+00 -1.000000e+00
    outer loop
      vertex  8.750000e+01 -2.300000e+01 -2.300000e+01
      vertex  7.860000e+01  1.300000e+01 -2.300000e+01
      vertex  7.856281e+01  1.361474e+01 -2.300000e+01
    endloop
  endfacet
  facet normal  0.000000e+00  0.000000e+00 -1.000000e+00
    outer loop
      vertex  8.750000e+01 -2.300000e+01 -2.300000e+01
      vertex  7.856281e+01  1.361474e+01 -2.300000e+01
      vertex  7.845181e+01  1.422051e+01 -2.300000e+01
    endloop
  endfacet
  facet normal  0.000000e+00  0.000000e+00 -9.999999e-01
    outer loop
      vertex  8.750000e+01  2.300000e+01 -2.300000e+01
      vertex  8.750000e+01 -2.300000e+01 -2.300000e+01
      vertex  7.845181e+01  1.422051e+01 -2.300000e+01
    endloop
  endfacet
  facet normal  0.000000e+00  0.000000e+00 -1.000000e+00
    outer loop
      vertex  8.750000e+01  2.300000e+01 -2.300000e+01
      vertex  7.845181e+01  1.422051e+01 -2.300000e+01
      vertex  7.826859e+01  1.480849e+01 -2.300000e+01
    endloop
  endfacet
  facet normal  0.000000e+00  0.000000e+00 -1.000000e+00
    outer loop
      vertex  8.750000e+01  2.300000e+01 -2.300000e+01
      vertex  7.826859e+01  1.480849e+01 -2.300000e+01
      vertex  7.801582e+01  1.537009e+01 -2.300000e+01
    endloop
  endfacet
  facet normal  0.000000e+00  0.000000e+00 -1.000000e+00
    outer loop
      vertex  8.750000e+01  2.300000e+01 -2.300000e+01
      vertex  7.801582e+01  1.537009e+01 -2.300000e+01
      vertex  7.769722e+01  1.589713e+01 -2.300000e+01
    endloop
  endfacet
  facet normal  0.000000e+00  0.000000e+00 -1.000000e+00
    outer loop
      vertex  8.750000e+01  2.300000e+01 -2.300000e+01
      vertex  7.769722e+01  1.589713e+01 -2.300000e+01
      vertex  7.731741e+01  1.638193e+01 -2.300000e+01
    endloop
  endfacet
  facet normal  0.000000e+00  0.000000e+00 -1.000000e+00
    outer loop
      vertex  8.750000e+01  2.300000e+01 -2.300000e+01
      vertex  7.731741e+01  1.638193e+01 -2.300000e+01
      vertex  7.688193e+01  1.681741e+01 -2.300000e+01
    endloop
  endfacet
  facet normal  0.000000e+00  0.000000e+00 -1.000000e+00
    outer loop
      vertex  8.750000e+01  2.300000e+01 -2.300000e+01
      vertex  7.688193e+01  1.681741e+01 -2.300000e+01
      vertex  7.639713e+01  1.719722e+01 -2.300000e+01
    endloop
  endfacet
  facet normal  0.000000e+00  0.000000e+00 -1.000000e+00
    outer loop
      vertex  8.750000e+01  2.300000e+01 -2.300000e+01
      vertex  7.639713e+01  1.719722e+01 -2.300000e+01
      vertex  6.790000e+01  2.300000e+01 -2.300000e+01
    endloop
  endfacet
  facet normal  0.000000e+00  0.000000e+00 -1.000000e+00
    outer loop
      vertex  3.000000e+01 -2.300000e+01 -2.300000e+01
      vertex  3.000000e+01  2.300000e+01 -2.300000e+01
      vertex  3.290000e+01  2.300000e+01 -2.300000e+01
    endloop
  endfacet
  facet normal  0.000000e+00  -0.000000e+00 -9.999999e-01
    outer loop
      vertex  3.000000e+01 -2.300000e+01 -2.300000e+01
      vertex  3.290000e+01  2.300000e+01 -2.300000e+01
      vertex  4.273956e+01  1.127367e+01 -2.300000e+01
    endloop
  endfacet
  facet normal  0.000000e+00  -0.000000e+00 -1.000000e+00
    outer loop
      vertex  3.000000e+01 -2.300000e+01 -2.300000e+01
      vertex  4.273956e+01  1.127367e+01 -2.300000e+01
      vertex  4.332893e+01  1.063048e+01 -2.300000e+01
    endloop
  endfacet
  facet normal  0.000000e+00  -0.000000e+00 -1.000000e+00
    outer loop
      vertex  3.000000e+01 -2.300000e+01 -2.300000e+01
      vertex  4.332893e+01  1.063048e+01 -2.300000e+01
      vertex  4.397212e+01  1.004111e+01 -2.300000e+01
    endloop
  endfacet
  facet normal  0.000000e+00  -0.000000e+00 -1.000000e+00
    outer loop
      vertex  3.000000e+01 -2.300000e+01 -2.300000e+01
      vertex  4.397212e+01  1.004111e+01 -2.300000e+01
      vertex  4.466423e+01  9.510030e+00 -2.300000e+01
    endloop
  endfacet
  facet normal  0.000000e+00  -0.000000e+00 -1.000000e+00
    outer loop
      vertex  3.000000e+01 -2.300000e+01 -2.300000e+01
      vertex  4.466423e+01  9.510030e+00 -2.300000e+01
      vertex  4.540000e+01  9.041296e+00 -2.300000e+01
    endloop
  endfacet
  facet normal  0.000000e+00  -0.000000e+00 -1.000000e+00
    outer loop
      vertex  3.000000e+01 -2.300000e+01 -2.300000e+01
      vertex  4.540000e+01  9.041296e+00 -2.300000e+01
      vertex  4.617382e+01  8.638473e+00 -2.300000e+01
    endloop
  endfacet
  facet normal  0.000000e+00  -0.000000e+00 -1.000000e+00
    outer loop
      vertex  3.000000e+01 -2.300000e+01 -2.300000e+01
      vertex  4.617382e+01  8.638473e+00 -2.300000e+01
      vertex  4.697980e+01  8.304625e+00 -2.300000e+01
    endloop
  endfacet
  facet normal  0.000000e+00  -0.000000e+00 -1.000000e+00
    outer loop
      vertex  3.000000e+01 -2.300000e+01 -2.300000e+01
      vertex  4.697980e+01  8.304625e+00 -2.300000e+01
      vertex  4.781181e+01  8.042293e+00 -2.300000e+01
    endloop
  endfacet
  facet normal  0.000000e+00  -0.000000e+00 -1.000000e+00
    outer loop
      vertex  3.000000e+01 -2.300000e+01 -2.300000e+01
      vertex  4.781181e+01  8.042293e+00 -2.300000e+01
      vertex  4.866352e+01  7.853473e+00 -2.300000e+01
    endloop
  endfacet
  facet normal  0.000000e+00  -0.000000e+00 -9.999999e-01
    outer loop
      vertex  3.000000e+01 -2.300000e+01 -2.300000e+01
      vertex  4.866352e+01  7.853473e+00 -2.300000e+01
      vertex  4.952844e+01  7.739604e+00 -2.300000e+01
    endloop
  endfacet
  facet normal  0.000000e+00  -0.000000e+00 -9.999999e-01
    outer loop
      vertex  3.000000e+01 -2.300000e+01 -2.300000e+01
      vertex  4.952844e+01  7.739604e+00 -2.300000e+01
      vertex  5.040000e+01  7.701550e+00 -2.300000e+01
    endloop
  endfacet
  facet normal  0.000000e+00  -0.000000e+00 -1.000000e+00
    outer loop
      vertex  3.000000e+01 -2.300000e+01 -2.300000e+01
      vertex  5.040000e+01  7.701550e+00 -2.300000e+01
      vertex  6.840000e+01 -1.300000e+01 -2.300000e+01
    endloop
  endfacet
  facet normal  0.000000e+00  -0.000000e+00 -1.000000e+00
    outer loop
      vertex  3.000000e+01 -2.300000e+01 -2.300000e+01
      vertex  6.840000e+01 -1.300000e+01 -2.300000e+01
      vertex  6.843719e+01 -1.361474e+01 -2.300000e+01
    endloop
  endfacet
  facet normal  0.000000e+00  -0.000000e+00 -1.000000e+00
    outer loop
      vertex  3.000000e+01 -2.300000e+01 -2.300000e+01
      vertex  6.843719e+01 -1.361474e+01 -2.300000e+01
      vertex  6.854819e+01 -1.422051e+01 -2.300000e+01
    endloop
  endfacet
  facet normal  0.000000e+00  -0.000000e+00 -1.000000e+00
    outer loop
      vertex  3.000000e+01 -2.300000e+01 -2.300000e+01
      vertex  6.854819e+01 -1.422051e+01 -2.300000e+01
      vertex  6.873141e+01 -1.480849e+01 -2.300000e+01
    endloop
  endfacet
  facet normal  0.000000e+00  -0.000000e+00 -1.000000e+00
    outer loop
      vertex  3.000000e+01 -2.300000e+01 -2.300000e+01
      vertex  6.873141e+01 -1.480849e+01 -2.300000e+01
      vertex  6.898418e+01 -1.537009e+01 -2.300000e+01
    endloop
  endfacet
  facet normal  0.000000e+00  -0.000000e+00 -1.000000e+00
    outer loop
      vertex  3.000000e+01 -2.300000e+01 -2.300000e+01
      vertex  6.898418e+01 -1.537009e+01 -2.300000e+01
      vertex  6.930278e+01 -1.589713e+01 -2.300000e+01
    endloop
  endfacet
  facet normal  0.000000e+00  -0.000000e+00 -1.000000e+00
    outer loop
      vertex  3.000000e+01 -2.300000e+01 -2.300000e+01
      vertex  6.930278e+01 -1.589713e+01 -2.300000e+01
      vertex  6.968259e+01 -1.638193e+01 -2.300000e+01
    endloop
  endfacet
  facet normal  0.000000e+00  -0.000000e+00 -1.000000e+00
    outer loop
      vertex  3.000000e+01 -2.300000e+01 -2.300000e+01
      vertex  6.968259e+01 -1.638193e+01 -2.300000e+01
      vertex  7.011807e+01 -1.681741e+01 -2.300000e+01
    endloop
  endfacet
  facet normal  0.000000e+00  -0.000000e+00 -1.000000e+00
    outer loop
      vertex  3.000000e+01 -2.300000e+01 -2.300000e+01
      vertex  7.011807e+01 -1.681741e+01 -2.300000e+01
      vertex  7.060287e+01 -1.719722e+01 -2.300000e+01
    endloop
  endfacet
  facet normal  0.000000e+00  -0.000000e+00 -1.000000e+00
    outer loop
      vertex  3.000000e+01 -2.300000e+01 -2.300000e+01
      vertex  7.060287e+01 -1.719722e+01 -2.300000e+01
      vertex  7.112991e+01 -1.751583e+01 -2.300000e+01
    endloop
  endfacet
  facet normal  0.000000e+00  -0.000000e+00 -1.000000e+00
    outer loop
      vertex  3.000000e+01 -2.300000e+01 -2.300000e+01
      vertex  7.112991e+01 -1.751583e+01 -2.300000e+01
      vertex  7.169151e+01 -1.776858e+01 -2.300000e+01
    endloop
  endfacet
  facet normal  0.000000e+00  -0.000000e+00 -1.000000e+00
    outer loop
      vertex  3.000000e+01 -2.300000e+01 -2.300000e+01
      vertex  7.169151e+01 -1.776858e+01 -2.300000e+01
      vertex  7.227949e+01 -1.795180e+01 -2.300000e+01
    endloop
  endfacet
  facet normal  0.000000e+00  -0.000000e+00 -9.999999e-01
    outer loop
      vertex  3.000000e+01 -2.300000e+01 -2.300000e+01
      vertex  7.227949e+01 -1.795180e+01 -2.300000e+01
      vertex  7.288526e+01 -1.806281e+01 -2.300000e+01
    endloop
  endfacet
  facet normal  0.000000e+00  -0.000000e+00 -1.000000e+00
    outer loop
      vertex  3.000000e+01 -2.300000e+01 -2.300000e+01
      vertex  7.288526e+01 -1.806281e+01 -2.300000e+01
      vertex  7.350000e+01 -1.810000e+01 -2.300000e+01
    endloop
  endfacet
  facet normal  0.000000e+00  -0.000000e+00 -9.999999e-01
    outer loop
      vertex  3.000000e+01 -2.300000e+01 -2.300000e+01
      vertex  7.350000e+01 -1.810000e+01 -2.300000e+01
      vertex  7.411474e+01 -1.806281e+01 -2.300000e+01
    endloop
  endfacet
  facet normal  0.000000e+00  0.000000e+00 -1.000000e+00
    outer loop
      vertex  6.790000e+01  2.300000e+01 -2.300000e+01
      vertex  7.639713e+01  1.719722e+01 -2.300000e+01
      vertex  7.587009e+01  1.751583e+01 -2.300000e+01
    endloop
  endfacet
  facet normal  0.000000e+00  0.000000e+00 -1.000000e+00
    outer loop
      vertex  6.790000e+01  2.300000e+01 -2.300000e+01
      vertex  7.587009e+01  1.751583e+01 -2.300000e+01
      vertex  7.530849e+01  1.776858e+01 -2.300000e+01
    endloop
  endfacet
  facet normal  0.000000e+00  0.000000e+00 -1.000000e+00
    outer loop
      vertex  6.790000e+01  2.300000e+01 -2.300000e+01
      vertex  7.530849e+01  1.776858e+01 -2.300000e+01
      vertex  7.472051e+01  1.795180e+01 -2.300000e+01
    endloop
  endfacet
  facet normal  0.000000e+00  0.000000e+00 -1.000000e+00
    outer loop
      vertex  6.790000e+01  2.300000e+01 -2.300000e+01
      vertex  7.472051e+01  1.795180e+01 -2.300000e+01
      vertex  7.411474e+01  1.806281e+01 -2.300000e+01
    endloop
  endfacet
  facet normal  0.000000e+00  0.000000e+00 -1.000000e+00
    outer loop
      vertex  6.790000e+01  2.300000e+01 -2.300000e+01
      vertex  7.411474e+01  1.806281e+01 -2.300000e+01
      vertex  7.350000e+01  1.810000e+01 -2.300000e+01
    endloop
  endfacet
  facet normal  -0.000000e+00  0.000000e+00 -1.000000e+00
    outer loop
      vertex  6.790000e+01  2.300000e+01 -2.300000e+01
      vertex  7.350000e+01  1.810000e+01 -2.300000e+01
      vertex  7.288526e+01  1.806281e+01 -2.300000e+01
    endloop
  endfacet
  facet normal  -0.000000e+00  0.000000e+00 -1.000000e+00
    outer loop
      vertex  6.790000e+01  2.300000e+01 -2.300000e+01
      vertex  7.288526e+01  1.806281e+01 -2.300000e+01
      vertex  7.227949e+01  1.795180e+01 -2.300000e+01
    endloop
  endfacet
  facet normal  -0.000000e+00  0.000000e+00 -1.000000e+00
    outer loop
      vertex  6.790000e+01  2.300000e+01 -2.300000e+01
      vertex  7.227949e+01  1.795180e+01 -2.300000e+01
      vertex  7.169151e+01  1.776858e+01 -2.300000e+01
    endloop
  endfacet
  facet normal  -0.000000e+00  0.000000e+00 -1.000000e+00
    outer loop
      vertex  6.790000e+01  2.300000e+01 -2.300000e+01
      vertex  7.169151e+01  1.776858e+01 -2.300000e+01
      vertex  7.112991e+01  1.751583e+01 -2.300000e+01
    endloop
  endfacet
  facet normal  -0.000000e+00  0.000000e+00 -9.999999e-01
    outer loop
      vertex  6.790000e+01  2.300000e+01 -2.300000e+01
      vertex  7.112991e+01  1.751583e+01 -2.300000e+01
      vertex  7.060287e+01  1.719722e+01 -2.300000e+01
    endloop
  endfacet
  facet normal  -0.000000e+00  0.000000e+00 -1.000000e+00
    outer loop
      vertex  6.790000e+01  2.300000e+01 -2.300000e+01
      vertex  7.060287e+01  1.719722e+01 -2.300000e+01
      vertex  7.011807e+01  1.681741e+01 -2.300000e+01
    endloop
  endfacet
  facet normal  -0.000000e+00  0.000000e+00 -1.000000e+00
    outer loop
      vertex  6.790000e+01  2.300000e+01 -2.300000e+01
      vertex  7.011807e+01  1.681741e+01 -2.300000e+01
      vertex  6.968259e+01  1.638193e+01 -2.300000e+01
    endloop
  endfacet
  facet normal  -0.000000e+00  0.000000e+00 -1.000000e+00
    outer loop
      vertex  6.790000e+01  2.300000e+01 -2.300000e+01
      vertex  6.968259e+01  1.638193e+01 -2.300000e+01
      vertex  6.930278e+01  1.589713e+01 -2.300000e+01
    endloop
  endfacet
  facet normal  -0.000000e+00  0.000000e+00 -9.999999e-01
    outer loop
      vertex  6.790000e+01  2.300000e+01 -2.300000e+01
      vertex  6.930278e+01  1.589713e+01 -2.300000e+01
      vertex  6.898418e+01  1.537009e+01 -2.300000e+01
    endloop
  endfacet
  facet normal  -0.000000e+00  0.000000e+00 -1.000000e+00
    outer loop
      vertex  6.790000e+01  2.300000e+01 -2.300000e+01
      vertex  6.898418e+01  1.537009e+01 -2.300000e+01
      vertex  6.873141e+01  1.480849e+01 -2.300000e+01
    endloop
  endfacet
  facet normal  -0.000000e+00  0.000000e+00 -1.000000e+00
    outer loop
      vertex  6.790000e+01  2.300000e+01 -2.300000e+01
      vertex  6.873141e+01  1.480849e+01 -2.300000e+01
      vertex  6.854819e+01  1.422051e+01 -2.300000e+01
    endloop
  endfacet
  facet normal  -0.000000e+00  0.000000e+00 -9.999999e-01
    outer loop
      vertex  6.790000e+01  2.300000e+01 -2.300000e+01
      vertex  6.854819e+01  1.422051e+01 -2.300000e+01
      vertex  6.843719e+01  1.361474e+01 -2.300000e+01
    endloop
  endfacet
  facet normal  -0.000000e+00  0.000000e+00 -1.000000e+00
    outer loop
      vertex  6.790000e+01  2.300000e+01 -2.300000e+01
      vertex  6.843719e+01  1.361474e+01 -2.300000e+01
      vertex  6.840000e+01  1.300000e+01 -2.300000e+01
    endloop
  endfacet
  facet normal  0.000000e+00  -0.000000e+00 -1.000000e+00
    outer loop
      vertex  7.411474e+01 -7.937185e+00 -2.300000e+01
      vertex  7.472051e+01  8.048197e+00 -2.300000e+01
      vertex  7.472051e+01 -8.048197e+00 -2.300000e+01
    endloop
  endfacet
  facet normal  0.000000e+00  0.000000e+00 -1.000000e+00
    outer loop
      vertex  7.472051e+01 -8.048197e+00 -2.300000e+01
      vertex  7.472051e+01  8.048197e+00 -2.300000e+01
      vertex  7.530849e+01  8.231417e+00 -2.300000e+01
    endloop
  endfacet
  facet normal  0.000000e+00  -0.000000e+00 -1.000000e+00
    outer loop
      vertex  7.472051e+01 -8.048197e+00 -2.300000e+01
      vertex  7.530849e+01  8.231417e+00 -2.300000e+01
      vertex  7.530849e+01 -8.231417e+00 -2.300000e+01
    endloop
  endfacet
  facet normal  0.000000e+00  0.000000e+00 -1.000000e+00
    outer loop
      vertex  7.530849e+01 -8.231417e+00 -2.300000e+01
      vertex  7.530849e+01  8.231417e+00 -2.300000e+01
      vertex  7.587009e+01  8.484175e+00 -2.300000e+01
    endloop
  endfacet
  facet normal  0.000000e+00  -0.000000e+00 -1.000000e+00
    outer loop
      vertex  7.530849e+01 -8.231417e+00 -2.300000e+01
      vertex  7.587009e+01  8.484175e+00 -2.300000e+01
      vertex  7.587009e+01 -8.484175e+00 -2.300000e+01
    endloop
  endfacet
  facet normal  0.000000e+00  0.000000e+00 -1.000000e+00
    outer loop
      vertex  7.587009e+01 -8.484175e+00 -2.300000e+01
      vertex  7.587009e+01  8.484175e+00 -2.300000e+01
      vertex  7.639713e+01  8.802782e+00 -2.300000e+01
    endloop
  endfacet
  facet normal  0.000000e+00  -0.000000e+00 -1.000000e+00
    outer loop
      vertex  7.587009e+01 -8.484175e+00 -2.300000e+01
      vertex  7.639713e+01  8.802782e+00 -2.300000e+01
      vertex  7.639713e+01 -8.802782e+00 -2.300000e+01
    endloop
  endfacet
  facet normal  0.000000e+00  0.000000e+00 -1.000000e+00
    outer loop
      vertex  7.639713e+01 -8.802782e+00 -2.300000e+01
      vertex  7.639713e+01  8.802782e+00 -2.300000e+01
      vertex  7.688193e+01  9.182595e+00 -2.300000e+01
    endloop
  endfacet
  facet normal  0.000000e+00  -0.000000e+00 -1.000000e+00
    outer loop
      vertex  7.639713e+01 -8.802782e+00 -2.300000e+01
      vertex  7.688193e+01  9.182595e+00 -2.300000e+01
      vertex  7.688193e+01 -9.182595e+00 -2.300000e+01
    endloop
  endfacet
  facet normal  0.000000e+00  0.000000e+00 -1.000000e+00
    outer loop
      vertex  7.688193e+01 -9.182595e+00 -2.300000e+01
      vertex  7.688193e+01  9.182595e+00 -2.300000e+01
      vertex  7.731741e+01  9.618074e+00 -2.300000e+01
    endloop
  endfacet
  facet normal  0.000000e+00  -0.000000e+00 -1.000000e+00
    outer loop
      vertex  7.688193e+01 -9.182595e+00 -2.300000e+01
      vertex  7.731741e+01  9.618074e+00 -2.300000e+01
      vertex  7.731741e+01 -9.618074e+00 -2.300000e+01
    endloop
  endfacet
  facet normal  0.000000e+00  0.000000e+00 -9.999999e-01
    outer loop
      vertex  7.731741e+01 -9.618074e+00 -2.300000e+01
      vertex  7.731741e+01  9.618074e+00 -2.300000e+01
      vertex  7.769722e+01  1.010287e+01 -2.300000e+01
    endloop
  endfacet
  facet normal  0.000000e+00  -0.000000e+00 -1.000000e+00
    outer loop
      vertex  7.731741e+01 -9.618074e+00 -2.300000e+01
      vertex  7.769722e+01  1.010287e+01 -2.300000e+01
      vertex  7.769722e+01 -1.010287e+01 -2.300000e+01
    endloop
  endfacet
  facet normal  0.000000e+00  0.000000e+00 -1.000000e+00
    outer loop
      vertex  7.769722e+01 -1.010287e+01 -2.300000e+01
      vertex  7.769722e+01  1.010287e+01 -2.300000e+01
      vertex  7.801582e+01  1.062991e+01 -2.300000e+01
    endloop
  endfacet
  facet normal  0.000000e+00  -0.000000e+00 -1.000000e+00
    outer loop
      vertex  7.769722e+01 -1.010287e+01 -2.300000e+01
      vertex  7.801582e+01  1.062991e+01 -2.300000e+01
      vertex  7.801582e+01 -1.062991e+01 -2.300000e+01
    endloop
  endfacet
  facet normal  0.000000e+00  0.000000e+00 -1.000000e+00
    outer loop
      vertex  7.801582e+01 -1.062991e+01 -2.300000e+01
      vertex  7.801582e+01  1.062991e+01 -2.300000e+01
      vertex  7.826859e+01  1.119151e+01 -2.300000e+01
    endloop
  endfacet
  facet normal  0.000000e+00  -0.000000e+00 -1.000000e+00
    outer loop
      vertex  7.801582e+01 -1.062991e+01 -2.300000e+01
      vertex  7.826859e+01  1.119151e+01 -2.300000e+01
      vertex  7.826859e+01 -1.119151e+01 -2.300000e+01
    endloop
  endfacet
  facet normal  0.000000e+00  0.000000e+00 -1.000000e+00
    outer loop
      vertex  7.826859e+01 -1.119151e+01 -2.300000e+01
      vertex  7.826859e+01  1.119151e+01 -2.300000e+01
      vertex  7.845181e+01  1.177949e+01 -2.300000e+01
    endloop
  endfacet
  facet normal  0.000000e+00  -0.000000e+00 -1.000000e+00
    outer loop
      vertex  7.826859e+01 -1.119151e+01 -2.300000e+01
      vertex  7.845181e+01  1.177949e+01 -2.300000e+01
      vertex  7.845181e+01 -1.177949e+01 -2.300000e+01
    endloop
  endfacet
  facet normal  0.000000e+00  0.000000e+00 -1.000000e+00
    outer loop
      vertex  7.845181e+01 -1.177949e+01 -2.300000e+01
      vertex  7.845181e+01  1.177949e+01 -2.300000e+01
      vertex  7.856281e+01  1.238526e+01 -2.300000e+01
    endloop
  endfacet
  facet normal  0.000000e+00  -0.000000e+00 -1.000000e+00
    outer loop
      vertex  7.845181e+01 -1.177949e+01 -2.300000e+01
      vertex  7.856281e+01  1.238526e+01 -2.300000e+01
      vertex  7.856281e+01 -1.238526e+01 -2.300000e+01
    endloop
  endfacet
  facet normal  0.000000e+00  0.000000e+00 -1.000000e+00
    outer loop
      vertex  7.856281e+01 -1.238526e+01 -2.300000e+01
      vertex  7.856281e+01  1.238526e+01 -2.300000e+01
      vertex  7.860000e+01  1.300000e+01 -2.300000e+01
    endloop
  endfacet
  facet normal  0.000000e+00  -0.000000e+00 -1.000000e+00
    outer loop
      vertex  7.856281e+01 -1.238526e+01 -2.300000e+01
      vertex  7.860000e+01  1.300000e+01 -2.300000e+01
      vertex  7.860000e+01 -1.300000e+01 -2.300000e+01
    endloop
  endfacet
  facet normal  0.000000e+00  0.000000e+00 -1.000000e+00
    outer loop
      vertex  7.472051e+01  8.048197e+00 -2.300000e+01
      vertex  7.411474e+01 -7.937185e+00 -2.300000e+01
      vertex  7.411474e+01  7.937185e+00 -2.300000e+01
    endloop
  endfacet
  facet normal  0.000000e+00  -0.000000e+00 -1.000000e+00
    outer loop
      vertex  7.411474e+01  7.937185e+00 -2.300000e+01
      vertex  7.411474e+01 -7.937185e+00 -2.300000e+01
      vertex  7.350000e+01 -7.900000e+00 -2.300000e+01
    endloop
  endfacet
  facet normal  0.000000e+00  0.000000e+00 -1.000000e+00
    outer loop
      vertex  7.411474e+01  7.937185e+00 -2.300000e+01
      vertex  7.350000e+01 -7.900000e+00 -2.300000e+01
      vertex  7.350000e+01  7.900000e+00 -2.300000e+01
    endloop
  endfacet
  facet normal  0.000000e+00  -0.000000e+00 -1.000000e+00
    outer loop
      vertex  7.350000e+01  7.900000e+00 -2.300000e+01
      vertex  7.350000e+01 -7.900000e+00 -2.300000e+01
      vertex  7.288526e+01 -7.937185e+00 -2.300000e+01
    endloop
  endfacet
  facet normal  0.000000e+00  0.000000e+00 -1.000000e+00
    outer loop
      vertex  7.350000e+01  7.900000e+00 -2.300000e+01
      vertex  7.288526e+01 -7.937185e+00 -2.300000e+01
      vertex  7.288526e+01  7.937185e+00 -2.300000e+01
    endloop
  endfacet
  facet normal  0.000000e+00  -0.000000e+00 -1.000000e+00
    outer loop
      vertex  7.288526e+01  7.937185e+00 -2.300000e+01
      vertex  7.288526e+01 -7.937185e+00 -2.300000e+01
      vertex  7.227949e+01 -8.048197e+00 -2.300000e+01
    endloop
  endfacet
  facet normal  0.000000e+00  0.000000e+00 -1.000000e+00
    outer loop
      vertex  7.288526e+01  7.937185e+00 -2.300000e+01
      vertex  7.227949e+01 -8.048197e+00 -2.300000e+01
      vertex  7.227949e+01  8.048197e+00 -2.300000e+01
    endloop
  endfacet
  facet normal  0.000000e+00  -0.000000e+00 -1.000000e+00
    outer loop
      vertex  7.227949e+01  8.048197e+00 -2.300000e+01
      vertex  7.227949e+01 -8.048197e+00 -2.300000e+01
      vertex  7.169151e+01 -8.231417e+00 -2.300000e+01
    endloop
  endfacet
  facet normal  0.000000e+00  0.000000e+00 -1.000000e+00
    outer loop
      vertex  7.227949e+01  8.048197e+00 -2.300000e+01
      vertex  7.169151e+01 -8.231417e+00 -2.300000e+01
      vertex  7.169151e+01  8.231417e+00 -2.300000e+01
    endloop
  endfacet
  facet normal  0.000000e+00  -0.000000e+00 -1.000000e+00
    outer loop
      vertex  7.169151e+01  8.231417e+00 -2.300000e+01
      vertex  7.169151e+01 -8.231417e+00 -2.300000e+01
      vertex  7.112991e+01 -8.484175e+00 -2.300000e+01
    endloop
  endfacet
  facet normal  0.000000e+00  0.000000e+00 -1.000000e+00
    outer loop
      vertex  7.169151e+01  8.231417e+00 -2.300000e+01
      vertex  7.112991e+01 -8.484175e+00 -2.300000e+01
      vertex  7.112991e+01  8.484175e+00 -2.300000e+01
    endloop
  endfacet
  facet normal  0.000000e+00  -0.000000e+00 -1.000000e+00
    outer loop
      vertex  7.112991e+01  8.484175e+00 -2.300000e+01
      vertex  7.112991e+01 -8.484175e+00 -2.300000e+01
      vertex  7.060287e+01 -8.802782e+00 -2.300000e+01
    endloop
  endfacet
  facet normal  0.000000e+00  0.000000e+00 -1.000000e+00
    outer loop
      vertex  7.112991e+01  8.484175e+00 -2.300000e+01
      vertex  7.060287e+01 -8.802782e+00 -2.300000e+01
      vertex  7.060287e+01  8.802782e+00 -2.300000e+01
    endloop
  endfacet
  facet normal  0.000000e+00  -0.000000e+00 -1.000000e+00
    outer loop
      vertex  7.060287e+01  8.802782e+00 -2.300000e+01
      vertex  7.060287e+01 -8.802782e+00 -2.300000e+01
      vertex  7.011807e+01 -9.182595e+00 -2.300000e+01
    endloop
  endfacet
  facet normal  0.000000e+00  0.000000e+00 -1.000000e+00
    outer loop
      vertex  7.060287e+01  8.802782e+00 -2.300000e+01
      vertex  7.011807e+01 -9.182595e+00 -2.300000e+01
      vertex  7.011807e+01  9.182595e+00 -2.300000e+01
    endloop
  endfacet
  facet normal  0.000000e+00  -0.000000e+00 -1.000000e+00
    outer loop
      vertex  7.011807e+01  9.182595e+00 -2.300000e+01
      vertex  7.011807e+01 -9.182595e+00 -2.300000e+01
      vertex  6.968259e+01 -9.618074e+00 -2.300000e+01
    endloop
  endfacet
  facet normal  0.000000e+00  0.000000e+00 -1.000000e+00
    outer loop
      vertex  7.011807e+01  9.182595e+00 -2.300000e+01
      vertex  6.968259e+01 -9.618074e+00 -2.300000e+01
      vertex  6.968259e+01  9.618074e+00 -2.300000e+01
    endloop
  endfacet
  facet normal  0.000000e+00  -0.000000e+00 -9.999999e-01
    outer loop
      vertex  6.968259e+01  9.618074e+00 -2.300000e+01
      vertex  6.968259e+01 -9.618074e+00 -2.300000e+01
      vertex  6.930278e+01 -1.010287e+01 -2.300000e+01
    endloop
  endfacet
  facet normal  0.000000e+00  0.000000e+00 -1.000000e+00
    outer loop
      vertex  6.968259e+01  9.618074e+00 -2.300000e+01
      vertex  6.930278e+01 -1.010287e+01 -2.300000e+01
      vertex  6.930278e+01  1.010287e+01 -2.300000e+01
    endloop
  endfacet
  facet normal  0.000000e+00  -0.000000e+00 -1.000000e+00
    outer loop
      vertex  6.930278e+01  1.010287e+01 -2.300000e+01
      vertex  6.930278e+01 -1.010287e+01 -2.300000e+01
      vertex  6.898418e+01 -1.062991e+01 -2.300000e+01
    endloop
  endfacet
  facet normal  0.000000e+00  0.000000e+00 -1.000000e+00
    outer loop
      vertex  6.930278e+01  1.010287e+01 -2.300000e+01
      vertex  6.898418e+01 -1.062991e+01 -2.300000e+01
      vertex  6.898418e+01  1.062991e+01 -2.300000e+01
    endloop
  endfacet
  facet normal  0.000000e+00  -0.000000e+00 -1.000000e+00
    outer loop
      vertex  6.898418e+01  1.062991e+01 -2.300000e+01
      vertex  6.898418e+01 -1.062991e+01 -2.300000e+01
      vertex  6.873141e+01 -1.119151e+01 -2.300000e+01
    endloop
  endfacet
  facet normal  0.000000e+00  0.000000e+00 -1.000000e+00
    outer loop
      vertex  6.898418e+01  1.062991e+01 -2.300000e+01
      vertex  6.873141e+01 -1.119151e+01 -2.300000e+01
      vertex  6.873141e+01  1.119151e+01 -2.300000e+01
    endloop
  endfacet
  facet normal  0.000000e+00  -0.000000e+00 -1.000000e+00
    outer loop
      vertex  6.873141e+01  1.119151e+01 -2.300000e+01
      vertex  6.873141e+01 -1.119151e+01 -2.300000e+01
      vertex  6.854819e+01 -1.177949e+01 -2.300000e+01
    endloop
  endfacet
  facet normal  0.000000e+00  0.000000e+00 -1.000000e+00
    outer loop
      vertex  6.873141e+01  1.119151e+01 -2.300000e+01
      vertex  6.854819e+01 -1.177949e+01 -2.300000e+01
      vertex  6.854819e+01  1.177949e+01 -2.300000e+01
    endloop
  endfacet
  facet normal  0.000000e+00  -0.000000e+00 -1.000000e+00
    outer loop
      vertex  6.854819e+01  1.177949e+01 -2.300000e+01
      vertex  6.854819e+01 -1.177949e+01 -2.300000e+01
      vertex  6.843719e+01 -1.238526e+01 -2.300000e+01
    endloop
  endfacet
  facet normal  0.000000e+00  0.000000e+00 -1.000000e+00
    outer loop
      vertex  6.854819e+01  1.177949e+01 -2.300000e+01
      vertex  6.843719e+01 -1.238526e+01 -2.300000e+01
      vertex  6.843719e+01  1.238526e+01 -2.300000e+01
    endloop
  endfacet
  facet normal  4.361932e-02  9.990482e-01  -0.000000e+00
    outer loop
      vertex  5.040000e+01  7.701550e+00 -2.100000e+01
      vertex  4.952844e+01  7.739604e+00 -2.300000e+01
      vertex  4.952844e+01  7.739604e+00 -2.100000e+01
    endloop
  endfacet
  facet normal  1.305257e-01  9.914449e-01  0.000000e+00
    outer loop
      vertex  4.952844e+01  7.739604e+00 -2.100000e+01
      vertex  4.952844e+01  7.739604e+00 -2.300000e+01
      vertex  4.866352e+01  7.853473e+00 -2.300000e+01
    endloop
  endfacet
  facet normal  1.305257e-01  9.914449e-01  -0.000000e+00
    outer loop
      vertex  4.952844e+01  7.739604e+00 -2.100000e+01
      vertex  4.866352e+01  7.853473e+00 -2.300000e+01
      vertex  4.866352e+01  7.853473e+00 -2.100000e+01
    endloop
  endfacet
  facet normal  2.164406e-01  9.762958e-01  0.000000e+00
    outer loop
      vertex  4.866352e+01  7.853473e+00 -2.100000e+01
      vertex  4.866352e+01  7.853473e+00 -2.300000e+01
      vertex  4.781181e+01  8.042293e+00 -2.300000e+01
    endloop
  endfacet
  facet normal  2.164406e-01  9.762958e-01  -0.000000e+00
    outer loop
      vertex  4.866352e+01  7.853473e+00 -2.100000e+01
      vertex  4.781181e+01  8.042293e+00 -2.300000e+01
      vertex  4.781181e+01  8.042293e+00 -2.100000e+01
    endloop
  endfacet
  facet normal  3.007053e-01  9.537172e-01  0.000000e+00
    outer loop
      vertex  4.781181e+01  8.042293e+00 -2.100000e+01
      vertex  4.781181e+01  8.042293e+00 -2.300000e+01
      vertex  4.697980e+01  8.304625e+00 -2.300000e+01
    endloop
  endfacet
  facet normal  3.007053e-01  9.537172e-01  -0.000000e+00
    outer loop
      vertex  4.781181e+01  8.042293e+00 -2.100000e+01
      vertex  4.697980e+01  8.304625e+00 -2.300000e+01
      vertex  4.697980e+01  8.304625e+00 -2.100000e+01
    endloop
  endfacet
  facet normal  3.826833e-01  9.238796e-01  0.000000e+00
    outer loop
      vertex  4.697980e+01  8.304625e+00 -2.100000e+01
      vertex  4.697980e+01  8.304625e+00 -2.300000e+01
      vertex  4.617382e+01  8.638473e+00 -2.300000e+01
    endloop
  endfacet
  facet normal  3.826833e-01  9.238796e-01  -0.000000e+00
    outer loop
      vertex  4.697980e+01  8.304625e+00 -2.100000e+01
      vertex  4.617382e+01  8.638473e+00 -2.300000e+01
      vertex  4.617382e+01  8.638473e+00 -2.100000e+01
    endloop
  endfacet
  facet normal  4.617493e-01  8.870105e-01  0.000000e+00
    outer loop
      vertex  4.617382e+01  8.638473e+00 -2.100000e+01
      vertex  4.617382e+01  8.638473e+00 -2.300000e+01
      vertex  4.540000e+01  9.041296e+00 -2.300000e+01
    endloop
  endfacet
  facet normal  4.617493e-01  8.870105e-01  -0.000000e+00
    outer loop
      vertex  4.617382e+01  8.638473e+00 -2.100000e+01
      vertex  4.540000e+01  9.041296e+00 -2.300000e+01
      vertex  4.540000e+01  9.041296e+00 -2.100000e+01
    endloop
  endfacet
  facet normal  5.372982e-01  8.433923e-01  0.000000e+00
    outer loop
      vertex  4.540000e+01  9.041296e+00 -2.100000e+01
      vertex  4.540000e+01  9.041296e+00 -2.300000e+01
      vertex  4.466423e+01  9.510030e+00 -2.300000e+01
    endloop
  endfacet
  facet normal  5.372982e-01  8.433923e-01  -0.000000e+00
    outer loop
      vertex  4.540000e+01  9.041296e+00 -2.100000e+01
      vertex  4.466423e+01  9.510030e+00 -2.300000e+01
      vertex  4.466423e+01  9.510030e+00 -2.100000e+01
    endloop
  endfacet
  facet normal  6.087616e-01  7.933533e-01  0.000000e+00
    outer loop
      vertex  4.466423e+01  9.510030e+00 -2.100000e+01
      vertex  4.466423e+01  9.510030e+00 -2.300000e+01
      vertex  4.397212e+01  1.004111e+01 -2.300000e+01
    endloop
  endfacet
  facet normal  6.087616e-01  7.933533e-01  -0.000000e+00
    outer loop
      vertex  4.466423e+01  9.510030e+00 -2.100000e+01
      vertex  4.397212e+01  1.004111e+01 -2.300000e+01
      vertex  4.397212e+01  1.004111e+01 -2.100000e+01
    endloop
  endfacet
  facet normal  6.755919e-01  7.372757e-01  0.000000e+00
    outer loop
      vertex  4.397212e+01  1.004111e+01 -2.100000e+01
      vertex  4.397212e+01  1.004111e+01 -2.300000e+01
      vertex  4.332893e+01  1.063048e+01 -2.300000e+01
    endloop
  endfacet
  facet normal  6.755919e-01  7.372757e-01  -0.000000e+00
    outer loop
      vertex  4.397212e+01  1.004111e+01 -2.100000e+01
      vertex  4.332893e+01  1.063048e+01 -2.300000e+01
      vertex  4.332893e+01  1.063048e+01 -2.100000e+01
    endloop
  endfacet
  facet normal  7.372762e-01  6.755915e-01  0.000000e+00
    outer loop
      vertex  4.332893e+01  1.063048e+01 -2.100000e+01
      vertex  4.332893e+01  1.063048e+01 -2.300000e+01
      vertex  4.273956e+01  1.127367e+01 -2.300000e+01
    endloop
  endfacet
  facet normal  7.372762e-01  6.755915e-01  -0.000000e+00
    outer loop
      vertex  4.332893e+01  1.063048e+01 -2.100000e+01
      vertex  4.273956e+01  1.127367e+01 -2.300000e+01
      vertex  4.273956e+01  1.127367e+01 -2.100000e+01
    endloop
  endfacet
  facet normal  4.361932e-02  9.990482e-01  0.000000e+00
    outer loop
      vertex  4.952844e+01  7.739604e+00 -2.300000e+01
      vertex  5.040000e+01  7.701550e+00 -2.100000e+01
      vertex  5.040000e+01  7.701550e+00 -2.300000e+01
    endloop
  endfacet
  facet normal -4.361951e-02  9.990482e-01  0.000000e+00
    outer loop
      vertex  5.040000e+01  7.701550e+00 -2.300000e+01
      vertex  5.040000e+01  7.701550e+00 -2.100000e+01
      vertex  5.127156e+01  7.739604e+00 -2.100000e+01
    endloop
  endfacet
  facet normal -4.361951e-02  9.990482e-01  0.000000e+00
    outer loop
      vertex  5.040000e+01  7.701550e+00 -2.300000e+01
      vertex  5.127156e+01  7.739604e+00 -2.100000e+01
      vertex  5.127156e+01  7.739604e+00 -2.300000e+01
    endloop
  endfacet
  facet normal -1.305257e-01  9.914449e-01  0.000000e+00
    outer loop
      vertex  5.127156e+01  7.739604e+00 -2.300000e+01
      vertex  5.127156e+01  7.739604e+00 -2.100000e+01
      vertex  5.213648e+01  7.853473e+00 -2.100000e+01
    endloop
  endfacet
  facet normal -1.305257e-01  9.914449e-01  0.000000e+00
    outer loop
      vertex  5.127156e+01  7.739604e+00 -2.300000e+01
      vertex  5.213648e+01  7.853473e+00 -2.100000e+01
      vertex  5.213648e+01  7.853473e+00 -2.300000e+01
    endloop
  endfacet
  facet normal -2.164406e-01  9.762958e-01  0.000000e+00
    outer loop
      vertex  5.213648e+01  7.853473e+00 -2.300000e+01
      vertex  5.213648e+01  7.853473e+00 -2.100000e+01
      vertex  5.298819e+01  8.042293e+00 -2.100000e+01
    endloop
  endfacet
  facet normal -2.164406e-01  9.762958e-01  0.000000e+00
    outer loop
      vertex  5.213648e+01  7.853473e+00 -2.300000e+01
      vertex  5.298819e+01  8.042293e+00 -2.100000e+01
      vertex  5.298819e+01  8.042293e+00 -2.300000e+01
    endloop
  endfacet
  facet normal -3.007053e-01  9.537172e-01  0.000000e+00
    outer loop
      vertex  5.298819e+01  8.042293e+00 -2.300000e+01
      vertex  5.298819e+01  8.042293e+00 -2.100000e+01
      vertex  5.382020e+01  8.304625e+00 -2.100000e+01
    endloop
  endfacet
  facet normal -3.007053e-01  9.537172e-01  0.000000e+00
    outer loop
      vertex  5.298819e+01  8.042293e+00 -2.300000e+01
      vertex  5.382020e+01  8.304625e+00 -2.100000e+01
      vertex  5.382020e+01  8.304625e+00 -2.300000e+01
    endloop
  endfacet
  facet normal -3.826833e-01  9.238796e-01  0.000000e+00
    outer loop
      vertex  5.382020e+01  8.304625e+00 -2.300000e+01
      vertex  5.382020e+01  8.304625e+00 -2.100000e+01
      vertex  5.462618e+01  8.638473e+00 -2.100000e+01
    endloop
  endfacet
  facet normal -3.826833e-01  9.238796e-01  0.000000e+00
    outer loop
      vertex  5.382020e+01  8.304625e+00 -2.300000e+01
      vertex  5.462618e+01  8.638473e+00 -2.100000e+01
      vertex  5.462618e+01  8.638473e+00 -2.300000e+01
    endloop
  endfacet
  facet normal -4.617475e-01  8.870114e-01  0.000000e+00
    outer loop
      vertex  5.462618e+01  8.638473e+00 -2.300000e+01
      vertex  5.462618e+01  8.638473e+00 -2.100000e+01
      vertex  5.540000e+01  9.041296e+00 -2.100000e+01
    endloop
  endfacet
  facet normal -4.617475e-01  8.870114e-01  0.000000e+00
    outer loop
      vertex  5.462618e+01  8.638473e+00 -2.300000e+01
      vertex  5.540000e+01  9.041296e+00 -2.100000e+01
      vertex  5.540000e+01  9.041296e+00 -2.300000e+01
    endloop
  endfacet
  facet normal -5.373002e-01  8.433911e-01  0.000000e+00
    outer loop
      vertex  5.540000e+01  9.041296e+00 -2.300000e+01
      vertex  5.540000e+01  9.041296e+00 -2.100000e+01
      vertex  5.613577e+01  9.510030e+00 -2.100000e+01
    endloop
  endfacet
  facet normal -5.373002e-01  8.433911e-01  0.000000e+00
    outer loop
      vertex  5.540000e+01  9.041296e+00 -2.300000e+01
      vertex  5.613577e+01  9.510030e+00 -2.100000e+01
      vertex  5.613577e+01  9.510030e+00 -2.300000e+01
    endloop
  endfacet
  facet normal -6.087616e-01  7.933533e-01  0.000000e+00
    outer loop
      vertex  5.613577e+01  9.510030e+00 -2.300000e+01
      vertex  5.613577e+01  9.510030e+00 -2.100000e+01
      vertex  5.682788e+01  1.004111e+01 -2.100000e+01
    endloop
  endfacet
  facet normal -6.087616e-01  7.933533e-01  0.000000e+00
    outer loop
      vertex  5.613577e+01  9.510030e+00 -2.300000e+01
      vertex  5.682788e+01  1.004111e+01 -2.100000e+01
      vertex  5.682788e+01  1.004111e+01 -2.300000e+01
    endloop
  endfacet
  facet normal -6.755897e-01  7.372777e-01  0.000000e+00
    outer loop
      vertex  5.682788e+01  1.004111e+01 -2.300000e+01
      vertex  5.682788e+01  1.004111e+01 -2.100000e+01
      vertex  5.747107e+01  1.063048e+01 -2.100000e+01
    endloop
  endfacet
  facet normal -6.755897e-01  7.372777e-01  0.000000e+00
    outer loop
      vertex  5.682788e+01  1.004111e+01 -2.300000e+01
      vertex  5.747107e+01  1.063048e+01 -2.100000e+01
      vertex  5.747107e+01  1.063048e+01 -2.300000e+01
    endloop
  endfacet
  facet normal -7.372783e-01  6.755891e-01  0.000000e+00
    outer loop
      vertex  5.747107e+01  1.063048e+01 -2.300000e+01
      vertex  5.747107e+01  1.063048e+01 -2.100000e+01
      vertex  5.806044e+01  1.127367e+01 -2.100000e+01
    endloop
  endfacet
  facet normal -7.372783e-01  6.755891e-01  0.000000e+00
    outer loop
      vertex  5.747107e+01  1.063048e+01 -2.300000e+01
      vertex  5.806044e+01  1.127367e+01 -2.100000e+01
      vertex  5.806044e+01  1.127367e+01 -2.300000e+01
    endloop
  endfacet
  facet normal  6.037870e-02  0.000000e+00  9.981756e-01
    outer loop
      vertex -3.000000e+01 -2.300000e+01 -5.250000e+00
      vertex -3.063282e+01 -2.070000e+01 -5.211721e+00
      vertex -3.063282e+01 -2.300000e+01 -5.211721e+00
    endloop
  endfacet
  facet normal  1.802551e-01  -0.000000e+00  9.836199e-01
    outer loop
      vertex -3.063282e+01 -2.300000e+01 -5.211721e+00
      vertex -3.063282e+01 -2.070000e+01 -5.211721e+00
      vertex -3.125641e+01 -2.070000e+01 -5.097445e+00
    endloop
  endfacet
  facet normal  1.802551e-01  0.000000e+00  9.836199e-01
    outer loop
      vertex -3.063282e+01 -2.300000e+01 -5.211721e+00
      vertex -3.125641e+01 -2.070000e+01 -5.097445e+00
      vertex -3.125641e+01 -2.300000e+01 -5.097445e+00
    endloop
  endfacet
  facet normal  2.975028e-01  -0.000000e+00  9.547209e-01
    outer loop
      vertex -3.125641e+01 -2.300000e+01 -5.097445e+00
      vertex -3.125641e+01 -2.070000e+01 -5.097445e+00
      vertex -3.186168e+01 -2.070000e+01 -4.908835e+00
    endloop
  endfacet
  facet normal  2.975028e-01  0.000000e+00  9.547209e-01
    outer loop
      vertex -3.125641e+01 -2.300000e+01 -5.097445e+00
      vertex -3.186168e+01 -2.070000e+01 -4.908835e+00
      vertex -3.186168e+01 -2.300000e+01 -4.908835e+00
    endloop
  endfacet
  facet normal  4.104131e-01  -0.000000e+00  9.118997e-01
    outer loop
      vertex -3.186168e+01 -2.300000e+01 -4.908835e+00
      vertex -3.186168e+01 -2.070000e+01 -4.908835e+00
      vertex -3.243980e+01 -2.070000e+01 -4.648644e+00
    endloop
  endfacet
  facet normal  4.104131e-01  0.000000e+00  9.118997e-01
    outer loop
      vertex -3.186168e+01 -2.300000e+01 -4.908835e+00
      vertex -3.243980e+01 -2.070000e+01 -4.648644e+00
      vertex -3.243980e+01 -2.300000e+01 -4.648644e+00
    endloop
  endfacet
  facet normal  5.173361e-01  -0.000000e+00  8.557823e-01
    outer loop
      vertex -3.243980e+01 -2.300000e+01 -4.648644e+00
      vertex -3.243980e+01 -2.070000e+01 -4.648644e+00
      vertex -3.298234e+01 -2.070000e+01 -4.320665e+00
    endloop
  endfacet
  facet normal  5.173361e-01  0.000000e+00  8.557823e-01
    outer loop
      vertex -3.243980e+01 -2.300000e+01 -4.648644e+00
      vertex -3.298234e+01 -2.070000e+01 -4.320665e+00
      vertex -3.298234e+01 -2.300000e+01 -4.320665e+00
    endloop
  endfacet
  facet normal  6.167189e-01  -0.000000e+00  7.871835e-01
    outer loop
      vertex -3.298234e+01 -2.300000e+01 -4.320665e+00
      vertex -3.298234e+01 -2.070000e+01 -4.320665e+00
      vertex -3.348140e+01 -2.070000e+01 -3.929682e+00
    endloop
  endfacet
  facet normal  6.167189e-01  0.000000e+00  7.871835e-01
    outer loop
      vertex -3.298234e+01 -2.300000e+01 -4.320665e+00
      vertex -3.348140e+01 -2.070000e+01 -3.929682e+00
      vertex -3.348140e+01 -2.300000e+01 -3.929682e+00
    endloop
  endfacet
  facet normal  7.071094e-01  -0.000000e+00  7.071041e-01
    outer loop
      vertex -3.348140e+01 -2.300000e+01 -3.929682e+00
      vertex -3.348140e+01 -2.070000e+01 -3.929682e+00
      vertex -3.392968e+01 -2.070000e+01 -3.481394e+00
    endloop
  endfacet
  facet normal  7.071094e-01  0.000000e+00  7.071041e-01
    outer loop
      vertex -3.348140e+01 -2.300000e+01 -3.929682e+00
      vertex -3.392968e+01 -2.070000e+01 -3.481394e+00
      vertex -3.392968e+01 -2.300000e+01 -3.481394e+00
    endloop
  endfacet
  facet normal  7.871838e-01  -0.000000e+00  6.167185e-01
    outer loop
      vertex -3.392968e+01 -2.300000e+01 -3.481394e+00
      vertex -3.392968e+01 -2.070000e+01 -3.481394e+00
      vertex -3.432066e+01 -2.070000e+01 -2.982340e+00
    endloop
  endfacet
  facet normal  7.871838e-01  0.000000e+00  6.167185e-01
    outer loop
      vertex -3.392968e+01 -2.300000e+01 -3.481394e+00
      vertex -3.432066e+01 -2.070000e+01 -2.982340e+00
      vertex -3.432066e+01 -2.300000e+01 -2.982340e+00
    endloop
  endfacet
  facet normal  8.557804e-01  -0.000000e+00  5.173393e-01
    outer loop
      vertex -3.432066e+01 -2.300000e+01 -2.982340e+00
      vertex -3.432066e+01 -2.070000e+01 -2.982340e+00
      vertex -3.464864e+01 -2.070000e+01 -2.439797e+00
    endloop
  endfacet
  facet normal  8.557804e-01  0.000000e+00  5.173393e-01
    outer loop
      vertex -3.432066e+01 -2.300000e+01 -2.982340e+00
      vertex -3.464864e+01 -2.070000e+01 -2.439797e+00
      vertex -3.464864e+01 -2.300000e+01 -2.439797e+00
    endloop
  endfacet
  facet normal  9.118989e-01  -0.000000e+00  4.104150e-01
    outer loop
      vertex -3.464864e+01 -2.300000e+01 -2.439797e+00
      vertex -3.464864e+01 -2.070000e+01 -2.439797e+00
      vertex -3.490884e+01 -2.070000e+01 -1.861676e+00
    endloop
  endfacet
  facet normal  9.118989e-01  0.000000e+00  4.104150e-01
    outer loop
      vertex -3.464864e+01 -2.300000e+01 -2.439797e+00
      vertex -3.490884e+01 -2.070000e+01 -1.861676e+00
      vertex -3.490884e+01 -2.300000e+01 -1.861676e+00
    endloop
  endfacet
  facet normal  9.547205e-01  -0.000000e+00  2.975042e-01
    outer loop
      vertex -3.490884e+01 -2.300000e+01 -1.861676e+00
      vertex -3.490884e+01 -2.070000e+01 -1.861676e+00
      vertex -3.509745e+01 -2.070000e+01 -1.256407e+00
    endloop
  endfacet
  facet normal  9.547205e-01  0.000000e+00  2.975042e-01
    outer loop
      vertex -3.490884e+01 -2.300000e+01 -1.861676e+00
      vertex -3.509745e+01 -2.070000e+01 -1.256407e+00
      vertex -3.509745e+01 -2.300000e+01 -1.256407e+00
    endloop
  endfacet
  facet normal  9.836199e-01  -0.000000e+00  1.802548e-01
    outer loop
      vertex -3.509745e+01 -2.300000e+01 -1.256407e+00
      vertex -3.509745e+01 -2.070000e+01 -1.256407e+00
      vertex -3.521172e+01 -2.070000e+01 -6.328176e-01
    endloop
  endfacet
  facet normal  9.836199e-01  0.000000e+00  1.802548e-01
    outer loop
      vertex -3.509745e+01 -2.300000e+01 -1.256407e+00
      vertex -3.521172e+01 -2.070000e+01 -6.328176e-01
      vertex -3.521172e+01 -2.300000e+01 -6.328176e-01
    endloop
  endfacet
  facet normal  9.981757e-01  -0.000000e+00  6.037577e-02
    outer loop
      vertex -3.521172e+01 -2.300000e+01 -6.328176e-01
      vertex -3.521172e+01 -2.070000e+01 -6.328176e-01
      vertex -3.525000e+01 -2.070000e+01 -7.815970e-14
    endloop
  endfacet
  facet normal  9.981757e-01  0.000000e+00  6.037577e-02
    outer loop
      vertex -3.521172e+01 -2.300000e+01 -6.328176e-01
      vertex -3.525000e+01 -2.070000e+01 -7.815970e-14
      vertex -3.525000e+01 -2.300000e+01 -7.815970e-14
    endloop
  endfacet
  facet normal  6.037870e-02  -0.000000e+00  9.981756e-01
    outer loop
      vertex -3.063282e+01 -2.070000e+01 -5.211721e+00
      vertex -3.000000e+01 -2.300000e+01 -5.250000e+00
      vertex -3.000000e+01 -2.070000e+01 -5.250000e+00
    endloop
  endfacet
  facet normal -6.037870e-02  0.000000e+00  9.981756e-01
    outer loop
      vertex -3.000000e+01 -2.070000e+01 -5.250000e+00
      vertex -3.000000e+01 -2.300000e+01 -5.250000e+00
      vertex -2.936718e+01 -2.300000e+01 -5.211721e+00
    endloop
  endfacet
  facet normal -6.037870e-02  0.000000e+00  9.981756e-01
    outer loop
      vertex -3.000000e+01 -2.070000e+01 -5.250000e+00
      vertex -2.936718e+01 -2.300000e+01 -5.211721e+00
      vertex -2.936718e+01 -2.070000e+01 -5.211721e+00
    endloop
  endfacet
  facet normal -1.802551e-01  0.000000e+00  9.836199e-01
    outer loop
      vertex -2.936718e+01 -2.070000e+01 -5.211721e+00
      vertex -2.936718e+01 -2.300000e+01 -5.211721e+00
      vertex -2.874359e+01 -2.300000e+01 -5.097445e+00
    endloop
  endfacet
  facet normal -1.802551e-01  0.000000e+00  9.836199e-01
    outer loop
      vertex -2.936718e+01 -2.070000e+01 -5.211721e+00
      vertex -2.874359e+01 -2.300000e+01 -5.097445e+00
      vertex -2.874359e+01 -2.070000e+01 -5.097445e+00
    endloop
  endfacet
  facet normal -2.975028e-01  0.000000e+00  9.547209e-01
    outer loop
      vertex -2.874359e+01 -2.070000e+01 -5.097445e+00
      vertex -2.874359e+01 -2.300000e+01 -5.097445e+00
      vertex -2.813832e+01 -2.300000e+01 -4.908835e+00
    endloop
  endfacet
  facet normal -2.975028e-01  0.000000e+00  9.547209e-01
    outer loop
      vertex -2.874359e+01 -2.070000e+01 -5.097445e+00
      vertex -2.813832e+01 -2.300000e+01 -4.908835e+00
      vertex -2.813832e+01 -2.070000e+01 -4.908835e+00
    endloop
  endfacet
  facet normal -4.104131e-01  0.000000e+00  9.118997e-01
    outer loop
      vertex -2.813832e+01 -2.070000e+01 -4.908835e+00
      vertex -2.813832e+01 -2.300000e+01 -4.908835e+00
      vertex -2.756020e+01 -2.300000e+01 -4.648644e+00
    endloop
  endfacet
  facet normal -4.104131e-01  0.000000e+00  9.118997e-01
    outer loop
      vertex -2.813832e+01 -2.070000e+01 -4.908835e+00
      vertex -2.756020e+01 -2.300000e+01 -4.648644e+00
      vertex -2.756020e+01 -2.070000e+01 -4.648644e+00
    endloop
  endfacet
  facet normal -5.173374e-01  0.000000e+00  8.557815e-01
    outer loop
      vertex -2.756020e+01 -2.070000e+01 -4.648644e+00
      vertex -2.756020e+01 -2.300000e+01 -4.648644e+00
      vertex -2.701766e+01 -2.300000e+01 -4.320665e+00
    endloop
  endfacet
  facet normal -5.173374e-01  0.000000e+00  8.557815e-01
    outer loop
      vertex -2.756020e+01 -2.070000e+01 -4.648644e+00
      vertex -2.701766e+01 -2.300000e+01 -4.320665e+00
      vertex -2.701766e+01 -2.070000e+01 -4.320665e+00
    endloop
  endfacet
  facet normal -6.167189e-01  0.000000e+00  7.871835e-01
    outer loop
      vertex -2.701766e+01 -2.070000e+01 -4.320665e+00
      vertex -2.701766e+01 -2.300000e+01 -4.320665e+00
      vertex -2.651861e+01 -2.300000e+01 -3.929682e+00
    endloop
  endfacet
  facet normal -6.167189e-01  0.000000e+00  7.871835e-01
    outer loop
      vertex -2.701766e+01 -2.070000e+01 -4.320665e+00
      vertex -2.651861e+01 -2.300000e+01 -3.929682e+00
      vertex -2.651861e+01 -2.070000e+01 -3.929682e+00
    endloop
  endfacet
  facet normal -7.071064e-01  0.000000e+00  7.071071e-01
    outer loop
      vertex -2.651861e+01 -2.070000e+01 -3.929682e+00
      vertex -2.651861e+01 -2.300000e+01 -3.929682e+00
      vertex -2.607032e+01 -2.300000e+01 -3.481394e+00
    endloop
  endfacet
  facet normal -7.071064e-01  0.000000e+00  7.071071e-01
    outer loop
      vertex -2.651861e+01 -2.070000e+01 -3.929682e+00
      vertex -2.607032e+01 -2.300000e+01 -3.481394e+00
      vertex -2.607032e+01 -2.070000e+01 -3.481394e+00
    endloop
  endfacet
  facet normal -7.871838e-01  0.000000e+00  6.167185e-01
    outer loop
      vertex -2.607032e+01 -2.070000e+01 -3.481394e+00
      vertex -2.607032e+01 -2.300000e+01 -3.481394e+00
      vertex -2.567933e+01 -2.300000e+01 -2.982340e+00
    endloop
  endfacet
  facet normal -7.871838e-01  0.000000e+00  6.167185e-01
    outer loop
      vertex -2.607032e+01 -2.070000e+01 -3.481394e+00
      vertex -2.567933e+01 -2.300000e+01 -2.982340e+00
      vertex -2.567933e+01 -2.070000e+01 -2.982340e+00
    endloop
  endfacet
  facet normal -8.557818e-01  0.000000e+00  5.173371e-01
    outer loop
      vertex -2.567933e+01 -2.070000e+01 -2.982340e+00
      vertex -2.567933e+01 -2.300000e+01 -2.982340e+00
      vertex -2.535136e+01 -2.300000e+01 -2.439797e+00
    endloop
  endfacet
  facet normal -8.557818e-01  0.000000e+00  5.173371e-01
    outer loop
      vertex -2.567933e+01 -2.070000e+01 -2.982340e+00
      vertex -2.535136e+01 -2.300000e+01 -2.439797e+00
      vertex -2.535136e+01 -2.070000e+01 -2.439797e+00
    endloop
  endfacet
  facet normal -9.119000e-01  0.000000e+00  4.104125e-01
    outer loop
      vertex -2.535136e+01 -2.070000e+01 -2.439797e+00
      vertex -2.535136e+01 -2.300000e+01 -2.439797e+00
      vertex -2.509117e+01 -2.300000e+01 -1.861676e+00
    endloop
  endfacet
  facet normal -9.119000e-01  0.000000e+00  4.104125e-01
    outer loop
      vertex -2.535136e+01 -2.070000e+01 -2.439797e+00
      vertex -2.509117e+01 -2.300000e+01 -1.861676e+00
      vertex -2.509117e+01 -2.070000e+01 -1.861676e+00
    endloop
  endfacet
  facet normal -9.547205e-01  0.000000e+00  2.975042e-01
    outer loop
      vertex -2.509117e+01 -2.070000e+01 -1.861676e+00
      vertex -2.509117e+01 -2.300000e+01 -1.861676e+00
      vertex -2.490256e+01 -2.300000e+01 -1.256407e+00
    endloop
  endfacet
  facet normal -9.547205e-01  0.000000e+00  2.975042e-01
    outer loop
      vertex -2.509117e+01 -2.070000e+01 -1.861676e+00
      vertex -2.490256e+01 -2.300000e+01 -1.256407e+00
      vertex -2.490256e+01 -2.070000e+01 -1.256407e+00
    endloop
  endfacet
  facet normal -9.836199e-01  0.000000e+00  1.802548e-01
    outer loop
      vertex -2.490256e+01 -2.070000e+01 -1.256407e+00
      vertex -2.490256e+01 -2.300000e+01 -1.256407e+00
      vertex -2.478828e+01 -2.300000e+01 -6.328176e-01
    endloop
  endfacet
  facet normal -9.836199e-01  0.000000e+00  1.802548e-01
    outer loop
      vertex -2.490256e+01 -2.070000e+01 -1.256407e+00
      vertex -2.478828e+01 -2.300000e+01 -6.328176e-01
      vertex -2.478828e+01 -2.070000e+01 -6.328176e-01
    endloop
  endfacet
  facet normal -9.981756e-01  0.000000e+00  6.037877e-02
    outer loop
      vertex -2.478828e+01 -2.070000e+01 -6.328176e-01
      vertex -2.478828e+01 -2.300000e+01 -6.328176e-01
      vertex -2.475000e+01 -2.300000e+01 -7.751676e-14
    endloop
  endfacet
  facet normal -9.981756e-01  0.000000e+00  6.037877e-02
    outer loop
      vertex -2.478828e+01 -2.070000e+01 -6.328176e-01
      vertex -2.475000e+01 -2.300000e+01 -7.751676e-14
      vertex -2.475000e+01 -2.070000e+01 -7.751676e-14
    endloop
  endfacet
  facet normal -6.037870e-02  -0.000000e+00 -9.981756e-01
    outer loop
      vertex -3.000000e+01 -2.300000e+01  5.250000e+00
      vertex -2.936718e+01 -2.070000e+01  5.211721e+00
      vertex -2.936718e+01 -2.300000e+01  5.211721e+00
    endloop
  endfacet
  facet normal -1.802551e-01  0.000000e+00 -9.836199e-01
    outer loop
      vertex -2.936718e+01 -2.300000e+01  5.211721e+00
      vertex -2.936718e+01 -2.070000e+01  5.211721e+00
      vertex -2.874359e+01 -2.070000e+01  5.097445e+00
    endloop
  endfacet
  facet normal -1.802551e-01  -0.000000e+00 -9.836199e-01
    outer loop
      vertex -2.936718e+01 -2.300000e+01  5.211721e+00
      vertex -2.874359e+01 -2.070000e+01  5.097445e+00
      vertex -2.874359e+01 -2.300000e+01  5.097445e+00
    endloop
  endfacet
  facet normal -2.975028e-01  0.000000e+00 -9.547209e-01
    outer loop
      vertex -2.874359e+01 -2.300000e+01  5.097445e+00
      vertex -2.874359e+01 -2.070000e+01  5.097445e+00
      vertex -2.813832e+01 -2.070000e+01  4.908835e+00
    endloop
  endfacet
  facet normal -2.975028e-01  -0.000000e+00 -9.547209e-01
    outer loop
      vertex -2.874359e+01 -2.300000e+01  5.097445e+00
      vertex -2.813832e+01 -2.070000e+01  4.908835e+00
      vertex -2.813832e+01 -2.300000e+01  4.908835e+00
    endloop
  endfacet
  facet normal -4.104131e-01  0.000000e+00 -9.118997e-01
    outer loop
      vertex -2.813832e+01 -2.300000e+01  4.908835e+00
      vertex -2.813832e+01 -2.070000e+01  4.908835e+00
      vertex -2.756020e+01 -2.070000e+01  4.648644e+00
    endloop
  endfacet
  facet normal -4.104131e-01  -0.000000e+00 -9.118997e-01
    outer loop
      vertex -2.813832e+01 -2.300000e+01  4.908835e+00
      vertex -2.756020e+01 -2.070000e+01  4.648644e+00
      vertex -2.756020e+01 -2.300000e+01  4.648644e+00
    endloop
  endfacet
  facet normal -5.173374e-01  0.000000e+00 -8.557815e-01
    outer loop
      vertex -2.756020e+01 -2.300000e+01  4.648644e+00
      vertex -2.756020e+01 -2.070000e+01  4.648644e+00
      vertex -2.701766e+01 -2.070000e+01  4.320665e+00
    endloop
  endfacet
  facet normal -5.173374e-01  -0.000000e+00 -8.557815e-01
    outer loop
      vertex -2.756020e+01 -2.300000e+01  4.648644e+00
      vertex -2.701766e+01 -2.070000e+01  4.320665e+00
      vertex -2.701766e+01 -2.300000e+01  4.320665e+00
    endloop
  endfacet
  facet normal -6.167189e-01  0.000000e+00 -7.871835e-01
    outer loop
      vertex -2.701766e+01 -2.300000e+01  4.320665e+00
      vertex -2.701766e+01 -2.070000e+01  4.320665e+00
      vertex -2.651861e+01 -2.070000e+01  3.929682e+00
    endloop
  endfacet
  facet normal -6.167189e-01  -0.000000e+00 -7.871835e-01
    outer loop
      vertex -2.701766e+01 -2.300000e+01  4.320665e+00
      vertex -2.651861e+01 -2.070000e+01  3.929682e+00
      vertex -2.651861e+01 -2.300000e+01  3.929682e+00
    endloop
  endfacet
  facet normal -7.071064e-01  0.000000e+00 -7.071071e-01
    outer loop
      vertex -2.651861e+01 -2.300000e+01  3.929682e+00
      vertex -2.651861e+01 -2.070000e+01  3.929682e+00
      vertex -2.607032e+01 -2.070000e+01  3.481394e+00
    endloop
  endfacet
  facet normal -7.071064e-01  -0.000000e+00 -7.071071e-01
    outer loop
      vertex -2.651861e+01 -2.300000e+01  3.929682e+00
      vertex -2.607032e+01 -2.070000e+01  3.481394e+00
      vertex -2.607032e+01 -2.300000e+01  3.481394e+00
    endloop
  endfacet
  facet normal -7.871838e-01  0.000000e+00 -6.167185e-01
    outer loop
      vertex -2.607032e+01 -2.300000e+01  3.481394e+00
      vertex -2.607032e+01 -2.070000e+01  3.481394e+00
      vertex -2.567933e+01 -2.070000e+01  2.982340e+00
    endloop
  endfacet
  facet normal -7.871838e-01  -0.000000e+00 -6.167185e-01
    outer loop
      vertex -2.607032e+01 -2.300000e+01  3.481394e+00
      vertex -2.567933e+01 -2.070000e+01  2.982340e+00
      vertex -2.567933e+01 -2.300000e+01  2.982340e+00
    endloop
  endfacet
  facet normal -8.557818e-01  0.000000e+00 -5.173371e-01
    outer loop
      vertex -2.567933e+01 -2.300000e+01  2.982340e+00
      vertex -2.567933e+01 -2.070000e+01  2.982340e+00
      vertex -2.535136e+01 -2.070000e+01  2.439797e+00
    endloop
  endfacet
  facet normal -8.557818e-01  -0.000000e+00 -5.173371e-01
    outer loop
      vertex -2.567933e+01 -2.300000e+01  2.982340e+00
      vertex -2.535136e+01 -2.070000e+01  2.439797e+00
      vertex -2.535136e+01 -2.300000e+01  2.439797e+00
    endloop
  endfacet
  facet normal -9.119000e-01  0.000000e+00 -4.104125e-01
    outer loop
      vertex -2.535136e+01 -2.300000e+01  2.439797e+00
      vertex -2.535136e+01 -2.070000e+01  2.439797e+00
      vertex -2.509117e+01 -2.070000e+01  1.861676e+00
    endloop
  endfacet
  facet normal -9.119000e-01  -0.000000e+00 -4.104125e-01
    outer loop
      vertex -2.535136e+01 -2.300000e+01  2.439797e+00
      vertex -2.509117e+01 -2.070000e+01  1.861676e+00
      vertex -2.509117e+01 -2.300000e+01  1.861676e+00
    endloop
  endfacet
  facet normal -9.547205e-01  0.000000e+00 -2.975042e-01
    outer loop
      vertex -2.509117e+01 -2.300000e+01  1.861676e+00
      vertex -2.509117e+01 -2.070000e+01  1.861676e+00
      vertex -2.490256e+01 -2.070000e+01  1.256407e+00
    endloop
  endfacet
  facet normal -9.547205e-01  -0.000000e+00 -2.975042e-01
    outer loop
      vertex -2.509117e+01 -2.300000e+01  1.861676e+00
      vertex -2.490256e+01 -2.070000e+01  1.256407e+00
      vertex -2.490256e+01 -2.300000e+01  1.256407e+00
    endloop
  endfacet
  facet normal -9.836199e-01  0.000000e+00 -1.802548e-01
    outer loop
      vertex -2.490256e+01 -2.300000e+01  1.256407e+00
      vertex -2.490256e+01 -2.070000e+01  1.256407e+00
      vertex -2.478828e+01 -2.070000e+01  6.328176e-01
    endloop
  endfacet
  facet normal -9.836199e-01  -0.000000e+00 -1.802548e-01
    outer loop
      vertex -2.490256e+01 -2.300000e+01  1.256407e+00
      vertex -2.478828e+01 -2.070000e+01  6.328176e-01
      vertex -2.478828e+01 -2.300000e+01  6.328176e-01
    endloop
  endfacet
  facet normal -9.981756e-01  0.000000e+00 -6.037877e-02
    outer loop
      vertex -2.478828e+01 -2.300000e+01  6.328176e-01
      vertex -2.478828e+01 -2.070000e+01  6.328176e-01
      vertex -2.475000e+01 -2.070000e+01 -7.751676e-14
    endloop
  endfacet
  facet normal -9.981756e-01  -0.000000e+00 -6.037877e-02
    outer loop
      vertex -2.478828e+01 -2.300000e+01  6.328176e-01
      vertex -2.475000e+01 -2.070000e+01 -7.751676e-14
      vertex -2.475000e+01 -2.300000e+01 -7.751676e-14
    endloop
  endfacet
  facet normal -6.037870e-02  0.000000e+00 -9.981756e-01
    outer loop
      vertex -2.936718e+01 -2.070000e+01  5.211721e+00
      vertex -3.000000e+01 -2.300000e+01  5.250000e+00
      vertex -3.000000e+01 -2.070000e+01  5.250000e+00
    endloop
  endfacet
  facet normal  6.037870e-02  0.000000e+00 -9.981756e-01
    outer loop
      vertex -3.000000e+01 -2.070000e+01  5.250000e+00
      vertex -3.000000e+01 -2.300000e+01  5.250000e+00
      vertex -3.063282e+01 -2.300000e+01  5.211721e+00
    endloop
  endfacet
  facet normal  6.037870e-02  0.000000e+00 -9.981756e-01
    outer loop
      vertex -3.000000e+01 -2.070000e+01  5.250000e+00
      vertex -3.063282e+01 -2.300000e+01  5.211721e+00
      vertex -3.063282e+01 -2.070000e+01  5.211721e+00
    endloop
  endfacet
  facet normal  1.802551e-01  0.000000e+00 -9.836199e-01
    outer loop
      vertex -3.063282e+01 -2.070000e+01  5.211721e+00
      vertex -3.063282e+01 -2.300000e+01  5.211721e+00
      vertex -3.125641e+01 -2.300000e+01  5.097445e+00
    endloop
  endfacet
  facet normal  1.802551e-01  0.000000e+00 -9.836199e-01
    outer loop
      vertex -3.063282e+01 -2.070000e+01  5.211721e+00
      vertex -3.125641e+01 -2.300000e+01  5.097445e+00
      vertex -3.125641e+01 -2.070000e+01  5.097445e+00
    endloop
  endfacet
  facet normal  2.975028e-01  0.000000e+00 -9.547209e-01
    outer loop
      vertex -3.125641e+01 -2.070000e+01  5.097445e+00
      vertex -3.125641e+01 -2.300000e+01  5.097445e+00
      vertex -3.186168e+01 -2.300000e+01  4.908835e+00
    endloop
  endfacet
  facet normal  2.975028e-01  0.000000e+00 -9.547209e-01
    outer loop
      vertex -3.125641e+01 -2.070000e+01  5.097445e+00
      vertex -3.186168e+01 -2.300000e+01  4.908835e+00
      vertex -3.186168e+01 -2.070000e+01  4.908835e+00
    endloop
  endfacet
  facet normal  4.104131e-01  0.000000e+00 -9.118997e-01
    outer loop
      vertex -3.186168e+01 -2.070000e+01  4.908835e+00
      vertex -3.186168e+01 -2.300000e+01  4.908835e+00
      vertex -3.243980e+01 -2.300000e+01  4.648644e+00
    endloop
  endfacet
  facet normal  4.104131e-01  0.000000e+00 -9.118997e-01
    outer loop
      vertex -3.186168e+01 -2.070000e+01  4.908835e+00
      vertex -3.243980e+01 -2.300000e+01  4.648644e+00
      vertex -3.243980e+01 -2.070000e+01  4.648644e+00
    endloop
  endfacet
  facet normal  5.173361e-01  0.000000e+00 -8.557823e-01
    outer loop
      vertex -3.243980e+01 -2.070000e+01  4.648644e+00
      vertex -3.243980e+01 -2.300000e+01  4.648644e+00
      vertex -3.298234e+01 -2.300000e+01  4.320665e+00
    endloop
  endfacet
  facet normal  5.173361e-01  0.000000e+00 -8.557823e-01
    outer loop
      vertex -3.243980e+01 -2.070000e+01  4.648644e+00
      vertex -3.298234e+01 -2.300000e+01  4.320665e+00
      vertex -3.298234e+01 -2.070000e+01  4.320665e+00
    endloop
  endfacet
  facet normal  6.167189e-01  0.000000e+00 -7.871835e-01
    outer loop
      vertex -3.298234e+01 -2.070000e+01  4.320665e+00
      vertex -3.298234e+01 -2.300000e+01  4.320665e+00
      vertex -3.348140e+01 -2.300000e+01  3.929682e+00
    endloop
  endfacet
  facet normal  6.167189e-01  0.000000e+00 -7.871835e-01
    outer loop
      vertex -3.298234e+01 -2.070000e+01  4.320665e+00
      vertex -3.348140e+01 -2.300000e+01  3.929682e+00
      vertex -3.348140e+01 -2.070000e+01  3.929682e+00
    endloop
  endfacet
  facet normal  7.071094e-01  0.000000e+00 -7.071041e-01
    outer loop
      vertex -3.348140e+01 -2.070000e+01  3.929682e+00
      vertex -3.348140e+01 -2.300000e+01  3.929682e+00
      vertex -3.392968e+01 -2.300000e+01  3.481394e+00
    endloop
  endfacet
  facet normal  7.071094e-01  0.000000e+00 -7.071041e-01
    outer loop
      vertex -3.348140e+01 -2.070000e+01  3.929682e+00
      vertex -3.392968e+01 -2.300000e+01  3.481394e+00
      vertex -3.392968e+01 -2.070000e+01  3.481394e+00
    endloop
  endfacet
  facet normal  7.871838e-01  0.000000e+00 -6.167185e-01
    outer loop
      vertex -3.392968e+01 -2.070000e+01  3.481394e+00
      vertex -3.392968e+01 -2.300000e+01  3.481394e+00
      vertex -3.432066e+01 -2.300000e+01  2.982340e+00
    endloop
  endfacet
  facet normal  7.871838e-01  0.000000e+00 -6.167185e-01
    outer loop
      vertex -3.392968e+01 -2.070000e+01  3.481394e+00
      vertex -3.432066e+01 -2.300000e+01  2.982340e+00
      vertex -3.432066e+01 -2.070000e+01  2.982340e+00
    endloop
  endfacet
  facet normal  8.557804e-01  0.000000e+00 -5.173393e-01
    outer loop
      vertex -3.432066e+01 -2.070000e+01  2.982340e+00
      vertex -3.432066e+01 -2.300000e+01  2.982340e+00
      vertex -3.464864e+01 -2.300000e+01  2.439797e+00
    endloop
  endfacet
  facet normal  8.557804e-01  0.000000e+00 -5.173393e-01
    outer loop
      vertex -3.432066e+01 -2.070000e+01  2.982340e+00
      vertex -3.464864e+01 -2.300000e+01  2.439797e+00
      vertex -3.464864e+01 -2.070000e+01  2.439797e+00
    endloop
  endfacet
  facet normal  9.118989e-01  0.000000e+00 -4.104150e-01
    outer loop
      vertex -3.464864e+01 -2.070000e+01  2.439797e+00
      vertex -3.464864e+01 -2.300000e+01  2.439797e+00
      vertex -3.490884e+01 -2.300000e+01  1.861676e+00
    endloop
  endfacet
  facet normal  9.118989e-01  0.000000e+00 -4.104150e-01
    outer loop
      vertex -3.464864e+01 -2.070000e+01  2.439797e+00
      vertex -3.490884e+01 -2.300000e+01  1.861676e+00
      vertex -3.490884e+01 -2.070000e+01  1.861676e+00
    endloop
  endfacet
  facet normal  9.547205e-01  0.000000e+00 -2.975042e-01
    outer loop
      vertex -3.490884e+01 -2.070000e+01  1.861676e+00
      vertex -3.490884e+01 -2.300000e+01  1.861676e+00
      vertex -3.509745e+01 -2.300000e+01  1.256407e+00
    endloop
  endfacet
  facet normal  9.547205e-01  0.000000e+00 -2.975042e-01
    outer loop
      vertex -3.490884e+01 -2.070000e+01  1.861676e+00
      vertex -3.509745e+01 -2.300000e+01  1.256407e+00
      vertex -3.509745e+01 -2.070000e+01  1.256407e+00
    endloop
  endfacet
  facet normal  9.836199e-01  0.000000e+00 -1.802548e-01
    outer loop
      vertex -3.509745e+01 -2.070000e+01  1.256407e+00
      vertex -3.509745e+01 -2.300000e+01  1.256407e+00
      vertex -3.521172e+01 -2.300000e+01  6.328176e-01
    endloop
  endfacet
  facet normal  9.836199e-01  0.000000e+00 -1.802548e-01
    outer loop
      vertex -3.509745e+01 -2.070000e+01  1.256407e+00
      vertex -3.521172e+01 -2.300000e+01  6.328176e-01
      vertex -3.521172e+01 -2.070000e+01  6.328176e-01
    endloop
  endfacet
  facet normal  9.981757e-01  0.000000e+00 -6.037577e-02
    outer loop
      vertex -3.521172e+01 -2.070000e+01  6.328176e-01
      vertex -3.521172e+01 -2.300000e+01  6.328176e-01
      vertex -3.525000e+01 -2.300000e+01 -7.815970e-14
    endloop
  endfacet
  facet normal  9.981757e-01  0.000000e+00 -6.037577e-02
    outer loop
      vertex -3.521172e+01 -2.070000e+01  6.328176e-01
      vertex -3.525000e+01 -2.300000e+01 -7.815970e-14
      vertex -3.525000e+01 -2.070000e+01 -7.815970e-14
    endloop
  endfacet
  facet normal  0.000000e+00  1.000000e+00  0.000000e+00
    outer loop
      vertex -2.852179e+01 -1.800000e+01 -1.361229e+01
      vertex -2.843074e+01 -1.800000e+01 -1.331214e+01
      vertex -2.830141e+01 -1.800000e+01 -1.616098e+01
    endloop
  endfacet
  facet normal  0.000000e+00  1.000000e+00  0.000000e+00
    outer loop
      vertex -3.000000e+01 -1.800000e+01 -1.460000e+01
      vertex -2.968785e+01 -1.800000e+01 -1.456926e+01
      vertex -3.056712e+01 -1.800000e+01 -1.624010e+01
    endloop
  endfacet
  facet normal  0.000000e+00  1.000000e+00  0.000000e+00
    outer loop
      vertex -3.031215e+01 -1.800000e+01 -1.456926e+01
      vertex -3.000000e+01 -1.800000e+01 -1.460000e+01
      vertex -3.056712e+01 -1.800000e+01 -1.624010e+01
    endloop
  endfacet
  facet normal  0.000000e+00  1.000000e+00  0.000000e+00
    outer loop
      vertex -3.056712e+01 -1.800000e+01 -1.624010e+01
      vertex -3.061229e+01 -1.800000e+01 -1.447821e+01
      vertex -3.031215e+01 -1.800000e+01 -1.456926e+01
    endloop
  endfacet
  facet normal  0.000000e+00  1.000000e+00  0.000000e+00
    outer loop
      vertex -1.552179e+01 -1.800000e+01 -6.122935e-01
      vertex -1.543074e+01 -1.800000e+01 -3.121445e-01
      vertex -1.565210e+01 -1.800000e+01 -7.628913e+00
    endloop
  endfacet
  facet normal  -0.000000e+00  1.000000e+00  0.000000e+00
    outer loop
      vertex -1.565210e+01 -1.800000e+01 -7.628913e+00
      vertex -1.566965e+01 -1.800000e+01 -8.889124e-01
      vertex -1.552179e+01 -1.800000e+01 -6.122935e-01
    endloop
  endfacet
  facet normal  0.000000e+00  9.999999e-01  0.000000e+00
    outer loop
      vertex -1.755178e+01 -1.800000e+01 -1.044530e+01
      vertex -1.761229e+01 -1.800000e+01 -1.478207e+00
      vertex -1.731215e+01 -1.800000e+01 -1.569256e+00
    endloop
  endfacet
  facet normal  0.000000e+00  1.000000e+00  0.000000e+00
    outer loop
      vertex -1.831073e+01 -1.800000e+01 -1.128820e+01
      vertex -1.833035e+01 -1.800000e+01 -8.889124e-01
      vertex -1.813137e+01 -1.800000e+01 -1.131371e+00
    endloop
  endfacet
  facet normal  0.000000e+00  9.999999e-01  0.000000e+00
    outer loop
      vertex -2.956257e+01 -1.800000e+01 -9.740182e+00
      vertex -2.911109e+01 -1.800000e+01 -1.166965e+01
      vertex -2.938771e+01 -1.800000e+01 -1.152179e+01
    endloop
  endfacet
  facet normal  0.000000e+00  1.000000e+00  0.000000e+00
    outer loop
      vertex -2.968785e+01 -1.800000e+01 -1.143074e+01
      vertex -2.956257e+01 -1.800000e+01 -9.740182e+00
      vertex -2.938771e+01 -1.800000e+01 -1.152179e+01
    endloop
  endfacet
  facet normal  0.000000e+00  9.999999e-01  0.000000e+00
    outer loop
      vertex -3.088891e+01 -1.800000e+01 -1.166965e+01
      vertex -3.130877e+01 -1.800000e+01 -9.661760e+00
      vertex -3.061229e+01 -1.800000e+01 -1.152179e+01
    endloop
  endfacet
  facet normal  0.000000e+00  1.000000e+00  0.000000e+00
    outer loop
      vertex -3.130877e+01 -1.800000e+01 -9.661760e+00
      vertex -3.088891e+01 -1.800000e+01 -1.166965e+01
      vertex -3.113137e+01 -1.800000e+01 -1.186863e+01
    endloop
  endfacet
  facet normal  0.000000e+00  1.000000e+00  0.000000e+00
    outer loop
      vertex -3.133035e+01 -1.800000e+01 -1.211109e+01
      vertex -3.130877e+01 -1.800000e+01 -9.661760e+00
      vertex -3.113137e+01 -1.800000e+01 -1.186863e+01
    endloop
  endfacet
  facet normal  0.000000e+00  9.999999e-01  0.000000e+00
    outer loop
      vertex -4.211109e+01 -1.800000e+01 -1.330351e+00
      vertex -4.186863e+01 -1.800000e+01 -1.131371e+00
      vertex -4.244822e+01 -1.800000e+01 -1.044530e+01
    endloop
  endfacet
  facet normal  0.000000e+00  1.000000e+00  0.000000e+00
    outer loop
      vertex -4.361229e+01 -1.800000e+01 -1.478207e+00
      vertex -4.331215e+01 -1.800000e+01 -1.569256e+00
      vertex -4.378078e+01 -1.800000e+01 -8.611188e+00
    endloop
  endfacet
  facet normal  0.000000e+00  1.000000e+00  0.000000e+00
    outer loop
      vertex -4.378078e+01 -1.800000e+01 -8.611188e+00
      vertex -4.388891e+01 -1.800000e+01 -1.330351e+00
      vertex -4.361229e+01 -1.800000e+01 -1.478207e+00
    endloop
  endfacet
  facet normal  0.000000e+00  1.000000e+00  0.000000e+00
    outer loop
      vertex -4.460000e+01 -1.800000e+01 -3.271292e-15
      vertex -4.456926e+01 -1.800000e+01 -3.121445e-01
      vertex -4.484511e+01 -1.800000e+01 -6.609470e+00
    endloop
  endfacet
  facet normal  0.000000e+00  1.000000e+00  0.000000e+00
    outer loop
      vertex -1.668785e+01 -1.800000e+01  1.569256e+00
      vertex -1.685347e+01 -1.800000e+01  9.551511e+00
      vertex -1.638771e+01 -1.800000e+01  1.478207e+00
    endloop
  endfacet
  facet normal  0.000000e+00  9.999999e-01  0.000000e+00
    outer loop
      vertex -1.761229e+01 -1.800000e+01  1.478207e+00
      vertex -1.755178e+01 -1.800000e+01  1.044530e+01
      vertex -1.731215e+01 -1.800000e+01  1.569256e+00
    endloop
  endfacet
  facet normal  0.000000e+00  9.999999e-01  0.000000e+00
    outer loop
      vertex -2.938771e+01 -1.800000e+01  1.152179e+01
      vertex -2.911109e+01 -1.800000e+01  1.166965e+01
      vertex -2.956257e+01 -1.800000e+01  9.740182e+00
    endloop
  endfacet
  facet normal  -0.000000e+00  1.000000e+00  0.000000e+00
    outer loop
      vertex -2.956257e+01 -1.800000e+01  9.740182e+00
      vertex -2.968785e+01 -1.800000e+01  1.143074e+01
      vertex -2.938771e+01 -1.800000e+01  1.152179e+01
    endloop
  endfacet
  facet normal  0.000000e+00  1.000000e+00  0.000000e+00
    outer loop
      vertex -3.113137e+01 -1.800000e+01  1.186863e+01
      vertex -3.088891e+01 -1.800000e+01  1.166965e+01
      vertex -3.130877e+01 -1.800000e+01  9.661760e+00
    endloop
  endfacet
  facet normal  0.000000e+00  1.000000e+00  0.000000e+00
    outer loop
      vertex -3.130877e+01 -1.800000e+01  9.661760e+00
      vertex -3.133035e+01 -1.800000e+01  1.211109e+01
      vertex -3.113137e+01 -1.800000e+01  1.186863e+01
    endloop
  endfacet
  facet normal  0.000000e+00  1.000000e+00  0.000000e+00
    outer loop
      vertex -4.211109e+01 -1.800000e+01  1.330351e+00
      vertex -4.244822e+01 -1.800000e+01  1.044530e+01
      vertex -4.186863e+01 -1.800000e+01  1.131371e+00
    endloop
  endfacet
  facet normal  0.000000e+00  1.000000e+00  0.000000e+00
    outer loop
      vertex -4.361229e+01 -1.800000e+01  1.478207e+00
      vertex -4.378078e+01 -1.800000e+01  8.611188e+00
      vertex -4.331215e+01 -1.800000e+01  1.569256e+00
    endloop
  endfacet
  facet normal  0.000000e+00  1.000000e+00  0.000000e+00
    outer loop
      vertex -4.388891e+01 -1.800000e+01  1.330351e+00
      vertex -4.378078e+01 -1.800000e+01  8.611188e+00
      vertex -4.361229e+01 -1.800000e+01  1.478207e+00
    endloop
  endfacet
  facet normal  0.000000e+00  1.000000e+00  0.000000e+00
    outer loop
      vertex -4.456926e+01 -1.800000e+01  3.121445e-01
      vertex -4.484511e+01 -1.800000e+01  6.609470e+00
      vertex -4.447821e+01 -1.800000e+01  6.122935e-01
    endloop
  endfacet
  facet normal  0.000000e+00  1.000000e+00  -0.000000e+00
    outer loop
      vertex -4.456926e+01 -1.800000e+01  3.121445e-01
      vertex -4.460000e+01 -1.800000e+01 -3.271292e-15
      vertex -4.484511e+01 -1.800000e+01  6.609470e+00
    endloop
  endfacet
  facet normal  0.000000e+00  1.000000e+00  0.000000e+00
    outer loop
      vertex -3.000000e+01 -1.800000e+01  1.460000e+01
      vertex -3.056712e+01 -1.800000e+01  1.624010e+01
      vertex -2.968785e+01 -1.800000e+01  1.456926e+01
    endloop
  endfacet
  facet normal  0.000000e+00  1.000000e+00  0.000000e+00
    outer loop
      vertex -3.056712e+01 -1.800000e+01  1.624010e+01
      vertex -3.000000e+01 -1.800000e+01  1.460000e+01
      vertex -3.031215e+01 -1.800000e+01  1.456926e+01
    endloop
  endfacet
  facet normal  0.000000e+00  1.000000e+00  0.000000e+00
    outer loop
      vertex -3.061229e+01 -1.800000e+01  1.447821e+01
      vertex -3.056712e+01 -1.800000e+01  1.624010e+01
      vertex -3.031215e+01 -1.800000e+01  1.456926e+01
    endloop
  endfacet
  facet normal  0.000000e+00  1.000000e+00  0.000000e+00
    outer loop
      vertex -1.999550e+01 -1.800000e+01  1.280517e+01
      vertex -1.912663e+01 -1.800000e+01  1.207610e+01
      vertex -1.860000e+01 -1.800000e+01  5.305196e-15
    endloop
  endfacet
  facet normal  0.000000e+00  1.000000e+00  0.000000e+00
    outer loop
      vertex -1.999550e+01 -1.800000e+01  1.280517e+01
      vertex -1.860000e+01 -1.800000e+01  5.305196e-15
      vertex -2.025000e+01 -1.800000e+01 -7.838175e-14
    endloop
  endfacet
  facet normal  0.000000e+00  1.000000e+00  -0.000000e+00
    outer loop
      vertex -1.999550e+01 -1.800000e+01  1.280517e+01
      vertex -2.025000e+01 -1.800000e+01 -7.838175e-14
      vertex -2.028925e+01 -1.800000e+01  8.739833e-01
    endloop
  endfacet
  facet normal  0.000000e+00  1.000000e+00  -0.000000e+00
    outer loop
      vertex -1.999550e+01 -1.800000e+01  1.280517e+01
      vertex -2.028925e+01 -1.800000e+01  8.739833e-01
      vertex -2.040669e+01 -1.800000e+01  1.740930e+00
    endloop
  endfacet
  facet normal  0.000000e+00  1.000000e+00  -0.000000e+00
    outer loop
      vertex -1.999550e+01 -1.800000e+01  1.280517e+01
      vertex -2.040669e+01 -1.800000e+01  1.740930e+00
      vertex -2.060136e+01 -1.800000e+01  2.593859e+00
    endloop
  endfacet
  facet normal  0.000000e+00  1.000000e+00  -0.000000e+00
    outer loop
      vertex -1.999550e+01 -1.800000e+01  1.280517e+01
      vertex -2.060136e+01 -1.800000e+01  2.593859e+00
      vertex -2.087171e+01 -1.800000e+01  3.425905e+00
    endloop
  endfacet
  facet normal  0.000000e+00  1.000000e+00  -0.000000e+00
    outer loop
      vertex -1.999550e+01 -1.800000e+01  1.280517e+01
      vertex -2.087171e+01 -1.800000e+01  3.425905e+00
      vertex -2.121555e+01 -1.800000e+01  4.230366e+00
    endloop
  endfacet
  facet normal  0.000000e+00  1.000000e+00  -0.000000e+00
    outer loop
      vertex -1.999550e+01 -1.800000e+01  1.280517e+01
      vertex -2.121555e+01 -1.800000e+01  4.230366e+00
      vertex -2.163013e+01 -1.800000e+01  5.000768e+00
    endloop
  endfacet
  facet normal  0.000000e+00  9.999999e-01  -0.000000e+00
    outer loop
      vertex -1.999550e+01 -1.800000e+01  1.280517e+01
      vertex -2.163013e+01 -1.800000e+01  5.000768e+00
      vertex -2.211208e+01 -1.800000e+01  5.730906e+00
    endloop
  endfacet
  facet normal  0.000000e+00  1.000000e+00  -0.000000e+00
    outer loop
      vertex -1.999550e+01 -1.800000e+01  1.280517e+01
      vertex -2.211208e+01 -1.800000e+01  5.730906e+00
      vertex -2.265755e+01 -1.800000e+01  6.414903e+00
    endloop
  endfacet
  facet normal  0.000000e+00  1.000000e+00  -0.000000e+00
    outer loop
      vertex -1.999550e+01 -1.800000e+01  1.280517e+01
      vertex -2.265755e+01 -1.800000e+01  6.414903e+00
      vertex -2.840000e+01 -1.800000e+01  1.300000e+01
    endloop
  endfacet
  facet normal  -0.000000e+00  1.000000e+00  0.000000e+00
    outer loop
      vertex -1.999550e+01 -1.800000e+01  1.280517e+01
      vertex -2.840000e+01 -1.800000e+01  1.300000e+01
      vertex -2.091311e+01 -1.800000e+01  1.347186e+01
    endloop
  endfacet
  facet normal  0.000000e+00  1.000000e+00  0.000000e+00
    outer loop
      vertex -4.000450e+01 -1.800000e+01  1.280517e+01
      vertex -3.908688e+01 -1.800000e+01  1.347186e+01
      vertex -3.160000e+01 -1.800000e+01  1.300000e+01
    endloop
  endfacet
  facet normal  0.000000e+00  1.000000e+00  0.000000e+00
    outer loop
      vertex -4.000450e+01 -1.800000e+01  1.280517e+01
      vertex -3.160000e+01 -1.800000e+01  1.300000e+01
      vertex -3.216958e+01 -1.800000e+01  9.505548e+00
    endloop
  endfacet
  facet normal  0.000000e+00  1.000000e+00  0.000000e+00
    outer loop
      vertex -4.000450e+01 -1.800000e+01  1.280517e+01
      vertex -3.216958e+01 -1.800000e+01  9.505548e+00
      vertex -3.301292e+01 -1.800000e+01  9.272801e+00
    endloop
  endfacet
  facet normal  0.000000e+00  1.000000e+00  0.000000e+00
    outer loop
      vertex -4.000450e+01 -1.800000e+01  1.280517e+01
      vertex -3.301292e+01 -1.800000e+01  9.272801e+00
      vertex -3.383199e+01 -1.800000e+01  8.965396e+00
    endloop
  endfacet
  facet normal  0.000000e+00  1.000000e+00  0.000000e+00
    outer loop
      vertex -4.000450e+01 -1.800000e+01  1.280517e+01
      vertex -3.383199e+01 -1.800000e+01  8.965396e+00
      vertex -3.462022e+01 -1.800000e+01  8.585807e+00
    endloop
  endfacet
  facet normal  0.000000e+00  1.000000e+00  0.000000e+00
    outer loop
      vertex -4.000450e+01 -1.800000e+01  1.280517e+01
      vertex -3.462022e+01 -1.800000e+01  8.585807e+00
      vertex -3.537125e+01 -1.800000e+01  8.137089e+00
    endloop
  endfacet
  facet normal  0.000000e+00  9.999999e-01  0.000000e+00
    outer loop
      vertex -4.000450e+01 -1.800000e+01  1.280517e+01
      vertex -3.537125e+01 -1.800000e+01  8.137089e+00
      vertex -3.607903e+01 -1.800000e+01  7.622857e+00
    endloop
  endfacet
  facet normal  0.000000e+00  1.000000e+00  0.000000e+00
    outer loop
      vertex -4.000450e+01 -1.800000e+01  1.280517e+01
      vertex -3.607903e+01 -1.800000e+01  7.622857e+00
      vertex -3.673786e+01 -1.800000e+01  7.047250e+00
    endloop
  endfacet
  facet normal  0.000000e+00  1.000000e+00  0.000000e+00
    outer loop
      vertex -4.000450e+01 -1.800000e+01  1.280517e+01
      vertex -3.673786e+01 -1.800000e+01  7.047250e+00
      vertex -3.734245e+01 -1.800000e+01  6.414903e+00
    endloop
  endfacet
  facet normal  0.000000e+00  1.000000e+00  0.000000e+00
    outer loop
      vertex -4.000450e+01 -1.800000e+01  1.280517e+01
      vertex -3.734245e+01 -1.800000e+01  6.414903e+00
      vertex -3.788792e+01 -1.800000e+01  5.730906e+00
    endloop
  endfacet
  facet normal  0.000000e+00  1.000000e+00  0.000000e+00
    outer loop
      vertex -4.000450e+01 -1.800000e+01  1.280517e+01
      vertex -3.788792e+01 -1.800000e+01  5.730906e+00
      vertex -3.836988e+01 -1.800000e+01  5.000768e+00
    endloop
  endfacet
  facet normal  0.000000e+00  1.000000e+00  0.000000e+00
    outer loop
      vertex -4.000450e+01 -1.800000e+01  1.280517e+01
      vertex -3.836988e+01 -1.800000e+01  5.000768e+00
      vertex -3.878445e+01 -1.800000e+01  4.230366e+00
    endloop
  endfacet
  facet normal  0.000000e+00  1.000000e+00  0.000000e+00
    outer loop
      vertex -4.000450e+01 -1.800000e+01  1.280517e+01
      vertex -3.878445e+01 -1.800000e+01  4.230366e+00
      vertex -3.912829e+01 -1.800000e+01  3.425905e+00
    endloop
  endfacet
  facet normal  0.000000e+00  1.000000e+00  0.000000e+00
    outer loop
      vertex -4.000450e+01 -1.800000e+01  1.280517e+01
      vertex -3.912829e+01 -1.800000e+01  3.425905e+00
      vertex -3.939864e+01 -1.800000e+01  2.593859e+00
    endloop
  endfacet
  facet normal  0.000000e+00  9.999999e-01  0.000000e+00
    outer loop
      vertex -4.000450e+01 -1.800000e+01  1.280517e+01
      vertex -3.939864e+01 -1.800000e+01  2.593859e+00
      vertex -3.959332e+01 -1.800000e+01  1.740930e+00
    endloop
  endfacet
  facet normal  0.000000e+00  9.999999e-01  0.000000e+00
    outer loop
      vertex -4.000450e+01 -1.800000e+01  1.280517e+01
      vertex -3.959332e+01 -1.800000e+01  1.740930e+00
      vertex -3.971075e+01 -1.800000e+01  8.739833e-01
    endloop
  endfacet
  facet normal  0.000000e+00  1.000000e+00  0.000000e+00
    outer loop
      vertex -4.000450e+01 -1.800000e+01  1.280517e+01
      vertex -3.971075e+01 -1.800000e+01  8.739833e-01
      vertex -3.975000e+01 -1.800000e+01 -7.718771e-14
    endloop
  endfacet
  facet normal  0.000000e+00  9.999999e-01  0.000000e+00
    outer loop
      vertex -4.000450e+01 -1.800000e+01  1.280517e+01
      vertex -3.975000e+01 -1.800000e+01 -7.718771e-14
      vertex -4.140000e+01 -1.800000e+01 -3.148580e-15
    endloop
  endfacet
  facet normal  0.000000e+00  1.000000e+00  0.000000e+00
    outer loop
      vertex -4.000450e+01 -1.800000e+01  1.280517e+01
      vertex -4.140000e+01 -1.800000e+01 -3.148580e-15
      vertex -4.087337e+01 -1.800000e+01  1.207610e+01
    endloop
  endfacet
  facet normal  -0.000000e+00  1.000000e+00  0.000000e+00
    outer loop
      vertex -3.160000e+01 -1.800000e+01  1.300000e+01
      vertex -3.908688e+01 -1.800000e+01  1.347186e+01
      vertex -3.812500e+01 -1.800000e+01  1.407291e+01
    endloop
  endfacet
  facet normal  -0.000000e+00  1.000000e+00  0.000000e+00
    outer loop
      vertex -3.160000e+01 -1.800000e+01  1.300000e+01
      vertex -3.812500e+01 -1.800000e+01  1.407291e+01
      vertex -3.712353e+01 -1.800000e+01  1.460540e+01
    endloop
  endfacet
  facet normal  -0.000000e+00  1.000000e+00  0.000000e+00
    outer loop
      vertex -3.160000e+01 -1.800000e+01  1.300000e+01
      vertex -3.712353e+01 -1.800000e+01  1.460540e+01
      vertex -3.608736e+01 -1.800000e+01  1.506674e+01
    endloop
  endfacet
  facet normal  -0.000000e+00  1.000000e+00  0.000000e+00
    outer loop
      vertex -3.160000e+01 -1.800000e+01  1.300000e+01
      vertex -3.608736e+01 -1.800000e+01  1.506674e+01
      vertex -3.502153e+01 -1.800000e+01  1.545467e+01
    endloop
  endfacet
  facet normal  -0.000000e+00  1.000000e+00  0.000000e+00
    outer loop
      vertex -3.160000e+01 -1.800000e+01  1.300000e+01
      vertex -3.502153e+01 -1.800000e+01  1.545467e+01
      vertex -3.393123e+01 -1.800000e+01  1.576731e+01
    endloop
  endfacet
  facet normal  -0.000000e+00  1.000000e+00  0.000000e+00
    outer loop
      vertex -3.160000e+01 -1.800000e+01  1.300000e+01
      vertex -3.393123e+01 -1.800000e+01  1.576731e+01
      vertex -3.282178e+01 -1.800000e+01  1.600313e+01
    endloop
  endfacet
  facet normal  -0.000000e+00  1.000000e+00  0.000000e+00
    outer loop
      vertex -3.160000e+01 -1.800000e+01  1.300000e+01
      vertex -3.282178e+01 -1.800000e+01  1.600313e+01
      vertex -3.169859e+01 -1.800000e+01  1.616098e+01
    endloop
  endfacet
  facet normal  0.000000e+00  1.000000e+00  -0.000000e+00
    outer loop
      vertex -1.999550e+01 -1.800000e+01 -1.280517e+01
      vertex -2.091311e+01 -1.800000e+01 -1.347186e+01
      vertex -2.840000e+01 -1.800000e+01 -1.300000e+01
    endloop
  endfacet
  facet normal  0.000000e+00  1.000000e+00  0.000000e+00
    outer loop
      vertex -1.999550e+01 -1.800000e+01 -1.280517e+01
      vertex -2.840000e+01 -1.800000e+01 -1.300000e+01
      vertex -2.265755e+01 -1.800000e+01 -6.414903e+00
    endloop
  endfacet
  facet normal  -0.000000e+00  1.000000e+00  0.000000e+00
    outer loop
      vertex -1.999550e+01 -1.800000e+01 -1.280517e+01
      vertex -2.265755e+01 -1.800000e+01 -6.414903e+00
      vertex -2.211208e+01 -1.800000e+01 -5.730906e+00
    endloop
  endfacet
  facet normal  -0.000000e+00  9.999999e-01  0.000000e+00
    outer loop
      vertex -1.999550e+01 -1.800000e+01 -1.280517e+01
      vertex -2.211208e+01 -1.800000e+01 -5.730906e+00
      vertex -2.163013e+01 -1.800000e+01 -5.000768e+00
    endloop
  endfacet
  facet normal  -0.000000e+00  1.000000e+00  0.000000e+00
    outer loop
      vertex -1.999550e+01 -1.800000e+01 -1.280517e+01
      vertex -2.163013e+01 -1.800000e+01 -5.000768e+00
      vertex -2.121555e+01 -1.800000e+01 -4.230366e+00
    endloop
  endfacet
  facet normal  -0.000000e+00  1.000000e+00  0.000000e+00
    outer loop
      vertex -1.999550e+01 -1.800000e+01 -1.280517e+01
      vertex -2.121555e+01 -1.800000e+01 -4.230366e+00
      vertex -2.087171e+01 -1.800000e+01 -3.425905e+00
    endloop
  endfacet
  facet normal  -0.000000e+00  9.999999e-01  0.000000e+00
    outer loop
      vertex -1.999550e+01 -1.800000e+01 -1.280517e+01
      vertex -2.087171e+01 -1.800000e+01 -3.425905e+00
      vertex -2.060136e+01 -1.800000e+01 -2.593859e+00
    endloop
  endfacet
  facet normal  -0.000000e+00  1.000000e+00  0.000000e+00
    outer loop
      vertex -1.999550e+01 -1.800000e+01 -1.280517e+01
      vertex -2.060136e+01 -1.800000e+01 -2.593859e+00
      vertex -2.040669e+01 -1.800000e+01 -1.740930e+00
    endloop
  endfacet
  facet normal  -0.000000e+00  1.000000e+00  0.000000e+00
    outer loop
      vertex -1.999550e+01 -1.800000e+01 -1.280517e+01
      vertex -2.040669e+01 -1.800000e+01 -1.740930e+00
      vertex -2.028925e+01 -1.800000e+01 -8.739833e-01
    endloop
  endfacet
  facet normal  -0.000000e+00  1.000000e+00  0.000000e+00
    outer loop
      vertex -1.999550e+01 -1.800000e+01 -1.280517e+01
      vertex -2.028925e+01 -1.800000e+01 -8.739833e-01
      vertex -2.025000e+01 -1.800000e+01 -7.838175e-14
    endloop
  endfacet
  facet normal  -0.000000e+00  1.000000e+00  0.000000e+00
    outer loop
      vertex -1.999550e+01 -1.800000e+01 -1.280517e+01
      vertex -2.025000e+01 -1.800000e+01 -7.838175e-14
      vertex -1.860000e+01 -1.800000e+01  5.305196e-15
    endloop
  endfacet
  facet normal  0.000000e+00  1.000000e+00  0.000000e+00
    outer loop
      vertex -1.999550e+01 -1.800000e+01 -1.280517e+01
      vertex -1.860000e+01 -1.800000e+01  5.305196e-15
      vertex -1.912663e+01 -1.800000e+01 -1.207610e+01
    endloop
  endfacet
  facet normal  -0.000000e+00  1.000000e+00  -0.000000e+00
    outer loop
      vertex -3.169859e+01 -1.800000e+01 -1.616098e+01
      vertex -3.282178e+01 -1.800000e+01 -1.600313e+01
      vertex -3.393123e+01 -1.800000e+01 -1.576731e+01
    endloop
  endfacet
  facet normal  -0.000000e+00  1.000000e+00  -0.000000e+00
    outer loop
      vertex -3.169859e+01 -1.800000e+01 -1.616098e+01
      vertex -3.393123e+01 -1.800000e+01 -1.576731e+01
      vertex -3.502153e+01 -1.800000e+01 -1.545467e+01
    endloop
  endfacet
  facet normal  -0.000000e+00  1.000000e+00  -0.000000e+00
    outer loop
      vertex -3.169859e+01 -1.800000e+01 -1.616098e+01
      vertex -3.502153e+01 -1.800000e+01 -1.545467e+01
      vertex -3.608736e+01 -1.800000e+01 -1.506674e+01
    endloop
  endfacet
  facet normal  -0.000000e+00  1.000000e+00  -0.000000e+00
    outer loop
      vertex -3.169859e+01 -1.800000e+01 -1.616098e+01
      vertex -3.608736e+01 -1.800000e+01 -1.506674e+01
      vertex -3.712353e+01 -1.800000e+01 -1.460540e+01
    endloop
  endfacet
  facet normal  -0.000000e+00  1.000000e+00  -0.000000e+00
    outer loop
      vertex -3.169859e+01 -1.800000e+01 -1.616098e+01
      vertex -3.712353e+01 -1.800000e+01 -1.460540e+01
      vertex -3.812500e+01 -1.800000e+01 -1.407291e+01
    endloop
  endfacet
  facet normal  -0.000000e+00  9.999999e-01  -0.000000e+00
    outer loop
      vertex -3.169859e+01 -1.800000e+01 -1.616098e+01
      vertex -3.812500e+01 -1.800000e+01 -1.407291e+01
      vertex -3.908688e+01 -1.800000e+01 -1.347186e+01
    endloop
  endfacet
  facet normal  -0.000000e+00  1.000000e+00  0.000000e+00
    outer loop
      vertex -3.169859e+01 -1.800000e+01 -1.616098e+01
      vertex -3.908688e+01 -1.800000e+01 -1.347186e+01
      vertex -3.160000e+01 -1.800000e+01 -1.300000e+01
    endloop
  endfacet
  facet normal  0.000000e+00  1.000000e+00  0.000000e+00
    outer loop
      vertex -3.169859e+01 -1.800000e+01 -1.616098e+01
      vertex -3.160000e+01 -1.800000e+01 -1.300000e+01
      vertex -3.156926e+01 -1.800000e+01 -1.331214e+01
    endloop
  endfacet
  facet normal  0.000000e+00  1.000000e+00  0.000000e+00
    outer loop
      vertex -3.169859e+01 -1.800000e+01 -1.616098e+01
      vertex -3.156926e+01 -1.800000e+01 -1.331214e+01
      vertex -3.147821e+01 -1.800000e+01 -1.361229e+01
    endloop
  endfacet
  facet normal  0.000000e+00  9.999999e-01  0.000000e+00
    outer loop
      vertex -3.169859e+01 -1.800000e+01 -1.616098e+01
      vertex -3.147821e+01 -1.800000e+01 -1.361229e+01
      vertex -3.133035e+01 -1.800000e+01 -1.388891e+01
    endloop
  endfacet
  facet normal  0.000000e+00  1.000000e+00  0.000000e+00
    outer loop
      vertex -3.169859e+01 -1.800000e+01 -1.616098e+01
      vertex -3.133035e+01 -1.800000e+01 -1.388891e+01
      vertex -3.113137e+01 -1.800000e+01 -1.413137e+01
    endloop
  endfacet
  facet normal  0.000000e+00  1.000000e+00  0.000000e+00
    outer loop
      vertex -3.169859e+01 -1.800000e+01 -1.616098e+01
      vertex -3.113137e+01 -1.800000e+01 -1.413137e+01
      vertex -3.088891e+01 -1.800000e+01 -1.433035e+01
    endloop
  endfacet
  facet normal  0.000000e+00  1.000000e+00  0.000000e+00
    outer loop
      vertex -3.169859e+01 -1.800000e+01 -1.616098e+01
      vertex -3.088891e+01 -1.800000e+01 -1.433035e+01
      vertex -3.061229e+01 -1.800000e+01 -1.447821e+01
    endloop
  endfacet
  facet normal  0.000000e+00  1.000000e+00  0.000000e+00
    outer loop
      vertex -3.169859e+01 -1.800000e+01 -1.616098e+01
      vertex -3.061229e+01 -1.800000e+01 -1.447821e+01
      vertex -3.056712e+01 -1.800000e+01 -1.624010e+01
    endloop
  endfacet
  facet normal  -0.000000e+00  1.000000e+00  -0.000000e+00
    outer loop
      vertex -4.000450e+01 -1.800000e+01 -1.280517e+01
      vertex -4.087337e+01 -1.800000e+01 -1.207610e+01
      vertex -4.140000e+01 -1.800000e+01 -3.148580e-15
    endloop
  endfacet
  facet normal  0.000000e+00  9.999999e-01  0.000000e+00
    outer loop
      vertex -4.000450e+01 -1.800000e+01 -1.280517e+01
      vertex -4.140000e+01 -1.800000e+01 -3.148580e-15
      vertex -3.975000e+01 -1.800000e+01 -7.718771e-14
    endloop
  endfacet
  facet normal  0.000000e+00  1.000000e+00  0.000000e+00
    outer loop
      vertex -4.000450e+01 -1.800000e+01 -1.280517e+01
      vertex -3.975000e+01 -1.800000e+01 -7.718771e-14
      vertex -3.971075e+01 -1.800000e+01 -8.739833e-01
    endloop
  endfacet
  facet normal  0.000000e+00  9.999999e-01  0.000000e+00
    outer loop
      vertex -4.000450e+01 -1.800000e+01 -1.280517e+01
      vertex -3.971075e+01 -1.800000e+01 -8.739833e-01
      vertex -3.959332e+01 -1.800000e+01 -1.740930e+00
    endloop
  endfacet
  facet normal  0.000000e+00  1.000000e+00  0.000000e+00
    outer loop
      vertex -4.000450e+01 -1.800000e+01 -1.280517e+01
      vertex -3.959332e+01 -1.800000e+01 -1.740930e+00
      vertex -3.939864e+01 -1.800000e+01 -2.593859e+00
    endloop
  endfacet
  facet normal  0.000000e+00  1.000000e+00  0.000000e+00
    outer loop
      vertex -4.000450e+01 -1.800000e+01 -1.280517e+01
      vertex -3.939864e+01 -1.800000e+01 -2.593859e+00
      vertex -3.912829e+01 -1.800000e+01 -3.425905e+00
    endloop
  endfacet
  facet normal  0.000000e+00  9.999999e-01  0.000000e+00
    outer loop
      vertex -4.000450e+01 -1.800000e+01 -1.280517e+01
      vertex -3.912829e+01 -1.800000e+01 -3.425905e+00
      vertex -3.878445e+01 -1.800000e+01 -4.230366e+00
    endloop
  endfacet
  facet normal  0.000000e+00  1.000000e+00  0.000000e+00
    outer loop
      vertex -4.000450e+01 -1.800000e+01 -1.280517e+01
      vertex -3.878445e+01 -1.800000e+01 -4.230366e+00
      vertex -3.836988e+01 -1.800000e+01 -5.000768e+00
    endloop
  endfacet
  facet normal  0.000000e+00  1.000000e+00  0.000000e+00
    outer loop
      vertex -4.000450e+01 -1.800000e+01 -1.280517e+01
      vertex -3.836988e+01 -1.800000e+01 -5.000768e+00
      vertex -3.788792e+01 -1.800000e+01 -5.730906e+00
    endloop
  endfacet
  facet normal  0.000000e+00  1.000000e+00  0.000000e+00
    outer loop
      vertex -4.000450e+01 -1.800000e+01 -1.280517e+01
      vertex -3.788792e+01 -1.800000e+01 -5.730906e+00
      vertex -3.734245e+01 -1.800000e+01 -6.414903e+00
    endloop
  endfacet
  facet normal  0.000000e+00  1.000000e+00  0.000000e+00
    outer loop
      vertex -4.000450e+01 -1.800000e+01 -1.280517e+01
      vertex -3.734245e+01 -1.800000e+01 -6.414903e+00
      vertex -3.673786e+01 -1.800000e+01 -7.047250e+00
    endloop
  endfacet
  facet normal  0.000000e+00  1.000000e+00  0.000000e+00
    outer loop
      vertex -4.000450e+01 -1.800000e+01 -1.280517e+01
      vertex -3.673786e+01 -1.800000e+01 -7.047250e+00
      vertex -3.607903e+01 -1.800000e+01 -7.622857e+00
    endloop
  endfacet
  facet normal  0.000000e+00  9.999999e-01  0.000000e+00
    outer loop
      vertex -4.000450e+01 -1.800000e+01 -1.280517e+01
      vertex -3.607903e+01 -1.800000e+01 -7.622857e+00
      vertex -3.537125e+01 -1.800000e+01 -8.137089e+00
    endloop
  endfacet
  facet normal  0.000000e+00  1.000000e+00  0.000000e+00
    outer loop
      vertex -4.000450e+01 -1.800000e+01 -1.280517e+01
      vertex -3.537125e+01 -1.800000e+01 -8.137089e+00
      vertex -3.462022e+01 -1.800000e+01 -8.585807e+00
    endloop
  endfacet
  facet normal  0.000000e+00  1.000000e+00  0.000000e+00
    outer loop
      vertex -4.000450e+01 -1.800000e+01 -1.280517e+01
      vertex -3.462022e+01 -1.800000e+01 -8.585807e+00
      vertex -3.383199e+01 -1.800000e+01 -8.965396e+00
    endloop
  endfacet
  facet normal  0.000000e+00  1.000000e+00  0.000000e+00
    outer loop
      vertex -4.000450e+01 -1.800000e+01 -1.280517e+01
      vertex -3.383199e+01 -1.800000e+01 -8.965396e+00
      vertex -3.301292e+01 -1.800000e+01 -9.272801e+00
    endloop
  endfacet
  facet normal  0.000000e+00  1.000000e+00  0.000000e+00
    outer loop
      vertex -4.000450e+01 -1.800000e+01 -1.280517e+01
      vertex -3.301292e+01 -1.800000e+01 -9.272801e+00
      vertex -3.216958e+01 -1.800000e+01 -9.505548e+00
    endloop
  endfacet
  facet normal  0.000000e+00  1.000000e+00  0.000000e+00
    outer loop
      vertex -4.000450e+01 -1.800000e+01 -1.280517e+01
      vertex -3.216958e+01 -1.800000e+01 -9.505548e+00
      vertex -3.160000e+01 -1.800000e+01 -1.300000e+01
    endloop
  endfacet
  facet normal  0.000000e+00  1.000000e+00  0.000000e+00
    outer loop
      vertex -4.000450e+01 -1.800000e+01 -1.280517e+01
      vertex -3.160000e+01 -1.800000e+01 -1.300000e+01
      vertex -3.908688e+01 -1.800000e+01 -1.347186e+01
    endloop
  endfacet
  facet normal  0.000000e+00  1.000000e+00  0.000000e+00
    outer loop
      vertex -2.840000e+01 -1.800000e+01 -1.300000e+01
      vertex -2.091311e+01 -1.800000e+01 -1.347186e+01
      vertex -2.187500e+01 -1.800000e+01 -1.407291e+01
    endloop
  endfacet
  facet normal  0.000000e+00  1.000000e+00  0.000000e+00
    outer loop
      vertex -2.840000e+01 -1.800000e+01 -1.300000e+01
      vertex -2.187500e+01 -1.800000e+01 -1.407291e+01
      vertex -2.287647e+01 -1.800000e+01 -1.460540e+01
    endloop
  endfacet
  facet normal  0.000000e+00  1.000000e+00  0.000000e+00
    outer loop
      vertex -2.840000e+01 -1.800000e+01 -1.300000e+01
      vertex -2.287647e+01 -1.800000e+01 -1.460540e+01
      vertex -2.391264e+01 -1.800000e+01 -1.506674e+01
    endloop
  endfacet
  facet normal  0.000000e+00  1.000000e+00  0.000000e+00
    outer loop
      vertex -2.840000e+01 -1.800000e+01 -1.300000e+01
      vertex -2.391264e+01 -1.800000e+01 -1.506674e+01
      vertex -2.497847e+01 -1.800000e+01 -1.545467e+01
    endloop
  endfacet
  facet normal  0.000000e+00  1.000000e+00  0.000000e+00
    outer loop
      vertex -2.840000e+01 -1.800000e+01 -1.300000e+01
      vertex -2.497847e+01 -1.800000e+01 -1.545467e+01
      vertex -2.606877e+01 -1.800000e+01 -1.576731e+01
    endloop
  endfacet
  facet normal  0.000000e+00  1.000000e+00  0.000000e+00
    outer loop
      vertex -2.840000e+01 -1.800000e+01 -1.300000e+01
      vertex -2.606877e+01 -1.800000e+01 -1.576731e+01
      vertex -2.717822e+01 -1.800000e+01 -1.600313e+01
    endloop
  endfacet
  facet normal  0.000000e+00  1.000000e+00  0.000000e+00
    outer loop
      vertex -2.840000e+01 -1.800000e+01 -1.300000e+01
      vertex -2.717822e+01 -1.800000e+01 -1.600313e+01
      vertex -2.830141e+01 -1.800000e+01 -1.616098e+01
    endloop
  endfacet
  facet normal  0.000000e+00  1.000000e+00  0.000000e+00
    outer loop
      vertex -2.840000e+01 -1.800000e+01 -1.300000e+01
      vertex -2.830141e+01 -1.800000e+01 -1.616098e+01
      vertex -2.843074e+01 -1.800000e+01 -1.331214e+01
    endloop
  endfacet
  facet normal  0.000000e+00  9.999999e-01  0.000000e+00
    outer loop
      vertex -2.943288e+01 -1.800000e+01 -1.624010e+01
      vertex -3.056712e+01 -1.800000e+01 -1.624010e+01
      vertex -2.968785e+01 -1.800000e+01 -1.456926e+01
    endloop
  endfacet
  facet normal  -0.000000e+00  1.000000e+00  0.000000e+00
    outer loop
      vertex -2.943288e+01 -1.800000e+01 -1.624010e+01
      vertex -2.968785e+01 -1.800000e+01 -1.456926e+01
      vertex -2.938771e+01 -1.800000e+01 -1.447821e+01
    endloop
  endfacet
  facet normal  -0.000000e+00  1.000000e+00  0.000000e+00
    outer loop
      vertex -2.943288e+01 -1.800000e+01 -1.624010e+01
      vertex -2.938771e+01 -1.800000e+01 -1.447821e+01
      vertex -2.911109e+01 -1.800000e+01 -1.433035e+01
    endloop
  endfacet
  facet normal  -0.000000e+00  1.000000e+00  0.000000e+00
    outer loop
      vertex -2.943288e+01 -1.800000e+01 -1.624010e+01
      vertex -2.911109e+01 -1.800000e+01 -1.433035e+01
      vertex -2.886863e+01 -1.800000e+01 -1.413137e+01
    endloop
  endfacet
  facet normal  -0.000000e+00  1.000000e+00  0.000000e+00
    outer loop
      vertex -2.943288e+01 -1.800000e+01 -1.624010e+01
      vertex -2.886863e+01 -1.800000e+01 -1.413137e+01
      vertex -2.866965e+01 -1.800000e+01 -1.388891e+01
    endloop
  endfacet
  facet normal  -0.000000e+00  1.000000e+00  0.000000e+00
    outer loop
      vertex -2.943288e+01 -1.800000e+01 -1.624010e+01
      vertex -2.866965e+01 -1.800000e+01 -1.388891e+01
      vertex -2.852179e+01 -1.800000e+01 -1.361229e+01
    endloop
  endfacet
  facet normal  0.000000e+00  1.000000e+00  0.000000e+00
    outer loop
      vertex -2.943288e+01 -1.800000e+01 -1.624010e+01
      vertex -2.852179e+01 -1.800000e+01 -1.361229e+01
      vertex -2.830141e+01 -1.800000e+01 -1.616098e+01
    endloop
  endfacet
  facet normal  0.000000e+00  9.999999e-01  0.000000e+00
    outer loop
      vertex -1.540000e+01 -1.800000e+01  4.325479e-15
      vertex -1.515489e+01 -1.800000e+01  6.609470e+00
      vertex -1.472999e+01 -1.800000e+01  5.557827e+00
    endloop
  endfacet
  facet normal  0.000000e+00  1.000000e+00  0.000000e+00
    outer loop
      vertex -1.540000e+01 -1.800000e+01  4.325479e-15
      vertex -1.472999e+01 -1.800000e+01  5.557827e+00
      vertex -1.437950e+01 -1.800000e+01  4.479107e+00
    endloop
  endfacet
  facet normal  0.000000e+00  1.000000e+00  0.000000e+00
    outer loop
      vertex -1.540000e+01 -1.800000e+01  4.325479e-15
      vertex -1.437950e+01 -1.800000e+01  4.479107e+00
      vertex -1.410510e+01 -1.800000e+01  3.378565e+00
    endloop
  endfacet
  facet normal  0.000000e+00  1.000000e+00  0.000000e+00
    outer loop
      vertex -1.540000e+01 -1.800000e+01  4.325479e-15
      vertex -1.410510e+01 -1.800000e+01  3.378565e+00
      vertex -1.390814e+01 -1.800000e+01  2.261563e+00
    endloop
  endfacet
  facet normal  0.000000e+00  9.999999e-01  0.000000e+00
    outer loop
      vertex -1.540000e+01 -1.800000e+01  4.325479e-15
      vertex -1.390814e+01 -1.800000e+01  2.261563e+00
      vertex -1.378958e+01 -1.800000e+01  1.133543e+00
    endloop
  endfacet
  facet normal  0.000000e+00  9.999999e-01  0.000000e+00
    outer loop
      vertex -1.540000e+01 -1.800000e+01  4.325479e-15
      vertex -1.378958e+01 -1.800000e+01  1.133543e+00
      vertex -1.375000e+01 -1.800000e+01  0.000000e+00
    endloop
  endfacet
  facet normal  0.000000e+00  9.999999e-01  0.000000e+00
    outer loop
      vertex -1.540000e+01 -1.800000e+01  4.325479e-15
      vertex -1.375000e+01 -1.800000e+01  0.000000e+00
      vertex -1.378958e+01 -1.800000e+01 -1.133543e+00
    endloop
  endfacet
  facet normal  0.000000e+00  9.999999e-01  0.000000e+00
    outer loop
      vertex -1.540000e+01 -1.800000e+01  4.325479e-15
      vertex -1.378958e+01 -1.800000e+01 -1.133543e+00
      vertex -1.390814e+01 -1.800000e+01 -2.261563e+00
    endloop
  endfacet
  facet normal  0.000000e+00  1.000000e+00  0.000000e+00
    outer loop
      vertex -1.540000e+01 -1.800000e+01  4.325479e-15
      vertex -1.390814e+01 -1.800000e+01 -2.261563e+00
      vertex -1.410510e+01 -1.800000e+01 -3.378565e+00
    endloop
  endfacet
  facet normal  0.000000e+00  1.000000e+00  0.000000e+00
    outer loop
      vertex -1.540000e+01 -1.800000e+01  4.325479e-15
      vertex -1.410510e+01 -1.800000e+01 -3.378565e+00
      vertex -1.437950e+01 -1.800000e+01 -4.479107e+00
    endloop
  endfacet
  facet normal  0.000000e+00  1.000000e+00  0.000000e+00
    outer loop
      vertex -1.540000e+01 -1.800000e+01  4.325479e-15
      vertex -1.437950e+01 -1.800000e+01 -4.479107e+00
      vertex -1.472999e+01 -1.800000e+01 -5.557827e+00
    endloop
  endfacet
  facet normal  0.000000e+00  9.999999e-01  0.000000e+00
    outer loop
      vertex -1.540000e+01 -1.800000e+01  4.325479e-15
      vertex -1.472999e+01 -1.800000e+01 -5.557827e+00
      vertex -1.515489e+01 -1.800000e+01 -6.609470e+00
    endloop
  endfacet
  facet normal  0.000000e+00  1.000000e+00  0.000000e+00
    outer loop
      vertex -1.540000e+01 -1.800000e+01  4.325479e-15
      vertex -1.515489e+01 -1.800000e+01 -6.609470e+00
      vertex -1.565210e+01 -1.800000e+01 -7.628913e+00
    endloop
  endfacet
  facet normal  0.000000e+00  1.000000e+00  0.000000e+00
    outer loop
      vertex -1.540000e+01 -1.800000e+01  4.325479e-15
      vertex -1.565210e+01 -1.800000e+01 -7.628913e+00
      vertex -1.543074e+01 -1.800000e+01 -3.121445e-01
    endloop
  endfacet
  facet normal  -0.000000e+00  1.000000e+00  0.000000e+00
    outer loop
      vertex -2.840000e+01 -1.800000e+01 -1.300000e+01
      vertex -2.843074e+01 -1.800000e+01 -1.268786e+01
      vertex -2.783042e+01 -1.800000e+01 -9.505548e+00
    endloop
  endfacet
  facet normal  -0.000000e+00  1.000000e+00  0.000000e+00
    outer loop
      vertex -2.840000e+01 -1.800000e+01 -1.300000e+01
      vertex -2.783042e+01 -1.800000e+01 -9.505548e+00
      vertex -2.698708e+01 -1.800000e+01 -9.272801e+00
    endloop
  endfacet
  facet normal  -0.000000e+00  1.000000e+00  0.000000e+00
    outer loop
      vertex -2.840000e+01 -1.800000e+01 -1.300000e+01
      vertex -2.698708e+01 -1.800000e+01 -9.272801e+00
      vertex -2.616800e+01 -1.800000e+01 -8.965396e+00
    endloop
  endfacet
  facet normal  -0.000000e+00  1.000000e+00  0.000000e+00
    outer loop
      vertex -2.840000e+01 -1.800000e+01 -1.300000e+01
      vertex -2.616800e+01 -1.800000e+01 -8.965396e+00
      vertex -2.537978e+01 -1.800000e+01 -8.585807e+00
    endloop
  endfacet
  facet normal  -0.000000e+00  1.000000e+00  0.000000e+00
    outer loop
      vertex -2.840000e+01 -1.800000e+01 -1.300000e+01
      vertex -2.537978e+01 -1.800000e+01 -8.585807e+00
      vertex -2.462875e+01 -1.800000e+01 -8.137089e+00
    endloop
  endfacet
  facet normal  -0.000000e+00  1.000000e+00  0.000000e+00
    outer loop
      vertex -2.840000e+01 -1.800000e+01 -1.300000e+01
      vertex -2.462875e+01 -1.800000e+01 -8.137089e+00
      vertex -2.392097e+01 -1.800000e+01 -7.622857e+00
    endloop
  endfacet
  facet normal  -0.000000e+00  1.000000e+00  0.000000e+00
    outer loop
      vertex -2.840000e+01 -1.800000e+01 -1.300000e+01
      vertex -2.392097e+01 -1.800000e+01 -7.622857e+00
      vertex -2.326214e+01 -1.800000e+01 -7.047250e+00
    endloop
  endfacet
  facet normal  -0.000000e+00  1.000000e+00  0.000000e+00
    outer loop
      vertex -2.840000e+01 -1.800000e+01 -1.300000e+01
      vertex -2.326214e+01 -1.800000e+01 -7.047250e+00
      vertex -2.265755e+01 -1.800000e+01 -6.414903e+00
    endloop
  endfacet
  facet normal  0.000000e+00  1.000000e+00  0.000000e+00
    outer loop
      vertex -1.912663e+01 -1.800000e+01 -1.207610e+01
      vertex -1.860000e+01 -1.800000e+01  5.305196e-15
      vertex -1.856926e+01 -1.800000e+01 -3.121445e-01
    endloop
  endfacet
  facet normal  0.000000e+00  1.000000e+00  0.000000e+00
    outer loop
      vertex -1.912663e+01 -1.800000e+01 -1.207610e+01
      vertex -1.856926e+01 -1.800000e+01 -3.121445e-01
      vertex -1.847821e+01 -1.800000e+01 -6.122935e-01
    endloop
  endfacet
  facet normal  0.000000e+00  1.000000e+00  0.000000e+00
    outer loop
      vertex -1.912663e+01 -1.800000e+01 -1.207610e+01
      vertex -1.847821e+01 -1.800000e+01 -6.122935e-01
      vertex -1.833035e+01 -1.800000e+01 -8.889124e-01
    endloop
  endfacet
  facet normal  0.000000e+00  1.000000e+00  0.000000e+00
    outer loop
      vertex -1.912663e+01 -1.800000e+01 -1.207610e+01
      vertex -1.833035e+01 -1.800000e+01 -8.889124e-01
      vertex -1.831073e+01 -1.800000e+01 -1.128820e+01
    endloop
  endfacet
  facet normal  0.000000e+00  1.000000e+00  0.000000e+00
    outer loop
      vertex -3.043743e+01 -1.800000e+01 -9.740182e+00
      vertex -2.956257e+01 -1.800000e+01 -9.740182e+00
      vertex -2.968785e+01 -1.800000e+01 -1.143074e+01
    endloop
  endfacet
  facet normal  0.000000e+00  1.000000e+00  0.000000e+00
    outer loop
      vertex -3.043743e+01 -1.800000e+01 -9.740182e+00
      vertex -2.968785e+01 -1.800000e+01 -1.143074e+01
      vertex -3.000000e+01 -1.800000e+01 -1.140000e+01
    endloop
  endfacet
  facet normal  0.000000e+00  1.000000e+00  0.000000e+00
    outer loop
      vertex -3.043743e+01 -1.800000e+01 -9.740182e+00
      vertex -3.000000e+01 -1.800000e+01 -1.140000e+01
      vertex -3.031215e+01 -1.800000e+01 -1.143074e+01
    endloop
  endfacet
  facet normal  0.000000e+00  1.000000e+00  0.000000e+00
    outer loop
      vertex -3.043743e+01 -1.800000e+01 -9.740182e+00
      vertex -3.031215e+01 -1.800000e+01 -1.143074e+01
      vertex -3.061229e+01 -1.800000e+01 -1.152179e+01
    endloop
  endfacet
  facet normal  0.000000e+00  1.000000e+00  -0.000000e+00
    outer loop
      vertex -3.043743e+01 -1.800000e+01 -9.740182e+00
      vertex -3.061229e+01 -1.800000e+01 -1.152179e+01
      vertex -3.130877e+01 -1.800000e+01 -9.661760e+00
    endloop
  endfacet
  facet normal  0.000000e+00  1.000000e+00  0.000000e+00
    outer loop
      vertex -3.216958e+01 -1.800000e+01 -9.505548e+00
      vertex -3.130877e+01 -1.800000e+01 -9.661760e+00
      vertex -3.133035e+01 -1.800000e+01 -1.211109e+01
    endloop
  endfacet
  facet normal  0.000000e+00  1.000000e+00  0.000000e+00
    outer loop
      vertex -3.216958e+01 -1.800000e+01 -9.505548e+00
      vertex -3.133035e+01 -1.800000e+01 -1.211109e+01
      vertex -3.147821e+01 -1.800000e+01 -1.238771e+01
    endloop
  endfacet
  facet normal  0.000000e+00  1.000000e+00  0.000000e+00
    outer loop
      vertex -3.216958e+01 -1.800000e+01 -9.505548e+00
      vertex -3.147821e+01 -1.800000e+01 -1.238771e+01
      vertex -3.156926e+01 -1.800000e+01 -1.268786e+01
    endloop
  endfacet
  facet normal  0.000000e+00  1.000000e+00  0.000000e+00
    outer loop
      vertex -3.216958e+01 -1.800000e+01 -9.505548e+00
      vertex -3.156926e+01 -1.800000e+01 -1.268786e+01
      vertex -3.160000e+01 -1.800000e+01 -1.300000e+01
    endloop
  endfacet
  facet normal  -0.000000e+00  9.999999e-01  0.000000e+00
    outer loop
      vertex -4.168927e+01 -1.800000e+01 -1.128820e+01
      vertex -4.244822e+01 -1.800000e+01 -1.044530e+01
      vertex -4.186863e+01 -1.800000e+01 -1.131371e+00
    endloop
  endfacet
  facet normal  -0.000000e+00  1.000000e+00  0.000000e+00
    outer loop
      vertex -4.168927e+01 -1.800000e+01 -1.128820e+01
      vertex -4.186863e+01 -1.800000e+01 -1.131371e+00
      vertex -4.166965e+01 -1.800000e+01 -8.889124e-01
    endloop
  endfacet
  facet normal  -0.000000e+00  1.000000e+00  0.000000e+00
    outer loop
      vertex -4.168927e+01 -1.800000e+01 -1.128820e+01
      vertex -4.166965e+01 -1.800000e+01 -8.889124e-01
      vertex -4.152179e+01 -1.800000e+01 -6.122935e-01
    endloop
  endfacet
  facet normal  -0.000000e+00  1.000000e+00  0.000000e+00
    outer loop
      vertex -4.168927e+01 -1.800000e+01 -1.128820e+01
      vertex -4.152179e+01 -1.800000e+01 -6.122935e-01
      vertex -4.143074e+01 -1.800000e+01 -3.121445e-01
    endloop
  endfacet
  facet normal  -0.000000e+00  1.000000e+00  0.000000e+00
    outer loop
      vertex -4.168927e+01 -1.800000e+01 -1.128820e+01
      vertex -4.143074e+01 -1.800000e+01 -3.121445e-01
      vertex -4.140000e+01 -1.800000e+01 -3.148580e-15
    endloop
  endfacet
  facet normal  0.000000e+00  1.000000e+00  0.000000e+00
    outer loop
      vertex -4.168927e+01 -1.800000e+01 -1.128820e+01
      vertex -4.140000e+01 -1.800000e+01 -3.148580e-15
      vertex -4.087337e+01 -1.800000e+01 -1.207610e+01
    endloop
  endfacet
  facet normal  -0.000000e+00  1.000000e+00  0.000000e+00
    outer loop
      vertex -4.625000e+01 -1.800000e+01  1.990051e-15
      vertex -4.621041e+01 -1.800000e+01  1.133543e+00
      vertex -4.609186e+01 -1.800000e+01  2.261563e+00
    endloop
  endfacet
  facet normal  -0.000000e+00  1.000000e+00  0.000000e+00
    outer loop
      vertex -4.625000e+01 -1.800000e+01  1.990051e-15
      vertex -4.609186e+01 -1.800000e+01  2.261563e+00
      vertex -4.589490e+01 -1.800000e+01  3.378565e+00
    endloop
  endfacet
  facet normal  -0.000000e+00  1.000000e+00  0.000000e+00
    outer loop
      vertex -4.625000e+01 -1.800000e+01  1.990051e-15
      vertex -4.589490e+01 -1.800000e+01  3.378565e+00
      vertex -4.562050e+01 -1.800000e+01  4.479107e+00
    endloop
  endfacet
  facet normal  -0.000000e+00  1.000000e+00  0.000000e+00
    outer loop
      vertex -4.625000e+01 -1.800000e+01  1.990051e-15
      vertex -4.562050e+01 -1.800000e+01  4.479107e+00
      vertex -4.527000e+01 -1.800000e+01  5.557827e+00
    endloop
  endfacet
  facet normal  -0.000000e+00  1.000000e+00  0.000000e+00
    outer loop
      vertex -4.625000e+01 -1.800000e+01  1.990051e-15
      vertex -4.527000e+01 -1.800000e+01  5.557827e+00
      vertex -4.484511e+01 -1.800000e+01  6.609470e+00
    endloop
  endfacet
  facet normal  0.000000e+00  1.000000e+00  0.000000e+00
    outer loop
      vertex -4.625000e+01 -1.800000e+01  1.990051e-15
      vertex -4.484511e+01 -1.800000e+01  6.609470e+00
      vertex -4.460000e+01 -1.800000e+01 -3.271292e-15
    endloop
  endfacet
  facet normal  0.000000e+00  1.000000e+00  0.000000e+00
    outer loop
      vertex -4.625000e+01 -1.800000e+01  1.990051e-15
      vertex -4.460000e+01 -1.800000e+01 -3.271292e-15
      vertex -4.484511e+01 -1.800000e+01 -6.609470e+00
    endloop
  endfacet
  facet normal  0.000000e+00  1.000000e+00  0.000000e+00
    outer loop
      vertex -4.625000e+01 -1.800000e+01  1.990051e-15
      vertex -4.484511e+01 -1.800000e+01 -6.609470e+00
      vertex -4.527000e+01 -1.800000e+01 -5.557827e+00
    endloop
  endfacet
  facet normal  0.000000e+00  9.999999e-01  0.000000e+00
    outer loop
      vertex -4.625000e+01 -1.800000e+01  1.990051e-15
      vertex -4.527000e+01 -1.800000e+01 -5.557827e+00
      vertex -4.562050e+01 -1.800000e+01 -4.479107e+00
    endloop
  endfacet
  facet normal  0.000000e+00  1.000000e+00  0.000000e+00
    outer loop
      vertex -4.625000e+01 -1.800000e+01  1.990051e-15
      vertex -4.562050e+01 -1.800000e+01 -4.479107e+00
      vertex -4.589490e+01 -1.800000e+01 -3.378565e+00
    endloop
  endfacet
  facet normal  0.000000e+00  1.000000e+00  0.000000e+00
    outer loop
      vertex -4.625000e+01 -1.800000e+01  1.990051e-15
      vertex -4.589490e+01 -1.800000e+01 -3.378565e+00
      vertex -4.609186e+01 -1.800000e+01 -2.261563e+00
    endloop
  endfacet
  facet normal  0.000000e+00  1.000000e+00  0.000000e+00
    outer loop
      vertex -4.625000e+01 -1.800000e+01  1.990051e-15
      vertex -4.609186e+01 -1.800000e+01 -2.261563e+00
      vertex -4.621041e+01 -1.800000e+01 -1.133543e+00
    endloop
  endfacet
  facet normal  0.000000e+00  1.000000e+00  0.000000e+00
    outer loop
      vertex -1.565210e+01 -1.800000e+01  7.628913e+00
      vertex -1.515489e+01 -1.800000e+01  6.609470e+00
      vertex -1.540000e+01 -1.800000e+01  4.325479e-15
    endloop
  endfacet
  facet normal  0.000000e+00  9.999999e-01  0.000000e+00
    outer loop
      vertex -1.565210e+01 -1.800000e+01  7.628913e+00
      vertex -1.540000e+01 -1.800000e+01  4.325479e-15
      vertex -1.543074e+01 -1.800000e+01  3.121445e-01
    endloop
  endfacet
  facet normal  0.000000e+00  1.000000e+00  0.000000e+00
    outer loop
      vertex -1.565210e+01 -1.800000e+01  7.628913e+00
      vertex -1.543074e+01 -1.800000e+01  3.121445e-01
      vertex -1.552179e+01 -1.800000e+01  6.122935e-01
    endloop
  endfacet
  facet normal  0.000000e+00  1.000000e+00  0.000000e+00
    outer loop
      vertex -1.565210e+01 -1.800000e+01  7.628913e+00
      vertex -1.552179e+01 -1.800000e+01  6.122935e-01
      vertex -1.566965e+01 -1.800000e+01  8.889124e-01
    endloop
  endfacet
  facet normal  0.000000e+00  9.999999e-01  0.000000e+00
    outer loop
      vertex -1.621922e+01 -1.800000e+01  8.611188e+00
      vertex -1.565210e+01 -1.800000e+01  7.628913e+00
      vertex -1.566965e+01 -1.800000e+01  8.889124e-01
    endloop
  endfacet
  facet normal  0.000000e+00  1.000000e+00  0.000000e+00
    outer loop
      vertex -1.621922e+01 -1.800000e+01  8.611188e+00
      vertex -1.566965e+01 -1.800000e+01  8.889124e-01
      vertex -1.586863e+01 -1.800000e+01  1.131371e+00
    endloop
  endfacet
  facet normal  0.000000e+00  1.000000e+00  0.000000e+00
    outer loop
      vertex -1.621922e+01 -1.800000e+01  8.611188e+00
      vertex -1.586863e+01 -1.800000e+01  1.131371e+00
      vertex -1.611109e+01 -1.800000e+01  1.330351e+00
    endloop
  endfacet
  facet normal  0.000000e+00  1.000000e+00  0.000000e+00
    outer loop
      vertex -1.621922e+01 -1.800000e+01  8.611188e+00
      vertex -1.611109e+01 -1.800000e+01  1.330351e+00
      vertex -1.638771e+01 -1.800000e+01  1.478207e+00
    endloop
  endfacet
  facet normal  0.000000e+00  1.000000e+00  -0.000000e+00
    outer loop
      vertex -1.621922e+01 -1.800000e+01  8.611188e+00
      vertex -1.638771e+01 -1.800000e+01  1.478207e+00
      vertex -1.685347e+01 -1.800000e+01  9.551511e+00
    endloop
  endfacet
  facet normal  0.000000e+00  1.000000e+00  0.000000e+00
    outer loop
      vertex -1.831073e+01 -1.800000e+01  1.128820e+01
      vertex -1.755178e+01 -1.800000e+01  1.044530e+01
      vertex -1.761229e+01 -1.800000e+01  1.478207e+00
    endloop
  endfacet
  facet normal  0.000000e+00  1.000000e+00  0.000000e+00
    outer loop
      vertex -1.831073e+01 -1.800000e+01  1.128820e+01
      vertex -1.761229e+01 -1.800000e+01  1.478207e+00
      vertex -1.788891e+01 -1.800000e+01  1.330351e+00
    endloop
  endfacet
  facet normal  0.000000e+00  1.000000e+00  0.000000e+00
    outer loop
      vertex -1.831073e+01 -1.800000e+01  1.128820e+01
      vertex -1.788891e+01 -1.800000e+01  1.330351e+00
      vertex -1.813137e+01 -1.800000e+01  1.131371e+00
    endloop
  endfacet
  facet normal  0.000000e+00  1.000000e+00  0.000000e+00
    outer loop
      vertex -1.831073e+01 -1.800000e+01  1.128820e+01
      vertex -1.813137e+01 -1.800000e+01  1.131371e+00
      vertex -1.833035e+01 -1.800000e+01  8.889124e-01
    endloop
  endfacet
  facet normal  0.000000e+00  1.000000e+00  0.000000e+00
    outer loop
      vertex -2.840000e+01 -1.800000e+01  1.300000e+01
      vertex -2.265755e+01 -1.800000e+01  6.414903e+00
      vertex -2.326214e+01 -1.800000e+01  7.047250e+00
    endloop
  endfacet
  facet normal  0.000000e+00  1.000000e+00  0.000000e+00
    outer loop
      vertex -2.840000e+01 -1.800000e+01  1.300000e+01
      vertex -2.326214e+01 -1.800000e+01  7.047250e+00
      vertex -2.392097e+01 -1.800000e+01  7.622857e+00
    endloop
  endfacet
  facet normal  0.000000e+00  1.000000e+00  0.000000e+00
    outer loop
      vertex -2.840000e+01 -1.800000e+01  1.300000e+01
      vertex -2.392097e+01 -1.800000e+01  7.622857e+00
      vertex -2.462875e+01 -1.800000e+01  8.137089e+00
    endloop
  endfacet
  facet normal  0.000000e+00  1.000000e+00  0.000000e+00
    outer loop
      vertex -2.840000e+01 -1.800000e+01  1.300000e+01
      vertex -2.462875e+01 -1.800000e+01  8.137089e+00
      vertex -2.537978e+01 -1.800000e+01  8.585807e+00
    endloop
  endfacet
  facet normal  0.000000e+00  1.000000e+00  0.000000e+00
    outer loop
      vertex -2.840000e+01 -1.800000e+01  1.300000e+01
      vertex -2.537978e+01 -1.800000e+01  8.585807e+00
      vertex -2.616800e+01 -1.800000e+01  8.965396e+00
    endloop
  endfacet
  facet normal  0.000000e+00  1.000000e+00  0.000000e+00
    outer loop
      vertex -2.840000e+01 -1.800000e+01  1.300000e+01
      vertex -2.616800e+01 -1.800000e+01  8.965396e+00
      vertex -2.698708e+01 -1.800000e+01  9.272801e+00
    endloop
  endfacet
  facet normal  0.000000e+00  1.000000e+00  0.000000e+00
    outer loop
      vertex -2.840000e+01 -1.800000e+01  1.300000e+01
      vertex -2.698708e+01 -1.800000e+01  9.272801e+00
      vertex -2.783042e+01 -1.800000e+01  9.505548e+00
    endloop
  endfacet
  facet normal  0.000000e+00  1.000000e+00  0.000000e+00
    outer loop
      vertex -2.840000e+01 -1.800000e+01  1.300000e+01
      vertex -2.783042e+01 -1.800000e+01  9.505548e+00
      vertex -2.843074e+01 -1.800000e+01  1.268786e+01
    endloop
  endfacet
  facet normal  0.000000e+00  1.000000e+00  0.000000e+00
    outer loop
      vertex -1.912663e+01 -1.800000e+01  1.207610e+01
      vertex -1.831073e+01 -1.800000e+01  1.128820e+01
      vertex -1.833035e+01 -1.800000e+01  8.889124e-01
    endloop
  endfacet
  facet normal  0.000000e+00  9.999999e-01  0.000000e+00
    outer loop
      vertex -1.912663e+01 -1.800000e+01  1.207610e+01
      vertex -1.833035e+01 -1.800000e+01  8.889124e-01
      vertex -1.847821e+01 -1.800000e+01  6.122935e-01
    endloop
  endfacet
  facet normal  0.000000e+00  1.000000e+00  0.000000e+00
    outer loop
      vertex -1.912663e+01 -1.800000e+01  1.207610e+01
      vertex -1.847821e+01 -1.800000e+01  6.122935e-01
      vertex -1.856926e+01 -1.800000e+01  3.121445e-01
    endloop
  endfacet
  facet normal  0.000000e+00  1.000000e+00  0.000000e+00
    outer loop
      vertex -1.912663e+01 -1.800000e+01  1.207610e+01
      vertex -1.856926e+01 -1.800000e+01  3.121445e-01
      vertex -1.860000e+01 -1.800000e+01  5.305196e-15
    endloop
  endfacet
  facet normal  0.000000e+00  1.000000e+00  0.000000e+00
    outer loop
      vertex -3.216958e+01 -1.800000e+01  9.505548e+00
      vertex -3.160000e+01 -1.800000e+01  1.300000e+01
      vertex -3.156926e+01 -1.800000e+01  1.268786e+01
    endloop
  endfacet
  facet normal  0.000000e+00  1.000000e+00  0.000000e+00
    outer loop
      vertex -3.216958e+01 -1.800000e+01  9.505548e+00
      vertex -3.156926e+01 -1.800000e+01  1.268786e+01
      vertex -3.147821e+01 -1.800000e+01  1.238771e+01
    endloop
  endfacet
  facet normal  0.000000e+00  1.000000e+00  0.000000e+00
    outer loop
      vertex -3.216958e+01 -1.800000e+01  9.505548e+00
      vertex -3.147821e+01 -1.800000e+01  1.238771e+01
      vertex -3.133035e+01 -1.800000e+01  1.211109e+01
    endloop
  endfacet
  facet normal  0.000000e+00  1.000000e+00  0.000000e+00
    outer loop
      vertex -3.216958e+01 -1.800000e+01  9.505548e+00
      vertex -3.133035e+01 -1.800000e+01  1.211109e+01
      vertex -3.130877e+01 -1.800000e+01  9.661760e+00
    endloop
  endfacet
  facet normal  0.000000e+00  1.000000e+00  0.000000e+00
    outer loop
      vertex -4.168927e+01 -1.800000e+01  1.128820e+01
      vertex -4.087337e+01 -1.800000e+01  1.207610e+01
      vertex -4.140000e+01 -1.800000e+01 -3.148580e-15
    endloop
  endfacet
  facet normal  0.000000e+00  1.000000e+00  0.000000e+00
    outer loop
      vertex -4.168927e+01 -1.800000e+01  1.128820e+01
      vertex -4.140000e+01 -1.800000e+01 -3.148580e-15
      vertex -4.143074e+01 -1.800000e+01  3.121445e-01
    endloop
  endfacet
  facet normal  0.000000e+00  1.000000e+00  0.000000e+00
    outer loop
      vertex -4.168927e+01 -1.800000e+01  1.128820e+01
      vertex -4.143074e+01 -1.800000e+01  3.121445e-01
      vertex -4.152179e+01 -1.800000e+01  6.122935e-01
    endloop
  endfacet
  facet normal  0.000000e+00  1.000000e+00  0.000000e+00
    outer loop
      vertex -4.168927e+01 -1.800000e+01  1.128820e+01
      vertex -4.152179e+01 -1.800000e+01  6.122935e-01
      vertex -4.166965e+01 -1.800000e+01  8.889124e-01
    endloop
  endfacet
  facet normal  0.000000e+00  1.000000e+00  0.000000e+00
    outer loop
      vertex -4.168927e+01 -1.800000e+01  1.128820e+01
      vertex -4.166965e+01 -1.800000e+01  8.889124e-01
      vertex -4.186863e+01 -1.800000e+01  1.131371e+00
    endloop
  endfacet
  facet normal  0.000000e+00  9.999999e-01  -0.000000e+00
    outer loop
      vertex -4.168927e+01 -1.800000e+01  1.128820e+01
      vertex -4.186863e+01 -1.800000e+01  1.131371e+00
      vertex -4.244822e+01 -1.800000e+01  1.044530e+01
    endloop
  endfacet
  facet normal  0.000000e+00  1.000000e+00  0.000000e+00
    outer loop
      vertex -4.434790e+01 -1.800000e+01  7.628913e+00
      vertex -4.378078e+01 -1.800000e+01  8.611188e+00
      vertex -4.388891e+01 -1.800000e+01  1.330351e+00
    endloop
  endfacet
  facet normal  0.000000e+00  9.999999e-01  0.000000e+00
    outer loop
      vertex -4.434790e+01 -1.800000e+01  7.628913e+00
      vertex -4.388891e+01 -1.800000e+01  1.330351e+00
      vertex -4.413137e+01 -1.800000e+01  1.131371e+00
    endloop
  endfacet
  facet normal  0.000000e+00  9.999999e-01  0.000000e+00
    outer loop
      vertex -4.434790e+01 -1.800000e+01  7.628913e+00
      vertex -4.413137e+01 -1.800000e+01  1.131371e+00
      vertex -4.433035e+01 -1.800000e+01  8.889124e-01
    endloop
  endfacet
  facet normal  0.000000e+00  1.000000e+00  0.000000e+00
    outer loop
      vertex -4.434790e+01 -1.800000e+01  7.628913e+00
      vertex -4.433035e+01 -1.800000e+01  8.889124e-01
      vertex -4.447821e+01 -1.800000e+01  6.122935e-01
    endloop
  endfacet
  facet normal  0.000000e+00  1.000000e+00  -0.000000e+00
    outer loop
      vertex -4.434790e+01 -1.800000e+01  7.628913e+00
      vertex -4.447821e+01 -1.800000e+01  6.122935e-01
      vertex -4.484511e+01 -1.800000e+01  6.609470e+00
    endloop
  endfacet
  facet normal  0.000000e+00  1.000000e+00  0.000000e+00
    outer loop
      vertex -2.840000e+01 -1.800000e+01  1.300000e+01
      vertex -2.830141e+01 -1.800000e+01  1.616098e+01
      vertex -2.717822e+01 -1.800000e+01  1.600313e+01
    endloop
  endfacet
  facet normal  0.000000e+00  1.000000e+00  0.000000e+00
    outer loop
      vertex -2.840000e+01 -1.800000e+01  1.300000e+01
      vertex -2.717822e+01 -1.800000e+01  1.600313e+01
      vertex -2.606877e+01 -1.800000e+01  1.576731e+01
    endloop
  endfacet
  facet normal  0.000000e+00  1.000000e+00  0.000000e+00
    outer loop
      vertex -2.840000e+01 -1.800000e+01  1.300000e+01
      vertex -2.606877e+01 -1.800000e+01  1.576731e+01
      vertex -2.497847e+01 -1.800000e+01  1.545467e+01
    endloop
  endfacet
  facet normal  0.000000e+00  1.000000e+00  0.000000e+00
    outer loop
      vertex -2.840000e+01 -1.800000e+01  1.300000e+01
      vertex -2.497847e+01 -1.800000e+01  1.545467e+01
      vertex -2.391264e+01 -1.800000e+01  1.506674e+01
    endloop
  endfacet
  facet normal  0.000000e+00  1.000000e+00  0.000000e+00
    outer loop
      vertex -2.840000e+01 -1.800000e+01  1.300000e+01
      vertex -2.391264e+01 -1.800000e+01  1.506674e+01
      vertex -2.287647e+01 -1.800000e+01  1.460540e+01
    endloop
  endfacet
  facet normal  0.000000e+00  1.000000e+00  0.000000e+00
    outer loop
      vertex -2.840000e+01 -1.800000e+01  1.300000e+01
      vertex -2.287647e+01 -1.800000e+01  1.460540e+01
      vertex -2.187500e+01 -1.800000e+01  1.407291e+01
    endloop
  endfacet
  facet normal  0.000000e+00  1.000000e+00  0.000000e+00
    outer loop
      vertex -2.840000e+01 -1.800000e+01  1.300000e+01
      vertex -2.187500e+01 -1.800000e+01  1.407291e+01
      vertex -2.091311e+01 -1.800000e+01  1.347186e+01
    endloop
  endfacet
  facet normal  0.000000e+00  1.000000e+00  0.000000e+00
    outer loop
      vertex -2.943288e+01 -1.800000e+01  1.624010e+01
      vertex -2.852179e+01 -1.800000e+01  1.361229e+01
      vertex -2.866965e+01 -1.800000e+01  1.388891e+01
    endloop
  endfacet
  facet normal  0.000000e+00  1.000000e+00  0.000000e+00
    outer loop
      vertex -2.943288e+01 -1.800000e+01  1.624010e+01
      vertex -2.866965e+01 -1.800000e+01  1.388891e+01
      vertex -2.886863e+01 -1.800000e+01  1.413137e+01
    endloop
  endfacet
  facet normal  0.000000e+00  1.000000e+00  0.000000e+00
    outer loop
      vertex -2.943288e+01 -1.800000e+01  1.624010e+01
      vertex -2.886863e+01 -1.800000e+01  1.413137e+01
      vertex -2.911109e+01 -1.800000e+01  1.433035e+01
    endloop
  endfacet
  facet normal  0.000000e+00  1.000000e+00  0.000000e+00
    outer loop
      vertex -2.943288e+01 -1.800000e+01  1.624010e+01
      vertex -2.911109e+01 -1.800000e+01  1.433035e+01
      vertex -2.938771e+01 -1.800000e+01  1.447821e+01
    endloop
  endfacet
  facet normal  0.000000e+00  1.000000e+00  0.000000e+00
    outer loop
      vertex -2.943288e+01 -1.800000e+01  1.624010e+01
      vertex -2.938771e+01 -1.800000e+01  1.447821e+01
      vertex -2.968785e+01 -1.800000e+01  1.456926e+01
    endloop
  endfacet
  facet normal  0.000000e+00  1.000000e+00  -0.000000e+00
    outer loop
      vertex -2.943288e+01 -1.800000e+01  1.624010e+01
      vertex -2.968785e+01 -1.800000e+01  1.456926e+01
      vertex -3.056712e+01 -1.800000e+01  1.624010e+01
    endloop
  endfacet
  facet normal  0.000000e+00  1.000000e+00  -0.000000e+00
    outer loop
      vertex -2.830141e+01 -1.800000e+01  1.616098e+01
      vertex -2.840000e+01 -1.800000e+01  1.300000e+01
      vertex -2.843074e+01 -1.800000e+01  1.331214e+01
    endloop
  endfacet
  facet normal  0.000000e+00  1.000000e+00  -0.000000e+00
    outer loop
      vertex -2.830141e+01 -1.800000e+01  1.616098e+01
      vertex -2.843074e+01 -1.800000e+01  1.331214e+01
      vertex -2.852179e+01 -1.800000e+01  1.361229e+01
    endloop
  endfacet
  facet normal  0.000000e+00  1.000000e+00  -0.000000e+00
    outer loop
      vertex -2.830141e+01 -1.800000e+01  1.616098e+01
      vertex -2.852179e+01 -1.800000e+01  1.361229e+01
      vertex -2.943288e+01 -1.800000e+01  1.624010e+01
    endloop
  endfacet
  facet normal  0.000000e+00  1.000000e+00  0.000000e+00
    outer loop
      vertex -3.169859e+01 -1.800000e+01  1.616098e+01
      vertex -3.056712e+01 -1.800000e+01  1.624010e+01
      vertex -3.061229e+01 -1.800000e+01  1.447821e+01
    endloop
  endfacet
  facet normal  0.000000e+00  1.000000e+00  0.000000e+00
    outer loop
      vertex -3.169859e+01 -1.800000e+01  1.616098e+01
      vertex -3.061229e+01 -1.800000e+01  1.447821e+01
      vertex -3.088891e+01 -1.800000e+01  1.433035e+01
    endloop
  endfacet
  facet normal  0.000000e+00  1.000000e+00  0.000000e+00
    outer loop
      vertex -3.169859e+01 -1.800000e+01  1.616098e+01
      vertex -3.088891e+01 -1.800000e+01  1.433035e+01
      vertex -3.113137e+01 -1.800000e+01  1.413137e+01
    endloop
  endfacet
  facet normal  0.000000e+00  1.000000e+00  0.000000e+00
    outer loop
      vertex -3.169859e+01 -1.800000e+01  1.616098e+01
      vertex -3.113137e+01 -1.800000e+01  1.413137e+01
      vertex -3.133035e+01 -1.800000e+01  1.388891e+01
    endloop
  endfacet
  facet normal  0.000000e+00  1.000000e+00  0.000000e+00
    outer loop
      vertex -3.169859e+01 -1.800000e+01  1.616098e+01
      vertex -3.133035e+01 -1.800000e+01  1.388891e+01
      vertex -3.147821e+01 -1.800000e+01  1.361229e+01
    endloop
  endfacet
  facet normal  0.000000e+00  1.000000e+00  0.000000e+00
    outer loop
      vertex -3.169859e+01 -1.800000e+01  1.616098e+01
      vertex -3.147821e+01 -1.800000e+01  1.361229e+01
      vertex -3.156926e+01 -1.800000e+01  1.331214e+01
    endloop
  endfacet
  facet normal  0.000000e+00  1.000000e+00  0.000000e+00
    outer loop
      vertex -3.169859e+01 -1.800000e+01  1.616098e+01
      vertex -3.156926e+01 -1.800000e+01  1.331214e+01
      vertex -3.160000e+01 -1.800000e+01  1.300000e+01
    endloop
  endfacet
  facet normal  0.000000e+00  1.000000e+00  0.000000e+00
    outer loop
      vertex -1.611109e+01 -1.800000e+01 -1.330351e+00
      vertex -1.586863e+01 -1.800000e+01 -1.131371e+00
      vertex -1.621922e+01 -1.800000e+01 -8.611188e+00
    endloop
  endfacet
  facet normal  0.000000e+00  1.000000e+00  0.000000e+00
    outer loop
      vertex -1.621922e+01 -1.800000e+01 -8.611188e+00
      vertex -1.586863e+01 -1.800000e+01 -1.131371e+00
      vertex -1.566965e+01 -1.800000e+01 -8.889124e-01
    endloop
  endfacet
  facet normal  0.000000e+00  9.999999e-01  0.000000e+00
    outer loop
      vertex -1.621922e+01 -1.800000e+01 -8.611188e+00
      vertex -1.566965e+01 -1.800000e+01 -8.889124e-01
      vertex -1.565210e+01 -1.800000e+01 -7.628913e+00
    endloop
  endfacet
  facet normal  0.000000e+00  1.000000e+00  0.000000e+00
    outer loop
      vertex -1.668785e+01 -1.800000e+01 -1.569256e+00
      vertex -1.638771e+01 -1.800000e+01 -1.478207e+00
      vertex -1.685347e+01 -1.800000e+01 -9.551511e+00
    endloop
  endfacet
  facet normal  0.000000e+00  1.000000e+00  0.000000e+00
    outer loop
      vertex -1.685347e+01 -1.800000e+01 -9.551511e+00
      vertex -1.638771e+01 -1.800000e+01 -1.478207e+00
      vertex -1.611109e+01 -1.800000e+01 -1.330351e+00
    endloop
  endfacet
  facet normal  0.000000e+00  1.000000e+00  0.000000e+00
    outer loop
      vertex -1.685347e+01 -1.800000e+01 -9.551511e+00
      vertex -1.611109e+01 -1.800000e+01 -1.330351e+00
      vertex -1.621922e+01 -1.800000e+01 -8.611188e+00
    endloop
  endfacet
  facet normal  0.000000e+00  1.000000e+00  -0.000000e+00
    outer loop
      vertex -1.668785e+01 -1.800000e+01 -1.569256e+00
      vertex -1.685347e+01 -1.800000e+01 -9.551511e+00
      vertex -1.700000e+01 -1.800000e+01 -1.600000e+00
    endloop
  endfacet
  facet normal  0.000000e+00  1.000000e+00  0.000000e+00
    outer loop
      vertex -1.700000e+01 -1.800000e+01 -1.600000e+00
      vertex -1.685347e+01 -1.800000e+01 -9.551511e+00
      vertex -1.755178e+01 -1.800000e+01 -1.044530e+01
    endloop
  endfacet
  facet normal  0.000000e+00  1.000000e+00  0.000000e+00
    outer loop
      vertex -1.700000e+01 -1.800000e+01 -1.600000e+00
      vertex -1.755178e+01 -1.800000e+01 -1.044530e+01
      vertex -1.731215e+01 -1.800000e+01 -1.569256e+00
    endloop
  endfacet
  facet normal  0.000000e+00  1.000000e+00  0.000000e+00
    outer loop
      vertex -1.813137e+01 -1.800000e+01 -1.131371e+00
      vertex -1.788891e+01 -1.800000e+01 -1.330351e+00
      vertex -1.831073e+01 -1.800000e+01 -1.128820e+01
    endloop
  endfacet
  facet normal  0.000000e+00  1.000000e+00  0.000000e+00
    outer loop
      vertex -1.831073e+01 -1.800000e+01 -1.128820e+01
      vertex -1.788891e+01 -1.800000e+01 -1.330351e+00
      vertex -1.761229e+01 -1.800000e+01 -1.478207e+00
    endloop
  endfacet
  facet normal  0.000000e+00  9.999999e-01  0.000000e+00
    outer loop
      vertex -1.831073e+01 -1.800000e+01 -1.128820e+01
      vertex -1.761229e+01 -1.800000e+01 -1.478207e+00
      vertex -1.755178e+01 -1.800000e+01 -1.044530e+01
    endloop
  endfacet
  facet normal  0.000000e+00  1.000000e+00  0.000000e+00
    outer loop
      vertex -2.866965e+01 -1.800000e+01 -1.211109e+01
      vertex -2.869123e+01 -1.800000e+01 -9.661760e+00
      vertex -2.852179e+01 -1.800000e+01 -1.238771e+01
    endloop
  endfacet
  facet normal  0.000000e+00  1.000000e+00  -0.000000e+00
    outer loop
      vertex -2.852179e+01 -1.800000e+01 -1.238771e+01
      vertex -2.869123e+01 -1.800000e+01 -9.661760e+00
      vertex -2.783042e+01 -1.800000e+01 -9.505548e+00
    endloop
  endfacet
  facet normal  0.000000e+00  1.000000e+00  0.000000e+00
    outer loop
      vertex -2.852179e+01 -1.800000e+01 -1.238771e+01
      vertex -2.783042e+01 -1.800000e+01 -9.505548e+00
      vertex -2.843074e+01 -1.800000e+01 -1.268786e+01
    endloop
  endfacet
  facet normal  0.000000e+00  1.000000e+00  0.000000e+00
    outer loop
      vertex -2.911109e+01 -1.800000e+01 -1.166965e+01
      vertex -2.956257e+01 -1.800000e+01 -9.740182e+00
      vertex -2.886863e+01 -1.800000e+01 -1.186863e+01
    endloop
  endfacet
  facet normal  0.000000e+00  9.999999e-01  -0.000000e+00
    outer loop
      vertex -2.886863e+01 -1.800000e+01 -1.186863e+01
      vertex -2.956257e+01 -1.800000e+01 -9.740182e+00
      vertex -2.869123e+01 -1.800000e+01 -9.661760e+00
    endloop
  endfacet
  facet normal  0.000000e+00  1.000000e+00  0.000000e+00
    outer loop
      vertex -2.886863e+01 -1.800000e+01 -1.186863e+01
      vertex -2.869123e+01 -1.800000e+01 -9.661760e+00
      vertex -2.866965e+01 -1.800000e+01 -1.211109e+01
    endloop
  endfacet
  facet normal  0.000000e+00  1.000000e+00  0.000000e+00
    outer loop
      vertex -4.211109e+01 -1.800000e+01 -1.330351e+00
      vertex -4.244822e+01 -1.800000e+01 -1.044530e+01
      vertex -4.238771e+01 -1.800000e+01 -1.478207e+00
    endloop
  endfacet
  facet normal  0.000000e+00  9.999999e-01  0.000000e+00
    outer loop
      vertex -4.238771e+01 -1.800000e+01 -1.478207e+00
      vertex -4.244822e+01 -1.800000e+01 -1.044530e+01
      vertex -4.314653e+01 -1.800000e+01 -9.551511e+00
    endloop
  endfacet
  facet normal  0.000000e+00  1.000000e+00  0.000000e+00
    outer loop
      vertex -4.238771e+01 -1.800000e+01 -1.478207e+00
      vertex -4.314653e+01 -1.800000e+01 -9.551511e+00
      vertex -4.268785e+01 -1.800000e+01 -1.569256e+00
    endloop
  endfacet
  facet normal  0.000000e+00  1.000000e+00  0.000000e+00
    outer loop
      vertex -4.268785e+01 -1.800000e+01 -1.569256e+00
      vertex -4.314653e+01 -1.800000e+01 -9.551511e+00
      vertex -4.300000e+01 -1.800000e+01 -1.600000e+00
    endloop
  endfacet
  facet normal  0.000000e+00  1.000000e+00  0.000000e+00
    outer loop
      vertex -4.300000e+01 -1.800000e+01 -1.600000e+00
      vertex -4.314653e+01 -1.800000e+01 -9.551511e+00
      vertex -4.378078e+01 -1.800000e+01 -8.611188e+00
    endloop
  endfacet
  facet normal  0.000000e+00  1.000000e+00  0.000000e+00
    outer loop
      vertex -4.300000e+01 -1.800000e+01 -1.600000e+00
      vertex -4.378078e+01 -1.800000e+01 -8.611188e+00
      vertex -4.331215e+01 -1.800000e+01 -1.569256e+00
    endloop
  endfacet
  facet normal  0.000000e+00  9.999999e-01  0.000000e+00
    outer loop
      vertex -4.433035e+01 -1.800000e+01 -8.889124e-01
      vertex -4.413137e+01 -1.800000e+01 -1.131371e+00
      vertex -4.434790e+01 -1.800000e+01 -7.628913e+00
    endloop
  endfacet
  facet normal  0.000000e+00  1.000000e+00  0.000000e+00
    outer loop
      vertex -4.434790e+01 -1.800000e+01 -7.628913e+00
      vertex -4.413137e+01 -1.800000e+01 -1.131371e+00
      vertex -4.388891e+01 -1.800000e+01 -1.330351e+00
    endloop
  endfacet
  facet normal  0.000000e+00  1.000000e+00  0.000000e+00
    outer loop
      vertex -4.434790e+01 -1.800000e+01 -7.628913e+00
      vertex -4.388891e+01 -1.800000e+01 -1.330351e+00
      vertex -4.378078e+01 -1.800000e+01 -8.611188e+00
    endloop
  endfacet
  facet normal  0.000000e+00  1.000000e+00  0.000000e+00
    outer loop
      vertex -4.456926e+01 -1.800000e+01 -3.121445e-01
      vertex -4.447821e+01 -1.800000e+01 -6.122935e-01
      vertex -4.484511e+01 -1.800000e+01 -6.609470e+00
    endloop
  endfacet
  facet normal  0.000000e+00  9.999999e-01  0.000000e+00
    outer loop
      vertex -4.484511e+01 -1.800000e+01 -6.609470e+00
      vertex -4.447821e+01 -1.800000e+01 -6.122935e-01
      vertex -4.433035e+01 -1.800000e+01 -8.889124e-01
    endloop
  endfacet
  facet normal  0.000000e+00  1.000000e+00  0.000000e+00
    outer loop
      vertex -4.484511e+01 -1.800000e+01 -6.609470e+00
      vertex -4.433035e+01 -1.800000e+01 -8.889124e-01
      vertex -4.434790e+01 -1.800000e+01 -7.628913e+00
    endloop
  endfacet
  facet normal  -0.000000e+00  1.000000e+00  0.000000e+00
    outer loop
      vertex -1.668785e+01 -1.800000e+01  1.569256e+00
      vertex -1.700000e+01 -1.800000e+01  1.600000e+00
      vertex -1.685347e+01 -1.800000e+01  9.551511e+00
    endloop
  endfacet
  facet normal  0.000000e+00  1.000000e+00  0.000000e+00
    outer loop
      vertex -1.685347e+01 -1.800000e+01  9.551511e+00
      vertex -1.700000e+01 -1.800000e+01  1.600000e+00
      vertex -1.731215e+01 -1.800000e+01  1.569256e+00
    endloop
  endfacet
  facet normal  0.000000e+00  1.000000e+00  -0.000000e+00
    outer loop
      vertex -1.685347e+01 -1.800000e+01  9.551511e+00
      vertex -1.731215e+01 -1.800000e+01  1.569256e+00
      vertex -1.755178e+01 -1.800000e+01  1.044530e+01
    endloop
  endfacet
  facet normal  0.000000e+00  1.000000e+00  0.000000e+00
    outer loop
      vertex -2.866965e+01 -1.800000e+01  1.211109e+01
      vertex -2.852179e+01 -1.800000e+01  1.238771e+01
      vertex -2.869123e+01 -1.800000e+01  9.661760e+00
    endloop
  endfacet
  facet normal  0.000000e+00  9.999999e-01  0.000000e+00
    outer loop
      vertex -2.869123e+01 -1.800000e+01  9.661760e+00
      vertex -2.852179e+01 -1.800000e+01  1.238771e+01
      vertex -2.843074e+01 -1.800000e+01  1.268786e+01
    endloop
  endfacet
  facet normal  0.000000e+00  1.000000e+00  0.000000e+00
    outer loop
      vertex -2.869123e+01 -1.800000e+01  9.661760e+00
      vertex -2.843074e+01 -1.800000e+01  1.268786e+01
      vertex -2.783042e+01 -1.800000e+01  9.505548e+00
    endloop
  endfacet
  facet normal  0.000000e+00  9.999999e-01  0.000000e+00
    outer loop
      vertex -2.911109e+01 -1.800000e+01  1.166965e+01
      vertex -2.886863e+01 -1.800000e+01  1.186863e+01
      vertex -2.956257e+01 -1.800000e+01  9.740182e+00
    endloop
  endfacet
  facet normal  0.000000e+00  1.000000e+00  0.000000e+00
    outer loop
      vertex -2.956257e+01 -1.800000e+01  9.740182e+00
      vertex -2.886863e+01 -1.800000e+01  1.186863e+01
      vertex -2.866965e+01 -1.800000e+01  1.211109e+01
    endloop
  endfacet
  facet normal  0.000000e+00  1.000000e+00  0.000000e+00
    outer loop
      vertex -2.956257e+01 -1.800000e+01  9.740182e+00
      vertex -2.866965e+01 -1.800000e+01  1.211109e+01
      vertex -2.869123e+01 -1.800000e+01  9.661760e+00
    endloop
  endfacet
  facet normal  0.000000e+00  1.000000e+00  0.000000e+00
    outer loop
      vertex -3.031215e+01 -1.800000e+01  1.143074e+01
      vertex -3.000000e+01 -1.800000e+01  1.140000e+01
      vertex -3.043743e+01 -1.800000e+01  9.740182e+00
    endloop
  endfacet
  facet normal  0.000000e+00  1.000000e+00  0.000000e+00
    outer loop
      vertex -3.043743e+01 -1.800000e+01  9.740182e+00
      vertex -3.000000e+01 -1.800000e+01  1.140000e+01
      vertex -2.968785e+01 -1.800000e+01  1.143074e+01
    endloop
  endfacet
  facet normal  0.000000e+00  1.000000e+00  0.000000e+00
    outer loop
      vertex -3.043743e+01 -1.800000e+01  9.740182e+00
      vertex -2.968785e+01 -1.800000e+01  1.143074e+01
      vertex -2.956257e+01 -1.800000e+01  9.740182e+00
    endloop
  endfacet
  facet normal  0.000000e+00  1.000000e+00  0.000000e+00
    outer loop
      vertex -3.088891e+01 -1.800000e+01  1.166965e+01
      vertex -3.061229e+01 -1.800000e+01  1.152179e+01
      vertex -3.130877e+01 -1.800000e+01  9.661760e+00
    endloop
  endfacet
  facet normal  0.000000e+00  1.000000e+00  0.000000e+00
    outer loop
      vertex -3.130877e+01 -1.800000e+01  9.661760e+00
      vertex -3.061229e+01 -1.800000e+01  1.152179e+01
      vertex -3.031215e+01 -1.800000e+01  1.143074e+01
    endloop
  endfacet
  facet normal  0.000000e+00  1.000000e+00  0.000000e+00
    outer loop
      vertex -3.130877e+01 -1.800000e+01  9.661760e+00
      vertex -3.031215e+01 -1.800000e+01  1.143074e+01
      vertex -3.043743e+01 -1.800000e+01  9.740182e+00
    endloop
  endfacet
  facet normal  -0.000000e+00  1.000000e+00  -0.000000e+00
    outer loop
      vertex -4.211109e+01 -1.800000e+01  1.330351e+00
      vertex -4.238771e+01 -1.800000e+01  1.478207e+00
      vertex -4.244822e+01 -1.800000e+01  1.044530e+01
    endloop
  endfacet
  facet normal  0.000000e+00  9.999999e-01  0.000000e+00
    outer loop
      vertex -4.244822e+01 -1.800000e+01  1.044530e+01
      vertex -4.238771e+01 -1.800000e+01  1.478207e+00
      vertex -4.268785e+01 -1.800000e+01  1.569256e+00
    endloop
  endfacet
  facet normal  0.000000e+00  1.000000e+00  -0.000000e+00
    outer loop
      vertex -4.244822e+01 -1.800000e+01  1.044530e+01
      vertex -4.268785e+01 -1.800000e+01  1.569256e+00
      vertex -4.314653e+01 -1.800000e+01  9.551511e+00
    endloop
  endfacet
  facet normal  -0.000000e+00  1.000000e+00  -0.000000e+00
    outer loop
      vertex -4.268785e+01 -1.800000e+01  1.569256e+00
      vertex -4.300000e+01 -1.800000e+01  1.600000e+00
      vertex -4.314653e+01 -1.800000e+01  9.551511e+00
    endloop
  endfacet
  facet normal  0.000000e+00  1.000000e+00  0.000000e+00
    outer loop
      vertex -4.314653e+01 -1.800000e+01  9.551511e+00
      vertex -4.300000e+01 -1.800000e+01  1.600000e+00
      vertex -4.331215e+01 -1.800000e+01  1.569256e+00
    endloop
  endfacet
  facet normal  0.000000e+00  1.000000e+00  -0.000000e+00
    outer loop
      vertex -4.314653e+01 -1.800000e+01  9.551511e+00
      vertex -4.331215e+01 -1.800000e+01  1.569256e+00
      vertex -4.378078e+01 -1.800000e+01  8.611188e+00
    endloop
  endfacet
  facet normal  8.963845e-02  0.000000e+00 -9.959744e-01
    outer loop
      vertex -3.043743e+01 -1.800000e+01  9.740182e+00
      vertex -3.130877e+01 -2.070000e+01  9.661760e+00
      vertex -3.130877e+01 -1.800000e+01  9.661760e+00
    endloop
  endfacet
  facet normal  1.785569e-01  0.000000e+00 -9.839296e-01
    outer loop
      vertex -3.130877e+01 -1.800000e+01  9.661760e+00
      vertex -3.130877e+01 -2.070000e+01  9.661760e+00
      vertex -3.216958e+01 -2.070000e+01  9.505548e+00
    endloop
  endfacet
  facet normal  1.785569e-01  0.000000e+00 -9.839296e-01
    outer loop
      vertex -3.130877e+01 -1.800000e+01  9.661760e+00
      vertex -3.216958e+01 -2.070000e+01  9.505548e+00
      vertex -3.216958e+01 -1.800000e+01  9.505548e+00
    endloop
  endfacet
  facet normal  2.660364e-01  0.000000e+00 -9.639629e-01
    outer loop
      vertex -3.216958e+01 -1.800000e+01  9.505548e+00
      vertex -3.216958e+01 -2.070000e+01  9.505548e+00
      vertex -3.301292e+01 -2.070000e+01  9.272801e+00
    endloop
  endfacet
  facet normal  2.660364e-01  0.000000e+00 -9.639629e-01
    outer loop
      vertex -3.216958e+01 -1.800000e+01  9.505548e+00
      vertex -3.301292e+01 -2.070000e+01  9.272801e+00
      vertex -3.301292e+01 -1.800000e+01  9.272801e+00
    endloop
  endfacet
  facet normal  3.513757e-01  0.000000e+00 -9.362345e-01
    outer loop
      vertex -3.301292e+01 -1.800000e+01  9.272801e+00
      vertex -3.301292e+01 -2.070000e+01  9.272801e+00
      vertex -3.383199e+01 -2.070000e+01  8.965396e+00
    endloop
  endfacet
  facet normal  3.513757e-01  0.000000e+00 -9.362345e-01
    outer loop
      vertex -3.301292e+01 -1.800000e+01  9.272801e+00
      vertex -3.383199e+01 -2.070000e+01  8.965396e+00
      vertex -3.383199e+01 -1.800000e+01  8.965396e+00
    endloop
  endfacet
  facet normal  4.338827e-01  0.000000e+00 -9.009693e-01
    outer loop
      vertex -3.383199e+01 -1.800000e+01  8.965396e+00
      vertex -3.383199e+01 -2.070000e+01  8.965396e+00
      vertex -3.462022e+01 -2.070000e+01  8.585807e+00
    endloop
  endfacet
  facet normal  4.338827e-01  0.000000e+00 -9.009693e-01
    outer loop
      vertex -3.383199e+01 -1.800000e+01  8.965396e+00
      vertex -3.462022e+01 -2.070000e+01  8.585807e+00
      vertex -3.462022e+01 -1.800000e+01  8.585807e+00
    endloop
  endfacet
  facet normal  5.128999e-01  0.000000e+00 -8.584483e-01
    outer loop
      vertex -3.462022e+01 -1.800000e+01  8.585807e+00
      vertex -3.462022e+01 -2.070000e+01  8.585807e+00
      vertex -3.537125e+01 -2.070000e+01  8.137089e+00
    endloop
  endfacet
  facet normal  5.128999e-01  0.000000e+00 -8.584483e-01
    outer loop
      vertex -3.462022e+01 -1.800000e+01  8.585807e+00
      vertex -3.537125e+01 -2.070000e+01  8.137089e+00
      vertex -3.537125e+01 -1.800000e+01  8.137089e+00
    endloop
  endfacet
  facet normal  5.877854e-01  0.000000e+00 -8.090169e-01
    outer loop
      vertex -3.537125e+01 -1.800000e+01  8.137089e+00
      vertex -3.537125e+01 -2.070000e+01  8.137089e+00
      vertex -3.607903e+01 -2.070000e+01  7.622857e+00
    endloop
  endfacet
  facet normal  5.877854e-01  0.000000e+00 -8.090169e-01
    outer loop
      vertex -3.537125e+01 -1.800000e+01  8.137089e+00
      vertex -3.607903e+01 -2.070000e+01  7.622857e+00
      vertex -3.607903e+01 -1.800000e+01  7.622857e+00
    endloop
  endfacet
  facet normal  6.579382e-01  0.000000e+00 -7.530718e-01
    outer loop
      vertex -3.607903e+01 -1.800000e+01  7.622857e+00
      vertex -3.607903e+01 -2.070000e+01  7.622857e+00
      vertex -3.673786e+01 -2.070000e+01  7.047250e+00
    endloop
  endfacet
  facet normal  6.579382e-01  0.000000e+00 -7.530718e-01
    outer loop
      vertex -3.607903e+01 -1.800000e+01  7.622857e+00
      vertex -3.673786e+01 -2.070000e+01  7.047250e+00
      vertex -3.673786e+01 -1.800000e+01  7.047250e+00
    endloop
  endfacet
  facet normal  7.227960e-01  0.000000e+00 -6.910615e-01
    outer loop
      vertex -3.673786e+01 -1.800000e+01  7.047250e+00
      vertex -3.673786e+01 -2.070000e+01  7.047250e+00
      vertex -3.734245e+01 -2.070000e+01  6.414903e+00
    endloop
  endfacet
  facet normal  7.227960e-01  0.000000e+00 -6.910615e-01
    outer loop
      vertex -3.673786e+01 -1.800000e+01  7.047250e+00
      vertex -3.734245e+01 -2.070000e+01  6.414903e+00
      vertex -3.734245e+01 -1.800000e+01  6.414903e+00
    endloop
  endfacet
  facet normal  7.818304e-01  0.000000e+00 -6.234913e-01
    outer loop
      vertex -3.734245e+01 -1.800000e+01  6.414903e+00
      vertex -3.734245e+01 -2.070000e+01  6.414903e+00
      vertex -3.788792e+01 -2.070000e+01  5.730906e+00
    endloop
  endfacet
  facet normal  7.818304e-01  0.000000e+00 -6.234913e-01
    outer loop
      vertex -3.734245e+01 -1.800000e+01  6.414903e+00
      vertex -3.788792e+01 -2.070000e+01  5.730906e+00
      vertex -3.788792e+01 -1.800000e+01  5.730906e+00
    endloop
  endfacet
  facet normal  8.345730e-01  0.000000e+00 -5.508974e-01
    outer loop
      vertex -3.788792e+01 -1.800000e+01  5.730906e+00
      vertex -3.788792e+01 -2.070000e+01  5.730906e+00
      vertex -3.836988e+01 -2.070000e+01  5.000768e+00
    endloop
  endfacet
  facet normal  8.345730e-01  0.000000e+00 -5.508974e-01
    outer loop
      vertex -3.788792e+01 -1.800000e+01  5.730906e+00
      vertex -3.836988e+01 -2.070000e+01  5.000768e+00
      vertex -3.836988e+01 -1.800000e+01  5.000768e+00
    endloop
  endfacet
  facet normal  8.805960e-01  0.000000e+00 -4.738677e-01
    outer loop
      vertex -3.836988e+01 -1.800000e+01  5.000768e+00
      vertex -3.836988e+01 -2.070000e+01  5.000768e+00
      vertex -3.878445e+01 -2.070000e+01  4.230366e+00
    endloop
  endfacet
  facet normal  8.805960e-01  0.000000e+00 -4.738677e-01
    outer loop
      vertex -3.836988e+01 -1.800000e+01  5.000768e+00
      vertex -3.878445e+01 -2.070000e+01  4.230366e+00
      vertex -3.878445e+01 -1.800000e+01  4.230366e+00
    endloop
  endfacet
  facet normal  9.195285e-01  0.000000e+00 -3.930232e-01
    outer loop
      vertex -3.878445e+01 -1.800000e+01  4.230366e+00
      vertex -3.878445e+01 -2.070000e+01  4.230366e+00
      vertex -3.912829e+01 -2.070000e+01  3.425905e+00
    endloop
  endfacet
  facet normal  9.195285e-01  0.000000e+00 -3.930232e-01
    outer loop
      vertex -3.878445e+01 -1.800000e+01  4.230366e+00
      vertex -3.912829e+01 -2.070000e+01  3.425905e+00
      vertex -3.912829e+01 -1.800000e+01  3.425905e+00
    endloop
  endfacet
  facet normal  9.510553e-01  0.000000e+00 -3.090206e-01
    outer loop
      vertex -3.912829e+01 -1.800000e+01  3.425905e+00
      vertex -3.912829e+01 -2.070000e+01  3.425905e+00
      vertex -3.939864e+01 -2.070000e+01  2.593859e+00
    endloop
  endfacet
  facet normal  9.510553e-01  0.000000e+00 -3.090206e-01
    outer loop
      vertex -3.912829e+01 -1.800000e+01  3.425905e+00
      vertex -3.939864e+01 -2.070000e+01  2.593859e+00
      vertex -3.939864e+01 -1.800000e+01  2.593859e+00
    endloop
  endfacet
  facet normal  9.749280e-01  0.000000e+00 -2.225208e-01
    outer loop
      vertex -3.939864e+01 -1.800000e+01  2.593859e+00
      vertex -3.939864e+01 -2.070000e+01  2.593859e+00
      vertex -3.959332e+01 -2.070000e+01  1.740930e+00
    endloop
  endfacet
  facet normal  9.749280e-01  0.000000e+00 -2.225208e-01
    outer loop
      vertex -3.939864e+01 -1.800000e+01  2.593859e+00
      vertex -3.959332e+01 -2.070000e+01  1.740930e+00
      vertex -3.959332e+01 -1.800000e+01  1.740930e+00
    endloop
  endfacet
  facet normal  9.909498e-01  0.000000e+00 -1.342328e-01
    outer loop
      vertex -3.959332e+01 -1.800000e+01  1.740930e+00
      vertex -3.959332e+01 -2.070000e+01  1.740930e+00
      vertex -3.971075e+01 -2.070000e+01  8.739833e-01
    endloop
  endfacet
  facet normal  9.909498e-01  0.000000e+00 -1.342328e-01
    outer loop
      vertex -3.959332e+01 -1.800000e+01  1.740930e+00
      vertex -3.971075e+01 -2.070000e+01  8.739833e-01
      vertex -3.971075e+01 -1.800000e+01  8.739833e-01
    endloop
  endfacet
  facet normal  9.989931e-01  0.000000e+00 -4.486344e-02
    outer loop
      vertex -3.971075e+01 -1.800000e+01  8.739833e-01
      vertex -3.971075e+01 -2.070000e+01  8.739833e-01
      vertex -3.975000e+01 -2.070000e+01 -7.718771e-14
    endloop
  endfacet
  facet normal  9.989931e-01  0.000000e+00 -4.486344e-02
    outer loop
      vertex -3.971075e+01 -1.800000e+01  8.739833e-01
      vertex -3.975000e+01 -2.070000e+01 -7.718771e-14
      vertex -3.975000e+01 -1.800000e+01 -7.718771e-14
    endloop
  endfacet
  facet normal  8.963845e-02  0.000000e+00 -9.959744e-01
    outer loop
      vertex -3.130877e+01 -2.070000e+01  9.661760e+00
      vertex -3.043743e+01 -1.800000e+01  9.740182e+00
      vertex -3.043743e+01 -2.070000e+01  9.740182e+00
    endloop
  endfacet
  facet normal  0.000000e+00  0.000000e+00 -1.000000e+00
    outer loop
      vertex -3.043743e+01 -2.070000e+01  9.740182e+00
      vertex -3.043743e+01 -1.800000e+01  9.740182e+00
      vertex -2.956257e+01 -1.800000e+01  9.740182e+00
    endloop
  endfacet
  facet normal  0.000000e+00  -0.000000e+00 -1.000000e+00
    outer loop
      vertex -3.043743e+01 -2.070000e+01  9.740182e+00
      vertex -2.956257e+01 -1.800000e+01  9.740182e+00
      vertex -2.956257e+01 -2.070000e+01  9.740182e+00
    endloop
  endfacet
  facet normal -8.963845e-02  0.000000e+00 -9.959744e-01
    outer loop
      vertex -2.956257e+01 -2.070000e+01  9.740182e+00
      vertex -2.956257e+01 -1.800000e+01  9.740182e+00
      vertex -2.869123e+01 -1.800000e+01  9.661760e+00
    endloop
  endfacet
  facet normal -8.963845e-02  -0.000000e+00 -9.959744e-01
    outer loop
      vertex -2.956257e+01 -2.070000e+01  9.740182e+00
      vertex -2.869123e+01 -1.800000e+01  9.661760e+00
      vertex -2.869123e+01 -2.070000e+01  9.661760e+00
    endloop
  endfacet
  facet normal -1.785569e-01  0.000000e+00 -9.839296e-01
    outer loop
      vertex -2.869123e+01 -2.070000e+01  9.661760e+00
      vertex -2.869123e+01 -1.800000e+01  9.661760e+00
      vertex -2.783042e+01 -1.800000e+01  9.505548e+00
    endloop
  endfacet
  facet normal -1.785569e-01  -0.000000e+00 -9.839296e-01
    outer loop
      vertex -2.869123e+01 -2.070000e+01  9.661760e+00
      vertex -2.783042e+01 -1.800000e+01  9.505548e+00
      vertex -2.783042e+01 -2.070000e+01  9.505548e+00
    endloop
  endfacet
  facet normal -2.660364e-01  0.000000e+00 -9.639629e-01
    outer loop
      vertex -2.783042e+01 -2.070000e+01  9.505548e+00
      vertex -2.783042e+01 -1.800000e+01  9.505548e+00
      vertex -2.698708e+01 -1.800000e+01  9.272801e+00
    endloop
  endfacet
  facet normal -2.660364e-01  -0.000000e+00 -9.639629e-01
    outer loop
      vertex -2.783042e+01 -2.070000e+01  9.505548e+00
      vertex -2.698708e+01 -1.800000e+01  9.272801e+00
      vertex -2.698708e+01 -2.070000e+01  9.272801e+00
    endloop
  endfacet
  facet normal -3.513751e-01  0.000000e+00 -9.362348e-01
    outer loop
      vertex -2.698708e+01 -2.070000e+01  9.272801e+00
      vertex -2.698708e+01 -1.800000e+01  9.272801e+00
      vertex -2.616800e+01 -1.800000e+01  8.965396e+00
    endloop
  endfacet
  facet normal -3.513751e-01  -0.000000e+00 -9.362348e-01
    outer loop
      vertex -2.698708e+01 -2.070000e+01  9.272801e+00
      vertex -2.616800e+01 -1.800000e+01  8.965396e+00
      vertex -2.616800e+01 -2.070000e+01  8.965396e+00
    endloop
  endfacet
  facet normal -4.338835e-01  0.000000e+00 -9.009689e-01
    outer loop
      vertex -2.616800e+01 -2.070000e+01  8.965396e+00
      vertex -2.616800e+01 -1.800000e+01  8.965396e+00
      vertex -2.537978e+01 -1.800000e+01  8.585807e+00
    endloop
  endfacet
  facet normal -4.338835e-01  -0.000000e+00 -9.009689e-01
    outer loop
      vertex -2.616800e+01 -2.070000e+01  8.965396e+00
      vertex -2.537978e+01 -1.800000e+01  8.585807e+00
      vertex -2.537978e+01 -2.070000e+01  8.585807e+00
    endloop
  endfacet
  facet normal -5.128999e-01  0.000000e+00 -8.584483e-01
    outer loop
      vertex -2.537978e+01 -2.070000e+01  8.585807e+00
      vertex -2.537978e+01 -1.800000e+01  8.585807e+00
      vertex -2.462875e+01 -1.800000e+01  8.137089e+00
    endloop
  endfacet
  facet normal -5.128999e-01  -0.000000e+00 -8.584483e-01
    outer loop
      vertex -2.537978e+01 -2.070000e+01  8.585807e+00
      vertex -2.462875e+01 -1.800000e+01  8.137089e+00
      vertex -2.462875e+01 -2.070000e+01  8.137089e+00
    endloop
  endfacet
  facet normal -5.877854e-01  0.000000e+00 -8.090169e-01
    outer loop
      vertex -2.462875e+01 -2.070000e+01  8.137089e+00
      vertex -2.462875e+01 -1.800000e+01  8.137089e+00
      vertex -2.392097e+01 -1.800000e+01  7.622857e+00
    endloop
  endfacet
  facet normal -5.877854e-01  -0.000000e+00 -8.090169e-01
    outer loop
      vertex -2.462875e+01 -2.070000e+01  8.137089e+00
      vertex -2.392097e+01 -1.800000e+01  7.622857e+00
      vertex -2.392097e+01 -2.070000e+01  7.622857e+00
    endloop
  endfacet
  facet normal -6.579382e-01  0.000000e+00 -7.530718e-01
    outer loop
      vertex -2.392097e+01 -2.070000e+01  7.622857e+00
      vertex -2.392097e+01 -1.800000e+01  7.622857e+00
      vertex -2.326214e+01 -1.800000e+01  7.047250e+00
    endloop
  endfacet
  facet normal -6.579382e-01  -0.000000e+00 -7.530718e-01
    outer loop
      vertex -2.392097e+01 -2.070000e+01  7.622857e+00
      vertex -2.326214e+01 -1.800000e+01  7.047250e+00
      vertex -2.326214e+01 -2.070000e+01  7.047250e+00
    endloop
  endfacet
  facet normal -7.227950e-01  0.000000e+00 -6.910626e-01
    outer loop
      vertex -2.326214e+01 -2.070000e+01  7.047250e+00
      vertex -2.326214e+01 -1.800000e+01  7.047250e+00
      vertex -2.265755e+01 -1.800000e+01  6.414903e+00
    endloop
  endfacet
  facet normal -7.227950e-01  -0.000000e+00 -6.910626e-01
    outer loop
      vertex -2.326214e+01 -2.070000e+01  7.047250e+00
      vertex -2.265755e+01 -1.800000e+01  6.414903e+00
      vertex -2.265755e+01 -2.070000e+01  6.414903e+00
    endloop
  endfacet
  facet normal -7.818314e-01  0.000000e+00 -6.234899e-01
    outer loop
      vertex -2.265755e+01 -2.070000e+01  6.414903e+00
      vertex -2.265755e+01 -1.800000e+01  6.414903e+00
      vertex -2.211208e+01 -1.800000e+01  5.730906e+00
    endloop
  endfacet
  facet normal -7.818314e-01  -0.000000e+00 -6.234899e-01
    outer loop
      vertex -2.265755e+01 -2.070000e+01  6.414903e+00
      vertex -2.211208e+01 -1.800000e+01  5.730906e+00
      vertex -2.211208e+01 -2.070000e+01  5.730906e+00
    endloop
  endfacet
  facet normal -8.345740e-01  0.000000e+00 -5.508959e-01
    outer loop
      vertex -2.211208e+01 -2.070000e+01  5.730906e+00
      vertex -2.211208e+01 -1.800000e+01  5.730906e+00
      vertex -2.163013e+01 -1.800000e+01  5.000768e+00
    endloop
  endfacet
  facet normal -8.345740e-01  -0.000000e+00 -5.508959e-01
    outer loop
      vertex -2.211208e+01 -2.070000e+01  5.730906e+00
      vertex -2.163013e+01 -1.800000e+01  5.000768e+00
      vertex -2.163013e+01 -2.070000e+01  5.000768e+00
    endloop
  endfacet
  facet normal -8.805951e-01  0.000000e+00 -4.738694e-01
    outer loop
      vertex -2.163013e+01 -2.070000e+01  5.000768e+00
      vertex -2.163013e+01 -1.800000e+01  5.000768e+00
      vertex -2.121555e+01 -1.800000e+01  4.230366e+00
    endloop
  endfacet
  facet normal -8.805951e-01  -0.000000e+00 -4.738694e-01
    outer loop
      vertex -2.163013e+01 -2.070000e+01  5.000768e+00
      vertex -2.121555e+01 -1.800000e+01  4.230366e+00
      vertex -2.121555e+01 -2.070000e+01  4.230366e+00
    endloop
  endfacet
  facet normal -9.195278e-01  0.000000e+00 -3.930251e-01
    outer loop
      vertex -2.121555e+01 -2.070000e+01  4.230366e+00
      vertex -2.121555e+01 -1.800000e+01  4.230366e+00
      vertex -2.087171e+01 -1.800000e+01  3.425905e+00
    endloop
  endfacet
  facet normal -9.195278e-01  -0.000000e+00 -3.930251e-01
    outer loop
      vertex -2.121555e+01 -2.070000e+01  4.230366e+00
      vertex -2.087171e+01 -1.800000e+01  3.425905e+00
      vertex -2.087171e+01 -2.070000e+01  3.425905e+00
    endloop
  endfacet
  facet normal -9.510566e-01  0.000000e+00 -3.090166e-01
    outer loop
      vertex -2.087171e+01 -2.070000e+01  3.425905e+00
      vertex -2.087171e+01 -1.800000e+01  3.425905e+00
      vertex -2.060136e+01 -1.800000e+01  2.593859e+00
    endloop
  endfacet
  facet normal -9.510566e-01  -0.000000e+00 -3.090166e-01
    outer loop
      vertex -2.087171e+01 -2.070000e+01  3.425905e+00
      vertex -2.060136e+01 -1.800000e+01  2.593859e+00
      vertex -2.060136e+01 -2.070000e+01  2.593859e+00
    endloop
  endfacet
  facet normal -9.749280e-01  0.000000e+00 -2.225208e-01
    outer loop
      vertex -2.060136e+01 -2.070000e+01  2.593859e+00
      vertex -2.060136e+01 -1.800000e+01  2.593859e+00
      vertex -2.040669e+01 -1.800000e+01  1.740930e+00
    endloop
  endfacet
  facet normal -9.749280e-01  -0.000000e+00 -2.225208e-01
    outer loop
      vertex -2.060136e+01 -2.070000e+01  2.593859e+00
      vertex -2.040669e+01 -1.800000e+01  1.740930e+00
      vertex -2.040669e+01 -2.070000e+01  1.740930e+00
    endloop
  endfacet
  facet normal -9.909498e-01  0.000000e+00 -1.342328e-01
    outer loop
      vertex -2.040669e+01 -2.070000e+01  1.740930e+00
      vertex -2.040669e+01 -1.800000e+01  1.740930e+00
      vertex -2.028925e+01 -1.800000e+01  8.739833e-01
    endloop
  endfacet
  facet normal -9.909498e-01  -0.000000e+00 -1.342328e-01
    outer loop
      vertex -2.040669e+01 -2.070000e+01  1.740930e+00
      vertex -2.028925e+01 -1.800000e+01  8.739833e-01
      vertex -2.028925e+01 -2.070000e+01  8.739833e-01
    endloop
  endfacet
  facet normal -9.989930e-01  0.000000e+00 -4.486562e-02
    outer loop
      vertex -2.028925e+01 -2.070000e+01  8.739833e-01
      vertex -2.028925e+01 -1.800000e+01  8.739833e-01
      vertex -2.025000e+01 -1.800000e+01 -7.838175e-14
    endloop
  endfacet
  facet normal -9.989930e-01  -0.000000e+00 -4.486562e-02
    outer loop
      vertex -2.028925e+01 -2.070000e+01  8.739833e-01
      vertex -2.025000e+01 -1.800000e+01 -7.838175e-14
      vertex -2.025000e+01 -2.070000e+01 -7.838175e-14
    endloop
  endfacet
  facet normal -8.963845e-02  0.000000e+00  9.959744e-01
    outer loop
      vertex -2.956257e+01 -1.800000e+01 -9.740182e+00
      vertex -2.869123e+01 -2.070000e+01 -9.661760e+00
      vertex -2.869123e+01 -1.800000e+01 -9.661760e+00
    endloop
  endfacet
  facet normal -1.785569e-01  0.000000e+00  9.839296e-01
    outer loop
      vertex -2.869123e+01 -1.800000e+01 -9.661760e+00
      vertex -2.869123e+01 -2.070000e+01 -9.661760e+00
      vertex -2.783042e+01 -2.070000e+01 -9.505548e+00
    endloop
  endfacet
  facet normal -1.785569e-01  0.000000e+00  9.839296e-01
    outer loop
      vertex -2.869123e+01 -1.800000e+01 -9.661760e+00
      vertex -2.783042e+01 -2.070000e+01 -9.505548e+00
      vertex -2.783042e+01 -1.800000e+01 -9.505548e+00
    endloop
  endfacet
  facet normal -2.660364e-01  0.000000e+00  9.639629e-01
    outer loop
      vertex -2.783042e+01 -1.800000e+01 -9.505548e+00
      vertex -2.783042e+01 -2.070000e+01 -9.505548e+00
      vertex -2.698708e+01 -2.070000e+01 -9.272801e+00
    endloop
  endfacet
  facet normal -2.660364e-01  0.000000e+00  9.639629e-01
    outer loop
      vertex -2.783042e+01 -1.800000e+01 -9.505548e+00
      vertex -2.698708e+01 -2.070000e+01 -9.272801e+00
      vertex -2.698708e+01 -1.800000e+01 -9.272801e+00
    endloop
  endfacet
  facet normal -3.513751e-01  0.000000e+00  9.362348e-01
    outer loop
      vertex -2.698708e+01 -1.800000e+01 -9.272801e+00
      vertex -2.698708e+01 -2.070000e+01 -9.272801e+00
      vertex -2.616800e+01 -2.070000e+01 -8.965396e+00
    endloop
  endfacet
  facet normal -3.513751e-01  0.000000e+00  9.362348e-01
    outer loop
      vertex -2.698708e+01 -1.800000e+01 -9.272801e+00
      vertex -2.616800e+01 -2.070000e+01 -8.965396e+00
      vertex -2.616800e+01 -1.800000e+01 -8.965396e+00
    endloop
  endfacet
  facet normal -4.338835e-01  0.000000e+00  9.009689e-01
    outer loop
      vertex -2.616800e+01 -1.800000e+01 -8.965396e+00
      vertex -2.616800e+01 -2.070000e+01 -8.965396e+00
      vertex -2.537978e+01 -2.070000e+01 -8.585807e+00
    endloop
  endfacet
  facet normal -4.338835e-01  0.000000e+00  9.009689e-01
    outer loop
      vertex -2.616800e+01 -1.800000e+01 -8.965396e+00
      vertex -2.537978e+01 -2.070000e+01 -8.585807e+00
      vertex -2.537978e+01 -1.800000e+01 -8.585807e+00
    endloop
  endfacet
  facet normal -5.128999e-01  0.000000e+00  8.584483e-01
    outer loop
      vertex -2.537978e+01 -1.800000e+01 -8.585807e+00
      vertex -2.537978e+01 -2.070000e+01 -8.585807e+00
      vertex -2.462875e+01 -2.070000e+01 -8.137089e+00
    endloop
  endfacet
  facet normal -5.128999e-01  0.000000e+00  8.584483e-01
    outer loop
      vertex -2.537978e+01 -1.800000e+01 -8.585807e+00
      vertex -2.462875e+01 -2.070000e+01 -8.137089e+00
      vertex -2.462875e+01 -1.800000e+01 -8.137089e+00
    endloop
  endfacet
  facet normal -5.877854e-01  0.000000e+00  8.090169e-01
    outer loop
      vertex -2.462875e+01 -1.800000e+01 -8.137089e+00
      vertex -2.462875e+01 -2.070000e+01 -8.137089e+00
      vertex -2.392097e+01 -2.070000e+01 -7.622857e+00
    endloop
  endfacet
  facet normal -5.877854e-01  0.000000e+00  8.090169e-01
    outer loop
      vertex -2.462875e+01 -1.800000e+01 -8.137089e+00
      vertex -2.392097e+01 -2.070000e+01 -7.622857e+00
      vertex -2.392097e+01 -1.800000e+01 -7.622857e+00
    endloop
  endfacet
  facet normal -6.579382e-01  0.000000e+00  7.530718e-01
    outer loop
      vertex -2.392097e+01 -1.800000e+01 -7.622857e+00
      vertex -2.392097e+01 -2.070000e+01 -7.622857e+00
      vertex -2.326214e+01 -2.070000e+01 -7.047250e+00
    endloop
  endfacet
  facet normal -6.579382e-01  0.000000e+00  7.530718e-01
    outer loop
      vertex -2.392097e+01 -1.800000e+01 -7.622857e+00
      vertex -2.326214e+01 -2.070000e+01 -7.047250e+00
      vertex -2.326214e+01 -1.800000e+01 -7.047250e+00
    endloop
  endfacet
  facet normal -7.227950e-01  0.000000e+00  6.910626e-01
    outer loop
      vertex -2.326214e+01 -1.800000e+01 -7.047250e+00
      vertex -2.326214e+01 -2.070000e+01 -7.047250e+00
      vertex -2.265755e+01 -2.070000e+01 -6.414903e+00
    endloop
  endfacet
  facet normal -7.227950e-01  0.000000e+00  6.910626e-01
    outer loop
      vertex -2.326214e+01 -1.800000e+01 -7.047250e+00
      vertex -2.265755e+01 -2.070000e+01 -6.414903e+00
      vertex -2.265755e+01 -1.800000e+01 -6.414903e+00
    endloop
  endfacet
  facet normal -7.818314e-01  0.000000e+00  6.234899e-01
    outer loop
      vertex -2.265755e+01 -1.800000e+01 -6.414903e+00
      vertex -2.265755e+01 -2.070000e+01 -6.414903e+00
      vertex -2.211208e+01 -2.070000e+01 -5.730906e+00
    endloop
  endfacet
  facet normal -7.818314e-01  0.000000e+00  6.234899e-01
    outer loop
      vertex -2.265755e+01 -1.800000e+01 -6.414903e+00
      vertex -2.211208e+01 -2.070000e+01 -5.730906e+00
      vertex -2.211208e+01 -1.800000e+01 -5.730906e+00
    endloop
  endfacet
  facet normal -8.345740e-01  0.000000e+00  5.508959e-01
    outer loop
      vertex -2.211208e+01 -1.800000e+01 -5.730906e+00
      vertex -2.211208e+01 -2.070000e+01 -5.730906e+00
      vertex -2.163013e+01 -2.070000e+01 -5.000768e+00
    endloop
  endfacet
  facet normal -8.345740e-01  0.000000e+00  5.508959e-01
    outer loop
      vertex -2.211208e+01 -1.800000e+01 -5.730906e+00
      vertex -2.163013e+01 -2.070000e+01 -5.000768e+00
      vertex -2.163013e+01 -1.800000e+01 -5.000768e+00
    endloop
  endfacet
  facet normal -8.805951e-01  0.000000e+00  4.738694e-01
    outer loop
      vertex -2.163013e+01 -1.800000e+01 -5.000768e+00
      vertex -2.163013e+01 -2.070000e+01 -5.000768e+00
      vertex -2.121555e+01 -2.070000e+01 -4.230366e+00
    endloop
  endfacet
  facet normal -8.805951e-01  0.000000e+00  4.738694e-01
    outer loop
      vertex -2.163013e+01 -1.800000e+01 -5.000768e+00
      vertex -2.121555e+01 -2.070000e+01 -4.230366e+00
      vertex -2.121555e+01 -1.800000e+01 -4.230366e+00
    endloop
  endfacet
  facet normal -9.195278e-01  0.000000e+00  3.930251e-01
    outer loop
      vertex -2.121555e+01 -1.800000e+01 -4.230366e+00
      vertex -2.121555e+01 -2.070000e+01 -4.230366e+00
      vertex -2.087171e+01 -2.070000e+01 -3.425905e+00
    endloop
  endfacet
  facet normal -9.195278e-01  0.000000e+00  3.930251e-01
    outer loop
      vertex -2.121555e+01 -1.800000e+01 -4.230366e+00
      vertex -2.087171e+01 -2.070000e+01 -3.425905e+00
      vertex -2.087171e+01 -1.800000e+01 -3.425905e+00
    endloop
  endfacet
  facet normal -9.510566e-01  0.000000e+00  3.090166e-01
    outer loop
      vertex -2.087171e+01 -1.800000e+01 -3.425905e+00
      vertex -2.087171e+01 -2.070000e+01 -3.425905e+00
      vertex -2.060136e+01 -2.070000e+01 -2.593859e+00
    endloop
  endfacet
  facet normal -9.510566e-01  0.000000e+00  3.090166e-01
    outer loop
      vertex -2.087171e+01 -1.800000e+01 -3.425905e+00
      vertex -2.060136e+01 -2.070000e+01 -2.593859e+00
      vertex -2.060136e+01 -1.800000e+01 -2.593859e+00
    endloop
  endfacet
  facet normal -9.749280e-01  0.000000e+00  2.225208e-01
    outer loop
      vertex -2.060136e+01 -1.800000e+01 -2.593859e+00
      vertex -2.060136e+01 -2.070000e+01 -2.593859e+00
      vertex -2.040669e+01 -2.070000e+01 -1.740930e+00
    endloop
  endfacet
  facet normal -9.749280e-01  0.000000e+00  2.225208e-01
    outer loop
      vertex -2.060136e+01 -1.800000e+01 -2.593859e+00
      vertex -2.040669e+01 -2.070000e+01 -1.740930e+00
      vertex -2.040669e+01 -1.800000e+01 -1.740930e+00
    endloop
  endfacet
  facet normal -9.909498e-01  0.000000e+00  1.342328e-01
    outer loop
      vertex -2.040669e+01 -1.800000e+01 -1.740930e+00
      vertex -2.040669e+01 -2.070000e+01 -1.740930e+00
      vertex -2.028925e+01 -2.070000e+01 -8.739833e-01
    endloop
  endfacet
  facet normal -9.909498e-01  0.000000e+00  1.342328e-01
    outer loop
      vertex -2.040669e+01 -1.800000e+01 -1.740930e+00
      vertex -2.028925e+01 -2.070000e+01 -8.739833e-01
      vertex -2.028925e+01 -1.800000e+01 -8.739833e-01
    endloop
  endfacet
  facet normal -9.989930e-01  0.000000e+00  4.486562e-02
    outer loop
      vertex -2.028925e+01 -1.800000e+01 -8.739833e-01
      vertex -2.028925e+01 -2.070000e+01 -8.739833e-01
      vertex -2.025000e+01 -2.070000e+01 -7.838175e-14
    endloop
  endfacet
  facet normal -9.989930e-01  0.000000e+00  4.486562e-02
    outer loop
      vertex -2.028925e+01 -1.800000e+01 -8.739833e-01
      vertex -2.025000e+01 -2.070000e+01 -7.838175e-14
      vertex -2.025000e+01 -1.800000e+01 -7.838175e-14
    endloop
  endfacet
  facet normal -8.963845e-02  0.000000e+00  9.959744e-01
    outer loop
      vertex -2.869123e+01 -2.070000e+01 -9.661760e+00
      vertex -2.956257e+01 -1.800000e+01 -9.740182e+00
      vertex -2.956257e+01 -2.070000e+01 -9.740182e+00
    endloop
  endfacet
  facet normal  0.000000e+00  -0.000000e+00  1.000000e+00
    outer loop
      vertex -2.956257e+01 -2.070000e+01 -9.740182e+00
      vertex -2.956257e+01 -1.800000e+01 -9.740182e+00
      vertex -3.043743e+01 -1.800000e+01 -9.740182e+00
    endloop
  endfacet
  facet normal  0.000000e+00  0.000000e+00  1.000000e+00
    outer loop
      vertex -2.956257e+01 -2.070000e+01 -9.740182e+00
      vertex -3.043743e+01 -1.800000e+01 -9.740182e+00
      vertex -3.043743e+01 -2.070000e+01 -9.740182e+00
    endloop
  endfacet
  facet normal  8.963845e-02  -0.000000e+00  9.959744e-01
    outer loop
      vertex -3.043743e+01 -2.070000e+01 -9.740182e+00
      vertex -3.043743e+01 -1.800000e+01 -9.740182e+00
      vertex -3.130877e+01 -1.800000e+01 -9.661760e+00
    endloop
  endfacet
  facet normal  8.963845e-02  0.000000e+00  9.959744e-01
    outer loop
      vertex -3.043743e+01 -2.070000e+01 -9.740182e+00
      vertex -3.130877e+01 -1.800000e+01 -9.661760e+00
      vertex -3.130877e+01 -2.070000e+01 -9.661760e+00
    endloop
  endfacet
  facet normal  1.785569e-01  -0.000000e+00  9.839296e-01
    outer loop
      vertex -3.130877e+01 -2.070000e+01 -9.661760e+00
      vertex -3.130877e+01 -1.800000e+01 -9.661760e+00
      vertex -3.216958e+01 -1.800000e+01 -9.505548e+00
    endloop
  endfacet
  facet normal  1.785569e-01  0.000000e+00  9.839296e-01
    outer loop
      vertex -3.130877e+01 -2.070000e+01 -9.661760e+00
      vertex -3.216958e+01 -1.800000e+01 -9.505548e+00
      vertex -3.216958e+01 -2.070000e+01 -9.505548e+00
    endloop
  endfacet
  facet normal  2.660364e-01  -0.000000e+00  9.639629e-01
    outer loop
      vertex -3.216958e+01 -2.070000e+01 -9.505548e+00
      vertex -3.216958e+01 -1.800000e+01 -9.505548e+00
      vertex -3.301292e+01 -1.800000e+01 -9.272801e+00
    endloop
  endfacet
  facet normal  2.660364e-01  0.000000e+00  9.639629e-01
    outer loop
      vertex -3.216958e+01 -2.070000e+01 -9.505548e+00
      vertex -3.301292e+01 -1.800000e+01 -9.272801e+00
      vertex -3.301292e+01 -2.070000e+01 -9.272801e+00
    endloop
  endfacet
  facet normal  3.513757e-01  -0.000000e+00  9.362345e-01
    outer loop
      vertex -3.301292e+01 -2.070000e+01 -9.272801e+00
      vertex -3.301292e+01 -1.800000e+01 -9.272801e+00
      vertex -3.383199e+01 -1.800000e+01 -8.965396e+00
    endloop
  endfacet
  facet normal  3.513757e-01  0.000000e+00  9.362345e-01
    outer loop
      vertex -3.301292e+01 -2.070000e+01 -9.272801e+00
      vertex -3.383199e+01 -1.800000e+01 -8.965396e+00
      vertex -3.383199e+01 -2.070000e+01 -8.965396e+00
    endloop
  endfacet
  facet normal  4.338827e-01  -0.000000e+00  9.009693e-01
    outer loop
      vertex -3.383199e+01 -2.070000e+01 -8.965396e+00
      vertex -3.383199e+01 -1.800000e+01 -8.965396e+00
      vertex -3.462022e+01 -1.800000e+01 -8.585807e+00
    endloop
  endfacet
  facet normal  4.338827e-01  0.000000e+00  9.009693e-01
    outer loop
      vertex -3.383199e+01 -2.070000e+01 -8.965396e+00
      vertex -3.462022e+01 -1.800000e+01 -8.585807e+00
      vertex -3.462022e+01 -2.070000e+01 -8.585807e+00
    endloop
  endfacet
  facet normal  5.128999e-01  -0.000000e+00  8.584483e-01
    outer loop
      vertex -3.462022e+01 -2.070000e+01 -8.585807e+00
      vertex -3.462022e+01 -1.800000e+01 -8.585807e+00
      vertex -3.537125e+01 -1.800000e+01 -8.137089e+00
    endloop
  endfacet
  facet normal  5.128999e-01  0.000000e+00  8.584483e-01
    outer loop
      vertex -3.462022e+01 -2.070000e+01 -8.585807e+00
      vertex -3.537125e+01 -1.800000e+01 -8.137089e+00
      vertex -3.537125e+01 -2.070000e+01 -8.137089e+00
    endloop
  endfacet
  facet normal  5.877854e-01  -0.000000e+00  8.090169e-01
    outer loop
      vertex -3.537125e+01 -2.070000e+01 -8.137089e+00
      vertex -3.537125e+01 -1.800000e+01 -8.137089e+00
      vertex -3.607903e+01 -1.800000e+01 -7.622857e+00
    endloop
  endfacet
  facet normal  5.877854e-01  0.000000e+00  8.090169e-01
    outer loop
      vertex -3.537125e+01 -2.070000e+01 -8.137089e+00
      vertex -3.607903e+01 -1.800000e+01 -7.622857e+00
      vertex -3.607903e+01 -2.070000e+01 -7.622857e+00
    endloop
  endfacet
  facet normal  6.579382e-01  -0.000000e+00  7.530718e-01
    outer loop
      vertex -3.607903e+01 -2.070000e+01 -7.622857e+00
      vertex -3.607903e+01 -1.800000e+01 -7.622857e+00
      vertex -3.673786e+01 -1.800000e+01 -7.047250e+00
    endloop
  endfacet
  facet normal  6.579382e-01  0.000000e+00  7.530718e-01
    outer loop
      vertex -3.607903e+01 -2.070000e+01 -7.622857e+00
      vertex -3.673786e+01 -1.800000e+01 -7.047250e+00
      vertex -3.673786e+01 -2.070000e+01 -7.047250e+00
    endloop
  endfacet
  facet normal  7.227960e-01  -0.000000e+00  6.910615e-01
    outer loop
      vertex -3.673786e+01 -2.070000e+01 -7.047250e+00
      vertex -3.673786e+01 -1.800000e+01 -7.047250e+00
      vertex -3.734245e+01 -1.800000e+01 -6.414903e+00
    endloop
  endfacet
  facet normal  7.227960e-01  0.000000e+00  6.910615e-01
    outer loop
      vertex -3.673786e+01 -2.070000e+01 -7.047250e+00
      vertex -3.734245e+01 -1.800000e+01 -6.414903e+00
      vertex -3.734245e+01 -2.070000e+01 -6.414903e+00
    endloop
  endfacet
  facet normal  7.818304e-01  -0.000000e+00  6.234913e-01
    outer loop
      vertex -3.734245e+01 -2.070000e+01 -6.414903e+00
      vertex -3.734245e+01 -1.800000e+01 -6.414903e+00
      vertex -3.788792e+01 -1.800000e+01 -5.730906e+00
    endloop
  endfacet
  facet normal  7.818304e-01  0.000000e+00  6.234913e-01
    outer loop
      vertex -3.734245e+01 -2.070000e+01 -6.414903e+00
      vertex -3.788792e+01 -1.800000e+01 -5.730906e+00
      vertex -3.788792e+01 -2.070000e+01 -5.730906e+00
    endloop
  endfacet
  facet normal  8.345730e-01  -0.000000e+00  5.508974e-01
    outer loop
      vertex -3.788792e+01 -2.070000e+01 -5.730906e+00
      vertex -3.788792e+01 -1.800000e+01 -5.730906e+00
      vertex -3.836988e+01 -1.800000e+01 -5.000768e+00
    endloop
  endfacet
  facet normal  8.345730e-01  0.000000e+00  5.508974e-01
    outer loop
      vertex -3.788792e+01 -2.070000e+01 -5.730906e+00
      vertex -3.836988e+01 -1.800000e+01 -5.000768e+00
      vertex -3.836988e+01 -2.070000e+01 -5.000768e+00
    endloop
  endfacet
  facet normal  8.805960e-01  -0.000000e+00  4.738677e-01
    outer loop
      vertex -3.836988e+01 -2.070000e+01 -5.000768e+00
      vertex -3.836988e+01 -1.800000e+01 -5.000768e+00
      vertex -3.878445e+01 -1.800000e+01 -4.230366e+00
    endloop
  endfacet
  facet normal  8.805960e-01  0.000000e+00  4.738677e-01
    outer loop
      vertex -3.836988e+01 -2.070000e+01 -5.000768e+00
      vertex -3.878445e+01 -1.800000e+01 -4.230366e+00
      vertex -3.878445e+01 -2.070000e+01 -4.230366e+00
    endloop
  endfacet
  facet normal  9.195285e-01  -0.000000e+00  3.930232e-01
    outer loop
      vertex -3.878445e+01 -2.070000e+01 -4.230366e+00
      vertex -3.878445e+01 -1.800000e+01 -4.230366e+00
      vertex -3.912829e+01 -1.800000e+01 -3.425905e+00
    endloop
  endfacet
  facet normal  9.195285e-01  0.000000e+00  3.930232e-01
    outer loop
      vertex -3.878445e+01 -2.070000e+01 -4.230366e+00
      vertex -3.912829e+01 -1.800000e+01 -3.425905e+00
      vertex -3.912829e+01 -2.070000e+01 -3.425905e+00
    endloop
  endfacet
  facet normal  9.510553e-01  -0.000000e+00  3.090206e-01
    outer loop
      vertex -3.912829e+01 -2.070000e+01 -3.425905e+00
      vertex -3.912829e+01 -1.800000e+01 -3.425905e+00
      vertex -3.939864e+01 -1.800000e+01 -2.593859e+00
    endloop
  endfacet
  facet normal  9.510553e-01  0.000000e+00  3.090206e-01
    outer loop
      vertex -3.912829e+01 -2.070000e+01 -3.425905e+00
      vertex -3.939864e+01 -1.800000e+01 -2.593859e+00
      vertex -3.939864e+01 -2.070000e+01 -2.593859e+00
    endloop
  endfacet
  facet normal  9.749280e-01  -0.000000e+00  2.225208e-01
    outer loop
      vertex -3.939864e+01 -2.070000e+01 -2.593859e+00
      vertex -3.939864e+01 -1.800000e+01 -2.593859e+00
      vertex -3.959332e+01 -1.800000e+01 -1.740930e+00
    endloop
  endfacet
  facet normal  9.749280e-01  0.000000e+00  2.225208e-01
    outer loop
      vertex -3.939864e+01 -2.070000e+01 -2.593859e+00
      vertex -3.959332e+01 -1.800000e+01 -1.740930e+00
      vertex -3.959332e+01 -2.070000e+01 -1.740930e+00
    endloop
  endfacet
  facet normal  9.909498e-01  -0.000000e+00  1.342328e-01
    outer loop
      vertex -3.959332e+01 -2.070000e+01 -1.740930e+00
      vertex -3.959332e+01 -1.800000e+01 -1.740930e+00
      vertex -3.971075e+01 -1.800000e+01 -8.739833e-01
    endloop
  endfacet
  facet normal  9.909498e-01  0.000000e+00  1.342328e-01
    outer loop
      vertex -3.959332e+01 -2.070000e+01 -1.740930e+00
      vertex -3.971075e+01 -1.800000e+01 -8.739833e-01
      vertex -3.971075e+01 -2.070000e+01 -8.739833e-01
    endloop
  endfacet
  facet normal  9.989931e-01  -0.000000e+00  4.486344e-02
    outer loop
      vertex -3.971075e+01 -2.070000e+01 -8.739833e-01
      vertex -3.971075e+01 -1.800000e+01 -8.739833e-01
      vertex -3.975000e+01 -1.800000e+01 -7.718771e-14
    endloop
  endfacet
  facet normal  9.989931e-01  0.000000e+00  4.486344e-02
    outer loop
      vertex -3.971075e+01 -2.070000e+01 -8.739833e-01
      vertex -3.975000e+01 -1.800000e+01 -7.718771e-14
      vertex -3.975000e+01 -2.070000e+01 -7.718771e-14
    endloop
  endfacet
  facet normal  0.000000e+00  1.000000e+00  -0.000000e+00
    outer loop
      vertex -3.348140e+01 -2.070000e+01  3.929682e+00
      vertex -3.392968e+01 -2.070000e+01  3.481394e+00
      vertex -3.912829e+01 -2.070000e+01  3.425905e+00
    endloop
  endfacet
  facet normal  0.000000e+00  1.000000e+00  0.000000e+00
    outer loop
      vertex -2.874359e+01 -2.070000e+01  5.097445e+00
      vertex -2.936718e+01 -2.070000e+01  5.211721e+00
      vertex -2.163013e+01 -2.070000e+01  5.000768e+00
    endloop
  endfacet
  facet normal  0.000000e+00  1.000000e+00  -0.000000e+00
    outer loop
      vertex -2.163013e+01 -2.070000e+01  5.000768e+00
      vertex -2.813832e+01 -2.070000e+01  4.908835e+00
      vertex -2.874359e+01 -2.070000e+01  5.097445e+00
    endloop
  endfacet
  facet normal  -0.000000e+00  1.000000e+00  0.000000e+00
    outer loop
      vertex -3.788792e+01 -2.070000e+01 -5.730906e+00
      vertex -3.836988e+01 -2.070000e+01 -5.000768e+00
      vertex -3.186168e+01 -2.070000e+01 -4.908835e+00
    endloop
  endfacet
  facet normal  0.000000e+00  1.000000e+00  0.000000e+00
    outer loop
      vertex -3.788792e+01 -2.070000e+01 -5.730906e+00
      vertex -3.186168e+01 -2.070000e+01 -4.908835e+00
      vertex -3.125641e+01 -2.070000e+01 -5.097445e+00
    endloop
  endfacet
  facet normal  0.000000e+00  9.999999e-01  0.000000e+00
    outer loop
      vertex -3.788792e+01 -2.070000e+01 -5.730906e+00
      vertex -3.125641e+01 -2.070000e+01 -5.097445e+00
      vertex -3.063282e+01 -2.070000e+01 -5.211721e+00
    endloop
  endfacet
  facet normal  0.000000e+00  1.000000e+00  0.000000e+00
    outer loop
      vertex -3.788792e+01 -2.070000e+01 -5.730906e+00
      vertex -3.063282e+01 -2.070000e+01 -5.211721e+00
      vertex -3.000000e+01 -2.070000e+01 -5.250000e+00
    endloop
  endfacet
  facet normal  0.000000e+00  1.000000e+00  0.000000e+00
    outer loop
      vertex -3.788792e+01 -2.070000e+01 -5.730906e+00
      vertex -3.000000e+01 -2.070000e+01 -5.250000e+00
      vertex -2.956257e+01 -2.070000e+01 -9.740182e+00
    endloop
  endfacet
  facet normal  0.000000e+00  1.000000e+00  0.000000e+00
    outer loop
      vertex -3.788792e+01 -2.070000e+01 -5.730906e+00
      vertex -2.956257e+01 -2.070000e+01 -9.740182e+00
      vertex -3.043743e+01 -2.070000e+01 -9.740182e+00
    endloop
  endfacet
  facet normal  0.000000e+00  1.000000e+00  0.000000e+00
    outer loop
      vertex -3.788792e+01 -2.070000e+01 -5.730906e+00
      vertex -3.043743e+01 -2.070000e+01 -9.740182e+00
      vertex -3.130877e+01 -2.070000e+01 -9.661760e+00
    endloop
  endfacet
  facet normal  0.000000e+00  1.000000e+00  0.000000e+00
    outer loop
      vertex -3.788792e+01 -2.070000e+01 -5.730906e+00
      vertex -3.130877e+01 -2.070000e+01 -9.661760e+00
      vertex -3.216958e+01 -2.070000e+01 -9.505548e+00
    endloop
  endfacet
  facet normal  0.000000e+00  1.000000e+00  0.000000e+00
    outer loop
      vertex -3.788792e+01 -2.070000e+01 -5.730906e+00
      vertex -3.216958e+01 -2.070000e+01 -9.505548e+00
      vertex -3.301292e+01 -2.070000e+01 -9.272801e+00
    endloop
  endfacet
  facet normal  0.000000e+00  1.000000e+00  0.000000e+00
    outer loop
      vertex -3.788792e+01 -2.070000e+01 -5.730906e+00
      vertex -3.301292e+01 -2.070000e+01 -9.272801e+00
      vertex -3.383199e+01 -2.070000e+01 -8.965396e+00
    endloop
  endfacet
  facet normal  0.000000e+00  1.000000e+00  0.000000e+00
    outer loop
      vertex -3.788792e+01 -2.070000e+01 -5.730906e+00
      vertex -3.383199e+01 -2.070000e+01 -8.965396e+00
      vertex -3.462022e+01 -2.070000e+01 -8.585807e+00
    endloop
  endfacet
  facet normal  0.000000e+00  1.000000e+00  0.000000e+00
    outer loop
      vertex -3.788792e+01 -2.070000e+01 -5.730906e+00
      vertex -3.462022e+01 -2.070000e+01 -8.585807e+00
      vertex -3.537125e+01 -2.070000e+01 -8.137089e+00
    endloop
  endfacet
  facet normal  0.000000e+00  1.000000e+00  0.000000e+00
    outer loop
      vertex -3.788792e+01 -2.070000e+01 -5.730906e+00
      vertex -3.537125e+01 -2.070000e+01 -8.137089e+00
      vertex -3.607903e+01 -2.070000e+01 -7.622857e+00
    endloop
  endfacet
  facet normal  0.000000e+00  1.000000e+00  0.000000e+00
    outer loop
      vertex -3.788792e+01 -2.070000e+01 -5.730906e+00
      vertex -3.607903e+01 -2.070000e+01 -7.622857e+00
      vertex -3.673786e+01 -2.070000e+01 -7.047250e+00
    endloop
  endfacet
  facet normal  0.000000e+00  1.000000e+00  0.000000e+00
    outer loop
      vertex -3.788792e+01 -2.070000e+01 -5.730906e+00
      vertex -3.673786e+01 -2.070000e+01 -7.047250e+00
      vertex -3.734245e+01 -2.070000e+01 -6.414903e+00
    endloop
  endfacet
  facet normal  0.000000e+00  1.000000e+00  0.000000e+00
    outer loop
      vertex -3.000000e+01 -2.070000e+01 -5.250000e+00
      vertex -2.936718e+01 -2.070000e+01 -5.211721e+00
      vertex -2.211208e+01 -2.070000e+01 -5.730906e+00
    endloop
  endfacet
  facet normal  0.000000e+00  1.000000e+00  0.000000e+00
    outer loop
      vertex -3.000000e+01 -2.070000e+01 -5.250000e+00
      vertex -2.211208e+01 -2.070000e+01 -5.730906e+00
      vertex -2.265755e+01 -2.070000e+01 -6.414903e+00
    endloop
  endfacet
  facet normal  0.000000e+00  1.000000e+00  0.000000e+00
    outer loop
      vertex -3.000000e+01 -2.070000e+01 -5.250000e+00
      vertex -2.265755e+01 -2.070000e+01 -6.414903e+00
      vertex -2.326214e+01 -2.070000e+01 -7.047250e+00
    endloop
  endfacet
  facet normal  0.000000e+00  1.000000e+00  0.000000e+00
    outer loop
      vertex -3.000000e+01 -2.070000e+01 -5.250000e+00
      vertex -2.326214e+01 -2.070000e+01 -7.047250e+00
      vertex -2.392097e+01 -2.070000e+01 -7.622857e+00
    endloop
  endfacet
  facet normal  0.000000e+00  1.000000e+00  0.000000e+00
    outer loop
      vertex -3.000000e+01 -2.070000e+01 -5.250000e+00
      vertex -2.392097e+01 -2.070000e+01 -7.622857e+00
      vertex -2.462875e+01 -2.070000e+01 -8.137089e+00
    endloop
  endfacet
  facet normal  0.000000e+00  1.000000e+00  0.000000e+00
    outer loop
      vertex -3.000000e+01 -2.070000e+01 -5.250000e+00
      vertex -2.462875e+01 -2.070000e+01 -8.137089e+00
      vertex -2.537978e+01 -2.070000e+01 -8.585807e+00
    endloop
  endfacet
  facet normal  0.000000e+00  1.000000e+00  0.000000e+00
    outer loop
      vertex -3.000000e+01 -2.070000e+01 -5.250000e+00
      vertex -2.537978e+01 -2.070000e+01 -8.585807e+00
      vertex -2.616800e+01 -2.070000e+01 -8.965396e+00
    endloop
  endfacet
  facet normal  0.000000e+00  1.000000e+00  0.000000e+00
    outer loop
      vertex -3.000000e+01 -2.070000e+01 -5.250000e+00
      vertex -2.616800e+01 -2.070000e+01 -8.965396e+00
      vertex -2.698708e+01 -2.070000e+01 -9.272801e+00
    endloop
  endfacet
  facet normal  0.000000e+00  1.000000e+00  0.000000e+00
    outer loop
      vertex -3.000000e+01 -2.070000e+01 -5.250000e+00
      vertex -2.698708e+01 -2.070000e+01 -9.272801e+00
      vertex -2.783042e+01 -2.070000e+01 -9.505548e+00
    endloop
  endfacet
  facet normal  0.000000e+00  1.000000e+00  0.000000e+00
    outer loop
      vertex -3.000000e+01 -2.070000e+01 -5.250000e+00
      vertex -2.783042e+01 -2.070000e+01 -9.505548e+00
      vertex -2.869123e+01 -2.070000e+01 -9.661760e+00
    endloop
  endfacet
  facet normal  0.000000e+00  1.000000e+00  0.000000e+00
    outer loop
      vertex -3.000000e+01 -2.070000e+01 -5.250000e+00
      vertex -2.869123e+01 -2.070000e+01 -9.661760e+00
      vertex -2.956257e+01 -2.070000e+01 -9.740182e+00
    endloop
  endfacet
  facet normal  -0.000000e+00  1.000000e+00  0.000000e+00
    outer loop
      vertex -3.000000e+01 -2.070000e+01  5.250000e+00
      vertex -3.788792e+01 -2.070000e+01  5.730906e+00
      vertex -3.734245e+01 -2.070000e+01  6.414903e+00
    endloop
  endfacet
  facet normal  -0.000000e+00  1.000000e+00  0.000000e+00
    outer loop
      vertex -3.000000e+01 -2.070000e+01  5.250000e+00
      vertex -3.734245e+01 -2.070000e+01  6.414903e+00
      vertex -3.673786e+01 -2.070000e+01  7.047250e+00
    endloop
  endfacet
  facet normal  -0.000000e+00  1.000000e+00  0.000000e+00
    outer loop
      vertex -3.000000e+01 -2.070000e+01  5.250000e+00
      vertex -3.673786e+01 -2.070000e+01  7.047250e+00
      vertex -3.607903e+01 -2.070000e+01  7.622857e+00
    endloop
  endfacet
  facet normal  -0.000000e+00  1.000000e+00  0.000000e+00
    outer loop
      vertex -3.000000e+01 -2.070000e+01  5.250000e+00
      vertex -3.607903e+01 -2.070000e+01  7.622857e+00
      vertex -3.537125e+01 -2.070000e+01  8.137089e+00
    endloop
  endfacet
  facet normal  -0.000000e+00  1.000000e+00  0.000000e+00
    outer loop
      vertex -3.000000e+01 -2.070000e+01  5.250000e+00
      vertex -3.537125e+01 -2.070000e+01  8.137089e+00
      vertex -3.462022e+01 -2.070000e+01  8.585807e+00
    endloop
  endfacet
  facet normal  -0.000000e+00  1.000000e+00  0.000000e+00
    outer loop
      vertex -3.000000e+01 -2.070000e+01  5.250000e+00
      vertex -3.462022e+01 -2.070000e+01  8.585807e+00
      vertex -3.383199e+01 -2.070000e+01  8.965396e+00
    endloop
  endfacet
  facet normal  -0.000000e+00  1.000000e+00  0.000000e+00
    outer loop
      vertex -3.000000e+01 -2.070000e+01  5.250000e+00
      vertex -3.383199e+01 -2.070000e+01  8.965396e+00
      vertex -3.301292e+01 -2.070000e+01  9.272801e+00
    endloop
  endfacet
  facet normal  -0.000000e+00  1.000000e+00  0.000000e+00
    outer loop
      vertex -3.000000e+01 -2.070000e+01  5.250000e+00
      vertex -3.301292e+01 -2.070000e+01  9.272801e+00
      vertex -3.216958e+01 -2.070000e+01  9.505548e+00
    endloop
  endfacet
  facet normal  -0.000000e+00  1.000000e+00  0.000000e+00
    outer loop
      vertex -3.000000e+01 -2.070000e+01  5.250000e+00
      vertex -3.216958e+01 -2.070000e+01  9.505548e+00
      vertex -3.130877e+01 -2.070000e+01  9.661760e+00
    endloop
  endfacet
  facet normal  -0.000000e+00  1.000000e+00  0.000000e+00
    outer loop
      vertex -3.000000e+01 -2.070000e+01  5.250000e+00
      vertex -3.130877e+01 -2.070000e+01  9.661760e+00
      vertex -3.043743e+01 -2.070000e+01  9.740182e+00
    endloop
  endfacet
  facet normal  -0.000000e+00  1.000000e+00  0.000000e+00
    outer loop
      vertex -3.000000e+01 -2.070000e+01  5.250000e+00
      vertex -3.043743e+01 -2.070000e+01  9.740182e+00
      vertex -2.956257e+01 -2.070000e+01  9.740182e+00
    endloop
  endfacet
  facet normal  0.000000e+00  1.000000e+00  0.000000e+00
    outer loop
      vertex -3.000000e+01 -2.070000e+01  5.250000e+00
      vertex -2.956257e+01 -2.070000e+01  9.740182e+00
      vertex -2.869123e+01 -2.070000e+01  9.661760e+00
    endloop
  endfacet
  facet normal  0.000000e+00  1.000000e+00  0.000000e+00
    outer loop
      vertex -3.000000e+01 -2.070000e+01  5.250000e+00
      vertex -2.869123e+01 -2.070000e+01  9.661760e+00
      vertex -2.783042e+01 -2.070000e+01  9.505548e+00
    endloop
  endfacet
  facet normal  0.000000e+00  1.000000e+00  0.000000e+00
    outer loop
      vertex -3.000000e+01 -2.070000e+01  5.250000e+00
      vertex -2.783042e+01 -2.070000e+01  9.505548e+00
      vertex -2.698708e+01 -2.070000e+01  9.272801e+00
    endloop
  endfacet
  facet normal  0.000000e+00  1.000000e+00  0.000000e+00
    outer loop
      vertex -3.000000e+01 -2.070000e+01  5.250000e+00
      vertex -2.698708e+01 -2.070000e+01  9.272801e+00
      vertex -2.616800e+01 -2.070000e+01  8.965396e+00
    endloop
  endfacet
  facet normal  0.000000e+00  1.000000e+00  0.000000e+00
    outer loop
      vertex -3.000000e+01 -2.070000e+01  5.250000e+00
      vertex -2.616800e+01 -2.070000e+01  8.965396e+00
      vertex -2.537978e+01 -2.070000e+01  8.585807e+00
    endloop
  endfacet
  facet normal  0.000000e+00  1.000000e+00  0.000000e+00
    outer loop
      vertex -3.000000e+01 -2.070000e+01  5.250000e+00
      vertex -2.537978e+01 -2.070000e+01  8.585807e+00
      vertex -2.462875e+01 -2.070000e+01  8.137089e+00
    endloop
  endfacet
  facet normal  0.000000e+00  1.000000e+00  0.000000e+00
    outer loop
      vertex -3.000000e+01 -2.070000e+01  5.250000e+00
      vertex -2.462875e+01 -2.070000e+01  8.137089e+00
      vertex -2.392097e+01 -2.070000e+01  7.622857e+00
    endloop
  endfacet
  facet normal  0.000000e+00  1.000000e+00  0.000000e+00
    outer loop
      vertex -3.000000e+01 -2.070000e+01  5.250000e+00
      vertex -2.392097e+01 -2.070000e+01  7.622857e+00
      vertex -2.326214e+01 -2.070000e+01  7.047250e+00
    endloop
  endfacet
  facet normal  0.000000e+00  1.000000e+00  0.000000e+00
    outer loop
      vertex -3.000000e+01 -2.070000e+01  5.250000e+00
      vertex -2.326214e+01 -2.070000e+01  7.047250e+00
      vertex -2.265755e+01 -2.070000e+01  6.414903e+00
    endloop
  endfacet
  facet normal  0.000000e+00  1.000000e+00  0.000000e+00
    outer loop
      vertex -3.000000e+01 -2.070000e+01  5.250000e+00
      vertex -2.265755e+01 -2.070000e+01  6.414903e+00
      vertex -2.211208e+01 -2.070000e+01  5.730906e+00
    endloop
  endfacet
  facet normal  0.000000e+00  1.000000e+00  0.000000e+00
    outer loop
      vertex -3.000000e+01 -2.070000e+01  5.250000e+00
      vertex -2.211208e+01 -2.070000e+01  5.730906e+00
      vertex -2.163013e+01 -2.070000e+01  5.000768e+00
    endloop
  endfacet
  facet normal  0.000000e+00  1.000000e+00  0.000000e+00
    outer loop
      vertex -3.000000e+01 -2.070000e+01  5.250000e+00
      vertex -2.163013e+01 -2.070000e+01  5.000768e+00
      vertex -2.936718e+01 -2.070000e+01  5.211721e+00
    endloop
  endfacet
  facet normal  0.000000e+00  1.000000e+00  0.000000e+00
    outer loop
      vertex -3.836988e+01 -2.070000e+01  5.000768e+00
      vertex -3.788792e+01 -2.070000e+01  5.730906e+00
      vertex -3.000000e+01 -2.070000e+01  5.250000e+00
    endloop
  endfacet
  facet normal  0.000000e+00  1.000000e+00  0.000000e+00
    outer loop
      vertex -3.836988e+01 -2.070000e+01  5.000768e+00
      vertex -3.000000e+01 -2.070000e+01  5.250000e+00
      vertex -3.063282e+01 -2.070000e+01  5.211721e+00
    endloop
  endfacet
  facet normal  0.000000e+00  1.000000e+00  0.000000e+00
    outer loop
      vertex -3.836988e+01 -2.070000e+01  5.000768e+00
      vertex -3.063282e+01 -2.070000e+01  5.211721e+00
      vertex -3.125641e+01 -2.070000e+01  5.097445e+00
    endloop
  endfacet
  facet normal  0.000000e+00  1.000000e+00  0.000000e+00
    outer loop
      vertex -3.836988e+01 -2.070000e+01  5.000768e+00
      vertex -3.125641e+01 -2.070000e+01  5.097445e+00
      vertex -3.186168e+01 -2.070000e+01  4.908835e+00
    endloop
  endfacet
  facet normal  0.000000e+00  1.000000e+00  0.000000e+00
    outer loop
      vertex -3.878445e+01 -2.070000e+01  4.230366e+00
      vertex -3.836988e+01 -2.070000e+01  5.000768e+00
      vertex -3.186168e+01 -2.070000e+01  4.908835e+00
    endloop
  endfacet
  facet normal  0.000000e+00  1.000000e+00  0.000000e+00
    outer loop
      vertex -3.878445e+01 -2.070000e+01  4.230366e+00
      vertex -3.186168e+01 -2.070000e+01  4.908835e+00
      vertex -3.243980e+01 -2.070000e+01  4.648644e+00
    endloop
  endfacet
  facet normal  0.000000e+00  9.999999e-01  0.000000e+00
    outer loop
      vertex -3.878445e+01 -2.070000e+01  4.230366e+00
      vertex -3.243980e+01 -2.070000e+01  4.648644e+00
      vertex -3.298234e+01 -2.070000e+01  4.320665e+00
    endloop
  endfacet
  facet normal  0.000000e+00  1.000000e+00  0.000000e+00
    outer loop
      vertex -3.878445e+01 -2.070000e+01  4.230366e+00
      vertex -3.298234e+01 -2.070000e+01  4.320665e+00
      vertex -3.348140e+01 -2.070000e+01  3.929682e+00
    endloop
  endfacet
  facet normal  0.000000e+00  1.000000e+00  0.000000e+00
    outer loop
      vertex -3.878445e+01 -2.070000e+01  4.230366e+00
      vertex -3.348140e+01 -2.070000e+01  3.929682e+00
      vertex -3.912829e+01 -2.070000e+01  3.425905e+00
    endloop
  endfacet
  facet normal  0.000000e+00  1.000000e+00  0.000000e+00
    outer loop
      vertex -3.836988e+01 -2.070000e+01 -5.000768e+00
      vertex -3.878445e+01 -2.070000e+01 -4.230366e+00
      vertex -3.298234e+01 -2.070000e+01 -4.320665e+00
    endloop
  endfacet
  facet normal  0.000000e+00  1.000000e+00  0.000000e+00
    outer loop
      vertex -3.836988e+01 -2.070000e+01 -5.000768e+00
      vertex -3.298234e+01 -2.070000e+01 -4.320665e+00
      vertex -3.243980e+01 -2.070000e+01 -4.648644e+00
    endloop
  endfacet
  facet normal  0.000000e+00  1.000000e+00  0.000000e+00
    outer loop
      vertex -3.836988e+01 -2.070000e+01 -5.000768e+00
      vertex -3.243980e+01 -2.070000e+01 -4.648644e+00
      vertex -3.186168e+01 -2.070000e+01 -4.908835e+00
    endloop
  endfacet
  facet normal  -0.000000e+00  1.000000e+00  0.000000e+00
    outer loop
      vertex -3.464864e+01 -2.070000e+01  2.439797e+00
      vertex -3.939864e+01 -2.070000e+01  2.593859e+00
      vertex -3.432066e+01 -2.070000e+01  2.982340e+00
    endloop
  endfacet
  facet normal  0.000000e+00  1.000000e+00  0.000000e+00
    outer loop
      vertex -3.432066e+01 -2.070000e+01  2.982340e+00
      vertex -3.939864e+01 -2.070000e+01  2.593859e+00
      vertex -3.912829e+01 -2.070000e+01  3.425905e+00
    endloop
  endfacet
  facet normal  -0.000000e+00  1.000000e+00  0.000000e+00
    outer loop
      vertex -3.432066e+01 -2.070000e+01  2.982340e+00
      vertex -3.912829e+01 -2.070000e+01  3.425905e+00
      vertex -3.392968e+01 -2.070000e+01  3.481394e+00
    endloop
  endfacet
  facet normal  -0.000000e+00  1.000000e+00  0.000000e+00
    outer loop
      vertex -3.521172e+01 -2.070000e+01  6.328176e-01
      vertex -3.971075e+01 -2.070000e+01  8.739833e-01
      vertex -3.509745e+01 -2.070000e+01  1.256407e+00
    endloop
  endfacet
  facet normal  0.000000e+00  1.000000e+00  0.000000e+00
    outer loop
      vertex -3.509745e+01 -2.070000e+01  1.256407e+00
      vertex -3.971075e+01 -2.070000e+01  8.739833e-01
      vertex -3.959332e+01 -2.070000e+01  1.740930e+00
    endloop
  endfacet
  facet normal  -0.000000e+00  1.000000e+00  0.000000e+00
    outer loop
      vertex -3.509745e+01 -2.070000e+01  1.256407e+00
      vertex -3.959332e+01 -2.070000e+01  1.740930e+00
      vertex -3.490884e+01 -2.070000e+01  1.861676e+00
    endloop
  endfacet
  facet normal  0.000000e+00  1.000000e+00  0.000000e+00
    outer loop
      vertex -3.490884e+01 -2.070000e+01  1.861676e+00
      vertex -3.959332e+01 -2.070000e+01  1.740930e+00
      vertex -3.939864e+01 -2.070000e+01  2.593859e+00
    endloop
  endfacet
  facet normal  0.000000e+00  1.000000e+00  0.000000e+00
    outer loop
      vertex -3.490884e+01 -2.070000e+01  1.861676e+00
      vertex -3.939864e+01 -2.070000e+01  2.593859e+00
      vertex -3.464864e+01 -2.070000e+01  2.439797e+00
    endloop
  endfacet
  facet normal  -0.000000e+00  1.000000e+00  0.000000e+00
    outer loop
      vertex -3.490884e+01 -2.070000e+01 -1.861676e+00
      vertex -3.959332e+01 -2.070000e+01 -1.740930e+00
      vertex -3.509745e+01 -2.070000e+01 -1.256407e+00
    endloop
  endfacet
  facet normal  0.000000e+00  1.000000e+00  0.000000e+00
    outer loop
      vertex -3.509745e+01 -2.070000e+01 -1.256407e+00
      vertex -3.959332e+01 -2.070000e+01 -1.740930e+00
      vertex -3.971075e+01 -2.070000e+01 -8.739833e-01
    endloop
  endfacet
  facet normal  -0.000000e+00  1.000000e+00  0.000000e+00
    outer loop
      vertex -3.509745e+01 -2.070000e+01 -1.256407e+00
      vertex -3.971075e+01 -2.070000e+01 -8.739833e-01
      vertex -3.521172e+01 -2.070000e+01 -6.328176e-01
    endloop
  endfacet
  facet normal  0.000000e+00  9.999999e-01  0.000000e+00
    outer loop
      vertex -3.521172e+01 -2.070000e+01 -6.328176e-01
      vertex -3.971075e+01 -2.070000e+01 -8.739833e-01
      vertex -3.975000e+01 -2.070000e+01 -7.718771e-14
    endloop
  endfacet
  facet normal  0.000000e+00  1.000000e+00  0.000000e+00
    outer loop
      vertex -3.521172e+01 -2.070000e+01 -6.328176e-01
      vertex -3.975000e+01 -2.070000e+01 -7.718771e-14
      vertex -3.525000e+01 -2.070000e+01 -7.815970e-14
    endloop
  endfacet
  facet normal  0.000000e+00  1.000000e+00  0.000000e+00
    outer loop
      vertex -3.525000e+01 -2.070000e+01 -7.815970e-14
      vertex -3.975000e+01 -2.070000e+01 -7.718771e-14
      vertex -3.971075e+01 -2.070000e+01  8.739833e-01
    endloop
  endfacet
  facet normal  0.000000e+00  1.000000e+00  0.000000e+00
    outer loop
      vertex -3.525000e+01 -2.070000e+01 -7.815970e-14
      vertex -3.971075e+01 -2.070000e+01  8.739833e-01
      vertex -3.521172e+01 -2.070000e+01  6.328176e-01
    endloop
  endfacet
  facet normal  -0.000000e+00  1.000000e+00  0.000000e+00
    outer loop
      vertex -3.392968e+01 -2.070000e+01 -3.481394e+00
      vertex -3.912829e+01 -2.070000e+01 -3.425905e+00
      vertex -3.432066e+01 -2.070000e+01 -2.982340e+00
    endloop
  endfacet
  facet normal  0.000000e+00  1.000000e+00  0.000000e+00
    outer loop
      vertex -3.432066e+01 -2.070000e+01 -2.982340e+00
      vertex -3.912829e+01 -2.070000e+01 -3.425905e+00
      vertex -3.939864e+01 -2.070000e+01 -2.593859e+00
    endloop
  endfacet
  facet normal  -0.000000e+00  1.000000e+00  0.000000e+00
    outer loop
      vertex -3.432066e+01 -2.070000e+01 -2.982340e+00
      vertex -3.939864e+01 -2.070000e+01 -2.593859e+00
      vertex -3.464864e+01 -2.070000e+01 -2.439797e+00
    endloop
  endfacet
  facet normal  0.000000e+00  1.000000e+00  0.000000e+00
    outer loop
      vertex -3.464864e+01 -2.070000e+01 -2.439797e+00
      vertex -3.939864e+01 -2.070000e+01 -2.593859e+00
      vertex -3.959332e+01 -2.070000e+01 -1.740930e+00
    endloop
  endfacet
  facet normal  0.000000e+00  1.000000e+00  0.000000e+00
    outer loop
      vertex -3.464864e+01 -2.070000e+01 -2.439797e+00
      vertex -3.959332e+01 -2.070000e+01 -1.740930e+00
      vertex -3.490884e+01 -2.070000e+01 -1.861676e+00
    endloop
  endfacet
  facet normal  -0.000000e+00  1.000000e+00  0.000000e+00
    outer loop
      vertex -3.298234e+01 -2.070000e+01 -4.320665e+00
      vertex -3.878445e+01 -2.070000e+01 -4.230366e+00
      vertex -3.348140e+01 -2.070000e+01 -3.929682e+00
    endloop
  endfacet
  facet normal  0.000000e+00  1.000000e+00  0.000000e+00
    outer loop
      vertex -3.348140e+01 -2.070000e+01 -3.929682e+00
      vertex -3.878445e+01 -2.070000e+01 -4.230366e+00
      vertex -3.912829e+01 -2.070000e+01 -3.425905e+00
    endloop
  endfacet
  facet normal  0.000000e+00  1.000000e+00  0.000000e+00
    outer loop
      vertex -3.348140e+01 -2.070000e+01 -3.929682e+00
      vertex -3.912829e+01 -2.070000e+01 -3.425905e+00
      vertex -3.392968e+01 -2.070000e+01 -3.481394e+00
    endloop
  endfacet
  facet normal  0.000000e+00  9.999999e-01  0.000000e+00
    outer loop
      vertex -2.701766e+01 -2.070000e+01  4.320665e+00
      vertex -2.756020e+01 -2.070000e+01  4.648644e+00
      vertex -2.121555e+01 -2.070000e+01  4.230366e+00
    endloop
  endfacet
  facet normal  0.000000e+00  1.000000e+00  0.000000e+00
    outer loop
      vertex -2.121555e+01 -2.070000e+01  4.230366e+00
      vertex -2.756020e+01 -2.070000e+01  4.648644e+00
      vertex -2.813832e+01 -2.070000e+01  4.908835e+00
    endloop
  endfacet
  facet normal  -0.000000e+00  9.999999e-01  0.000000e+00
    outer loop
      vertex -2.121555e+01 -2.070000e+01  4.230366e+00
      vertex -2.813832e+01 -2.070000e+01  4.908835e+00
      vertex -2.163013e+01 -2.070000e+01  5.000768e+00
    endloop
  endfacet
  facet normal  0.000000e+00  1.000000e+00  0.000000e+00
    outer loop
      vertex -2.607032e+01 -2.070000e+01  3.481394e+00
      vertex -2.651861e+01 -2.070000e+01  3.929682e+00
      vertex -2.087171e+01 -2.070000e+01  3.425905e+00
    endloop
  endfacet
  facet normal  0.000000e+00  1.000000e+00  0.000000e+00
    outer loop
      vertex -2.087171e+01 -2.070000e+01  3.425905e+00
      vertex -2.651861e+01 -2.070000e+01  3.929682e+00
      vertex -2.701766e+01 -2.070000e+01  4.320665e+00
    endloop
  endfacet
  facet normal  0.000000e+00  1.000000e+00  0.000000e+00
    outer loop
      vertex -2.087171e+01 -2.070000e+01  3.425905e+00
      vertex -2.701766e+01 -2.070000e+01  4.320665e+00
      vertex -2.121555e+01 -2.070000e+01  4.230366e+00
    endloop
  endfacet
  facet normal  0.000000e+00  1.000000e+00  0.000000e+00
    outer loop
      vertex -2.535136e+01 -2.070000e+01  2.439797e+00
      vertex -2.567933e+01 -2.070000e+01  2.982340e+00
      vertex -2.060136e+01 -2.070000e+01  2.593859e+00
    endloop
  endfacet
  facet normal  0.000000e+00  1.000000e+00  0.000000e+00
    outer loop
      vertex -2.060136e+01 -2.070000e+01  2.593859e+00
      vertex -2.567933e+01 -2.070000e+01  2.982340e+00
      vertex -2.607032e+01 -2.070000e+01  3.481394e+00
    endloop
  endfacet
  facet normal  0.000000e+00  1.000000e+00  0.000000e+00
    outer loop
      vertex -2.060136e+01 -2.070000e+01  2.593859e+00
      vertex -2.607032e+01 -2.070000e+01  3.481394e+00
      vertex -2.087171e+01 -2.070000e+01  3.425905e+00
    endloop
  endfacet
  facet normal  0.000000e+00  1.000000e+00  0.000000e+00
    outer loop
      vertex -2.478828e+01 -2.070000e+01  6.328176e-01
      vertex -2.490256e+01 -2.070000e+01  1.256407e+00
      vertex -2.028925e+01 -2.070000e+01  8.739833e-01
    endloop
  endfacet
  facet normal  0.000000e+00  1.000000e+00  0.000000e+00
    outer loop
      vertex -2.028925e+01 -2.070000e+01  8.739833e-01
      vertex -2.490256e+01 -2.070000e+01  1.256407e+00
      vertex -2.509117e+01 -2.070000e+01  1.861676e+00
    endloop
  endfacet
  facet normal  0.000000e+00  1.000000e+00  0.000000e+00
    outer loop
      vertex -2.028925e+01 -2.070000e+01  8.739833e-01
      vertex -2.509117e+01 -2.070000e+01  1.861676e+00
      vertex -2.040669e+01 -2.070000e+01  1.740930e+00
    endloop
  endfacet
  facet normal  0.000000e+00  1.000000e+00  0.000000e+00
    outer loop
      vertex -2.040669e+01 -2.070000e+01  1.740930e+00
      vertex -2.509117e+01 -2.070000e+01  1.861676e+00
      vertex -2.535136e+01 -2.070000e+01  2.439797e+00
    endloop
  endfacet
  facet normal  -0.000000e+00  1.000000e+00  0.000000e+00
    outer loop
      vertex -2.040669e+01 -2.070000e+01  1.740930e+00
      vertex -2.535136e+01 -2.070000e+01  2.439797e+00
      vertex -2.060136e+01 -2.070000e+01  2.593859e+00
    endloop
  endfacet
  facet normal  0.000000e+00  1.000000e+00  0.000000e+00
    outer loop
      vertex -2.509117e+01 -2.070000e+01 -1.861676e+00
      vertex -2.490256e+01 -2.070000e+01 -1.256407e+00
      vertex -2.040669e+01 -2.070000e+01 -1.740930e+00
    endloop
  endfacet
  facet normal  0.000000e+00  1.000000e+00  0.000000e+00
    outer loop
      vertex -2.040669e+01 -2.070000e+01 -1.740930e+00
      vertex -2.490256e+01 -2.070000e+01 -1.256407e+00
      vertex -2.478828e+01 -2.070000e+01 -6.328176e-01
    endloop
  endfacet
  facet normal  0.000000e+00  1.000000e+00  0.000000e+00
    outer loop
      vertex -2.040669e+01 -2.070000e+01 -1.740930e+00
      vertex -2.478828e+01 -2.070000e+01 -6.328176e-01
      vertex -2.028925e+01 -2.070000e+01 -8.739833e-01
    endloop
  endfacet
  facet normal  0.000000e+00  1.000000e+00  0.000000e+00
    outer loop
      vertex -2.028925e+01 -2.070000e+01 -8.739833e-01
      vertex -2.478828e+01 -2.070000e+01 -6.328176e-01
      vertex -2.475000e+01 -2.070000e+01 -7.751676e-14
    endloop
  endfacet
  facet normal  0.000000e+00  1.000000e+00  0.000000e+00
    outer loop
      vertex -2.028925e+01 -2.070000e+01 -8.739833e-01
      vertex -2.475000e+01 -2.070000e+01 -7.751676e-14
      vertex -2.025000e+01 -2.070000e+01 -7.838175e-14
    endloop
  endfacet
  facet normal  0.000000e+00  1.000000e+00  0.000000e+00
    outer loop
      vertex -2.025000e+01 -2.070000e+01 -7.838175e-14
      vertex -2.475000e+01 -2.070000e+01 -7.751676e-14
      vertex -2.478828e+01 -2.070000e+01  6.328176e-01
    endloop
  endfacet
  facet normal  -0.000000e+00  9.999999e-01  0.000000e+00
    outer loop
      vertex -2.025000e+01 -2.070000e+01 -7.838175e-14
      vertex -2.478828e+01 -2.070000e+01  6.328176e-01
      vertex -2.028925e+01 -2.070000e+01  8.739833e-01
    endloop
  endfacet
  facet normal  0.000000e+00  1.000000e+00  0.000000e+00
    outer loop
      vertex -2.607032e+01 -2.070000e+01 -3.481394e+00
      vertex -2.567933e+01 -2.070000e+01 -2.982340e+00
      vertex -2.087171e+01 -2.070000e+01 -3.425905e+00
    endloop
  endfacet
  facet normal  0.000000e+00  9.999999e-01  0.000000e+00
    outer loop
      vertex -2.087171e+01 -2.070000e+01 -3.425905e+00
      vertex -2.567933e+01 -2.070000e+01 -2.982340e+00
      vertex -2.535136e+01 -2.070000e+01 -2.439797e+00
    endloop
  endfacet
  facet normal  0.000000e+00  1.000000e+00  0.000000e+00
    outer loop
      vertex -2.087171e+01 -2.070000e+01 -3.425905e+00
      vertex -2.535136e+01 -2.070000e+01 -2.439797e+00
      vertex -2.060136e+01 -2.070000e+01 -2.593859e+00
    endloop
  endfacet
  facet normal  0.000000e+00  1.000000e+00  0.000000e+00
    outer loop
      vertex -2.060136e+01 -2.070000e+01 -2.593859e+00
      vertex -2.535136e+01 -2.070000e+01 -2.439797e+00
      vertex -2.509117e+01 -2.070000e+01 -1.861676e+00
    endloop
  endfacet
  facet normal  -0.000000e+00  1.000000e+00  0.000000e+00
    outer loop
      vertex -2.060136e+01 -2.070000e+01 -2.593859e+00
      vertex -2.509117e+01 -2.070000e+01 -1.861676e+00
      vertex -2.040669e+01 -2.070000e+01 -1.740930e+00
    endloop
  endfacet
  facet normal  0.000000e+00  1.000000e+00  0.000000e+00
    outer loop
      vertex -2.701766e+01 -2.070000e+01 -4.320665e+00
      vertex -2.651861e+01 -2.070000e+01 -3.929682e+00
      vertex -2.121555e+01 -2.070000e+01 -4.230366e+00
    endloop
  endfacet
  facet normal  0.000000e+00  9.999999e-01  0.000000e+00
    outer loop
      vertex -2.121555e+01 -2.070000e+01 -4.230366e+00
      vertex -2.651861e+01 -2.070000e+01 -3.929682e+00
      vertex -2.607032e+01 -2.070000e+01 -3.481394e+00
    endloop
  endfacet
  facet normal  -0.000000e+00  1.000000e+00  0.000000e+00
    outer loop
      vertex -2.121555e+01 -2.070000e+01 -4.230366e+00
      vertex -2.607032e+01 -2.070000e+01 -3.481394e+00
      vertex -2.087171e+01 -2.070000e+01 -3.425905e+00
    endloop
  endfacet
  facet normal  0.000000e+00  1.000000e+00  0.000000e+00
    outer loop
      vertex -2.813832e+01 -2.070000e+01 -4.908835e+00
      vertex -2.756020e+01 -2.070000e+01 -4.648644e+00
      vertex -2.163013e+01 -2.070000e+01 -5.000768e+00
    endloop
  endfacet
  facet normal  0.000000e+00  1.000000e+00  0.000000e+00
    outer loop
      vertex -2.163013e+01 -2.070000e+01 -5.000768e+00
      vertex -2.756020e+01 -2.070000e+01 -4.648644e+00
      vertex -2.701766e+01 -2.070000e+01 -4.320665e+00
    endloop
  endfacet
  facet normal  -0.000000e+00  1.000000e+00  0.000000e+00
    outer loop
      vertex -2.163013e+01 -2.070000e+01 -5.000768e+00
      vertex -2.701766e+01 -2.070000e+01 -4.320665e+00
      vertex -2.121555e+01 -2.070000e+01 -4.230366e+00
    endloop
  endfacet
  facet normal  0.000000e+00  9.999999e-01  0.000000e+00
    outer loop
      vertex -2.936718e+01 -2.070000e+01 -5.211721e+00
      vertex -2.874359e+01 -2.070000e+01 -5.097445e+00
      vertex -2.211208e+01 -2.070000e+01 -5.730906e+00
    endloop
  endfacet
  facet normal  0.000000e+00  1.000000e+00  0.000000e+00
    outer loop
      vertex -2.211208e+01 -2.070000e+01 -5.730906e+00
      vertex -2.874359e+01 -2.070000e+01 -5.097445e+00
      vertex -2.813832e+01 -2.070000e+01 -4.908835e+00
    endloop
  endfacet
  facet normal  0.000000e+00  9.999999e-01  0.000000e+00
    outer loop
      vertex -2.211208e+01 -2.070000e+01 -5.730906e+00
      vertex -2.813832e+01 -2.070000e+01 -4.908835e+00
      vertex -2.163013e+01 -2.070000e+01 -5.000768e+00
    endloop
  endfacet
  facet normal  9.999999e-01  -0.000000e+00  0.000000e+00
    outer loop
      vertex  8.750000e+01  2.300000e+01 -1.300000e+01
      vertex  8.750000e+01 -2.300000e+01 -1.300000e+01
      vertex  8.750000e+01  2.300000e+01 -2.300000e+01
    endloop
  endfacet
  facet normal  9.999999e-01  0.000000e+00  0.000000e+00
    outer loop
      vertex  8.750000e+01  2.300000e+01 -2.300000e+01
      vertex  8.750000e+01 -2.300000e+01 -1.300000e+01
      vertex  8.750000e+01 -2.300000e+01 -2.300000e+01
    endloop
  endfacet
  facet normal  1.000000e+00  0.000000e+00  0.000000e+00
    outer loop
      vertex  5.950000e+01 -1.500000e+01 -1.300000e+01
      vertex  5.950000e+01 -1.500000e+01  3.004975e+00
      vertex  5.950000e+01 -2.300000e+01 -1.300000e+01
    endloop
  endfacet
  facet normal  1.000000e+00  0.000000e+00  0.000000e+00
    outer loop
      vertex  5.950000e+01 -2.300000e+01 -1.300000e+01
      vertex  5.950000e+01 -1.500000e+01  3.004975e+00
      vertex  5.950000e+01 -2.300000e+01  3.004975e+00
    endloop
  endfacet
  facet normal  -0.000000e+00  -0.000000e+00  1.000000e+00
    outer loop
      vertex  7.350000e+01  1.040000e+01 -1.300000e+01
      vertex  7.517125e+01 -1.100828e+01 -1.300000e+01
      vertex  7.549171e+01 -1.132875e+01 -1.300000e+01
    endloop
  endfacet
  facet normal  -0.000000e+00  -0.000000e+00  1.000000e+00
    outer loop
      vertex  7.350000e+01  1.040000e+01 -1.300000e+01
      vertex  7.480000e+01 -1.074833e+01 -1.300000e+01
      vertex  7.517125e+01 -1.100828e+01 -1.300000e+01
    endloop
  endfacet
  facet normal  -0.000000e+00  -0.000000e+00  1.000000e+00
    outer loop
      vertex  7.350000e+01  1.040000e+01 -1.300000e+01
      vertex  7.438925e+01 -1.055680e+01 -1.300000e+01
      vertex  7.480000e+01 -1.074833e+01 -1.300000e+01
    endloop
  endfacet
  facet normal  -0.000000e+00  -0.000000e+00  1.000000e+00
    outer loop
      vertex  7.350000e+01  1.040000e+01 -1.300000e+01
      vertex  7.395148e+01 -1.043950e+01 -1.300000e+01
      vertex  7.438925e+01 -1.055680e+01 -1.300000e+01
    endloop
  endfacet
  facet normal  -0.000000e+00  0.000000e+00  9.999999e-01
    outer loop
      vertex  7.350000e+01  1.040000e+01 -1.300000e+01
      vertex  7.350000e+01 -1.040000e+01 -1.300000e+01
      vertex  7.395148e+01 -1.043950e+01 -1.300000e+01
    endloop
  endfacet
  facet normal  0.000000e+00  0.000000e+00  1.000000e+00
    outer loop
      vertex  7.304852e+01 -1.043950e+01 -1.300000e+01
      vertex  7.350000e+01  1.040000e+01 -1.300000e+01
      vertex  7.261075e+01 -1.055680e+01 -1.300000e+01
    endloop
  endfacet
  facet normal  0.000000e+00  0.000000e+00  9.999999e-01
    outer loop
      vertex  7.350000e+01 -1.040000e+01 -1.300000e+01
      vertex  7.350000e+01  1.040000e+01 -1.300000e+01
      vertex  7.304852e+01 -1.043950e+01 -1.300000e+01
    endloop
  endfacet
  facet normal  -0.000000e+00  0.000000e+00  9.999999e-01
    outer loop
      vertex  6.250000e+01 -1.500000e+01 -1.300000e+01
      vertex  5.950000e+01 -1.500000e+01 -1.300000e+01
      vertex  7.220000e+01 -1.525167e+01 -1.300000e+01
    endloop
  endfacet
  facet normal  0.000000e+00  0.000000e+00  1.000000e+00
    outer loop
      vertex  6.250000e+01 -1.500000e+01 -1.300000e+01
      vertex  7.220000e+01 -1.525167e+01 -1.300000e+01
      vertex  7.182875e+01 -1.499172e+01 -1.300000e+01
    endloop
  endfacet
  facet normal  0.000000e+00  0.000000e+00  1.000000e+00
    outer loop
      vertex  6.250000e+01 -1.500000e+01 -1.300000e+01
      vertex  7.182875e+01 -1.499172e+01 -1.300000e+01
      vertex  7.150829e+01 -1.467125e+01 -1.300000e+01
    endloop
  endfacet
  facet normal  0.000000e+00  0.000000e+00  9.999999e-01
    outer loop
      vertex  6.250000e+01 -1.500000e+01 -1.300000e+01
      vertex  7.150829e+01 -1.467125e+01 -1.300000e+01
      vertex  7.124834e+01 -1.430000e+01 -1.300000e+01
    endloop
  endfacet
  facet normal  0.000000e+00  0.000000e+00  1.000000e+00
    outer loop
      vertex  6.250000e+01 -1.500000e+01 -1.300000e+01
      vertex  7.124834e+01 -1.430000e+01 -1.300000e+01
      vertex  7.105680e+01 -1.388925e+01 -1.300000e+01
    endloop
  endfacet
  facet normal  0.000000e+00  0.000000e+00  1.000000e+00
    outer loop
      vertex  6.250000e+01 -1.500000e+01 -1.300000e+01
      vertex  7.105680e+01 -1.388925e+01 -1.300000e+01
      vertex  7.093950e+01 -1.345149e+01 -1.300000e+01
    endloop
  endfacet
  facet normal  0.000000e+00  0.000000e+00  1.000000e+00
    outer loop
      vertex  6.250000e+01 -1.500000e+01 -1.300000e+01
      vertex  7.093950e+01 -1.345149e+01 -1.300000e+01
      vertex  7.090000e+01 -1.300000e+01 -1.300000e+01
    endloop
  endfacet
  facet normal  0.000000e+00  -0.000000e+00  1.000000e+00
    outer loop
      vertex  6.250000e+01 -1.500000e+01 -1.300000e+01
      vertex  7.090000e+01 -1.300000e+01 -1.300000e+01
      vertex  7.093950e+01 -1.254851e+01 -1.300000e+01
    endloop
  endfacet
  facet normal  0.000000e+00  -0.000000e+00  1.000000e+00
    outer loop
      vertex  6.250000e+01 -1.500000e+01 -1.300000e+01
      vertex  7.093950e+01 -1.254851e+01 -1.300000e+01
      vertex  7.105680e+01 -1.211075e+01 -1.300000e+01
    endloop
  endfacet
  facet normal  0.000000e+00  -0.000000e+00  1.000000e+00
    outer loop
      vertex  6.250000e+01 -1.500000e+01 -1.300000e+01
      vertex  7.105680e+01 -1.211075e+01 -1.300000e+01
      vertex  7.124834e+01 -1.170000e+01 -1.300000e+01
    endloop
  endfacet
  facet normal  0.000000e+00  -0.000000e+00  1.000000e+00
    outer loop
      vertex  6.250000e+01 -1.500000e+01 -1.300000e+01
      vertex  7.124834e+01 -1.170000e+01 -1.300000e+01
      vertex  7.150829e+01 -1.132875e+01 -1.300000e+01
    endloop
  endfacet
  facet normal  0.000000e+00  -0.000000e+00  9.999999e-01
    outer loop
      vertex  6.250000e+01 -1.500000e+01 -1.300000e+01
      vertex  7.150829e+01 -1.132875e+01 -1.300000e+01
      vertex  7.182875e+01 -1.100828e+01 -1.300000e+01
    endloop
  endfacet
  facet normal  0.000000e+00  -0.000000e+00  9.999999e-01
    outer loop
      vertex  6.250000e+01 -1.500000e+01 -1.300000e+01
      vertex  7.182875e+01 -1.100828e+01 -1.300000e+01
      vertex  7.220000e+01 -1.074833e+01 -1.300000e+01
    endloop
  endfacet
  facet normal  0.000000e+00  -0.000000e+00  1.000000e+00
    outer loop
      vertex  6.250000e+01 -1.500000e+01 -1.300000e+01
      vertex  7.220000e+01 -1.074833e+01 -1.300000e+01
      vertex  7.261075e+01 -1.055680e+01 -1.300000e+01
    endloop
  endfacet
  facet normal  0.000000e+00  -0.000000e+00  9.999999e-01
    outer loop
      vertex  6.250000e+01 -1.500000e+01 -1.300000e+01
      vertex  7.261075e+01 -1.055680e+01 -1.300000e+01
      vertex  7.350000e+01  1.040000e+01 -1.300000e+01
    endloop
  endfacet
  facet normal  0.000000e+00  0.000000e+00  9.999999e-01
    outer loop
      vertex  6.250000e+01 -1.500000e+01 -1.300000e+01
      vertex  7.350000e+01  1.040000e+01 -1.300000e+01
      vertex  7.304852e+01  1.043950e+01 -1.300000e+01
    endloop
  endfacet
  facet normal  0.000000e+00  0.000000e+00  1.000000e+00
    outer loop
      vertex  6.250000e+01 -1.500000e+01 -1.300000e+01
      vertex  7.304852e+01  1.043950e+01 -1.300000e+01
      vertex  7.261075e+01  1.055680e+01 -1.300000e+01
    endloop
  endfacet
  facet normal  0.000000e+00  0.000000e+00  1.000000e+00
    outer loop
      vertex  6.250000e+01 -1.500000e+01 -1.300000e+01
      vertex  7.261075e+01  1.055680e+01 -1.300000e+01
      vertex  7.220000e+01  1.074833e+01 -1.300000e+01
    endloop
  endfacet
  facet normal  0.000000e+00  0.000000e+00  1.000000e+00
    outer loop
      vertex  6.250000e+01 -1.500000e+01 -1.300000e+01
      vertex  7.220000e+01  1.074833e+01 -1.300000e+01
      vertex  7.182875e+01  1.100828e+01 -1.300000e+01
    endloop
  endfacet
  facet normal  0.000000e+00  0.000000e+00  1.000000e+00
    outer loop
      vertex  6.250000e+01 -1.500000e+01 -1.300000e+01
      vertex  7.182875e+01  1.100828e+01 -1.300000e+01
      vertex  7.150829e+01  1.132875e+01 -1.300000e+01
    endloop
  endfacet
  facet normal  0.000000e+00  0.000000e+00  1.000000e+00
    outer loop
      vertex  6.250000e+01 -1.500000e+01 -1.300000e+01
      vertex  7.150829e+01  1.132875e+01 -1.300000e+01
      vertex  7.124834e+01  1.170000e+01 -1.300000e+01
    endloop
  endfacet
  facet normal  0.000000e+00  0.000000e+00  1.000000e+00
    outer loop
      vertex  6.250000e+01 -1.500000e+01 -1.300000e+01
      vertex  7.124834e+01  1.170000e+01 -1.300000e+01
      vertex  7.105680e+01  1.211075e+01 -1.300000e+01
    endloop
  endfacet
  facet normal  0.000000e+00  0.000000e+00  9.999999e-01
    outer loop
      vertex  6.250000e+01 -1.500000e+01 -1.300000e+01
      vertex  7.105680e+01  1.211075e+01 -1.300000e+01
      vertex  7.093950e+01  1.254851e+01 -1.300000e+01
    endloop
  endfacet
  facet normal  0.000000e+00  0.000000e+00  1.000000e+00
    outer loop
      vertex  6.250000e+01 -1.500000e+01 -1.300000e+01
      vertex  7.093950e+01  1.254851e+01 -1.300000e+01
      vertex  7.090000e+01  1.300000e+01 -1.300000e+01
    endloop
  endfacet
  facet normal  0.000000e+00  -0.000000e+00  1.000000e+00
    outer loop
      vertex  6.250000e+01 -1.500000e+01 -1.300000e+01
      vertex  7.090000e+01  1.300000e+01 -1.300000e+01
      vertex  7.093950e+01  1.345149e+01 -1.300000e+01
    endloop
  endfacet
  facet normal  0.000000e+00  -0.000000e+00  1.000000e+00
    outer loop
      vertex  6.250000e+01 -1.500000e+01 -1.300000e+01
      vertex  7.093950e+01  1.345149e+01 -1.300000e+01
      vertex  7.105680e+01  1.388925e+01 -1.300000e+01
    endloop
  endfacet
  facet normal  -0.000000e+00  0.000000e+00  1.000000e+00
    outer loop
      vertex  8.750000e+01  2.300000e+01 -1.300000e+01
      vertex  6.250000e+01  2.300000e+01 -1.300000e+01
      vertex  7.350000e+01  1.560000e+01 -1.300000e+01
    endloop
  endfacet
  facet normal  -0.000000e+00  0.000000e+00  1.000000e+00
    outer loop
      vertex  8.750000e+01  2.300000e+01 -1.300000e+01
      vertex  7.350000e+01  1.560000e+01 -1.300000e+01
      vertex  7.395148e+01  1.556050e+01 -1.300000e+01
    endloop
  endfacet
  facet normal  -0.000000e+00  0.000000e+00  1.000000e+00
    outer loop
      vertex  8.750000e+01  2.300000e+01 -1.300000e+01
      vertex  7.395148e+01  1.556050e+01 -1.300000e+01
      vertex  7.438925e+01  1.544320e+01 -1.300000e+01
    endloop
  endfacet
  facet normal  -0.000000e+00  0.000000e+00  1.000000e+00
    outer loop
      vertex  8.750000e+01  2.300000e+01 -1.300000e+01
      vertex  7.438925e+01  1.544320e+01 -1.300000e+01
      vertex  7.480000e+01  1.525167e+01 -1.300000e+01
    endloop
  endfacet
  facet normal  -0.000000e+00  0.000000e+00  9.999999e-01
    outer loop
      vertex  8.750000e+01  2.300000e+01 -1.300000e+01
      vertex  7.480000e+01  1.525167e+01 -1.300000e+01
      vertex  7.517125e+01  1.499172e+01 -1.300000e+01
    endloop
  endfacet
  facet normal  -0.000000e+00  0.000000e+00  1.000000e+00
    outer loop
      vertex  8.750000e+01  2.300000e+01 -1.300000e+01
      vertex  7.517125e+01  1.499172e+01 -1.300000e+01
      vertex  7.549171e+01  1.467125e+01 -1.300000e+01
    endloop
  endfacet
  facet normal  -0.000000e+00  0.000000e+00  1.000000e+00
    outer loop
      vertex  8.750000e+01  2.300000e+01 -1.300000e+01
      vertex  7.549171e+01  1.467125e+01 -1.300000e+01
      vertex  7.575166e+01  1.430000e+01 -1.300000e+01
    endloop
  endfacet
  facet normal  -0.000000e+00  0.000000e+00  9.999999e-01
    outer loop
      vertex  8.750000e+01  2.300000e+01 -1.300000e+01
      vertex  7.575166e+01  1.430000e+01 -1.300000e+01
      vertex  7.594320e+01  1.388925e+01 -1.300000e+01
    endloop
  endfacet
  facet normal  -0.000000e+00  0.000000e+00  1.000000e+00
    outer loop
      vertex  8.750000e+01  2.300000e+01 -1.300000e+01
      vertex  7.594320e+01  1.388925e+01 -1.300000e+01
      vertex  8.750000e+01 -2.300000e+01 -1.300000e+01
    endloop
  endfacet
  facet normal  0.000000e+00  0.000000e+00  9.999999e-01
    outer loop
      vertex  8.750000e+01 -2.300000e+01 -1.300000e+01
      vertex  7.594320e+01  1.388925e+01 -1.300000e+01
      vertex  7.606050e+01  1.345149e+01 -1.300000e+01
    endloop
  endfacet
  facet normal  0.000000e+00  0.000000e+00  1.000000e+00
    outer loop
      vertex  8.750000e+01 -2.300000e+01 -1.300000e+01
      vertex  7.606050e+01  1.345149e+01 -1.300000e+01
      vertex  7.610000e+01  1.300000e+01 -1.300000e+01
    endloop
  endfacet
  facet normal  0.000000e+00  0.000000e+00  1.000000e+00
    outer loop
      vertex  8.750000e+01 -2.300000e+01 -1.300000e+01
      vertex  7.610000e+01  1.300000e+01 -1.300000e+01
      vertex  7.606050e+01  1.254851e+01 -1.300000e+01
    endloop
  endfacet
  facet normal  0.000000e+00  0.000000e+00  1.000000e+00
    outer loop
      vertex  8.750000e+01 -2.300000e+01 -1.300000e+01
      vertex  7.606050e+01  1.254851e+01 -1.300000e+01
      vertex  7.594320e+01  1.211075e+01 -1.300000e+01
    endloop
  endfacet
  facet normal  0.000000e+00  0.000000e+00  1.000000e+00
    outer loop
      vertex  8.750000e+01 -2.300000e+01 -1.300000e+01
      vertex  7.594320e+01  1.211075e+01 -1.300000e+01
      vertex  7.575166e+01  1.170000e+01 -1.300000e+01
    endloop
  endfacet
  facet normal  0.000000e+00  0.000000e+00  1.000000e+00
    outer loop
      vertex  8.750000e+01 -2.300000e+01 -1.300000e+01
      vertex  7.575166e+01  1.170000e+01 -1.300000e+01
      vertex  7.549171e+01  1.132875e+01 -1.300000e+01
    endloop
  endfacet
  facet normal  0.000000e+00  0.000000e+00  1.000000e+00
    outer loop
      vertex  8.750000e+01 -2.300000e+01 -1.300000e+01
      vertex  7.549171e+01  1.132875e+01 -1.300000e+01
      vertex  7.517125e+01  1.100828e+01 -1.300000e+01
    endloop
  endfacet
  facet normal  0.000000e+00  0.000000e+00  1.000000e+00
    outer loop
      vertex  8.750000e+01 -2.300000e+01 -1.300000e+01
      vertex  7.517125e+01  1.100828e+01 -1.300000e+01
      vertex  7.480000e+01  1.074833e+01 -1.300000e+01
    endloop
  endfacet
  facet normal  0.000000e+00  0.000000e+00  1.000000e+00
    outer loop
      vertex  8.750000e+01 -2.300000e+01 -1.300000e+01
      vertex  7.480000e+01  1.074833e+01 -1.300000e+01
      vertex  7.438925e+01  1.055680e+01 -1.300000e+01
    endloop
  endfacet
  facet normal  0.000000e+00  0.000000e+00  1.000000e+00
    outer loop
      vertex  8.750000e+01 -2.300000e+01 -1.300000e+01
      vertex  7.438925e+01  1.055680e+01 -1.300000e+01
      vertex  7.395148e+01  1.043950e+01 -1.300000e+01
    endloop
  endfacet
  facet normal  0.000000e+00  0.000000e+00  9.999999e-01
    outer loop
      vertex  8.750000e+01 -2.300000e+01 -1.300000e+01
      vertex  7.395148e+01  1.043950e+01 -1.300000e+01
      vertex  7.350000e+01  1.040000e+01 -1.300000e+01
    endloop
  endfacet
  facet normal  0.000000e+00  0.000000e+00  9.999999e-01
    outer loop
      vertex  8.750000e+01 -2.300000e+01 -1.300000e+01
      vertex  7.350000e+01  1.040000e+01 -1.300000e+01
      vertex  7.549171e+01 -1.132875e+01 -1.300000e+01
    endloop
  endfacet
  facet normal  0.000000e+00  0.000000e+00  1.000000e+00
    outer loop
      vertex  8.750000e+01 -2.300000e+01 -1.300000e+01
      vertex  7.549171e+01 -1.132875e+01 -1.300000e+01
      vertex  7.575166e+01 -1.170000e+01 -1.300000e+01
    endloop
  endfacet
  facet normal  0.000000e+00  0.000000e+00  1.000000e+00
    outer loop
      vertex  8.750000e+01 -2.300000e+01 -1.300000e+01
      vertex  7.575166e+01 -1.170000e+01 -1.300000e+01
      vertex  7.594320e+01 -1.211075e+01 -1.300000e+01
    endloop
  endfacet
  facet normal  0.000000e+00  0.000000e+00  9.999999e-01
    outer loop
      vertex  8.750000e+01 -2.300000e+01 -1.300000e+01
      vertex  7.594320e+01 -1.211075e+01 -1.300000e+01
      vertex  7.606050e+01 -1.254851e+01 -1.300000e+01
    endloop
  endfacet
  facet normal  0.000000e+00  0.000000e+00  1.000000e+00
    outer loop
      vertex  8.750000e+01 -2.300000e+01 -1.300000e+01
      vertex  7.606050e+01 -1.254851e+01 -1.300000e+01
      vertex  7.610000e+01 -1.300000e+01 -1.300000e+01
    endloop
  endfacet
  facet normal  0.000000e+00  0.000000e+00  1.000000e+00
    outer loop
      vertex  8.750000e+01 -2.300000e+01 -1.300000e+01
      vertex  7.610000e+01 -1.300000e+01 -1.300000e+01
      vertex  7.606050e+01 -1.345149e+01 -1.300000e+01
    endloop
  endfacet
  facet normal  0.000000e+00  0.000000e+00  1.000000e+00
    outer loop
      vertex  8.750000e+01 -2.300000e+01 -1.300000e+01
      vertex  7.606050e+01 -1.345149e+01 -1.300000e+01
      vertex  7.594320e+01 -1.388925e+01 -1.300000e+01
    endloop
  endfacet
  facet normal  0.000000e+00  0.000000e+00  9.999999e-01
    outer loop
      vertex  8.750000e+01 -2.300000e+01 -1.300000e+01
      vertex  7.594320e+01 -1.388925e+01 -1.300000e+01
      vertex  7.575166e+01 -1.430000e+01 -1.300000e+01
    endloop
  endfacet
  facet normal  0.000000e+00  0.000000e+00  1.000000e+00
    outer loop
      vertex  8.750000e+01 -2.300000e+01 -1.300000e+01
      vertex  7.575166e+01 -1.430000e+01 -1.300000e+01
      vertex  7.549171e+01 -1.467125e+01 -1.300000e+01
    endloop
  endfacet
  facet normal  0.000000e+00  0.000000e+00  1.000000e+00
    outer loop
      vertex  8.750000e+01 -2.300000e+01 -1.300000e+01
      vertex  7.549171e+01 -1.467125e+01 -1.300000e+01
      vertex  7.517125e+01 -1.499172e+01 -1.300000e+01
    endloop
  endfacet
  facet normal  0.000000e+00  0.000000e+00  9.999999e-01
    outer loop
      vertex  8.750000e+01 -2.300000e+01 -1.300000e+01
      vertex  7.517125e+01 -1.499172e+01 -1.300000e+01
      vertex  7.480000e+01 -1.525167e+01 -1.300000e+01
    endloop
  endfacet
  facet normal  0.000000e+00  0.000000e+00  1.000000e+00
    outer loop
      vertex  8.750000e+01 -2.300000e+01 -1.300000e+01
      vertex  7.480000e+01 -1.525167e+01 -1.300000e+01
      vertex  7.438925e+01 -1.544320e+01 -1.300000e+01
    endloop
  endfacet
  facet normal  0.000000e+00  0.000000e+00  1.000000e+00
    outer loop
      vertex  8.750000e+01 -2.300000e+01 -1.300000e+01
      vertex  7.438925e+01 -1.544320e+01 -1.300000e+01
      vertex  7.395148e+01 -1.556050e+01 -1.300000e+01
    endloop
  endfacet
  facet normal  0.000000e+00  0.000000e+00  1.000000e+00
    outer loop
      vertex  8.750000e+01 -2.300000e+01 -1.300000e+01
      vertex  7.395148e+01 -1.556050e+01 -1.300000e+01
      vertex  7.350000e+01 -1.560000e+01 -1.300000e+01
    endloop
  endfacet
  facet normal  0.000000e+00  0.000000e+00  1.000000e+00
    outer loop
      vertex  8.750000e+01 -2.300000e+01 -1.300000e+01
      vertex  7.350000e+01 -1.560000e+01 -1.300000e+01
      vertex  5.950000e+01 -1.500000e+01 -1.300000e+01
    endloop
  endfacet
  facet normal  0.000000e+00  0.000000e+00  1.000000e+00
    outer loop
      vertex  8.750000e+01 -2.300000e+01 -1.300000e+01
      vertex  5.950000e+01 -1.500000e+01 -1.300000e+01
      vertex  5.950000e+01 -2.300000e+01 -1.300000e+01
    endloop
  endfacet
  facet normal  0.000000e+00  0.000000e+00  1.000000e+00
    outer loop
      vertex  6.250000e+01  2.300000e+01 -1.300000e+01
      vertex  6.250000e+01 -1.500000e+01 -1.300000e+01
      vertex  7.105680e+01  1.388925e+01 -1.300000e+01
    endloop
  endfacet
  facet normal  0.000000e+00  -0.000000e+00  1.000000e+00
    outer loop
      vertex  6.250000e+01  2.300000e+01 -1.300000e+01
      vertex  7.105680e+01  1.388925e+01 -1.300000e+01
      vertex  7.124834e+01  1.430000e+01 -1.300000e+01
    endloop
  endfacet
  facet normal  0.000000e+00  -0.000000e+00  9.999999e-01
    outer loop
      vertex  6.250000e+01  2.300000e+01 -1.300000e+01
      vertex  7.124834e+01  1.430000e+01 -1.300000e+01
      vertex  7.150829e+01  1.467125e+01 -1.300000e+01
    endloop
  endfacet
  facet normal  0.000000e+00  -0.000000e+00  1.000000e+00
    outer loop
      vertex  6.250000e+01  2.300000e+01 -1.300000e+01
      vertex  7.150829e+01  1.467125e+01 -1.300000e+01
      vertex  7.182875e+01  1.499172e+01 -1.300000e+01
    endloop
  endfacet
  facet normal  0.000000e+00  -0.000000e+00  1.000000e+00
    outer loop
      vertex  6.250000e+01  2.300000e+01 -1.300000e+01
      vertex  7.182875e+01  1.499172e+01 -1.300000e+01
      vertex  7.220000e+01  1.525167e+01 -1.300000e+01
    endloop
  endfacet
  facet normal  0.000000e+00  -0.000000e+00  1.000000e+00
    outer loop
      vertex  6.250000e+01  2.300000e+01 -1.300000e+01
      vertex  7.220000e+01  1.525167e+01 -1.300000e+01
      vertex  7.261075e+01  1.544320e+01 -1.300000e+01
    endloop
  endfacet
  facet normal  0.000000e+00  -0.000000e+00  1.000000e+00
    outer loop
      vertex  6.250000e+01  2.300000e+01 -1.300000e+01
      vertex  7.261075e+01  1.544320e+01 -1.300000e+01
      vertex  7.304852e+01  1.556050e+01 -1.300000e+01
    endloop
  endfacet
  facet normal  0.000000e+00  -0.000000e+00  1.000000e+00
    outer loop
      vertex  6.250000e+01  2.300000e+01 -1.300000e+01
      vertex  7.304852e+01  1.556050e+01 -1.300000e+01
      vertex  7.350000e+01  1.560000e+01 -1.300000e+01
    endloop
  endfacet
  facet normal  0.000000e+00  0.000000e+00  1.000000e+00
    outer loop
      vertex  5.950000e+01 -1.500000e+01 -1.300000e+01
      vertex  7.350000e+01 -1.560000e+01 -1.300000e+01
      vertex  7.304852e+01 -1.556050e+01 -1.300000e+01
    endloop
  endfacet
  facet normal  0.000000e+00  0.000000e+00  1.000000e+00
    outer loop
      vertex  5.950000e+01 -1.500000e+01 -1.300000e+01
      vertex  7.304852e+01 -1.556050e+01 -1.300000e+01
      vertex  7.261075e+01 -1.544320e+01 -1.300000e+01
    endloop
  endfacet
  facet normal  0.000000e+00  0.000000e+00  1.000000e+00
    outer loop
      vertex  5.950000e+01 -1.500000e+01 -1.300000e+01
      vertex  7.261075e+01 -1.544320e+01 -1.300000e+01
      vertex  7.220000e+01 -1.525167e+01 -1.300000e+01
    endloop
  endfacet
  facet normal  0.000000e+00 -1.000000e+00  0.000000e+00
    outer loop
      vertex -3.000000e+01 -2.300000e+01 -5.250000e+00
      vertex -3.026155e+01 -2.300000e+01 -9.509787e+00
      vertex -2.973845e+01 -2.300000e+01 -9.509787e+00
    endloop
  endfacet
  facet normal  0.000000e+00 -1.000000e+00  0.000000e+00
    outer loop
      vertex -3.256568e+01 -2.300000e+01 -1.061940e+01
      vertex -3.243980e+01 -2.300000e+01 -4.648644e+00
      vertex -3.289183e+01 -2.300000e+01 -1.102838e+01
    endloop
  endfacet
  facet normal  0.000000e+00 -1.000000e+00  0.000000e+00
    outer loop
      vertex  1.756242e+01 -2.300000e+01 -1.045796e+01
      vertex  3.798688e-01 -2.300000e+01 -7.490374e+00
      vertex  1.832222e+01 -2.300000e+01 -1.130009e+01
    endloop
  endfacet
  facet normal  0.000000e+00 -1.000000e+00  0.000000e+00
    outer loop
      vertex  1.686320e+01 -2.300000e+01 -9.564887e+00
      vertex  3.798688e-01 -2.300000e+01 -7.490374e+00
      vertex  1.756242e+01 -2.300000e+01 -1.045796e+01
    endloop
  endfacet
  facet normal  0.000000e+00 -1.000000e+00  0.000000e+00
    outer loop
      vertex  1.622799e+01 -2.300000e+01 -8.625211e+00
      vertex  3.798688e-01 -2.300000e+01 -7.490374e+00
      vertex  1.686320e+01 -2.300000e+01 -9.564887e+00
    endloop
  endfacet
  facet normal  0.000000e+00 -1.000000e+00  0.000000e+00
    outer loop
      vertex  1.754115e+01 -2.300000e+01  1.043262e+01
      vertex  1.829924e+01 -2.300000e+01  1.127629e+01
      vertex  3.798688e-01 -2.300000e+01  7.490374e+00
    endloop
  endfacet
  facet normal  -0.000000e+00 -1.000000e+00  0.000000e+00
    outer loop
      vertex  3.798688e-01 -2.300000e+01  7.490374e+00
      vertex  1.684376e+01 -2.300000e+01  9.538124e+00
      vertex  1.754115e+01 -2.300000e+01  1.043262e+01
    endloop
  endfacet
  facet normal  -0.000000e+00 -1.000000e+00  0.000000e+00
    outer loop
      vertex  3.798688e-01 -2.300000e+01  7.490374e+00
      vertex  1.621046e+01 -2.300000e+01  8.597157e+00
      vertex  1.684376e+01 -2.300000e+01  9.538124e+00
    endloop
  endfacet
  facet normal  -0.000000e+00 -9.999999e-01  0.000000e+00
    outer loop
      vertex  3.798688e-01 -2.300000e+01  7.490374e+00
      vertex  1.564434e+01 -2.300000e+01  7.614305e+00
      vertex  1.621046e+01 -2.300000e+01  8.597157e+00
    endloop
  endfacet
  facet normal  -0.000000e+00 -1.000000e+00  0.000000e+00
    outer loop
      vertex  6.155726e+00 -2.300000e+01  4.284512e+00
      vertex  1.437495e+01 -2.300000e+01  4.463205e+00
      vertex  5.690686e+00 -2.300000e+01  4.885293e+00
    endloop
  endfacet
  facet normal  -0.000000e+00 -1.000000e+00  0.000000e+00
    outer loop
      vertex  3.302956e+00 -2.300000e+01 -6.733534e+00
      vertex  1.516162e+01 -2.300000e+01 -6.624578e+00
      vertex  3.967230e+00 -2.300000e+01 -6.364832e+00
    endloop
  endfacet
  facet normal  -0.000000e+00 -1.000000e+00  0.000000e+00
    outer loop
      vertex -1.374194e+01 -2.300000e+01  1.278694e+00
      vertex -7.346475e+00 -2.300000e+01  1.509739e+00
      vertex -1.396891e+01 -2.300000e+01  1.750000e+00
    endloop
  endfacet
  facet normal  0.000000e+00 -1.000000e+00  0.000000e+00
    outer loop
      vertex -2.567933e+01 -2.300000e+01  2.982340e+00
      vertex -1.897162e+01 -2.300000e+01  2.891836e+00
      vertex -1.851859e+01 -2.300000e+01  3.153391e+00
    endloop
  endfacet
  facet normal  0.000000e+00 -1.000000e+00  -0.000000e+00
    outer loop
      vertex -1.752165e+01 -2.300000e+01 -3.460908e+00
      vertex -1.803164e+01 -2.300000e+01 -3.344505e+00
      vertex -2.607032e+01 -2.300000e+01 -3.481394e+00
    endloop
  endfacet
  facet normal  0.000000e+00 -1.000000e+00  0.000000e+00
    outer loop
      vertex -1.752165e+01 -2.300000e+01 -3.460908e+00
      vertex -2.607032e+01 -2.300000e+01 -3.481394e+00
      vertex -1.700000e+01 -2.300000e+01 -3.500000e+00
    endloop
  endfacet
  facet normal  0.000000e+00 -1.000000e+00  0.000000e+00
    outer loop
      vertex -3.000000e+01 -2.300000e+01 -5.250000e+00
      vertex -2.825000e+01 -2.300000e+01 -9.968911e+00
      vertex -2.781779e+01 -2.300000e+01 -1.026359e+01
    endloop
  endfacet
  facet normal  0.000000e+00 -1.000000e+00  0.000000e+00
    outer loop
      vertex -3.000000e+01 -2.300000e+01 -5.250000e+00
      vertex -2.872131e+01 -2.300000e+01 -9.741941e+00
      vertex -2.825000e+01 -2.300000e+01 -9.968911e+00
    endloop
  endfacet
  facet normal  0.000000e+00 -1.000000e+00  0.000000e+00
    outer loop
      vertex -3.000000e+01 -2.300000e+01 -5.250000e+00
      vertex -2.922118e+01 -2.300000e+01 -9.587752e+00
      vertex -2.872131e+01 -2.300000e+01 -9.741941e+00
    endloop
  endfacet
  facet normal  0.000000e+00 -1.000000e+00  0.000000e+00
    outer loop
      vertex -3.000000e+01 -2.300000e+01 -5.250000e+00
      vertex -2.973845e+01 -2.300000e+01 -9.509787e+00
      vertex -2.922118e+01 -2.300000e+01 -9.587752e+00
    endloop
  endfacet
  facet normal  -0.000000e+00 -1.000000e+00  0.000000e+00
    outer loop
      vertex -4.102838e+01 -2.300000e+01  2.891836e+00
      vertex -3.432066e+01 -2.300000e+01  2.982340e+00
      vertex -4.148141e+01 -2.300000e+01  3.153391e+00
    endloop
  endfacet
  facet normal  0.000000e+00 -1.000000e+00  -0.000000e+00
    outer loop
      vertex -3.392968e+01 -2.300000e+01 -3.481394e+00
      vertex -4.196836e+01 -2.300000e+01 -3.344505e+00
      vertex -4.247835e+01 -2.300000e+01 -3.460908e+00
    endloop
  endfacet
  facet normal  0.000000e+00 -1.000000e+00  -0.000000e+00
    outer loop
      vertex -3.392968e+01 -2.300000e+01 -3.481394e+00
      vertex -4.247835e+01 -2.300000e+01 -3.460908e+00
      vertex -4.300000e+01 -2.300000e+01 -3.500000e+00
    endloop
  endfacet
  facet normal  0.000000e+00 -1.000000e+00  0.000000e+00
    outer loop
      vertex -3.127869e+01 -2.300000e+01 -9.741941e+00
      vertex -3.000000e+01 -2.300000e+01 -5.250000e+00
      vertex -3.175000e+01 -2.300000e+01 -9.968911e+00
    endloop
  endfacet
  facet normal  0.000000e+00 -1.000000e+00  0.000000e+00
    outer loop
      vertex -3.077882e+01 -2.300000e+01 -9.587752e+00
      vertex -3.000000e+01 -2.300000e+01 -5.250000e+00
      vertex -3.127869e+01 -2.300000e+01 -9.741941e+00
    endloop
  endfacet
  facet normal  0.000000e+00 -1.000000e+00  0.000000e+00
    outer loop
      vertex -3.026155e+01 -2.300000e+01 -9.509787e+00
      vertex -3.000000e+01 -2.300000e+01 -5.250000e+00
      vertex -3.077882e+01 -2.300000e+01 -9.587752e+00
    endloop
  endfacet
  facet normal  0.000000e+00 -9.999999e-01  0.000000e+00
    outer loop
      vertex -1.700000e+01 -2.300000e+01 -3.500000e+00
      vertex -3.302956e+00 -2.300000e+01 -6.733534e+00
      vertex -3.967230e+00 -2.300000e+01 -6.364832e+00
    endloop
  endfacet
  facet normal  0.000000e+00 -1.000000e+00  0.000000e+00
    outer loop
      vertex -1.700000e+01 -2.300000e+01 -3.500000e+00
      vertex -3.967230e+00 -2.300000e+01 -6.364832e+00
      vertex -4.590795e+00 -2.300000e+01 -5.930818e+00
    endloop
  endfacet
  facet normal  0.000000e+00 -1.000000e+00  0.000000e+00
    outer loop
      vertex -1.700000e+01 -2.300000e+01 -3.500000e+00
      vertex -4.590795e+00 -2.300000e+01 -5.930818e+00
      vertex -5.167252e+00 -2.300000e+01 -5.435946e+00
    endloop
  endfacet
  facet normal  0.000000e+00 -1.000000e+00  0.000000e+00
    outer loop
      vertex -1.700000e+01 -2.300000e+01 -3.500000e+00
      vertex -5.167252e+00 -2.300000e+01 -5.435946e+00
      vertex -5.690686e+00 -2.300000e+01 -4.885293e+00
    endloop
  endfacet
  facet normal  0.000000e+00 -1.000000e+00  0.000000e+00
    outer loop
      vertex -1.700000e+01 -2.300000e+01 -3.500000e+00
      vertex -5.690686e+00 -2.300000e+01 -4.885293e+00
      vertex -6.155726e+00 -2.300000e+01 -4.284512e+00
    endloop
  endfacet
  facet normal  0.000000e+00 -1.000000e+00  0.000000e+00
    outer loop
      vertex -1.700000e+01 -2.300000e+01 -3.500000e+00
      vertex -6.155726e+00 -2.300000e+01 -4.284512e+00
      vertex -6.557600e+00 -2.300000e+01 -3.639765e+00
    endloop
  endfacet
  facet normal  0.000000e+00 -1.000000e+00  0.000000e+00
    outer loop
      vertex -1.700000e+01 -2.300000e+01  3.500000e+00
      vertex -2.743432e+01 -2.300000e+01  1.538060e+01
      vertex -2.710816e+01 -2.300000e+01  1.497162e+01
    endloop
  endfacet
  facet normal  0.000000e+00 -1.000000e+00  0.000000e+00
    outer loop
      vertex -1.700000e+01 -2.300000e+01  3.500000e+00
      vertex -2.710816e+01 -2.300000e+01  1.497162e+01
      vertex -2.684661e+01 -2.300000e+01  1.451859e+01
    endloop
  endfacet
  facet normal  0.000000e+00 -1.000000e+00  0.000000e+00
    outer loop
      vertex -1.700000e+01 -2.300000e+01  3.500000e+00
      vertex -2.684661e+01 -2.300000e+01  1.451859e+01
      vertex -2.665549e+01 -2.300000e+01  1.403164e+01
    endloop
  endfacet
  facet normal  0.000000e+00 -1.000000e+00  0.000000e+00
    outer loop
      vertex -1.700000e+01 -2.300000e+01  3.500000e+00
      vertex -2.665549e+01 -2.300000e+01  1.403164e+01
      vertex -2.653909e+01 -2.300000e+01  1.352165e+01
    endloop
  endfacet
  facet normal  0.000000e+00 -9.999999e-01  0.000000e+00
    outer loop
      vertex -1.700000e+01 -2.300000e+01  3.500000e+00
      vertex -2.653909e+01 -2.300000e+01  1.352165e+01
      vertex -2.650000e+01 -2.300000e+01  1.300000e+01
    endloop
  endfacet
  facet normal  0.000000e+00 -1.000000e+00  -0.000000e+00
    outer loop
      vertex -1.700000e+01 -2.300000e+01  3.500000e+00
      vertex -2.650000e+01 -2.300000e+01  1.300000e+01
      vertex -2.653909e+01 -2.300000e+01  1.247835e+01
    endloop
  endfacet
  facet normal  0.000000e+00 -1.000000e+00  -0.000000e+00
    outer loop
      vertex -1.700000e+01 -2.300000e+01  3.500000e+00
      vertex -2.653909e+01 -2.300000e+01  1.247835e+01
      vertex -2.665549e+01 -2.300000e+01  1.196836e+01
    endloop
  endfacet
  facet normal  0.000000e+00 -1.000000e+00  -0.000000e+00
    outer loop
      vertex -1.700000e+01 -2.300000e+01  3.500000e+00
      vertex -2.665549e+01 -2.300000e+01  1.196836e+01
      vertex -2.684661e+01 -2.300000e+01  1.148141e+01
    endloop
  endfacet
  facet normal  0.000000e+00 -1.000000e+00  -0.000000e+00
    outer loop
      vertex -1.700000e+01 -2.300000e+01  3.500000e+00
      vertex -2.684661e+01 -2.300000e+01  1.148141e+01
      vertex -2.710816e+01 -2.300000e+01  1.102838e+01
    endloop
  endfacet
  facet normal  0.000000e+00 -1.000000e+00  -0.000000e+00
    outer loop
      vertex -1.700000e+01 -2.300000e+01  3.500000e+00
      vertex -2.710816e+01 -2.300000e+01  1.102838e+01
      vertex -2.743432e+01 -2.300000e+01  1.061940e+01
    endloop
  endfacet
  facet normal  0.000000e+00 -9.999999e-01  -0.000000e+00
    outer loop
      vertex -1.700000e+01 -2.300000e+01  3.500000e+00
      vertex -2.743432e+01 -2.300000e+01  1.061940e+01
      vertex -2.781779e+01 -2.300000e+01  1.026359e+01
    endloop
  endfacet
  facet normal  0.000000e+00 -1.000000e+00  -0.000000e+00
    outer loop
      vertex -1.700000e+01 -2.300000e+01  3.500000e+00
      vertex -2.781779e+01 -2.300000e+01  1.026359e+01
      vertex -2.825000e+01 -2.300000e+01  9.968911e+00
    endloop
  endfacet
  facet normal  0.000000e+00 -1.000000e+00  -0.000000e+00
    outer loop
      vertex -1.700000e+01 -2.300000e+01  3.500000e+00
      vertex -2.825000e+01 -2.300000e+01  9.968911e+00
      vertex -2.872131e+01 -2.300000e+01  9.741941e+00
    endloop
  endfacet
  facet normal  0.000000e+00 -1.000000e+00  -0.000000e+00
    outer loop
      vertex -1.700000e+01 -2.300000e+01  3.500000e+00
      vertex -2.872131e+01 -2.300000e+01  9.741941e+00
      vertex -2.922118e+01 -2.300000e+01  9.587752e+00
    endloop
  endfacet
  facet normal  0.000000e+00 -1.000000e+00  -0.000000e+00
    outer loop
      vertex -1.700000e+01 -2.300000e+01  3.500000e+00
      vertex -2.922118e+01 -2.300000e+01  9.587752e+00
      vertex -2.973845e+01 -2.300000e+01  9.509787e+00
    endloop
  endfacet
  facet normal  0.000000e+00 -1.000000e+00  0.000000e+00
    outer loop
      vertex -1.700000e+01 -2.300000e+01  3.500000e+00
      vertex -2.973845e+01 -2.300000e+01  9.509787e+00
      vertex -2.936718e+01 -2.300000e+01  5.211721e+00
    endloop
  endfacet
  facet normal  0.000000e+00 -1.000000e+00  0.000000e+00
    outer loop
      vertex -1.700000e+01 -2.300000e+01  3.500000e+00
      vertex -2.936718e+01 -2.300000e+01  5.211721e+00
      vertex -2.874359e+01 -2.300000e+01  5.097445e+00
    endloop
  endfacet
  facet normal  0.000000e+00 -9.999999e-01  0.000000e+00
    outer loop
      vertex -1.700000e+01 -2.300000e+01  3.500000e+00
      vertex -2.874359e+01 -2.300000e+01  5.097445e+00
      vertex -2.813832e+01 -2.300000e+01  4.908835e+00
    endloop
  endfacet
  facet normal  0.000000e+00 -1.000000e+00  0.000000e+00
    outer loop
      vertex -1.700000e+01 -2.300000e+01  3.500000e+00
      vertex -2.813832e+01 -2.300000e+01  4.908835e+00
      vertex -2.756020e+01 -2.300000e+01  4.648644e+00
    endloop
  endfacet
  facet normal  0.000000e+00 -1.000000e+00  0.000000e+00
    outer loop
      vertex -1.700000e+01 -2.300000e+01  3.500000e+00
      vertex -2.756020e+01 -2.300000e+01  4.648644e+00
      vertex -2.701766e+01 -2.300000e+01  4.320665e+00
    endloop
  endfacet
  facet normal  0.000000e+00 -1.000000e+00  0.000000e+00
    outer loop
      vertex -1.700000e+01 -2.300000e+01  3.500000e+00
      vertex -2.701766e+01 -2.300000e+01  4.320665e+00
      vertex -2.651861e+01 -2.300000e+01  3.929682e+00
    endloop
  endfacet
  facet normal  0.000000e+00 -1.000000e+00  0.000000e+00
    outer loop
      vertex -1.700000e+01 -2.300000e+01  3.500000e+00
      vertex -2.651861e+01 -2.300000e+01  3.929682e+00
      vertex -2.607032e+01 -2.300000e+01  3.481394e+00
    endloop
  endfacet
  facet normal  0.000000e+00 -1.000000e+00  0.000000e+00
    outer loop
      vertex -1.700000e+01 -2.300000e+01  3.500000e+00
      vertex -2.607032e+01 -2.300000e+01  3.481394e+00
      vertex -1.752165e+01 -2.300000e+01  3.460908e+00
    endloop
  endfacet
  facet normal  0.000000e+00 -1.000000e+00  0.000000e+00
    outer loop
      vertex -4.300000e+01 -2.300000e+01  3.500000e+00
      vertex -4.247835e+01 -2.300000e+01  3.460908e+00
      vertex -3.392968e+01 -2.300000e+01  3.481394e+00
    endloop
  endfacet
  facet normal  0.000000e+00 -1.000000e+00  0.000000e+00
    outer loop
      vertex -4.300000e+01 -2.300000e+01  3.500000e+00
      vertex -3.392968e+01 -2.300000e+01  3.481394e+00
      vertex -3.348140e+01 -2.300000e+01  3.929682e+00
    endloop
  endfacet
  facet normal  -0.000000e+00 -1.000000e+00  0.000000e+00
    outer loop
      vertex -4.300000e+01 -2.300000e+01  3.500000e+00
      vertex -3.348140e+01 -2.300000e+01  3.929682e+00
      vertex -3.298234e+01 -2.300000e+01  4.320665e+00
    endloop
  endfacet
  facet normal  -0.000000e+00 -1.000000e+00  0.000000e+00
    outer loop
      vertex -4.300000e+01 -2.300000e+01  3.500000e+00
      vertex -3.298234e+01 -2.300000e+01  4.320665e+00
      vertex -3.243980e+01 -2.300000e+01  4.648644e+00
    endloop
  endfacet
  facet normal  -0.000000e+00 -1.000000e+00  0.000000e+00
    outer loop
      vertex -4.300000e+01 -2.300000e+01  3.500000e+00
      vertex -3.243980e+01 -2.300000e+01  4.648644e+00
      vertex -3.186168e+01 -2.300000e+01  4.908835e+00
    endloop
  endfacet
  facet normal  -0.000000e+00 -1.000000e+00  0.000000e+00
    outer loop
      vertex -4.300000e+01 -2.300000e+01  3.500000e+00
      vertex -3.186168e+01 -2.300000e+01  4.908835e+00
      vertex -3.125641e+01 -2.300000e+01  5.097445e+00
    endloop
  endfacet
  facet normal  -0.000000e+00 -1.000000e+00  0.000000e+00
    outer loop
      vertex -4.300000e+01 -2.300000e+01  3.500000e+00
      vertex -3.125641e+01 -2.300000e+01  5.097445e+00
      vertex -3.063282e+01 -2.300000e+01  5.211721e+00
    endloop
  endfacet
  facet normal  -0.000000e+00 -1.000000e+00  0.000000e+00
    outer loop
      vertex -4.300000e+01 -2.300000e+01  3.500000e+00
      vertex -3.063282e+01 -2.300000e+01  5.211721e+00
      vertex -3.026155e+01 -2.300000e+01  9.509787e+00
    endloop
  endfacet
  facet normal  -0.000000e+00 -1.000000e+00  0.000000e+00
    outer loop
      vertex -4.300000e+01 -2.300000e+01  3.500000e+00
      vertex -3.026155e+01 -2.300000e+01  9.509787e+00
      vertex -3.077882e+01 -2.300000e+01  9.587752e+00
    endloop
  endfacet
  facet normal  -0.000000e+00 -1.000000e+00  0.000000e+00
    outer loop
      vertex -4.300000e+01 -2.300000e+01  3.500000e+00
      vertex -3.077882e+01 -2.300000e+01  9.587752e+00
      vertex -3.127869e+01 -2.300000e+01  9.741941e+00
    endloop
  endfacet
  facet normal  -0.000000e+00 -1.000000e+00  0.000000e+00
    outer loop
      vertex -4.300000e+01 -2.300000e+01  3.500000e+00
      vertex -3.127869e+01 -2.300000e+01  9.741941e+00
      vertex -3.175000e+01 -2.300000e+01  9.968911e+00
    endloop
  endfacet
  facet normal  -0.000000e+00 -1.000000e+00  0.000000e+00
    outer loop
      vertex -4.300000e+01 -2.300000e+01  3.500000e+00
      vertex -3.175000e+01 -2.300000e+01  9.968911e+00
      vertex -3.218221e+01 -2.300000e+01  1.026359e+01
    endloop
  endfacet
  facet normal  -0.000000e+00 -1.000000e+00  0.000000e+00
    outer loop
      vertex -4.300000e+01 -2.300000e+01  3.500000e+00
      vertex -3.218221e+01 -2.300000e+01  1.026359e+01
      vertex -3.256568e+01 -2.300000e+01  1.061940e+01
    endloop
  endfacet
  facet normal  -0.000000e+00 -1.000000e+00  0.000000e+00
    outer loop
      vertex -4.300000e+01 -2.300000e+01  3.500000e+00
      vertex -3.256568e+01 -2.300000e+01  1.061940e+01
      vertex -3.289183e+01 -2.300000e+01  1.102838e+01
    endloop
  endfacet
  facet normal  -0.000000e+00 -1.000000e+00  0.000000e+00
    outer loop
      vertex -4.300000e+01 -2.300000e+01  3.500000e+00
      vertex -3.289183e+01 -2.300000e+01  1.102838e+01
      vertex -3.315339e+01 -2.300000e+01  1.148141e+01
    endloop
  endfacet
  facet normal  -0.000000e+00 -1.000000e+00  0.000000e+00
    outer loop
      vertex -4.300000e+01 -2.300000e+01  3.500000e+00
      vertex -3.315339e+01 -2.300000e+01  1.148141e+01
      vertex -3.334451e+01 -2.300000e+01  1.196836e+01
    endloop
  endfacet
  facet normal  -0.000000e+00 -1.000000e+00  0.000000e+00
    outer loop
      vertex -4.300000e+01 -2.300000e+01  3.500000e+00
      vertex -3.334451e+01 -2.300000e+01  1.196836e+01
      vertex -3.346091e+01 -2.300000e+01  1.247835e+01
    endloop
  endfacet
  facet normal  -0.000000e+00 -1.000000e+00  0.000000e+00
    outer loop
      vertex -4.300000e+01 -2.300000e+01  3.500000e+00
      vertex -3.346091e+01 -2.300000e+01  1.247835e+01
      vertex -3.350000e+01 -2.300000e+01  1.300000e+01
    endloop
  endfacet
  facet normal  -0.000000e+00 -9.999999e-01  0.000000e+00
    outer loop
      vertex -4.300000e+01 -2.300000e+01  3.500000e+00
      vertex -3.350000e+01 -2.300000e+01  1.300000e+01
      vertex -3.346091e+01 -2.300000e+01  1.352165e+01
    endloop
  endfacet
  facet normal  -0.000000e+00 -1.000000e+00  0.000000e+00
    outer loop
      vertex -4.300000e+01 -2.300000e+01  3.500000e+00
      vertex -3.346091e+01 -2.300000e+01  1.352165e+01
      vertex -3.334451e+01 -2.300000e+01  1.403164e+01
    endloop
  endfacet
  facet normal  -0.000000e+00 -1.000000e+00  0.000000e+00
    outer loop
      vertex -4.300000e+01 -2.300000e+01  3.500000e+00
      vertex -3.334451e+01 -2.300000e+01  1.403164e+01
      vertex -3.315339e+01 -2.300000e+01  1.451859e+01
    endloop
  endfacet
  facet normal  -0.000000e+00 -9.999999e-01  0.000000e+00
    outer loop
      vertex -4.300000e+01 -2.300000e+01  3.500000e+00
      vertex -3.315339e+01 -2.300000e+01  1.451859e+01
      vertex -3.289183e+01 -2.300000e+01  1.497162e+01
    endloop
  endfacet
  facet normal  -0.000000e+00 -1.000000e+00  0.000000e+00
    outer loop
      vertex -4.300000e+01 -2.300000e+01  3.500000e+00
      vertex -3.289183e+01 -2.300000e+01  1.497162e+01
      vertex -3.256568e+01 -2.300000e+01  1.538060e+01
    endloop
  endfacet
  facet normal  -0.000000e+00 -1.000000e+00  0.000000e+00
    outer loop
      vertex  1.472435e+01 -2.300000e+01  5.542282e+00
      vertex  1.514817e+01 -2.300000e+01  6.594357e+00
      vertex  3.302956e+00 -2.300000e+01  6.733534e+00
    endloop
  endfacet
  facet normal  0.000000e+00 -1.000000e+00  0.000000e+00
    outer loop
      vertex  1.472435e+01 -2.300000e+01  5.542282e+00
      vertex  3.302956e+00 -2.300000e+01  6.733534e+00
      vertex  3.967230e+00 -2.300000e+01  6.364832e+00
    endloop
  endfacet
  facet normal  0.000000e+00 -1.000000e+00  0.000000e+00
    outer loop
      vertex  1.472435e+01 -2.300000e+01  5.542282e+00
      vertex  3.967230e+00 -2.300000e+01  6.364832e+00
      vertex  4.590795e+00 -2.300000e+01  5.930818e+00
    endloop
  endfacet
  facet normal  0.000000e+00 -1.000000e+00  0.000000e+00
    outer loop
      vertex  1.472435e+01 -2.300000e+01  5.542282e+00
      vertex  4.590795e+00 -2.300000e+01  5.930818e+00
      vertex  5.167252e+00 -2.300000e+01  5.435946e+00
    endloop
  endfacet
  facet normal  0.000000e+00 -1.000000e+00  0.000000e+00
    outer loop
      vertex  1.472435e+01 -2.300000e+01  5.542282e+00
      vertex  5.167252e+00 -2.300000e+01  5.435946e+00
      vertex  5.690686e+00 -2.300000e+01  4.885293e+00
    endloop
  endfacet
  facet normal  0.000000e+00 -1.000000e+00  0.000000e+00
    outer loop
      vertex  1.472435e+01 -2.300000e+01  5.542282e+00
      vertex  5.690686e+00 -2.300000e+01  4.885293e+00
      vertex  1.437495e+01 -2.300000e+01  4.463205e+00
    endloop
  endfacet
  facet normal  0.000000e+00 -1.000000e+00  0.000000e+00
    outer loop
      vertex  3.000000e+01 -2.300000e+01  2.300000e+01
      vertex -3.000000e+01 -2.300000e+01  2.300000e+01
      vertex -1.700000e+01 -2.300000e+01  3.500000e+00
    endloop
  endfacet
  facet normal  0.000000e+00 -1.000000e+00  0.000000e+00
    outer loop
      vertex  3.000000e+01 -2.300000e+01  2.300000e+01
      vertex -1.700000e+01 -2.300000e+01  3.500000e+00
      vertex -1.879894e+00 -2.300000e+01  7.260578e+00
    endloop
  endfacet
  facet normal  0.000000e+00 -1.000000e+00  0.000000e+00
    outer loop
      vertex  3.000000e+01 -2.300000e+01  2.300000e+01
      vertex -1.879894e+00 -2.300000e+01  7.260578e+00
      vertex -1.135708e+00 -2.300000e+01  7.413512e+00
    endloop
  endfacet
  facet normal  0.000000e+00 -1.000000e+00  0.000000e+00
    outer loop
      vertex  3.000000e+01 -2.300000e+01  2.300000e+01
      vertex -1.135708e+00 -2.300000e+01  7.413512e+00
      vertex -3.798688e-01 -2.300000e+01  7.490374e+00
    endloop
  endfacet
  facet normal  0.000000e+00 -9.999999e-01  0.000000e+00
    outer loop
      vertex  3.000000e+01 -2.300000e+01  2.300000e+01
      vertex -3.798688e-01 -2.300000e+01  7.490374e+00
      vertex  3.798688e-01 -2.300000e+01  7.490374e+00
    endloop
  endfacet
  facet normal  0.000000e+00 -1.000000e+00  0.000000e+00
    outer loop
      vertex  3.000000e+01 -2.300000e+01  2.300000e+01
      vertex  3.798688e-01 -2.300000e+01  7.490374e+00
      vertex  1.829924e+01 -2.300000e+01  1.127629e+01
    endloop
  endfacet
  facet normal  0.000000e+00 -1.000000e+00  0.000000e+00
    outer loop
      vertex  3.000000e+01 -2.300000e+01  2.300000e+01
      vertex  1.829924e+01 -2.300000e+01  1.127629e+01
      vertex  1.911434e+01 -2.300000e+01  1.206503e+01
    endloop
  endfacet
  facet normal  0.000000e+00 -1.000000e+00  0.000000e+00
    outer loop
      vertex  3.000000e+01 -2.300000e+01  2.300000e+01
      vertex  1.911434e+01 -2.300000e+01  1.206503e+01
      vertex  1.998247e+01 -2.300000e+01  1.279498e+01
    endloop
  endfacet
  facet normal  0.000000e+00 -1.000000e+00  0.000000e+00
    outer loop
      vertex  3.000000e+01 -2.300000e+01  2.300000e+01
      vertex  1.998247e+01 -2.300000e+01  1.279498e+01
      vertex  2.089941e+01 -2.300000e+01  1.346260e+01
    endloop
  endfacet
  facet normal  0.000000e+00 -1.000000e+00  0.000000e+00
    outer loop
      vertex  3.000000e+01 -2.300000e+01  2.300000e+01
      vertex  2.089941e+01 -2.300000e+01  1.346260e+01
      vertex  2.186068e+01 -2.300000e+01  1.406464e+01
    endloop
  endfacet
  facet normal  0.000000e+00 -1.000000e+00  0.000000e+00
    outer loop
      vertex  3.000000e+01 -2.300000e+01  2.300000e+01
      vertex  2.186068e+01 -2.300000e+01  1.406464e+01
      vertex  2.286161e+01 -2.300000e+01  1.459814e+01
    endloop
  endfacet
  facet normal  0.000000e+00 -1.000000e+00  0.000000e+00
    outer loop
      vertex  3.000000e+01 -2.300000e+01  2.300000e+01
      vertex  2.286161e+01 -2.300000e+01  1.459814e+01
      vertex  2.389731e+01 -2.300000e+01  1.506053e+01
    endloop
  endfacet
  facet normal  0.000000e+00 -1.000000e+00  0.000000e+00
    outer loop
      vertex  3.000000e+01 -2.300000e+01  2.300000e+01
      vertex  2.389731e+01 -2.300000e+01  1.506053e+01
      vertex  2.496275e+01 -2.300000e+01  1.544955e+01
    endloop
  endfacet
  facet normal  0.000000e+00 -1.000000e+00  0.000000e+00
    outer loop
      vertex  3.000000e+01 -2.300000e+01  2.300000e+01
      vertex  2.496275e+01 -2.300000e+01  1.544955e+01
      vertex  2.605272e+01 -2.300000e+01  1.576330e+01
    endloop
  endfacet
  facet normal  0.000000e+00 -1.000000e+00  0.000000e+00
    outer loop
      vertex  3.000000e+01 -2.300000e+01  2.300000e+01
      vertex  2.605272e+01 -2.300000e+01  1.576330e+01
      vertex  2.716193e+01 -2.300000e+01  1.600025e+01
    endloop
  endfacet
  facet normal  0.000000e+00 -1.000000e+00  0.000000e+00
    outer loop
      vertex  3.000000e+01 -2.300000e+01  2.300000e+01
      vertex  2.716193e+01 -2.300000e+01  1.600025e+01
      vertex  2.828496e+01 -2.300000e+01  1.615924e+01
    endloop
  endfacet
  facet normal  0.000000e+00 -1.000000e+00  0.000000e+00
    outer loop
      vertex  3.000000e+01 -2.300000e+01  2.300000e+01
      vertex  2.828496e+01 -2.300000e+01  1.615924e+01
      vertex  2.941635e+01 -2.300000e+01  1.623952e+01
    endloop
  endfacet
  facet normal  0.000000e+00 -1.000000e+00  0.000000e+00
    outer loop
      vertex  3.000000e+01 -2.300000e+01  2.300000e+01
      vertex  2.941635e+01 -2.300000e+01  1.623952e+01
      vertex  3.055059e+01 -2.300000e+01  1.624067e+01
    endloop
  endfacet
  facet normal  0.000000e+00 -1.000000e+00  0.000000e+00
    outer loop
      vertex  3.000000e+01 -2.300000e+01  2.300000e+01
      vertex  3.055059e+01 -2.300000e+01  1.624067e+01
      vertex  3.129098e+01 -2.300000e+01  2.296374e+01
    endloop
  endfacet
  facet normal  0.000000e+00 -1.000000e+00  -0.000000e+00
    outer loop
      vertex -3.000000e+01 -2.300000e+01  2.300000e+01
      vertex -5.150000e+01 -2.300000e+01  2.300000e+01
      vertex -6.150000e+01 -2.300000e+01  1.300000e+01
    endloop
  endfacet
  facet normal  0.000000e+00 -1.000000e+00  0.000000e+00
    outer loop
      vertex -3.000000e+01 -2.300000e+01  2.300000e+01
      vertex -6.150000e+01 -2.300000e+01  1.300000e+01
      vertex -4.300000e+01 -2.300000e+01  3.500000e+00
    endloop
  endfacet
  facet normal  0.000000e+00 -1.000000e+00  0.000000e+00
    outer loop
      vertex -3.000000e+01 -2.300000e+01  2.300000e+01
      vertex -4.300000e+01 -2.300000e+01  3.500000e+00
      vertex -3.256568e+01 -2.300000e+01  1.538060e+01
    endloop
  endfacet
  facet normal  0.000000e+00 -1.000000e+00  0.000000e+00
    outer loop
      vertex -3.000000e+01 -2.300000e+01  2.300000e+01
      vertex -3.256568e+01 -2.300000e+01  1.538060e+01
      vertex -3.218221e+01 -2.300000e+01  1.573641e+01
    endloop
  endfacet
  facet normal  0.000000e+00 -1.000000e+00  0.000000e+00
    outer loop
      vertex -3.000000e+01 -2.300000e+01  2.300000e+01
      vertex -3.218221e+01 -2.300000e+01  1.573641e+01
      vertex -3.175000e+01 -2.300000e+01  1.603109e+01
    endloop
  endfacet
  facet normal  0.000000e+00 -1.000000e+00  0.000000e+00
    outer loop
      vertex -3.000000e+01 -2.300000e+01  2.300000e+01
      vertex -3.175000e+01 -2.300000e+01  1.603109e+01
      vertex -3.127869e+01 -2.300000e+01  1.625806e+01
    endloop
  endfacet
  facet normal  0.000000e+00 -9.999999e-01  0.000000e+00
    outer loop
      vertex -3.000000e+01 -2.300000e+01  2.300000e+01
      vertex -3.127869e+01 -2.300000e+01  1.625806e+01
      vertex -3.077882e+01 -2.300000e+01  1.641225e+01
    endloop
  endfacet
  facet normal  0.000000e+00 -1.000000e+00  0.000000e+00
    outer loop
      vertex -3.000000e+01 -2.300000e+01  2.300000e+01
      vertex -3.077882e+01 -2.300000e+01  1.641225e+01
      vertex -3.026155e+01 -2.300000e+01  1.649021e+01
    endloop
  endfacet
  facet normal  0.000000e+00 -1.000000e+00  0.000000e+00
    outer loop
      vertex -3.000000e+01 -2.300000e+01  2.300000e+01
      vertex -3.026155e+01 -2.300000e+01  1.649021e+01
      vertex -2.973845e+01 -2.300000e+01  1.649021e+01
    endloop
  endfacet
  facet normal  0.000000e+00 -9.999999e-01  0.000000e+00
    outer loop
      vertex -3.000000e+01 -2.300000e+01  2.300000e+01
      vertex -2.973845e+01 -2.300000e+01  1.649021e+01
      vertex -2.922118e+01 -2.300000e+01  1.641225e+01
    endloop
  endfacet
  facet normal  0.000000e+00 -9.999999e-01  0.000000e+00
    outer loop
      vertex -3.000000e+01 -2.300000e+01  2.300000e+01
      vertex -2.922118e+01 -2.300000e+01  1.641225e+01
      vertex -2.872131e+01 -2.300000e+01  1.625806e+01
    endloop
  endfacet
  facet normal  0.000000e+00 -1.000000e+00  0.000000e+00
    outer loop
      vertex -3.000000e+01 -2.300000e+01  2.300000e+01
      vertex -2.872131e+01 -2.300000e+01  1.625806e+01
      vertex -2.825000e+01 -2.300000e+01  1.603109e+01
    endloop
  endfacet
  facet normal  0.000000e+00 -1.000000e+00  0.000000e+00
    outer loop
      vertex -3.000000e+01 -2.300000e+01  2.300000e+01
      vertex -2.825000e+01 -2.300000e+01  1.603109e+01
      vertex -2.781779e+01 -2.300000e+01  1.573641e+01
    endloop
  endfacet
  facet normal  0.000000e+00 -1.000000e+00  0.000000e+00
    outer loop
      vertex -3.000000e+01 -2.300000e+01  2.300000e+01
      vertex -2.781779e+01 -2.300000e+01  1.573641e+01
      vertex -2.743432e+01 -2.300000e+01  1.538060e+01
    endloop
  endfacet
  facet normal  0.000000e+00 -1.000000e+00  0.000000e+00
    outer loop
      vertex -3.000000e+01 -2.300000e+01  2.300000e+01
      vertex -2.743432e+01 -2.300000e+01  1.538060e+01
      vertex -1.700000e+01 -2.300000e+01  3.500000e+00
    endloop
  endfacet
  facet normal  -0.000000e+00 -1.000000e+00  0.000000e+00
    outer loop
      vertex -6.150000e+01 -2.300000e+01  1.300000e+01
      vertex -5.150000e+01 -2.300000e+01  2.300000e+01
      vertex -6.150000e+01 -2.300000e+01  2.300000e+01
    endloop
  endfacet
  facet normal  -0.000000e+00 -1.000000e+00  -0.000000e+00
    outer loop
      vertex -6.150000e+01 -2.300000e+01  1.300000e+01
      vertex -6.150000e+01 -2.300000e+01  2.300000e+01
      vertex -8.150000e+01 -2.300000e+01  2.300000e+01
    endloop
  endfacet
  facet normal  0.000000e+00 -1.000000e+00  0.000000e+00
    outer loop
      vertex -6.150000e+01 -2.300000e+01  1.300000e+01
      vertex -8.150000e+01 -2.300000e+01  2.300000e+01
      vertex -8.150000e+01 -2.300000e+01  1.300000e+01
    endloop
  endfacet
  facet normal  0.000000e+00 -1.000000e+00  0.000000e+00
    outer loop
      vertex -3.000000e+01 -2.300000e+01 -2.300000e+01
      vertex  3.000000e+01 -2.300000e+01 -2.300000e+01
      vertex -2.973845e+01 -2.300000e+01 -1.649021e+01
    endloop
  endfacet
  facet normal  -0.000000e+00 -1.000000e+00  0.000000e+00
    outer loop
      vertex -3.000000e+01 -2.300000e+01 -2.300000e+01
      vertex -2.973845e+01 -2.300000e+01 -1.649021e+01
      vertex -3.026155e+01 -2.300000e+01 -1.649021e+01
    endloop
  endfacet
  facet normal  -0.000000e+00 -9.999999e-01  -0.000000e+00
    outer loop
      vertex -3.000000e+01 -2.300000e+01 -2.300000e+01
      vertex -3.026155e+01 -2.300000e+01 -1.649021e+01
      vertex -3.077882e+01 -2.300000e+01 -1.641225e+01
    endloop
  endfacet
  facet normal  -0.000000e+00 -9.999999e-01  -0.000000e+00
    outer loop
      vertex -3.000000e+01 -2.300000e+01 -2.300000e+01
      vertex -3.077882e+01 -2.300000e+01 -1.641225e+01
      vertex -3.127869e+01 -2.300000e+01 -1.625806e+01
    endloop
  endfacet
  facet normal  -0.000000e+00 -1.000000e+00  -0.000000e+00
    outer loop
      vertex -3.000000e+01 -2.300000e+01 -2.300000e+01
      vertex -3.127869e+01 -2.300000e+01 -1.625806e+01
      vertex -3.175000e+01 -2.300000e+01 -1.603109e+01
    endloop
  endfacet
  facet normal  -0.000000e+00 -1.000000e+00  -0.000000e+00
    outer loop
      vertex -3.000000e+01 -2.300000e+01 -2.300000e+01
      vertex -3.175000e+01 -2.300000e+01 -1.603109e+01
      vertex -3.218221e+01 -2.300000e+01 -1.573641e+01
    endloop
  endfacet
  facet normal  -0.000000e+00 -1.000000e+00  -0.000000e+00
    outer loop
      vertex -3.000000e+01 -2.300000e+01 -2.300000e+01
      vertex -3.218221e+01 -2.300000e+01 -1.573641e+01
      vertex -3.256568e+01 -2.300000e+01 -1.538060e+01
    endloop
  endfacet
  facet normal  -0.000000e+00 -1.000000e+00  -0.000000e+00
    outer loop
      vertex -3.000000e+01 -2.300000e+01 -2.300000e+01
      vertex -3.256568e+01 -2.300000e+01 -1.538060e+01
      vertex -3.289183e+01 -2.300000e+01 -1.497162e+01
    endloop
  endfacet
  facet normal  -0.000000e+00 -1.000000e+00  -0.000000e+00
    outer loop
      vertex -3.000000e+01 -2.300000e+01 -2.300000e+01
      vertex -3.289183e+01 -2.300000e+01 -1.497162e+01
      vertex -3.315339e+01 -2.300000e+01 -1.451859e+01
    endloop
  endfacet
  facet normal  -0.000000e+00 -1.000000e+00  0.000000e+00
    outer loop
      vertex -3.218221e+01 -2.300000e+01 -1.026359e+01
      vertex -3.175000e+01 -2.300000e+01 -9.968911e+00
      vertex -3.000000e+01 -2.300000e+01 -5.250000e+00
    endloop
  endfacet
  facet normal  -0.000000e+00 -1.000000e+00  0.000000e+00
    outer loop
      vertex -3.218221e+01 -2.300000e+01 -1.026359e+01
      vertex -3.000000e+01 -2.300000e+01 -5.250000e+00
      vertex -3.063282e+01 -2.300000e+01 -5.211721e+00
    endloop
  endfacet
  facet normal  -0.000000e+00 -9.999999e-01  0.000000e+00
    outer loop
      vertex -3.218221e+01 -2.300000e+01 -1.026359e+01
      vertex -3.063282e+01 -2.300000e+01 -5.211721e+00
      vertex -3.125641e+01 -2.300000e+01 -5.097445e+00
    endloop
  endfacet
  facet normal  -0.000000e+00 -9.999999e-01  0.000000e+00
    outer loop
      vertex -3.218221e+01 -2.300000e+01 -1.026359e+01
      vertex -3.125641e+01 -2.300000e+01 -5.097445e+00
      vertex -3.186168e+01 -2.300000e+01 -4.908835e+00
    endloop
  endfacet
  facet normal  -0.000000e+00 -1.000000e+00  0.000000e+00
    outer loop
      vertex -3.218221e+01 -2.300000e+01 -1.026359e+01
      vertex -3.186168e+01 -2.300000e+01 -4.908835e+00
      vertex -3.243980e+01 -2.300000e+01 -4.648644e+00
    endloop
  endfacet
  facet normal  0.000000e+00 -1.000000e+00  -0.000000e+00
    outer loop
      vertex -3.218221e+01 -2.300000e+01 -1.026359e+01
      vertex -3.243980e+01 -2.300000e+01 -4.648644e+00
      vertex -3.256568e+01 -2.300000e+01 -1.061940e+01
    endloop
  endfacet
  facet normal  0.000000e+00 -1.000000e+00  0.000000e+00
    outer loop
      vertex -4.233678e+01 -2.300000e+01 -1.941144e+01
      vertex -3.000000e+01 -2.300000e+01 -2.300000e+01
      vertex -3.315339e+01 -2.300000e+01 -1.451859e+01
    endloop
  endfacet
  facet normal  -0.000000e+00 -1.000000e+00  0.000000e+00
    outer loop
      vertex -4.233678e+01 -2.300000e+01 -1.941144e+01
      vertex -3.315339e+01 -2.300000e+01 -1.451859e+01
      vertex -3.334451e+01 -2.300000e+01 -1.403164e+01
    endloop
  endfacet
  facet normal  -0.000000e+00 -1.000000e+00  0.000000e+00
    outer loop
      vertex -4.233678e+01 -2.300000e+01 -1.941144e+01
      vertex -3.334451e+01 -2.300000e+01 -1.403164e+01
      vertex -3.346091e+01 -2.300000e+01 -1.352165e+01
    endloop
  endfacet
  facet normal  -0.000000e+00 -1.000000e+00  0.000000e+00
    outer loop
      vertex -4.233678e+01 -2.300000e+01 -1.941144e+01
      vertex -3.346091e+01 -2.300000e+01 -1.352165e+01
      vertex -3.350000e+01 -2.300000e+01 -1.300000e+01
    endloop
  endfacet
  facet normal  -0.000000e+00 -1.000000e+00  0.000000e+00
    outer loop
      vertex -4.233678e+01 -2.300000e+01 -1.941144e+01
      vertex -3.350000e+01 -2.300000e+01 -1.300000e+01
      vertex -3.392968e+01 -2.300000e+01 -3.481394e+00
    endloop
  endfacet
  facet normal  0.000000e+00 -1.000000e+00  0.000000e+00
    outer loop
      vertex -4.233678e+01 -2.300000e+01 -1.941144e+01
      vertex -3.392968e+01 -2.300000e+01 -3.481394e+00
      vertex -4.300000e+01 -2.300000e+01 -3.500000e+00
    endloop
  endfacet
  facet normal  0.000000e+00 -1.000000e+00  -0.000000e+00
    outer loop
      vertex -4.233678e+01 -2.300000e+01 -1.941144e+01
      vertex -4.300000e+01 -2.300000e+01 -3.500000e+00
      vertex -4.341539e+01 -2.300000e+01 -1.868227e+01
    endloop
  endfacet
  facet normal  0.000000e+00 -9.999999e-01  0.000000e+00
    outer loop
      vertex -4.300000e+01 -2.300000e+01 -3.500000e+00
      vertex -5.082388e+01 -2.300000e+01 -9.765554e+00
      vertex -5.023794e+01 -2.300000e+01 -1.092821e+01
    endloop
  endfacet
  facet normal  0.000000e+00 -1.000000e+00  0.000000e+00
    outer loop
      vertex -4.300000e+01 -2.300000e+01 -3.500000e+00
      vertex -5.023794e+01 -2.300000e+01 -1.092821e+01
      vertex -4.958715e+01 -2.300000e+01 -1.205585e+01
    endloop
  endfacet
  facet normal  0.000000e+00 -1.000000e+00  0.000000e+00
    outer loop
      vertex -4.300000e+01 -2.300000e+01 -3.500000e+00
      vertex -4.958715e+01 -2.300000e+01 -1.205585e+01
      vertex -4.887360e+01 -2.300000e+01 -1.314486e+01
    endloop
  endfacet
  facet normal  0.000000e+00 -1.000000e+00  0.000000e+00
    outer loop
      vertex -4.300000e+01 -2.300000e+01 -3.500000e+00
      vertex -4.887360e+01 -2.300000e+01 -1.314486e+01
      vertex -4.809957e+01 -2.300000e+01 -1.419174e+01
    endloop
  endfacet
  facet normal  0.000000e+00 -1.000000e+00  0.000000e+00
    outer loop
      vertex -4.300000e+01 -2.300000e+01 -3.500000e+00
      vertex -4.809957e+01 -2.300000e+01 -1.419174e+01
      vertex -4.726754e+01 -2.300000e+01 -1.519315e+01
    endloop
  endfacet
  facet normal  0.000000e+00 -1.000000e+00  0.000000e+00
    outer loop
      vertex -4.300000e+01 -2.300000e+01 -3.500000e+00
      vertex -4.726754e+01 -2.300000e+01 -1.519315e+01
      vertex -4.638019e+01 -2.300000e+01 -1.614588e+01
    endloop
  endfacet
  facet normal  0.000000e+00 -1.000000e+00  0.000000e+00
    outer loop
      vertex -4.300000e+01 -2.300000e+01 -3.500000e+00
      vertex -4.638019e+01 -2.300000e+01 -1.614588e+01
      vertex -4.544034e+01 -2.300000e+01 -1.704687e+01
    endloop
  endfacet
  facet normal  0.000000e+00 -1.000000e+00  0.000000e+00
    outer loop
      vertex -4.300000e+01 -2.300000e+01 -3.500000e+00
      vertex -4.544034e+01 -2.300000e+01 -1.704687e+01
      vertex -4.445102e+01 -2.300000e+01 -1.789324e+01
    endloop
  endfacet
  facet normal  0.000000e+00 -1.000000e+00  0.000000e+00
    outer loop
      vertex -4.300000e+01 -2.300000e+01 -3.500000e+00
      vertex -4.445102e+01 -2.300000e+01 -1.789324e+01
      vertex -4.341539e+01 -2.300000e+01 -1.868227e+01
    endloop
  endfacet
  facet normal  0.000000e+00 -1.000000e+00  0.000000e+00
    outer loop
      vertex  3.000000e+01 -2.300000e+01 -2.300000e+01
      vertex  8.750000e+01 -2.300000e+01 -2.300000e+01
      vertex  3.058365e+01 -2.300000e+01 -1.623952e+01
    endloop
  endfacet
  facet normal  0.000000e+00 -1.000000e+00  0.000000e+00
    outer loop
      vertex  3.000000e+01 -2.300000e+01 -2.300000e+01
      vertex  3.058365e+01 -2.300000e+01 -1.623952e+01
      vertex  2.944941e+01 -2.300000e+01 -1.624067e+01
    endloop
  endfacet
  facet normal  -0.000000e+00 -1.000000e+00  -0.000000e+00
    outer loop
      vertex  3.000000e+01 -2.300000e+01 -2.300000e+01
      vertex  2.944941e+01 -2.300000e+01 -1.624067e+01
      vertex  2.831786e+01 -2.300000e+01 -1.616270e+01
    endloop
  endfacet
  facet normal  -0.000000e+00 -9.999999e-01  -0.000000e+00
    outer loop
      vertex  3.000000e+01 -2.300000e+01 -2.300000e+01
      vertex  2.831786e+01 -2.300000e+01 -1.616270e+01
      vertex  2.719451e+01 -2.300000e+01 -1.600599e+01
    endloop
  endfacet
  facet normal  -0.000000e+00 -1.000000e+00  -0.000000e+00
    outer loop
      vertex  3.000000e+01 -2.300000e+01 -2.300000e+01
      vertex  2.719451e+01 -2.300000e+01 -1.600599e+01
      vertex  2.608482e+01 -2.300000e+01 -1.577130e+01
    endloop
  endfacet
  facet normal  -0.000000e+00 -1.000000e+00  -0.000000e+00
    outer loop
      vertex  3.000000e+01 -2.300000e+01 -2.300000e+01
      vertex  2.608482e+01 -2.300000e+01 -1.577130e+01
      vertex  2.499421e+01 -2.300000e+01 -1.545977e+01
    endloop
  endfacet
  facet normal  -0.000000e+00 -9.999999e-01  -0.000000e+00
    outer loop
      vertex  3.000000e+01 -2.300000e+01 -2.300000e+01
      vertex  2.499421e+01 -2.300000e+01 -1.545977e+01
      vertex  2.392798e+01 -2.300000e+01 -1.507293e+01
    endloop
  endfacet
  facet normal  -0.000000e+00 -1.000000e+00  -0.000000e+00
    outer loop
      vertex  3.000000e+01 -2.300000e+01 -2.300000e+01
      vertex  2.392798e+01 -2.300000e+01 -1.507293e+01
      vertex  2.289134e+01 -2.300000e+01 -1.461265e+01
    endloop
  endfacet
  facet normal  -0.000000e+00 -9.999999e-01  -0.000000e+00
    outer loop
      vertex  3.000000e+01 -2.300000e+01 -2.300000e+01
      vertex  2.289134e+01 -2.300000e+01 -1.461265e+01
      vertex  2.188933e+01 -2.300000e+01 -1.408118e+01
    endloop
  endfacet
  facet normal  -0.000000e+00 -9.999999e-01  -0.000000e+00
    outer loop
      vertex  3.000000e+01 -2.300000e+01 -2.300000e+01
      vertex  2.188933e+01 -2.300000e+01 -1.408118e+01
      vertex  2.092683e+01 -2.300000e+01 -1.348110e+01
    endloop
  endfacet
  facet normal  -0.000000e+00 -1.000000e+00  -0.000000e+00
    outer loop
      vertex  3.000000e+01 -2.300000e+01 -2.300000e+01
      vertex  2.092683e+01 -2.300000e+01 -1.348110e+01
      vertex  2.000854e+01 -2.300000e+01 -1.281535e+01
    endloop
  endfacet
  facet normal  -0.000000e+00 -9.999999e-01  -0.000000e+00
    outer loop
      vertex  3.000000e+01 -2.300000e+01 -2.300000e+01
      vertex  2.000854e+01 -2.300000e+01 -1.281535e+01
      vertex  1.913893e+01 -2.300000e+01 -1.208716e+01
    endloop
  endfacet
  facet normal  -0.000000e+00 -1.000000e+00  -0.000000e+00
    outer loop
      vertex  3.000000e+01 -2.300000e+01 -2.300000e+01
      vertex  1.913893e+01 -2.300000e+01 -1.208716e+01
      vertex  1.832222e+01 -2.300000e+01 -1.130009e+01
    endloop
  endfacet
  facet normal  -0.000000e+00 -1.000000e+00  -0.000000e+00
    outer loop
      vertex  3.000000e+01 -2.300000e+01 -2.300000e+01
      vertex  1.832222e+01 -2.300000e+01 -1.130009e+01
      vertex  3.798688e-01 -2.300000e+01 -7.490374e+00
    endloop
  endfacet
  facet normal  -0.000000e+00 -9.999999e-01  -0.000000e+00
    outer loop
      vertex  3.000000e+01 -2.300000e+01 -2.300000e+01
      vertex  3.798688e-01 -2.300000e+01 -7.490374e+00
      vertex -3.798688e-01 -2.300000e+01 -7.490374e+00
    endloop
  endfacet
  facet normal  -0.000000e+00 -1.000000e+00  -0.000000e+00
    outer loop
      vertex  3.000000e+01 -2.300000e+01 -2.300000e+01
      vertex -3.798688e-01 -2.300000e+01 -7.490374e+00
      vertex -1.135708e+00 -2.300000e+01 -7.413512e+00
    endloop
  endfacet
  facet normal  -0.000000e+00 -1.000000e+00  -0.000000e+00
    outer loop
      vertex  3.000000e+01 -2.300000e+01 -2.300000e+01
      vertex -1.135708e+00 -2.300000e+01 -7.413512e+00
      vertex -1.879894e+00 -2.300000e+01 -7.260578e+00
    endloop
  endfacet
  facet normal  -0.000000e+00 -1.000000e+00  -0.000000e+00
    outer loop
      vertex  3.000000e+01 -2.300000e+01 -2.300000e+01
      vertex -1.879894e+00 -2.300000e+01 -7.260578e+00
      vertex -2.604789e+00 -2.300000e+01 -7.033141e+00
    endloop
  endfacet
  facet normal  -0.000000e+00 -1.000000e+00  -0.000000e+00
    outer loop
      vertex  3.000000e+01 -2.300000e+01 -2.300000e+01
      vertex -2.604789e+00 -2.300000e+01 -7.033141e+00
      vertex -3.302956e+00 -2.300000e+01 -6.733534e+00
    endloop
  endfacet
  facet normal  -0.000000e+00 -1.000000e+00  -0.000000e+00
    outer loop
      vertex  3.000000e+01 -2.300000e+01 -2.300000e+01
      vertex -3.302956e+00 -2.300000e+01 -6.733534e+00
      vertex -1.700000e+01 -2.300000e+01 -3.500000e+00
    endloop
  endfacet
  facet normal  -0.000000e+00 -1.000000e+00  -0.000000e+00
    outer loop
      vertex  3.000000e+01 -2.300000e+01 -2.300000e+01
      vertex -1.700000e+01 -2.300000e+01 -3.500000e+00
      vertex -2.607032e+01 -2.300000e+01 -3.481394e+00
    endloop
  endfacet
  facet normal  0.000000e+00 -1.000000e+00  -0.000000e+00
    outer loop
      vertex  3.000000e+01 -2.300000e+01 -2.300000e+01
      vertex -2.607032e+01 -2.300000e+01 -3.481394e+00
      vertex -2.650000e+01 -2.300000e+01 -1.300000e+01
    endloop
  endfacet
  facet normal  0.000000e+00 -1.000000e+00  -0.000000e+00
    outer loop
      vertex  3.000000e+01 -2.300000e+01 -2.300000e+01
      vertex -2.650000e+01 -2.300000e+01 -1.300000e+01
      vertex -2.653909e+01 -2.300000e+01 -1.352165e+01
    endloop
  endfacet
  facet normal  0.000000e+00 -1.000000e+00  -0.000000e+00
    outer loop
      vertex  3.000000e+01 -2.300000e+01 -2.300000e+01
      vertex -2.653909e+01 -2.300000e+01 -1.352165e+01
      vertex -2.665549e+01 -2.300000e+01 -1.403164e+01
    endloop
  endfacet
  facet normal  0.000000e+00 -1.000000e+00  -0.000000e+00
    outer loop
      vertex  3.000000e+01 -2.300000e+01 -2.300000e+01
      vertex -2.665549e+01 -2.300000e+01 -1.403164e+01
      vertex -2.684661e+01 -2.300000e+01 -1.451859e+01
    endloop
  endfacet
  facet normal  0.000000e+00 -1.000000e+00  -0.000000e+00
    outer loop
      vertex  3.000000e+01 -2.300000e+01 -2.300000e+01
      vertex -2.684661e+01 -2.300000e+01 -1.451859e+01
      vertex -2.710816e+01 -2.300000e+01 -1.497162e+01
    endloop
  endfacet
  facet normal  0.000000e+00 -1.000000e+00  -0.000000e+00
    outer loop
      vertex  3.000000e+01 -2.300000e+01 -2.300000e+01
      vertex -2.710816e+01 -2.300000e+01 -1.497162e+01
      vertex -2.743432e+01 -2.300000e+01 -1.538060e+01
    endloop
  endfacet
  facet normal  0.000000e+00 -1.000000e+00  -0.000000e+00
    outer loop
      vertex  3.000000e+01 -2.300000e+01 -2.300000e+01
      vertex -2.743432e+01 -2.300000e+01 -1.538060e+01
      vertex -2.781779e+01 -2.300000e+01 -1.573641e+01
    endloop
  endfacet
  facet normal  0.000000e+00 -1.000000e+00  -0.000000e+00
    outer loop
      vertex  3.000000e+01 -2.300000e+01 -2.300000e+01
      vertex -2.781779e+01 -2.300000e+01 -1.573641e+01
      vertex -2.825000e+01 -2.300000e+01 -1.603109e+01
    endloop
  endfacet
  facet normal  0.000000e+00 -1.000000e+00  -0.000000e+00
    outer loop
      vertex  3.000000e+01 -2.300000e+01 -2.300000e+01
      vertex -2.825000e+01 -2.300000e+01 -1.603109e+01
      vertex -2.872131e+01 -2.300000e+01 -1.625806e+01
    endloop
  endfacet
  facet normal  0.000000e+00 -1.000000e+00  -0.000000e+00
    outer loop
      vertex  3.000000e+01 -2.300000e+01 -2.300000e+01
      vertex -2.872131e+01 -2.300000e+01 -1.625806e+01
      vertex -2.922118e+01 -2.300000e+01 -1.641225e+01
    endloop
  endfacet
  facet normal  0.000000e+00 -1.000000e+00  -0.000000e+00
    outer loop
      vertex  3.000000e+01 -2.300000e+01 -2.300000e+01
      vertex -2.922118e+01 -2.300000e+01 -1.641225e+01
      vertex -2.973845e+01 -2.300000e+01 -1.649021e+01
    endloop
  endfacet
  facet normal  0.000000e+00 -1.000000e+00  0.000000e+00
    outer loop
      vertex -2.743432e+01 -2.300000e+01 -1.061940e+01
      vertex -2.710816e+01 -2.300000e+01 -1.102838e+01
      vertex -2.701766e+01 -2.300000e+01 -4.320665e+00
    endloop
  endfacet
  facet normal  0.000000e+00 -1.000000e+00  0.000000e+00
    outer loop
      vertex -2.743432e+01 -2.300000e+01 -1.061940e+01
      vertex -2.701766e+01 -2.300000e+01 -4.320665e+00
      vertex -2.756020e+01 -2.300000e+01 -4.648644e+00
    endloop
  endfacet
  facet normal  0.000000e+00 -1.000000e+00  -0.000000e+00
    outer loop
      vertex -2.743432e+01 -2.300000e+01 -1.061940e+01
      vertex -2.756020e+01 -2.300000e+01 -4.648644e+00
      vertex -2.813832e+01 -2.300000e+01 -4.908835e+00
    endloop
  endfacet
  facet normal  0.000000e+00 -1.000000e+00  -0.000000e+00
    outer loop
      vertex -2.743432e+01 -2.300000e+01 -1.061940e+01
      vertex -2.813832e+01 -2.300000e+01 -4.908835e+00
      vertex -2.874359e+01 -2.300000e+01 -5.097445e+00
    endloop
  endfacet
  facet normal  0.000000e+00 -1.000000e+00  -0.000000e+00
    outer loop
      vertex -2.743432e+01 -2.300000e+01 -1.061940e+01
      vertex -2.874359e+01 -2.300000e+01 -5.097445e+00
      vertex -2.936718e+01 -2.300000e+01 -5.211721e+00
    endloop
  endfacet
  facet normal  0.000000e+00 -1.000000e+00  -0.000000e+00
    outer loop
      vertex -2.743432e+01 -2.300000e+01 -1.061940e+01
      vertex -2.936718e+01 -2.300000e+01 -5.211721e+00
      vertex -3.000000e+01 -2.300000e+01 -5.250000e+00
    endloop
  endfacet
  facet normal  0.000000e+00 -1.000000e+00  0.000000e+00
    outer loop
      vertex -2.743432e+01 -2.300000e+01 -1.061940e+01
      vertex -3.000000e+01 -2.300000e+01 -5.250000e+00
      vertex -2.781779e+01 -2.300000e+01 -1.026359e+01
    endloop
  endfacet
  facet normal  -0.000000e+00 -1.000000e+00  0.000000e+00
    outer loop
      vertex  3.055059e+01 -2.300000e+01  1.624067e+01
      vertex  4.627692e+01 -2.300000e+01  1.624998e+01
      vertex  4.533916e+01 -2.300000e+01  1.713798e+01
    endloop
  endfacet
  facet normal  -0.000000e+00 -1.000000e+00  0.000000e+00
    outer loop
      vertex  3.055059e+01 -2.300000e+01  1.624067e+01
      vertex  4.533916e+01 -2.300000e+01  1.713798e+01
      vertex  4.435303e+01 -2.300000e+01  1.797194e+01
    endloop
  endfacet
  facet normal  -0.000000e+00 -1.000000e+00  0.000000e+00
    outer loop
      vertex  3.055059e+01 -2.300000e+01  1.624067e+01
      vertex  4.435303e+01 -2.300000e+01  1.797194e+01
      vertex  4.332165e+01 -2.300000e+01  1.874923e+01
    endloop
  endfacet
  facet normal  -0.000000e+00 -9.999999e-01  0.000000e+00
    outer loop
      vertex  3.055059e+01 -2.300000e+01  1.624067e+01
      vertex  4.332165e+01 -2.300000e+01  1.874923e+01
      vertex  4.224826e+01 -2.300000e+01  1.946741e+01
    endloop
  endfacet
  facet normal  -0.000000e+00 -1.000000e+00  0.000000e+00
    outer loop
      vertex  3.055059e+01 -2.300000e+01  1.624067e+01
      vertex  4.224826e+01 -2.300000e+01  1.946741e+01
      vertex  4.113625e+01 -2.300000e+01  2.012421e+01
    endloop
  endfacet
  facet normal  -0.000000e+00 -1.000000e+00  0.000000e+00
    outer loop
      vertex  3.055059e+01 -2.300000e+01  1.624067e+01
      vertex  4.113625e+01 -2.300000e+01  2.012421e+01
      vertex  3.998914e+01 -2.300000e+01  2.071756e+01
    endloop
  endfacet
  facet normal  -0.000000e+00 -1.000000e+00  0.000000e+00
    outer loop
      vertex  3.055059e+01 -2.300000e+01  1.624067e+01
      vertex  3.998914e+01 -2.300000e+01  2.071756e+01
      vertex  3.881052e+01 -2.300000e+01  2.124558e+01
    endloop
  endfacet
  facet normal  -0.000000e+00 -1.000000e+00  0.000000e+00
    outer loop
      vertex  3.055059e+01 -2.300000e+01  1.624067e+01
      vertex  3.881052e+01 -2.300000e+01  2.124558e+01
      vertex  3.760413e+01 -2.300000e+01  2.170662e+01
    endloop
  endfacet
  facet normal  -0.000000e+00 -1.000000e+00  0.000000e+00
    outer loop
      vertex  3.055059e+01 -2.300000e+01  1.624067e+01
      vertex  3.760413e+01 -2.300000e+01  2.170662e+01
      vertex  3.637376e+01 -2.300000e+01  2.209921e+01
    endloop
  endfacet
  facet normal  -0.000000e+00 -1.000000e+00  0.000000e+00
    outer loop
      vertex  3.055059e+01 -2.300000e+01  1.624067e+01
      vertex  3.637376e+01 -2.300000e+01  2.209921e+01
      vertex  3.512329e+01 -2.300000e+01  2.242213e+01
    endloop
  endfacet
  facet normal  -0.000000e+00 -1.000000e+00  0.000000e+00
    outer loop
      vertex  3.055059e+01 -2.300000e+01  1.624067e+01
      vertex  3.512329e+01 -2.300000e+01  2.242213e+01
      vertex  3.385667e+01 -2.300000e+01  2.267435e+01
    endloop
  endfacet
  facet normal  -0.000000e+00 -1.000000e+00  0.000000e+00
    outer loop
      vertex  3.055059e+01 -2.300000e+01  1.624067e+01
      vertex  3.385667e+01 -2.300000e+01  2.267435e+01
      vertex  3.257789e+01 -2.300000e+01  2.285508e+01
    endloop
  endfacet
  facet normal  -0.000000e+00 -1.000000e+00  0.000000e+00
    outer loop
      vertex  3.055059e+01 -2.300000e+01  1.624067e+01
      vertex  3.257789e+01 -2.300000e+01  2.285508e+01
      vertex  3.129098e+01 -2.300000e+01  2.296374e+01
    endloop
  endfacet
  facet normal  0.000000e+00 -1.000000e+00  0.000000e+00
    outer loop
      vertex  5.950000e+01 -2.300000e+01  3.004975e+00
      vertex  3.710866e+01 -2.300000e+01  1.461265e+01
      vertex  3.811067e+01 -2.300000e+01  1.408118e+01
    endloop
  endfacet
  facet normal  0.000000e+00 -1.000000e+00  0.000000e+00
    outer loop
      vertex  5.950000e+01 -2.300000e+01  3.004975e+00
      vertex  3.811067e+01 -2.300000e+01  1.408118e+01
      vertex  3.907317e+01 -2.300000e+01  1.348110e+01
    endloop
  endfacet
  facet normal  0.000000e+00 -1.000000e+00  0.000000e+00
    outer loop
      vertex  5.950000e+01 -2.300000e+01  3.004975e+00
      vertex  3.907317e+01 -2.300000e+01  1.348110e+01
      vertex  3.999146e+01 -2.300000e+01  1.281535e+01
    endloop
  endfacet
  facet normal  0.000000e+00 -1.000000e+00  0.000000e+00
    outer loop
      vertex  5.950000e+01 -2.300000e+01  3.004975e+00
      vertex  3.999146e+01 -2.300000e+01  1.281535e+01
      vertex  4.086108e+01 -2.300000e+01  1.208716e+01
    endloop
  endfacet
  facet normal  0.000000e+00 -1.000000e+00  0.000000e+00
    outer loop
      vertex  5.950000e+01 -2.300000e+01  3.004975e+00
      vertex  4.086108e+01 -2.300000e+01  1.208716e+01
      vertex  4.167778e+01 -2.300000e+01  1.130009e+01
    endloop
  endfacet
  facet normal  0.000000e+00 -1.000000e+00  0.000000e+00
    outer loop
      vertex  5.950000e+01 -2.300000e+01  3.004975e+00
      vertex  4.167778e+01 -2.300000e+01  1.130009e+01
      vertex  4.243758e+01 -2.300000e+01  1.045796e+01
    endloop
  endfacet
  facet normal  0.000000e+00 -1.000000e+00  0.000000e+00
    outer loop
      vertex  5.950000e+01 -2.300000e+01  3.004975e+00
      vertex  4.243758e+01 -2.300000e+01  1.045796e+01
      vertex  4.313680e+01 -2.300000e+01  9.564887e+00
    endloop
  endfacet
  facet normal  0.000000e+00 -1.000000e+00  0.000000e+00
    outer loop
      vertex  5.950000e+01 -2.300000e+01  3.004975e+00
      vertex  4.313680e+01 -2.300000e+01  9.564887e+00
      vertex  4.377201e+01 -2.300000e+01  8.625211e+00
    endloop
  endfacet
  facet normal  0.000000e+00 -1.000000e+00  0.000000e+00
    outer loop
      vertex  5.950000e+01 -2.300000e+01  3.004975e+00
      vertex  4.377201e+01 -2.300000e+01  8.625211e+00
      vertex  4.434013e+01 -2.300000e+01  7.643513e+00
    endloop
  endfacet
  facet normal  0.000000e+00 -1.000000e+00  0.000000e+00
    outer loop
      vertex  5.950000e+01 -2.300000e+01  3.004975e+00
      vertex  4.434013e+01 -2.300000e+01  7.643513e+00
      vertex  4.483838e+01 -2.300000e+01  6.624578e+00
    endloop
  endfacet
  facet normal  0.000000e+00 -1.000000e+00  0.000000e+00
    outer loop
      vertex  5.950000e+01 -2.300000e+01  3.004975e+00
      vertex  4.483838e+01 -2.300000e+01  6.624578e+00
      vertex  4.526434e+01 -2.300000e+01  5.573368e+00
    endloop
  endfacet
  facet normal  0.000000e+00 -1.000000e+00  0.000000e+00
    outer loop
      vertex  5.950000e+01 -2.300000e+01  3.004975e+00
      vertex  4.526434e+01 -2.300000e+01  5.573368e+00
      vertex  4.561594e+01 -2.300000e+01  4.495005e+00
    endloop
  endfacet
  facet normal  0.000000e+00 -1.000000e+00  0.000000e+00
    outer loop
      vertex  5.950000e+01 -2.300000e+01  3.004975e+00
      vertex  4.561594e+01 -2.300000e+01  4.495005e+00
      vertex  4.589145e+01 -2.300000e+01  3.394742e+00
    endloop
  endfacet
  facet normal  0.000000e+00 -9.999999e-01  0.000000e+00
    outer loop
      vertex  5.950000e+01 -2.300000e+01  3.004975e+00
      vertex  4.589145e+01 -2.300000e+01  3.394742e+00
      vertex  4.608955e+01 -2.300000e+01  2.277941e+00
    endloop
  endfacet
  facet normal  0.000000e+00 -1.000000e+00  0.000000e+00
    outer loop
      vertex  5.950000e+01 -2.300000e+01  3.004975e+00
      vertex  4.608955e+01 -2.300000e+01  2.277941e+00
      vertex  5.950000e+01 -2.300000e+01 -1.300000e+01
    endloop
  endfacet
  facet normal  0.000000e+00 -9.999999e-01  0.000000e+00
    outer loop
      vertex  4.627692e+01 -2.300000e+01  1.624998e+01
      vertex  3.055059e+01 -2.300000e+01  1.624067e+01
      vertex  3.168214e+01 -2.300000e+01  1.616270e+01
    endloop
  endfacet
  facet normal  0.000000e+00 -1.000000e+00  0.000000e+00
    outer loop
      vertex  4.627692e+01 -2.300000e+01  1.624998e+01
      vertex  3.168214e+01 -2.300000e+01  1.616270e+01
      vertex  3.280549e+01 -2.300000e+01  1.600599e+01
    endloop
  endfacet
  facet normal  0.000000e+00 -9.999999e-01  0.000000e+00
    outer loop
      vertex  4.627692e+01 -2.300000e+01  1.624998e+01
      vertex  3.280549e+01 -2.300000e+01  1.600599e+01
      vertex  3.391518e+01 -2.300000e+01  1.577130e+01
    endloop
  endfacet
  facet normal  0.000000e+00 -9.999999e-01  0.000000e+00
    outer loop
      vertex  4.627692e+01 -2.300000e+01  1.624998e+01
      vertex  3.391518e+01 -2.300000e+01  1.577130e+01
      vertex  3.500579e+01 -2.300000e+01  1.545977e+01
    endloop
  endfacet
  facet normal  0.000000e+00 -1.000000e+00  0.000000e+00
    outer loop
      vertex  4.627692e+01 -2.300000e+01  1.624998e+01
      vertex  3.500579e+01 -2.300000e+01  1.545977e+01
      vertex  3.607202e+01 -2.300000e+01  1.507293e+01
    endloop
  endfacet
  facet normal  0.000000e+00 -1.000000e+00  0.000000e+00
    outer loop
      vertex  4.627692e+01 -2.300000e+01  1.624998e+01
      vertex  3.607202e+01 -2.300000e+01  1.507293e+01
      vertex  3.710866e+01 -2.300000e+01  1.461265e+01
    endloop
  endfacet
  facet normal  0.000000e+00 -1.000000e+00  0.000000e+00
    outer loop
      vertex  4.627692e+01 -2.300000e+01  1.624998e+01
      vertex  3.710866e+01 -2.300000e+01  1.461265e+01
      vertex  5.950000e+01 -2.300000e+01  3.004975e+00
    endloop
  endfacet
  facet normal  0.000000e+00 -1.000000e+00  0.000000e+00
    outer loop
      vertex  5.950000e+01 -2.300000e+01 -1.300000e+01
      vertex  4.608955e+01 -2.300000e+01  2.277941e+00
      vertex  4.620926e+01 -2.300000e+01  1.150042e+00
    endloop
  endfacet
  facet normal  0.000000e+00 -1.000000e+00  0.000000e+00
    outer loop
      vertex  5.950000e+01 -2.300000e+01 -1.300000e+01
      vertex  4.620926e+01 -2.300000e+01  1.150042e+00
      vertex  4.624999e+01 -2.300000e+01  1.654050e-02
    endloop
  endfacet
  facet normal  0.000000e+00 -1.000000e+00  -0.000000e+00
    outer loop
      vertex  5.950000e+01 -2.300000e+01 -1.300000e+01
      vertex  4.624999e+01 -2.300000e+01  1.654050e-02
      vertex  4.621156e+01 -2.300000e+01 -1.117042e+00
    endloop
  endfacet
  facet normal  0.000000e+00 -1.000000e+00  -0.000000e+00
    outer loop
      vertex  5.950000e+01 -2.300000e+01 -1.300000e+01
      vertex  4.621156e+01 -2.300000e+01 -1.117042e+00
      vertex  4.609415e+01 -2.300000e+01 -2.245182e+00
    endloop
  endfacet
  facet normal  0.000000e+00 -1.000000e+00  -0.000000e+00
    outer loop
      vertex  5.950000e+01 -2.300000e+01 -1.300000e+01
      vertex  4.609415e+01 -2.300000e+01 -2.245182e+00
      vertex  4.589833e+01 -2.300000e+01 -3.362384e+00
    endloop
  endfacet
  facet normal  0.000000e+00 -9.999999e-01  -0.000000e+00
    outer loop
      vertex  5.950000e+01 -2.300000e+01 -1.300000e+01
      vertex  4.589833e+01 -2.300000e+01 -3.362384e+00
      vertex  4.562505e+01 -2.300000e+01 -4.463205e+00
    endloop
  endfacet
  facet normal  0.000000e+00 -1.000000e+00  -0.000000e+00
    outer loop
      vertex  5.950000e+01 -2.300000e+01 -1.300000e+01
      vertex  4.562505e+01 -2.300000e+01 -4.463205e+00
      vertex  4.527565e+01 -2.300000e+01 -5.542282e+00
    endloop
  endfacet
  facet normal  0.000000e+00 -1.000000e+00  -0.000000e+00
    outer loop
      vertex  5.950000e+01 -2.300000e+01 -1.300000e+01
      vertex  4.527565e+01 -2.300000e+01 -5.542282e+00
      vertex  4.485183e+01 -2.300000e+01 -6.594357e+00
    endloop
  endfacet
  facet normal  0.000000e+00 -1.000000e+00  -0.000000e+00
    outer loop
      vertex  5.950000e+01 -2.300000e+01 -1.300000e+01
      vertex  4.485183e+01 -2.300000e+01 -6.594357e+00
      vertex  4.435566e+01 -2.300000e+01 -7.614305e+00
    endloop
  endfacet
  facet normal  0.000000e+00 -1.000000e+00  -0.000000e+00
    outer loop
      vertex  5.950000e+01 -2.300000e+01 -1.300000e+01
      vertex  4.435566e+01 -2.300000e+01 -7.614305e+00
      vertex  4.378954e+01 -2.300000e+01 -8.597157e+00
    endloop
  endfacet
  facet normal  0.000000e+00 -1.000000e+00  -0.000000e+00
    outer loop
      vertex  5.950000e+01 -2.300000e+01 -1.300000e+01
      vertex  4.378954e+01 -2.300000e+01 -8.597157e+00
      vertex  4.315624e+01 -2.300000e+01 -9.538124e+00
    endloop
  endfacet
  facet normal  0.000000e+00 -1.000000e+00  -0.000000e+00
    outer loop
      vertex  5.950000e+01 -2.300000e+01 -1.300000e+01
      vertex  4.315624e+01 -2.300000e+01 -9.538124e+00
      vertex  4.245885e+01 -2.300000e+01 -1.043262e+01
    endloop
  endfacet
  facet normal  0.000000e+00 -1.000000e+00  -0.000000e+00
    outer loop
      vertex  5.950000e+01 -2.300000e+01 -1.300000e+01
      vertex  4.245885e+01 -2.300000e+01 -1.043262e+01
      vertex  4.170076e+01 -2.300000e+01 -1.127629e+01
    endloop
  endfacet
  facet normal  0.000000e+00 -1.000000e+00  -0.000000e+00
    outer loop
      vertex  5.950000e+01 -2.300000e+01 -1.300000e+01
      vertex  4.170076e+01 -2.300000e+01 -1.127629e+01
      vertex  4.088566e+01 -2.300000e+01 -1.206503e+01
    endloop
  endfacet
  facet normal  0.000000e+00 -9.999999e-01  -0.000000e+00
    outer loop
      vertex  5.950000e+01 -2.300000e+01 -1.300000e+01
      vertex  4.088566e+01 -2.300000e+01 -1.206503e+01
      vertex  4.001753e+01 -2.300000e+01 -1.279498e+01
    endloop
  endfacet
  facet normal  0.000000e+00 -1.000000e+00  -0.000000e+00
    outer loop
      vertex  5.950000e+01 -2.300000e+01 -1.300000e+01
      vertex  4.001753e+01 -2.300000e+01 -1.279498e+01
      vertex  3.910059e+01 -2.300000e+01 -1.346260e+01
    endloop
  endfacet
  facet normal  0.000000e+00 -1.000000e+00  0.000000e+00
    outer loop
      vertex  5.950000e+01 -2.300000e+01 -1.300000e+01
      vertex  3.910059e+01 -2.300000e+01 -1.346260e+01
      vertex  8.750000e+01 -2.300000e+01 -2.300000e+01
    endloop
  endfacet
  facet normal  0.000000e+00 -1.000000e+00  0.000000e+00
    outer loop
      vertex  5.950000e+01 -2.300000e+01 -1.300000e+01
      vertex  8.750000e+01 -2.300000e+01 -2.300000e+01
      vertex  8.750000e+01 -2.300000e+01 -1.300000e+01
    endloop
  endfacet
  facet normal  0.000000e+00 -1.000000e+00  -0.000000e+00
    outer loop
      vertex  8.750000e+01 -2.300000e+01 -2.300000e+01
      vertex  3.910059e+01 -2.300000e+01 -1.346260e+01
      vertex  3.813932e+01 -2.300000e+01 -1.406464e+01
    endloop
  endfacet
  facet normal  0.000000e+00 -1.000000e+00  -0.000000e+00
    outer loop
      vertex  8.750000e+01 -2.300000e+01 -2.300000e+01
      vertex  3.813932e+01 -2.300000e+01 -1.406464e+01
      vertex  3.713839e+01 -2.300000e+01 -1.459814e+01
    endloop
  endfacet
  facet normal  0.000000e+00 -1.000000e+00  -0.000000e+00
    outer loop
      vertex  8.750000e+01 -2.300000e+01 -2.300000e+01
      vertex  3.713839e+01 -2.300000e+01 -1.459814e+01
      vertex  3.610269e+01 -2.300000e+01 -1.506053e+01
    endloop
  endfacet
  facet normal  0.000000e+00 -1.000000e+00  -0.000000e+00
    outer loop
      vertex  8.750000e+01 -2.300000e+01 -2.300000e+01
      vertex  3.610269e+01 -2.300000e+01 -1.506053e+01
      vertex  3.503725e+01 -2.300000e+01 -1.544955e+01
    endloop
  endfacet
  facet normal  0.000000e+00 -1.000000e+00  -0.000000e+00
    outer loop
      vertex  8.750000e+01 -2.300000e+01 -2.300000e+01
      vertex  3.503725e+01 -2.300000e+01 -1.544955e+01
      vertex  3.394728e+01 -2.300000e+01 -1.576330e+01
    endloop
  endfacet
  facet normal  0.000000e+00 -1.000000e+00  -0.000000e+00
    outer loop
      vertex  8.750000e+01 -2.300000e+01 -2.300000e+01
      vertex  3.394728e+01 -2.300000e+01 -1.576330e+01
      vertex  3.283807e+01 -2.300000e+01 -1.600025e+01
    endloop
  endfacet
  facet normal  0.000000e+00 -1.000000e+00  -0.000000e+00
    outer loop
      vertex  8.750000e+01 -2.300000e+01 -2.300000e+01
      vertex  3.283807e+01 -2.300000e+01 -1.600025e+01
      vertex  3.171504e+01 -2.300000e+01 -1.615924e+01
    endloop
  endfacet
  facet normal  0.000000e+00 -1.000000e+00  -0.000000e+00
    outer loop
      vertex  8.750000e+01 -2.300000e+01 -2.300000e+01
      vertex  3.171504e+01 -2.300000e+01 -1.615924e+01
      vertex  3.058365e+01 -2.300000e+01 -1.623952e+01
    endloop
  endfacet
  facet normal  0.000000e+00 -1.000000e+00  0.000000e+00
    outer loop
      vertex  1.514817e+01 -2.300000e+01  6.594357e+00
      vertex  1.564434e+01 -2.300000e+01  7.614305e+00
      vertex  3.798688e-01 -2.300000e+01  7.490374e+00
    endloop
  endfacet
  facet normal  0.000000e+00 -1.000000e+00  0.000000e+00
    outer loop
      vertex  1.514817e+01 -2.300000e+01  6.594357e+00
      vertex  3.798688e-01 -2.300000e+01  7.490374e+00
      vertex  1.135708e+00 -2.300000e+01  7.413512e+00
    endloop
  endfacet
  facet normal  0.000000e+00 -1.000000e+00  0.000000e+00
    outer loop
      vertex  1.514817e+01 -2.300000e+01  6.594357e+00
      vertex  1.135708e+00 -2.300000e+01  7.413512e+00
      vertex  1.879894e+00 -2.300000e+01  7.260578e+00
    endloop
  endfacet
  facet normal  0.000000e+00 -1.000000e+00  0.000000e+00
    outer loop
      vertex  1.514817e+01 -2.300000e+01  6.594357e+00
      vertex  1.879894e+00 -2.300000e+01  7.260578e+00
      vertex  2.604789e+00 -2.300000e+01  7.033141e+00
    endloop
  endfacet
  facet normal  0.000000e+00 -9.999999e-01  0.000000e+00
    outer loop
      vertex  1.514817e+01 -2.300000e+01  6.594357e+00
      vertex  2.604789e+00 -2.300000e+01  7.033141e+00
      vertex  3.302956e+00 -2.300000e+01  6.733534e+00
    endloop
  endfacet
  facet normal  0.000000e+00 -1.000000e+00  -0.000000e+00
    outer loop
      vertex  1.565987e+01 -2.300000e+01 -7.643513e+00
      vertex  1.516162e+01 -2.300000e+01 -6.624578e+00
      vertex  3.302956e+00 -2.300000e+01 -6.733534e+00
    endloop
  endfacet
  facet normal  0.000000e+00 -1.000000e+00  -0.000000e+00
    outer loop
      vertex  1.565987e+01 -2.300000e+01 -7.643513e+00
      vertex  3.302956e+00 -2.300000e+01 -6.733534e+00
      vertex  2.604789e+00 -2.300000e+01 -7.033141e+00
    endloop
  endfacet
  facet normal  0.000000e+00 -1.000000e+00  -0.000000e+00
    outer loop
      vertex  1.565987e+01 -2.300000e+01 -7.643513e+00
      vertex  2.604789e+00 -2.300000e+01 -7.033141e+00
      vertex  1.879894e+00 -2.300000e+01 -7.260578e+00
    endloop
  endfacet
  facet normal  0.000000e+00 -9.999999e-01  -0.000000e+00
    outer loop
      vertex  1.565987e+01 -2.300000e+01 -7.643513e+00
      vertex  1.879894e+00 -2.300000e+01 -7.260578e+00
      vertex  1.135708e+00 -2.300000e+01 -7.413512e+00
    endloop
  endfacet
  facet normal  0.000000e+00 -9.999999e-01  -0.000000e+00
    outer loop
      vertex  1.565987e+01 -2.300000e+01 -7.643513e+00
      vertex  1.135708e+00 -2.300000e+01 -7.413512e+00
      vertex  3.798688e-01 -2.300000e+01 -7.490374e+00
    endloop
  endfacet
  facet normal  0.000000e+00 -1.000000e+00  0.000000e+00
    outer loop
      vertex  1.565987e+01 -2.300000e+01 -7.643513e+00
      vertex  3.798688e-01 -2.300000e+01 -7.490374e+00
      vertex  1.622799e+01 -2.300000e+01 -8.625211e+00
    endloop
  endfacet
  facet normal  -0.000000e+00 -9.999999e-01  0.000000e+00
    outer loop
      vertex -1.700000e+01 -2.300000e+01  3.500000e+00
      vertex -6.557600e+00 -2.300000e+01  3.639765e+00
      vertex -6.155726e+00 -2.300000e+01  4.284512e+00
    endloop
  endfacet
  facet normal  -0.000000e+00 -1.000000e+00  0.000000e+00
    outer loop
      vertex -1.700000e+01 -2.300000e+01  3.500000e+00
      vertex -6.155726e+00 -2.300000e+01  4.284512e+00
      vertex -5.690686e+00 -2.300000e+01  4.885293e+00
    endloop
  endfacet
  facet normal  -0.000000e+00 -1.000000e+00  0.000000e+00
    outer loop
      vertex -1.700000e+01 -2.300000e+01  3.500000e+00
      vertex -5.690686e+00 -2.300000e+01  4.885293e+00
      vertex -5.167252e+00 -2.300000e+01  5.435946e+00
    endloop
  endfacet
  facet normal  -0.000000e+00 -1.000000e+00  0.000000e+00
    outer loop
      vertex -1.700000e+01 -2.300000e+01  3.500000e+00
      vertex -5.167252e+00 -2.300000e+01  5.435946e+00
      vertex -4.590795e+00 -2.300000e+01  5.930818e+00
    endloop
  endfacet
  facet normal  -0.000000e+00 -1.000000e+00  0.000000e+00
    outer loop
      vertex -1.700000e+01 -2.300000e+01  3.500000e+00
      vertex -4.590795e+00 -2.300000e+01  5.930818e+00
      vertex -3.967230e+00 -2.300000e+01  6.364832e+00
    endloop
  endfacet
  facet normal  -0.000000e+00 -1.000000e+00  0.000000e+00
    outer loop
      vertex -1.700000e+01 -2.300000e+01  3.500000e+00
      vertex -3.967230e+00 -2.300000e+01  6.364832e+00
      vertex -3.302956e+00 -2.300000e+01  6.733534e+00
    endloop
  endfacet
  facet normal  -0.000000e+00 -1.000000e+00  0.000000e+00
    outer loop
      vertex -1.700000e+01 -2.300000e+01  3.500000e+00
      vertex -3.302956e+00 -2.300000e+01  6.733534e+00
      vertex -2.604789e+00 -2.300000e+01  7.033141e+00
    endloop
  endfacet
  facet normal  -0.000000e+00 -1.000000e+00  0.000000e+00
    outer loop
      vertex -1.700000e+01 -2.300000e+01  3.500000e+00
      vertex -2.604789e+00 -2.300000e+01  7.033141e+00
      vertex -1.879894e+00 -2.300000e+01  7.260578e+00
    endloop
  endfacet
  facet normal  0.000000e+00 -1.000000e+00  0.000000e+00
    outer loop
      vertex -6.892184e+00 -2.300000e+01  2.957669e+00
      vertex -6.557600e+00 -2.300000e+01  3.639765e+00
      vertex -1.700000e+01 -2.300000e+01  3.500000e+00
    endloop
  endfacet
  facet normal  0.000000e+00 -1.000000e+00  0.000000e+00
    outer loop
      vertex -6.892184e+00 -2.300000e+01  2.957669e+00
      vertex -1.700000e+01 -2.300000e+01  3.500000e+00
      vertex -1.647835e+01 -2.300000e+01  3.460908e+00
    endloop
  endfacet
  facet normal  0.000000e+00 -1.000000e+00  0.000000e+00
    outer loop
      vertex -6.892184e+00 -2.300000e+01  2.957669e+00
      vertex -1.647835e+01 -2.300000e+01  3.460908e+00
      vertex -1.596836e+01 -2.300000e+01  3.344505e+00
    endloop
  endfacet
  facet normal  0.000000e+00 -9.999999e-01  0.000000e+00
    outer loop
      vertex -6.892184e+00 -2.300000e+01  2.957669e+00
      vertex -1.596836e+01 -2.300000e+01  3.344505e+00
      vertex -1.548141e+01 -2.300000e+01  3.153391e+00
    endloop
  endfacet
  facet normal  0.000000e+00 -1.000000e+00  0.000000e+00
    outer loop
      vertex -6.892184e+00 -2.300000e+01  2.957669e+00
      vertex -1.548141e+01 -2.300000e+01  3.153391e+00
      vertex -1.502838e+01 -2.300000e+01  2.891836e+00
    endloop
  endfacet
  facet normal  0.000000e+00 -1.000000e+00  0.000000e+00
    outer loop
      vertex -6.892184e+00 -2.300000e+01  2.957669e+00
      vertex -1.502838e+01 -2.300000e+01  2.891836e+00
      vertex -1.461940e+01 -2.300000e+01  2.565681e+00
    endloop
  endfacet
  facet normal  0.000000e+00 -1.000000e+00  0.000000e+00
    outer loop
      vertex -6.892184e+00 -2.300000e+01  2.957669e+00
      vertex -1.461940e+01 -2.300000e+01  2.565681e+00
      vertex -7.156044e+00 -2.300000e+01  2.245224e+00
    endloop
  endfacet
  facet normal  -0.000000e+00 -1.000000e+00  -0.000000e+00
    outer loop
      vertex -6.557600e+00 -2.300000e+01 -3.639765e+00
      vertex -6.892184e+00 -2.300000e+01 -2.957669e+00
      vertex -1.502838e+01 -2.300000e+01 -2.891836e+00
    endloop
  endfacet
  facet normal  0.000000e+00 -1.000000e+00  -0.000000e+00
    outer loop
      vertex -6.557600e+00 -2.300000e+01 -3.639765e+00
      vertex -1.502838e+01 -2.300000e+01 -2.891836e+00
      vertex -1.548141e+01 -2.300000e+01 -3.153391e+00
    endloop
  endfacet
  facet normal  0.000000e+00 -1.000000e+00  -0.000000e+00
    outer loop
      vertex -6.557600e+00 -2.300000e+01 -3.639765e+00
      vertex -1.548141e+01 -2.300000e+01 -3.153391e+00
      vertex -1.596836e+01 -2.300000e+01 -3.344505e+00
    endloop
  endfacet
  facet normal  0.000000e+00 -1.000000e+00  -0.000000e+00
    outer loop
      vertex -6.557600e+00 -2.300000e+01 -3.639765e+00
      vertex -1.596836e+01 -2.300000e+01 -3.344505e+00
      vertex -1.647835e+01 -2.300000e+01 -3.460908e+00
    endloop
  endfacet
  facet normal  0.000000e+00 -1.000000e+00  -0.000000e+00
    outer loop
      vertex -6.557600e+00 -2.300000e+01 -3.639765e+00
      vertex -1.647835e+01 -2.300000e+01 -3.460908e+00
      vertex -1.700000e+01 -2.300000e+01 -3.500000e+00
    endloop
  endfacet
  facet normal  0.000000e+00 -1.000000e+00  0.000000e+00
    outer loop
      vertex -3.000000e+01 -2.300000e+01 -2.300000e+01
      vertex -4.233678e+01 -2.300000e+01 -1.941144e+01
      vertex -4.121864e+01 -2.300000e+01 -2.007840e+01
    endloop
  endfacet
  facet normal  0.000000e+00 -1.000000e+00  0.000000e+00
    outer loop
      vertex -3.000000e+01 -2.300000e+01 -2.300000e+01
      vertex -4.121864e+01 -2.300000e+01 -2.007840e+01
      vertex -4.006454e+01 -2.300000e+01 -2.068103e+01
    endloop
  endfacet
  facet normal  0.000000e+00 -1.000000e+00  0.000000e+00
    outer loop
      vertex -3.000000e+01 -2.300000e+01 -2.300000e+01
      vertex -4.006454e+01 -2.300000e+01 -2.068103e+01
      vertex -3.887820e+01 -2.300000e+01 -2.121739e+01
    endloop
  endfacet
  facet normal  0.000000e+00 -1.000000e+00  0.000000e+00
    outer loop
      vertex -3.000000e+01 -2.300000e+01 -2.300000e+01
      vertex -3.887820e+01 -2.300000e+01 -2.121739e+01
      vertex -3.766340e+01 -2.300000e+01 -2.168576e+01
    endloop
  endfacet
  facet normal  0.000000e+00 -1.000000e+00  0.000000e+00
    outer loop
      vertex -3.000000e+01 -2.300000e+01 -2.300000e+01
      vertex -3.766340e+01 -2.300000e+01 -2.168576e+01
      vertex -3.642405e+01 -2.300000e+01 -2.208464e+01
    endloop
  endfacet
  facet normal  0.000000e+00 -9.999999e-01  0.000000e+00
    outer loop
      vertex -3.000000e+01 -2.300000e+01 -2.300000e+01
      vertex -3.642405e+01 -2.300000e+01 -2.208464e+01
      vertex -3.516412e+01 -2.300000e+01 -2.241276e+01
    endloop
  endfacet
  facet normal  0.000000e+00 -9.999999e-01  0.000000e+00
    outer loop
      vertex -3.000000e+01 -2.300000e+01 -2.300000e+01
      vertex -3.516412e+01 -2.300000e+01 -2.241276e+01
      vertex -3.388764e+01 -2.300000e+01 -2.266906e+01
    endloop
  endfacet
  facet normal  0.000000e+00 -1.000000e+00  0.000000e+00
    outer loop
      vertex -3.000000e+01 -2.300000e+01 -2.300000e+01
      vertex -3.388764e+01 -2.300000e+01 -2.266906e+01
      vertex -3.259870e+01 -2.300000e+01 -2.285272e+01
    endloop
  endfacet
  facet normal  0.000000e+00 -9.999999e-01  0.000000e+00
    outer loop
      vertex -3.000000e+01 -2.300000e+01 -2.300000e+01
      vertex -3.259870e+01 -2.300000e+01 -2.285272e+01
      vertex -3.130144e+01 -2.300000e+01 -2.296315e+01
    endloop
  endfacet
  facet normal  -0.000000e+00 -1.000000e+00  0.000000e+00
    outer loop
      vertex -5.082388e+01 -2.300000e+01 -9.765554e+00
      vertex -4.300000e+01 -2.300000e+01 -3.500000e+00
      vertex -4.352165e+01 -2.300000e+01 -3.460908e+00
    endloop
  endfacet
  facet normal  -0.000000e+00 -1.000000e+00  0.000000e+00
    outer loop
      vertex -5.082388e+01 -2.300000e+01 -9.765554e+00
      vertex -4.352165e+01 -2.300000e+01 -3.460908e+00
      vertex -4.403164e+01 -2.300000e+01 -3.344505e+00
    endloop
  endfacet
  facet normal  -0.000000e+00 -1.000000e+00  0.000000e+00
    outer loop
      vertex -5.082388e+01 -2.300000e+01 -9.765554e+00
      vertex -4.403164e+01 -2.300000e+01 -3.344505e+00
      vertex -4.451859e+01 -2.300000e+01 -3.153391e+00
    endloop
  endfacet
  facet normal  -0.000000e+00 -9.999999e-01  0.000000e+00
    outer loop
      vertex -5.082388e+01 -2.300000e+01 -9.765554e+00
      vertex -4.451859e+01 -2.300000e+01 -3.153391e+00
      vertex -4.497162e+01 -2.300000e+01 -2.891836e+00
    endloop
  endfacet
  facet normal  -0.000000e+00 -1.000000e+00  0.000000e+00
    outer loop
      vertex -5.082388e+01 -2.300000e+01 -9.765554e+00
      vertex -4.497162e+01 -2.300000e+01 -2.891836e+00
      vertex -4.538060e+01 -2.300000e+01 -2.565681e+00
    endloop
  endfacet
  facet normal  -0.000000e+00 -1.000000e+00  0.000000e+00
    outer loop
      vertex -5.082388e+01 -2.300000e+01 -9.765554e+00
      vertex -4.538060e+01 -2.300000e+01 -2.565681e+00
      vertex -4.573641e+01 -2.300000e+01 -2.182214e+00
    endloop
  endfacet
  facet normal  -0.000000e+00 -1.000000e+00  0.000000e+00
    outer loop
      vertex -5.082388e+01 -2.300000e+01 -9.765554e+00
      vertex -4.573641e+01 -2.300000e+01 -2.182214e+00
      vertex -4.603109e+01 -2.300000e+01 -1.750000e+00
    endloop
  endfacet
  facet normal  -0.000000e+00 -1.000000e+00  0.000000e+00
    outer loop
      vertex -5.082388e+01 -2.300000e+01 -9.765554e+00
      vertex -4.603109e+01 -2.300000e+01 -1.750000e+00
      vertex -4.625806e+01 -2.300000e+01 -1.278694e+00
    endloop
  endfacet
  facet normal  -0.000000e+00 -1.000000e+00  0.000000e+00
    outer loop
      vertex -5.082388e+01 -2.300000e+01 -9.765554e+00
      vertex -4.625806e+01 -2.300000e+01 -1.278694e+00
      vertex -4.641225e+01 -2.300000e+01 -7.788233e-01
    endloop
  endfacet
  facet normal  -0.000000e+00 -1.000000e+00  0.000000e+00
    outer loop
      vertex -5.082388e+01 -2.300000e+01 -9.765554e+00
      vertex -4.641225e+01 -2.300000e+01 -7.788233e-01
      vertex -4.649021e+01 -2.300000e+01 -2.615553e-01
    endloop
  endfacet
  facet normal  -0.000000e+00 -1.000000e+00  0.000000e+00
    outer loop
      vertex -5.082388e+01 -2.300000e+01 -9.765554e+00
      vertex -4.649021e+01 -2.300000e+01 -2.615553e-01
      vertex -4.649021e+01 -2.300000e+01  2.615553e-01
    endloop
  endfacet
  facet normal  -0.000000e+00 -1.000000e+00  0.000000e+00
    outer loop
      vertex -5.082388e+01 -2.300000e+01 -9.765554e+00
      vertex -4.649021e+01 -2.300000e+01  2.615553e-01
      vertex -4.641225e+01 -2.300000e+01  7.788233e-01
    endloop
  endfacet
  facet normal  -0.000000e+00 -1.000000e+00  0.000000e+00
    outer loop
      vertex -5.082388e+01 -2.300000e+01 -9.765554e+00
      vertex -4.641225e+01 -2.300000e+01  7.788233e-01
      vertex -4.625806e+01 -2.300000e+01  1.278694e+00
    endloop
  endfacet
  facet normal  0.000000e+00 -1.000000e+00  0.000000e+00
    outer loop
      vertex -6.150000e+01 -2.300000e+01  1.300000e+01
      vertex -5.082388e+01 -2.300000e+01 -9.765554e+00
      vertex -4.625806e+01 -2.300000e+01  1.278694e+00
    endloop
  endfacet
  facet normal  0.000000e+00 -1.000000e+00  0.000000e+00
    outer loop
      vertex -6.150000e+01 -2.300000e+01  1.300000e+01
      vertex -4.625806e+01 -2.300000e+01  1.278694e+00
      vertex -4.603109e+01 -2.300000e+01  1.750000e+00
    endloop
  endfacet
  facet normal  0.000000e+00 -1.000000e+00  0.000000e+00
    outer loop
      vertex -6.150000e+01 -2.300000e+01  1.300000e+01
      vertex -4.603109e+01 -2.300000e+01  1.750000e+00
      vertex -4.573641e+01 -2.300000e+01  2.182214e+00
    endloop
  endfacet
  facet normal  0.000000e+00 -1.000000e+00  0.000000e+00
    outer loop
      vertex -6.150000e+01 -2.300000e+01  1.300000e+01
      vertex -4.573641e+01 -2.300000e+01  2.182214e+00
      vertex -4.538060e+01 -2.300000e+01  2.565681e+00
    endloop
  endfacet
  facet normal  0.000000e+00 -9.999999e-01  0.000000e+00
    outer loop
      vertex -6.150000e+01 -2.300000e+01  1.300000e+01
      vertex -4.538060e+01 -2.300000e+01  2.565681e+00
      vertex -4.497162e+01 -2.300000e+01  2.891836e+00
    endloop
  endfacet
  facet normal  0.000000e+00 -1.000000e+00  0.000000e+00
    outer loop
      vertex -6.150000e+01 -2.300000e+01  1.300000e+01
      vertex -4.497162e+01 -2.300000e+01  2.891836e+00
      vertex -4.451859e+01 -2.300000e+01  3.153391e+00
    endloop
  endfacet
  facet normal  0.000000e+00 -1.000000e+00  0.000000e+00
    outer loop
      vertex -6.150000e+01 -2.300000e+01  1.300000e+01
      vertex -4.451859e+01 -2.300000e+01  3.153391e+00
      vertex -4.403164e+01 -2.300000e+01  3.344505e+00
    endloop
  endfacet
  facet normal  0.000000e+00 -1.000000e+00  0.000000e+00
    outer loop
      vertex -6.150000e+01 -2.300000e+01  1.300000e+01
      vertex -4.403164e+01 -2.300000e+01  3.344505e+00
      vertex -4.352165e+01 -2.300000e+01  3.460908e+00
    endloop
  endfacet
  facet normal  0.000000e+00 -1.000000e+00  0.000000e+00
    outer loop
      vertex -6.150000e+01 -2.300000e+01  1.300000e+01
      vertex -4.352165e+01 -2.300000e+01  3.460908e+00
      vertex -4.300000e+01 -2.300000e+01  3.500000e+00
    endloop
  endfacet
  facet normal  0.000000e+00 -1.000000e+00  -0.000000e+00
    outer loop
      vertex -2.936718e+01 -2.300000e+01  5.211721e+00
      vertex -2.973845e+01 -2.300000e+01  9.509787e+00
      vertex -3.000000e+01 -2.300000e+01  5.250000e+00
    endloop
  endfacet
  facet normal  0.000000e+00 -1.000000e+00  0.000000e+00
    outer loop
      vertex -3.000000e+01 -2.300000e+01  5.250000e+00
      vertex -2.973845e+01 -2.300000e+01  9.509787e+00
      vertex -3.026155e+01 -2.300000e+01  9.509787e+00
    endloop
  endfacet
  facet normal  0.000000e+00 -1.000000e+00  -0.000000e+00
    outer loop
      vertex -3.000000e+01 -2.300000e+01  5.250000e+00
      vertex -3.026155e+01 -2.300000e+01  9.509787e+00
      vertex -3.063282e+01 -2.300000e+01  5.211721e+00
    endloop
  endfacet
  facet normal  -0.000000e+00 -1.000000e+00  0.000000e+00
    outer loop
      vertex -3.334451e+01 -2.300000e+01 -1.196836e+01
      vertex -3.315339e+01 -2.300000e+01 -1.148141e+01
      vertex -3.298234e+01 -2.300000e+01 -4.320665e+00
    endloop
  endfacet
  facet normal  0.000000e+00 -9.999999e-01  -0.000000e+00
    outer loop
      vertex -3.298234e+01 -2.300000e+01 -4.320665e+00
      vertex -3.315339e+01 -2.300000e+01 -1.148141e+01
      vertex -3.289183e+01 -2.300000e+01 -1.102838e+01
    endloop
  endfacet
  facet normal  0.000000e+00 -1.000000e+00  0.000000e+00
    outer loop
      vertex -3.298234e+01 -2.300000e+01 -4.320665e+00
      vertex -3.289183e+01 -2.300000e+01 -1.102838e+01
      vertex -3.243980e+01 -2.300000e+01 -4.648644e+00
    endloop
  endfacet
  facet normal  -0.000000e+00 -1.000000e+00  0.000000e+00
    outer loop
      vertex -3.350000e+01 -2.300000e+01 -1.300000e+01
      vertex -3.346091e+01 -2.300000e+01 -1.247835e+01
      vertex -3.392968e+01 -2.300000e+01 -3.481394e+00
    endloop
  endfacet
  facet normal  0.000000e+00 -1.000000e+00  0.000000e+00
    outer loop
      vertex -3.392968e+01 -2.300000e+01 -3.481394e+00
      vertex -3.346091e+01 -2.300000e+01 -1.247835e+01
      vertex -3.348140e+01 -2.300000e+01 -3.929682e+00
    endloop
  endfacet
  facet normal  -0.000000e+00 -1.000000e+00  0.000000e+00
    outer loop
      vertex -3.346091e+01 -2.300000e+01 -1.247835e+01
      vertex -3.334451e+01 -2.300000e+01 -1.196836e+01
      vertex -3.348140e+01 -2.300000e+01 -3.929682e+00
    endloop
  endfacet
  facet normal  0.000000e+00 -1.000000e+00  0.000000e+00
    outer loop
      vertex -3.348140e+01 -2.300000e+01 -3.929682e+00
      vertex -3.334451e+01 -2.300000e+01 -1.196836e+01
      vertex -3.298234e+01 -2.300000e+01 -4.320665e+00
    endloop
  endfacet
  facet normal  0.000000e+00 -1.000000e+00  0.000000e+00
    outer loop
      vertex -2.665549e+01 -2.300000e+01 -1.196836e+01
      vertex -2.653909e+01 -2.300000e+01 -1.247835e+01
      vertex -2.651861e+01 -2.300000e+01 -3.929682e+00
    endloop
  endfacet
  facet normal  0.000000e+00 -1.000000e+00  -0.000000e+00
    outer loop
      vertex -2.651861e+01 -2.300000e+01 -3.929682e+00
      vertex -2.653909e+01 -2.300000e+01 -1.247835e+01
      vertex -2.650000e+01 -2.300000e+01 -1.300000e+01
    endloop
  endfacet
  facet normal  0.000000e+00 -1.000000e+00  0.000000e+00
    outer loop
      vertex -2.651861e+01 -2.300000e+01 -3.929682e+00
      vertex -2.650000e+01 -2.300000e+01 -1.300000e+01
      vertex -2.607032e+01 -2.300000e+01 -3.481394e+00
    endloop
  endfacet
  facet normal  0.000000e+00 -1.000000e+00  0.000000e+00
    outer loop
      vertex -2.710816e+01 -2.300000e+01 -1.102838e+01
      vertex -2.684661e+01 -2.300000e+01 -1.148141e+01
      vertex -2.701766e+01 -2.300000e+01 -4.320665e+00
    endloop
  endfacet
  facet normal  0.000000e+00 -1.000000e+00  0.000000e+00
    outer loop
      vertex -2.701766e+01 -2.300000e+01 -4.320665e+00
      vertex -2.684661e+01 -2.300000e+01 -1.148141e+01
      vertex -2.665549e+01 -2.300000e+01 -1.196836e+01
    endloop
  endfacet
  facet normal  0.000000e+00 -1.000000e+00  0.000000e+00
    outer loop
      vertex -2.701766e+01 -2.300000e+01 -4.320665e+00
      vertex -2.665549e+01 -2.300000e+01 -1.196836e+01
      vertex -2.651861e+01 -2.300000e+01 -3.929682e+00
    endloop
  endfacet
  facet normal  0.000000e+00 -1.000000e+00  0.000000e+00
    outer loop
      vertex  7.156044e+00 -2.300000e+01  2.245224e+00
      vertex  1.390585e+01 -2.300000e+01  2.245182e+00
      vertex  6.892184e+00 -2.300000e+01  2.957669e+00
    endloop
  endfacet
  facet normal  0.000000e+00 -1.000000e+00  0.000000e+00
    outer loop
      vertex  6.892184e+00 -2.300000e+01  2.957669e+00
      vertex  1.390585e+01 -2.300000e+01  2.245182e+00
      vertex  1.410167e+01 -2.300000e+01  3.362384e+00
    endloop
  endfacet
  facet normal  -0.000000e+00 -1.000000e+00  0.000000e+00
    outer loop
      vertex  6.892184e+00 -2.300000e+01  2.957669e+00
      vertex  1.410167e+01 -2.300000e+01  3.362384e+00
      vertex  6.557600e+00 -2.300000e+01  3.639765e+00
    endloop
  endfacet
  facet normal  0.000000e+00 -1.000000e+00  0.000000e+00
    outer loop
      vertex  6.557600e+00 -2.300000e+01  3.639765e+00
      vertex  1.410167e+01 -2.300000e+01  3.362384e+00
      vertex  1.437495e+01 -2.300000e+01  4.463205e+00
    endloop
  endfacet
  facet normal  0.000000e+00 -1.000000e+00  0.000000e+00
    outer loop
      vertex  6.557600e+00 -2.300000e+01  3.639765e+00
      vertex  1.437495e+01 -2.300000e+01  4.463205e+00
      vertex  6.155726e+00 -2.300000e+01  4.284512e+00
    endloop
  endfacet
  facet normal  -0.000000e+00 -1.000000e+00  0.000000e+00
    outer loop
      vertex  7.461520e+00 -2.300000e+01  7.587624e-01
      vertex  1.378844e+01 -2.300000e+01  1.117042e+00
      vertex  7.346475e+00 -2.300000e+01  1.509739e+00
    endloop
  endfacet
  facet normal  0.000000e+00 -1.000000e+00  0.000000e+00
    outer loop
      vertex  7.346475e+00 -2.300000e+01  1.509739e+00
      vertex  1.378844e+01 -2.300000e+01  1.117042e+00
      vertex  1.390585e+01 -2.300000e+01  2.245182e+00
    endloop
  endfacet
  facet normal  -0.000000e+00 -1.000000e+00  0.000000e+00
    outer loop
      vertex  7.346475e+00 -2.300000e+01  1.509739e+00
      vertex  1.390585e+01 -2.300000e+01  2.245182e+00
      vertex  7.156044e+00 -2.300000e+01  2.245224e+00
    endloop
  endfacet
  facet normal  -0.000000e+00 -1.000000e+00  0.000000e+00
    outer loop
      vertex  7.346475e+00 -2.300000e+01 -1.509739e+00
      vertex  1.379075e+01 -2.300000e+01 -1.150042e+00
      vertex  7.461520e+00 -2.300000e+01 -7.587624e-01
    endloop
  endfacet
  facet normal  0.000000e+00 -1.000000e+00  0.000000e+00
    outer loop
      vertex  7.461520e+00 -2.300000e+01 -7.587624e-01
      vertex  1.379075e+01 -2.300000e+01 -1.150042e+00
      vertex  1.375001e+01 -2.300000e+01 -1.654050e-02
    endloop
  endfacet
  facet normal  -0.000000e+00 -1.000000e+00  0.000000e+00
    outer loop
      vertex  7.461520e+00 -2.300000e+01 -7.587624e-01
      vertex  1.375001e+01 -2.300000e+01 -1.654050e-02
      vertex  7.500000e+00 -2.300000e+01 -6.661338e-16
    endloop
  endfacet
  facet normal  0.000000e+00 -1.000000e+00  0.000000e+00
    outer loop
      vertex  7.500000e+00 -2.300000e+01 -6.661338e-16
      vertex  1.375001e+01 -2.300000e+01 -1.654050e-02
      vertex  1.378844e+01 -2.300000e+01  1.117042e+00
    endloop
  endfacet
  facet normal  0.000000e+00 -1.000000e+00  0.000000e+00
    outer loop
      vertex  7.500000e+00 -2.300000e+01 -6.661338e-16
      vertex  1.378844e+01 -2.300000e+01  1.117042e+00
      vertex  7.461520e+00 -2.300000e+01  7.587624e-01
    endloop
  endfacet
  facet normal  -0.000000e+00 -1.000000e+00  0.000000e+00
    outer loop
      vertex  6.557600e+00 -2.300000e+01 -3.639765e+00
      vertex  1.410855e+01 -2.300000e+01 -3.394742e+00
      vertex  6.892184e+00 -2.300000e+01 -2.957669e+00
    endloop
  endfacet
  facet normal  0.000000e+00 -9.999999e-01  0.000000e+00
    outer loop
      vertex  6.892184e+00 -2.300000e+01 -2.957669e+00
      vertex  1.410855e+01 -2.300000e+01 -3.394742e+00
      vertex  1.391045e+01 -2.300000e+01 -2.277941e+00
    endloop
  endfacet
  facet normal  -0.000000e+00 -1.000000e+00  0.000000e+00
    outer loop
      vertex  6.892184e+00 -2.300000e+01 -2.957669e+00
      vertex  1.391045e+01 -2.300000e+01 -2.277941e+00
      vertex  7.156044e+00 -2.300000e+01 -2.245224e+00
    endloop
  endfacet
  facet normal  0.000000e+00 -9.999999e-01  0.000000e+00
    outer loop
      vertex  7.156044e+00 -2.300000e+01 -2.245224e+00
      vertex  1.391045e+01 -2.300000e+01 -2.277941e+00
      vertex  1.379075e+01 -2.300000e+01 -1.150042e+00
    endloop
  endfacet
  facet normal  0.000000e+00 -1.000000e+00  0.000000e+00
    outer loop
      vertex  7.156044e+00 -2.300000e+01 -2.245224e+00
      vertex  1.379075e+01 -2.300000e+01 -1.150042e+00
      vertex  7.346475e+00 -2.300000e+01 -1.509739e+00
    endloop
  endfacet
  facet normal  0.000000e+00 -1.000000e+00  0.000000e+00
    outer loop
      vertex  5.167252e+00 -2.300000e+01 -5.435946e+00
      vertex  1.473566e+01 -2.300000e+01 -5.573368e+00
      vertex  5.690686e+00 -2.300000e+01 -4.885293e+00
    endloop
  endfacet
  facet normal  0.000000e+00 -1.000000e+00  0.000000e+00
    outer loop
      vertex  5.690686e+00 -2.300000e+01 -4.885293e+00
      vertex  1.473566e+01 -2.300000e+01 -5.573368e+00
      vertex  1.438406e+01 -2.300000e+01 -4.495005e+00
    endloop
  endfacet
  facet normal  -0.000000e+00 -1.000000e+00  0.000000e+00
    outer loop
      vertex  5.690686e+00 -2.300000e+01 -4.885293e+00
      vertex  1.438406e+01 -2.300000e+01 -4.495005e+00
      vertex  6.155726e+00 -2.300000e+01 -4.284512e+00
    endloop
  endfacet
  facet normal  0.000000e+00 -1.000000e+00  0.000000e+00
    outer loop
      vertex  6.155726e+00 -2.300000e+01 -4.284512e+00
      vertex  1.438406e+01 -2.300000e+01 -4.495005e+00
      vertex  1.410855e+01 -2.300000e+01 -3.394742e+00
    endloop
  endfacet
  facet normal  0.000000e+00 -1.000000e+00  0.000000e+00
    outer loop
      vertex  6.155726e+00 -2.300000e+01 -4.284512e+00
      vertex  1.410855e+01 -2.300000e+01 -3.394742e+00
      vertex  6.557600e+00 -2.300000e+01 -3.639765e+00
    endloop
  endfacet
  facet normal  0.000000e+00 -1.000000e+00  0.000000e+00
    outer loop
      vertex  3.967230e+00 -2.300000e+01 -6.364832e+00
      vertex  1.516162e+01 -2.300000e+01 -6.624578e+00
      vertex  4.590795e+00 -2.300000e+01 -5.930818e+00
    endloop
  endfacet
  facet normal  0.000000e+00 -1.000000e+00  0.000000e+00
    outer loop
      vertex  4.590795e+00 -2.300000e+01 -5.930818e+00
      vertex  1.516162e+01 -2.300000e+01 -6.624578e+00
      vertex  1.473566e+01 -2.300000e+01 -5.573368e+00
    endloop
  endfacet
  facet normal  -0.000000e+00 -1.000000e+00  0.000000e+00
    outer loop
      vertex  4.590795e+00 -2.300000e+01 -5.930818e+00
      vertex  1.473566e+01 -2.300000e+01 -5.573368e+00
      vertex  5.167252e+00 -2.300000e+01 -5.435946e+00
    endloop
  endfacet
  facet normal  0.000000e+00 -1.000000e+00  0.000000e+00
    outer loop
      vertex -1.461940e+01 -2.300000e+01  2.565681e+00
      vertex -1.426359e+01 -2.300000e+01  2.182214e+00
      vertex -7.156044e+00 -2.300000e+01  2.245224e+00
    endloop
  endfacet
  facet normal  0.000000e+00 -1.000000e+00  0.000000e+00
    outer loop
      vertex -7.156044e+00 -2.300000e+01  2.245224e+00
      vertex -1.426359e+01 -2.300000e+01  2.182214e+00
      vertex -1.396891e+01 -2.300000e+01  1.750000e+00
    endloop
  endfacet
  facet normal  0.000000e+00 -1.000000e+00  0.000000e+00
    outer loop
      vertex -7.156044e+00 -2.300000e+01  2.245224e+00
      vertex -1.396891e+01 -2.300000e+01  1.750000e+00
      vertex -7.346475e+00 -2.300000e+01  1.509739e+00
    endloop
  endfacet
  facet normal  -0.000000e+00 -1.000000e+00  0.000000e+00
    outer loop
      vertex -1.350979e+01 -2.300000e+01 -2.615553e-01
      vertex -7.500000e+00 -2.300000e+01 -4.915288e-15
      vertex -1.350979e+01 -2.300000e+01  2.615553e-01
    endloop
  endfacet
  facet normal  0.000000e+00 -1.000000e+00  0.000000e+00
    outer loop
      vertex -1.350979e+01 -2.300000e+01  2.615553e-01
      vertex -7.500000e+00 -2.300000e+01 -4.915288e-15
      vertex -7.461520e+00 -2.300000e+01  7.587624e-01
    endloop
  endfacet
  facet normal  -0.000000e+00 -9.999999e-01  0.000000e+00
    outer loop
      vertex -1.350979e+01 -2.300000e+01  2.615553e-01
      vertex -7.461520e+00 -2.300000e+01  7.587624e-01
      vertex -1.358775e+01 -2.300000e+01  7.788233e-01
    endloop
  endfacet
  facet normal  0.000000e+00 -1.000000e+00  0.000000e+00
    outer loop
      vertex -1.358775e+01 -2.300000e+01  7.788233e-01
      vertex -7.461520e+00 -2.300000e+01  7.587624e-01
      vertex -7.346475e+00 -2.300000e+01  1.509739e+00
    endloop
  endfacet
  facet normal  0.000000e+00 -9.999999e-01  0.000000e+00
    outer loop
      vertex -1.358775e+01 -2.300000e+01  7.788233e-01
      vertex -7.346475e+00 -2.300000e+01  1.509739e+00
      vertex -1.374194e+01 -2.300000e+01  1.278694e+00
    endloop
  endfacet
  facet normal  0.000000e+00 -1.000000e+00  0.000000e+00
    outer loop
      vertex -1.426359e+01 -2.300000e+01 -2.182214e+00
      vertex -7.156044e+00 -2.300000e+01 -2.245224e+00
      vertex -1.396891e+01 -2.300000e+01 -1.750000e+00
    endloop
  endfacet
  facet normal  0.000000e+00 -1.000000e+00  0.000000e+00
    outer loop
      vertex -1.396891e+01 -2.300000e+01 -1.750000e+00
      vertex -7.156044e+00 -2.300000e+01 -2.245224e+00
      vertex -7.346475e+00 -2.300000e+01 -1.509739e+00
    endloop
  endfacet
  facet normal  -0.000000e+00 -1.000000e+00  0.000000e+00
    outer loop
      vertex -1.396891e+01 -2.300000e+01 -1.750000e+00
      vertex -7.346475e+00 -2.300000e+01 -1.509739e+00
      vertex -1.374194e+01 -2.300000e+01 -1.278694e+00
    endloop
  endfacet
  facet normal  0.000000e+00 -1.000000e+00  0.000000e+00
    outer loop
      vertex -1.374194e+01 -2.300000e+01 -1.278694e+00
      vertex -7.346475e+00 -2.300000e+01 -1.509739e+00
      vertex -7.461520e+00 -2.300000e+01 -7.587624e-01
    endloop
  endfacet
  facet normal  0.000000e+00 -1.000000e+00  0.000000e+00
    outer loop
      vertex -1.374194e+01 -2.300000e+01 -1.278694e+00
      vertex -7.461520e+00 -2.300000e+01 -7.587624e-01
      vertex -1.358775e+01 -2.300000e+01 -7.788233e-01
    endloop
  endfacet
  facet normal  0.000000e+00 -1.000000e+00  0.000000e+00
    outer loop
      vertex -1.358775e+01 -2.300000e+01 -7.788233e-01
      vertex -7.461520e+00 -2.300000e+01 -7.587624e-01
      vertex -7.500000e+00 -2.300000e+01 -4.915288e-15
    endloop
  endfacet
  facet normal  0.000000e+00 -1.000000e+00  0.000000e+00
    outer loop
      vertex -1.358775e+01 -2.300000e+01 -7.788233e-01
      vertex -7.500000e+00 -2.300000e+01 -4.915288e-15
      vertex -1.350979e+01 -2.300000e+01 -2.615553e-01
    endloop
  endfacet
  facet normal  0.000000e+00 -1.000000e+00  0.000000e+00
    outer loop
      vertex -1.502838e+01 -2.300000e+01 -2.891836e+00
      vertex -6.892184e+00 -2.300000e+01 -2.957669e+00
      vertex -1.461940e+01 -2.300000e+01 -2.565681e+00
    endloop
  endfacet
  facet normal  0.000000e+00 -1.000000e+00  0.000000e+00
    outer loop
      vertex -1.461940e+01 -2.300000e+01 -2.565681e+00
      vertex -6.892184e+00 -2.300000e+01 -2.957669e+00
      vertex -7.156044e+00 -2.300000e+01 -2.245224e+00
    endloop
  endfacet
  facet normal  -0.000000e+00 -1.000000e+00  0.000000e+00
    outer loop
      vertex -1.461940e+01 -2.300000e+01 -2.565681e+00
      vertex -7.156044e+00 -2.300000e+01 -2.245224e+00
      vertex -1.426359e+01 -2.300000e+01 -2.182214e+00
    endloop
  endfacet
  facet normal  0.000000e+00 -1.000000e+00  0.000000e+00
    outer loop
      vertex -1.851859e+01 -2.300000e+01  3.153391e+00
      vertex -1.803164e+01 -2.300000e+01  3.344505e+00
      vertex -2.567933e+01 -2.300000e+01  2.982340e+00
    endloop
  endfacet
  facet normal  0.000000e+00 -1.000000e+00  0.000000e+00
    outer loop
      vertex -2.567933e+01 -2.300000e+01  2.982340e+00
      vertex -1.803164e+01 -2.300000e+01  3.344505e+00
      vertex -1.752165e+01 -2.300000e+01  3.460908e+00
    endloop
  endfacet
  facet normal  -0.000000e+00 -9.999999e-01  0.000000e+00
    outer loop
      vertex -2.567933e+01 -2.300000e+01  2.982340e+00
      vertex -1.752165e+01 -2.300000e+01  3.460908e+00
      vertex -2.607032e+01 -2.300000e+01  3.481394e+00
    endloop
  endfacet
  facet normal  0.000000e+00 -1.000000e+00  0.000000e+00
    outer loop
      vertex -2.003109e+01 -2.300000e+01  1.750000e+00
      vertex -1.973641e+01 -2.300000e+01  2.182214e+00
      vertex -2.509117e+01 -2.300000e+01  1.861676e+00
    endloop
  endfacet
  facet normal  0.000000e+00 -1.000000e+00  0.000000e+00
    outer loop
      vertex -2.509117e+01 -2.300000e+01  1.861676e+00
      vertex -1.973641e+01 -2.300000e+01  2.182214e+00
      vertex -1.938060e+01 -2.300000e+01  2.565681e+00
    endloop
  endfacet
  facet normal  0.000000e+00 -1.000000e+00  0.000000e+00
    outer loop
      vertex -2.509117e+01 -2.300000e+01  1.861676e+00
      vertex -1.938060e+01 -2.300000e+01  2.565681e+00
      vertex -2.535136e+01 -2.300000e+01  2.439797e+00
    endloop
  endfacet
  facet normal  0.000000e+00 -1.000000e+00  0.000000e+00
    outer loop
      vertex -2.535136e+01 -2.300000e+01  2.439797e+00
      vertex -1.938060e+01 -2.300000e+01  2.565681e+00
      vertex -1.897162e+01 -2.300000e+01  2.891836e+00
    endloop
  endfacet
  facet normal  -0.000000e+00 -1.000000e+00  0.000000e+00
    outer loop
      vertex -2.535136e+01 -2.300000e+01  2.439797e+00
      vertex -1.897162e+01 -2.300000e+01  2.891836e+00
      vertex -2.567933e+01 -2.300000e+01  2.982340e+00
    endloop
  endfacet
  facet normal  0.000000e+00 -1.000000e+00  -0.000000e+00
    outer loop
      vertex -2.049021e+01 -2.300000e+01 -2.615553e-01
      vertex -2.049021e+01 -2.300000e+01  2.615553e-01
      vertex -2.475000e+01 -2.300000e+01 -7.751676e-14
    endloop
  endfacet
  facet normal  0.000000e+00 -1.000000e+00  0.000000e+00
    outer loop
      vertex -2.475000e+01 -2.300000e+01 -7.751676e-14
      vertex -2.049021e+01 -2.300000e+01  2.615553e-01
      vertex -2.041225e+01 -2.300000e+01  7.788233e-01
    endloop
  endfacet
  facet normal  0.000000e+00 -1.000000e+00  0.000000e+00
    outer loop
      vertex -2.475000e+01 -2.300000e+01 -7.751676e-14
      vertex -2.041225e+01 -2.300000e+01  7.788233e-01
      vertex -2.478828e+01 -2.300000e+01  6.328176e-01
    endloop
  endfacet
  facet normal  0.000000e+00 -1.000000e+00  0.000000e+00
    outer loop
      vertex -2.478828e+01 -2.300000e+01  6.328176e-01
      vertex -2.041225e+01 -2.300000e+01  7.788233e-01
      vertex -2.025806e+01 -2.300000e+01  1.278694e+00
    endloop
  endfacet
  facet normal  0.000000e+00 -9.999999e-01  0.000000e+00
    outer loop
      vertex -2.478828e+01 -2.300000e+01  6.328176e-01
      vertex -2.025806e+01 -2.300000e+01  1.278694e+00
      vertex -2.490256e+01 -2.300000e+01  1.256407e+00
    endloop
  endfacet
  facet normal  0.000000e+00 -1.000000e+00  0.000000e+00
    outer loop
      vertex -2.490256e+01 -2.300000e+01  1.256407e+00
      vertex -2.025806e+01 -2.300000e+01  1.278694e+00
      vertex -2.003109e+01 -2.300000e+01  1.750000e+00
    endloop
  endfacet
  facet normal  -0.000000e+00 -1.000000e+00  0.000000e+00
    outer loop
      vertex -2.490256e+01 -2.300000e+01  1.256407e+00
      vertex -2.003109e+01 -2.300000e+01  1.750000e+00
      vertex -2.509117e+01 -2.300000e+01  1.861676e+00
    endloop
  endfacet
  facet normal  0.000000e+00 -1.000000e+00  -0.000000e+00
    outer loop
      vertex -1.938060e+01 -2.300000e+01 -2.565681e+00
      vertex -1.973641e+01 -2.300000e+01 -2.182214e+00
      vertex -2.535136e+01 -2.300000e+01 -2.439797e+00
    endloop
  endfacet
  facet normal  0.000000e+00 -1.000000e+00  0.000000e+00
    outer loop
      vertex -2.535136e+01 -2.300000e+01 -2.439797e+00
      vertex -1.973641e+01 -2.300000e+01 -2.182214e+00
      vertex -2.003109e+01 -2.300000e+01 -1.750000e+00
    endloop
  endfacet
  facet normal  0.000000e+00 -1.000000e+00  0.000000e+00
    outer loop
      vertex -2.535136e+01 -2.300000e+01 -2.439797e+00
      vertex -2.003109e+01 -2.300000e+01 -1.750000e+00
      vertex -2.509117e+01 -2.300000e+01 -1.861676e+00
    endloop
  endfacet
  facet normal  0.000000e+00 -1.000000e+00  0.000000e+00
    outer loop
      vertex -2.509117e+01 -2.300000e+01 -1.861676e+00
      vertex -2.003109e+01 -2.300000e+01 -1.750000e+00
      vertex -2.025806e+01 -2.300000e+01 -1.278694e+00
    endloop
  endfacet
  facet normal  -0.000000e+00 -9.999999e-01  0.000000e+00
    outer loop
      vertex -2.509117e+01 -2.300000e+01 -1.861676e+00
      vertex -2.025806e+01 -2.300000e+01 -1.278694e+00
      vertex -2.490256e+01 -2.300000e+01 -1.256407e+00
    endloop
  endfacet
  facet normal  0.000000e+00 -1.000000e+00  0.000000e+00
    outer loop
      vertex -2.490256e+01 -2.300000e+01 -1.256407e+00
      vertex -2.025806e+01 -2.300000e+01 -1.278694e+00
      vertex -2.041225e+01 -2.300000e+01 -7.788233e-01
    endloop
  endfacet
  facet normal  -0.000000e+00 -1.000000e+00  0.000000e+00
    outer loop
      vertex -2.490256e+01 -2.300000e+01 -1.256407e+00
      vertex -2.041225e+01 -2.300000e+01 -7.788233e-01
      vertex -2.478828e+01 -2.300000e+01 -6.328176e-01
    endloop
  endfacet
  facet normal  0.000000e+00 -1.000000e+00  0.000000e+00
    outer loop
      vertex -2.478828e+01 -2.300000e+01 -6.328176e-01
      vertex -2.041225e+01 -2.300000e+01 -7.788233e-01
      vertex -2.049021e+01 -2.300000e+01 -2.615553e-01
    endloop
  endfacet
  facet normal  -0.000000e+00 -1.000000e+00  0.000000e+00
    outer loop
      vertex -2.478828e+01 -2.300000e+01 -6.328176e-01
      vertex -2.049021e+01 -2.300000e+01 -2.615553e-01
      vertex -2.475000e+01 -2.300000e+01 -7.751676e-14
    endloop
  endfacet
  facet normal  0.000000e+00 -1.000000e+00  -0.000000e+00
    outer loop
      vertex -1.803164e+01 -2.300000e+01 -3.344505e+00
      vertex -1.851859e+01 -2.300000e+01 -3.153391e+00
      vertex -2.607032e+01 -2.300000e+01 -3.481394e+00
    endloop
  endfacet
  facet normal  0.000000e+00 -1.000000e+00  0.000000e+00
    outer loop
      vertex -2.607032e+01 -2.300000e+01 -3.481394e+00
      vertex -1.851859e+01 -2.300000e+01 -3.153391e+00
      vertex -1.897162e+01 -2.300000e+01 -2.891836e+00
    endloop
  endfacet
  facet normal  0.000000e+00 -1.000000e+00  0.000000e+00
    outer loop
      vertex -2.607032e+01 -2.300000e+01 -3.481394e+00
      vertex -1.897162e+01 -2.300000e+01 -2.891836e+00
      vertex -2.567933e+01 -2.300000e+01 -2.982340e+00
    endloop
  endfacet
  facet normal  0.000000e+00 -1.000000e+00  0.000000e+00
    outer loop
      vertex -2.567933e+01 -2.300000e+01 -2.982340e+00
      vertex -1.897162e+01 -2.300000e+01 -2.891836e+00
      vertex -1.938060e+01 -2.300000e+01 -2.565681e+00
    endloop
  endfacet
  facet normal  -0.000000e+00 -1.000000e+00  0.000000e+00
    outer loop
      vertex -2.567933e+01 -2.300000e+01 -2.982340e+00
      vertex -1.938060e+01 -2.300000e+01 -2.565681e+00
      vertex -2.535136e+01 -2.300000e+01 -2.439797e+00
    endloop
  endfacet
  facet normal  0.000000e+00 -1.000000e+00  0.000000e+00
    outer loop
      vertex -4.148141e+01 -2.300000e+01  3.153391e+00
      vertex -3.432066e+01 -2.300000e+01  2.982340e+00
      vertex -4.196836e+01 -2.300000e+01  3.344505e+00
    endloop
  endfacet
  facet normal  0.000000e+00 -1.000000e+00  0.000000e+00
    outer loop
      vertex -4.196836e+01 -2.300000e+01  3.344505e+00
      vertex -3.432066e+01 -2.300000e+01  2.982340e+00
      vertex -3.392968e+01 -2.300000e+01  3.481394e+00
    endloop
  endfacet
  facet normal  0.000000e+00 -1.000000e+00  0.000000e+00
    outer loop
      vertex -4.196836e+01 -2.300000e+01  3.344505e+00
      vertex -3.392968e+01 -2.300000e+01  3.481394e+00
      vertex -4.247835e+01 -2.300000e+01  3.460908e+00
    endloop
  endfacet
  facet normal  -0.000000e+00 -1.000000e+00  0.000000e+00
    outer loop
      vertex -3.996891e+01 -2.300000e+01  1.750000e+00
      vertex -3.490884e+01 -2.300000e+01  1.861676e+00
      vertex -4.026359e+01 -2.300000e+01  2.182214e+00
    endloop
  endfacet
  facet normal  0.000000e+00 -1.000000e+00  0.000000e+00
    outer loop
      vertex -4.026359e+01 -2.300000e+01  2.182214e+00
      vertex -3.490884e+01 -2.300000e+01  1.861676e+00
      vertex -3.464864e+01 -2.300000e+01  2.439797e+00
    endloop
  endfacet
  facet normal  -0.000000e+00 -1.000000e+00  0.000000e+00
    outer loop
      vertex -4.026359e+01 -2.300000e+01  2.182214e+00
      vertex -3.464864e+01 -2.300000e+01  2.439797e+00
      vertex -4.061940e+01 -2.300000e+01  2.565681e+00
    endloop
  endfacet
  facet normal  0.000000e+00 -1.000000e+00  0.000000e+00
    outer loop
      vertex -4.061940e+01 -2.300000e+01  2.565681e+00
      vertex -3.464864e+01 -2.300000e+01  2.439797e+00
      vertex -3.432066e+01 -2.300000e+01  2.982340e+00
    endloop
  endfacet
  facet normal  0.000000e+00 -1.000000e+00  0.000000e+00
    outer loop
      vertex -4.061940e+01 -2.300000e+01  2.565681e+00
      vertex -3.432066e+01 -2.300000e+01  2.982340e+00
      vertex -4.102838e+01 -2.300000e+01  2.891836e+00
    endloop
  endfacet
  facet normal  -0.000000e+00 -1.000000e+00  0.000000e+00
    outer loop
      vertex -3.950979e+01 -2.300000e+01 -2.615553e-01
      vertex -3.525000e+01 -2.300000e+01 -7.815970e-14
      vertex -3.950979e+01 -2.300000e+01  2.615553e-01
    endloop
  endfacet
  facet normal  0.000000e+00 -1.000000e+00  0.000000e+00
    outer loop
      vertex -3.950979e+01 -2.300000e+01  2.615553e-01
      vertex -3.525000e+01 -2.300000e+01 -7.815970e-14
      vertex -3.521172e+01 -2.300000e+01  6.328176e-01
    endloop
  endfacet
  facet normal  -0.000000e+00 -1.000000e+00  0.000000e+00
    outer loop
      vertex -3.950979e+01 -2.300000e+01  2.615553e-01
      vertex -3.521172e+01 -2.300000e+01  6.328176e-01
      vertex -3.958775e+01 -2.300000e+01  7.788233e-01
    endloop
  endfacet
  facet normal  0.000000e+00 -1.000000e+00  0.000000e+00
    outer loop
      vertex -3.958775e+01 -2.300000e+01  7.788233e-01
      vertex -3.521172e+01 -2.300000e+01  6.328176e-01
      vertex -3.509745e+01 -2.300000e+01  1.256407e+00
    endloop
  endfacet
  facet normal  -0.000000e+00 -1.000000e+00  0.000000e+00
    outer loop
      vertex -3.958775e+01 -2.300000e+01  7.788233e-01
      vertex -3.509745e+01 -2.300000e+01  1.256407e+00
      vertex -3.974194e+01 -2.300000e+01  1.278694e+00
    endloop
  endfacet
  facet normal  0.000000e+00 -9.999999e-01  0.000000e+00
    outer loop
      vertex -3.974194e+01 -2.300000e+01  1.278694e+00
      vertex -3.509745e+01 -2.300000e+01  1.256407e+00
      vertex -3.490884e+01 -2.300000e+01  1.861676e+00
    endloop
  endfacet
  facet normal  0.000000e+00 -1.000000e+00  0.000000e+00
    outer loop
      vertex -3.974194e+01 -2.300000e+01  1.278694e+00
      vertex -3.490884e+01 -2.300000e+01  1.861676e+00
      vertex -3.996891e+01 -2.300000e+01  1.750000e+00
    endloop
  endfacet
  facet normal  -0.000000e+00 -1.000000e+00  0.000000e+00
    outer loop
      vertex -4.061940e+01 -2.300000e+01 -2.565681e+00
      vertex -3.464864e+01 -2.300000e+01 -2.439797e+00
      vertex -4.026359e+01 -2.300000e+01 -2.182214e+00
    endloop
  endfacet
  facet normal  0.000000e+00 -1.000000e+00  0.000000e+00
    outer loop
      vertex -4.026359e+01 -2.300000e+01 -2.182214e+00
      vertex -3.464864e+01 -2.300000e+01 -2.439797e+00
      vertex -3.490884e+01 -2.300000e+01 -1.861676e+00
    endloop
  endfacet
  facet normal  -0.000000e+00 -1.000000e+00  0.000000e+00
    outer loop
      vertex -4.026359e+01 -2.300000e+01 -2.182214e+00
      vertex -3.490884e+01 -2.300000e+01 -1.861676e+00
      vertex -3.996891e+01 -2.300000e+01 -1.750000e+00
    endloop
  endfacet
  facet normal  0.000000e+00 -9.999999e-01  0.000000e+00
    outer loop
      vertex -3.996891e+01 -2.300000e+01 -1.750000e+00
      vertex -3.490884e+01 -2.300000e+01 -1.861676e+00
      vertex -3.509745e+01 -2.300000e+01 -1.256407e+00
    endloop
  endfacet
  facet normal  0.000000e+00 -1.000000e+00  0.000000e+00
    outer loop
      vertex -3.996891e+01 -2.300000e+01 -1.750000e+00
      vertex -3.509745e+01 -2.300000e+01 -1.256407e+00
      vertex -3.974194e+01 -2.300000e+01 -1.278694e+00
    endloop
  endfacet
  facet normal  0.000000e+00 -9.999999e-01  0.000000e+00
    outer loop
      vertex -3.974194e+01 -2.300000e+01 -1.278694e+00
      vertex -3.509745e+01 -2.300000e+01 -1.256407e+00
      vertex -3.521172e+01 -2.300000e+01 -6.328176e-01
    endloop
  endfacet
  facet normal  0.000000e+00 -1.000000e+00  0.000000e+00
    outer loop
      vertex -3.974194e+01 -2.300000e+01 -1.278694e+00
      vertex -3.521172e+01 -2.300000e+01 -6.328176e-01
      vertex -3.958775e+01 -2.300000e+01 -7.788233e-01
    endloop
  endfacet
  facet normal  0.000000e+00 -1.000000e+00  0.000000e+00
    outer loop
      vertex -3.958775e+01 -2.300000e+01 -7.788233e-01
      vertex -3.521172e+01 -2.300000e+01 -6.328176e-01
      vertex -3.525000e+01 -2.300000e+01 -7.815970e-14
    endloop
  endfacet
  facet normal  0.000000e+00 -1.000000e+00  0.000000e+00
    outer loop
      vertex -3.958775e+01 -2.300000e+01 -7.788233e-01
      vertex -3.525000e+01 -2.300000e+01 -7.815970e-14
      vertex -3.950979e+01 -2.300000e+01 -2.615553e-01
    endloop
  endfacet
  facet normal  0.000000e+00 -1.000000e+00  0.000000e+00
    outer loop
      vertex -4.196836e+01 -2.300000e+01 -3.344505e+00
      vertex -3.392968e+01 -2.300000e+01 -3.481394e+00
      vertex -4.148141e+01 -2.300000e+01 -3.153391e+00
    endloop
  endfacet
  facet normal  0.000000e+00 -1.000000e+00  0.000000e+00
    outer loop
      vertex -4.148141e+01 -2.300000e+01 -3.153391e+00
      vertex -3.392968e+01 -2.300000e+01 -3.481394e+00
      vertex -3.432066e+01 -2.300000e+01 -2.982340e+00
    endloop
  endfacet
  facet normal  -0.000000e+00 -1.000000e+00  0.000000e+00
    outer loop
      vertex -4.148141e+01 -2.300000e+01 -3.153391e+00
      vertex -3.432066e+01 -2.300000e+01 -2.982340e+00
      vertex -4.102838e+01 -2.300000e+01 -2.891836e+00
    endloop
  endfacet
  facet normal  0.000000e+00 -1.000000e+00  0.000000e+00
    outer loop
      vertex -4.102838e+01 -2.300000e+01 -2.891836e+00
      vertex -3.432066e+01 -2.300000e+01 -2.982340e+00
      vertex -3.464864e+01 -2.300000e+01 -2.439797e+00
    endloop
  endfacet
  facet normal  0.000000e+00 -1.000000e+00  0.000000e+00
    outer loop
      vertex -4.102838e+01 -2.300000e+01 -2.891836e+00
      vertex -3.464864e+01 -2.300000e+01 -2.439797e+00
      vertex -4.061940e+01 -2.300000e+01 -2.565681e+00
    endloop
  endfacet
  facet normal  0.000000e+00 -1.000000e+00  -0.000000e+00
    outer loop
      vertex -5.150000e+01 -2.300000e+01  2.300000e+01
      vertex -5.525167e+01 -2.300000e+01  3.100000e+01
      vertex -6.150000e+01 -2.300000e+01  2.300000e+01
    endloop
  endfacet
  facet normal  0.000000e+00 -1.000000e+00  0.000000e+00
    outer loop
      vertex -6.150000e+01 -2.300000e+01  2.300000e+01
      vertex -5.525167e+01 -2.300000e+01  3.100000e+01
      vertex -6.150000e+01 -2.300000e+01  3.100000e+01
    endloop
  endfacet
  facet normal  1.000000e+00  0.000000e+00  0.000000e+00
    outer loop
      vertex  6.250000e+01 -1.500000e+01 -1.300000e+01
      vertex  6.250000e+01  2.300000e+01 -1.300000e+01
      vertex  6.250000e+01 -1.500000e+01  0.000000e+00
    endloop
  endfacet
  facet normal  1.000000e+00  -0.000000e+00  0.000000e+00
    outer loop
      vertex  6.250000e+01 -1.500000e+01  0.000000e+00
      vertex  6.250000e+01  2.300000e+01 -1.300000e+01
      vertex  6.250000e+01  2.300000e+01  0.000000e+00
    endloop
  endfacet
  facet normal  7.076923e-01  0.000000e+00  7.065207e-01
    outer loop
      vertex  6.250000e+01  2.300000e+01  0.000000e+00
      vertex  4.627692e+01  2.300000e+01  1.624998e+01
      vertex  6.250000e+01 -1.500000e+01  0.000000e+00
    endloop
  endfacet
  facet normal  7.076923e-01  0.000000e+00  7.065208e-01
    outer loop
      vertex  6.250000e+01 -1.500000e+01  0.000000e+00
      vertex  4.627692e+01  2.300000e+01  1.624998e+01
      vertex  5.950000e+01 -1.500000e+01  3.004975e+00
    endloop
  endfacet
  facet normal  7.076923e-01  -0.000000e+00  7.065207e-01
    outer loop
      vertex  4.627692e+01  2.300000e+01  1.624998e+01
      vertex  4.627692e+01 -2.300000e+01  1.624998e+01
      vertex  5.950000e+01 -1.500000e+01  3.004975e+00
    endloop
  endfacet
  facet normal  7.076923e-01  0.000000e+00  7.065207e-01
    outer loop
      vertex  5.950000e+01 -1.500000e+01  3.004975e+00
      vertex  4.627692e+01 -2.300000e+01  1.624998e+01
      vertex  5.950000e+01 -2.300000e+01  3.004975e+00
    endloop
  endfacet
  facet normal  0.000000e+00 -9.999999e-01  0.000000e+00
    outer loop
      vertex  5.950000e+01 -1.500000e+01 -1.300000e+01
      vertex  6.250000e+01 -1.500000e+01 -1.300000e+01
      vertex  5.950000e+01 -1.500000e+01  3.004975e+00
    endloop
  endfacet
  facet normal  0.000000e+00 -1.000000e+00  0.000000e+00
    outer loop
      vertex  5.950000e+01 -1.500000e+01  3.004975e+00
      vertex  6.250000e+01 -1.500000e+01 -1.300000e+01
      vertex  6.250000e+01 -1.500000e+01  0.000000e+00
    endloop
  endfacet
  facet normal  5.291597e-02 -7.061161e-01 -7.061160e-01
    outer loop
      vertex -1.700000e+01 -2.300000e+01  3.500000e+00
      vertex -1.752165e+01 -2.300000e+01  3.460908e+00
      vertex -1.700000e+01 -2.110000e+01  1.600000e+00
    endloop
  endfacet
  facet normal  6.925242e-02 -7.076789e-01 -7.031321e-01
    outer loop
      vertex -1.752165e+01 -2.300000e+01  3.460908e+00
      vertex -1.731215e+01 -2.110000e+01  1.569256e+00
      vertex -1.700000e+01 -2.110000e+01  1.600000e+00
    endloop
  endfacet
  facet normal  6.925237e-02 -7.076788e-01  7.031321e-01
    outer loop
      vertex -1.731215e+01 -2.110000e+01 -1.569256e+00
      vertex -1.752165e+01 -2.300000e+01 -3.460908e+00
      vertex -1.700000e+01 -2.110000e+01 -1.600000e+00
    endloop
  endfacet
  facet normal  5.291597e-02 -7.061161e-01  7.061160e-01
    outer loop
      vertex -1.752165e+01 -2.300000e+01 -3.460908e+00
      vertex -1.700000e+01 -2.300000e+01 -3.500000e+00
      vertex -1.700000e+01 -2.110000e+01 -1.600000e+00
    endloop
  endfacet
  facet normal  1.577259e-01 -7.053967e-01 -6.910413e-01
    outer loop
      vertex -1.752165e+01 -2.300000e+01  3.460908e+00
      vertex -1.803164e+01 -2.300000e+01  3.344505e+00
      vertex -1.731215e+01 -2.110000e+01  1.569256e+00
    endloop
  endfacet
  facet normal  2.589821e-01 -7.053311e-01 -6.598759e-01
    outer loop
      vertex -1.803164e+01 -2.300000e+01  3.344505e+00
      vertex -1.851859e+01 -2.300000e+01  3.153391e+00
      vertex -1.761229e+01 -2.110000e+01  1.478207e+00
    endloop
  endfacet
  facet normal  2.048491e-01 -7.085291e-01 -6.752950e-01
    outer loop
      vertex -1.731215e+01 -2.110000e+01  1.569256e+00
      vertex -1.803164e+01 -2.300000e+01  3.344505e+00
      vertex -1.761229e+01 -2.110000e+01  1.478207e+00
    endloop
  endfacet
  facet normal  3.541454e-01 -7.059202e-01 -6.133984e-01
    outer loop
      vertex -1.851859e+01 -2.300000e+01  3.153391e+00
      vertex -1.897162e+01 -2.300000e+01  2.891836e+00
      vertex -1.788891e+01 -2.110000e+01  1.330351e+00
    endloop
  endfacet
  facet normal  3.329240e-01 -7.079625e-01 -6.228568e-01
    outer loop
      vertex -1.761229e+01 -2.110000e+01  1.478207e+00
      vertex -1.851859e+01 -2.300000e+01  3.153391e+00
      vertex -1.788891e+01 -2.110000e+01  1.330351e+00
    endloop
  endfacet
  facet normal  5.195290e-01 -7.054883e-01 -4.820536e-01
    outer loop
      vertex -1.938060e+01 -2.300000e+01  2.565681e+00
      vertex -1.973641e+01 -2.300000e+01  2.182214e+00
      vertex -1.813137e+01 -2.110000e+01  1.131371e+00
    endloop
  endfacet
  facet normal  4.484371e-01 -7.073380e-01 -5.464221e-01
    outer loop
      vertex -1.788891e+01 -2.110000e+01  1.330351e+00
      vertex -1.938060e+01 -2.300000e+01  2.565681e+00
      vertex -1.813137e+01 -2.110000e+01  1.131371e+00
    endloop
  endfacet
  facet normal  4.413535e-01 -7.063380e-01 -5.534381e-01
    outer loop
      vertex -1.897162e+01 -2.300000e+01  2.891836e+00
      vertex -1.938060e+01 -2.300000e+01  2.565681e+00
      vertex -1.788891e+01 -2.110000e+01  1.330351e+00
    endloop
  endfacet
  facet normal  5.857341e-01 -7.052919e-01 -3.993481e-01
    outer loop
      vertex -1.973641e+01 -2.300000e+01  2.182214e+00
      vertex -2.003109e+01 -2.300000e+01  1.750000e+00
      vertex -1.833035e+01 -2.110000e+01  8.889124e-01
    endloop
  endfacet
  facet normal  5.455434e-01 -7.084725e-01 -4.477153e-01
    outer loop
      vertex -1.813137e+01 -2.110000e+01  1.131371e+00
      vertex -1.973641e+01 -2.300000e+01  2.182214e+00
      vertex -1.833035e+01 -2.110000e+01  8.889124e-01
    endloop
  endfacet
  facet normal  6.383011e-01 -7.057504e-01 -3.073890e-01
    outer loop
      vertex -2.003109e+01 -2.300000e+01  1.750000e+00
      vertex -2.025806e+01 -2.300000e+01  1.278694e+00
      vertex -1.847821e+01 -2.110000e+01  6.122935e-01
    endloop
  endfacet
  facet normal  6.226561e-01 -7.081896e-01 -3.328166e-01
    outer loop
      vertex -1.833035e+01 -2.110000e+01  8.889124e-01
      vertex -2.003109e+01 -2.300000e+01  1.750000e+00
      vertex -1.847821e+01 -2.110000e+01  6.122935e-01
    endloop
  endfacet
  facet normal  7.006896e-01 -7.056065e-01 -1.056108e-01
    outer loop
      vertex -2.041225e+01 -2.300000e+01  7.788233e-01
      vertex -2.049021e+01 -2.300000e+01  2.615553e-01
      vertex -1.856926e+01 -2.110000e+01  3.121445e-01
    endloop
  endfacet
  facet normal  6.768185e-01 -7.069399e-01 -2.053106e-01
    outer loop
      vertex -1.847821e+01 -2.110000e+01  6.122935e-01
      vertex -2.041225e+01 -2.300000e+01  7.788233e-01
      vertex -1.856926e+01 -2.110000e+01  3.121445e-01
    endloop
  endfacet
  facet normal  6.761893e-01 -7.065858e-01 -2.085774e-01
    outer loop
      vertex -2.025806e+01 -2.300000e+01  1.278694e+00
      vertex -2.041225e+01 -2.300000e+01  7.788233e-01
      vertex -1.847821e+01 -2.110000e+01  6.122935e-01
    endloop
  endfacet
  facet normal  7.089303e-01 -7.052786e-01  0.000000e+00
    outer loop
      vertex -2.049021e+01 -2.300000e+01  2.615553e-01
      vertex -2.049021e+01 -2.300000e+01 -2.615553e-01
      vertex -1.860000e+01 -2.110000e+01  3.748657e-15
    endloop
  endfacet
  facet normal  7.024530e-01 -7.083592e-01 -6.918790e-02
    outer loop
      vertex -1.856926e+01 -2.110000e+01  3.121445e-01
      vertex -2.049021e+01 -2.300000e+01  2.615553e-01
      vertex -1.860000e+01 -2.110000e+01  3.748657e-15
    endloop
  endfacet
  facet normal  7.006896e-01 -7.056065e-01  1.056108e-01
    outer loop
      vertex -2.049021e+01 -2.300000e+01 -2.615553e-01
      vertex -2.041225e+01 -2.300000e+01 -7.788233e-01
      vertex -1.856926e+01 -2.110000e+01 -3.121445e-01
    endloop
  endfacet
  facet normal  7.024530e-01 -7.083592e-01  6.918790e-02
    outer loop
      vertex -1.860000e+01 -2.110000e+01  3.748657e-15
      vertex -2.049021e+01 -2.300000e+01 -2.615553e-01
      vertex -1.856926e+01 -2.110000e+01 -3.121445e-01
    endloop
  endfacet
  facet normal  6.383011e-01 -7.057504e-01  3.073890e-01
    outer loop
      vertex -2.025806e+01 -2.300000e+01 -1.278694e+00
      vertex -2.003109e+01 -2.300000e+01 -1.750000e+00
      vertex -1.847821e+01 -2.110000e+01 -6.122935e-01
    endloop
  endfacet
  facet normal  6.772544e-01 -7.064841e-01  2.054428e-01
    outer loop
      vertex -1.856926e+01 -2.110000e+01 -3.121445e-01
      vertex -2.025806e+01 -2.300000e+01 -1.278694e+00
      vertex -1.847821e+01 -2.110000e+01 -6.122935e-01
    endloop
  endfacet
  facet normal  6.759284e-01 -7.068592e-01  2.084970e-01
    outer loop
      vertex -2.041225e+01 -2.300000e+01 -7.788233e-01
      vertex -2.025806e+01 -2.300000e+01 -1.278694e+00
      vertex -1.856926e+01 -2.110000e+01 -3.121445e-01
    endloop
  endfacet
  facet normal  5.857341e-01 -7.052919e-01  3.993481e-01
    outer loop
      vertex -2.003109e+01 -2.300000e+01 -1.750000e+00
      vertex -1.973641e+01 -2.300000e+01 -2.182214e+00
      vertex -1.833035e+01 -2.110000e+01 -8.889124e-01
    endloop
  endfacet
  facet normal  6.226561e-01 -7.081896e-01  3.328166e-01
    outer loop
      vertex -1.847821e+01 -2.110000e+01 -6.122935e-01
      vertex -2.003109e+01 -2.300000e+01 -1.750000e+00
      vertex -1.833035e+01 -2.110000e+01 -8.889124e-01
    endloop
  endfacet
  facet normal  5.195290e-01 -7.054883e-01  4.820536e-01
    outer loop
      vertex -1.973641e+01 -2.300000e+01 -2.182214e+00
      vertex -1.938060e+01 -2.300000e+01 -2.565681e+00
      vertex -1.813137e+01 -2.110000e+01 -1.131371e+00
    endloop
  endfacet
  facet normal  5.455434e-01 -7.084725e-01  4.477153e-01
    outer loop
      vertex -1.833035e+01 -2.110000e+01 -8.889124e-01
      vertex -1.973641e+01 -2.300000e+01 -2.182214e+00
      vertex -1.813137e+01 -2.110000e+01 -1.131371e+00
    endloop
  endfacet
  facet normal  3.541454e-01 -7.059203e-01  6.133984e-01
    outer loop
      vertex -1.897162e+01 -2.300000e+01 -2.891836e+00
      vertex -1.851859e+01 -2.300000e+01 -3.153391e+00
      vertex -1.788891e+01 -2.110000e+01 -1.330351e+00
    endloop
  endfacet
  facet normal  4.493036e-01 -7.059703e-01  5.474778e-01
    outer loop
      vertex -1.813137e+01 -2.110000e+01 -1.131371e+00
      vertex -1.897162e+01 -2.300000e+01 -2.891836e+00
      vertex -1.788891e+01 -2.110000e+01 -1.330351e+00
    endloop
  endfacet
  facet normal  4.408429e-01 -7.071577e-01  5.527979e-01
    outer loop
      vertex -1.938060e+01 -2.300000e+01 -2.565681e+00
      vertex -1.897162e+01 -2.300000e+01 -2.891836e+00
      vertex -1.813137e+01 -2.110000e+01 -1.131371e+00
    endloop
  endfacet
  facet normal  2.589822e-01 -7.053311e-01  6.598759e-01
    outer loop
      vertex -1.851859e+01 -2.300000e+01 -3.153391e+00
      vertex -1.803164e+01 -2.300000e+01 -3.344505e+00
      vertex -1.761229e+01 -2.110000e+01 -1.478207e+00
    endloop
  endfacet
  facet normal  3.329240e-01 -7.079625e-01  6.228568e-01
    outer loop
      vertex -1.788891e+01 -2.110000e+01 -1.330351e+00
      vertex -1.851859e+01 -2.300000e+01 -3.153391e+00
      vertex -1.761229e+01 -2.110000e+01 -1.478207e+00
    endloop
  endfacet
  facet normal  1.577259e-01 -7.053967e-01  6.910413e-01
    outer loop
      vertex -1.803164e+01 -2.300000e+01 -3.344505e+00
      vertex -1.752165e+01 -2.300000e+01 -3.460908e+00
      vertex -1.731215e+01 -2.110000e+01 -1.569256e+00
    endloop
  endfacet
  facet normal  2.048491e-01 -7.085291e-01  6.752950e-01
    outer loop
      vertex -1.761229e+01 -2.110000e+01 -1.478207e+00
      vertex -1.803164e+01 -2.300000e+01 -3.344505e+00
      vertex -1.731215e+01 -2.110000e+01 -1.569256e+00
    endloop
  endfacet
  facet normal -9.951847e-01  0.000000e+00  9.801728e-02
    outer loop
      vertex -1.540000e+01 -2.110000e+01  3.552714e-15
      vertex -1.543074e+01 -1.800000e+01 -3.121445e-01
      vertex -1.543074e+01 -2.110000e+01 -3.121445e-01
    endloop
  endfacet
  facet normal -9.569403e-01  0.000000e+00  2.902847e-01
    outer loop
      vertex -1.543074e+01 -2.110000e+01 -3.121445e-01
      vertex -1.543074e+01 -1.800000e+01 -3.121445e-01
      vertex -1.552179e+01 -1.800000e+01 -6.122935e-01
    endloop
  endfacet
  facet normal -9.569403e-01  0.000000e+00  2.902847e-01
    outer loop
      vertex -1.543074e+01 -2.110000e+01 -3.121445e-01
      vertex -1.552179e+01 -1.800000e+01 -6.122935e-01
      vertex -1.552179e+01 -2.110000e+01 -6.122935e-01
    endloop
  endfacet
  facet normal -8.819214e-01  0.000000e+00  4.713964e-01
    outer loop
      vertex -1.552179e+01 -2.110000e+01 -6.122935e-01
      vertex -1.552179e+01 -1.800000e+01 -6.122935e-01
      vertex -1.566965e+01 -1.800000e+01 -8.889124e-01
    endloop
  endfacet
  facet normal -8.819214e-01  0.000000e+00  4.713964e-01
    outer loop
      vertex -1.552179e+01 -2.110000e+01 -6.122935e-01
      vertex -1.566965e+01 -1.800000e+01 -8.889124e-01
      vertex -1.566965e+01 -2.110000e+01 -8.889124e-01
    endloop
  endfacet
  facet normal -7.730094e-01  0.000000e+00  6.343946e-01
    outer loop
      vertex -1.566965e+01 -2.110000e+01 -8.889124e-01
      vertex -1.566965e+01 -1.800000e+01 -8.889124e-01
      vertex -1.586863e+01 -1.800000e+01 -1.131371e+00
    endloop
  endfacet
  facet normal -7.730094e-01  0.000000e+00  6.343946e-01
    outer loop
      vertex -1.566965e+01 -2.110000e+01 -8.889124e-01
      vertex -1.586863e+01 -1.800000e+01 -1.131371e+00
      vertex -1.586863e+01 -2.110000e+01 -1.131371e+00
    endloop
  endfacet
  facet normal -6.343933e-01  0.000000e+00  7.730104e-01
    outer loop
      vertex -1.586863e+01 -2.110000e+01 -1.131371e+00
      vertex -1.586863e+01 -1.800000e+01 -1.131371e+00
      vertex -1.611109e+01 -1.800000e+01 -1.330351e+00
    endloop
  endfacet
  facet normal -6.343933e-01  0.000000e+00  7.730104e-01
    outer loop
      vertex -1.586863e+01 -2.110000e+01 -1.131371e+00
      vertex -1.611109e+01 -1.800000e+01 -1.330351e+00
      vertex -1.611109e+01 -2.110000e+01 -1.330351e+00
    endloop
  endfacet
  facet normal -4.713967e-01  0.000000e+00  8.819213e-01
    outer loop
      vertex -1.611109e+01 -2.110000e+01 -1.330351e+00
      vertex -1.611109e+01 -1.800000e+01 -1.330351e+00
      vertex -1.638771e+01 -1.800000e+01 -1.478207e+00
    endloop
  endfacet
  facet normal -4.713967e-01  0.000000e+00  8.819213e-01
    outer loop
      vertex -1.611109e+01 -2.110000e+01 -1.330351e+00
      vertex -1.638771e+01 -1.800000e+01 -1.478207e+00
      vertex -1.638771e+01 -2.110000e+01 -1.478207e+00
    endloop
  endfacet
  facet normal -2.902855e-01  0.000000e+00  9.569401e-01
    outer loop
      vertex -1.638771e+01 -2.110000e+01 -1.478207e+00
      vertex -1.638771e+01 -1.800000e+01 -1.478207e+00
      vertex -1.668785e+01 -1.800000e+01 -1.569256e+00
    endloop
  endfacet
  facet normal -2.902855e-01  0.000000e+00  9.569401e-01
    outer loop
      vertex -1.638771e+01 -2.110000e+01 -1.478207e+00
      vertex -1.668785e+01 -1.800000e+01 -1.569256e+00
      vertex -1.668785e+01 -2.110000e+01 -1.569256e+00
    endloop
  endfacet
  facet normal -9.801707e-02  0.000000e+00  9.951847e-01
    outer loop
      vertex -1.668785e+01 -2.110000e+01 -1.569256e+00
      vertex -1.668785e+01 -1.800000e+01 -1.569256e+00
      vertex -1.700000e+01 -1.800000e+01 -1.600000e+00
    endloop
  endfacet
  facet normal -9.801707e-02  0.000000e+00  9.951847e-01
    outer loop
      vertex -1.668785e+01 -2.110000e+01 -1.569256e+00
      vertex -1.700000e+01 -1.800000e+01 -1.600000e+00
      vertex -1.700000e+01 -2.110000e+01 -1.600000e+00
    endloop
  endfacet
  facet normal -9.951847e-01 -2.443367e-17  9.801728e-02
    outer loop
      vertex -1.543074e+01 -1.800000e+01 -3.121445e-01
      vertex -1.540000e+01 -2.110000e+01  3.552714e-15
      vertex -1.540000e+01 -1.800000e+01  4.325479e-15
    endloop
  endfacet
  facet normal -9.951847e-01  2.443367e-17 -9.801728e-02
    outer loop
      vertex -1.540000e+01 -1.800000e+01  4.325479e-15
      vertex -1.540000e+01 -2.110000e+01  3.552714e-15
      vertex -1.543074e+01 -2.110000e+01  3.121445e-01
    endloop
  endfacet
  facet normal -9.951847e-01  0.000000e+00 -9.801728e-02
    outer loop
      vertex -1.540000e+01 -1.800000e+01  4.325479e-15
      vertex -1.543074e+01 -2.110000e+01  3.121445e-01
      vertex -1.543074e+01 -1.800000e+01  3.121445e-01
    endloop
  endfacet
  facet normal -9.569403e-01  -0.000000e+00 -2.902847e-01
    outer loop
      vertex -1.543074e+01 -1.800000e+01  3.121445e-01
      vertex -1.543074e+01 -2.110000e+01  3.121445e-01
      vertex -1.552179e+01 -2.110000e+01  6.122935e-01
    endloop
  endfacet
  facet normal -9.569403e-01  0.000000e+00 -2.902847e-01
    outer loop
      vertex -1.543074e+01 -1.800000e+01  3.121445e-01
      vertex -1.552179e+01 -2.110000e+01  6.122935e-01
      vertex -1.552179e+01 -1.800000e+01  6.122935e-01
    endloop
  endfacet
  facet normal -8.819214e-01  -0.000000e+00 -4.713964e-01
    outer loop
      vertex -1.552179e+01 -1.800000e+01  6.122935e-01
      vertex -1.552179e+01 -2.110000e+01  6.122935e-01
      vertex -1.566965e+01 -2.110000e+01  8.889124e-01
    endloop
  endfacet
  facet normal -8.819214e-01  0.000000e+00 -4.713964e-01
    outer loop
      vertex -1.552179e+01 -1.800000e+01  6.122935e-01
      vertex -1.566965e+01 -2.110000e+01  8.889124e-01
      vertex -1.566965e+01 -1.800000e+01  8.889124e-01
    endloop
  endfacet
  facet normal -7.730094e-01  -0.000000e+00 -6.343946e-01
    outer loop
      vertex -1.566965e+01 -1.800000e+01  8.889124e-01
      vertex -1.566965e+01 -2.110000e+01  8.889124e-01
      vertex -1.586863e+01 -2.110000e+01  1.131371e+00
    endloop
  endfacet
  facet normal -7.730094e-01  0.000000e+00 -6.343946e-01
    outer loop
      vertex -1.566965e+01 -1.800000e+01  8.889124e-01
      vertex -1.586863e+01 -2.110000e+01  1.131371e+00
      vertex -1.586863e+01 -1.800000e+01  1.131371e+00
    endloop
  endfacet
  facet normal -6.343933e-01  -0.000000e+00 -7.730104e-01
    outer loop
      vertex -1.586863e+01 -1.800000e+01  1.131371e+00
      vertex -1.586863e+01 -2.110000e+01  1.131371e+00
      vertex -1.611109e+01 -2.110000e+01  1.330351e+00
    endloop
  endfacet
  facet normal -6.343933e-01  0.000000e+00 -7.730104e-01
    outer loop
      vertex -1.586863e+01 -1.800000e+01  1.131371e+00
      vertex -1.611109e+01 -2.110000e+01  1.330351e+00
      vertex -1.611109e+01 -1.800000e+01  1.330351e+00
    endloop
  endfacet
  facet normal -4.713967e-01  -0.000000e+00 -8.819213e-01
    outer loop
      vertex -1.611109e+01 -1.800000e+01  1.330351e+00
      vertex -1.611109e+01 -2.110000e+01  1.330351e+00
      vertex -1.638771e+01 -2.110000e+01  1.478207e+00
    endloop
  endfacet
  facet normal -4.713967e-01  0.000000e+00 -8.819213e-01
    outer loop
      vertex -1.611109e+01 -1.800000e+01  1.330351e+00
      vertex -1.638771e+01 -2.110000e+01  1.478207e+00
      vertex -1.638771e+01 -1.800000e+01  1.478207e+00
    endloop
  endfacet
  facet normal -2.902855e-01  -0.000000e+00 -9.569401e-01
    outer loop
      vertex -1.638771e+01 -1.800000e+01  1.478207e+00
      vertex -1.638771e+01 -2.110000e+01  1.478207e+00
      vertex -1.668785e+01 -2.110000e+01  1.569256e+00
    endloop
  endfacet
  facet normal -2.902855e-01  0.000000e+00 -9.569401e-01
    outer loop
      vertex -1.638771e+01 -1.800000e+01  1.478207e+00
      vertex -1.668785e+01 -2.110000e+01  1.569256e+00
      vertex -1.668785e+01 -1.800000e+01  1.569256e+00
    endloop
  endfacet
  facet normal -9.801707e-02  -0.000000e+00 -9.951847e-01
    outer loop
      vertex -1.668785e+01 -1.800000e+01  1.569256e+00
      vertex -1.668785e+01 -2.110000e+01  1.569256e+00
      vertex -1.700000e+01 -2.110000e+01  1.600000e+00
    endloop
  endfacet
  facet normal -9.801707e-02  0.000000e+00 -9.951847e-01
    outer loop
      vertex -1.668785e+01 -1.800000e+01  1.569256e+00
      vertex -1.700000e+01 -2.110000e+01  1.600000e+00
      vertex -1.700000e+01 -1.800000e+01  1.600000e+00
    endloop
  endfacet
  facet normal  9.951844e-01  0.000000e+00 -9.802030e-02
    outer loop
      vertex -1.860000e+01 -2.110000e+01  3.748657e-15
      vertex -1.856926e+01 -1.800000e+01  3.121445e-01
      vertex -1.856926e+01 -2.110000e+01  3.121445e-01
    endloop
  endfacet
  facet normal  9.569403e-01  0.000000e+00 -2.902847e-01
    outer loop
      vertex -1.856926e+01 -2.110000e+01  3.121445e-01
      vertex -1.856926e+01 -1.800000e+01  3.121445e-01
      vertex -1.847821e+01 -1.800000e+01  6.122935e-01
    endloop
  endfacet
  facet normal  9.569403e-01  0.000000e+00 -2.902847e-01
    outer loop
      vertex -1.856926e+01 -2.110000e+01  3.121445e-01
      vertex -1.847821e+01 -1.800000e+01  6.122935e-01
      vertex -1.847821e+01 -2.110000e+01  6.122935e-01
    endloop
  endfacet
  facet normal  8.819214e-01  0.000000e+00 -4.713964e-01
    outer loop
      vertex -1.847821e+01 -2.110000e+01  6.122935e-01
      vertex -1.847821e+01 -1.800000e+01  6.122935e-01
      vertex -1.833035e+01 -1.800000e+01  8.889124e-01
    endloop
  endfacet
  facet normal  8.819214e-01  0.000000e+00 -4.713964e-01
    outer loop
      vertex -1.847821e+01 -2.110000e+01  6.122935e-01
      vertex -1.833035e+01 -1.800000e+01  8.889124e-01
      vertex -1.833035e+01 -2.110000e+01  8.889124e-01
    endloop
  endfacet
  facet normal  7.730108e-01  0.000000e+00 -6.343928e-01
    outer loop
      vertex -1.833035e+01 -2.110000e+01  8.889124e-01
      vertex -1.833035e+01 -1.800000e+01  8.889124e-01
      vertex -1.813137e+01 -1.800000e+01  1.131371e+00
    endloop
  endfacet
  facet normal  7.730108e-01  0.000000e+00 -6.343928e-01
    outer loop
      vertex -1.833035e+01 -2.110000e+01  8.889124e-01
      vertex -1.813137e+01 -1.800000e+01  1.131371e+00
      vertex -1.813137e+01 -2.110000e+01  1.131371e+00
    endloop
  endfacet
  facet normal  6.343933e-01  0.000000e+00 -7.730104e-01
    outer loop
      vertex -1.813137e+01 -2.110000e+01  1.131371e+00
      vertex -1.813137e+01 -1.800000e+01  1.131371e+00
      vertex -1.788891e+01 -1.800000e+01  1.330351e+00
    endloop
  endfacet
  facet normal  6.343933e-01  0.000000e+00 -7.730104e-01
    outer loop
      vertex -1.813137e+01 -2.110000e+01  1.131371e+00
      vertex -1.788891e+01 -1.800000e+01  1.330351e+00
      vertex -1.788891e+01 -2.110000e+01  1.330351e+00
    endloop
  endfacet
  facet normal  4.713967e-01  0.000000e+00 -8.819213e-01
    outer loop
      vertex -1.788891e+01 -2.110000e+01  1.330351e+00
      vertex -1.788891e+01 -1.800000e+01  1.330351e+00
      vertex -1.761229e+01 -1.800000e+01  1.478207e+00
    endloop
  endfacet
  facet normal  4.713967e-01  0.000000e+00 -8.819213e-01
    outer loop
      vertex -1.788891e+01 -2.110000e+01  1.330351e+00
      vertex -1.761229e+01 -1.800000e+01  1.478207e+00
      vertex -1.761229e+01 -2.110000e+01  1.478207e+00
    endloop
  endfacet
  facet normal  2.902855e-01  0.000000e+00 -9.569401e-01
    outer loop
      vertex -1.761229e+01 -2.110000e+01  1.478207e+00
      vertex -1.761229e+01 -1.800000e+01  1.478207e+00
      vertex -1.731215e+01 -1.800000e+01  1.569256e+00
    endloop
  endfacet
  facet normal  2.902855e-01  0.000000e+00 -9.569401e-01
    outer loop
      vertex -1.761229e+01 -2.110000e+01  1.478207e+00
      vertex -1.731215e+01 -1.800000e+01  1.569256e+00
      vertex -1.731215e+01 -2.110000e+01  1.569256e+00
    endloop
  endfacet
  facet normal  9.801707e-02  0.000000e+00 -9.951847e-01
    outer loop
      vertex -1.731215e+01 -2.110000e+01  1.569256e+00
      vertex -1.731215e+01 -1.800000e+01  1.569256e+00
      vertex -1.700000e+01 -1.800000e+01  1.600000e+00
    endloop
  endfacet
  facet normal  9.801707e-02  0.000000e+00 -9.951847e-01
    outer loop
      vertex -1.731215e+01 -2.110000e+01  1.569256e+00
      vertex -1.700000e+01 -1.800000e+01  1.600000e+00
      vertex -1.700000e+01 -2.110000e+01  1.600000e+00
    endloop
  endfacet
  facet normal  9.951844e-01  4.921692e-17 -9.802030e-02
    outer loop
      vertex -1.856926e+01 -1.800000e+01  3.121445e-01
      vertex -1.860000e+01 -2.110000e+01  3.748657e-15
      vertex -1.860000e+01 -1.800000e+01  5.305196e-15
    endloop
  endfacet
  facet normal  9.951844e-01 -4.921692e-17  9.802030e-02
    outer loop
      vertex -1.860000e+01 -1.800000e+01  5.305196e-15
      vertex -1.860000e+01 -2.110000e+01  3.748657e-15
      vertex -1.856926e+01 -2.110000e+01 -3.121445e-01
    endloop
  endfacet
  facet normal  9.951844e-01  -0.000000e+00  9.802030e-02
    outer loop
      vertex -1.860000e+01 -1.800000e+01  5.305196e-15
      vertex -1.856926e+01 -2.110000e+01 -3.121445e-01
      vertex -1.856926e+01 -1.800000e+01 -3.121445e-01
    endloop
  endfacet
  facet normal  9.569403e-01  0.000000e+00  2.902847e-01
    outer loop
      vertex -1.856926e+01 -1.800000e+01 -3.121445e-01
      vertex -1.856926e+01 -2.110000e+01 -3.121445e-01
      vertex -1.847821e+01 -2.110000e+01 -6.122935e-01
    endloop
  endfacet
  facet normal  9.569403e-01  -0.000000e+00  2.902847e-01
    outer loop
      vertex -1.856926e+01 -1.800000e+01 -3.121445e-01
      vertex -1.847821e+01 -2.110000e+01 -6.122935e-01
      vertex -1.847821e+01 -1.800000e+01 -6.122935e-01
    endloop
  endfacet
  facet normal  8.819214e-01  0.000000e+00  4.713964e-01
    outer loop
      vertex -1.847821e+01 -1.800000e+01 -6.122935e-01
      vertex -1.847821e+01 -2.110000e+01 -6.122935e-01
      vertex -1.833035e+01 -2.110000e+01 -8.889124e-01
    endloop
  endfacet
  facet normal  8.819214e-01  -0.000000e+00  4.713964e-01
    outer loop
      vertex -1.847821e+01 -1.800000e+01 -6.122935e-01
      vertex -1.833035e+01 -2.110000e+01 -8.889124e-01
      vertex -1.833035e+01 -1.800000e+01 -8.889124e-01
    endloop
  endfacet
  facet normal  7.730108e-01  0.000000e+00  6.343928e-01
    outer loop
      vertex -1.833035e+01 -1.800000e+01 -8.889124e-01
      vertex -1.833035e+01 -2.110000e+01 -8.889124e-01
      vertex -1.813137e+01 -2.110000e+01 -1.131371e+00
    endloop
  endfacet
  facet normal  7.730108e-01  -0.000000e+00  6.343928e-01
    outer loop
      vertex -1.833035e+01 -1.800000e+01 -8.889124e-01
      vertex -1.813137e+01 -2.110000e+01 -1.131371e+00
      vertex -1.813137e+01 -1.800000e+01 -1.131371e+00
    endloop
  endfacet
  facet normal  6.343933e-01  0.000000e+00  7.730104e-01
    outer loop
      vertex -1.813137e+01 -1.800000e+01 -1.131371e+00
      vertex -1.813137e+01 -2.110000e+01 -1.131371e+00
      vertex -1.788891e+01 -2.110000e+01 -1.330351e+00
    endloop
  endfacet
  facet normal  6.343933e-01  -0.000000e+00  7.730104e-01
    outer loop
      vertex -1.813137e+01 -1.800000e+01 -1.131371e+00
      vertex -1.788891e+01 -2.110000e+01 -1.330351e+00
      vertex -1.788891e+01 -1.800000e+01 -1.330351e+00
    endloop
  endfacet
  facet normal  4.713967e-01  0.000000e+00  8.819213e-01
    outer loop
      vertex -1.788891e+01 -1.800000e+01 -1.330351e+00
      vertex -1.788891e+01 -2.110000e+01 -1.330351e+00
      vertex -1.761229e+01 -2.110000e+01 -1.478207e+00
    endloop
  endfacet
  facet normal  4.713967e-01  -0.000000e+00  8.819213e-01
    outer loop
      vertex -1.788891e+01 -1.800000e+01 -1.330351e+00
      vertex -1.761229e+01 -2.110000e+01 -1.478207e+00
      vertex -1.761229e+01 -1.800000e+01 -1.478207e+00
    endloop
  endfacet
  facet normal  2.902855e-01  0.000000e+00  9.569401e-01
    outer loop
      vertex -1.761229e+01 -1.800000e+01 -1.478207e+00
      vertex -1.761229e+01 -2.110000e+01 -1.478207e+00
      vertex -1.731215e+01 -2.110000e+01 -1.569256e+00
    endloop
  endfacet
  facet normal  2.902855e-01  -0.000000e+00  9.569401e-01
    outer loop
      vertex -1.761229e+01 -1.800000e+01 -1.478207e+00
      vertex -1.731215e+01 -2.110000e+01 -1.569256e+00
      vertex -1.731215e+01 -1.800000e+01 -1.569256e+00
    endloop
  endfacet
  facet normal  9.801707e-02  0.000000e+00  9.951847e-01
    outer loop
      vertex -1.731215e+01 -1.800000e+01 -1.569256e+00
      vertex -1.731215e+01 -2.110000e+01 -1.569256e+00
      vertex -1.700000e+01 -2.110000e+01 -1.600000e+00
    endloop
  endfacet
  facet normal  9.801707e-02  -0.000000e+00  9.951847e-01
    outer loop
      vertex -1.731215e+01 -1.800000e+01 -1.569256e+00
      vertex -1.700000e+01 -2.110000e+01 -1.600000e+00
      vertex -1.700000e+01 -1.800000e+01 -1.600000e+00
    endloop
  endfacet
  facet normal -5.291597e-02 -7.061161e-01  7.061160e-01
    outer loop
      vertex -1.700000e+01 -2.300000e+01 -3.500000e+00
      vertex -1.647835e+01 -2.300000e+01 -3.460908e+00
      vertex -1.700000e+01 -2.110000e+01 -1.600000e+00
    endloop
  endfacet
  facet normal -6.925242e-02 -7.076789e-01  7.031321e-01
    outer loop
      vertex -1.647835e+01 -2.300000e+01 -3.460908e+00
      vertex -1.668785e+01 -2.110000e+01 -1.569256e+00
      vertex -1.700000e+01 -2.110000e+01 -1.600000e+00
    endloop
  endfacet
  facet normal -6.925237e-02 -7.076788e-01 -7.031321e-01
    outer loop
      vertex -1.668785e+01 -2.110000e+01  1.569256e+00
      vertex -1.647835e+01 -2.300000e+01  3.460908e+00
      vertex -1.700000e+01 -2.110000e+01  1.600000e+00
    endloop
  endfacet
  facet normal -5.291597e-02 -7.061161e-01 -7.061160e-01
    outer loop
      vertex -1.647835e+01 -2.300000e+01  3.460908e+00
      vertex -1.700000e+01 -2.300000e+01  3.500000e+00
      vertex -1.700000e+01 -2.110000e+01  1.600000e+00
    endloop
  endfacet
  facet normal -1.577259e-01 -7.053967e-01  6.910413e-01
    outer loop
      vertex -1.647835e+01 -2.300000e+01 -3.460908e+00
      vertex -1.596836e+01 -2.300000e+01 -3.344505e+00
      vertex -1.668785e+01 -2.110000e+01 -1.569256e+00
    endloop
  endfacet
  facet normal -2.589821e-01 -7.053311e-01  6.598759e-01
    outer loop
      vertex -1.596836e+01 -2.300000e+01 -3.344505e+00
      vertex -1.548141e+01 -2.300000e+01 -3.153391e+00
      vertex -1.638771e+01 -2.110000e+01 -1.478207e+00
    endloop
  endfacet
  facet normal -2.048491e-01 -7.085291e-01  6.752950e-01
    outer loop
      vertex -1.668785e+01 -2.110000e+01 -1.569256e+00
      vertex -1.596836e+01 -2.300000e+01 -3.344505e+00
      vertex -1.638771e+01 -2.110000e+01 -1.478207e+00
    endloop
  endfacet
  facet normal -3.541454e-01 -7.059202e-01  6.133984e-01
    outer loop
      vertex -1.548141e+01 -2.300000e+01 -3.153391e+00
      vertex -1.502838e+01 -2.300000e+01 -2.891836e+00
      vertex -1.611109e+01 -2.110000e+01 -1.330351e+00
    endloop
  endfacet
  facet normal -3.329240e-01 -7.079625e-01  6.228568e-01
    outer loop
      vertex -1.638771e+01 -2.110000e+01 -1.478207e+00
      vertex -1.548141e+01 -2.300000e+01 -3.153391e+00
      vertex -1.611109e+01 -2.110000e+01 -1.330351e+00
    endloop
  endfacet
  facet normal -5.195296e-01 -7.054884e-01  4.820528e-01
    outer loop
      vertex -1.461940e+01 -2.300000e+01 -2.565681e+00
      vertex -1.426359e+01 -2.300000e+01 -2.182214e+00
      vertex -1.586863e+01 -2.110000e+01 -1.131371e+00
    endloop
  endfacet
  facet normal -4.484370e-01 -7.073381e-01  5.464220e-01
    outer loop
      vertex -1.611109e+01 -2.110000e+01 -1.330351e+00
      vertex -1.461940e+01 -2.300000e+01 -2.565681e+00
      vertex -1.586863e+01 -2.110000e+01 -1.131371e+00
    endloop
  endfacet
  facet normal -4.413528e-01 -7.063380e-01  5.534385e-01
    outer loop
      vertex -1.502838e+01 -2.300000e+01 -2.891836e+00
      vertex -1.461940e+01 -2.300000e+01 -2.565681e+00
      vertex -1.611109e+01 -2.110000e+01 -1.330351e+00
    endloop
  endfacet
  facet normal -5.857349e-01 -7.052917e-01  3.993473e-01
    outer loop
      vertex -1.426359e+01 -2.300000e+01 -2.182214e+00
      vertex -1.396891e+01 -2.300000e+01 -1.750000e+00
      vertex -1.566965e+01 -2.110000e+01 -8.889124e-01
    endloop
  endfacet
  facet normal -5.455425e-01 -7.084724e-01  4.477168e-01
    outer loop
      vertex -1.586863e+01 -2.110000e+01 -1.131371e+00
      vertex -1.426359e+01 -2.300000e+01 -2.182214e+00
      vertex -1.566965e+01 -2.110000e+01 -8.889124e-01
    endloop
  endfacet
  facet normal -6.383008e-01 -7.057502e-01  3.073902e-01
    outer loop
      vertex -1.396891e+01 -2.300000e+01 -1.750000e+00
      vertex -1.374194e+01 -2.300000e+01 -1.278694e+00
      vertex -1.552179e+01 -2.110000e+01 -6.122935e-01
    endloop
  endfacet
  facet normal -6.226564e-01 -7.081894e-01  3.328165e-01
    outer loop
      vertex -1.566965e+01 -2.110000e+01 -8.889124e-01
      vertex -1.396891e+01 -2.300000e+01 -1.750000e+00
      vertex -1.552179e+01 -2.110000e+01 -6.122935e-01
    endloop
  endfacet
  facet normal -7.006897e-01 -7.056062e-01  1.056122e-01
    outer loop
      vertex -1.358775e+01 -2.300000e+01 -7.788233e-01
      vertex -1.350979e+01 -2.300000e+01 -2.615553e-01
      vertex -1.543074e+01 -2.110000e+01 -3.121445e-01
    endloop
  endfacet
  facet normal -6.768188e-01 -7.069396e-01  2.053107e-01
    outer loop
      vertex -1.552179e+01 -2.110000e+01 -6.122935e-01
      vertex -1.358775e+01 -2.300000e+01 -7.788233e-01
      vertex -1.543074e+01 -2.110000e+01 -3.121445e-01
    endloop
  endfacet
  facet normal -6.761898e-01 -7.065856e-01  2.085763e-01
    outer loop
      vertex -1.374194e+01 -2.300000e+01 -1.278694e+00
      vertex -1.358775e+01 -2.300000e+01 -7.788233e-01
      vertex -1.552179e+01 -2.110000e+01 -6.122935e-01
    endloop
  endfacet
  facet normal -7.089303e-01 -7.052786e-01  -0.000000e+00
    outer loop
      vertex -1.350979e+01 -2.300000e+01 -2.615553e-01
      vertex -1.350979e+01 -2.300000e+01  2.615553e-01
      vertex -1.540000e+01 -2.110000e+01  3.552714e-15
    endloop
  endfacet
  facet normal -7.024533e-01 -7.083591e-01  6.918567e-02
    outer loop
      vertex -1.543074e+01 -2.110000e+01 -3.121445e-01
      vertex -1.350979e+01 -2.300000e+01 -2.615553e-01
      vertex -1.540000e+01 -2.110000e+01  3.552714e-15
    endloop
  endfacet
  facet normal -7.006897e-01 -7.056062e-01 -1.056122e-01
    outer loop
      vertex -1.350979e+01 -2.300000e+01  2.615553e-01
      vertex -1.358775e+01 -2.300000e+01  7.788233e-01
      vertex -1.543074e+01 -2.110000e+01  3.121445e-01
    endloop
  endfacet
  facet normal -7.024533e-01 -7.083591e-01 -6.918567e-02
    outer loop
      vertex -1.540000e+01 -2.110000e+01  3.552714e-15
      vertex -1.350979e+01 -2.300000e+01  2.615553e-01
      vertex -1.543074e+01 -2.110000e+01  3.121445e-01
    endloop
  endfacet
  facet normal -6.383008e-01 -7.057502e-01 -3.073902e-01
    outer loop
      vertex -1.374194e+01 -2.300000e+01  1.278694e+00
      vertex -1.396891e+01 -2.300000e+01  1.750000e+00
      vertex -1.552179e+01 -2.110000e+01  6.122935e-01
    endloop
  endfacet
  facet normal -6.772545e-01 -7.064839e-01 -2.054432e-01
    outer loop
      vertex -1.543074e+01 -2.110000e+01  3.121445e-01
      vertex -1.374194e+01 -2.300000e+01  1.278694e+00
      vertex -1.552179e+01 -2.110000e+01  6.122935e-01
    endloop
  endfacet
  facet normal -6.759290e-01 -7.068588e-01 -2.084959e-01
    outer loop
      vertex -1.358775e+01 -2.300000e+01  7.788233e-01
      vertex -1.374194e+01 -2.300000e+01  1.278694e+00
      vertex -1.543074e+01 -2.110000e+01  3.121445e-01
    endloop
  endfacet
  facet normal -5.857349e-01 -7.052917e-01 -3.993473e-01
    outer loop
      vertex -1.396891e+01 -2.300000e+01  1.750000e+00
      vertex -1.426359e+01 -2.300000e+01  2.182214e+00
      vertex -1.566965e+01 -2.110000e+01  8.889124e-01
    endloop
  endfacet
  facet normal -6.226564e-01 -7.081894e-01 -3.328165e-01
    outer loop
      vertex -1.552179e+01 -2.110000e+01  6.122935e-01
      vertex -1.396891e+01 -2.300000e+01  1.750000e+00
      vertex -1.566965e+01 -2.110000e+01  8.889124e-01
    endloop
  endfacet
  facet normal -5.195296e-01 -7.054884e-01 -4.820529e-01
    outer loop
      vertex -1.426359e+01 -2.300000e+01  2.182214e+00
      vertex -1.461940e+01 -2.300000e+01  2.565681e+00
      vertex -1.586863e+01 -2.110000e+01  1.131371e+00
    endloop
  endfacet
  facet normal -5.455425e-01 -7.084724e-01 -4.477168e-01
    outer loop
      vertex -1.566965e+01 -2.110000e+01  8.889124e-01
      vertex -1.426359e+01 -2.300000e+01  2.182214e+00
      vertex -1.586863e+01 -2.110000e+01  1.131371e+00
    endloop
  endfacet
  facet normal -3.541454e-01 -7.059203e-01 -6.133984e-01
    outer loop
      vertex -1.502838e+01 -2.300000e+01  2.891836e+00
      vertex -1.548141e+01 -2.300000e+01  3.153391e+00
      vertex -1.611109e+01 -2.110000e+01  1.330351e+00
    endloop
  endfacet
  facet normal -4.493036e-01 -7.059703e-01 -5.474778e-01
    outer loop
      vertex -1.586863e+01 -2.110000e+01  1.131371e+00
      vertex -1.502838e+01 -2.300000e+01  2.891836e+00
      vertex -1.611109e+01 -2.110000e+01  1.330351e+00
    endloop
  endfacet
  facet normal -4.408422e-01 -7.071579e-01 -5.527983e-01
    outer loop
      vertex -1.461940e+01 -2.300000e+01  2.565681e+00
      vertex -1.502838e+01 -2.300000e+01  2.891836e+00
      vertex -1.586863e+01 -2.110000e+01  1.131371e+00
    endloop
  endfacet
  facet normal -2.589822e-01 -7.053311e-01 -6.598759e-01
    outer loop
      vertex -1.548141e+01 -2.300000e+01  3.153391e+00
      vertex -1.596836e+01 -2.300000e+01  3.344505e+00
      vertex -1.638771e+01 -2.110000e+01  1.478207e+00
    endloop
  endfacet
  facet normal -3.329240e-01 -7.079625e-01 -6.228568e-01
    outer loop
      vertex -1.611109e+01 -2.110000e+01  1.330351e+00
      vertex -1.548141e+01 -2.300000e+01  3.153391e+00
      vertex -1.638771e+01 -2.110000e+01  1.478207e+00
    endloop
  endfacet
  facet normal -1.577259e-01 -7.053967e-01 -6.910413e-01
    outer loop
      vertex -1.596836e+01 -2.300000e+01  3.344505e+00
      vertex -1.647835e+01 -2.300000e+01  3.460908e+00
      vertex -1.668785e+01 -2.110000e+01  1.569256e+00
    endloop
  endfacet
  facet normal -2.048491e-01 -7.085291e-01 -6.752950e-01
    outer loop
      vertex -1.638771e+01 -2.110000e+01  1.478207e+00
      vertex -1.596836e+01 -2.300000e+01  3.344505e+00
      vertex -1.668785e+01 -2.110000e+01  1.569256e+00
    endloop
  endfacet
  facet normal -7.061161e-01 -7.061161e-01 -5.291726e-02
    outer loop
      vertex -2.650000e+01 -2.300000e+01 -1.300000e+01
      vertex -2.653909e+01 -2.300000e+01 -1.247835e+01
      vertex -2.840000e+01 -2.110000e+01 -1.300000e+01
    endloop
  endfacet
  facet normal -7.031319e-01 -7.076788e-01 -6.925476e-02
    outer loop
      vertex -2.653909e+01 -2.300000e+01 -1.247835e+01
      vertex -2.843074e+01 -2.110000e+01 -1.268786e+01
      vertex -2.840000e+01 -2.110000e+01 -1.300000e+01
    endloop
  endfacet
  facet normal  7.031319e-01 -7.076788e-01 -6.925482e-02
    outer loop
      vertex -3.156926e+01 -2.110000e+01 -1.268786e+01
      vertex -3.346091e+01 -2.300000e+01 -1.247835e+01
      vertex -3.160000e+01 -2.110000e+01 -1.300000e+01
    endloop
  endfacet
  facet normal  7.061161e-01 -7.061161e-01 -5.291726e-02
    outer loop
      vertex -3.346091e+01 -2.300000e+01 -1.247835e+01
      vertex -3.350000e+01 -2.300000e+01 -1.300000e+01
      vertex -3.160000e+01 -2.110000e+01 -1.300000e+01
    endloop
  endfacet
  facet normal -6.910416e-01 -7.053968e-01 -1.577241e-01
    outer loop
      vertex -2.653909e+01 -2.300000e+01 -1.247835e+01
      vertex -2.665549e+01 -2.300000e+01 -1.196836e+01
      vertex -2.843074e+01 -2.110000e+01 -1.268786e+01
    endloop
  endfacet
  facet normal -6.598755e-01 -7.053313e-01 -2.589830e-01
    outer loop
      vertex -2.665549e+01 -2.300000e+01 -1.196836e+01
      vertex -2.684661e+01 -2.300000e+01 -1.148141e+01
      vertex -2.852179e+01 -2.110000e+01 -1.238771e+01
    endloop
  endfacet
  facet normal -6.752950e-01 -7.085293e-01 -2.048485e-01
    outer loop
      vertex -2.843074e+01 -2.110000e+01 -1.268786e+01
      vertex -2.665549e+01 -2.300000e+01 -1.196836e+01
      vertex -2.852179e+01 -2.110000e+01 -1.238771e+01
    endloop
  endfacet
  facet normal -6.133987e-01 -7.059204e-01 -3.541446e-01
    outer loop
      vertex -2.684661e+01 -2.300000e+01 -1.148141e+01
      vertex -2.710816e+01 -2.300000e+01 -1.102838e+01
      vertex -2.866965e+01 -2.110000e+01 -1.211109e+01
    endloop
  endfacet
  facet normal -6.228569e-01 -7.079627e-01 -3.329238e-01
    outer loop
      vertex -2.852179e+01 -2.110000e+01 -1.238771e+01
      vertex -2.684661e+01 -2.300000e+01 -1.148141e+01
      vertex -2.866965e+01 -2.110000e+01 -1.211109e+01
    endloop
  endfacet
  facet normal -4.820531e-01 -7.054886e-01 -5.195293e-01
    outer loop
      vertex -2.743432e+01 -2.300000e+01 -1.061940e+01
      vertex -2.781779e+01 -2.300000e+01 -1.026359e+01
      vertex -2.886863e+01 -2.110000e+01 -1.186863e+01
    endloop
  endfacet
  facet normal -5.464222e-01 -7.073382e-01 -4.484369e-01
    outer loop
      vertex -2.866965e+01 -2.110000e+01 -1.211109e+01
      vertex -2.743432e+01 -2.300000e+01 -1.061940e+01
      vertex -2.886863e+01 -2.110000e+01 -1.186863e+01
    endloop
  endfacet
  facet normal -5.534381e-01 -7.063382e-01 -4.413531e-01
    outer loop
      vertex -2.710816e+01 -2.300000e+01 -1.102838e+01
      vertex -2.743432e+01 -2.300000e+01 -1.061940e+01
      vertex -2.866965e+01 -2.110000e+01 -1.211109e+01
    endloop
  endfacet
  facet normal -3.993469e-01 -7.052917e-01 -5.857350e-01
    outer loop
      vertex -2.781779e+01 -2.300000e+01 -1.026359e+01
      vertex -2.825000e+01 -2.300000e+01 -9.968911e+00
      vertex -2.911109e+01 -2.110000e+01 -1.166965e+01
    endloop
  endfacet
  facet normal -4.477169e-01 -7.084725e-01 -5.455422e-01
    outer loop
      vertex -2.886863e+01 -2.110000e+01 -1.186863e+01
      vertex -2.781779e+01 -2.300000e+01 -1.026359e+01
      vertex -2.911109e+01 -2.110000e+01 -1.166965e+01
    endloop
  endfacet
  facet normal -3.073905e-01 -7.057503e-01 -6.383007e-01
    outer loop
      vertex -2.825000e+01 -2.300000e+01 -9.968911e+00
      vertex -2.872131e+01 -2.300000e+01 -9.741941e+00
      vertex -2.938771e+01 -2.110000e+01 -1.152179e+01
    endloop
  endfacet
  facet normal -3.328164e-01 -7.081892e-01 -6.226566e-01
    outer loop
      vertex -2.911109e+01 -2.110000e+01 -1.166965e+01
      vertex -2.825000e+01 -2.300000e+01 -9.968911e+00
      vertex -2.938771e+01 -2.110000e+01 -1.152179e+01
    endloop
  endfacet
  facet normal -1.056119e-01 -7.056062e-01 -7.006896e-01
    outer loop
      vertex -2.922118e+01 -2.300000e+01 -9.587752e+00
      vertex -2.973845e+01 -2.300000e+01 -9.509787e+00
      vertex -2.968785e+01 -2.110000e+01 -1.143074e+01
    endloop
  endfacet
  facet normal -2.053114e-01 -7.069397e-01 -6.768187e-01
    outer loop
      vertex -2.938771e+01 -2.110000e+01 -1.152179e+01
      vertex -2.922118e+01 -2.300000e+01 -9.587752e+00
      vertex -2.968785e+01 -2.110000e+01 -1.143074e+01
    endloop
  endfacet
  facet normal -2.085763e-01 -7.065856e-01 -6.761898e-01
    outer loop
      vertex -2.872131e+01 -2.300000e+01 -9.741941e+00
      vertex -2.922118e+01 -2.300000e+01 -9.587752e+00
      vertex -2.938771e+01 -2.110000e+01 -1.152179e+01
    endloop
  endfacet
  facet normal  0.000000e+00 -7.052786e-01 -7.089303e-01
    outer loop
      vertex -2.973845e+01 -2.300000e+01 -9.509787e+00
      vertex -3.026155e+01 -2.300000e+01 -9.509787e+00
      vertex -3.000000e+01 -2.110000e+01 -1.140000e+01
    endloop
  endfacet
  facet normal -6.918552e-02 -7.083592e-01 -7.024533e-01
    outer loop
      vertex -2.968785e+01 -2.110000e+01 -1.143074e+01
      vertex -2.973845e+01 -2.300000e+01 -9.509787e+00
      vertex -3.000000e+01 -2.110000e+01 -1.140000e+01
    endloop
  endfacet
  facet normal  1.056119e-01 -7.056062e-01 -7.006896e-01
    outer loop
      vertex -3.026155e+01 -2.300000e+01 -9.509787e+00
      vertex -3.077882e+01 -2.300000e+01 -9.587752e+00
      vertex -3.031215e+01 -2.110000e+01 -1.143074e+01
    endloop
  endfacet
  facet normal  6.918552e-02 -7.083592e-01 -7.024533e-01
    outer loop
      vertex -3.000000e+01 -2.110000e+01 -1.140000e+01
      vertex -3.026155e+01 -2.300000e+01 -9.509787e+00
      vertex -3.031215e+01 -2.110000e+01 -1.143074e+01
    endloop
  endfacet
  facet normal  3.073904e-01 -7.057503e-01 -6.383006e-01
    outer loop
      vertex -3.127869e+01 -2.300000e+01 -9.741941e+00
      vertex -3.175000e+01 -2.300000e+01 -9.968911e+00
      vertex -3.061229e+01 -2.110000e+01 -1.152179e+01
    endloop
  endfacet
  facet normal  2.054437e-01 -7.064840e-01 -6.772542e-01
    outer loop
      vertex -3.031215e+01 -2.110000e+01 -1.143074e+01
      vertex -3.127869e+01 -2.300000e+01 -9.741941e+00
      vertex -3.061229e+01 -2.110000e+01 -1.152179e+01
    endloop
  endfacet
  facet normal  2.084959e-01 -7.068588e-01 -6.759290e-01
    outer loop
      vertex -3.077882e+01 -2.300000e+01 -9.587752e+00
      vertex -3.127869e+01 -2.300000e+01 -9.741941e+00
      vertex -3.031215e+01 -2.110000e+01 -1.143074e+01
    endloop
  endfacet
  facet normal  3.993482e-01 -7.052917e-01 -5.857343e-01
    outer loop
      vertex -3.175000e+01 -2.300000e+01 -9.968911e+00
      vertex -3.218221e+01 -2.300000e+01 -1.026359e+01
      vertex -3.088891e+01 -2.110000e+01 -1.166965e+01
    endloop
  endfacet
  facet normal  3.328164e-01 -7.081892e-01 -6.226566e-01
    outer loop
      vertex -3.061229e+01 -2.110000e+01 -1.152179e+01
      vertex -3.175000e+01 -2.300000e+01 -9.968911e+00
      vertex -3.088891e+01 -2.110000e+01 -1.166965e+01
    endloop
  endfacet
  facet normal  4.820519e-01 -7.054884e-01 -5.195306e-01
    outer loop
      vertex -3.218221e+01 -2.300000e+01 -1.026359e+01
      vertex -3.256568e+01 -2.300000e+01 -1.061940e+01
      vertex -3.113137e+01 -2.110000e+01 -1.186863e+01
    endloop
  endfacet
  facet normal  4.477170e-01 -7.084724e-01 -5.455423e-01
    outer loop
      vertex -3.088891e+01 -2.110000e+01 -1.166965e+01
      vertex -3.218221e+01 -2.300000e+01 -1.026359e+01
      vertex -3.113137e+01 -2.110000e+01 -1.186863e+01
    endloop
  endfacet
  facet normal  6.133966e-01 -7.059202e-01 -3.541486e-01
    outer loop
      vertex -3.289183e+01 -2.300000e+01 -1.102838e+01
      vertex -3.315339e+01 -2.300000e+01 -1.148141e+01
      vertex -3.133035e+01 -2.110000e+01 -1.211109e+01
    endloop
  endfacet
  facet normal  5.474781e-01 -7.059703e-01 -4.493036e-01
    outer loop
      vertex -3.113137e+01 -2.110000e+01 -1.186863e+01
      vertex -3.289183e+01 -2.300000e+01 -1.102838e+01
      vertex -3.133035e+01 -2.110000e+01 -1.211109e+01
    endloop
  endfacet
  facet normal  5.527992e-01 -7.071579e-01 -4.408410e-01
    outer loop
      vertex -3.256568e+01 -2.300000e+01 -1.061940e+01
      vertex -3.289183e+01 -2.300000e+01 -1.102838e+01
      vertex -3.113137e+01 -2.110000e+01 -1.186863e+01
    endloop
  endfacet
  facet normal  6.598762e-01 -7.053314e-01 -2.589806e-01
    outer loop
      vertex -3.315339e+01 -2.300000e+01 -1.148141e+01
      vertex -3.334451e+01 -2.300000e+01 -1.196836e+01
      vertex -3.147821e+01 -2.110000e+01 -1.238771e+01
    endloop
  endfacet
  facet normal  6.228566e-01 -7.079629e-01 -3.329236e-01
    outer loop
      vertex -3.133035e+01 -2.110000e+01 -1.211109e+01
      vertex -3.315339e+01 -2.300000e+01 -1.148141e+01
      vertex -3.147821e+01 -2.110000e+01 -1.238771e+01
    endloop
  endfacet
  facet normal  6.910416e-01 -7.053968e-01 -1.577241e-01
    outer loop
      vertex -3.334451e+01 -2.300000e+01 -1.196836e+01
      vertex -3.346091e+01 -2.300000e+01 -1.247835e+01
      vertex -3.156926e+01 -2.110000e+01 -1.268786e+01
    endloop
  endfacet
  facet normal  6.752950e-01 -7.085293e-01 -2.048485e-01
    outer loop
      vertex -3.147821e+01 -2.110000e+01 -1.238771e+01
      vertex -3.334451e+01 -2.300000e+01 -1.196836e+01
      vertex -3.156926e+01 -2.110000e+01 -1.268786e+01
    endloop
  endfacet
  facet normal  9.801707e-02  0.000000e+00  9.951847e-01
    outer loop
      vertex -3.000000e+01 -2.110000e+01 -1.460000e+01
      vertex -3.031215e+01 -1.800000e+01 -1.456926e+01
      vertex -3.031215e+01 -2.110000e+01 -1.456926e+01
    endloop
  endfacet
  facet normal  2.902855e-01  -0.000000e+00  9.569401e-01
    outer loop
      vertex -3.031215e+01 -2.110000e+01 -1.456926e+01
      vertex -3.031215e+01 -1.800000e+01 -1.456926e+01
      vertex -3.061229e+01 -1.800000e+01 -1.447821e+01
    endloop
  endfacet
  facet normal  2.902855e-01  0.000000e+00  9.569401e-01
    outer loop
      vertex -3.031215e+01 -2.110000e+01 -1.456926e+01
      vertex -3.061229e+01 -1.800000e+01 -1.447821e+01
      vertex -3.061229e+01 -2.110000e+01 -1.447821e+01
    endloop
  endfacet
  facet normal  4.713964e-01  -0.000000e+00  8.819215e-01
    outer loop
      vertex -3.061229e+01 -2.110000e+01 -1.447821e+01
      vertex -3.061229e+01 -1.800000e+01 -1.447821e+01
      vertex -3.088891e+01 -1.800000e+01 -1.433035e+01
    endloop
  endfacet
  facet normal  4.713964e-01  0.000000e+00  8.819215e-01
    outer loop
      vertex -3.061229e+01 -2.110000e+01 -1.447821e+01
      vertex -3.088891e+01 -1.800000e+01 -1.433035e+01
      vertex -3.088891e+01 -2.110000e+01 -1.433035e+01
    endloop
  endfacet
  facet normal  6.343949e-01  -0.000000e+00  7.730091e-01
    outer loop
      vertex -3.088891e+01 -2.110000e+01 -1.433035e+01
      vertex -3.088891e+01 -1.800000e+01 -1.433035e+01
      vertex -3.113137e+01 -1.800000e+01 -1.413137e+01
    endloop
  endfacet
  facet normal  6.343949e-01  0.000000e+00  7.730091e-01
    outer loop
      vertex -3.088891e+01 -2.110000e+01 -1.433035e+01
      vertex -3.113137e+01 -1.800000e+01 -1.413137e+01
      vertex -3.113137e+01 -2.110000e+01 -1.413137e+01
    endloop
  endfacet
  facet normal  7.730106e-01  -0.000000e+00  6.343931e-01
    outer loop
      vertex -3.113137e+01 -2.110000e+01 -1.413137e+01
      vertex -3.113137e+01 -1.800000e+01 -1.413137e+01
      vertex -3.133035e+01 -1.800000e+01 -1.388891e+01
    endloop
  endfacet
  facet normal  7.730106e-01  0.000000e+00  6.343931e-01
    outer loop
      vertex -3.113137e+01 -2.110000e+01 -1.413137e+01
      vertex -3.133035e+01 -1.800000e+01 -1.388891e+01
      vertex -3.133035e+01 -2.110000e+01 -1.388891e+01
    endloop
  endfacet
  facet normal  8.819215e-01  -0.000000e+00  4.713964e-01
    outer loop
      vertex -3.133035e+01 -2.110000e+01 -1.388891e+01
      vertex -3.133035e+01 -1.800000e+01 -1.388891e+01
      vertex -3.147821e+01 -1.800000e+01 -1.361229e+01
    endloop
  endfacet
  facet normal  8.819215e-01  0.000000e+00  4.713964e-01
    outer loop
      vertex -3.133035e+01 -2.110000e+01 -1.388891e+01
      vertex -3.147821e+01 -1.800000e+01 -1.361229e+01
      vertex -3.147821e+01 -2.110000e+01 -1.361229e+01
    endloop
  endfacet
  facet normal  9.569403e-01  -0.000000e+00  2.902847e-01
    outer loop
      vertex -3.147821e+01 -2.110000e+01 -1.361229e+01
      vertex -3.147821e+01 -1.800000e+01 -1.361229e+01
      vertex -3.156926e+01 -1.800000e+01 -1.331214e+01
    endloop
  endfacet
  facet normal  9.569403e-01  0.000000e+00  2.902847e-01
    outer loop
      vertex -3.147821e+01 -2.110000e+01 -1.361229e+01
      vertex -3.156926e+01 -1.800000e+01 -1.331214e+01
      vertex -3.156926e+01 -2.110000e+01 -1.331214e+01
    endloop
  endfacet
  facet normal  9.951844e-01  -0.000000e+00  9.802037e-02
    outer loop
      vertex -3.156926e+01 -2.110000e+01 -1.331214e+01
      vertex -3.156926e+01 -1.800000e+01 -1.331214e+01
      vertex -3.160000e+01 -1.800000e+01 -1.300000e+01
    endloop
  endfacet
  facet normal  9.951844e-01  0.000000e+00  9.802037e-02
    outer loop
      vertex -3.156926e+01 -2.110000e+01 -1.331214e+01
      vertex -3.160000e+01 -1.800000e+01 -1.300000e+01
      vertex -3.160000e+01 -2.110000e+01 -1.300000e+01
    endloop
  endfacet
  facet normal  9.801707e-02  -0.000000e+00  9.951847e-01
    outer loop
      vertex -3.031215e+01 -1.800000e+01 -1.456926e+01
      vertex -3.000000e+01 -2.110000e+01 -1.460000e+01
      vertex -3.000000e+01 -1.800000e+01 -1.460000e+01
    endloop
  endfacet
  facet normal -9.801707e-02  0.000000e+00  9.951847e-01
    outer loop
      vertex -3.000000e+01 -1.800000e+01 -1.460000e+01
      vertex -3.000000e+01 -2.110000e+01 -1.460000e+01
      vertex -2.968785e+01 -2.110000e+01 -1.456926e+01
    endloop
  endfacet
  facet normal -9.801707e-02  0.000000e+00  9.951847e-01
    outer loop
      vertex -3.000000e+01 -1.800000e+01 -1.460000e+01
      vertex -2.968785e+01 -2.110000e+01 -1.456926e+01
      vertex -2.968785e+01 -1.800000e+01 -1.456926e+01
    endloop
  endfacet
  facet normal -2.902855e-01  0.000000e+00  9.569401e-01
    outer loop
      vertex -2.968785e+01 -1.800000e+01 -1.456926e+01
      vertex -2.968785e+01 -2.110000e+01 -1.456926e+01
      vertex -2.938771e+01 -2.110000e+01 -1.447821e+01
    endloop
  endfacet
  facet normal -2.902855e-01  0.000000e+00  9.569401e-01
    outer loop
      vertex -2.968785e+01 -1.800000e+01 -1.456926e+01
      vertex -2.938771e+01 -2.110000e+01 -1.447821e+01
      vertex -2.938771e+01 -1.800000e+01 -1.447821e+01
    endloop
  endfacet
  facet normal -4.713964e-01  0.000000e+00  8.819215e-01
    outer loop
      vertex -2.938771e+01 -1.800000e+01 -1.447821e+01
      vertex -2.938771e+01 -2.110000e+01 -1.447821e+01
      vertex -2.911109e+01 -2.110000e+01 -1.433035e+01
    endloop
  endfacet
  facet normal -4.713964e-01  0.000000e+00  8.819215e-01
    outer loop
      vertex -2.938771e+01 -1.800000e+01 -1.447821e+01
      vertex -2.911109e+01 -2.110000e+01 -1.433035e+01
      vertex -2.911109e+01 -1.800000e+01 -1.433035e+01
    endloop
  endfacet
  facet normal -6.343949e-01  0.000000e+00  7.730091e-01
    outer loop
      vertex -2.911109e+01 -1.800000e+01 -1.433035e+01
      vertex -2.911109e+01 -2.110000e+01 -1.433035e+01
      vertex -2.886863e+01 -2.110000e+01 -1.413137e+01
    endloop
  endfacet
  facet normal -6.343949e-01  0.000000e+00  7.730091e-01
    outer loop
      vertex -2.911109e+01 -1.800000e+01 -1.433035e+01
      vertex -2.886863e+01 -2.110000e+01 -1.413137e+01
      vertex -2.886863e+01 -1.800000e+01 -1.413137e+01
    endloop
  endfacet
  facet normal -7.730106e-01  0.000000e+00  6.343931e-01
    outer loop
      vertex -2.886863e+01 -1.800000e+01 -1.413137e+01
      vertex -2.886863e+01 -2.110000e+01 -1.413137e+01
      vertex -2.866965e+01 -2.110000e+01 -1.388891e+01
    endloop
  endfacet
  facet normal -7.730106e-01  0.000000e+00  6.343931e-01
    outer loop
      vertex -2.886863e+01 -1.800000e+01 -1.413137e+01
      vertex -2.866965e+01 -2.110000e+01 -1.388891e+01
      vertex -2.866965e+01 -1.800000e+01 -1.388891e+01
    endloop
  endfacet
  facet normal -8.819215e-01  0.000000e+00  4.713964e-01
    outer loop
      vertex -2.866965e+01 -1.800000e+01 -1.388891e+01
      vertex -2.866965e+01 -2.110000e+01 -1.388891e+01
      vertex -2.852179e+01 -2.110000e+01 -1.361229e+01
    endloop
  endfacet
  facet normal -8.819215e-01  0.000000e+00  4.713964e-01
    outer loop
      vertex -2.866965e+01 -1.800000e+01 -1.388891e+01
      vertex -2.852179e+01 -2.110000e+01 -1.361229e+01
      vertex -2.852179e+01 -1.800000e+01 -1.361229e+01
    endloop
  endfacet
  facet normal -9.569403e-01  0.000000e+00  2.902847e-01
    outer loop
      vertex -2.852179e+01 -1.800000e+01 -1.361229e+01
      vertex -2.852179e+01 -2.110000e+01 -1.361229e+01
      vertex -2.843074e+01 -2.110000e+01 -1.331214e+01
    endloop
  endfacet
  facet normal -9.569403e-01  0.000000e+00  2.902847e-01
    outer loop
      vertex -2.852179e+01 -1.800000e+01 -1.361229e+01
      vertex -2.843074e+01 -2.110000e+01 -1.331214e+01
      vertex -2.843074e+01 -1.800000e+01 -1.331214e+01
    endloop
  endfacet
  facet normal -9.951844e-01  0.000000e+00  9.802037e-02
    outer loop
      vertex -2.843074e+01 -1.800000e+01 -1.331214e+01
      vertex -2.843074e+01 -2.110000e+01 -1.331214e+01
      vertex -2.840000e+01 -2.110000e+01 -1.300000e+01
    endloop
  endfacet
  facet normal -9.951844e-01  0.000000e+00  9.802037e-02
    outer loop
      vertex -2.843074e+01 -1.800000e+01 -1.331214e+01
      vertex -2.840000e+01 -2.110000e+01 -1.300000e+01
      vertex -2.840000e+01 -1.800000e+01 -1.300000e+01
    endloop
  endfacet
  facet normal -9.801707e-02  -0.000000e+00 -9.951847e-01
    outer loop
      vertex -3.000000e+01 -2.110000e+01 -1.140000e+01
      vertex -2.968785e+01 -1.800000e+01 -1.143074e+01
      vertex -2.968785e+01 -2.110000e+01 -1.143074e+01
    endloop
  endfacet
  facet normal -2.902855e-01  0.000000e+00 -9.569401e-01
    outer loop
      vertex -2.968785e+01 -2.110000e+01 -1.143074e+01
      vertex -2.968785e+01 -1.800000e+01 -1.143074e+01
      vertex -2.938771e+01 -1.800000e+01 -1.152179e+01
    endloop
  endfacet
  facet normal -2.902855e-01  -0.000000e+00 -9.569401e-01
    outer loop
      vertex -2.968785e+01 -2.110000e+01 -1.143074e+01
      vertex -2.938771e+01 -1.800000e+01 -1.152179e+01
      vertex -2.938771e+01 -2.110000e+01 -1.152179e+01
    endloop
  endfacet
  facet normal -4.713964e-01  0.000000e+00 -8.819215e-01
    outer loop
      vertex -2.938771e+01 -2.110000e+01 -1.152179e+01
      vertex -2.938771e+01 -1.800000e+01 -1.152179e+01
      vertex -2.911109e+01 -1.800000e+01 -1.166965e+01
    endloop
  endfacet
  facet normal -4.713964e-01  -0.000000e+00 -8.819215e-01
    outer loop
      vertex -2.938771e+01 -2.110000e+01 -1.152179e+01
      vertex -2.911109e+01 -1.800000e+01 -1.166965e+01
      vertex -2.911109e+01 -2.110000e+01 -1.166965e+01
    endloop
  endfacet
  facet normal -6.343949e-01  0.000000e+00 -7.730091e-01
    outer loop
      vertex -2.911109e+01 -2.110000e+01 -1.166965e+01
      vertex -2.911109e+01 -1.800000e+01 -1.166965e+01
      vertex -2.886863e+01 -1.800000e+01 -1.186863e+01
    endloop
  endfacet
  facet normal -6.343949e-01  -0.000000e+00 -7.730091e-01
    outer loop
      vertex -2.911109e+01 -2.110000e+01 -1.166965e+01
      vertex -2.886863e+01 -1.800000e+01 -1.186863e+01
      vertex -2.886863e+01 -2.110000e+01 -1.186863e+01
    endloop
  endfacet
  facet normal -7.730106e-01  0.000000e+00 -6.343931e-01
    outer loop
      vertex -2.886863e+01 -2.110000e+01 -1.186863e+01
      vertex -2.886863e+01 -1.800000e+01 -1.186863e+01
      vertex -2.866965e+01 -1.800000e+01 -1.211109e+01
    endloop
  endfacet
  facet normal -7.730106e-01  -0.000000e+00 -6.343931e-01
    outer loop
      vertex -2.886863e+01 -2.110000e+01 -1.186863e+01
      vertex -2.866965e+01 -1.800000e+01 -1.211109e+01
      vertex -2.866965e+01 -2.110000e+01 -1.211109e+01
    endloop
  endfacet
  facet normal -8.819215e-01  0.000000e+00 -4.713964e-01
    outer loop
      vertex -2.866965e+01 -2.110000e+01 -1.211109e+01
      vertex -2.866965e+01 -1.800000e+01 -1.211109e+01
      vertex -2.852179e+01 -1.800000e+01 -1.238771e+01
    endloop
  endfacet
  facet normal -8.819215e-01  -0.000000e+00 -4.713964e-01
    outer loop
      vertex -2.866965e+01 -2.110000e+01 -1.211109e+01
      vertex -2.852179e+01 -1.800000e+01 -1.238771e+01
      vertex -2.852179e+01 -2.110000e+01 -1.238771e+01
    endloop
  endfacet
  facet normal -9.569403e-01  0.000000e+00 -2.902847e-01
    outer loop
      vertex -2.852179e+01 -2.110000e+01 -1.238771e+01
      vertex -2.852179e+01 -1.800000e+01 -1.238771e+01
      vertex -2.843074e+01 -1.800000e+01 -1.268786e+01
    endloop
  endfacet
  facet normal -9.569403e-01  -0.000000e+00 -2.902847e-01
    outer loop
      vertex -2.852179e+01 -2.110000e+01 -1.238771e+01
      vertex -2.843074e+01 -1.800000e+01 -1.268786e+01
      vertex -2.843074e+01 -2.110000e+01 -1.268786e+01
    endloop
  endfacet
  facet normal -9.951844e-01  0.000000e+00 -9.802037e-02
    outer loop
      vertex -2.843074e+01 -2.110000e+01 -1.268786e+01
      vertex -2.843074e+01 -1.800000e+01 -1.268786e+01
      vertex -2.840000e+01 -1.800000e+01 -1.300000e+01
    endloop
  endfacet
  facet normal -9.951844e-01  -0.000000e+00 -9.802037e-02
    outer loop
      vertex -2.843074e+01 -2.110000e+01 -1.268786e+01
      vertex -2.840000e+01 -1.800000e+01 -1.300000e+01
      vertex -2.840000e+01 -2.110000e+01 -1.300000e+01
    endloop
  endfacet
  facet normal -9.801707e-02  0.000000e+00 -9.951847e-01
    outer loop
      vertex -2.968785e+01 -1.800000e+01 -1.143074e+01
      vertex -3.000000e+01 -2.110000e+01 -1.140000e+01
      vertex -3.000000e+01 -1.800000e+01 -1.140000e+01
    endloop
  endfacet
  facet normal  9.801707e-02  0.000000e+00 -9.951847e-01
    outer loop
      vertex -3.000000e+01 -1.800000e+01 -1.140000e+01
      vertex -3.000000e+01 -2.110000e+01 -1.140000e+01
      vertex -3.031215e+01 -2.110000e+01 -1.143074e+01
    endloop
  endfacet
  facet normal  9.801707e-02  0.000000e+00 -9.951847e-01
    outer loop
      vertex -3.000000e+01 -1.800000e+01 -1.140000e+01
      vertex -3.031215e+01 -2.110000e+01 -1.143074e+01
      vertex -3.031215e+01 -1.800000e+01 -1.143074e+01
    endloop
  endfacet
  facet normal  2.902855e-01  0.000000e+00 -9.569401e-01
    outer loop
      vertex -3.031215e+01 -1.800000e+01 -1.143074e+01
      vertex -3.031215e+01 -2.110000e+01 -1.143074e+01
      vertex -3.061229e+01 -2.110000e+01 -1.152179e+01
    endloop
  endfacet
  facet normal  2.902855e-01  0.000000e+00 -9.569401e-01
    outer loop
      vertex -3.031215e+01 -1.800000e+01 -1.143074e+01
      vertex -3.061229e+01 -2.110000e+01 -1.152179e+01
      vertex -3.061229e+01 -1.800000e+01 -1.152179e+01
    endloop
  endfacet
  facet normal  4.713964e-01  0.000000e+00 -8.819215e-01
    outer loop
      vertex -3.061229e+01 -1.800000e+01 -1.152179e+01
      vertex -3.061229e+01 -2.110000e+01 -1.152179e+01
      vertex -3.088891e+01 -2.110000e+01 -1.166965e+01
    endloop
  endfacet
  facet normal  4.713964e-01  0.000000e+00 -8.819215e-01
    outer loop
      vertex -3.061229e+01 -1.800000e+01 -1.152179e+01
      vertex -3.088891e+01 -2.110000e+01 -1.166965e+01
      vertex -3.088891e+01 -1.800000e+01 -1.166965e+01
    endloop
  endfacet
  facet normal  6.343949e-01  0.000000e+00 -7.730091e-01
    outer loop
      vertex -3.088891e+01 -1.800000e+01 -1.166965e+01
      vertex -3.088891e+01 -2.110000e+01 -1.166965e+01
      vertex -3.113137e+01 -2.110000e+01 -1.186863e+01
    endloop
  endfacet
  facet normal  6.343949e-01  0.000000e+00 -7.730091e-01
    outer loop
      vertex -3.088891e+01 -1.800000e+01 -1.166965e+01
      vertex -3.113137e+01 -2.110000e+01 -1.186863e+01
      vertex -3.113137e+01 -1.800000e+01 -1.186863e+01
    endloop
  endfacet
  facet normal  7.730106e-01  0.000000e+00 -6.343931e-01
    outer loop
      vertex -3.113137e+01 -1.800000e+01 -1.186863e+01
      vertex -3.113137e+01 -2.110000e+01 -1.186863e+01
      vertex -3.133035e+01 -2.110000e+01 -1.211109e+01
    endloop
  endfacet
  facet normal  7.730106e-01  0.000000e+00 -6.343931e-01
    outer loop
      vertex -3.113137e+01 -1.800000e+01 -1.186863e+01
      vertex -3.133035e+01 -2.110000e+01 -1.211109e+01
      vertex -3.133035e+01 -1.800000e+01 -1.211109e+01
    endloop
  endfacet
  facet normal  8.819215e-01  0.000000e+00 -4.713964e-01
    outer loop
      vertex -3.133035e+01 -1.800000e+01 -1.211109e+01
      vertex -3.133035e+01 -2.110000e+01 -1.211109e+01
      vertex -3.147821e+01 -2.110000e+01 -1.238771e+01
    endloop
  endfacet
  facet normal  8.819215e-01  0.000000e+00 -4.713964e-01
    outer loop
      vertex -3.133035e+01 -1.800000e+01 -1.211109e+01
      vertex -3.147821e+01 -2.110000e+01 -1.238771e+01
      vertex -3.147821e+01 -1.800000e+01 -1.238771e+01
    endloop
  endfacet
  facet normal  9.569403e-01  0.000000e+00 -2.902847e-01
    outer loop
      vertex -3.147821e+01 -1.800000e+01 -1.238771e+01
      vertex -3.147821e+01 -2.110000e+01 -1.238771e+01
      vertex -3.156926e+01 -2.110000e+01 -1.268786e+01
    endloop
  endfacet
  facet normal  9.569403e-01  0.000000e+00 -2.902847e-01
    outer loop
      vertex -3.147821e+01 -1.800000e+01 -1.238771e+01
      vertex -3.156926e+01 -2.110000e+01 -1.268786e+01
      vertex -3.156926e+01 -1.800000e+01 -1.268786e+01
    endloop
  endfacet
  facet normal  9.951844e-01  0.000000e+00 -9.802037e-02
    outer loop
      vertex -3.156926e+01 -1.800000e+01 -1.268786e+01
      vertex -3.156926e+01 -2.110000e+01 -1.268786e+01
      vertex -3.160000e+01 -2.110000e+01 -1.300000e+01
    endloop
  endfacet
  facet normal  9.951844e-01  0.000000e+00 -9.802037e-02
    outer loop
      vertex -3.156926e+01 -1.800000e+01 -1.268786e+01
      vertex -3.160000e+01 -2.110000e+01 -1.300000e+01
      vertex -3.160000e+01 -1.800000e+01 -1.300000e+01
    endloop
  endfacet
  facet normal  7.061161e-01 -7.061161e-01  5.291726e-02
    outer loop
      vertex -3.350000e+01 -2.300000e+01 -1.300000e+01
      vertex -3.346091e+01 -2.300000e+01 -1.352165e+01
      vertex -3.160000e+01 -2.110000e+01 -1.300000e+01
    endloop
  endfacet
  facet normal  7.031319e-01 -7.076788e-01  6.925476e-02
    outer loop
      vertex -3.346091e+01 -2.300000e+01 -1.352165e+01
      vertex -3.156926e+01 -2.110000e+01 -1.331214e+01
      vertex -3.160000e+01 -2.110000e+01 -1.300000e+01
    endloop
  endfacet
  facet normal -7.031319e-01 -7.076788e-01  6.925482e-02
    outer loop
      vertex -2.843074e+01 -2.110000e+01 -1.331214e+01
      vertex -2.653909e+01 -2.300000e+01 -1.352165e+01
      vertex -2.840000e+01 -2.110000e+01 -1.300000e+01
    endloop
  endfacet
  facet normal -7.061161e-01 -7.061161e-01  5.291726e-02
    outer loop
      vertex -2.653909e+01 -2.300000e+01 -1.352165e+01
      vertex -2.650000e+01 -2.300000e+01 -1.300000e+01
      vertex -2.840000e+01 -2.110000e+01 -1.300000e+01
    endloop
  endfacet
  facet normal  6.910416e-01 -7.053968e-01  1.577241e-01
    outer loop
      vertex -3.346091e+01 -2.300000e+01 -1.352165e+01
      vertex -3.334451e+01 -2.300000e+01 -1.403164e+01
      vertex -3.156926e+01 -2.110000e+01 -1.331214e+01
    endloop
  endfacet
  facet normal  6.598762e-01 -7.053314e-01  2.589806e-01
    outer loop
      vertex -3.334451e+01 -2.300000e+01 -1.403164e+01
      vertex -3.315339e+01 -2.300000e+01 -1.451859e+01
      vertex -3.147821e+01 -2.110000e+01 -1.361229e+01
    endloop
  endfacet
  facet normal  6.752950e-01 -7.085293e-01  2.048485e-01
    outer loop
      vertex -3.156926e+01 -2.110000e+01 -1.331214e+01
      vertex -3.334451e+01 -2.300000e+01 -1.403164e+01
      vertex -3.147821e+01 -2.110000e+01 -1.361229e+01
    endloop
  endfacet
  facet normal  6.133966e-01 -7.059202e-01  3.541486e-01
    outer loop
      vertex -3.315339e+01 -2.300000e+01 -1.451859e+01
      vertex -3.289183e+01 -2.300000e+01 -1.497162e+01
      vertex -3.133035e+01 -2.110000e+01 -1.388891e+01
    endloop
  endfacet
  facet normal  6.228566e-01 -7.079629e-01  3.329236e-01
    outer loop
      vertex -3.147821e+01 -2.110000e+01 -1.361229e+01
      vertex -3.315339e+01 -2.300000e+01 -1.451859e+01
      vertex -3.133035e+01 -2.110000e+01 -1.388891e+01
    endloop
  endfacet
  facet normal  4.820519e-01 -7.054884e-01  5.195306e-01
    outer loop
      vertex -3.256568e+01 -2.300000e+01 -1.538060e+01
      vertex -3.218221e+01 -2.300000e+01 -1.573641e+01
      vertex -3.113137e+01 -2.110000e+01 -1.413137e+01
    endloop
  endfacet
  facet normal  5.464222e-01 -7.073382e-01  4.484369e-01
    outer loop
      vertex -3.133035e+01 -2.110000e+01 -1.388891e+01
      vertex -3.256568e+01 -2.300000e+01 -1.538060e+01
      vertex -3.113137e+01 -2.110000e+01 -1.413137e+01
    endloop
  endfacet
  facet normal  5.534396e-01 -7.063379e-01  4.413517e-01
    outer loop
      vertex -3.289183e+01 -2.300000e+01 -1.497162e+01
      vertex -3.256568e+01 -2.300000e+01 -1.538060e+01
      vertex -3.133035e+01 -2.110000e+01 -1.388891e+01
    endloop
  endfacet
  facet normal  3.993491e-01 -7.052917e-01  5.857337e-01
    outer loop
      vertex -3.218221e+01 -2.300000e+01 -1.573641e+01
      vertex -3.175000e+01 -2.300000e+01 -1.603109e+01
      vertex -3.088891e+01 -2.110000e+01 -1.433035e+01
    endloop
  endfacet
  facet normal  4.477170e-01 -7.084724e-01  5.455423e-01
    outer loop
      vertex -3.113137e+01 -2.110000e+01 -1.413137e+01
      vertex -3.218221e+01 -2.300000e+01 -1.573641e+01
      vertex -3.088891e+01 -2.110000e+01 -1.433035e+01
    endloop
  endfacet
  facet normal  3.073893e-01 -7.057503e-01  6.383011e-01
    outer loop
      vertex -3.175000e+01 -2.300000e+01 -1.603109e+01
      vertex -3.127869e+01 -2.300000e+01 -1.625806e+01
      vertex -3.061229e+01 -2.110000e+01 -1.447821e+01
    endloop
  endfacet
  facet normal  3.328163e-01 -7.081895e-01  6.226564e-01
    outer loop
      vertex -3.088891e+01 -2.110000e+01 -1.433035e+01
      vertex -3.175000e+01 -2.300000e+01 -1.603109e+01
      vertex -3.061229e+01 -2.110000e+01 -1.447821e+01
    endloop
  endfacet
  facet normal  1.056106e-01 -7.056063e-01  7.006897e-01
    outer loop
      vertex -3.077882e+01 -2.300000e+01 -1.641225e+01
      vertex -3.026155e+01 -2.300000e+01 -1.649021e+01
      vertex -3.031215e+01 -2.110000e+01 -1.456926e+01
    endloop
  endfacet
  facet normal  2.053113e-01 -7.069398e-01  6.768185e-01
    outer loop
      vertex -3.061229e+01 -2.110000e+01 -1.447821e+01
      vertex -3.077882e+01 -2.300000e+01 -1.641225e+01
      vertex -3.031215e+01 -2.110000e+01 -1.456926e+01
    endloop
  endfacet
  facet normal  2.085775e-01 -7.065857e-01  6.761894e-01
    outer loop
      vertex -3.127869e+01 -2.300000e+01 -1.625806e+01
      vertex -3.077882e+01 -2.300000e+01 -1.641225e+01
      vertex -3.061229e+01 -2.110000e+01 -1.447821e+01
    endloop
  endfacet
  facet normal  0.000000e+00 -7.052786e-01  7.089303e-01
    outer loop
      vertex -3.026155e+01 -2.300000e+01 -1.649021e+01
      vertex -2.973845e+01 -2.300000e+01 -1.649021e+01
      vertex -3.000000e+01 -2.110000e+01 -1.460000e+01
    endloop
  endfacet
  facet normal  6.918552e-02 -7.083592e-01  7.024533e-01
    outer loop
      vertex -3.031215e+01 -2.110000e+01 -1.456926e+01
      vertex -3.026155e+01 -2.300000e+01 -1.649021e+01
      vertex -3.000000e+01 -2.110000e+01 -1.460000e+01
    endloop
  endfacet
  facet normal -1.056106e-01 -7.056063e-01  7.006897e-01
    outer loop
      vertex -2.973845e+01 -2.300000e+01 -1.649021e+01
      vertex -2.922118e+01 -2.300000e+01 -1.641225e+01
      vertex -2.968785e+01 -2.110000e+01 -1.456926e+01
    endloop
  endfacet
  facet normal -6.918552e-02 -7.083592e-01  7.024533e-01
    outer loop
      vertex -3.000000e+01 -2.110000e+01 -1.460000e+01
      vertex -2.973845e+01 -2.300000e+01 -1.649021e+01
      vertex -2.968785e+01 -2.110000e+01 -1.456926e+01
    endloop
  endfacet
  facet normal -3.073893e-01 -7.057503e-01  6.383011e-01
    outer loop
      vertex -2.872131e+01 -2.300000e+01 -1.625806e+01
      vertex -2.825000e+01 -2.300000e+01 -1.603109e+01
      vertex -2.938771e+01 -2.110000e+01 -1.447821e+01
    endloop
  endfacet
  facet normal -2.054437e-01 -7.064840e-01  6.772542e-01
    outer loop
      vertex -2.968785e+01 -2.110000e+01 -1.456926e+01
      vertex -2.872131e+01 -2.300000e+01 -1.625806e+01
      vertex -2.938771e+01 -2.110000e+01 -1.447821e+01
    endloop
  endfacet
  facet normal -2.084970e-01 -7.068589e-01  6.759285e-01
    outer loop
      vertex -2.922118e+01 -2.300000e+01 -1.641225e+01
      vertex -2.872131e+01 -2.300000e+01 -1.625806e+01
      vertex -2.968785e+01 -2.110000e+01 -1.456926e+01
    endloop
  endfacet
  facet normal -3.993478e-01 -7.052918e-01  5.857344e-01
    outer loop
      vertex -2.825000e+01 -2.300000e+01 -1.603109e+01
      vertex -2.781779e+01 -2.300000e+01 -1.573641e+01
      vertex -2.911109e+01 -2.110000e+01 -1.433035e+01
    endloop
  endfacet
  facet normal -3.328163e-01 -7.081895e-01  6.226564e-01
    outer loop
      vertex -2.938771e+01 -2.110000e+01 -1.447821e+01
      vertex -2.825000e+01 -2.300000e+01 -1.603109e+01
      vertex -2.911109e+01 -2.110000e+01 -1.433035e+01
    endloop
  endfacet
  facet normal -4.820531e-01 -7.054885e-01  5.195293e-01
    outer loop
      vertex -2.781779e+01 -2.300000e+01 -1.573641e+01
      vertex -2.743432e+01 -2.300000e+01 -1.538060e+01
      vertex -2.886863e+01 -2.110000e+01 -1.413137e+01
    endloop
  endfacet
  facet normal -4.477169e-01 -7.084725e-01  5.455422e-01
    outer loop
      vertex -2.911109e+01 -2.110000e+01 -1.433035e+01
      vertex -2.781779e+01 -2.300000e+01 -1.573641e+01
      vertex -2.886863e+01 -2.110000e+01 -1.413137e+01
    endloop
  endfacet
  facet normal -6.133988e-01 -7.059204e-01  3.541446e-01
    outer loop
      vertex -2.710816e+01 -2.300000e+01 -1.497162e+01
      vertex -2.684661e+01 -2.300000e+01 -1.451859e+01
      vertex -2.866965e+01 -2.110000e+01 -1.388891e+01
    endloop
  endfacet
  facet normal -5.474780e-01 -7.059705e-01  4.493034e-01
    outer loop
      vertex -2.886863e+01 -2.110000e+01 -1.413137e+01
      vertex -2.710816e+01 -2.300000e+01 -1.497162e+01
      vertex -2.866965e+01 -2.110000e+01 -1.388891e+01
    endloop
  endfacet
  facet normal -5.527980e-01 -7.071579e-01  4.408426e-01
    outer loop
      vertex -2.743432e+01 -2.300000e+01 -1.538060e+01
      vertex -2.710816e+01 -2.300000e+01 -1.497162e+01
      vertex -2.886863e+01 -2.110000e+01 -1.413137e+01
    endloop
  endfacet
  facet normal -6.598755e-01 -7.053313e-01  2.589830e-01
    outer loop
      vertex -2.684661e+01 -2.300000e+01 -1.451859e+01
      vertex -2.665549e+01 -2.300000e+01 -1.403164e+01
      vertex -2.852179e+01 -2.110000e+01 -1.361229e+01
    endloop
  endfacet
  facet normal -6.228569e-01 -7.079627e-01  3.329238e-01
    outer loop
      vertex -2.866965e+01 -2.110000e+01 -1.388891e+01
      vertex -2.684661e+01 -2.300000e+01 -1.451859e+01
      vertex -2.852179e+01 -2.110000e+01 -1.361229e+01
    endloop
  endfacet
  facet normal -6.910416e-01 -7.053968e-01  1.577241e-01
    outer loop
      vertex -2.665549e+01 -2.300000e+01 -1.403164e+01
      vertex -2.653909e+01 -2.300000e+01 -1.352165e+01
      vertex -2.843074e+01 -2.110000e+01 -1.331214e+01
    endloop
  endfacet
  facet normal -6.752950e-01 -7.085293e-01  2.048485e-01
    outer loop
      vertex -2.852179e+01 -2.110000e+01 -1.361229e+01
      vertex -2.665549e+01 -2.300000e+01 -1.403164e+01
      vertex -2.843074e+01 -2.110000e+01 -1.331214e+01
    endloop
  endfacet
  facet normal -5.291597e-02 -7.061161e-01  7.061160e-01
    outer loop
      vertex -4.300000e+01 -2.300000e+01 -3.500000e+00
      vertex -4.247835e+01 -2.300000e+01 -3.460908e+00
      vertex -4.300000e+01 -2.110000e+01 -1.600000e+00
    endloop
  endfacet
  facet normal -6.925242e-02 -7.076789e-01  7.031321e-01
    outer loop
      vertex -4.247835e+01 -2.300000e+01 -3.460908e+00
      vertex -4.268785e+01 -2.110000e+01 -1.569256e+00
      vertex -4.300000e+01 -2.110000e+01 -1.600000e+00
    endloop
  endfacet
  facet normal -6.925237e-02 -7.076788e-01 -7.031321e-01
    outer loop
      vertex -4.268785e+01 -2.110000e+01  1.569256e+00
      vertex -4.247835e+01 -2.300000e+01  3.460908e+00
      vertex -4.300000e+01 -2.110000e+01  1.600000e+00
    endloop
  endfacet
  facet normal -5.291597e-02 -7.061161e-01 -7.061160e-01
    outer loop
      vertex -4.247835e+01 -2.300000e+01  3.460908e+00
      vertex -4.300000e+01 -2.300000e+01  3.500000e+00
      vertex -4.300000e+01 -2.110000e+01  1.600000e+00
    endloop
  endfacet
  facet normal -1.577259e-01 -7.053967e-01  6.910413e-01
    outer loop
      vertex -4.247835e+01 -2.300000e+01 -3.460908e+00
      vertex -4.196836e+01 -2.300000e+01 -3.344505e+00
      vertex -4.268785e+01 -2.110000e+01 -1.569256e+00
    endloop
  endfacet
  facet normal -2.589821e-01 -7.053311e-01  6.598759e-01
    outer loop
      vertex -4.196836e+01 -2.300000e+01 -3.344505e+00
      vertex -4.148141e+01 -2.300000e+01 -3.153391e+00
      vertex -4.238771e+01 -2.110000e+01 -1.478207e+00
    endloop
  endfacet
  facet normal -2.048491e-01 -7.085291e-01  6.752950e-01
    outer loop
      vertex -4.268785e+01 -2.110000e+01 -1.569256e+00
      vertex -4.196836e+01 -2.300000e+01 -3.344505e+00
      vertex -4.238771e+01 -2.110000e+01 -1.478207e+00
    endloop
  endfacet
  facet normal -3.541466e-01 -7.059201e-01  6.133979e-01
    outer loop
      vertex -4.148141e+01 -2.300000e+01 -3.153391e+00
      vertex -4.102838e+01 -2.300000e+01 -2.891836e+00
      vertex -4.211109e+01 -2.110000e+01 -1.330351e+00
    endloop
  endfacet
  facet normal -3.329240e-01 -7.079625e-01  6.228568e-01
    outer loop
      vertex -4.238771e+01 -2.110000e+01 -1.478207e+00
      vertex -4.148141e+01 -2.300000e+01 -3.153391e+00
      vertex -4.211109e+01 -2.110000e+01 -1.330351e+00
    endloop
  endfacet
  facet normal -5.195277e-01 -7.054885e-01  4.820550e-01
    outer loop
      vertex -4.061940e+01 -2.300000e+01 -2.565681e+00
      vertex -4.026359e+01 -2.300000e+01 -2.182214e+00
      vertex -4.186863e+01 -2.110000e+01 -1.131371e+00
    endloop
  endfacet
  facet normal -4.484371e-01 -7.073380e-01  5.464221e-01
    outer loop
      vertex -4.211109e+01 -2.110000e+01 -1.330351e+00
      vertex -4.061940e+01 -2.300000e+01 -2.565681e+00
      vertex -4.186863e+01 -2.110000e+01 -1.131371e+00
    endloop
  endfacet
  facet normal -4.413523e-01 -7.063379e-01  5.534392e-01
    outer loop
      vertex -4.102838e+01 -2.300000e+01 -2.891836e+00
      vertex -4.061940e+01 -2.300000e+01 -2.565681e+00
      vertex -4.211109e+01 -2.110000e+01 -1.330351e+00
    endloop
  endfacet
  facet normal -5.857354e-01 -7.052917e-01  3.993463e-01
    outer loop
      vertex -4.026359e+01 -2.300000e+01 -2.182214e+00
      vertex -3.996891e+01 -2.300000e+01 -1.750000e+00
      vertex -4.166965e+01 -2.110000e+01 -8.889124e-01
    endloop
  endfacet
  facet normal -5.455413e-01 -7.084726e-01  4.477178e-01
    outer loop
      vertex -4.186863e+01 -2.110000e+01 -1.131371e+00
      vertex -4.026359e+01 -2.300000e+01 -2.182214e+00
      vertex -4.166965e+01 -2.110000e+01 -8.889124e-01
    endloop
  endfacet
  facet normal -6.383024e-01 -7.057502e-01  3.073870e-01
    outer loop
      vertex -3.996891e+01 -2.300000e+01 -1.750000e+00
      vertex -3.974194e+01 -2.300000e+01 -1.278694e+00
      vertex -4.152179e+01 -2.110000e+01 -6.122935e-01
    endloop
  endfacet
  facet normal -6.226582e-01 -7.081894e-01  3.328131e-01
    outer loop
      vertex -4.166965e+01 -2.110000e+01 -8.889124e-01
      vertex -3.996891e+01 -2.300000e+01 -1.750000e+00
      vertex -4.152179e+01 -2.110000e+01 -6.122935e-01
    endloop
  endfacet
  facet normal -7.006899e-01 -7.056062e-01  1.056109e-01
    outer loop
      vertex -3.958775e+01 -2.300000e+01 -7.788233e-01
      vertex -3.950979e+01 -2.300000e+01 -2.615553e-01
      vertex -4.143074e+01 -2.110000e+01 -3.121445e-01
    endloop
  endfacet
  facet normal -6.768188e-01 -7.069396e-01  2.053107e-01
    outer loop
      vertex -4.152179e+01 -2.110000e+01 -6.122935e-01
      vertex -3.958775e+01 -2.300000e+01 -7.788233e-01
      vertex -4.143074e+01 -2.110000e+01 -3.121445e-01
    endloop
  endfacet
  facet normal -6.761895e-01 -7.065855e-01  2.085775e-01
    outer loop
      vertex -3.974194e+01 -2.300000e+01 -1.278694e+00
      vertex -3.958775e+01 -2.300000e+01 -7.788233e-01
      vertex -4.152179e+01 -2.110000e+01 -6.122935e-01
    endloop
  endfacet
  facet normal -7.089303e-01 -7.052786e-01  -0.000000e+00
    outer loop
      vertex -3.950979e+01 -2.300000e+01 -2.615553e-01
      vertex -3.950979e+01 -2.300000e+01  2.615553e-01
      vertex -4.140000e+01 -2.110000e+01 -3.552714e-15
    endloop
  endfacet
  facet normal -7.024536e-01 -7.083591e-01  6.918371e-02
    outer loop
      vertex -4.143074e+01 -2.110000e+01 -3.121445e-01
      vertex -3.950979e+01 -2.300000e+01 -2.615553e-01
      vertex -4.140000e+01 -2.110000e+01 -3.552714e-15
    endloop
  endfacet
  facet normal -7.006899e-01 -7.056062e-01 -1.056109e-01
    outer loop
      vertex -3.950979e+01 -2.300000e+01  2.615553e-01
      vertex -3.958775e+01 -2.300000e+01  7.788233e-01
      vertex -4.143074e+01 -2.110000e+01  3.121445e-01
    endloop
  endfacet
  facet normal -7.024536e-01 -7.083591e-01 -6.918371e-02
    outer loop
      vertex -4.140000e+01 -2.110000e+01 -3.552714e-15
      vertex -3.950979e+01 -2.300000e+01  2.615553e-01
      vertex -4.143074e+01 -2.110000e+01  3.121445e-01
    endloop
  endfacet
  facet normal -6.383024e-01 -7.057502e-01 -3.073870e-01
    outer loop
      vertex -3.974194e+01 -2.300000e+01  1.278694e+00
      vertex -3.996891e+01 -2.300000e+01  1.750000e+00
      vertex -4.152179e+01 -2.110000e+01  6.122935e-01
    endloop
  endfacet
  facet normal -6.772546e-01 -7.064838e-01 -2.054429e-01
    outer loop
      vertex -4.143074e+01 -2.110000e+01  3.121445e-01
      vertex -3.974194e+01 -2.300000e+01  1.278694e+00
      vertex -4.152179e+01 -2.110000e+01  6.122935e-01
    endloop
  endfacet
  facet normal -6.759287e-01 -7.068588e-01 -2.084970e-01
    outer loop
      vertex -3.958775e+01 -2.300000e+01  7.788233e-01
      vertex -3.974194e+01 -2.300000e+01  1.278694e+00
      vertex -4.143074e+01 -2.110000e+01  3.121445e-01
    endloop
  endfacet
  facet normal -5.857354e-01 -7.052917e-01 -3.993463e-01
    outer loop
      vertex -3.996891e+01 -2.300000e+01  1.750000e+00
      vertex -4.026359e+01 -2.300000e+01  2.182214e+00
      vertex -4.166965e+01 -2.110000e+01  8.889124e-01
    endloop
  endfacet
  facet normal -6.226582e-01 -7.081894e-01 -3.328131e-01
    outer loop
      vertex -4.152179e+01 -2.110000e+01  6.122935e-01
      vertex -3.996891e+01 -2.300000e+01  1.750000e+00
      vertex -4.166965e+01 -2.110000e+01  8.889124e-01
    endloop
  endfacet
  facet normal -5.195277e-01 -7.054885e-01 -4.820550e-01
    outer loop
      vertex -4.026359e+01 -2.300000e+01  2.182214e+00
      vertex -4.061940e+01 -2.300000e+01  2.565681e+00
      vertex -4.186863e+01 -2.110000e+01  1.131371e+00
    endloop
  endfacet
  facet normal -5.455413e-01 -7.084726e-01 -4.477178e-01
    outer loop
      vertex -4.166965e+01 -2.110000e+01  8.889124e-01
      vertex -4.026359e+01 -2.300000e+01  2.182214e+00
      vertex -4.186863e+01 -2.110000e+01  1.131371e+00
    endloop
  endfacet
  facet normal -3.541466e-01 -7.059202e-01 -6.133979e-01
    outer loop
      vertex -4.102838e+01 -2.300000e+01  2.891836e+00
      vertex -4.148141e+01 -2.300000e+01  3.153391e+00
      vertex -4.211109e+01 -2.110000e+01  1.330351e+00
    endloop
  endfacet
  facet normal -4.493038e-01 -7.059700e-01 -5.474781e-01
    outer loop
      vertex -4.186863e+01 -2.110000e+01  1.131371e+00
      vertex -4.102838e+01 -2.300000e+01  2.891836e+00
      vertex -4.211109e+01 -2.110000e+01  1.330351e+00
    endloop
  endfacet
  facet normal -4.408417e-01 -7.071577e-01 -5.527989e-01
    outer loop
      vertex -4.061940e+01 -2.300000e+01  2.565681e+00
      vertex -4.102838e+01 -2.300000e+01  2.891836e+00
      vertex -4.186863e+01 -2.110000e+01  1.131371e+00
    endloop
  endfacet
  facet normal -2.589822e-01 -7.053311e-01 -6.598759e-01
    outer loop
      vertex -4.148141e+01 -2.300000e+01  3.153391e+00
      vertex -4.196836e+01 -2.300000e+01  3.344505e+00
      vertex -4.238771e+01 -2.110000e+01  1.478207e+00
    endloop
  endfacet
  facet normal -3.329240e-01 -7.079625e-01 -6.228568e-01
    outer loop
      vertex -4.211109e+01 -2.110000e+01  1.330351e+00
      vertex -4.148141e+01 -2.300000e+01  3.153391e+00
      vertex -4.238771e+01 -2.110000e+01  1.478207e+00
    endloop
  endfacet
  facet normal -1.577259e-01 -7.053967e-01 -6.910413e-01
    outer loop
      vertex -4.196836e+01 -2.300000e+01  3.344505e+00
      vertex -4.247835e+01 -2.300000e+01  3.460908e+00
      vertex -4.268785e+01 -2.110000e+01  1.569256e+00
    endloop
  endfacet
  facet normal -2.048491e-01 -7.085291e-01 -6.752950e-01
    outer loop
      vertex -4.238771e+01 -2.110000e+01  1.478207e+00
      vertex -4.196836e+01 -2.300000e+01  3.344505e+00
      vertex -4.268785e+01 -2.110000e+01  1.569256e+00
    endloop
  endfacet
  facet normal  9.951850e-01  0.000000e+00 -9.801427e-02
    outer loop
      vertex -4.460000e+01 -2.110000e+01 -3.748657e-15
      vertex -4.456926e+01 -1.800000e+01  3.121445e-01
      vertex -4.456926e+01 -2.110000e+01  3.121445e-01
    endloop
  endfacet
  facet normal  9.569403e-01  0.000000e+00 -2.902847e-01
    outer loop
      vertex -4.456926e+01 -2.110000e+01  3.121445e-01
      vertex -4.456926e+01 -1.800000e+01  3.121445e-01
      vertex -4.447821e+01 -1.800000e+01  6.122935e-01
    endloop
  endfacet
  facet normal  9.569403e-01  0.000000e+00 -2.902847e-01
    outer loop
      vertex -4.456926e+01 -2.110000e+01  3.121445e-01
      vertex -4.447821e+01 -1.800000e+01  6.122935e-01
      vertex -4.447821e+01 -2.110000e+01  6.122935e-01
    endloop
  endfacet
  facet normal  8.819240e-01  0.000000e+00 -4.713917e-01
    outer loop
      vertex -4.447821e+01 -2.110000e+01  6.122935e-01
      vertex -4.447821e+01 -1.800000e+01  6.122935e-01
      vertex -4.433035e+01 -1.800000e+01  8.889124e-01
    endloop
  endfacet
  facet normal  8.819240e-01  0.000000e+00 -4.713917e-01
    outer loop
      vertex -4.447821e+01 -2.110000e+01  6.122935e-01
      vertex -4.433035e+01 -1.800000e+01  8.889124e-01
      vertex -4.433035e+01 -2.110000e+01  8.889124e-01
    endloop
  endfacet
  facet normal  7.730078e-01  0.000000e+00 -6.343965e-01
    outer loop
      vertex -4.433035e+01 -2.110000e+01  8.889124e-01
      vertex -4.433035e+01 -1.800000e+01  8.889124e-01
      vertex -4.413137e+01 -1.800000e+01  1.131371e+00
    endloop
  endfacet
  facet normal  7.730078e-01  0.000000e+00 -6.343965e-01
    outer loop
      vertex -4.433035e+01 -2.110000e+01  8.889124e-01
      vertex -4.413137e+01 -1.800000e+01  1.131371e+00
      vertex -4.413137e+01 -2.110000e+01  1.131371e+00
    endloop
  endfacet
  facet normal  6.343933e-01  0.000000e+00 -7.730104e-01
    outer loop
      vertex -4.413137e+01 -2.110000e+01  1.131371e+00
      vertex -4.413137e+01 -1.800000e+01  1.131371e+00
      vertex -4.388891e+01 -1.800000e+01  1.330351e+00
    endloop
  endfacet
  facet normal  6.343933e-01  0.000000e+00 -7.730104e-01
    outer loop
      vertex -4.413137e+01 -2.110000e+01  1.131371e+00
      vertex -4.388891e+01 -1.800000e+01  1.330351e+00
      vertex -4.388891e+01 -2.110000e+01  1.330351e+00
    endloop
  endfacet
  facet normal  4.713967e-01  0.000000e+00 -8.819213e-01
    outer loop
      vertex -4.388891e+01 -2.110000e+01  1.330351e+00
      vertex -4.388891e+01 -1.800000e+01  1.330351e+00
      vertex -4.361229e+01 -1.800000e+01  1.478207e+00
    endloop
  endfacet
  facet normal  4.713967e-01  0.000000e+00 -8.819213e-01
    outer loop
      vertex -4.388891e+01 -2.110000e+01  1.330351e+00
      vertex -4.361229e+01 -1.800000e+01  1.478207e+00
      vertex -4.361229e+01 -2.110000e+01  1.478207e+00
    endloop
  endfacet
  facet normal  2.902855e-01  0.000000e+00 -9.569401e-01
    outer loop
      vertex -4.361229e+01 -2.110000e+01  1.478207e+00
      vertex -4.361229e+01 -1.800000e+01  1.478207e+00
      vertex -4.331215e+01 -1.800000e+01  1.569256e+00
    endloop
  endfacet
  facet normal  2.902855e-01  0.000000e+00 -9.569401e-01
    outer loop
      vertex -4.361229e+01 -2.110000e+01  1.478207e+00
      vertex -4.331215e+01 -1.800000e+01  1.569256e+00
      vertex -4.331215e+01 -2.110000e+01  1.569256e+00
    endloop
  endfacet
  facet normal  9.801707e-02  0.000000e+00 -9.951847e-01
    outer loop
      vertex -4.331215e+01 -2.110000e+01  1.569256e+00
      vertex -4.331215e+01 -1.800000e+01  1.569256e+00
      vertex -4.300000e+01 -1.800000e+01  1.600000e+00
    endloop
  endfacet
  facet normal  9.801707e-02  0.000000e+00 -9.951847e-01
    outer loop
      vertex -4.331215e+01 -2.110000e+01  1.569256e+00
      vertex -4.300000e+01 -1.800000e+01  1.600000e+00
      vertex -4.300000e+01 -2.110000e+01  1.600000e+00
    endloop
  endfacet
  facet normal  9.951850e-01  1.509307e-17 -9.801427e-02
    outer loop
      vertex -4.456926e+01 -1.800000e+01  3.121445e-01
      vertex -4.460000e+01 -2.110000e+01 -3.748657e-15
      vertex -4.460000e+01 -1.800000e+01 -3.271292e-15
    endloop
  endfacet
  facet normal  9.951850e-01 -1.509307e-17  9.801427e-02
    outer loop
      vertex -4.460000e+01 -1.800000e+01 -3.271292e-15
      vertex -4.460000e+01 -2.110000e+01 -3.748657e-15
      vertex -4.456926e+01 -2.110000e+01 -3.121445e-01
    endloop
  endfacet
  facet normal  9.951850e-01  -0.000000e+00  9.801427e-02
    outer loop
      vertex -4.460000e+01 -1.800000e+01 -3.271292e-15
      vertex -4.456926e+01 -2.110000e+01 -3.121445e-01
      vertex -4.456926e+01 -1.800000e+01 -3.121445e-01
    endloop
  endfacet
  facet normal  9.569403e-01  0.000000e+00  2.902847e-01
    outer loop
      vertex -4.456926e+01 -1.800000e+01 -3.121445e-01
      vertex -4.456926e+01 -2.110000e+01 -3.121445e-01
      vertex -4.447821e+01 -2.110000e+01 -6.122935e-01
    endloop
  endfacet
  facet normal  9.569403e-01  -0.000000e+00  2.902847e-01
    outer loop
      vertex -4.456926e+01 -1.800000e+01 -3.121445e-01
      vertex -4.447821e+01 -2.110000e+01 -6.122935e-01
      vertex -4.447821e+01 -1.800000e+01 -6.122935e-01
    endloop
  endfacet
  facet normal  8.819240e-01  0.000000e+00  4.713917e-01
    outer loop
      vertex -4.447821e+01 -1.800000e+01 -6.122935e-01
      vertex -4.447821e+01 -2.110000e+01 -6.122935e-01
      vertex -4.433035e+01 -2.110000e+01 -8.889124e-01
    endloop
  endfacet
  facet normal  8.819240e-01  -0.000000e+00  4.713917e-01
    outer loop
      vertex -4.447821e+01 -1.800000e+01 -6.122935e-01
      vertex -4.433035e+01 -2.110000e+01 -8.889124e-01
      vertex -4.433035e+01 -1.800000e+01 -8.889124e-01
    endloop
  endfacet
  facet normal  7.730078e-01  0.000000e+00  6.343965e-01
    outer loop
      vertex -4.433035e+01 -1.800000e+01 -8.889124e-01
      vertex -4.433035e+01 -2.110000e+01 -8.889124e-01
      vertex -4.413137e+01 -2.110000e+01 -1.131371e+00
    endloop
  endfacet
  facet normal  7.730078e-01  -0.000000e+00  6.343965e-01
    outer loop
      vertex -4.433035e+01 -1.800000e+01 -8.889124e-01
      vertex -4.413137e+01 -2.110000e+01 -1.131371e+00
      vertex -4.413137e+01 -1.800000e+01 -1.131371e+00
    endloop
  endfacet
  facet normal  6.343933e-01  0.000000e+00  7.730104e-01
    outer loop
      vertex -4.413137e+01 -1.800000e+01 -1.131371e+00
      vertex -4.413137e+01 -2.110000e+01 -1.131371e+00
      vertex -4.388891e+01 -2.110000e+01 -1.330351e+00
    endloop
  endfacet
  facet normal  6.343933e-01  -0.000000e+00  7.730104e-01
    outer loop
      vertex -4.413137e+01 -1.800000e+01 -1.131371e+00
      vertex -4.388891e+01 -2.110000e+01 -1.330351e+00
      vertex -4.388891e+01 -1.800000e+01 -1.330351e+00
    endloop
  endfacet
  facet normal  4.713967e-01  0.000000e+00  8.819213e-01
    outer loop
      vertex -4.388891e+01 -1.800000e+01 -1.330351e+00
      vertex -4.388891e+01 -2.110000e+01 -1.330351e+00
      vertex -4.361229e+01 -2.110000e+01 -1.478207e+00
    endloop
  endfacet
  facet normal  4.713967e-01  -0.000000e+00  8.819213e-01
    outer loop
      vertex -4.388891e+01 -1.800000e+01 -1.330351e+00
      vertex -4.361229e+01 -2.110000e+01 -1.478207e+00
      vertex -4.361229e+01 -1.800000e+01 -1.478207e+00
    endloop
  endfacet
  facet normal  2.902855e-01  0.000000e+00  9.569401e-01
    outer loop
      vertex -4.361229e+01 -1.800000e+01 -1.478207e+00
      vertex -4.361229e+01 -2.110000e+01 -1.478207e+00
      vertex -4.331215e+01 -2.110000e+01 -1.569256e+00
    endloop
  endfacet
  facet normal  2.902855e-01  -0.000000e+00  9.569401e-01
    outer loop
      vertex -4.361229e+01 -1.800000e+01 -1.478207e+00
      vertex -4.331215e+01 -2.110000e+01 -1.569256e+00
      vertex -4.331215e+01 -1.800000e+01 -1.569256e+00
    endloop
  endfacet
  facet normal  9.801707e-02  0.000000e+00  9.951847e-01
    outer loop
      vertex -4.331215e+01 -1.800000e+01 -1.569256e+00
      vertex -4.331215e+01 -2.110000e+01 -1.569256e+00
      vertex -4.300000e+01 -2.110000e+01 -1.600000e+00
    endloop
  endfacet
  facet normal  9.801707e-02  -0.000000e+00  9.951847e-01
    outer loop
      vertex -4.331215e+01 -1.800000e+01 -1.569256e+00
      vertex -4.300000e+01 -2.110000e+01 -1.600000e+00
      vertex -4.300000e+01 -1.800000e+01 -1.600000e+00
    endloop
  endfacet
  facet normal -9.951850e-01  0.000000e+00  9.801427e-02
    outer loop
      vertex -4.140000e+01 -2.110000e+01 -3.552714e-15
      vertex -4.143074e+01 -1.800000e+01 -3.121445e-01
      vertex -4.143074e+01 -2.110000e+01 -3.121445e-01
    endloop
  endfacet
  facet normal -9.569403e-01  0.000000e+00  2.902847e-01
    outer loop
      vertex -4.143074e+01 -2.110000e+01 -3.121445e-01
      vertex -4.143074e+01 -1.800000e+01 -3.121445e-01
      vertex -4.152179e+01 -1.800000e+01 -6.122935e-01
    endloop
  endfacet
  facet normal -9.569403e-01  0.000000e+00  2.902847e-01
    outer loop
      vertex -4.143074e+01 -2.110000e+01 -3.121445e-01
      vertex -4.152179e+01 -1.800000e+01 -6.122935e-01
      vertex -4.152179e+01 -2.110000e+01 -6.122935e-01
    endloop
  endfacet
  facet normal -8.819240e-01  0.000000e+00  4.713917e-01
    outer loop
      vertex -4.152179e+01 -2.110000e+01 -6.122935e-01
      vertex -4.152179e+01 -1.800000e+01 -6.122935e-01
      vertex -4.166965e+01 -1.800000e+01 -8.889124e-01
    endloop
  endfacet
  facet normal -8.819240e-01  0.000000e+00  4.713917e-01
    outer loop
      vertex -4.152179e+01 -2.110000e+01 -6.122935e-01
      vertex -4.166965e+01 -1.800000e+01 -8.889124e-01
      vertex -4.166965e+01 -2.110000e+01 -8.889124e-01
    endloop
  endfacet
  facet normal -7.730078e-01  0.000000e+00  6.343965e-01
    outer loop
      vertex -4.166965e+01 -2.110000e+01 -8.889124e-01
      vertex -4.166965e+01 -1.800000e+01 -8.889124e-01
      vertex -4.186863e+01 -1.800000e+01 -1.131371e+00
    endloop
  endfacet
  facet normal -7.730078e-01  0.000000e+00  6.343965e-01
    outer loop
      vertex -4.166965e+01 -2.110000e+01 -8.889124e-01
      vertex -4.186863e+01 -1.800000e+01 -1.131371e+00
      vertex -4.186863e+01 -2.110000e+01 -1.131371e+00
    endloop
  endfacet
  facet normal -6.343933e-01  0.000000e+00  7.730104e-01
    outer loop
      vertex -4.186863e+01 -2.110000e+01 -1.131371e+00
      vertex -4.186863e+01 -1.800000e+01 -1.131371e+00
      vertex -4.211109e+01 -1.800000e+01 -1.330351e+00
    endloop
  endfacet
  facet normal -6.343933e-01  0.000000e+00  7.730104e-01
    outer loop
      vertex -4.186863e+01 -2.110000e+01 -1.131371e+00
      vertex -4.211109e+01 -1.800000e+01 -1.330351e+00
      vertex -4.211109e+01 -2.110000e+01 -1.330351e+00
    endloop
  endfacet
  facet normal -4.713967e-01  0.000000e+00  8.819213e-01
    outer loop
      vertex -4.211109e+01 -2.110000e+01 -1.330351e+00
      vertex -4.211109e+01 -1.800000e+01 -1.330351e+00
      vertex -4.238771e+01 -1.800000e+01 -1.478207e+00
    endloop
  endfacet
  facet normal -4.713967e-01  0.000000e+00  8.819213e-01
    outer loop
      vertex -4.211109e+01 -2.110000e+01 -1.330351e+00
      vertex -4.238771e+01 -1.800000e+01 -1.478207e+00
      vertex -4.238771e+01 -2.110000e+01 -1.478207e+00
    endloop
  endfacet
  facet normal -2.902855e-01  0.000000e+00  9.569401e-01
    outer loop
      vertex -4.238771e+01 -2.110000e+01 -1.478207e+00
      vertex -4.238771e+01 -1.800000e+01 -1.478207e+00
      vertex -4.268785e+01 -1.800000e+01 -1.569256e+00
    endloop
  endfacet
  facet normal -2.902855e-01  0.000000e+00  9.569401e-01
    outer loop
      vertex -4.238771e+01 -2.110000e+01 -1.478207e+00
      vertex -4.268785e+01 -1.800000e+01 -1.569256e+00
      vertex -4.268785e+01 -2.110000e+01 -1.569256e+00
    endloop
  endfacet
  facet normal -9.801707e-02  0.000000e+00  9.951847e-01
    outer loop
      vertex -4.268785e+01 -2.110000e+01 -1.569256e+00
      vertex -4.268785e+01 -1.800000e+01 -1.569256e+00
      vertex -4.300000e+01 -1.800000e+01 -1.600000e+00
    endloop
  endfacet
  facet normal -9.801707e-02  0.000000e+00  9.951847e-01
    outer loop
      vertex -4.268785e+01 -2.110000e+01 -1.569256e+00
      vertex -4.300000e+01 -1.800000e+01 -1.600000e+00
      vertex -4.300000e+01 -2.110000e+01 -1.600000e+00
    endloop
  endfacet
  facet normal -9.951850e-01 -1.277769e-17  9.801427e-02
    outer loop
      vertex -4.143074e+01 -1.800000e+01 -3.121445e-01
      vertex -4.140000e+01 -2.110000e+01 -3.552714e-15
      vertex -4.140000e+01 -1.800000e+01 -3.148580e-15
    endloop
  endfacet
  facet normal -9.951850e-01  1.277769e-17 -9.801427e-02
    outer loop
      vertex -4.140000e+01 -1.800000e+01 -3.148580e-15
      vertex -4.140000e+01 -2.110000e+01 -3.552714e-15
      vertex -4.143074e+01 -2.110000e+01  3.121445e-01
    endloop
  endfacet
  facet normal -9.951850e-01  0.000000e+00 -9.801427e-02
    outer loop
      vertex -4.140000e+01 -1.800000e+01 -3.148580e-15
      vertex -4.143074e+01 -2.110000e+01  3.121445e-01
      vertex -4.143074e+01 -1.800000e+01  3.121445e-01
    endloop
  endfacet
  facet normal -9.569403e-01  -0.000000e+00 -2.902847e-01
    outer loop
      vertex -4.143074e+01 -1.800000e+01  3.121445e-01
      vertex -4.143074e+01 -2.110000e+01  3.121445e-01
      vertex -4.152179e+01 -2.110000e+01  6.122935e-01
    endloop
  endfacet
  facet normal -9.569403e-01  0.000000e+00 -2.902847e-01
    outer loop
      vertex -4.143074e+01 -1.800000e+01  3.121445e-01
      vertex -4.152179e+01 -2.110000e+01  6.122935e-01
      vertex -4.152179e+01 -1.800000e+01  6.122935e-01
    endloop
  endfacet
  facet normal -8.819240e-01  -0.000000e+00 -4.713917e-01
    outer loop
      vertex -4.152179e+01 -1.800000e+01  6.122935e-01
      vertex -4.152179e+01 -2.110000e+01  6.122935e-01
      vertex -4.166965e+01 -2.110000e+01  8.889124e-01
    endloop
  endfacet
  facet normal -8.819240e-01  0.000000e+00 -4.713917e-01
    outer loop
      vertex -4.152179e+01 -1.800000e+01  6.122935e-01
      vertex -4.166965e+01 -2.110000e+01  8.889124e-01
      vertex -4.166965e+01 -1.800000e+01  8.889124e-01
    endloop
  endfacet
  facet normal -7.730078e-01  -0.000000e+00 -6.343965e-01
    outer loop
      vertex -4.166965e+01 -1.800000e+01  8.889124e-01
      vertex -4.166965e+01 -2.110000e+01  8.889124e-01
      vertex -4.186863e+01 -2.110000e+01  1.131371e+00
    endloop
  endfacet
  facet normal -7.730078e-01  0.000000e+00 -6.343965e-01
    outer loop
      vertex -4.166965e+01 -1.800000e+01  8.889124e-01
      vertex -4.186863e+01 -2.110000e+01  1.131371e+00
      vertex -4.186863e+01 -1.800000e+01  1.131371e+00
    endloop
  endfacet
  facet normal -6.343933e-01  -0.000000e+00 -7.730104e-01
    outer loop
      vertex -4.186863e+01 -1.800000e+01  1.131371e+00
      vertex -4.186863e+01 -2.110000e+01  1.131371e+00
      vertex -4.211109e+01 -2.110000e+01  1.330351e+00
    endloop
  endfacet
  facet normal -6.343933e-01  0.000000e+00 -7.730104e-01
    outer loop
      vertex -4.186863e+01 -1.800000e+01  1.131371e+00
      vertex -4.211109e+01 -2.110000e+01  1.330351e+00
      vertex -4.211109e+01 -1.800000e+01  1.330351e+00
    endloop
  endfacet
  facet normal -4.713967e-01  -0.000000e+00 -8.819213e-01
    outer loop
      vertex -4.211109e+01 -1.800000e+01  1.330351e+00
      vertex -4.211109e+01 -2.110000e+01  1.330351e+00
      vertex -4.238771e+01 -2.110000e+01  1.478207e+00
    endloop
  endfacet
  facet normal -4.713967e-01  0.000000e+00 -8.819213e-01
    outer loop
      vertex -4.211109e+01 -1.800000e+01  1.330351e+00
      vertex -4.238771e+01 -2.110000e+01  1.478207e+00
      vertex -4.238771e+01 -1.800000e+01  1.478207e+00
    endloop
  endfacet
  facet normal -2.902855e-01  -0.000000e+00 -9.569401e-01
    outer loop
      vertex -4.238771e+01 -1.800000e+01  1.478207e+00
      vertex -4.238771e+01 -2.110000e+01  1.478207e+00
      vertex -4.268785e+01 -2.110000e+01  1.569256e+00
    endloop
  endfacet
  facet normal -2.902855e-01  0.000000e+00 -9.569401e-01
    outer loop
      vertex -4.238771e+01 -1.800000e+01  1.478207e+00
      vertex -4.268785e+01 -2.110000e+01  1.569256e+00
      vertex -4.268785e+01 -1.800000e+01  1.569256e+00
    endloop
  endfacet
  facet normal -9.801707e-02  -0.000000e+00 -9.951847e-01
    outer loop
      vertex -4.268785e+01 -1.800000e+01  1.569256e+00
      vertex -4.268785e+01 -2.110000e+01  1.569256e+00
      vertex -4.300000e+01 -2.110000e+01  1.600000e+00
    endloop
  endfacet
  facet normal -9.801707e-02  0.000000e+00 -9.951847e-01
    outer loop
      vertex -4.268785e+01 -1.800000e+01  1.569256e+00
      vertex -4.300000e+01 -2.110000e+01  1.600000e+00
      vertex -4.300000e+01 -1.800000e+01  1.600000e+00
    endloop
  endfacet
  facet normal  5.291597e-02 -7.061161e-01 -7.061160e-01
    outer loop
      vertex -4.300000e+01 -2.300000e+01  3.500000e+00
      vertex -4.352165e+01 -2.300000e+01  3.460908e+00
      vertex -4.300000e+01 -2.110000e+01  1.600000e+00
    endloop
  endfacet
  facet normal  6.925242e-02 -7.076789e-01 -7.031321e-01
    outer loop
      vertex -4.352165e+01 -2.300000e+01  3.460908e+00
      vertex -4.331215e+01 -2.110000e+01  1.569256e+00
      vertex -4.300000e+01 -2.110000e+01  1.600000e+00
    endloop
  endfacet
  facet normal  6.925237e-02 -7.076788e-01  7.031321e-01
    outer loop
      vertex -4.331215e+01 -2.110000e+01 -1.569256e+00
      vertex -4.352165e+01 -2.300000e+01 -3.460908e+00
      vertex -4.300000e+01 -2.110000e+01 -1.600000e+00
    endloop
  endfacet
  facet normal  5.291597e-02 -7.061161e-01  7.061160e-01
    outer loop
      vertex -4.352165e+01 -2.300000e+01 -3.460908e+00
      vertex -4.300000e+01 -2.300000e+01 -3.500000e+00
      vertex -4.300000e+01 -2.110000e+01 -1.600000e+00
    endloop
  endfacet
  facet normal  1.577259e-01 -7.053967e-01 -6.910413e-01
    outer loop
      vertex -4.352165e+01 -2.300000e+01  3.460908e+00
      vertex -4.403164e+01 -2.300000e+01  3.344505e+00
      vertex -4.331215e+01 -2.110000e+01  1.569256e+00
    endloop
  endfacet
  facet normal  2.589821e-01 -7.053311e-01 -6.598759e-01
    outer loop
      vertex -4.403164e+01 -2.300000e+01  3.344505e+00
      vertex -4.451859e+01 -2.300000e+01  3.153391e+00
      vertex -4.361229e+01 -2.110000e+01  1.478207e+00
    endloop
  endfacet
  facet normal  2.048491e-01 -7.085291e-01 -6.752950e-01
    outer loop
      vertex -4.331215e+01 -2.110000e+01  1.569256e+00
      vertex -4.403164e+01 -2.300000e+01  3.344505e+00
      vertex -4.361229e+01 -2.110000e+01  1.478207e+00
    endloop
  endfacet
  facet normal  3.541466e-01 -7.059201e-01 -6.133979e-01
    outer loop
      vertex -4.451859e+01 -2.300000e+01  3.153391e+00
      vertex -4.497162e+01 -2.300000e+01  2.891836e+00
      vertex -4.388891e+01 -2.110000e+01  1.330351e+00
    endloop
  endfacet
  facet normal  3.329240e-01 -7.079625e-01 -6.228568e-01
    outer loop
      vertex -4.361229e+01 -2.110000e+01  1.478207e+00
      vertex -4.451859e+01 -2.300000e+01  3.153391e+00
      vertex -4.388891e+01 -2.110000e+01  1.330351e+00
    endloop
  endfacet
  facet normal  5.195277e-01 -7.054885e-01 -4.820550e-01
    outer loop
      vertex -4.538060e+01 -2.300000e+01  2.565681e+00
      vertex -4.573641e+01 -2.300000e+01  2.182214e+00
      vertex -4.413137e+01 -2.110000e+01  1.131371e+00
    endloop
  endfacet
  facet normal  4.484371e-01 -7.073380e-01 -5.464221e-01
    outer loop
      vertex -4.388891e+01 -2.110000e+01  1.330351e+00
      vertex -4.538060e+01 -2.300000e+01  2.565681e+00
      vertex -4.413137e+01 -2.110000e+01  1.131371e+00
    endloop
  endfacet
  facet normal  4.413523e-01 -7.063379e-01 -5.534392e-01
    outer loop
      vertex -4.497162e+01 -2.300000e+01  2.891836e+00
      vertex -4.538060e+01 -2.300000e+01  2.565681e+00
      vertex -4.388891e+01 -2.110000e+01  1.330351e+00
    endloop
  endfacet
  facet normal  5.857354e-01 -7.052917e-01 -3.993463e-01
    outer loop
      vertex -4.573641e+01 -2.300000e+01  2.182214e+00
      vertex -4.603109e+01 -2.300000e+01  1.750000e+00
      vertex -4.433035e+01 -2.110000e+01  8.889124e-01
    endloop
  endfacet
  facet normal  5.455413e-01 -7.084726e-01 -4.477178e-01
    outer loop
      vertex -4.413137e+01 -2.110000e+01  1.131371e+00
      vertex -4.573641e+01 -2.300000e+01  2.182214e+00
      vertex -4.433035e+01 -2.110000e+01  8.889124e-01
    endloop
  endfacet
  facet normal  6.383024e-01 -7.057502e-01 -3.073870e-01
    outer loop
      vertex -4.603109e+01 -2.300000e+01  1.750000e+00
      vertex -4.625806e+01 -2.300000e+01  1.278694e+00
      vertex -4.447821e+01 -2.110000e+01  6.122935e-01
    endloop
  endfacet
  facet normal  6.226582e-01 -7.081894e-01 -3.328131e-01
    outer loop
      vertex -4.433035e+01 -2.110000e+01  8.889124e-01
      vertex -4.603109e+01 -2.300000e+01  1.750000e+00
      vertex -4.447821e+01 -2.110000e+01  6.122935e-01
    endloop
  endfacet
  facet normal  7.006899e-01 -7.056062e-01 -1.056109e-01
    outer loop
      vertex -4.641225e+01 -2.300000e+01  7.788233e-01
      vertex -4.649021e+01 -2.300000e+01  2.615553e-01
      vertex -4.456926e+01 -2.110000e+01  3.121445e-01
    endloop
  endfacet
  facet normal  6.768188e-01 -7.069396e-01 -2.053107e-01
    outer loop
      vertex -4.447821e+01 -2.110000e+01  6.122935e-01
      vertex -4.641225e+01 -2.300000e+01  7.788233e-01
      vertex -4.456926e+01 -2.110000e+01  3.121445e-01
    endloop
  endfacet
  facet normal  6.761895e-01 -7.065855e-01 -2.085775e-01
    outer loop
      vertex -4.625806e+01 -2.300000e+01  1.278694e+00
      vertex -4.641225e+01 -2.300000e+01  7.788233e-01
      vertex -4.447821e+01 -2.110000e+01  6.122935e-01
    endloop
  endfacet
  facet normal  7.089303e-01 -7.052786e-01  0.000000e+00
    outer loop
      vertex -4.649021e+01 -2.300000e+01  2.615553e-01
      vertex -4.649021e+01 -2.300000e+01 -2.615553e-01
      vertex -4.460000e+01 -2.110000e+01 -3.748657e-15
    endloop
  endfacet
  facet normal  7.024536e-01 -7.083591e-01 -6.918371e-02
    outer loop
      vertex -4.456926e+01 -2.110000e+01  3.121445e-01
      vertex -4.649021e+01 -2.300000e+01  2.615553e-01
      vertex -4.460000e+01 -2.110000e+01 -3.748657e-15
    endloop
  endfacet
  facet normal  7.006899e-01 -7.056062e-01  1.056109e-01
    outer loop
      vertex -4.649021e+01 -2.300000e+01 -2.615553e-01
      vertex -4.641225e+01 -2.300000e+01 -7.788233e-01
      vertex -4.456926e+01 -2.110000e+01 -3.121445e-01
    endloop
  endfacet
  facet normal  7.024536e-01 -7.083591e-01  6.918371e-02
    outer loop
      vertex -4.460000e+01 -2.110000e+01 -3.748657e-15
      vertex -4.649021e+01 -2.300000e+01 -2.615553e-01
      vertex -4.456926e+01 -2.110000e+01 -3.121445e-01
    endloop
  endfacet
  facet normal  6.383024e-01 -7.057502e-01  3.073870e-01
    outer loop
      vertex -4.625806e+01 -2.300000e+01 -1.278694e+00
      vertex -4.603109e+01 -2.300000e+01 -1.750000e+00
      vertex -4.447821e+01 -2.110000e+01 -6.122935e-01
    endloop
  endfacet
  facet normal  6.772546e-01 -7.064838e-01  2.054429e-01
    outer loop
      vertex -4.456926e+01 -2.110000e+01 -3.121445e-01
      vertex -4.625806e+01 -2.300000e+01 -1.278694e+00
      vertex -4.447821e+01 -2.110000e+01 -6.122935e-01
    endloop
  endfacet
  facet normal  6.759287e-01 -7.068588e-01  2.084970e-01
    outer loop
      vertex -4.641225e+01 -2.300000e+01 -7.788233e-01
      vertex -4.625806e+01 -2.300000e+01 -1.278694e+00
      vertex -4.456926e+01 -2.110000e+01 -3.121445e-01
    endloop
  endfacet
  facet normal  5.857354e-01 -7.052917e-01  3.993463e-01
    outer loop
      vertex -4.603109e+01 -2.300000e+01 -1.750000e+00
      vertex -4.573641e+01 -2.300000e+01 -2.182214e+00
      vertex -4.433035e+01 -2.110000e+01 -8.889124e-01
    endloop
  endfacet
  facet normal  6.226582e-01 -7.081894e-01  3.328131e-01
    outer loop
      vertex -4.447821e+01 -2.110000e+01 -6.122935e-01
      vertex -4.603109e+01 -2.300000e+01 -1.750000e+00
      vertex -4.433035e+01 -2.110000e+01 -8.889124e-01
    endloop
  endfacet
  facet normal  5.195277e-01 -7.054885e-01  4.820550e-01
    outer loop
      vertex -4.573641e+01 -2.300000e+01 -2.182214e+00
      vertex -4.538060e+01 -2.300000e+01 -2.565681e+00
      vertex -4.413137e+01 -2.110000e+01 -1.131371e+00
    endloop
  endfacet
  facet normal  5.455413e-01 -7.084726e-01  4.477178e-01
    outer loop
      vertex -4.433035e+01 -2.110000e+01 -8.889124e-01
      vertex -4.573641e+01 -2.300000e+01 -2.182214e+00
      vertex -4.413137e+01 -2.110000e+01 -1.131371e+00
    endloop
  endfacet
  facet normal  3.541466e-01 -7.059202e-01  6.133979e-01
    outer loop
      vertex -4.497162e+01 -2.300000e+01 -2.891836e+00
      vertex -4.451859e+01 -2.300000e+01 -3.153391e+00
      vertex -4.388891e+01 -2.110000e+01 -1.330351e+00
    endloop
  endfacet
  facet normal  4.493038e-01 -7.059700e-01  5.474781e-01
    outer loop
      vertex -4.413137e+01 -2.110000e+01 -1.131371e+00
      vertex -4.497162e+01 -2.300000e+01 -2.891836e+00
      vertex -4.388891e+01 -2.110000e+01 -1.330351e+00
    endloop
  endfacet
  facet normal  4.408417e-01 -7.071577e-01  5.527989e-01
    outer loop
      vertex -4.538060e+01 -2.300000e+01 -2.565681e+00
      vertex -4.497162e+01 -2.300000e+01 -2.891836e+00
      vertex -4.413137e+01 -2.110000e+01 -1.131371e+00
    endloop
  endfacet
  facet normal  2.589822e-01 -7.053311e-01  6.598759e-01
    outer loop
      vertex -4.451859e+01 -2.300000e+01 -3.153391e+00
      vertex -4.403164e+01 -2.300000e+01 -3.344505e+00
      vertex -4.361229e+01 -2.110000e+01 -1.478207e+00
    endloop
  endfacet
  facet normal  3.329240e-01 -7.079625e-01  6.228568e-01
    outer loop
      vertex -4.388891e+01 -2.110000e+01 -1.330351e+00
      vertex -4.451859e+01 -2.300000e+01 -3.153391e+00
      vertex -4.361229e+01 -2.110000e+01 -1.478207e+00
    endloop
  endfacet
  facet normal  1.577259e-01 -7.053967e-01  6.910413e-01
    outer loop
      vertex -4.403164e+01 -2.300000e+01 -3.344505e+00
      vertex -4.352165e+01 -2.300000e+01 -3.460908e+00
      vertex -4.331215e+01 -2.110000e+01 -1.569256e+00
    endloop
  endfacet
  facet normal  2.048491e-01 -7.085291e-01  6.752950e-01
    outer loop
      vertex -4.361229e+01 -2.110000e+01 -1.478207e+00
      vertex -4.403164e+01 -2.300000e+01 -3.344505e+00
      vertex -4.331215e+01 -2.110000e+01 -1.569256e+00
    endloop
  endfacet
  facet normal  7.064608e-01  4.273404e-02 -7.064608e-01
    outer loop
      vertex  7.090000e+01  1.300000e+01 -2.050000e+01
      vertex  6.843719e+01  1.238526e+01 -2.300000e+01
      vertex  6.840000e+01  1.300000e+01 -2.300000e+01
    endloop
  endfacet
  facet normal  7.034283e-01  6.153811e-02 -7.080973e-01
    outer loop
      vertex  7.090000e+01  1.300000e+01 -2.050000e+01
      vertex  7.093950e+01  1.254851e+01 -2.050000e+01
      vertex  6.843719e+01  1.238526e+01 -2.300000e+01
    endloop
  endfacet
  facet normal -7.034283e-01  6.153811e-02 -7.080973e-01
    outer loop
      vertex  7.610000e+01  1.300000e+01 -2.050000e+01
      vertex  7.856281e+01  1.238526e+01 -2.300000e+01
      vertex  7.606050e+01  1.254851e+01 -2.050000e+01
    endloop
  endfacet
  facet normal -7.064608e-01  4.273404e-02 -7.064608e-01
    outer loop
      vertex  7.610000e+01  1.300000e+01 -2.050000e+01
      vertex  7.860000e+01  1.300000e+01 -2.300000e+01
      vertex  7.856281e+01  1.238526e+01 -2.300000e+01
    endloop
  endfacet
  facet normal  6.968127e-01  1.276909e-01 -7.057953e-01
    outer loop
      vertex  7.093950e+01  1.254851e+01 -2.050000e+01
      vertex  6.854819e+01  1.177949e+01 -2.300000e+01
      vertex  6.843719e+01  1.238526e+01 -2.300000e+01
    endloop
  endfacet
  facet normal  6.759587e-01  2.106365e-01 -7.061955e-01
    outer loop
      vertex  7.105680e+01  1.211075e+01 -2.050000e+01
      vertex  6.873141e+01  1.119151e+01 -2.300000e+01
      vertex  6.854819e+01  1.177949e+01 -2.300000e+01
    endloop
  endfacet
  facet normal  6.818023e-01  1.826925e-01 -7.083566e-01
    outer loop
      vertex  7.105680e+01  1.211075e+01 -2.050000e+01
      vertex  6.854819e+01  1.177949e+01 -2.300000e+01
      vertex  7.093950e+01  1.254851e+01 -2.050000e+01
    endloop
  endfacet
  facet normal  6.061938e-01  3.664522e-01 -7.058625e-01
    outer loop
      vertex  7.124834e+01  1.170000e+01 -2.050000e+01
      vertex  6.930278e+01  1.010287e+01 -2.300000e+01
      vertex  6.898418e+01  1.062991e+01 -2.300000e+01
    endloop
  endfacet
  facet normal  6.403093e-01  2.985830e-01 -7.077093e-01
    outer loop
      vertex  7.124834e+01  1.170000e+01 -2.050000e+01
      vertex  6.898418e+01  1.062991e+01 -2.300000e+01
      vertex  7.105680e+01  1.211075e+01 -2.050000e+01
    endloop
  endfacet
  facet normal  6.450945e-01  2.903388e-01 -7.067930e-01
    outer loop
      vertex  7.105680e+01  1.211075e+01 -2.050000e+01
      vertex  6.898418e+01  1.062991e+01 -2.300000e+01
      vertex  6.873141e+01  1.119151e+01 -2.300000e+01
    endloop
  endfacet
  facet normal  5.574955e-01  4.367711e-01 -7.059957e-01
    outer loop
      vertex  7.150829e+01  1.132875e+01 -2.050000e+01
      vertex  6.968259e+01  9.618074e+00 -2.300000e+01
      vertex  6.930278e+01  1.010287e+01 -2.300000e+01
    endloop
  endfacet
  facet normal  5.780969e-01  4.047856e-01 -7.084862e-01
    outer loop
      vertex  7.150829e+01  1.132875e+01 -2.050000e+01
      vertex  6.930278e+01  1.010287e+01 -2.300000e+01
      vertex  7.124834e+01  1.170000e+01 -2.050000e+01
    endloop
  endfacet
  facet normal  4.367710e-01  5.574957e-01 -7.059954e-01
    outer loop
      vertex  7.182875e+01  1.100828e+01 -2.050000e+01
      vertex  7.060287e+01  8.802782e+00 -2.300000e+01
      vertex  7.011807e+01  9.182595e+00 -2.300000e+01
    endloop
  endfacet
  facet normal  4.999433e-01  4.999389e-01 -7.071901e-01
    outer loop
      vertex  7.182875e+01  1.100828e+01 -2.050000e+01
      vertex  7.011807e+01  9.182595e+00 -2.300000e+01
      vertex  7.150829e+01  1.132875e+01 -2.050000e+01
    endloop
  endfacet
  facet normal  4.999415e-01  4.999404e-01 -7.071904e-01
    outer loop
      vertex  7.150829e+01  1.132875e+01 -2.050000e+01
      vertex  7.011807e+01  9.182595e+00 -2.300000e+01
      vertex  6.968259e+01  9.618074e+00 -2.300000e+01
    endloop
  endfacet
  facet normal  3.664533e-01  6.061938e-01 -7.058619e-01
    outer loop
      vertex  7.220000e+01  1.074833e+01 -2.050000e+01
      vertex  7.112991e+01  8.484175e+00 -2.300000e+01
      vertex  7.060287e+01  8.802782e+00 -2.300000e+01
    endloop
  endfacet
  facet normal  4.047885e-01  5.780954e-01 -7.084857e-01
    outer loop
      vertex  7.220000e+01  1.074833e+01 -2.050000e+01
      vertex  7.060287e+01  8.802782e+00 -2.300000e+01
      vertex  7.182875e+01  1.100828e+01 -2.050000e+01
    endloop
  endfacet
  facet normal  2.106369e-01  6.759591e-01 -7.061952e-01
    outer loop
      vertex  7.261075e+01  1.055680e+01 -2.050000e+01
      vertex  7.227949e+01  8.048197e+00 -2.300000e+01
      vertex  7.169151e+01  8.231417e+00 -2.300000e+01
    endloop
  endfacet
  facet normal  2.990736e-01  6.413704e-01 -7.065400e-01
    outer loop
      vertex  7.261075e+01  1.055680e+01 -2.050000e+01
      vertex  7.169151e+01  8.231417e+00 -2.300000e+01
      vertex  7.220000e+01  1.074833e+01 -2.050000e+01
    endloop
  endfacet
  facet normal  2.899840e-01  6.443115e-01 -7.076524e-01
    outer loop
      vertex  7.220000e+01  1.074833e+01 -2.050000e+01
      vertex  7.169151e+01  8.231417e+00 -2.300000e+01
      vertex  7.112991e+01  8.484175e+00 -2.300000e+01
    endloop
  endfacet
  facet normal  1.276952e-01  6.968117e-01 -7.057956e-01
    outer loop
      vertex  7.304852e+01  1.043950e+01 -2.050000e+01
      vertex  7.288526e+01  7.937185e+00 -2.300000e+01
      vertex  7.227949e+01  8.048197e+00 -2.300000e+01
    endloop
  endfacet
  facet normal  1.826883e-01  6.818035e-01 -7.083564e-01
    outer loop
      vertex  7.304852e+01  1.043950e+01 -2.050000e+01
      vertex  7.227949e+01  8.048197e+00 -2.300000e+01
      vertex  7.261075e+01  1.055680e+01 -2.050000e+01
    endloop
  endfacet
  facet normal  4.273288e-02  7.064609e-01 -7.064608e-01
    outer loop
      vertex  7.350000e+01  1.040000e+01 -2.050000e+01
      vertex  7.350000e+01  7.900000e+00 -2.300000e+01
      vertex  7.288526e+01  7.937185e+00 -2.300000e+01
    endloop
  endfacet
  facet normal  6.154292e-02  7.034274e-01 -7.080976e-01
    outer loop
      vertex  7.350000e+01  1.040000e+01 -2.050000e+01
      vertex  7.288526e+01  7.937185e+00 -2.300000e+01
      vertex  7.304852e+01  1.043950e+01 -2.050000e+01
    endloop
  endfacet
  facet normal -1.276952e-01  6.968117e-01 -7.057956e-01
    outer loop
      vertex  7.395148e+01  1.043950e+01 -2.050000e+01
      vertex  7.472051e+01  8.048197e+00 -2.300000e+01
      vertex  7.411474e+01  7.937185e+00 -2.300000e+01
    endloop
  endfacet
  facet normal -6.154292e-02  7.034274e-01 -7.080976e-01
    outer loop
      vertex  7.395148e+01  1.043950e+01 -2.050000e+01
      vertex  7.411474e+01  7.937185e+00 -2.300000e+01
      vertex  7.350000e+01  1.040000e+01 -2.050000e+01
    endloop
  endfacet
  facet normal -2.106369e-01  6.759589e-01 -7.061951e-01
    outer loop
      vertex  7.438925e+01  1.055680e+01 -2.050000e+01
      vertex  7.530849e+01  8.231417e+00 -2.300000e+01
      vertex  7.472051e+01  8.048197e+00 -2.300000e+01
    endloop
  endfacet
  facet normal -1.826883e-01  6.818035e-01 -7.083564e-01
    outer loop
      vertex  7.438925e+01  1.055680e+01 -2.050000e+01
      vertex  7.472051e+01  8.048197e+00 -2.300000e+01
      vertex  7.395148e+01  1.043950e+01 -2.050000e+01
    endloop
  endfacet
  facet normal -3.664532e-01  6.061938e-01 -7.058619e-01
    outer loop
      vertex  7.480000e+01  1.074833e+01 -2.050000e+01
      vertex  7.639713e+01  8.802782e+00 -2.300000e+01
      vertex  7.587009e+01  8.484175e+00 -2.300000e+01
    endloop
  endfacet
  facet normal -2.985797e-01  6.403112e-01 -7.077087e-01
    outer loop
      vertex  7.480000e+01  1.074833e+01 -2.050000e+01
      vertex  7.587009e+01  8.484175e+00 -2.300000e+01
      vertex  7.438925e+01  1.055680e+01 -2.050000e+01
    endloop
  endfacet
  facet normal -2.903369e-01  6.450957e-01 -7.067928e-01
    outer loop
      vertex  7.438925e+01  1.055680e+01 -2.050000e+01
      vertex  7.587009e+01  8.484175e+00 -2.300000e+01
      vertex  7.530849e+01  8.231417e+00 -2.300000e+01
    endloop
  endfacet
  facet normal -4.367710e-01  5.574957e-01 -7.059954e-01
    outer loop
      vertex  7.517125e+01  1.100828e+01 -2.050000e+01
      vertex  7.688193e+01  9.182595e+00 -2.300000e+01
      vertex  7.639713e+01  8.802782e+00 -2.300000e+01
    endloop
  endfacet
  facet normal -4.047885e-01  5.780954e-01 -7.084857e-01
    outer loop
      vertex  7.517125e+01  1.100828e+01 -2.050000e+01
      vertex  7.639713e+01  8.802782e+00 -2.300000e+01
      vertex  7.480000e+01  1.074833e+01 -2.050000e+01
    endloop
  endfacet
  facet normal -5.574955e-01  4.367711e-01 -7.059957e-01
    outer loop
      vertex  7.549171e+01  1.132875e+01 -2.050000e+01
      vertex  7.769722e+01  1.010287e+01 -2.300000e+01
      vertex  7.731741e+01  9.618074e+00 -2.300000e+01
    endloop
  endfacet
  facet normal -4.999431e-01  4.999387e-01 -7.071904e-01
    outer loop
      vertex  7.549171e+01  1.132875e+01 -2.050000e+01
      vertex  7.731741e+01  9.618074e+00 -2.300000e+01
      vertex  7.517125e+01  1.100828e+01 -2.050000e+01
    endloop
  endfacet
  facet normal -4.999416e-01  4.999406e-01 -7.071902e-01
    outer loop
      vertex  7.517125e+01  1.100828e+01 -2.050000e+01
      vertex  7.731741e+01  9.618074e+00 -2.300000e+01
      vertex  7.688193e+01  9.182595e+00 -2.300000e+01
    endloop
  endfacet
  facet normal -6.061938e-01  3.664522e-01 -7.058625e-01
    outer loop
      vertex  7.575166e+01  1.170000e+01 -2.050000e+01
      vertex  7.801582e+01  1.062991e+01 -2.300000e+01
      vertex  7.769722e+01  1.010287e+01 -2.300000e+01
    endloop
  endfacet
  facet normal -5.780969e-01  4.047856e-01 -7.084862e-01
    outer loop
      vertex  7.575166e+01  1.170000e+01 -2.050000e+01
      vertex  7.769722e+01  1.010287e+01 -2.300000e+01
      vertex  7.549171e+01  1.132875e+01 -2.050000e+01
    endloop
  endfacet
  facet normal -6.759587e-01  2.106365e-01 -7.061955e-01
    outer loop
      vertex  7.594320e+01  1.211075e+01 -2.050000e+01
      vertex  7.845181e+01  1.177949e+01 -2.300000e+01
      vertex  7.826859e+01  1.119151e+01 -2.300000e+01
    endloop
  endfacet
  facet normal -6.413687e-01  2.990770e-01 -7.065403e-01
    outer loop
      vertex  7.594320e+01  1.211075e+01 -2.050000e+01
      vertex  7.826859e+01  1.119151e+01 -2.300000e+01
      vertex  7.575166e+01  1.170000e+01 -2.050000e+01
    endloop
  endfacet
  facet normal -6.443102e-01  2.899858e-01 -7.076529e-01
    outer loop
      vertex  7.575166e+01  1.170000e+01 -2.050000e+01
      vertex  7.826859e+01  1.119151e+01 -2.300000e+01
      vertex  7.801582e+01  1.062991e+01 -2.300000e+01
    endloop
  endfacet
  facet normal -6.968127e-01  1.276909e-01 -7.057953e-01
    outer loop
      vertex  7.606050e+01  1.254851e+01 -2.050000e+01
      vertex  7.856281e+01  1.238526e+01 -2.300000e+01
      vertex  7.845181e+01  1.177949e+01 -2.300000e+01
    endloop
  endfacet
  facet normal -6.818023e-01  1.826925e-01 -7.083566e-01
    outer loop
      vertex  7.606050e+01  1.254851e+01 -2.050000e+01
      vertex  7.845181e+01  1.177949e+01 -2.300000e+01
      vertex  7.594320e+01  1.211075e+01 -2.050000e+01
    endloop
  endfacet
  facet normal -4.273288e-02  7.064609e-01 -7.064608e-01
    outer loop
      vertex  7.350000e+01  1.040000e+01 -2.050000e+01
      vertex  7.411474e+01  7.937185e+00 -2.300000e+01
      vertex  7.350000e+01  7.900000e+00 -2.300000e+01
    endloop
  endfacet
  facet normal -8.715671e-02 -9.961946e-01  0.000000e+00
    outer loop
      vertex  7.350000e+01  1.560000e+01 -1.300000e+01
      vertex  7.395148e+01  1.556050e+01 -2.050000e+01
      vertex  7.395148e+01  1.556050e+01 -1.300000e+01
    endloop
  endfacet
  facet normal -2.588185e-01 -9.659259e-01  -0.000000e+00
    outer loop
      vertex  7.395148e+01  1.556050e+01 -1.300000e+01
      vertex  7.395148e+01  1.556050e+01 -2.050000e+01
      vertex  7.438925e+01  1.544320e+01 -2.050000e+01
    endloop
  endfacet
  facet normal -2.588185e-01 -9.659259e-01  0.000000e+00
    outer loop
      vertex  7.395148e+01  1.556050e+01 -1.300000e+01
      vertex  7.438925e+01  1.544320e+01 -2.050000e+01
      vertex  7.438925e+01  1.544320e+01 -1.300000e+01
    endloop
  endfacet
  facet normal -4.226155e-01 -9.063090e-01  -0.000000e+00
    outer loop
      vertex  7.438925e+01  1.544320e+01 -1.300000e+01
      vertex  7.438925e+01  1.544320e+01 -2.050000e+01
      vertex  7.480000e+01  1.525167e+01 -2.050000e+01
    endloop
  endfacet
  facet normal -4.226155e-01 -9.063090e-01  0.000000e+00
    outer loop
      vertex  7.438925e+01  1.544320e+01 -1.300000e+01
      vertex  7.480000e+01  1.525167e+01 -2.050000e+01
      vertex  7.480000e+01  1.525167e+01 -1.300000e+01
    endloop
  endfacet
  facet normal -5.735781e-01 -8.191508e-01  -0.000000e+00
    outer loop
      vertex  7.480000e+01  1.525167e+01 -1.300000e+01
      vertex  7.480000e+01  1.525167e+01 -2.050000e+01
      vertex  7.517125e+01  1.499172e+01 -2.050000e+01
    endloop
  endfacet
  facet normal -5.735781e-01 -8.191508e-01  0.000000e+00
    outer loop
      vertex  7.480000e+01  1.525167e+01 -1.300000e+01
      vertex  7.517125e+01  1.499172e+01 -2.050000e+01
      vertex  7.517125e+01  1.499172e+01 -1.300000e+01
    endloop
  endfacet
  facet normal -7.071100e-01 -7.071037e-01  -0.000000e+00
    outer loop
      vertex  7.517125e+01  1.499172e+01 -1.300000e+01
      vertex  7.517125e+01  1.499172e+01 -2.050000e+01
      vertex  7.549171e+01  1.467125e+01 -2.050000e+01
    endloop
  endfacet
  facet normal -7.071100e-01 -7.071037e-01  0.000000e+00
    outer loop
      vertex  7.517125e+01  1.499172e+01 -1.300000e+01
      vertex  7.549171e+01  1.467125e+01 -2.050000e+01
      vertex  7.549171e+01  1.467125e+01 -1.300000e+01
    endloop
  endfacet
  facet normal -8.191535e-01 -5.735743e-01  -0.000000e+00
    outer loop
      vertex  7.549171e+01  1.467125e+01 -1.300000e+01
      vertex  7.549171e+01  1.467125e+01 -2.050000e+01
      vertex  7.575166e+01  1.430000e+01 -2.050000e+01
    endloop
  endfacet
  facet normal -8.191535e-01 -5.735743e-01  0.000000e+00
    outer loop
      vertex  7.549171e+01  1.467125e+01 -1.300000e+01
      vertex  7.575166e+01  1.430000e+01 -2.050000e+01
      vertex  7.575166e+01  1.430000e+01 -1.300000e+01
    endloop
  endfacet
  facet normal -9.063068e-01 -4.226205e-01  -0.000000e+00
    outer loop
      vertex  7.575166e+01  1.430000e+01 -1.300000e+01
      vertex  7.575166e+01  1.430000e+01 -2.050000e+01
      vertex  7.594320e+01  1.388925e+01 -2.050000e+01
    endloop
  endfacet
  facet normal -9.063068e-01 -4.226205e-01  0.000000e+00
    outer loop
      vertex  7.575166e+01  1.430000e+01 -1.300000e+01
      vertex  7.594320e+01  1.388925e+01 -2.050000e+01
      vertex  7.594320e+01  1.388925e+01 -1.300000e+01
    endloop
  endfacet
  facet normal -9.659243e-01 -2.588244e-01  -0.000000e+00
    outer loop
      vertex  7.594320e+01  1.388925e+01 -1.300000e+01
      vertex  7.594320e+01  1.388925e+01 -2.050000e+01
      vertex  7.606050e+01  1.345149e+01 -2.050000e+01
    endloop
  endfacet
  facet normal -9.659243e-01 -2.588244e-01  0.000000e+00
    outer loop
      vertex  7.594320e+01  1.388925e+01 -1.300000e+01
      vertex  7.606050e+01  1.345149e+01 -2.050000e+01
      vertex  7.606050e+01  1.345149e+01 -1.300000e+01
    endloop
  endfacet
  facet normal -9.961951e-01 -8.715026e-02  -0.000000e+00
    outer loop
      vertex  7.606050e+01  1.345149e+01 -1.300000e+01
      vertex  7.606050e+01  1.345149e+01 -2.050000e+01
      vertex  7.610000e+01  1.300000e+01 -2.050000e+01
    endloop
  endfacet
  facet normal -9.961951e-01 -8.715026e-02  0.000000e+00
    outer loop
      vertex  7.606050e+01  1.345149e+01 -1.300000e+01
      vertex  7.610000e+01  1.300000e+01 -2.050000e+01
      vertex  7.610000e+01  1.300000e+01 -1.300000e+01
    endloop
  endfacet
  facet normal -8.715671e-02 -9.961946e-01  -0.000000e+00
    outer loop
      vertex  7.395148e+01  1.556050e+01 -2.050000e+01
      vertex  7.350000e+01  1.560000e+01 -1.300000e+01
      vertex  7.350000e+01  1.560000e+01 -2.050000e+01
    endloop
  endfacet
  facet normal  8.715671e-02 -9.961946e-01  0.000000e+00
    outer loop
      vertex  7.350000e+01  1.560000e+01 -2.050000e+01
      vertex  7.350000e+01  1.560000e+01 -1.300000e+01
      vertex  7.304852e+01  1.556050e+01 -1.300000e+01
    endloop
  endfacet
  facet normal  8.715671e-02 -9.961946e-01  0.000000e+00
    outer loop
      vertex  7.350000e+01  1.560000e+01 -2.050000e+01
      vertex  7.304852e+01  1.556050e+01 -1.300000e+01
      vertex  7.304852e+01  1.556050e+01 -2.050000e+01
    endloop
  endfacet
  facet normal  2.588185e-01 -9.659259e-01  0.000000e+00
    outer loop
      vertex  7.304852e+01  1.556050e+01 -2.050000e+01
      vertex  7.304852e+01  1.556050e+01 -1.300000e+01
      vertex  7.261075e+01  1.544320e+01 -1.300000e+01
    endloop
  endfacet
  facet normal  2.588185e-01 -9.659259e-01  0.000000e+00
    outer loop
      vertex  7.304852e+01  1.556050e+01 -2.050000e+01
      vertex  7.261075e+01  1.544320e+01 -1.300000e+01
      vertex  7.261075e+01  1.544320e+01 -2.050000e+01
    endloop
  endfacet
  facet normal  4.226155e-01 -9.063090e-01  0.000000e+00
    outer loop
      vertex  7.261075e+01  1.544320e+01 -2.050000e+01
      vertex  7.261075e+01  1.544320e+01 -1.300000e+01
      vertex  7.220000e+01  1.525167e+01 -1.300000e+01
    endloop
  endfacet
  facet normal  4.226155e-01 -9.063090e-01  0.000000e+00
    outer loop
      vertex  7.261075e+01  1.544320e+01 -2.050000e+01
      vertex  7.220000e+01  1.525167e+01 -1.300000e+01
      vertex  7.220000e+01  1.525167e+01 -2.050000e+01
    endloop
  endfacet
  facet normal  5.735781e-01 -8.191508e-01  0.000000e+00
    outer loop
      vertex  7.220000e+01  1.525167e+01 -2.050000e+01
      vertex  7.220000e+01  1.525167e+01 -1.300000e+01
      vertex  7.182875e+01  1.499172e+01 -1.300000e+01
    endloop
  endfacet
  facet normal  5.735781e-01 -8.191508e-01  0.000000e+00
    outer loop
      vertex  7.220000e+01  1.525167e+01 -2.050000e+01
      vertex  7.182875e+01  1.499172e+01 -1.300000e+01
      vertex  7.182875e+01  1.499172e+01 -2.050000e+01
    endloop
  endfacet
  facet normal  7.071100e-01 -7.071037e-01  0.000000e+00
    outer loop
      vertex  7.182875e+01  1.499172e+01 -2.050000e+01
      vertex  7.182875e+01  1.499172e+01 -1.300000e+01
      vertex  7.150829e+01  1.467125e+01 -1.300000e+01
    endloop
  endfacet
  facet normal  7.071100e-01 -7.071037e-01  0.000000e+00
    outer loop
      vertex  7.182875e+01  1.499172e+01 -2.050000e+01
      vertex  7.150829e+01  1.467125e+01 -1.300000e+01
      vertex  7.150829e+01  1.467125e+01 -2.050000e+01
    endloop
  endfacet
  facet normal  8.191535e-01 -5.735743e-01  0.000000e+00
    outer loop
      vertex  7.150829e+01  1.467125e+01 -2.050000e+01
      vertex  7.150829e+01  1.467125e+01 -1.300000e+01
      vertex  7.124834e+01  1.430000e+01 -1.300000e+01
    endloop
  endfacet
  facet normal  8.191535e-01 -5.735743e-01  0.000000e+00
    outer loop
      vertex  7.150829e+01  1.467125e+01 -2.050000e+01
      vertex  7.124834e+01  1.430000e+01 -1.300000e+01
      vertex  7.124834e+01  1.430000e+01 -2.050000e+01
    endloop
  endfacet
  facet normal  9.063068e-01 -4.226205e-01  0.000000e+00
    outer loop
      vertex  7.124834e+01  1.430000e+01 -2.050000e+01
      vertex  7.124834e+01  1.430000e+01 -1.300000e+01
      vertex  7.105680e+01  1.388925e+01 -1.300000e+01
    endloop
  endfacet
  facet normal  9.063068e-01 -4.226205e-01  0.000000e+00
    outer loop
      vertex  7.124834e+01  1.430000e+01 -2.050000e+01
      vertex  7.105680e+01  1.388925e+01 -1.300000e+01
      vertex  7.105680e+01  1.388925e+01 -2.050000e+01
    endloop
  endfacet
  facet normal  9.659243e-01 -2.588244e-01  0.000000e+00
    outer loop
      vertex  7.105680e+01  1.388925e+01 -2.050000e+01
      vertex  7.105680e+01  1.388925e+01 -1.300000e+01
      vertex  7.093950e+01  1.345149e+01 -1.300000e+01
    endloop
  endfacet
  facet normal  9.659243e-01 -2.588244e-01  0.000000e+00
    outer loop
      vertex  7.105680e+01  1.388925e+01 -2.050000e+01
      vertex  7.093950e+01  1.345149e+01 -1.300000e+01
      vertex  7.093950e+01  1.345149e+01 -2.050000e+01
    endloop
  endfacet
  facet normal  9.961951e-01 -8.715026e-02  0.000000e+00
    outer loop
      vertex  7.093950e+01  1.345149e+01 -2.050000e+01
      vertex  7.093950e+01  1.345149e+01 -1.300000e+01
      vertex  7.090000e+01  1.300000e+01 -1.300000e+01
    endloop
  endfacet
  facet normal  9.961951e-01 -8.715026e-02  0.000000e+00
    outer loop
      vertex  7.093950e+01  1.345149e+01 -2.050000e+01
      vertex  7.090000e+01  1.300000e+01 -1.300000e+01
      vertex  7.090000e+01  1.300000e+01 -2.050000e+01
    endloop
  endfacet
  facet normal  8.715671e-02  9.961946e-01  -0.000000e+00
    outer loop
      vertex  7.350000e+01  1.040000e+01 -1.300000e+01
      vertex  7.304852e+01  1.043950e+01 -2.050000e+01
      vertex  7.304852e+01  1.043950e+01 -1.300000e+01
    endloop
  endfacet
  facet normal  2.588185e-01  9.659259e-01  0.000000e+00
    outer loop
      vertex  7.304852e+01  1.043950e+01 -1.300000e+01
      vertex  7.304852e+01  1.043950e+01 -2.050000e+01
      vertex  7.261075e+01  1.055680e+01 -2.050000e+01
    endloop
  endfacet
  facet normal  2.588185e-01  9.659259e-01  -0.000000e+00
    outer loop
      vertex  7.304852e+01  1.043950e+01 -1.300000e+01
      vertex  7.261075e+01  1.055680e+01 -2.050000e+01
      vertex  7.261075e+01  1.055680e+01 -1.300000e+01
    endloop
  endfacet
  facet normal  4.226155e-01  9.063090e-01  0.000000e+00
    outer loop
      vertex  7.261075e+01  1.055680e+01 -1.300000e+01
      vertex  7.261075e+01  1.055680e+01 -2.050000e+01
      vertex  7.220000e+01  1.074833e+01 -2.050000e+01
    endloop
  endfacet
  facet normal  4.226155e-01  9.063090e-01  -0.000000e+00
    outer loop
      vertex  7.261075e+01  1.055680e+01 -1.300000e+01
      vertex  7.220000e+01  1.074833e+01 -2.050000e+01
      vertex  7.220000e+01  1.074833e+01 -1.300000e+01
    endloop
  endfacet
  facet normal  5.735781e-01  8.191508e-01  0.000000e+00
    outer loop
      vertex  7.220000e+01  1.074833e+01 -1.300000e+01
      vertex  7.220000e+01  1.074833e+01 -2.050000e+01
      vertex  7.182875e+01  1.100828e+01 -2.050000e+01
    endloop
  endfacet
  facet normal  5.735781e-01  8.191508e-01  -0.000000e+00
    outer loop
      vertex  7.220000e+01  1.074833e+01 -1.300000e+01
      vertex  7.182875e+01  1.100828e+01 -2.050000e+01
      vertex  7.182875e+01  1.100828e+01 -1.300000e+01
    endloop
  endfacet
  facet normal  7.071100e-01  7.071037e-01  0.000000e+00
    outer loop
      vertex  7.182875e+01  1.100828e+01 -1.300000e+01
      vertex  7.182875e+01  1.100828e+01 -2.050000e+01
      vertex  7.150829e+01  1.132875e+01 -2.050000e+01
    endloop
  endfacet
  facet normal  7.071100e-01  7.071037e-01  -0.000000e+00
    outer loop
      vertex  7.182875e+01  1.100828e+01 -1.300000e+01
      vertex  7.150829e+01  1.132875e+01 -2.050000e+01
      vertex  7.150829e+01  1.132875e+01 -1.300000e+01
    endloop
  endfacet
  facet normal  8.191535e-01  5.735743e-01  0.000000e+00
    outer loop
      vertex  7.150829e+01  1.132875e+01 -1.300000e+01
      vertex  7.150829e+01  1.132875e+01 -2.050000e+01
      vertex  7.124834e+01  1.170000e+01 -2.050000e+01
    endloop
  endfacet
  facet normal  8.191535e-01  5.735743e-01  -0.000000e+00
    outer loop
      vertex  7.150829e+01  1.132875e+01 -1.300000e+01
      vertex  7.124834e+01  1.170000e+01 -2.050000e+01
      vertex  7.124834e+01  1.170000e+01 -1.300000e+01
    endloop
  endfacet
  facet normal  9.063068e-01  4.226205e-01  0.000000e+00
    outer loop
      vertex  7.124834e+01  1.170000e+01 -1.300000e+01
      vertex  7.124834e+01  1.170000e+01 -2.050000e+01
      vertex  7.105680e+01  1.211075e+01 -2.050000e+01
    endloop
  endfacet
  facet normal  9.063068e-01  4.226205e-01  -0.000000e+00
    outer loop
      vertex  7.124834e+01  1.170000e+01 -1.300000e+01
      vertex  7.105680e+01  1.211075e+01 -2.050000e+01
      vertex  7.105680e+01  1.211075e+01 -1.300000e+01
    endloop
  endfacet
  facet normal  9.659243e-01  2.588244e-01  0.000000e+00
    outer loop
      vertex  7.105680e+01  1.211075e+01 -1.300000e+01
      vertex  7.105680e+01  1.211075e+01 -2.050000e+01
      vertex  7.093950e+01  1.254851e+01 -2.050000e+01
    endloop
  endfacet
  facet normal  9.659243e-01  2.588244e-01  -0.000000e+00
    outer loop
      vertex  7.105680e+01  1.211075e+01 -1.300000e+01
      vertex  7.093950e+01  1.254851e+01 -2.050000e+01
      vertex  7.093950e+01  1.254851e+01 -1.300000e+01
    endloop
  endfacet
  facet normal  9.961951e-01  8.715026e-02  0.000000e+00
    outer loop
      vertex  7.093950e+01  1.254851e+01 -1.300000e+01
      vertex  7.093950e+01  1.254851e+01 -2.050000e+01
      vertex  7.090000e+01  1.300000e+01 -2.050000e+01
    endloop
  endfacet
  facet normal  9.961951e-01  8.715026e-02  -0.000000e+00
    outer loop
      vertex  7.093950e+01  1.254851e+01 -1.300000e+01
      vertex  7.090000e+01  1.300000e+01 -2.050000e+01
      vertex  7.090000e+01  1.300000e+01 -1.300000e+01
    endloop
  endfacet
  facet normal  8.715671e-02  9.961946e-01  0.000000e+00
    outer loop
      vertex  7.304852e+01  1.043950e+01 -2.050000e+01
      vertex  7.350000e+01  1.040000e+01 -1.300000e+01
      vertex  7.350000e+01  1.040000e+01 -2.050000e+01
    endloop
  endfacet
  facet normal -8.715671e-02  9.961946e-01  0.000000e+00
    outer loop
      vertex  7.350000e+01  1.040000e+01 -2.050000e+01
      vertex  7.350000e+01  1.040000e+01 -1.300000e+01
      vertex  7.395148e+01  1.043950e+01 -1.300000e+01
    endloop
  endfacet
  facet normal -8.715671e-02  9.961946e-01  0.000000e+00
    outer loop
      vertex  7.350000e+01  1.040000e+01 -2.050000e+01
      vertex  7.395148e+01  1.043950e+01 -1.300000e+01
      vertex  7.395148e+01  1.043950e+01 -2.050000e+01
    endloop
  endfacet
  facet normal -2.588185e-01  9.659259e-01  0.000000e+00
    outer loop
      vertex  7.395148e+01  1.043950e+01 -2.050000e+01
      vertex  7.395148e+01  1.043950e+01 -1.300000e+01
      vertex  7.438925e+01  1.055680e+01 -1.300000e+01
    endloop
  endfacet
  facet normal -2.588185e-01  9.659259e-01  0.000000e+00
    outer loop
      vertex  7.395148e+01  1.043950e+01 -2.050000e+01
      vertex  7.438925e+01  1.055680e+01 -1.300000e+01
      vertex  7.438925e+01  1.055680e+01 -2.050000e+01
    endloop
  endfacet
  facet normal -4.226155e-01  9.063090e-01  0.000000e+00
    outer loop
      vertex  7.438925e+01  1.055680e+01 -2.050000e+01
      vertex  7.438925e+01  1.055680e+01 -1.300000e+01
      vertex  7.480000e+01  1.074833e+01 -1.300000e+01
    endloop
  endfacet
  facet normal -4.226155e-01  9.063090e-01  0.000000e+00
    outer loop
      vertex  7.438925e+01  1.055680e+01 -2.050000e+01
      vertex  7.480000e+01  1.074833e+01 -1.300000e+01
      vertex  7.480000e+01  1.074833e+01 -2.050000e+01
    endloop
  endfacet
  facet normal -5.735781e-01  8.191508e-01  0.000000e+00
    outer loop
      vertex  7.480000e+01  1.074833e+01 -2.050000e+01
      vertex  7.480000e+01  1.074833e+01 -1.300000e+01
      vertex  7.517125e+01  1.100828e+01 -1.300000e+01
    endloop
  endfacet
  facet normal -5.735781e-01  8.191508e-01  0.000000e+00
    outer loop
      vertex  7.480000e+01  1.074833e+01 -2.050000e+01
      vertex  7.517125e+01  1.100828e+01 -1.300000e+01
      vertex  7.517125e+01  1.100828e+01 -2.050000e+01
    endloop
  endfacet
  facet normal -7.071100e-01  7.071037e-01  0.000000e+00
    outer loop
      vertex  7.517125e+01  1.100828e+01 -2.050000e+01
      vertex  7.517125e+01  1.100828e+01 -1.300000e+01
      vertex  7.549171e+01  1.132875e+01 -1.300000e+01
    endloop
  endfacet
  facet normal -7.071100e-01  7.071037e-01  0.000000e+00
    outer loop
      vertex  7.517125e+01  1.100828e+01 -2.050000e+01
      vertex  7.549171e+01  1.132875e+01 -1.300000e+01
      vertex  7.549171e+01  1.132875e+01 -2.050000e+01
    endloop
  endfacet
  facet normal -8.191535e-01  5.735743e-01  0.000000e+00
    outer loop
      vertex  7.549171e+01  1.132875e+01 -2.050000e+01
      vertex  7.549171e+01  1.132875e+01 -1.300000e+01
      vertex  7.575166e+01  1.170000e+01 -1.300000e+01
    endloop
  endfacet
  facet normal -8.191535e-01  5.735743e-01  0.000000e+00
    outer loop
      vertex  7.549171e+01  1.132875e+01 -2.050000e+01
      vertex  7.575166e+01  1.170000e+01 -1.300000e+01
      vertex  7.575166e+01  1.170000e+01 -2.050000e+01
    endloop
  endfacet
  facet normal -9.063068e-01  4.226205e-01  0.000000e+00
    outer loop
      vertex  7.575166e+01  1.170000e+01 -2.050000e+01
      vertex  7.575166e+01  1.170000e+01 -1.300000e+01
      vertex  7.594320e+01  1.211075e+01 -1.300000e+01
    endloop
  endfacet
  facet normal -9.063068e-01  4.226205e-01  0.000000e+00
    outer loop
      vertex  7.575166e+01  1.170000e+01 -2.050000e+01
      vertex  7.594320e+01  1.211075e+01 -1.300000e+01
      vertex  7.594320e+01  1.211075e+01 -2.050000e+01
    endloop
  endfacet
  facet normal -9.659243e-01  2.588244e-01  0.000000e+00
    outer loop
      vertex  7.594320e+01  1.211075e+01 -2.050000e+01
      vertex  7.594320e+01  1.211075e+01 -1.300000e+01
      vertex  7.606050e+01  1.254851e+01 -1.300000e+01
    endloop
  endfacet
  facet normal -9.659243e-01  2.588244e-01  0.000000e+00
    outer loop
      vertex  7.594320e+01  1.211075e+01 -2.050000e+01
      vertex  7.606050e+01  1.254851e+01 -1.300000e+01
      vertex  7.606050e+01  1.254851e+01 -2.050000e+01
    endloop
  endfacet
  facet normal -9.961951e-01  8.715026e-02  0.000000e+00
    outer loop
      vertex  7.606050e+01  1.254851e+01 -2.050000e+01
      vertex  7.606050e+01  1.254851e+01 -1.300000e+01
      vertex  7.610000e+01  1.300000e+01 -1.300000e+01
    endloop
  endfacet
  facet normal -9.961951e-01  8.715026e-02  0.000000e+00
    outer loop
      vertex  7.606050e+01  1.254851e+01 -2.050000e+01
      vertex  7.610000e+01  1.300000e+01 -1.300000e+01
      vertex  7.610000e+01  1.300000e+01 -2.050000e+01
    endloop
  endfacet
  facet normal -7.064608e-01 -4.273404e-02 -7.064608e-01
    outer loop
      vertex  7.610000e+01  1.300000e+01 -2.050000e+01
      vertex  7.856281e+01  1.361474e+01 -2.300000e+01
      vertex  7.860000e+01  1.300000e+01 -2.300000e+01
    endloop
  endfacet
  facet normal -7.034283e-01 -6.153811e-02 -7.080973e-01
    outer loop
      vertex  7.610000e+01  1.300000e+01 -2.050000e+01
      vertex  7.606050e+01  1.345149e+01 -2.050000e+01
      vertex  7.856281e+01  1.361474e+01 -2.300000e+01
    endloop
  endfacet
  facet normal  7.034283e-01 -6.153811e-02 -7.080973e-01
    outer loop
      vertex  7.090000e+01  1.300000e+01 -2.050000e+01
      vertex  6.843719e+01  1.361474e+01 -2.300000e+01
      vertex  7.093950e+01  1.345149e+01 -2.050000e+01
    endloop
  endfacet
  facet normal  7.064608e-01 -4.273404e-02 -7.064608e-01
    outer loop
      vertex  7.090000e+01  1.300000e+01 -2.050000e+01
      vertex  6.840000e+01  1.300000e+01 -2.300000e+01
      vertex  6.843719e+01  1.361474e+01 -2.300000e+01
    endloop
  endfacet
  facet normal -6.968127e-01 -1.276909e-01 -7.057953e-01
    outer loop
      vertex  7.606050e+01  1.345149e+01 -2.050000e+01
      vertex  7.845181e+01  1.422051e+01 -2.300000e+01
      vertex  7.856281e+01  1.361474e+01 -2.300000e+01
    endloop
  endfacet
  facet normal -6.759587e-01 -2.106365e-01 -7.061955e-01
    outer loop
      vertex  7.594320e+01  1.388925e+01 -2.050000e+01
      vertex  7.826859e+01  1.480849e+01 -2.300000e+01
      vertex  7.845181e+01  1.422051e+01 -2.300000e+01
    endloop
  endfacet
  facet normal -6.818023e-01 -1.826925e-01 -7.083566e-01
    outer loop
      vertex  7.594320e+01  1.388925e+01 -2.050000e+01
      vertex  7.845181e+01  1.422051e+01 -2.300000e+01
      vertex  7.606050e+01  1.345149e+01 -2.050000e+01
    endloop
  endfacet
  facet normal -6.061938e-01 -3.664522e-01 -7.058625e-01
    outer loop
      vertex  7.575166e+01  1.430000e+01 -2.050000e+01
      vertex  7.769722e+01  1.589713e+01 -2.300000e+01
      vertex  7.801582e+01  1.537009e+01 -2.300000e+01
    endloop
  endfacet
  facet normal -6.403093e-01 -2.985830e-01 -7.077093e-01
    outer loop
      vertex  7.575166e+01  1.430000e+01 -2.050000e+01
      vertex  7.801582e+01  1.537009e+01 -2.300000e+01
      vertex  7.594320e+01  1.388925e+01 -2.050000e+01
    endloop
  endfacet
  facet normal -6.450945e-01 -2.903388e-01 -7.067930e-01
    outer loop
      vertex  7.594320e+01  1.388925e+01 -2.050000e+01
      vertex  7.801582e+01  1.537009e+01 -2.300000e+01
      vertex  7.826859e+01  1.480849e+01 -2.300000e+01
    endloop
  endfacet
  facet normal -5.574955e-01 -4.367711e-01 -7.059957e-01
    outer loop
      vertex  7.549171e+01  1.467125e+01 -2.050000e+01
      vertex  7.731741e+01  1.638193e+01 -2.300000e+01
      vertex  7.769722e+01  1.589713e+01 -2.300000e+01
    endloop
  endfacet
  facet normal -5.780969e-01 -4.047856e-01 -7.084862e-01
    outer loop
      vertex  7.549171e+01  1.467125e+01 -2.050000e+01
      vertex  7.769722e+01  1.589713e+01 -2.300000e+01
      vertex  7.575166e+01  1.430000e+01 -2.050000e+01
    endloop
  endfacet
  facet normal -4.367703e-01 -5.574962e-01 -7.059955e-01
    outer loop
      vertex  7.517125e+01  1.499172e+01 -2.050000e+01
      vertex  7.639713e+01  1.719722e+01 -2.300000e+01
      vertex  7.688193e+01  1.681741e+01 -2.300000e+01
    endloop
  endfacet
  facet normal -4.999433e-01 -4.999388e-01 -7.071902e-01
    outer loop
      vertex  7.517125e+01  1.499172e+01 -2.050000e+01
      vertex  7.688193e+01  1.681741e+01 -2.300000e+01
      vertex  7.549171e+01  1.467125e+01 -2.050000e+01
    endloop
  endfacet
  facet normal -4.999420e-01 -4.999399e-01 -7.071903e-01
    outer loop
      vertex  7.549171e+01  1.467125e+01 -2.050000e+01
      vertex  7.688193e+01  1.681741e+01 -2.300000e+01
      vertex  7.731741e+01  1.638193e+01 -2.300000e+01
    endloop
  endfacet
  facet normal -3.664533e-01 -6.061938e-01 -7.058619e-01
    outer loop
      vertex  7.480000e+01  1.525167e+01 -2.050000e+01
      vertex  7.587009e+01  1.751583e+01 -2.300000e+01
      vertex  7.639713e+01  1.719722e+01 -2.300000e+01
    endloop
  endfacet
  facet normal -4.047885e-01 -5.780954e-01 -7.084857e-01
    outer loop
      vertex  7.480000e+01  1.525167e+01 -2.050000e+01
      vertex  7.639713e+01  1.719722e+01 -2.300000e+01
      vertex  7.517125e+01  1.499172e+01 -2.050000e+01
    endloop
  endfacet
  facet normal -2.106369e-01 -6.759591e-01 -7.061952e-01
    outer loop
      vertex  7.438925e+01  1.544320e+01 -2.050000e+01
      vertex  7.472051e+01  1.795180e+01 -2.300000e+01
      vertex  7.530849e+01  1.776858e+01 -2.300000e+01
    endloop
  endfacet
  facet normal -2.990736e-01 -6.413704e-01 -7.065400e-01
    outer loop
      vertex  7.438925e+01  1.544320e+01 -2.050000e+01
      vertex  7.530849e+01  1.776858e+01 -2.300000e+01
      vertex  7.480000e+01  1.525167e+01 -2.050000e+01
    endloop
  endfacet
  facet normal -2.899840e-01 -6.443115e-01 -7.076524e-01
    outer loop
      vertex  7.480000e+01  1.525167e+01 -2.050000e+01
      vertex  7.530849e+01  1.776858e+01 -2.300000e+01
      vertex  7.587009e+01  1.751583e+01 -2.300000e+01
    endloop
  endfacet
  facet normal -1.276947e-01 -6.968117e-01 -7.057955e-01
    outer loop
      vertex  7.395148e+01  1.556050e+01 -2.050000e+01
      vertex  7.411474e+01  1.806281e+01 -2.300000e+01
      vertex  7.472051e+01  1.795180e+01 -2.300000e+01
    endloop
  endfacet
  facet normal -1.826883e-01 -6.818035e-01 -7.083564e-01
    outer loop
      vertex  7.395148e+01  1.556050e+01 -2.050000e+01
      vertex  7.472051e+01  1.795180e+01 -2.300000e+01
      vertex  7.438925e+01  1.544320e+01 -2.050000e+01
    endloop
  endfacet
  facet normal -4.273397e-02 -7.064608e-01 -7.064608e-01
    outer loop
      vertex  7.350000e+01  1.560000e+01 -2.050000e+01
      vertex  7.350000e+01  1.810000e+01 -2.300000e+01
      vertex  7.411474e+01  1.806281e+01 -2.300000e+01
    endloop
  endfacet
  facet normal -6.154263e-02 -7.034276e-01 -7.080976e-01
    outer loop
      vertex  7.350000e+01  1.560000e+01 -2.050000e+01
      vertex  7.411474e+01  1.806281e+01 -2.300000e+01
      vertex  7.395148e+01  1.556050e+01 -2.050000e+01
    endloop
  endfacet
  facet normal  1.276947e-01 -6.968117e-01 -7.057955e-01
    outer loop
      vertex  7.304852e+01  1.556050e+01 -2.050000e+01
      vertex  7.227949e+01  1.795180e+01 -2.300000e+01
      vertex  7.288526e+01  1.806281e+01 -2.300000e+01
    endloop
  endfacet
  facet normal  6.154263e-02 -7.034276e-01 -7.080976e-01
    outer loop
      vertex  7.304852e+01  1.556050e+01 -2.050000e+01
      vertex  7.288526e+01  1.806281e+01 -2.300000e+01
      vertex  7.350000e+01  1.560000e+01 -2.050000e+01
    endloop
  endfacet
  facet normal  2.106369e-01 -6.759589e-01 -7.061951e-01
    outer loop
      vertex  7.261075e+01  1.544320e+01 -2.050000e+01
      vertex  7.169151e+01  1.776858e+01 -2.300000e+01
      vertex  7.227949e+01  1.795180e+01 -2.300000e+01
    endloop
  endfacet
  facet normal  1.826883e-01 -6.818035e-01 -7.083564e-01
    outer loop
      vertex  7.261075e+01  1.544320e+01 -2.050000e+01
      vertex  7.227949e+01  1.795180e+01 -2.300000e+01
      vertex  7.304852e+01  1.556050e+01 -2.050000e+01
    endloop
  endfacet
  facet normal  3.664532e-01 -6.061938e-01 -7.058619e-01
    outer loop
      vertex  7.220000e+01  1.525167e+01 -2.050000e+01
      vertex  7.060287e+01  1.719722e+01 -2.300000e+01
      vertex  7.112991e+01  1.751583e+01 -2.300000e+01
    endloop
  endfacet
  facet normal  2.985797e-01 -6.403112e-01 -7.077087e-01
    outer loop
      vertex  7.220000e+01  1.525167e+01 -2.050000e+01
      vertex  7.112991e+01  1.751583e+01 -2.300000e+01
      vertex  7.261075e+01  1.544320e+01 -2.050000e+01
    endloop
  endfacet
  facet normal  2.903369e-01 -6.450957e-01 -7.067928e-01
    outer loop
      vertex  7.261075e+01  1.544320e+01 -2.050000e+01
      vertex  7.112991e+01  1.751583e+01 -2.300000e+01
      vertex  7.169151e+01  1.776858e+01 -2.300000e+01
    endloop
  endfacet
  facet normal  4.367703e-01 -5.574962e-01 -7.059955e-01
    outer loop
      vertex  7.182875e+01  1.499172e+01 -2.050000e+01
      vertex  7.011807e+01  1.681741e+01 -2.300000e+01
      vertex  7.060287e+01  1.719722e+01 -2.300000e+01
    endloop
  endfacet
  facet normal  4.047885e-01 -5.780954e-01 -7.084857e-01
    outer loop
      vertex  7.182875e+01  1.499172e+01 -2.050000e+01
      vertex  7.060287e+01  1.719722e+01 -2.300000e+01
      vertex  7.220000e+01  1.525167e+01 -2.050000e+01
    endloop
  endfacet
  facet normal  5.574955e-01 -4.367711e-01 -7.059957e-01
    outer loop
      vertex  7.150829e+01  1.467125e+01 -2.050000e+01
      vertex  6.930278e+01  1.589713e+01 -2.300000e+01
      vertex  6.968259e+01  1.638193e+01 -2.300000e+01
    endloop
  endfacet
  facet normal  4.999431e-01 -4.999387e-01 -7.071904e-01
    outer loop
      vertex  7.150829e+01  1.467125e+01 -2.050000e+01
      vertex  6.968259e+01  1.638193e+01 -2.300000e+01
      vertex  7.182875e+01  1.499172e+01 -2.050000e+01
    endloop
  endfacet
  facet normal  4.999421e-01 -4.999399e-01 -7.071902e-01
    outer loop
      vertex  7.182875e+01  1.499172e+01 -2.050000e+01
      vertex  6.968259e+01  1.638193e+01 -2.300000e+01
      vertex  7.011807e+01  1.681741e+01 -2.300000e+01
    endloop
  endfacet
  facet normal  6.061938e-01 -3.664522e-01 -7.058625e-01
    outer loop
      vertex  7.124834e+01  1.430000e+01 -2.050000e+01
      vertex  6.898418e+01  1.537009e+01 -2.300000e+01
      vertex  6.930278e+01  1.589713e+01 -2.300000e+01
    endloop
  endfacet
  facet normal  5.780969e-01 -4.047856e-01 -7.084862e-01
    outer loop
      vertex  7.124834e+01  1.430000e+01 -2.050000e+01
      vertex  6.930278e+01  1.589713e+01 -2.300000e+01
      vertex  7.150829e+01  1.467125e+01 -2.050000e+01
    endloop
  endfacet
  facet normal  6.759587e-01 -2.106365e-01 -7.061955e-01
    outer loop
      vertex  7.105680e+01  1.388925e+01 -2.050000e+01
      vertex  6.854819e+01  1.422051e+01 -2.300000e+01
      vertex  6.873141e+01  1.480849e+01 -2.300000e+01
    endloop
  endfacet
  facet normal  6.413687e-01 -2.990770e-01 -7.065403e-01
    outer loop
      vertex  7.105680e+01  1.388925e+01 -2.050000e+01
      vertex  6.873141e+01  1.480849e+01 -2.300000e+01
      vertex  7.124834e+01  1.430000e+01 -2.050000e+01
    endloop
  endfacet
  facet normal  6.443102e-01 -2.899858e-01 -7.076529e-01
    outer loop
      vertex  7.124834e+01  1.430000e+01 -2.050000e+01
      vertex  6.873141e+01  1.480849e+01 -2.300000e+01
      vertex  6.898418e+01  1.537009e+01 -2.300000e+01
    endloop
  endfacet
  facet normal  6.968127e-01 -1.276909e-01 -7.057953e-01
    outer loop
      vertex  7.093950e+01  1.345149e+01 -2.050000e+01
      vertex  6.843719e+01  1.361474e+01 -2.300000e+01
      vertex  6.854819e+01  1.422051e+01 -2.300000e+01
    endloop
  endfacet
  facet normal  6.818023e-01 -1.826925e-01 -7.083566e-01
    outer loop
      vertex  7.093950e+01  1.345149e+01 -2.050000e+01
      vertex  6.854819e+01  1.422051e+01 -2.300000e+01
      vertex  7.105680e+01  1.388925e+01 -2.050000e+01
    endloop
  endfacet
  facet normal  4.273397e-02 -7.064608e-01 -7.064608e-01
    outer loop
      vertex  7.350000e+01  1.560000e+01 -2.050000e+01
      vertex  7.288526e+01  1.806281e+01 -2.300000e+01
      vertex  7.350000e+01  1.810000e+01 -2.300000e+01
    endloop
  endfacet
  facet normal  0.000000e+00  0.000000e+00  1.000000e+00
    outer loop
      vertex -8.150000e+01 -2.300000e+01  2.300000e+01
      vertex -6.150000e+01 -2.300000e+01  2.300000e+01
      vertex -7.280000e+01 -1.525167e+01  2.300000e+01
    endloop
  endfacet
  facet normal  0.000000e+00  0.000000e+00  9.999999e-01
    outer loop
      vertex -8.150000e+01 -2.300000e+01  2.300000e+01
      vertex -7.280000e+01 -1.525167e+01  2.300000e+01
      vertex -7.317125e+01 -1.499172e+01  2.300000e+01
    endloop
  endfacet
  facet normal  0.000000e+00  0.000000e+00  1.000000e+00
    outer loop
      vertex -8.150000e+01 -2.300000e+01  2.300000e+01
      vertex -7.317125e+01 -1.499172e+01  2.300000e+01
      vertex -7.349171e+01 -1.467125e+01  2.300000e+01
    endloop
  endfacet
  facet normal  0.000000e+00  0.000000e+00  1.000000e+00
    outer loop
      vertex -8.150000e+01 -2.300000e+01  2.300000e+01
      vertex -7.349171e+01 -1.467125e+01  2.300000e+01
      vertex -7.375166e+01 -1.430000e+01  2.300000e+01
    endloop
  endfacet
  facet normal  0.000000e+00  0.000000e+00  1.000000e+00
    outer loop
      vertex -8.150000e+01 -2.300000e+01  2.300000e+01
      vertex -7.375166e+01 -1.430000e+01  2.300000e+01
      vertex -7.394320e+01 -1.388925e+01  2.300000e+01
    endloop
  endfacet
  facet normal  0.000000e+00  0.000000e+00  1.000000e+00
    outer loop
      vertex -8.150000e+01 -2.300000e+01  2.300000e+01
      vertex -7.394320e+01 -1.388925e+01  2.300000e+01
      vertex -7.406050e+01 -1.345149e+01  2.300000e+01
    endloop
  endfacet
  facet normal  0.000000e+00  0.000000e+00  1.000000e+00
    outer loop
      vertex -8.150000e+01 -2.300000e+01  2.300000e+01
      vertex -7.406050e+01 -1.345149e+01  2.300000e+01
      vertex -7.410000e+01 -1.300000e+01  2.300000e+01
    endloop
  endfacet
  facet normal  0.000000e+00  -0.000000e+00  1.000000e+00
    outer loop
      vertex -8.150000e+01 -2.300000e+01  2.300000e+01
      vertex -7.410000e+01 -1.300000e+01  2.300000e+01
      vertex -7.410000e+01  1.300000e+01  2.300000e+01
    endloop
  endfacet
  facet normal  0.000000e+00  -0.000000e+00  1.000000e+00
    outer loop
      vertex -8.150000e+01 -2.300000e+01  2.300000e+01
      vertex -7.410000e+01  1.300000e+01  2.300000e+01
      vertex -7.406050e+01  1.345149e+01  2.300000e+01
    endloop
  endfacet
  facet normal  0.000000e+00  0.000000e+00  9.999999e-01
    outer loop
      vertex -8.150000e+01  2.300000e+01  2.300000e+01
      vertex -8.150000e+01 -2.300000e+01  2.300000e+01
      vertex -7.406050e+01  1.345149e+01  2.300000e+01
    endloop
  endfacet
  facet normal  0.000000e+00  -0.000000e+00  1.000000e+00
    outer loop
      vertex -8.150000e+01  2.300000e+01  2.300000e+01
      vertex -7.406050e+01  1.345149e+01  2.300000e+01
      vertex -7.394320e+01  1.388925e+01  2.300000e+01
    endloop
  endfacet
  facet normal  0.000000e+00  -0.000000e+00  1.000000e+00
    outer loop
      vertex -8.150000e+01  2.300000e+01  2.300000e+01
      vertex -7.394320e+01  1.388925e+01  2.300000e+01
      vertex -7.375166e+01  1.430000e+01  2.300000e+01
    endloop
  endfacet
  facet normal  0.000000e+00  -0.000000e+00  1.000000e+00
    outer loop
      vertex -8.150000e+01  2.300000e+01  2.300000e+01
      vertex -7.375166e+01  1.430000e+01  2.300000e+01
      vertex -7.349171e+01  1.467125e+01  2.300000e+01
    endloop
  endfacet
  facet normal  0.000000e+00  -0.000000e+00  1.000000e+00
    outer loop
      vertex -8.150000e+01  2.300000e+01  2.300000e+01
      vertex -7.349171e+01  1.467125e+01  2.300000e+01
      vertex -7.317125e+01  1.499172e+01  2.300000e+01
    endloop
  endfacet
  facet normal  0.000000e+00  -0.000000e+00  9.999999e-01
    outer loop
      vertex -8.150000e+01  2.300000e+01  2.300000e+01
      vertex -7.317125e+01  1.499172e+01  2.300000e+01
      vertex -7.280000e+01  1.525167e+01  2.300000e+01
    endloop
  endfacet
  facet normal  0.000000e+00  -0.000000e+00  1.000000e+00
    outer loop
      vertex -8.150000e+01  2.300000e+01  2.300000e+01
      vertex -7.280000e+01  1.525167e+01  2.300000e+01
      vertex -6.150000e+01  2.300000e+01  2.300000e+01
    endloop
  endfacet
  facet normal  0.000000e+00  0.000000e+00  1.000000e+00
    outer loop
      vertex -6.150000e+01 -2.300000e+01  2.300000e+01
      vertex -6.150000e+01  2.300000e+01  2.300000e+01
      vertex -6.890000e+01  1.300000e+01  2.300000e+01
    endloop
  endfacet
  facet normal  0.000000e+00  0.000000e+00  1.000000e+00
    outer loop
      vertex -6.150000e+01 -2.300000e+01  2.300000e+01
      vertex -6.890000e+01  1.300000e+01  2.300000e+01
      vertex -6.890000e+01 -1.300000e+01  2.300000e+01
    endloop
  endfacet
  facet normal  0.000000e+00  0.000000e+00  1.000000e+00
    outer loop
      vertex -6.150000e+01 -2.300000e+01  2.300000e+01
      vertex -6.890000e+01 -1.300000e+01  2.300000e+01
      vertex -6.893950e+01 -1.345149e+01  2.300000e+01
    endloop
  endfacet
  facet normal  0.000000e+00  0.000000e+00  1.000000e+00
    outer loop
      vertex -6.150000e+01 -2.300000e+01  2.300000e+01
      vertex -6.893950e+01 -1.345149e+01  2.300000e+01
      vertex -6.905680e+01 -1.388925e+01  2.300000e+01
    endloop
  endfacet
  facet normal  0.000000e+00  0.000000e+00  1.000000e+00
    outer loop
      vertex -6.150000e+01 -2.300000e+01  2.300000e+01
      vertex -6.905680e+01 -1.388925e+01  2.300000e+01
      vertex -6.924834e+01 -1.430000e+01  2.300000e+01
    endloop
  endfacet
  facet normal  0.000000e+00  0.000000e+00  1.000000e+00
    outer loop
      vertex -6.150000e+01 -2.300000e+01  2.300000e+01
      vertex -6.924834e+01 -1.430000e+01  2.300000e+01
      vertex -6.950829e+01 -1.467125e+01  2.300000e+01
    endloop
  endfacet
  facet normal  0.000000e+00  0.000000e+00  1.000000e+00
    outer loop
      vertex -6.150000e+01 -2.300000e+01  2.300000e+01
      vertex -6.950829e+01 -1.467125e+01  2.300000e+01
      vertex -6.982875e+01 -1.499172e+01  2.300000e+01
    endloop
  endfacet
  facet normal  0.000000e+00  0.000000e+00  9.999999e-01
    outer loop
      vertex -6.150000e+01 -2.300000e+01  2.300000e+01
      vertex -6.982875e+01 -1.499172e+01  2.300000e+01
      vertex -7.020000e+01 -1.525167e+01  2.300000e+01
    endloop
  endfacet
  facet normal  0.000000e+00  0.000000e+00  1.000000e+00
    outer loop
      vertex -6.150000e+01 -2.300000e+01  2.300000e+01
      vertex -7.020000e+01 -1.525167e+01  2.300000e+01
      vertex -7.061075e+01 -1.544320e+01  2.300000e+01
    endloop
  endfacet
  facet normal  0.000000e+00  0.000000e+00  1.000000e+00
    outer loop
      vertex -6.150000e+01 -2.300000e+01  2.300000e+01
      vertex -7.061075e+01 -1.544320e+01  2.300000e+01
      vertex -7.104852e+01 -1.556050e+01  2.300000e+01
    endloop
  endfacet
  facet normal  0.000000e+00  0.000000e+00  1.000000e+00
    outer loop
      vertex -6.150000e+01 -2.300000e+01  2.300000e+01
      vertex -7.104852e+01 -1.556050e+01  2.300000e+01
      vertex -7.150000e+01 -1.560000e+01  2.300000e+01
    endloop
  endfacet
  facet normal  0.000000e+00  0.000000e+00  1.000000e+00
    outer loop
      vertex -6.150000e+01 -2.300000e+01  2.300000e+01
      vertex -7.150000e+01 -1.560000e+01  2.300000e+01
      vertex -7.195148e+01 -1.556050e+01  2.300000e+01
    endloop
  endfacet
  facet normal  0.000000e+00  0.000000e+00  1.000000e+00
    outer loop
      vertex -6.150000e+01 -2.300000e+01  2.300000e+01
      vertex -7.195148e+01 -1.556050e+01  2.300000e+01
      vertex -7.238925e+01 -1.544320e+01  2.300000e+01
    endloop
  endfacet
  facet normal  0.000000e+00  0.000000e+00  1.000000e+00
    outer loop
      vertex -6.150000e+01 -2.300000e+01  2.300000e+01
      vertex -7.238925e+01 -1.544320e+01  2.300000e+01
      vertex -7.280000e+01 -1.525167e+01  2.300000e+01
    endloop
  endfacet
  facet normal  0.000000e+00  0.000000e+00  1.000000e+00
    outer loop
      vertex -6.150000e+01  2.300000e+01  2.300000e+01
      vertex -7.280000e+01  1.525167e+01  2.300000e+01
      vertex -7.238925e+01  1.544320e+01  2.300000e+01
    endloop
  endfacet
  facet normal  0.000000e+00  0.000000e+00  1.000000e+00
    outer loop
      vertex -6.150000e+01  2.300000e+01  2.300000e+01
      vertex -7.238925e+01  1.544320e+01  2.300000e+01
      vertex -7.195148e+01  1.556050e+01  2.300000e+01
    endloop
  endfacet
  facet normal  0.000000e+00  0.000000e+00  1.000000e+00
    outer loop
      vertex -6.150000e+01  2.300000e+01  2.300000e+01
      vertex -7.195148e+01  1.556050e+01  2.300000e+01
      vertex -7.150000e+01  1.560000e+01  2.300000e+01
    endloop
  endfacet
  facet normal  -0.000000e+00  0.000000e+00  1.000000e+00
    outer loop
      vertex -6.150000e+01  2.300000e+01  2.300000e+01
      vertex -7.150000e+01  1.560000e+01  2.300000e+01
      vertex -7.104852e+01  1.556050e+01  2.300000e+01
    endloop
  endfacet
  facet normal  -0.000000e+00  0.000000e+00  1.000000e+00
    outer loop
      vertex -6.150000e+01  2.300000e+01  2.300000e+01
      vertex -7.104852e+01  1.556050e+01  2.300000e+01
      vertex -7.061075e+01  1.544320e+01  2.300000e+01
    endloop
  endfacet
  facet normal  -0.000000e+00  0.000000e+00  1.000000e+00
    outer loop
      vertex -6.150000e+01  2.300000e+01  2.300000e+01
      vertex -7.061075e+01  1.544320e+01  2.300000e+01
      vertex -7.020000e+01  1.525167e+01  2.300000e+01
    endloop
  endfacet
  facet normal  -0.000000e+00  0.000000e+00  9.999999e-01
    outer loop
      vertex -6.150000e+01  2.300000e+01  2.300000e+01
      vertex -7.020000e+01  1.525167e+01  2.300000e+01
      vertex -6.982875e+01  1.499172e+01  2.300000e+01
    endloop
  endfacet
  facet normal  -0.000000e+00  0.000000e+00  1.000000e+00
    outer loop
      vertex -6.150000e+01  2.300000e+01  2.300000e+01
      vertex -6.982875e+01  1.499172e+01  2.300000e+01
      vertex -6.950829e+01  1.467125e+01  2.300000e+01
    endloop
  endfacet
  facet normal  -0.000000e+00  0.000000e+00  1.000000e+00
    outer loop
      vertex -6.150000e+01  2.300000e+01  2.300000e+01
      vertex -6.950829e+01  1.467125e+01  2.300000e+01
      vertex -6.924834e+01  1.430000e+01  2.300000e+01
    endloop
  endfacet
  facet normal  -0.000000e+00  0.000000e+00  1.000000e+00
    outer loop
      vertex -6.150000e+01  2.300000e+01  2.300000e+01
      vertex -6.924834e+01  1.430000e+01  2.300000e+01
      vertex -6.905680e+01  1.388925e+01  2.300000e+01
    endloop
  endfacet
  facet normal  -0.000000e+00  0.000000e+00  1.000000e+00
    outer loop
      vertex -6.150000e+01  2.300000e+01  2.300000e+01
      vertex -6.905680e+01  1.388925e+01  2.300000e+01
      vertex -6.893950e+01  1.345149e+01  2.300000e+01
    endloop
  endfacet
  facet normal  -0.000000e+00  0.000000e+00  1.000000e+00
    outer loop
      vertex -6.150000e+01  2.300000e+01  2.300000e+01
      vertex -6.893950e+01  1.345149e+01  2.300000e+01
      vertex -6.890000e+01  1.300000e+01  2.300000e+01
    endloop
  endfacet
  facet normal  0.000000e+00  0.000000e+00  1.000000e+00
    outer loop
      vertex -7.150000e+01 -1.040000e+01  2.300000e+01
      vertex -7.195148e+01  1.043950e+01  2.300000e+01
      vertex -7.195148e+01 -1.043950e+01  2.300000e+01
    endloop
  endfacet
  facet normal  0.000000e+00  -0.000000e+00  1.000000e+00
    outer loop
      vertex -7.195148e+01 -1.043950e+01  2.300000e+01
      vertex -7.195148e+01  1.043950e+01  2.300000e+01
      vertex -7.238925e+01  1.055680e+01  2.300000e+01
    endloop
  endfacet
  facet normal  0.000000e+00  0.000000e+00  1.000000e+00
    outer loop
      vertex -7.195148e+01 -1.043950e+01  2.300000e+01
      vertex -7.238925e+01  1.055680e+01  2.300000e+01
      vertex -7.238925e+01 -1.055680e+01  2.300000e+01
    endloop
  endfacet
  facet normal  0.000000e+00  -0.000000e+00  1.000000e+00
    outer loop
      vertex -7.238925e+01 -1.055680e+01  2.300000e+01
      vertex -7.238925e+01  1.055680e+01  2.300000e+01
      vertex -7.280000e+01  1.074833e+01  2.300000e+01
    endloop
  endfacet
  facet normal  0.000000e+00  0.000000e+00  1.000000e+00
    outer loop
      vertex -7.238925e+01 -1.055680e+01  2.300000e+01
      vertex -7.280000e+01  1.074833e+01  2.300000e+01
      vertex -7.280000e+01 -1.074833e+01  2.300000e+01
    endloop
  endfacet
  facet normal  0.000000e+00  -0.000000e+00  1.000000e+00
    outer loop
      vertex -7.280000e+01 -1.074833e+01  2.300000e+01
      vertex -7.280000e+01  1.074833e+01  2.300000e+01
      vertex -7.317125e+01  1.100828e+01  2.300000e+01
    endloop
  endfacet
  facet normal  0.000000e+00  0.000000e+00  1.000000e+00
    outer loop
      vertex -7.280000e+01 -1.074833e+01  2.300000e+01
      vertex -7.317125e+01  1.100828e+01  2.300000e+01
      vertex -7.317125e+01 -1.100828e+01  2.300000e+01
    endloop
  endfacet
  facet normal  0.000000e+00  -0.000000e+00  1.000000e+00
    outer loop
      vertex -7.317125e+01 -1.100828e+01  2.300000e+01
      vertex -7.317125e+01  1.100828e+01  2.300000e+01
      vertex -7.349171e+01  1.132875e+01  2.300000e+01
    endloop
  endfacet
  facet normal  0.000000e+00  0.000000e+00  1.000000e+00
    outer loop
      vertex -7.317125e+01 -1.100828e+01  2.300000e+01
      vertex -7.349171e+01  1.132875e+01  2.300000e+01
      vertex -7.349171e+01 -1.132875e+01  2.300000e+01
    endloop
  endfacet
  facet normal  0.000000e+00  -0.000000e+00  1.000000e+00
    outer loop
      vertex -7.349171e+01 -1.132875e+01  2.300000e+01
      vertex -7.349171e+01  1.132875e+01  2.300000e+01
      vertex -7.375166e+01  1.170000e+01  2.300000e+01
    endloop
  endfacet
  facet normal  0.000000e+00  0.000000e+00  1.000000e+00
    outer loop
      vertex -7.349171e+01 -1.132875e+01  2.300000e+01
      vertex -7.375166e+01  1.170000e+01  2.300000e+01
      vertex -7.375166e+01 -1.170000e+01  2.300000e+01
    endloop
  endfacet
  facet normal  0.000000e+00  -0.000000e+00  1.000000e+00
    outer loop
      vertex -7.375166e+01 -1.170000e+01  2.300000e+01
      vertex -7.375166e+01  1.170000e+01  2.300000e+01
      vertex -7.394320e+01  1.211075e+01  2.300000e+01
    endloop
  endfacet
  facet normal  0.000000e+00  0.000000e+00  1.000000e+00
    outer loop
      vertex -7.375166e+01 -1.170000e+01  2.300000e+01
      vertex -7.394320e+01  1.211075e+01  2.300000e+01
      vertex -7.394320e+01 -1.211075e+01  2.300000e+01
    endloop
  endfacet
  facet normal  0.000000e+00  -0.000000e+00  1.000000e+00
    outer loop
      vertex -7.394320e+01 -1.211075e+01  2.300000e+01
      vertex -7.394320e+01  1.211075e+01  2.300000e+01
      vertex -7.406050e+01  1.254851e+01  2.300000e+01
    endloop
  endfacet
  facet normal  0.000000e+00  0.000000e+00  1.000000e+00
    outer loop
      vertex -7.394320e+01 -1.211075e+01  2.300000e+01
      vertex -7.406050e+01  1.254851e+01  2.300000e+01
      vertex -7.406050e+01 -1.254851e+01  2.300000e+01
    endloop
  endfacet
  facet normal  0.000000e+00  -0.000000e+00  1.000000e+00
    outer loop
      vertex -7.406050e+01 -1.254851e+01  2.300000e+01
      vertex -7.406050e+01  1.254851e+01  2.300000e+01
      vertex -7.410000e+01  1.300000e+01  2.300000e+01
    endloop
  endfacet
  facet normal  0.000000e+00  0.000000e+00  1.000000e+00
    outer loop
      vertex -7.406050e+01 -1.254851e+01  2.300000e+01
      vertex -7.410000e+01  1.300000e+01  2.300000e+01
      vertex -7.410000e+01 -1.300000e+01  2.300000e+01
    endloop
  endfacet
  facet normal  0.000000e+00  -0.000000e+00  9.999999e-01
    outer loop
      vertex -7.195148e+01  1.043950e+01  2.300000e+01
      vertex -7.150000e+01 -1.040000e+01  2.300000e+01
      vertex -7.150000e+01  1.040000e+01  2.300000e+01
    endloop
  endfacet
  facet normal  0.000000e+00  0.000000e+00  9.999999e-01
    outer loop
      vertex -7.150000e+01  1.040000e+01  2.300000e+01
      vertex -7.150000e+01 -1.040000e+01  2.300000e+01
      vertex -7.104852e+01 -1.043950e+01  2.300000e+01
    endloop
  endfacet
  facet normal  0.000000e+00  -0.000000e+00  1.000000e+00
    outer loop
      vertex -7.150000e+01  1.040000e+01  2.300000e+01
      vertex -7.104852e+01 -1.043950e+01  2.300000e+01
      vertex -7.104852e+01  1.043950e+01  2.300000e+01
    endloop
  endfacet
  facet normal  0.000000e+00  0.000000e+00  1.000000e+00
    outer loop
      vertex -7.104852e+01  1.043950e+01  2.300000e+01
      vertex -7.104852e+01 -1.043950e+01  2.300000e+01
      vertex -7.061075e+01 -1.055680e+01  2.300000e+01
    endloop
  endfacet
  facet normal  0.000000e+00  -0.000000e+00  1.000000e+00
    outer loop
      vertex -7.104852e+01  1.043950e+01  2.300000e+01
      vertex -7.061075e+01 -1.055680e+01  2.300000e+01
      vertex -7.061075e+01  1.055680e+01  2.300000e+01
    endloop
  endfacet
  facet normal  0.000000e+00  0.000000e+00  1.000000e+00
    outer loop
      vertex -7.061075e+01  1.055680e+01  2.300000e+01
      vertex -7.061075e+01 -1.055680e+01  2.300000e+01
      vertex -7.020000e+01 -1.074833e+01  2.300000e+01
    endloop
  endfacet
  facet normal  0.000000e+00  -0.000000e+00  1.000000e+00
    outer loop
      vertex -7.061075e+01  1.055680e+01  2.300000e+01
      vertex -7.020000e+01 -1.074833e+01  2.300000e+01
      vertex -7.020000e+01  1.074833e+01  2.300000e+01
    endloop
  endfacet
  facet normal  0.000000e+00  0.000000e+00  1.000000e+00
    outer loop
      vertex -7.020000e+01  1.074833e+01  2.300000e+01
      vertex -7.020000e+01 -1.074833e+01  2.300000e+01
      vertex -6.982875e+01 -1.100828e+01  2.300000e+01
    endloop
  endfacet
  facet normal  0.000000e+00  -0.000000e+00  1.000000e+00
    outer loop
      vertex -7.020000e+01  1.074833e+01  2.300000e+01
      vertex -6.982875e+01 -1.100828e+01  2.300000e+01
      vertex -6.982875e+01  1.100828e+01  2.300000e+01
    endloop
  endfacet
  facet normal  0.000000e+00  0.000000e+00  1.000000e+00
    outer loop
      vertex -6.982875e+01  1.100828e+01  2.300000e+01
      vertex -6.982875e+01 -1.100828e+01  2.300000e+01
      vertex -6.950829e+01 -1.132875e+01  2.300000e+01
    endloop
  endfacet
  facet normal  0.000000e+00  -0.000000e+00  1.000000e+00
    outer loop
      vertex -6.982875e+01  1.100828e+01  2.300000e+01
      vertex -6.950829e+01 -1.132875e+01  2.300000e+01
      vertex -6.950829e+01  1.132875e+01  2.300000e+01
    endloop
  endfacet
  facet normal  0.000000e+00  0.000000e+00  1.000000e+00
    outer loop
      vertex -6.950829e+01  1.132875e+01  2.300000e+01
      vertex -6.950829e+01 -1.132875e+01  2.300000e+01
      vertex -6.924834e+01 -1.170000e+01  2.300000e+01
    endloop
  endfacet
  facet normal  0.000000e+00  -0.000000e+00  1.000000e+00
    outer loop
      vertex -6.950829e+01  1.132875e+01  2.300000e+01
      vertex -6.924834e+01 -1.170000e+01  2.300000e+01
      vertex -6.924834e+01  1.170000e+01  2.300000e+01
    endloop
  endfacet
  facet normal  0.000000e+00  0.000000e+00  1.000000e+00
    outer loop
      vertex -6.924834e+01  1.170000e+01  2.300000e+01
      vertex -6.924834e+01 -1.170000e+01  2.300000e+01
      vertex -6.905680e+01 -1.211075e+01  2.300000e+01
    endloop
  endfacet
  facet normal  0.000000e+00  -0.000000e+00  1.000000e+00
    outer loop
      vertex -6.924834e+01  1.170000e+01  2.300000e+01
      vertex -6.905680e+01 -1.211075e+01  2.300000e+01
      vertex -6.905680e+01  1.211075e+01  2.300000e+01
    endloop
  endfacet
  facet normal  0.000000e+00  0.000000e+00  1.000000e+00
    outer loop
      vertex -6.905680e+01  1.211075e+01  2.300000e+01
      vertex -6.905680e+01 -1.211075e+01  2.300000e+01
      vertex -6.893950e+01 -1.254851e+01  2.300000e+01
    endloop
  endfacet
  facet normal  0.000000e+00  -0.000000e+00  1.000000e+00
    outer loop
      vertex -6.905680e+01  1.211075e+01  2.300000e+01
      vertex -6.893950e+01 -1.254851e+01  2.300000e+01
      vertex -6.893950e+01  1.254851e+01  2.300000e+01
    endloop
  endfacet
  facet normal  0.000000e+00  0.000000e+00  1.000000e+00
    outer loop
      vertex -6.893950e+01  1.254851e+01  2.300000e+01
      vertex -6.893950e+01 -1.254851e+01  2.300000e+01
      vertex -6.890000e+01 -1.300000e+01  2.300000e+01
    endloop
  endfacet
  facet normal  0.000000e+00  -0.000000e+00  1.000000e+00
    outer loop
      vertex -6.893950e+01  1.254851e+01  2.300000e+01
      vertex -6.890000e+01 -1.300000e+01  2.300000e+01
      vertex -6.890000e+01  1.300000e+01  2.300000e+01
    endloop
  endfacet
  facet normal  -0.000000e+00  0.000000e+00 -1.000000e+00
    outer loop
      vertex -7.150000e+01  7.900000e+00  1.300000e+01
      vertex -7.601582e+01 -1.062991e+01  1.300000e+01
      vertex -7.626859e+01 -1.119151e+01  1.300000e+01
    endloop
  endfacet
  facet normal  -0.000000e+00  0.000000e+00 -9.999999e-01
    outer loop
      vertex -7.150000e+01  7.900000e+00  1.300000e+01
      vertex -7.569722e+01 -1.010287e+01  1.300000e+01
      vertex -7.601582e+01 -1.062991e+01  1.300000e+01
    endloop
  endfacet
  facet normal  -0.000000e+00  0.000000e+00 -1.000000e+00
    outer loop
      vertex -7.150000e+01  7.900000e+00  1.300000e+01
      vertex -7.531741e+01 -9.618074e+00  1.300000e+01
      vertex -7.569722e+01 -1.010287e+01  1.300000e+01
    endloop
  endfacet
  facet normal  -0.000000e+00  0.000000e+00 -1.000000e+00
    outer loop
      vertex -7.150000e+01  7.900000e+00  1.300000e+01
      vertex -7.488193e+01 -9.182595e+00  1.300000e+01
      vertex -7.531741e+01 -9.618074e+00  1.300000e+01
    endloop
  endfacet
  facet normal  -0.000000e+00  0.000000e+00 -9.999999e-01
    outer loop
      vertex -7.150000e+01  7.900000e+00  1.300000e+01
      vertex -7.439713e+01 -8.802782e+00  1.300000e+01
      vertex -7.488193e+01 -9.182595e+00  1.300000e+01
    endloop
  endfacet
  facet normal  -0.000000e+00  0.000000e+00 -9.999999e-01
    outer loop
      vertex -7.150000e+01  7.900000e+00  1.300000e+01
      vertex -7.387009e+01 -8.484175e+00  1.300000e+01
      vertex -7.439713e+01 -8.802782e+00  1.300000e+01
    endloop
  endfacet
  facet normal  -0.000000e+00  0.000000e+00 -1.000000e+00
    outer loop
      vertex -7.150000e+01  7.900000e+00  1.300000e+01
      vertex -7.330849e+01 -8.231417e+00  1.300000e+01
      vertex -7.387009e+01 -8.484175e+00  1.300000e+01
    endloop
  endfacet
  facet normal  -0.000000e+00  0.000000e+00 -1.000000e+00
    outer loop
      vertex -7.150000e+01  7.900000e+00  1.300000e+01
      vertex -7.272051e+01 -8.048197e+00  1.300000e+01
      vertex -7.330849e+01 -8.231417e+00  1.300000e+01
    endloop
  endfacet
  facet normal  -0.000000e+00  0.000000e+00 -9.999999e-01
    outer loop
      vertex -7.150000e+01  7.900000e+00  1.300000e+01
      vertex -7.211474e+01 -7.937185e+00  1.300000e+01
      vertex -7.272051e+01 -8.048197e+00  1.300000e+01
    endloop
  endfacet
  facet normal  -0.000000e+00  0.000000e+00 -1.000000e+00
    outer loop
      vertex -7.150000e+01  7.900000e+00  1.300000e+01
      vertex -7.150000e+01 -7.900000e+00  1.300000e+01
      vertex -7.211474e+01 -7.937185e+00  1.300000e+01
    endloop
  endfacet
  facet normal  0.000000e+00  0.000000e+00 -1.000000e+00
    outer loop
      vertex -6.698418e+01 -1.062991e+01  1.300000e+01
      vertex -7.150000e+01  7.900000e+00  1.300000e+01
      vertex -6.673141e+01 -1.119151e+01  1.300000e+01
    endloop
  endfacet
  facet normal  0.000000e+00  0.000000e+00 -1.000000e+00
    outer loop
      vertex -6.730278e+01 -1.010287e+01  1.300000e+01
      vertex -7.150000e+01  7.900000e+00  1.300000e+01
      vertex -6.698418e+01 -1.062991e+01  1.300000e+01
    endloop
  endfacet
  facet normal  0.000000e+00  0.000000e+00 -1.000000e+00
    outer loop
      vertex -6.768259e+01 -9.618074e+00  1.300000e+01
      vertex -7.150000e+01  7.900000e+00  1.300000e+01
      vertex -6.730278e+01 -1.010287e+01  1.300000e+01
    endloop
  endfacet
  facet normal  0.000000e+00  0.000000e+00 -1.000000e+00
    outer loop
      vertex -6.811807e+01 -9.182595e+00  1.300000e+01
      vertex -7.150000e+01  7.900000e+00  1.300000e+01
      vertex -6.768259e+01 -9.618074e+00  1.300000e+01
    endloop
  endfacet
  facet normal  0.000000e+00  0.000000e+00 -1.000000e+00
    outer loop
      vertex -6.860287e+01 -8.802782e+00  1.300000e+01
      vertex -7.150000e+01  7.900000e+00  1.300000e+01
      vertex -6.811807e+01 -9.182595e+00  1.300000e+01
    endloop
  endfacet
  facet normal  0.000000e+00  0.000000e+00 -9.999999e-01
    outer loop
      vertex -6.912991e+01 -8.484175e+00  1.300000e+01
      vertex -7.150000e+01  7.900000e+00  1.300000e+01
      vertex -6.860287e+01 -8.802782e+00  1.300000e+01
    endloop
  endfacet
  facet normal  0.000000e+00  0.000000e+00 -1.000000e+00
    outer loop
      vertex -6.969151e+01 -8.231417e+00  1.300000e+01
      vertex -7.150000e+01  7.900000e+00  1.300000e+01
      vertex -6.912991e+01 -8.484175e+00  1.300000e+01
    endloop
  endfacet
  facet normal  0.000000e+00  0.000000e+00 -1.000000e+00
    outer loop
      vertex -7.027949e+01 -8.048197e+00  1.300000e+01
      vertex -7.150000e+01  7.900000e+00  1.300000e+01
      vertex -6.969151e+01 -8.231417e+00  1.300000e+01
    endloop
  endfacet
  facet normal  0.000000e+00  0.000000e+00 -1.000000e+00
    outer loop
      vertex -7.088526e+01 -7.937185e+00  1.300000e+01
      vertex -7.150000e+01  7.900000e+00  1.300000e+01
      vertex -7.027949e+01 -8.048197e+00  1.300000e+01
    endloop
  endfacet
  facet normal  0.000000e+00  0.000000e+00 -1.000000e+00
    outer loop
      vertex -7.150000e+01 -7.900000e+00  1.300000e+01
      vertex -7.150000e+01  7.900000e+00  1.300000e+01
      vertex -7.088526e+01 -7.937185e+00  1.300000e+01
    endloop
  endfacet
  facet normal  -0.000000e+00  0.000000e+00 -1.000000e+00
    outer loop
      vertex -8.150000e+01  2.300000e+01  1.300000e+01
      vertex -6.150000e+01  2.300000e+01  1.300000e+01
      vertex -7.150000e+01  1.810000e+01  1.300000e+01
    endloop
  endfacet
  facet normal  -0.000000e+00  0.000000e+00 -1.000000e+00
    outer loop
      vertex -8.150000e+01  2.300000e+01  1.300000e+01
      vertex -7.150000e+01  1.810000e+01  1.300000e+01
      vertex -7.211474e+01  1.806281e+01  1.300000e+01
    endloop
  endfacet
  facet normal  -0.000000e+00  0.000000e+00 -1.000000e+00
    outer loop
      vertex -8.150000e+01  2.300000e+01  1.300000e+01
      vertex -7.211474e+01  1.806281e+01  1.300000e+01
      vertex -7.272051e+01  1.795180e+01  1.300000e+01
    endloop
  endfacet
  facet normal  -0.000000e+00  0.000000e+00 -1.000000e+00
    outer loop
      vertex -8.150000e+01  2.300000e+01  1.300000e+01
      vertex -7.272051e+01  1.795180e+01  1.300000e+01
      vertex -7.330849e+01  1.776858e+01  1.300000e+01
    endloop
  endfacet
  facet normal  -0.000000e+00  0.000000e+00 -1.000000e+00
    outer loop
      vertex -8.150000e+01  2.300000e+01  1.300000e+01
      vertex -7.330849e+01  1.776858e+01  1.300000e+01
      vertex -7.387009e+01  1.751583e+01  1.300000e+01
    endloop
  endfacet
  facet normal  -0.000000e+00  0.000000e+00 -1.000000e+00
    outer loop
      vertex -8.150000e+01  2.300000e+01  1.300000e+01
      vertex -7.387009e+01  1.751583e+01  1.300000e+01
      vertex -7.439713e+01  1.719722e+01  1.300000e+01
    endloop
  endfacet
  facet normal  -0.000000e+00  0.000000e+00 -1.000000e+00
    outer loop
      vertex -8.150000e+01  2.300000e+01  1.300000e+01
      vertex -7.439713e+01  1.719722e+01  1.300000e+01
      vertex -7.488193e+01  1.681741e+01  1.300000e+01
    endloop
  endfacet
  facet normal  -0.000000e+00  0.000000e+00 -1.000000e+00
    outer loop
      vertex -8.150000e+01  2.300000e+01  1.300000e+01
      vertex -7.488193e+01  1.681741e+01  1.300000e+01
      vertex -7.531741e+01  1.638193e+01  1.300000e+01
    endloop
  endfacet
  facet normal  -0.000000e+00  0.000000e+00 -1.000000e+00
    outer loop
      vertex -8.150000e+01  2.300000e+01  1.300000e+01
      vertex -7.531741e+01  1.638193e+01  1.300000e+01
      vertex -7.569722e+01  1.589713e+01  1.300000e+01
    endloop
  endfacet
  facet normal  -0.000000e+00  0.000000e+00 -1.000000e+00
    outer loop
      vertex -8.150000e+01  2.300000e+01  1.300000e+01
      vertex -7.569722e+01  1.589713e+01  1.300000e+01
      vertex -7.601582e+01  1.537009e+01  1.300000e+01
    endloop
  endfacet
  facet normal  -0.000000e+00  0.000000e+00 -1.000000e+00
    outer loop
      vertex -8.150000e+01  2.300000e+01  1.300000e+01
      vertex -7.601582e+01  1.537009e+01  1.300000e+01
      vertex -7.626859e+01  1.480849e+01  1.300000e+01
    endloop
  endfacet
  facet normal  -0.000000e+00  0.000000e+00 -1.000000e+00
    outer loop
      vertex -8.150000e+01  2.300000e+01  1.300000e+01
      vertex -7.626859e+01  1.480849e+01  1.300000e+01
      vertex -7.645181e+01  1.422051e+01  1.300000e+01
    endloop
  endfacet
  facet normal  -0.000000e+00  0.000000e+00 -9.999999e-01
    outer loop
      vertex -8.150000e+01  2.300000e+01  1.300000e+01
      vertex -7.645181e+01  1.422051e+01  1.300000e+01
      vertex -7.656281e+01  1.361474e+01  1.300000e+01
    endloop
  endfacet
  facet normal  -0.000000e+00  0.000000e+00 -1.000000e+00
    outer loop
      vertex -8.150000e+01  2.300000e+01  1.300000e+01
      vertex -7.656281e+01  1.361474e+01  1.300000e+01
      vertex -8.150000e+01 -2.300000e+01  1.300000e+01
    endloop
  endfacet
  facet normal  0.000000e+00  0.000000e+00 -1.000000e+00
    outer loop
      vertex -8.150000e+01 -2.300000e+01  1.300000e+01
      vertex -7.656281e+01  1.361474e+01  1.300000e+01
      vertex -7.660000e+01  1.300000e+01  1.300000e+01
    endloop
  endfacet
  facet normal  0.000000e+00  -0.000000e+00 -1.000000e+00
    outer loop
      vertex -8.150000e+01 -2.300000e+01  1.300000e+01
      vertex -7.660000e+01  1.300000e+01  1.300000e+01
      vertex -7.656281e+01  1.238526e+01  1.300000e+01
    endloop
  endfacet
  facet normal  0.000000e+00  -0.000000e+00 -1.000000e+00
    outer loop
      vertex -8.150000e+01 -2.300000e+01  1.300000e+01
      vertex -7.656281e+01  1.238526e+01  1.300000e+01
      vertex -7.645181e+01  1.177949e+01  1.300000e+01
    endloop
  endfacet
  facet normal  0.000000e+00  -0.000000e+00 -1.000000e+00
    outer loop
      vertex -8.150000e+01 -2.300000e+01  1.300000e+01
      vertex -7.645181e+01  1.177949e+01  1.300000e+01
      vertex -7.626859e+01  1.119151e+01  1.300000e+01
    endloop
  endfacet
  facet normal  0.000000e+00  -0.000000e+00 -9.999999e-01
    outer loop
      vertex -8.150000e+01 -2.300000e+01  1.300000e+01
      vertex -7.626859e+01  1.119151e+01  1.300000e+01
      vertex -7.601582e+01  1.062991e+01  1.300000e+01
    endloop
  endfacet
  facet normal  0.000000e+00  -0.000000e+00 -1.000000e+00
    outer loop
      vertex -8.150000e+01 -2.300000e+01  1.300000e+01
      vertex -7.601582e+01  1.062991e+01  1.300000e+01
      vertex -7.569722e+01  1.010287e+01  1.300000e+01
    endloop
  endfacet
  facet normal  0.000000e+00  -0.000000e+00 -1.000000e+00
    outer loop
      vertex -8.150000e+01 -2.300000e+01  1.300000e+01
      vertex -7.569722e+01  1.010287e+01  1.300000e+01
      vertex -7.531741e+01  9.618074e+00  1.300000e+01
    endloop
  endfacet
  facet normal  0.000000e+00  -0.000000e+00 -1.000000e+00
    outer loop
      vertex -8.150000e+01 -2.300000e+01  1.300000e+01
      vertex -7.531741e+01  9.618074e+00  1.300000e+01
      vertex -7.488193e+01  9.182595e+00  1.300000e+01
    endloop
  endfacet
  facet normal  0.000000e+00  -0.000000e+00 -1.000000e+00
    outer loop
      vertex -8.150000e+01 -2.300000e+01  1.300000e+01
      vertex -7.488193e+01  9.182595e+00  1.300000e+01
      vertex -7.439713e+01  8.802782e+00  1.300000e+01
    endloop
  endfacet
  facet normal  0.000000e+00  -0.000000e+00 -1.000000e+00
    outer loop
      vertex -8.150000e+01 -2.300000e+01  1.300000e+01
      vertex -7.439713e+01  8.802782e+00  1.300000e+01
      vertex -7.387009e+01  8.484175e+00  1.300000e+01
    endloop
  endfacet
  facet normal  0.000000e+00  -0.000000e+00 -1.000000e+00
    outer loop
      vertex -8.150000e+01 -2.300000e+01  1.300000e+01
      vertex -7.387009e+01  8.484175e+00  1.300000e+01
      vertex -7.330849e+01  8.231417e+00  1.300000e+01
    endloop
  endfacet
  facet normal  0.000000e+00  -0.000000e+00 -1.000000e+00
    outer loop
      vertex -8.150000e+01 -2.300000e+01  1.300000e+01
      vertex -7.330849e+01  8.231417e+00  1.300000e+01
      vertex -7.272051e+01  8.048197e+00  1.300000e+01
    endloop
  endfacet
  facet normal  0.000000e+00  -0.000000e+00 -1.000000e+00
    outer loop
      vertex -8.150000e+01 -2.300000e+01  1.300000e+01
      vertex -7.272051e+01  8.048197e+00  1.300000e+01
      vertex -7.211474e+01  7.937185e+00  1.300000e+01
    endloop
  endfacet
  facet normal  0.000000e+00  -0.000000e+00 -1.000000e+00
    outer loop
      vertex -8.150000e+01 -2.300000e+01  1.300000e+01
      vertex -7.211474e+01  7.937185e+00  1.300000e+01
      vertex -7.150000e+01  7.900000e+00  1.300000e+01
    endloop
  endfacet
  facet normal  0.000000e+00  0.000000e+00 -1.000000e+00
    outer loop
      vertex -8.150000e+01 -2.300000e+01  1.300000e+01
      vertex -7.150000e+01  7.900000e+00  1.300000e+01
      vertex -7.626859e+01 -1.119151e+01  1.300000e+01
    endloop
  endfacet
  facet normal  0.000000e+00  0.000000e+00 -1.000000e+00
    outer loop
      vertex -8.150000e+01 -2.300000e+01  1.300000e+01
      vertex -7.626859e+01 -1.119151e+01  1.300000e+01
      vertex -7.645181e+01 -1.177949e+01  1.300000e+01
    endloop
  endfacet
  facet normal  0.000000e+00  0.000000e+00 -1.000000e+00
    outer loop
      vertex -8.150000e+01 -2.300000e+01  1.300000e+01
      vertex -7.645181e+01 -1.177949e+01  1.300000e+01
      vertex -7.656281e+01 -1.238526e+01  1.300000e+01
    endloop
  endfacet
  facet normal  0.000000e+00  0.000000e+00 -1.000000e+00
    outer loop
      vertex -8.150000e+01 -2.300000e+01  1.300000e+01
      vertex -7.656281e+01 -1.238526e+01  1.300000e+01
      vertex -7.660000e+01 -1.300000e+01  1.300000e+01
    endloop
  endfacet
  facet normal  0.000000e+00  -0.000000e+00 -1.000000e+00
    outer loop
      vertex -8.150000e+01 -2.300000e+01  1.300000e+01
      vertex -7.660000e+01 -1.300000e+01  1.300000e+01
      vertex -7.656281e+01 -1.361474e+01  1.300000e+01
    endloop
  endfacet
  facet normal  0.000000e+00  -0.000000e+00 -9.999999e-01
    outer loop
      vertex -8.150000e+01 -2.300000e+01  1.300000e+01
      vertex -7.656281e+01 -1.361474e+01  1.300000e+01
      vertex -7.645181e+01 -1.422051e+01  1.300000e+01
    endloop
  endfacet
  facet normal  0.000000e+00  -0.000000e+00 -1.000000e+00
    outer loop
      vertex -8.150000e+01 -2.300000e+01  1.300000e+01
      vertex -7.645181e+01 -1.422051e+01  1.300000e+01
      vertex -7.626859e+01 -1.480849e+01  1.300000e+01
    endloop
  endfacet
  facet normal  0.000000e+00  -0.000000e+00 -1.000000e+00
    outer loop
      vertex -8.150000e+01 -2.300000e+01  1.300000e+01
      vertex -7.626859e+01 -1.480849e+01  1.300000e+01
      vertex -7.601582e+01 -1.537009e+01  1.300000e+01
    endloop
  endfacet
  facet normal  0.000000e+00  -0.000000e+00 -1.000000e+00
    outer loop
      vertex -8.150000e+01 -2.300000e+01  1.300000e+01
      vertex -7.601582e+01 -1.537009e+01  1.300000e+01
      vertex -7.569722e+01 -1.589713e+01  1.300000e+01
    endloop
  endfacet
  facet normal  0.000000e+00  -0.000000e+00 -1.000000e+00
    outer loop
      vertex -8.150000e+01 -2.300000e+01  1.300000e+01
      vertex -7.569722e+01 -1.589713e+01  1.300000e+01
      vertex -7.531741e+01 -1.638193e+01  1.300000e+01
    endloop
  endfacet
  facet normal  0.000000e+00  -0.000000e+00 -1.000000e+00
    outer loop
      vertex -8.150000e+01 -2.300000e+01  1.300000e+01
      vertex -7.531741e+01 -1.638193e+01  1.300000e+01
      vertex -7.488193e+01 -1.681741e+01  1.300000e+01
    endloop
  endfacet
  facet normal  0.000000e+00  -0.000000e+00 -1.000000e+00
    outer loop
      vertex -8.150000e+01 -2.300000e+01  1.300000e+01
      vertex -7.488193e+01 -1.681741e+01  1.300000e+01
      vertex -7.439713e+01 -1.719722e+01  1.300000e+01
    endloop
  endfacet
  facet normal  0.000000e+00  -0.000000e+00 -1.000000e+00
    outer loop
      vertex -8.150000e+01 -2.300000e+01  1.300000e+01
      vertex -7.439713e+01 -1.719722e+01  1.300000e+01
      vertex -7.387009e+01 -1.751583e+01  1.300000e+01
    endloop
  endfacet
  facet normal  0.000000e+00  -0.000000e+00 -1.000000e+00
    outer loop
      vertex -8.150000e+01 -2.300000e+01  1.300000e+01
      vertex -7.387009e+01 -1.751583e+01  1.300000e+01
      vertex -7.330849e+01 -1.776858e+01  1.300000e+01
    endloop
  endfacet
  facet normal  0.000000e+00  -0.000000e+00 -1.000000e+00
    outer loop
      vertex -8.150000e+01 -2.300000e+01  1.300000e+01
      vertex -7.330849e+01 -1.776858e+01  1.300000e+01
      vertex -7.272051e+01 -1.795180e+01  1.300000e+01
    endloop
  endfacet
  facet normal  0.000000e+00  -0.000000e+00 -1.000000e+00
    outer loop
      vertex -8.150000e+01 -2.300000e+01  1.300000e+01
      vertex -7.272051e+01 -1.795180e+01  1.300000e+01
      vertex -7.211474e+01 -1.806281e+01  1.300000e+01
    endloop
  endfacet
  facet normal  0.000000e+00  -0.000000e+00 -1.000000e+00
    outer loop
      vertex -8.150000e+01 -2.300000e+01  1.300000e+01
      vertex -7.211474e+01 -1.806281e+01  1.300000e+01
      vertex -7.150000e+01 -1.810000e+01  1.300000e+01
    endloop
  endfacet
  facet normal  0.000000e+00  -0.000000e+00 -1.000000e+00
    outer loop
      vertex -8.150000e+01 -2.300000e+01  1.300000e+01
      vertex -7.150000e+01 -1.810000e+01  1.300000e+01
      vertex -6.150000e+01 -2.300000e+01  1.300000e+01
    endloop
  endfacet
  facet normal  0.000000e+00  0.000000e+00 -1.000000e+00
    outer loop
      vertex -6.150000e+01 -2.300000e+01  1.300000e+01
      vertex -7.150000e+01 -1.810000e+01  1.300000e+01
      vertex -7.088526e+01 -1.806281e+01  1.300000e+01
    endloop
  endfacet
  facet normal  0.000000e+00  0.000000e+00 -1.000000e+00
    outer loop
      vertex -6.150000e+01 -2.300000e+01  1.300000e+01
      vertex -7.088526e+01 -1.806281e+01  1.300000e+01
      vertex -7.027949e+01 -1.795180e+01  1.300000e+01
    endloop
  endfacet
  facet normal  0.000000e+00  0.000000e+00 -1.000000e+00
    outer loop
      vertex -6.150000e+01 -2.300000e+01  1.300000e+01
      vertex -7.027949e+01 -1.795180e+01  1.300000e+01
      vertex -6.969151e+01 -1.776858e+01  1.300000e+01
    endloop
  endfacet
  facet normal  0.000000e+00  0.000000e+00 -1.000000e+00
    outer loop
      vertex -6.150000e+01 -2.300000e+01  1.300000e+01
      vertex -6.969151e+01 -1.776858e+01  1.300000e+01
      vertex -6.912991e+01 -1.751583e+01  1.300000e+01
    endloop
  endfacet
  facet normal  0.000000e+00  0.000000e+00 -1.000000e+00
    outer loop
      vertex -6.150000e+01 -2.300000e+01  1.300000e+01
      vertex -6.912991e+01 -1.751583e+01  1.300000e+01
      vertex -6.860287e+01 -1.719722e+01  1.300000e+01
    endloop
  endfacet
  facet normal  0.000000e+00  0.000000e+00 -1.000000e+00
    outer loop
      vertex -6.150000e+01 -2.300000e+01  1.300000e+01
      vertex -6.860287e+01 -1.719722e+01  1.300000e+01
      vertex -6.811807e+01 -1.681741e+01  1.300000e+01
    endloop
  endfacet
  facet normal  0.000000e+00  0.000000e+00 -1.000000e+00
    outer loop
      vertex -6.150000e+01 -2.300000e+01  1.300000e+01
      vertex -6.811807e+01 -1.681741e+01  1.300000e+01
      vertex -6.768259e+01 -1.638193e+01  1.300000e+01
    endloop
  endfacet
  facet normal  0.000000e+00  0.000000e+00 -1.000000e+00
    outer loop
      vertex -6.150000e+01 -2.300000e+01  1.300000e+01
      vertex -6.768259e+01 -1.638193e+01  1.300000e+01
      vertex -6.730278e+01 -1.589713e+01  1.300000e+01
    endloop
  endfacet
  facet normal  0.000000e+00  0.000000e+00 -1.000000e+00
    outer loop
      vertex -6.150000e+01 -2.300000e+01  1.300000e+01
      vertex -6.730278e+01 -1.589713e+01  1.300000e+01
      vertex -6.698418e+01 -1.537009e+01  1.300000e+01
    endloop
  endfacet
  facet normal  0.000000e+00  0.000000e+00 -1.000000e+00
    outer loop
      vertex -6.150000e+01 -2.300000e+01  1.300000e+01
      vertex -6.698418e+01 -1.537009e+01  1.300000e+01
      vertex -6.673141e+01 -1.480849e+01  1.300000e+01
    endloop
  endfacet
  facet normal  0.000000e+00  0.000000e+00 -1.000000e+00
    outer loop
      vertex -6.150000e+01 -2.300000e+01  1.300000e+01
      vertex -6.673141e+01 -1.480849e+01  1.300000e+01
      vertex -6.654819e+01 -1.422051e+01  1.300000e+01
    endloop
  endfacet
  facet normal  0.000000e+00  0.000000e+00 -9.999999e-01
    outer loop
      vertex -6.150000e+01 -2.300000e+01  1.300000e+01
      vertex -6.654819e+01 -1.422051e+01  1.300000e+01
      vertex -6.643719e+01 -1.361474e+01  1.300000e+01
    endloop
  endfacet
  facet normal  0.000000e+00  0.000000e+00 -1.000000e+00
    outer loop
      vertex -6.150000e+01 -2.300000e+01  1.300000e+01
      vertex -6.643719e+01 -1.361474e+01  1.300000e+01
      vertex -6.640000e+01 -1.300000e+01  1.300000e+01
    endloop
  endfacet
  facet normal  0.000000e+00  0.000000e+00 -1.000000e+00
    outer loop
      vertex -6.150000e+01 -2.300000e+01  1.300000e+01
      vertex -6.640000e+01 -1.300000e+01  1.300000e+01
      vertex -6.643719e+01 -1.238526e+01  1.300000e+01
    endloop
  endfacet
  facet normal  0.000000e+00  0.000000e+00 -1.000000e+00
    outer loop
      vertex -6.150000e+01 -2.300000e+01  1.300000e+01
      vertex -6.643719e+01 -1.238526e+01  1.300000e+01
      vertex -6.654819e+01 -1.177949e+01  1.300000e+01
    endloop
  endfacet
  facet normal  0.000000e+00  0.000000e+00 -1.000000e+00
    outer loop
      vertex -6.150000e+01 -2.300000e+01  1.300000e+01
      vertex -6.654819e+01 -1.177949e+01  1.300000e+01
      vertex -6.673141e+01 -1.119151e+01  1.300000e+01
    endloop
  endfacet
  facet normal  0.000000e+00  0.000000e+00 -1.000000e+00
    outer loop
      vertex -6.150000e+01 -2.300000e+01  1.300000e+01
      vertex -6.673141e+01 -1.119151e+01  1.300000e+01
      vertex -7.150000e+01  7.900000e+00  1.300000e+01
    endloop
  endfacet
  facet normal  0.000000e+00  0.000000e+00 -1.000000e+00
    outer loop
      vertex -6.150000e+01 -2.300000e+01  1.300000e+01
      vertex -7.150000e+01  7.900000e+00  1.300000e+01
      vertex -7.088526e+01  7.937185e+00  1.300000e+01
    endloop
  endfacet
  facet normal  0.000000e+00  0.000000e+00 -1.000000e+00
    outer loop
      vertex -6.150000e+01 -2.300000e+01  1.300000e+01
      vertex -7.088526e+01  7.937185e+00  1.300000e+01
      vertex -7.027949e+01  8.048197e+00  1.300000e+01
    endloop
  endfacet
  facet normal  0.000000e+00  0.000000e+00 -1.000000e+00
    outer loop
      vertex -6.150000e+01 -2.300000e+01  1.300000e+01
      vertex -7.027949e+01  8.048197e+00  1.300000e+01
      vertex -6.969151e+01  8.231417e+00  1.300000e+01
    endloop
  endfacet
  facet normal  0.000000e+00  0.000000e+00 -1.000000e+00
    outer loop
      vertex -6.150000e+01 -2.300000e+01  1.300000e+01
      vertex -6.969151e+01  8.231417e+00  1.300000e+01
      vertex -6.912991e+01  8.484175e+00  1.300000e+01
    endloop
  endfacet
  facet normal  0.000000e+00  0.000000e+00 -1.000000e+00
    outer loop
      vertex -6.150000e+01 -2.300000e+01  1.300000e+01
      vertex -6.912991e+01  8.484175e+00  1.300000e+01
      vertex -6.860287e+01  8.802782e+00  1.300000e+01
    endloop
  endfacet
  facet normal  0.000000e+00  0.000000e+00 -1.000000e+00
    outer loop
      vertex -6.150000e+01 -2.300000e+01  1.300000e+01
      vertex -6.860287e+01  8.802782e+00  1.300000e+01
      vertex -6.811807e+01  9.182595e+00  1.300000e+01
    endloop
  endfacet
  facet normal  0.000000e+00  0.000000e+00 -1.000000e+00
    outer loop
      vertex -6.150000e+01 -2.300000e+01  1.300000e+01
      vertex -6.811807e+01  9.182595e+00  1.300000e+01
      vertex -6.768259e+01  9.618074e+00  1.300000e+01
    endloop
  endfacet
  facet normal  0.000000e+00  0.000000e+00 -1.000000e+00
    outer loop
      vertex -6.150000e+01 -2.300000e+01  1.300000e+01
      vertex -6.768259e+01  9.618074e+00  1.300000e+01
      vertex -6.730278e+01  1.010287e+01  1.300000e+01
    endloop
  endfacet
  facet normal  0.000000e+00  0.000000e+00 -1.000000e+00
    outer loop
      vertex -6.150000e+01 -2.300000e+01  1.300000e+01
      vertex -6.730278e+01  1.010287e+01  1.300000e+01
      vertex -6.698418e+01  1.062991e+01  1.300000e+01
    endloop
  endfacet
  facet normal  0.000000e+00  0.000000e+00 -9.999999e-01
    outer loop
      vertex -6.150000e+01 -2.300000e+01  1.300000e+01
      vertex -6.698418e+01  1.062991e+01  1.300000e+01
      vertex -6.673141e+01  1.119151e+01  1.300000e+01
    endloop
  endfacet
  facet normal  0.000000e+00  0.000000e+00 -1.000000e+00
    outer loop
      vertex -6.150000e+01 -2.300000e+01  1.300000e+01
      vertex -6.673141e+01  1.119151e+01  1.300000e+01
      vertex -6.654819e+01  1.177949e+01  1.300000e+01
    endloop
  endfacet
  facet normal  0.000000e+00  0.000000e+00 -1.000000e+00
    outer loop
      vertex -6.150000e+01 -2.300000e+01  1.300000e+01
      vertex -6.654819e+01  1.177949e+01  1.300000e+01
      vertex -6.643719e+01  1.238526e+01  1.300000e+01
    endloop
  endfacet
  facet normal  0.000000e+00  0.000000e+00 -1.000000e+00
    outer loop
      vertex -6.150000e+01 -2.300000e+01  1.300000e+01
      vertex -6.643719e+01  1.238526e+01  1.300000e+01
      vertex -6.640000e+01  1.300000e+01  1.300000e+01
    endloop
  endfacet
  facet normal  0.000000e+00  0.000000e+00 -1.000000e+00
    outer loop
      vertex -6.150000e+01 -2.300000e+01  1.300000e+01
      vertex -6.640000e+01  1.300000e+01  1.300000e+01
      vertex -6.643719e+01  1.361474e+01  1.300000e+01
    endloop
  endfacet
  facet normal  0.000000e+00  0.000000e+00 -1.000000e+00
    outer loop
      vertex -6.150000e+01  2.300000e+01  1.300000e+01
      vertex -6.150000e+01 -2.300000e+01  1.300000e+01
      vertex -6.643719e+01  1.361474e+01  1.300000e+01
    endloop
  endfacet
  facet normal  0.000000e+00  0.000000e+00 -9.999999e-01
    outer loop
      vertex -6.150000e+01  2.300000e+01  1.300000e+01
      vertex -6.643719e+01  1.361474e+01  1.300000e+01
      vertex -6.654819e+01  1.422051e+01  1.300000e+01
    endloop
  endfacet
  facet normal  0.000000e+00  0.000000e+00 -1.000000e+00
    outer loop
      vertex -6.150000e+01  2.300000e+01  1.300000e+01
      vertex -6.654819e+01  1.422051e+01  1.300000e+01
      vertex -6.673141e+01  1.480849e+01  1.300000e+01
    endloop
  endfacet
  facet normal  0.000000e+00  0.000000e+00 -1.000000e+00
    outer loop
      vertex -6.150000e+01  2.300000e+01  1.300000e+01
      vertex -6.673141e+01  1.480849e+01  1.300000e+01
      vertex -6.698418e+01  1.537009e+01  1.300000e+01
    endloop
  endfacet
  facet normal  0.000000e+00  0.000000e+00 -1.000000e+00
    outer loop
      vertex -6.150000e+01  2.300000e+01  1.300000e+01
      vertex -6.698418e+01  1.537009e+01  1.300000e+01
      vertex -6.730278e+01  1.589713e+01  1.300000e+01
    endloop
  endfacet
  facet normal  0.000000e+00  0.000000e+00 -1.000000e+00
    outer loop
      vertex -6.150000e+01  2.300000e+01  1.300000e+01
      vertex -6.730278e+01  1.589713e+01  1.300000e+01
      vertex -6.768259e+01  1.638193e+01  1.300000e+01
    endloop
  endfacet
  facet normal  0.000000e+00  0.000000e+00 -1.000000e+00
    outer loop
      vertex -6.150000e+01  2.300000e+01  1.300000e+01
      vertex -6.768259e+01  1.638193e+01  1.300000e+01
      vertex -6.811807e+01  1.681741e+01  1.300000e+01
    endloop
  endfacet
  facet normal  0.000000e+00  0.000000e+00 -1.000000e+00
    outer loop
      vertex -6.150000e+01  2.300000e+01  1.300000e+01
      vertex -6.811807e+01  1.681741e+01  1.300000e+01
      vertex -6.860287e+01  1.719722e+01  1.300000e+01
    endloop
  endfacet
  facet normal  0.000000e+00  0.000000e+00 -1.000000e+00
    outer loop
      vertex -6.150000e+01  2.300000e+01  1.300000e+01
      vertex -6.860287e+01  1.719722e+01  1.300000e+01
      vertex -6.912991e+01  1.751583e+01  1.300000e+01
    endloop
  endfacet
  facet normal  0.000000e+00  0.000000e+00 -1.000000e+00
    outer loop
      vertex -6.150000e+01  2.300000e+01  1.300000e+01
      vertex -6.912991e+01  1.751583e+01  1.300000e+01
      vertex -6.969151e+01  1.776858e+01  1.300000e+01
    endloop
  endfacet
  facet normal  0.000000e+00  0.000000e+00 -1.000000e+00
    outer loop
      vertex -6.150000e+01  2.300000e+01  1.300000e+01
      vertex -6.969151e+01  1.776858e+01  1.300000e+01
      vertex -7.027949e+01  1.795180e+01  1.300000e+01
    endloop
  endfacet
  facet normal  0.000000e+00  0.000000e+00 -1.000000e+00
    outer loop
      vertex -6.150000e+01  2.300000e+01  1.300000e+01
      vertex -7.027949e+01  1.795180e+01  1.300000e+01
      vertex -7.088526e+01  1.806281e+01  1.300000e+01
    endloop
  endfacet
  facet normal  0.000000e+00  0.000000e+00 -1.000000e+00
    outer loop
      vertex -6.150000e+01  2.300000e+01  1.300000e+01
      vertex -7.088526e+01  1.806281e+01  1.300000e+01
      vertex -7.150000e+01  1.810000e+01  1.300000e+01
    endloop
  endfacet
  facet normal  7.064608e-01  4.273404e-02 -7.064608e-01
    outer loop
      vertex -7.410000e+01  1.300000e+01  1.550000e+01
      vertex -7.656281e+01  1.238526e+01  1.300000e+01
      vertex -7.660000e+01  1.300000e+01  1.300000e+01
    endloop
  endfacet
  facet normal  7.034283e-01  6.153811e-02 -7.080973e-01
    outer loop
      vertex -7.410000e+01  1.300000e+01  1.550000e+01
      vertex -7.406050e+01  1.254851e+01  1.550000e+01
      vertex -7.656281e+01  1.238526e+01  1.300000e+01
    endloop
  endfacet
  facet normal -7.034283e-01  6.153811e-02 -7.080973e-01
    outer loop
      vertex -6.890000e+01  1.300000e+01  1.550000e+01
      vertex -6.643719e+01  1.238526e+01  1.300000e+01
      vertex -6.893950e+01  1.254851e+01  1.550000e+01
    endloop
  endfacet
  facet normal -7.064608e-01  4.273404e-02 -7.064608e-01
    outer loop
      vertex -6.890000e+01  1.300000e+01  1.550000e+01
      vertex -6.640000e+01  1.300000e+01  1.300000e+01
      vertex -6.643719e+01  1.238526e+01  1.300000e+01
    endloop
  endfacet
  facet normal  6.968127e-01  1.276909e-01 -7.057953e-01
    outer loop
      vertex -7.406050e+01  1.254851e+01  1.550000e+01
      vertex -7.645181e+01  1.177949e+01  1.300000e+01
      vertex -7.656281e+01  1.238526e+01  1.300000e+01
    endloop
  endfacet
  facet normal  6.759587e-01  2.106365e-01 -7.061955e-01
    outer loop
      vertex -7.394320e+01  1.211075e+01  1.550000e+01
      vertex -7.626859e+01  1.119151e+01  1.300000e+01
      vertex -7.645181e+01  1.177949e+01  1.300000e+01
    endloop
  endfacet
  facet normal  6.818023e-01  1.826925e-01 -7.083566e-01
    outer loop
      vertex -7.394320e+01  1.211075e+01  1.550000e+01
      vertex -7.645181e+01  1.177949e+01  1.300000e+01
      vertex -7.406050e+01  1.254851e+01  1.550000e+01
    endloop
  endfacet
  facet normal  6.061938e-01  3.664522e-01 -7.058625e-01
    outer loop
      vertex -7.375166e+01  1.170000e+01  1.550000e+01
      vertex -7.569722e+01  1.010287e+01  1.300000e+01
      vertex -7.601582e+01  1.062991e+01  1.300000e+01
    endloop
  endfacet
  facet normal  6.403093e-01  2.985830e-01 -7.077093e-01
    outer loop
      vertex -7.375166e+01  1.170000e+01  1.550000e+01
      vertex -7.601582e+01  1.062991e+01  1.300000e+01
      vertex -7.394320e+01  1.211075e+01  1.550000e+01
    endloop
  endfacet
  facet normal  6.450945e-01  2.903388e-01 -7.067930e-01
    outer loop
      vertex -7.394320e+01  1.211075e+01  1.550000e+01
      vertex -7.601582e+01  1.062991e+01  1.300000e+01
      vertex -7.626859e+01  1.119151e+01  1.300000e+01
    endloop
  endfacet
  facet normal  5.574955e-01  4.367711e-01 -7.059957e-01
    outer loop
      vertex -7.349171e+01  1.132875e+01  1.550000e+01
      vertex -7.531741e+01  9.618074e+00  1.300000e+01
      vertex -7.569722e+01  1.010287e+01  1.300000e+01
    endloop
  endfacet
  facet normal  5.780969e-01  4.047856e-01 -7.084862e-01
    outer loop
      vertex -7.349171e+01  1.132875e+01  1.550000e+01
      vertex -7.569722e+01  1.010287e+01  1.300000e+01
      vertex -7.375166e+01  1.170000e+01  1.550000e+01
    endloop
  endfacet
  facet normal  4.367710e-01  5.574957e-01 -7.059954e-01
    outer loop
      vertex -7.317125e+01  1.100828e+01  1.550000e+01
      vertex -7.439713e+01  8.802782e+00  1.300000e+01
      vertex -7.488193e+01  9.182595e+00  1.300000e+01
    endloop
  endfacet
  facet normal  4.999433e-01  4.999389e-01 -7.071901e-01
    outer loop
      vertex -7.317125e+01  1.100828e+01  1.550000e+01
      vertex -7.488193e+01  9.182595e+00  1.300000e+01
      vertex -7.349171e+01  1.132875e+01  1.550000e+01
    endloop
  endfacet
  facet normal  4.999415e-01  4.999404e-01 -7.071904e-01
    outer loop
      vertex -7.349171e+01  1.132875e+01  1.550000e+01
      vertex -7.488193e+01  9.182595e+00  1.300000e+01
      vertex -7.531741e+01  9.618074e+00  1.300000e+01
    endloop
  endfacet
  facet normal  3.664533e-01  6.061938e-01 -7.058619e-01
    outer loop
      vertex -7.280000e+01  1.074833e+01  1.550000e+01
      vertex -7.387009e+01  8.484175e+00  1.300000e+01
      vertex -7.439713e+01  8.802782e+00  1.300000e+01
    endloop
  endfacet
  facet normal  4.047885e-01  5.780954e-01 -7.084857e-01
    outer loop
      vertex -7.280000e+01  1.074833e+01  1.550000e+01
      vertex -7.439713e+01  8.802782e+00  1.300000e+01
      vertex -7.317125e+01  1.100828e+01  1.550000e+01
    endloop
  endfacet
  facet normal  2.106369e-01  6.759591e-01 -7.061952e-01
    outer loop
      vertex -7.238925e+01  1.055680e+01  1.550000e+01
      vertex -7.272051e+01  8.048197e+00  1.300000e+01
      vertex -7.330849e+01  8.231417e+00  1.300000e+01
    endloop
  endfacet
  facet normal  2.990736e-01  6.413704e-01 -7.065400e-01
    outer loop
      vertex -7.238925e+01  1.055680e+01  1.550000e+01
      vertex -7.330849e+01  8.231417e+00  1.300000e+01
      vertex -7.280000e+01  1.074833e+01  1.550000e+01
    endloop
  endfacet
  facet normal  2.899840e-01  6.443115e-01 -7.076524e-01
    outer loop
      vertex -7.280000e+01  1.074833e+01  1.550000e+01
      vertex -7.330849e+01  8.231417e+00  1.300000e+01
      vertex -7.387009e+01  8.484175e+00  1.300000e+01
    endloop
  endfacet
  facet normal  1.276952e-01  6.968117e-01 -7.057956e-01
    outer loop
      vertex -7.195148e+01  1.043950e+01  1.550000e+01
      vertex -7.211474e+01  7.937185e+00  1.300000e+01
      vertex -7.272051e+01  8.048197e+00  1.300000e+01
    endloop
  endfacet
  facet normal  1.826883e-01  6.818035e-01 -7.083564e-01
    outer loop
      vertex -7.195148e+01  1.043950e+01  1.550000e+01
      vertex -7.272051e+01  8.048197e+00  1.300000e+01
      vertex -7.238925e+01  1.055680e+01  1.550000e+01
    endloop
  endfacet
  facet normal  4.273288e-02  7.064609e-01 -7.064608e-01
    outer loop
      vertex -7.150000e+01  1.040000e+01  1.550000e+01
      vertex -7.150000e+01  7.900000e+00  1.300000e+01
      vertex -7.211474e+01  7.937185e+00  1.300000e+01
    endloop
  endfacet
  facet normal  6.154292e-02  7.034274e-01 -7.080976e-01
    outer loop
      vertex -7.150000e+01  1.040000e+01  1.550000e+01
      vertex -7.211474e+01  7.937185e+00  1.300000e+01
      vertex -7.195148e+01  1.043950e+01  1.550000e+01
    endloop
  endfacet
  facet normal -1.276952e-01  6.968117e-01 -7.057956e-01
    outer loop
      vertex -7.104852e+01  1.043950e+01  1.550000e+01
      vertex -7.027949e+01  8.048197e+00  1.300000e+01
      vertex -7.088526e+01  7.937185e+00  1.300000e+01
    endloop
  endfacet
  facet normal -6.154292e-02  7.034274e-01 -7.080976e-01
    outer loop
      vertex -7.104852e+01  1.043950e+01  1.550000e+01
      vertex -7.088526e+01  7.937185e+00  1.300000e+01
      vertex -7.150000e+01  1.040000e+01  1.550000e+01
    endloop
  endfacet
  facet normal -2.106369e-01  6.759589e-01 -7.061951e-01
    outer loop
      vertex -7.061075e+01  1.055680e+01  1.550000e+01
      vertex -6.969151e+01  8.231417e+00  1.300000e+01
      vertex -7.027949e+01  8.048197e+00  1.300000e+01
    endloop
  endfacet
  facet normal -1.826883e-01  6.818035e-01 -7.083564e-01
    outer loop
      vertex -7.061075e+01  1.055680e+01  1.550000e+01
      vertex -7.027949e+01  8.048197e+00  1.300000e+01
      vertex -7.104852e+01  1.043950e+01  1.550000e+01
    endloop
  endfacet
  facet normal -3.664532e-01  6.061938e-01 -7.058619e-01
    outer loop
      vertex -7.020000e+01  1.074833e+01  1.550000e+01
      vertex -6.860287e+01  8.802782e+00  1.300000e+01
      vertex -6.912991e+01  8.484175e+00  1.300000e+01
    endloop
  endfacet
  facet normal -2.985797e-01  6.403112e-01 -7.077087e-01
    outer loop
      vertex -7.020000e+01  1.074833e+01  1.550000e+01
      vertex -6.912991e+01  8.484175e+00  1.300000e+01
      vertex -7.061075e+01  1.055680e+01  1.550000e+01
    endloop
  endfacet
  facet normal -2.903369e-01  6.450957e-01 -7.067928e-01
    outer loop
      vertex -7.061075e+01  1.055680e+01  1.550000e+01
      vertex -6.912991e+01  8.484175e+00  1.300000e+01
      vertex -6.969151e+01  8.231417e+00  1.300000e+01
    endloop
  endfacet
  facet normal -4.367710e-01  5.574957e-01 -7.059954e-01
    outer loop
      vertex -6.982875e+01  1.100828e+01  1.550000e+01
      vertex -6.811807e+01  9.182595e+00  1.300000e+01
      vertex -6.860287e+01  8.802782e+00  1.300000e+01
    endloop
  endfacet
  facet normal -4.047885e-01  5.780954e-01 -7.084857e-01
    outer loop
      vertex -6.982875e+01  1.100828e+01  1.550000e+01
      vertex -6.860287e+01  8.802782e+00  1.300000e+01
      vertex -7.020000e+01  1.074833e+01  1.550000e+01
    endloop
  endfacet
  facet normal -5.574955e-01  4.367711e-01 -7.059957e-01
    outer loop
      vertex -6.950829e+01  1.132875e+01  1.550000e+01
      vertex -6.730278e+01  1.010287e+01  1.300000e+01
      vertex -6.768259e+01  9.618074e+00  1.300000e+01
    endloop
  endfacet
  facet normal -4.999431e-01  4.999387e-01 -7.071904e-01
    outer loop
      vertex -6.950829e+01  1.132875e+01  1.550000e+01
      vertex -6.768259e+01  9.618074e+00  1.300000e+01
      vertex -6.982875e+01  1.100828e+01  1.550000e+01
    endloop
  endfacet
  facet normal -4.999416e-01  4.999406e-01 -7.071902e-01
    outer loop
      vertex -6.982875e+01  1.100828e+01  1.550000e+01
      vertex -6.768259e+01  9.618074e+00  1.300000e+01
      vertex -6.811807e+01  9.182595e+00  1.300000e+01
    endloop
  endfacet
  facet normal -6.061938e-01  3.664522e-01 -7.058625e-01
    outer loop
      vertex -6.924834e+01  1.170000e+01  1.550000e+01
      vertex -6.698418e+01  1.062991e+01  1.300000e+01
      vertex -6.730278e+01  1.010287e+01  1.300000e+01
    endloop
  endfacet
  facet normal -5.780969e-01  4.047856e-01 -7.084862e-01
    outer loop
      vertex -6.924834e+01  1.170000e+01  1.550000e+01
      vertex -6.730278e+01  1.010287e+01  1.300000e+01
      vertex -6.950829e+01  1.132875e+01  1.550000e+01
    endloop
  endfacet
  facet normal -6.759587e-01  2.106365e-01 -7.061955e-01
    outer loop
      vertex -6.905680e+01  1.211075e+01  1.550000e+01
      vertex -6.654819e+01  1.177949e+01  1.300000e+01
      vertex -6.673141e+01  1.119151e+01  1.300000e+01
    endloop
  endfacet
  facet normal -6.413687e-01  2.990770e-01 -7.065403e-01
    outer loop
      vertex -6.905680e+01  1.211075e+01  1.550000e+01
      vertex -6.673141e+01  1.119151e+01  1.300000e+01
      vertex -6.924834e+01  1.170000e+01  1.550000e+01
    endloop
  endfacet
  facet normal -6.443102e-01  2.899858e-01 -7.076529e-01
    outer loop
      vertex -6.924834e+01  1.170000e+01  1.550000e+01
      vertex -6.673141e+01  1.119151e+01  1.300000e+01
      vertex -6.698418e+01  1.062991e+01  1.300000e+01
    endloop
  endfacet
  facet normal -6.968127e-01  1.276909e-01 -7.057953e-01
    outer loop
      vertex -6.893950e+01  1.254851e+01  1.550000e+01
      vertex -6.643719e+01  1.238526e+01  1.300000e+01
      vertex -6.654819e+01  1.177949e+01  1.300000e+01
    endloop
  endfacet
  facet normal -6.818023e-01  1.826925e-01 -7.083566e-01
    outer loop
      vertex -6.893950e+01  1.254851e+01  1.550000e+01
      vertex -6.654819e+01  1.177949e+01  1.300000e+01
      vertex -6.905680e+01  1.211075e+01  1.550000e+01
    endloop
  endfacet
  facet normal -4.273288e-02  7.064609e-01 -7.064608e-01
    outer loop
      vertex -7.150000e+01  1.040000e+01  1.550000e+01
      vertex -7.088526e+01  7.937185e+00  1.300000e+01
      vertex -7.150000e+01  7.900000e+00  1.300000e+01
    endloop
  endfacet
  facet normal -8.715671e-02 -9.961946e-01  0.000000e+00
    outer loop
      vertex -7.150000e+01  1.560000e+01  2.300000e+01
      vertex -7.104852e+01  1.556050e+01  1.550000e+01
      vertex -7.104852e+01  1.556050e+01  2.300000e+01
    endloop
  endfacet
  facet normal -2.588185e-01 -9.659259e-01  -0.000000e+00
    outer loop
      vertex -7.104852e+01  1.556050e+01  2.300000e+01
      vertex -7.104852e+01  1.556050e+01  1.550000e+01
      vertex -7.061075e+01  1.544320e+01  1.550000e+01
    endloop
  endfacet
  facet normal -2.588185e-01 -9.659259e-01  0.000000e+00
    outer loop
      vertex -7.104852e+01  1.556050e+01  2.300000e+01
      vertex -7.061075e+01  1.544320e+01  1.550000e+01
      vertex -7.061075e+01  1.544320e+01  2.300000e+01
    endloop
  endfacet
  facet normal -4.226155e-01 -9.063090e-01  -0.000000e+00
    outer loop
      vertex -7.061075e+01  1.544320e+01  2.300000e+01
      vertex -7.061075e+01  1.544320e+01  1.550000e+01
      vertex -7.020000e+01  1.525167e+01  1.550000e+01
    endloop
  endfacet
  facet normal -4.226155e-01 -9.063090e-01  0.000000e+00
    outer loop
      vertex -7.061075e+01  1.544320e+01  2.300000e+01
      vertex -7.020000e+01  1.525167e+01  1.550000e+01
      vertex -7.020000e+01  1.525167e+01  2.300000e+01
    endloop
  endfacet
  facet normal -5.735781e-01 -8.191508e-01  -0.000000e+00
    outer loop
      vertex -7.020000e+01  1.525167e+01  2.300000e+01
      vertex -7.020000e+01  1.525167e+01  1.550000e+01
      vertex -6.982875e+01  1.499172e+01  1.550000e+01
    endloop
  endfacet
  facet normal -5.735781e-01 -8.191508e-01  0.000000e+00
    outer loop
      vertex -7.020000e+01  1.525167e+01  2.300000e+01
      vertex -6.982875e+01  1.499172e+01  1.550000e+01
      vertex -6.982875e+01  1.499172e+01  2.300000e+01
    endloop
  endfacet
  facet normal -7.071100e-01 -7.071037e-01  -0.000000e+00
    outer loop
      vertex -6.982875e+01  1.499172e+01  2.300000e+01
      vertex -6.982875e+01  1.499172e+01  1.550000e+01
      vertex -6.950829e+01  1.467125e+01  1.550000e+01
    endloop
  endfacet
  facet normal -7.071100e-01 -7.071037e-01  0.000000e+00
    outer loop
      vertex -6.982875e+01  1.499172e+01  2.300000e+01
      vertex -6.950829e+01  1.467125e+01  1.550000e+01
      vertex -6.950829e+01  1.467125e+01  2.300000e+01
    endloop
  endfacet
  facet normal -8.191535e-01 -5.735743e-01  -0.000000e+00
    outer loop
      vertex -6.950829e+01  1.467125e+01  2.300000e+01
      vertex -6.950829e+01  1.467125e+01  1.550000e+01
      vertex -6.924834e+01  1.430000e+01  1.550000e+01
    endloop
  endfacet
  facet normal -8.191535e-01 -5.735743e-01  0.000000e+00
    outer loop
      vertex -6.950829e+01  1.467125e+01  2.300000e+01
      vertex -6.924834e+01  1.430000e+01  1.550000e+01
      vertex -6.924834e+01  1.430000e+01  2.300000e+01
    endloop
  endfacet
  facet normal -9.063068e-01 -4.226205e-01  -0.000000e+00
    outer loop
      vertex -6.924834e+01  1.430000e+01  2.300000e+01
      vertex -6.924834e+01  1.430000e+01  1.550000e+01
      vertex -6.905680e+01  1.388925e+01  1.550000e+01
    endloop
  endfacet
  facet normal -9.063068e-01 -4.226205e-01  0.000000e+00
    outer loop
      vertex -6.924834e+01  1.430000e+01  2.300000e+01
      vertex -6.905680e+01  1.388925e+01  1.550000e+01
      vertex -6.905680e+01  1.388925e+01  2.300000e+01
    endloop
  endfacet
  facet normal -9.659243e-01 -2.588244e-01  -0.000000e+00
    outer loop
      vertex -6.905680e+01  1.388925e+01  2.300000e+01
      vertex -6.905680e+01  1.388925e+01  1.550000e+01
      vertex -6.893950e+01  1.345149e+01  1.550000e+01
    endloop
  endfacet
  facet normal -9.659243e-01 -2.588244e-01  0.000000e+00
    outer loop
      vertex -6.905680e+01  1.388925e+01  2.300000e+01
      vertex -6.893950e+01  1.345149e+01  1.550000e+01
      vertex -6.893950e+01  1.345149e+01  2.300000e+01
    endloop
  endfacet
  facet normal -9.961951e-01 -8.715026e-02  -0.000000e+00
    outer loop
      vertex -6.893950e+01  1.345149e+01  2.300000e+01
      vertex -6.893950e+01  1.345149e+01  1.550000e+01
      vertex -6.890000e+01  1.300000e+01  1.550000e+01
    endloop
  endfacet
  facet normal -9.961951e-01 -8.715026e-02  0.000000e+00
    outer loop
      vertex -6.893950e+01  1.345149e+01  2.300000e+01
      vertex -6.890000e+01  1.300000e+01  1.550000e+01
      vertex -6.890000e+01  1.300000e+01  2.300000e+01
    endloop
  endfacet
  facet normal -8.715671e-02 -9.961946e-01  -0.000000e+00
    outer loop
      vertex -7.104852e+01  1.556050e+01  1.550000e+01
      vertex -7.150000e+01  1.560000e+01  2.300000e+01
      vertex -7.150000e+01  1.560000e+01  1.550000e+01
    endloop
  endfacet
  facet normal  8.715671e-02 -9.961946e-01  0.000000e+00
    outer loop
      vertex -7.150000e+01  1.560000e+01  1.550000e+01
      vertex -7.150000e+01  1.560000e+01  2.300000e+01
      vertex -7.195148e+01  1.556050e+01  2.300000e+01
    endloop
  endfacet
  facet normal  8.715671e-02 -9.961946e-01  0.000000e+00
    outer loop
      vertex -7.150000e+01  1.560000e+01  1.550000e+01
      vertex -7.195148e+01  1.556050e+01  2.300000e+01
      vertex -7.195148e+01  1.556050e+01  1.550000e+01
    endloop
  endfacet
  facet normal  2.588185e-01 -9.659259e-01  0.000000e+00
    outer loop
      vertex -7.195148e+01  1.556050e+01  1.550000e+01
      vertex -7.195148e+01  1.556050e+01  2.300000e+01
      vertex -7.238925e+01  1.544320e+01  2.300000e+01
    endloop
  endfacet
  facet normal  2.588185e-01 -9.659259e-01  0.000000e+00
    outer loop
      vertex -7.195148e+01  1.556050e+01  1.550000e+01
      vertex -7.238925e+01  1.544320e+01  2.300000e+01
      vertex -7.238925e+01  1.544320e+01  1.550000e+01
    endloop
  endfacet
  facet normal  4.226155e-01 -9.063090e-01  0.000000e+00
    outer loop
      vertex -7.238925e+01  1.544320e+01  1.550000e+01
      vertex -7.238925e+01  1.544320e+01  2.300000e+01
      vertex -7.280000e+01  1.525167e+01  2.300000e+01
    endloop
  endfacet
  facet normal  4.226155e-01 -9.063090e-01  0.000000e+00
    outer loop
      vertex -7.238925e+01  1.544320e+01  1.550000e+01
      vertex -7.280000e+01  1.525167e+01  2.300000e+01
      vertex -7.280000e+01  1.525167e+01  1.550000e+01
    endloop
  endfacet
  facet normal  5.735781e-01 -8.191508e-01  0.000000e+00
    outer loop
      vertex -7.280000e+01  1.525167e+01  1.550000e+01
      vertex -7.280000e+01  1.525167e+01  2.300000e+01
      vertex -7.317125e+01  1.499172e+01  2.300000e+01
    endloop
  endfacet
  facet normal  5.735781e-01 -8.191508e-01  0.000000e+00
    outer loop
      vertex -7.280000e+01  1.525167e+01  1.550000e+01
      vertex -7.317125e+01  1.499172e+01  2.300000e+01
      vertex -7.317125e+01  1.499172e+01  1.550000e+01
    endloop
  endfacet
  facet normal  7.071100e-01 -7.071037e-01  0.000000e+00
    outer loop
      vertex -7.317125e+01  1.499172e+01  1.550000e+01
      vertex -7.317125e+01  1.499172e+01  2.300000e+01
      vertex -7.349171e+01  1.467125e+01  2.300000e+01
    endloop
  endfacet
  facet normal  7.071100e-01 -7.071037e-01  0.000000e+00
    outer loop
      vertex -7.317125e+01  1.499172e+01  1.550000e+01
      vertex -7.349171e+01  1.467125e+01  2.300000e+01
      vertex -7.349171e+01  1.467125e+01  1.550000e+01
    endloop
  endfacet
  facet normal  8.191535e-01 -5.735743e-01  0.000000e+00
    outer loop
      vertex -7.349171e+01  1.467125e+01  1.550000e+01
      vertex -7.349171e+01  1.467125e+01  2.300000e+01
      vertex -7.375166e+01  1.430000e+01  2.300000e+01
    endloop
  endfacet
  facet normal  8.191535e-01 -5.735743e-01  0.000000e+00
    outer loop
      vertex -7.349171e+01  1.467125e+01  1.550000e+01
      vertex -7.375166e+01  1.430000e+01  2.300000e+01
      vertex -7.375166e+01  1.430000e+01  1.550000e+01
    endloop
  endfacet
  facet normal  9.063068e-01 -4.226205e-01  0.000000e+00
    outer loop
      vertex -7.375166e+01  1.430000e+01  1.550000e+01
      vertex -7.375166e+01  1.430000e+01  2.300000e+01
      vertex -7.394320e+01  1.388925e+01  2.300000e+01
    endloop
  endfacet
  facet normal  9.063068e-01 -4.226205e-01  0.000000e+00
    outer loop
      vertex -7.375166e+01  1.430000e+01  1.550000e+01
      vertex -7.394320e+01  1.388925e+01  2.300000e+01
      vertex -7.394320e+01  1.388925e+01  1.550000e+01
    endloop
  endfacet
  facet normal  9.659243e-01 -2.588244e-01  0.000000e+00
    outer loop
      vertex -7.394320e+01  1.388925e+01  1.550000e+01
      vertex -7.394320e+01  1.388925e+01  2.300000e+01
      vertex -7.406050e+01  1.345149e+01  2.300000e+01
    endloop
  endfacet
  facet normal  9.659243e-01 -2.588244e-01  0.000000e+00
    outer loop
      vertex -7.394320e+01  1.388925e+01  1.550000e+01
      vertex -7.406050e+01  1.345149e+01  2.300000e+01
      vertex -7.406050e+01  1.345149e+01  1.550000e+01
    endloop
  endfacet
  facet normal  9.961951e-01 -8.715026e-02  0.000000e+00
    outer loop
      vertex -7.406050e+01  1.345149e+01  1.550000e+01
      vertex -7.406050e+01  1.345149e+01  2.300000e+01
      vertex -7.410000e+01  1.300000e+01  2.300000e+01
    endloop
  endfacet
  facet normal  9.961951e-01 -8.715026e-02  0.000000e+00
    outer loop
      vertex -7.406050e+01  1.345149e+01  1.550000e+01
      vertex -7.410000e+01  1.300000e+01  2.300000e+01
      vertex -7.410000e+01  1.300000e+01  1.550000e+01
    endloop
  endfacet
  facet normal  8.715671e-02  9.961946e-01  -0.000000e+00
    outer loop
      vertex -7.150000e+01  1.040000e+01  2.300000e+01
      vertex -7.195148e+01  1.043950e+01  1.550000e+01
      vertex -7.195148e+01  1.043950e+01  2.300000e+01
    endloop
  endfacet
  facet normal  2.588185e-01  9.659259e-01  0.000000e+00
    outer loop
      vertex -7.195148e+01  1.043950e+01  2.300000e+01
      vertex -7.195148e+01  1.043950e+01  1.550000e+01
      vertex -7.238925e+01  1.055680e+01  1.550000e+01
    endloop
  endfacet
  facet normal  2.588185e-01  9.659259e-01  -0.000000e+00
    outer loop
      vertex -7.195148e+01  1.043950e+01  2.300000e+01
      vertex -7.238925e+01  1.055680e+01  1.550000e+01
      vertex -7.238925e+01  1.055680e+01  2.300000e+01
    endloop
  endfacet
  facet normal  4.226155e-01  9.063090e-01  0.000000e+00
    outer loop
      vertex -7.238925e+01  1.055680e+01  2.300000e+01
      vertex -7.238925e+01  1.055680e+01  1.550000e+01
      vertex -7.280000e+01  1.074833e+01  1.550000e+01
    endloop
  endfacet
  facet normal  4.226155e-01  9.063090e-01  -0.000000e+00
    outer loop
      vertex -7.238925e+01  1.055680e+01  2.300000e+01
      vertex -7.280000e+01  1.074833e+01  1.550000e+01
      vertex -7.280000e+01  1.074833e+01  2.300000e+01
    endloop
  endfacet
  facet normal  5.735781e-01  8.191508e-01  0.000000e+00
    outer loop
      vertex -7.280000e+01  1.074833e+01  2.300000e+01
      vertex -7.280000e+01  1.074833e+01  1.550000e+01
      vertex -7.317125e+01  1.100828e+01  1.550000e+01
    endloop
  endfacet
  facet normal  5.735781e-01  8.191508e-01  -0.000000e+00
    outer loop
      vertex -7.280000e+01  1.074833e+01  2.300000e+01
      vertex -7.317125e+01  1.100828e+01  1.550000e+01
      vertex -7.317125e+01  1.100828e+01  2.300000e+01
    endloop
  endfacet
  facet normal  7.071100e-01  7.071037e-01  0.000000e+00
    outer loop
      vertex -7.317125e+01  1.100828e+01  2.300000e+01
      vertex -7.317125e+01  1.100828e+01  1.550000e+01
      vertex -7.349171e+01  1.132875e+01  1.550000e+01
    endloop
  endfacet
  facet normal  7.071100e-01  7.071037e-01  -0.000000e+00
    outer loop
      vertex -7.317125e+01  1.100828e+01  2.300000e+01
      vertex -7.349171e+01  1.132875e+01  1.550000e+01
      vertex -7.349171e+01  1.132875e+01  2.300000e+01
    endloop
  endfacet
  facet normal  8.191535e-01  5.735743e-01  0.000000e+00
    outer loop
      vertex -7.349171e+01  1.132875e+01  2.300000e+01
      vertex -7.349171e+01  1.132875e+01  1.550000e+01
      vertex -7.375166e+01  1.170000e+01  1.550000e+01
    endloop
  endfacet
  facet normal  8.191535e-01  5.735743e-01  -0.000000e+00
    outer loop
      vertex -7.349171e+01  1.132875e+01  2.300000e+01
      vertex -7.375166e+01  1.170000e+01  1.550000e+01
      vertex -7.375166e+01  1.170000e+01  2.300000e+01
    endloop
  endfacet
  facet normal  9.063068e-01  4.226205e-01  0.000000e+00
    outer loop
      vertex -7.375166e+01  1.170000e+01  2.300000e+01
      vertex -7.375166e+01  1.170000e+01  1.550000e+01
      vertex -7.394320e+01  1.211075e+01  1.550000e+01
    endloop
  endfacet
  facet normal  9.063068e-01  4.226205e-01  -0.000000e+00
    outer loop
      vertex -7.375166e+01  1.170000e+01  2.300000e+01
      vertex -7.394320e+01  1.211075e+01  1.550000e+01
      vertex -7.394320e+01  1.211075e+01  2.300000e+01
    endloop
  endfacet
  facet normal  9.659243e-01  2.588244e-01  0.000000e+00
    outer loop
      vertex -7.394320e+01  1.211075e+01  2.300000e+01
      vertex -7.394320e+01  1.211075e+01  1.550000e+01
      vertex -7.406050e+01  1.254851e+01  1.550000e+01
    endloop
  endfacet
  facet normal  9.659243e-01  2.588244e-01  -0.000000e+00
    outer loop
      vertex -7.394320e+01  1.211075e+01  2.300000e+01
      vertex -7.406050e+01  1.254851e+01  1.550000e+01
      vertex -7.406050e+01  1.254851e+01  2.300000e+01
    endloop
  endfacet
  facet normal  9.961951e-01  8.715026e-02  0.000000e+00
    outer loop
      vertex -7.406050e+01  1.254851e+01  2.300000e+01
      vertex -7.406050e+01  1.254851e+01  1.550000e+01
      vertex -7.410000e+01  1.300000e+01  1.550000e+01
    endloop
  endfacet
  facet normal  9.961951e-01  8.715026e-02  -0.000000e+00
    outer loop
      vertex -7.406050e+01  1.254851e+01  2.300000e+01
      vertex -7.410000e+01  1.300000e+01  1.550000e+01
      vertex -7.410000e+01  1.300000e+01  2.300000e+01
    endloop
  endfacet
  facet normal  8.715671e-02  9.961946e-01  0.000000e+00
    outer loop
      vertex -7.195148e+01  1.043950e+01  1.550000e+01
      vertex -7.150000e+01  1.040000e+01  2.300000e+01
      vertex -7.150000e+01  1.040000e+01  1.550000e+01
    endloop
  endfacet
  facet normal -8.715671e-02  9.961946e-01  0.000000e+00
    outer loop
      vertex -7.150000e+01  1.040000e+01  1.550000e+01
      vertex -7.150000e+01  1.040000e+01  2.300000e+01
      vertex -7.104852e+01  1.043950e+01  2.300000e+01
    endloop
  endfacet
  facet normal -8.715671e-02  9.961946e-01  0.000000e+00
    outer loop
      vertex -7.150000e+01  1.040000e+01  1.550000e+01
      vertex -7.104852e+01  1.043950e+01  2.300000e+01
      vertex -7.104852e+01  1.043950e+01  1.550000e+01
    endloop
  endfacet
  facet normal -2.588185e-01  9.659259e-01  0.000000e+00
    outer loop
      vertex -7.104852e+01  1.043950e+01  1.550000e+01
      vertex -7.104852e+01  1.043950e+01  2.300000e+01
      vertex -7.061075e+01  1.055680e+01  2.300000e+01
    endloop
  endfacet
  facet normal -2.588185e-01  9.659259e-01  0.000000e+00
    outer loop
      vertex -7.104852e+01  1.043950e+01  1.550000e+01
      vertex -7.061075e+01  1.055680e+01  2.300000e+01
      vertex -7.061075e+01  1.055680e+01  1.550000e+01
    endloop
  endfacet
  facet normal -4.226155e-01  9.063090e-01  0.000000e+00
    outer loop
      vertex -7.061075e+01  1.055680e+01  1.550000e+01
      vertex -7.061075e+01  1.055680e+01  2.300000e+01
      vertex -7.020000e+01  1.074833e+01  2.300000e+01
    endloop
  endfacet
  facet normal -4.226155e-01  9.063090e-01  0.000000e+00
    outer loop
      vertex -7.061075e+01  1.055680e+01  1.550000e+01
      vertex -7.020000e+01  1.074833e+01  2.300000e+01
      vertex -7.020000e+01  1.074833e+01  1.550000e+01
    endloop
  endfacet
  facet normal -5.735781e-01  8.191508e-01  0.000000e+00
    outer loop
      vertex -7.020000e+01  1.074833e+01  1.550000e+01
      vertex -7.020000e+01  1.074833e+01  2.300000e+01
      vertex -6.982875e+01  1.100828e+01  2.300000e+01
    endloop
  endfacet
  facet normal -5.735781e-01  8.191508e-01  0.000000e+00
    outer loop
      vertex -7.020000e+01  1.074833e+01  1.550000e+01
      vertex -6.982875e+01  1.100828e+01  2.300000e+01
      vertex -6.982875e+01  1.100828e+01  1.550000e+01
    endloop
  endfacet
  facet normal -7.071100e-01  7.071037e-01  0.000000e+00
    outer loop
      vertex -6.982875e+01  1.100828e+01  1.550000e+01
      vertex -6.982875e+01  1.100828e+01  2.300000e+01
      vertex -6.950829e+01  1.132875e+01  2.300000e+01
    endloop
  endfacet
  facet normal -7.071100e-01  7.071037e-01  0.000000e+00
    outer loop
      vertex -6.982875e+01  1.100828e+01  1.550000e+01
      vertex -6.950829e+01  1.132875e+01  2.300000e+01
      vertex -6.950829e+01  1.132875e+01  1.550000e+01
    endloop
  endfacet
  facet normal -8.191535e-01  5.735743e-01  0.000000e+00
    outer loop
      vertex -6.950829e+01  1.132875e+01  1.550000e+01
      vertex -6.950829e+01  1.132875e+01  2.300000e+01
      vertex -6.924834e+01  1.170000e+01  2.300000e+01
    endloop
  endfacet
  facet normal -8.191535e-01  5.735743e-01  0.000000e+00
    outer loop
      vertex -6.950829e+01  1.132875e+01  1.550000e+01
      vertex -6.924834e+01  1.170000e+01  2.300000e+01
      vertex -6.924834e+01  1.170000e+01  1.550000e+01
    endloop
  endfacet
  facet normal -9.063068e-01  4.226205e-01  0.000000e+00
    outer loop
      vertex -6.924834e+01  1.170000e+01  1.550000e+01
      vertex -6.924834e+01  1.170000e+01  2.300000e+01
      vertex -6.905680e+01  1.211075e+01  2.300000e+01
    endloop
  endfacet
  facet normal -9.063068e-01  4.226205e-01  0.000000e+00
    outer loop
      vertex -6.924834e+01  1.170000e+01  1.550000e+01
      vertex -6.905680e+01  1.211075e+01  2.300000e+01
      vertex -6.905680e+01  1.211075e+01  1.550000e+01
    endloop
  endfacet
  facet normal -9.659243e-01  2.588244e-01  0.000000e+00
    outer loop
      vertex -6.905680e+01  1.211075e+01  1.550000e+01
      vertex -6.905680e+01  1.211075e+01  2.300000e+01
      vertex -6.893950e+01  1.254851e+01  2.300000e+01
    endloop
  endfacet
  facet normal -9.659243e-01  2.588244e-01  0.000000e+00
    outer loop
      vertex -6.905680e+01  1.211075e+01  1.550000e+01
      vertex -6.893950e+01  1.254851e+01  2.300000e+01
      vertex -6.893950e+01  1.254851e+01  1.550000e+01
    endloop
  endfacet
  facet normal -9.961951e-01  8.715026e-02  0.000000e+00
    outer loop
      vertex -6.893950e+01  1.254851e+01  1.550000e+01
      vertex -6.893950e+01  1.254851e+01  2.300000e+01
      vertex -6.890000e+01  1.300000e+01  2.300000e+01
    endloop
  endfacet
  facet normal -9.961951e-01  8.715026e-02  0.000000e+00
    outer loop
      vertex -6.893950e+01  1.254851e+01  1.550000e+01
      vertex -6.890000e+01  1.300000e+01  2.300000e+01
      vertex -6.890000e+01  1.300000e+01  1.550000e+01
    endloop
  endfacet
  facet normal -7.064608e-01 -4.273404e-02 -7.064608e-01
    outer loop
      vertex -6.890000e+01  1.300000e+01  1.550000e+01
      vertex -6.643719e+01  1.361474e+01  1.300000e+01
      vertex -6.640000e+01  1.300000e+01  1.300000e+01
    endloop
  endfacet
  facet normal -7.034283e-01 -6.153811e-02 -7.080973e-01
    outer loop
      vertex -6.890000e+01  1.300000e+01  1.550000e+01
      vertex -6.893950e+01  1.345149e+01  1.550000e+01
      vertex -6.643719e+01  1.361474e+01  1.300000e+01
    endloop
  endfacet
  facet normal  7.034283e-01 -6.153811e-02 -7.080973e-01
    outer loop
      vertex -7.410000e+01  1.300000e+01  1.550000e+01
      vertex -7.656281e+01  1.361474e+01  1.300000e+01
      vertex -7.406050e+01  1.345149e+01  1.550000e+01
    endloop
  endfacet
  facet normal  7.064608e-01 -4.273404e-02 -7.064608e-01
    outer loop
      vertex -7.410000e+01  1.300000e+01  1.550000e+01
      vertex -7.660000e+01  1.300000e+01  1.300000e+01
      vertex -7.656281e+01  1.361474e+01  1.300000e+01
    endloop
  endfacet
  facet normal -6.968127e-01 -1.276909e-01 -7.057953e-01
    outer loop
      vertex -6.893950e+01  1.345149e+01  1.550000e+01
      vertex -6.654819e+01  1.422051e+01  1.300000e+01
      vertex -6.643719e+01  1.361474e+01  1.300000e+01
    endloop
  endfacet
  facet normal -6.759587e-01 -2.106365e-01 -7.061955e-01
    outer loop
      vertex -6.905680e+01  1.388925e+01  1.550000e+01
      vertex -6.673141e+01  1.480849e+01  1.300000e+01
      vertex -6.654819e+01  1.422051e+01  1.300000e+01
    endloop
  endfacet
  facet normal -6.818023e-01 -1.826925e-01 -7.083566e-01
    outer loop
      vertex -6.905680e+01  1.388925e+01  1.550000e+01
      vertex -6.654819e+01  1.422051e+01  1.300000e+01
      vertex -6.893950e+01  1.345149e+01  1.550000e+01
    endloop
  endfacet
  facet normal -6.061938e-01 -3.664522e-01 -7.058625e-01
    outer loop
      vertex -6.924834e+01  1.430000e+01  1.550000e+01
      vertex -6.730278e+01  1.589713e+01  1.300000e+01
      vertex -6.698418e+01  1.537009e+01  1.300000e+01
    endloop
  endfacet
  facet normal -6.403093e-01 -2.985830e-01 -7.077093e-01
    outer loop
      vertex -6.924834e+01  1.430000e+01  1.550000e+01
      vertex -6.698418e+01  1.537009e+01  1.300000e+01
      vertex -6.905680e+01  1.388925e+01  1.550000e+01
    endloop
  endfacet
  facet normal -6.450945e-01 -2.903388e-01 -7.067930e-01
    outer loop
      vertex -6.905680e+01  1.388925e+01  1.550000e+01
      vertex -6.698418e+01  1.537009e+01  1.300000e+01
      vertex -6.673141e+01  1.480849e+01  1.300000e+01
    endloop
  endfacet
  facet normal -5.574955e-01 -4.367711e-01 -7.059957e-01
    outer loop
      vertex -6.950829e+01  1.467125e+01  1.550000e+01
      vertex -6.768259e+01  1.638193e+01  1.300000e+01
      vertex -6.730278e+01  1.589713e+01  1.300000e+01
    endloop
  endfacet
  facet normal -5.780969e-01 -4.047856e-01 -7.084862e-01
    outer loop
      vertex -6.950829e+01  1.467125e+01  1.550000e+01
      vertex -6.730278e+01  1.589713e+01  1.300000e+01
      vertex -6.924834e+01  1.430000e+01  1.550000e+01
    endloop
  endfacet
  facet normal -4.367703e-01 -5.574962e-01 -7.059955e-01
    outer loop
      vertex -6.982875e+01  1.499172e+01  1.550000e+01
      vertex -6.860287e+01  1.719722e+01  1.300000e+01
      vertex -6.811807e+01  1.681741e+01  1.300000e+01
    endloop
  endfacet
  facet normal -4.999433e-01 -4.999388e-01 -7.071902e-01
    outer loop
      vertex -6.982875e+01  1.499172e+01  1.550000e+01
      vertex -6.811807e+01  1.681741e+01  1.300000e+01
      vertex -6.950829e+01  1.467125e+01  1.550000e+01
    endloop
  endfacet
  facet normal -4.999420e-01 -4.999399e-01 -7.071903e-01
    outer loop
      vertex -6.950829e+01  1.467125e+01  1.550000e+01
      vertex -6.811807e+01  1.681741e+01  1.300000e+01
      vertex -6.768259e+01  1.638193e+01  1.300000e+01
    endloop
  endfacet
  facet normal -3.664533e-01 -6.061938e-01 -7.058619e-01
    outer loop
      vertex -7.020000e+01  1.525167e+01  1.550000e+01
      vertex -6.912991e+01  1.751583e+01  1.300000e+01
      vertex -6.860287e+01  1.719722e+01  1.300000e+01
    endloop
  endfacet
  facet normal -4.047885e-01 -5.780954e-01 -7.084857e-01
    outer loop
      vertex -7.020000e+01  1.525167e+01  1.550000e+01
      vertex -6.860287e+01  1.719722e+01  1.300000e+01
      vertex -6.982875e+01  1.499172e+01  1.550000e+01
    endloop
  endfacet
  facet normal -2.106369e-01 -6.759591e-01 -7.061952e-01
    outer loop
      vertex -7.061075e+01  1.544320e+01  1.550000e+01
      vertex -7.027949e+01  1.795180e+01  1.300000e+01
      vertex -6.969151e+01  1.776858e+01  1.300000e+01
    endloop
  endfacet
  facet normal -2.990736e-01 -6.413704e-01 -7.065400e-01
    outer loop
      vertex -7.061075e+01  1.544320e+01  1.550000e+01
      vertex -6.969151e+01  1.776858e+01  1.300000e+01
      vertex -7.020000e+01  1.525167e+01  1.550000e+01
    endloop
  endfacet
  facet normal -2.899840e-01 -6.443115e-01 -7.076524e-01
    outer loop
      vertex -7.020000e+01  1.525167e+01  1.550000e+01
      vertex -6.969151e+01  1.776858e+01  1.300000e+01
      vertex -6.912991e+01  1.751583e+01  1.300000e+01
    endloop
  endfacet
  facet normal -1.276947e-01 -6.968117e-01 -7.057955e-01
    outer loop
      vertex -7.104852e+01  1.556050e+01  1.550000e+01
      vertex -7.088526e+01  1.806281e+01  1.300000e+01
      vertex -7.027949e+01  1.795180e+01  1.300000e+01
    endloop
  endfacet
  facet normal -1.826883e-01 -6.818035e-01 -7.083564e-01
    outer loop
      vertex -7.104852e+01  1.556050e+01  1.550000e+01
      vertex -7.027949e+01  1.795180e+01  1.300000e+01
      vertex -7.061075e+01  1.544320e+01  1.550000e+01
    endloop
  endfacet
  facet normal -4.273397e-02 -7.064608e-01 -7.064608e-01
    outer loop
      vertex -7.150000e+01  1.560000e+01  1.550000e+01
      vertex -7.150000e+01  1.810000e+01  1.300000e+01
      vertex -7.088526e+01  1.806281e+01  1.300000e+01
    endloop
  endfacet
  facet normal -6.154263e-02 -7.034276e-01 -7.080976e-01
    outer loop
      vertex -7.150000e+01  1.560000e+01  1.550000e+01
      vertex -7.088526e+01  1.806281e+01  1.300000e+01
      vertex -7.104852e+01  1.556050e+01  1.550000e+01
    endloop
  endfacet
  facet normal  1.276947e-01 -6.968117e-01 -7.057955e-01
    outer loop
      vertex -7.195148e+01  1.556050e+01  1.550000e+01
      vertex -7.272051e+01  1.795180e+01  1.300000e+01
      vertex -7.211474e+01  1.806281e+01  1.300000e+01
    endloop
  endfacet
  facet normal  6.154263e-02 -7.034276e-01 -7.080976e-01
    outer loop
      vertex -7.195148e+01  1.556050e+01  1.550000e+01
      vertex -7.211474e+01  1.806281e+01  1.300000e+01
      vertex -7.150000e+01  1.560000e+01  1.550000e+01
    endloop
  endfacet
  facet normal  2.106369e-01 -6.759589e-01 -7.061951e-01
    outer loop
      vertex -7.238925e+01  1.544320e+01  1.550000e+01
      vertex -7.330849e+01  1.776858e+01  1.300000e+01
      vertex -7.272051e+01  1.795180e+01  1.300000e+01
    endloop
  endfacet
  facet normal  1.826883e-01 -6.818035e-01 -7.083564e-01
    outer loop
      vertex -7.238925e+01  1.544320e+01  1.550000e+01
      vertex -7.272051e+01  1.795180e+01  1.300000e+01
      vertex -7.195148e+01  1.556050e+01  1.550000e+01
    endloop
  endfacet
  facet normal  3.664532e-01 -6.061938e-01 -7.058619e-01
    outer loop
      vertex -7.280000e+01  1.525167e+01  1.550000e+01
      vertex -7.439713e+01  1.719722e+01  1.300000e+01
      vertex -7.387009e+01  1.751583e+01  1.300000e+01
    endloop
  endfacet
  facet normal  2.985797e-01 -6.403112e-01 -7.077087e-01
    outer loop
      vertex -7.280000e+01  1.525167e+01  1.550000e+01
      vertex -7.387009e+01  1.751583e+01  1.300000e+01
      vertex -7.238925e+01  1.544320e+01  1.550000e+01
    endloop
  endfacet
  facet normal  2.903369e-01 -6.450957e-01 -7.067928e-01
    outer loop
      vertex -7.238925e+01  1.544320e+01  1.550000e+01
      vertex -7.387009e+01  1.751583e+01  1.300000e+01
      vertex -7.330849e+01  1.776858e+01  1.300000e+01
    endloop
  endfacet
  facet normal  4.367703e-01 -5.574962e-01 -7.059955e-01
    outer loop
      vertex -7.317125e+01  1.499172e+01  1.550000e+01
      vertex -7.488193e+01  1.681741e+01  1.300000e+01
      vertex -7.439713e+01  1.719722e+01  1.300000e+01
    endloop
  endfacet
  facet normal  4.047885e-01 -5.780954e-01 -7.084857e-01
    outer loop
      vertex -7.317125e+01  1.499172e+01  1.550000e+01
      vertex -7.439713e+01  1.719722e+01  1.300000e+01
      vertex -7.280000e+01  1.525167e+01  1.550000e+01
    endloop
  endfacet
  facet normal  5.574955e-01 -4.367711e-01 -7.059957e-01
    outer loop
      vertex -7.349171e+01  1.467125e+01  1.550000e+01
      vertex -7.569722e+01  1.589713e+01  1.300000e+01
      vertex -7.531741e+01  1.638193e+01  1.300000e+01
    endloop
  endfacet
  facet normal  4.999431e-01 -4.999387e-01 -7.071904e-01
    outer loop
      vertex -7.349171e+01  1.467125e+01  1.550000e+01
      vertex -7.531741e+01  1.638193e+01  1.300000e+01
      vertex -7.317125e+01  1.499172e+01  1.550000e+01
    endloop
  endfacet
  facet normal  4.999421e-01 -4.999399e-01 -7.071902e-01
    outer loop
      vertex -7.317125e+01  1.499172e+01  1.550000e+01
      vertex -7.531741e+01  1.638193e+01  1.300000e+01
      vertex -7.488193e+01  1.681741e+01  1.300000e+01
    endloop
  endfacet
  facet normal  6.061938e-01 -3.664522e-01 -7.058625e-01
    outer loop
      vertex -7.375166e+01  1.430000e+01  1.550000e+01
      vertex -7.601582e+01  1.537009e+01  1.300000e+01
      vertex -7.569722e+01  1.589713e+01  1.300000e+01
    endloop
  endfacet
  facet normal  5.780969e-01 -4.047856e-01 -7.084862e-01
    outer loop
      vertex -7.375166e+01  1.430000e+01  1.550000e+01
      vertex -7.569722e+01  1.589713e+01  1.300000e+01
      vertex -7.349171e+01  1.467125e+01  1.550000e+01
    endloop
  endfacet
  facet normal  6.759587e-01 -2.106365e-01 -7.061955e-01
    outer loop
      vertex -7.394320e+01  1.388925e+01  1.550000e+01
      vertex -7.645181e+01  1.422051e+01  1.300000e+01
      vertex -7.626859e+01  1.480849e+01  1.300000e+01
    endloop
  endfacet
  facet normal  6.413687e-01 -2.990770e-01 -7.065403e-01
    outer loop
      vertex -7.394320e+01  1.388925e+01  1.550000e+01
      vertex -7.626859e+01  1.480849e+01  1.300000e+01
      vertex -7.375166e+01  1.430000e+01  1.550000e+01
    endloop
  endfacet
  facet normal  6.443102e-01 -2.899858e-01 -7.076529e-01
    outer loop
      vertex -7.375166e+01  1.430000e+01  1.550000e+01
      vertex -7.626859e+01  1.480849e+01  1.300000e+01
      vertex -7.601582e+01  1.537009e+01  1.300000e+01
    endloop
  endfacet
  facet normal  6.968127e-01 -1.276909e-01 -7.057953e-01
    outer loop
      vertex -7.406050e+01  1.345149e+01  1.550000e+01
      vertex -7.656281e+01  1.361474e+01  1.300000e+01
      vertex -7.645181e+01  1.422051e+01  1.300000e+01
    endloop
  endfacet
  facet normal  6.818023e-01 -1.826925e-01 -7.083566e-01
    outer loop
      vertex -7.406050e+01  1.345149e+01  1.550000e+01
      vertex -7.645181e+01  1.422051e+01  1.300000e+01
      vertex -7.394320e+01  1.388925e+01  1.550000e+01
    endloop
  endfacet
  facet normal  4.273397e-02 -7.064608e-01 -7.064608e-01
    outer loop
      vertex -7.150000e+01  1.560000e+01  1.550000e+01
      vertex -7.211474e+01  1.806281e+01  1.300000e+01
      vertex -7.150000e+01  1.810000e+01  1.300000e+01
    endloop
  endfacet
  facet normal  8.715671e-02 -9.961946e-01  0.000000e+00
    outer loop
      vertex  7.350000e+01 -1.040000e+01 -2.050000e+01
      vertex  7.304852e+01 -1.043950e+01 -1.300000e+01
      vertex  7.304852e+01 -1.043950e+01 -2.050000e+01
    endloop
  endfacet
  facet normal  2.588185e-01 -9.659259e-01  0.000000e+00
    outer loop
      vertex  7.304852e+01 -1.043950e+01 -2.050000e+01
      vertex  7.304852e+01 -1.043950e+01 -1.300000e+01
      vertex  7.261075e+01 -1.055680e+01 -1.300000e+01
    endloop
  endfacet
  facet normal  2.588185e-01 -9.659259e-01  0.000000e+00
    outer loop
      vertex  7.304852e+01 -1.043950e+01 -2.050000e+01
      vertex  7.261075e+01 -1.055680e+01 -1.300000e+01
      vertex  7.261075e+01 -1.055680e+01 -2.050000e+01
    endloop
  endfacet
  facet normal  4.226155e-01 -9.063090e-01  0.000000e+00
    outer loop
      vertex  7.261075e+01 -1.055680e+01 -2.050000e+01
      vertex  7.261075e+01 -1.055680e+01 -1.300000e+01
      vertex  7.220000e+01 -1.074833e+01 -1.300000e+01
    endloop
  endfacet
  facet normal  4.226155e-01 -9.063090e-01  0.000000e+00
    outer loop
      vertex  7.261075e+01 -1.055680e+01 -2.050000e+01
      vertex  7.220000e+01 -1.074833e+01 -1.300000e+01
      vertex  7.220000e+01 -1.074833e+01 -2.050000e+01
    endloop
  endfacet
  facet normal  5.735781e-01 -8.191508e-01  0.000000e+00
    outer loop
      vertex  7.220000e+01 -1.074833e+01 -2.050000e+01
      vertex  7.220000e+01 -1.074833e+01 -1.300000e+01
      vertex  7.182875e+01 -1.100828e+01 -1.300000e+01
    endloop
  endfacet
  facet normal  5.735781e-01 -8.191508e-01  0.000000e+00
    outer loop
      vertex  7.220000e+01 -1.074833e+01 -2.050000e+01
      vertex  7.182875e+01 -1.100828e+01 -1.300000e+01
      vertex  7.182875e+01 -1.100828e+01 -2.050000e+01
    endloop
  endfacet
  facet normal  7.071100e-01 -7.071037e-01  0.000000e+00
    outer loop
      vertex  7.182875e+01 -1.100828e+01 -2.050000e+01
      vertex  7.182875e+01 -1.100828e+01 -1.300000e+01
      vertex  7.150829e+01 -1.132875e+01 -1.300000e+01
    endloop
  endfacet
  facet normal  7.071100e-01 -7.071037e-01  0.000000e+00
    outer loop
      vertex  7.182875e+01 -1.100828e+01 -2.050000e+01
      vertex  7.150829e+01 -1.132875e+01 -1.300000e+01
      vertex  7.150829e+01 -1.132875e+01 -2.050000e+01
    endloop
  endfacet
  facet normal  8.191535e-01 -5.735743e-01  0.000000e+00
    outer loop
      vertex  7.150829e+01 -1.132875e+01 -2.050000e+01
      vertex  7.150829e+01 -1.132875e+01 -1.300000e+01
      vertex  7.124834e+01 -1.170000e+01 -1.300000e+01
    endloop
  endfacet
  facet normal  8.191535e-01 -5.735743e-01  0.000000e+00
    outer loop
      vertex  7.150829e+01 -1.132875e+01 -2.050000e+01
      vertex  7.124834e+01 -1.170000e+01 -1.300000e+01
      vertex  7.124834e+01 -1.170000e+01 -2.050000e+01
    endloop
  endfacet
  facet normal  9.063068e-01 -4.226205e-01  0.000000e+00
    outer loop
      vertex  7.124834e+01 -1.170000e+01 -2.050000e+01
      vertex  7.124834e+01 -1.170000e+01 -1.300000e+01
      vertex  7.105680e+01 -1.211075e+01 -1.300000e+01
    endloop
  endfacet
  facet normal  9.063068e-01 -4.226205e-01  0.000000e+00
    outer loop
      vertex  7.124834e+01 -1.170000e+01 -2.050000e+01
      vertex  7.105680e+01 -1.211075e+01 -1.300000e+01
      vertex  7.105680e+01 -1.211075e+01 -2.050000e+01
    endloop
  endfacet
  facet normal  9.659243e-01 -2.588244e-01  0.000000e+00
    outer loop
      vertex  7.105680e+01 -1.211075e+01 -2.050000e+01
      vertex  7.105680e+01 -1.211075e+01 -1.300000e+01
      vertex  7.093950e+01 -1.254851e+01 -1.300000e+01
    endloop
  endfacet
  facet normal  9.659243e-01 -2.588244e-01  0.000000e+00
    outer loop
      vertex  7.105680e+01 -1.211075e+01 -2.050000e+01
      vertex  7.093950e+01 -1.254851e+01 -1.300000e+01
      vertex  7.093950e+01 -1.254851e+01 -2.050000e+01
    endloop
  endfacet
  facet normal  9.961951e-01 -8.715026e-02  0.000000e+00
    outer loop
      vertex  7.093950e+01 -1.254851e+01 -2.050000e+01
      vertex  7.093950e+01 -1.254851e+01 -1.300000e+01
      vertex  7.090000e+01 -1.300000e+01 -1.300000e+01
    endloop
  endfacet
  facet normal  9.961951e-01 -8.715026e-02  0.000000e+00
    outer loop
      vertex  7.093950e+01 -1.254851e+01 -2.050000e+01
      vertex  7.090000e+01 -1.300000e+01 -1.300000e+01
      vertex  7.090000e+01 -1.300000e+01 -2.050000e+01
    endloop
  endfacet
  facet normal  8.715671e-02 -9.961946e-01  0.000000e+00
    outer loop
      vertex  7.304852e+01 -1.043950e+01 -1.300000e+01
      vertex  7.350000e+01 -1.040000e+01 -2.050000e+01
      vertex  7.350000e+01 -1.040000e+01 -1.300000e+01
    endloop
  endfacet
  facet normal -8.715671e-02 -9.961946e-01  -0.000000e+00
    outer loop
      vertex  7.350000e+01 -1.040000e+01 -1.300000e+01
      vertex  7.350000e+01 -1.040000e+01 -2.050000e+01
      vertex  7.395148e+01 -1.043950e+01 -2.050000e+01
    endloop
  endfacet
  facet normal -8.715671e-02 -9.961946e-01  0.000000e+00
    outer loop
      vertex  7.350000e+01 -1.040000e+01 -1.300000e+01
      vertex  7.395148e+01 -1.043950e+01 -2.050000e+01
      vertex  7.395148e+01 -1.043950e+01 -1.300000e+01
    endloop
  endfacet
  facet normal -2.588185e-01 -9.659259e-01  -0.000000e+00
    outer loop
      vertex  7.395148e+01 -1.043950e+01 -1.300000e+01
      vertex  7.395148e+01 -1.043950e+01 -2.050000e+01
      vertex  7.438925e+01 -1.055680e+01 -2.050000e+01
    endloop
  endfacet
  facet normal -2.588185e-01 -9.659259e-01  0.000000e+00
    outer loop
      vertex  7.395148e+01 -1.043950e+01 -1.300000e+01
      vertex  7.438925e+01 -1.055680e+01 -2.050000e+01
      vertex  7.438925e+01 -1.055680e+01 -1.300000e+01
    endloop
  endfacet
  facet normal -4.226155e-01 -9.063090e-01  -0.000000e+00
    outer loop
      vertex  7.438925e+01 -1.055680e+01 -1.300000e+01
      vertex  7.438925e+01 -1.055680e+01 -2.050000e+01
      vertex  7.480000e+01 -1.074833e+01 -2.050000e+01
    endloop
  endfacet
  facet normal -4.226155e-01 -9.063090e-01  0.000000e+00
    outer loop
      vertex  7.438925e+01 -1.055680e+01 -1.300000e+01
      vertex  7.480000e+01 -1.074833e+01 -2.050000e+01
      vertex  7.480000e+01 -1.074833e+01 -1.300000e+01
    endloop
  endfacet
  facet normal -5.735781e-01 -8.191508e-01  -0.000000e+00
    outer loop
      vertex  7.480000e+01 -1.074833e+01 -1.300000e+01
      vertex  7.480000e+01 -1.074833e+01 -2.050000e+01
      vertex  7.517125e+01 -1.100828e+01 -2.050000e+01
    endloop
  endfacet
  facet normal -5.735781e-01 -8.191508e-01  0.000000e+00
    outer loop
      vertex  7.480000e+01 -1.074833e+01 -1.300000e+01
      vertex  7.517125e+01 -1.100828e+01 -2.050000e+01
      vertex  7.517125e+01 -1.100828e+01 -1.300000e+01
    endloop
  endfacet
  facet normal -7.071100e-01 -7.071037e-01  -0.000000e+00
    outer loop
      vertex  7.517125e+01 -1.100828e+01 -1.300000e+01
      vertex  7.517125e+01 -1.100828e+01 -2.050000e+01
      vertex  7.549171e+01 -1.132875e+01 -2.050000e+01
    endloop
  endfacet
  facet normal -7.071100e-01 -7.071037e-01  0.000000e+00
    outer loop
      vertex  7.517125e+01 -1.100828e+01 -1.300000e+01
      vertex  7.549171e+01 -1.132875e+01 -2.050000e+01
      vertex  7.549171e+01 -1.132875e+01 -1.300000e+01
    endloop
  endfacet
  facet normal -8.191535e-01 -5.735743e-01  -0.000000e+00
    outer loop
      vertex  7.549171e+01 -1.132875e+01 -1.300000e+01
      vertex  7.549171e+01 -1.132875e+01 -2.050000e+01
      vertex  7.575166e+01 -1.170000e+01 -2.050000e+01
    endloop
  endfacet
  facet normal -8.191535e-01 -5.735743e-01  0.000000e+00
    outer loop
      vertex  7.549171e+01 -1.132875e+01 -1.300000e+01
      vertex  7.575166e+01 -1.170000e+01 -2.050000e+01
      vertex  7.575166e+01 -1.170000e+01 -1.300000e+01
    endloop
  endfacet
  facet normal -9.063068e-01 -4.226205e-01  -0.000000e+00
    outer loop
      vertex  7.575166e+01 -1.170000e+01 -1.300000e+01
      vertex  7.575166e+01 -1.170000e+01 -2.050000e+01
      vertex  7.594320e+01 -1.211075e+01 -2.050000e+01
    endloop
  endfacet
  facet normal -9.063068e-01 -4.226205e-01  0.000000e+00
    outer loop
      vertex  7.575166e+01 -1.170000e+01 -1.300000e+01
      vertex  7.594320e+01 -1.211075e+01 -2.050000e+01
      vertex  7.594320e+01 -1.211075e+01 -1.300000e+01
    endloop
  endfacet
  facet normal -9.659243e-01 -2.588244e-01  -0.000000e+00
    outer loop
      vertex  7.594320e+01 -1.211075e+01 -1.300000e+01
      vertex  7.594320e+01 -1.211075e+01 -2.050000e+01
      vertex  7.606050e+01 -1.254851e+01 -2.050000e+01
    endloop
  endfacet
  facet normal -9.659243e-01 -2.588244e-01  0.000000e+00
    outer loop
      vertex  7.594320e+01 -1.211075e+01 -1.300000e+01
      vertex  7.606050e+01 -1.254851e+01 -2.050000e+01
      vertex  7.606050e+01 -1.254851e+01 -1.300000e+01
    endloop
  endfacet
  facet normal -9.961951e-01 -8.715026e-02  -0.000000e+00
    outer loop
      vertex  7.606050e+01 -1.254851e+01 -1.300000e+01
      vertex  7.606050e+01 -1.254851e+01 -2.050000e+01
      vertex  7.610000e+01 -1.300000e+01 -2.050000e+01
    endloop
  endfacet
  facet normal -9.961951e-01 -8.715026e-02  0.000000e+00
    outer loop
      vertex  7.606050e+01 -1.254851e+01 -1.300000e+01
      vertex  7.610000e+01 -1.300000e+01 -2.050000e+01
      vertex  7.610000e+01 -1.300000e+01 -1.300000e+01
    endloop
  endfacet
  facet normal -8.715671e-02  9.961946e-01  0.000000e+00
    outer loop
      vertex  7.350000e+01 -1.560000e+01 -2.050000e+01
      vertex  7.395148e+01 -1.556050e+01 -1.300000e+01
      vertex  7.395148e+01 -1.556050e+01 -2.050000e+01
    endloop
  endfacet
  facet normal -2.588185e-01  9.659259e-01  0.000000e+00
    outer loop
      vertex  7.395148e+01 -1.556050e+01 -2.050000e+01
      vertex  7.395148e+01 -1.556050e+01 -1.300000e+01
      vertex  7.438925e+01 -1.544320e+01 -1.300000e+01
    endloop
  endfacet
  facet normal -2.588185e-01  9.659259e-01  0.000000e+00
    outer loop
      vertex  7.395148e+01 -1.556050e+01 -2.050000e+01
      vertex  7.438925e+01 -1.544320e+01 -1.300000e+01
      vertex  7.438925e+01 -1.544320e+01 -2.050000e+01
    endloop
  endfacet
  facet normal -4.226155e-01  9.063090e-01  0.000000e+00
    outer loop
      vertex  7.438925e+01 -1.544320e+01 -2.050000e+01
      vertex  7.438925e+01 -1.544320e+01 -1.300000e+01
      vertex  7.480000e+01 -1.525167e+01 -1.300000e+01
    endloop
  endfacet
  facet normal -4.226155e-01  9.063090e-01  0.000000e+00
    outer loop
      vertex  7.438925e+01 -1.544320e+01 -2.050000e+01
      vertex  7.480000e+01 -1.525167e+01 -1.300000e+01
      vertex  7.480000e+01 -1.525167e+01 -2.050000e+01
    endloop
  endfacet
  facet normal -5.735781e-01  8.191508e-01  0.000000e+00
    outer loop
      vertex  7.480000e+01 -1.525167e+01 -2.050000e+01
      vertex  7.480000e+01 -1.525167e+01 -1.300000e+01
      vertex  7.517125e+01 -1.499172e+01 -1.300000e+01
    endloop
  endfacet
  facet normal -5.735781e-01  8.191508e-01  0.000000e+00
    outer loop
      vertex  7.480000e+01 -1.525167e+01 -2.050000e+01
      vertex  7.517125e+01 -1.499172e+01 -1.300000e+01
      vertex  7.517125e+01 -1.499172e+01 -2.050000e+01
    endloop
  endfacet
  facet normal -7.071100e-01  7.071037e-01  0.000000e+00
    outer loop
      vertex  7.517125e+01 -1.499172e+01 -2.050000e+01
      vertex  7.517125e+01 -1.499172e+01 -1.300000e+01
      vertex  7.549171e+01 -1.467125e+01 -1.300000e+01
    endloop
  endfacet
  facet normal -7.071100e-01  7.071037e-01  0.000000e+00
    outer loop
      vertex  7.517125e+01 -1.499172e+01 -2.050000e+01
      vertex  7.549171e+01 -1.467125e+01 -1.300000e+01
      vertex  7.549171e+01 -1.467125e+01 -2.050000e+01
    endloop
  endfacet
  facet normal -8.191535e-01  5.735743e-01  0.000000e+00
    outer loop
      vertex  7.549171e+01 -1.467125e+01 -2.050000e+01
      vertex  7.549171e+01 -1.467125e+01 -1.300000e+01
      vertex  7.575166e+01 -1.430000e+01 -1.300000e+01
    endloop
  endfacet
  facet normal -8.191535e-01  5.735743e-01  0.000000e+00
    outer loop
      vertex  7.549171e+01 -1.467125e+01 -2.050000e+01
      vertex  7.575166e+01 -1.430000e+01 -1.300000e+01
      vertex  7.575166e+01 -1.430000e+01 -2.050000e+01
    endloop
  endfacet
  facet normal -9.063068e-01  4.226205e-01  0.000000e+00
    outer loop
      vertex  7.575166e+01 -1.430000e+01 -2.050000e+01
      vertex  7.575166e+01 -1.430000e+01 -1.300000e+01
      vertex  7.594320e+01 -1.388925e+01 -1.300000e+01
    endloop
  endfacet
  facet normal -9.063068e-01  4.226205e-01  0.000000e+00
    outer loop
      vertex  7.575166e+01 -1.430000e+01 -2.050000e+01
      vertex  7.594320e+01 -1.388925e+01 -1.300000e+01
      vertex  7.594320e+01 -1.388925e+01 -2.050000e+01
    endloop
  endfacet
  facet normal -9.659243e-01  2.588244e-01  0.000000e+00
    outer loop
      vertex  7.594320e+01 -1.388925e+01 -2.050000e+01
      vertex  7.594320e+01 -1.388925e+01 -1.300000e+01
      vertex  7.606050e+01 -1.345149e+01 -1.300000e+01
    endloop
  endfacet
  facet normal -9.659243e-01  2.588244e-01  0.000000e+00
    outer loop
      vertex  7.594320e+01 -1.388925e+01 -2.050000e+01
      vertex  7.606050e+01 -1.345149e+01 -1.300000e+01
      vertex  7.606050e+01 -1.345149e+01 -2.050000e+01
    endloop
  endfacet
  facet normal -9.961951e-01  8.715026e-02  0.000000e+00
    outer loop
      vertex  7.606050e+01 -1.345149e+01 -2.050000e+01
      vertex  7.606050e+01 -1.345149e+01 -1.300000e+01
      vertex  7.610000e+01 -1.300000e+01 -1.300000e+01
    endloop
  endfacet
  facet normal -9.961951e-01  8.715026e-02  0.000000e+00
    outer loop
      vertex  7.606050e+01 -1.345149e+01 -2.050000e+01
      vertex  7.610000e+01 -1.300000e+01 -1.300000e+01
      vertex  7.610000e+01 -1.300000e+01 -2.050000e+01
    endloop
  endfacet
  facet normal -8.715671e-02  9.961946e-01  0.000000e+00
    outer loop
      vertex  7.395148e+01 -1.556050e+01 -1.300000e+01
      vertex  7.350000e+01 -1.560000e+01 -2.050000e+01
      vertex  7.350000e+01 -1.560000e+01 -1.300000e+01
    endloop
  endfacet
  facet normal  8.715671e-02  9.961946e-01  0.000000e+00
    outer loop
      vertex  7.350000e+01 -1.560000e+01 -1.300000e+01
      vertex  7.350000e+01 -1.560000e+01 -2.050000e+01
      vertex  7.304852e+01 -1.556050e+01 -2.050000e+01
    endloop
  endfacet
  facet normal  8.715671e-02  9.961946e-01  -0.000000e+00
    outer loop
      vertex  7.350000e+01 -1.560000e+01 -1.300000e+01
      vertex  7.304852e+01 -1.556050e+01 -2.050000e+01
      vertex  7.304852e+01 -1.556050e+01 -1.300000e+01
    endloop
  endfacet
  facet normal  2.588185e-01  9.659259e-01  0.000000e+00
    outer loop
      vertex  7.304852e+01 -1.556050e+01 -1.300000e+01
      vertex  7.304852e+01 -1.556050e+01 -2.050000e+01
      vertex  7.261075e+01 -1.544320e+01 -2.050000e+01
    endloop
  endfacet
  facet normal  2.588185e-01  9.659259e-01  -0.000000e+00
    outer loop
      vertex  7.304852e+01 -1.556050e+01 -1.300000e+01
      vertex  7.261075e+01 -1.544320e+01 -2.050000e+01
      vertex  7.261075e+01 -1.544320e+01 -1.300000e+01
    endloop
  endfacet
  facet normal  4.226155e-01  9.063090e-01  0.000000e+00
    outer loop
      vertex  7.261075e+01 -1.544320e+01 -1.300000e+01
      vertex  7.261075e+01 -1.544320e+01 -2.050000e+01
      vertex  7.220000e+01 -1.525167e+01 -2.050000e+01
    endloop
  endfacet
  facet normal  4.226155e-01  9.063090e-01  -0.000000e+00
    outer loop
      vertex  7.261075e+01 -1.544320e+01 -1.300000e+01
      vertex  7.220000e+01 -1.525167e+01 -2.050000e+01
      vertex  7.220000e+01 -1.525167e+01 -1.300000e+01
    endloop
  endfacet
  facet normal  5.735781e-01  8.191508e-01  0.000000e+00
    outer loop
      vertex  7.220000e+01 -1.525167e+01 -1.300000e+01
      vertex  7.220000e+01 -1.525167e+01 -2.050000e+01
      vertex  7.182875e+01 -1.499172e+01 -2.050000e+01
    endloop
  endfacet
  facet normal  5.735781e-01  8.191508e-01  -0.000000e+00
    outer loop
      vertex  7.220000e+01 -1.525167e+01 -1.300000e+01
      vertex  7.182875e+01 -1.499172e+01 -2.050000e+01
      vertex  7.182875e+01 -1.499172e+01 -1.300000e+01
    endloop
  endfacet
  facet normal  7.071100e-01  7.071037e-01  0.000000e+00
    outer loop
      vertex  7.182875e+01 -1.499172e+01 -1.300000e+01
      vertex  7.182875e+01 -1.499172e+01 -2.050000e+01
      vertex  7.150829e+01 -1.467125e+01 -2.050000e+01
    endloop
  endfacet
  facet normal  7.071100e-01  7.071037e-01  -0.000000e+00
    outer loop
      vertex  7.182875e+01 -1.499172e+01 -1.300000e+01
      vertex  7.150829e+01 -1.467125e+01 -2.050000e+01
      vertex  7.150829e+01 -1.467125e+01 -1.300000e+01
    endloop
  endfacet
  facet normal  8.191535e-01  5.735743e-01  0.000000e+00
    outer loop
      vertex  7.150829e+01 -1.467125e+01 -1.300000e+01
      vertex  7.150829e+01 -1.467125e+01 -2.050000e+01
      vertex  7.124834e+01 -1.430000e+01 -2.050000e+01
    endloop
  endfacet
  facet normal  8.191535e-01  5.735743e-01  -0.000000e+00
    outer loop
      vertex  7.150829e+01 -1.467125e+01 -1.300000e+01
      vertex  7.124834e+01 -1.430000e+01 -2.050000e+01
      vertex  7.124834e+01 -1.430000e+01 -1.300000e+01
    endloop
  endfacet
  facet normal  9.063068e-01  4.226205e-01  0.000000e+00
    outer loop
      vertex  7.124834e+01 -1.430000e+01 -1.300000e+01
      vertex  7.124834e+01 -1.430000e+01 -2.050000e+01
      vertex  7.105680e+01 -1.388925e+01 -2.050000e+01
    endloop
  endfacet
  facet normal  9.063068e-01  4.226205e-01  -0.000000e+00
    outer loop
      vertex  7.124834e+01 -1.430000e+01 -1.300000e+01
      vertex  7.105680e+01 -1.388925e+01 -2.050000e+01
      vertex  7.105680e+01 -1.388925e+01 -1.300000e+01
    endloop
  endfacet
  facet normal  9.659243e-01  2.588244e-01  0.000000e+00
    outer loop
      vertex  7.105680e+01 -1.388925e+01 -1.300000e+01
      vertex  7.105680e+01 -1.388925e+01 -2.050000e+01
      vertex  7.093950e+01 -1.345149e+01 -2.050000e+01
    endloop
  endfacet
  facet normal  9.659243e-01  2.588244e-01  -0.000000e+00
    outer loop
      vertex  7.105680e+01 -1.388925e+01 -1.300000e+01
      vertex  7.093950e+01 -1.345149e+01 -2.050000e+01
      vertex  7.093950e+01 -1.345149e+01 -1.300000e+01
    endloop
  endfacet
  facet normal  9.961951e-01  8.715026e-02  0.000000e+00
    outer loop
      vertex  7.093950e+01 -1.345149e+01 -1.300000e+01
      vertex  7.093950e+01 -1.345149e+01 -2.050000e+01
      vertex  7.090000e+01 -1.300000e+01 -2.050000e+01
    endloop
  endfacet
  facet normal  9.961951e-01  8.715026e-02  -0.000000e+00
    outer loop
      vertex  7.093950e+01 -1.345149e+01 -1.300000e+01
      vertex  7.090000e+01 -1.300000e+01 -2.050000e+01
      vertex  7.090000e+01 -1.300000e+01 -1.300000e+01
    endloop
  endfacet
  facet normal  7.064608e-01 -4.273404e-02 -7.064608e-01
    outer loop
      vertex  6.840000e+01 -1.300000e+01 -2.300000e+01
      vertex  6.843719e+01 -1.238526e+01 -2.300000e+01
      vertex  7.090000e+01 -1.300000e+01 -2.050000e+01
    endloop
  endfacet
  facet normal  7.034283e-01 -6.153811e-02 -7.080973e-01
    outer loop
      vertex  6.843719e+01 -1.238526e+01 -2.300000e+01
      vertex  7.093950e+01 -1.254851e+01 -2.050000e+01
      vertex  7.090000e+01 -1.300000e+01 -2.050000e+01
    endloop
  endfacet
  facet normal -7.034283e-01 -6.153811e-02 -7.080973e-01
    outer loop
      vertex  7.606050e+01 -1.254851e+01 -2.050000e+01
      vertex  7.856281e+01 -1.238526e+01 -2.300000e+01
      vertex  7.610000e+01 -1.300000e+01 -2.050000e+01
    endloop
  endfacet
  facet normal -7.064608e-01 -4.273404e-02 -7.064608e-01
    outer loop
      vertex  7.856281e+01 -1.238526e+01 -2.300000e+01
      vertex  7.860000e+01 -1.300000e+01 -2.300000e+01
      vertex  7.610000e+01 -1.300000e+01 -2.050000e+01
    endloop
  endfacet
  facet normal  6.968127e-01 -1.276909e-01 -7.057953e-01
    outer loop
      vertex  6.843719e+01 -1.238526e+01 -2.300000e+01
      vertex  6.854819e+01 -1.177949e+01 -2.300000e+01
      vertex  7.093950e+01 -1.254851e+01 -2.050000e+01
    endloop
  endfacet
  facet normal  6.759587e-01 -2.106365e-01 -7.061955e-01
    outer loop
      vertex  6.854819e+01 -1.177949e+01 -2.300000e+01
      vertex  6.873141e+01 -1.119151e+01 -2.300000e+01
      vertex  7.105680e+01 -1.211075e+01 -2.050000e+01
    endloop
  endfacet
  facet normal  6.818023e-01 -1.826925e-01 -7.083566e-01
    outer loop
      vertex  7.093950e+01 -1.254851e+01 -2.050000e+01
      vertex  6.854819e+01 -1.177949e+01 -2.300000e+01
      vertex  7.105680e+01 -1.211075e+01 -2.050000e+01
    endloop
  endfacet
  facet normal  6.061938e-01 -3.664522e-01 -7.058625e-01
    outer loop
      vertex  6.898418e+01 -1.062991e+01 -2.300000e+01
      vertex  6.930278e+01 -1.010287e+01 -2.300000e+01
      vertex  7.124834e+01 -1.170000e+01 -2.050000e+01
    endloop
  endfacet
  facet normal  6.403093e-01 -2.985830e-01 -7.077093e-01
    outer loop
      vertex  7.105680e+01 -1.211075e+01 -2.050000e+01
      vertex  6.898418e+01 -1.062991e+01 -2.300000e+01
      vertex  7.124834e+01 -1.170000e+01 -2.050000e+01
    endloop
  endfacet
  facet normal  6.450945e-01 -2.903388e-01 -7.067930e-01
    outer loop
      vertex  6.873141e+01 -1.119151e+01 -2.300000e+01
      vertex  6.898418e+01 -1.062991e+01 -2.300000e+01
      vertex  7.105680e+01 -1.211075e+01 -2.050000e+01
    endloop
  endfacet
  facet normal  5.574955e-01 -4.367711e-01 -7.059957e-01
    outer loop
      vertex  6.930278e+01 -1.010287e+01 -2.300000e+01
      vertex  6.968259e+01 -9.618074e+00 -2.300000e+01
      vertex  7.150829e+01 -1.132875e+01 -2.050000e+01
    endloop
  endfacet
  facet normal  5.780969e-01 -4.047856e-01 -7.084862e-01
    outer loop
      vertex  7.124834e+01 -1.170000e+01 -2.050000e+01
      vertex  6.930278e+01 -1.010287e+01 -2.300000e+01
      vertex  7.150829e+01 -1.132875e+01 -2.050000e+01
    endloop
  endfacet
  facet normal  4.367710e-01 -5.574957e-01 -7.059954e-01
    outer loop
      vertex  7.011807e+01 -9.182595e+00 -2.300000e+01
      vertex  7.060287e+01 -8.802782e+00 -2.300000e+01
      vertex  7.182875e+01 -1.100828e+01 -2.050000e+01
    endloop
  endfacet
  facet normal  4.999433e-01 -4.999389e-01 -7.071901e-01
    outer loop
      vertex  7.150829e+01 -1.132875e+01 -2.050000e+01
      vertex  7.011807e+01 -9.182595e+00 -2.300000e+01
      vertex  7.182875e+01 -1.100828e+01 -2.050000e+01
    endloop
  endfacet
  facet normal  4.999415e-01 -4.999404e-01 -7.071904e-01
    outer loop
      vertex  6.968259e+01 -9.618074e+00 -2.300000e+01
      vertex  7.011807e+01 -9.182595e+00 -2.300000e+01
      vertex  7.150829e+01 -1.132875e+01 -2.050000e+01
    endloop
  endfacet
  facet normal  3.664533e-01 -6.061938e-01 -7.058619e-01
    outer loop
      vertex  7.060287e+01 -8.802782e+00 -2.300000e+01
      vertex  7.112991e+01 -8.484175e+00 -2.300000e+01
      vertex  7.220000e+01 -1.074833e+01 -2.050000e+01
    endloop
  endfacet
  facet normal  4.047885e-01 -5.780954e-01 -7.084857e-01
    outer loop
      vertex  7.182875e+01 -1.100828e+01 -2.050000e+01
      vertex  7.060287e+01 -8.802782e+00 -2.300000e+01
      vertex  7.220000e+01 -1.074833e+01 -2.050000e+01
    endloop
  endfacet
  facet normal  2.106369e-01 -6.759591e-01 -7.061952e-01
    outer loop
      vertex  7.169151e+01 -8.231417e+00 -2.300000e+01
      vertex  7.227949e+01 -8.048197e+00 -2.300000e+01
      vertex  7.261075e+01 -1.055680e+01 -2.050000e+01
    endloop
  endfacet
  facet normal  2.990736e-01 -6.413704e-01 -7.065400e-01
    outer loop
      vertex  7.220000e+01 -1.074833e+01 -2.050000e+01
      vertex  7.169151e+01 -8.231417e+00 -2.300000e+01
      vertex  7.261075e+01 -1.055680e+01 -2.050000e+01
    endloop
  endfacet
  facet normal  2.899840e-01 -6.443115e-01 -7.076524e-01
    outer loop
      vertex  7.112991e+01 -8.484175e+00 -2.300000e+01
      vertex  7.169151e+01 -8.231417e+00 -2.300000e+01
      vertex  7.220000e+01 -1.074833e+01 -2.050000e+01
    endloop
  endfacet
  facet normal  1.276952e-01 -6.968117e-01 -7.057956e-01
    outer loop
      vertex  7.227949e+01 -8.048197e+00 -2.300000e+01
      vertex  7.288526e+01 -7.937185e+00 -2.300000e+01
      vertex  7.304852e+01 -1.043950e+01 -2.050000e+01
    endloop
  endfacet
  facet normal  1.826883e-01 -6.818035e-01 -7.083564e-01
    outer loop
      vertex  7.261075e+01 -1.055680e+01 -2.050000e+01
      vertex  7.227949e+01 -8.048197e+00 -2.300000e+01
      vertex  7.304852e+01 -1.043950e+01 -2.050000e+01
    endloop
  endfacet
  facet normal  4.273288e-02 -7.064609e-01 -7.064608e-01
    outer loop
      vertex  7.288526e+01 -7.937185e+00 -2.300000e+01
      vertex  7.350000e+01 -7.900000e+00 -2.300000e+01
      vertex  7.350000e+01 -1.040000e+01 -2.050000e+01
    endloop
  endfacet
  facet normal  6.154292e-02 -7.034274e-01 -7.080976e-01
    outer loop
      vertex  7.304852e+01 -1.043950e+01 -2.050000e+01
      vertex  7.288526e+01 -7.937185e+00 -2.300000e+01
      vertex  7.350000e+01 -1.040000e+01 -2.050000e+01
    endloop
  endfacet
  facet normal -1.276952e-01 -6.968117e-01 -7.057956e-01
    outer loop
      vertex  7.411474e+01 -7.937185e+00 -2.300000e+01
      vertex  7.472051e+01 -8.048197e+00 -2.300000e+01
      vertex  7.395148e+01 -1.043950e+01 -2.050000e+01
    endloop
  endfacet
  facet normal -6.154292e-02 -7.034274e-01 -7.080976e-01
    outer loop
      vertex  7.350000e+01 -1.040000e+01 -2.050000e+01
      vertex  7.411474e+01 -7.937185e+00 -2.300000e+01
      vertex  7.395148e+01 -1.043950e+01 -2.050000e+01
    endloop
  endfacet
  facet normal -2.106369e-01 -6.759589e-01 -7.061951e-01
    outer loop
      vertex  7.472051e+01 -8.048197e+00 -2.300000e+01
      vertex  7.530849e+01 -8.231417e+00 -2.300000e+01
      vertex  7.438925e+01 -1.055680e+01 -2.050000e+01
    endloop
  endfacet
  facet normal -1.826883e-01 -6.818035e-01 -7.083564e-01
    outer loop
      vertex  7.395148e+01 -1.043950e+01 -2.050000e+01
      vertex  7.472051e+01 -8.048197e+00 -2.300000e+01
      vertex  7.438925e+01 -1.055680e+01 -2.050000e+01
    endloop
  endfacet
  facet normal -3.664532e-01 -6.061938e-01 -7.058619e-01
    outer loop
      vertex  7.587009e+01 -8.484175e+00 -2.300000e+01
      vertex  7.639713e+01 -8.802782e+00 -2.300000e+01
      vertex  7.480000e+01 -1.074833e+01 -2.050000e+01
    endloop
  endfacet
  facet normal -2.985797e-01 -6.403112e-01 -7.077087e-01
    outer loop
      vertex  7.438925e+01 -1.055680e+01 -2.050000e+01
      vertex  7.587009e+01 -8.484175e+00 -2.300000e+01
      vertex  7.480000e+01 -1.074833e+01 -2.050000e+01
    endloop
  endfacet
  facet normal -2.903369e-01 -6.450957e-01 -7.067928e-01
    outer loop
      vertex  7.530849e+01 -8.231417e+00 -2.300000e+01
      vertex  7.587009e+01 -8.484175e+00 -2.300000e+01
      vertex  7.438925e+01 -1.055680e+01 -2.050000e+01
    endloop
  endfacet
  facet normal -4.367710e-01 -5.574957e-01 -7.059954e-01
    outer loop
      vertex  7.639713e+01 -8.802782e+00 -2.300000e+01
      vertex  7.688193e+01 -9.182595e+00 -2.300000e+01
      vertex  7.517125e+01 -1.100828e+01 -2.050000e+01
    endloop
  endfacet
  facet normal -4.047885e-01 -5.780954e-01 -7.084857e-01
    outer loop
      vertex  7.480000e+01 -1.074833e+01 -2.050000e+01
      vertex  7.639713e+01 -8.802782e+00 -2.300000e+01
      vertex  7.517125e+01 -1.100828e+01 -2.050000e+01
    endloop
  endfacet
  facet normal -5.574955e-01 -4.367711e-01 -7.059957e-01
    outer loop
      vertex  7.731741e+01 -9.618074e+00 -2.300000e+01
      vertex  7.769722e+01 -1.010287e+01 -2.300000e+01
      vertex  7.549171e+01 -1.132875e+01 -2.050000e+01
    endloop
  endfacet
  facet normal -4.999431e-01 -4.999387e-01 -7.071904e-01
    outer loop
      vertex  7.517125e+01 -1.100828e+01 -2.050000e+01
      vertex  7.731741e+01 -9.618074e+00 -2.300000e+01
      vertex  7.549171e+01 -1.132875e+01 -2.050000e+01
    endloop
  endfacet
  facet normal -4.999416e-01 -4.999406e-01 -7.071902e-01
    outer loop
      vertex  7.688193e+01 -9.182595e+00 -2.300000e+01
      vertex  7.731741e+01 -9.618074e+00 -2.300000e+01
      vertex  7.517125e+01 -1.100828e+01 -2.050000e+01
    endloop
  endfacet
  facet normal -6.061938e-01 -3.664522e-01 -7.058625e-01
    outer loop
      vertex  7.769722e+01 -1.010287e+01 -2.300000e+01
      vertex  7.801582e+01 -1.062991e+01 -2.300000e+01
      vertex  7.575166e+01 -1.170000e+01 -2.050000e+01
    endloop
  endfacet
  facet normal -5.780969e-01 -4.047856e-01 -7.084862e-01
    outer loop
      vertex  7.549171e+01 -1.132875e+01 -2.050000e+01
      vertex  7.769722e+01 -1.010287e+01 -2.300000e+01
      vertex  7.575166e+01 -1.170000e+01 -2.050000e+01
    endloop
  endfacet
  facet normal -6.759587e-01 -2.106365e-01 -7.061955e-01
    outer loop
      vertex  7.826859e+01 -1.119151e+01 -2.300000e+01
      vertex  7.845181e+01 -1.177949e+01 -2.300000e+01
      vertex  7.594320e+01 -1.211075e+01 -2.050000e+01
    endloop
  endfacet
  facet normal -6.413687e-01 -2.990770e-01 -7.065403e-01
    outer loop
      vertex  7.575166e+01 -1.170000e+01 -2.050000e+01
      vertex  7.826859e+01 -1.119151e+01 -2.300000e+01
      vertex  7.594320e+01 -1.211075e+01 -2.050000e+01
    endloop
  endfacet
  facet normal -6.443102e-01 -2.899858e-01 -7.076529e-01
    outer loop
      vertex  7.801582e+01 -1.062991e+01 -2.300000e+01
      vertex  7.826859e+01 -1.119151e+01 -2.300000e+01
      vertex  7.575166e+01 -1.170000e+01 -2.050000e+01
    endloop
  endfacet
  facet normal -6.968127e-01 -1.276909e-01 -7.057953e-01
    outer loop
      vertex  7.845181e+01 -1.177949e+01 -2.300000e+01
      vertex  7.856281e+01 -1.238526e+01 -2.300000e+01
      vertex  7.606050e+01 -1.254851e+01 -2.050000e+01
    endloop
  endfacet
  facet normal -6.818023e-01 -1.826925e-01 -7.083566e-01
    outer loop
      vertex  7.594320e+01 -1.211075e+01 -2.050000e+01
      vertex  7.845181e+01 -1.177949e+01 -2.300000e+01
      vertex  7.606050e+01 -1.254851e+01 -2.050000e+01
    endloop
  endfacet
  facet normal -4.273288e-02 -7.064609e-01 -7.064608e-01
    outer loop
      vertex  7.350000e+01 -7.900000e+00 -2.300000e+01
      vertex  7.411474e+01 -7.937185e+00 -2.300000e+01
      vertex  7.350000e+01 -1.040000e+01 -2.050000e+01
    endloop
  endfacet
  facet normal -7.064608e-01  4.273404e-02 -7.064608e-01
    outer loop
      vertex  7.860000e+01 -1.300000e+01 -2.300000e+01
      vertex  7.856281e+01 -1.361474e+01 -2.300000e+01
      vertex  7.610000e+01 -1.300000e+01 -2.050000e+01
    endloop
  endfacet
  facet normal -7.034283e-01  6.153811e-02 -7.080973e-01
    outer loop
      vertex  7.856281e+01 -1.361474e+01 -2.300000e+01
      vertex  7.606050e+01 -1.345149e+01 -2.050000e+01
      vertex  7.610000e+01 -1.300000e+01 -2.050000e+01
    endloop
  endfacet
  facet normal  7.034283e-01  6.153811e-02 -7.080973e-01
    outer loop
      vertex  7.093950e+01 -1.345149e+01 -2.050000e+01
      vertex  6.843719e+01 -1.361474e+01 -2.300000e+01
      vertex  7.090000e+01 -1.300000e+01 -2.050000e+01
    endloop
  endfacet
  facet normal  7.064608e-01  4.273404e-02 -7.064608e-01
    outer loop
      vertex  6.843719e+01 -1.361474e+01 -2.300000e+01
      vertex  6.840000e+01 -1.300000e+01 -2.300000e+01
      vertex  7.090000e+01 -1.300000e+01 -2.050000e+01
    endloop
  endfacet
  facet normal -6.968127e-01  1.276909e-01 -7.057953e-01
    outer loop
      vertex  7.856281e+01 -1.361474e+01 -2.300000e+01
      vertex  7.845181e+01 -1.422051e+01 -2.300000e+01
      vertex  7.606050e+01 -1.345149e+01 -2.050000e+01
    endloop
  endfacet
  facet normal -6.759587e-01  2.106365e-01 -7.061955e-01
    outer loop
      vertex  7.845181e+01 -1.422051e+01 -2.300000e+01
      vertex  7.826859e+01 -1.480849e+01 -2.300000e+01
      vertex  7.594320e+01 -1.388925e+01 -2.050000e+01
    endloop
  endfacet
  facet normal -6.818023e-01  1.826925e-01 -7.083566e-01
    outer loop
      vertex  7.606050e+01 -1.345149e+01 -2.050000e+01
      vertex  7.845181e+01 -1.422051e+01 -2.300000e+01
      vertex  7.594320e+01 -1.388925e+01 -2.050000e+01
    endloop
  endfacet
  facet normal -6.061938e-01  3.664522e-01 -7.058625e-01
    outer loop
      vertex  7.801582e+01 -1.537009e+01 -2.300000e+01
      vertex  7.769722e+01 -1.589713e+01 -2.300000e+01
      vertex  7.575166e+01 -1.430000e+01 -2.050000e+01
    endloop
  endfacet
  facet normal -6.403093e-01  2.985830e-01 -7.077093e-01
    outer loop
      vertex  7.594320e+01 -1.388925e+01 -2.050000e+01
      vertex  7.801582e+01 -1.537009e+01 -2.300000e+01
      vertex  7.575166e+01 -1.430000e+01 -2.050000e+01
    endloop
  endfacet
  facet normal -6.450945e-01  2.903388e-01 -7.067930e-01
    outer loop
      vertex  7.826859e+01 -1.480849e+01 -2.300000e+01
      vertex  7.801582e+01 -1.537009e+01 -2.300000e+01
      vertex  7.594320e+01 -1.388925e+01 -2.050000e+01
    endloop
  endfacet
  facet normal -5.574955e-01  4.367711e-01 -7.059957e-01
    outer loop
      vertex  7.769722e+01 -1.589713e+01 -2.300000e+01
      vertex  7.731741e+01 -1.638193e+01 -2.300000e+01
      vertex  7.549171e+01 -1.467125e+01 -2.050000e+01
    endloop
  endfacet
  facet normal -5.780969e-01  4.047856e-01 -7.084862e-01
    outer loop
      vertex  7.575166e+01 -1.430000e+01 -2.050000e+01
      vertex  7.769722e+01 -1.589713e+01 -2.300000e+01
      vertex  7.549171e+01 -1.467125e+01 -2.050000e+01
    endloop
  endfacet
  facet normal -4.367703e-01  5.574962e-01 -7.059955e-01
    outer loop
      vertex  7.688193e+01 -1.681741e+01 -2.300000e+01
      vertex  7.639713e+01 -1.719722e+01 -2.300000e+01
      vertex  7.517125e+01 -1.499172e+01 -2.050000e+01
    endloop
  endfacet
  facet normal -4.999433e-01  4.999388e-01 -7.071902e-01
    outer loop
      vertex  7.549171e+01 -1.467125e+01 -2.050000e+01
      vertex  7.688193e+01 -1.681741e+01 -2.300000e+01
      vertex  7.517125e+01 -1.499172e+01 -2.050000e+01
    endloop
  endfacet
  facet normal -4.999420e-01  4.999399e-01 -7.071903e-01
    outer loop
      vertex  7.731741e+01 -1.638193e+01 -2.300000e+01
      vertex  7.688193e+01 -1.681741e+01 -2.300000e+01
      vertex  7.549171e+01 -1.467125e+01 -2.050000e+01
    endloop
  endfacet
  facet normal -3.664533e-01  6.061938e-01 -7.058619e-01
    outer loop
      vertex  7.639713e+01 -1.719722e+01 -2.300000e+01
      vertex  7.587009e+01 -1.751583e+01 -2.300000e+01
      vertex  7.480000e+01 -1.525167e+01 -2.050000e+01
    endloop
  endfacet
  facet normal -4.047885e-01  5.780954e-01 -7.084857e-01
    outer loop
      vertex  7.517125e+01 -1.499172e+01 -2.050000e+01
      vertex  7.639713e+01 -1.719722e+01 -2.300000e+01
      vertex  7.480000e+01 -1.525167e+01 -2.050000e+01
    endloop
  endfacet
  facet normal -2.106369e-01  6.759591e-01 -7.061952e-01
    outer loop
      vertex  7.530849e+01 -1.776858e+01 -2.300000e+01
      vertex  7.472051e+01 -1.795180e+01 -2.300000e+01
      vertex  7.438925e+01 -1.544320e+01 -2.050000e+01
    endloop
  endfacet
  facet normal -2.990736e-01  6.413704e-01 -7.065400e-01
    outer loop
      vertex  7.480000e+01 -1.525167e+01 -2.050000e+01
      vertex  7.530849e+01 -1.776858e+01 -2.300000e+01
      vertex  7.438925e+01 -1.544320e+01 -2.050000e+01
    endloop
  endfacet
  facet normal -2.899840e-01  6.443115e-01 -7.076524e-01
    outer loop
      vertex  7.587009e+01 -1.751583e+01 -2.300000e+01
      vertex  7.530849e+01 -1.776858e+01 -2.300000e+01
      vertex  7.480000e+01 -1.525167e+01 -2.050000e+01
    endloop
  endfacet
  facet normal -1.276947e-01  6.968117e-01 -7.057955e-01
    outer loop
      vertex  7.472051e+01 -1.795180e+01 -2.300000e+01
      vertex  7.411474e+01 -1.806281e+01 -2.300000e+01
      vertex  7.395148e+01 -1.556050e+01 -2.050000e+01
    endloop
  endfacet
  facet normal -1.826883e-01  6.818035e-01 -7.083564e-01
    outer loop
      vertex  7.438925e+01 -1.544320e+01 -2.050000e+01
      vertex  7.472051e+01 -1.795180e+01 -2.300000e+01
      vertex  7.395148e+01 -1.556050e+01 -2.050000e+01
    endloop
  endfacet
  facet normal -4.273397e-02  7.064608e-01 -7.064608e-01
    outer loop
      vertex  7.411474e+01 -1.806281e+01 -2.300000e+01
      vertex  7.350000e+01 -1.810000e+01 -2.300000e+01
      vertex  7.350000e+01 -1.560000e+01 -2.050000e+01
    endloop
  endfacet
  facet normal -6.154263e-02  7.034276e-01 -7.080976e-01
    outer loop
      vertex  7.395148e+01 -1.556050e+01 -2.050000e+01
      vertex  7.411474e+01 -1.806281e+01 -2.300000e+01
      vertex  7.350000e+01 -1.560000e+01 -2.050000e+01
    endloop
  endfacet
  facet normal  1.276947e-01  6.968117e-01 -7.057955e-01
    outer loop
      vertex  7.288526e+01 -1.806281e+01 -2.300000e+01
      vertex  7.227949e+01 -1.795180e+01 -2.300000e+01
      vertex  7.304852e+01 -1.556050e+01 -2.050000e+01
    endloop
  endfacet
  facet normal  6.154263e-02  7.034276e-01 -7.080976e-01
    outer loop
      vertex  7.350000e+01 -1.560000e+01 -2.050000e+01
      vertex  7.288526e+01 -1.806281e+01 -2.300000e+01
      vertex  7.304852e+01 -1.556050e+01 -2.050000e+01
    endloop
  endfacet
  facet normal  2.106369e-01  6.759589e-01 -7.061951e-01
    outer loop
      vertex  7.227949e+01 -1.795180e+01 -2.300000e+01
      vertex  7.169151e+01 -1.776858e+01 -2.300000e+01
      vertex  7.261075e+01 -1.544320e+01 -2.050000e+01
    endloop
  endfacet
  facet normal  1.826883e-01  6.818035e-01 -7.083564e-01
    outer loop
      vertex  7.304852e+01 -1.556050e+01 -2.050000e+01
      vertex  7.227949e+01 -1.795180e+01 -2.300000e+01
      vertex  7.261075e+01 -1.544320e+01 -2.050000e+01
    endloop
  endfacet
  facet normal  3.664532e-01  6.061938e-01 -7.058619e-01
    outer loop
      vertex  7.112991e+01 -1.751583e+01 -2.300000e+01
      vertex  7.060287e+01 -1.719722e+01 -2.300000e+01
      vertex  7.220000e+01 -1.525167e+01 -2.050000e+01
    endloop
  endfacet
  facet normal  2.985797e-01  6.403112e-01 -7.077087e-01
    outer loop
      vertex  7.261075e+01 -1.544320e+01 -2.050000e+01
      vertex  7.112991e+01 -1.751583e+01 -2.300000e+01
      vertex  7.220000e+01 -1.525167e+01 -2.050000e+01
    endloop
  endfacet
  facet normal  2.903369e-01  6.450957e-01 -7.067928e-01
    outer loop
      vertex  7.169151e+01 -1.776858e+01 -2.300000e+01
      vertex  7.112991e+01 -1.751583e+01 -2.300000e+01
      vertex  7.261075e+01 -1.544320e+01 -2.050000e+01
    endloop
  endfacet
  facet normal  4.367703e-01  5.574962e-01 -7.059955e-01
    outer loop
      vertex  7.060287e+01 -1.719722e+01 -2.300000e+01
      vertex  7.011807e+01 -1.681741e+01 -2.300000e+01
      vertex  7.182875e+01 -1.499172e+01 -2.050000e+01
    endloop
  endfacet
  facet normal  4.047885e-01  5.780954e-01 -7.084857e-01
    outer loop
      vertex  7.220000e+01 -1.525167e+01 -2.050000e+01
      vertex  7.060287e+01 -1.719722e+01 -2.300000e+01
      vertex  7.182875e+01 -1.499172e+01 -2.050000e+01
    endloop
  endfacet
  facet normal  5.574955e-01  4.367711e-01 -7.059957e-01
    outer loop
      vertex  6.968259e+01 -1.638193e+01 -2.300000e+01
      vertex  6.930278e+01 -1.589713e+01 -2.300000e+01
      vertex  7.150829e+01 -1.467125e+01 -2.050000e+01
    endloop
  endfacet
  facet normal  4.999431e-01  4.999387e-01 -7.071904e-01
    outer loop
      vertex  7.182875e+01 -1.499172e+01 -2.050000e+01
      vertex  6.968259e+01 -1.638193e+01 -2.300000e+01
      vertex  7.150829e+01 -1.467125e+01 -2.050000e+01
    endloop
  endfacet
  facet normal  4.999421e-01  4.999399e-01 -7.071902e-01
    outer loop
      vertex  7.011807e+01 -1.681741e+01 -2.300000e+01
      vertex  6.968259e+01 -1.638193e+01 -2.300000e+01
      vertex  7.182875e+01 -1.499172e+01 -2.050000e+01
    endloop
  endfacet
  facet normal  6.061938e-01  3.664522e-01 -7.058625e-01
    outer loop
      vertex  6.930278e+01 -1.589713e+01 -2.300000e+01
      vertex  6.898418e+01 -1.537009e+01 -2.300000e+01
      vertex  7.124834e+01 -1.430000e+01 -2.050000e+01
    endloop
  endfacet
  facet normal  5.780969e-01  4.047856e-01 -7.084862e-01
    outer loop
      vertex  7.150829e+01 -1.467125e+01 -2.050000e+01
      vertex  6.930278e+01 -1.589713e+01 -2.300000e+01
      vertex  7.124834e+01 -1.430000e+01 -2.050000e+01
    endloop
  endfacet
  facet normal  6.759587e-01  2.106365e-01 -7.061955e-01
    outer loop
      vertex  6.873141e+01 -1.480849e+01 -2.300000e+01
      vertex  6.854819e+01 -1.422051e+01 -2.300000e+01
      vertex  7.105680e+01 -1.388925e+01 -2.050000e+01
    endloop
  endfacet
  facet normal  6.413687e-01  2.990770e-01 -7.065403e-01
    outer loop
      vertex  7.124834e+01 -1.430000e+01 -2.050000e+01
      vertex  6.873141e+01 -1.480849e+01 -2.300000e+01
      vertex  7.105680e+01 -1.388925e+01 -2.050000e+01
    endloop
  endfacet
  facet normal  6.443102e-01  2.899858e-01 -7.076529e-01
    outer loop
      vertex  6.898418e+01 -1.537009e+01 -2.300000e+01
      vertex  6.873141e+01 -1.480849e+01 -2.300000e+01
      vertex  7.124834e+01 -1.430000e+01 -2.050000e+01
    endloop
  endfacet
  facet normal  6.968127e-01  1.276909e-01 -7.057953e-01
    outer loop
      vertex  6.854819e+01 -1.422051e+01 -2.300000e+01
      vertex  6.843719e+01 -1.361474e+01 -2.300000e+01
      vertex  7.093950e+01 -1.345149e+01 -2.050000e+01
    endloop
  endfacet
  facet normal  6.818023e-01  1.826925e-01 -7.083566e-01
    outer loop
      vertex  7.105680e+01 -1.388925e+01 -2.050000e+01
      vertex  6.854819e+01 -1.422051e+01 -2.300000e+01
      vertex  7.093950e+01 -1.345149e+01 -2.050000e+01
    endloop
  endfacet
  facet normal  4.273397e-02  7.064608e-01 -7.064608e-01
    outer loop
      vertex  7.350000e+01 -1.810000e+01 -2.300000e+01
      vertex  7.288526e+01 -1.806281e+01 -2.300000e+01
      vertex  7.350000e+01 -1.560000e+01 -2.050000e+01
    endloop
  endfacet
  facet normal  8.715671e-02 -9.961946e-01  0.000000e+00
    outer loop
      vertex -7.150000e+01 -1.040000e+01  1.550000e+01
      vertex -7.195148e+01 -1.043950e+01  2.300000e+01
      vertex -7.195148e+01 -1.043950e+01  1.550000e+01
    endloop
  endfacet
  facet normal  2.588185e-01 -9.659259e-01  0.000000e+00
    outer loop
      vertex -7.195148e+01 -1.043950e+01  1.550000e+01
      vertex -7.195148e+01 -1.043950e+01  2.300000e+01
      vertex -7.238925e+01 -1.055680e+01  2.300000e+01
    endloop
  endfacet
  facet normal  2.588185e-01 -9.659259e-01  0.000000e+00
    outer loop
      vertex -7.195148e+01 -1.043950e+01  1.550000e+01
      vertex -7.238925e+01 -1.055680e+01  2.300000e+01
      vertex -7.238925e+01 -1.055680e+01  1.550000e+01
    endloop
  endfacet
  facet normal  4.226155e-01 -9.063090e-01  0.000000e+00
    outer loop
      vertex -7.238925e+01 -1.055680e+01  1.550000e+01
      vertex -7.238925e+01 -1.055680e+01  2.300000e+01
      vertex -7.280000e+01 -1.074833e+01  2.300000e+01
    endloop
  endfacet
  facet normal  4.226155e-01 -9.063090e-01  0.000000e+00
    outer loop
      vertex -7.238925e+01 -1.055680e+01  1.550000e+01
      vertex -7.280000e+01 -1.074833e+01  2.300000e+01
      vertex -7.280000e+01 -1.074833e+01  1.550000e+01
    endloop
  endfacet
  facet normal  5.735781e-01 -8.191508e-01  0.000000e+00
    outer loop
      vertex -7.280000e+01 -1.074833e+01  1.550000e+01
      vertex -7.280000e+01 -1.074833e+01  2.300000e+01
      vertex -7.317125e+01 -1.100828e+01  2.300000e+01
    endloop
  endfacet
  facet normal  5.735781e-01 -8.191508e-01  0.000000e+00
    outer loop
      vertex -7.280000e+01 -1.074833e+01  1.550000e+01
      vertex -7.317125e+01 -1.100828e+01  2.300000e+01
      vertex -7.317125e+01 -1.100828e+01  1.550000e+01
    endloop
  endfacet
  facet normal  7.071100e-01 -7.071037e-01  0.000000e+00
    outer loop
      vertex -7.317125e+01 -1.100828e+01  1.550000e+01
      vertex -7.317125e+01 -1.100828e+01  2.300000e+01
      vertex -7.349171e+01 -1.132875e+01  2.300000e+01
    endloop
  endfacet
  facet normal  7.071100e-01 -7.071037e-01  0.000000e+00
    outer loop
      vertex -7.317125e+01 -1.100828e+01  1.550000e+01
      vertex -7.349171e+01 -1.132875e+01  2.300000e+01
      vertex -7.349171e+01 -1.132875e+01  1.550000e+01
    endloop
  endfacet
  facet normal  8.191535e-01 -5.735743e-01  0.000000e+00
    outer loop
      vertex -7.349171e+01 -1.132875e+01  1.550000e+01
      vertex -7.349171e+01 -1.132875e+01  2.300000e+01
      vertex -7.375166e+01 -1.170000e+01  2.300000e+01
    endloop
  endfacet
  facet normal  8.191535e-01 -5.735743e-01  0.000000e+00
    outer loop
      vertex -7.349171e+01 -1.132875e+01  1.550000e+01
      vertex -7.375166e+01 -1.170000e+01  2.300000e+01
      vertex -7.375166e+01 -1.170000e+01  1.550000e+01
    endloop
  endfacet
  facet normal  9.063068e-01 -4.226205e-01  0.000000e+00
    outer loop
      vertex -7.375166e+01 -1.170000e+01  1.550000e+01
      vertex -7.375166e+01 -1.170000e+01  2.300000e+01
      vertex -7.394320e+01 -1.211075e+01  2.300000e+01
    endloop
  endfacet
  facet normal  9.063068e-01 -4.226205e-01  0.000000e+00
    outer loop
      vertex -7.375166e+01 -1.170000e+01  1.550000e+01
      vertex -7.394320e+01 -1.211075e+01  2.300000e+01
      vertex -7.394320e+01 -1.211075e+01  1.550000e+01
    endloop
  endfacet
  facet normal  9.659243e-01 -2.588244e-01  0.000000e+00
    outer loop
      vertex -7.394320e+01 -1.211075e+01  1.550000e+01
      vertex -7.394320e+01 -1.211075e+01  2.300000e+01
      vertex -7.406050e+01 -1.254851e+01  2.300000e+01
    endloop
  endfacet
  facet normal  9.659243e-01 -2.588244e-01  0.000000e+00
    outer loop
      vertex -7.394320e+01 -1.211075e+01  1.550000e+01
      vertex -7.406050e+01 -1.254851e+01  2.300000e+01
      vertex -7.406050e+01 -1.254851e+01  1.550000e+01
    endloop
  endfacet
  facet normal  9.961951e-01 -8.715026e-02  0.000000e+00
    outer loop
      vertex -7.406050e+01 -1.254851e+01  1.550000e+01
      vertex -7.406050e+01 -1.254851e+01  2.300000e+01
      vertex -7.410000e+01 -1.300000e+01  2.300000e+01
    endloop
  endfacet
  facet normal  9.961951e-01 -8.715026e-02  0.000000e+00
    outer loop
      vertex -7.406050e+01 -1.254851e+01  1.550000e+01
      vertex -7.410000e+01 -1.300000e+01  2.300000e+01
      vertex -7.410000e+01 -1.300000e+01  1.550000e+01
    endloop
  endfacet
  facet normal  8.715671e-02 -9.961946e-01  0.000000e+00
    outer loop
      vertex -7.195148e+01 -1.043950e+01  2.300000e+01
      vertex -7.150000e+01 -1.040000e+01  1.550000e+01
      vertex -7.150000e+01 -1.040000e+01  2.300000e+01
    endloop
  endfacet
  facet normal -8.715671e-02 -9.961946e-01  -0.000000e+00
    outer loop
      vertex -7.150000e+01 -1.040000e+01  2.300000e+01
      vertex -7.150000e+01 -1.040000e+01  1.550000e+01
      vertex -7.104852e+01 -1.043950e+01  1.550000e+01
    endloop
  endfacet
  facet normal -8.715671e-02 -9.961946e-01  0.000000e+00
    outer loop
      vertex -7.150000e+01 -1.040000e+01  2.300000e+01
      vertex -7.104852e+01 -1.043950e+01  1.550000e+01
      vertex -7.104852e+01 -1.043950e+01  2.300000e+01
    endloop
  endfacet
  facet normal -2.588185e-01 -9.659259e-01  -0.000000e+00
    outer loop
      vertex -7.104852e+01 -1.043950e+01  2.300000e+01
      vertex -7.104852e+01 -1.043950e+01  1.550000e+01
      vertex -7.061075e+01 -1.055680e+01  1.550000e+01
    endloop
  endfacet
  facet normal -2.588185e-01 -9.659259e-01  0.000000e+00
    outer loop
      vertex -7.104852e+01 -1.043950e+01  2.300000e+01
      vertex -7.061075e+01 -1.055680e+01  1.550000e+01
      vertex -7.061075e+01 -1.055680e+01  2.300000e+01
    endloop
  endfacet
  facet normal -4.226155e-01 -9.063090e-01  -0.000000e+00
    outer loop
      vertex -7.061075e+01 -1.055680e+01  2.300000e+01
      vertex -7.061075e+01 -1.055680e+01  1.550000e+01
      vertex -7.020000e+01 -1.074833e+01  1.550000e+01
    endloop
  endfacet
  facet normal -4.226155e-01 -9.063090e-01  0.000000e+00
    outer loop
      vertex -7.061075e+01 -1.055680e+01  2.300000e+01
      vertex -7.020000e+01 -1.074833e+01  1.550000e+01
      vertex -7.020000e+01 -1.074833e+01  2.300000e+01
    endloop
  endfacet
  facet normal -5.735781e-01 -8.191508e-01  -0.000000e+00
    outer loop
      vertex -7.020000e+01 -1.074833e+01  2.300000e+01
      vertex -7.020000e+01 -1.074833e+01  1.550000e+01
      vertex -6.982875e+01 -1.100828e+01  1.550000e+01
    endloop
  endfacet
  facet normal -5.735781e-01 -8.191508e-01  0.000000e+00
    outer loop
      vertex -7.020000e+01 -1.074833e+01  2.300000e+01
      vertex -6.982875e+01 -1.100828e+01  1.550000e+01
      vertex -6.982875e+01 -1.100828e+01  2.300000e+01
    endloop
  endfacet
  facet normal -7.071100e-01 -7.071037e-01  -0.000000e+00
    outer loop
      vertex -6.982875e+01 -1.100828e+01  2.300000e+01
      vertex -6.982875e+01 -1.100828e+01  1.550000e+01
      vertex -6.950829e+01 -1.132875e+01  1.550000e+01
    endloop
  endfacet
  facet normal -7.071100e-01 -7.071037e-01  0.000000e+00
    outer loop
      vertex -6.982875e+01 -1.100828e+01  2.300000e+01
      vertex -6.950829e+01 -1.132875e+01  1.550000e+01
      vertex -6.950829e+01 -1.132875e+01  2.300000e+01
    endloop
  endfacet
  facet normal -8.191535e-01 -5.735743e-01  -0.000000e+00
    outer loop
      vertex -6.950829e+01 -1.132875e+01  2.300000e+01
      vertex -6.950829e+01 -1.132875e+01  1.550000e+01
      vertex -6.924834e+01 -1.170000e+01  1.550000e+01
    endloop
  endfacet
  facet normal -8.191535e-01 -5.735743e-01  0.000000e+00
    outer loop
      vertex -6.950829e+01 -1.132875e+01  2.300000e+01
      vertex -6.924834e+01 -1.170000e+01  1.550000e+01
      vertex -6.924834e+01 -1.170000e+01  2.300000e+01
    endloop
  endfacet
  facet normal -9.063068e-01 -4.226205e-01  -0.000000e+00
    outer loop
      vertex -6.924834e+01 -1.170000e+01  2.300000e+01
      vertex -6.924834e+01 -1.170000e+01  1.550000e+01
      vertex -6.905680e+01 -1.211075e+01  1.550000e+01
    endloop
  endfacet
  facet normal -9.063068e-01 -4.226205e-01  0.000000e+00
    outer loop
      vertex -6.924834e+01 -1.170000e+01  2.300000e+01
      vertex -6.905680e+01 -1.211075e+01  1.550000e+01
      vertex -6.905680e+01 -1.211075e+01  2.300000e+01
    endloop
  endfacet
  facet normal -9.659243e-01 -2.588244e-01  -0.000000e+00
    outer loop
      vertex -6.905680e+01 -1.211075e+01  2.300000e+01
      vertex -6.905680e+01 -1.211075e+01  1.550000e+01
      vertex -6.893950e+01 -1.254851e+01  1.550000e+01
    endloop
  endfacet
  facet normal -9.659243e-01 -2.588244e-01  0.000000e+00
    outer loop
      vertex -6.905680e+01 -1.211075e+01  2.300000e+01
      vertex -6.893950e+01 -1.254851e+01  1.550000e+01
      vertex -6.893950e+01 -1.254851e+01  2.300000e+01
    endloop
  endfacet
  facet normal -9.961951e-01 -8.715026e-02  -0.000000e+00
    outer loop
      vertex -6.893950e+01 -1.254851e+01  2.300000e+01
      vertex -6.893950e+01 -1.254851e+01  1.550000e+01
      vertex -6.890000e+01 -1.300000e+01  1.550000e+01
    endloop
  endfacet
  facet normal -9.961951e-01 -8.715026e-02  0.000000e+00
    outer loop
      vertex -6.893950e+01 -1.254851e+01  2.300000e+01
      vertex -6.890000e+01 -1.300000e+01  1.550000e+01
      vertex -6.890000e+01 -1.300000e+01  2.300000e+01
    endloop
  endfacet
  facet normal -8.715671e-02  9.961946e-01  0.000000e+00
    outer loop
      vertex -7.150000e+01 -1.560000e+01  1.550000e+01
      vertex -7.104852e+01 -1.556050e+01  2.300000e+01
      vertex -7.104852e+01 -1.556050e+01  1.550000e+01
    endloop
  endfacet
  facet normal -2.588185e-01  9.659259e-01  0.000000e+00
    outer loop
      vertex -7.104852e+01 -1.556050e+01  1.550000e+01
      vertex -7.104852e+01 -1.556050e+01  2.300000e+01
      vertex -7.061075e+01 -1.544320e+01  2.300000e+01
    endloop
  endfacet
  facet normal -2.588185e-01  9.659259e-01  0.000000e+00
    outer loop
      vertex -7.104852e+01 -1.556050e+01  1.550000e+01
      vertex -7.061075e+01 -1.544320e+01  2.300000e+01
      vertex -7.061075e+01 -1.544320e+01  1.550000e+01
    endloop
  endfacet
  facet normal -4.226155e-01  9.063090e-01  0.000000e+00
    outer loop
      vertex -7.061075e+01 -1.544320e+01  1.550000e+01
      vertex -7.061075e+01 -1.544320e+01  2.300000e+01
      vertex -7.020000e+01 -1.525167e+01  2.300000e+01
    endloop
  endfacet
  facet normal -4.226155e-01  9.063090e-01  0.000000e+00
    outer loop
      vertex -7.061075e+01 -1.544320e+01  1.550000e+01
      vertex -7.020000e+01 -1.525167e+01  2.300000e+01
      vertex -7.020000e+01 -1.525167e+01  1.550000e+01
    endloop
  endfacet
  facet normal -5.735781e-01  8.191508e-01  0.000000e+00
    outer loop
      vertex -7.020000e+01 -1.525167e+01  1.550000e+01
      vertex -7.020000e+01 -1.525167e+01  2.300000e+01
      vertex -6.982875e+01 -1.499172e+01  2.300000e+01
    endloop
  endfacet
  facet normal -5.735781e-01  8.191508e-01  0.000000e+00
    outer loop
      vertex -7.020000e+01 -1.525167e+01  1.550000e+01
      vertex -6.982875e+01 -1.499172e+01  2.300000e+01
      vertex -6.982875e+01 -1.499172e+01  1.550000e+01
    endloop
  endfacet
  facet normal -7.071100e-01  7.071037e-01  0.000000e+00
    outer loop
      vertex -6.982875e+01 -1.499172e+01  1.550000e+01
      vertex -6.982875e+01 -1.499172e+01  2.300000e+01
      vertex -6.950829e+01 -1.467125e+01  2.300000e+01
    endloop
  endfacet
  facet normal -7.071100e-01  7.071037e-01  0.000000e+00
    outer loop
      vertex -6.982875e+01 -1.499172e+01  1.550000e+01
      vertex -6.950829e+01 -1.467125e+01  2.300000e+01
      vertex -6.950829e+01 -1.467125e+01  1.550000e+01
    endloop
  endfacet
  facet normal -8.191535e-01  5.735743e-01  0.000000e+00
    outer loop
      vertex -6.950829e+01 -1.467125e+01  1.550000e+01
      vertex -6.950829e+01 -1.467125e+01  2.300000e+01
      vertex -6.924834e+01 -1.430000e+01  2.300000e+01
    endloop
  endfacet
  facet normal -8.191535e-01  5.735743e-01  0.000000e+00
    outer loop
      vertex -6.950829e+01 -1.467125e+01  1.550000e+01
      vertex -6.924834e+01 -1.430000e+01  2.300000e+01
      vertex -6.924834e+01 -1.430000e+01  1.550000e+01
    endloop
  endfacet
  facet normal -9.063068e-01  4.226205e-01  0.000000e+00
    outer loop
      vertex -6.924834e+01 -1.430000e+01  1.550000e+01
      vertex -6.924834e+01 -1.430000e+01  2.300000e+01
      vertex -6.905680e+01 -1.388925e+01  2.300000e+01
    endloop
  endfacet
  facet normal -9.063068e-01  4.226205e-01  0.000000e+00
    outer loop
      vertex -6.924834e+01 -1.430000e+01  1.550000e+01
      vertex -6.905680e+01 -1.388925e+01  2.300000e+01
      vertex -6.905680e+01 -1.388925e+01  1.550000e+01
    endloop
  endfacet
  facet normal -9.659243e-01  2.588244e-01  0.000000e+00
    outer loop
      vertex -6.905680e+01 -1.388925e+01  1.550000e+01
      vertex -6.905680e+01 -1.388925e+01  2.300000e+01
      vertex -6.893950e+01 -1.345149e+01  2.300000e+01
    endloop
  endfacet
  facet normal -9.659243e-01  2.588244e-01  0.000000e+00
    outer loop
      vertex -6.905680e+01 -1.388925e+01  1.550000e+01
      vertex -6.893950e+01 -1.345149e+01  2.300000e+01
      vertex -6.893950e+01 -1.345149e+01  1.550000e+01
    endloop
  endfacet
  facet normal -9.961951e-01  8.715026e-02  0.000000e+00
    outer loop
      vertex -6.893950e+01 -1.345149e+01  1.550000e+01
      vertex -6.893950e+01 -1.345149e+01  2.300000e+01
      vertex -6.890000e+01 -1.300000e+01  2.300000e+01
    endloop
  endfacet
  facet normal -9.961951e-01  8.715026e-02  0.000000e+00
    outer loop
      vertex -6.893950e+01 -1.345149e+01  1.550000e+01
      vertex -6.890000e+01 -1.300000e+01  2.300000e+01
      vertex -6.890000e+01 -1.300000e+01  1.550000e+01
    endloop
  endfacet
  facet normal -8.715671e-02  9.961946e-01  0.000000e+00
    outer loop
      vertex -7.104852e+01 -1.556050e+01  2.300000e+01
      vertex -7.150000e+01 -1.560000e+01  1.550000e+01
      vertex -7.150000e+01 -1.560000e+01  2.300000e+01
    endloop
  endfacet
  facet normal  8.715671e-02  9.961946e-01  0.000000e+00
    outer loop
      vertex -7.150000e+01 -1.560000e+01  2.300000e+01
      vertex -7.150000e+01 -1.560000e+01  1.550000e+01
      vertex -7.195148e+01 -1.556050e+01  1.550000e+01
    endloop
  endfacet
  facet normal  8.715671e-02  9.961946e-01  -0.000000e+00
    outer loop
      vertex -7.150000e+01 -1.560000e+01  2.300000e+01
      vertex -7.195148e+01 -1.556050e+01  1.550000e+01
      vertex -7.195148e+01 -1.556050e+01  2.300000e+01
    endloop
  endfacet
  facet normal  2.588185e-01  9.659259e-01  0.000000e+00
    outer loop
      vertex -7.195148e+01 -1.556050e+01  2.300000e+01
      vertex -7.195148e+01 -1.556050e+01  1.550000e+01
      vertex -7.238925e+01 -1.544320e+01  1.550000e+01
    endloop
  endfacet
  facet normal  2.588185e-01  9.659259e-01  -0.000000e+00
    outer loop
      vertex -7.195148e+01 -1.556050e+01  2.300000e+01
      vertex -7.238925e+01 -1.544320e+01  1.550000e+01
      vertex -7.238925e+01 -1.544320e+01  2.300000e+01
    endloop
  endfacet
  facet normal  4.226155e-01  9.063090e-01  0.000000e+00
    outer loop
      vertex -7.238925e+01 -1.544320e+01  2.300000e+01
      vertex -7.238925e+01 -1.544320e+01  1.550000e+01
      vertex -7.280000e+01 -1.525167e+01  1.550000e+01
    endloop
  endfacet
  facet normal  4.226155e-01  9.063090e-01  -0.000000e+00
    outer loop
      vertex -7.238925e+01 -1.544320e+01  2.300000e+01
      vertex -7.280000e+01 -1.525167e+01  1.550000e+01
      vertex -7.280000e+01 -1.525167e+01  2.300000e+01
    endloop
  endfacet
  facet normal  5.735781e-01  8.191508e-01  0.000000e+00
    outer loop
      vertex -7.280000e+01 -1.525167e+01  2.300000e+01
      vertex -7.280000e+01 -1.525167e+01  1.550000e+01
      vertex -7.317125e+01 -1.499172e+01  1.550000e+01
    endloop
  endfacet
  facet normal  5.735781e-01  8.191508e-01  -0.000000e+00
    outer loop
      vertex -7.280000e+01 -1.525167e+01  2.300000e+01
      vertex -7.317125e+01 -1.499172e+01  1.550000e+01
      vertex -7.317125e+01 -1.499172e+01  2.300000e+01
    endloop
  endfacet
  facet normal  7.071100e-01  7.071037e-01  0.000000e+00
    outer loop
      vertex -7.317125e+01 -1.499172e+01  2.300000e+01
      vertex -7.317125e+01 -1.499172e+01  1.550000e+01
      vertex -7.349171e+01 -1.467125e+01  1.550000e+01
    endloop
  endfacet
  facet normal  7.071100e-01  7.071037e-01  -0.000000e+00
    outer loop
      vertex -7.317125e+01 -1.499172e+01  2.300000e+01
      vertex -7.349171e+01 -1.467125e+01  1.550000e+01
      vertex -7.349171e+01 -1.467125e+01  2.300000e+01
    endloop
  endfacet
  facet normal  8.191535e-01  5.735743e-01  0.000000e+00
    outer loop
      vertex -7.349171e+01 -1.467125e+01  2.300000e+01
      vertex -7.349171e+01 -1.467125e+01  1.550000e+01
      vertex -7.375166e+01 -1.430000e+01  1.550000e+01
    endloop
  endfacet
  facet normal  8.191535e-01  5.735743e-01  -0.000000e+00
    outer loop
      vertex -7.349171e+01 -1.467125e+01  2.300000e+01
      vertex -7.375166e+01 -1.430000e+01  1.550000e+01
      vertex -7.375166e+01 -1.430000e+01  2.300000e+01
    endloop
  endfacet
  facet normal  9.063068e-01  4.226205e-01  0.000000e+00
    outer loop
      vertex -7.375166e+01 -1.430000e+01  2.300000e+01
      vertex -7.375166e+01 -1.430000e+01  1.550000e+01
      vertex -7.394320e+01 -1.388925e+01  1.550000e+01
    endloop
  endfacet
  facet normal  9.063068e-01  4.226205e-01  -0.000000e+00
    outer loop
      vertex -7.375166e+01 -1.430000e+01  2.300000e+01
      vertex -7.394320e+01 -1.388925e+01  1.550000e+01
      vertex -7.394320e+01 -1.388925e+01  2.300000e+01
    endloop
  endfacet
  facet normal  9.659243e-01  2.588244e-01  0.000000e+00
    outer loop
      vertex -7.394320e+01 -1.388925e+01  2.300000e+01
      vertex -7.394320e+01 -1.388925e+01  1.550000e+01
      vertex -7.406050e+01 -1.345149e+01  1.550000e+01
    endloop
  endfacet
  facet normal  9.659243e-01  2.588244e-01  -0.000000e+00
    outer loop
      vertex -7.394320e+01 -1.388925e+01  2.300000e+01
      vertex -7.406050e+01 -1.345149e+01  1.550000e+01
      vertex -7.406050e+01 -1.345149e+01  2.300000e+01
    endloop
  endfacet
  facet normal  9.961951e-01  8.715026e-02  0.000000e+00
    outer loop
      vertex -7.406050e+01 -1.345149e+01  2.300000e+01
      vertex -7.406050e+01 -1.345149e+01  1.550000e+01
      vertex -7.410000e+01 -1.300000e+01  1.550000e+01
    endloop
  endfacet
  facet normal  9.961951e-01  8.715026e-02  -0.000000e+00
    outer loop
      vertex -7.406050e+01 -1.345149e+01  2.300000e+01
      vertex -7.410000e+01 -1.300000e+01  1.550000e+01
      vertex -7.410000e+01 -1.300000e+01  2.300000e+01
    endloop
  endfacet
  facet normal  7.064608e-01 -4.273404e-02 -7.064608e-01
    outer loop
      vertex -7.660000e+01 -1.300000e+01  1.300000e+01
      vertex -7.656281e+01 -1.238526e+01  1.300000e+01
      vertex -7.410000e+01 -1.300000e+01  1.550000e+01
    endloop
  endfacet
  facet normal  7.034283e-01 -6.153811e-02 -7.080973e-01
    outer loop
      vertex -7.656281e+01 -1.238526e+01  1.300000e+01
      vertex -7.406050e+01 -1.254851e+01  1.550000e+01
      vertex -7.410000e+01 -1.300000e+01  1.550000e+01
    endloop
  endfacet
  facet normal -7.034283e-01 -6.153811e-02 -7.080973e-01
    outer loop
      vertex -6.893950e+01 -1.254851e+01  1.550000e+01
      vertex -6.643719e+01 -1.238526e+01  1.300000e+01
      vertex -6.890000e+01 -1.300000e+01  1.550000e+01
    endloop
  endfacet
  facet normal -7.064608e-01 -4.273404e-02 -7.064608e-01
    outer loop
      vertex -6.643719e+01 -1.238526e+01  1.300000e+01
      vertex -6.640000e+01 -1.300000e+01  1.300000e+01
      vertex -6.890000e+01 -1.300000e+01  1.550000e+01
    endloop
  endfacet
  facet normal  6.968127e-01 -1.276909e-01 -7.057953e-01
    outer loop
      vertex -7.656281e+01 -1.238526e+01  1.300000e+01
      vertex -7.645181e+01 -1.177949e+01  1.300000e+01
      vertex -7.406050e+01 -1.254851e+01  1.550000e+01
    endloop
  endfacet
  facet normal  6.759587e-01 -2.106365e-01 -7.061955e-01
    outer loop
      vertex -7.645181e+01 -1.177949e+01  1.300000e+01
      vertex -7.626859e+01 -1.119151e+01  1.300000e+01
      vertex -7.394320e+01 -1.211075e+01  1.550000e+01
    endloop
  endfacet
  facet normal  6.818023e-01 -1.826925e-01 -7.083566e-01
    outer loop
      vertex -7.406050e+01 -1.254851e+01  1.550000e+01
      vertex -7.645181e+01 -1.177949e+01  1.300000e+01
      vertex -7.394320e+01 -1.211075e+01  1.550000e+01
    endloop
  endfacet
  facet normal  6.061938e-01 -3.664522e-01 -7.058625e-01
    outer loop
      vertex -7.601582e+01 -1.062991e+01  1.300000e+01
      vertex -7.569722e+01 -1.010287e+01  1.300000e+01
      vertex -7.375166e+01 -1.170000e+01  1.550000e+01
    endloop
  endfacet
  facet normal  6.403093e-01 -2.985830e-01 -7.077093e-01
    outer loop
      vertex -7.394320e+01 -1.211075e+01  1.550000e+01
      vertex -7.601582e+01 -1.062991e+01  1.300000e+01
      vertex -7.375166e+01 -1.170000e+01  1.550000e+01
    endloop
  endfacet
  facet normal  6.450945e-01 -2.903388e-01 -7.067930e-01
    outer loop
      vertex -7.626859e+01 -1.119151e+01  1.300000e+01
      vertex -7.601582e+01 -1.062991e+01  1.300000e+01
      vertex -7.394320e+01 -1.211075e+01  1.550000e+01
    endloop
  endfacet
  facet normal  5.574955e-01 -4.367711e-01 -7.059957e-01
    outer loop
      vertex -7.569722e+01 -1.010287e+01  1.300000e+01
      vertex -7.531741e+01 -9.618074e+00  1.300000e+01
      vertex -7.349171e+01 -1.132875e+01  1.550000e+01
    endloop
  endfacet
  facet normal  5.780969e-01 -4.047856e-01 -7.084862e-01
    outer loop
      vertex -7.375166e+01 -1.170000e+01  1.550000e+01
      vertex -7.569722e+01 -1.010287e+01  1.300000e+01
      vertex -7.349171e+01 -1.132875e+01  1.550000e+01
    endloop
  endfacet
  facet normal  4.367710e-01 -5.574957e-01 -7.059954e-01
    outer loop
      vertex -7.488193e+01 -9.182595e+00  1.300000e+01
      vertex -7.439713e+01 -8.802782e+00  1.300000e+01
      vertex -7.317125e+01 -1.100828e+01  1.550000e+01
    endloop
  endfacet
  facet normal  4.999433e-01 -4.999389e-01 -7.071901e-01
    outer loop
      vertex -7.349171e+01 -1.132875e+01  1.550000e+01
      vertex -7.488193e+01 -9.182595e+00  1.300000e+01
      vertex -7.317125e+01 -1.100828e+01  1.550000e+01
    endloop
  endfacet
  facet normal  4.999415e-01 -4.999404e-01 -7.071904e-01
    outer loop
      vertex -7.531741e+01 -9.618074e+00  1.300000e+01
      vertex -7.488193e+01 -9.182595e+00  1.300000e+01
      vertex -7.349171e+01 -1.132875e+01  1.550000e+01
    endloop
  endfacet
  facet normal  3.664533e-01 -6.061938e-01 -7.058619e-01
    outer loop
      vertex -7.439713e+01 -8.802782e+00  1.300000e+01
      vertex -7.387009e+01 -8.484175e+00  1.300000e+01
      vertex -7.280000e+01 -1.074833e+01  1.550000e+01
    endloop
  endfacet
  facet normal  4.047885e-01 -5.780954e-01 -7.084857e-01
    outer loop
      vertex -7.317125e+01 -1.100828e+01  1.550000e+01
      vertex -7.439713e+01 -8.802782e+00  1.300000e+01
      vertex -7.280000e+01 -1.074833e+01  1.550000e+01
    endloop
  endfacet
  facet normal  2.106369e-01 -6.759591e-01 -7.061952e-01
    outer loop
      vertex -7.330849e+01 -8.231417e+00  1.300000e+01
      vertex -7.272051e+01 -8.048197e+00  1.300000e+01
      vertex -7.238925e+01 -1.055680e+01  1.550000e+01
    endloop
  endfacet
  facet normal  2.990736e-01 -6.413704e-01 -7.065400e-01
    outer loop
      vertex -7.280000e+01 -1.074833e+01  1.550000e+01
      vertex -7.330849e+01 -8.231417e+00  1.300000e+01
      vertex -7.238925e+01 -1.055680e+01  1.550000e+01
    endloop
  endfacet
  facet normal  2.899840e-01 -6.443115e-01 -7.076524e-01
    outer loop
      vertex -7.387009e+01 -8.484175e+00  1.300000e+01
      vertex -7.330849e+01 -8.231417e+00  1.300000e+01
      vertex -7.280000e+01 -1.074833e+01  1.550000e+01
    endloop
  endfacet
  facet normal  1.276952e-01 -6.968117e-01 -7.057956e-01
    outer loop
      vertex -7.272051e+01 -8.048197e+00  1.300000e+01
      vertex -7.211474e+01 -7.937185e+00  1.300000e+01
      vertex -7.195148e+01 -1.043950e+01  1.550000e+01
    endloop
  endfacet
  facet normal  1.826883e-01 -6.818035e-01 -7.083564e-01
    outer loop
      vertex -7.238925e+01 -1.055680e+01  1.550000e+01
      vertex -7.272051e+01 -8.048197e+00  1.300000e+01
      vertex -7.195148e+01 -1.043950e+01  1.550000e+01
    endloop
  endfacet
  facet normal  4.273288e-02 -7.064609e-01 -7.064608e-01
    outer loop
      vertex -7.211474e+01 -7.937185e+00  1.300000e+01
      vertex -7.150000e+01 -7.900000e+00  1.300000e+01
      vertex -7.150000e+01 -1.040000e+01  1.550000e+01
    endloop
  endfacet
  facet normal  6.154292e-02 -7.034274e-01 -7.080976e-01
    outer loop
      vertex -7.195148e+01 -1.043950e+01  1.550000e+01
      vertex -7.211474e+01 -7.937185e+00  1.300000e+01
      vertex -7.150000e+01 -1.040000e+01  1.550000e+01
    endloop
  endfacet
  facet normal -1.276952e-01 -6.968117e-01 -7.057956e-01
    outer loop
      vertex -7.088526e+01 -7.937185e+00  1.300000e+01
      vertex -7.027949e+01 -8.048197e+00  1.300000e+01
      vertex -7.104852e+01 -1.043950e+01  1.550000e+01
    endloop
  endfacet
  facet normal -6.154292e-02 -7.034274e-01 -7.080976e-01
    outer loop
      vertex -7.150000e+01 -1.040000e+01  1.550000e+01
      vertex -7.088526e+01 -7.937185e+00  1.300000e+01
      vertex -7.104852e+01 -1.043950e+01  1.550000e+01
    endloop
  endfacet
  facet normal -2.106369e-01 -6.759589e-01 -7.061951e-01
    outer loop
      vertex -7.027949e+01 -8.048197e+00  1.300000e+01
      vertex -6.969151e+01 -8.231417e+00  1.300000e+01
      vertex -7.061075e+01 -1.055680e+01  1.550000e+01
    endloop
  endfacet
  facet normal -1.826883e-01 -6.818035e-01 -7.083564e-01
    outer loop
      vertex -7.104852e+01 -1.043950e+01  1.550000e+01
      vertex -7.027949e+01 -8.048197e+00  1.300000e+01
      vertex -7.061075e+01 -1.055680e+01  1.550000e+01
    endloop
  endfacet
  facet normal -3.664532e-01 -6.061938e-01 -7.058619e-01
    outer loop
      vertex -6.912991e+01 -8.484175e+00  1.300000e+01
      vertex -6.860287e+01 -8.802782e+00  1.300000e+01
      vertex -7.020000e+01 -1.074833e+01  1.550000e+01
    endloop
  endfacet
  facet normal -2.985797e-01 -6.403112e-01 -7.077087e-01
    outer loop
      vertex -7.061075e+01 -1.055680e+01  1.550000e+01
      vertex -6.912991e+01 -8.484175e+00  1.300000e+01
      vertex -7.020000e+01 -1.074833e+01  1.550000e+01
    endloop
  endfacet
  facet normal -2.903369e-01 -6.450957e-01 -7.067928e-01
    outer loop
      vertex -6.969151e+01 -8.231417e+00  1.300000e+01
      vertex -6.912991e+01 -8.484175e+00  1.300000e+01
      vertex -7.061075e+01 -1.055680e+01  1.550000e+01
    endloop
  endfacet
  facet normal -4.367710e-01 -5.574957e-01 -7.059954e-01
    outer loop
      vertex -6.860287e+01 -8.802782e+00  1.300000e+01
      vertex -6.811807e+01 -9.182595e+00  1.300000e+01
      vertex -6.982875e+01 -1.100828e+01  1.550000e+01
    endloop
  endfacet
  facet normal -4.047885e-01 -5.780954e-01 -7.084857e-01
    outer loop
      vertex -7.020000e+01 -1.074833e+01  1.550000e+01
      vertex -6.860287e+01 -8.802782e+00  1.300000e+01
      vertex -6.982875e+01 -1.100828e+01  1.550000e+01
    endloop
  endfacet
  facet normal -5.574955e-01 -4.367711e-01 -7.059957e-01
    outer loop
      vertex -6.768259e+01 -9.618074e+00  1.300000e+01
      vertex -6.730278e+01 -1.010287e+01  1.300000e+01
      vertex -6.950829e+01 -1.132875e+01  1.550000e+01
    endloop
  endfacet
  facet normal -4.999431e-01 -4.999387e-01 -7.071904e-01
    outer loop
      vertex -6.982875e+01 -1.100828e+01  1.550000e+01
      vertex -6.768259e+01 -9.618074e+00  1.300000e+01
      vertex -6.950829e+01 -1.132875e+01  1.550000e+01
    endloop
  endfacet
  facet normal -4.999416e-01 -4.999406e-01 -7.071902e-01
    outer loop
      vertex -6.811807e+01 -9.182595e+00  1.300000e+01
      vertex -6.768259e+01 -9.618074e+00  1.300000e+01
      vertex -6.982875e+01 -1.100828e+01  1.550000e+01
    endloop
  endfacet
  facet normal -6.061938e-01 -3.664522e-01 -7.058625e-01
    outer loop
      vertex -6.730278e+01 -1.010287e+01  1.300000e+01
      vertex -6.698418e+01 -1.062991e+01  1.300000e+01
      vertex -6.924834e+01 -1.170000e+01  1.550000e+01
    endloop
  endfacet
  facet normal -5.780969e-01 -4.047856e-01 -7.084862e-01
    outer loop
      vertex -6.950829e+01 -1.132875e+01  1.550000e+01
      vertex -6.730278e+01 -1.010287e+01  1.300000e+01
      vertex -6.924834e+01 -1.170000e+01  1.550000e+01
    endloop
  endfacet
  facet normal -6.759587e-01 -2.106365e-01 -7.061955e-01
    outer loop
      vertex -6.673141e+01 -1.119151e+01  1.300000e+01
      vertex -6.654819e+01 -1.177949e+01  1.300000e+01
      vertex -6.905680e+01 -1.211075e+01  1.550000e+01
    endloop
  endfacet
  facet normal -6.413687e-01 -2.990770e-01 -7.065403e-01
    outer loop
      vertex -6.924834e+01 -1.170000e+01  1.550000e+01
      vertex -6.673141e+01 -1.119151e+01  1.300000e+01
      vertex -6.905680e+01 -1.211075e+01  1.550000e+01
    endloop
  endfacet
  facet normal -6.443102e-01 -2.899858e-01 -7.076529e-01
    outer loop
      vertex -6.698418e+01 -1.062991e+01  1.300000e+01
      vertex -6.673141e+01 -1.119151e+01  1.300000e+01
      vertex -6.924834e+01 -1.170000e+01  1.550000e+01
    endloop
  endfacet
  facet normal -6.968127e-01 -1.276909e-01 -7.057953e-01
    outer loop
      vertex -6.654819e+01 -1.177949e+01  1.300000e+01
      vertex -6.643719e+01 -1.238526e+01  1.300000e+01
      vertex -6.893950e+01 -1.254851e+01  1.550000e+01
    endloop
  endfacet
  facet normal -6.818023e-01 -1.826925e-01 -7.083566e-01
    outer loop
      vertex -6.905680e+01 -1.211075e+01  1.550000e+01
      vertex -6.654819e+01 -1.177949e+01  1.300000e+01
      vertex -6.893950e+01 -1.254851e+01  1.550000e+01
    endloop
  endfacet
  facet normal -4.273288e-02 -7.064609e-01 -7.064608e-01
    outer loop
      vertex -7.150000e+01 -7.900000e+00  1.300000e+01
      vertex -7.088526e+01 -7.937185e+00  1.300000e+01
      vertex -7.150000e+01 -1.040000e+01  1.550000e+01
    endloop
  endfacet
  facet normal -7.064608e-01  4.273404e-02 -7.064608e-01
    outer loop
      vertex -6.640000e+01 -1.300000e+01  1.300000e+01
      vertex -6.643719e+01 -1.361474e+01  1.300000e+01
      vertex -6.890000e+01 -1.300000e+01  1.550000e+01
    endloop
  endfacet
  facet normal -7.034283e-01  6.153811e-02 -7.080973e-01
    outer loop
      vertex -6.643719e+01 -1.361474e+01  1.300000e+01
      vertex -6.893950e+01 -1.345149e+01  1.550000e+01
      vertex -6.890000e+01 -1.300000e+01  1.550000e+01
    endloop
  endfacet
  facet normal  7.034283e-01  6.153811e-02 -7.080973e-01
    outer loop
      vertex -7.406050e+01 -1.345149e+01  1.550000e+01
      vertex -7.656281e+01 -1.361474e+01  1.300000e+01
      vertex -7.410000e+01 -1.300000e+01  1.550000e+01
    endloop
  endfacet
  facet normal  7.064608e-01  4.273404e-02 -7.064608e-01
    outer loop
      vertex -7.656281e+01 -1.361474e+01  1.300000e+01
      vertex -7.660000e+01 -1.300000e+01  1.300000e+01
      vertex -7.410000e+01 -1.300000e+01  1.550000e+01
    endloop
  endfacet
  facet normal -6.968127e-01  1.276909e-01 -7.057953e-01
    outer loop
      vertex -6.643719e+01 -1.361474e+01  1.300000e+01
      vertex -6.654819e+01 -1.422051e+01  1.300000e+01
      vertex -6.893950e+01 -1.345149e+01  1.550000e+01
    endloop
  endfacet
  facet normal -6.759587e-01  2.106365e-01 -7.061955e-01
    outer loop
      vertex -6.654819e+01 -1.422051e+01  1.300000e+01
      vertex -6.673141e+01 -1.480849e+01  1.300000e+01
      vertex -6.905680e+01 -1.388925e+01  1.550000e+01
    endloop
  endfacet
  facet normal -6.818023e-01  1.826925e-01 -7.083566e-01
    outer loop
      vertex -6.893950e+01 -1.345149e+01  1.550000e+01
      vertex -6.654819e+01 -1.422051e+01  1.300000e+01
      vertex -6.905680e+01 -1.388925e+01  1.550000e+01
    endloop
  endfacet
  facet normal -6.061938e-01  3.664522e-01 -7.058625e-01
    outer loop
      vertex -6.698418e+01 -1.537009e+01  1.300000e+01
      vertex -6.730278e+01 -1.589713e+01  1.300000e+01
      vertex -6.924834e+01 -1.430000e+01  1.550000e+01
    endloop
  endfacet
  facet normal -6.403093e-01  2.985830e-01 -7.077093e-01
    outer loop
      vertex -6.905680e+01 -1.388925e+01  1.550000e+01
      vertex -6.698418e+01 -1.537009e+01  1.300000e+01
      vertex -6.924834e+01 -1.430000e+01  1.550000e+01
    endloop
  endfacet
  facet normal -6.450945e-01  2.903388e-01 -7.067930e-01
    outer loop
      vertex -6.673141e+01 -1.480849e+01  1.300000e+01
      vertex -6.698418e+01 -1.537009e+01  1.300000e+01
      vertex -6.905680e+01 -1.388925e+01  1.550000e+01
    endloop
  endfacet
  facet normal -5.574955e-01  4.367711e-01 -7.059957e-01
    outer loop
      vertex -6.730278e+01 -1.589713e+01  1.300000e+01
      vertex -6.768259e+01 -1.638193e+01  1.300000e+01
      vertex -6.950829e+01 -1.467125e+01  1.550000e+01
    endloop
  endfacet
  facet normal -5.780969e-01  4.047856e-01 -7.084862e-01
    outer loop
      vertex -6.924834e+01 -1.430000e+01  1.550000e+01
      vertex -6.730278e+01 -1.589713e+01  1.300000e+01
      vertex -6.950829e+01 -1.467125e+01  1.550000e+01
    endloop
  endfacet
  facet normal -4.367703e-01  5.574962e-01 -7.059955e-01
    outer loop
      vertex -6.811807e+01 -1.681741e+01  1.300000e+01
      vertex -6.860287e+01 -1.719722e+01  1.300000e+01
      vertex -6.982875e+01 -1.499172e+01  1.550000e+01
    endloop
  endfacet
  facet normal -4.999433e-01  4.999388e-01 -7.071902e-01
    outer loop
      vertex -6.950829e+01 -1.467125e+01  1.550000e+01
      vertex -6.811807e+01 -1.681741e+01  1.300000e+01
      vertex -6.982875e+01 -1.499172e+01  1.550000e+01
    endloop
  endfacet
  facet normal -4.999420e-01  4.999399e-01 -7.071903e-01
    outer loop
      vertex -6.768259e+01 -1.638193e+01  1.300000e+01
      vertex -6.811807e+01 -1.681741e+01  1.300000e+01
      vertex -6.950829e+01 -1.467125e+01  1.550000e+01
    endloop
  endfacet
  facet normal -3.664533e-01  6.061938e-01 -7.058619e-01
    outer loop
      vertex -6.860287e+01 -1.719722e+01  1.300000e+01
      vertex -6.912991e+01 -1.751583e+01  1.300000e+01
      vertex -7.020000e+01 -1.525167e+01  1.550000e+01
    endloop
  endfacet
  facet normal -4.047885e-01  5.780954e-01 -7.084857e-01
    outer loop
      vertex -6.982875e+01 -1.499172e+01  1.550000e+01
      vertex -6.860287e+01 -1.719722e+01  1.300000e+01
      vertex -7.020000e+01 -1.525167e+01  1.550000e+01
    endloop
  endfacet
  facet normal -2.106369e-01  6.759591e-01 -7.061952e-01
    outer loop
      vertex -6.969151e+01 -1.776858e+01  1.300000e+01
      vertex -7.027949e+01 -1.795180e+01  1.300000e+01
      vertex -7.061075e+01 -1.544320e+01  1.550000e+01
    endloop
  endfacet
  facet normal -2.990736e-01  6.413704e-01 -7.065400e-01
    outer loop
      vertex -7.020000e+01 -1.525167e+01  1.550000e+01
      vertex -6.969151e+01 -1.776858e+01  1.300000e+01
      vertex -7.061075e+01 -1.544320e+01  1.550000e+01
    endloop
  endfacet
  facet normal -2.899840e-01  6.443115e-01 -7.076524e-01
    outer loop
      vertex -6.912991e+01 -1.751583e+01  1.300000e+01
      vertex -6.969151e+01 -1.776858e+01  1.300000e+01
      vertex -7.020000e+01 -1.525167e+01  1.550000e+01
    endloop
  endfacet
  facet normal -1.276947e-01  6.968117e-01 -7.057955e-01
    outer loop
      vertex -7.027949e+01 -1.795180e+01  1.300000e+01
      vertex -7.088526e+01 -1.806281e+01  1.300000e+01
      vertex -7.104852e+01 -1.556050e+01  1.550000e+01
    endloop
  endfacet
  facet normal -1.826883e-01  6.818035e-01 -7.083564e-01
    outer loop
      vertex -7.061075e+01 -1.544320e+01  1.550000e+01
      vertex -7.027949e+01 -1.795180e+01  1.300000e+01
      vertex -7.104852e+01 -1.556050e+01  1.550000e+01
    endloop
  endfacet
  facet normal -4.273397e-02  7.064608e-01 -7.064608e-01
    outer loop
      vertex -7.088526e+01 -1.806281e+01  1.300000e+01
      vertex -7.150000e+01 -1.810000e+01  1.300000e+01
      vertex -7.150000e+01 -1.560000e+01  1.550000e+01
    endloop
  endfacet
  facet normal -6.154263e-02  7.034276e-01 -7.080976e-01
    outer loop
      vertex -7.104852e+01 -1.556050e+01  1.550000e+01
      vertex -7.088526e+01 -1.806281e+01  1.300000e+01
      vertex -7.150000e+01 -1.560000e+01  1.550000e+01
    endloop
  endfacet
  facet normal  1.276947e-01  6.968117e-01 -7.057955e-01
    outer loop
      vertex -7.211474e+01 -1.806281e+01  1.300000e+01
      vertex -7.272051e+01 -1.795180e+01  1.300000e+01
      vertex -7.195148e+01 -1.556050e+01  1.550000e+01
    endloop
  endfacet
  facet normal  6.154263e-02  7.034276e-01 -7.080976e-01
    outer loop
      vertex -7.150000e+01 -1.560000e+01  1.550000e+01
      vertex -7.211474e+01 -1.806281e+01  1.300000e+01
      vertex -7.195148e+01 -1.556050e+01  1.550000e+01
    endloop
  endfacet
  facet normal  2.106369e-01  6.759589e-01 -7.061951e-01
    outer loop
      vertex -7.272051e+01 -1.795180e+01  1.300000e+01
      vertex -7.330849e+01 -1.776858e+01  1.300000e+01
      vertex -7.238925e+01 -1.544320e+01  1.550000e+01
    endloop
  endfacet
  facet normal  1.826883e-01  6.818035e-01 -7.083564e-01
    outer loop
      vertex -7.195148e+01 -1.556050e+01  1.550000e+01
      vertex -7.272051e+01 -1.795180e+01  1.300000e+01
      vertex -7.238925e+01 -1.544320e+01  1.550000e+01
    endloop
  endfacet
  facet normal  3.664532e-01  6.061938e-01 -7.058619e-01
    outer loop
      vertex -7.387009e+01 -1.751583e+01  1.300000e+01
      vertex -7.439713e+01 -1.719722e+01  1.300000e+01
      vertex -7.280000e+01 -1.525167e+01  1.550000e+01
    endloop
  endfacet
  facet normal  2.985797e-01  6.403112e-01 -7.077087e-01
    outer loop
      vertex -7.238925e+01 -1.544320e+01  1.550000e+01
      vertex -7.387009e+01 -1.751583e+01  1.300000e+01
      vertex -7.280000e+01 -1.525167e+01  1.550000e+01
    endloop
  endfacet
  facet normal  2.903369e-01  6.450957e-01 -7.067928e-01
    outer loop
      vertex -7.330849e+01 -1.776858e+01  1.300000e+01
      vertex -7.387009e+01 -1.751583e+01  1.300000e+01
      vertex -7.238925e+01 -1.544320e+01  1.550000e+01
    endloop
  endfacet
  facet normal  4.367703e-01  5.574962e-01 -7.059955e-01
    outer loop
      vertex -7.439713e+01 -1.719722e+01  1.300000e+01
      vertex -7.488193e+01 -1.681741e+01  1.300000e+01
      vertex -7.317125e+01 -1.499172e+01  1.550000e+01
    endloop
  endfacet
  facet normal  4.047885e-01  5.780954e-01 -7.084857e-01
    outer loop
      vertex -7.280000e+01 -1.525167e+01  1.550000e+01
      vertex -7.439713e+01 -1.719722e+01  1.300000e+01
      vertex -7.317125e+01 -1.499172e+01  1.550000e+01
    endloop
  endfacet
  facet normal  5.574955e-01  4.367711e-01 -7.059957e-01
    outer loop
      vertex -7.531741e+01 -1.638193e+01  1.300000e+01
      vertex -7.569722e+01 -1.589713e+01  1.300000e+01
      vertex -7.349171e+01 -1.467125e+01  1.550000e+01
    endloop
  endfacet
  facet normal  4.999431e-01  4.999387e-01 -7.071904e-01
    outer loop
      vertex -7.317125e+01 -1.499172e+01  1.550000e+01
      vertex -7.531741e+01 -1.638193e+01  1.300000e+01
      vertex -7.349171e+01 -1.467125e+01  1.550000e+01
    endloop
  endfacet
  facet normal  4.999421e-01  4.999399e-01 -7.071902e-01
    outer loop
      vertex -7.488193e+01 -1.681741e+01  1.300000e+01
      vertex -7.531741e+01 -1.638193e+01  1.300000e+01
      vertex -7.317125e+01 -1.499172e+01  1.550000e+01
    endloop
  endfacet
  facet normal  6.061938e-01  3.664522e-01 -7.058625e-01
    outer loop
      vertex -7.569722e+01 -1.589713e+01  1.300000e+01
      vertex -7.601582e+01 -1.537009e+01  1.300000e+01
      vertex -7.375166e+01 -1.430000e+01  1.550000e+01
    endloop
  endfacet
  facet normal  5.780969e-01  4.047856e-01 -7.084862e-01
    outer loop
      vertex -7.349171e+01 -1.467125e+01  1.550000e+01
      vertex -7.569722e+01 -1.589713e+01  1.300000e+01
      vertex -7.375166e+01 -1.430000e+01  1.550000e+01
    endloop
  endfacet
  facet normal  6.759587e-01  2.106365e-01 -7.061955e-01
    outer loop
      vertex -7.626859e+01 -1.480849e+01  1.300000e+01
      vertex -7.645181e+01 -1.422051e+01  1.300000e+01
      vertex -7.394320e+01 -1.388925e+01  1.550000e+01
    endloop
  endfacet
  facet normal  6.413687e-01  2.990770e-01 -7.065403e-01
    outer loop
      vertex -7.375166e+01 -1.430000e+01  1.550000e+01
      vertex -7.626859e+01 -1.480849e+01  1.300000e+01
      vertex -7.394320e+01 -1.388925e+01  1.550000e+01
    endloop
  endfacet
  facet normal  6.443102e-01  2.899858e-01 -7.076529e-01
    outer loop
      vertex -7.601582e+01 -1.537009e+01  1.300000e+01
      vertex -7.626859e+01 -1.480849e+01  1.300000e+01
      vertex -7.375166e+01 -1.430000e+01  1.550000e+01
    endloop
  endfacet
  facet normal  6.968127e-01  1.276909e-01 -7.057953e-01
    outer loop
      vertex -7.645181e+01 -1.422051e+01  1.300000e+01
      vertex -7.656281e+01 -1.361474e+01  1.300000e+01
      vertex -7.406050e+01 -1.345149e+01  1.550000e+01
    endloop
  endfacet
  facet normal  6.818023e-01  1.826925e-01 -7.083566e-01
    outer loop
      vertex -7.394320e+01 -1.388925e+01  1.550000e+01
      vertex -7.645181e+01 -1.422051e+01  1.300000e+01
      vertex -7.406050e+01 -1.345149e+01  1.550000e+01
    endloop
  endfacet
  facet normal  4.273397e-02  7.064608e-01 -7.064608e-01
    outer loop
      vertex -7.150000e+01 -1.810000e+01  1.300000e+01
      vertex -7.211474e+01 -1.806281e+01  1.300000e+01
      vertex -7.150000e+01 -1.560000e+01  1.550000e+01
    endloop
  endfacet
  facet normal  9.801707e-02  0.000000e+00  9.951847e-01
    outer loop
      vertex -3.000000e+01 -2.110000e+01  1.140000e+01
      vertex -3.031215e+01 -1.800000e+01  1.143074e+01
      vertex -3.031215e+01 -2.110000e+01  1.143074e+01
    endloop
  endfacet
  facet normal  2.902855e-01  -0.000000e+00  9.569401e-01
    outer loop
      vertex -3.031215e+01 -2.110000e+01  1.143074e+01
      vertex -3.031215e+01 -1.800000e+01  1.143074e+01
      vertex -3.061229e+01 -1.800000e+01  1.152179e+01
    endloop
  endfacet
  facet normal  2.902855e-01  0.000000e+00  9.569401e-01
    outer loop
      vertex -3.031215e+01 -2.110000e+01  1.143074e+01
      vertex -3.061229e+01 -1.800000e+01  1.152179e+01
      vertex -3.061229e+01 -2.110000e+01  1.152179e+01
    endloop
  endfacet
  facet normal  4.713964e-01  -0.000000e+00  8.819215e-01
    outer loop
      vertex -3.061229e+01 -2.110000e+01  1.152179e+01
      vertex -3.061229e+01 -1.800000e+01  1.152179e+01
      vertex -3.088891e+01 -1.800000e+01  1.166965e+01
    endloop
  endfacet
  facet normal  4.713964e-01  0.000000e+00  8.819215e-01
    outer loop
      vertex -3.061229e+01 -2.110000e+01  1.152179e+01
      vertex -3.088891e+01 -1.800000e+01  1.166965e+01
      vertex -3.088891e+01 -2.110000e+01  1.166965e+01
    endloop
  endfacet
  facet normal  6.343949e-01  -0.000000e+00  7.730091e-01
    outer loop
      vertex -3.088891e+01 -2.110000e+01  1.166965e+01
      vertex -3.088891e+01 -1.800000e+01  1.166965e+01
      vertex -3.113137e+01 -1.800000e+01  1.186863e+01
    endloop
  endfacet
  facet normal  6.343949e-01  0.000000e+00  7.730091e-01
    outer loop
      vertex -3.088891e+01 -2.110000e+01  1.166965e+01
      vertex -3.113137e+01 -1.800000e+01  1.186863e+01
      vertex -3.113137e+01 -2.110000e+01  1.186863e+01
    endloop
  endfacet
  facet normal  7.730106e-01  -0.000000e+00  6.343931e-01
    outer loop
      vertex -3.113137e+01 -2.110000e+01  1.186863e+01
      vertex -3.113137e+01 -1.800000e+01  1.186863e+01
      vertex -3.133035e+01 -1.800000e+01  1.211109e+01
    endloop
  endfacet
  facet normal  7.730106e-01  0.000000e+00  6.343931e-01
    outer loop
      vertex -3.113137e+01 -2.110000e+01  1.186863e+01
      vertex -3.133035e+01 -1.800000e+01  1.211109e+01
      vertex -3.133035e+01 -2.110000e+01  1.211109e+01
    endloop
  endfacet
  facet normal  8.819215e-01  -0.000000e+00  4.713964e-01
    outer loop
      vertex -3.133035e+01 -2.110000e+01  1.211109e+01
      vertex -3.133035e+01 -1.800000e+01  1.211109e+01
      vertex -3.147821e+01 -1.800000e+01  1.238771e+01
    endloop
  endfacet
  facet normal  8.819215e-01  0.000000e+00  4.713964e-01
    outer loop
      vertex -3.133035e+01 -2.110000e+01  1.211109e+01
      vertex -3.147821e+01 -1.800000e+01  1.238771e+01
      vertex -3.147821e+01 -2.110000e+01  1.238771e+01
    endloop
  endfacet
  facet normal  9.569403e-01  -0.000000e+00  2.902847e-01
    outer loop
      vertex -3.147821e+01 -2.110000e+01  1.238771e+01
      vertex -3.147821e+01 -1.800000e+01  1.238771e+01
      vertex -3.156926e+01 -1.800000e+01  1.268786e+01
    endloop
  endfacet
  facet normal  9.569403e-01  0.000000e+00  2.902847e-01
    outer loop
      vertex -3.147821e+01 -2.110000e+01  1.238771e+01
      vertex -3.156926e+01 -1.800000e+01  1.268786e+01
      vertex -3.156926e+01 -2.110000e+01  1.268786e+01
    endloop
  endfacet
  facet normal  9.951844e-01  -0.000000e+00  9.802037e-02
    outer loop
      vertex -3.156926e+01 -2.110000e+01  1.268786e+01
      vertex -3.156926e+01 -1.800000e+01  1.268786e+01
      vertex -3.160000e+01 -1.800000e+01  1.300000e+01
    endloop
  endfacet
  facet normal  9.951844e-01  0.000000e+00  9.802037e-02
    outer loop
      vertex -3.156926e+01 -2.110000e+01  1.268786e+01
      vertex -3.160000e+01 -1.800000e+01  1.300000e+01
      vertex -3.160000e+01 -2.110000e+01  1.300000e+01
    endloop
  endfacet
  facet normal  9.801707e-02  -0.000000e+00  9.951847e-01
    outer loop
      vertex -3.031215e+01 -1.800000e+01  1.143074e+01
      vertex -3.000000e+01 -2.110000e+01  1.140000e+01
      vertex -3.000000e+01 -1.800000e+01  1.140000e+01
    endloop
  endfacet
  facet normal -9.801707e-02  0.000000e+00  9.951847e-01
    outer loop
      vertex -3.000000e+01 -1.800000e+01  1.140000e+01
      vertex -3.000000e+01 -2.110000e+01  1.140000e+01
      vertex -2.968785e+01 -2.110000e+01  1.143074e+01
    endloop
  endfacet
  facet normal -9.801707e-02  0.000000e+00  9.951847e-01
    outer loop
      vertex -3.000000e+01 -1.800000e+01  1.140000e+01
      vertex -2.968785e+01 -2.110000e+01  1.143074e+01
      vertex -2.968785e+01 -1.800000e+01  1.143074e+01
    endloop
  endfacet
  facet normal -2.902855e-01  0.000000e+00  9.569401e-01
    outer loop
      vertex -2.968785e+01 -1.800000e+01  1.143074e+01
      vertex -2.968785e+01 -2.110000e+01  1.143074e+01
      vertex -2.938771e+01 -2.110000e+01  1.152179e+01
    endloop
  endfacet
  facet normal -2.902855e-01  0.000000e+00  9.569401e-01
    outer loop
      vertex -2.968785e+01 -1.800000e+01  1.143074e+01
      vertex -2.938771e+01 -2.110000e+01  1.152179e+01
      vertex -2.938771e+01 -1.800000e+01  1.152179e+01
    endloop
  endfacet
  facet normal -4.713964e-01  0.000000e+00  8.819215e-01
    outer loop
      vertex -2.938771e+01 -1.800000e+01  1.152179e+01
      vertex -2.938771e+01 -2.110000e+01  1.152179e+01
      vertex -2.911109e+01 -2.110000e+01  1.166965e+01
    endloop
  endfacet
  facet normal -4.713964e-01  0.000000e+00  8.819215e-01
    outer loop
      vertex -2.938771e+01 -1.800000e+01  1.152179e+01
      vertex -2.911109e+01 -2.110000e+01  1.166965e+01
      vertex -2.911109e+01 -1.800000e+01  1.166965e+01
    endloop
  endfacet
  facet normal -6.343949e-01  0.000000e+00  7.730091e-01
    outer loop
      vertex -2.911109e+01 -1.800000e+01  1.166965e+01
      vertex -2.911109e+01 -2.110000e+01  1.166965e+01
      vertex -2.886863e+01 -2.110000e+01  1.186863e+01
    endloop
  endfacet
  facet normal -6.343949e-01  0.000000e+00  7.730091e-01
    outer loop
      vertex -2.911109e+01 -1.800000e+01  1.166965e+01
      vertex -2.886863e+01 -2.110000e+01  1.186863e+01
      vertex -2.886863e+01 -1.800000e+01  1.186863e+01
    endloop
  endfacet
  facet normal -7.730106e-01  0.000000e+00  6.343931e-01
    outer loop
      vertex -2.886863e+01 -1.800000e+01  1.186863e+01
      vertex -2.886863e+01 -2.110000e+01  1.186863e+01
      vertex -2.866965e+01 -2.110000e+01  1.211109e+01
    endloop
  endfacet
  facet normal -7.730106e-01  0.000000e+00  6.343931e-01
    outer loop
      vertex -2.886863e+01 -1.800000e+01  1.186863e+01
      vertex -2.866965e+01 -2.110000e+01  1.211109e+01
      vertex -2.866965e+01 -1.800000e+01  1.211109e+01
    endloop
  endfacet
  facet normal -8.819215e-01  0.000000e+00  4.713964e-01
    outer loop
      vertex -2.866965e+01 -1.800000e+01  1.211109e+01
      vertex -2.866965e+01 -2.110000e+01  1.211109e+01
      vertex -2.852179e+01 -2.110000e+01  1.238771e+01
    endloop
  endfacet
  facet normal -8.819215e-01  0.000000e+00  4.713964e-01
    outer loop
      vertex -2.866965e+01 -1.800000e+01  1.211109e+01
      vertex -2.852179e+01 -2.110000e+01  1.238771e+01
      vertex -2.852179e+01 -1.800000e+01  1.238771e+01
    endloop
  endfacet
  facet normal -9.569403e-01  0.000000e+00  2.902847e-01
    outer loop
      vertex -2.852179e+01 -1.800000e+01  1.238771e+01
      vertex -2.852179e+01 -2.110000e+01  1.238771e+01
      vertex -2.843074e+01 -2.110000e+01  1.268786e+01
    endloop
  endfacet
  facet normal -9.569403e-01  0.000000e+00  2.902847e-01
    outer loop
      vertex -2.852179e+01 -1.800000e+01  1.238771e+01
      vertex -2.843074e+01 -2.110000e+01  1.268786e+01
      vertex -2.843074e+01 -1.800000e+01  1.268786e+01
    endloop
  endfacet
  facet normal -9.951844e-01  0.000000e+00  9.802037e-02
    outer loop
      vertex -2.843074e+01 -1.800000e+01  1.268786e+01
      vertex -2.843074e+01 -2.110000e+01  1.268786e+01
      vertex -2.840000e+01 -2.110000e+01  1.300000e+01
    endloop
  endfacet
  facet normal -9.951844e-01  0.000000e+00  9.802037e-02
    outer loop
      vertex -2.843074e+01 -1.800000e+01  1.268786e+01
      vertex -2.840000e+01 -2.110000e+01  1.300000e+01
      vertex -2.840000e+01 -1.800000e+01  1.300000e+01
    endloop
  endfacet
  facet normal -9.801707e-02  -0.000000e+00 -9.951847e-01
    outer loop
      vertex -3.000000e+01 -2.110000e+01  1.460000e+01
      vertex -2.968785e+01 -1.800000e+01  1.456926e+01
      vertex -2.968785e+01 -2.110000e+01  1.456926e+01
    endloop
  endfacet
  facet normal -2.902855e-01  0.000000e+00 -9.569401e-01
    outer loop
      vertex -2.968785e+01 -2.110000e+01  1.456926e+01
      vertex -2.968785e+01 -1.800000e+01  1.456926e+01
      vertex -2.938771e+01 -1.800000e+01  1.447821e+01
    endloop
  endfacet
  facet normal -2.902855e-01  -0.000000e+00 -9.569401e-01
    outer loop
      vertex -2.968785e+01 -2.110000e+01  1.456926e+01
      vertex -2.938771e+01 -1.800000e+01  1.447821e+01
      vertex -2.938771e+01 -2.110000e+01  1.447821e+01
    endloop
  endfacet
  facet normal -4.713964e-01  0.000000e+00 -8.819215e-01
    outer loop
      vertex -2.938771e+01 -2.110000e+01  1.447821e+01
      vertex -2.938771e+01 -1.800000e+01  1.447821e+01
      vertex -2.911109e+01 -1.800000e+01  1.433035e+01
    endloop
  endfacet
  facet normal -4.713964e-01  -0.000000e+00 -8.819215e-01
    outer loop
      vertex -2.938771e+01 -2.110000e+01  1.447821e+01
      vertex -2.911109e+01 -1.800000e+01  1.433035e+01
      vertex -2.911109e+01 -2.110000e+01  1.433035e+01
    endloop
  endfacet
  facet normal -6.343949e-01  0.000000e+00 -7.730091e-01
    outer loop
      vertex -2.911109e+01 -2.110000e+01  1.433035e+01
      vertex -2.911109e+01 -1.800000e+01  1.433035e+01
      vertex -2.886863e+01 -1.800000e+01  1.413137e+01
    endloop
  endfacet
  facet normal -6.343949e-01  -0.000000e+00 -7.730091e-01
    outer loop
      vertex -2.911109e+01 -2.110000e+01  1.433035e+01
      vertex -2.886863e+01 -1.800000e+01  1.413137e+01
      vertex -2.886863e+01 -2.110000e+01  1.413137e+01
    endloop
  endfacet
  facet normal -7.730106e-01  0.000000e+00 -6.343931e-01
    outer loop
      vertex -2.886863e+01 -2.110000e+01  1.413137e+01
      vertex -2.886863e+01 -1.800000e+01  1.413137e+01
      vertex -2.866965e+01 -1.800000e+01  1.388891e+01
    endloop
  endfacet
  facet normal -7.730106e-01  -0.000000e+00 -6.343931e-01
    outer loop
      vertex -2.886863e+01 -2.110000e+01  1.413137e+01
      vertex -2.866965e+01 -1.800000e+01  1.388891e+01
      vertex -2.866965e+01 -2.110000e+01  1.388891e+01
    endloop
  endfacet
  facet normal -8.819215e-01  0.000000e+00 -4.713964e-01
    outer loop
      vertex -2.866965e+01 -2.110000e+01  1.388891e+01
      vertex -2.866965e+01 -1.800000e+01  1.388891e+01
      vertex -2.852179e+01 -1.800000e+01  1.361229e+01
    endloop
  endfacet
  facet normal -8.819215e-01  -0.000000e+00 -4.713964e-01
    outer loop
      vertex -2.866965e+01 -2.110000e+01  1.388891e+01
      vertex -2.852179e+01 -1.800000e+01  1.361229e+01
      vertex -2.852179e+01 -2.110000e+01  1.361229e+01
    endloop
  endfacet
  facet normal -9.569403e-01  0.000000e+00 -2.902847e-01
    outer loop
      vertex -2.852179e+01 -2.110000e+01  1.361229e+01
      vertex -2.852179e+01 -1.800000e+01  1.361229e+01
      vertex -2.843074e+01 -1.800000e+01  1.331214e+01
    endloop
  endfacet
  facet normal -9.569403e-01  -0.000000e+00 -2.902847e-01
    outer loop
      vertex -2.852179e+01 -2.110000e+01  1.361229e+01
      vertex -2.843074e+01 -1.800000e+01  1.331214e+01
      vertex -2.843074e+01 -2.110000e+01  1.331214e+01
    endloop
  endfacet
  facet normal -9.951844e-01  0.000000e+00 -9.802037e-02
    outer loop
      vertex -2.843074e+01 -2.110000e+01  1.331214e+01
      vertex -2.843074e+01 -1.800000e+01  1.331214e+01
      vertex -2.840000e+01 -1.800000e+01  1.300000e+01
    endloop
  endfacet
  facet normal -9.951844e-01  -0.000000e+00 -9.802037e-02
    outer loop
      vertex -2.843074e+01 -2.110000e+01  1.331214e+01
      vertex -2.840000e+01 -1.800000e+01  1.300000e+01
      vertex -2.840000e+01 -2.110000e+01  1.300000e+01
    endloop
  endfacet
  facet normal -9.801707e-02  0.000000e+00 -9.951847e-01
    outer loop
      vertex -2.968785e+01 -1.800000e+01  1.456926e+01
      vertex -3.000000e+01 -2.110000e+01  1.460000e+01
      vertex -3.000000e+01 -1.800000e+01  1.460000e+01
    endloop
  endfacet
  facet normal  9.801707e-02  0.000000e+00 -9.951847e-01
    outer loop
      vertex -3.000000e+01 -1.800000e+01  1.460000e+01
      vertex -3.000000e+01 -2.110000e+01  1.460000e+01
      vertex -3.031215e+01 -2.110000e+01  1.456926e+01
    endloop
  endfacet
  facet normal  9.801707e-02  0.000000e+00 -9.951847e-01
    outer loop
      vertex -3.000000e+01 -1.800000e+01  1.460000e+01
      vertex -3.031215e+01 -2.110000e+01  1.456926e+01
      vertex -3.031215e+01 -1.800000e+01  1.456926e+01
    endloop
  endfacet
  facet normal  2.902855e-01  0.000000e+00 -9.569401e-01
    outer loop
      vertex -3.031215e+01 -1.800000e+01  1.456926e+01
      vertex -3.031215e+01 -2.110000e+01  1.456926e+01
      vertex -3.061229e+01 -2.110000e+01  1.447821e+01
    endloop
  endfacet
  facet normal  2.902855e-01  0.000000e+00 -9.569401e-01
    outer loop
      vertex -3.031215e+01 -1.800000e+01  1.456926e+01
      vertex -3.061229e+01 -2.110000e+01  1.447821e+01
      vertex -3.061229e+01 -1.800000e+01  1.447821e+01
    endloop
  endfacet
  facet normal  4.713964e-01  0.000000e+00 -8.819215e-01
    outer loop
      vertex -3.061229e+01 -1.800000e+01  1.447821e+01
      vertex -3.061229e+01 -2.110000e+01  1.447821e+01
      vertex -3.088891e+01 -2.110000e+01  1.433035e+01
    endloop
  endfacet
  facet normal  4.713964e-01  0.000000e+00 -8.819215e-01
    outer loop
      vertex -3.061229e+01 -1.800000e+01  1.447821e+01
      vertex -3.088891e+01 -2.110000e+01  1.433035e+01
      vertex -3.088891e+01 -1.800000e+01  1.433035e+01
    endloop
  endfacet
  facet normal  6.343949e-01  0.000000e+00 -7.730091e-01
    outer loop
      vertex -3.088891e+01 -1.800000e+01  1.433035e+01
      vertex -3.088891e+01 -2.110000e+01  1.433035e+01
      vertex -3.113137e+01 -2.110000e+01  1.413137e+01
    endloop
  endfacet
  facet normal  6.343949e-01  0.000000e+00 -7.730091e-01
    outer loop
      vertex -3.088891e+01 -1.800000e+01  1.433035e+01
      vertex -3.113137e+01 -2.110000e+01  1.413137e+01
      vertex -3.113137e+01 -1.800000e+01  1.413137e+01
    endloop
  endfacet
  facet normal  7.730106e-01  0.000000e+00 -6.343931e-01
    outer loop
      vertex -3.113137e+01 -1.800000e+01  1.413137e+01
      vertex -3.113137e+01 -2.110000e+01  1.413137e+01
      vertex -3.133035e+01 -2.110000e+01  1.388891e+01
    endloop
  endfacet
  facet normal  7.730106e-01  0.000000e+00 -6.343931e-01
    outer loop
      vertex -3.113137e+01 -1.800000e+01  1.413137e+01
      vertex -3.133035e+01 -2.110000e+01  1.388891e+01
      vertex -3.133035e+01 -1.800000e+01  1.388891e+01
    endloop
  endfacet
  facet normal  8.819215e-01  0.000000e+00 -4.713964e-01
    outer loop
      vertex -3.133035e+01 -1.800000e+01  1.388891e+01
      vertex -3.133035e+01 -2.110000e+01  1.388891e+01
      vertex -3.147821e+01 -2.110000e+01  1.361229e+01
    endloop
  endfacet
  facet normal  8.819215e-01  0.000000e+00 -4.713964e-01
    outer loop
      vertex -3.133035e+01 -1.800000e+01  1.388891e+01
      vertex -3.147821e+01 -2.110000e+01  1.361229e+01
      vertex -3.147821e+01 -1.800000e+01  1.361229e+01
    endloop
  endfacet
  facet normal  9.569403e-01  0.000000e+00 -2.902847e-01
    outer loop
      vertex -3.147821e+01 -1.800000e+01  1.361229e+01
      vertex -3.147821e+01 -2.110000e+01  1.361229e+01
      vertex -3.156926e+01 -2.110000e+01  1.331214e+01
    endloop
  endfacet
  facet normal  9.569403e-01  0.000000e+00 -2.902847e-01
    outer loop
      vertex -3.147821e+01 -1.800000e+01  1.361229e+01
      vertex -3.156926e+01 -2.110000e+01  1.331214e+01
      vertex -3.156926e+01 -1.800000e+01  1.331214e+01
    endloop
  endfacet
  facet normal  9.951844e-01  0.000000e+00 -9.802037e-02
    outer loop
      vertex -3.156926e+01 -1.800000e+01  1.331214e+01
      vertex -3.156926e+01 -2.110000e+01  1.331214e+01
      vertex -3.160000e+01 -2.110000e+01  1.300000e+01
    endloop
  endfacet
  facet normal  9.951844e-01  0.000000e+00 -9.802037e-02
    outer loop
      vertex -3.156926e+01 -1.800000e+01  1.331214e+01
      vertex -3.160000e+01 -2.110000e+01  1.300000e+01
      vertex -3.160000e+01 -1.800000e+01  1.300000e+01
    endloop
  endfacet
  facet normal  7.061161e-01 -7.061161e-01  5.291726e-02
    outer loop
      vertex -3.350000e+01 -2.300000e+01  1.300000e+01
      vertex -3.346091e+01 -2.300000e+01  1.247835e+01
      vertex -3.160000e+01 -2.110000e+01  1.300000e+01
    endloop
  endfacet
  facet normal  7.031319e-01 -7.076788e-01  6.925476e-02
    outer loop
      vertex -3.346091e+01 -2.300000e+01  1.247835e+01
      vertex -3.156926e+01 -2.110000e+01  1.268786e+01
      vertex -3.160000e+01 -2.110000e+01  1.300000e+01
    endloop
  endfacet
  facet normal -7.031319e-01 -7.076788e-01  6.925482e-02
    outer loop
      vertex -2.843074e+01 -2.110000e+01  1.268786e+01
      vertex -2.653909e+01 -2.300000e+01  1.247835e+01
      vertex -2.840000e+01 -2.110000e+01  1.300000e+01
    endloop
  endfacet
  facet normal -7.061161e-01 -7.061161e-01  5.291726e-02
    outer loop
      vertex -2.653909e+01 -2.300000e+01  1.247835e+01
      vertex -2.650000e+01 -2.300000e+01  1.300000e+01
      vertex -2.840000e+01 -2.110000e+01  1.300000e+01
    endloop
  endfacet
  facet normal  6.910416e-01 -7.053968e-01  1.577241e-01
    outer loop
      vertex -3.346091e+01 -2.300000e+01  1.247835e+01
      vertex -3.334451e+01 -2.300000e+01  1.196836e+01
      vertex -3.156926e+01 -2.110000e+01  1.268786e+01
    endloop
  endfacet
  facet normal  6.598762e-01 -7.053314e-01  2.589806e-01
    outer loop
      vertex -3.334451e+01 -2.300000e+01  1.196836e+01
      vertex -3.315339e+01 -2.300000e+01  1.148141e+01
      vertex -3.147821e+01 -2.110000e+01  1.238771e+01
    endloop
  endfacet
  facet normal  6.752950e-01 -7.085293e-01  2.048485e-01
    outer loop
      vertex -3.156926e+01 -2.110000e+01  1.268786e+01
      vertex -3.334451e+01 -2.300000e+01  1.196836e+01
      vertex -3.147821e+01 -2.110000e+01  1.238771e+01
    endloop
  endfacet
  facet normal  6.133966e-01 -7.059202e-01  3.541486e-01
    outer loop
      vertex -3.315339e+01 -2.300000e+01  1.148141e+01
      vertex -3.289183e+01 -2.300000e+01  1.102838e+01
      vertex -3.133035e+01 -2.110000e+01  1.211109e+01
    endloop
  endfacet
  facet normal  6.228566e-01 -7.079629e-01  3.329236e-01
    outer loop
      vertex -3.147821e+01 -2.110000e+01  1.238771e+01
      vertex -3.315339e+01 -2.300000e+01  1.148141e+01
      vertex -3.133035e+01 -2.110000e+01  1.211109e+01
    endloop
  endfacet
  facet normal  4.820519e-01 -7.054884e-01  5.195306e-01
    outer loop
      vertex -3.256568e+01 -2.300000e+01  1.061940e+01
      vertex -3.218221e+01 -2.300000e+01  1.026359e+01
      vertex -3.113137e+01 -2.110000e+01  1.186863e+01
    endloop
  endfacet
  facet normal  5.464222e-01 -7.073382e-01  4.484369e-01
    outer loop
      vertex -3.133035e+01 -2.110000e+01  1.211109e+01
      vertex -3.256568e+01 -2.300000e+01  1.061940e+01
      vertex -3.113137e+01 -2.110000e+01  1.186863e+01
    endloop
  endfacet
  facet normal  5.534396e-01 -7.063379e-01  4.413517e-01
    outer loop
      vertex -3.289183e+01 -2.300000e+01  1.102838e+01
      vertex -3.256568e+01 -2.300000e+01  1.061940e+01
      vertex -3.133035e+01 -2.110000e+01  1.211109e+01
    endloop
  endfacet
  facet normal  3.993482e-01 -7.052917e-01  5.857343e-01
    outer loop
      vertex -3.218221e+01 -2.300000e+01  1.026359e+01
      vertex -3.175000e+01 -2.300000e+01  9.968911e+00
      vertex -3.088891e+01 -2.110000e+01  1.166965e+01
    endloop
  endfacet
  facet normal  4.477170e-01 -7.084724e-01  5.455423e-01
    outer loop
      vertex -3.113137e+01 -2.110000e+01  1.186863e+01
      vertex -3.218221e+01 -2.300000e+01  1.026359e+01
      vertex -3.088891e+01 -2.110000e+01  1.166965e+01
    endloop
  endfacet
  facet normal  3.073905e-01 -7.057503e-01  6.383007e-01
    outer loop
      vertex -3.175000e+01 -2.300000e+01  9.968911e+00
      vertex -3.127869e+01 -2.300000e+01  9.741941e+00
      vertex -3.061229e+01 -2.110000e+01  1.152179e+01
    endloop
  endfacet
  facet normal  3.328164e-01 -7.081892e-01  6.226566e-01
    outer loop
      vertex -3.088891e+01 -2.110000e+01  1.166965e+01
      vertex -3.175000e+01 -2.300000e+01  9.968911e+00
      vertex -3.061229e+01 -2.110000e+01  1.152179e+01
    endloop
  endfacet
  facet normal  1.056119e-01 -7.056062e-01  7.006896e-01
    outer loop
      vertex -3.077882e+01 -2.300000e+01  9.587752e+00
      vertex -3.026155e+01 -2.300000e+01  9.509787e+00
      vertex -3.031215e+01 -2.110000e+01  1.143074e+01
    endloop
  endfacet
  facet normal  2.053114e-01 -7.069397e-01  6.768187e-01
    outer loop
      vertex -3.061229e+01 -2.110000e+01  1.152179e+01
      vertex -3.077882e+01 -2.300000e+01  9.587752e+00
      vertex -3.031215e+01 -2.110000e+01  1.143074e+01
    endloop
  endfacet
  facet normal  2.085763e-01 -7.065856e-01  6.761898e-01
    outer loop
      vertex -3.127869e+01 -2.300000e+01  9.741941e+00
      vertex -3.077882e+01 -2.300000e+01  9.587752e+00
      vertex -3.061229e+01 -2.110000e+01  1.152179e+01
    endloop
  endfacet
  facet normal  0.000000e+00 -7.052786e-01  7.089303e-01
    outer loop
      vertex -3.026155e+01 -2.300000e+01  9.509787e+00
      vertex -2.973845e+01 -2.300000e+01  9.509787e+00
      vertex -3.000000e+01 -2.110000e+01  1.140000e+01
    endloop
  endfacet
  facet normal  6.918552e-02 -7.083592e-01  7.024533e-01
    outer loop
      vertex -3.031215e+01 -2.110000e+01  1.143074e+01
      vertex -3.026155e+01 -2.300000e+01  9.509787e+00
      vertex -3.000000e+01 -2.110000e+01  1.140000e+01
    endloop
  endfacet
  facet normal -1.056119e-01 -7.056062e-01  7.006896e-01
    outer loop
      vertex -2.973845e+01 -2.300000e+01  9.509787e+00
      vertex -2.922118e+01 -2.300000e+01  9.587752e+00
      vertex -2.968785e+01 -2.110000e+01  1.143074e+01
    endloop
  endfacet
  facet normal -6.918552e-02 -7.083592e-01  7.024533e-01
    outer loop
      vertex -3.000000e+01 -2.110000e+01  1.140000e+01
      vertex -2.973845e+01 -2.300000e+01  9.509787e+00
      vertex -2.968785e+01 -2.110000e+01  1.143074e+01
    endloop
  endfacet
  facet normal -3.073904e-01 -7.057503e-01  6.383006e-01
    outer loop
      vertex -2.872131e+01 -2.300000e+01  9.741941e+00
      vertex -2.825000e+01 -2.300000e+01  9.968911e+00
      vertex -2.938771e+01 -2.110000e+01  1.152179e+01
    endloop
  endfacet
  facet normal -2.054437e-01 -7.064840e-01  6.772542e-01
    outer loop
      vertex -2.968785e+01 -2.110000e+01  1.143074e+01
      vertex -2.872131e+01 -2.300000e+01  9.741941e+00
      vertex -2.938771e+01 -2.110000e+01  1.152179e+01
    endloop
  endfacet
  facet normal -2.084959e-01 -7.068588e-01  6.759290e-01
    outer loop
      vertex -2.922118e+01 -2.300000e+01  9.587752e+00
      vertex -2.872131e+01 -2.300000e+01  9.741941e+00
      vertex -2.968785e+01 -2.110000e+01  1.143074e+01
    endloop
  endfacet
  facet normal -3.993469e-01 -7.052917e-01  5.857350e-01
    outer loop
      vertex -2.825000e+01 -2.300000e+01  9.968911e+00
      vertex -2.781779e+01 -2.300000e+01  1.026359e+01
      vertex -2.911109e+01 -2.110000e+01  1.166965e+01
    endloop
  endfacet
  facet normal -3.328164e-01 -7.081892e-01  6.226566e-01
    outer loop
      vertex -2.938771e+01 -2.110000e+01  1.152179e+01
      vertex -2.825000e+01 -2.300000e+01  9.968911e+00
      vertex -2.911109e+01 -2.110000e+01  1.166965e+01
    endloop
  endfacet
  facet normal -4.820531e-01 -7.054885e-01  5.195293e-01
    outer loop
      vertex -2.781779e+01 -2.300000e+01  1.026359e+01
      vertex -2.743432e+01 -2.300000e+01  1.061940e+01
      vertex -2.886863e+01 -2.110000e+01  1.186863e+01
    endloop
  endfacet
  facet normal -4.477169e-01 -7.084725e-01  5.455422e-01
    outer loop
      vertex -2.911109e+01 -2.110000e+01  1.166965e+01
      vertex -2.781779e+01 -2.300000e+01  1.026359e+01
      vertex -2.886863e+01 -2.110000e+01  1.186863e+01
    endloop
  endfacet
  facet normal -6.133988e-01 -7.059204e-01  3.541446e-01
    outer loop
      vertex -2.710816e+01 -2.300000e+01  1.102838e+01
      vertex -2.684661e+01 -2.300000e+01  1.148141e+01
      vertex -2.866965e+01 -2.110000e+01  1.211109e+01
    endloop
  endfacet
  facet normal -5.474780e-01 -7.059705e-01  4.493034e-01
    outer loop
      vertex -2.886863e+01 -2.110000e+01  1.186863e+01
      vertex -2.710816e+01 -2.300000e+01  1.102838e+01
      vertex -2.866965e+01 -2.110000e+01  1.211109e+01
    endloop
  endfacet
  facet normal -5.527980e-01 -7.071579e-01  4.408426e-01
    outer loop
      vertex -2.743432e+01 -2.300000e+01  1.061940e+01
      vertex -2.710816e+01 -2.300000e+01  1.102838e+01
      vertex -2.886863e+01 -2.110000e+01  1.186863e+01
    endloop
  endfacet
  facet normal -6.598755e-01 -7.053313e-01  2.589830e-01
    outer loop
      vertex -2.684661e+01 -2.300000e+01  1.148141e+01
      vertex -2.665549e+01 -2.300000e+01  1.196836e+01
      vertex -2.852179e+01 -2.110000e+01  1.238771e+01
    endloop
  endfacet
  facet normal -6.228569e-01 -7.079627e-01  3.329238e-01
    outer loop
      vertex -2.866965e+01 -2.110000e+01  1.211109e+01
      vertex -2.684661e+01 -2.300000e+01  1.148141e+01
      vertex -2.852179e+01 -2.110000e+01  1.238771e+01
    endloop
  endfacet
  facet normal -6.910416e-01 -7.053968e-01  1.577241e-01
    outer loop
      vertex -2.665549e+01 -2.300000e+01  1.196836e+01
      vertex -2.653909e+01 -2.300000e+01  1.247835e+01
      vertex -2.843074e+01 -2.110000e+01  1.268786e+01
    endloop
  endfacet
  facet normal -6.752950e-01 -7.085293e-01  2.048485e-01
    outer loop
      vertex -2.852179e+01 -2.110000e+01  1.238771e+01
      vertex -2.665549e+01 -2.300000e+01  1.196836e+01
      vertex -2.843074e+01 -2.110000e+01  1.268786e+01
    endloop
  endfacet
  facet normal -7.061161e-01 -7.061161e-01 -5.291726e-02
    outer loop
      vertex -2.650000e+01 -2.300000e+01  1.300000e+01
      vertex -2.653909e+01 -2.300000e+01  1.352165e+01
      vertex -2.840000e+01 -2.110000e+01  1.300000e+01
    endloop
  endfacet
  facet normal -7.031319e-01 -7.076788e-01 -6.925476e-02
    outer loop
      vertex -2.653909e+01 -2.300000e+01  1.352165e+01
      vertex -2.843074e+01 -2.110000e+01  1.331214e+01
      vertex -2.840000e+01 -2.110000e+01  1.300000e+01
    endloop
  endfacet
  facet normal  7.031319e-01 -7.076788e-01 -6.925482e-02
    outer loop
      vertex -3.156926e+01 -2.110000e+01  1.331214e+01
      vertex -3.346091e+01 -2.300000e+01  1.352165e+01
      vertex -3.160000e+01 -2.110000e+01  1.300000e+01
    endloop
  endfacet
  facet normal  7.061161e-01 -7.061161e-01 -5.291726e-02
    outer loop
      vertex -3.346091e+01 -2.300000e+01  1.352165e+01
      vertex -3.350000e+01 -2.300000e+01  1.300000e+01
      vertex -3.160000e+01 -2.110000e+01  1.300000e+01
    endloop
  endfacet
  facet normal -6.910416e-01 -7.053968e-01 -1.577241e-01
    outer loop
      vertex -2.653909e+01 -2.300000e+01  1.352165e+01
      vertex -2.665549e+01 -2.300000e+01  1.403164e+01
      vertex -2.843074e+01 -2.110000e+01  1.331214e+01
    endloop
  endfacet
  facet normal -6.598755e-01 -7.053313e-01 -2.589830e-01
    outer loop
      vertex -2.665549e+01 -2.300000e+01  1.403164e+01
      vertex -2.684661e+01 -2.300000e+01  1.451859e+01
      vertex -2.852179e+01 -2.110000e+01  1.361229e+01
    endloop
  endfacet
  facet normal -6.752950e-01 -7.085293e-01 -2.048485e-01
    outer loop
      vertex -2.843074e+01 -2.110000e+01  1.331214e+01
      vertex -2.665549e+01 -2.300000e+01  1.403164e+01
      vertex -2.852179e+01 -2.110000e+01  1.361229e+01
    endloop
  endfacet
  facet normal -6.133987e-01 -7.059204e-01 -3.541446e-01
    outer loop
      vertex -2.684661e+01 -2.300000e+01  1.451859e+01
      vertex -2.710816e+01 -2.300000e+01  1.497162e+01
      vertex -2.866965e+01 -2.110000e+01  1.388891e+01
    endloop
  endfacet
  facet normal -6.228569e-01 -7.079627e-01 -3.329238e-01
    outer loop
      vertex -2.852179e+01 -2.110000e+01  1.361229e+01
      vertex -2.684661e+01 -2.300000e+01  1.451859e+01
      vertex -2.866965e+01 -2.110000e+01  1.388891e+01
    endloop
  endfacet
  facet normal -4.820531e-01 -7.054886e-01 -5.195293e-01
    outer loop
      vertex -2.743432e+01 -2.300000e+01  1.538060e+01
      vertex -2.781779e+01 -2.300000e+01  1.573641e+01
      vertex -2.886863e+01 -2.110000e+01  1.413137e+01
    endloop
  endfacet
  facet normal -5.464222e-01 -7.073382e-01 -4.484369e-01
    outer loop
      vertex -2.866965e+01 -2.110000e+01  1.388891e+01
      vertex -2.743432e+01 -2.300000e+01  1.538060e+01
      vertex -2.886863e+01 -2.110000e+01  1.413137e+01
    endloop
  endfacet
  facet normal -5.534381e-01 -7.063382e-01 -4.413531e-01
    outer loop
      vertex -2.710816e+01 -2.300000e+01  1.497162e+01
      vertex -2.743432e+01 -2.300000e+01  1.538060e+01
      vertex -2.866965e+01 -2.110000e+01  1.388891e+01
    endloop
  endfacet
  facet normal -3.993478e-01 -7.052918e-01 -5.857344e-01
    outer loop
      vertex -2.781779e+01 -2.300000e+01  1.573641e+01
      vertex -2.825000e+01 -2.300000e+01  1.603109e+01
      vertex -2.911109e+01 -2.110000e+01  1.433035e+01
    endloop
  endfacet
  facet normal -4.477169e-01 -7.084725e-01 -5.455422e-01
    outer loop
      vertex -2.886863e+01 -2.110000e+01  1.413137e+01
      vertex -2.781779e+01 -2.300000e+01  1.573641e+01
      vertex -2.911109e+01 -2.110000e+01  1.433035e+01
    endloop
  endfacet
  facet normal -3.073893e-01 -7.057503e-01 -6.383011e-01
    outer loop
      vertex -2.825000e+01 -2.300000e+01  1.603109e+01
      vertex -2.872131e+01 -2.300000e+01  1.625806e+01
      vertex -2.938771e+01 -2.110000e+01  1.447821e+01
    endloop
  endfacet
  facet normal -3.328163e-01 -7.081895e-01 -6.226564e-01
    outer loop
      vertex -2.911109e+01 -2.110000e+01  1.433035e+01
      vertex -2.825000e+01 -2.300000e+01  1.603109e+01
      vertex -2.938771e+01 -2.110000e+01  1.447821e+01
    endloop
  endfacet
  facet normal -1.056106e-01 -7.056063e-01 -7.006897e-01
    outer loop
      vertex -2.922118e+01 -2.300000e+01  1.641225e+01
      vertex -2.973845e+01 -2.300000e+01  1.649021e+01
      vertex -2.968785e+01 -2.110000e+01  1.456926e+01
    endloop
  endfacet
  facet normal -2.053113e-01 -7.069398e-01 -6.768185e-01
    outer loop
      vertex -2.938771e+01 -2.110000e+01  1.447821e+01
      vertex -2.922118e+01 -2.300000e+01  1.641225e+01
      vertex -2.968785e+01 -2.110000e+01  1.456926e+01
    endloop
  endfacet
  facet normal -2.085775e-01 -7.065857e-01 -6.761894e-01
    outer loop
      vertex -2.872131e+01 -2.300000e+01  1.625806e+01
      vertex -2.922118e+01 -2.300000e+01  1.641225e+01
      vertex -2.938771e+01 -2.110000e+01  1.447821e+01
    endloop
  endfacet
  facet normal  0.000000e+00 -7.052786e-01 -7.089303e-01
    outer loop
      vertex -2.973845e+01 -2.300000e+01  1.649021e+01
      vertex -3.026155e+01 -2.300000e+01  1.649021e+01
      vertex -3.000000e+01 -2.110000e+01  1.460000e+01
    endloop
  endfacet
  facet normal -6.918552e-02 -7.083592e-01 -7.024533e-01
    outer loop
      vertex -2.968785e+01 -2.110000e+01  1.456926e+01
      vertex -2.973845e+01 -2.300000e+01  1.649021e+01
      vertex -3.000000e+01 -2.110000e+01  1.460000e+01
    endloop
  endfacet
  facet normal  1.056106e-01 -7.056063e-01 -7.006897e-01
    outer loop
      vertex -3.026155e+01 -2.300000e+01  1.649021e+01
      vertex -3.077882e+01 -2.300000e+01  1.641225e+01
      vertex -3.031215e+01 -2.110000e+01  1.456926e+01
    endloop
  endfacet
  facet normal  6.918552e-02 -7.083592e-01 -7.024533e-01
    outer loop
      vertex -3.000000e+01 -2.110000e+01  1.460000e+01
      vertex -3.026155e+01 -2.300000e+01  1.649021e+01
      vertex -3.031215e+01 -2.110000e+01  1.456926e+01
    endloop
  endfacet
  facet normal  3.073893e-01 -7.057503e-01 -6.383011e-01
    outer loop
      vertex -3.127869e+01 -2.300000e+01  1.625806e+01
      vertex -3.175000e+01 -2.300000e+01  1.603109e+01
      vertex -3.061229e+01 -2.110000e+01  1.447821e+01
    endloop
  endfacet
  facet normal  2.054437e-01 -7.064840e-01 -6.772542e-01
    outer loop
      vertex -3.031215e+01 -2.110000e+01  1.456926e+01
      vertex -3.127869e+01 -2.300000e+01  1.625806e+01
      vertex -3.061229e+01 -2.110000e+01  1.447821e+01
    endloop
  endfacet
  facet normal  2.084970e-01 -7.068589e-01 -6.759285e-01
    outer loop
      vertex -3.077882e+01 -2.300000e+01  1.641225e+01
      vertex -3.127869e+01 -2.300000e+01  1.625806e+01
      vertex -3.031215e+01 -2.110000e+01  1.456926e+01
    endloop
  endfacet
  facet normal  3.993491e-01 -7.052917e-01 -5.857337e-01
    outer loop
      vertex -3.175000e+01 -2.300000e+01  1.603109e+01
      vertex -3.218221e+01 -2.300000e+01  1.573641e+01
      vertex -3.088891e+01 -2.110000e+01  1.433035e+01
    endloop
  endfacet
  facet normal  3.328163e-01 -7.081895e-01 -6.226564e-01
    outer loop
      vertex -3.061229e+01 -2.110000e+01  1.447821e+01
      vertex -3.175000e+01 -2.300000e+01  1.603109e+01
      vertex -3.088891e+01 -2.110000e+01  1.433035e+01
    endloop
  endfacet
  facet normal  4.820519e-01 -7.054884e-01 -5.195306e-01
    outer loop
      vertex -3.218221e+01 -2.300000e+01  1.573641e+01
      vertex -3.256568e+01 -2.300000e+01  1.538060e+01
      vertex -3.113137e+01 -2.110000e+01  1.413137e+01
    endloop
  endfacet
  facet normal  4.477170e-01 -7.084724e-01 -5.455423e-01
    outer loop
      vertex -3.088891e+01 -2.110000e+01  1.433035e+01
      vertex -3.218221e+01 -2.300000e+01  1.573641e+01
      vertex -3.113137e+01 -2.110000e+01  1.413137e+01
    endloop
  endfacet
  facet normal  6.133966e-01 -7.059202e-01 -3.541486e-01
    outer loop
      vertex -3.289183e+01 -2.300000e+01  1.497162e+01
      vertex -3.315339e+01 -2.300000e+01  1.451859e+01
      vertex -3.133035e+01 -2.110000e+01  1.388891e+01
    endloop
  endfacet
  facet normal  5.474781e-01 -7.059703e-01 -4.493036e-01
    outer loop
      vertex -3.113137e+01 -2.110000e+01  1.413137e+01
      vertex -3.289183e+01 -2.300000e+01  1.497162e+01
      vertex -3.133035e+01 -2.110000e+01  1.388891e+01
    endloop
  endfacet
  facet normal  5.527992e-01 -7.071579e-01 -4.408410e-01
    outer loop
      vertex -3.256568e+01 -2.300000e+01  1.538060e+01
      vertex -3.289183e+01 -2.300000e+01  1.497162e+01
      vertex -3.113137e+01 -2.110000e+01  1.413137e+01
    endloop
  endfacet
  facet normal  6.598762e-01 -7.053314e-01 -2.589806e-01
    outer loop
      vertex -3.315339e+01 -2.300000e+01  1.451859e+01
      vertex -3.334451e+01 -2.300000e+01  1.403164e+01
      vertex -3.147821e+01 -2.110000e+01  1.361229e+01
    endloop
  endfacet
  facet normal  6.228566e-01 -7.079629e-01 -3.329236e-01
    outer loop
      vertex -3.133035e+01 -2.110000e+01  1.388891e+01
      vertex -3.315339e+01 -2.300000e+01  1.451859e+01
      vertex -3.147821e+01 -2.110000e+01  1.361229e+01
    endloop
  endfacet
  facet normal  6.910416e-01 -7.053968e-01 -1.577241e-01
    outer loop
      vertex -3.334451e+01 -2.300000e+01  1.403164e+01
      vertex -3.346091e+01 -2.300000e+01  1.352165e+01
      vertex -3.156926e+01 -2.110000e+01  1.331214e+01
    endloop
  endfacet
  facet normal  6.752950e-01 -7.085293e-01 -2.048485e-01
    outer loop
      vertex -3.147821e+01 -2.110000e+01  1.361229e+01
      vertex -3.334451e+01 -2.300000e+01  1.403164e+01
      vertex -3.156926e+01 -2.110000e+01  1.331214e+01
    endloop
  endfacet
  facet normal  1.253337e-01  0.000000e+00  9.921147e-01
    outer loop
      vertex -3.139526e-01 -1.800000e+01 -4.990134e+00
      vertex -9.369066e-01  2.300000e+01 -4.911436e+00
      vertex -9.369066e-01 -1.800000e+01 -4.911436e+00
    endloop
  endfacet
  facet normal  2.486899e-01  -0.000000e+00  9.685832e-01
    outer loop
      vertex -9.369066e-01 -1.800000e+01 -4.911436e+00
      vertex -9.369066e-01  2.300000e+01 -4.911436e+00
      vertex -1.545085e+00  2.300000e+01 -4.755282e+00
    endloop
  endfacet
  facet normal  2.486899e-01  0.000000e+00  9.685832e-01
    outer loop
      vertex -9.369066e-01 -1.800000e+01 -4.911436e+00
      vertex -1.545085e+00  2.300000e+01 -4.755282e+00
      vertex -1.545085e+00 -1.800000e+01 -4.755282e+00
    endloop
  endfacet
  facet normal  3.681245e-01  -0.000000e+00  9.297764e-01
    outer loop
      vertex -1.545085e+00 -1.800000e+01 -4.755282e+00
      vertex -1.545085e+00  2.300000e+01 -4.755282e+00
      vertex -2.128896e+00  2.300000e+01 -4.524135e+00
    endloop
  endfacet
  facet normal  3.681245e-01  0.000000e+00  9.297764e-01
    outer loop
      vertex -1.545085e+00 -1.800000e+01 -4.755282e+00
      vertex -2.128896e+00  2.300000e+01 -4.524135e+00
      vertex -2.128896e+00 -1.800000e+01 -4.524135e+00
    endloop
  endfacet
  facet normal  4.817536e-01  -0.000000e+00  8.763067e-01
    outer loop
      vertex -2.128896e+00 -1.800000e+01 -4.524135e+00
      vertex -2.128896e+00  2.300000e+01 -4.524135e+00
      vertex -2.679134e+00  2.300000e+01 -4.221640e+00
    endloop
  endfacet
  facet normal  4.817536e-01  0.000000e+00  8.763067e-01
    outer loop
      vertex -2.128896e+00 -1.800000e+01 -4.524135e+00
      vertex -2.679134e+00  2.300000e+01 -4.221640e+00
      vertex -2.679134e+00 -1.800000e+01 -4.221640e+00
    endloop
  endfacet
  facet normal  5.877852e-01  -0.000000e+00  8.090171e-01
    outer loop
      vertex -2.679134e+00 -1.800000e+01 -4.221640e+00
      vertex -2.679134e+00  2.300000e+01 -4.221640e+00
      vertex -3.187120e+00  2.300000e+01 -3.852566e+00
    endloop
  endfacet
  facet normal  5.877852e-01  0.000000e+00  8.090171e-01
    outer loop
      vertex -2.679134e+00 -1.800000e+01 -4.221640e+00
      vertex -3.187120e+00  2.300000e+01 -3.852566e+00
      vertex -3.187120e+00 -1.800000e+01 -3.852566e+00
    endloop
  endfacet
  facet normal  6.845472e-01  -0.000000e+00  7.289685e-01
    outer loop
      vertex -3.187120e+00 -1.800000e+01 -3.852566e+00
      vertex -3.187120e+00  2.300000e+01 -3.852566e+00
      vertex -3.644843e+00  2.300000e+01 -3.422735e+00
    endloop
  endfacet
  facet normal  6.845472e-01  0.000000e+00  7.289685e-01
    outer loop
      vertex -3.187120e+00 -1.800000e+01 -3.852566e+00
      vertex -3.644843e+00  2.300000e+01 -3.422735e+00
      vertex -3.644843e+00 -1.800000e+01 -3.422735e+00
    endloop
  endfacet
  facet normal  7.705132e-01  -0.000000e+00  6.374241e-01
    outer loop
      vertex -3.644843e+00 -1.800000e+01 -3.422735e+00
      vertex -3.644843e+00  2.300000e+01 -3.422735e+00
      vertex -4.045085e+00  2.300000e+01 -2.938926e+00
    endloop
  endfacet
  facet normal  7.705132e-01  0.000000e+00  6.374241e-01
    outer loop
      vertex -3.644843e+00 -1.800000e+01 -3.422735e+00
      vertex -4.045085e+00  2.300000e+01 -2.938926e+00
      vertex -4.045085e+00 -1.800000e+01 -2.938926e+00
    endloop
  endfacet
  facet normal  8.443277e-01  -0.000000e+00  5.358272e-01
    outer loop
      vertex -4.045085e+00 -1.800000e+01 -2.938926e+00
      vertex -4.045085e+00  2.300000e+01 -2.938926e+00
      vertex -4.381534e+00  2.300000e+01 -2.408768e+00
    endloop
  endfacet
  facet normal  8.443277e-01  0.000000e+00  5.358272e-01
    outer loop
      vertex -4.045085e+00 -1.800000e+01 -2.938926e+00
      vertex -4.381534e+00  2.300000e+01 -2.408768e+00
      vertex -4.381534e+00 -1.800000e+01 -2.408768e+00
    endloop
  endfacet
  facet normal  9.048272e-01  -0.000000e+00  4.257790e-01
    outer loop
      vertex -4.381534e+00 -1.800000e+01 -2.408768e+00
      vertex -4.381534e+00  2.300000e+01 -2.408768e+00
      vertex -4.648882e+00  2.300000e+01 -1.840623e+00
    endloop
  endfacet
  facet normal  9.048272e-01  0.000000e+00  4.257790e-01
    outer loop
      vertex -4.381534e+00 -1.800000e+01 -2.408768e+00
      vertex -4.648882e+00  2.300000e+01 -1.840623e+00
      vertex -4.648882e+00 -1.800000e+01 -1.840623e+00
    endloop
  endfacet
  facet normal  9.510564e-01  -0.000000e+00  3.090174e-01
    outer loop
      vertex -4.648882e+00 -1.800000e+01 -1.840623e+00
      vertex -4.648882e+00  2.300000e+01 -1.840623e+00
      vertex -4.842916e+00  2.300000e+01 -1.243449e+00
    endloop
  endfacet
  facet normal  9.510564e-01  0.000000e+00  3.090174e-01
    outer loop
      vertex -4.648882e+00 -1.800000e+01 -1.840623e+00
      vertex -4.842916e+00  2.300000e+01 -1.243449e+00
      vertex -4.842916e+00 -1.800000e+01 -1.243449e+00
    endloop
  endfacet
  facet normal  9.822873e-01  -0.000000e+00  1.873813e-01
    outer loop
      vertex -4.842916e+00 -1.800000e+01 -1.243449e+00
      vertex -4.842916e+00  2.300000e+01 -1.243449e+00
      vertex -4.960574e+00  2.300000e+01 -6.266662e-01
    endloop
  endfacet
  facet normal  9.822873e-01  0.000000e+00  1.873813e-01
    outer loop
      vertex -4.842916e+00 -1.800000e+01 -1.243449e+00
      vertex -4.960574e+00  2.300000e+01 -6.266662e-01
      vertex -4.960574e+00 -1.800000e+01 -6.266662e-01
    endloop
  endfacet
  facet normal  9.980268e-01  -0.000000e+00  6.279025e-02
    outer loop
      vertex -4.960574e+00 -1.800000e+01 -6.266662e-01
      vertex -4.960574e+00  2.300000e+01 -6.266662e-01
      vertex -5.000000e+00  2.300000e+01 -1.278457e-15
    endloop
  endfacet
  facet normal  9.980268e-01  0.000000e+00  6.279025e-02
    outer loop
      vertex -4.960574e+00 -1.800000e+01 -6.266662e-01
      vertex -5.000000e+00  2.300000e+01 -1.278457e-15
      vertex -5.000000e+00 -1.800000e+01 -1.278457e-15
    endloop
  endfacet
  facet normal  1.253337e-01  -0.000000e+00  9.921147e-01
    outer loop
      vertex -9.369066e-01  2.300000e+01 -4.911436e+00
      vertex -3.139526e-01 -1.800000e+01 -4.990134e+00
      vertex -3.139526e-01  2.300000e+01 -4.990134e+00
    endloop
  endfacet
  facet normal  0.000000e+00  0.000000e+00  1.000000e+00
    outer loop
      vertex -3.139526e-01  2.300000e+01 -4.990134e+00
      vertex -3.139526e-01 -1.800000e+01 -4.990134e+00
      vertex  3.139526e-01 -1.800000e+01 -4.990134e+00
    endloop
  endfacet
  facet normal  0.000000e+00  -0.000000e+00  1.000000e+00
    outer loop
      vertex -3.139526e-01  2.300000e+01 -4.990134e+00
      vertex  3.139526e-01 -1.800000e+01 -4.990134e+00
      vertex  3.139526e-01  2.300000e+01 -4.990134e+00
    endloop
  endfacet
  facet normal -1.253337e-01  0.000000e+00  9.921147e-01
    outer loop
      vertex  3.139526e-01  2.300000e+01 -4.990134e+00
      vertex  3.139526e-01 -1.800000e+01 -4.990134e+00
      vertex  9.369066e-01 -1.800000e+01 -4.911436e+00
    endloop
  endfacet
  facet normal -1.253337e-01  0.000000e+00  9.921147e-01
    outer loop
      vertex  3.139526e-01  2.300000e+01 -4.990134e+00
      vertex  9.369066e-01 -1.800000e+01 -4.911436e+00
      vertex  9.369066e-01  2.300000e+01 -4.911436e+00
    endloop
  endfacet
  facet normal -2.486899e-01  0.000000e+00  9.685832e-01
    outer loop
      vertex  9.369066e-01  2.300000e+01 -4.911436e+00
      vertex  9.369066e-01 -1.800000e+01 -4.911436e+00
      vertex  1.545085e+00 -1.800000e+01 -4.755282e+00
    endloop
  endfacet
  facet normal -2.486899e-01  0.000000e+00  9.685832e-01
    outer loop
      vertex  9.369066e-01  2.300000e+01 -4.911436e+00
      vertex  1.545085e+00 -1.800000e+01 -4.755282e+00
      vertex  1.545085e+00  2.300000e+01 -4.755282e+00
    endloop
  endfacet
  facet normal -3.681245e-01  0.000000e+00  9.297764e-01
    outer loop
      vertex  1.545085e+00  2.300000e+01 -4.755282e+00
      vertex  1.545085e+00 -1.800000e+01 -4.755282e+00
      vertex  2.128896e+00 -1.800000e+01 -4.524135e+00
    endloop
  endfacet
  facet normal -3.681245e-01  0.000000e+00  9.297764e-01
    outer loop
      vertex  1.545085e+00  2.300000e+01 -4.755282e+00
      vertex  2.128896e+00 -1.800000e+01 -4.524135e+00
      vertex  2.128896e+00  2.300000e+01 -4.524135e+00
    endloop
  endfacet
  facet normal -4.817536e-01  0.000000e+00  8.763067e-01
    outer loop
      vertex  2.128896e+00  2.300000e+01 -4.524135e+00
      vertex  2.128896e+00 -1.800000e+01 -4.524135e+00
      vertex  2.679134e+00 -1.800000e+01 -4.221640e+00
    endloop
  endfacet
  facet normal -4.817536e-01  0.000000e+00  8.763067e-01
    outer loop
      vertex  2.128896e+00  2.300000e+01 -4.524135e+00
      vertex  2.679134e+00 -1.800000e+01 -4.221640e+00
      vertex  2.679134e+00  2.300000e+01 -4.221640e+00
    endloop
  endfacet
  facet normal -5.877852e-01  0.000000e+00  8.090171e-01
    outer loop
      vertex  2.679134e+00  2.300000e+01 -4.221640e+00
      vertex  2.679134e+00 -1.800000e+01 -4.221640e+00
      vertex  3.187120e+00 -1.800000e+01 -3.852566e+00
    endloop
  endfacet
  facet normal -5.877852e-01  0.000000e+00  8.090171e-01
    outer loop
      vertex  2.679134e+00  2.300000e+01 -4.221640e+00
      vertex  3.187120e+00 -1.800000e+01 -3.852566e+00
      vertex  3.187120e+00  2.300000e+01 -3.852566e+00
    endloop
  endfacet
  facet normal -6.845472e-01  0.000000e+00  7.289685e-01
    outer loop
      vertex  3.187120e+00  2.300000e+01 -3.852566e+00
      vertex  3.187120e+00 -1.800000e+01 -3.852566e+00
      vertex  3.644843e+00 -1.800000e+01 -3.422735e+00
    endloop
  endfacet
  facet normal -6.845472e-01  0.000000e+00  7.289685e-01
    outer loop
      vertex  3.187120e+00  2.300000e+01 -3.852566e+00
      vertex  3.644843e+00 -1.800000e+01 -3.422735e+00
      vertex  3.644843e+00  2.300000e+01 -3.422735e+00
    endloop
  endfacet
  facet normal -7.705132e-01  0.000000e+00  6.374241e-01
    outer loop
      vertex  3.644843e+00  2.300000e+01 -3.422735e+00
      vertex  3.644843e+00 -1.800000e+01 -3.422735e+00
      vertex  4.045085e+00 -1.800000e+01 -2.938926e+00
    endloop
  endfacet
  facet normal -7.705132e-01  0.000000e+00  6.374241e-01
    outer loop
      vertex  3.644843e+00  2.300000e+01 -3.422735e+00
      vertex  4.045085e+00 -1.800000e+01 -2.938926e+00
      vertex  4.045085e+00  2.300000e+01 -2.938926e+00
    endloop
  endfacet
  facet normal -8.443277e-01  0.000000e+00  5.358272e-01
    outer loop
      vertex  4.045085e+00  2.300000e+01 -2.938926e+00
      vertex  4.045085e+00 -1.800000e+01 -2.938926e+00
      vertex  4.381534e+00 -1.800000e+01 -2.408768e+00
    endloop
  endfacet
  facet normal -8.443277e-01  0.000000e+00  5.358272e-01
    outer loop
      vertex  4.045085e+00  2.300000e+01 -2.938926e+00
      vertex  4.381534e+00 -1.800000e+01 -2.408768e+00
      vertex  4.381534e+00  2.300000e+01 -2.408768e+00
    endloop
  endfacet
  facet normal -9.048272e-01  0.000000e+00  4.257790e-01
    outer loop
      vertex  4.381534e+00  2.300000e+01 -2.408768e+00
      vertex  4.381534e+00 -1.800000e+01 -2.408768e+00
      vertex  4.648882e+00 -1.800000e+01 -1.840623e+00
    endloop
  endfacet
  facet normal -9.048272e-01  0.000000e+00  4.257790e-01
    outer loop
      vertex  4.381534e+00  2.300000e+01 -2.408768e+00
      vertex  4.648882e+00 -1.800000e+01 -1.840623e+00
      vertex  4.648882e+00  2.300000e+01 -1.840623e+00
    endloop
  endfacet
  facet normal -9.510564e-01  0.000000e+00  3.090174e-01
    outer loop
      vertex  4.648882e+00  2.300000e+01 -1.840623e+00
      vertex  4.648882e+00 -1.800000e+01 -1.840623e+00
      vertex  4.842916e+00 -1.800000e+01 -1.243449e+00
    endloop
  endfacet
  facet normal -9.510564e-01  0.000000e+00  3.090174e-01
    outer loop
      vertex  4.648882e+00  2.300000e+01 -1.840623e+00
      vertex  4.842916e+00 -1.800000e+01 -1.243449e+00
      vertex  4.842916e+00  2.300000e+01 -1.243449e+00
    endloop
  endfacet
  facet normal -9.822873e-01  0.000000e+00  1.873813e-01
    outer loop
      vertex  4.842916e+00  2.300000e+01 -1.243449e+00
      vertex  4.842916e+00 -1.800000e+01 -1.243449e+00
      vertex  4.960574e+00 -1.800000e+01 -6.266662e-01
    endloop
  endfacet
  facet normal -9.822873e-01  0.000000e+00  1.873813e-01
    outer loop
      vertex  4.842916e+00  2.300000e+01 -1.243449e+00
      vertex  4.960574e+00 -1.800000e+01 -6.266662e-01
      vertex  4.960574e+00  2.300000e+01 -6.266662e-01
    endloop
  endfacet
  facet normal -9.980268e-01  0.000000e+00  6.279025e-02
    outer loop
      vertex  4.960574e+00  2.300000e+01 -6.266662e-01
      vertex  4.960574e+00 -1.800000e+01 -6.266662e-01
      vertex  5.000000e+00 -1.800000e+01 -6.661338e-16
    endloop
  endfacet
  facet normal -9.980268e-01  0.000000e+00  6.279025e-02
    outer loop
      vertex  4.960574e+00  2.300000e+01 -6.266662e-01
      vertex  5.000000e+00 -1.800000e+01 -6.661338e-16
      vertex  5.000000e+00  2.300000e+01 -6.661338e-16
    endloop
  endfacet
  facet normal -1.253337e-01  -0.000000e+00 -9.921147e-01
    outer loop
      vertex  3.139526e-01 -1.800000e+01  4.990134e+00
      vertex  9.369066e-01  2.300000e+01  4.911436e+00
      vertex  9.369066e-01 -1.800000e+01  4.911436e+00
    endloop
  endfacet
  facet normal -2.486899e-01  0.000000e+00 -9.685832e-01
    outer loop
      vertex  9.369066e-01 -1.800000e+01  4.911436e+00
      vertex  9.369066e-01  2.300000e+01  4.911436e+00
      vertex  1.545085e+00  2.300000e+01  4.755282e+00
    endloop
  endfacet
  facet normal -2.486899e-01  -0.000000e+00 -9.685832e-01
    outer loop
      vertex  9.369066e-01 -1.800000e+01  4.911436e+00
      vertex  1.545085e+00  2.300000e+01  4.755282e+00
      vertex  1.545085e+00 -1.800000e+01  4.755282e+00
    endloop
  endfacet
  facet normal -3.681245e-01  0.000000e+00 -9.297764e-01
    outer loop
      vertex  1.545085e+00 -1.800000e+01  4.755282e+00
      vertex  1.545085e+00  2.300000e+01  4.755282e+00
      vertex  2.128896e+00  2.300000e+01  4.524135e+00
    endloop
  endfacet
  facet normal -3.681245e-01  -0.000000e+00 -9.297764e-01
    outer loop
      vertex  1.545085e+00 -1.800000e+01  4.755282e+00
      vertex  2.128896e+00  2.300000e+01  4.524135e+00
      vertex  2.128896e+00 -1.800000e+01  4.524135e+00
    endloop
  endfacet
  facet normal -4.817536e-01  0.000000e+00 -8.763067e-01
    outer loop
      vertex  2.128896e+00 -1.800000e+01  4.524135e+00
      vertex  2.128896e+00  2.300000e+01  4.524135e+00
      vertex  2.679134e+00  2.300000e+01  4.221640e+00
    endloop
  endfacet
  facet normal -4.817536e-01  -0.000000e+00 -8.763067e-01
    outer loop
      vertex  2.128896e+00 -1.800000e+01  4.524135e+00
      vertex  2.679134e+00  2.300000e+01  4.221640e+00
      vertex  2.679134e+00 -1.800000e+01  4.221640e+00
    endloop
  endfacet
  facet normal -5.877852e-01  0.000000e+00 -8.090171e-01
    outer loop
      vertex  2.679134e+00 -1.800000e+01  4.221640e+00
      vertex  2.679134e+00  2.300000e+01  4.221640e+00
      vertex  3.187120e+00  2.300000e+01  3.852566e+00
    endloop
  endfacet
  facet normal -5.877852e-01  -0.000000e+00 -8.090171e-01
    outer loop
      vertex  2.679134e+00 -1.800000e+01  4.221640e+00
      vertex  3.187120e+00  2.300000e+01  3.852566e+00
      vertex  3.187120e+00 -1.800000e+01  3.852566e+00
    endloop
  endfacet
  facet normal -6.845472e-01  0.000000e+00 -7.289685e-01
    outer loop
      vertex  3.187120e+00 -1.800000e+01  3.852566e+00
      vertex  3.187120e+00  2.300000e+01  3.852566e+00
      vertex  3.644843e+00  2.300000e+01  3.422735e+00
    endloop
  endfacet
  facet normal -6.845472e-01  -0.000000e+00 -7.289685e-01
    outer loop
      vertex  3.187120e+00 -1.800000e+01  3.852566e+00
      vertex  3.644843e+00  2.300000e+01  3.422735e+00
      vertex  3.644843e+00 -1.800000e+01  3.422735e+00
    endloop
  endfacet
  facet normal -7.705132e-01  0.000000e+00 -6.374241e-01
    outer loop
      vertex  3.644843e+00 -1.800000e+01  3.422735e+00
      vertex  3.644843e+00  2.300000e+01  3.422735e+00
      vertex  4.045085e+00  2.300000e+01  2.938926e+00
    endloop
  endfacet
  facet normal -7.705132e-01  -0.000000e+00 -6.374241e-01
    outer loop
      vertex  3.644843e+00 -1.800000e+01  3.422735e+00
      vertex  4.045085e+00  2.300000e+01  2.938926e+00
      vertex  4.045085e+00 -1.800000e+01  2.938926e+00
    endloop
  endfacet
  facet normal -8.443277e-01  0.000000e+00 -5.358272e-01
    outer loop
      vertex  4.045085e+00 -1.800000e+01  2.938926e+00
      vertex  4.045085e+00  2.300000e+01  2.938926e+00
      vertex  4.381534e+00  2.300000e+01  2.408768e+00
    endloop
  endfacet
  facet normal -8.443277e-01  -0.000000e+00 -5.358272e-01
    outer loop
      vertex  4.045085e+00 -1.800000e+01  2.938926e+00
      vertex  4.381534e+00  2.300000e+01  2.408768e+00
      vertex  4.381534e+00 -1.800000e+01  2.408768e+00
    endloop
  endfacet
  facet normal -9.048272e-01  0.000000e+00 -4.257790e-01
    outer loop
      vertex  4.381534e+00 -1.800000e+01  2.408768e+00
      vertex  4.381534e+00  2.300000e+01  2.408768e+00
      vertex  4.648882e+00  2.300000e+01  1.840623e+00
    endloop
  endfacet
  facet normal -9.048272e-01  -0.000000e+00 -4.257790e-01
    outer loop
      vertex  4.381534e+00 -1.800000e+01  2.408768e+00
      vertex  4.648882e+00  2.300000e+01  1.840623e+00
      vertex  4.648882e+00 -1.800000e+01  1.840623e+00
    endloop
  endfacet
  facet normal -9.510564e-01  0.000000e+00 -3.090174e-01
    outer loop
      vertex  4.648882e+00 -1.800000e+01  1.840623e+00
      vertex  4.648882e+00  2.300000e+01  1.840623e+00
      vertex  4.842916e+00  2.300000e+01  1.243449e+00
    endloop
  endfacet
  facet normal -9.510564e-01  -0.000000e+00 -3.090174e-01
    outer loop
      vertex  4.648882e+00 -1.800000e+01  1.840623e+00
      vertex  4.842916e+00  2.300000e+01  1.243449e+00
      vertex  4.842916e+00 -1.800000e+01  1.243449e+00
    endloop
  endfacet
  facet normal -9.822873e-01  0.000000e+00 -1.873813e-01
    outer loop
      vertex  4.842916e+00 -1.800000e+01  1.243449e+00
      vertex  4.842916e+00  2.300000e+01  1.243449e+00
      vertex  4.960574e+00  2.300000e+01  6.266662e-01
    endloop
  endfacet
  facet normal -9.822873e-01  -0.000000e+00 -1.873813e-01
    outer loop
      vertex  4.842916e+00 -1.800000e+01  1.243449e+00
      vertex  4.960574e+00  2.300000e+01  6.266662e-01
      vertex  4.960574e+00 -1.800000e+01  6.266662e-01
    endloop
  endfacet
  facet normal -9.980268e-01  0.000000e+00 -6.279025e-02
    outer loop
      vertex  4.960574e+00 -1.800000e+01  6.266662e-01
      vertex  4.960574e+00  2.300000e+01  6.266662e-01
      vertex  5.000000e+00  2.300000e+01 -6.661338e-16
    endloop
  endfacet
  facet normal -9.980268e-01  -0.000000e+00 -6.279025e-02
    outer loop
      vertex  4.960574e+00 -1.800000e+01  6.266662e-01
      vertex  5.000000e+00  2.300000e+01 -6.661338e-16
      vertex  5.000000e+00 -1.800000e+01 -6.661338e-16
    endloop
  endfacet
  facet normal -1.253337e-01  0.000000e+00 -9.921147e-01
    outer loop
      vertex  9.369066e-01  2.300000e+01  4.911436e+00
      vertex  3.139526e-01 -1.800000e+01  4.990134e+00
      vertex  3.139526e-01  2.300000e+01  4.990134e+00
    endloop
  endfacet
  facet normal  0.000000e+00  -0.000000e+00 -1.000000e+00
    outer loop
      vertex  3.139526e-01  2.300000e+01  4.990134e+00
      vertex  3.139526e-01 -1.800000e+01  4.990134e+00
      vertex -3.139526e-01 -1.800000e+01  4.990134e+00
    endloop
  endfacet
  facet normal  0.000000e+00  0.000000e+00 -1.000000e+00
    outer loop
      vertex  3.139526e-01  2.300000e+01  4.990134e+00
      vertex -3.139526e-01 -1.800000e+01  4.990134e+00
      vertex -3.139526e-01  2.300000e+01  4.990134e+00
    endloop
  endfacet
  facet normal  1.253337e-01  0.000000e+00 -9.921147e-01
    outer loop
      vertex -3.139526e-01  2.300000e+01  4.990134e+00
      vertex -3.139526e-01 -1.800000e+01  4.990134e+00
      vertex -9.369066e-01 -1.800000e+01  4.911436e+00
    endloop
  endfacet
  facet normal  1.253337e-01  0.000000e+00 -9.921147e-01
    outer loop
      vertex -3.139526e-01  2.300000e+01  4.990134e+00
      vertex -9.369066e-01 -1.800000e+01  4.911436e+00
      vertex -9.369066e-01  2.300000e+01  4.911436e+00
    endloop
  endfacet
  facet normal  2.486899e-01  0.000000e+00 -9.685832e-01
    outer loop
      vertex -9.369066e-01  2.300000e+01  4.911436e+00
      vertex -9.369066e-01 -1.800000e+01  4.911436e+00
      vertex -1.545085e+00 -1.800000e+01  4.755282e+00
    endloop
  endfacet
  facet normal  2.486899e-01  0.000000e+00 -9.685832e-01
    outer loop
      vertex -9.369066e-01  2.300000e+01  4.911436e+00
      vertex -1.545085e+00 -1.800000e+01  4.755282e+00
      vertex -1.545085e+00  2.300000e+01  4.755282e+00
    endloop
  endfacet
  facet normal  3.681245e-01  0.000000e+00 -9.297764e-01
    outer loop
      vertex -1.545085e+00  2.300000e+01  4.755282e+00
      vertex -1.545085e+00 -1.800000e+01  4.755282e+00
      vertex -2.128896e+00 -1.800000e+01  4.524135e+00
    endloop
  endfacet
  facet normal  3.681245e-01  0.000000e+00 -9.297764e-01
    outer loop
      vertex -1.545085e+00  2.300000e+01  4.755282e+00
      vertex -2.128896e+00 -1.800000e+01  4.524135e+00
      vertex -2.128896e+00  2.300000e+01  4.524135e+00
    endloop
  endfacet
  facet normal  4.817536e-01  0.000000e+00 -8.763067e-01
    outer loop
      vertex -2.128896e+00  2.300000e+01  4.524135e+00
      vertex -2.128896e+00 -1.800000e+01  4.524135e+00
      vertex -2.679134e+00 -1.800000e+01  4.221640e+00
    endloop
  endfacet
  facet normal  4.817536e-01  0.000000e+00 -8.763067e-01
    outer loop
      vertex -2.128896e+00  2.300000e+01  4.524135e+00
      vertex -2.679134e+00 -1.800000e+01  4.221640e+00
      vertex -2.679134e+00  2.300000e+01  4.221640e+00
    endloop
  endfacet
  facet normal  5.877852e-01  0.000000e+00 -8.090171e-01
    outer loop
      vertex -2.679134e+00  2.300000e+01  4.221640e+00
      vertex -2.679134e+00 -1.800000e+01  4.221640e+00
      vertex -3.187120e+00 -1.800000e+01  3.852566e+00
    endloop
  endfacet
  facet normal  5.877852e-01  0.000000e+00 -8.090171e-01
    outer loop
      vertex -2.679134e+00  2.300000e+01  4.221640e+00
      vertex -3.187120e+00 -1.800000e+01  3.852566e+00
      vertex -3.187120e+00  2.300000e+01  3.852566e+00
    endloop
  endfacet
  facet normal  6.845472e-01  0.000000e+00 -7.289685e-01
    outer loop
      vertex -3.187120e+00  2.300000e+01  3.852566e+00
      vertex -3.187120e+00 -1.800000e+01  3.852566e+00
      vertex -3.644843e+00 -1.800000e+01  3.422735e+00
    endloop
  endfacet
  facet normal  6.845472e-01  0.000000e+00 -7.289685e-01
    outer loop
      vertex -3.187120e+00  2.300000e+01  3.852566e+00
      vertex -3.644843e+00 -1.800000e+01  3.422735e+00
      vertex -3.644843e+00  2.300000e+01  3.422735e+00
    endloop
  endfacet
  facet normal  7.705132e-01  0.000000e+00 -6.374241e-01
    outer loop
      vertex -3.644843e+00  2.300000e+01  3.422735e+00
      vertex -3.644843e+00 -1.800000e+01  3.422735e+00
      vertex -4.045085e+00 -1.800000e+01  2.938926e+00
    endloop
  endfacet
  facet normal  7.705132e-01  0.000000e+00 -6.374241e-01
    outer loop
      vertex -3.644843e+00  2.300000e+01  3.422735e+00
      vertex -4.045085e+00 -1.800000e+01  2.938926e+00
      vertex -4.045085e+00  2.300000e+01  2.938926e+00
    endloop
  endfacet
  facet normal  8.443277e-01  0.000000e+00 -5.358272e-01
    outer loop
      vertex -4.045085e+00  2.300000e+01  2.938926e+00
      vertex -4.045085e+00 -1.800000e+01  2.938926e+00
      vertex -4.381534e+00 -1.800000e+01  2.408768e+00
    endloop
  endfacet
  facet normal  8.443277e-01  0.000000e+00 -5.358272e-01
    outer loop
      vertex -4.045085e+00  2.300000e+01  2.938926e+00
      vertex -4.381534e+00 -1.800000e+01  2.408768e+00
      vertex -4.381534e+00  2.300000e+01  2.408768e+00
    endloop
  endfacet
  facet normal  9.048272e-01  0.000000e+00 -4.257790e-01
    outer loop
      vertex -4.381534e+00  2.300000e+01  2.408768e+00
      vertex -4.381534e+00 -1.800000e+01  2.408768e+00
      vertex -4.648882e+00 -1.800000e+01  1.840623e+00
    endloop
  endfacet
  facet normal  9.048272e-01  0.000000e+00 -4.257790e-01
    outer loop
      vertex -4.381534e+00  2.300000e+01  2.408768e+00
      vertex -4.648882e+00 -1.800000e+01  1.840623e+00
      vertex -4.648882e+00  2.300000e+01  1.840623e+00
    endloop
  endfacet
  facet normal  9.510564e-01  0.000000e+00 -3.090174e-01
    outer loop
      vertex -4.648882e+00  2.300000e+01  1.840623e+00
      vertex -4.648882e+00 -1.800000e+01  1.840623e+00
      vertex -4.842916e+00 -1.800000e+01  1.243449e+00
    endloop
  endfacet
  facet normal  9.510564e-01  0.000000e+00 -3.090174e-01
    outer loop
      vertex -4.648882e+00  2.300000e+01  1.840623e+00
      vertex -4.842916e+00 -1.800000e+01  1.243449e+00
      vertex -4.842916e+00  2.300000e+01  1.243449e+00
    endloop
  endfacet
  facet normal  9.822873e-01  0.000000e+00 -1.873813e-01
    outer loop
      vertex -4.842916e+00  2.300000e+01  1.243449e+00
      vertex -4.842916e+00 -1.800000e+01  1.243449e+00
      vertex -4.960574e+00 -1.800000e+01  6.266662e-01
    endloop
  endfacet
  facet normal  9.822873e-01  0.000000e+00 -1.873813e-01
    outer loop
      vertex -4.842916e+00  2.300000e+01  1.243449e+00
      vertex -4.960574e+00 -1.800000e+01  6.266662e-01
      vertex -4.960574e+00  2.300000e+01  6.266662e-01
    endloop
  endfacet
  facet normal  9.980268e-01  0.000000e+00 -6.279025e-02
    outer loop
      vertex -4.960574e+00  2.300000e+01  6.266662e-01
      vertex -4.960574e+00 -1.800000e+01  6.266662e-01
      vertex -5.000000e+00 -1.800000e+01 -1.278457e-15
    endloop
  endfacet
  facet normal  9.980268e-01  0.000000e+00 -6.279025e-02
    outer loop
      vertex -4.960574e+00  2.300000e+01  6.266662e-01
      vertex -5.000000e+00 -1.800000e+01 -1.278457e-15
      vertex -5.000000e+00  2.300000e+01 -1.278457e-15
    endloop
  endfacet
  facet normal  1.011683e-01  0.000000e+00  9.948694e-01
    outer loop
      vertex -3.798688e-01 -2.300000e+01 -7.490374e+00
      vertex -1.135708e+00 -1.800000e+01 -7.413512e+00
      vertex -1.135708e+00 -2.300000e+01 -7.413512e+00
    endloop
  endfacet
  facet normal  2.012986e-01  -0.000000e+00  9.795300e-01
    outer loop
      vertex -1.135708e+00 -2.300000e+01 -7.413512e+00
      vertex -1.135708e+00 -1.800000e+01 -7.413512e+00
      vertex -1.879894e+00 -1.800000e+01 -7.260578e+00
    endloop
  endfacet
  facet normal  2.012986e-01  0.000000e+00  9.795300e-01
    outer loop
      vertex -1.135708e+00 -2.300000e+01 -7.413512e+00
      vertex -1.879894e+00 -1.800000e+01 -7.260578e+00
      vertex -1.879894e+00 -2.300000e+01 -7.260578e+00
    endloop
  endfacet
  facet normal  2.993627e-01  -0.000000e+00  9.541394e-01
    outer loop
      vertex -1.879894e+00 -2.300000e+01 -7.260578e+00
      vertex -1.879894e+00 -1.800000e+01 -7.260578e+00
      vertex -2.604789e+00 -1.800000e+01 -7.033141e+00
    endloop
  endfacet
  facet normal  2.993627e-01  0.000000e+00  9.541394e-01
    outer loop
      vertex -1.879894e+00 -2.300000e+01 -7.260578e+00
      vertex -2.604789e+00 -1.800000e+01 -7.033141e+00
      vertex -2.604789e+00 -2.300000e+01 -7.033141e+00
    endloop
  endfacet
  facet normal  3.943563e-01  -0.000000e+00  9.189576e-01
    outer loop
      vertex -2.604789e+00 -2.300000e+01 -7.033141e+00
      vertex -2.604789e+00 -1.800000e+01 -7.033141e+00
      vertex -3.302956e+00 -1.800000e+01 -6.733534e+00
    endloop
  endfacet
  facet normal  3.943563e-01  0.000000e+00  9.189576e-01
    outer loop
      vertex -2.604789e+00 -2.300000e+01 -7.033141e+00
      vertex -3.302956e+00 -1.800000e+01 -6.733534e+00
      vertex -3.302956e+00 -2.300000e+01 -6.733534e+00
    endloop
  endfacet
  facet normal  4.853018e-01  -0.000000e+00  8.743467e-01
    outer loop
      vertex -3.302956e+00 -2.300000e+01 -6.733534e+00
      vertex -3.302956e+00 -1.800000e+01 -6.733534e+00
      vertex -3.967230e+00 -1.800000e+01 -6.364832e+00
    endloop
  endfacet
  facet normal  4.853018e-01  0.000000e+00  8.743467e-01
    outer loop
      vertex -3.302956e+00 -2.300000e+01 -6.733534e+00
      vertex -3.967230e+00 -1.800000e+01 -6.364832e+00
      vertex -3.967230e+00 -2.300000e+01 -6.364832e+00
    endloop
  endfacet
  facet normal  5.712681e-01  -0.000000e+00  8.207635e-01
    outer loop
      vertex -3.967230e+00 -2.300000e+01 -6.364832e+00
      vertex -3.967230e+00 -1.800000e+01 -6.364832e+00
      vertex -4.590795e+00 -1.800000e+01 -5.930818e+00
    endloop
  endfacet
  facet normal  5.712681e-01  0.000000e+00  8.207635e-01
    outer loop
      vertex -3.967230e+00 -2.300000e+01 -6.364832e+00
      vertex -4.590795e+00 -1.800000e+01 -5.930818e+00
      vertex -4.590795e+00 -2.300000e+01 -5.930818e+00
    endloop
  endfacet
  facet normal  6.513725e-01  -0.000000e+00  7.587582e-01
    outer loop
      vertex -4.590795e+00 -2.300000e+01 -5.930818e+00
      vertex -4.590795e+00 -1.800000e+01 -5.930818e+00
      vertex -5.167252e+00 -1.800000e+01 -5.435946e+00
    endloop
  endfacet
  facet normal  6.513725e-01  0.000000e+00  7.587582e-01
    outer loop
      vertex -4.590795e+00 -2.300000e+01 -5.930818e+00
      vertex -5.167252e+00 -1.800000e+01 -5.435946e+00
      vertex -5.167252e+00 -2.300000e+01 -5.435946e+00
    endloop
  endfacet
  facet normal  7.247931e-01  -0.000000e+00  6.889665e-01
    outer loop
      vertex -5.167252e+00 -2.300000e+01 -5.435946e+00
      vertex -5.167252e+00 -1.800000e+01 -5.435946e+00
      vertex -5.690686e+00 -1.800000e+01 -4.885293e+00
    endloop
  endfacet
  facet normal  7.247931e-01  0.000000e+00  6.889665e-01
    outer loop
      vertex -5.167252e+00 -2.300000e+01 -5.435946e+00
      vertex -5.690686e+00 -1.800000e+01 -4.885293e+00
      vertex -5.690686e+00 -2.300000e+01 -4.885293e+00
    endloop
  endfacet
  facet normal  7.907755e-01  -0.000000e+00  6.121063e-01
    outer loop
      vertex -5.690686e+00 -2.300000e+01 -4.885293e+00
      vertex -5.690686e+00 -1.800000e+01 -4.885293e+00
      vertex -6.155726e+00 -1.800000e+01 -4.284512e+00
    endloop
  endfacet
  facet normal  7.907755e-01  0.000000e+00  6.121063e-01
    outer loop
      vertex -5.690686e+00 -2.300000e+01 -4.885293e+00
      vertex -6.155726e+00 -1.800000e+01 -4.284512e+00
      vertex -6.155726e+00 -2.300000e+01 -4.284512e+00
    endloop
  endfacet
  facet normal  8.486444e-01  -0.000000e+00  5.289639e-01
    outer loop
      vertex -6.155726e+00 -2.300000e+01 -4.284512e+00
      vertex -6.155726e+00 -1.800000e+01 -4.284512e+00
      vertex -6.557600e+00 -1.800000e+01 -3.639765e+00
    endloop
  endfacet
  facet normal  8.486444e-01  0.000000e+00  5.289639e-01
    outer loop
      vertex -6.155726e+00 -2.300000e+01 -4.284512e+00
      vertex -6.557600e+00 -1.800000e+01 -3.639765e+00
      vertex -6.557600e+00 -2.300000e+01 -3.639765e+00
    endloop
  endfacet
  facet normal  8.978044e-01  -0.000000e+00  4.403945e-01
    outer loop
      vertex -6.557600e+00 -2.300000e+01 -3.639765e+00
      vertex -6.557600e+00 -1.800000e+01 -3.639765e+00
      vertex -6.892184e+00 -1.800000e+01 -2.957669e+00
    endloop
  endfacet
  facet normal  8.978044e-01  0.000000e+00  4.403945e-01
    outer loop
      vertex -6.557600e+00 -2.300000e+01 -3.639765e+00
      vertex -6.892184e+00 -1.800000e+01 -2.957669e+00
      vertex -6.892184e+00 -2.300000e+01 -2.957669e+00
    endloop
  endfacet
  facet normal  9.377522e-01  -0.000000e+00  3.473051e-01
    outer loop
      vertex -6.892184e+00 -2.300000e+01 -2.957669e+00
      vertex -6.892184e+00 -1.800000e+01 -2.957669e+00
      vertex -7.156044e+00 -1.800000e+01 -2.245224e+00
    endloop
  endfacet
  facet normal  9.377522e-01  0.000000e+00  3.473051e-01
    outer loop
      vertex -6.892184e+00 -2.300000e+01 -2.957669e+00
      vertex -7.156044e+00 -1.800000e+01 -2.245224e+00
      vertex -7.156044e+00 -2.300000e+01 -2.245224e+00
    endloop
  endfacet
  facet normal  9.680771e-01  -0.000000e+00  2.506525e-01
    outer loop
      vertex -7.156044e+00 -2.300000e+01 -2.245224e+00
      vertex -7.156044e+00 -1.800000e+01 -2.245224e+00
      vertex -7.346475e+00 -1.800000e+01 -1.509739e+00
    endloop
  endfacet
  facet normal  9.680771e-01  0.000000e+00  2.506525e-01
    outer loop
      vertex -7.156044e+00 -2.300000e+01 -2.245224e+00
      vertex -7.346475e+00 -1.800000e+01 -1.509739e+00
      vertex -7.346475e+00 -2.300000e+01 -1.509739e+00
    endloop
  endfacet
  facet normal  9.884685e-01  -0.000000e+00  1.514274e-01
    outer loop
      vertex -7.346475e+00 -2.300000e+01 -1.509739e+00
      vertex -7.346475e+00 -1.800000e+01 -1.509739e+00
      vertex -7.461520e+00 -1.800000e+01 -7.587624e-01
    endloop
  endfacet
  facet normal  9.884685e-01  0.000000e+00  1.514274e-01
    outer loop
      vertex -7.346475e+00 -2.300000e+01 -1.509739e+00
      vertex -7.461520e+00 -1.800000e+01 -7.587624e-01
      vertex -7.461520e+00 -2.300000e+01 -7.587624e-01
    endloop
  endfacet
  facet normal  9.987165e-01  -0.000000e+00  5.064944e-02
    outer loop
      vertex -7.461520e+00 -2.300000e+01 -7.587624e-01
      vertex -7.461520e+00 -1.800000e+01 -7.587624e-01
      vertex -7.500000e+00 -1.800000e+01 -4.915288e-15
    endloop
  endfacet
  facet normal  9.987165e-01  0.000000e+00  5.064944e-02
    outer loop
      vertex -7.461520e+00 -2.300000e+01 -7.587624e-01
      vertex -7.500000e+00 -1.800000e+01 -4.915288e-15
      vertex -7.500000e+00 -2.300000e+01 -4.915288e-15
    endloop
  endfacet
  facet normal  1.011683e-01  -0.000000e+00  9.948694e-01
    outer loop
      vertex -1.135708e+00 -1.800000e+01 -7.413512e+00
      vertex -3.798688e-01 -2.300000e+01 -7.490374e+00
      vertex -3.798688e-01 -1.800000e+01 -7.490374e+00
    endloop
  endfacet
  facet normal  0.000000e+00  0.000000e+00  1.000000e+00
    outer loop
      vertex -3.798688e-01 -1.800000e+01 -7.490374e+00
      vertex -3.798688e-01 -2.300000e+01 -7.490374e+00
      vertex  3.798688e-01 -2.300000e+01 -7.490374e+00
    endloop
  endfacet
  facet normal  0.000000e+00  -0.000000e+00  1.000000e+00
    outer loop
      vertex -3.798688e-01 -1.800000e+01 -7.490374e+00
      vertex  3.798688e-01 -2.300000e+01 -7.490374e+00
      vertex  3.798688e-01 -1.800000e+01 -7.490374e+00
    endloop
  endfacet
  facet normal -1.011683e-01  0.000000e+00  9.948694e-01
    outer loop
      vertex  3.798688e-01 -1.800000e+01 -7.490374e+00
      vertex  3.798688e-01 -2.300000e+01 -7.490374e+00
      vertex  1.135708e+00 -2.300000e+01 -7.413512e+00
    endloop
  endfacet
  facet normal -1.011683e-01  0.000000e+00  9.948694e-01
    outer loop
      vertex  3.798688e-01 -1.800000e+01 -7.490374e+00
      vertex  1.135708e+00 -2.300000e+01 -7.413512e+00
      vertex  1.135708e+00 -1.800000e+01 -7.413512e+00
    endloop
  endfacet
  facet normal -2.012986e-01  0.000000e+00  9.795300e-01
    outer loop
      vertex  1.135708e+00 -1.800000e+01 -7.413512e+00
      vertex  1.135708e+00 -2.300000e+01 -7.413512e+00
      vertex  1.879894e+00 -2.300000e+01 -7.260578e+00
    endloop
  endfacet
  facet normal -2.012986e-01  0.000000e+00  9.795300e-01
    outer loop
      vertex  1.135708e+00 -1.800000e+01 -7.413512e+00
      vertex  1.879894e+00 -2.300000e+01 -7.260578e+00
      vertex  1.879894e+00 -1.800000e+01 -7.260578e+00
    endloop
  endfacet
  facet normal -2.993627e-01  0.000000e+00  9.541394e-01
    outer loop
      vertex  1.879894e+00 -1.800000e+01 -7.260578e+00
      vertex  1.879894e+00 -2.300000e+01 -7.260578e+00
      vertex  2.604789e+00 -2.300000e+01 -7.033141e+00
    endloop
  endfacet
  facet normal -2.993627e-01  0.000000e+00  9.541394e-01
    outer loop
      vertex  1.879894e+00 -1.800000e+01 -7.260578e+00
      vertex  2.604789e+00 -2.300000e+01 -7.033141e+00
      vertex  2.604789e+00 -1.800000e+01 -7.033141e+00
    endloop
  endfacet
  facet normal -3.943563e-01  0.000000e+00  9.189576e-01
    outer loop
      vertex  2.604789e+00 -1.800000e+01 -7.033141e+00
      vertex  2.604789e+00 -2.300000e+01 -7.033141e+00
      vertex  3.302956e+00 -2.300000e+01 -6.733534e+00
    endloop
  endfacet
  facet normal -3.943563e-01  0.000000e+00  9.189576e-01
    outer loop
      vertex  2.604789e+00 -1.800000e+01 -7.033141e+00
      vertex  3.302956e+00 -2.300000e+01 -6.733534e+00
      vertex  3.302956e+00 -1.800000e+01 -6.733534e+00
    endloop
  endfacet
  facet normal -4.853018e-01  0.000000e+00  8.743467e-01
    outer loop
      vertex  3.302956e+00 -1.800000e+01 -6.733534e+00
      vertex  3.302956e+00 -2.300000e+01 -6.733534e+00
      vertex  3.967230e+00 -2.300000e+01 -6.364832e+00
    endloop
  endfacet
  facet normal -4.853018e-01  0.000000e+00  8.743467e-01
    outer loop
      vertex  3.302956e+00 -1.800000e+01 -6.733534e+00
      vertex  3.967230e+00 -2.300000e+01 -6.364832e+00
      vertex  3.967230e+00 -1.800000e+01 -6.364832e+00
    endloop
  endfacet
  facet normal -5.712681e-01  0.000000e+00  8.207635e-01
    outer loop
      vertex  3.967230e+00 -1.800000e+01 -6.364832e+00
      vertex  3.967230e+00 -2.300000e+01 -6.364832e+00
      vertex  4.590795e+00 -2.300000e+01 -5.930818e+00
    endloop
  endfacet
  facet normal -5.712681e-01  0.000000e+00  8.207635e-01
    outer loop
      vertex  3.967230e+00 -1.800000e+01 -6.364832e+00
      vertex  4.590795e+00 -2.300000e+01 -5.930818e+00
      vertex  4.590795e+00 -1.800000e+01 -5.930818e+00
    endloop
  endfacet
  facet normal -6.513725e-01  0.000000e+00  7.587582e-01
    outer loop
      vertex  4.590795e+00 -1.800000e+01 -5.930818e+00
      vertex  4.590795e+00 -2.300000e+01 -5.930818e+00
      vertex  5.167252e+00 -2.300000e+01 -5.435946e+00
    endloop
  endfacet
  facet normal -6.513725e-01  0.000000e+00  7.587582e-01
    outer loop
      vertex  4.590795e+00 -1.800000e+01 -5.930818e+00
      vertex  5.167252e+00 -2.300000e+01 -5.435946e+00
      vertex  5.167252e+00 -1.800000e+01 -5.435946e+00
    endloop
  endfacet
  facet normal -7.247931e-01  0.000000e+00  6.889665e-01
    outer loop
      vertex  5.167252e+00 -1.800000e+01 -5.435946e+00
      vertex  5.167252e+00 -2.300000e+01 -5.435946e+00
      vertex  5.690686e+00 -2.300000e+01 -4.885293e+00
    endloop
  endfacet
  facet normal -7.247931e-01  0.000000e+00  6.889665e-01
    outer loop
      vertex  5.167252e+00 -1.800000e+01 -5.435946e+00
      vertex  5.690686e+00 -2.300000e+01 -4.885293e+00
      vertex  5.690686e+00 -1.800000e+01 -4.885293e+00
    endloop
  endfacet
  facet normal -7.907755e-01  0.000000e+00  6.121063e-01
    outer loop
      vertex  5.690686e+00 -1.800000e+01 -4.885293e+00
      vertex  5.690686e+00 -2.300000e+01 -4.885293e+00
      vertex  6.155726e+00 -2.300000e+01 -4.284512e+00
    endloop
  endfacet
  facet normal -7.907755e-01  0.000000e+00  6.121063e-01
    outer loop
      vertex  5.690686e+00 -1.800000e+01 -4.885293e+00
      vertex  6.155726e+00 -2.300000e+01 -4.284512e+00
      vertex  6.155726e+00 -1.800000e+01 -4.284512e+00
    endloop
  endfacet
  facet normal -8.486444e-01  0.000000e+00  5.289639e-01
    outer loop
      vertex  6.155726e+00 -1.800000e+01 -4.284512e+00
      vertex  6.155726e+00 -2.300000e+01 -4.284512e+00
      vertex  6.557600e+00 -2.300000e+01 -3.639765e+00
    endloop
  endfacet
  facet normal -8.486444e-01  0.000000e+00  5.289639e-01
    outer loop
      vertex  6.155726e+00 -1.800000e+01 -4.284512e+00
      vertex  6.557600e+00 -2.300000e+01 -3.639765e+00
      vertex  6.557600e+00 -1.800000e+01 -3.639765e+00
    endloop
  endfacet
  facet normal -8.978044e-01  0.000000e+00  4.403945e-01
    outer loop
      vertex  6.557600e+00 -1.800000e+01 -3.639765e+00
      vertex  6.557600e+00 -2.300000e+01 -3.639765e+00
      vertex  6.892184e+00 -2.300000e+01 -2.957669e+00
    endloop
  endfacet
  facet normal -8.978044e-01  0.000000e+00  4.403945e-01
    outer loop
      vertex  6.557600e+00 -1.800000e+01 -3.639765e+00
      vertex  6.892184e+00 -2.300000e+01 -2.957669e+00
      vertex  6.892184e+00 -1.800000e+01 -2.957669e+00
    endloop
  endfacet
  facet normal -9.377522e-01  0.000000e+00  3.473051e-01
    outer loop
      vertex  6.892184e+00 -1.800000e+01 -2.957669e+00
      vertex  6.892184e+00 -2.300000e+01 -2.957669e+00
      vertex  7.156044e+00 -2.300000e+01 -2.245224e+00
    endloop
  endfacet
  facet normal -9.377522e-01  0.000000e+00  3.473051e-01
    outer loop
      vertex  6.892184e+00 -1.800000e+01 -2.957669e+00
      vertex  7.156044e+00 -2.300000e+01 -2.245224e+00
      vertex  7.156044e+00 -1.800000e+01 -2.245224e+00
    endloop
  endfacet
  facet normal -9.680771e-01  0.000000e+00  2.506525e-01
    outer loop
      vertex  7.156044e+00 -1.800000e+01 -2.245224e+00
      vertex  7.156044e+00 -2.300000e+01 -2.245224e+00
      vertex  7.346475e+00 -2.300000e+01 -1.509739e+00
    endloop
  endfacet
  facet normal -9.680771e-01  0.000000e+00  2.506525e-01
    outer loop
      vertex  7.156044e+00 -1.800000e+01 -2.245224e+00
      vertex  7.346475e+00 -2.300000e+01 -1.509739e+00
      vertex  7.346475e+00 -1.800000e+01 -1.509739e+00
    endloop
  endfacet
  facet normal -9.884685e-01  0.000000e+00  1.514274e-01
    outer loop
      vertex  7.346475e+00 -1.800000e+01 -1.509739e+00
      vertex  7.346475e+00 -2.300000e+01 -1.509739e+00
      vertex  7.461520e+00 -2.300000e+01 -7.587624e-01
    endloop
  endfacet
  facet normal -9.884685e-01  0.000000e+00  1.514274e-01
    outer loop
      vertex  7.346475e+00 -1.800000e+01 -1.509739e+00
      vertex  7.461520e+00 -2.300000e+01 -7.587624e-01
      vertex  7.461520e+00 -1.800000e+01 -7.587624e-01
    endloop
  endfacet
  facet normal -9.987165e-01  0.000000e+00  5.064944e-02
    outer loop
      vertex  7.461520e+00 -1.800000e+01 -7.587624e-01
      vertex  7.461520e+00 -2.300000e+01 -7.587624e-01
      vertex  7.500000e+00 -2.300000e+01 -6.661338e-16
    endloop
  endfacet
  facet normal -9.987165e-01  0.000000e+00  5.064944e-02
    outer loop
      vertex  7.461520e+00 -1.800000e+01 -7.587624e-01
      vertex  7.500000e+00 -2.300000e+01 -6.661338e-16
      vertex  7.500000e+00 -1.800000e+01 -6.661338e-16
    endloop
  endfacet
  facet normal -1.011683e-01  -0.000000e+00 -9.948694e-01
    outer loop
      vertex  3.798688e-01 -2.300000e+01  7.490374e+00
      vertex  1.135708e+00 -1.800000e+01  7.413512e+00
      vertex  1.135708e+00 -2.300000e+01  7.413512e+00
    endloop
  endfacet
  facet normal -2.012986e-01  0.000000e+00 -9.795300e-01
    outer loop
      vertex  1.135708e+00 -2.300000e+01  7.413512e+00
      vertex  1.135708e+00 -1.800000e+01  7.413512e+00
      vertex  1.879894e+00 -1.800000e+01  7.260578e+00
    endloop
  endfacet
  facet normal -2.012986e-01  -0.000000e+00 -9.795300e-01
    outer loop
      vertex  1.135708e+00 -2.300000e+01  7.413512e+00
      vertex  1.879894e+00 -1.800000e+01  7.260578e+00
      vertex  1.879894e+00 -2.300000e+01  7.260578e+00
    endloop
  endfacet
  facet normal -2.993627e-01  0.000000e+00 -9.541394e-01
    outer loop
      vertex  1.879894e+00 -2.300000e+01  7.260578e+00
      vertex  1.879894e+00 -1.800000e+01  7.260578e+00
      vertex  2.604789e+00 -1.800000e+01  7.033141e+00
    endloop
  endfacet
  facet normal -2.993627e-01  -0.000000e+00 -9.541394e-01
    outer loop
      vertex  1.879894e+00 -2.300000e+01  7.260578e+00
      vertex  2.604789e+00 -1.800000e+01  7.033141e+00
      vertex  2.604789e+00 -2.300000e+01  7.033141e+00
    endloop
  endfacet
  facet normal -3.943563e-01  0.000000e+00 -9.189576e-01
    outer loop
      vertex  2.604789e+00 -2.300000e+01  7.033141e+00
      vertex  2.604789e+00 -1.800000e+01  7.033141e+00
      vertex  3.302956e+00 -1.800000e+01  6.733534e+00
    endloop
  endfacet
  facet normal -3.943563e-01  -0.000000e+00 -9.189576e-01
    outer loop
      vertex  2.604789e+00 -2.300000e+01  7.033141e+00
      vertex  3.302956e+00 -1.800000e+01  6.733534e+00
      vertex  3.302956e+00 -2.300000e+01  6.733534e+00
    endloop
  endfacet
  facet normal -4.853018e-01  0.000000e+00 -8.743467e-01
    outer loop
      vertex  3.302956e+00 -2.300000e+01  6.733534e+00
      vertex  3.302956e+00 -1.800000e+01  6.733534e+00
      vertex  3.967230e+00 -1.800000e+01  6.364832e+00
    endloop
  endfacet
  facet normal -4.853018e-01  -0.000000e+00 -8.743467e-01
    outer loop
      vertex  3.302956e+00 -2.300000e+01  6.733534e+00
      vertex  3.967230e+00 -1.800000e+01  6.364832e+00
      vertex  3.967230e+00 -2.300000e+01  6.364832e+00
    endloop
  endfacet
  facet normal -5.712681e-01  0.000000e+00 -8.207635e-01
    outer loop
      vertex  3.967230e+00 -2.300000e+01  6.364832e+00
      vertex  3.967230e+00 -1.800000e+01  6.364832e+00
      vertex  4.590795e+00 -1.800000e+01  5.930818e+00
    endloop
  endfacet
  facet normal -5.712681e-01  -0.000000e+00 -8.207635e-01
    outer loop
      vertex  3.967230e+00 -2.300000e+01  6.364832e+00
      vertex  4.590795e+00 -1.800000e+01  5.930818e+00
      vertex  4.590795e+00 -2.300000e+01  5.930818e+00
    endloop
  endfacet
  facet normal -6.513725e-01  0.000000e+00 -7.587582e-01
    outer loop
      vertex  4.590795e+00 -2.300000e+01  5.930818e+00
      vertex  4.590795e+00 -1.800000e+01  5.930818e+00
      vertex  5.167252e+00 -1.800000e+01  5.435946e+00
    endloop
  endfacet
  facet normal -6.513725e-01  -0.000000e+00 -7.587582e-01
    outer loop
      vertex  4.590795e+00 -2.300000e+01  5.930818e+00
      vertex  5.167252e+00 -1.800000e+01  5.435946e+00
      vertex  5.167252e+00 -2.300000e+01  5.435946e+00
    endloop
  endfacet
  facet normal -7.247931e-01  0.000000e+00 -6.889665e-01
    outer loop
      vertex  5.167252e+00 -2.300000e+01  5.435946e+00
      vertex  5.167252e+00 -1.800000e+01  5.435946e+00
      vertex  5.690686e+00 -1.800000e+01  4.885293e+00
    endloop
  endfacet
  facet normal -7.247931e-01  -0.000000e+00 -6.889665e-01
    outer loop
      vertex  5.167252e+00 -2.300000e+01  5.435946e+00
      vertex  5.690686e+00 -1.800000e+01  4.885293e+00
      vertex  5.690686e+00 -2.300000e+01  4.885293e+00
    endloop
  endfacet
  facet normal -7.907755e-01  0.000000e+00 -6.121063e-01
    outer loop
      vertex  5.690686e+00 -2.300000e+01  4.885293e+00
      vertex  5.690686e+00 -1.800000e+01  4.885293e+00
      vertex  6.155726e+00 -1.800000e+01  4.284512e+00
    endloop
  endfacet
  facet normal -7.907755e-01  -0.000000e+00 -6.121063e-01
    outer loop
      vertex  5.690686e+00 -2.300000e+01  4.885293e+00
      vertex  6.155726e+00 -1.800000e+01  4.284512e+00
      vertex  6.155726e+00 -2.300000e+01  4.284512e+00
    endloop
  endfacet
  facet normal -8.486444e-01  0.000000e+00 -5.289639e-01
    outer loop
      vertex  6.155726e+00 -2.300000e+01  4.284512e+00
      vertex  6.155726e+00 -1.800000e+01  4.284512e+00
      vertex  6.557600e+00 -1.800000e+01  3.639765e+00
    endloop
  endfacet
  facet normal -8.486444e-01  -0.000000e+00 -5.289639e-01
    outer loop
      vertex  6.155726e+00 -2.300000e+01  4.284512e+00
      vertex  6.557600e+00 -1.800000e+01  3.639765e+00
      vertex  6.557600e+00 -2.300000e+01  3.639765e+00
    endloop
  endfacet
  facet normal -8.978044e-01  0.000000e+00 -4.403945e-01
    outer loop
      vertex  6.557600e+00 -2.300000e+01  3.639765e+00
      vertex  6.557600e+00 -1.800000e+01  3.639765e+00
      vertex  6.892184e+00 -1.800000e+01  2.957669e+00
    endloop
  endfacet
  facet normal -8.978044e-01  -0.000000e+00 -4.403945e-01
    outer loop
      vertex  6.557600e+00 -2.300000e+01  3.639765e+00
      vertex  6.892184e+00 -1.800000e+01  2.957669e+00
      vertex  6.892184e+00 -2.300000e+01  2.957669e+00
    endloop
  endfacet
  facet normal -9.377522e-01  0.000000e+00 -3.473051e-01
    outer loop
      vertex  6.892184e+00 -2.300000e+01  2.957669e+00
      vertex  6.892184e+00 -1.800000e+01  2.957669e+00
      vertex  7.156044e+00 -1.800000e+01  2.245224e+00
    endloop
  endfacet
  facet normal -9.377522e-01  -0.000000e+00 -3.473051e-01
    outer loop
      vertex  6.892184e+00 -2.300000e+01  2.957669e+00
      vertex  7.156044e+00 -1.800000e+01  2.245224e+00
      vertex  7.156044e+00 -2.300000e+01  2.245224e+00
    endloop
  endfacet
  facet normal -9.680771e-01  0.000000e+00 -2.506525e-01
    outer loop
      vertex  7.156044e+00 -2.300000e+01  2.245224e+00
      vertex  7.156044e+00 -1.800000e+01  2.245224e+00
      vertex  7.346475e+00 -1.800000e+01  1.509739e+00
    endloop
  endfacet
  facet normal -9.680771e-01  -0.000000e+00 -2.506525e-01
    outer loop
      vertex  7.156044e+00 -2.300000e+01  2.245224e+00
      vertex  7.346475e+00 -1.800000e+01  1.509739e+00
      vertex  7.346475e+00 -2.300000e+01  1.509739e+00
    endloop
  endfacet
  facet normal -9.884685e-01  0.000000e+00 -1.514274e-01
    outer loop
      vertex  7.346475e+00 -2.300000e+01  1.509739e+00
      vertex  7.346475e+00 -1.800000e+01  1.509739e+00
      vertex  7.461520e+00 -1.800000e+01  7.587624e-01
    endloop
  endfacet
  facet normal -9.884685e-01  -0.000000e+00 -1.514274e-01
    outer loop
      vertex  7.346475e+00 -2.300000e+01  1.509739e+00
      vertex  7.461520e+00 -1.800000e+01  7.587624e-01
      vertex  7.461520e+00 -2.300000e+01  7.587624e-01
    endloop
  endfacet
  facet normal -9.987165e-01  0.000000e+00 -5.064944e-02
    outer loop
      vertex  7.461520e+00 -2.300000e+01  7.587624e-01
      vertex  7.461520e+00 -1.800000e+01  7.587624e-01
      vertex  7.500000e+00 -1.800000e+01 -6.661338e-16
    endloop
  endfacet
  facet normal -9.987165e-01  -0.000000e+00 -5.064944e-02
    outer loop
      vertex  7.461520e+00 -2.300000e+01  7.587624e-01
      vertex  7.500000e+00 -1.800000e+01 -6.661338e-16
      vertex  7.500000e+00 -2.300000e+01 -6.661338e-16
    endloop
  endfacet
  facet normal -1.011683e-01  0.000000e+00 -9.948694e-01
    outer loop
      vertex  1.135708e+00 -1.800000e+01  7.413512e+00
      vertex  3.798688e-01 -2.300000e+01  7.490374e+00
      vertex  3.798688e-01 -1.800000e+01  7.490374e+00
    endloop
  endfacet
  facet normal  0.000000e+00  -0.000000e+00 -1.000000e+00
    outer loop
      vertex  3.798688e-01 -1.800000e+01  7.490374e+00
      vertex  3.798688e-01 -2.300000e+01  7.490374e+00
      vertex -3.798688e-01 -2.300000e+01  7.490374e+00
    endloop
  endfacet
  facet normal  0.000000e+00  0.000000e+00 -1.000000e+00
    outer loop
      vertex  3.798688e-01 -1.800000e+01  7.490374e+00
      vertex -3.798688e-01 -2.300000e+01  7.490374e+00
      vertex -3.798688e-01 -1.800000e+01  7.490374e+00
    endloop
  endfacet
  facet normal  1.011683e-01  0.000000e+00 -9.948694e-01
    outer loop
      vertex -3.798688e-01 -1.800000e+01  7.490374e+00
      vertex -3.798688e-01 -2.300000e+01  7.490374e+00
      vertex -1.135708e+00 -2.300000e+01  7.413512e+00
    endloop
  endfacet
  facet normal  1.011683e-01  0.000000e+00 -9.948694e-01
    outer loop
      vertex -3.798688e-01 -1.800000e+01  7.490374e+00
      vertex -1.135708e+00 -2.300000e+01  7.413512e+00
      vertex -1.135708e+00 -1.800000e+01  7.413512e+00
    endloop
  endfacet
  facet normal  2.012986e-01  0.000000e+00 -9.795300e-01
    outer loop
      vertex -1.135708e+00 -1.800000e+01  7.413512e+00
      vertex -1.135708e+00 -2.300000e+01  7.413512e+00
      vertex -1.879894e+00 -2.300000e+01  7.260578e+00
    endloop
  endfacet
  facet normal  2.012986e-01  0.000000e+00 -9.795300e-01
    outer loop
      vertex -1.135708e+00 -1.800000e+01  7.413512e+00
      vertex -1.879894e+00 -2.300000e+01  7.260578e+00
      vertex -1.879894e+00 -1.800000e+01  7.260578e+00
    endloop
  endfacet
  facet normal  2.993627e-01  0.000000e+00 -9.541394e-01
    outer loop
      vertex -1.879894e+00 -1.800000e+01  7.260578e+00
      vertex -1.879894e+00 -2.300000e+01  7.260578e+00
      vertex -2.604789e+00 -2.300000e+01  7.033141e+00
    endloop
  endfacet
  facet normal  2.993627e-01  0.000000e+00 -9.541394e-01
    outer loop
      vertex -1.879894e+00 -1.800000e+01  7.260578e+00
      vertex -2.604789e+00 -2.300000e+01  7.033141e+00
      vertex -2.604789e+00 -1.800000e+01  7.033141e+00
    endloop
  endfacet
  facet normal  3.943563e-01  0.000000e+00 -9.189576e-01
    outer loop
      vertex -2.604789e+00 -1.800000e+01  7.033141e+00
      vertex -2.604789e+00 -2.300000e+01  7.033141e+00
      vertex -3.302956e+00 -2.300000e+01  6.733534e+00
    endloop
  endfacet
  facet normal  3.943563e-01  0.000000e+00 -9.189576e-01
    outer loop
      vertex -2.604789e+00 -1.800000e+01  7.033141e+00
      vertex -3.302956e+00 -2.300000e+01  6.733534e+00
      vertex -3.302956e+00 -1.800000e+01  6.733534e+00
    endloop
  endfacet
  facet normal  4.853018e-01  0.000000e+00 -8.743467e-01
    outer loop
      vertex -3.302956e+00 -1.800000e+01  6.733534e+00
      vertex -3.302956e+00 -2.300000e+01  6.733534e+00
      vertex -3.967230e+00 -2.300000e+01  6.364832e+00
    endloop
  endfacet
  facet normal  4.853018e-01  0.000000e+00 -8.743467e-01
    outer loop
      vertex -3.302956e+00 -1.800000e+01  6.733534e+00
      vertex -3.967230e+00 -2.300000e+01  6.364832e+00
      vertex -3.967230e+00 -1.800000e+01  6.364832e+00
    endloop
  endfacet
  facet normal  5.712681e-01  0.000000e+00 -8.207635e-01
    outer loop
      vertex -3.967230e+00 -1.800000e+01  6.364832e+00
      vertex -3.967230e+00 -2.300000e+01  6.364832e+00
      vertex -4.590795e+00 -2.300000e+01  5.930818e+00
    endloop
  endfacet
  facet normal  5.712681e-01  0.000000e+00 -8.207635e-01
    outer loop
      vertex -3.967230e+00 -1.800000e+01  6.364832e+00
      vertex -4.590795e+00 -2.300000e+01  5.930818e+00
      vertex -4.590795e+00 -1.800000e+01  5.930818e+00
    endloop
  endfacet
  facet normal  6.513725e-01  0.000000e+00 -7.587582e-01
    outer loop
      vertex -4.590795e+00 -1.800000e+01  5.930818e+00
      vertex -4.590795e+00 -2.300000e+01  5.930818e+00
      vertex -5.167252e+00 -2.300000e+01  5.435946e+00
    endloop
  endfacet
  facet normal  6.513725e-01  0.000000e+00 -7.587582e-01
    outer loop
      vertex -4.590795e+00 -1.800000e+01  5.930818e+00
      vertex -5.167252e+00 -2.300000e+01  5.435946e+00
      vertex -5.167252e+00 -1.800000e+01  5.435946e+00
    endloop
  endfacet
  facet normal  7.247931e-01  0.000000e+00 -6.889665e-01
    outer loop
      vertex -5.167252e+00 -1.800000e+01  5.435946e+00
      vertex -5.167252e+00 -2.300000e+01  5.435946e+00
      vertex -5.690686e+00 -2.300000e+01  4.885293e+00
    endloop
  endfacet
  facet normal  7.247931e-01  0.000000e+00 -6.889665e-01
    outer loop
      vertex -5.167252e+00 -1.800000e+01  5.435946e+00
      vertex -5.690686e+00 -2.300000e+01  4.885293e+00
      vertex -5.690686e+00 -1.800000e+01  4.885293e+00
    endloop
  endfacet
  facet normal  7.907755e-01  0.000000e+00 -6.121063e-01
    outer loop
      vertex -5.690686e+00 -1.800000e+01  4.885293e+00
      vertex -5.690686e+00 -2.300000e+01  4.885293e+00
      vertex -6.155726e+00 -2.300000e+01  4.284512e+00
    endloop
  endfacet
  facet normal  7.907755e-01  0.000000e+00 -6.121063e-01
    outer loop
      vertex -5.690686e+00 -1.800000e+01  4.885293e+00
      vertex -6.155726e+00 -2.300000e+01  4.284512e+00
      vertex -6.155726e+00 -1.800000e+01  4.284512e+00
    endloop
  endfacet
  facet normal  8.486444e-01  0.000000e+00 -5.289639e-01
    outer loop
      vertex -6.155726e+00 -1.800000e+01  4.284512e+00
      vertex -6.155726e+00 -2.300000e+01  4.284512e+00
      vertex -6.557600e+00 -2.300000e+01  3.639765e+00
    endloop
  endfacet
  facet normal  8.486444e-01  0.000000e+00 -5.289639e-01
    outer loop
      vertex -6.155726e+00 -1.800000e+01  4.284512e+00
      vertex -6.557600e+00 -2.300000e+01  3.639765e+00
      vertex -6.557600e+00 -1.800000e+01  3.639765e+00
    endloop
  endfacet
  facet normal  8.978044e-01  0.000000e+00 -4.403945e-01
    outer loop
      vertex -6.557600e+00 -1.800000e+01  3.639765e+00
      vertex -6.557600e+00 -2.300000e+01  3.639765e+00
      vertex -6.892184e+00 -2.300000e+01  2.957669e+00
    endloop
  endfacet
  facet normal  8.978044e-01  0.000000e+00 -4.403945e-01
    outer loop
      vertex -6.557600e+00 -1.800000e+01  3.639765e+00
      vertex -6.892184e+00 -2.300000e+01  2.957669e+00
      vertex -6.892184e+00 -1.800000e+01  2.957669e+00
    endloop
  endfacet
  facet normal  9.377522e-01  0.000000e+00 -3.473051e-01
    outer loop
      vertex -6.892184e+00 -1.800000e+01  2.957669e+00
      vertex -6.892184e+00 -2.300000e+01  2.957669e+00
      vertex -7.156044e+00 -2.300000e+01  2.245224e+00
    endloop
  endfacet
  facet normal  9.377522e-01  0.000000e+00 -3.473051e-01
    outer loop
      vertex -6.892184e+00 -1.800000e+01  2.957669e+00
      vertex -7.156044e+00 -2.300000e+01  2.245224e+00
      vertex -7.156044e+00 -1.800000e+01  2.245224e+00
    endloop
  endfacet
  facet normal  9.680771e-01  0.000000e+00 -2.506525e-01
    outer loop
      vertex -7.156044e+00 -1.800000e+01  2.245224e+00
      vertex -7.156044e+00 -2.300000e+01  2.245224e+00
      vertex -7.346475e+00 -2.300000e+01  1.509739e+00
    endloop
  endfacet
  facet normal  9.680771e-01  0.000000e+00 -2.506525e-01
    outer loop
      vertex -7.156044e+00 -1.800000e+01  2.245224e+00
      vertex -7.346475e+00 -2.300000e+01  1.509739e+00
      vertex -7.346475e+00 -1.800000e+01  1.509739e+00
    endloop
  endfacet
  facet normal  9.884685e-01  0.000000e+00 -1.514274e-01
    outer loop
      vertex -7.346475e+00 -1.800000e+01  1.509739e+00
      vertex -7.346475e+00 -2.300000e+01  1.509739e+00
      vertex -7.461520e+00 -2.300000e+01  7.587624e-01
    endloop
  endfacet
  facet normal  9.884685e-01  0.000000e+00 -1.514274e-01
    outer loop
      vertex -7.346475e+00 -1.800000e+01  1.509739e+00
      vertex -7.461520e+00 -2.300000e+01  7.587624e-01
      vertex -7.461520e+00 -1.800000e+01  7.587624e-01
    endloop
  endfacet
  facet normal  9.987165e-01  0.000000e+00 -5.064944e-02
    outer loop
      vertex -7.461520e+00 -1.800000e+01  7.587624e-01
      vertex -7.461520e+00 -2.300000e+01  7.587624e-01
      vertex -7.500000e+00 -2.300000e+01 -4.915288e-15
    endloop
  endfacet
  facet normal  9.987165e-01  0.000000e+00 -5.064944e-02
    outer loop
      vertex -7.461520e+00 -1.800000e+01  7.587624e-01
      vertex -7.500000e+00 -2.300000e+01 -4.915288e-15
      vertex -7.500000e+00 -1.800000e+01 -4.915288e-15
    endloop
  endfacet
  facet normal  0.000000e+00 -1.000000e+00  0.000000e+00
    outer loop
      vertex  5.000000e+00 -1.800000e+01 -6.661338e-16
      vertex  4.960574e+00 -1.800000e+01 -6.266662e-01
      vertex  5.167252e+00 -1.800000e+01 -5.435946e+00
    endloop
  endfacet
  facet normal  0.000000e+00 -1.000000e+00  0.000000e+00
    outer loop
      vertex  5.000000e+00 -1.800000e+01 -6.661338e-16
      vertex  5.167252e+00 -1.800000e+01 -5.435946e+00
      vertex  5.690686e+00 -1.800000e+01 -4.885293e+00
    endloop
  endfacet
  facet normal  0.000000e+00 -1.000000e+00  0.000000e+00
    outer loop
      vertex  5.000000e+00 -1.800000e+01 -6.661338e-16
      vertex  5.690686e+00 -1.800000e+01 -4.885293e+00
      vertex  6.155726e+00 -1.800000e+01 -4.284512e+00
    endloop
  endfacet
  facet normal  0.000000e+00 -1.000000e+00  0.000000e+00
    outer loop
      vertex  5.000000e+00 -1.800000e+01 -6.661338e-16
      vertex  6.155726e+00 -1.800000e+01 -4.284512e+00
      vertex  6.557600e+00 -1.800000e+01 -3.639765e+00
    endloop
  endfacet
  facet normal  0.000000e+00 -1.000000e+00  0.000000e+00
    outer loop
      vertex  5.000000e+00 -1.800000e+01 -6.661338e-16
      vertex  6.557600e+00 -1.800000e+01 -3.639765e+00
      vertex  6.892184e+00 -1.800000e+01 -2.957669e+00
    endloop
  endfacet
  facet normal  0.000000e+00 -1.000000e+00  0.000000e+00
    outer loop
      vertex  5.000000e+00 -1.800000e+01 -6.661338e-16
      vertex  6.892184e+00 -1.800000e+01 -2.957669e+00
      vertex  7.156044e+00 -1.800000e+01 -2.245224e+00
    endloop
  endfacet
  facet normal  0.000000e+00 -1.000000e+00  0.000000e+00
    outer loop
      vertex  5.000000e+00 -1.800000e+01 -6.661338e-16
      vertex  7.156044e+00 -1.800000e+01 -2.245224e+00
      vertex  7.346475e+00 -1.800000e+01 -1.509739e+00
    endloop
  endfacet
  facet normal  0.000000e+00 -9.999999e-01  0.000000e+00
    outer loop
      vertex  5.000000e+00 -1.800000e+01 -6.661338e-16
      vertex  7.346475e+00 -1.800000e+01 -1.509739e+00
      vertex  7.461520e+00 -1.800000e+01 -7.587624e-01
    endloop
  endfacet
  facet normal  0.000000e+00 -1.000000e+00  0.000000e+00
    outer loop
      vertex  5.000000e+00 -1.800000e+01 -6.661338e-16
      vertex  7.461520e+00 -1.800000e+01 -7.587624e-01
      vertex  7.500000e+00 -1.800000e+01 -6.661338e-16
    endloop
  endfacet
  facet normal  0.000000e+00 -1.000000e+00  0.000000e+00
    outer loop
      vertex  5.000000e+00 -1.800000e+01 -6.661338e-16
      vertex  7.500000e+00 -1.800000e+01 -6.661338e-16
      vertex  7.461520e+00 -1.800000e+01  7.587624e-01
    endloop
  endfacet
  facet normal  -0.000000e+00 -9.999999e-01  0.000000e+00
    outer loop
      vertex  5.000000e+00 -1.800000e+01 -6.661338e-16
      vertex  7.461520e+00 -1.800000e+01  7.587624e-01
      vertex  7.346475e+00 -1.800000e+01  1.509739e+00
    endloop
  endfacet
  facet normal  -0.000000e+00 -1.000000e+00  0.000000e+00
    outer loop
      vertex  5.000000e+00 -1.800000e+01 -6.661338e-16
      vertex  7.346475e+00 -1.800000e+01  1.509739e+00
      vertex  7.156044e+00 -1.800000e+01  2.245224e+00
    endloop
  endfacet
  facet normal  -0.000000e+00 -1.000000e+00  0.000000e+00
    outer loop
      vertex  5.000000e+00 -1.800000e+01 -6.661338e-16
      vertex  7.156044e+00 -1.800000e+01  2.245224e+00
      vertex  6.892184e+00 -1.800000e+01  2.957669e+00
    endloop
  endfacet
  facet normal  -0.000000e+00 -1.000000e+00  0.000000e+00
    outer loop
      vertex  5.000000e+00 -1.800000e+01 -6.661338e-16
      vertex  6.892184e+00 -1.800000e+01  2.957669e+00
      vertex  6.557600e+00 -1.800000e+01  3.639765e+00
    endloop
  endfacet
  facet normal  -0.000000e+00 -1.000000e+00  0.000000e+00
    outer loop
      vertex  5.000000e+00 -1.800000e+01 -6.661338e-16
      vertex  6.557600e+00 -1.800000e+01  3.639765e+00
      vertex  6.155726e+00 -1.800000e+01  4.284512e+00
    endloop
  endfacet
  facet normal  -0.000000e+00 -1.000000e+00  0.000000e+00
    outer loop
      vertex  5.000000e+00 -1.800000e+01 -6.661338e-16
      vertex  6.155726e+00 -1.800000e+01  4.284512e+00
      vertex  5.690686e+00 -1.800000e+01  4.885293e+00
    endloop
  endfacet
  facet normal  -0.000000e+00 -1.000000e+00  0.000000e+00
    outer loop
      vertex  5.000000e+00 -1.800000e+01 -6.661338e-16
      vertex  5.690686e+00 -1.800000e+01  4.885293e+00
      vertex  5.167252e+00 -1.800000e+01  5.435946e+00
    endloop
  endfacet
  facet normal  0.000000e+00 -1.000000e+00  0.000000e+00
    outer loop
      vertex  5.000000e+00 -1.800000e+01 -6.661338e-16
      vertex  5.167252e+00 -1.800000e+01  5.435946e+00
      vertex  4.960574e+00 -1.800000e+01  6.266662e-01
    endloop
  endfacet
  facet normal  0.000000e+00 -1.000000e+00  0.000000e+00
    outer loop
      vertex -5.167252e+00 -1.800000e+01 -5.435946e+00
      vertex -4.590795e+00 -1.800000e+01 -5.930818e+00
      vertex -4.648882e+00 -1.800000e+01 -1.840623e+00
    endloop
  endfacet
  facet normal  -0.000000e+00 -1.000000e+00  0.000000e+00
    outer loop
      vertex -5.167252e+00 -1.800000e+01 -5.435946e+00
      vertex -4.648882e+00 -1.800000e+01 -1.840623e+00
      vertex -4.842916e+00 -1.800000e+01 -1.243449e+00
    endloop
  endfacet
  facet normal  -0.000000e+00 -1.000000e+00  0.000000e+00
    outer loop
      vertex -5.167252e+00 -1.800000e+01 -5.435946e+00
      vertex -4.842916e+00 -1.800000e+01 -1.243449e+00
      vertex -4.960574e+00 -1.800000e+01 -6.266662e-01
    endloop
  endfacet
  facet normal  -0.000000e+00 -1.000000e+00  0.000000e+00
    outer loop
      vertex -5.167252e+00 -1.800000e+01 -5.435946e+00
      vertex -4.960574e+00 -1.800000e+01 -6.266662e-01
      vertex -5.000000e+00 -1.800000e+01 -1.278457e-15
    endloop
  endfacet
  facet normal  0.000000e+00 -1.000000e+00  0.000000e+00
    outer loop
      vertex -7.500000e+00 -1.800000e+01 -4.915288e-15
      vertex -7.461520e+00 -1.800000e+01 -7.587624e-01
      vertex -7.346475e+00 -1.800000e+01 -1.509739e+00
    endloop
  endfacet
  facet normal  0.000000e+00 -1.000000e+00  0.000000e+00
    outer loop
      vertex -7.500000e+00 -1.800000e+01 -4.915288e-15
      vertex -7.346475e+00 -1.800000e+01 -1.509739e+00
      vertex -7.156044e+00 -1.800000e+01 -2.245224e+00
    endloop
  endfacet
  facet normal  0.000000e+00 -1.000000e+00  0.000000e+00
    outer loop
      vertex -7.500000e+00 -1.800000e+01 -4.915288e-15
      vertex -7.156044e+00 -1.800000e+01 -2.245224e+00
      vertex -6.892184e+00 -1.800000e+01 -2.957669e+00
    endloop
  endfacet
  facet normal  0.000000e+00 -1.000000e+00  0.000000e+00
    outer loop
      vertex -7.500000e+00 -1.800000e+01 -4.915288e-15
      vertex -6.892184e+00 -1.800000e+01 -2.957669e+00
      vertex -6.557600e+00 -1.800000e+01 -3.639765e+00
    endloop
  endfacet
  facet normal  0.000000e+00 -1.000000e+00  0.000000e+00
    outer loop
      vertex -7.500000e+00 -1.800000e+01 -4.915288e-15
      vertex -6.557600e+00 -1.800000e+01 -3.639765e+00
      vertex -6.155726e+00 -1.800000e+01 -4.284512e+00
    endloop
  endfacet
  facet normal  0.000000e+00 -1.000000e+00  0.000000e+00
    outer loop
      vertex -7.500000e+00 -1.800000e+01 -4.915288e-15
      vertex -6.155726e+00 -1.800000e+01 -4.284512e+00
      vertex -5.690686e+00 -1.800000e+01 -4.885293e+00
    endloop
  endfacet
  facet normal  0.000000e+00 -9.999999e-01  0.000000e+00
    outer loop
      vertex -7.500000e+00 -1.800000e+01 -4.915288e-15
      vertex -5.690686e+00 -1.800000e+01 -4.885293e+00
      vertex -5.167252e+00 -1.800000e+01 -5.435946e+00
    endloop
  endfacet
  facet normal  0.000000e+00 -1.000000e+00  0.000000e+00
    outer loop
      vertex -7.500000e+00 -1.800000e+01 -4.915288e-15
      vertex -5.167252e+00 -1.800000e+01 -5.435946e+00
      vertex -5.000000e+00 -1.800000e+01 -1.278457e-15
    endloop
  endfacet
  facet normal  -0.000000e+00 -1.000000e+00  0.000000e+00
    outer loop
      vertex -7.500000e+00 -1.800000e+01 -4.915288e-15
      vertex -5.000000e+00 -1.800000e+01 -1.278457e-15
      vertex -5.167252e+00 -1.800000e+01  5.435946e+00
    endloop
  endfacet
  facet normal  0.000000e+00 -1.000000e+00  0.000000e+00
    outer loop
      vertex -7.500000e+00 -1.800000e+01 -4.915288e-15
      vertex -5.167252e+00 -1.800000e+01  5.435946e+00
      vertex -5.690686e+00 -1.800000e+01  4.885293e+00
    endloop
  endfacet
  facet normal  0.000000e+00 -1.000000e+00  0.000000e+00
    outer loop
      vertex -7.500000e+00 -1.800000e+01 -4.915288e-15
      vertex -5.690686e+00 -1.800000e+01  4.885293e+00
      vertex -6.155726e+00 -1.800000e+01  4.284512e+00
    endloop
  endfacet
  facet normal  0.000000e+00 -9.999999e-01  0.000000e+00
    outer loop
      vertex -7.500000e+00 -1.800000e+01 -4.915288e-15
      vertex -6.155726e+00 -1.800000e+01  4.284512e+00
      vertex -6.557600e+00 -1.800000e+01  3.639765e+00
    endloop
  endfacet
  facet normal  0.000000e+00 -1.000000e+00  0.000000e+00
    outer loop
      vertex -7.500000e+00 -1.800000e+01 -4.915288e-15
      vertex -6.557600e+00 -1.800000e+01  3.639765e+00
      vertex -6.892184e+00 -1.800000e+01  2.957669e+00
    endloop
  endfacet
  facet normal  0.000000e+00 -1.000000e+00  0.000000e+00
    outer loop
      vertex -7.500000e+00 -1.800000e+01 -4.915288e-15
      vertex -6.892184e+00 -1.800000e+01  2.957669e+00
      vertex -7.156044e+00 -1.800000e+01  2.245224e+00
    endloop
  endfacet
  facet normal  0.000000e+00 -1.000000e+00  0.000000e+00
    outer loop
      vertex -7.500000e+00 -1.800000e+01 -4.915288e-15
      vertex -7.156044e+00 -1.800000e+01  2.245224e+00
      vertex -7.346475e+00 -1.800000e+01  1.509739e+00
    endloop
  endfacet
  facet normal  0.000000e+00 -1.000000e+00  0.000000e+00
    outer loop
      vertex -7.500000e+00 -1.800000e+01 -4.915288e-15
      vertex -7.346475e+00 -1.800000e+01  1.509739e+00
      vertex -7.461520e+00 -1.800000e+01  7.587624e-01
    endloop
  endfacet
  facet normal  0.000000e+00 -1.000000e+00  0.000000e+00
    outer loop
      vertex -5.167252e+00 -1.800000e+01  5.435946e+00
      vertex -5.000000e+00 -1.800000e+01 -1.278457e-15
      vertex -4.960574e+00 -1.800000e+01  6.266662e-01
    endloop
  endfacet
  facet normal  0.000000e+00 -1.000000e+00  0.000000e+00
    outer loop
      vertex -5.167252e+00 -1.800000e+01  5.435946e+00
      vertex -4.960574e+00 -1.800000e+01  6.266662e-01
      vertex -4.842916e+00 -1.800000e+01  1.243449e+00
    endloop
  endfacet
  facet normal  0.000000e+00 -1.000000e+00  0.000000e+00
    outer loop
      vertex -5.167252e+00 -1.800000e+01  5.435946e+00
      vertex -4.842916e+00 -1.800000e+01  1.243449e+00
      vertex -4.648882e+00 -1.800000e+01  1.840623e+00
    endloop
  endfacet
  facet normal  0.000000e+00 -1.000000e+00  0.000000e+00
    outer loop
      vertex -5.167252e+00 -1.800000e+01  5.435946e+00
      vertex -4.648882e+00 -1.800000e+01  1.840623e+00
      vertex -4.590795e+00 -1.800000e+01  5.930818e+00
    endloop
  endfacet
  facet normal  0.000000e+00 -1.000000e+00  -0.000000e+00
    outer loop
      vertex  5.167252e+00 -1.800000e+01 -5.435946e+00
      vertex  4.960574e+00 -1.800000e+01 -6.266662e-01
      vertex  4.590795e+00 -1.800000e+01 -5.930818e+00
    endloop
  endfacet
  facet normal  0.000000e+00 -1.000000e+00  0.000000e+00
    outer loop
      vertex  4.590795e+00 -1.800000e+01 -5.930818e+00
      vertex  4.960574e+00 -1.800000e+01 -6.266662e-01
      vertex  4.842916e+00 -1.800000e+01 -1.243449e+00
    endloop
  endfacet
  facet normal  0.000000e+00 -9.999999e-01  0.000000e+00
    outer loop
      vertex  4.590795e+00 -1.800000e+01 -5.930818e+00
      vertex  4.842916e+00 -1.800000e+01 -1.243449e+00
      vertex  4.648882e+00 -1.800000e+01 -1.840623e+00
    endloop
  endfacet
  facet normal  0.000000e+00 -1.000000e+00  0.000000e+00
    outer loop
      vertex  4.590795e+00 -1.800000e+01 -5.930818e+00
      vertex  4.648882e+00 -1.800000e+01 -1.840623e+00
      vertex  3.967230e+00 -1.800000e+01 -6.364832e+00
    endloop
  endfacet
  facet normal  0.000000e+00 -1.000000e+00  0.000000e+00
    outer loop
      vertex  3.967230e+00 -1.800000e+01 -6.364832e+00
      vertex  4.648882e+00 -1.800000e+01 -1.840623e+00
      vertex  4.381534e+00 -1.800000e+01 -2.408768e+00
    endloop
  endfacet
  facet normal  0.000000e+00 -1.000000e+00  0.000000e+00
    outer loop
      vertex  3.967230e+00 -1.800000e+01 -6.364832e+00
      vertex  4.381534e+00 -1.800000e+01 -2.408768e+00
      vertex  4.045085e+00 -1.800000e+01 -2.938926e+00
    endloop
  endfacet
  facet normal  0.000000e+00 -1.000000e+00  0.000000e+00
    outer loop
      vertex  3.967230e+00 -1.800000e+01 -6.364832e+00
      vertex  4.045085e+00 -1.800000e+01 -2.938926e+00
      vertex  3.302956e+00 -1.800000e+01 -6.733534e+00
    endloop
  endfacet
  facet normal  0.000000e+00 -1.000000e+00  0.000000e+00
    outer loop
      vertex  3.302956e+00 -1.800000e+01 -6.733534e+00
      vertex  4.045085e+00 -1.800000e+01 -2.938926e+00
      vertex  3.644843e+00 -1.800000e+01 -3.422735e+00
    endloop
  endfacet
  facet normal  0.000000e+00 -1.000000e+00  0.000000e+00
    outer loop
      vertex  3.302956e+00 -1.800000e+01 -6.733534e+00
      vertex  3.644843e+00 -1.800000e+01 -3.422735e+00
      vertex  3.187120e+00 -1.800000e+01 -3.852566e+00
    endloop
  endfacet
  facet normal  0.000000e+00 -1.000000e+00  -0.000000e+00
    outer loop
      vertex  3.302956e+00 -1.800000e+01 -6.733534e+00
      vertex  3.187120e+00 -1.800000e+01 -3.852566e+00
      vertex  2.604789e+00 -1.800000e+01 -7.033141e+00
    endloop
  endfacet
  facet normal  0.000000e+00 -1.000000e+00  0.000000e+00
    outer loop
      vertex  2.604789e+00 -1.800000e+01 -7.033141e+00
      vertex  3.187120e+00 -1.800000e+01 -3.852566e+00
      vertex  2.679134e+00 -1.800000e+01 -4.221640e+00
    endloop
  endfacet
  facet normal  0.000000e+00 -1.000000e+00  0.000000e+00
    outer loop
      vertex  2.604789e+00 -1.800000e+01 -7.033141e+00
      vertex  2.679134e+00 -1.800000e+01 -4.221640e+00
      vertex  1.879894e+00 -1.800000e+01 -7.260578e+00
    endloop
  endfacet
  facet normal  0.000000e+00 -9.999999e-01  0.000000e+00
    outer loop
      vertex  1.879894e+00 -1.800000e+01 -7.260578e+00
      vertex  2.679134e+00 -1.800000e+01 -4.221640e+00
      vertex  2.128896e+00 -1.800000e+01 -4.524135e+00
    endloop
  endfacet
  facet normal  0.000000e+00 -1.000000e+00  0.000000e+00
    outer loop
      vertex  1.879894e+00 -1.800000e+01 -7.260578e+00
      vertex  2.128896e+00 -1.800000e+01 -4.524135e+00
      vertex  1.135708e+00 -1.800000e+01 -7.413512e+00
    endloop
  endfacet
  facet normal  0.000000e+00 -1.000000e+00  0.000000e+00
    outer loop
      vertex  1.135708e+00 -1.800000e+01 -7.413512e+00
      vertex  2.128896e+00 -1.800000e+01 -4.524135e+00
      vertex  1.545085e+00 -1.800000e+01 -4.755282e+00
    endloop
  endfacet
  facet normal  0.000000e+00 -1.000000e+00  0.000000e+00
    outer loop
      vertex  1.135708e+00 -1.800000e+01 -7.413512e+00
      vertex  1.545085e+00 -1.800000e+01 -4.755282e+00
      vertex  9.369066e-01 -1.800000e+01 -4.911436e+00
    endloop
  endfacet
  facet normal  0.000000e+00 -1.000000e+00  -0.000000e+00
    outer loop
      vertex  1.135708e+00 -1.800000e+01 -7.413512e+00
      vertex  9.369066e-01 -1.800000e+01 -4.911436e+00
      vertex  3.798688e-01 -1.800000e+01 -7.490374e+00
    endloop
  endfacet
  facet normal  0.000000e+00 -1.000000e+00  0.000000e+00
    outer loop
      vertex  3.798688e-01 -1.800000e+01 -7.490374e+00
      vertex  9.369066e-01 -1.800000e+01 -4.911436e+00
      vertex  3.139526e-01 -1.800000e+01 -4.990134e+00
    endloop
  endfacet
  facet normal  0.000000e+00 -1.000000e+00  -0.000000e+00
    outer loop
      vertex  3.798688e-01 -1.800000e+01 -7.490374e+00
      vertex  3.139526e-01 -1.800000e+01 -4.990134e+00
      vertex -3.798688e-01 -1.800000e+01 -7.490374e+00
    endloop
  endfacet
  facet normal  0.000000e+00 -1.000000e+00  0.000000e+00
    outer loop
      vertex -3.798688e-01 -1.800000e+01 -7.490374e+00
      vertex  3.139526e-01 -1.800000e+01 -4.990134e+00
      vertex -3.139526e-01 -1.800000e+01 -4.990134e+00
    endloop
  endfacet
  facet normal  0.000000e+00 -1.000000e+00  0.000000e+00
    outer loop
      vertex -3.798688e-01 -1.800000e+01 -7.490374e+00
      vertex -3.139526e-01 -1.800000e+01 -4.990134e+00
      vertex -1.135708e+00 -1.800000e+01 -7.413512e+00
    endloop
  endfacet
  facet normal  0.000000e+00 -1.000000e+00  0.000000e+00
    outer loop
      vertex -1.135708e+00 -1.800000e+01 -7.413512e+00
      vertex -3.139526e-01 -1.800000e+01 -4.990134e+00
      vertex -9.369066e-01 -1.800000e+01 -4.911436e+00
    endloop
  endfacet
  facet normal  0.000000e+00 -1.000000e+00  0.000000e+00
    outer loop
      vertex -1.135708e+00 -1.800000e+01 -7.413512e+00
      vertex -9.369066e-01 -1.800000e+01 -4.911436e+00
      vertex -1.879894e+00 -1.800000e+01 -7.260578e+00
    endloop
  endfacet
  facet normal  0.000000e+00 -1.000000e+00  0.000000e+00
    outer loop
      vertex -1.879894e+00 -1.800000e+01 -7.260578e+00
      vertex -9.369066e-01 -1.800000e+01 -4.911436e+00
      vertex -1.545085e+00 -1.800000e+01 -4.755282e+00
    endloop
  endfacet
  facet normal  -0.000000e+00 -9.999999e-01  0.000000e+00
    outer loop
      vertex -1.879894e+00 -1.800000e+01 -7.260578e+00
      vertex -1.545085e+00 -1.800000e+01 -4.755282e+00
      vertex -2.128896e+00 -1.800000e+01 -4.524135e+00
    endloop
  endfacet
  facet normal  0.000000e+00 -1.000000e+00  -0.000000e+00
    outer loop
      vertex -1.879894e+00 -1.800000e+01 -7.260578e+00
      vertex -2.128896e+00 -1.800000e+01 -4.524135e+00
      vertex -2.604789e+00 -1.800000e+01 -7.033141e+00
    endloop
  endfacet
  facet normal  0.000000e+00 -1.000000e+00  0.000000e+00
    outer loop
      vertex -2.604789e+00 -1.800000e+01 -7.033141e+00
      vertex -2.128896e+00 -1.800000e+01 -4.524135e+00
      vertex -2.679134e+00 -1.800000e+01 -4.221640e+00
    endloop
  endfacet
  facet normal  0.000000e+00 -1.000000e+00  -0.000000e+00
    outer loop
      vertex -2.604789e+00 -1.800000e+01 -7.033141e+00
      vertex -2.679134e+00 -1.800000e+01 -4.221640e+00
      vertex -3.302956e+00 -1.800000e+01 -6.733534e+00
    endloop
  endfacet
  facet normal  0.000000e+00 -1.000000e+00  0.000000e+00
    outer loop
      vertex -3.302956e+00 -1.800000e+01 -6.733534e+00
      vertex -2.679134e+00 -1.800000e+01 -4.221640e+00
      vertex -3.187120e+00 -1.800000e+01 -3.852566e+00
    endloop
  endfacet
  facet normal  0.000000e+00 -1.000000e+00  0.000000e+00
    outer loop
      vertex -3.302956e+00 -1.800000e+01 -6.733534e+00
      vertex -3.187120e+00 -1.800000e+01 -3.852566e+00
      vertex -3.967230e+00 -1.800000e+01 -6.364832e+00
    endloop
  endfacet
  facet normal  0.000000e+00 -1.000000e+00  0.000000e+00
    outer loop
      vertex -3.967230e+00 -1.800000e+01 -6.364832e+00
      vertex -3.187120e+00 -1.800000e+01 -3.852566e+00
      vertex -3.644843e+00 -1.800000e+01 -3.422735e+00
    endloop
  endfacet
  facet normal  -0.000000e+00 -1.000000e+00  0.000000e+00
    outer loop
      vertex -3.967230e+00 -1.800000e+01 -6.364832e+00
      vertex -3.644843e+00 -1.800000e+01 -3.422735e+00
      vertex -4.045085e+00 -1.800000e+01 -2.938926e+00
    endloop
  endfacet
  facet normal  0.000000e+00 -1.000000e+00  -0.000000e+00
    outer loop
      vertex -3.967230e+00 -1.800000e+01 -6.364832e+00
      vertex -4.045085e+00 -1.800000e+01 -2.938926e+00
      vertex -4.590795e+00 -1.800000e+01 -5.930818e+00
    endloop
  endfacet
  facet normal  0.000000e+00 -1.000000e+00  0.000000e+00
    outer loop
      vertex -4.590795e+00 -1.800000e+01 -5.930818e+00
      vertex -4.045085e+00 -1.800000e+01 -2.938926e+00
      vertex -4.381534e+00 -1.800000e+01 -2.408768e+00
    endloop
  endfacet
  facet normal  -0.000000e+00 -1.000000e+00  0.000000e+00
    outer loop
      vertex -4.590795e+00 -1.800000e+01 -5.930818e+00
      vertex -4.381534e+00 -1.800000e+01 -2.408768e+00
      vertex -4.648882e+00 -1.800000e+01 -1.840623e+00
    endloop
  endfacet
  facet normal  0.000000e+00 -1.000000e+00  0.000000e+00
    outer loop
      vertex  4.960574e+00 -1.800000e+01  6.266662e-01
      vertex  5.167252e+00 -1.800000e+01  5.435946e+00
      vertex  4.842916e+00 -1.800000e+01  1.243449e+00
    endloop
  endfacet
  facet normal  0.000000e+00 -9.999999e-01  0.000000e+00
    outer loop
      vertex  4.842916e+00 -1.800000e+01  1.243449e+00
      vertex  5.167252e+00 -1.800000e+01  5.435946e+00
      vertex  4.590795e+00 -1.800000e+01  5.930818e+00
    endloop
  endfacet
  facet normal  0.000000e+00 -1.000000e+00  0.000000e+00
    outer loop
      vertex  4.842916e+00 -1.800000e+01  1.243449e+00
      vertex  4.590795e+00 -1.800000e+01  5.930818e+00
      vertex  4.648882e+00 -1.800000e+01  1.840623e+00
    endloop
  endfacet
  facet normal  0.000000e+00 -1.000000e+00  -0.000000e+00
    outer loop
      vertex  4.648882e+00 -1.800000e+01  1.840623e+00
      vertex  4.590795e+00 -1.800000e+01  5.930818e+00
      vertex  4.381534e+00 -1.800000e+01  2.408768e+00
    endloop
  endfacet
  facet normal  0.000000e+00 -1.000000e+00  0.000000e+00
    outer loop
      vertex  4.381534e+00 -1.800000e+01  2.408768e+00
      vertex  4.590795e+00 -1.800000e+01  5.930818e+00
      vertex  3.967230e+00 -1.800000e+01  6.364832e+00
    endloop
  endfacet
  facet normal  0.000000e+00 -1.000000e+00  0.000000e+00
    outer loop
      vertex  4.381534e+00 -1.800000e+01  2.408768e+00
      vertex  3.967230e+00 -1.800000e+01  6.364832e+00
      vertex  4.045085e+00 -1.800000e+01  2.938926e+00
    endloop
  endfacet
  facet normal  0.000000e+00 -1.000000e+00  -0.000000e+00
    outer loop
      vertex  4.045085e+00 -1.800000e+01  2.938926e+00
      vertex  3.967230e+00 -1.800000e+01  6.364832e+00
      vertex  3.644843e+00 -1.800000e+01  3.422735e+00
    endloop
  endfacet
  facet normal  0.000000e+00 -1.000000e+00  0.000000e+00
    outer loop
      vertex  3.644843e+00 -1.800000e+01  3.422735e+00
      vertex  3.967230e+00 -1.800000e+01  6.364832e+00
      vertex  3.302956e+00 -1.800000e+01  6.733534e+00
    endloop
  endfacet
  facet normal  0.000000e+00 -1.000000e+00  -0.000000e+00
    outer loop
      vertex  3.644843e+00 -1.800000e+01  3.422735e+00
      vertex  3.302956e+00 -1.800000e+01  6.733534e+00
      vertex  3.187120e+00 -1.800000e+01  3.852566e+00
    endloop
  endfacet
  facet normal  0.000000e+00 -1.000000e+00  0.000000e+00
    outer loop
      vertex  3.187120e+00 -1.800000e+01  3.852566e+00
      vertex  3.302956e+00 -1.800000e+01  6.733534e+00
      vertex  2.679134e+00 -1.800000e+01  4.221640e+00
    endloop
  endfacet
  facet normal  0.000000e+00 -1.000000e+00  0.000000e+00
    outer loop
      vertex  2.679134e+00 -1.800000e+01  4.221640e+00
      vertex  3.302956e+00 -1.800000e+01  6.733534e+00
      vertex  2.604789e+00 -1.800000e+01  7.033141e+00
    endloop
  endfacet
  facet normal  0.000000e+00 -1.000000e+00  -0.000000e+00
    outer loop
      vertex  2.679134e+00 -1.800000e+01  4.221640e+00
      vertex  2.604789e+00 -1.800000e+01  7.033141e+00
      vertex  2.128896e+00 -1.800000e+01  4.524135e+00
    endloop
  endfacet
  facet normal  0.000000e+00 -1.000000e+00  0.000000e+00
    outer loop
      vertex  2.128896e+00 -1.800000e+01  4.524135e+00
      vertex  2.604789e+00 -1.800000e+01  7.033141e+00
      vertex  1.879894e+00 -1.800000e+01  7.260578e+00
    endloop
  endfacet
  facet normal  0.000000e+00 -9.999999e-01  -0.000000e+00
    outer loop
      vertex  2.128896e+00 -1.800000e+01  4.524135e+00
      vertex  1.879894e+00 -1.800000e+01  7.260578e+00
      vertex  1.545085e+00 -1.800000e+01  4.755282e+00
    endloop
  endfacet
  facet normal  0.000000e+00 -1.000000e+00  0.000000e+00
    outer loop
      vertex  1.545085e+00 -1.800000e+01  4.755282e+00
      vertex  1.879894e+00 -1.800000e+01  7.260578e+00
      vertex  1.135708e+00 -1.800000e+01  7.413512e+00
    endloop
  endfacet
  facet normal  0.000000e+00 -1.000000e+00  -0.000000e+00
    outer loop
      vertex  1.545085e+00 -1.800000e+01  4.755282e+00
      vertex  1.135708e+00 -1.800000e+01  7.413512e+00
      vertex  9.369066e-01 -1.800000e+01  4.911436e+00
    endloop
  endfacet
  facet normal  0.000000e+00 -1.000000e+00  0.000000e+00
    outer loop
      vertex  9.369066e-01 -1.800000e+01  4.911436e+00
      vertex  1.135708e+00 -1.800000e+01  7.413512e+00
      vertex  3.139526e-01 -1.800000e+01  4.990134e+00
    endloop
  endfacet
  facet normal  0.000000e+00 -1.000000e+00  0.000000e+00
    outer loop
      vertex  3.139526e-01 -1.800000e+01  4.990134e+00
      vertex  1.135708e+00 -1.800000e+01  7.413512e+00
      vertex  3.798688e-01 -1.800000e+01  7.490374e+00
    endloop
  endfacet
  facet normal  0.000000e+00 -1.000000e+00  0.000000e+00
    outer loop
      vertex  3.139526e-01 -1.800000e+01  4.990134e+00
      vertex  3.798688e-01 -1.800000e+01  7.490374e+00
      vertex -3.139526e-01 -1.800000e+01  4.990134e+00
    endloop
  endfacet
  facet normal  0.000000e+00 -1.000000e+00  0.000000e+00
    outer loop
      vertex -3.139526e-01 -1.800000e+01  4.990134e+00
      vertex  3.798688e-01 -1.800000e+01  7.490374e+00
      vertex -3.798688e-01 -1.800000e+01  7.490374e+00
    endloop
  endfacet
  facet normal  0.000000e+00 -1.000000e+00  -0.000000e+00
    outer loop
      vertex -3.139526e-01 -1.800000e+01  4.990134e+00
      vertex -3.798688e-01 -1.800000e+01  7.490374e+00
      vertex -9.369066e-01 -1.800000e+01  4.911436e+00
    endloop
  endfacet
  facet normal  0.000000e+00 -1.000000e+00  0.000000e+00
    outer loop
      vertex -9.369066e-01 -1.800000e+01  4.911436e+00
      vertex -3.798688e-01 -1.800000e+01  7.490374e+00
      vertex -1.135708e+00 -1.800000e+01  7.413512e+00
    endloop
  endfacet
  facet normal  0.000000e+00 -1.000000e+00  -0.000000e+00
    outer loop
      vertex -9.369066e-01 -1.800000e+01  4.911436e+00
      vertex -1.135708e+00 -1.800000e+01  7.413512e+00
      vertex -1.545085e+00 -1.800000e+01  4.755282e+00
    endloop
  endfacet
  facet normal  0.000000e+00 -1.000000e+00  0.000000e+00
    outer loop
      vertex -1.545085e+00 -1.800000e+01  4.755282e+00
      vertex -1.135708e+00 -1.800000e+01  7.413512e+00
      vertex -1.879894e+00 -1.800000e+01  7.260578e+00
    endloop
  endfacet
  facet normal  0.000000e+00 -9.999999e-01  -0.000000e+00
    outer loop
      vertex -1.545085e+00 -1.800000e+01  4.755282e+00
      vertex -1.879894e+00 -1.800000e+01  7.260578e+00
      vertex -2.128896e+00 -1.800000e+01  4.524135e+00
    endloop
  endfacet
  facet normal  0.000000e+00 -9.999999e-01  0.000000e+00
    outer loop
      vertex -2.128896e+00 -1.800000e+01  4.524135e+00
      vertex -1.879894e+00 -1.800000e+01  7.260578e+00
      vertex -2.679134e+00 -1.800000e+01  4.221640e+00
    endloop
  endfacet
  facet normal  0.000000e+00 -1.000000e+00  0.000000e+00
    outer loop
      vertex -2.679134e+00 -1.800000e+01  4.221640e+00
      vertex -1.879894e+00 -1.800000e+01  7.260578e+00
      vertex -2.604789e+00 -1.800000e+01  7.033141e+00
    endloop
  endfacet
  facet normal  0.000000e+00 -1.000000e+00  0.000000e+00
    outer loop
      vertex -2.679134e+00 -1.800000e+01  4.221640e+00
      vertex -2.604789e+00 -1.800000e+01  7.033141e+00
      vertex -3.187120e+00 -1.800000e+01  3.852566e+00
    endloop
  endfacet
  facet normal  0.000000e+00 -1.000000e+00  0.000000e+00
    outer loop
      vertex -3.187120e+00 -1.800000e+01  3.852566e+00
      vertex -2.604789e+00 -1.800000e+01  7.033141e+00
      vertex -3.302956e+00 -1.800000e+01  6.733534e+00
    endloop
  endfacet
  facet normal  0.000000e+00 -1.000000e+00  -0.000000e+00
    outer loop
      vertex -3.187120e+00 -1.800000e+01  3.852566e+00
      vertex -3.302956e+00 -1.800000e+01  6.733534e+00
      vertex -3.644843e+00 -1.800000e+01  3.422735e+00
    endloop
  endfacet
  facet normal  0.000000e+00 -1.000000e+00  0.000000e+00
    outer loop
      vertex -3.644843e+00 -1.800000e+01  3.422735e+00
      vertex -3.302956e+00 -1.800000e+01  6.733534e+00
      vertex -3.967230e+00 -1.800000e+01  6.364832e+00
    endloop
  endfacet
  facet normal  0.000000e+00 -1.000000e+00  -0.000000e+00
    outer loop
      vertex -3.644843e+00 -1.800000e+01  3.422735e+00
      vertex -3.967230e+00 -1.800000e+01  6.364832e+00
      vertex -4.045085e+00 -1.800000e+01  2.938926e+00
    endloop
  endfacet
  facet normal  0.000000e+00 -1.000000e+00  0.000000e+00
    outer loop
      vertex -4.045085e+00 -1.800000e+01  2.938926e+00
      vertex -3.967230e+00 -1.800000e+01  6.364832e+00
      vertex -4.381534e+00 -1.800000e+01  2.408768e+00
    endloop
  endfacet
  facet normal  0.000000e+00 -1.000000e+00  0.000000e+00
    outer loop
      vertex -4.381534e+00 -1.800000e+01  2.408768e+00
      vertex -3.967230e+00 -1.800000e+01  6.364832e+00
      vertex -4.590795e+00 -1.800000e+01  5.930818e+00
    endloop
  endfacet
  facet normal  0.000000e+00 -1.000000e+00  -0.000000e+00
    outer loop
      vertex -4.381534e+00 -1.800000e+01  2.408768e+00
      vertex -4.590795e+00 -1.800000e+01  5.930818e+00
      vertex -4.648882e+00 -1.800000e+01  1.840623e+00
    endloop
  endfacet
  facet normal  6.975697e-02  0.000000e+00 -9.975640e-01
    outer loop
      vertex -3.056712e+01  2.300000e+01  1.624010e+01
      vertex -3.169859e+01 -1.800000e+01  1.616098e+01
      vertex -3.169859e+01  2.300000e+01  1.616098e+01
    endloop
  endfacet
  facet normal  1.391727e-01  0.000000e+00 -9.902682e-01
    outer loop
      vertex -3.169859e+01  2.300000e+01  1.616098e+01
      vertex -3.169859e+01 -1.800000e+01  1.616098e+01
      vertex -3.282178e+01 -1.800000e+01  1.600313e+01
    endloop
  endfacet
  facet normal  1.391727e-01  0.000000e+00 -9.902682e-01
    outer loop
      vertex -3.169859e+01  2.300000e+01  1.616098e+01
      vertex -3.282178e+01 -1.800000e+01  1.600313e+01
      vertex -3.282178e+01  2.300000e+01  1.600313e+01
    endloop
  endfacet
  facet normal  2.079114e-01  0.000000e+00 -9.781477e-01
    outer loop
      vertex -3.282178e+01  2.300000e+01  1.600313e+01
      vertex -3.282178e+01 -1.800000e+01  1.600313e+01
      vertex -3.393123e+01 -1.800000e+01  1.576731e+01
    endloop
  endfacet
  facet normal  2.079114e-01  0.000000e+00 -9.781477e-01
    outer loop
      vertex -3.282178e+01  2.300000e+01  1.600313e+01
      vertex -3.393123e+01 -1.800000e+01  1.576731e+01
      vertex -3.393123e+01  2.300000e+01  1.576731e+01
    endloop
  endfacet
  facet normal  2.756379e-01  0.000000e+00 -9.612616e-01
    outer loop
      vertex -3.393123e+01  2.300000e+01  1.576731e+01
      vertex -3.393123e+01 -1.800000e+01  1.576731e+01
      vertex -3.502153e+01 -1.800000e+01  1.545467e+01
    endloop
  endfacet
  facet normal  2.756379e-01  0.000000e+00 -9.612616e-01
    outer loop
      vertex -3.393123e+01  2.300000e+01  1.576731e+01
      vertex -3.502153e+01 -1.800000e+01  1.545467e+01
      vertex -3.502153e+01  2.300000e+01  1.545467e+01
    endloop
  endfacet
  facet normal  3.420205e-01  0.000000e+00 -9.396925e-01
    outer loop
      vertex -3.502153e+01  2.300000e+01  1.545467e+01
      vertex -3.502153e+01 -1.800000e+01  1.545467e+01
      vertex -3.608736e+01 -1.800000e+01  1.506674e+01
    endloop
  endfacet
  facet normal  3.420205e-01  0.000000e+00 -9.396925e-01
    outer loop
      vertex -3.502153e+01  2.300000e+01  1.545467e+01
      vertex -3.608736e+01 -1.800000e+01  1.506674e+01
      vertex -3.608736e+01  2.300000e+01  1.506674e+01
    endloop
  endfacet
  facet normal  4.067363e-01  0.000000e+00 -9.135455e-01
    outer loop
      vertex -3.608736e+01  2.300000e+01  1.506674e+01
      vertex -3.608736e+01 -1.800000e+01  1.506674e+01
      vertex -3.712353e+01 -1.800000e+01  1.460540e+01
    endloop
  endfacet
  facet normal  4.067363e-01  0.000000e+00 -9.135455e-01
    outer loop
      vertex -3.608736e+01  2.300000e+01  1.506674e+01
      vertex -3.712353e+01 -1.800000e+01  1.460540e+01
      vertex -3.712353e+01  2.300000e+01  1.460540e+01
    endloop
  endfacet
  facet normal  4.694712e-01  0.000000e+00 -8.829477e-01
    outer loop
      vertex -3.712353e+01  2.300000e+01  1.460540e+01
      vertex -3.712353e+01 -1.800000e+01  1.460540e+01
      vertex -3.812500e+01 -1.800000e+01  1.407291e+01
    endloop
  endfacet
  facet normal  4.694712e-01  0.000000e+00 -8.829477e-01
    outer loop
      vertex -3.712353e+01  2.300000e+01  1.460540e+01
      vertex -3.812500e+01 -1.800000e+01  1.407291e+01
      vertex -3.812500e+01  2.300000e+01  1.407291e+01
    endloop
  endfacet
  facet normal  5.299197e-01  0.000000e+00 -8.480478e-01
    outer loop
      vertex -3.812500e+01  2.300000e+01  1.407291e+01
      vertex -3.812500e+01 -1.800000e+01  1.407291e+01
      vertex -3.908688e+01 -1.800000e+01  1.347186e+01
    endloop
  endfacet
  facet normal  5.299197e-01  0.000000e+00 -8.480478e-01
    outer loop
      vertex -3.812500e+01  2.300000e+01  1.407291e+01
      vertex -3.908688e+01 -1.800000e+01  1.347186e+01
      vertex -3.908688e+01  2.300000e+01  1.347186e+01
    endloop
  endfacet
  facet normal  5.877856e-01  0.000000e+00 -8.090168e-01
    outer loop
      vertex -3.908688e+01  2.300000e+01  1.347186e+01
      vertex -3.908688e+01 -1.800000e+01  1.347186e+01
      vertex -4.000450e+01 -1.800000e+01  1.280517e+01
    endloop
  endfacet
  facet normal  5.877856e-01  0.000000e+00 -8.090168e-01
    outer loop
      vertex -3.908688e+01  2.300000e+01  1.347186e+01
      vertex -4.000450e+01 -1.800000e+01  1.280517e+01
      vertex -4.000450e+01  2.300000e+01  1.280517e+01
    endloop
  endfacet
  facet normal  6.427877e-01  0.000000e+00 -7.660444e-01
    outer loop
      vertex -4.000450e+01  2.300000e+01  1.280517e+01
      vertex -4.000450e+01 -1.800000e+01  1.280517e+01
      vertex -4.087337e+01 -1.800000e+01  1.207610e+01
    endloop
  endfacet
  facet normal  6.427877e-01  0.000000e+00 -7.660444e-01
    outer loop
      vertex -4.000450e+01  2.300000e+01  1.280517e+01
      vertex -4.087337e+01 -1.800000e+01  1.207610e+01
      vertex -4.087337e+01  2.300000e+01  1.207610e+01
    endloop
  endfacet
  facet normal  6.946585e-01  0.000000e+00 -7.193397e-01
    outer loop
      vertex -4.087337e+01  2.300000e+01  1.207610e+01
      vertex -4.087337e+01 -1.800000e+01  1.207610e+01
      vertex -4.168927e+01 -1.800000e+01  1.128820e+01
    endloop
  endfacet
  facet normal  6.946585e-01  0.000000e+00 -7.193397e-01
    outer loop
      vertex -4.087337e+01  2.300000e+01  1.207610e+01
      vertex -4.168927e+01 -1.800000e+01  1.128820e+01
      vertex -4.168927e+01  2.300000e+01  1.128820e+01
    endloop
  endfacet
  facet normal  7.431438e-01  0.000000e+00 -6.691317e-01
    outer loop
      vertex -4.168927e+01  2.300000e+01  1.128820e+01
      vertex -4.168927e+01 -1.800000e+01  1.128820e+01
      vertex -4.244822e+01 -1.800000e+01  1.044530e+01
    endloop
  endfacet
  facet normal  7.431438e-01  0.000000e+00 -6.691317e-01
    outer loop
      vertex -4.168927e+01  2.300000e+01  1.128820e+01
      vertex -4.244822e+01 -1.800000e+01  1.044530e+01
      vertex -4.244822e+01  2.300000e+01  1.044530e+01
    endloop
  endfacet
  facet normal  7.880107e-01  0.000000e+00 -6.156614e-01
    outer loop
      vertex -4.244822e+01  2.300000e+01  1.044530e+01
      vertex -4.244822e+01 -1.800000e+01  1.044530e+01
      vertex -4.314653e+01 -1.800000e+01  9.551511e+00
    endloop
  endfacet
  facet normal  7.880107e-01  0.000000e+00 -6.156614e-01
    outer loop
      vertex -4.244822e+01  2.300000e+01  1.044530e+01
      vertex -4.314653e+01 -1.800000e+01  9.551511e+00
      vertex -4.314653e+01  2.300000e+01  9.551511e+00
    endloop
  endfacet
  facet normal  8.290381e-01  0.000000e+00 -5.591921e-01
    outer loop
      vertex -4.314653e+01  2.300000e+01  9.551511e+00
      vertex -4.314653e+01 -1.800000e+01  9.551511e+00
      vertex -4.378078e+01 -1.800000e+01  8.611188e+00
    endloop
  endfacet
  facet normal  8.290381e-01  0.000000e+00 -5.591921e-01
    outer loop
      vertex -4.314653e+01  2.300000e+01  9.551511e+00
      vertex -4.378078e+01 -1.800000e+01  8.611188e+00
      vertex -4.378078e+01  2.300000e+01  8.611188e+00
    endloop
  endfacet
  facet normal  8.660257e-01  0.000000e+00 -4.999993e-01
    outer loop
      vertex -4.378078e+01  2.300000e+01  8.611188e+00
      vertex -4.378078e+01 -1.800000e+01  8.611188e+00
      vertex -4.434790e+01 -1.800000e+01  7.628913e+00
    endloop
  endfacet
  facet normal  8.660257e-01  0.000000e+00 -4.999993e-01
    outer loop
      vertex -4.378078e+01  2.300000e+01  8.611188e+00
      vertex -4.434790e+01 -1.800000e+01  7.628913e+00
      vertex -4.434790e+01  2.300000e+01  7.628913e+00
    endloop
  endfacet
  facet normal  8.987941e-01  0.000000e+00 -4.383711e-01
    outer loop
      vertex -4.434790e+01  2.300000e+01  7.628913e+00
      vertex -4.434790e+01 -1.800000e+01  7.628913e+00
      vertex -4.484511e+01 -1.800000e+01  6.609470e+00
    endloop
  endfacet
  facet normal  8.987941e-01  0.000000e+00 -4.383711e-01
    outer loop
      vertex -4.434790e+01  2.300000e+01  7.628913e+00
      vertex -4.484511e+01 -1.800000e+01  6.609470e+00
      vertex -4.484511e+01  2.300000e+01  6.609470e+00
    endloop
  endfacet
  facet normal  9.271836e-01  0.000000e+00 -3.746074e-01
    outer loop
      vertex -4.484511e+01  2.300000e+01  6.609470e+00
      vertex -4.484511e+01 -1.800000e+01  6.609470e+00
      vertex -4.527000e+01 -1.800000e+01  5.557827e+00
    endloop
  endfacet
  facet normal  9.271836e-01  0.000000e+00 -3.746074e-01
    outer loop
      vertex -4.484511e+01  2.300000e+01  6.609470e+00
      vertex -4.527000e+01 -1.800000e+01  5.557827e+00
      vertex -4.527000e+01  2.300000e+01  5.557827e+00
    endloop
  endfacet
  facet normal  9.510564e-01  0.000000e+00 -3.090175e-01
    outer loop
      vertex -4.527000e+01  2.300000e+01  5.557827e+00
      vertex -4.527000e+01 -1.800000e+01  5.557827e+00
      vertex -4.562050e+01 -1.800000e+01  4.479107e+00
    endloop
  endfacet
  facet normal  9.510564e-01  0.000000e+00 -3.090175e-01
    outer loop
      vertex -4.527000e+01  2.300000e+01  5.557827e+00
      vertex -4.562050e+01 -1.800000e+01  4.479107e+00
      vertex -4.562050e+01  2.300000e+01  4.479107e+00
    endloop
  endfacet
  facet normal  9.702959e-01  0.000000e+00 -2.419211e-01
    outer loop
      vertex -4.562050e+01  2.300000e+01  4.479107e+00
      vertex -4.562050e+01 -1.800000e+01  4.479107e+00
      vertex -4.589490e+01 -1.800000e+01  3.378565e+00
    endloop
  endfacet
  facet normal  9.702959e-01  0.000000e+00 -2.419211e-01
    outer loop
      vertex -4.562050e+01  2.300000e+01  4.479107e+00
      vertex -4.589490e+01 -1.800000e+01  3.378565e+00
      vertex -4.589490e+01  2.300000e+01  3.378565e+00
    endloop
  endfacet
  facet normal  9.848073e-01  0.000000e+00 -1.736506e-01
    outer loop
      vertex -4.589490e+01  2.300000e+01  3.378565e+00
      vertex -4.589490e+01 -1.800000e+01  3.378565e+00
      vertex -4.609186e+01 -1.800000e+01  2.261563e+00
    endloop
  endfacet
  facet normal  9.848073e-01  0.000000e+00 -1.736506e-01
    outer loop
      vertex -4.589490e+01  2.300000e+01  3.378565e+00
      vertex -4.609186e+01 -1.800000e+01  2.261563e+00
      vertex -4.609186e+01  2.300000e+01  2.261563e+00
    endloop
  endfacet
  facet normal  9.945220e-01  0.000000e+00 -1.045261e-01
    outer loop
      vertex -4.609186e+01  2.300000e+01  2.261563e+00
      vertex -4.609186e+01 -1.800000e+01  2.261563e+00
      vertex -4.621041e+01 -1.800000e+01  1.133543e+00
    endloop
  endfacet
  facet normal  9.945220e-01  0.000000e+00 -1.045261e-01
    outer loop
      vertex -4.609186e+01  2.300000e+01  2.261563e+00
      vertex -4.621041e+01 -1.800000e+01  1.133543e+00
      vertex -4.621041e+01  2.300000e+01  1.133543e+00
    endloop
  endfacet
  facet normal  9.993908e-01  0.000000e+00 -3.490032e-02
    outer loop
      vertex -4.621041e+01  2.300000e+01  1.133543e+00
      vertex -4.621041e+01 -1.800000e+01  1.133543e+00
      vertex -4.625000e+01 -1.800000e+01  1.990051e-15
    endloop
  endfacet
  facet normal  9.993908e-01  0.000000e+00 -3.490032e-02
    outer loop
      vertex -4.621041e+01  2.300000e+01  1.133543e+00
      vertex -4.625000e+01 -1.800000e+01  1.990051e-15
      vertex -4.625000e+01  2.300000e+01  1.990051e-15
    endloop
  endfacet
  facet normal  6.975697e-02  0.000000e+00 -9.975640e-01
    outer loop
      vertex -3.169859e+01 -1.800000e+01  1.616098e+01
      vertex -3.056712e+01  2.300000e+01  1.624010e+01
      vertex -3.056712e+01 -1.800000e+01  1.624010e+01
    endloop
  endfacet
  facet normal  0.000000e+00  0.000000e+00 -1.000000e+00
    outer loop
      vertex -3.056712e+01 -1.800000e+01  1.624010e+01
      vertex -3.056712e+01  2.300000e+01  1.624010e+01
      vertex -2.943288e+01  2.300000e+01  1.624010e+01
    endloop
  endfacet
  facet normal  0.000000e+00  -0.000000e+00 -1.000000e+00
    outer loop
      vertex -3.056712e+01 -1.800000e+01  1.624010e+01
      vertex -2.943288e+01  2.300000e+01  1.624010e+01
      vertex -2.943288e+01 -1.800000e+01  1.624010e+01
    endloop
  endfacet
  facet normal -6.975697e-02  0.000000e+00 -9.975640e-01
    outer loop
      vertex -2.943288e+01 -1.800000e+01  1.624010e+01
      vertex -2.943288e+01  2.300000e+01  1.624010e+01
      vertex -2.830141e+01  2.300000e+01  1.616098e+01
    endloop
  endfacet
  facet normal -6.975697e-02  -0.000000e+00 -9.975640e-01
    outer loop
      vertex -2.943288e+01 -1.800000e+01  1.624010e+01
      vertex -2.830141e+01  2.300000e+01  1.616098e+01
      vertex -2.830141e+01 -1.800000e+01  1.616098e+01
    endloop
  endfacet
  facet normal -1.391724e-01  0.000000e+00 -9.902682e-01
    outer loop
      vertex -2.830141e+01 -1.800000e+01  1.616098e+01
      vertex -2.830141e+01  2.300000e+01  1.616098e+01
      vertex -2.717822e+01  2.300000e+01  1.600313e+01
    endloop
  endfacet
  facet normal -1.391724e-01  -0.000000e+00 -9.902682e-01
    outer loop
      vertex -2.830141e+01 -1.800000e+01  1.616098e+01
      vertex -2.717822e+01  2.300000e+01  1.600313e+01
      vertex -2.717822e+01 -1.800000e+01  1.600313e+01
    endloop
  endfacet
  facet normal -2.079120e-01  0.000000e+00 -9.781474e-01
    outer loop
      vertex -2.717822e+01 -1.800000e+01  1.600313e+01
      vertex -2.717822e+01  2.300000e+01  1.600313e+01
      vertex -2.606877e+01  2.300000e+01  1.576731e+01
    endloop
  endfacet
  facet normal -2.079120e-01  -0.000000e+00 -9.781474e-01
    outer loop
      vertex -2.717822e+01 -1.800000e+01  1.600313e+01
      vertex -2.606877e+01  2.300000e+01  1.576731e+01
      vertex -2.606877e+01 -1.800000e+01  1.576731e+01
    endloop
  endfacet
  facet normal -2.756374e-01  0.000000e+00 -9.612617e-01
    outer loop
      vertex -2.606877e+01 -1.800000e+01  1.576731e+01
      vertex -2.606877e+01  2.300000e+01  1.576731e+01
      vertex -2.497847e+01  2.300000e+01  1.545467e+01
    endloop
  endfacet
  facet normal -2.756374e-01  -0.000000e+00 -9.612617e-01
    outer loop
      vertex -2.606877e+01 -1.800000e+01  1.576731e+01
      vertex -2.497847e+01  2.300000e+01  1.545467e+01
      vertex -2.497847e+01 -1.800000e+01  1.545467e+01
    endloop
  endfacet
  facet normal -3.420205e-01  0.000000e+00 -9.396925e-01
    outer loop
      vertex -2.497847e+01 -1.800000e+01  1.545467e+01
      vertex -2.497847e+01  2.300000e+01  1.545467e+01
      vertex -2.391264e+01  2.300000e+01  1.506674e+01
    endloop
  endfacet
  facet normal -3.420205e-01  -0.000000e+00 -9.396925e-01
    outer loop
      vertex -2.497847e+01 -1.800000e+01  1.545467e+01
      vertex -2.391264e+01  2.300000e+01  1.506674e+01
      vertex -2.391264e+01 -1.800000e+01  1.506674e+01
    endloop
  endfacet
  facet normal -4.067363e-01  0.000000e+00 -9.135455e-01
    outer loop
      vertex -2.391264e+01 -1.800000e+01  1.506674e+01
      vertex -2.391264e+01  2.300000e+01  1.506674e+01
      vertex -2.287647e+01  2.300000e+01  1.460540e+01
    endloop
  endfacet
  facet normal -4.067363e-01  -0.000000e+00 -9.135455e-01
    outer loop
      vertex -2.391264e+01 -1.800000e+01  1.506674e+01
      vertex -2.287647e+01  2.300000e+01  1.460540e+01
      vertex -2.287647e+01 -1.800000e+01  1.460540e+01
    endloop
  endfacet
  facet normal -4.694712e-01  0.000000e+00 -8.829477e-01
    outer loop
      vertex -2.287647e+01 -1.800000e+01  1.460540e+01
      vertex -2.287647e+01  2.300000e+01  1.460540e+01
      vertex -2.187500e+01  2.300000e+01  1.407291e+01
    endloop
  endfacet
  facet normal -4.694712e-01  -0.000000e+00 -8.829477e-01
    outer loop
      vertex -2.287647e+01 -1.800000e+01  1.460540e+01
      vertex -2.187500e+01  2.300000e+01  1.407291e+01
      vertex -2.187500e+01 -1.800000e+01  1.407291e+01
    endloop
  endfacet
  facet normal -5.299190e-01  0.000000e+00 -8.480483e-01
    outer loop
      vertex -2.187500e+01 -1.800000e+01  1.407291e+01
      vertex -2.187500e+01  2.300000e+01  1.407291e+01
      vertex -2.091311e+01  2.300000e+01  1.347186e+01
    endloop
  endfacet
  facet normal -5.299190e-01  -0.000000e+00 -8.480483e-01
    outer loop
      vertex -2.187500e+01 -1.800000e+01  1.407291e+01
      vertex -2.091311e+01  2.300000e+01  1.347186e+01
      vertex -2.091311e+01 -1.800000e+01  1.347186e+01
    endloop
  endfacet
  facet normal -5.877856e-01  0.000000e+00 -8.090168e-01
    outer loop
      vertex -2.091311e+01 -1.800000e+01  1.347186e+01
      vertex -2.091311e+01  2.300000e+01  1.347186e+01
      vertex -1.999550e+01  2.300000e+01  1.280517e+01
    endloop
  endfacet
  facet normal -5.877856e-01  -0.000000e+00 -8.090168e-01
    outer loop
      vertex -2.091311e+01 -1.800000e+01  1.347186e+01
      vertex -1.999550e+01  2.300000e+01  1.280517e+01
      vertex -1.999550e+01 -1.800000e+01  1.280517e+01
    endloop
  endfacet
  facet normal -6.427877e-01  0.000000e+00 -7.660444e-01
    outer loop
      vertex -1.999550e+01 -1.800000e+01  1.280517e+01
      vertex -1.999550e+01  2.300000e+01  1.280517e+01
      vertex -1.912663e+01  2.300000e+01  1.207610e+01
    endloop
  endfacet
  facet normal -6.427877e-01  -0.000000e+00 -7.660444e-01
    outer loop
      vertex -1.999550e+01 -1.800000e+01  1.280517e+01
      vertex -1.912663e+01  2.300000e+01  1.207610e+01
      vertex -1.912663e+01 -1.800000e+01  1.207610e+01
    endloop
  endfacet
  facet normal -6.946585e-01  0.000000e+00 -7.193397e-01
    outer loop
      vertex -1.912663e+01 -1.800000e+01  1.207610e+01
      vertex -1.912663e+01  2.300000e+01  1.207610e+01
      vertex -1.831073e+01  2.300000e+01  1.128820e+01
    endloop
  endfacet
  facet normal -6.946585e-01  -0.000000e+00 -7.193397e-01
    outer loop
      vertex -1.912663e+01 -1.800000e+01  1.207610e+01
      vertex -1.831073e+01  2.300000e+01  1.128820e+01
      vertex -1.831073e+01 -1.800000e+01  1.128820e+01
    endloop
  endfacet
  facet normal -7.431446e-01  0.000000e+00 -6.691308e-01
    outer loop
      vertex -1.831073e+01 -1.800000e+01  1.128820e+01
      vertex -1.831073e+01  2.300000e+01  1.128820e+01
      vertex -1.755178e+01  2.300000e+01  1.044530e+01
    endloop
  endfacet
  facet normal -7.431446e-01  -0.000000e+00 -6.691308e-01
    outer loop
      vertex -1.831073e+01 -1.800000e+01  1.128820e+01
      vertex -1.755178e+01  2.300000e+01  1.044530e+01
      vertex -1.755178e+01 -1.800000e+01  1.044530e+01
    endloop
  endfacet
  facet normal -7.880107e-01  0.000000e+00 -6.156614e-01
    outer loop
      vertex -1.755178e+01 -1.800000e+01  1.044530e+01
      vertex -1.755178e+01  2.300000e+01  1.044530e+01
      vertex -1.685347e+01  2.300000e+01  9.551511e+00
    endloop
  endfacet
  facet normal -7.880107e-01  -0.000000e+00 -6.156614e-01
    outer loop
      vertex -1.755178e+01 -1.800000e+01  1.044530e+01
      vertex -1.685347e+01  2.300000e+01  9.551511e+00
      vertex -1.685347e+01 -1.800000e+01  9.551511e+00
    endloop
  endfacet
  facet normal -8.290381e-01  0.000000e+00 -5.591921e-01
    outer loop
      vertex -1.685347e+01 -1.800000e+01  9.551511e+00
      vertex -1.685347e+01  2.300000e+01  9.551511e+00
      vertex -1.621922e+01  2.300000e+01  8.611188e+00
    endloop
  endfacet
  facet normal -8.290381e-01  -0.000000e+00 -5.591921e-01
    outer loop
      vertex -1.685347e+01 -1.800000e+01  9.551511e+00
      vertex -1.621922e+01  2.300000e+01  8.611188e+00
      vertex -1.621922e+01 -1.800000e+01  8.611188e+00
    endloop
  endfacet
  facet normal -8.660251e-01  0.000000e+00 -5.000006e-01
    outer loop
      vertex -1.621922e+01 -1.800000e+01  8.611188e+00
      vertex -1.621922e+01  2.300000e+01  8.611188e+00
      vertex -1.565210e+01  2.300000e+01  7.628913e+00
    endloop
  endfacet
  facet normal -8.660251e-01  -0.000000e+00 -5.000006e-01
    outer loop
      vertex -1.621922e+01 -1.800000e+01  8.611188e+00
      vertex -1.565210e+01  2.300000e+01  7.628913e+00
      vertex -1.565210e+01 -1.800000e+01  7.628913e+00
    endloop
  endfacet
  facet normal -8.987941e-01  0.000000e+00 -4.383711e-01
    outer loop
      vertex -1.565210e+01 -1.800000e+01  7.628913e+00
      vertex -1.565210e+01  2.300000e+01  7.628913e+00
      vertex -1.515489e+01  2.300000e+01  6.609470e+00
    endloop
  endfacet
  facet normal -8.987941e-01  -0.000000e+00 -4.383711e-01
    outer loop
      vertex -1.565210e+01 -1.800000e+01  7.628913e+00
      vertex -1.515489e+01  2.300000e+01  6.609470e+00
      vertex -1.515489e+01 -1.800000e+01  6.609470e+00
    endloop
  endfacet
  facet normal -9.271838e-01  0.000000e+00 -3.746067e-01
    outer loop
      vertex -1.515489e+01 -1.800000e+01  6.609470e+00
      vertex -1.515489e+01  2.300000e+01  6.609470e+00
      vertex -1.472999e+01  2.300000e+01  5.557827e+00
    endloop
  endfacet
  facet normal -9.271838e-01  -0.000000e+00 -3.746067e-01
    outer loop
      vertex -1.515489e+01 -1.800000e+01  6.609470e+00
      vertex -1.472999e+01  2.300000e+01  5.557827e+00
      vertex -1.472999e+01 -1.800000e+01  5.557827e+00
    endloop
  endfacet
  facet normal -9.510567e-01  0.000000e+00 -3.090168e-01
    outer loop
      vertex -1.472999e+01 -1.800000e+01  5.557827e+00
      vertex -1.472999e+01  2.300000e+01  5.557827e+00
      vertex -1.437950e+01  2.300000e+01  4.479107e+00
    endloop
  endfacet
  facet normal -9.510567e-01  -0.000000e+00 -3.090168e-01
    outer loop
      vertex -1.472999e+01 -1.800000e+01  5.557827e+00
      vertex -1.437950e+01  2.300000e+01  4.479107e+00
      vertex -1.437950e+01 -1.800000e+01  4.479107e+00
    endloop
  endfacet
  facet normal -9.702957e-01  0.000000e+00 -2.419219e-01
    outer loop
      vertex -1.437950e+01 -1.800000e+01  4.479107e+00
      vertex -1.437950e+01  2.300000e+01  4.479107e+00
      vertex -1.410510e+01  2.300000e+01  3.378565e+00
    endloop
  endfacet
  facet normal -9.702957e-01  -0.000000e+00 -2.419219e-01
    outer loop
      vertex -1.437950e+01 -1.800000e+01  4.479107e+00
      vertex -1.410510e+01  2.300000e+01  3.378565e+00
      vertex -1.410510e+01 -1.800000e+01  3.378565e+00
    endloop
  endfacet
  facet normal -9.848078e-01  0.000000e+00 -1.736481e-01
    outer loop
      vertex -1.410510e+01 -1.800000e+01  3.378565e+00
      vertex -1.410510e+01  2.300000e+01  3.378565e+00
      vertex -1.390814e+01  2.300000e+01  2.261563e+00
    endloop
  endfacet
  facet normal -9.848078e-01  -0.000000e+00 -1.736481e-01
    outer loop
      vertex -1.410510e+01 -1.800000e+01  3.378565e+00
      vertex -1.390814e+01  2.300000e+01  2.261563e+00
      vertex -1.390814e+01 -1.800000e+01  2.261563e+00
    endloop
  endfacet
  facet normal -9.945219e-01  0.000000e+00 -1.045286e-01
    outer loop
      vertex -1.390814e+01 -1.800000e+01  2.261563e+00
      vertex -1.390814e+01  2.300000e+01  2.261563e+00
      vertex -1.378958e+01  2.300000e+01  1.133543e+00
    endloop
  endfacet
  facet normal -9.945219e-01  -0.000000e+00 -1.045286e-01
    outer loop
      vertex -1.390814e+01 -1.800000e+01  2.261563e+00
      vertex -1.378958e+01  2.300000e+01  1.133543e+00
      vertex -1.378958e+01 -1.800000e+01  1.133543e+00
    endloop
  endfacet
  facet normal -9.993908e-01  0.000000e+00 -3.489947e-02
    outer loop
      vertex -1.378958e+01 -1.800000e+01  1.133543e+00
      vertex -1.378958e+01  2.300000e+01  1.133543e+00
      vertex -1.375000e+01  2.300000e+01  0.000000e+00
    endloop
  endfacet
  facet normal -9.993908e-01  -0.000000e+00 -3.489947e-02
    outer loop
      vertex -1.378958e+01 -1.800000e+01  1.133543e+00
      vertex -1.375000e+01  2.300000e+01  0.000000e+00
      vertex -1.375000e+01 -1.800000e+01  0.000000e+00
    endloop
  endfacet
  facet normal -6.975697e-02  0.000000e+00  9.975640e-01
    outer loop
      vertex -2.943288e+01  2.300000e+01 -1.624010e+01
      vertex -2.830141e+01 -1.800000e+01 -1.616098e+01
      vertex -2.830141e+01  2.300000e+01 -1.616098e+01
    endloop
  endfacet
  facet normal -1.391724e-01  0.000000e+00  9.902682e-01
    outer loop
      vertex -2.830141e+01  2.300000e+01 -1.616098e+01
      vertex -2.830141e+01 -1.800000e+01 -1.616098e+01
      vertex -2.717822e+01 -1.800000e+01 -1.600313e+01
    endloop
  endfacet
  facet normal -1.391724e-01  0.000000e+00  9.902682e-01
    outer loop
      vertex -2.830141e+01  2.300000e+01 -1.616098e+01
      vertex -2.717822e+01 -1.800000e+01 -1.600313e+01
      vertex -2.717822e+01  2.300000e+01 -1.600313e+01
    endloop
  endfacet
  facet normal -2.079120e-01  0.000000e+00  9.781474e-01
    outer loop
      vertex -2.717822e+01  2.300000e+01 -1.600313e+01
      vertex -2.717822e+01 -1.800000e+01 -1.600313e+01
      vertex -2.606877e+01 -1.800000e+01 -1.576731e+01
    endloop
  endfacet
  facet normal -2.079120e-01  0.000000e+00  9.781474e-01
    outer loop
      vertex -2.717822e+01  2.300000e+01 -1.600313e+01
      vertex -2.606877e+01 -1.800000e+01 -1.576731e+01
      vertex -2.606877e+01  2.300000e+01 -1.576731e+01
    endloop
  endfacet
  facet normal -2.756374e-01  0.000000e+00  9.612617e-01
    outer loop
      vertex -2.606877e+01  2.300000e+01 -1.576731e+01
      vertex -2.606877e+01 -1.800000e+01 -1.576731e+01
      vertex -2.497847e+01 -1.800000e+01 -1.545467e+01
    endloop
  endfacet
  facet normal -2.756374e-01  0.000000e+00  9.612617e-01
    outer loop
      vertex -2.606877e+01  2.300000e+01 -1.576731e+01
      vertex -2.497847e+01 -1.800000e+01 -1.545467e+01
      vertex -2.497847e+01  2.300000e+01 -1.545467e+01
    endloop
  endfacet
  facet normal -3.420205e-01  0.000000e+00  9.396925e-01
    outer loop
      vertex -2.497847e+01  2.300000e+01 -1.545467e+01
      vertex -2.497847e+01 -1.800000e+01 -1.545467e+01
      vertex -2.391264e+01 -1.800000e+01 -1.506674e+01
    endloop
  endfacet
  facet normal -3.420205e-01  0.000000e+00  9.396925e-01
    outer loop
      vertex -2.497847e+01  2.300000e+01 -1.545467e+01
      vertex -2.391264e+01 -1.800000e+01 -1.506674e+01
      vertex -2.391264e+01  2.300000e+01 -1.506674e+01
    endloop
  endfacet
  facet normal -4.067363e-01  0.000000e+00  9.135455e-01
    outer loop
      vertex -2.391264e+01  2.300000e+01 -1.506674e+01
      vertex -2.391264e+01 -1.800000e+01 -1.506674e+01
      vertex -2.287647e+01 -1.800000e+01 -1.460540e+01
    endloop
  endfacet
  facet normal -4.067363e-01  0.000000e+00  9.135455e-01
    outer loop
      vertex -2.391264e+01  2.300000e+01 -1.506674e+01
      vertex -2.287647e+01 -1.800000e+01 -1.460540e+01
      vertex -2.287647e+01  2.300000e+01 -1.460540e+01
    endloop
  endfacet
  facet normal -4.694712e-01  0.000000e+00  8.829477e-01
    outer loop
      vertex -2.287647e+01  2.300000e+01 -1.460540e+01
      vertex -2.287647e+01 -1.800000e+01 -1.460540e+01
      vertex -2.187500e+01 -1.800000e+01 -1.407291e+01
    endloop
  endfacet
  facet normal -4.694712e-01  0.000000e+00  8.829477e-01
    outer loop
      vertex -2.287647e+01  2.300000e+01 -1.460540e+01
      vertex -2.187500e+01 -1.800000e+01 -1.407291e+01
      vertex -2.187500e+01  2.300000e+01 -1.407291e+01
    endloop
  endfacet
  facet normal -5.299190e-01  0.000000e+00  8.480483e-01
    outer loop
      vertex -2.187500e+01  2.300000e+01 -1.407291e+01
      vertex -2.187500e+01 -1.800000e+01 -1.407291e+01
      vertex -2.091311e+01 -1.800000e+01 -1.347186e+01
    endloop
  endfacet
  facet normal -5.299190e-01  0.000000e+00  8.480483e-01
    outer loop
      vertex -2.187500e+01  2.300000e+01 -1.407291e+01
      vertex -2.091311e+01 -1.800000e+01 -1.347186e+01
      vertex -2.091311e+01  2.300000e+01 -1.347186e+01
    endloop
  endfacet
  facet normal -5.877856e-01  0.000000e+00  8.090168e-01
    outer loop
      vertex -2.091311e+01  2.300000e+01 -1.347186e+01
      vertex -2.091311e+01 -1.800000e+01 -1.347186e+01
      vertex -1.999550e+01 -1.800000e+01 -1.280517e+01
    endloop
  endfacet
  facet normal -5.877856e-01  0.000000e+00  8.090168e-01
    outer loop
      vertex -2.091311e+01  2.300000e+01 -1.347186e+01
      vertex -1.999550e+01 -1.800000e+01 -1.280517e+01
      vertex -1.999550e+01  2.300000e+01 -1.280517e+01
    endloop
  endfacet
  facet normal -6.427877e-01  0.000000e+00  7.660444e-01
    outer loop
      vertex -1.999550e+01  2.300000e+01 -1.280517e+01
      vertex -1.999550e+01 -1.800000e+01 -1.280517e+01
      vertex -1.912663e+01 -1.800000e+01 -1.207610e+01
    endloop
  endfacet
  facet normal -6.427877e-01  0.000000e+00  7.660444e-01
    outer loop
      vertex -1.999550e+01  2.300000e+01 -1.280517e+01
      vertex -1.912663e+01 -1.800000e+01 -1.207610e+01
      vertex -1.912663e+01  2.300000e+01 -1.207610e+01
    endloop
  endfacet
  facet normal -6.946585e-01  0.000000e+00  7.193397e-01
    outer loop
      vertex -1.912663e+01  2.300000e+01 -1.207610e+01
      vertex -1.912663e+01 -1.800000e+01 -1.207610e+01
      vertex -1.831073e+01 -1.800000e+01 -1.128820e+01
    endloop
  endfacet
  facet normal -6.946585e-01  0.000000e+00  7.193397e-01
    outer loop
      vertex -1.912663e+01  2.300000e+01 -1.207610e+01
      vertex -1.831073e+01 -1.800000e+01 -1.128820e+01
      vertex -1.831073e+01  2.300000e+01 -1.128820e+01
    endloop
  endfacet
  facet normal -7.431446e-01  0.000000e+00  6.691308e-01
    outer loop
      vertex -1.831073e+01  2.300000e+01 -1.128820e+01
      vertex -1.831073e+01 -1.800000e+01 -1.128820e+01
      vertex -1.755178e+01 -1.800000e+01 -1.044530e+01
    endloop
  endfacet
  facet normal -7.431446e-01  0.000000e+00  6.691308e-01
    outer loop
      vertex -1.831073e+01  2.300000e+01 -1.128820e+01
      vertex -1.755178e+01 -1.800000e+01 -1.044530e+01
      vertex -1.755178e+01  2.300000e+01 -1.044530e+01
    endloop
  endfacet
  facet normal -7.880107e-01  0.000000e+00  6.156614e-01
    outer loop
      vertex -1.755178e+01  2.300000e+01 -1.044530e+01
      vertex -1.755178e+01 -1.800000e+01 -1.044530e+01
      vertex -1.685347e+01 -1.800000e+01 -9.551511e+00
    endloop
  endfacet
  facet normal -7.880107e-01  0.000000e+00  6.156614e-01
    outer loop
      vertex -1.755178e+01  2.300000e+01 -1.044530e+01
      vertex -1.685347e+01 -1.800000e+01 -9.551511e+00
      vertex -1.685347e+01  2.300000e+01 -9.551511e+00
    endloop
  endfacet
  facet normal -8.290381e-01  0.000000e+00  5.591921e-01
    outer loop
      vertex -1.685347e+01  2.300000e+01 -9.551511e+00
      vertex -1.685347e+01 -1.800000e+01 -9.551511e+00
      vertex -1.621922e+01 -1.800000e+01 -8.611188e+00
    endloop
  endfacet
  facet normal -8.290381e-01  0.000000e+00  5.591921e-01
    outer loop
      vertex -1.685347e+01  2.300000e+01 -9.551511e+00
      vertex -1.621922e+01 -1.800000e+01 -8.611188e+00
      vertex -1.621922e+01  2.300000e+01 -8.611188e+00
    endloop
  endfacet
  facet normal -8.660251e-01  0.000000e+00  5.000006e-01
    outer loop
      vertex -1.621922e+01  2.300000e+01 -8.611188e+00
      vertex -1.621922e+01 -1.800000e+01 -8.611188e+00
      vertex -1.565210e+01 -1.800000e+01 -7.628913e+00
    endloop
  endfacet
  facet normal -8.660251e-01  0.000000e+00  5.000006e-01
    outer loop
      vertex -1.621922e+01  2.300000e+01 -8.611188e+00
      vertex -1.565210e+01 -1.800000e+01 -7.628913e+00
      vertex -1.565210e+01  2.300000e+01 -7.628913e+00
    endloop
  endfacet
  facet normal -8.987941e-01  0.000000e+00  4.383711e-01
    outer loop
      vertex -1.565210e+01  2.300000e+01 -7.628913e+00
      vertex -1.565210e+01 -1.800000e+01 -7.628913e+00
      vertex -1.515489e+01 -1.800000e+01 -6.609470e+00
    endloop
  endfacet
  facet normal -8.987941e-01  0.000000e+00  4.383711e-01
    outer loop
      vertex -1.565210e+01  2.300000e+01 -7.628913e+00
      vertex -1.515489e+01 -1.800000e+01 -6.609470e+00
      vertex -1.515489e+01  2.300000e+01 -6.609470e+00
    endloop
  endfacet
  facet normal -9.271838e-01  0.000000e+00  3.746067e-01
    outer loop
      vertex -1.515489e+01  2.300000e+01 -6.609470e+00
      vertex -1.515489e+01 -1.800000e+01 -6.609470e+00
      vertex -1.472999e+01 -1.800000e+01 -5.557827e+00
    endloop
  endfacet
  facet normal -9.271838e-01  0.000000e+00  3.746067e-01
    outer loop
      vertex -1.515489e+01  2.300000e+01 -6.609470e+00
      vertex -1.472999e+01 -1.800000e+01 -5.557827e+00
      vertex -1.472999e+01  2.300000e+01 -5.557827e+00
    endloop
  endfacet
  facet normal -9.510567e-01  0.000000e+00  3.090168e-01
    outer loop
      vertex -1.472999e+01  2.300000e+01 -5.557827e+00
      vertex -1.472999e+01 -1.800000e+01 -5.557827e+00
      vertex -1.437950e+01 -1.800000e+01 -4.479107e+00
    endloop
  endfacet
  facet normal -9.510567e-01  0.000000e+00  3.090168e-01
    outer loop
      vertex -1.472999e+01  2.300000e+01 -5.557827e+00
      vertex -1.437950e+01 -1.800000e+01 -4.479107e+00
      vertex -1.437950e+01  2.300000e+01 -4.479107e+00
    endloop
  endfacet
  facet normal -9.702957e-01  0.000000e+00  2.419219e-01
    outer loop
      vertex -1.437950e+01  2.300000e+01 -4.479107e+00
      vertex -1.437950e+01 -1.800000e+01 -4.479107e+00
      vertex -1.410510e+01 -1.800000e+01 -3.378565e+00
    endloop
  endfacet
  facet normal -9.702957e-01  0.000000e+00  2.419219e-01
    outer loop
      vertex -1.437950e+01  2.300000e+01 -4.479107e+00
      vertex -1.410510e+01 -1.800000e+01 -3.378565e+00
      vertex -1.410510e+01  2.300000e+01 -3.378565e+00
    endloop
  endfacet
  facet normal -9.848078e-01  0.000000e+00  1.736481e-01
    outer loop
      vertex -1.410510e+01  2.300000e+01 -3.378565e+00
      vertex -1.410510e+01 -1.800000e+01 -3.378565e+00
      vertex -1.390814e+01 -1.800000e+01 -2.261563e+00
    endloop
  endfacet
  facet normal -9.848078e-01  0.000000e+00  1.736481e-01
    outer loop
      vertex -1.410510e+01  2.300000e+01 -3.378565e+00
      vertex -1.390814e+01 -1.800000e+01 -2.261563e+00
      vertex -1.390814e+01  2.300000e+01 -2.261563e+00
    endloop
  endfacet
  facet normal -9.945219e-01  0.000000e+00  1.045286e-01
    outer loop
      vertex -1.390814e+01  2.300000e+01 -2.261563e+00
      vertex -1.390814e+01 -1.800000e+01 -2.261563e+00
      vertex -1.378958e+01 -1.800000e+01 -1.133543e+00
    endloop
  endfacet
  facet normal -9.945219e-01  0.000000e+00  1.045286e-01
    outer loop
      vertex -1.390814e+01  2.300000e+01 -2.261563e+00
      vertex -1.378958e+01 -1.800000e+01 -1.133543e+00
      vertex -1.378958e+01  2.300000e+01 -1.133543e+00
    endloop
  endfacet
  facet normal -9.993908e-01  0.000000e+00  3.489947e-02
    outer loop
      vertex -1.378958e+01  2.300000e+01 -1.133543e+00
      vertex -1.378958e+01 -1.800000e+01 -1.133543e+00
      vertex -1.375000e+01 -1.800000e+01  0.000000e+00
    endloop
  endfacet
  facet normal -9.993908e-01  0.000000e+00  3.489947e-02
    outer loop
      vertex -1.378958e+01  2.300000e+01 -1.133543e+00
      vertex -1.375000e+01 -1.800000e+01  0.000000e+00
      vertex -1.375000e+01  2.300000e+01  0.000000e+00
    endloop
  endfacet
  facet normal -6.975697e-02  0.000000e+00  9.975640e-01
    outer loop
      vertex -2.830141e+01 -1.800000e+01 -1.616098e+01
      vertex -2.943288e+01  2.300000e+01 -1.624010e+01
      vertex -2.943288e+01 -1.800000e+01 -1.624010e+01
    endloop
  endfacet
  facet normal  0.000000e+00  -0.000000e+00  1.000000e+00
    outer loop
      vertex -2.943288e+01 -1.800000e+01 -1.624010e+01
      vertex -2.943288e+01  2.300000e+01 -1.624010e+01
      vertex -3.056712e+01  2.300000e+01 -1.624010e+01
    endloop
  endfacet
  facet normal  0.000000e+00  0.000000e+00  1.000000e+00
    outer loop
      vertex -2.943288e+01 -1.800000e+01 -1.624010e+01
      vertex -3.056712e+01  2.300000e+01 -1.624010e+01
      vertex -3.056712e+01 -1.800000e+01 -1.624010e+01
    endloop
  endfacet
  facet normal  6.975697e-02  -0.000000e+00  9.975640e-01
    outer loop
      vertex -3.056712e+01 -1.800000e+01 -1.624010e+01
      vertex -3.056712e+01  2.300000e+01 -1.624010e+01
      vertex -3.169859e+01  2.300000e+01 -1.616098e+01
    endloop
  endfacet
  facet normal  6.975697e-02  0.000000e+00  9.975640e-01
    outer loop
      vertex -3.056712e+01 -1.800000e+01 -1.624010e+01
      vertex -3.169859e+01  2.300000e+01 -1.616098e+01
      vertex -3.169859e+01 -1.800000e+01 -1.616098e+01
    endloop
  endfacet
  facet normal  1.391727e-01  -0.000000e+00  9.902682e-01
    outer loop
      vertex -3.169859e+01 -1.800000e+01 -1.616098e+01
      vertex -3.169859e+01  2.300000e+01 -1.616098e+01
      vertex -3.282178e+01  2.300000e+01 -1.600313e+01
    endloop
  endfacet
  facet normal  1.391727e-01  0.000000e+00  9.902682e-01
    outer loop
      vertex -3.169859e+01 -1.800000e+01 -1.616098e+01
      vertex -3.282178e+01  2.300000e+01 -1.600313e+01
      vertex -3.282178e+01 -1.800000e+01 -1.600313e+01
    endloop
  endfacet
  facet normal  2.079114e-01  -0.000000e+00  9.781477e-01
    outer loop
      vertex -3.282178e+01 -1.800000e+01 -1.600313e+01
      vertex -3.282178e+01  2.300000e+01 -1.600313e+01
      vertex -3.393123e+01  2.300000e+01 -1.576731e+01
    endloop
  endfacet
  facet normal  2.079114e-01  0.000000e+00  9.781477e-01
    outer loop
      vertex -3.282178e+01 -1.800000e+01 -1.600313e+01
      vertex -3.393123e+01  2.300000e+01 -1.576731e+01
      vertex -3.393123e+01 -1.800000e+01 -1.576731e+01
    endloop
  endfacet
  facet normal  2.756379e-01  -0.000000e+00  9.612616e-01
    outer loop
      vertex -3.393123e+01 -1.800000e+01 -1.576731e+01
      vertex -3.393123e+01  2.300000e+01 -1.576731e+01
      vertex -3.502153e+01  2.300000e+01 -1.545467e+01
    endloop
  endfacet
  facet normal  2.756379e-01  0.000000e+00  9.612616e-01
    outer loop
      vertex -3.393123e+01 -1.800000e+01 -1.576731e+01
      vertex -3.502153e+01  2.300000e+01 -1.545467e+01
      vertex -3.502153e+01 -1.800000e+01 -1.545467e+01
    endloop
  endfacet
  facet normal  3.420205e-01  -0.000000e+00  9.396925e-01
    outer loop
      vertex -3.502153e+01 -1.800000e+01 -1.545467e+01
      vertex -3.502153e+01  2.300000e+01 -1.545467e+01
      vertex -3.608736e+01  2.300000e+01 -1.506674e+01
    endloop
  endfacet
  facet normal  3.420205e-01  0.000000e+00  9.396925e-01
    outer loop
      vertex -3.502153e+01 -1.800000e+01 -1.545467e+01
      vertex -3.608736e+01  2.300000e+01 -1.506674e+01
      vertex -3.608736e+01 -1.800000e+01 -1.506674e+01
    endloop
  endfacet
  facet normal  4.067363e-01  -0.000000e+00  9.135455e-01
    outer loop
      vertex -3.608736e+01 -1.800000e+01 -1.506674e+01
      vertex -3.608736e+01  2.300000e+01 -1.506674e+01
      vertex -3.712353e+01  2.300000e+01 -1.460540e+01
    endloop
  endfacet
  facet normal  4.067363e-01  0.000000e+00  9.135455e-01
    outer loop
      vertex -3.608736e+01 -1.800000e+01 -1.506674e+01
      vertex -3.712353e+01  2.300000e+01 -1.460540e+01
      vertex -3.712353e+01 -1.800000e+01 -1.460540e+01
    endloop
  endfacet
  facet normal  4.694712e-01  -0.000000e+00  8.829477e-01
    outer loop
      vertex -3.712353e+01 -1.800000e+01 -1.460540e+01
      vertex -3.712353e+01  2.300000e+01 -1.460540e+01
      vertex -3.812500e+01  2.300000e+01 -1.407291e+01
    endloop
  endfacet
  facet normal  4.694712e-01  0.000000e+00  8.829477e-01
    outer loop
      vertex -3.712353e+01 -1.800000e+01 -1.460540e+01
      vertex -3.812500e+01  2.300000e+01 -1.407291e+01
      vertex -3.812500e+01 -1.800000e+01 -1.407291e+01
    endloop
  endfacet
  facet normal  5.299197e-01  -0.000000e+00  8.480478e-01
    outer loop
      vertex -3.812500e+01 -1.800000e+01 -1.407291e+01
      vertex -3.812500e+01  2.300000e+01 -1.407291e+01
      vertex -3.908688e+01  2.300000e+01 -1.347186e+01
    endloop
  endfacet
  facet normal  5.299197e-01  0.000000e+00  8.480478e-01
    outer loop
      vertex -3.812500e+01 -1.800000e+01 -1.407291e+01
      vertex -3.908688e+01  2.300000e+01 -1.347186e+01
      vertex -3.908688e+01 -1.800000e+01 -1.347186e+01
    endloop
  endfacet
  facet normal  5.877856e-01  -0.000000e+00  8.090168e-01
    outer loop
      vertex -3.908688e+01 -1.800000e+01 -1.347186e+01
      vertex -3.908688e+01  2.300000e+01 -1.347186e+01
      vertex -4.000450e+01  2.300000e+01 -1.280517e+01
    endloop
  endfacet
  facet normal  5.877856e-01  0.000000e+00  8.090168e-01
    outer loop
      vertex -3.908688e+01 -1.800000e+01 -1.347186e+01
      vertex -4.000450e+01  2.300000e+01 -1.280517e+01
      vertex -4.000450e+01 -1.800000e+01 -1.280517e+01
    endloop
  endfacet
  facet normal  6.427877e-01  -0.000000e+00  7.660444e-01
    outer loop
      vertex -4.000450e+01 -1.800000e+01 -1.280517e+01
      vertex -4.000450e+01  2.300000e+01 -1.280517e+01
      vertex -4.087337e+01  2.300000e+01 -1.207610e+01
    endloop
  endfacet
  facet normal  6.427877e-01  0.000000e+00  7.660444e-01
    outer loop
      vertex -4.000450e+01 -1.800000e+01 -1.280517e+01
      vertex -4.087337e+01  2.300000e+01 -1.207610e+01
      vertex -4.087337e+01 -1.800000e+01 -1.207610e+01
    endloop
  endfacet
  facet normal  6.946585e-01  -0.000000e+00  7.193397e-01
    outer loop
      vertex -4.087337e+01 -1.800000e+01 -1.207610e+01
      vertex -4.087337e+01  2.300000e+01 -1.207610e+01
      vertex -4.168927e+01  2.300000e+01 -1.128820e+01
    endloop
  endfacet
  facet normal  6.946585e-01  0.000000e+00  7.193397e-01
    outer loop
      vertex -4.087337e+01 -1.800000e+01 -1.207610e+01
      vertex -4.168927e+01  2.300000e+01 -1.128820e+01
      vertex -4.168927e+01 -1.800000e+01 -1.128820e+01
    endloop
  endfacet
  facet normal  7.431438e-01  -0.000000e+00  6.691317e-01
    outer loop
      vertex -4.168927e+01 -1.800000e+01 -1.128820e+01
      vertex -4.168927e+01  2.300000e+01 -1.128820e+01
      vertex -4.244822e+01  2.300000e+01 -1.044530e+01
    endloop
  endfacet
  facet normal  7.431438e-01  0.000000e+00  6.691317e-01
    outer loop
      vertex -4.168927e+01 -1.800000e+01 -1.128820e+01
      vertex -4.244822e+01  2.300000e+01 -1.044530e+01
      vertex -4.244822e+01 -1.800000e+01 -1.044530e+01
    endloop
  endfacet
  facet normal  7.880107e-01  -0.000000e+00  6.156614e-01
    outer loop
      vertex -4.244822e+01 -1.800000e+01 -1.044530e+01
      vertex -4.244822e+01  2.300000e+01 -1.044530e+01
      vertex -4.314653e+01  2.300000e+01 -9.551511e+00
    endloop
  endfacet
  facet normal  7.880107e-01  0.000000e+00  6.156614e-01
    outer loop
      vertex -4.244822e+01 -1.800000e+01 -1.044530e+01
      vertex -4.314653e+01  2.300000e+01 -9.551511e+00
      vertex -4.314653e+01 -1.800000e+01 -9.551511e+00
    endloop
  endfacet
  facet normal  8.290381e-01  -0.000000e+00  5.591921e-01
    outer loop
      vertex -4.314653e+01 -1.800000e+01 -9.551511e+00
      vertex -4.314653e+01  2.300000e+01 -9.551511e+00
      vertex -4.378078e+01  2.300000e+01 -8.611188e+00
    endloop
  endfacet
  facet normal  8.290381e-01  0.000000e+00  5.591921e-01
    outer loop
      vertex -4.314653e+01 -1.800000e+01 -9.551511e+00
      vertex -4.378078e+01  2.300000e+01 -8.611188e+00
      vertex -4.378078e+01 -1.800000e+01 -8.611188e+00
    endloop
  endfacet
  facet normal  8.660257e-01  -0.000000e+00  4.999993e-01
    outer loop
      vertex -4.378078e+01 -1.800000e+01 -8.611188e+00
      vertex -4.378078e+01  2.300000e+01 -8.611188e+00
      vertex -4.434790e+01  2.300000e+01 -7.628913e+00
    endloop
  endfacet
  facet normal  8.660257e-01  0.000000e+00  4.999993e-01
    outer loop
      vertex -4.378078e+01 -1.800000e+01 -8.611188e+00
      vertex -4.434790e+01  2.300000e+01 -7.628913e+00
      vertex -4.434790e+01 -1.800000e+01 -7.628913e+00
    endloop
  endfacet
  facet normal  8.987941e-01  -0.000000e+00  4.383711e-01
    outer loop
      vertex -4.434790e+01 -1.800000e+01 -7.628913e+00
      vertex -4.434790e+01  2.300000e+01 -7.628913e+00
      vertex -4.484511e+01  2.300000e+01 -6.609470e+00
    endloop
  endfacet
  facet normal  8.987941e-01  0.000000e+00  4.383711e-01
    outer loop
      vertex -4.434790e+01 -1.800000e+01 -7.628913e+00
      vertex -4.484511e+01  2.300000e+01 -6.609470e+00
      vertex -4.484511e+01 -1.800000e+01 -6.609470e+00
    endloop
  endfacet
  facet normal  9.271836e-01  -0.000000e+00  3.746074e-01
    outer loop
      vertex -4.484511e+01 -1.800000e+01 -6.609470e+00
      vertex -4.484511e+01  2.300000e+01 -6.609470e+00
      vertex -4.527000e+01  2.300000e+01 -5.557827e+00
    endloop
  endfacet
  facet normal  9.271836e-01  0.000000e+00  3.746074e-01
    outer loop
      vertex -4.484511e+01 -1.800000e+01 -6.609470e+00
      vertex -4.527000e+01  2.300000e+01 -5.557827e+00
      vertex -4.527000e+01 -1.800000e+01 -5.557827e+00
    endloop
  endfacet
  facet normal  9.510564e-01  -0.000000e+00  3.090175e-01
    outer loop
      vertex -4.527000e+01 -1.800000e+01 -5.557827e+00
      vertex -4.527000e+01  2.300000e+01 -5.557827e+00
      vertex -4.562050e+01  2.300000e+01 -4.479107e+00
    endloop
  endfacet
  facet normal  9.510564e-01  0.000000e+00  3.090175e-01
    outer loop
      vertex -4.527000e+01 -1.800000e+01 -5.557827e+00
      vertex -4.562050e+01  2.300000e+01 -4.479107e+00
      vertex -4.562050e+01 -1.800000e+01 -4.479107e+00
    endloop
  endfacet
  facet normal  9.702959e-01  -0.000000e+00  2.419211e-01
    outer loop
      vertex -4.562050e+01 -1.800000e+01 -4.479107e+00
      vertex -4.562050e+01  2.300000e+01 -4.479107e+00
      vertex -4.589490e+01  2.300000e+01 -3.378565e+00
    endloop
  endfacet
  facet normal  9.702959e-01  0.000000e+00  2.419211e-01
    outer loop
      vertex -4.562050e+01 -1.800000e+01 -4.479107e+00
      vertex -4.589490e+01  2.300000e+01 -3.378565e+00
      vertex -4.589490e+01 -1.800000e+01 -3.378565e+00
    endloop
  endfacet
  facet normal  9.848073e-01  -0.000000e+00  1.736506e-01
    outer loop
      vertex -4.589490e+01 -1.800000e+01 -3.378565e+00
      vertex -4.589490e+01  2.300000e+01 -3.378565e+00
      vertex -4.609186e+01  2.300000e+01 -2.261563e+00
    endloop
  endfacet
  facet normal  9.848073e-01  0.000000e+00  1.736506e-01
    outer loop
      vertex -4.589490e+01 -1.800000e+01 -3.378565e+00
      vertex -4.609186e+01  2.300000e+01 -2.261563e+00
      vertex -4.609186e+01 -1.800000e+01 -2.261563e+00
    endloop
  endfacet
  facet normal  9.945220e-01  -0.000000e+00  1.045261e-01
    outer loop
      vertex -4.609186e+01 -1.800000e+01 -2.261563e+00
      vertex -4.609186e+01  2.300000e+01 -2.261563e+00
      vertex -4.621041e+01  2.300000e+01 -1.133543e+00
    endloop
  endfacet
  facet normal  9.945220e-01  0.000000e+00  1.045261e-01
    outer loop
      vertex -4.609186e+01 -1.800000e+01 -2.261563e+00
      vertex -4.621041e+01  2.300000e+01 -1.133543e+00
      vertex -4.621041e+01 -1.800000e+01 -1.133543e+00
    endloop
  endfacet
  facet normal  9.993908e-01  -0.000000e+00  3.490032e-02
    outer loop
      vertex -4.621041e+01 -1.800000e+01 -1.133543e+00
      vertex -4.621041e+01  2.300000e+01 -1.133543e+00
      vertex -4.625000e+01  2.300000e+01  1.990051e-15
    endloop
  endfacet
  facet normal  9.993908e-01  0.000000e+00  3.490032e-02
    outer loop
      vertex -4.621041e+01 -1.800000e+01 -1.133543e+00
      vertex -4.625000e+01  2.300000e+01  1.990051e-15
      vertex -4.625000e+01 -1.800000e+01  1.990051e-15
    endloop
  endfacet
  facet normal -4.058062e-01  -0.000000e+00 -9.139591e-01
    outer loop
      vertex  3.607202e+01 -2.300000e+01  1.507293e+01
      vertex  3.710866e+01  2.300000e+01  1.461265e+01
      vertex  3.710866e+01 -2.300000e+01  1.461265e+01
    endloop
  endfacet
  facet normal -4.685723e-01  0.000000e+00 -8.834252e-01
    outer loop
      vertex  3.710866e+01 -2.300000e+01  1.461265e+01
      vertex  3.710866e+01  2.300000e+01  1.461265e+01
      vertex  3.811067e+01  2.300000e+01  1.408118e+01
    endloop
  endfacet
  facet normal -4.685723e-01  -0.000000e+00 -8.834252e-01
    outer loop
      vertex  3.710866e+01 -2.300000e+01  1.461265e+01
      vertex  3.811067e+01  2.300000e+01  1.408118e+01
      vertex  3.811067e+01 -2.300000e+01  1.408118e+01
    endloop
  endfacet
  facet normal -5.290566e-01  0.000000e+00 -8.485865e-01
    outer loop
      vertex  3.811067e+01 -2.300000e+01  1.408118e+01
      vertex  3.811067e+01  2.300000e+01  1.408118e+01
      vertex  3.907317e+01  2.300000e+01  1.348110e+01
    endloop
  endfacet
  facet normal -5.290566e-01  -0.000000e+00 -8.485865e-01
    outer loop
      vertex  3.811067e+01 -2.300000e+01  1.408118e+01
      vertex  3.907317e+01  2.300000e+01  1.348110e+01
      vertex  3.907317e+01 -2.300000e+01  1.348110e+01
    endloop
  endfacet
  facet normal -5.869612e-01  0.000000e+00 -8.096150e-01
    outer loop
      vertex  3.907317e+01 -2.300000e+01  1.348110e+01
      vertex  3.907317e+01  2.300000e+01  1.348110e+01
      vertex  3.999146e+01  2.300000e+01  1.281535e+01
    endloop
  endfacet
  facet normal -5.869612e-01  -0.000000e+00 -8.096150e-01
    outer loop
      vertex  3.907317e+01 -2.300000e+01  1.348110e+01
      vertex  3.999146e+01  2.300000e+01  1.281535e+01
      vertex  3.999146e+01 -2.300000e+01  1.281535e+01
    endloop
  endfacet
  facet normal -6.420065e-01  0.000000e+00 -7.666992e-01
    outer loop
      vertex  3.999146e+01 -2.300000e+01  1.281535e+01
      vertex  3.999146e+01  2.300000e+01  1.281535e+01
      vertex  4.086108e+01  2.300000e+01  1.208716e+01
    endloop
  endfacet
  facet normal -6.420065e-01  -0.000000e+00 -7.666992e-01
    outer loop
      vertex  3.999146e+01 -2.300000e+01  1.281535e+01
      vertex  4.086108e+01  2.300000e+01  1.208716e+01
      vertex  4.086108e+01 -2.300000e+01  1.208716e+01
    endloop
  endfacet
  facet normal -6.939262e-01  0.000000e+00 -7.200460e-01
    outer loop
      vertex  4.086108e+01 -2.300000e+01  1.208716e+01
      vertex  4.086108e+01  2.300000e+01  1.208716e+01
      vertex  4.167778e+01  2.300000e+01  1.130009e+01
    endloop
  endfacet
  facet normal -6.939262e-01  -0.000000e+00 -7.200460e-01
    outer loop
      vertex  4.086108e+01 -2.300000e+01  1.208716e+01
      vertex  4.167778e+01  2.300000e+01  1.130009e+01
      vertex  4.167778e+01 -2.300000e+01  1.130009e+01
    endloop
  endfacet
  facet normal -7.424635e-01  0.000000e+00 -6.698865e-01
    outer loop
      vertex  4.167778e+01 -2.300000e+01  1.130009e+01
      vertex  4.167778e+01  2.300000e+01  1.130009e+01
      vertex  4.243758e+01  2.300000e+01  1.045796e+01
    endloop
  endfacet
  facet normal -7.424635e-01  -0.000000e+00 -6.698865e-01
    outer loop
      vertex  4.167778e+01 -2.300000e+01  1.130009e+01
      vertex  4.243758e+01  2.300000e+01  1.045796e+01
      vertex  4.243758e+01 -2.300000e+01  1.045796e+01
    endloop
  endfacet
  facet normal -7.873830e-01  0.000000e+00 -6.164642e-01
    outer loop
      vertex  4.243758e+01 -2.300000e+01  1.045796e+01
      vertex  4.243758e+01  2.300000e+01  1.045796e+01
      vertex  4.313680e+01  2.300000e+01  9.564887e+00
    endloop
  endfacet
  facet normal -7.873830e-01  -0.000000e+00 -6.164642e-01
    outer loop
      vertex  4.243758e+01 -2.300000e+01  1.045796e+01
      vertex  4.313680e+01  2.300000e+01  9.564887e+00
      vertex  4.313680e+01 -2.300000e+01  9.564887e+00
    endloop
  endfacet
  facet normal -8.284681e-01  0.000000e+00 -5.600363e-01
    outer loop
      vertex  4.313680e+01 -2.300000e+01  9.564887e+00
      vertex  4.313680e+01  2.300000e+01  9.564887e+00
      vertex  4.377201e+01  2.300000e+01  8.625211e+00
    endloop
  endfacet
  facet normal -8.284681e-01  -0.000000e+00 -5.600363e-01
    outer loop
      vertex  4.313680e+01 -2.300000e+01  9.564887e+00
      vertex  4.377201e+01  2.300000e+01  8.625211e+00
      vertex  4.377201e+01 -2.300000e+01  8.625211e+00
    endloop
  endfacet
  facet normal -8.655165e-01  0.000000e+00 -5.008804e-01
    outer loop
      vertex  4.377201e+01 -2.300000e+01  8.625211e+00
      vertex  4.377201e+01  2.300000e+01  8.625211e+00
      vertex  4.434013e+01  2.300000e+01  7.643513e+00
    endloop
  endfacet
  facet normal -8.655165e-01  -0.000000e+00 -5.008804e-01
    outer loop
      vertex  4.377201e+01 -2.300000e+01  8.625211e+00
      vertex  4.434013e+01  2.300000e+01  7.643513e+00
      vertex  4.434013e+01 -2.300000e+01  7.643513e+00
    endloop
  endfacet
  facet normal -8.983472e-01  0.000000e+00 -4.392859e-01
    outer loop
      vertex  4.434013e+01 -2.300000e+01  7.643513e+00
      vertex  4.434013e+01  2.300000e+01  7.643513e+00
      vertex  4.483838e+01  2.300000e+01  6.624578e+00
    endloop
  endfacet
  facet normal -8.983472e-01  -0.000000e+00 -4.392859e-01
    outer loop
      vertex  4.434013e+01 -2.300000e+01  7.643513e+00
      vertex  4.483838e+01  2.300000e+01  6.624578e+00
      vertex  4.483838e+01 -2.300000e+01  6.624578e+00
    endloop
  endfacet
  facet normal -9.268025e-01  0.000000e+00 -3.755494e-01
    outer loop
      vertex  4.483838e+01 -2.300000e+01  6.624578e+00
      vertex  4.483838e+01  2.300000e+01  6.624578e+00
      vertex  4.526434e+01  2.300000e+01  5.573368e+00
    endloop
  endfacet
  facet normal -9.268025e-01  -0.000000e+00 -3.755494e-01
    outer loop
      vertex  4.483838e+01 -2.300000e+01  6.624578e+00
      vertex  4.526434e+01  2.300000e+01  5.573368e+00
      vertex  4.526434e+01 -2.300000e+01  5.573368e+00
    endloop
  endfacet
  facet normal -9.507411e-01  0.000000e+00 -3.099861e-01
    outer loop
      vertex  4.526434e+01 -2.300000e+01  5.573368e+00
      vertex  4.526434e+01  2.300000e+01  5.573368e+00
      vertex  4.561594e+01  2.300000e+01  4.495005e+00
    endloop
  endfacet
  facet normal -9.507411e-01  -0.000000e+00 -3.099861e-01
    outer loop
      vertex  4.526434e+01 -2.300000e+01  5.573368e+00
      vertex  4.561594e+01  2.300000e+01  4.495005e+00
      vertex  4.561594e+01 -2.300000e+01  4.495005e+00
    endloop
  endfacet
  facet normal -9.700489e-01  0.000000e+00 -2.429098e-01
    outer loop
      vertex  4.561594e+01 -2.300000e+01  4.495005e+00
      vertex  4.561594e+01  2.300000e+01  4.495005e+00
      vertex  4.589145e+01  2.300000e+01  3.394742e+00
    endloop
  endfacet
  facet normal -9.700489e-01  -0.000000e+00 -2.429098e-01
    outer loop
      vertex  4.561594e+01 -2.300000e+01  4.495005e+00
      vertex  4.589145e+01  2.300000e+01  3.394742e+00
      vertex  4.589145e+01 -2.300000e+01  3.394742e+00
    endloop
  endfacet
  facet normal -9.846307e-01  0.000000e+00 -1.746496e-01
    outer loop
      vertex  4.589145e+01 -2.300000e+01  3.394742e+00
      vertex  4.589145e+01  2.300000e+01  3.394742e+00
      vertex  4.608955e+01  2.300000e+01  2.277941e+00
    endloop
  endfacet
  facet normal -9.846307e-01  -0.000000e+00 -1.746496e-01
    outer loop
      vertex  4.589145e+01 -2.300000e+01  3.394742e+00
      vertex  4.608955e+01  2.300000e+01  2.277941e+00
      vertex  4.608955e+01 -2.300000e+01  2.277941e+00
    endloop
  endfacet
  facet normal -9.944149e-01  0.000000e+00 -1.055418e-01
    outer loop
      vertex  4.608955e+01 -2.300000e+01  2.277941e+00
      vertex  4.608955e+01  2.300000e+01  2.277941e+00
      vertex  4.620926e+01  2.300000e+01  1.150042e+00
    endloop
  endfacet
  facet normal -9.944149e-01  -0.000000e+00 -1.055418e-01
    outer loop
      vertex  4.608955e+01 -2.300000e+01  2.277941e+00
      vertex  4.620926e+01  2.300000e+01  1.150042e+00
      vertex  4.620926e+01 -2.300000e+01  1.150042e+00
    endloop
  endfacet
  facet normal -9.993547e-01  0.000000e+00 -3.591602e-02
    outer loop
      vertex  4.620926e+01 -2.300000e+01  1.150042e+00
      vertex  4.620926e+01  2.300000e+01  1.150042e+00
      vertex  4.624999e+01  2.300000e+01  1.654050e-02
    endloop
  endfacet
  facet normal -9.993547e-01  -0.000000e+00 -3.591602e-02
    outer loop
      vertex  4.620926e+01 -2.300000e+01  1.150042e+00
      vertex  4.624999e+01  2.300000e+01  1.654050e-02
      vertex  4.624999e+01 -2.300000e+01  1.654050e-02
    endloop
  endfacet
  facet normal -9.994258e-01  0.000000e+00  3.388125e-02
    outer loop
      vertex  4.624999e+01 -2.300000e+01  1.654050e-02
      vertex  4.624999e+01  2.300000e+01  1.654050e-02
      vertex  4.621156e+01  2.300000e+01 -1.117042e+00
    endloop
  endfacet
  facet normal -9.994258e-01  0.000000e+00  3.388125e-02
    outer loop
      vertex  4.624999e+01 -2.300000e+01  1.654050e-02
      vertex  4.621156e+01  2.300000e+01 -1.117042e+00
      vertex  4.621156e+01 -2.300000e+01 -1.117042e+00
    endloop
  endfacet
  facet normal -9.946277e-01  0.000000e+00  1.035171e-01
    outer loop
      vertex  4.621156e+01 -2.300000e+01 -1.117042e+00
      vertex  4.621156e+01  2.300000e+01 -1.117042e+00
      vertex  4.609415e+01  2.300000e+01 -2.245182e+00
    endloop
  endfacet
  facet normal -9.946277e-01  0.000000e+00  1.035171e-01
    outer loop
      vertex  4.621156e+01 -2.300000e+01 -1.117042e+00
      vertex  4.609415e+01  2.300000e+01 -2.245182e+00
      vertex  4.609415e+01 -2.300000e+01 -2.245182e+00
    endloop
  endfacet
  facet normal -9.849840e-01  0.000000e+00  1.726451e-01
    outer loop
      vertex  4.609415e+01 -2.300000e+01 -2.245182e+00
      vertex  4.609415e+01  2.300000e+01 -2.245182e+00
      vertex  4.589833e+01  2.300000e+01 -3.362384e+00
    endloop
  endfacet
  facet normal -9.849840e-01  0.000000e+00  1.726451e-01
    outer loop
      vertex  4.609415e+01 -2.300000e+01 -2.245182e+00
      vertex  4.589833e+01  2.300000e+01 -3.362384e+00
      vertex  4.589833e+01 -2.300000e+01 -3.362384e+00
    endloop
  endfacet
  facet normal -9.705411e-01  0.000000e+00  2.409355e-01
    outer loop
      vertex  4.589833e+01 -2.300000e+01 -3.362384e+00
      vertex  4.589833e+01  2.300000e+01 -3.362384e+00
      vertex  4.562505e+01  2.300000e+01 -4.463205e+00
    endloop
  endfacet
  facet normal -9.705411e-01  0.000000e+00  2.409355e-01
    outer loop
      vertex  4.589833e+01 -2.300000e+01 -3.362384e+00
      vertex  4.562505e+01  2.300000e+01 -4.463205e+00
      vertex  4.562505e+01 -2.300000e+01 -4.463205e+00
    endloop
  endfacet
  facet normal -9.513705e-01  0.000000e+00  3.080489e-01
    outer loop
      vertex  4.562505e+01 -2.300000e+01 -4.463205e+00
      vertex  4.562505e+01  2.300000e+01 -4.463205e+00
      vertex  4.527565e+01  2.300000e+01 -5.542282e+00
    endloop
  endfacet
  facet normal -9.513705e-01  0.000000e+00  3.080489e-01
    outer loop
      vertex  4.562505e+01 -2.300000e+01 -4.463205e+00
      vertex  4.527565e+01  2.300000e+01 -5.542282e+00
      vertex  4.527565e+01 -2.300000e+01 -5.542282e+00
    endloop
  endfacet
  facet normal -4.058062e-01  0.000000e+00 -9.139591e-01
    outer loop
      vertex  3.710866e+01  2.300000e+01  1.461265e+01
      vertex  3.607202e+01 -2.300000e+01  1.507293e+01
      vertex  3.607202e+01  2.300000e+01  1.507293e+01
    endloop
  endfacet
  facet normal -3.410637e-01  -0.000000e+00 -9.400402e-01
    outer loop
      vertex  3.607202e+01  2.300000e+01  1.507293e+01
      vertex  3.607202e+01 -2.300000e+01  1.507293e+01
      vertex  3.500579e+01 -2.300000e+01  1.545977e+01
    endloop
  endfacet
  facet normal -3.410637e-01  0.000000e+00 -9.400402e-01
    outer loop
      vertex  3.607202e+01  2.300000e+01  1.507293e+01
      vertex  3.500579e+01 -2.300000e+01  1.545977e+01
      vertex  3.500579e+01  2.300000e+01  1.545977e+01
    endloop
  endfacet
  facet normal -2.746594e-01  -0.000000e+00 -9.615416e-01
    outer loop
      vertex  3.500579e+01  2.300000e+01  1.545977e+01
      vertex  3.500579e+01 -2.300000e+01  1.545977e+01
      vertex  3.391518e+01 -2.300000e+01  1.577130e+01
    endloop
  endfacet
  facet normal -2.746594e-01  0.000000e+00 -9.615416e-01
    outer loop
      vertex  3.500579e+01  2.300000e+01  1.545977e+01
      vertex  3.391518e+01 -2.300000e+01  1.577130e+01
      vertex  3.391518e+01  2.300000e+01  1.577130e+01
    endloop
  endfacet
  facet normal -2.069148e-01  -0.000000e+00 -9.783590e-01
    outer loop
      vertex  3.391518e+01  2.300000e+01  1.577130e+01
      vertex  3.391518e+01 -2.300000e+01  1.577130e+01
      vertex  3.280549e+01 -2.300000e+01  1.600599e+01
    endloop
  endfacet
  facet normal -2.069148e-01  0.000000e+00 -9.783590e-01
    outer loop
      vertex  3.391518e+01  2.300000e+01  1.577130e+01
      vertex  3.280549e+01 -2.300000e+01  1.600599e+01
      vertex  3.280549e+01  2.300000e+01  1.600599e+01
    endloop
  endfacet
  facet normal -1.381651e-01  -0.000000e+00 -9.904092e-01
    outer loop
      vertex  3.280549e+01  2.300000e+01  1.600599e+01
      vertex  3.280549e+01 -2.300000e+01  1.600599e+01
      vertex  3.168214e+01 -2.300000e+01  1.616270e+01
    endloop
  endfacet
  facet normal -1.381651e-01  0.000000e+00 -9.904092e-01
    outer loop
      vertex  3.280549e+01  2.300000e+01  1.600599e+01
      vertex  3.168214e+01 -2.300000e+01  1.616270e+01
      vertex  3.168214e+01  2.300000e+01  1.616270e+01
    endloop
  endfacet
  facet normal -6.874127e-02  -0.000000e+00 -9.976346e-01
    outer loop
      vertex  3.168214e+01  2.300000e+01  1.616270e+01
      vertex  3.168214e+01 -2.300000e+01  1.616270e+01
      vertex  3.055059e+01 -2.300000e+01  1.624067e+01
    endloop
  endfacet
  facet normal -6.874127e-02  0.000000e+00 -9.976346e-01
    outer loop
      vertex  3.168214e+01  2.300000e+01  1.616270e+01
      vertex  3.055059e+01 -2.300000e+01  1.624067e+01
      vertex  3.055059e+01  2.300000e+01  1.624067e+01
    endloop
  endfacet
  facet normal  1.017379e-03  0.000000e+00 -9.999995e-01
    outer loop
      vertex  3.055059e+01  2.300000e+01  1.624067e+01
      vertex  3.055059e+01 -2.300000e+01  1.624067e+01
      vertex  2.941635e+01 -2.300000e+01  1.623952e+01
    endloop
  endfacet
  facet normal  1.017379e-03  0.000000e+00 -9.999995e-01
    outer loop
      vertex  3.055059e+01  2.300000e+01  1.624067e+01
      vertex  2.941635e+01 -2.300000e+01  1.623952e+01
      vertex  2.941635e+01  2.300000e+01  1.623952e+01
    endloop
  endfacet
  facet normal  7.077260e-02  0.000000e+00 -9.974924e-01
    outer loop
      vertex  2.941635e+01  2.300000e+01  1.623952e+01
      vertex  2.941635e+01 -2.300000e+01  1.623952e+01
      vertex  2.828496e+01 -2.300000e+01  1.615924e+01
    endloop
  endfacet
  facet normal  7.077260e-02  0.000000e+00 -9.974924e-01
    outer loop
      vertex  2.941635e+01  2.300000e+01  1.623952e+01
      vertex  2.828496e+01 -2.300000e+01  1.615924e+01
      vertex  2.828496e+01  2.300000e+01  1.615924e+01
    endloop
  endfacet
  facet normal  1.401799e-01  0.000000e+00 -9.901261e-01
    outer loop
      vertex  2.828496e+01  2.300000e+01  1.615924e+01
      vertex  2.828496e+01 -2.300000e+01  1.615924e+01
      vertex  2.716193e+01 -2.300000e+01  1.600025e+01
    endloop
  endfacet
  facet normal  1.401799e-01  0.000000e+00 -9.901261e-01
    outer loop
      vertex  2.828496e+01  2.300000e+01  1.615924e+01
      vertex  2.716193e+01 -2.300000e+01  1.600025e+01
      vertex  2.716193e+01  2.300000e+01  1.600025e+01
    endloop
  endfacet
  facet normal  2.089075e-01  0.000000e+00 -9.779353e-01
    outer loop
      vertex  2.716193e+01  2.300000e+01  1.600025e+01
      vertex  2.716193e+01 -2.300000e+01  1.600025e+01
      vertex  2.605272e+01 -2.300000e+01  1.576330e+01
    endloop
  endfacet
  facet normal  2.089075e-01  0.000000e+00 -9.779353e-01
    outer loop
      vertex  2.716193e+01  2.300000e+01  1.600025e+01
      vertex  2.605272e+01 -2.300000e+01  1.576330e+01
      vertex  2.605272e+01  2.300000e+01  1.576330e+01
    endloop
  endfacet
  facet normal  2.766160e-01  0.000000e+00 -9.609805e-01
    outer loop
      vertex  2.605272e+01  2.300000e+01  1.576330e+01
      vertex  2.605272e+01 -2.300000e+01  1.576330e+01
      vertex  2.496275e+01 -2.300000e+01  1.544955e+01
    endloop
  endfacet
  facet normal  2.766160e-01  0.000000e+00 -9.609805e-01
    outer loop
      vertex  2.605272e+01  2.300000e+01  1.576330e+01
      vertex  2.496275e+01 -2.300000e+01  1.544955e+01
      vertex  2.496275e+01  2.300000e+01  1.544955e+01
    endloop
  endfacet
  facet normal  3.429763e-01  0.000000e+00 -9.393441e-01
    outer loop
      vertex  2.496275e+01  2.300000e+01  1.544955e+01
      vertex  2.496275e+01 -2.300000e+01  1.544955e+01
      vertex  2.389731e+01 -2.300000e+01  1.506053e+01
    endloop
  endfacet
  facet normal  3.429763e-01  0.000000e+00 -9.393441e-01
    outer loop
      vertex  2.496275e+01  2.300000e+01  1.544955e+01
      vertex  2.389731e+01 -2.300000e+01  1.506053e+01
      vertex  2.389731e+01  2.300000e+01  1.506053e+01
    endloop
  endfacet
  facet normal  4.076665e-01  0.000000e+00 -9.131309e-01
    outer loop
      vertex  2.389731e+01  2.300000e+01  1.506053e+01
      vertex  2.389731e+01 -2.300000e+01  1.506053e+01
      vertex  2.286161e+01 -2.300000e+01  1.459814e+01
    endloop
  endfacet
  facet normal  4.076665e-01  0.000000e+00 -9.131309e-01
    outer loop
      vertex  2.389731e+01  2.300000e+01  1.506053e+01
      vertex  2.286161e+01 -2.300000e+01  1.459814e+01
      vertex  2.286161e+01  2.300000e+01  1.459814e+01
    endloop
  endfacet
  facet normal  4.703696e-01  0.000000e+00 -8.824695e-01
    outer loop
      vertex  2.286161e+01  2.300000e+01  1.459814e+01
      vertex  2.286161e+01 -2.300000e+01  1.459814e+01
      vertex  2.186068e+01 -2.300000e+01  1.406464e+01
    endloop
  endfacet
  facet normal  4.703696e-01  0.000000e+00 -8.824695e-01
    outer loop
      vertex  2.286161e+01  2.300000e+01  1.459814e+01
      vertex  2.186068e+01 -2.300000e+01  1.406464e+01
      vertex  2.186068e+01  2.300000e+01  1.406464e+01
    endloop
  endfacet
  facet normal  5.307817e-01  0.000000e+00 -8.475086e-01
    outer loop
      vertex  2.186068e+01  2.300000e+01  1.406464e+01
      vertex  2.186068e+01 -2.300000e+01  1.406464e+01
      vertex  2.089941e+01 -2.300000e+01  1.346260e+01
    endloop
  endfacet
  facet normal  5.307817e-01  0.000000e+00 -8.475086e-01
    outer loop
      vertex  2.186068e+01  2.300000e+01  1.406464e+01
      vertex  2.089941e+01 -2.300000e+01  1.346260e+01
      vertex  2.089941e+01  2.300000e+01  1.346260e+01
    endloop
  endfacet
  facet normal  5.886087e-01  0.000000e+00 -8.084182e-01
    outer loop
      vertex  2.089941e+01  2.300000e+01  1.346260e+01
      vertex  2.089941e+01 -2.300000e+01  1.346260e+01
      vertex  1.998247e+01 -2.300000e+01  1.279498e+01
    endloop
  endfacet
  facet normal  5.886087e-01  0.000000e+00 -8.084182e-01
    outer loop
      vertex  2.089941e+01  2.300000e+01  1.346260e+01
      vertex  1.998247e+01 -2.300000e+01  1.279498e+01
      vertex  1.998247e+01  2.300000e+01  1.279498e+01
    endloop
  endfacet
  facet normal  6.435677e-01  0.000000e+00 -7.653892e-01
    outer loop
      vertex  1.998247e+01  2.300000e+01  1.279498e+01
      vertex  1.998247e+01 -2.300000e+01  1.279498e+01
      vertex  1.911434e+01 -2.300000e+01  1.206503e+01
    endloop
  endfacet
  facet normal  6.435677e-01  0.000000e+00 -7.653892e-01
    outer loop
      vertex  1.998247e+01  2.300000e+01  1.279498e+01
      vertex  1.911434e+01 -2.300000e+01  1.206503e+01
      vertex  1.911434e+01  2.300000e+01  1.206503e+01
    endloop
  endfacet
  facet normal  6.953896e-01  0.000000e+00 -7.186329e-01
    outer loop
      vertex  1.911434e+01  2.300000e+01  1.206503e+01
      vertex  1.911434e+01 -2.300000e+01  1.206503e+01
      vertex  1.829924e+01 -2.300000e+01  1.127629e+01
    endloop
  endfacet
  facet normal  6.953896e-01  0.000000e+00 -7.186329e-01
    outer loop
      vertex  1.911434e+01  2.300000e+01  1.206503e+01
      vertex  1.829924e+01 -2.300000e+01  1.127629e+01
      vertex  1.829924e+01  2.300000e+01  1.127629e+01
    endloop
  endfacet
  facet normal  7.438260e-01  0.000000e+00 -6.683733e-01
    outer loop
      vertex  1.829924e+01  2.300000e+01  1.127629e+01
      vertex  1.829924e+01 -2.300000e+01  1.127629e+01
      vertex  1.754115e+01 -2.300000e+01  1.043262e+01
    endloop
  endfacet
  facet normal  7.438260e-01  0.000000e+00 -6.683733e-01
    outer loop
      vertex  1.829924e+01  2.300000e+01  1.127629e+01
      vertex  1.754115e+01 -2.300000e+01  1.043262e+01
      vertex  1.754115e+01  2.300000e+01  1.043262e+01
    endloop
  endfacet
  facet normal  7.886364e-01  0.000000e+00 -6.148598e-01
    outer loop
      vertex  1.754115e+01  2.300000e+01  1.043262e+01
      vertex  1.754115e+01 -2.300000e+01  1.043262e+01
      vertex  1.684376e+01 -2.300000e+01  9.538124e+00
    endloop
  endfacet
  facet normal  7.886364e-01  0.000000e+00 -6.148598e-01
    outer loop
      vertex  1.754115e+01  2.300000e+01  1.043262e+01
      vertex  1.684376e+01 -2.300000e+01  9.538124e+00
      vertex  1.684376e+01  2.300000e+01  9.538124e+00
    endloop
  endfacet
  facet normal  8.296068e-01  0.000000e+00 -5.583481e-01
    outer loop
      vertex  1.684376e+01  2.300000e+01  9.538124e+00
      vertex  1.684376e+01 -2.300000e+01  9.538124e+00
      vertex  1.621046e+01 -2.300000e+01  8.597157e+00
    endloop
  endfacet
  facet normal  8.296068e-01  0.000000e+00 -5.583481e-01
    outer loop
      vertex  1.684376e+01  2.300000e+01  9.538124e+00
      vertex  1.621046e+01 -2.300000e+01  8.597157e+00
      vertex  1.621046e+01  2.300000e+01  8.597157e+00
    endloop
  endfacet
  facet normal  8.665336e-01  0.000000e+00 -4.991186e-01
    outer loop
      vertex  1.621046e+01  2.300000e+01  8.597157e+00
      vertex  1.621046e+01 -2.300000e+01  8.597157e+00
      vertex  1.564434e+01 -2.300000e+01  7.614305e+00
    endloop
  endfacet
  facet normal  8.665336e-01  0.000000e+00 -4.991186e-01
    outer loop
      vertex  1.621046e+01  2.300000e+01  8.597157e+00
      vertex  1.564434e+01 -2.300000e+01  7.614305e+00
      vertex  1.564434e+01  2.300000e+01  7.614305e+00
    endloop
  endfacet
  facet normal  8.992401e-01  0.000000e+00 -4.374556e-01
    outer loop
      vertex  1.564434e+01  2.300000e+01  7.614305e+00
      vertex  1.564434e+01 -2.300000e+01  7.614305e+00
      vertex  1.514817e+01 -2.300000e+01  6.594357e+00
    endloop
  endfacet
  facet normal  8.992401e-01  0.000000e+00 -4.374556e-01
    outer loop
      vertex  1.564434e+01  2.300000e+01  7.614305e+00
      vertex  1.514817e+01 -2.300000e+01  6.594357e+00
      vertex  1.514817e+01  2.300000e+01  6.594357e+00
    endloop
  endfacet
  facet normal  9.275644e-01  0.000000e+00 -3.736632e-01
    outer loop
      vertex  1.514817e+01  2.300000e+01  6.594357e+00
      vertex  1.514817e+01 -2.300000e+01  6.594357e+00
      vertex  1.472435e+01 -2.300000e+01  5.542282e+00
    endloop
  endfacet
  facet normal  9.275644e-01  0.000000e+00 -3.736632e-01
    outer loop
      vertex  1.514817e+01  2.300000e+01  6.594357e+00
      vertex  1.472435e+01 -2.300000e+01  5.542282e+00
      vertex  1.472435e+01  2.300000e+01  5.542282e+00
    endloop
  endfacet
  facet normal  4.058062e-01  0.000000e+00  9.139591e-01
    outer loop
      vertex  2.392798e+01 -2.300000e+01 -1.507293e+01
      vertex  2.289134e+01  2.300000e+01 -1.461265e+01
      vertex  2.289134e+01 -2.300000e+01 -1.461265e+01
    endloop
  endfacet
  facet normal  4.685723e-01  -0.000000e+00  8.834252e-01
    outer loop
      vertex  2.289134e+01 -2.300000e+01 -1.461265e+01
      vertex  2.289134e+01  2.300000e+01 -1.461265e+01
      vertex  2.188933e+01  2.300000e+01 -1.408118e+01
    endloop
  endfacet
  facet normal  4.685723e-01  0.000000e+00  8.834252e-01
    outer loop
      vertex  2.289134e+01 -2.300000e+01 -1.461265e+01
      vertex  2.188933e+01  2.300000e+01 -1.408118e+01
      vertex  2.188933e+01 -2.300000e+01 -1.408118e+01
    endloop
  endfacet
  facet normal  5.290559e-01  -0.000000e+00  8.485870e-01
    outer loop
      vertex  2.188933e+01 -2.300000e+01 -1.408118e+01
      vertex  2.188933e+01  2.300000e+01 -1.408118e+01
      vertex  2.092683e+01  2.300000e+01 -1.348110e+01
    endloop
  endfacet
  facet normal  5.290559e-01  0.000000e+00  8.485870e-01
    outer loop
      vertex  2.188933e+01 -2.300000e+01 -1.408118e+01
      vertex  2.092683e+01  2.300000e+01 -1.348110e+01
      vertex  2.092683e+01 -2.300000e+01 -1.348110e+01
    endloop
  endfacet
  facet normal  5.869620e-01  -0.000000e+00  8.096145e-01
    outer loop
      vertex  2.092683e+01 -2.300000e+01 -1.348110e+01
      vertex  2.092683e+01  2.300000e+01 -1.348110e+01
      vertex  2.000854e+01  2.300000e+01 -1.281535e+01
    endloop
  endfacet
  facet normal  5.869620e-01  0.000000e+00  8.096145e-01
    outer loop
      vertex  2.092683e+01 -2.300000e+01 -1.348110e+01
      vertex  2.000854e+01  2.300000e+01 -1.281535e+01
      vertex  2.000854e+01 -2.300000e+01 -1.281535e+01
    endloop
  endfacet
  facet normal  6.420073e-01  -0.000000e+00  7.666985e-01
    outer loop
      vertex  2.000854e+01 -2.300000e+01 -1.281535e+01
      vertex  2.000854e+01  2.300000e+01 -1.281535e+01
      vertex  1.913893e+01  2.300000e+01 -1.208716e+01
    endloop
  endfacet
  facet normal  6.420073e-01  0.000000e+00  7.666985e-01
    outer loop
      vertex  2.000854e+01 -2.300000e+01 -1.281535e+01
      vertex  1.913893e+01  2.300000e+01 -1.208716e+01
      vertex  1.913893e+01 -2.300000e+01 -1.208716e+01
    endloop
  endfacet
  facet normal  6.939254e-01  -0.000000e+00  7.200469e-01
    outer loop
      vertex  1.913893e+01 -2.300000e+01 -1.208716e+01
      vertex  1.913893e+01  2.300000e+01 -1.208716e+01
      vertex  1.832222e+01  2.300000e+01 -1.130009e+01
    endloop
  endfacet
  facet normal  6.939254e-01  0.000000e+00  7.200469e-01
    outer loop
      vertex  1.913893e+01 -2.300000e+01 -1.208716e+01
      vertex  1.832222e+01  2.300000e+01 -1.130009e+01
      vertex  1.832222e+01 -2.300000e+01 -1.130009e+01
    endloop
  endfacet
  facet normal  7.424635e-01  -0.000000e+00  6.698865e-01
    outer loop
      vertex  1.832222e+01 -2.300000e+01 -1.130009e+01
      vertex  1.832222e+01  2.300000e+01 -1.130009e+01
      vertex  1.756242e+01  2.300000e+01 -1.045796e+01
    endloop
  endfacet
  facet normal  7.424635e-01  0.000000e+00  6.698865e-01
    outer loop
      vertex  1.832222e+01 -2.300000e+01 -1.130009e+01
      vertex  1.756242e+01  2.300000e+01 -1.045796e+01
      vertex  1.756242e+01 -2.300000e+01 -1.045796e+01
    endloop
  endfacet
  facet normal  7.873837e-01  -0.000000e+00  6.164631e-01
    outer loop
      vertex  1.756242e+01 -2.300000e+01 -1.045796e+01
      vertex  1.756242e+01  2.300000e+01 -1.045796e+01
      vertex  1.686320e+01  2.300000e+01 -9.564887e+00
    endloop
  endfacet
  facet normal  7.873837e-01  0.000000e+00  6.164631e-01
    outer loop
      vertex  1.756242e+01 -2.300000e+01 -1.045796e+01
      vertex  1.686320e+01  2.300000e+01 -9.564887e+00
      vertex  1.686320e+01 -2.300000e+01 -9.564887e+00
    endloop
  endfacet
  facet normal  8.284681e-01  -0.000000e+00  5.600363e-01
    outer loop
      vertex  1.686320e+01 -2.300000e+01 -9.564887e+00
      vertex  1.686320e+01  2.300000e+01 -9.564887e+00
      vertex  1.622799e+01  2.300000e+01 -8.625211e+00
    endloop
  endfacet
  facet normal  8.284681e-01  0.000000e+00  5.600363e-01
    outer loop
      vertex  1.686320e+01 -2.300000e+01 -9.564887e+00
      vertex  1.622799e+01  2.300000e+01 -8.625211e+00
      vertex  1.622799e+01 -2.300000e+01 -8.625211e+00
    endloop
  endfacet
  facet normal  8.655158e-01  -0.000000e+00  5.008817e-01
    outer loop
      vertex  1.622799e+01 -2.300000e+01 -8.625211e+00
      vertex  1.622799e+01  2.300000e+01 -8.625211e+00
      vertex  1.565987e+01  2.300000e+01 -7.643513e+00
    endloop
  endfacet
  facet normal  8.655158e-01  0.000000e+00  5.008817e-01
    outer loop
      vertex  1.622799e+01 -2.300000e+01 -8.625211e+00
      vertex  1.565987e+01  2.300000e+01 -7.643513e+00
      vertex  1.565987e+01 -2.300000e+01 -7.643513e+00
    endloop
  endfacet
  facet normal  8.983476e-01  -0.000000e+00  4.392852e-01
    outer loop
      vertex  1.565987e+01 -2.300000e+01 -7.643513e+00
      vertex  1.565987e+01  2.300000e+01 -7.643513e+00
      vertex  1.516162e+01  2.300000e+01 -6.624578e+00
    endloop
  endfacet
  facet normal  8.983476e-01  0.000000e+00  4.392852e-01
    outer loop
      vertex  1.565987e+01 -2.300000e+01 -7.643513e+00
      vertex  1.516162e+01  2.300000e+01 -6.624578e+00
      vertex  1.516162e+01 -2.300000e+01 -6.624578e+00
    endloop
  endfacet
  facet normal  9.268018e-01  -0.000000e+00  3.755508e-01
    outer loop
      vertex  1.516162e+01 -2.300000e+01 -6.624578e+00
      vertex  1.516162e+01  2.300000e+01 -6.624578e+00
      vertex  1.473566e+01  2.300000e+01 -5.573368e+00
    endloop
  endfacet
  facet normal  9.268018e-01  0.000000e+00  3.755508e-01
    outer loop
      vertex  1.516162e+01 -2.300000e+01 -6.624578e+00
      vertex  1.473566e+01  2.300000e+01 -5.573368e+00
      vertex  1.473566e+01 -2.300000e+01 -5.573368e+00
    endloop
  endfacet
  facet normal  9.507416e-01  -0.000000e+00  3.099846e-01
    outer loop
      vertex  1.473566e+01 -2.300000e+01 -5.573368e+00
      vertex  1.473566e+01  2.300000e+01 -5.573368e+00
      vertex  1.438406e+01  2.300000e+01 -4.495005e+00
    endloop
  endfacet
  facet normal  9.507416e-01  0.000000e+00  3.099846e-01
    outer loop
      vertex  1.473566e+01 -2.300000e+01 -5.573368e+00
      vertex  1.438406e+01  2.300000e+01 -4.495005e+00
      vertex  1.438406e+01 -2.300000e+01 -4.495005e+00
    endloop
  endfacet
  facet normal  9.700491e-01  -0.000000e+00  2.429090e-01
    outer loop
      vertex  1.438406e+01 -2.300000e+01 -4.495005e+00
      vertex  1.438406e+01  2.300000e+01 -4.495005e+00
      vertex  1.410855e+01  2.300000e+01 -3.394742e+00
    endloop
  endfacet
  facet normal  9.700491e-01  0.000000e+00  2.429090e-01
    outer loop
      vertex  1.438406e+01 -2.300000e+01 -4.495005e+00
      vertex  1.410855e+01  2.300000e+01 -3.394742e+00
      vertex  1.410855e+01 -2.300000e+01 -3.394742e+00
    endloop
  endfacet
  facet normal  9.846303e-01  -0.000000e+00  1.746512e-01
    outer loop
      vertex  1.410855e+01 -2.300000e+01 -3.394742e+00
      vertex  1.410855e+01  2.300000e+01 -3.394742e+00
      vertex  1.391045e+01  2.300000e+01 -2.277941e+00
    endloop
  endfacet
  facet normal  9.846303e-01  0.000000e+00  1.746512e-01
    outer loop
      vertex  1.410855e+01 -2.300000e+01 -3.394742e+00
      vertex  1.391045e+01  2.300000e+01 -2.277941e+00
      vertex  1.391045e+01 -2.300000e+01 -2.277941e+00
    endloop
  endfacet
  facet normal  9.944150e-01  -0.000000e+00  1.055401e-01
    outer loop
      vertex  1.391045e+01 -2.300000e+01 -2.277941e+00
      vertex  1.391045e+01  2.300000e+01 -2.277941e+00
      vertex  1.379075e+01  2.300000e+01 -1.150042e+00
    endloop
  endfacet
  facet normal  9.944150e-01  0.000000e+00  1.055401e-01
    outer loop
      vertex  1.391045e+01 -2.300000e+01 -2.277941e+00
      vertex  1.379075e+01  2.300000e+01 -1.150042e+00
      vertex  1.379075e+01 -2.300000e+01 -1.150042e+00
    endloop
  endfacet
  facet normal  9.993547e-01  -0.000000e+00  3.591685e-02
    outer loop
      vertex  1.379075e+01 -2.300000e+01 -1.150042e+00
      vertex  1.379075e+01  2.300000e+01 -1.150042e+00
      vertex  1.375001e+01  2.300000e+01 -1.654050e-02
    endloop
  endfacet
  facet normal  9.993547e-01  0.000000e+00  3.591685e-02
    outer loop
      vertex  1.379075e+01 -2.300000e+01 -1.150042e+00
      vertex  1.375001e+01  2.300000e+01 -1.654050e-02
      vertex  1.375001e+01 -2.300000e+01 -1.654050e-02
    endloop
  endfacet
  facet normal  9.994258e-01  0.000000e+00 -3.388209e-02
    outer loop
      vertex  1.375001e+01 -2.300000e+01 -1.654050e-02
      vertex  1.375001e+01  2.300000e+01 -1.654050e-02
      vertex  1.378844e+01  2.300000e+01  1.117042e+00
    endloop
  endfacet
  facet normal  9.994258e-01  0.000000e+00 -3.388209e-02
    outer loop
      vertex  1.375001e+01 -2.300000e+01 -1.654050e-02
      vertex  1.378844e+01  2.300000e+01  1.117042e+00
      vertex  1.378844e+01 -2.300000e+01  1.117042e+00
    endloop
  endfacet
  facet normal  9.946277e-01  0.000000e+00 -1.035162e-01
    outer loop
      vertex  1.378844e+01 -2.300000e+01  1.117042e+00
      vertex  1.378844e+01  2.300000e+01  1.117042e+00
      vertex  1.390585e+01  2.300000e+01  2.245182e+00
    endloop
  endfacet
  facet normal  9.946277e-01  0.000000e+00 -1.035162e-01
    outer loop
      vertex  1.378844e+01 -2.300000e+01  1.117042e+00
      vertex  1.390585e+01  2.300000e+01  2.245182e+00
      vertex  1.390585e+01 -2.300000e+01  2.245182e+00
    endloop
  endfacet
  facet normal  9.849840e-01  0.000000e+00 -1.726459e-01
    outer loop
      vertex  1.390585e+01 -2.300000e+01  2.245182e+00
      vertex  1.390585e+01  2.300000e+01  2.245182e+00
      vertex  1.410167e+01  2.300000e+01  3.362384e+00
    endloop
  endfacet
  facet normal  9.849840e-01  0.000000e+00 -1.726459e-01
    outer loop
      vertex  1.390585e+01 -2.300000e+01  2.245182e+00
      vertex  1.410167e+01  2.300000e+01  3.362384e+00
      vertex  1.410167e+01 -2.300000e+01  3.362384e+00
    endloop
  endfacet
  facet normal  9.705415e-01  0.000000e+00 -2.409339e-01
    outer loop
      vertex  1.410167e+01 -2.300000e+01  3.362384e+00
      vertex  1.410167e+01  2.300000e+01  3.362384e+00
      vertex  1.437495e+01  2.300000e+01  4.463205e+00
    endloop
  endfacet
  facet normal  9.705415e-01  0.000000e+00 -2.409339e-01
    outer loop
      vertex  1.410167e+01 -2.300000e+01  3.362384e+00
      vertex  1.437495e+01  2.300000e+01  4.463205e+00
      vertex  1.437495e+01 -2.300000e+01  4.463205e+00
    endloop
  endfacet
  facet normal  9.513707e-01  0.000000e+00 -3.080482e-01
    outer loop
      vertex  1.437495e+01 -2.300000e+01  4.463205e+00
      vertex  1.437495e+01  2.300000e+01  4.463205e+00
      vertex  1.472435e+01  2.300000e+01  5.542282e+00
    endloop
  endfacet
  facet normal  9.513707e-01  0.000000e+00 -3.080482e-01
    outer loop
      vertex  1.437495e+01 -2.300000e+01  4.463205e+00
      vertex  1.472435e+01  2.300000e+01  5.542282e+00
      vertex  1.472435e+01 -2.300000e+01  5.542282e+00
    endloop
  endfacet
  facet normal  4.058062e-01  -0.000000e+00  9.139591e-01
    outer loop
      vertex  2.289134e+01  2.300000e+01 -1.461265e+01
      vertex  2.392798e+01 -2.300000e+01 -1.507293e+01
      vertex  2.392798e+01  2.300000e+01 -1.507293e+01
    endloop
  endfacet
  facet normal  3.410642e-01  0.000000e+00  9.400399e-01
    outer loop
      vertex  2.392798e+01  2.300000e+01 -1.507293e+01
      vertex  2.392798e+01 -2.300000e+01 -1.507293e+01
      vertex  2.499421e+01 -2.300000e+01 -1.545977e+01
    endloop
  endfacet
  facet normal  3.410642e-01  -0.000000e+00  9.400399e-01
    outer loop
      vertex  2.392798e+01  2.300000e+01 -1.507293e+01
      vertex  2.499421e+01 -2.300000e+01 -1.545977e+01
      vertex  2.499421e+01  2.300000e+01 -1.545977e+01
    endloop
  endfacet
  facet normal  2.746589e-01  0.000000e+00  9.615418e-01
    outer loop
      vertex  2.499421e+01  2.300000e+01 -1.545977e+01
      vertex  2.499421e+01 -2.300000e+01 -1.545977e+01
      vertex  2.608482e+01 -2.300000e+01 -1.577130e+01
    endloop
  endfacet
  facet normal  2.746589e-01  -0.000000e+00  9.615418e-01
    outer loop
      vertex  2.499421e+01  2.300000e+01 -1.545977e+01
      vertex  2.608482e+01 -2.300000e+01 -1.577130e+01
      vertex  2.608482e+01  2.300000e+01 -1.577130e+01
    endloop
  endfacet
  facet normal  2.069148e-01  0.000000e+00  9.783590e-01
    outer loop
      vertex  2.608482e+01  2.300000e+01 -1.577130e+01
      vertex  2.608482e+01 -2.300000e+01 -1.577130e+01
      vertex  2.719451e+01 -2.300000e+01 -1.600599e+01
    endloop
  endfacet
  facet normal  2.069148e-01  -0.000000e+00  9.783590e-01
    outer loop
      vertex  2.608482e+01  2.300000e+01 -1.577130e+01
      vertex  2.719451e+01 -2.300000e+01 -1.600599e+01
      vertex  2.719451e+01  2.300000e+01 -1.600599e+01
    endloop
  endfacet
  facet normal  1.381651e-01  0.000000e+00  9.904092e-01
    outer loop
      vertex  2.719451e+01  2.300000e+01 -1.600599e+01
      vertex  2.719451e+01 -2.300000e+01 -1.600599e+01
      vertex  2.831786e+01 -2.300000e+01 -1.616270e+01
    endloop
  endfacet
  facet normal  1.381651e-01  -0.000000e+00  9.904092e-01
    outer loop
      vertex  2.719451e+01  2.300000e+01 -1.600599e+01
      vertex  2.831786e+01 -2.300000e+01 -1.616270e+01
      vertex  2.831786e+01  2.300000e+01 -1.616270e+01
    endloop
  endfacet
  facet normal  6.874127e-02  0.000000e+00  9.976346e-01
    outer loop
      vertex  2.831786e+01  2.300000e+01 -1.616270e+01
      vertex  2.831786e+01 -2.300000e+01 -1.616270e+01
      vertex  2.944941e+01 -2.300000e+01 -1.624067e+01
    endloop
  endfacet
  facet normal  6.874127e-02  -0.000000e+00  9.976346e-01
    outer loop
      vertex  2.831786e+01  2.300000e+01 -1.616270e+01
      vertex  2.944941e+01 -2.300000e+01 -1.624067e+01
      vertex  2.944941e+01  2.300000e+01 -1.624067e+01
    endloop
  endfacet
  facet normal -1.017379e-03  0.000000e+00  9.999995e-01
    outer loop
      vertex  2.944941e+01  2.300000e+01 -1.624067e+01
      vertex  2.944941e+01 -2.300000e+01 -1.624067e+01
      vertex  3.058365e+01 -2.300000e+01 -1.623952e+01
    endloop
  endfacet
  facet normal -1.017379e-03  0.000000e+00  9.999995e-01
    outer loop
      vertex  2.944941e+01  2.300000e+01 -1.624067e+01
      vertex  3.058365e+01 -2.300000e+01 -1.623952e+01
      vertex  3.058365e+01  2.300000e+01 -1.623952e+01
    endloop
  endfacet
  facet normal -7.077260e-02  0.000000e+00  9.974924e-01
    outer loop
      vertex  3.058365e+01  2.300000e+01 -1.623952e+01
      vertex  3.058365e+01 -2.300000e+01 -1.623952e+01
      vertex  3.171504e+01 -2.300000e+01 -1.615924e+01
    endloop
  endfacet
  facet normal -7.077260e-02  0.000000e+00  9.974924e-01
    outer loop
      vertex  3.058365e+01  2.300000e+01 -1.623952e+01
      vertex  3.171504e+01 -2.300000e+01 -1.615924e+01
      vertex  3.171504e+01  2.300000e+01 -1.615924e+01
    endloop
  endfacet
  facet normal -1.401799e-01  0.000000e+00  9.901261e-01
    outer loop
      vertex  3.171504e+01  2.300000e+01 -1.615924e+01
      vertex  3.171504e+01 -2.300000e+01 -1.615924e+01
      vertex  3.283807e+01 -2.300000e+01 -1.600025e+01
    endloop
  endfacet
  facet normal -1.401799e-01  0.000000e+00  9.901261e-01
    outer loop
      vertex  3.171504e+01  2.300000e+01 -1.615924e+01
      vertex  3.283807e+01 -2.300000e+01 -1.600025e+01
      vertex  3.283807e+01  2.300000e+01 -1.600025e+01
    endloop
  endfacet
  facet normal -2.089075e-01  0.000000e+00  9.779353e-01
    outer loop
      vertex  3.283807e+01  2.300000e+01 -1.600025e+01
      vertex  3.283807e+01 -2.300000e+01 -1.600025e+01
      vertex  3.394728e+01 -2.300000e+01 -1.576330e+01
    endloop
  endfacet
  facet normal -2.089075e-01  0.000000e+00  9.779353e-01
    outer loop
      vertex  3.283807e+01  2.300000e+01 -1.600025e+01
      vertex  3.394728e+01 -2.300000e+01 -1.576330e+01
      vertex  3.394728e+01  2.300000e+01 -1.576330e+01
    endloop
  endfacet
  facet normal -2.766160e-01  0.000000e+00  9.609805e-01
    outer loop
      vertex  3.394728e+01  2.300000e+01 -1.576330e+01
      vertex  3.394728e+01 -2.300000e+01 -1.576330e+01
      vertex  3.503725e+01 -2.300000e+01 -1.544955e+01
    endloop
  endfacet
  facet normal -2.766160e-01  0.000000e+00  9.609805e-01
    outer loop
      vertex  3.394728e+01  2.300000e+01 -1.576330e+01
      vertex  3.503725e+01 -2.300000e+01 -1.544955e+01
      vertex  3.503725e+01  2.300000e+01 -1.544955e+01
    endloop
  endfacet
  facet normal -3.429758e-01  0.000000e+00  9.393442e-01
    outer loop
      vertex  3.503725e+01  2.300000e+01 -1.544955e+01
      vertex  3.503725e+01 -2.300000e+01 -1.544955e+01
      vertex  3.610269e+01 -2.300000e+01 -1.506053e+01
    endloop
  endfacet
  facet normal -3.429758e-01  0.000000e+00  9.393442e-01
    outer loop
      vertex  3.503725e+01  2.300000e+01 -1.544955e+01
      vertex  3.610269e+01 -2.300000e+01 -1.506053e+01
      vertex  3.610269e+01  2.300000e+01 -1.506053e+01
    endloop
  endfacet
  facet normal -4.076671e-01  0.000000e+00  9.131307e-01
    outer loop
      vertex  3.610269e+01  2.300000e+01 -1.506053e+01
      vertex  3.610269e+01 -2.300000e+01 -1.506053e+01
      vertex  3.713839e+01 -2.300000e+01 -1.459814e+01
    endloop
  endfacet
  facet normal -4.076671e-01  0.000000e+00  9.131307e-01
    outer loop
      vertex  3.610269e+01  2.300000e+01 -1.506053e+01
      vertex  3.713839e+01 -2.300000e+01 -1.459814e+01
      vertex  3.713839e+01  2.300000e+01 -1.459814e+01
    endloop
  endfacet
  facet normal -4.703696e-01  0.000000e+00  8.824695e-01
    outer loop
      vertex  3.713839e+01  2.300000e+01 -1.459814e+01
      vertex  3.713839e+01 -2.300000e+01 -1.459814e+01
      vertex  3.813932e+01 -2.300000e+01 -1.406464e+01
    endloop
  endfacet
  facet normal -4.703696e-01  0.000000e+00  8.824695e-01
    outer loop
      vertex  3.713839e+01  2.300000e+01 -1.459814e+01
      vertex  3.813932e+01 -2.300000e+01 -1.406464e+01
      vertex  3.813932e+01  2.300000e+01 -1.406464e+01
    endloop
  endfacet
  facet normal -5.307817e-01  0.000000e+00  8.475086e-01
    outer loop
      vertex  3.813932e+01  2.300000e+01 -1.406464e+01
      vertex  3.813932e+01 -2.300000e+01 -1.406464e+01
      vertex  3.910059e+01 -2.300000e+01 -1.346260e+01
    endloop
  endfacet
  facet normal -5.307817e-01  0.000000e+00  8.475086e-01
    outer loop
      vertex  3.813932e+01  2.300000e+01 -1.406464e+01
      vertex  3.910059e+01 -2.300000e+01 -1.346260e+01
      vertex  3.910059e+01  2.300000e+01 -1.346260e+01
    endloop
  endfacet
  facet normal -5.886087e-01  0.000000e+00  8.084182e-01
    outer loop
      vertex  3.910059e+01  2.300000e+01 -1.346260e+01
      vertex  3.910059e+01 -2.300000e+01 -1.346260e+01
      vertex  4.001753e+01 -2.300000e+01 -1.279498e+01
    endloop
  endfacet
  facet normal -5.886087e-01  0.000000e+00  8.084182e-01
    outer loop
      vertex  3.910059e+01  2.300000e+01 -1.346260e+01
      vertex  4.001753e+01 -2.300000e+01 -1.279498e+01
      vertex  4.001753e+01  2.300000e+01 -1.279498e+01
    endloop
  endfacet
  facet normal -6.435677e-01  0.000000e+00  7.653892e-01
    outer loop
      vertex  4.001753e+01  2.300000e+01 -1.279498e+01
      vertex  4.001753e+01 -2.300000e+01 -1.279498e+01
      vertex  4.088566e+01 -2.300000e+01 -1.206503e+01
    endloop
  endfacet
  facet normal -6.435677e-01  0.000000e+00  7.653892e-01
    outer loop
      vertex  4.001753e+01  2.300000e+01 -1.279498e+01
      vertex  4.088566e+01 -2.300000e+01 -1.206503e+01
      vertex  4.088566e+01  2.300000e+01 -1.206503e+01
    endloop
  endfacet
  facet normal -6.953896e-01  0.000000e+00  7.186329e-01
    outer loop
      vertex  4.088566e+01  2.300000e+01 -1.206503e+01
      vertex  4.088566e+01 -2.300000e+01 -1.206503e+01
      vertex  4.170076e+01 -2.300000e+01 -1.127629e+01
    endloop
  endfacet
  facet normal -6.953896e-01  0.000000e+00  7.186329e-01
    outer loop
      vertex  4.088566e+01  2.300000e+01 -1.206503e+01
      vertex  4.170076e+01 -2.300000e+01 -1.127629e+01
      vertex  4.170076e+01  2.300000e+01 -1.127629e+01
    endloop
  endfacet
  facet normal -7.438260e-01  0.000000e+00  6.683733e-01
    outer loop
      vertex  4.170076e+01  2.300000e+01 -1.127629e+01
      vertex  4.170076e+01 -2.300000e+01 -1.127629e+01
      vertex  4.245885e+01 -2.300000e+01 -1.043262e+01
    endloop
  endfacet
  facet normal -7.438260e-01  0.000000e+00  6.683733e-01
    outer loop
      vertex  4.170076e+01  2.300000e+01 -1.127629e+01
      vertex  4.245885e+01 -2.300000e+01 -1.043262e+01
      vertex  4.245885e+01  2.300000e+01 -1.043262e+01
    endloop
  endfacet
  facet normal -7.886364e-01  0.000000e+00  6.148598e-01
    outer loop
      vertex  4.245885e+01  2.300000e+01 -1.043262e+01
      vertex  4.245885e+01 -2.300000e+01 -1.043262e+01
      vertex  4.315624e+01 -2.300000e+01 -9.538124e+00
    endloop
  endfacet
  facet normal -7.886364e-01  0.000000e+00  6.148598e-01
    outer loop
      vertex  4.245885e+01  2.300000e+01 -1.043262e+01
      vertex  4.315624e+01 -2.300000e+01 -9.538124e+00
      vertex  4.315624e+01  2.300000e+01 -9.538124e+00
    endloop
  endfacet
  facet normal -8.296068e-01  0.000000e+00  5.583481e-01
    outer loop
      vertex  4.315624e+01  2.300000e+01 -9.538124e+00
      vertex  4.315624e+01 -2.300000e+01 -9.538124e+00
      vertex  4.378954e+01 -2.300000e+01 -8.597157e+00
    endloop
  endfacet
  facet normal -8.296068e-01  0.000000e+00  5.583481e-01
    outer loop
      vertex  4.315624e+01  2.300000e+01 -9.538124e+00
      vertex  4.378954e+01 -2.300000e+01 -8.597157e+00
      vertex  4.378954e+01  2.300000e+01 -8.597157e+00
    endloop
  endfacet
  facet normal -8.665341e-01  0.000000e+00  4.991180e-01
    outer loop
      vertex  4.378954e+01  2.300000e+01 -8.597157e+00
      vertex  4.378954e+01 -2.300000e+01 -8.597157e+00
      vertex  4.435566e+01 -2.300000e+01 -7.614305e+00
    endloop
  endfacet
  facet normal -8.665341e-01  0.000000e+00  4.991180e-01
    outer loop
      vertex  4.378954e+01  2.300000e+01 -8.597157e+00
      vertex  4.435566e+01 -2.300000e+01 -7.614305e+00
      vertex  4.435566e+01  2.300000e+01 -7.614305e+00
    endloop
  endfacet
  facet normal -8.992397e-01  0.000000e+00  4.374563e-01
    outer loop
      vertex  4.435566e+01  2.300000e+01 -7.614305e+00
      vertex  4.435566e+01 -2.300000e+01 -7.614305e+00
      vertex  4.485183e+01 -2.300000e+01 -6.594357e+00
    endloop
  endfacet
  facet normal -8.992397e-01  0.000000e+00  4.374563e-01
    outer loop
      vertex  4.435566e+01  2.300000e+01 -7.614305e+00
      vertex  4.485183e+01 -2.300000e+01 -6.594357e+00
      vertex  4.485183e+01  2.300000e+01 -6.594357e+00
    endloop
  endfacet
  facet normal -9.275647e-01  0.000000e+00  3.736625e-01
    outer loop
      vertex  4.485183e+01  2.300000e+01 -6.594357e+00
      vertex  4.485183e+01 -2.300000e+01 -6.594357e+00
      vertex  4.527565e+01 -2.300000e+01 -5.542282e+00
    endloop
  endfacet
  facet normal -9.275647e-01  0.000000e+00  3.736625e-01
    outer loop
      vertex  4.485183e+01  2.300000e+01 -6.594357e+00
      vertex  4.527565e+01 -2.300000e+01 -5.542282e+00
      vertex  4.527565e+01  2.300000e+01 -5.542282e+00
    endloop
  endfacet
  facet normal  -0.000000e+00  0.000000e+00  1.000000e+00
    outer loop
      vertex  3.000000e+01  2.300000e+01  2.300000e+01
      vertex -3.000000e+01  2.300000e+01  2.300000e+01
      vertex  3.000000e+01 -2.300000e+01  2.300000e+01
    endloop
  endfacet
  facet normal  0.000000e+00  0.000000e+00  1.000000e+00
    outer loop
      vertex  3.000000e+01 -2.300000e+01  2.300000e+01
      vertex -3.000000e+01  2.300000e+01  2.300000e+01
      vertex -3.000000e+01 -2.300000e+01  2.300000e+01
    endloop
  endfacet
  facet normal  -0.000000e+00  0.000000e+00  1.000000e+00
    outer loop
      vertex -3.000000e+01  2.300000e+01  2.300000e+01
      vertex -5.150000e+01  2.300000e+01  2.300000e+01
      vertex -3.000000e+01 -2.300000e+01  2.300000e+01
    endloop
  endfacet
  facet normal  0.000000e+00  0.000000e+00  1.000000e+00
    outer loop
      vertex -3.000000e+01 -2.300000e+01  2.300000e+01
      vertex -5.150000e+01  2.300000e+01  2.300000e+01
      vertex -5.150000e+01 -2.300000e+01  2.300000e+01
    endloop
  endfacet
  facet normal  9.053861e-01  0.000000e+00  4.245892e-01
    outer loop
      vertex -5.150000e+01 -2.300000e+01  2.300000e+01
      vertex -5.150000e+01  2.300000e+01  2.300000e+01
      vertex -5.525167e+01 -2.300000e+01  3.100000e+01
    endloop
  endfacet
  facet normal  9.053861e-01  -0.000000e+00  4.245892e-01
    outer loop
      vertex -5.525167e+01 -2.300000e+01  3.100000e+01
      vertex -5.150000e+01  2.300000e+01  2.300000e+01
      vertex -5.525167e+01  2.300000e+01  3.100000e+01
    endloop
  endfacet
  facet normal  0.000000e+00  0.000000e+00  1.000000e+00
    outer loop
      vertex -6.150000e+01 -2.300000e+01  3.100000e+01
      vertex -5.525167e+01 -2.300000e+01  3.100000e+01
      vertex -6.150000e+01  2.300000e+01  3.100000e+01
    endloop
  endfacet
  facet normal  -0.000000e+00  0.000000e+00  1.000000e+00
    outer loop
      vertex -6.150000e+01  2.300000e+01  3.100000e+01
      vertex -5.525167e+01 -2.300000e+01  3.100000e+01
      vertex -5.525167e+01  2.300000e+01  3.100000e+01
    endloop
  endfacet
  facet normal -1.000000e+00  -0.000000e+00  0.000000e+00
    outer loop
      vertex -6.150000e+01 -2.300000e+01  3.100000e+01
      vertex -6.150000e+01  2.300000e+01  3.100000e+01
      vertex -6.150000e+01 -2.300000e+01  2.300000e+01
    endloop
  endfacet
  facet normal -1.000000e+00  0.000000e+00  0.000000e+00
    outer loop
      vertex -6.150000e+01 -2.300000e+01  2.300000e+01
      vertex -6.150000e+01  2.300000e+01  3.100000e+01
      vertex -6.150000e+01  2.300000e+01  2.300000e+01
    endloop
  endfacet
  facet normal -9.999999e-01  0.000000e+00  0.000000e+00
    outer loop
      vertex -8.150000e+01 -2.300000e+01  1.300000e+01
      vertex -8.150000e+01 -2.300000e+01  2.300000e+01
      vertex -8.150000e+01  2.300000e+01  1.300000e+01
    endloop
  endfacet
  facet normal -9.999999e-01  0.000000e+00  0.000000e+00
    outer loop
      vertex -8.150000e+01  2.300000e+01  1.300000e+01
      vertex -8.150000e+01 -2.300000e+01  2.300000e+01
      vertex -8.150000e+01  2.300000e+01  2.300000e+01
    endloop
  endfacet
  facet normal -9.053860e-01  -0.000000e+00 -4.245893e-01
    outer loop
      vertex -6.150000e+01 -2.300000e+01  1.300000e+01
      vertex -6.150000e+01  2.300000e+01  1.300000e+01
      vertex -5.082388e+01 -2.300000e+01 -9.765554e+00
    endloop
  endfacet
  facet normal -9.053860e-01  0.000000e+00 -4.245893e-01
    outer loop
      vertex -5.082388e+01 -2.300000e+01 -9.765554e+00
      vertex -6.150000e+01  2.300000e+01  1.300000e+01
      vertex -5.082388e+01  2.300000e+01 -9.765554e+00
    endloop
  endfacet
  facet normal -8.930065e-01  -0.000000e+00 -4.500437e-01
    outer loop
      vertex -5.082388e+01 -2.300000e+01 -9.765554e+00
      vertex -5.082388e+01  2.300000e+01 -9.765554e+00
      vertex -5.023794e+01 -2.300000e+01 -1.092821e+01
    endloop
  endfacet
  facet normal -8.930065e-01  0.000000e+00 -4.500437e-01
    outer loop
      vertex -5.023794e+01 -2.300000e+01 -1.092821e+01
      vertex -5.082388e+01  2.300000e+01 -9.765554e+00
      vertex -5.023794e+01  2.300000e+01 -1.092821e+01
    endloop
  endfacet
  facet normal -8.661088e-01  -0.000000e+00 -4.998555e-01
    outer loop
      vertex -5.023794e+01 -2.300000e+01 -1.092821e+01
      vertex -5.023794e+01  2.300000e+01 -1.092821e+01
      vertex -4.958715e+01 -2.300000e+01 -1.205585e+01
    endloop
  endfacet
  facet normal -8.661088e-01  0.000000e+00 -4.998555e-01
    outer loop
      vertex -4.958715e+01 -2.300000e+01 -1.205585e+01
      vertex -5.023794e+01  2.300000e+01 -1.092821e+01
      vertex -4.958715e+01  2.300000e+01 -1.205585e+01
    endloop
  endfacet
  facet normal -8.364389e-01  -0.000000e+00 -5.480601e-01
    outer loop
      vertex -4.958715e+01 -2.300000e+01 -1.205585e+01
      vertex -4.958715e+01  2.300000e+01 -1.205585e+01
      vertex -4.887360e+01 -2.300000e+01 -1.314486e+01
    endloop
  endfacet
  facet normal -8.364389e-01  0.000000e+00 -5.480601e-01
    outer loop
      vertex -4.887360e+01 -2.300000e+01 -1.314486e+01
      vertex -4.958715e+01  2.300000e+01 -1.205585e+01
      vertex -4.887360e+01  2.300000e+01 -1.314486e+01
    endloop
  endfacet
  facet normal -8.040868e-01  -0.000000e+00 -5.945118e-01
    outer loop
      vertex -4.887360e+01 -2.300000e+01 -1.314486e+01
      vertex -4.887360e+01  2.300000e+01 -1.314486e+01
      vertex -4.809957e+01 -2.300000e+01 -1.419174e+01
    endloop
  endfacet
  facet normal -8.040868e-01  0.000000e+00 -5.945118e-01
    outer loop
      vertex -4.809957e+01 -2.300000e+01 -1.419174e+01
      vertex -4.887360e+01  2.300000e+01 -1.314486e+01
      vertex -4.809957e+01  2.300000e+01 -1.419174e+01
    endloop
  endfacet
  facet normal -7.691580e-01  -0.000000e+00 -6.390586e-01
    outer loop
      vertex -4.809957e+01 -2.300000e+01 -1.419174e+01
      vertex -4.809957e+01  2.300000e+01 -1.419174e+01
      vertex -4.726754e+01 -2.300000e+01 -1.519315e+01
    endloop
  endfacet
  facet normal -7.691580e-01  0.000000e+00 -6.390586e-01
    outer loop
      vertex -4.726754e+01 -2.300000e+01 -1.519315e+01
      vertex -4.809957e+01  2.300000e+01 -1.419174e+01
      vertex -4.726754e+01  2.300000e+01 -1.519315e+01
    endloop
  endfacet
  facet normal -7.317664e-01  -0.000000e+00 -6.815554e-01
    outer loop
      vertex -4.726754e+01 -2.300000e+01 -1.519315e+01
      vertex -4.726754e+01  2.300000e+01 -1.519315e+01
      vertex -4.638019e+01 -2.300000e+01 -1.614588e+01
    endloop
  endfacet
  facet normal -7.317664e-01  0.000000e+00 -6.815554e-01
    outer loop
      vertex -4.638019e+01 -2.300000e+01 -1.614588e+01
      vertex -4.726754e+01  2.300000e+01 -1.519315e+01
      vertex -4.638019e+01  2.300000e+01 -1.614588e+01
    endloop
  endfacet
  facet normal -6.920270e-01  -0.000000e+00 -7.218717e-01
    outer loop
      vertex -4.638019e+01 -2.300000e+01 -1.614588e+01
      vertex -4.638019e+01  2.300000e+01 -1.614588e+01
      vertex -4.544034e+01 -2.300000e+01 -1.704687e+01
    endloop
  endfacet
  facet normal -6.920270e-01  0.000000e+00 -7.218717e-01
    outer loop
      vertex -4.544034e+01 -2.300000e+01 -1.704687e+01
      vertex -4.638019e+01  2.300000e+01 -1.614588e+01
      vertex -4.544034e+01  2.300000e+01 -1.704687e+01
    endloop
  endfacet
  facet normal -6.500720e-01  -0.000000e+00 -7.598726e-01
    outer loop
      vertex -4.544034e+01 -2.300000e+01 -1.704687e+01
      vertex -4.544034e+01  2.300000e+01 -1.704687e+01
      vertex -4.445102e+01 -2.300000e+01 -1.789324e+01
    endloop
  endfacet
  facet normal -6.500720e-01  0.000000e+00 -7.598726e-01
    outer loop
      vertex -4.445102e+01 -2.300000e+01 -1.789324e+01
      vertex -4.544034e+01  2.300000e+01 -1.704687e+01
      vertex -4.445102e+01  2.300000e+01 -1.789324e+01
    endloop
  endfacet
  facet normal -6.060355e-01  -0.000000e+00 -7.954376e-01
    outer loop
      vertex -4.445102e+01 -2.300000e+01 -1.789324e+01
      vertex -4.445102e+01  2.300000e+01 -1.789324e+01
      vertex -4.341539e+01 -2.300000e+01 -1.868227e+01
    endloop
  endfacet
  facet normal -6.060355e-01  0.000000e+00 -7.954376e-01
    outer loop
      vertex -4.341539e+01 -2.300000e+01 -1.868227e+01
      vertex -4.445102e+01  2.300000e+01 -1.789324e+01
      vertex -4.341539e+01  2.300000e+01 -1.868227e+01
    endloop
  endfacet
  facet normal -5.600542e-01  -0.000000e+00 -8.284560e-01
    outer loop
      vertex -4.341539e+01 -2.300000e+01 -1.868227e+01
      vertex -4.341539e+01  2.300000e+01 -1.868227e+01
      vertex -4.233678e+01 -2.300000e+01 -1.941144e+01
    endloop
  endfacet
  facet normal -5.600542e-01  0.000000e+00 -8.284560e-01
    outer loop
      vertex -4.233678e+01 -2.300000e+01 -1.941144e+01
      vertex -4.341539e+01  2.300000e+01 -1.868227e+01
      vertex -4.233678e+01  2.300000e+01 -1.941144e+01
    endloop
  endfacet
  facet normal -5.122804e-01  -0.000000e+00 -8.588182e-01
    outer loop
      vertex -4.233678e+01 -2.300000e+01 -1.941144e+01
      vertex -4.233678e+01  2.300000e+01 -1.941144e+01
      vertex -4.121864e+01 -2.300000e+01 -2.007840e+01
    endloop
  endfacet
  facet normal -5.122804e-01  0.000000e+00 -8.588182e-01
    outer loop
      vertex -4.121864e+01 -2.300000e+01 -2.007840e+01
      vertex -4.233678e+01  2.300000e+01 -1.941144e+01
      vertex -4.121864e+01  2.300000e+01 -2.007840e+01
    endloop
  endfacet
  facet normal -4.628621e-01  -0.000000e+00 -8.864304e-01
    outer loop
      vertex -4.121864e+01 -2.300000e+01 -2.007840e+01
      vertex -4.121864e+01  2.300000e+01 -2.007840e+01
      vertex -4.006454e+01 -2.300000e+01 -2.068103e+01
    endloop
  endfacet
  facet normal -4.628621e-01  0.000000e+00 -8.864304e-01
    outer loop
      vertex -4.006454e+01 -2.300000e+01 -2.068103e+01
      vertex -4.121864e+01  2.300000e+01 -2.007840e+01
      vertex -4.006454e+01  2.300000e+01 -2.068103e+01
    endloop
  endfacet
  facet normal -4.119640e-01  -0.000000e+00 -9.112001e-01
    outer loop
      vertex -4.006454e+01 -2.300000e+01 -2.068103e+01
      vertex -4.006454e+01  2.300000e+01 -2.068103e+01
      vertex -3.887820e+01 -2.300000e+01 -2.121739e+01
    endloop
  endfacet
  facet normal -4.119640e-01  0.000000e+00 -9.112001e-01
    outer loop
      vertex -3.887820e+01 -2.300000e+01 -2.121739e+01
      vertex -4.006454e+01  2.300000e+01 -2.068103e+01
      vertex -3.887820e+01  2.300000e+01 -2.121739e+01
    endloop
  endfacet
  facet normal -3.597430e-01  -0.000000e+00 -9.330514e-01
    outer loop
      vertex -3.887820e+01 -2.300000e+01 -2.121739e+01
      vertex -3.887820e+01  2.300000e+01 -2.121739e+01
      vertex -3.766340e+01 -2.300000e+01 -2.168576e+01
    endloop
  endfacet
  facet normal -3.597430e-01  0.000000e+00 -9.330514e-01
    outer loop
      vertex -3.766340e+01 -2.300000e+01 -2.168576e+01
      vertex -3.887820e+01  2.300000e+01 -2.121739e+01
      vertex -3.766340e+01  2.300000e+01 -2.168576e+01
    endloop
  endfacet
  facet normal -3.063722e-01  -0.000000e+00 -9.519119e-01
    outer loop
      vertex -3.766340e+01 -2.300000e+01 -2.168576e+01
      vertex -3.766340e+01  2.300000e+01 -2.168576e+01
      vertex -3.642405e+01 -2.300000e+01 -2.208464e+01
    endloop
  endfacet
  facet normal -3.063722e-01  0.000000e+00 -9.519119e-01
    outer loop
      vertex -3.642405e+01 -2.300000e+01 -2.208464e+01
      vertex -3.766340e+01  2.300000e+01 -2.168576e+01
      vertex -3.642405e+01  2.300000e+01 -2.208464e+01
    endloop
  endfacet
  facet normal -2.520185e-01  -0.000000e+00 -9.677224e-01
    outer loop
      vertex -3.642405e+01 -2.300000e+01 -2.208464e+01
      vertex -3.642405e+01  2.300000e+01 -2.208464e+01
      vertex -3.516412e+01 -2.300000e+01 -2.241276e+01
    endloop
  endfacet
  facet normal -2.520185e-01  0.000000e+00 -9.677224e-01
    outer loop
      vertex -3.516412e+01 -2.300000e+01 -2.241276e+01
      vertex -3.642405e+01  2.300000e+01 -2.208464e+01
      vertex -3.516412e+01  2.300000e+01 -2.241276e+01
    endloop
  endfacet
  facet normal -1.968559e-01  -0.000000e+00 -9.804325e-01
    outer loop
      vertex -3.516412e+01 -2.300000e+01 -2.241276e+01
      vertex -3.516412e+01  2.300000e+01 -2.241276e+01
      vertex -3.388764e+01 -2.300000e+01 -2.266906e+01
    endloop
  endfacet
  facet normal -1.968559e-01  0.000000e+00 -9.804325e-01
    outer loop
      vertex -3.388764e+01 -2.300000e+01 -2.266906e+01
      vertex -3.516412e+01  2.300000e+01 -2.241276e+01
      vertex -3.388764e+01  2.300000e+01 -2.266906e+01
    endloop
  endfacet
  facet normal -1.410636e-01  -0.000000e+00 -9.900005e-01
    outer loop
      vertex -3.388764e+01 -2.300000e+01 -2.266906e+01
      vertex -3.388764e+01  2.300000e+01 -2.266906e+01
      vertex -3.259870e+01 -2.300000e+01 -2.285272e+01
    endloop
  endfacet
  facet normal -1.410636e-01  0.000000e+00 -9.900005e-01
    outer loop
      vertex -3.259870e+01 -2.300000e+01 -2.285272e+01
      vertex -3.388764e+01  2.300000e+01 -2.266906e+01
      vertex -3.259870e+01  2.300000e+01 -2.285272e+01
    endloop
  endfacet
  facet normal -8.481970e-02  -0.000000e+00 -9.963963e-01
    outer loop
      vertex -3.259870e+01 -2.300000e+01 -2.285272e+01
      vertex -3.259870e+01  2.300000e+01 -2.285272e+01
      vertex -3.130144e+01 -2.300000e+01 -2.296315e+01
    endloop
  endfacet
  facet normal -8.481970e-02  0.000000e+00 -9.963963e-01
    outer loop
      vertex -3.130144e+01 -2.300000e+01 -2.296315e+01
      vertex -3.259870e+01  2.300000e+01 -2.285272e+01
      vertex -3.130144e+01  2.300000e+01 -2.296315e+01
    endloop
  endfacet
  facet normal -2.830353e-02  -0.000000e+00 -9.995995e-01
    outer loop
      vertex -3.130144e+01 -2.300000e+01 -2.296315e+01
      vertex -3.130144e+01  2.300000e+01 -2.296315e+01
      vertex -3.000000e+01 -2.300000e+01 -2.300000e+01
    endloop
  endfacet
  facet normal -2.830353e-02  0.000000e+00 -9.995995e-01
    outer loop
      vertex -3.000000e+01 -2.300000e+01 -2.300000e+01
      vertex -3.130144e+01  2.300000e+01 -2.296315e+01
      vertex -3.000000e+01  2.300000e+01 -2.300000e+01
    endloop
  endfacet
  facet normal  -0.000000e+00  0.000000e+00 -1.000000e+00
    outer loop
      vertex -3.000000e+01  2.300000e+01 -2.300000e+01
      vertex  3.000000e+01  2.300000e+01 -2.300000e+01
      vertex -3.000000e+01 -2.300000e+01 -2.300000e+01
    endloop
  endfacet
  facet normal  0.000000e+00  0.000000e+00 -1.000000e+00
    outer loop
      vertex -3.000000e+01 -2.300000e+01 -2.300000e+01
      vertex  3.000000e+01  2.300000e+01 -2.300000e+01
      vertex  3.000000e+01 -2.300000e+01 -2.300000e+01
    endloop
  endfacet
  facet normal  6.875764e-01  0.000000e+00  7.261121e-01
    outer loop
      vertex  4.627692e+01 -2.300000e+01  1.624998e+01
      vertex  4.627692e+01  2.300000e+01  1.624998e+01
      vertex  4.533916e+01 -2.300000e+01  1.713798e+01
    endloop
  endfacet
  facet normal  6.875764e-01  -0.000000e+00  7.261121e-01
    outer loop
      vertex  4.533916e+01 -2.300000e+01  1.713798e+01
      vertex  4.627692e+01  2.300000e+01  1.624998e+01
      vertex  4.533916e+01  2.300000e+01  1.713798e+01
    endloop
  endfacet
  facet normal  6.457379e-01  0.000000e+00  7.635591e-01
    outer loop
      vertex  4.533916e+01 -2.300000e+01  1.713798e+01
      vertex  4.533916e+01  2.300000e+01  1.713798e+01
      vertex  4.435303e+01 -2.300000e+01  1.797194e+01
    endloop
  endfacet
  facet normal  6.457379e-01  -0.000000e+00  7.635591e-01
    outer loop
      vertex  4.435303e+01 -2.300000e+01  1.797194e+01
      vertex  4.533916e+01  2.300000e+01  1.713798e+01
      vertex  4.435303e+01  2.300000e+01  1.797194e+01
    endloop
  endfacet
  facet normal  6.018609e-01  0.000000e+00  7.986010e-01
    outer loop
      vertex  4.435303e+01 -2.300000e+01  1.797194e+01
      vertex  4.435303e+01  2.300000e+01  1.797194e+01
      vertex  4.332165e+01 -2.300000e+01  1.874923e+01
    endloop
  endfacet
  facet normal  6.018609e-01  -0.000000e+00  7.986010e-01
    outer loop
      vertex  4.332165e+01 -2.300000e+01  1.874923e+01
      vertex  4.435303e+01  2.300000e+01  1.797194e+01
      vertex  4.332165e+01  2.300000e+01  1.874923e+01
    endloop
  endfacet
  facet normal  5.560868e-01  0.000000e+00  8.311241e-01
    outer loop
      vertex  4.332165e+01 -2.300000e+01  1.874923e+01
      vertex  4.332165e+01  2.300000e+01  1.874923e+01
      vertex  4.224826e+01 -2.300000e+01  1.946741e+01
    endloop
  endfacet
  facet normal  5.560868e-01  -0.000000e+00  8.311241e-01
    outer loop
      vertex  4.224826e+01 -2.300000e+01  1.946741e+01
      vertex  4.332165e+01  2.300000e+01  1.874923e+01
      vertex  4.224826e+01  2.300000e+01  1.946741e+01
    endloop
  endfacet
  facet normal  5.085585e-01  0.000000e+00  8.610275e-01
    outer loop
      vertex  4.224826e+01 -2.300000e+01  1.946741e+01
      vertex  4.224826e+01  2.300000e+01  1.946741e+01
      vertex  4.113625e+01 -2.300000e+01  2.012421e+01
    endloop
  endfacet
  facet normal  5.085585e-01  -0.000000e+00  8.610275e-01
    outer loop
      vertex  4.113625e+01 -2.300000e+01  2.012421e+01
      vertex  4.224826e+01  2.300000e+01  1.946741e+01
      vertex  4.113625e+01  2.300000e+01  2.012421e+01
    endloop
  endfacet
  facet normal  4.594296e-01  0.000000e+00  8.882142e-01
    outer loop
      vertex  4.113625e+01 -2.300000e+01  2.012421e+01
      vertex  4.113625e+01  2.300000e+01  2.012421e+01
      vertex  3.998914e+01 -2.300000e+01  2.071756e+01
    endloop
  endfacet
  facet normal  4.594296e-01  -0.000000e+00  8.882142e-01
    outer loop
      vertex  3.998914e+01 -2.300000e+01  2.071756e+01
      vertex  4.113625e+01  2.300000e+01  2.012421e+01
      vertex  3.998914e+01  2.300000e+01  2.071756e+01
    endloop
  endfacet
  facet normal  4.088494e-01  0.000000e+00  9.126018e-01
    outer loop
      vertex  3.998914e+01 -2.300000e+01  2.071756e+01
      vertex  3.998914e+01  2.300000e+01  2.071756e+01
      vertex  3.881052e+01 -2.300000e+01  2.124558e+01
    endloop
  endfacet
  facet normal  4.088494e-01  -0.000000e+00  9.126018e-01
    outer loop
      vertex  3.881052e+01 -2.300000e+01  2.124558e+01
      vertex  3.998914e+01  2.300000e+01  2.071756e+01
      vertex  3.881052e+01  2.300000e+01  2.124558e+01
    endloop
  endfacet
  facet normal  3.569797e-01  0.000000e+00  9.341122e-01
    outer loop
      vertex  3.881052e+01 -2.300000e+01  2.124558e+01
      vertex  3.881052e+01  2.300000e+01  2.124558e+01
      vertex  3.760413e+01 -2.300000e+01  2.170662e+01
    endloop
  endfacet
  facet normal  3.569797e-01  -0.000000e+00  9.341122e-01
    outer loop
      vertex  3.760413e+01 -2.300000e+01  2.170662e+01
      vertex  3.881052e+01  2.300000e+01  2.124558e+01
      vertex  3.760413e+01  2.300000e+01  2.170662e+01
    endloop
  endfacet
  facet normal  3.039882e-01  0.000000e+00  9.526758e-01
    outer loop
      vertex  3.760413e+01 -2.300000e+01  2.170662e+01
      vertex  3.760413e+01  2.300000e+01  2.170662e+01
      vertex  3.637376e+01 -2.300000e+01  2.209921e+01
    endloop
  endfacet
  facet normal  3.039882e-01  -0.000000e+00  9.526758e-01
    outer loop
      vertex  3.637376e+01 -2.300000e+01  2.209921e+01
      vertex  3.760413e+01  2.300000e+01  2.170662e+01
      vertex  3.637376e+01  2.300000e+01  2.209921e+01
    endloop
  endfacet
  facet normal  2.500336e-01  0.000000e+00  9.682371e-01
    outer loop
      vertex  3.637376e+01 -2.300000e+01  2.209921e+01
      vertex  3.637376e+01  2.300000e+01  2.209921e+01
      vertex  3.512329e+01 -2.300000e+01  2.242213e+01
    endloop
  endfacet
  facet normal  2.500336e-01  -0.000000e+00  9.682371e-01
    outer loop
      vertex  3.512329e+01 -2.300000e+01  2.242213e+01
      vertex  3.637376e+01  2.300000e+01  2.209921e+01
      vertex  3.512329e+01  2.300000e+01  2.242213e+01
    endloop
  endfacet
  facet normal  1.952927e-01  0.000000e+00  9.807449e-01
    outer loop
      vertex  3.512329e+01 -2.300000e+01  2.242213e+01
      vertex  3.512329e+01  2.300000e+01  2.242213e+01
      vertex  3.385667e+01 -2.300000e+01  2.267435e+01
    endloop
  endfacet
  facet normal  1.952927e-01  -0.000000e+00  9.807449e-01
    outer loop
      vertex  3.385667e+01 -2.300000e+01  2.267435e+01
      vertex  3.512329e+01  2.300000e+01  2.242213e+01
      vertex  3.385667e+01  2.300000e+01  2.267435e+01
    endloop
  endfacet
  facet normal  1.399373e-01  0.000000e+00  9.901604e-01
    outer loop
      vertex  3.385667e+01 -2.300000e+01  2.267435e+01
      vertex  3.385667e+01  2.300000e+01  2.267435e+01
      vertex  3.257789e+01 -2.300000e+01  2.285508e+01
    endloop
  endfacet
  facet normal  1.399373e-01  -0.000000e+00  9.901604e-01
    outer loop
      vertex  3.257789e+01 -2.300000e+01  2.285508e+01
      vertex  3.385667e+01  2.300000e+01  2.267435e+01
      vertex  3.257789e+01  2.300000e+01  2.285508e+01
    endloop
  endfacet
  facet normal  8.413969e-02  0.000000e+00  9.964539e-01
    outer loop
      vertex  3.257789e+01 -2.300000e+01  2.285508e+01
      vertex  3.257789e+01  2.300000e+01  2.285508e+01
      vertex  3.129098e+01 -2.300000e+01  2.296374e+01
    endloop
  endfacet
  facet normal  8.413969e-02  -0.000000e+00  9.964539e-01
    outer loop
      vertex  3.129098e+01 -2.300000e+01  2.296374e+01
      vertex  3.257789e+01  2.300000e+01  2.285508e+01
      vertex  3.129098e+01  2.300000e+01  2.296374e+01
    endloop
  endfacet
  facet normal  2.807512e-02  0.000000e+00  9.996058e-01
    outer loop
      vertex  3.129098e+01 -2.300000e+01  2.296374e+01
      vertex  3.129098e+01  2.300000e+01  2.296374e+01
      vertex  3.000000e+01 -2.300000e+01  2.300000e+01
    endloop
  endfacet
  facet normal  2.807512e-02  -0.000000e+00  9.996058e-01
    outer loop
      vertex  3.000000e+01 -2.300000e+01  2.300000e+01
      vertex  3.129098e+01  2.300000e+01  2.296374e+01
      vertex  3.000000e+01  2.300000e+01  2.300000e+01
    endloop
  endfacet
endsolid CATIA STL
