solid CATIA STL
  facet normal -9.763436e-01 -2.162247e-01 -1.475928e-04
    outer loop
      vertex -1.160282e+01 -3.061789e+00 -3.650000e+01
      vertex -1.180378e+01 -2.161219e+00 -2.650000e+01
      vertex -1.181063e+01 -2.123440e+00 -3.650000e+01
    endloop
  endfacet
  facet normal -9.900148e-01 -1.409632e-01  1.461099e-04
    outer loop
      vertex -1.181063e+01 -2.123440e+00 -3.650000e+01
      vertex -1.180378e+01 -2.161219e+00 -2.650000e+01
      vertex -1.193790e+01 -1.219226e+00 -2.650000e+01
    endloop
  endfacet
  facet normal -9.905159e-01 -1.373982e-01 -1.826190e-04
    outer loop
      vertex -1.181063e+01 -2.123440e+00 -3.650000e+01
      vertex -1.193790e+01 -1.219226e+00 -2.650000e+01
      vertex -1.194268e+01 -1.171469e+00 -3.650000e+01
    endloop
  endfacet
  facet normal -9.980711e-01 -6.208193e-02  1.806751e-04
    outer loop
      vertex -1.194268e+01 -1.171469e+00 -3.650000e+01
      vertex -1.193790e+01 -1.219226e+00 -2.650000e+01
      vertex -1.199697e+01 -2.695668e-01 -2.650000e+01
    endloop
  endfacet
  facet normal -9.983345e-01 -5.769067e-02 -2.168032e-04
    outer loop
      vertex -1.194268e+01 -1.171469e+00 -3.650000e+01
      vertex -1.199697e+01 -2.695668e-01 -2.650000e+01
      vertex -1.199813e+01 -2.119845e-01 -3.650000e+01
    endloop
  endfacet
  facet normal -9.998522e-01  1.718930e-02  2.145481e-04
    outer loop
      vertex -1.199813e+01 -2.119845e-01 -3.650000e+01
      vertex -1.199697e+01 -2.695668e-01 -2.650000e+01
      vertex -1.198062e+01  6.817867e-01 -2.650000e+01
    endloop
  endfacet
  facet normal -9.997494e-01  2.238802e-02 -2.502789e-04
    outer loop
      vertex -1.199813e+01 -2.119845e-01 -3.650000e+01
      vertex -1.198062e+01  6.817867e-01 -2.650000e+01
      vertex -1.197661e+01  7.488600e-01 -3.650000e+01
    endloop
  endfacet
  facet normal -9.953473e-01  9.635227e-02  2.475874e-04
    outer loop
      vertex -1.197661e+01  7.488600e-01 -3.650000e+01
      vertex -1.198062e+01  6.817867e-01 -2.650000e+01
      vertex -1.188894e+01  1.628854e+00 -2.650000e+01
    endloop
  endfacet
  facet normal -9.947512e-01  1.023228e-01 -2.830433e-04
    outer loop
      vertex -1.197661e+01  7.488600e-01 -3.650000e+01
      vertex -1.188894e+01  1.628854e+00 -2.650000e+01
      vertex -1.187827e+01  1.704901e+00 -3.650000e+01
    endloop
  endfacet
  facet normal -9.845843e-01  1.749098e-01  2.798071e-04
    outer loop
      vertex -1.187827e+01  1.704901e+00 -3.650000e+01
      vertex -1.188894e+01  1.628854e+00 -2.650000e+01
      vertex -1.172251e+01  2.565680e+00 -2.650000e+01
    endloop
  endfacet
  facet normal -9.833724e-01  1.815998e-01 -3.149258e-04
    outer loop
      vertex -1.187827e+01  1.704901e+00 -3.650000e+01
      vertex -1.172251e+01  2.565680e+00 -2.650000e+01
      vertex -1.170374e+01  2.650006e+00 -3.650000e+01
    endloop
  endfacet
  facet normal -9.676313e-01  2.523679e-01  3.113861e-04
    outer loop
      vertex -1.170374e+01  2.650006e+00 -3.650000e+01
      vertex -1.172251e+01  2.565680e+00 -2.650000e+01
      vertex -1.148239e+01  3.486376e+00 -2.650000e+01
    endloop
  endfacet
  facet normal -9.656858e-01  2.597128e-01 -3.459764e-04
    outer loop
      vertex -1.170374e+01  2.650006e+00 -3.650000e+01
      vertex -1.148239e+01  3.486376e+00 -2.650000e+01
      vertex -1.145413e+01  3.578112e+00 -3.650000e+01
    endloop
  endfacet
  facet normal -9.445948e-01  3.282385e-01  3.422479e-04
    outer loop
      vertex -1.145413e+01  3.578112e+00 -3.650000e+01
      vertex -1.148239e+01  3.486376e+00 -2.650000e+01
      vertex -1.117007e+01  4.385152e+00 -2.650000e+01
    endloop
  endfacet
  facet normal -9.418046e-01  3.361606e-01 -3.763590e-04
    outer loop
      vertex -1.145413e+01  3.578112e+00 -3.650000e+01
      vertex -1.117007e+01  4.385152e+00 -2.650000e+01
      vertex -1.113105e+01  4.483267e+00 -3.650000e+01
    endloop
  endfacet
  facet normal -9.156198e-01  4.020452e-01  3.722354e-04
    outer loop
      vertex -1.113105e+01  4.483267e+00 -3.650000e+01
      vertex -1.117007e+01  4.385152e+00 -2.650000e+01
      vertex -1.078753e+01  5.256359e+00 -2.650000e+01
    endloop
  endfacet
  facet normal -9.118823e-01  4.104514e-01 -4.060365e-04
    outer loop
      vertex -1.113105e+01  4.483267e+00 -3.650000e+01
      vertex -1.078753e+01  5.256359e+00 -2.650000e+01
      vertex -1.073657e+01  5.359664e+00 -3.650000e+01
    endloop
  endfacet
  facet normal -8.347189e-01  5.506750e-01 -1.234524e-03
    outer loop
      vertex -1.027322e+01  6.201682e+00 -3.650000e+01
      vertex -9.870624e+00  6.824279e+00 -3.100000e+01
      vertex -9.743979e+00  7.003919e+00 -3.650000e+01
    endloop
  endfacet
  facet normal -8.014925e-01  5.980039e-01  1.076405e-03
    outer loop
      vertex -9.743979e+00  7.003919e+00 -3.650000e+01
      vertex -9.870624e+00  6.824279e+00 -3.100000e+01
      vertex -9.352666e+00  7.518487e+00 -3.100000e+01
    endloop
  endfacet
  facet normal -7.879732e-01  6.157076e-01 -1.541778e-03
    outer loop
      vertex -9.743979e+00  7.003919e+00 -3.650000e+01
      vertex -9.352666e+00  7.518487e+00 -3.100000e+01
      vertex -9.152230e+00  7.761229e+00 -3.650000e+01
    endloop
  endfacet
  facet normal -7.562690e-01  6.542594e-01  1.315095e-03
    outer loop
      vertex -9.152230e+00  7.761229e+00 -3.650000e+01
      vertex -9.352666e+00  7.518487e+00 -3.100000e+01
      vertex -8.785982e+00  8.173526e+00 -3.100000e+01
    endloop
  endfacet
  facet normal -7.361731e-01  6.767911e-01 -1.712138e-03
    outer loop
      vertex -9.152230e+00  7.761229e+00 -3.650000e+01
      vertex -8.785982e+00  8.173526e+00 -3.100000e+01
      vertex -8.501776e+00  8.468755e+00 -3.650000e+01
    endloop
  endfacet
  facet normal -7.071061e-01  7.071061e-01  1.417116e-03
    outer loop
      vertex -8.501776e+00  8.468755e+00 -3.650000e+01
      vertex -8.785982e+00  8.173526e+00 -3.100000e+01
      vertex -8.173526e+00  8.785982e+00 -3.100000e+01
    endloop
  endfacet
  facet normal -6.796510e-01  7.335336e-01 -1.745737e-03
    outer loop
      vertex -8.501776e+00  8.468755e+00 -3.650000e+01
      vertex -8.173526e+00  8.785982e+00 -3.100000e+01
      vertex -7.796786e+00  9.121959e+00 -3.650000e+01
    endloop
  endfacet
  facet normal -6.542594e-01  7.562689e-01  1.382360e-03
    outer loop
      vertex -8.173526e+00  8.785982e+00 -3.100000e+01
      vertex -7.518487e+00  9.352666e+00 -3.100000e+01
      vertex -7.796786e+00  9.121959e+00 -3.650000e+01
    endloop
  endfacet
  facet normal -6.187694e-01  7.855709e-01 -1.642548e-03
    outer loop
      vertex -7.041784e+00  9.716650e+00 -3.650000e+01
      vertex -7.796786e+00  9.121959e+00 -3.650000e+01
      vertex -7.518487e+00  9.352666e+00 -3.100000e+01
    endloop
  endfacet
  facet normal -5.980038e-01  8.014923e-01  1.210939e-03
    outer loop
      vertex -7.518487e+00  9.352666e+00 -3.100000e+01
      vertex -6.824279e+00  9.870624e+00 -3.100000e+01
      vertex -7.041784e+00  9.716650e+00 -3.650000e+01
    endloop
  endfacet
  facet normal -5.539181e-01  8.325700e-01 -1.402516e-03
    outer loop
      vertex -6.241612e+00  1.024901e+01 -3.650000e+01
      vertex -7.041784e+00  9.716650e+00 -3.650000e+01
      vertex -6.824279e+00  9.870624e+00 -3.100000e+01
    endloop
  endfacet
  facet normal -4.139976e-01  9.102778e-01 -5.483432e-04
    outer loop
      vertex -4.526549e+00  1.111352e+01 -3.650000e+01
      vertex -5.401404e+00  1.071563e+01 -3.650000e+01
      vertex -5.253235e+00  1.078905e+01 -2.650000e+01
    endloop
  endfacet
  facet normal -4.016480e-01  9.157941e-01  5.280777e-04
    outer loop
      vertex -5.253235e+00  1.078905e+01 -2.650000e+01
      vertex -4.378683e+00  1.117261e+01 -2.650000e+01
      vertex -4.526549e+00  1.111352e+01 -3.650000e+01
    endloop
  endfacet
  facet normal -3.398222e-01  9.404896e-01 -5.320331e-04
    outer loop
      vertex -3.622658e+00  1.144012e+01 -3.650000e+01
      vertex -4.526549e+00  1.111352e+01 -3.650000e+01
      vertex -4.378683e+00  1.117261e+01 -2.650000e+01
    endloop
  endfacet
  facet normal -3.275544e-01  9.448323e-01  5.116126e-04
    outer loop
      vertex -4.378683e+00  1.117261e+01 -2.650000e+01
      vertex -3.476400e+00  1.148541e+01 -2.650000e+01
      vertex -3.622658e+00  1.144012e+01 -3.650000e+01
    endloop
  endfacet
  facet normal -2.634695e-01  9.646676e-01 -5.155173e-04
    outer loop
      vertex -2.695530e+00  1.169334e+01 -3.650000e+01
      vertex -3.622658e+00  1.144012e+01 -3.650000e+01
      vertex -3.476400e+00  1.148541e+01 -2.650000e+01
    endloop
  endfacet
  facet normal -2.513866e-01  9.678867e-01  4.949389e-04
    outer loop
      vertex -3.476400e+00  1.148541e+01 -2.650000e+01
      vertex -2.552101e+00  1.172548e+01 -2.650000e+01
      vertex -2.695530e+00  1.169334e+01 -3.650000e+01
    endloop
  endfacet
  facet normal -1.854250e-01  9.826583e-01 -4.986145e-04
    outer loop
      vertex -1.751112e+00  1.187155e+01 -3.650000e+01
      vertex -2.695530e+00  1.169334e+01 -3.650000e+01
      vertex -2.552101e+00  1.172548e+01 -2.650000e+01
    endloop
  endfacet
  facet normal -1.736269e-01  9.848114e-01  4.778581e-04
    outer loop
      vertex -2.552101e+00  1.172548e+01 -2.650000e+01
      vertex -1.611640e+00  1.189128e+01 -2.650000e+01
      vertex -1.751112e+00  1.187155e+01 -3.650000e+01
    endloop
  endfacet
  facet normal -1.061927e-01  9.943454e-01 -4.814747e-04
    outer loop
      vertex -7.954608e-01  1.197361e+01 -3.650000e+01
      vertex -1.751112e+00  1.187155e+01 -3.650000e+01
      vertex -1.611640e+00  1.189128e+01 -2.650000e+01
    endloop
  endfacet
  facet normal -9.476764e-02  9.954993e-01  4.605174e-04
    outer loop
      vertex -1.611640e+00  1.189128e+01 -2.650000e+01
      vertex -6.609721e-01  1.198178e+01 -2.650000e+01
      vertex -7.954608e-01  1.197361e+01 -3.650000e+01
    endloop
  endfacet
  facet normal -2.627779e-02  9.996546e-01 -4.639913e-04
    outer loop
      vertex  1.652928e-01  1.199886e+01 -3.650000e+01
      vertex -7.954608e-01  1.197361e+01 -3.650000e+01
      vertex -6.609721e-01  1.198178e+01 -2.650000e+01
    endloop
  endfacet
  facet normal -1.530727e-02  9.998828e-01  4.428540e-04
    outer loop
      vertex -6.609721e-01  1.198178e+01 -2.650000e+01
      vertex  2.938819e-01  1.199640e+01 -2.650000e+01
      vertex  1.652928e-01  1.199886e+01 -3.650000e+01
    endloop
  endfacet
  facet normal  5.380487e-02  9.985514e-01 -4.461808e-04
    outer loop
      vertex  1.124986e+00  1.194715e+01 -3.650000e+01
      vertex  1.652928e-01  1.199886e+01 -3.650000e+01
      vertex  2.938819e-01  1.199640e+01 -2.650000e+01
    endloop
  endfacet
  facet normal  6.424898e-02  9.979338e-01  4.248756e-04
    outer loop
      vertex  2.938819e-01  1.199640e+01 -2.650000e+01
      vertex  1.246875e+00  1.193505e+01 -2.650000e+01
      vertex  1.124986e+00  1.194715e+01 -3.650000e+01
    endloop
  endfacet
  facet normal  1.335422e-01  9.910430e-01 -4.280715e-04
    outer loop
      vertex  2.077463e+00  1.181880e+01 -3.650000e+01
      vertex  1.124986e+00  1.194715e+01 -3.650000e+01
      vertex  1.246875e+00  1.193505e+01 -2.650000e+01
    endloop
  endfacet
  facet normal  1.433988e-01  9.896649e-01  4.066219e-04
    outer loop
      vertex  1.246875e+00  1.193505e+01 -2.650000e+01
      vertex  2.191971e+00  1.179810e+01 -2.650000e+01
      vertex  2.077463e+00  1.181880e+01 -3.650000e+01
    endloop
  endfacet
  facet normal  2.124233e-01  9.771776e-01 -4.096124e-04
    outer loop
      vertex  3.016614e+00  1.161465e+01 -3.650000e+01
      vertex  2.077463e+00  1.181880e+01 -3.650000e+01
      vertex  2.191971e+00  1.179810e+01 -2.650000e+01
    endloop
  endfacet
  facet normal  2.216408e-01  9.751283e-01  3.881027e-04
    outer loop
      vertex  2.191971e+00  1.179810e+01 -2.650000e+01
      vertex  3.123185e+00  1.158644e+01 -2.650000e+01
      vertex  3.016614e+00  1.161465e+01 -3.650000e+01
    endloop
  endfacet
  facet normal  2.899427e-01  9.570439e-01 -3.908026e-04
    outer loop
      vertex  3.936415e+00  1.133599e+01 -3.650000e+01
      vertex  3.016614e+00  1.161465e+01 -3.650000e+01
      vertex  3.123185e+00  1.158644e+01 -2.650000e+01
    endloop
  endfacet
  facet normal  2.984778e-01  9.544164e-01  3.691058e-04
    outer loop
      vertex  3.123185e+00  1.158644e+01 -2.650000e+01
      vertex  4.034620e+00  1.130141e+01 -2.650000e+01
      vertex  3.936415e+00  1.133599e+01 -3.650000e+01
    endloop
  endfacet
  facet normal  3.656009e-01  9.307717e-01 -3.718372e-04
    outer loop
      vertex  4.830966e+00  1.098461e+01 -3.650000e+01
      vertex  3.936415e+00  1.133599e+01 -3.650000e+01
      vertex  4.034620e+00  1.130141e+01 -2.650000e+01
    endloop
  endfacet
  facet normal  3.734261e-01  9.276599e-01  3.499041e-04
    outer loop
      vertex  4.034620e+00  1.130141e+01 -2.650000e+01
      vertex  4.920504e+00  1.094480e+01 -2.650000e+01
      vertex  4.830966e+00  1.098461e+01 -3.650000e+01
    endloop
  endfacet
  facet normal  4.389141e-01  8.985288e-01 -3.524443e-04
    outer loop
      vertex  5.694530e+00  1.056278e+01 -3.650000e+01
      vertex  4.830966e+00  1.098461e+01 -3.650000e+01
      vertex  4.920504e+00  1.094480e+01 -2.650000e+01
    endloop
  endfacet
  facet normal  4.460080e-01  8.950289e-01  3.303448e-04
    outer loop
      vertex  4.920504e+00  1.094480e+01 -2.650000e+01
      vertex  5.775226e+00  1.051888e+01 -2.650000e+01
      vertex  5.694530e+00  1.056278e+01 -3.650000e+01
    endloop
  endfacet
  facet normal  5.094124e-01  8.605224e-01 -3.328021e-04
    outer loop
      vertex  6.521565e+00  1.007319e+01 -3.650000e+01
      vertex  5.694530e+00  1.056278e+01 -3.650000e+01
      vertex  5.775226e+00  1.051888e+01 -2.650000e+01
    endloop
  endfacet
  facet normal  5.157675e-01  8.567286e-01  3.105840e-04
    outer loop
      vertex  5.775226e+00  1.051888e+01 -2.650000e+01
      vertex  6.593373e+00  1.002634e+01 -2.650000e+01
      vertex  6.521565e+00  1.007319e+01 -3.650000e+01
    endloop
  endfacet
  facet normal  5.766428e-01  8.169964e-01 -3.127139e-04
    outer loop
      vertex  7.306768e+00  9.518989e+00 -3.650000e+01
      vertex  6.521565e+00  1.007319e+01 -3.650000e+01
      vertex  6.593373e+00  1.002634e+01 -2.650000e+01
    endloop
  endfacet
  facet normal  5.822583e-01  8.130038e-01  2.904636e-04
    outer loop
      vertex  6.593373e+00  1.002634e+01 -2.650000e+01
      vertex  7.369764e+00  9.470300e+00 -2.650000e+01
      vertex  7.306768e+00  9.518989e+00 -3.650000e+01
    endloop
  endfacet
  facet normal  6.401752e-01  7.682290e-01 -2.923892e-04
    outer loop
      vertex  8.045102e+00  8.903726e+00 -3.650000e+01
      vertex  7.306768e+00  9.518989e+00 -3.650000e+01
      vertex  7.369764e+00  9.470300e+00 -2.650000e+01
    endloop
  endfacet
  facet normal  6.450625e-01  7.641298e-01  2.699259e-04
    outer loop
      vertex  7.369764e+00  9.470300e+00 -2.650000e+01
      vertex  8.099482e+00  8.854287e+00 -2.650000e+01
      vertex  8.045102e+00  8.903726e+00 -3.650000e+01
    endloop
  endfacet
  facet normal  6.996004e-01  7.145343e-01 -2.718407e-04
    outer loop
      vertex  8.731831e+00  8.231350e+00 -3.650000e+01
      vertex  8.045102e+00  8.903726e+00 -3.650000e+01
      vertex  8.099482e+00  8.854287e+00 -2.650000e+01
    endloop
  endfacet
  facet normal  7.037820e-01  7.104160e-01  2.491288e-04
    outer loop
      vertex  8.099482e+00  8.854287e+00 -2.650000e+01
      vertex  8.777905e+00  8.182199e+00 -2.650000e+01
      vertex  8.731831e+00  8.231350e+00 -3.650000e+01
    endloop
  endfacet
  facet normal  7.545373e-01  6.562571e-01 -2.509143e-04
    outer loop
      vertex  9.362550e+00  7.506175e+00 -3.650000e+01
      vertex  8.731831e+00  8.231350e+00 -3.650000e+01
      vertex  8.777905e+00  8.182199e+00 -2.650000e+01
    endloop
  endfacet
  facet normal  7.580435e-01  6.522039e-01  2.280826e-04
    outer loop
      vertex  8.777905e+00  8.182199e+00 -2.650000e+01
      vertex  9.400737e+00  7.458294e+00 -2.650000e+01
      vertex  9.362550e+00  7.506175e+00 -3.650000e+01
    endloop
  endfacet
  facet normal  8.046356e-01  5.937688e-01 -2.296325e-04
    outer loop
      vertex  9.933212e+00  6.732852e+00 -3.650000e+01
      vertex  9.362550e+00  7.506175e+00 -3.650000e+01
      vertex  9.400737e+00  7.458294e+00 -2.650000e+01
    endloop
  endfacet
  facet normal  8.075048e-01  5.898610e-01  2.066256e-04
    outer loop
      vertex  9.400737e+00  7.458294e+00 -2.650000e+01
      vertex  9.964034e+00  6.687154e+00 -2.650000e+01
      vertex  9.933212e+00  6.732852e+00 -3.650000e+01
    endloop
  endfacet
  facet normal  8.495718e-01  5.274729e-01 -2.081291e-04
    outer loop
      vertex  1.044016e+01  5.916340e+00 -3.650000e+01
      vertex  9.933212e+00  6.732852e+00 -3.650000e+01
      vertex  9.964034e+00  6.687154e+00 -2.650000e+01
    endloop
  endfacet
  facet normal  8.518525e-01  5.237817e-01  1.849800e-04
    outer loop
      vertex  9.964034e+00  6.687154e+00 -2.650000e+01
      vertex  1.046423e+01  5.873664e+00 -2.650000e+01
      vertex  1.044016e+01  5.916340e+00 -3.650000e+01
    endloop
  endfacet
  facet normal  8.890586e-01  4.577933e-01 -1.861833e-04
    outer loop
      vertex  1.088014e+01  5.061879e+00 -3.650000e+01
      vertex  1.044016e+01  5.916340e+00 -3.650000e+01
      vertex  1.046423e+01  5.873664e+00 -2.650000e+01
    endloop
  endfacet
  facet normal  8.908046e-01  4.543867e-01  1.629765e-04
    outer loop
      vertex  1.046423e+01  5.873664e+00 -2.650000e+01
      vertex  1.089815e+01  5.022976e+00 -2.650000e+01
      vertex  1.088014e+01  5.061879e+00 -3.650000e+01
    endloop
  endfacet
  facet normal  9.228428e-01  3.851769e-01 -1.639789e-04
    outer loop
      vertex  1.125033e+01  4.174948e+00 -3.650000e+01
      vertex  1.088014e+01  5.061879e+00 -3.650000e+01
      vertex  1.089815e+01  5.022976e+00 -2.650000e+01
    endloop
  endfacet
  facet normal  9.241155e-01  3.821135e-01  1.406241e-04
    outer loop
      vertex  1.089815e+01  5.022976e+00 -2.650000e+01
      vertex  1.126306e+01  4.140478e+00 -2.650000e+01
      vertex  1.125033e+01  4.174948e+00 -3.650000e+01
    endloop
  endfacet
  facet normal  9.507075e-01  3.100893e-01 -1.415032e-04
    outer loop
      vertex  1.154835e+01  3.261237e+00 -3.650000e+01
      vertex  1.125033e+01  4.174948e+00 -3.650000e+01
      vertex  1.126306e+01  4.140478e+00 -2.650000e+01
    endloop
  endfacet
  facet normal  9.515741e-01  3.074197e-01  1.179418e-04
    outer loop
      vertex  1.126306e+01  4.140478e+00 -2.650000e+01
      vertex  1.155663e+01  3.231757e+00 -2.650000e+01
      vertex  1.154835e+01  3.261237e+00 -3.650000e+01
    endloop
  endfacet
  facet normal  9.724734e-01  2.330142e-01 -1.187214e-04
    outer loop
      vertex  1.177229e+01  2.326607e+00 -3.650000e+01
      vertex  1.154835e+01  3.261237e+00 -3.650000e+01
      vertex  1.155663e+01  3.231757e+00 -2.650000e+01
    endloop
  endfacet
  facet normal -8.425391e-01  5.386348e-01  7.008665e-04
    outer loop
      vertex -1.033716e+01  6.094518e+00 -3.100000e+01
      vertex -9.870624e+00  6.824279e+00 -3.100000e+01
      vertex -1.027322e+01  6.201682e+00 -3.650000e+01
    endloop
  endfacet
  facet normal -8.761107e-01  4.821092e-01 -7.907397e-04
    outer loop
      vertex -1.033716e+01  6.094518e+00 -3.100000e+01
      vertex -1.027322e+01  6.201682e+00 -3.650000e+01
      vertex -1.073657e+01  5.359664e+00 -3.650000e+01
    endloop
  endfacet
  facet normal -8.799356e-01  4.750926e-01  4.245165e-04
    outer loop
      vertex -1.033716e+01  6.094518e+00 -3.100000e+01
      vertex -1.073657e+01  5.359664e+00 -3.650000e+01
      vertex -1.078753e+01  5.256359e+00 -2.650000e+01
    endloop
  endfacet
  facet normal -8.808878e-01  4.733251e-01  0.000000e+00
    outer loop
      vertex -1.033716e+01  6.094518e+00 -3.100000e+01
      vertex -1.078753e+01  5.256359e+00 -2.650000e+01
      vertex -1.033716e+01  6.094518e+00 -2.650000e+01
    endloop
  endfacet
  facet normal -4.731972e-01  8.809565e-01  0.000000e+00
    outer loop
      vertex -6.094518e+00  1.033716e+01 -3.100000e+01
      vertex -6.094518e+00  1.033716e+01 -2.650000e+01
      vertex -5.253235e+00  1.078905e+01 -2.650000e+01
    endloop
  endfacet
  facet normal -4.756446e-01  8.796374e-01  5.900147e-04
    outer loop
      vertex -6.094518e+00  1.033716e+01 -3.100000e+01
      vertex -5.253235e+00  1.078905e+01 -2.650000e+01
      vertex -5.401404e+00  1.071563e+01 -3.650000e+01
    endloop
  endfacet
  facet normal -4.855148e-01  8.742279e-01 -1.026083e-03
    outer loop
      vertex -6.094518e+00  1.033716e+01 -3.100000e+01
      vertex -5.401404e+00  1.071563e+01 -3.650000e+01
      vertex -6.241612e+00  1.024901e+01 -3.650000e+01
    endloop
  endfacet
  facet normal -5.386347e-01  8.425390e-01  9.024449e-04
    outer loop
      vertex -6.094518e+00  1.033716e+01 -3.100000e+01
      vertex -6.241612e+00  1.024901e+01 -3.650000e+01
      vertex -6.824279e+00  9.870624e+00 -3.100000e+01
    endloop
  endfacet
  facet normal -8.968139e-01 -4.424081e-01  -0.000000e+00
    outer loop
      vertex -1.054054e+01 -5.735591e+00 -3.650000e+01
      vertex -1.054054e+01 -5.735591e+00 -2.650000e+01
      vertex -1.096573e+01 -4.873676e+00 -3.650000e+01
    endloop
  endfacet
  facet normal -8.966371e-01 -4.427663e-01 -3.839878e-05
    outer loop
      vertex -1.096573e+01 -4.873676e+00 -3.650000e+01
      vertex -1.054054e+01 -5.735591e+00 -2.650000e+01
      vertex -1.096183e+01 -4.882446e+00 -2.650000e+01
    endloop
  endfacet
  facet normal -9.293421e-01 -3.692198e-01  3.886437e-05
    outer loop
      vertex -1.096573e+01 -4.873676e+00 -3.650000e+01
      vertex -1.096183e+01 -4.882446e+00 -2.650000e+01
      vertex -1.132058e+01 -3.980499e+00 -3.650000e+01
    endloop
  endfacet
  facet normal -9.288985e-01 -3.703347e-01 -7.760804e-05
    outer loop
      vertex -1.132058e+01 -3.980499e+00 -3.650000e+01
      vertex -1.096183e+01 -4.882446e+00 -2.650000e+01
      vertex -1.131420e+01 -3.998605e+00 -2.650000e+01
    endloop
  endfacet
  facet normal -9.559088e-01 -2.936639e-01  7.845066e-05
    outer loop
      vertex -1.132058e+01 -3.980499e+00 -3.650000e+01
      vertex -1.131420e+01 -3.998605e+00 -2.650000e+01
      vertex -1.160282e+01 -3.061789e+00 -3.650000e+01
    endloop
  endfacet
  facet normal -9.553192e-01 -2.955757e-01 -1.176669e-04
    outer loop
      vertex -1.160282e+01 -3.061789e+00 -3.650000e+01
      vertex -1.131420e+01 -3.998605e+00 -2.650000e+01
      vertex -1.159544e+01 -3.089624e+00 -2.650000e+01
    endloop
  endfacet
  facet normal -9.757346e-01 -2.189566e-01  1.106709e-04
    outer loop
      vertex -1.160282e+01 -3.061789e+00 -3.650000e+01
      vertex -1.159544e+01 -3.089624e+00 -2.650000e+01
      vertex -1.180378e+01 -2.161219e+00 -2.650000e+01
    endloop
  endfacet
  facet normal  9.963448e-01 -8.542331e-02  0.000000e+00
    outer loop
      vertex  1.190588e+01 -1.500000e+00 -2.650000e+01
      vertex  1.190588e+01 -1.500000e+00 -3.650000e+01
      vertex  1.198746e+01 -5.485247e-01 -2.650000e+01
    endloop
  endfacet
  facet normal  9.963666e-01 -8.516816e-02 -2.445580e-05
    outer loop
      vertex  1.198746e+01 -5.485247e-01 -2.650000e+01
      vertex  1.190588e+01 -1.500000e+00 -3.650000e+01
      vertex  1.198773e+01 -5.424066e-01 -3.650000e+01
    endloop
  endfacet
  facet normal  9.999825e-01 -5.924976e-03  2.412646e-05
    outer loop
      vertex  1.198746e+01 -5.485247e-01 -2.650000e+01
      vertex  1.198773e+01 -5.424066e-01 -3.650000e+01
      vertex  1.199312e+01  4.064243e-01 -2.650000e+01
    endloop
  endfacet
  facet normal  9.999867e-01 -5.160894e-03 -4.837426e-05
    outer loop
      vertex  1.199312e+01  4.064243e-01 -2.650000e+01
      vertex  1.198773e+01 -5.424066e-01 -3.650000e+01
      vertex  1.199269e+01  4.186660e-01 -3.650000e+01
    endloop
  endfacet
  facet normal  9.972872e-01  7.360931e-02  4.816686e-05
    outer loop
      vertex  1.199312e+01  4.064243e-01 -2.650000e+01
      vertex  1.199269e+01  4.186660e-01 -3.650000e+01
      vertex  1.192282e+01  1.358800e+00 -2.650000e+01
    endloop
  endfacet
  facet normal  9.971924e-01  7.488208e-02 -7.215238e-05
    outer loop
      vertex  1.192282e+01  1.358800e+00 -2.650000e+01
      vertex  1.199269e+01  4.186660e-01 -3.650000e+01
      vertex  1.192073e+01  1.377053e+00 -3.650000e+01
    endloop
  endfacet
  facet normal  9.882760e-01  1.526782e-01  7.172063e-05
    outer loop
      vertex  1.192282e+01  1.358800e+00 -2.650000e+01
      vertex  1.192073e+01  1.377053e+00 -3.650000e+01
      vertex  1.177702e+01  2.302569e+00 -2.650000e+01
    endloop
  endfacet
  facet normal  9.880017e-01  1.544428e-01 -9.553812e-05
    outer loop
      vertex  1.177702e+01  2.302569e+00 -2.650000e+01
      vertex  1.192073e+01  1.377053e+00 -3.650000e+01
      vertex  1.177229e+01  2.326607e+00 -3.650000e+01
    endloop
  endfacet
  facet normal  9.730061e-01  2.307795e-01  9.504145e-05
    outer loop
      vertex  1.177702e+01  2.302569e+00 -2.650000e+01
      vertex  1.177229e+01  2.326607e+00 -3.650000e+01
      vertex  1.155663e+01  3.231757e+00 -2.650000e+01
    endloop
  endfacet
  facet normal  0.000000e+00  0.000000e+00  1.000000e+00
    outer loop
      vertex -1.763356e+00 -2.427051e+00 -2.650000e+01
      vertex -2.121320e+00 -2.121320e+00 -2.650000e+01
      vertex -1.550000e+00 -7.500000e+00 -2.650000e+01
    endloop
  endfacet
  facet normal  0.000000e+00  0.000000e+00  9.999999e-01
    outer loop
      vertex  9.050000e+00  0.000000e+00 -2.650000e+01
      vertex  9.020217e+00 -3.023900e-01 -2.650000e+01
      vertex  1.199312e+01  4.064243e-01 -2.650000e+01
    endloop
  endfacet
  facet normal  -0.000000e+00  0.000000e+00  9.999999e-01
    outer loop
      vertex  3.000000e+00 -3.552714e-15 -2.650000e+01
      vertex  2.963065e+00 -4.693034e-01 -2.650000e+01
      vertex  6.211222e+00 -8.611339e-01 -2.650000e+01
    endloop
  endfacet
  facet normal  0.000000e+00  -0.000000e+00  1.000000e+00
    outer loop
      vertex  2.427051e+00  1.763356e+00 -2.650000e+01
      vertex  7.197610e+00  1.520217e+00 -2.650000e+01
      vertex  7.500000e+00  1.550000e+00 -2.650000e+01
    endloop
  endfacet
  facet normal  0.000000e+00  0.000000e+00  1.000000e+00
    outer loop
      vertex -1.096015e+00 -6.403985e+00 -2.650000e+01
      vertex -9.270510e-01 -2.853169e+00 -2.650000e+01
      vertex -1.288778e+00 -6.638866e+00 -2.650000e+01
    endloop
  endfacet
  facet normal  0.000000e+00  0.000000e+00  1.000000e+00
    outer loop
      vertex -8.611339e-01 -6.211222e+00 -2.650000e+01
      vertex -9.270510e-01 -2.853169e+00 -2.650000e+01
      vertex -1.096015e+00 -6.403985e+00 -2.650000e+01
    endloop
  endfacet
  facet normal  0.000000e+00  0.000000e+00  1.000000e+00
    outer loop
      vertex  1.432013e+00 -6.906841e+00 -2.650000e+01
      vertex  1.361971e+00 -2.673020e+00 -2.650000e+01
      vertex  1.288778e+00 -6.638866e+00 -2.650000e+01
    endloop
  endfacet
  facet normal  0.000000e+00  0.000000e+00  1.000000e+00
    outer loop
      vertex  6.067986e+00 -5.931593e-01 -2.650000e+01
      vertex  3.000000e+00 -3.552714e-15 -2.650000e+01
      vertex  6.211222e+00 -8.611339e-01 -2.650000e+01
    endloop
  endfacet
  facet normal  0.000000e+00  0.000000e+00  9.999999e-01
    outer loop
      vertex  5.979783e+00 -3.023900e-01 -2.650000e+01
      vertex  3.000000e+00 -3.552714e-15 -2.650000e+01
      vertex  6.067986e+00 -5.931593e-01 -2.650000e+01
    endloop
  endfacet
  facet normal  -0.000000e+00  0.000000e+00  1.000000e+00
    outer loop
      vertex  5.950000e+00  0.000000e+00 -2.650000e+01
      vertex  3.000000e+00 -3.552714e-15 -2.650000e+01
      vertex  5.979783e+00 -3.023900e-01 -2.650000e+01
    endloop
  endfacet
  facet normal  0.000000e+00  0.000000e+00  1.000000e+00
    outer loop
      vertex -1.550000e+00  7.500000e+00 -2.650000e+01
      vertex -1.520217e+00  7.802390e+00 -2.650000e+01
      vertex -1.611640e+00  1.189128e+01 -2.650000e+01
    endloop
  endfacet
  facet normal  0.000000e+00  0.000000e+00  1.000000e+00
    outer loop
      vertex -1.550000e+00  7.500000e+00 -2.650000e+01
      vertex -1.611640e+00  1.189128e+01 -2.650000e+01
      vertex -2.552101e+00  1.172548e+01 -2.650000e+01
    endloop
  endfacet
  facet normal  0.000000e+00  0.000000e+00  1.000000e+00
    outer loop
      vertex -1.550000e+00  7.500000e+00 -2.650000e+01
      vertex -2.552101e+00  1.172548e+01 -2.650000e+01
      vertex -6.094518e+00  1.033716e+01 -2.650000e+01
    endloop
  endfacet
  facet normal  0.000000e+00  0.000000e+00  9.999999e-01
    outer loop
      vertex  1.190588e+01 -1.500000e+00 -2.650000e+01
      vertex  1.198746e+01 -5.485247e-01 -2.650000e+01
      vertex  8.093160e+00 -1.432013e+00 -2.650000e+01
    endloop
  endfacet
  facet normal  0.000000e+00  0.000000e+00  1.000000e+00
    outer loop
      vertex  1.190588e+01 -1.500000e+00 -2.650000e+01
      vertex  8.093160e+00 -1.432013e+00 -2.650000e+01
      vertex  7.802390e+00 -1.520217e+00 -2.650000e+01
    endloop
  endfacet
  facet normal  -0.000000e+00  0.000000e+00  1.000000e+00
    outer loop
      vertex  1.190588e+01 -1.500000e+00 -2.650000e+01
      vertex  7.802390e+00 -1.520217e+00 -2.650000e+01
      vertex  7.500000e+00 -1.550000e+00 -2.650000e+01
    endloop
  endfacet
  facet normal  -0.000000e+00  0.000000e+00  9.999999e-01
    outer loop
      vertex  1.190588e+01 -1.500000e+00 -2.650000e+01
      vertex  7.500000e+00 -1.550000e+00 -2.650000e+01
      vertex  2.427051e+00 -1.763356e+00 -2.650000e+01
    endloop
  endfacet
  facet normal  -0.000000e+00  0.000000e+00  9.999999e-01
    outer loop
      vertex  1.190588e+01 -1.500000e+00 -2.650000e+01
      vertex  2.427051e+00 -1.763356e+00 -2.650000e+01
      vertex  2.121320e+00 -2.121320e+00 -2.650000e+01
    endloop
  endfacet
  facet normal  -0.000000e+00  0.000000e+00  1.000000e+00
    outer loop
      vertex  1.190588e+01 -1.500000e+00 -2.650000e+01
      vertex  2.121320e+00 -2.121320e+00 -2.650000e+01
      vertex  1.763356e+00 -2.427051e+00 -2.650000e+01
    endloop
  endfacet
  facet normal  -0.000000e+00  0.000000e+00  1.000000e+00
    outer loop
      vertex  1.190588e+01 -1.500000e+00 -2.650000e+01
      vertex  1.763356e+00 -2.427051e+00 -2.650000e+01
      vertex  1.550000e+00 -7.500000e+00 -2.650000e+01
    endloop
  endfacet
  facet normal  -0.000000e+00  0.000000e+00  1.000000e+00
    outer loop
      vertex  1.190588e+01 -1.500000e+00 -2.650000e+01
      vertex  1.550000e+00 -7.500000e+00 -2.650000e+01
      vertex  8.945159e+00 -2.500000e+01 -2.650000e+01
    endloop
  endfacet
  facet normal  0.000000e+00  0.000000e+00  9.999999e-01
    outer loop
      vertex  9.400737e+00  7.458294e+00 -2.650000e+01
      vertex  8.777905e+00  8.182199e+00 -2.650000e+01
      vertex  1.550000e+00  7.500000e+00 -2.650000e+01
    endloop
  endfacet
  facet normal  0.000000e+00  0.000000e+00  9.999999e-01
    outer loop
      vertex  9.400737e+00  7.458294e+00 -2.650000e+01
      vertex  1.550000e+00  7.500000e+00 -2.650000e+01
      vertex  2.121320e+00  2.121320e+00 -2.650000e+01
    endloop
  endfacet
  facet normal  -0.000000e+00  0.000000e+00  1.000000e+00
    outer loop
      vertex  9.400737e+00  7.458294e+00 -2.650000e+01
      vertex  2.121320e+00  2.121320e+00 -2.650000e+01
      vertex  2.427051e+00  1.763356e+00 -2.650000e+01
    endloop
  endfacet
  facet normal  -0.000000e+00  0.000000e+00  1.000000e+00
    outer loop
      vertex  9.400737e+00  7.458294e+00 -2.650000e+01
      vertex  2.427051e+00  1.763356e+00 -2.650000e+01
      vertex  7.500000e+00  1.550000e+00 -2.650000e+01
    endloop
  endfacet
  facet normal  -0.000000e+00  0.000000e+00  1.000000e+00
    outer loop
      vertex  9.400737e+00  7.458294e+00 -2.650000e+01
      vertex  7.500000e+00  1.550000e+00 -2.650000e+01
      vertex  7.802390e+00  1.520217e+00 -2.650000e+01
    endloop
  endfacet
  facet normal  -0.000000e+00  0.000000e+00  9.999999e-01
    outer loop
      vertex  9.400737e+00  7.458294e+00 -2.650000e+01
      vertex  7.802390e+00  1.520217e+00 -2.650000e+01
      vertex  8.093160e+00  1.432013e+00 -2.650000e+01
    endloop
  endfacet
  facet normal  -0.000000e+00  0.000000e+00  1.000000e+00
    outer loop
      vertex  9.400737e+00  7.458294e+00 -2.650000e+01
      vertex  8.093160e+00  1.432013e+00 -2.650000e+01
      vertex  8.361134e+00  1.288778e+00 -2.650000e+01
    endloop
  endfacet
  facet normal  -0.000000e+00  0.000000e+00  9.999999e-01
    outer loop
      vertex  9.400737e+00  7.458294e+00 -2.650000e+01
      vertex  8.361134e+00  1.288778e+00 -2.650000e+01
      vertex  8.596016e+00  1.096015e+00 -2.650000e+01
    endloop
  endfacet
  facet normal  -0.000000e+00  0.000000e+00  1.000000e+00
    outer loop
      vertex  9.400737e+00  7.458294e+00 -2.650000e+01
      vertex  8.596016e+00  1.096015e+00 -2.650000e+01
      vertex  8.788778e+00  8.611339e-01 -2.650000e+01
    endloop
  endfacet
  facet normal  -0.000000e+00  0.000000e+00  1.000000e+00
    outer loop
      vertex  9.400737e+00  7.458294e+00 -2.650000e+01
      vertex  8.788778e+00  8.611339e-01 -2.650000e+01
      vertex  8.932014e+00  5.931593e-01 -2.650000e+01
    endloop
  endfacet
  facet normal  -0.000000e+00  0.000000e+00  9.999999e-01
    outer loop
      vertex  9.400737e+00  7.458294e+00 -2.650000e+01
      vertex  8.932014e+00  5.931593e-01 -2.650000e+01
      vertex  9.020217e+00  3.023900e-01 -2.650000e+01
    endloop
  endfacet
  facet normal  -0.000000e+00  0.000000e+00  1.000000e+00
    outer loop
      vertex  9.400737e+00  7.458294e+00 -2.650000e+01
      vertex  9.020217e+00  3.023900e-01 -2.650000e+01
      vertex  9.050000e+00  0.000000e+00 -2.650000e+01
    endloop
  endfacet
  facet normal  0.000000e+00  0.000000e+00  1.000000e+00
    outer loop
      vertex  9.400737e+00  7.458294e+00 -2.650000e+01
      vertex  9.050000e+00  0.000000e+00 -2.650000e+01
      vertex  1.199312e+01  4.064243e-01 -2.650000e+01
    endloop
  endfacet
  facet normal  0.000000e+00  0.000000e+00  1.000000e+00
    outer loop
      vertex  9.400737e+00  7.458294e+00 -2.650000e+01
      vertex  1.199312e+01  4.064243e-01 -2.650000e+01
      vertex  1.192282e+01  1.358800e+00 -2.650000e+01
    endloop
  endfacet
  facet normal  0.000000e+00  0.000000e+00  1.000000e+00
    outer loop
      vertex  9.400737e+00  7.458294e+00 -2.650000e+01
      vertex  1.192282e+01  1.358800e+00 -2.650000e+01
      vertex  1.177702e+01  2.302569e+00 -2.650000e+01
    endloop
  endfacet
  facet normal  0.000000e+00  0.000000e+00  1.000000e+00
    outer loop
      vertex  9.400737e+00  7.458294e+00 -2.650000e+01
      vertex  1.177702e+01  2.302569e+00 -2.650000e+01
      vertex  1.155663e+01  3.231757e+00 -2.650000e+01
    endloop
  endfacet
  facet normal  0.000000e+00  0.000000e+00  1.000000e+00
    outer loop
      vertex  9.400737e+00  7.458294e+00 -2.650000e+01
      vertex  1.155663e+01  3.231757e+00 -2.650000e+01
      vertex  1.126306e+01  4.140478e+00 -2.650000e+01
    endloop
  endfacet
  facet normal  0.000000e+00  0.000000e+00  1.000000e+00
    outer loop
      vertex  9.400737e+00  7.458294e+00 -2.650000e+01
      vertex  1.126306e+01  4.140478e+00 -2.650000e+01
      vertex  1.089815e+01  5.022976e+00 -2.650000e+01
    endloop
  endfacet
  facet normal  0.000000e+00  0.000000e+00  1.000000e+00
    outer loop
      vertex  9.400737e+00  7.458294e+00 -2.650000e+01
      vertex  1.089815e+01  5.022976e+00 -2.650000e+01
      vertex  1.046423e+01  5.873664e+00 -2.650000e+01
    endloop
  endfacet
  facet normal  0.000000e+00  0.000000e+00  1.000000e+00
    outer loop
      vertex  9.400737e+00  7.458294e+00 -2.650000e+01
      vertex  1.046423e+01  5.873664e+00 -2.650000e+01
      vertex  9.964034e+00  6.687154e+00 -2.650000e+01
    endloop
  endfacet
  facet normal  0.000000e+00  0.000000e+00  9.999999e-01
    outer loop
      vertex  1.198746e+01 -5.485247e-01 -2.650000e+01
      vertex  1.199312e+01  4.064243e-01 -2.650000e+01
      vertex  9.020217e+00 -3.023900e-01 -2.650000e+01
    endloop
  endfacet
  facet normal  0.000000e+00  0.000000e+00  9.999999e-01
    outer loop
      vertex  1.198746e+01 -5.485247e-01 -2.650000e+01
      vertex  9.020217e+00 -3.023900e-01 -2.650000e+01
      vertex  8.932014e+00 -5.931593e-01 -2.650000e+01
    endloop
  endfacet
  facet normal  -0.000000e+00  0.000000e+00  1.000000e+00
    outer loop
      vertex  1.198746e+01 -5.485247e-01 -2.650000e+01
      vertex  8.932014e+00 -5.931593e-01 -2.650000e+01
      vertex  8.788778e+00 -8.611339e-01 -2.650000e+01
    endloop
  endfacet
  facet normal  -0.000000e+00  0.000000e+00  1.000000e+00
    outer loop
      vertex  1.198746e+01 -5.485247e-01 -2.650000e+01
      vertex  8.788778e+00 -8.611339e-01 -2.650000e+01
      vertex  8.596016e+00 -1.096015e+00 -2.650000e+01
    endloop
  endfacet
  facet normal  -0.000000e+00  0.000000e+00  1.000000e+00
    outer loop
      vertex  1.198746e+01 -5.485247e-01 -2.650000e+01
      vertex  8.596016e+00 -1.096015e+00 -2.650000e+01
      vertex  8.361134e+00 -1.288778e+00 -2.650000e+01
    endloop
  endfacet
  facet normal  -0.000000e+00  0.000000e+00  1.000000e+00
    outer loop
      vertex  1.198746e+01 -5.485247e-01 -2.650000e+01
      vertex  8.361134e+00 -1.288778e+00 -2.650000e+01
      vertex  8.093160e+00 -1.432013e+00 -2.650000e+01
    endloop
  endfacet
  facet normal  0.000000e+00  0.000000e+00  1.000000e+00
    outer loop
      vertex -2.121320e+00 -2.121320e+00 -2.650000e+01
      vertex -1.033716e+01  6.094518e+00 -2.650000e+01
      vertex -6.403985e+00  1.096015e+00 -2.650000e+01
    endloop
  endfacet
  facet normal  0.000000e+00  0.000000e+00  1.000000e+00
    outer loop
      vertex -2.121320e+00 -2.121320e+00 -2.650000e+01
      vertex -6.403985e+00  1.096015e+00 -2.650000e+01
      vertex -6.211222e+00  8.611339e-01 -2.650000e+01
    endloop
  endfacet
  facet normal  0.000000e+00  0.000000e+00  9.999999e-01
    outer loop
      vertex -2.121320e+00 -2.121320e+00 -2.650000e+01
      vertex -6.211222e+00  8.611339e-01 -2.650000e+01
      vertex -6.067986e+00  5.931593e-01 -2.650000e+01
    endloop
  endfacet
  facet normal  0.000000e+00  0.000000e+00  1.000000e+00
    outer loop
      vertex -2.121320e+00 -2.121320e+00 -2.650000e+01
      vertex -6.067986e+00  5.931593e-01 -2.650000e+01
      vertex -5.979783e+00  3.023900e-01 -2.650000e+01
    endloop
  endfacet
  facet normal  0.000000e+00  0.000000e+00  1.000000e+00
    outer loop
      vertex -2.121320e+00 -2.121320e+00 -2.650000e+01
      vertex -5.979783e+00  3.023900e-01 -2.650000e+01
      vertex -5.950000e+00  0.000000e+00 -2.650000e+01
    endloop
  endfacet
  facet normal  0.000000e+00  0.000000e+00  9.999999e-01
    outer loop
      vertex -2.121320e+00 -2.121320e+00 -2.650000e+01
      vertex -5.950000e+00  0.000000e+00 -2.650000e+01
      vertex -1.550000e+00 -7.500000e+00 -2.650000e+01
    endloop
  endfacet
  facet normal  0.000000e+00  0.000000e+00  1.000000e+00
    outer loop
      vertex  2.673020e+00 -1.361971e+00 -2.650000e+01
      vertex  2.427051e+00 -1.763356e+00 -2.650000e+01
      vertex  7.500000e+00 -1.550000e+00 -2.650000e+01
    endloop
  endfacet
  facet normal  0.000000e+00  0.000000e+00  1.000000e+00
    outer loop
      vertex  2.673020e+00 -1.361971e+00 -2.650000e+01
      vertex  7.500000e+00 -1.550000e+00 -2.650000e+01
      vertex  7.197610e+00 -1.520217e+00 -2.650000e+01
    endloop
  endfacet
  facet normal  0.000000e+00  0.000000e+00  1.000000e+00
    outer loop
      vertex  2.673020e+00 -1.361971e+00 -2.650000e+01
      vertex  7.197610e+00 -1.520217e+00 -2.650000e+01
      vertex  6.906841e+00 -1.432013e+00 -2.650000e+01
    endloop
  endfacet
  facet normal  0.000000e+00  0.000000e+00  1.000000e+00
    outer loop
      vertex  2.673020e+00 -1.361971e+00 -2.650000e+01
      vertex  6.906841e+00 -1.432013e+00 -2.650000e+01
      vertex  6.638866e+00 -1.288778e+00 -2.650000e+01
    endloop
  endfacet
  facet normal  0.000000e+00  0.000000e+00  1.000000e+00
    outer loop
      vertex  2.673020e+00 -1.361971e+00 -2.650000e+01
      vertex  6.638866e+00 -1.288778e+00 -2.650000e+01
      vertex  2.853169e+00 -9.270510e-01 -2.650000e+01
    endloop
  endfacet
  facet normal  0.000000e+00  -0.000000e+00  1.000000e+00
    outer loop
      vertex -9.912899e+00 -6.969196e+00 -2.650000e+01
      vertex -9.354489e+00 -8.235646e+00 -2.650000e+01
      vertex -1.550000e+00 -7.500000e+00 -2.650000e+01
    endloop
  endfacet
  facet normal  0.000000e+00  0.000000e+00  1.000000e+00
    outer loop
      vertex -9.912899e+00 -6.969196e+00 -2.650000e+01
      vertex -1.550000e+00 -7.500000e+00 -2.650000e+01
      vertex -8.596016e+00 -1.096015e+00 -2.650000e+01
    endloop
  endfacet
  facet normal  0.000000e+00  0.000000e+00  1.000000e+00
    outer loop
      vertex -9.912899e+00 -6.969196e+00 -2.650000e+01
      vertex -8.596016e+00 -1.096015e+00 -2.650000e+01
      vertex -8.788778e+00 -8.611339e-01 -2.650000e+01
    endloop
  endfacet
  facet normal  0.000000e+00  0.000000e+00  1.000000e+00
    outer loop
      vertex -9.912899e+00 -6.969196e+00 -2.650000e+01
      vertex -8.788778e+00 -8.611339e-01 -2.650000e+01
      vertex -8.932014e+00 -5.931593e-01 -2.650000e+01
    endloop
  endfacet
  facet normal  0.000000e+00  0.000000e+00  1.000000e+00
    outer loop
      vertex -9.912899e+00 -6.969196e+00 -2.650000e+01
      vertex -8.932014e+00 -5.931593e-01 -2.650000e+01
      vertex -9.020217e+00 -3.023900e-01 -2.650000e+01
    endloop
  endfacet
  facet normal  0.000000e+00  0.000000e+00  9.999999e-01
    outer loop
      vertex -9.912899e+00 -6.969196e+00 -2.650000e+01
      vertex -9.020217e+00 -3.023900e-01 -2.650000e+01
      vertex -9.050000e+00  0.000000e+00 -2.650000e+01
    endloop
  endfacet
  facet normal  0.000000e+00  0.000000e+00  1.000000e+00
    outer loop
      vertex  2.191971e+00  1.179810e+01 -2.650000e+01
      vertex  1.246875e+00  1.193505e+01 -2.650000e+01
      vertex  1.288778e+00  8.361134e+00 -2.650000e+01
    endloop
  endfacet
  facet normal  -0.000000e+00  0.000000e+00  1.000000e+00
    outer loop
      vertex  2.191971e+00  1.179810e+01 -2.650000e+01
      vertex  1.288778e+00  8.361134e+00 -2.650000e+01
      vertex  1.432013e+00  8.093160e+00 -2.650000e+01
    endloop
  endfacet
  facet normal  -0.000000e+00  0.000000e+00  1.000000e+00
    outer loop
      vertex  2.191971e+00  1.179810e+01 -2.650000e+01
      vertex  1.432013e+00  8.093160e+00 -2.650000e+01
      vertex  1.520217e+00  7.802390e+00 -2.650000e+01
    endloop
  endfacet
  facet normal  -0.000000e+00  0.000000e+00  1.000000e+00
    outer loop
      vertex  2.191971e+00  1.179810e+01 -2.650000e+01
      vertex  1.520217e+00  7.802390e+00 -2.650000e+01
      vertex  1.550000e+00  7.500000e+00 -2.650000e+01
    endloop
  endfacet
  facet normal  0.000000e+00  0.000000e+00  1.000000e+00
    outer loop
      vertex  2.191971e+00  1.179810e+01 -2.650000e+01
      vertex  1.550000e+00  7.500000e+00 -2.650000e+01
      vertex  8.777905e+00  8.182199e+00 -2.650000e+01
    endloop
  endfacet
  facet normal  0.000000e+00  0.000000e+00  9.999999e-01
    outer loop
      vertex  2.191971e+00  1.179810e+01 -2.650000e+01
      vertex  8.777905e+00  8.182199e+00 -2.650000e+01
      vertex  8.099482e+00  8.854287e+00 -2.650000e+01
    endloop
  endfacet
  facet normal  0.000000e+00  0.000000e+00  1.000000e+00
    outer loop
      vertex  2.191971e+00  1.179810e+01 -2.650000e+01
      vertex  8.099482e+00  8.854287e+00 -2.650000e+01
      vertex  7.369764e+00  9.470300e+00 -2.650000e+01
    endloop
  endfacet
  facet normal  0.000000e+00  0.000000e+00  1.000000e+00
    outer loop
      vertex  2.191971e+00  1.179810e+01 -2.650000e+01
      vertex  7.369764e+00  9.470300e+00 -2.650000e+01
      vertex  6.593373e+00  1.002634e+01 -2.650000e+01
    endloop
  endfacet
  facet normal  0.000000e+00  0.000000e+00  1.000000e+00
    outer loop
      vertex  2.191971e+00  1.179810e+01 -2.650000e+01
      vertex  6.593373e+00  1.002634e+01 -2.650000e+01
      vertex  5.775226e+00  1.051888e+01 -2.650000e+01
    endloop
  endfacet
  facet normal  0.000000e+00  0.000000e+00  1.000000e+00
    outer loop
      vertex  2.191971e+00  1.179810e+01 -2.650000e+01
      vertex  5.775226e+00  1.051888e+01 -2.650000e+01
      vertex  4.920504e+00  1.094480e+01 -2.650000e+01
    endloop
  endfacet
  facet normal  0.000000e+00  0.000000e+00  1.000000e+00
    outer loop
      vertex  2.191971e+00  1.179810e+01 -2.650000e+01
      vertex  4.920504e+00  1.094480e+01 -2.650000e+01
      vertex  4.034620e+00  1.130141e+01 -2.650000e+01
    endloop
  endfacet
  facet normal  0.000000e+00  0.000000e+00  1.000000e+00
    outer loop
      vertex  2.191971e+00  1.179810e+01 -2.650000e+01
      vertex  4.034620e+00  1.130141e+01 -2.650000e+01
      vertex  3.123185e+00  1.158644e+01 -2.650000e+01
    endloop
  endfacet
  facet normal  -0.000000e+00  0.000000e+00  1.000000e+00
    outer loop
      vertex -2.552101e+00  1.172548e+01 -2.650000e+01
      vertex -3.476400e+00  1.148541e+01 -2.650000e+01
      vertex -4.378683e+00  1.117261e+01 -2.650000e+01
    endloop
  endfacet
  facet normal  -0.000000e+00  0.000000e+00  9.999999e-01
    outer loop
      vertex -2.552101e+00  1.172548e+01 -2.650000e+01
      vertex -4.378683e+00  1.117261e+01 -2.650000e+01
      vertex -5.253235e+00  1.078905e+01 -2.650000e+01
    endloop
  endfacet
  facet normal  -0.000000e+00  0.000000e+00  1.000000e+00
    outer loop
      vertex -2.552101e+00  1.172548e+01 -2.650000e+01
      vertex -5.253235e+00  1.078905e+01 -2.650000e+01
      vertex -6.094518e+00  1.033716e+01 -2.650000e+01
    endloop
  endfacet
  facet normal  0.000000e+00  0.000000e+00  1.000000e+00
    outer loop
      vertex -6.094518e+00  1.033716e+01 -2.650000e+01
      vertex  2.121320e+00  2.121320e+00 -2.650000e+01
      vertex -1.288778e+00  6.638866e+00 -2.650000e+01
    endloop
  endfacet
  facet normal  0.000000e+00  0.000000e+00  1.000000e+00
    outer loop
      vertex -6.094518e+00  1.033716e+01 -2.650000e+01
      vertex -1.288778e+00  6.638866e+00 -2.650000e+01
      vertex -1.432013e+00  6.906841e+00 -2.650000e+01
    endloop
  endfacet
  facet normal  0.000000e+00  0.000000e+00  1.000000e+00
    outer loop
      vertex -6.094518e+00  1.033716e+01 -2.650000e+01
      vertex -1.432013e+00  6.906841e+00 -2.650000e+01
      vertex -1.520217e+00  7.197610e+00 -2.650000e+01
    endloop
  endfacet
  facet normal  0.000000e+00  0.000000e+00  1.000000e+00
    outer loop
      vertex -6.094518e+00  1.033716e+01 -2.650000e+01
      vertex -1.520217e+00  7.197610e+00 -2.650000e+01
      vertex -1.550000e+00  7.500000e+00 -2.650000e+01
    endloop
  endfacet
  facet normal  0.000000e+00  0.000000e+00  1.000000e+00
    outer loop
      vertex -9.050000e+00  0.000000e+00 -2.650000e+01
      vertex -1.033716e+01  6.094518e+00 -2.650000e+01
      vertex -1.078753e+01  5.256359e+00 -2.650000e+01
    endloop
  endfacet
  facet normal  0.000000e+00  0.000000e+00  1.000000e+00
    outer loop
      vertex -9.050000e+00  0.000000e+00 -2.650000e+01
      vertex -1.078753e+01  5.256359e+00 -2.650000e+01
      vertex -1.117007e+01  4.385152e+00 -2.650000e+01
    endloop
  endfacet
  facet normal  0.000000e+00  0.000000e+00  1.000000e+00
    outer loop
      vertex -9.050000e+00  0.000000e+00 -2.650000e+01
      vertex -1.117007e+01  4.385152e+00 -2.650000e+01
      vertex -1.148239e+01  3.486376e+00 -2.650000e+01
    endloop
  endfacet
  facet normal  0.000000e+00  0.000000e+00  1.000000e+00
    outer loop
      vertex -9.050000e+00  0.000000e+00 -2.650000e+01
      vertex -1.148239e+01  3.486376e+00 -2.650000e+01
      vertex -1.172251e+01  2.565680e+00 -2.650000e+01
    endloop
  endfacet
  facet normal  0.000000e+00  0.000000e+00  1.000000e+00
    outer loop
      vertex -9.050000e+00  0.000000e+00 -2.650000e+01
      vertex -1.172251e+01  2.565680e+00 -2.650000e+01
      vertex -1.188894e+01  1.628854e+00 -2.650000e+01
    endloop
  endfacet
  facet normal  0.000000e+00  0.000000e+00  1.000000e+00
    outer loop
      vertex -9.050000e+00  0.000000e+00 -2.650000e+01
      vertex -1.188894e+01  1.628854e+00 -2.650000e+01
      vertex -1.198062e+01  6.817867e-01 -2.650000e+01
    endloop
  endfacet
  facet normal  0.000000e+00  0.000000e+00  1.000000e+00
    outer loop
      vertex -9.050000e+00  0.000000e+00 -2.650000e+01
      vertex -1.198062e+01  6.817867e-01 -2.650000e+01
      vertex -1.199697e+01 -2.695668e-01 -2.650000e+01
    endloop
  endfacet
  facet normal  -0.000000e+00  0.000000e+00  1.000000e+00
    outer loop
      vertex -9.050000e+00  0.000000e+00 -2.650000e+01
      vertex -1.199697e+01 -2.695668e-01 -2.650000e+01
      vertex -1.193790e+01 -1.219226e+00 -2.650000e+01
    endloop
  endfacet
  facet normal  -0.000000e+00  0.000000e+00  1.000000e+00
    outer loop
      vertex -9.050000e+00  0.000000e+00 -2.650000e+01
      vertex -1.193790e+01 -1.219226e+00 -2.650000e+01
      vertex -1.180378e+01 -2.161219e+00 -2.650000e+01
    endloop
  endfacet
  facet normal  -0.000000e+00  0.000000e+00  1.000000e+00
    outer loop
      vertex -9.050000e+00  0.000000e+00 -2.650000e+01
      vertex -1.180378e+01 -2.161219e+00 -2.650000e+01
      vertex -1.159544e+01 -3.089624e+00 -2.650000e+01
    endloop
  endfacet
  facet normal  -0.000000e+00  0.000000e+00  1.000000e+00
    outer loop
      vertex -9.050000e+00  0.000000e+00 -2.650000e+01
      vertex -1.159544e+01 -3.089624e+00 -2.650000e+01
      vertex -1.131420e+01 -3.998605e+00 -2.650000e+01
    endloop
  endfacet
  facet normal  -0.000000e+00  0.000000e+00  1.000000e+00
    outer loop
      vertex -9.050000e+00  0.000000e+00 -2.650000e+01
      vertex -1.131420e+01 -3.998605e+00 -2.650000e+01
      vertex -1.096183e+01 -4.882446e+00 -2.650000e+01
    endloop
  endfacet
  facet normal  -0.000000e+00  0.000000e+00  9.999999e-01
    outer loop
      vertex -9.050000e+00  0.000000e+00 -2.650000e+01
      vertex -1.096183e+01 -4.882446e+00 -2.650000e+01
      vertex -1.054054e+01 -5.735591e+00 -2.650000e+01
    endloop
  endfacet
  facet normal  -0.000000e+00  0.000000e+00  1.000000e+00
    outer loop
      vertex -9.050000e+00  0.000000e+00 -2.650000e+01
      vertex -1.054054e+01 -5.735591e+00 -2.650000e+01
      vertex -9.912899e+00 -6.969196e+00 -2.650000e+01
    endloop
  endfacet
  facet normal  0.000000e+00  -0.000000e+00  1.000000e+00
    outer loop
      vertex -1.033716e+01  6.094518e+00 -2.650000e+01
      vertex -9.050000e+00  0.000000e+00 -2.650000e+01
      vertex -9.020217e+00  3.023900e-01 -2.650000e+01
    endloop
  endfacet
  facet normal  0.000000e+00  -0.000000e+00  1.000000e+00
    outer loop
      vertex -1.033716e+01  6.094518e+00 -2.650000e+01
      vertex -9.020217e+00  3.023900e-01 -2.650000e+01
      vertex -8.932014e+00  5.931593e-01 -2.650000e+01
    endloop
  endfacet
  facet normal  0.000000e+00  -0.000000e+00  1.000000e+00
    outer loop
      vertex -1.033716e+01  6.094518e+00 -2.650000e+01
      vertex -8.932014e+00  5.931593e-01 -2.650000e+01
      vertex -8.788778e+00  8.611339e-01 -2.650000e+01
    endloop
  endfacet
  facet normal  0.000000e+00  -0.000000e+00  1.000000e+00
    outer loop
      vertex -1.033716e+01  6.094518e+00 -2.650000e+01
      vertex -8.788778e+00  8.611339e-01 -2.650000e+01
      vertex -8.596016e+00  1.096015e+00 -2.650000e+01
    endloop
  endfacet
  facet normal  0.000000e+00  -0.000000e+00  1.000000e+00
    outer loop
      vertex -1.033716e+01  6.094518e+00 -2.650000e+01
      vertex -8.596016e+00  1.096015e+00 -2.650000e+01
      vertex -8.361134e+00  1.288778e+00 -2.650000e+01
    endloop
  endfacet
  facet normal  0.000000e+00  -0.000000e+00  1.000000e+00
    outer loop
      vertex -1.033716e+01  6.094518e+00 -2.650000e+01
      vertex -8.361134e+00  1.288778e+00 -2.650000e+01
      vertex -8.093160e+00  1.432013e+00 -2.650000e+01
    endloop
  endfacet
  facet normal  0.000000e+00  -0.000000e+00  1.000000e+00
    outer loop
      vertex -1.033716e+01  6.094518e+00 -2.650000e+01
      vertex -8.093160e+00  1.432013e+00 -2.650000e+01
      vertex -7.802390e+00  1.520217e+00 -2.650000e+01
    endloop
  endfacet
  facet normal  0.000000e+00  -0.000000e+00  1.000000e+00
    outer loop
      vertex -1.033716e+01  6.094518e+00 -2.650000e+01
      vertex -7.802390e+00  1.520217e+00 -2.650000e+01
      vertex -7.500000e+00  1.550000e+00 -2.650000e+01
    endloop
  endfacet
  facet normal  -0.000000e+00  -0.000000e+00  1.000000e+00
    outer loop
      vertex -1.033716e+01  6.094518e+00 -2.650000e+01
      vertex -7.500000e+00  1.550000e+00 -2.650000e+01
      vertex -7.197610e+00  1.520217e+00 -2.650000e+01
    endloop
  endfacet
  facet normal  -0.000000e+00  -0.000000e+00  1.000000e+00
    outer loop
      vertex -1.033716e+01  6.094518e+00 -2.650000e+01
      vertex -7.197610e+00  1.520217e+00 -2.650000e+01
      vertex -6.906841e+00  1.432013e+00 -2.650000e+01
    endloop
  endfacet
  facet normal  -0.000000e+00  -0.000000e+00  1.000000e+00
    outer loop
      vertex -1.033716e+01  6.094518e+00 -2.650000e+01
      vertex -6.906841e+00  1.432013e+00 -2.650000e+01
      vertex -6.638866e+00  1.288778e+00 -2.650000e+01
    endloop
  endfacet
  facet normal  -0.000000e+00  -0.000000e+00  9.999999e-01
    outer loop
      vertex -1.033716e+01  6.094518e+00 -2.650000e+01
      vertex -6.638866e+00  1.288778e+00 -2.650000e+01
      vertex -6.403985e+00  1.096015e+00 -2.650000e+01
    endloop
  endfacet
  facet normal  -0.000000e+00  0.000000e+00  1.000000e+00
    outer loop
      vertex -6.609721e-01  1.198178e+01 -2.650000e+01
      vertex -1.611640e+00  1.189128e+01 -2.650000e+01
      vertex -1.520217e+00  7.802390e+00 -2.650000e+01
    endloop
  endfacet
  facet normal  0.000000e+00  0.000000e+00  1.000000e+00
    outer loop
      vertex -6.609721e-01  1.198178e+01 -2.650000e+01
      vertex -1.520217e+00  7.802390e+00 -2.650000e+01
      vertex -1.432013e+00  8.093160e+00 -2.650000e+01
    endloop
  endfacet
  facet normal  0.000000e+00  0.000000e+00  1.000000e+00
    outer loop
      vertex -6.609721e-01  1.198178e+01 -2.650000e+01
      vertex -1.432013e+00  8.093160e+00 -2.650000e+01
      vertex -1.288778e+00  8.361134e+00 -2.650000e+01
    endloop
  endfacet
  facet normal  0.000000e+00  0.000000e+00  1.000000e+00
    outer loop
      vertex -6.609721e-01  1.198178e+01 -2.650000e+01
      vertex -1.288778e+00  8.361134e+00 -2.650000e+01
      vertex -1.096015e+00  8.596016e+00 -2.650000e+01
    endloop
  endfacet
  facet normal  0.000000e+00  0.000000e+00  1.000000e+00
    outer loop
      vertex -6.609721e-01  1.198178e+01 -2.650000e+01
      vertex -1.096015e+00  8.596016e+00 -2.650000e+01
      vertex -8.611339e-01  8.788778e+00 -2.650000e+01
    endloop
  endfacet
  facet normal  0.000000e+00  0.000000e+00  1.000000e+00
    outer loop
      vertex -6.609721e-01  1.198178e+01 -2.650000e+01
      vertex -8.611339e-01  8.788778e+00 -2.650000e+01
      vertex -5.931593e-01  8.932014e+00 -2.650000e+01
    endloop
  endfacet
  facet normal  -0.000000e+00  0.000000e+00  1.000000e+00
    outer loop
      vertex  2.938819e-01  1.199640e+01 -2.650000e+01
      vertex -6.609721e-01  1.198178e+01 -2.650000e+01
      vertex -5.931593e-01  8.932014e+00 -2.650000e+01
    endloop
  endfacet
  facet normal  0.000000e+00  0.000000e+00  1.000000e+00
    outer loop
      vertex  2.938819e-01  1.199640e+01 -2.650000e+01
      vertex -5.931593e-01  8.932014e+00 -2.650000e+01
      vertex -3.023900e-01  9.020217e+00 -2.650000e+01
    endloop
  endfacet
  facet normal  0.000000e+00  0.000000e+00  9.999999e-01
    outer loop
      vertex  2.938819e-01  1.199640e+01 -2.650000e+01
      vertex -3.023900e-01  9.020217e+00 -2.650000e+01
      vertex -6.249719e-16  9.050000e+00 -2.650000e+01
    endloop
  endfacet
  facet normal  -0.000000e+00  0.000000e+00  1.000000e+00
    outer loop
      vertex  2.938819e-01  1.199640e+01 -2.650000e+01
      vertex -6.249719e-16  9.050000e+00 -2.650000e+01
      vertex  3.023900e-01  9.020217e+00 -2.650000e+01
    endloop
  endfacet
  facet normal  0.000000e+00  0.000000e+00  1.000000e+00
    outer loop
      vertex  1.246875e+00  1.193505e+01 -2.650000e+01
      vertex  2.938819e-01  1.199640e+01 -2.650000e+01
      vertex  3.023900e-01  9.020217e+00 -2.650000e+01
    endloop
  endfacet
  facet normal  -0.000000e+00  0.000000e+00  1.000000e+00
    outer loop
      vertex  1.246875e+00  1.193505e+01 -2.650000e+01
      vertex  3.023900e-01  9.020217e+00 -2.650000e+01
      vertex  5.931593e-01  8.932014e+00 -2.650000e+01
    endloop
  endfacet
  facet normal  -0.000000e+00  0.000000e+00  1.000000e+00
    outer loop
      vertex  1.246875e+00  1.193505e+01 -2.650000e+01
      vertex  5.931593e-01  8.932014e+00 -2.650000e+01
      vertex  8.611339e-01  8.788778e+00 -2.650000e+01
    endloop
  endfacet
  facet normal  -0.000000e+00  0.000000e+00  1.000000e+00
    outer loop
      vertex  1.246875e+00  1.193505e+01 -2.650000e+01
      vertex  8.611339e-01  8.788778e+00 -2.650000e+01
      vertex  1.096015e+00  8.596016e+00 -2.650000e+01
    endloop
  endfacet
  facet normal  -0.000000e+00  0.000000e+00  1.000000e+00
    outer loop
      vertex  1.246875e+00  1.193505e+01 -2.650000e+01
      vertex  1.096015e+00  8.596016e+00 -2.650000e+01
      vertex  1.288778e+00  8.361134e+00 -2.650000e+01
    endloop
  endfacet
  facet normal  0.000000e+00  0.000000e+00  1.000000e+00
    outer loop
      vertex  2.121320e+00  2.121320e+00 -2.650000e+01
      vertex  1.550000e+00  7.500000e+00 -2.650000e+01
      vertex  1.520217e+00  7.197610e+00 -2.650000e+01
    endloop
  endfacet
  facet normal  0.000000e+00  0.000000e+00  1.000000e+00
    outer loop
      vertex  2.121320e+00  2.121320e+00 -2.650000e+01
      vertex  1.520217e+00  7.197610e+00 -2.650000e+01
      vertex  1.432013e+00  6.906841e+00 -2.650000e+01
    endloop
  endfacet
  facet normal  0.000000e+00  0.000000e+00  1.000000e+00
    outer loop
      vertex  2.121320e+00  2.121320e+00 -2.650000e+01
      vertex  1.432013e+00  6.906841e+00 -2.650000e+01
      vertex  1.288778e+00  6.638866e+00 -2.650000e+01
    endloop
  endfacet
  facet normal  0.000000e+00  0.000000e+00  1.000000e+00
    outer loop
      vertex  2.121320e+00  2.121320e+00 -2.650000e+01
      vertex  1.288778e+00  6.638866e+00 -2.650000e+01
      vertex  1.096015e+00  6.403985e+00 -2.650000e+01
    endloop
  endfacet
  facet normal  0.000000e+00  0.000000e+00  1.000000e+00
    outer loop
      vertex  2.121320e+00  2.121320e+00 -2.650000e+01
      vertex  1.096015e+00  6.403985e+00 -2.650000e+01
      vertex  8.611339e-01  6.211222e+00 -2.650000e+01
    endloop
  endfacet
  facet normal  0.000000e+00  0.000000e+00  1.000000e+00
    outer loop
      vertex  2.121320e+00  2.121320e+00 -2.650000e+01
      vertex  8.611339e-01  6.211222e+00 -2.650000e+01
      vertex  5.931593e-01  6.067986e+00 -2.650000e+01
    endloop
  endfacet
  facet normal  0.000000e+00  0.000000e+00  1.000000e+00
    outer loop
      vertex  2.121320e+00  2.121320e+00 -2.650000e+01
      vertex  5.931593e-01  6.067986e+00 -2.650000e+01
      vertex  3.023900e-01  5.979783e+00 -2.650000e+01
    endloop
  endfacet
  facet normal  0.000000e+00  0.000000e+00  9.999999e-01
    outer loop
      vertex  2.121320e+00  2.121320e+00 -2.650000e+01
      vertex  3.023900e-01  5.979783e+00 -2.650000e+01
      vertex -1.052547e-15  5.950000e+00 -2.650000e+01
    endloop
  endfacet
  facet normal  0.000000e+00  0.000000e+00  1.000000e+00
    outer loop
      vertex  2.121320e+00  2.121320e+00 -2.650000e+01
      vertex -1.052547e-15  5.950000e+00 -2.650000e+01
      vertex -3.023900e-01  5.979783e+00 -2.650000e+01
    endloop
  endfacet
  facet normal  0.000000e+00  0.000000e+00  1.000000e+00
    outer loop
      vertex  2.121320e+00  2.121320e+00 -2.650000e+01
      vertex -3.023900e-01  5.979783e+00 -2.650000e+01
      vertex -5.931593e-01  6.067986e+00 -2.650000e+01
    endloop
  endfacet
  facet normal  0.000000e+00  0.000000e+00  9.999999e-01
    outer loop
      vertex  2.121320e+00  2.121320e+00 -2.650000e+01
      vertex -5.931593e-01  6.067986e+00 -2.650000e+01
      vertex -8.611339e-01  6.211222e+00 -2.650000e+01
    endloop
  endfacet
  facet normal  0.000000e+00  0.000000e+00  1.000000e+00
    outer loop
      vertex  2.121320e+00  2.121320e+00 -2.650000e+01
      vertex -8.611339e-01  6.211222e+00 -2.650000e+01
      vertex -1.096015e+00  6.403985e+00 -2.650000e+01
    endloop
  endfacet
  facet normal  0.000000e+00  0.000000e+00  1.000000e+00
    outer loop
      vertex  2.121320e+00  2.121320e+00 -2.650000e+01
      vertex -1.096015e+00  6.403985e+00 -2.650000e+01
      vertex -1.288778e+00  6.638866e+00 -2.650000e+01
    endloop
  endfacet
  facet normal  0.000000e+00  0.000000e+00  1.000000e+00
    outer loop
      vertex -1.550000e+00 -7.500000e+00 -2.650000e+01
      vertex -5.950000e+00  0.000000e+00 -2.650000e+01
      vertex -5.979783e+00 -3.023900e-01 -2.650000e+01
    endloop
  endfacet
  facet normal  0.000000e+00  0.000000e+00  1.000000e+00
    outer loop
      vertex -1.550000e+00 -7.500000e+00 -2.650000e+01
      vertex -5.979783e+00 -3.023900e-01 -2.650000e+01
      vertex -6.067986e+00 -5.931593e-01 -2.650000e+01
    endloop
  endfacet
  facet normal  0.000000e+00  0.000000e+00  1.000000e+00
    outer loop
      vertex -1.550000e+00 -7.500000e+00 -2.650000e+01
      vertex -6.067986e+00 -5.931593e-01 -2.650000e+01
      vertex -6.211222e+00 -8.611339e-01 -2.650000e+01
    endloop
  endfacet
  facet normal  0.000000e+00  0.000000e+00  1.000000e+00
    outer loop
      vertex -1.550000e+00 -7.500000e+00 -2.650000e+01
      vertex -6.211222e+00 -8.611339e-01 -2.650000e+01
      vertex -6.403985e+00 -1.096015e+00 -2.650000e+01
    endloop
  endfacet
  facet normal  0.000000e+00  0.000000e+00  1.000000e+00
    outer loop
      vertex -1.550000e+00 -7.500000e+00 -2.650000e+01
      vertex -6.403985e+00 -1.096015e+00 -2.650000e+01
      vertex -6.638866e+00 -1.288778e+00 -2.650000e+01
    endloop
  endfacet
  facet normal  0.000000e+00  0.000000e+00  1.000000e+00
    outer loop
      vertex -1.550000e+00 -7.500000e+00 -2.650000e+01
      vertex -6.638866e+00 -1.288778e+00 -2.650000e+01
      vertex -6.906841e+00 -1.432013e+00 -2.650000e+01
    endloop
  endfacet
  facet normal  0.000000e+00  0.000000e+00  1.000000e+00
    outer loop
      vertex -1.550000e+00 -7.500000e+00 -2.650000e+01
      vertex -6.906841e+00 -1.432013e+00 -2.650000e+01
      vertex -7.197610e+00 -1.520217e+00 -2.650000e+01
    endloop
  endfacet
  facet normal  0.000000e+00  0.000000e+00  1.000000e+00
    outer loop
      vertex -1.550000e+00 -7.500000e+00 -2.650000e+01
      vertex -7.197610e+00 -1.520217e+00 -2.650000e+01
      vertex -7.500000e+00 -1.550000e+00 -2.650000e+01
    endloop
  endfacet
  facet normal  0.000000e+00  0.000000e+00  1.000000e+00
    outer loop
      vertex -1.550000e+00 -7.500000e+00 -2.650000e+01
      vertex -7.500000e+00 -1.550000e+00 -2.650000e+01
      vertex -7.802390e+00 -1.520217e+00 -2.650000e+01
    endloop
  endfacet
  facet normal  0.000000e+00  0.000000e+00  1.000000e+00
    outer loop
      vertex -1.550000e+00 -7.500000e+00 -2.650000e+01
      vertex -7.802390e+00 -1.520217e+00 -2.650000e+01
      vertex -8.093160e+00 -1.432013e+00 -2.650000e+01
    endloop
  endfacet
  facet normal  0.000000e+00  0.000000e+00  1.000000e+00
    outer loop
      vertex -1.550000e+00 -7.500000e+00 -2.650000e+01
      vertex -8.093160e+00 -1.432013e+00 -2.650000e+01
      vertex -8.361134e+00 -1.288778e+00 -2.650000e+01
    endloop
  endfacet
  facet normal  0.000000e+00  0.000000e+00  1.000000e+00
    outer loop
      vertex -1.550000e+00 -7.500000e+00 -2.650000e+01
      vertex -8.361134e+00 -1.288778e+00 -2.650000e+01
      vertex -8.596016e+00 -1.096015e+00 -2.650000e+01
    endloop
  endfacet
  facet normal  0.000000e+00  0.000000e+00  1.000000e+00
    outer loop
      vertex -1.361971e+00 -2.673020e+00 -2.650000e+01
      vertex -1.763356e+00 -2.427051e+00 -2.650000e+01
      vertex -1.550000e+00 -7.500000e+00 -2.650000e+01
    endloop
  endfacet
  facet normal  0.000000e+00  0.000000e+00  1.000000e+00
    outer loop
      vertex -1.361971e+00 -2.673020e+00 -2.650000e+01
      vertex -1.550000e+00 -7.500000e+00 -2.650000e+01
      vertex -1.520217e+00 -7.197610e+00 -2.650000e+01
    endloop
  endfacet
  facet normal  0.000000e+00  0.000000e+00  1.000000e+00
    outer loop
      vertex -1.361971e+00 -2.673020e+00 -2.650000e+01
      vertex -1.520217e+00 -7.197610e+00 -2.650000e+01
      vertex -1.432013e+00 -6.906841e+00 -2.650000e+01
    endloop
  endfacet
  facet normal  0.000000e+00  0.000000e+00  1.000000e+00
    outer loop
      vertex -1.361971e+00 -2.673020e+00 -2.650000e+01
      vertex -1.432013e+00 -6.906841e+00 -2.650000e+01
      vertex -1.288778e+00 -6.638866e+00 -2.650000e+01
    endloop
  endfacet
  facet normal  0.000000e+00  -0.000000e+00  1.000000e+00
    outer loop
      vertex -1.361971e+00 -2.673020e+00 -2.650000e+01
      vertex -1.288778e+00 -6.638866e+00 -2.650000e+01
      vertex -9.270510e-01 -2.853169e+00 -2.650000e+01
    endloop
  endfacet
  facet normal  -0.000000e+00  0.000000e+00  1.000000e+00
    outer loop
      vertex  1.763356e+00 -2.427051e+00 -2.650000e+01
      vertex  1.361971e+00 -2.673020e+00 -2.650000e+01
      vertex  1.432013e+00 -6.906841e+00 -2.650000e+01
    endloop
  endfacet
  facet normal  -0.000000e+00  0.000000e+00  9.999999e-01
    outer loop
      vertex  1.763356e+00 -2.427051e+00 -2.650000e+01
      vertex  1.432013e+00 -6.906841e+00 -2.650000e+01
      vertex  1.520217e+00 -7.197610e+00 -2.650000e+01
    endloop
  endfacet
  facet normal  -0.000000e+00  0.000000e+00  1.000000e+00
    outer loop
      vertex  1.763356e+00 -2.427051e+00 -2.650000e+01
      vertex  1.520217e+00 -7.197610e+00 -2.650000e+01
      vertex  1.550000e+00 -7.500000e+00 -2.650000e+01
    endloop
  endfacet
  facet normal  0.000000e+00  0.000000e+00  1.000000e+00
    outer loop
      vertex  8.945159e+00 -2.500000e+01 -2.650000e+01
      vertex  1.550000e+00 -7.500000e+00 -2.650000e+01
      vertex  1.520217e+00 -7.802390e+00 -2.650000e+01
    endloop
  endfacet
  facet normal  0.000000e+00  0.000000e+00  1.000000e+00
    outer loop
      vertex  8.945159e+00 -2.500000e+01 -2.650000e+01
      vertex  1.520217e+00 -7.802390e+00 -2.650000e+01
      vertex  1.432013e+00 -8.093160e+00 -2.650000e+01
    endloop
  endfacet
  facet normal  0.000000e+00  0.000000e+00  1.000000e+00
    outer loop
      vertex  8.945159e+00 -2.500000e+01 -2.650000e+01
      vertex  1.432013e+00 -8.093160e+00 -2.650000e+01
      vertex  1.288778e+00 -8.361134e+00 -2.650000e+01
    endloop
  endfacet
  facet normal  0.000000e+00  0.000000e+00  1.000000e+00
    outer loop
      vertex  8.945159e+00 -2.500000e+01 -2.650000e+01
      vertex  1.288778e+00 -8.361134e+00 -2.650000e+01
      vertex  1.096015e+00 -8.596016e+00 -2.650000e+01
    endloop
  endfacet
  facet normal  0.000000e+00  0.000000e+00  1.000000e+00
    outer loop
      vertex  8.945159e+00 -2.500000e+01 -2.650000e+01
      vertex  1.096015e+00 -8.596016e+00 -2.650000e+01
      vertex  8.611339e-01 -8.788778e+00 -2.650000e+01
    endloop
  endfacet
  facet normal  0.000000e+00  0.000000e+00  1.000000e+00
    outer loop
      vertex  8.945159e+00 -2.500000e+01 -2.650000e+01
      vertex  8.611339e-01 -8.788778e+00 -2.650000e+01
      vertex  5.931593e-01 -8.932014e+00 -2.650000e+01
    endloop
  endfacet
  facet normal  0.000000e+00  0.000000e+00  1.000000e+00
    outer loop
      vertex  8.945159e+00 -2.500000e+01 -2.650000e+01
      vertex  5.931593e-01 -8.932014e+00 -2.650000e+01
      vertex  3.023900e-01 -9.020217e+00 -2.650000e+01
    endloop
  endfacet
  facet normal  0.000000e+00  0.000000e+00  1.000000e+00
    outer loop
      vertex  8.945159e+00 -2.500000e+01 -2.650000e+01
      vertex  3.023900e-01 -9.020217e+00 -2.650000e+01
      vertex -1.860010e-15 -9.050000e+00 -2.650000e+01
    endloop
  endfacet
  facet normal  0.000000e+00  0.000000e+00  1.000000e+00
    outer loop
      vertex  8.945159e+00 -2.500000e+01 -2.650000e+01
      vertex -1.860010e-15 -9.050000e+00 -2.650000e+01
      vertex -3.023900e-01 -9.020217e+00 -2.650000e+01
    endloop
  endfacet
  facet normal  0.000000e+00  0.000000e+00  1.000000e+00
    outer loop
      vertex  8.945159e+00 -2.500000e+01 -2.650000e+01
      vertex -3.023900e-01 -9.020217e+00 -2.650000e+01
      vertex -5.931593e-01 -8.932014e+00 -2.650000e+01
    endloop
  endfacet
  facet normal  0.000000e+00  0.000000e+00  1.000000e+00
    outer loop
      vertex  8.945159e+00 -2.500000e+01 -2.650000e+01
      vertex -5.931593e-01 -8.932014e+00 -2.650000e+01
      vertex -8.611339e-01 -8.788778e+00 -2.650000e+01
    endloop
  endfacet
  facet normal  0.000000e+00  0.000000e+00  1.000000e+00
    outer loop
      vertex  8.945159e+00 -2.500000e+01 -2.650000e+01
      vertex -8.611339e-01 -8.788778e+00 -2.650000e+01
      vertex -1.096015e+00 -8.596016e+00 -2.650000e+01
    endloop
  endfacet
  facet normal  0.000000e+00  0.000000e+00  9.999999e-01
    outer loop
      vertex  8.945159e+00 -2.500000e+01 -2.650000e+01
      vertex -1.096015e+00 -8.596016e+00 -2.650000e+01
      vertex -1.288778e+00 -8.361134e+00 -2.650000e+01
    endloop
  endfacet
  facet normal  0.000000e+00  0.000000e+00  1.000000e+00
    outer loop
      vertex -7.500000e+00 -2.500000e+01 -2.650000e+01
      vertex  8.945159e+00 -2.500000e+01 -2.650000e+01
      vertex -1.288778e+00 -8.361134e+00 -2.650000e+01
    endloop
  endfacet
  facet normal  0.000000e+00  0.000000e+00  1.000000e+00
    outer loop
      vertex -7.500000e+00 -2.500000e+01 -2.650000e+01
      vertex -1.288778e+00 -8.361134e+00 -2.650000e+01
      vertex -1.432013e+00 -8.093160e+00 -2.650000e+01
    endloop
  endfacet
  facet normal  0.000000e+00  0.000000e+00  1.000000e+00
    outer loop
      vertex -7.500000e+00 -2.500000e+01 -2.650000e+01
      vertex -1.432013e+00 -8.093160e+00 -2.650000e+01
      vertex -1.520217e+00 -7.802390e+00 -2.650000e+01
    endloop
  endfacet
  facet normal  0.000000e+00  0.000000e+00  1.000000e+00
    outer loop
      vertex -7.500000e+00 -2.500000e+01 -2.650000e+01
      vertex -1.520217e+00 -7.802390e+00 -2.650000e+01
      vertex -1.550000e+00 -7.500000e+00 -2.650000e+01
    endloop
  endfacet
  facet normal  -0.000000e+00  0.000000e+00  1.000000e+00
    outer loop
      vertex -1.550000e+00 -7.500000e+00 -2.650000e+01
      vertex -9.354489e+00 -8.235646e+00 -2.650000e+01
      vertex -8.867025e+00 -9.531059e+00 -2.650000e+01
    endloop
  endfacet
  facet normal  -0.000000e+00  0.000000e+00  1.000000e+00
    outer loop
      vertex -1.550000e+00 -7.500000e+00 -2.650000e+01
      vertex -8.867025e+00 -9.531059e+00 -2.650000e+01
      vertex -8.451999e+00 -1.085146e+01 -2.650000e+01
    endloop
  endfacet
  facet normal  -0.000000e+00  0.000000e+00  1.000000e+00
    outer loop
      vertex -1.550000e+00 -7.500000e+00 -2.650000e+01
      vertex -8.451999e+00 -1.085146e+01 -2.650000e+01
      vertex -8.110683e+00 -1.219281e+01 -2.650000e+01
    endloop
  endfacet
  facet normal  -0.000000e+00  0.000000e+00  1.000000e+00
    outer loop
      vertex -1.550000e+00 -7.500000e+00 -2.650000e+01
      vertex -8.110683e+00 -1.219281e+01 -2.650000e+01
      vertex -7.844125e+00 -1.355100e+01 -2.650000e+01
    endloop
  endfacet
  facet normal  -0.000000e+00  0.000000e+00  1.000000e+00
    outer loop
      vertex -1.550000e+00 -7.500000e+00 -2.650000e+01
      vertex -7.844125e+00 -1.355100e+01 -2.650000e+01
      vertex -7.653140e+00 -1.492185e+01 -2.650000e+01
    endloop
  endfacet
  facet normal  -0.000000e+00  0.000000e+00  1.000000e+00
    outer loop
      vertex -1.550000e+00 -7.500000e+00 -2.650000e+01
      vertex -7.653140e+00 -1.492185e+01 -2.650000e+01
      vertex -7.538314e+00 -1.630118e+01 -2.650000e+01
    endloop
  endfacet
  facet normal  -0.000000e+00  0.000000e+00  1.000000e+00
    outer loop
      vertex -1.550000e+00 -7.500000e+00 -2.650000e+01
      vertex -7.538314e+00 -1.630118e+01 -2.650000e+01
      vertex -7.500000e+00 -1.768474e+01 -2.650000e+01
    endloop
  endfacet
  facet normal  -0.000000e+00  0.000000e+00  1.000000e+00
    outer loop
      vertex -1.550000e+00 -7.500000e+00 -2.650000e+01
      vertex -7.500000e+00 -1.768474e+01 -2.650000e+01
      vertex -7.500000e+00 -2.500000e+01 -2.650000e+01
    endloop
  endfacet
  facet normal  0.000000e+00  0.000000e+00  1.000000e+00
    outer loop
      vertex  6.638866e+00 -1.288778e+00 -2.650000e+01
      vertex  6.403985e+00 -1.096015e+00 -2.650000e+01
      vertex  2.853169e+00 -9.270510e-01 -2.650000e+01
    endloop
  endfacet
  facet normal  -0.000000e+00  0.000000e+00  1.000000e+00
    outer loop
      vertex  2.853169e+00 -9.270510e-01 -2.650000e+01
      vertex  6.403985e+00 -1.096015e+00 -2.650000e+01
      vertex  6.211222e+00 -8.611339e-01 -2.650000e+01
    endloop
  endfacet
  facet normal  0.000000e+00  0.000000e+00  1.000000e+00
    outer loop
      vertex  2.853169e+00 -9.270510e-01 -2.650000e+01
      vertex  6.211222e+00 -8.611339e-01 -2.650000e+01
      vertex  2.963065e+00 -4.693034e-01 -2.650000e+01
    endloop
  endfacet
  facet normal  0.000000e+00  0.000000e+00  1.000000e+00
    outer loop
      vertex  6.638866e+00  1.288778e+00 -2.650000e+01
      vertex  6.906841e+00  1.432013e+00 -2.650000e+01
      vertex  2.673020e+00  1.361971e+00 -2.650000e+01
    endloop
  endfacet
  facet normal  0.000000e+00  0.000000e+00  1.000000e+00
    outer loop
      vertex  2.673020e+00  1.361971e+00 -2.650000e+01
      vertex  6.906841e+00  1.432013e+00 -2.650000e+01
      vertex  7.197610e+00  1.520217e+00 -2.650000e+01
    endloop
  endfacet
  facet normal  0.000000e+00  0.000000e+00  1.000000e+00
    outer loop
      vertex  2.673020e+00  1.361971e+00 -2.650000e+01
      vertex  7.197610e+00  1.520217e+00 -2.650000e+01
      vertex  2.427051e+00  1.763356e+00 -2.650000e+01
    endloop
  endfacet
  facet normal  0.000000e+00  0.000000e+00  1.000000e+00
    outer loop
      vertex  6.211222e+00  8.611339e-01 -2.650000e+01
      vertex  6.403985e+00  1.096015e+00 -2.650000e+01
      vertex  2.853169e+00  9.270510e-01 -2.650000e+01
    endloop
  endfacet
  facet normal  0.000000e+00  0.000000e+00  1.000000e+00
    outer loop
      vertex  2.853169e+00  9.270510e-01 -2.650000e+01
      vertex  6.403985e+00  1.096015e+00 -2.650000e+01
      vertex  6.638866e+00  1.288778e+00 -2.650000e+01
    endloop
  endfacet
  facet normal  0.000000e+00  0.000000e+00  1.000000e+00
    outer loop
      vertex  2.853169e+00  9.270510e-01 -2.650000e+01
      vertex  6.638866e+00  1.288778e+00 -2.650000e+01
      vertex  2.673020e+00  1.361971e+00 -2.650000e+01
    endloop
  endfacet
  facet normal  0.000000e+00  0.000000e+00  1.000000e+00
    outer loop
      vertex  5.950000e+00  0.000000e+00 -2.650000e+01
      vertex  5.979783e+00  3.023900e-01 -2.650000e+01
      vertex  3.000000e+00 -3.552714e-15 -2.650000e+01
    endloop
  endfacet
  facet normal  0.000000e+00  0.000000e+00  9.999999e-01
    outer loop
      vertex  3.000000e+00 -3.552714e-15 -2.650000e+01
      vertex  5.979783e+00  3.023900e-01 -2.650000e+01
      vertex  6.067986e+00  5.931593e-01 -2.650000e+01
    endloop
  endfacet
  facet normal  0.000000e+00  0.000000e+00  1.000000e+00
    outer loop
      vertex  3.000000e+00 -3.552714e-15 -2.650000e+01
      vertex  6.067986e+00  5.931593e-01 -2.650000e+01
      vertex  2.963065e+00  4.693034e-01 -2.650000e+01
    endloop
  endfacet
  facet normal  0.000000e+00  0.000000e+00  9.999999e-01
    outer loop
      vertex  2.963065e+00  4.693034e-01 -2.650000e+01
      vertex  6.067986e+00  5.931593e-01 -2.650000e+01
      vertex  6.211222e+00  8.611339e-01 -2.650000e+01
    endloop
  endfacet
  facet normal  0.000000e+00  0.000000e+00  1.000000e+00
    outer loop
      vertex  2.963065e+00  4.693034e-01 -2.650000e+01
      vertex  6.211222e+00  8.611339e-01 -2.650000e+01
      vertex  2.853169e+00  9.270510e-01 -2.650000e+01
    endloop
  endfacet
  facet normal  0.000000e+00  0.000000e+00  1.000000e+00
    outer loop
      vertex -3.644559e-16 -5.950000e+00 -2.650000e+01
      vertex  1.117088e-14 -3.000000e+00 -2.650000e+01
      vertex -3.023900e-01 -5.979783e+00 -2.650000e+01
    endloop
  endfacet
  facet normal  0.000000e+00  -0.000000e+00  1.000000e+00
    outer loop
      vertex -3.023900e-01 -5.979783e+00 -2.650000e+01
      vertex  1.117088e-14 -3.000000e+00 -2.650000e+01
      vertex -4.693034e-01 -2.963065e+00 -2.650000e+01
    endloop
  endfacet
  facet normal  0.000000e+00  0.000000e+00  1.000000e+00
    outer loop
      vertex -3.023900e-01 -5.979783e+00 -2.650000e+01
      vertex -4.693034e-01 -2.963065e+00 -2.650000e+01
      vertex -5.931593e-01 -6.067986e+00 -2.650000e+01
    endloop
  endfacet
  facet normal  0.000000e+00  -0.000000e+00  1.000000e+00
    outer loop
      vertex -5.931593e-01 -6.067986e+00 -2.650000e+01
      vertex -4.693034e-01 -2.963065e+00 -2.650000e+01
      vertex -9.270510e-01 -2.853169e+00 -2.650000e+01
    endloop
  endfacet
  facet normal  0.000000e+00  0.000000e+00  1.000000e+00
    outer loop
      vertex -5.931593e-01 -6.067986e+00 -2.650000e+01
      vertex -9.270510e-01 -2.853169e+00 -2.650000e+01
      vertex -8.611339e-01 -6.211222e+00 -2.650000e+01
    endloop
  endfacet
  facet normal  0.000000e+00  0.000000e+00  1.000000e+00
    outer loop
      vertex  5.931593e-01 -6.067986e+00 -2.650000e+01
      vertex  4.693034e-01 -2.963065e+00 -2.650000e+01
      vertex  3.023900e-01 -5.979783e+00 -2.650000e+01
    endloop
  endfacet
  facet normal  0.000000e+00  -0.000000e+00  1.000000e+00
    outer loop
      vertex  3.023900e-01 -5.979783e+00 -2.650000e+01
      vertex  4.693034e-01 -2.963065e+00 -2.650000e+01
      vertex  1.117088e-14 -3.000000e+00 -2.650000e+01
    endloop
  endfacet
  facet normal  0.000000e+00  0.000000e+00  1.000000e+00
    outer loop
      vertex  3.023900e-01 -5.979783e+00 -2.650000e+01
      vertex  1.117088e-14 -3.000000e+00 -2.650000e+01
      vertex -3.644559e-16 -5.950000e+00 -2.650000e+01
    endloop
  endfacet
  facet normal  0.000000e+00  0.000000e+00  9.999999e-01
    outer loop
      vertex  1.288778e+00 -6.638866e+00 -2.650000e+01
      vertex  1.361971e+00 -2.673020e+00 -2.650000e+01
      vertex  1.096015e+00 -6.403985e+00 -2.650000e+01
    endloop
  endfacet
  facet normal  0.000000e+00  -0.000000e+00  1.000000e+00
    outer loop
      vertex  1.096015e+00 -6.403985e+00 -2.650000e+01
      vertex  1.361971e+00 -2.673020e+00 -2.650000e+01
      vertex  9.270510e-01 -2.853169e+00 -2.650000e+01
    endloop
  endfacet
  facet normal  0.000000e+00  0.000000e+00  1.000000e+00
    outer loop
      vertex  1.096015e+00 -6.403985e+00 -2.650000e+01
      vertex  9.270510e-01 -2.853169e+00 -2.650000e+01
      vertex  8.611339e-01 -6.211222e+00 -2.650000e+01
    endloop
  endfacet
  facet normal  0.000000e+00  -0.000000e+00  1.000000e+00
    outer loop
      vertex  8.611339e-01 -6.211222e+00 -2.650000e+01
      vertex  9.270510e-01 -2.853169e+00 -2.650000e+01
      vertex  4.693034e-01 -2.963065e+00 -2.650000e+01
    endloop
  endfacet
  facet normal  0.000000e+00  0.000000e+00  9.999999e-01
    outer loop
      vertex  8.611339e-01 -6.211222e+00 -2.650000e+01
      vertex  4.693034e-01 -2.963065e+00 -2.650000e+01
      vertex  5.931593e-01 -6.067986e+00 -2.650000e+01
    endloop
  endfacet
  facet normal  0.000000e+00  -0.000000e+00  1.000000e+00
    outer loop
      vertex -1.033716e+01  6.094518e+00 -3.100000e+01
      vertex -2.121320e+00 -2.121320e+00 -3.100000e+01
      vertex  2.121320e+00 -2.121320e+00 -3.100000e+01
    endloop
  endfacet
  facet normal  0.000000e+00  -0.000000e+00  9.999999e-01
    outer loop
      vertex -1.033716e+01  6.094518e+00 -3.100000e+01
      vertex  2.121320e+00 -2.121320e+00 -3.100000e+01
      vertex  2.427051e+00 -1.763356e+00 -3.100000e+01
    endloop
  endfacet
  facet normal  0.000000e+00  -0.000000e+00  1.000000e+00
    outer loop
      vertex -1.033716e+01  6.094518e+00 -3.100000e+01
      vertex  2.427051e+00 -1.763356e+00 -3.100000e+01
      vertex  2.673020e+00 -1.361971e+00 -3.100000e+01
    endloop
  endfacet
  facet normal  0.000000e+00  -0.000000e+00  9.999999e-01
    outer loop
      vertex -1.033716e+01  6.094518e+00 -3.100000e+01
      vertex  2.673020e+00 -1.361971e+00 -3.100000e+01
      vertex  2.853169e+00 -9.270510e-01 -3.100000e+01
    endloop
  endfacet
  facet normal  0.000000e+00  -0.000000e+00  1.000000e+00
    outer loop
      vertex -1.033716e+01  6.094518e+00 -3.100000e+01
      vertex  2.853169e+00 -9.270510e-01 -3.100000e+01
      vertex  2.963065e+00 -4.693034e-01 -3.100000e+01
    endloop
  endfacet
  facet normal  0.000000e+00  -0.000000e+00  1.000000e+00
    outer loop
      vertex -1.033716e+01  6.094518e+00 -3.100000e+01
      vertex  2.963065e+00 -4.693034e-01 -3.100000e+01
      vertex  3.000000e+00 -3.928149e-15 -3.100000e+01
    endloop
  endfacet
  facet normal  0.000000e+00  0.000000e+00  1.000000e+00
    outer loop
      vertex -1.033716e+01  6.094518e+00 -3.100000e+01
      vertex  3.000000e+00 -3.928149e-15 -3.100000e+01
      vertex  2.963065e+00  4.693034e-01 -3.100000e+01
    endloop
  endfacet
  facet normal  0.000000e+00  0.000000e+00  1.000000e+00
    outer loop
      vertex -1.033716e+01  6.094518e+00 -3.100000e+01
      vertex  2.963065e+00  4.693034e-01 -3.100000e+01
      vertex  2.853169e+00  9.270510e-01 -3.100000e+01
    endloop
  endfacet
  facet normal  0.000000e+00  0.000000e+00  1.000000e+00
    outer loop
      vertex -1.033716e+01  6.094518e+00 -3.100000e+01
      vertex  2.853169e+00  9.270510e-01 -3.100000e+01
      vertex  2.673020e+00  1.361971e+00 -3.100000e+01
    endloop
  endfacet
  facet normal  0.000000e+00  0.000000e+00  1.000000e+00
    outer loop
      vertex -1.033716e+01  6.094518e+00 -3.100000e+01
      vertex  2.673020e+00  1.361971e+00 -3.100000e+01
      vertex  2.427051e+00  1.763356e+00 -3.100000e+01
    endloop
  endfacet
  facet normal  0.000000e+00  0.000000e+00  9.999999e-01
    outer loop
      vertex -1.033716e+01  6.094518e+00 -3.100000e+01
      vertex  2.427051e+00  1.763356e+00 -3.100000e+01
      vertex  2.121320e+00  2.121320e+00 -3.100000e+01
    endloop
  endfacet
  facet normal  0.000000e+00  0.000000e+00  1.000000e+00
    outer loop
      vertex -1.033716e+01  6.094518e+00 -3.100000e+01
      vertex  2.121320e+00  2.121320e+00 -3.100000e+01
      vertex -6.094518e+00  1.033716e+01 -3.100000e+01
    endloop
  endfacet
  facet normal  -0.000000e+00  0.000000e+00  1.000000e+00
    outer loop
      vertex -6.094518e+00  1.033716e+01 -3.100000e+01
      vertex -6.824279e+00  9.870624e+00 -3.100000e+01
      vertex -7.518487e+00  9.352666e+00 -3.100000e+01
    endloop
  endfacet
  facet normal  -0.000000e+00  0.000000e+00  1.000000e+00
    outer loop
      vertex -6.094518e+00  1.033716e+01 -3.100000e+01
      vertex -7.518487e+00  9.352666e+00 -3.100000e+01
      vertex -8.173526e+00  8.785982e+00 -3.100000e+01
    endloop
  endfacet
  facet normal  -0.000000e+00  0.000000e+00  1.000000e+00
    outer loop
      vertex -6.094518e+00  1.033716e+01 -3.100000e+01
      vertex -8.173526e+00  8.785982e+00 -3.100000e+01
      vertex -8.785982e+00  8.173526e+00 -3.100000e+01
    endloop
  endfacet
  facet normal  -0.000000e+00  0.000000e+00  1.000000e+00
    outer loop
      vertex -6.094518e+00  1.033716e+01 -3.100000e+01
      vertex -8.785982e+00  8.173526e+00 -3.100000e+01
      vertex -9.352666e+00  7.518487e+00 -3.100000e+01
    endloop
  endfacet
  facet normal  -0.000000e+00  0.000000e+00  9.999999e-01
    outer loop
      vertex -6.094518e+00  1.033716e+01 -3.100000e+01
      vertex -9.352666e+00  7.518487e+00 -3.100000e+01
      vertex -9.870624e+00  6.824279e+00 -3.100000e+01
    endloop
  endfacet
  facet normal  -0.000000e+00  0.000000e+00  1.000000e+00
    outer loop
      vertex -6.094518e+00  1.033716e+01 -3.100000e+01
      vertex -9.870624e+00  6.824279e+00 -3.100000e+01
      vertex -1.033716e+01  6.094518e+00 -3.100000e+01
    endloop
  endfacet
  facet normal  0.000000e+00  0.000000e+00  1.000000e+00
    outer loop
      vertex  8.690046e-15 -3.000000e+00 -3.100000e+01
      vertex  4.693034e-01 -2.963065e+00 -3.100000e+01
      vertex -4.693034e-01 -2.963065e+00 -3.100000e+01
    endloop
  endfacet
  facet normal  0.000000e+00  0.000000e+00  1.000000e+00
    outer loop
      vertex -4.693034e-01 -2.963065e+00 -3.100000e+01
      vertex  4.693034e-01 -2.963065e+00 -3.100000e+01
      vertex  9.270510e-01 -2.853169e+00 -3.100000e+01
    endloop
  endfacet
  facet normal  0.000000e+00  0.000000e+00  9.999999e-01
    outer loop
      vertex -4.693034e-01 -2.963065e+00 -3.100000e+01
      vertex  9.270510e-01 -2.853169e+00 -3.100000e+01
      vertex -9.270510e-01 -2.853169e+00 -3.100000e+01
    endloop
  endfacet
  facet normal  0.000000e+00  0.000000e+00  1.000000e+00
    outer loop
      vertex -9.270510e-01 -2.853169e+00 -3.100000e+01
      vertex  9.270510e-01 -2.853169e+00 -3.100000e+01
      vertex  1.361971e+00 -2.673020e+00 -3.100000e+01
    endloop
  endfacet
  facet normal  0.000000e+00  0.000000e+00  1.000000e+00
    outer loop
      vertex -9.270510e-01 -2.853169e+00 -3.100000e+01
      vertex  1.361971e+00 -2.673020e+00 -3.100000e+01
      vertex -1.361971e+00 -2.673020e+00 -3.100000e+01
    endloop
  endfacet
  facet normal  0.000000e+00  0.000000e+00  1.000000e+00
    outer loop
      vertex -1.361971e+00 -2.673020e+00 -3.100000e+01
      vertex  1.361971e+00 -2.673020e+00 -3.100000e+01
      vertex  1.763356e+00 -2.427051e+00 -3.100000e+01
    endloop
  endfacet
  facet normal  0.000000e+00  0.000000e+00  1.000000e+00
    outer loop
      vertex -1.361971e+00 -2.673020e+00 -3.100000e+01
      vertex  1.763356e+00 -2.427051e+00 -3.100000e+01
      vertex -1.763356e+00 -2.427051e+00 -3.100000e+01
    endloop
  endfacet
  facet normal  0.000000e+00  0.000000e+00  1.000000e+00
    outer loop
      vertex -1.763356e+00 -2.427051e+00 -3.100000e+01
      vertex  1.763356e+00 -2.427051e+00 -3.100000e+01
      vertex  2.121320e+00 -2.121320e+00 -3.100000e+01
    endloop
  endfacet
  facet normal  0.000000e+00  0.000000e+00  1.000000e+00
    outer loop
      vertex -1.763356e+00 -2.427051e+00 -3.100000e+01
      vertex  2.121320e+00 -2.121320e+00 -3.100000e+01
      vertex -2.121320e+00 -2.121320e+00 -3.100000e+01
    endloop
  endfacet
  facet normal  7.071068e-01  7.071068e-01  0.000000e+00
    outer loop
      vertex -1.033716e+01  6.094518e+00 -2.650000e+01
      vertex -2.121320e+00 -2.121320e+00 -2.650000e+01
      vertex -1.033716e+01  6.094518e+00 -3.100000e+01
    endloop
  endfacet
  facet normal  7.071068e-01  7.071068e-01  0.000000e+00
    outer loop
      vertex -1.033716e+01  6.094518e+00 -3.100000e+01
      vertex -2.121320e+00 -2.121320e+00 -2.650000e+01
      vertex -2.121320e+00 -2.121320e+00 -3.100000e+01
    endloop
  endfacet
  facet normal -7.071068e-01 -7.071068e-01  0.000000e+00
    outer loop
      vertex  2.121320e+00  2.121320e+00 -2.650000e+01
      vertex -6.094518e+00  1.033716e+01 -2.650000e+01
      vertex  2.121320e+00  2.121320e+00 -3.100000e+01
    endloop
  endfacet
  facet normal -7.071068e-01 -7.071068e-01  0.000000e+00
    outer loop
      vertex  2.121320e+00  2.121320e+00 -3.100000e+01
      vertex -6.094518e+00  1.033716e+01 -2.650000e+01
      vertex -6.094518e+00  1.033716e+01 -3.100000e+01
    endloop
  endfacet
  facet normal -6.494483e-01  7.604057e-01  0.000000e+00
    outer loop
      vertex  2.121320e+00 -2.121320e+00 -2.650000e+01
      vertex  1.763356e+00 -2.427051e+00 -3.100000e+01
      vertex  1.763356e+00 -2.427051e+00 -2.650000e+01
    endloop
  endfacet
  facet normal -5.224985e-01  8.526402e-01  0.000000e+00
    outer loop
      vertex  1.763356e+00 -2.427051e+00 -2.650000e+01
      vertex  1.763356e+00 -2.427051e+00 -3.100000e+01
      vertex  1.361971e+00 -2.673020e+00 -3.100000e+01
    endloop
  endfacet
  facet normal -5.224985e-01  8.526402e-01  0.000000e+00
    outer loop
      vertex  1.763356e+00 -2.427051e+00 -2.650000e+01
      vertex  1.361971e+00 -2.673020e+00 -3.100000e+01
      vertex  1.361971e+00 -2.673020e+00 -2.650000e+01
    endloop
  endfacet
  facet normal -3.826831e-01  9.238796e-01  0.000000e+00
    outer loop
      vertex  1.361971e+00 -2.673020e+00 -2.650000e+01
      vertex  1.361971e+00 -2.673020e+00 -3.100000e+01
      vertex  9.270510e-01 -2.853169e+00 -3.100000e+01
    endloop
  endfacet
  facet normal -3.826831e-01  9.238796e-01  0.000000e+00
    outer loop
      vertex  1.361971e+00 -2.673020e+00 -2.650000e+01
      vertex  9.270510e-01 -2.853169e+00 -3.100000e+01
      vertex  9.270510e-01 -2.853169e+00 -2.650000e+01
    endloop
  endfacet
  facet normal -2.334453e-01  9.723699e-01  0.000000e+00
    outer loop
      vertex  9.270510e-01 -2.853169e+00 -2.650000e+01
      vertex  9.270510e-01 -2.853169e+00 -3.100000e+01
      vertex  4.693034e-01 -2.963065e+00 -3.100000e+01
    endloop
  endfacet
  facet normal -2.334453e-01  9.723699e-01  0.000000e+00
    outer loop
      vertex  9.270510e-01 -2.853169e+00 -2.650000e+01
      vertex  4.693034e-01 -2.963065e+00 -3.100000e+01
      vertex  4.693034e-01 -2.963065e+00 -2.650000e+01
    endloop
  endfacet
  facet normal -7.845934e-02  9.969174e-01  0.000000e+00
    outer loop
      vertex  4.693034e-01 -2.963065e+00 -2.650000e+01
      vertex  4.693034e-01 -2.963065e+00 -3.100000e+01
      vertex  8.690046e-15 -3.000000e+00 -3.100000e+01
    endloop
  endfacet
  facet normal -7.845934e-02  9.969174e-01  4.325443e-17
    outer loop
      vertex  4.693034e-01 -2.963065e+00 -2.650000e+01
      vertex  8.690046e-15 -3.000000e+00 -3.100000e+01
      vertex  1.117088e-14 -3.000000e+00 -2.650000e+01
    endloop
  endfacet
  facet normal  7.845934e-02  9.969174e-01 -4.325443e-17
    outer loop
      vertex  1.117088e-14 -3.000000e+00 -2.650000e+01
      vertex  8.690046e-15 -3.000000e+00 -3.100000e+01
      vertex -4.693034e-01 -2.963065e+00 -3.100000e+01
    endloop
  endfacet
  facet normal  7.845934e-02  9.969174e-01  -0.000000e+00
    outer loop
      vertex  1.117088e-14 -3.000000e+00 -2.650000e+01
      vertex -4.693034e-01 -2.963065e+00 -3.100000e+01
      vertex -4.693034e-01 -2.963065e+00 -2.650000e+01
    endloop
  endfacet
  facet normal  2.334453e-01  9.723699e-01  0.000000e+00
    outer loop
      vertex -4.693034e-01 -2.963065e+00 -2.650000e+01
      vertex -4.693034e-01 -2.963065e+00 -3.100000e+01
      vertex -9.270510e-01 -2.853169e+00 -3.100000e+01
    endloop
  endfacet
  facet normal  2.334453e-01  9.723699e-01  -0.000000e+00
    outer loop
      vertex -4.693034e-01 -2.963065e+00 -2.650000e+01
      vertex -9.270510e-01 -2.853169e+00 -3.100000e+01
      vertex -9.270510e-01 -2.853169e+00 -2.650000e+01
    endloop
  endfacet
  facet normal  3.826831e-01  9.238796e-01  0.000000e+00
    outer loop
      vertex -9.270510e-01 -2.853169e+00 -2.650000e+01
      vertex -9.270510e-01 -2.853169e+00 -3.100000e+01
      vertex -1.361971e+00 -2.673020e+00 -3.100000e+01
    endloop
  endfacet
  facet normal  3.826831e-01  9.238796e-01  -0.000000e+00
    outer loop
      vertex -9.270510e-01 -2.853169e+00 -2.650000e+01
      vertex -1.361971e+00 -2.673020e+00 -3.100000e+01
      vertex -1.361971e+00 -2.673020e+00 -2.650000e+01
    endloop
  endfacet
  facet normal  5.224985e-01  8.526402e-01  0.000000e+00
    outer loop
      vertex -1.361971e+00 -2.673020e+00 -2.650000e+01
      vertex -1.361971e+00 -2.673020e+00 -3.100000e+01
      vertex -1.763356e+00 -2.427051e+00 -3.100000e+01
    endloop
  endfacet
  facet normal  5.224985e-01  8.526402e-01  -0.000000e+00
    outer loop
      vertex -1.361971e+00 -2.673020e+00 -2.650000e+01
      vertex -1.763356e+00 -2.427051e+00 -3.100000e+01
      vertex -1.763356e+00 -2.427051e+00 -2.650000e+01
    endloop
  endfacet
  facet normal  6.494483e-01  7.604057e-01  0.000000e+00
    outer loop
      vertex -1.763356e+00 -2.427051e+00 -2.650000e+01
      vertex -1.763356e+00 -2.427051e+00 -3.100000e+01
      vertex -2.121320e+00 -2.121320e+00 -3.100000e+01
    endloop
  endfacet
  facet normal  6.494483e-01  7.604057e-01  -0.000000e+00
    outer loop
      vertex -1.763356e+00 -2.427051e+00 -2.650000e+01
      vertex -2.121320e+00 -2.121320e+00 -3.100000e+01
      vertex -2.121320e+00 -2.121320e+00 -2.650000e+01
    endloop
  endfacet
  facet normal -6.494483e-01  7.604057e-01  0.000000e+00
    outer loop
      vertex  1.763356e+00 -2.427051e+00 -3.100000e+01
      vertex  2.121320e+00 -2.121320e+00 -2.650000e+01
      vertex  2.121320e+00 -2.121320e+00 -3.100000e+01
    endloop
  endfacet
  facet normal -7.604057e-01  6.494483e-01  0.000000e+00
    outer loop
      vertex  2.121320e+00 -2.121320e+00 -3.100000e+01
      vertex  2.121320e+00 -2.121320e+00 -2.650000e+01
      vertex  2.427051e+00 -1.763356e+00 -2.650000e+01
    endloop
  endfacet
  facet normal -7.604057e-01  6.494483e-01  0.000000e+00
    outer loop
      vertex  2.121320e+00 -2.121320e+00 -3.100000e+01
      vertex  2.427051e+00 -1.763356e+00 -2.650000e+01
      vertex  2.427051e+00 -1.763356e+00 -3.100000e+01
    endloop
  endfacet
  facet normal -8.526402e-01  5.224985e-01  0.000000e+00
    outer loop
      vertex  2.427051e+00 -1.763356e+00 -3.100000e+01
      vertex  2.427051e+00 -1.763356e+00 -2.650000e+01
      vertex  2.673020e+00 -1.361971e+00 -2.650000e+01
    endloop
  endfacet
  facet normal -8.526402e-01  5.224985e-01  0.000000e+00
    outer loop
      vertex  2.427051e+00 -1.763356e+00 -3.100000e+01
      vertex  2.673020e+00 -1.361971e+00 -2.650000e+01
      vertex  2.673020e+00 -1.361971e+00 -3.100000e+01
    endloop
  endfacet
  facet normal -9.238796e-01  3.826831e-01  0.000000e+00
    outer loop
      vertex  2.673020e+00 -1.361971e+00 -3.100000e+01
      vertex  2.673020e+00 -1.361971e+00 -2.650000e+01
      vertex  2.853169e+00 -9.270510e-01 -2.650000e+01
    endloop
  endfacet
  facet normal -9.238796e-01  3.826831e-01  0.000000e+00
    outer loop
      vertex  2.673020e+00 -1.361971e+00 -3.100000e+01
      vertex  2.853169e+00 -9.270510e-01 -2.650000e+01
      vertex  2.853169e+00 -9.270510e-01 -3.100000e+01
    endloop
  endfacet
  facet normal -9.723699e-01  2.334453e-01  0.000000e+00
    outer loop
      vertex  2.853169e+00 -9.270510e-01 -3.100000e+01
      vertex  2.853169e+00 -9.270510e-01 -2.650000e+01
      vertex  2.963065e+00 -4.693034e-01 -2.650000e+01
    endloop
  endfacet
  facet normal -9.723699e-01  2.334453e-01  0.000000e+00
    outer loop
      vertex  2.853169e+00 -9.270510e-01 -3.100000e+01
      vertex  2.963065e+00 -4.693034e-01 -2.650000e+01
      vertex  2.963065e+00 -4.693034e-01 -3.100000e+01
    endloop
  endfacet
  facet normal -9.969174e-01  7.845934e-02  0.000000e+00
    outer loop
      vertex  2.963065e+00 -4.693034e-01 -3.100000e+01
      vertex  2.963065e+00 -4.693034e-01 -2.650000e+01
      vertex  3.000000e+00 -3.552714e-15 -2.650000e+01
    endloop
  endfacet
  facet normal -9.969174e-01  7.845934e-02 -6.545864e-18
    outer loop
      vertex  2.963065e+00 -4.693034e-01 -3.100000e+01
      vertex  3.000000e+00 -3.552714e-15 -2.650000e+01
      vertex  3.000000e+00 -3.928149e-15 -3.100000e+01
    endloop
  endfacet
  facet normal -9.969174e-01 -7.845934e-02  6.545864e-18
    outer loop
      vertex  3.000000e+00 -3.928149e-15 -3.100000e+01
      vertex  3.000000e+00 -3.552714e-15 -2.650000e+01
      vertex  2.963065e+00  4.693034e-01 -2.650000e+01
    endloop
  endfacet
  facet normal -9.969174e-01 -7.845934e-02  -0.000000e+00
    outer loop
      vertex  3.000000e+00 -3.928149e-15 -3.100000e+01
      vertex  2.963065e+00  4.693034e-01 -2.650000e+01
      vertex  2.963065e+00  4.693034e-01 -3.100000e+01
    endloop
  endfacet
  facet normal -9.723699e-01 -2.334453e-01  0.000000e+00
    outer loop
      vertex  2.963065e+00  4.693034e-01 -3.100000e+01
      vertex  2.963065e+00  4.693034e-01 -2.650000e+01
      vertex  2.853169e+00  9.270510e-01 -2.650000e+01
    endloop
  endfacet
  facet normal -9.723699e-01 -2.334453e-01  -0.000000e+00
    outer loop
      vertex  2.963065e+00  4.693034e-01 -3.100000e+01
      vertex  2.853169e+00  9.270510e-01 -2.650000e+01
      vertex  2.853169e+00  9.270510e-01 -3.100000e+01
    endloop
  endfacet
  facet normal -9.238796e-01 -3.826831e-01  0.000000e+00
    outer loop
      vertex  2.853169e+00  9.270510e-01 -3.100000e+01
      vertex  2.853169e+00  9.270510e-01 -2.650000e+01
      vertex  2.673020e+00  1.361971e+00 -2.650000e+01
    endloop
  endfacet
  facet normal -9.238796e-01 -3.826831e-01  -0.000000e+00
    outer loop
      vertex  2.853169e+00  9.270510e-01 -3.100000e+01
      vertex  2.673020e+00  1.361971e+00 -2.650000e+01
      vertex  2.673020e+00  1.361971e+00 -3.100000e+01
    endloop
  endfacet
  facet normal -8.526402e-01 -5.224985e-01  0.000000e+00
    outer loop
      vertex  2.673020e+00  1.361971e+00 -3.100000e+01
      vertex  2.673020e+00  1.361971e+00 -2.650000e+01
      vertex  2.427051e+00  1.763356e+00 -2.650000e+01
    endloop
  endfacet
  facet normal -8.526402e-01 -5.224985e-01  -0.000000e+00
    outer loop
      vertex  2.673020e+00  1.361971e+00 -3.100000e+01
      vertex  2.427051e+00  1.763356e+00 -2.650000e+01
      vertex  2.427051e+00  1.763356e+00 -3.100000e+01
    endloop
  endfacet
  facet normal -7.604057e-01 -6.494483e-01  0.000000e+00
    outer loop
      vertex  2.427051e+00  1.763356e+00 -3.100000e+01
      vertex  2.427051e+00  1.763356e+00 -2.650000e+01
      vertex  2.121320e+00  2.121320e+00 -2.650000e+01
    endloop
  endfacet
  facet normal -7.604057e-01 -6.494483e-01  -0.000000e+00
    outer loop
      vertex  2.427051e+00  1.763356e+00 -3.100000e+01
      vertex  2.121320e+00  2.121320e+00 -2.650000e+01
      vertex  2.121320e+00  2.121320e+00 -3.100000e+01
    endloop
  endfacet
  facet normal  0.000000e+00  -0.000000e+00 -1.000000e+00
    outer loop
      vertex -1.033716e+01  6.094518e+00  3.100000e+01
      vertex -6.094518e+00  1.033716e+01  3.100000e+01
      vertex  2.121320e+00  2.121320e+00  3.100000e+01
    endloop
  endfacet
  facet normal  -0.000000e+00  -0.000000e+00 -9.999999e-01
    outer loop
      vertex -1.033716e+01  6.094518e+00  3.100000e+01
      vertex  2.121320e+00  2.121320e+00  3.100000e+01
      vertex  2.427051e+00  1.763356e+00  3.100000e+01
    endloop
  endfacet
  facet normal  -0.000000e+00  -0.000000e+00 -1.000000e+00
    outer loop
      vertex -1.033716e+01  6.094518e+00  3.100000e+01
      vertex  2.427051e+00  1.763356e+00  3.100000e+01
      vertex  2.673020e+00  1.361971e+00  3.100000e+01
    endloop
  endfacet
  facet normal  -0.000000e+00  -0.000000e+00 -1.000000e+00
    outer loop
      vertex -1.033716e+01  6.094518e+00  3.100000e+01
      vertex  2.673020e+00  1.361971e+00  3.100000e+01
      vertex  2.853169e+00  9.270510e-01  3.100000e+01
    endloop
  endfacet
  facet normal  -0.000000e+00  -0.000000e+00 -1.000000e+00
    outer loop
      vertex -1.033716e+01  6.094518e+00  3.100000e+01
      vertex  2.853169e+00  9.270510e-01  3.100000e+01
      vertex  2.963065e+00  4.693034e-01  3.100000e+01
    endloop
  endfacet
  facet normal  -0.000000e+00  -0.000000e+00 -1.000000e+00
    outer loop
      vertex -1.033716e+01  6.094518e+00  3.100000e+01
      vertex  2.963065e+00  4.693034e-01  3.100000e+01
      vertex  3.000000e+00 -3.928149e-15  3.100000e+01
    endloop
  endfacet
  facet normal  -0.000000e+00  0.000000e+00 -1.000000e+00
    outer loop
      vertex -1.033716e+01  6.094518e+00  3.100000e+01
      vertex  3.000000e+00 -3.928149e-15  3.100000e+01
      vertex  2.963065e+00 -4.693034e-01  3.100000e+01
    endloop
  endfacet
  facet normal  -0.000000e+00  0.000000e+00 -1.000000e+00
    outer loop
      vertex -1.033716e+01  6.094518e+00  3.100000e+01
      vertex  2.963065e+00 -4.693034e-01  3.100000e+01
      vertex  2.853169e+00 -9.270510e-01  3.100000e+01
    endloop
  endfacet
  facet normal  -0.000000e+00  0.000000e+00 -9.999999e-01
    outer loop
      vertex -1.033716e+01  6.094518e+00  3.100000e+01
      vertex  2.853169e+00 -9.270510e-01  3.100000e+01
      vertex  2.673020e+00 -1.361971e+00  3.100000e+01
    endloop
  endfacet
  facet normal  -0.000000e+00  0.000000e+00 -1.000000e+00
    outer loop
      vertex -1.033716e+01  6.094518e+00  3.100000e+01
      vertex  2.673020e+00 -1.361971e+00  3.100000e+01
      vertex  2.427051e+00 -1.763356e+00  3.100000e+01
    endloop
  endfacet
  facet normal  -0.000000e+00  0.000000e+00 -9.999999e-01
    outer loop
      vertex -1.033716e+01  6.094518e+00  3.100000e+01
      vertex  2.427051e+00 -1.763356e+00  3.100000e+01
      vertex  2.121320e+00 -2.121320e+00  3.100000e+01
    endloop
  endfacet
  facet normal  0.000000e+00  0.000000e+00 -1.000000e+00
    outer loop
      vertex -1.033716e+01  6.094518e+00  3.100000e+01
      vertex  2.121320e+00 -2.121320e+00  3.100000e+01
      vertex -2.121320e+00 -2.121320e+00  3.100000e+01
    endloop
  endfacet
  facet normal  0.000000e+00  0.000000e+00 -1.000000e+00
    outer loop
      vertex -6.094518e+00  1.033716e+01  3.100000e+01
      vertex -1.033716e+01  6.094518e+00  3.100000e+01
      vertex -9.870624e+00  6.824279e+00  3.100000e+01
    endloop
  endfacet
  facet normal  0.000000e+00  0.000000e+00 -1.000000e+00
    outer loop
      vertex -6.094518e+00  1.033716e+01  3.100000e+01
      vertex -9.870624e+00  6.824279e+00  3.100000e+01
      vertex -9.352666e+00  7.518487e+00  3.100000e+01
    endloop
  endfacet
  facet normal  0.000000e+00  0.000000e+00 -1.000000e+00
    outer loop
      vertex -6.094518e+00  1.033716e+01  3.100000e+01
      vertex -9.352666e+00  7.518487e+00  3.100000e+01
      vertex -8.785982e+00  8.173526e+00  3.100000e+01
    endloop
  endfacet
  facet normal  0.000000e+00  0.000000e+00 -1.000000e+00
    outer loop
      vertex -6.094518e+00  1.033716e+01  3.100000e+01
      vertex -8.785982e+00  8.173526e+00  3.100000e+01
      vertex -8.173526e+00  8.785982e+00  3.100000e+01
    endloop
  endfacet
  facet normal  0.000000e+00  0.000000e+00 -1.000000e+00
    outer loop
      vertex -6.094518e+00  1.033716e+01  3.100000e+01
      vertex -8.173526e+00  8.785982e+00  3.100000e+01
      vertex -7.518487e+00  9.352666e+00  3.100000e+01
    endloop
  endfacet
  facet normal  0.000000e+00  0.000000e+00 -1.000000e+00
    outer loop
      vertex -6.094518e+00  1.033716e+01  3.100000e+01
      vertex -7.518487e+00  9.352666e+00  3.100000e+01
      vertex -6.824279e+00  9.870624e+00  3.100000e+01
    endloop
  endfacet
  facet normal  -0.000000e+00  0.000000e+00 -1.000000e+00
    outer loop
      vertex -2.121320e+00 -2.121320e+00  3.100000e+01
      vertex  2.121320e+00 -2.121320e+00  3.100000e+01
      vertex -1.763356e+00 -2.427051e+00  3.100000e+01
    endloop
  endfacet
  facet normal  0.000000e+00  0.000000e+00 -1.000000e+00
    outer loop
      vertex -1.763356e+00 -2.427051e+00  3.100000e+01
      vertex  2.121320e+00 -2.121320e+00  3.100000e+01
      vertex  1.763356e+00 -2.427051e+00  3.100000e+01
    endloop
  endfacet
  facet normal  -0.000000e+00  0.000000e+00 -1.000000e+00
    outer loop
      vertex -1.763356e+00 -2.427051e+00  3.100000e+01
      vertex  1.763356e+00 -2.427051e+00  3.100000e+01
      vertex -1.361971e+00 -2.673020e+00  3.100000e+01
    endloop
  endfacet
  facet normal  0.000000e+00  0.000000e+00 -1.000000e+00
    outer loop
      vertex -1.361971e+00 -2.673020e+00  3.100000e+01
      vertex  1.763356e+00 -2.427051e+00  3.100000e+01
      vertex  1.361971e+00 -2.673020e+00  3.100000e+01
    endloop
  endfacet
  facet normal  -0.000000e+00  0.000000e+00 -1.000000e+00
    outer loop
      vertex -1.361971e+00 -2.673020e+00  3.100000e+01
      vertex  1.361971e+00 -2.673020e+00  3.100000e+01
      vertex -9.270510e-01 -2.853169e+00  3.100000e+01
    endloop
  endfacet
  facet normal  0.000000e+00  0.000000e+00 -1.000000e+00
    outer loop
      vertex -9.270510e-01 -2.853169e+00  3.100000e+01
      vertex  1.361971e+00 -2.673020e+00  3.100000e+01
      vertex  9.270510e-01 -2.853169e+00  3.100000e+01
    endloop
  endfacet
  facet normal  -0.000000e+00  0.000000e+00 -9.999999e-01
    outer loop
      vertex -9.270510e-01 -2.853169e+00  3.100000e+01
      vertex  9.270510e-01 -2.853169e+00  3.100000e+01
      vertex -4.693034e-01 -2.963065e+00  3.100000e+01
    endloop
  endfacet
  facet normal  0.000000e+00  0.000000e+00 -1.000000e+00
    outer loop
      vertex -4.693034e-01 -2.963065e+00  3.100000e+01
      vertex  9.270510e-01 -2.853169e+00  3.100000e+01
      vertex  4.693034e-01 -2.963065e+00  3.100000e+01
    endloop
  endfacet
  facet normal  -0.000000e+00  0.000000e+00 -1.000000e+00
    outer loop
      vertex -4.693034e-01 -2.963065e+00  3.100000e+01
      vertex  4.693034e-01 -2.963065e+00  3.100000e+01
      vertex  8.690046e-15 -3.000000e+00  3.100000e+01
    endloop
  endfacet
  facet normal -9.763436e-01 -2.162247e-01  1.475928e-04
    outer loop
      vertex -1.160282e+01 -3.061789e+00  3.650000e+01
      vertex -1.181063e+01 -2.123440e+00  3.650000e+01
      vertex -1.180378e+01 -2.161219e+00  2.650000e+01
    endloop
  endfacet
  facet normal -9.900148e-01 -1.409632e-01 -1.461099e-04
    outer loop
      vertex -1.193790e+01 -1.219226e+00  2.650000e+01
      vertex -1.180378e+01 -2.161219e+00  2.650000e+01
      vertex -1.181063e+01 -2.123440e+00  3.650000e+01
    endloop
  endfacet
  facet normal -9.905159e-01 -1.373982e-01  1.826190e-04
    outer loop
      vertex -1.181063e+01 -2.123440e+00  3.650000e+01
      vertex -1.194268e+01 -1.171469e+00  3.650000e+01
      vertex -1.193790e+01 -1.219226e+00  2.650000e+01
    endloop
  endfacet
  facet normal -9.980711e-01 -6.208193e-02 -1.806751e-04
    outer loop
      vertex -1.199697e+01 -2.695668e-01  2.650000e+01
      vertex -1.193790e+01 -1.219226e+00  2.650000e+01
      vertex -1.194268e+01 -1.171469e+00  3.650000e+01
    endloop
  endfacet
  facet normal -9.983345e-01 -5.769067e-02  2.168032e-04
    outer loop
      vertex -1.194268e+01 -1.171469e+00  3.650000e+01
      vertex -1.199813e+01 -2.119845e-01  3.650000e+01
      vertex -1.199697e+01 -2.695668e-01  2.650000e+01
    endloop
  endfacet
  facet normal -9.998522e-01  1.718930e-02 -2.145481e-04
    outer loop
      vertex -1.198062e+01  6.817867e-01  2.650000e+01
      vertex -1.199697e+01 -2.695668e-01  2.650000e+01
      vertex -1.199813e+01 -2.119845e-01  3.650000e+01
    endloop
  endfacet
  facet normal -9.997494e-01  2.238802e-02  2.502789e-04
    outer loop
      vertex -1.199813e+01 -2.119845e-01  3.650000e+01
      vertex -1.197661e+01  7.488600e-01  3.650000e+01
      vertex -1.198062e+01  6.817867e-01  2.650000e+01
    endloop
  endfacet
  facet normal -9.953473e-01  9.635227e-02 -2.475874e-04
    outer loop
      vertex -1.188894e+01  1.628854e+00  2.650000e+01
      vertex -1.198062e+01  6.817867e-01  2.650000e+01
      vertex -1.197661e+01  7.488600e-01  3.650000e+01
    endloop
  endfacet
  facet normal -9.947512e-01  1.023228e-01  2.830433e-04
    outer loop
      vertex -1.197661e+01  7.488600e-01  3.650000e+01
      vertex -1.187827e+01  1.704901e+00  3.650000e+01
      vertex -1.188894e+01  1.628854e+00  2.650000e+01
    endloop
  endfacet
  facet normal -9.845843e-01  1.749098e-01 -2.798071e-04
    outer loop
      vertex -1.172251e+01  2.565680e+00  2.650000e+01
      vertex -1.188894e+01  1.628854e+00  2.650000e+01
      vertex -1.187827e+01  1.704901e+00  3.650000e+01
    endloop
  endfacet
  facet normal -9.833724e-01  1.815998e-01  3.149260e-04
    outer loop
      vertex -1.187827e+01  1.704901e+00  3.650000e+01
      vertex -1.170374e+01  2.650006e+00  3.650000e+01
      vertex -1.172251e+01  2.565680e+00  2.650000e+01
    endloop
  endfacet
  facet normal -9.676313e-01  2.523679e-01 -3.113861e-04
    outer loop
      vertex -1.148239e+01  3.486376e+00  2.650000e+01
      vertex -1.172251e+01  2.565680e+00  2.650000e+01
      vertex -1.170374e+01  2.650006e+00  3.650000e+01
    endloop
  endfacet
  facet normal -9.656858e-01  2.597128e-01  3.459763e-04
    outer loop
      vertex -1.170374e+01  2.650006e+00  3.650000e+01
      vertex -1.145413e+01  3.578112e+00  3.650000e+01
      vertex -1.148239e+01  3.486376e+00  2.650000e+01
    endloop
  endfacet
  facet normal -9.445948e-01  3.282385e-01 -3.422479e-04
    outer loop
      vertex -1.117007e+01  4.385152e+00  2.650000e+01
      vertex -1.148239e+01  3.486376e+00  2.650000e+01
      vertex -1.145413e+01  3.578112e+00  3.650000e+01
    endloop
  endfacet
  facet normal -9.418045e-01  3.361605e-01  3.763587e-04
    outer loop
      vertex -1.145413e+01  3.578112e+00  3.650000e+01
      vertex -1.113105e+01  4.483267e+00  3.650000e+01
      vertex -1.117007e+01  4.385152e+00  2.650000e+01
    endloop
  endfacet
  facet normal -9.156198e-01  4.020452e-01 -3.722354e-04
    outer loop
      vertex -1.078753e+01  5.256359e+00  2.650000e+01
      vertex -1.117007e+01  4.385152e+00  2.650000e+01
      vertex -1.113105e+01  4.483267e+00  3.650000e+01
    endloop
  endfacet
  facet normal -8.425391e-01  5.386348e-01 -7.008688e-04
    outer loop
      vertex -1.033716e+01  6.094518e+00  3.100000e+01
      vertex -1.027322e+01  6.201682e+00  3.650000e+01
      vertex -9.870624e+00  6.824279e+00  3.100000e+01
    endloop
  endfacet
  facet normal -8.347189e-01  5.506750e-01  1.234524e-03
    outer loop
      vertex -1.027322e+01  6.201682e+00  3.650000e+01
      vertex -9.743979e+00  7.003919e+00  3.650000e+01
      vertex -9.870624e+00  6.824279e+00  3.100000e+01
    endloop
  endfacet
  facet normal -8.014925e-01  5.980039e-01 -1.076405e-03
    outer loop
      vertex -9.352666e+00  7.518487e+00  3.100000e+01
      vertex -9.870624e+00  6.824279e+00  3.100000e+01
      vertex -9.743979e+00  7.003919e+00  3.650000e+01
    endloop
  endfacet
  facet normal -7.879732e-01  6.157076e-01  1.541778e-03
    outer loop
      vertex -9.743979e+00  7.003919e+00  3.650000e+01
      vertex -9.152230e+00  7.761229e+00  3.650000e+01
      vertex -9.352666e+00  7.518487e+00  3.100000e+01
    endloop
  endfacet
  facet normal -7.562690e-01  6.542594e-01 -1.315095e-03
    outer loop
      vertex -8.785982e+00  8.173526e+00  3.100000e+01
      vertex -9.352666e+00  7.518487e+00  3.100000e+01
      vertex -9.152230e+00  7.761229e+00  3.650000e+01
    endloop
  endfacet
  facet normal -7.361731e-01  6.767911e-01  1.712140e-03
    outer loop
      vertex -9.152230e+00  7.761229e+00  3.650000e+01
      vertex -8.501776e+00  8.468755e+00  3.650000e+01
      vertex -8.785982e+00  8.173526e+00  3.100000e+01
    endloop
  endfacet
  facet normal -7.071061e-01  7.071061e-01 -1.417116e-03
    outer loop
      vertex -8.173526e+00  8.785982e+00  3.100000e+01
      vertex -8.785982e+00  8.173526e+00  3.100000e+01
      vertex -8.501776e+00  8.468755e+00  3.650000e+01
    endloop
  endfacet
  facet normal -6.796510e-01  7.335336e-01  1.745737e-03
    outer loop
      vertex -8.501776e+00  8.468755e+00  3.650000e+01
      vertex -7.796786e+00  9.121959e+00  3.650000e+01
      vertex -8.173526e+00  8.785982e+00  3.100000e+01
    endloop
  endfacet
  facet normal -6.542594e-01  7.562689e-01 -1.382361e-03
    outer loop
      vertex -8.173526e+00  8.785982e+00  3.100000e+01
      vertex -7.796786e+00  9.121959e+00  3.650000e+01
      vertex -7.518487e+00  9.352666e+00  3.100000e+01
    endloop
  endfacet
  facet normal -6.187694e-01  7.855709e-01  1.642548e-03
    outer loop
      vertex -7.518487e+00  9.352666e+00  3.100000e+01
      vertex -7.796786e+00  9.121959e+00  3.650000e+01
      vertex -7.041784e+00  9.716650e+00  3.650000e+01
    endloop
  endfacet
  facet normal -5.980038e-01  8.014923e-01 -1.210939e-03
    outer loop
      vertex -7.518487e+00  9.352666e+00  3.100000e+01
      vertex -7.041784e+00  9.716650e+00  3.650000e+01
      vertex -6.824279e+00  9.870624e+00  3.100000e+01
    endloop
  endfacet
  facet normal -5.539181e-01  8.325700e-01  1.402516e-03
    outer loop
      vertex -6.824279e+00  9.870624e+00  3.100000e+01
      vertex -7.041784e+00  9.716650e+00  3.650000e+01
      vertex -6.241612e+00  1.024901e+01  3.650000e+01
    endloop
  endfacet
  facet normal -4.139976e-01  9.102778e-01  5.483432e-04
    outer loop
      vertex -5.253235e+00  1.078905e+01  2.650000e+01
      vertex -5.401404e+00  1.071563e+01  3.650000e+01
      vertex -4.526549e+00  1.111352e+01  3.650000e+01
    endloop
  endfacet
  facet normal -4.016480e-01  9.157941e-01 -5.280777e-04
    outer loop
      vertex -5.253235e+00  1.078905e+01  2.650000e+01
      vertex -4.526549e+00  1.111352e+01  3.650000e+01
      vertex -4.378683e+00  1.117261e+01  2.650000e+01
    endloop
  endfacet
  facet normal -3.398222e-01  9.404896e-01  5.320331e-04
    outer loop
      vertex -4.378683e+00  1.117261e+01  2.650000e+01
      vertex -4.526549e+00  1.111352e+01  3.650000e+01
      vertex -3.622658e+00  1.144012e+01  3.650000e+01
    endloop
  endfacet
  facet normal -3.275544e-01  9.448323e-01 -5.116122e-04
    outer loop
      vertex -4.378683e+00  1.117261e+01  2.650000e+01
      vertex -3.622658e+00  1.144012e+01  3.650000e+01
      vertex -3.476400e+00  1.148541e+01  2.650000e+01
    endloop
  endfacet
  facet normal -2.634695e-01  9.646676e-01  5.155173e-04
    outer loop
      vertex -3.476400e+00  1.148541e+01  2.650000e+01
      vertex -3.622658e+00  1.144012e+01  3.650000e+01
      vertex -2.695530e+00  1.169334e+01  3.650000e+01
    endloop
  endfacet
  facet normal -2.513866e-01  9.678867e-01 -4.949391e-04
    outer loop
      vertex -3.476400e+00  1.148541e+01  2.650000e+01
      vertex -2.695530e+00  1.169334e+01  3.650000e+01
      vertex -2.552101e+00  1.172548e+01  2.650000e+01
    endloop
  endfacet
  facet normal -1.854250e-01  9.826583e-01  4.986145e-04
    outer loop
      vertex -2.552101e+00  1.172548e+01  2.650000e+01
      vertex -2.695530e+00  1.169334e+01  3.650000e+01
      vertex -1.751112e+00  1.187155e+01  3.650000e+01
    endloop
  endfacet
  facet normal -1.736268e-01  9.848114e-01 -4.778583e-04
    outer loop
      vertex -2.552101e+00  1.172548e+01  2.650000e+01
      vertex -1.751112e+00  1.187155e+01  3.650000e+01
      vertex -1.611640e+00  1.189128e+01  2.650000e+01
    endloop
  endfacet
  facet normal -1.061927e-01  9.943454e-01  4.814747e-04
    outer loop
      vertex -1.611640e+00  1.189128e+01  2.650000e+01
      vertex -1.751112e+00  1.187155e+01  3.650000e+01
      vertex -7.954608e-01  1.197361e+01  3.650000e+01
    endloop
  endfacet
  facet normal -9.476764e-02  9.954993e-01 -4.605175e-04
    outer loop
      vertex -1.611640e+00  1.189128e+01  2.650000e+01
      vertex -7.954608e-01  1.197361e+01  3.650000e+01
      vertex -6.609721e-01  1.198178e+01  2.650000e+01
    endloop
  endfacet
  facet normal -2.627779e-02  9.996546e-01  4.639913e-04
    outer loop
      vertex -6.609721e-01  1.198178e+01  2.650000e+01
      vertex -7.954608e-01  1.197361e+01  3.650000e+01
      vertex  1.652928e-01  1.199886e+01  3.650000e+01
    endloop
  endfacet
  facet normal -1.530727e-02  9.998828e-01 -4.428541e-04
    outer loop
      vertex -6.609721e-01  1.198178e+01  2.650000e+01
      vertex  1.652928e-01  1.199886e+01  3.650000e+01
      vertex  2.938819e-01  1.199640e+01  2.650000e+01
    endloop
  endfacet
  facet normal  5.380487e-02  9.985514e-01  4.461808e-04
    outer loop
      vertex  2.938819e-01  1.199640e+01  2.650000e+01
      vertex  1.652928e-01  1.199886e+01  3.650000e+01
      vertex  1.124986e+00  1.194715e+01  3.650000e+01
    endloop
  endfacet
  facet normal  6.424898e-02  9.979338e-01 -4.248756e-04
    outer loop
      vertex  2.938819e-01  1.199640e+01  2.650000e+01
      vertex  1.124986e+00  1.194715e+01  3.650000e+01
      vertex  1.246875e+00  1.193505e+01  2.650000e+01
    endloop
  endfacet
  facet normal  1.335422e-01  9.910430e-01  4.280715e-04
    outer loop
      vertex  1.246875e+00  1.193505e+01  2.650000e+01
      vertex  1.124986e+00  1.194715e+01  3.650000e+01
      vertex  2.077463e+00  1.181880e+01  3.650000e+01
    endloop
  endfacet
  facet normal  1.433988e-01  9.896649e-01 -4.066220e-04
    outer loop
      vertex  1.246875e+00  1.193505e+01  2.650000e+01
      vertex  2.077463e+00  1.181880e+01  3.650000e+01
      vertex  2.191971e+00  1.179810e+01  2.650000e+01
    endloop
  endfacet
  facet normal  2.124233e-01  9.771776e-01  4.096124e-04
    outer loop
      vertex  2.191971e+00  1.179810e+01  2.650000e+01
      vertex  2.077463e+00  1.181880e+01  3.650000e+01
      vertex  3.016614e+00  1.161465e+01  3.650000e+01
    endloop
  endfacet
  facet normal  2.216408e-01  9.751283e-01 -3.881027e-04
    outer loop
      vertex  2.191971e+00  1.179810e+01  2.650000e+01
      vertex  3.016614e+00  1.161465e+01  3.650000e+01
      vertex  3.123185e+00  1.158644e+01  2.650000e+01
    endloop
  endfacet
  facet normal  2.899427e-01  9.570439e-01  3.908026e-04
    outer loop
      vertex  3.123185e+00  1.158644e+01  2.650000e+01
      vertex  3.016614e+00  1.161465e+01  3.650000e+01
      vertex  3.936415e+00  1.133599e+01  3.650000e+01
    endloop
  endfacet
  facet normal  2.984778e-01  9.544164e-01 -3.691057e-04
    outer loop
      vertex  3.123185e+00  1.158644e+01  2.650000e+01
      vertex  3.936415e+00  1.133599e+01  3.650000e+01
      vertex  4.034620e+00  1.130141e+01  2.650000e+01
    endloop
  endfacet
  facet normal  3.656009e-01  9.307717e-01  3.718372e-04
    outer loop
      vertex  4.034620e+00  1.130141e+01  2.650000e+01
      vertex  3.936415e+00  1.133599e+01  3.650000e+01
      vertex  4.830966e+00  1.098461e+01  3.650000e+01
    endloop
  endfacet
  facet normal  3.734261e-01  9.276599e-01 -3.499041e-04
    outer loop
      vertex  4.034620e+00  1.130141e+01  2.650000e+01
      vertex  4.830966e+00  1.098461e+01  3.650000e+01
      vertex  4.920504e+00  1.094480e+01  2.650000e+01
    endloop
  endfacet
  facet normal  4.389141e-01  8.985288e-01  3.524443e-04
    outer loop
      vertex  4.920504e+00  1.094480e+01  2.650000e+01
      vertex  4.830966e+00  1.098461e+01  3.650000e+01
      vertex  5.694530e+00  1.056278e+01  3.650000e+01
    endloop
  endfacet
  facet normal  4.460080e-01  8.950289e-01 -3.303446e-04
    outer loop
      vertex  4.920504e+00  1.094480e+01  2.650000e+01
      vertex  5.694530e+00  1.056278e+01  3.650000e+01
      vertex  5.775226e+00  1.051888e+01  2.650000e+01
    endloop
  endfacet
  facet normal  5.094124e-01  8.605224e-01  3.328021e-04
    outer loop
      vertex  5.775226e+00  1.051888e+01  2.650000e+01
      vertex  5.694530e+00  1.056278e+01  3.650000e+01
      vertex  6.521565e+00  1.007319e+01  3.650000e+01
    endloop
  endfacet
  facet normal  5.157675e-01  8.567286e-01 -3.105840e-04
    outer loop
      vertex  5.775226e+00  1.051888e+01  2.650000e+01
      vertex  6.521565e+00  1.007319e+01  3.650000e+01
      vertex  6.593373e+00  1.002634e+01  2.650000e+01
    endloop
  endfacet
  facet normal  5.766428e-01  8.169964e-01  3.127139e-04
    outer loop
      vertex  6.593373e+00  1.002634e+01  2.650000e+01
      vertex  6.521565e+00  1.007319e+01  3.650000e+01
      vertex  7.306768e+00  9.518989e+00  3.650000e+01
    endloop
  endfacet
  facet normal  5.822583e-01  8.130038e-01 -2.904636e-04
    outer loop
      vertex  6.593373e+00  1.002634e+01  2.650000e+01
      vertex  7.306768e+00  9.518989e+00  3.650000e+01
      vertex  7.369764e+00  9.470300e+00  2.650000e+01
    endloop
  endfacet
  facet normal  6.401752e-01  7.682290e-01  2.923892e-04
    outer loop
      vertex  7.369764e+00  9.470300e+00  2.650000e+01
      vertex  7.306768e+00  9.518989e+00  3.650000e+01
      vertex  8.045102e+00  8.903726e+00  3.650000e+01
    endloop
  endfacet
  facet normal  6.450625e-01  7.641298e-01 -2.699259e-04
    outer loop
      vertex  7.369764e+00  9.470300e+00  2.650000e+01
      vertex  8.045102e+00  8.903726e+00  3.650000e+01
      vertex  8.099482e+00  8.854287e+00  2.650000e+01
    endloop
  endfacet
  facet normal  6.996004e-01  7.145343e-01  2.718407e-04
    outer loop
      vertex  8.099482e+00  8.854287e+00  2.650000e+01
      vertex  8.045102e+00  8.903726e+00  3.650000e+01
      vertex  8.731831e+00  8.231350e+00  3.650000e+01
    endloop
  endfacet
  facet normal  7.037820e-01  7.104160e-01 -2.491288e-04
    outer loop
      vertex  8.099482e+00  8.854287e+00  2.650000e+01
      vertex  8.731831e+00  8.231350e+00  3.650000e+01
      vertex  8.777905e+00  8.182199e+00  2.650000e+01
    endloop
  endfacet
  facet normal  7.545373e-01  6.562571e-01  2.509143e-04
    outer loop
      vertex  8.777905e+00  8.182199e+00  2.650000e+01
      vertex  8.731831e+00  8.231350e+00  3.650000e+01
      vertex  9.362550e+00  7.506175e+00  3.650000e+01
    endloop
  endfacet
  facet normal  7.580435e-01  6.522039e-01 -2.280826e-04
    outer loop
      vertex  8.777905e+00  8.182199e+00  2.650000e+01
      vertex  9.362550e+00  7.506175e+00  3.650000e+01
      vertex  9.400737e+00  7.458294e+00  2.650000e+01
    endloop
  endfacet
  facet normal  8.046356e-01  5.937688e-01  2.296325e-04
    outer loop
      vertex  9.400737e+00  7.458294e+00  2.650000e+01
      vertex  9.362550e+00  7.506175e+00  3.650000e+01
      vertex  9.933212e+00  6.732852e+00  3.650000e+01
    endloop
  endfacet
  facet normal  8.075048e-01  5.898610e-01 -2.066256e-04
    outer loop
      vertex  9.400737e+00  7.458294e+00  2.650000e+01
      vertex  9.933212e+00  6.732852e+00  3.650000e+01
      vertex  9.964034e+00  6.687154e+00  2.650000e+01
    endloop
  endfacet
  facet normal  8.495718e-01  5.274729e-01  2.081291e-04
    outer loop
      vertex  9.964034e+00  6.687154e+00  2.650000e+01
      vertex  9.933212e+00  6.732852e+00  3.650000e+01
      vertex  1.044016e+01  5.916340e+00  3.650000e+01
    endloop
  endfacet
  facet normal  8.518525e-01  5.237817e-01 -1.849800e-04
    outer loop
      vertex  9.964034e+00  6.687154e+00  2.650000e+01
      vertex  1.044016e+01  5.916340e+00  3.650000e+01
      vertex  1.046423e+01  5.873664e+00  2.650000e+01
    endloop
  endfacet
  facet normal  8.890586e-01  4.577933e-01  1.861833e-04
    outer loop
      vertex  1.046423e+01  5.873664e+00  2.650000e+01
      vertex  1.044016e+01  5.916340e+00  3.650000e+01
      vertex  1.088014e+01  5.061879e+00  3.650000e+01
    endloop
  endfacet
  facet normal  8.908046e-01  4.543867e-01 -1.629764e-04
    outer loop
      vertex  1.046423e+01  5.873664e+00  2.650000e+01
      vertex  1.088014e+01  5.061879e+00  3.650000e+01
      vertex  1.089815e+01  5.022976e+00  2.650000e+01
    endloop
  endfacet
  facet normal  9.228428e-01  3.851769e-01  1.639789e-04
    outer loop
      vertex  1.089815e+01  5.022976e+00  2.650000e+01
      vertex  1.088014e+01  5.061879e+00  3.650000e+01
      vertex  1.125033e+01  4.174948e+00  3.650000e+01
    endloop
  endfacet
  facet normal  9.241155e-01  3.821135e-01 -1.406242e-04
    outer loop
      vertex  1.089815e+01  5.022976e+00  2.650000e+01
      vertex  1.125033e+01  4.174948e+00  3.650000e+01
      vertex  1.126306e+01  4.140478e+00  2.650000e+01
    endloop
  endfacet
  facet normal  9.507075e-01  3.100893e-01  1.415032e-04
    outer loop
      vertex  1.126306e+01  4.140478e+00  2.650000e+01
      vertex  1.125033e+01  4.174948e+00  3.650000e+01
      vertex  1.154835e+01  3.261237e+00  3.650000e+01
    endloop
  endfacet
  facet normal  9.515741e-01  3.074197e-01 -1.179418e-04
    outer loop
      vertex  1.126306e+01  4.140478e+00  2.650000e+01
      vertex  1.154835e+01  3.261237e+00  3.650000e+01
      vertex  1.155663e+01  3.231757e+00  2.650000e+01
    endloop
  endfacet
  facet normal  9.724734e-01  2.330142e-01  1.187214e-04
    outer loop
      vertex  1.155663e+01  3.231757e+00  2.650000e+01
      vertex  1.154835e+01  3.261237e+00  3.650000e+01
      vertex  1.177229e+01  2.326607e+00  3.650000e+01
    endloop
  endfacet
  facet normal -5.386347e-01  8.425390e-01 -9.024410e-04
    outer loop
      vertex -6.094518e+00  1.033716e+01  3.100000e+01
      vertex -6.824279e+00  9.870624e+00  3.100000e+01
      vertex -6.241612e+00  1.024901e+01  3.650000e+01
    endloop
  endfacet
  facet normal -4.855148e-01  8.742279e-01  1.026080e-03
    outer loop
      vertex -6.094518e+00  1.033716e+01  3.100000e+01
      vertex -6.241612e+00  1.024901e+01  3.650000e+01
      vertex -5.401404e+00  1.071563e+01  3.650000e+01
    endloop
  endfacet
  facet normal -4.756446e-01  8.796374e-01 -5.900143e-04
    outer loop
      vertex -6.094518e+00  1.033716e+01  3.100000e+01
      vertex -5.401404e+00  1.071563e+01  3.650000e+01
      vertex -5.253235e+00  1.078905e+01  2.650000e+01
    endloop
  endfacet
  facet normal -4.731972e-01  8.809565e-01  0.000000e+00
    outer loop
      vertex -6.094518e+00  1.033716e+01  3.100000e+01
      vertex -5.253235e+00  1.078905e+01  2.650000e+01
      vertex -6.094518e+00  1.033716e+01  2.650000e+01
    endloop
  endfacet
  facet normal -8.761107e-01  4.821092e-01  7.907397e-04
    outer loop
      vertex -1.073657e+01  5.359664e+00  3.650000e+01
      vertex -1.027322e+01  6.201682e+00  3.650000e+01
      vertex -1.033716e+01  6.094518e+00  3.100000e+01
    endloop
  endfacet
  facet normal -8.786060e-01  4.775472e-01  0.000000e+00
    outer loop
      vertex -1.073657e+01  5.359664e+00  3.650000e+01
      vertex -1.033716e+01  6.094518e+00  3.100000e+01
      vertex -1.033716e+01  6.094518e+00  2.650000e+01
    endloop
  endfacet
  facet normal -8.808877e-01  4.733250e-01 -4.014051e-04
    outer loop
      vertex -1.073657e+01  5.359664e+00  3.650000e+01
      vertex -1.033716e+01  6.094518e+00  2.650000e+01
      vertex -1.078753e+01  5.256359e+00  2.650000e+01
    endloop
  endfacet
  facet normal -9.118823e-01  4.104514e-01  4.060365e-04
    outer loop
      vertex -1.073657e+01  5.359664e+00  3.650000e+01
      vertex -1.078753e+01  5.256359e+00  2.650000e+01
      vertex -1.113105e+01  4.483267e+00  3.650000e+01
    endloop
  endfacet
  facet normal -8.966371e-01 -4.427663e-01  -0.000000e+00
    outer loop
      vertex -1.054054e+01 -5.735591e+00  2.650000e+01
      vertex -1.054054e+01 -5.735591e+00  3.650000e+01
      vertex -1.096183e+01 -4.882446e+00  2.650000e+01
    endloop
  endfacet
  facet normal -8.968139e-01 -4.424081e-01  3.801557e-05
    outer loop
      vertex -1.096183e+01 -4.882446e+00  2.650000e+01
      vertex -1.054054e+01 -5.735591e+00  3.650000e+01
      vertex -1.096573e+01 -4.873676e+00  3.650000e+01
    endloop
  endfacet
  facet normal -9.288985e-01 -3.703347e-01 -3.771351e-05
    outer loop
      vertex -1.096183e+01 -4.882446e+00  2.650000e+01
      vertex -1.096573e+01 -4.873676e+00  3.650000e+01
      vertex -1.131420e+01 -3.998605e+00  2.650000e+01
    endloop
  endfacet
  facet normal -9.293421e-01 -3.692198e-01  7.530630e-05
    outer loop
      vertex -1.131420e+01 -3.998605e+00  2.650000e+01
      vertex -1.096573e+01 -4.873676e+00  3.650000e+01
      vertex -1.132058e+01 -3.980499e+00  3.650000e+01
    endloop
  endfacet
  facet normal -9.553192e-01 -2.955757e-01 -7.461286e-05
    outer loop
      vertex -1.131420e+01 -3.998605e+00  2.650000e+01
      vertex -1.132058e+01 -3.980499e+00  3.650000e+01
      vertex -1.159544e+01 -3.089624e+00  2.650000e+01
    endloop
  endfacet
  facet normal -9.559088e-01 -2.936639e-01  1.119102e-04
    outer loop
      vertex -1.159544e+01 -3.089624e+00  2.650000e+01
      vertex -1.132058e+01 -3.980499e+00  3.650000e+01
      vertex -1.160282e+01 -3.061789e+00  3.650000e+01
    endloop
  endfacet
  facet normal -9.757346e-01 -2.189566e-01 -1.106709e-04
    outer loop
      vertex -1.159544e+01 -3.089624e+00  2.650000e+01
      vertex -1.160282e+01 -3.061789e+00  3.650000e+01
      vertex -1.180378e+01 -2.161219e+00  2.650000e+01
    endloop
  endfacet
  facet normal  9.963666e-01 -8.516816e-02  0.000000e+00
    outer loop
      vertex  1.190588e+01 -1.500000e+00  3.650000e+01
      vertex  1.190588e+01 -1.500000e+00  2.650000e+01
      vertex  1.198773e+01 -5.424066e-01  3.650000e+01
    endloop
  endfacet
  facet normal  9.963448e-01 -8.542331e-02  2.461251e-05
    outer loop
      vertex  1.198773e+01 -5.424066e-01  3.650000e+01
      vertex  1.190588e+01 -1.500000e+00  2.650000e+01
      vertex  1.198746e+01 -5.485247e-01  2.650000e+01
    endloop
  endfacet
  facet normal  9.999867e-01 -5.160894e-03 -2.459406e-05
    outer loop
      vertex  1.198773e+01 -5.424066e-01  3.650000e+01
      vertex  1.198746e+01 -5.485247e-01  2.650000e+01
      vertex  1.199269e+01  4.186660e-01  3.650000e+01
    endloop
  endfacet
  facet normal  9.999825e-01 -5.924976e-03  4.930944e-05
    outer loop
      vertex  1.199269e+01  4.186660e-01  3.650000e+01
      vertex  1.198746e+01 -5.485247e-01  2.650000e+01
      vertex  1.199312e+01  4.064243e-01  2.650000e+01
    endloop
  endfacet
  facet normal  9.971924e-01  7.488208e-02 -4.972892e-05
    outer loop
      vertex  1.199269e+01  4.186660e-01  3.650000e+01
      vertex  1.199312e+01  4.064243e-01  2.650000e+01
      vertex  1.192073e+01  1.377053e+00  3.650000e+01
    endloop
  endfacet
  facet normal  9.972872e-01  7.360931e-02  7.449550e-05
    outer loop
      vertex  1.192073e+01  1.377053e+00  3.650000e+01
      vertex  1.199312e+01  4.064243e-01  2.650000e+01
      vertex  1.192282e+01  1.358800e+00  2.650000e+01
    endloop
  endfacet
  facet normal  9.880017e-01  1.544428e-01 -7.499912e-05
    outer loop
      vertex  1.192073e+01  1.377053e+00  3.650000e+01
      vertex  1.192282e+01  1.358800e+00  2.650000e+01
      vertex  1.177229e+01  2.326607e+00  3.650000e+01
    endloop
  endfacet
  facet normal  9.882760e-01  1.526782e-01  9.990945e-05
    outer loop
      vertex  1.177229e+01  2.326607e+00  3.650000e+01
      vertex  1.192282e+01  1.358800e+00  2.650000e+01
      vertex  1.177702e+01  2.302569e+00  2.650000e+01
    endloop
  endfacet
  facet normal  9.730061e-01  2.307795e-01 -9.504151e-05
    outer loop
      vertex  1.177229e+01  2.326607e+00  3.650000e+01
      vertex  1.177702e+01  2.302569e+00  2.650000e+01
      vertex  1.155663e+01  3.231757e+00  2.650000e+01
    endloop
  endfacet
  facet normal  0.000000e+00  0.000000e+00 -1.000000e+00
    outer loop
      vertex  9.050000e+00 -3.552714e-15  2.650000e+01
      vertex  9.020217e+00  3.023900e-01  2.650000e+01
      vertex  1.198746e+01 -5.485247e-01  2.650000e+01
    endloop
  endfacet
  facet normal  0.000000e+00  -0.000000e+00 -1.000000e+00
    outer loop
      vertex  2.427051e+00 -1.763356e+00  2.650000e+01
      vertex  7.197610e+00 -1.520217e+00  2.650000e+01
      vertex  7.500000e+00 -1.550000e+00  2.650000e+01
    endloop
  endfacet
  facet normal  0.000000e+00  0.000000e+00 -1.000000e+00
    outer loop
      vertex  6.403985e+00  1.096015e+00  2.650000e+01
      vertex  2.853169e+00  9.270510e-01  2.650000e+01
      vertex  6.638866e+00  1.288778e+00  2.650000e+01
    endloop
  endfacet
  facet normal  0.000000e+00  0.000000e+00 -1.000000e+00
    outer loop
      vertex  2.427051e+00  1.763356e+00  2.650000e+01
      vertex  2.121320e+00  2.121320e+00  2.650000e+01
      vertex  7.500000e+00  1.550000e+00  2.650000e+01
    endloop
  endfacet
  facet normal  0.000000e+00  0.000000e+00 -1.000000e+00
    outer loop
      vertex  5.950000e+00 -3.552714e-15  2.650000e+01
      vertex  3.000000e+00 -1.458629e-14  2.650000e+01
      vertex  5.979783e+00  3.023900e-01  2.650000e+01
    endloop
  endfacet
  facet normal  0.000000e+00  0.000000e+00 -9.999999e-01
    outer loop
      vertex -1.052547e-15  9.050000e+00  2.650000e+01
      vertex -3.023900e-01  9.020217e+00  2.650000e+01
      vertex  2.938819e-01  1.199640e+01  2.650000e+01
    endloop
  endfacet
  facet normal  0.000000e+00  0.000000e+00 -1.000000e+00
    outer loop
      vertex  2.938819e-01  1.199640e+01  2.650000e+01
      vertex  3.023900e-01  9.020217e+00  2.650000e+01
      vertex -1.052547e-15  9.050000e+00  2.650000e+01
    endloop
  endfacet
  facet normal  0.000000e+00  0.000000e+00 -9.999999e-01
    outer loop
      vertex -1.096015e+00 -6.403985e+00  2.650000e+01
      vertex -1.288778e+00 -6.638866e+00  2.650000e+01
      vertex -9.270510e-01 -2.853169e+00  2.650000e+01
    endloop
  endfacet
  facet normal  -0.000000e+00  0.000000e+00 -1.000000e+00
    outer loop
      vertex -9.270510e-01 -2.853169e+00  2.650000e+01
      vertex -8.611339e-01 -6.211222e+00  2.650000e+01
      vertex -1.096015e+00 -6.403985e+00  2.650000e+01
    endloop
  endfacet
  facet normal  0.000000e+00  0.000000e+00 -1.000000e+00
    outer loop
      vertex  1.361971e+00 -2.673020e+00  2.650000e+01
      vertex  1.432013e+00 -6.906841e+00  2.650000e+01
      vertex  1.288778e+00 -6.638866e+00  2.650000e+01
    endloop
  endfacet
  facet normal  -0.000000e+00  -0.000000e+00 -1.000000e+00
    outer loop
      vertex  3.000000e+00 -1.458629e-14  2.650000e+01
      vertex  5.979783e+00 -3.023900e-01  2.650000e+01
      vertex  6.067986e+00 -5.931593e-01  2.650000e+01
    endloop
  endfacet
  facet normal  0.000000e+00  -0.000000e+00 -1.000000e+00
    outer loop
      vertex  3.000000e+00 -1.458629e-14  2.650000e+01
      vertex  5.950000e+00 -3.552714e-15  2.650000e+01
      vertex  5.979783e+00 -3.023900e-01  2.650000e+01
    endloop
  endfacet
  facet normal  0.000000e+00  0.000000e+00 -1.000000e+00
    outer loop
      vertex -1.550000e+00  7.500000e+00  2.650000e+01
      vertex -6.094518e+00  1.033716e+01  2.650000e+01
      vertex -5.253235e+00  1.078905e+01  2.650000e+01
    endloop
  endfacet
  facet normal  0.000000e+00  0.000000e+00 -9.999999e-01
    outer loop
      vertex -1.550000e+00  7.500000e+00  2.650000e+01
      vertex -5.253235e+00  1.078905e+01  2.650000e+01
      vertex -4.378683e+00  1.117261e+01  2.650000e+01
    endloop
  endfacet
  facet normal  0.000000e+00  0.000000e+00 -1.000000e+00
    outer loop
      vertex -1.550000e+00  7.500000e+00  2.650000e+01
      vertex -4.378683e+00  1.117261e+01  2.650000e+01
      vertex -3.476400e+00  1.148541e+01  2.650000e+01
    endloop
  endfacet
  facet normal  0.000000e+00  0.000000e+00 -1.000000e+00
    outer loop
      vertex -1.550000e+00  7.500000e+00  2.650000e+01
      vertex -3.476400e+00  1.148541e+01  2.650000e+01
      vertex -2.552101e+00  1.172548e+01  2.650000e+01
    endloop
  endfacet
  facet normal  0.000000e+00  0.000000e+00 -1.000000e+00
    outer loop
      vertex -1.550000e+00  7.500000e+00  2.650000e+01
      vertex -2.552101e+00  1.172548e+01  2.650000e+01
      vertex -1.611640e+00  1.189128e+01  2.650000e+01
    endloop
  endfacet
  facet normal  0.000000e+00  0.000000e+00 -9.999999e-01
    outer loop
      vertex -1.550000e+00  7.500000e+00  2.650000e+01
      vertex -1.611640e+00  1.189128e+01  2.650000e+01
      vertex -1.520217e+00  7.802390e+00  2.650000e+01
    endloop
  endfacet
  facet normal  0.000000e+00  0.000000e+00 -1.000000e+00
    outer loop
      vertex  1.199312e+01  4.064243e-01  2.650000e+01
      vertex  1.198746e+01 -5.485247e-01  2.650000e+01
      vertex  9.020217e+00  3.023900e-01  2.650000e+01
    endloop
  endfacet
  facet normal  0.000000e+00  0.000000e+00 -9.999999e-01
    outer loop
      vertex  1.199312e+01  4.064243e-01  2.650000e+01
      vertex  9.020217e+00  3.023900e-01  2.650000e+01
      vertex  8.932014e+00  5.931593e-01  2.650000e+01
    endloop
  endfacet
  facet normal  0.000000e+00  0.000000e+00 -1.000000e+00
    outer loop
      vertex  1.199312e+01  4.064243e-01  2.650000e+01
      vertex  8.932014e+00  5.931593e-01  2.650000e+01
      vertex  8.788778e+00  8.611339e-01  2.650000e+01
    endloop
  endfacet
  facet normal  0.000000e+00  0.000000e+00 -1.000000e+00
    outer loop
      vertex  1.199312e+01  4.064243e-01  2.650000e+01
      vertex  8.788778e+00  8.611339e-01  2.650000e+01
      vertex  8.596016e+00  1.096015e+00  2.650000e+01
    endloop
  endfacet
  facet normal  0.000000e+00  0.000000e+00 -1.000000e+00
    outer loop
      vertex  1.199312e+01  4.064243e-01  2.650000e+01
      vertex  8.596016e+00  1.096015e+00  2.650000e+01
      vertex  8.361134e+00  1.288778e+00  2.650000e+01
    endloop
  endfacet
  facet normal  0.000000e+00  0.000000e+00 -1.000000e+00
    outer loop
      vertex  1.199312e+01  4.064243e-01  2.650000e+01
      vertex  8.361134e+00  1.288778e+00  2.650000e+01
      vertex  1.192282e+01  1.358800e+00  2.650000e+01
    endloop
  endfacet
  facet normal  0.000000e+00  -0.000000e+00 -1.000000e+00
    outer loop
      vertex  8.093160e+00  1.432013e+00  2.650000e+01
      vertex  9.400737e+00  7.458294e+00  2.650000e+01
      vertex  9.964034e+00  6.687154e+00  2.650000e+01
    endloop
  endfacet
  facet normal  0.000000e+00  -0.000000e+00 -1.000000e+00
    outer loop
      vertex  8.093160e+00  1.432013e+00  2.650000e+01
      vertex  9.964034e+00  6.687154e+00  2.650000e+01
      vertex  1.046423e+01  5.873664e+00  2.650000e+01
    endloop
  endfacet
  facet normal  0.000000e+00  -0.000000e+00 -1.000000e+00
    outer loop
      vertex  8.093160e+00  1.432013e+00  2.650000e+01
      vertex  1.046423e+01  5.873664e+00  2.650000e+01
      vertex  1.089815e+01  5.022976e+00  2.650000e+01
    endloop
  endfacet
  facet normal  0.000000e+00  -0.000000e+00 -1.000000e+00
    outer loop
      vertex  8.093160e+00  1.432013e+00  2.650000e+01
      vertex  1.089815e+01  5.022976e+00  2.650000e+01
      vertex  1.126306e+01  4.140478e+00  2.650000e+01
    endloop
  endfacet
  facet normal  0.000000e+00  -0.000000e+00 -1.000000e+00
    outer loop
      vertex  8.093160e+00  1.432013e+00  2.650000e+01
      vertex  1.126306e+01  4.140478e+00  2.650000e+01
      vertex  1.155663e+01  3.231757e+00  2.650000e+01
    endloop
  endfacet
  facet normal  0.000000e+00  -0.000000e+00 -9.999999e-01
    outer loop
      vertex  8.093160e+00  1.432013e+00  2.650000e+01
      vertex  1.155663e+01  3.231757e+00  2.650000e+01
      vertex  1.177702e+01  2.302569e+00  2.650000e+01
    endloop
  endfacet
  facet normal  0.000000e+00  -0.000000e+00 -1.000000e+00
    outer loop
      vertex  8.093160e+00  1.432013e+00  2.650000e+01
      vertex  1.177702e+01  2.302569e+00  2.650000e+01
      vertex  1.192282e+01  1.358800e+00  2.650000e+01
    endloop
  endfacet
  facet normal  -0.000000e+00  0.000000e+00 -1.000000e+00
    outer loop
      vertex  8.093160e+00  1.432013e+00  2.650000e+01
      vertex  1.192282e+01  1.358800e+00  2.650000e+01
      vertex  8.361134e+00  1.288778e+00  2.650000e+01
    endloop
  endfacet
  facet normal  0.000000e+00  0.000000e+00 -1.000000e+00
    outer loop
      vertex -2.121320e+00 -2.121320e+00  2.650000e+01
      vertex -1.550000e+00 -7.500000e+00  2.650000e+01
      vertex -5.950000e+00  3.552714e-15  2.650000e+01
    endloop
  endfacet
  facet normal  0.000000e+00  0.000000e+00 -1.000000e+00
    outer loop
      vertex -2.121320e+00 -2.121320e+00  2.650000e+01
      vertex -5.950000e+00  3.552714e-15  2.650000e+01
      vertex -5.979783e+00  3.023900e-01  2.650000e+01
    endloop
  endfacet
  facet normal  0.000000e+00  0.000000e+00 -1.000000e+00
    outer loop
      vertex -2.121320e+00 -2.121320e+00  2.650000e+01
      vertex -5.979783e+00  3.023900e-01  2.650000e+01
      vertex -6.067986e+00  5.931593e-01  2.650000e+01
    endloop
  endfacet
  facet normal  0.000000e+00  0.000000e+00 -9.999999e-01
    outer loop
      vertex -2.121320e+00 -2.121320e+00  2.650000e+01
      vertex -6.067986e+00  5.931593e-01  2.650000e+01
      vertex -6.211222e+00  8.611339e-01  2.650000e+01
    endloop
  endfacet
  facet normal  0.000000e+00  0.000000e+00 -1.000000e+00
    outer loop
      vertex -2.121320e+00 -2.121320e+00  2.650000e+01
      vertex -6.211222e+00  8.611339e-01  2.650000e+01
      vertex -6.403985e+00  1.096015e+00  2.650000e+01
    endloop
  endfacet
  facet normal  0.000000e+00  0.000000e+00 -1.000000e+00
    outer loop
      vertex -2.121320e+00 -2.121320e+00  2.650000e+01
      vertex -6.403985e+00  1.096015e+00  2.650000e+01
      vertex -6.638866e+00  1.288778e+00  2.650000e+01
    endloop
  endfacet
  facet normal  0.000000e+00  0.000000e+00 -1.000000e+00
    outer loop
      vertex -2.121320e+00 -2.121320e+00  2.650000e+01
      vertex -6.638866e+00  1.288778e+00  2.650000e+01
      vertex -1.033716e+01  6.094518e+00  2.650000e+01
    endloop
  endfacet
  facet normal  0.000000e+00  0.000000e+00 -1.000000e+00
    outer loop
      vertex -1.550000e+00 -7.500000e+00  2.650000e+01
      vertex -7.500000e+00 -2.500000e+01  2.650000e+01
      vertex -7.500000e+00 -1.768474e+01  2.650000e+01
    endloop
  endfacet
  facet normal  0.000000e+00  0.000000e+00 -1.000000e+00
    outer loop
      vertex -1.550000e+00 -7.500000e+00  2.650000e+01
      vertex -7.500000e+00 -1.768474e+01  2.650000e+01
      vertex -7.538314e+00 -1.630118e+01  2.650000e+01
    endloop
  endfacet
  facet normal  0.000000e+00  0.000000e+00 -1.000000e+00
    outer loop
      vertex -1.550000e+00 -7.500000e+00  2.650000e+01
      vertex -7.538314e+00 -1.630118e+01  2.650000e+01
      vertex -7.653140e+00 -1.492185e+01  2.650000e+01
    endloop
  endfacet
  facet normal  0.000000e+00  0.000000e+00 -1.000000e+00
    outer loop
      vertex -1.550000e+00 -7.500000e+00  2.650000e+01
      vertex -7.653140e+00 -1.492185e+01  2.650000e+01
      vertex -7.844125e+00 -1.355100e+01  2.650000e+01
    endloop
  endfacet
  facet normal  0.000000e+00  0.000000e+00 -1.000000e+00
    outer loop
      vertex -1.550000e+00 -7.500000e+00  2.650000e+01
      vertex -7.844125e+00 -1.355100e+01  2.650000e+01
      vertex -8.110683e+00 -1.219281e+01  2.650000e+01
    endloop
  endfacet
  facet normal  0.000000e+00  0.000000e+00 -1.000000e+00
    outer loop
      vertex -1.550000e+00 -7.500000e+00  2.650000e+01
      vertex -8.110683e+00 -1.219281e+01  2.650000e+01
      vertex -8.451999e+00 -1.085146e+01  2.650000e+01
    endloop
  endfacet
  facet normal  0.000000e+00  0.000000e+00 -1.000000e+00
    outer loop
      vertex -1.550000e+00 -7.500000e+00  2.650000e+01
      vertex -8.451999e+00 -1.085146e+01  2.650000e+01
      vertex -8.867025e+00 -9.531059e+00  2.650000e+01
    endloop
  endfacet
  facet normal  0.000000e+00  0.000000e+00 -1.000000e+00
    outer loop
      vertex -1.550000e+00 -7.500000e+00  2.650000e+01
      vertex -8.867025e+00 -9.531059e+00  2.650000e+01
      vertex -9.354489e+00 -8.235646e+00  2.650000e+01
    endloop
  endfacet
  facet normal  0.000000e+00  0.000000e+00 -1.000000e+00
    outer loop
      vertex -1.550000e+00 -7.500000e+00  2.650000e+01
      vertex -9.354489e+00 -8.235646e+00  2.650000e+01
      vertex -9.912899e+00 -6.969196e+00  2.650000e+01
    endloop
  endfacet
  facet normal  0.000000e+00  0.000000e+00 -1.000000e+00
    outer loop
      vertex -1.550000e+00 -7.500000e+00  2.650000e+01
      vertex -9.912899e+00 -6.969196e+00  2.650000e+01
      vertex -8.596016e+00 -1.096015e+00  2.650000e+01
    endloop
  endfacet
  facet normal  0.000000e+00  0.000000e+00 -1.000000e+00
    outer loop
      vertex -1.550000e+00 -7.500000e+00  2.650000e+01
      vertex -8.596016e+00 -1.096015e+00  2.650000e+01
      vertex -8.361134e+00 -1.288778e+00  2.650000e+01
    endloop
  endfacet
  facet normal  0.000000e+00  0.000000e+00 -1.000000e+00
    outer loop
      vertex -1.550000e+00 -7.500000e+00  2.650000e+01
      vertex -8.361134e+00 -1.288778e+00  2.650000e+01
      vertex -8.093160e+00 -1.432013e+00  2.650000e+01
    endloop
  endfacet
  facet normal  0.000000e+00  0.000000e+00 -1.000000e+00
    outer loop
      vertex -1.550000e+00 -7.500000e+00  2.650000e+01
      vertex -8.093160e+00 -1.432013e+00  2.650000e+01
      vertex -7.802390e+00 -1.520217e+00  2.650000e+01
    endloop
  endfacet
  facet normal  0.000000e+00  0.000000e+00 -1.000000e+00
    outer loop
      vertex -1.550000e+00 -7.500000e+00  2.650000e+01
      vertex -7.802390e+00 -1.520217e+00  2.650000e+01
      vertex -7.500000e+00 -1.550000e+00  2.650000e+01
    endloop
  endfacet
  facet normal  0.000000e+00  0.000000e+00 -1.000000e+00
    outer loop
      vertex -1.550000e+00 -7.500000e+00  2.650000e+01
      vertex -7.500000e+00 -1.550000e+00  2.650000e+01
      vertex -7.197610e+00 -1.520217e+00  2.650000e+01
    endloop
  endfacet
  facet normal  0.000000e+00  0.000000e+00 -1.000000e+00
    outer loop
      vertex -1.550000e+00 -7.500000e+00  2.650000e+01
      vertex -7.197610e+00 -1.520217e+00  2.650000e+01
      vertex -6.906841e+00 -1.432013e+00  2.650000e+01
    endloop
  endfacet
  facet normal  0.000000e+00  0.000000e+00 -1.000000e+00
    outer loop
      vertex -1.550000e+00 -7.500000e+00  2.650000e+01
      vertex -6.906841e+00 -1.432013e+00  2.650000e+01
      vertex -6.638866e+00 -1.288778e+00  2.650000e+01
    endloop
  endfacet
  facet normal  0.000000e+00  0.000000e+00 -1.000000e+00
    outer loop
      vertex -1.550000e+00 -7.500000e+00  2.650000e+01
      vertex -6.638866e+00 -1.288778e+00  2.650000e+01
      vertex -6.403985e+00 -1.096015e+00  2.650000e+01
    endloop
  endfacet
  facet normal  0.000000e+00  0.000000e+00 -1.000000e+00
    outer loop
      vertex -1.550000e+00 -7.500000e+00  2.650000e+01
      vertex -6.403985e+00 -1.096015e+00  2.650000e+01
      vertex -6.211222e+00 -8.611339e-01  2.650000e+01
    endloop
  endfacet
  facet normal  0.000000e+00  0.000000e+00 -1.000000e+00
    outer loop
      vertex -1.550000e+00 -7.500000e+00  2.650000e+01
      vertex -6.211222e+00 -8.611339e-01  2.650000e+01
      vertex -6.067986e+00 -5.931593e-01  2.650000e+01
    endloop
  endfacet
  facet normal  0.000000e+00  0.000000e+00 -9.999999e-01
    outer loop
      vertex -1.550000e+00 -7.500000e+00  2.650000e+01
      vertex -6.067986e+00 -5.931593e-01  2.650000e+01
      vertex -5.979783e+00 -3.023900e-01  2.650000e+01
    endloop
  endfacet
  facet normal  0.000000e+00  0.000000e+00 -1.000000e+00
    outer loop
      vertex -1.550000e+00 -7.500000e+00  2.650000e+01
      vertex -5.979783e+00 -3.023900e-01  2.650000e+01
      vertex -5.950000e+00  3.552714e-15  2.650000e+01
    endloop
  endfacet
  facet normal  0.000000e+00  0.000000e+00 -1.000000e+00
    outer loop
      vertex  8.945159e+00 -2.500000e+01  2.650000e+01
      vertex -1.288778e+00 -8.361134e+00  2.650000e+01
      vertex -1.096015e+00 -8.596016e+00  2.650000e+01
    endloop
  endfacet
  facet normal  0.000000e+00  0.000000e+00 -1.000000e+00
    outer loop
      vertex  8.945159e+00 -2.500000e+01  2.650000e+01
      vertex -1.096015e+00 -8.596016e+00  2.650000e+01
      vertex -8.611339e-01 -8.788778e+00  2.650000e+01
    endloop
  endfacet
  facet normal  0.000000e+00  0.000000e+00 -1.000000e+00
    outer loop
      vertex  8.945159e+00 -2.500000e+01  2.650000e+01
      vertex -8.611339e-01 -8.788778e+00  2.650000e+01
      vertex -5.931593e-01 -8.932014e+00  2.650000e+01
    endloop
  endfacet
  facet normal  0.000000e+00  0.000000e+00 -9.999999e-01
    outer loop
      vertex  8.945159e+00 -2.500000e+01  2.650000e+01
      vertex -5.931593e-01 -8.932014e+00  2.650000e+01
      vertex -3.023900e-01 -9.020217e+00  2.650000e+01
    endloop
  endfacet
  facet normal  0.000000e+00  0.000000e+00 -1.000000e+00
    outer loop
      vertex  8.945159e+00 -2.500000e+01  2.650000e+01
      vertex -3.023900e-01 -9.020217e+00  2.650000e+01
      vertex -3.644559e-16 -9.050000e+00  2.650000e+01
    endloop
  endfacet
  facet normal  0.000000e+00  0.000000e+00 -1.000000e+00
    outer loop
      vertex  8.945159e+00 -2.500000e+01  2.650000e+01
      vertex -3.644559e-16 -9.050000e+00  2.650000e+01
      vertex  3.023900e-01 -9.020217e+00  2.650000e+01
    endloop
  endfacet
  facet normal  0.000000e+00  0.000000e+00 -1.000000e+00
    outer loop
      vertex  8.945159e+00 -2.500000e+01  2.650000e+01
      vertex  3.023900e-01 -9.020217e+00  2.650000e+01
      vertex  5.931593e-01 -8.932014e+00  2.650000e+01
    endloop
  endfacet
  facet normal  0.000000e+00  0.000000e+00 -1.000000e+00
    outer loop
      vertex  8.945159e+00 -2.500000e+01  2.650000e+01
      vertex  5.931593e-01 -8.932014e+00  2.650000e+01
      vertex  8.611339e-01 -8.788778e+00  2.650000e+01
    endloop
  endfacet
  facet normal  0.000000e+00  0.000000e+00 -1.000000e+00
    outer loop
      vertex  8.945159e+00 -2.500000e+01  2.650000e+01
      vertex  8.611339e-01 -8.788778e+00  2.650000e+01
      vertex  1.096015e+00 -8.596016e+00  2.650000e+01
    endloop
  endfacet
  facet normal  0.000000e+00  0.000000e+00 -1.000000e+00
    outer loop
      vertex  8.945159e+00 -2.500000e+01  2.650000e+01
      vertex  1.096015e+00 -8.596016e+00  2.650000e+01
      vertex  1.288778e+00 -8.361134e+00  2.650000e+01
    endloop
  endfacet
  facet normal  0.000000e+00  0.000000e+00 -1.000000e+00
    outer loop
      vertex  8.945159e+00 -2.500000e+01  2.650000e+01
      vertex  1.288778e+00 -8.361134e+00  2.650000e+01
      vertex  1.432013e+00 -8.093160e+00  2.650000e+01
    endloop
  endfacet
  facet normal  0.000000e+00  0.000000e+00 -1.000000e+00
    outer loop
      vertex  8.945159e+00 -2.500000e+01  2.650000e+01
      vertex  1.432013e+00 -8.093160e+00  2.650000e+01
      vertex  1.520217e+00 -7.802390e+00  2.650000e+01
    endloop
  endfacet
  facet normal  0.000000e+00  0.000000e+00 -9.999999e-01
    outer loop
      vertex  8.945159e+00 -2.500000e+01  2.650000e+01
      vertex  1.520217e+00 -7.802390e+00  2.650000e+01
      vertex  1.550000e+00 -7.500000e+00  2.650000e+01
    endloop
  endfacet
  facet normal  0.000000e+00  0.000000e+00 -1.000000e+00
    outer loop
      vertex  8.945159e+00 -2.500000e+01  2.650000e+01
      vertex  1.550000e+00 -7.500000e+00  2.650000e+01
      vertex  1.763356e+00 -2.427051e+00  2.650000e+01
    endloop
  endfacet
  facet normal  0.000000e+00  0.000000e+00 -9.999999e-01
    outer loop
      vertex  8.945159e+00 -2.500000e+01  2.650000e+01
      vertex  1.763356e+00 -2.427051e+00  2.650000e+01
      vertex  2.121320e+00 -2.121320e+00  2.650000e+01
    endloop
  endfacet
  facet normal  0.000000e+00  0.000000e+00 -1.000000e+00
    outer loop
      vertex  8.945159e+00 -2.500000e+01  2.650000e+01
      vertex  2.121320e+00 -2.121320e+00  2.650000e+01
      vertex  2.427051e+00 -1.763356e+00  2.650000e+01
    endloop
  endfacet
  facet normal  0.000000e+00  0.000000e+00 -1.000000e+00
    outer loop
      vertex  8.945159e+00 -2.500000e+01  2.650000e+01
      vertex  2.427051e+00 -1.763356e+00  2.650000e+01
      vertex  7.500000e+00 -1.550000e+00  2.650000e+01
    endloop
  endfacet
  facet normal  0.000000e+00  0.000000e+00 -1.000000e+00
    outer loop
      vertex  8.945159e+00 -2.500000e+01  2.650000e+01
      vertex  7.500000e+00 -1.550000e+00  2.650000e+01
      vertex  7.802390e+00 -1.520217e+00  2.650000e+01
    endloop
  endfacet
  facet normal  0.000000e+00  0.000000e+00 -9.999999e-01
    outer loop
      vertex  8.945159e+00 -2.500000e+01  2.650000e+01
      vertex  7.802390e+00 -1.520217e+00  2.650000e+01
      vertex  8.093160e+00 -1.432013e+00  2.650000e+01
    endloop
  endfacet
  facet normal  0.000000e+00  0.000000e+00 -1.000000e+00
    outer loop
      vertex  8.945159e+00 -2.500000e+01  2.650000e+01
      vertex  8.093160e+00 -1.432013e+00  2.650000e+01
      vertex  1.190588e+01 -1.500000e+00  2.650000e+01
    endloop
  endfacet
  facet normal  0.000000e+00  0.000000e+00 -1.000000e+00
    outer loop
      vertex  1.190588e+01 -1.500000e+00  2.650000e+01
      vertex  8.093160e+00 -1.432013e+00  2.650000e+01
      vertex  8.361134e+00 -1.288778e+00  2.650000e+01
    endloop
  endfacet
  facet normal  0.000000e+00  0.000000e+00 -1.000000e+00
    outer loop
      vertex  1.190588e+01 -1.500000e+00  2.650000e+01
      vertex  8.361134e+00 -1.288778e+00  2.650000e+01
      vertex  8.596016e+00 -1.096015e+00  2.650000e+01
    endloop
  endfacet
  facet normal  0.000000e+00  0.000000e+00 -1.000000e+00
    outer loop
      vertex  1.190588e+01 -1.500000e+00  2.650000e+01
      vertex  8.596016e+00 -1.096015e+00  2.650000e+01
      vertex  8.788778e+00 -8.611339e-01  2.650000e+01
    endloop
  endfacet
  facet normal  0.000000e+00  0.000000e+00 -9.999999e-01
    outer loop
      vertex  1.190588e+01 -1.500000e+00  2.650000e+01
      vertex  8.788778e+00 -8.611339e-01  2.650000e+01
      vertex  8.932014e+00 -5.931593e-01  2.650000e+01
    endloop
  endfacet
  facet normal  0.000000e+00  0.000000e+00 -1.000000e+00
    outer loop
      vertex  1.190588e+01 -1.500000e+00  2.650000e+01
      vertex  8.932014e+00 -5.931593e-01  2.650000e+01
      vertex  9.020217e+00 -3.023900e-01  2.650000e+01
    endloop
  endfacet
  facet normal  0.000000e+00  0.000000e+00 -1.000000e+00
    outer loop
      vertex  1.190588e+01 -1.500000e+00  2.650000e+01
      vertex  9.020217e+00 -3.023900e-01  2.650000e+01
      vertex  9.050000e+00 -3.552714e-15  2.650000e+01
    endloop
  endfacet
  facet normal  0.000000e+00  0.000000e+00 -1.000000e+00
    outer loop
      vertex  1.190588e+01 -1.500000e+00  2.650000e+01
      vertex  9.050000e+00 -3.552714e-15  2.650000e+01
      vertex  1.198746e+01 -5.485247e-01  2.650000e+01
    endloop
  endfacet
  facet normal  0.000000e+00  -0.000000e+00 -1.000000e+00
    outer loop
      vertex -9.912899e+00 -6.969196e+00  2.650000e+01
      vertex -9.050000e+00  3.552714e-15  2.650000e+01
      vertex -9.020217e+00 -3.023900e-01  2.650000e+01
    endloop
  endfacet
  facet normal  0.000000e+00  -0.000000e+00 -1.000000e+00
    outer loop
      vertex -9.912899e+00 -6.969196e+00  2.650000e+01
      vertex -9.020217e+00 -3.023900e-01  2.650000e+01
      vertex -8.932014e+00 -5.931593e-01  2.650000e+01
    endloop
  endfacet
  facet normal  0.000000e+00  -0.000000e+00 -1.000000e+00
    outer loop
      vertex -9.912899e+00 -6.969196e+00  2.650000e+01
      vertex -8.932014e+00 -5.931593e-01  2.650000e+01
      vertex -8.788778e+00 -8.611339e-01  2.650000e+01
    endloop
  endfacet
  facet normal  0.000000e+00  -0.000000e+00 -1.000000e+00
    outer loop
      vertex -9.912899e+00 -6.969196e+00  2.650000e+01
      vertex -8.788778e+00 -8.611339e-01  2.650000e+01
      vertex -8.596016e+00 -1.096015e+00  2.650000e+01
    endloop
  endfacet
  facet normal  0.000000e+00  0.000000e+00 -1.000000e+00
    outer loop
      vertex  2.673020e+00  1.361971e+00  2.650000e+01
      vertex  2.427051e+00  1.763356e+00  2.650000e+01
      vertex  7.500000e+00  1.550000e+00  2.650000e+01
    endloop
  endfacet
  facet normal  0.000000e+00  0.000000e+00 -1.000000e+00
    outer loop
      vertex  2.673020e+00  1.361971e+00  2.650000e+01
      vertex  7.500000e+00  1.550000e+00  2.650000e+01
      vertex  7.197610e+00  1.520217e+00  2.650000e+01
    endloop
  endfacet
  facet normal  0.000000e+00  0.000000e+00 -1.000000e+00
    outer loop
      vertex  2.673020e+00  1.361971e+00  2.650000e+01
      vertex  7.197610e+00  1.520217e+00  2.650000e+01
      vertex  6.906841e+00  1.432013e+00  2.650000e+01
    endloop
  endfacet
  facet normal  0.000000e+00  0.000000e+00 -1.000000e+00
    outer loop
      vertex  2.673020e+00  1.361971e+00  2.650000e+01
      vertex  6.906841e+00  1.432013e+00  2.650000e+01
      vertex  6.638866e+00  1.288778e+00  2.650000e+01
    endloop
  endfacet
  facet normal  -0.000000e+00  0.000000e+00 -1.000000e+00
    outer loop
      vertex  2.673020e+00  1.361971e+00  2.650000e+01
      vertex  6.638866e+00  1.288778e+00  2.650000e+01
      vertex  2.853169e+00  9.270510e-01  2.650000e+01
    endloop
  endfacet
  facet normal  0.000000e+00  0.000000e+00 -1.000000e+00
    outer loop
      vertex  9.400737e+00  7.458294e+00  2.650000e+01
      vertex  8.093160e+00  1.432013e+00  2.650000e+01
      vertex  7.802390e+00  1.520217e+00  2.650000e+01
    endloop
  endfacet
  facet normal  0.000000e+00  0.000000e+00 -1.000000e+00
    outer loop
      vertex  9.400737e+00  7.458294e+00  2.650000e+01
      vertex  7.802390e+00  1.520217e+00  2.650000e+01
      vertex  7.500000e+00  1.550000e+00  2.650000e+01
    endloop
  endfacet
  facet normal  0.000000e+00  0.000000e+00 -1.000000e+00
    outer loop
      vertex  9.400737e+00  7.458294e+00  2.650000e+01
      vertex  7.500000e+00  1.550000e+00  2.650000e+01
      vertex  2.121320e+00  2.121320e+00  2.650000e+01
    endloop
  endfacet
  facet normal  0.000000e+00  0.000000e+00 -1.000000e+00
    outer loop
      vertex  9.400737e+00  7.458294e+00  2.650000e+01
      vertex  2.121320e+00  2.121320e+00  2.650000e+01
      vertex  1.550000e+00  7.500000e+00  2.650000e+01
    endloop
  endfacet
  facet normal  0.000000e+00  0.000000e+00 -9.999999e-01
    outer loop
      vertex  9.400737e+00  7.458294e+00  2.650000e+01
      vertex  1.550000e+00  7.500000e+00  2.650000e+01
      vertex  8.777905e+00  8.182199e+00  2.650000e+01
    endloop
  endfacet
  facet normal  0.000000e+00  -0.000000e+00 -1.000000e+00
    outer loop
      vertex  1.550000e+00  7.500000e+00  2.650000e+01
      vertex  2.191971e+00  1.179810e+01  2.650000e+01
      vertex  3.123185e+00  1.158644e+01  2.650000e+01
    endloop
  endfacet
  facet normal  0.000000e+00  -0.000000e+00 -1.000000e+00
    outer loop
      vertex  1.550000e+00  7.500000e+00  2.650000e+01
      vertex  3.123185e+00  1.158644e+01  2.650000e+01
      vertex  4.034620e+00  1.130141e+01  2.650000e+01
    endloop
  endfacet
  facet normal  0.000000e+00  -0.000000e+00 -1.000000e+00
    outer loop
      vertex  1.550000e+00  7.500000e+00  2.650000e+01
      vertex  4.034620e+00  1.130141e+01  2.650000e+01
      vertex  4.920504e+00  1.094480e+01  2.650000e+01
    endloop
  endfacet
  facet normal  0.000000e+00  -0.000000e+00 -1.000000e+00
    outer loop
      vertex  1.550000e+00  7.500000e+00  2.650000e+01
      vertex  4.920504e+00  1.094480e+01  2.650000e+01
      vertex  5.775226e+00  1.051888e+01  2.650000e+01
    endloop
  endfacet
  facet normal  0.000000e+00  -0.000000e+00 -1.000000e+00
    outer loop
      vertex  1.550000e+00  7.500000e+00  2.650000e+01
      vertex  5.775226e+00  1.051888e+01  2.650000e+01
      vertex  6.593373e+00  1.002634e+01  2.650000e+01
    endloop
  endfacet
  facet normal  0.000000e+00  -0.000000e+00 -9.999999e-01
    outer loop
      vertex  1.550000e+00  7.500000e+00  2.650000e+01
      vertex  6.593373e+00  1.002634e+01  2.650000e+01
      vertex  7.369764e+00  9.470300e+00  2.650000e+01
    endloop
  endfacet
  facet normal  0.000000e+00  -0.000000e+00 -1.000000e+00
    outer loop
      vertex  1.550000e+00  7.500000e+00  2.650000e+01
      vertex  7.369764e+00  9.470300e+00  2.650000e+01
      vertex  8.099482e+00  8.854287e+00  2.650000e+01
    endloop
  endfacet
  facet normal  0.000000e+00  -0.000000e+00 -1.000000e+00
    outer loop
      vertex  1.550000e+00  7.500000e+00  2.650000e+01
      vertex  8.099482e+00  8.854287e+00  2.650000e+01
      vertex  8.777905e+00  8.182199e+00  2.650000e+01
    endloop
  endfacet
  facet normal  -0.000000e+00  -0.000000e+00 -1.000000e+00
    outer loop
      vertex -6.094518e+00  1.033716e+01  2.650000e+01
      vertex -1.550000e+00  7.500000e+00  2.650000e+01
      vertex -1.520217e+00  7.197610e+00  2.650000e+01
    endloop
  endfacet
  facet normal  -0.000000e+00  -0.000000e+00 -1.000000e+00
    outer loop
      vertex -6.094518e+00  1.033716e+01  2.650000e+01
      vertex -1.520217e+00  7.197610e+00  2.650000e+01
      vertex -1.432013e+00  6.906841e+00  2.650000e+01
    endloop
  endfacet
  facet normal  -0.000000e+00  -0.000000e+00 -1.000000e+00
    outer loop
      vertex -6.094518e+00  1.033716e+01  2.650000e+01
      vertex -1.432013e+00  6.906841e+00  2.650000e+01
      vertex -1.288778e+00  6.638866e+00  2.650000e+01
    endloop
  endfacet
  facet normal  -0.000000e+00  -0.000000e+00 -1.000000e+00
    outer loop
      vertex -6.094518e+00  1.033716e+01  2.650000e+01
      vertex -1.288778e+00  6.638866e+00  2.650000e+01
      vertex  2.121320e+00  2.121320e+00  2.650000e+01
    endloop
  endfacet
  facet normal  0.000000e+00  0.000000e+00 -1.000000e+00
    outer loop
      vertex  2.121320e+00  2.121320e+00  2.650000e+01
      vertex -1.288778e+00  6.638866e+00  2.650000e+01
      vertex -1.096015e+00  6.403985e+00  2.650000e+01
    endloop
  endfacet
  facet normal  0.000000e+00  0.000000e+00 -1.000000e+00
    outer loop
      vertex  2.121320e+00  2.121320e+00  2.650000e+01
      vertex -1.096015e+00  6.403985e+00  2.650000e+01
      vertex -8.611339e-01  6.211222e+00  2.650000e+01
    endloop
  endfacet
  facet normal  0.000000e+00  0.000000e+00 -9.999999e-01
    outer loop
      vertex  2.121320e+00  2.121320e+00  2.650000e+01
      vertex -8.611339e-01  6.211222e+00  2.650000e+01
      vertex -5.931593e-01  6.067986e+00  2.650000e+01
    endloop
  endfacet
  facet normal  0.000000e+00  0.000000e+00 -1.000000e+00
    outer loop
      vertex  2.121320e+00  2.121320e+00  2.650000e+01
      vertex -5.931593e-01  6.067986e+00  2.650000e+01
      vertex -3.023900e-01  5.979783e+00  2.650000e+01
    endloop
  endfacet
  facet normal  0.000000e+00  0.000000e+00 -1.000000e+00
    outer loop
      vertex  2.121320e+00  2.121320e+00  2.650000e+01
      vertex -3.023900e-01  5.979783e+00  2.650000e+01
      vertex -6.249719e-16  5.950000e+00  2.650000e+01
    endloop
  endfacet
  facet normal  0.000000e+00  0.000000e+00 -9.999999e-01
    outer loop
      vertex  2.121320e+00  2.121320e+00  2.650000e+01
      vertex -6.249719e-16  5.950000e+00  2.650000e+01
      vertex  3.023900e-01  5.979783e+00  2.650000e+01
    endloop
  endfacet
  facet normal  0.000000e+00  0.000000e+00 -1.000000e+00
    outer loop
      vertex  2.121320e+00  2.121320e+00  2.650000e+01
      vertex  3.023900e-01  5.979783e+00  2.650000e+01
      vertex  5.931593e-01  6.067986e+00  2.650000e+01
    endloop
  endfacet
  facet normal  0.000000e+00  0.000000e+00 -1.000000e+00
    outer loop
      vertex  2.121320e+00  2.121320e+00  2.650000e+01
      vertex  5.931593e-01  6.067986e+00  2.650000e+01
      vertex  8.611339e-01  6.211222e+00  2.650000e+01
    endloop
  endfacet
  facet normal  0.000000e+00  0.000000e+00 -1.000000e+00
    outer loop
      vertex  2.121320e+00  2.121320e+00  2.650000e+01
      vertex  8.611339e-01  6.211222e+00  2.650000e+01
      vertex  1.096015e+00  6.403985e+00  2.650000e+01
    endloop
  endfacet
  facet normal  0.000000e+00  0.000000e+00 -1.000000e+00
    outer loop
      vertex  2.121320e+00  2.121320e+00  2.650000e+01
      vertex  1.096015e+00  6.403985e+00  2.650000e+01
      vertex  1.288778e+00  6.638866e+00  2.650000e+01
    endloop
  endfacet
  facet normal  0.000000e+00  0.000000e+00 -1.000000e+00
    outer loop
      vertex  2.121320e+00  2.121320e+00  2.650000e+01
      vertex  1.288778e+00  6.638866e+00  2.650000e+01
      vertex  1.432013e+00  6.906841e+00  2.650000e+01
    endloop
  endfacet
  facet normal  0.000000e+00  0.000000e+00 -1.000000e+00
    outer loop
      vertex  2.121320e+00  2.121320e+00  2.650000e+01
      vertex  1.432013e+00  6.906841e+00  2.650000e+01
      vertex  1.520217e+00  7.197610e+00  2.650000e+01
    endloop
  endfacet
  facet normal  0.000000e+00  0.000000e+00 -1.000000e+00
    outer loop
      vertex  2.121320e+00  2.121320e+00  2.650000e+01
      vertex  1.520217e+00  7.197610e+00  2.650000e+01
      vertex  1.550000e+00  7.500000e+00  2.650000e+01
    endloop
  endfacet
  facet normal  0.000000e+00  0.000000e+00 -1.000000e+00
    outer loop
      vertex -6.609721e-01  1.198178e+01  2.650000e+01
      vertex  2.938819e-01  1.199640e+01  2.650000e+01
      vertex -3.023900e-01  9.020217e+00  2.650000e+01
    endloop
  endfacet
  facet normal  -0.000000e+00  0.000000e+00 -1.000000e+00
    outer loop
      vertex -6.609721e-01  1.198178e+01  2.650000e+01
      vertex -3.023900e-01  9.020217e+00  2.650000e+01
      vertex -5.931593e-01  8.932014e+00  2.650000e+01
    endloop
  endfacet
  facet normal  -0.000000e+00  0.000000e+00 -1.000000e+00
    outer loop
      vertex -6.609721e-01  1.198178e+01  2.650000e+01
      vertex -5.931593e-01  8.932014e+00  2.650000e+01
      vertex -8.611339e-01  8.788778e+00  2.650000e+01
    endloop
  endfacet
  facet normal  -0.000000e+00  0.000000e+00 -1.000000e+00
    outer loop
      vertex -6.609721e-01  1.198178e+01  2.650000e+01
      vertex -8.611339e-01  8.788778e+00  2.650000e+01
      vertex -1.096015e+00  8.596016e+00  2.650000e+01
    endloop
  endfacet
  facet normal  -0.000000e+00  0.000000e+00 -1.000000e+00
    outer loop
      vertex -6.609721e-01  1.198178e+01  2.650000e+01
      vertex -1.096015e+00  8.596016e+00  2.650000e+01
      vertex -1.288778e+00  8.361134e+00  2.650000e+01
    endloop
  endfacet
  facet normal  -0.000000e+00  0.000000e+00 -9.999999e-01
    outer loop
      vertex -6.609721e-01  1.198178e+01  2.650000e+01
      vertex -1.288778e+00  8.361134e+00  2.650000e+01
      vertex -1.432013e+00  8.093160e+00  2.650000e+01
    endloop
  endfacet
  facet normal  -0.000000e+00  0.000000e+00 -1.000000e+00
    outer loop
      vertex -6.609721e-01  1.198178e+01  2.650000e+01
      vertex -1.432013e+00  8.093160e+00  2.650000e+01
      vertex -1.520217e+00  7.802390e+00  2.650000e+01
    endloop
  endfacet
  facet normal  0.000000e+00  0.000000e+00 -1.000000e+00
    outer loop
      vertex -6.609721e-01  1.198178e+01  2.650000e+01
      vertex -1.520217e+00  7.802390e+00  2.650000e+01
      vertex -1.611640e+00  1.189128e+01  2.650000e+01
    endloop
  endfacet
  facet normal  -0.000000e+00  0.000000e+00 -1.000000e+00
    outer loop
      vertex  1.246875e+00  1.193505e+01  2.650000e+01
      vertex  2.191971e+00  1.179810e+01  2.650000e+01
      vertex  1.288778e+00  8.361134e+00  2.650000e+01
    endloop
  endfacet
  facet normal  0.000000e+00  0.000000e+00 -1.000000e+00
    outer loop
      vertex  1.246875e+00  1.193505e+01  2.650000e+01
      vertex  1.288778e+00  8.361134e+00  2.650000e+01
      vertex  1.096015e+00  8.596016e+00  2.650000e+01
    endloop
  endfacet
  facet normal  0.000000e+00  0.000000e+00 -1.000000e+00
    outer loop
      vertex  1.246875e+00  1.193505e+01  2.650000e+01
      vertex  1.096015e+00  8.596016e+00  2.650000e+01
      vertex  8.611339e-01  8.788778e+00  2.650000e+01
    endloop
  endfacet
  facet normal  0.000000e+00  0.000000e+00 -1.000000e+00
    outer loop
      vertex  1.246875e+00  1.193505e+01  2.650000e+01
      vertex  8.611339e-01  8.788778e+00  2.650000e+01
      vertex  5.931593e-01  8.932014e+00  2.650000e+01
    endloop
  endfacet
  facet normal  0.000000e+00  0.000000e+00 -1.000000e+00
    outer loop
      vertex  1.246875e+00  1.193505e+01  2.650000e+01
      vertex  5.931593e-01  8.932014e+00  2.650000e+01
      vertex  3.023900e-01  9.020217e+00  2.650000e+01
    endloop
  endfacet
  facet normal  0.000000e+00  0.000000e+00 -1.000000e+00
    outer loop
      vertex  1.246875e+00  1.193505e+01  2.650000e+01
      vertex  3.023900e-01  9.020217e+00  2.650000e+01
      vertex  2.938819e-01  1.199640e+01  2.650000e+01
    endloop
  endfacet
  facet normal  0.000000e+00  0.000000e+00 -1.000000e+00
    outer loop
      vertex  2.191971e+00  1.179810e+01  2.650000e+01
      vertex  1.550000e+00  7.500000e+00  2.650000e+01
      vertex  1.520217e+00  7.802390e+00  2.650000e+01
    endloop
  endfacet
  facet normal  0.000000e+00  0.000000e+00 -1.000000e+00
    outer loop
      vertex  2.191971e+00  1.179810e+01  2.650000e+01
      vertex  1.520217e+00  7.802390e+00  2.650000e+01
      vertex  1.432013e+00  8.093160e+00  2.650000e+01
    endloop
  endfacet
  facet normal  0.000000e+00  0.000000e+00 -1.000000e+00
    outer loop
      vertex  2.191971e+00  1.179810e+01  2.650000e+01
      vertex  1.432013e+00  8.093160e+00  2.650000e+01
      vertex  1.288778e+00  8.361134e+00  2.650000e+01
    endloop
  endfacet
  facet normal  0.000000e+00  -0.000000e+00 -1.000000e+00
    outer loop
      vertex -7.500000e+00 -2.500000e+01  2.650000e+01
      vertex -1.550000e+00 -7.500000e+00  2.650000e+01
      vertex -1.520217e+00 -7.802390e+00  2.650000e+01
    endloop
  endfacet
  facet normal  0.000000e+00  -0.000000e+00 -1.000000e+00
    outer loop
      vertex -7.500000e+00 -2.500000e+01  2.650000e+01
      vertex -1.520217e+00 -7.802390e+00  2.650000e+01
      vertex -1.432013e+00 -8.093160e+00  2.650000e+01
    endloop
  endfacet
  facet normal  0.000000e+00  -0.000000e+00 -1.000000e+00
    outer loop
      vertex -7.500000e+00 -2.500000e+01  2.650000e+01
      vertex -1.432013e+00 -8.093160e+00  2.650000e+01
      vertex -1.288778e+00 -8.361134e+00  2.650000e+01
    endloop
  endfacet
  facet normal  0.000000e+00  -0.000000e+00 -1.000000e+00
    outer loop
      vertex -7.500000e+00 -2.500000e+01  2.650000e+01
      vertex -1.288778e+00 -8.361134e+00  2.650000e+01
      vertex  8.945159e+00 -2.500000e+01  2.650000e+01
    endloop
  endfacet
  facet normal  0.000000e+00  0.000000e+00 -1.000000e+00
    outer loop
      vertex -1.550000e+00 -7.500000e+00  2.650000e+01
      vertex -2.121320e+00 -2.121320e+00  2.650000e+01
      vertex -1.763356e+00 -2.427051e+00  2.650000e+01
    endloop
  endfacet
  facet normal  0.000000e+00  0.000000e+00 -1.000000e+00
    outer loop
      vertex -1.550000e+00 -7.500000e+00  2.650000e+01
      vertex -1.763356e+00 -2.427051e+00  2.650000e+01
      vertex -1.361971e+00 -2.673020e+00  2.650000e+01
    endloop
  endfacet
  facet normal  0.000000e+00  0.000000e+00 -1.000000e+00
    outer loop
      vertex -1.550000e+00 -7.500000e+00  2.650000e+01
      vertex -1.361971e+00 -2.673020e+00  2.650000e+01
      vertex -1.520217e+00 -7.197610e+00  2.650000e+01
    endloop
  endfacet
  facet normal  0.000000e+00  0.000000e+00 -1.000000e+00
    outer loop
      vertex -9.050000e+00  3.552714e-15  2.650000e+01
      vertex -9.912899e+00 -6.969196e+00  2.650000e+01
      vertex -1.054054e+01 -5.735591e+00  2.650000e+01
    endloop
  endfacet
  facet normal  0.000000e+00  0.000000e+00 -9.999999e-01
    outer loop
      vertex -9.050000e+00  3.552714e-15  2.650000e+01
      vertex -1.054054e+01 -5.735591e+00  2.650000e+01
      vertex -1.096183e+01 -4.882446e+00  2.650000e+01
    endloop
  endfacet
  facet normal  0.000000e+00  0.000000e+00 -1.000000e+00
    outer loop
      vertex -9.050000e+00  3.552714e-15  2.650000e+01
      vertex -1.096183e+01 -4.882446e+00  2.650000e+01
      vertex -1.131420e+01 -3.998605e+00  2.650000e+01
    endloop
  endfacet
  facet normal  0.000000e+00  0.000000e+00 -1.000000e+00
    outer loop
      vertex -9.050000e+00  3.552714e-15  2.650000e+01
      vertex -1.131420e+01 -3.998605e+00  2.650000e+01
      vertex -1.159544e+01 -3.089624e+00  2.650000e+01
    endloop
  endfacet
  facet normal  0.000000e+00  0.000000e+00 -1.000000e+00
    outer loop
      vertex -9.050000e+00  3.552714e-15  2.650000e+01
      vertex -1.159544e+01 -3.089624e+00  2.650000e+01
      vertex -1.180378e+01 -2.161219e+00  2.650000e+01
    endloop
  endfacet
  facet normal  0.000000e+00  0.000000e+00 -1.000000e+00
    outer loop
      vertex -9.050000e+00  3.552714e-15  2.650000e+01
      vertex -1.180378e+01 -2.161219e+00  2.650000e+01
      vertex -1.193790e+01 -1.219226e+00  2.650000e+01
    endloop
  endfacet
  facet normal  0.000000e+00  0.000000e+00 -1.000000e+00
    outer loop
      vertex -9.050000e+00  3.552714e-15  2.650000e+01
      vertex -1.193790e+01 -1.219226e+00  2.650000e+01
      vertex -1.199697e+01 -2.695668e-01  2.650000e+01
    endloop
  endfacet
  facet normal  0.000000e+00  0.000000e+00 -1.000000e+00
    outer loop
      vertex -9.050000e+00  3.552714e-15  2.650000e+01
      vertex -1.199697e+01 -2.695668e-01  2.650000e+01
      vertex -1.198062e+01  6.817867e-01  2.650000e+01
    endloop
  endfacet
  facet normal  0.000000e+00  0.000000e+00 -1.000000e+00
    outer loop
      vertex -9.050000e+00  3.552714e-15  2.650000e+01
      vertex -1.198062e+01  6.817867e-01  2.650000e+01
      vertex -1.188894e+01  1.628854e+00  2.650000e+01
    endloop
  endfacet
  facet normal  0.000000e+00  0.000000e+00 -1.000000e+00
    outer loop
      vertex -9.050000e+00  3.552714e-15  2.650000e+01
      vertex -1.188894e+01  1.628854e+00  2.650000e+01
      vertex -1.172251e+01  2.565680e+00  2.650000e+01
    endloop
  endfacet
  facet normal  0.000000e+00  0.000000e+00 -1.000000e+00
    outer loop
      vertex -9.050000e+00  3.552714e-15  2.650000e+01
      vertex -1.172251e+01  2.565680e+00  2.650000e+01
      vertex -1.148239e+01  3.486376e+00  2.650000e+01
    endloop
  endfacet
  facet normal  0.000000e+00  0.000000e+00 -1.000000e+00
    outer loop
      vertex -9.050000e+00  3.552714e-15  2.650000e+01
      vertex -1.148239e+01  3.486376e+00  2.650000e+01
      vertex -1.117007e+01  4.385152e+00  2.650000e+01
    endloop
  endfacet
  facet normal  0.000000e+00  0.000000e+00 -1.000000e+00
    outer loop
      vertex -9.050000e+00  3.552714e-15  2.650000e+01
      vertex -1.117007e+01  4.385152e+00  2.650000e+01
      vertex -1.078753e+01  5.256359e+00  2.650000e+01
    endloop
  endfacet
  facet normal  0.000000e+00  0.000000e+00 -1.000000e+00
    outer loop
      vertex -9.050000e+00  3.552714e-15  2.650000e+01
      vertex -1.078753e+01  5.256359e+00  2.650000e+01
      vertex -1.033716e+01  6.094518e+00  2.650000e+01
    endloop
  endfacet
  facet normal  0.000000e+00  0.000000e+00 -1.000000e+00
    outer loop
      vertex -9.050000e+00  3.552714e-15  2.650000e+01
      vertex -1.033716e+01  6.094518e+00  2.650000e+01
      vertex -9.020217e+00  3.023900e-01  2.650000e+01
    endloop
  endfacet
  facet normal  0.000000e+00  0.000000e+00 -1.000000e+00
    outer loop
      vertex -1.033716e+01  6.094518e+00  2.650000e+01
      vertex -6.638866e+00  1.288778e+00  2.650000e+01
      vertex -6.906841e+00  1.432013e+00  2.650000e+01
    endloop
  endfacet
  facet normal  0.000000e+00  0.000000e+00 -1.000000e+00
    outer loop
      vertex -1.033716e+01  6.094518e+00  2.650000e+01
      vertex -6.906841e+00  1.432013e+00  2.650000e+01
      vertex -7.197610e+00  1.520217e+00  2.650000e+01
    endloop
  endfacet
  facet normal  0.000000e+00  0.000000e+00 -1.000000e+00
    outer loop
      vertex -1.033716e+01  6.094518e+00  2.650000e+01
      vertex -7.197610e+00  1.520217e+00  2.650000e+01
      vertex -7.500000e+00  1.550000e+00  2.650000e+01
    endloop
  endfacet
  facet normal  -0.000000e+00  0.000000e+00 -9.999999e-01
    outer loop
      vertex -1.033716e+01  6.094518e+00  2.650000e+01
      vertex -7.500000e+00  1.550000e+00  2.650000e+01
      vertex -7.802390e+00  1.520217e+00  2.650000e+01
    endloop
  endfacet
  facet normal  -0.000000e+00  0.000000e+00 -1.000000e+00
    outer loop
      vertex -1.033716e+01  6.094518e+00  2.650000e+01
      vertex -7.802390e+00  1.520217e+00  2.650000e+01
      vertex -8.093160e+00  1.432013e+00  2.650000e+01
    endloop
  endfacet
  facet normal  -0.000000e+00  0.000000e+00 -1.000000e+00
    outer loop
      vertex -1.033716e+01  6.094518e+00  2.650000e+01
      vertex -8.093160e+00  1.432013e+00  2.650000e+01
      vertex -8.361134e+00  1.288778e+00  2.650000e+01
    endloop
  endfacet
  facet normal  -0.000000e+00  0.000000e+00 -1.000000e+00
    outer loop
      vertex -1.033716e+01  6.094518e+00  2.650000e+01
      vertex -8.361134e+00  1.288778e+00  2.650000e+01
      vertex -8.596016e+00  1.096015e+00  2.650000e+01
    endloop
  endfacet
  facet normal  -0.000000e+00  0.000000e+00 -1.000000e+00
    outer loop
      vertex -1.033716e+01  6.094518e+00  2.650000e+01
      vertex -8.596016e+00  1.096015e+00  2.650000e+01
      vertex -8.788778e+00  8.611339e-01  2.650000e+01
    endloop
  endfacet
  facet normal  -0.000000e+00  0.000000e+00 -1.000000e+00
    outer loop
      vertex -1.033716e+01  6.094518e+00  2.650000e+01
      vertex -8.788778e+00  8.611339e-01  2.650000e+01
      vertex -8.932014e+00  5.931593e-01  2.650000e+01
    endloop
  endfacet
  facet normal  -0.000000e+00  0.000000e+00 -1.000000e+00
    outer loop
      vertex -1.033716e+01  6.094518e+00  2.650000e+01
      vertex -8.932014e+00  5.931593e-01  2.650000e+01
      vertex -9.020217e+00  3.023900e-01  2.650000e+01
    endloop
  endfacet
  facet normal  0.000000e+00  0.000000e+00 -9.999999e-01
    outer loop
      vertex  7.197610e+00 -1.520217e+00  2.650000e+01
      vertex  2.427051e+00 -1.763356e+00  2.650000e+01
      vertex  6.906841e+00 -1.432013e+00  2.650000e+01
    endloop
  endfacet
  facet normal  -0.000000e+00  0.000000e+00 -1.000000e+00
    outer loop
      vertex  6.906841e+00 -1.432013e+00  2.650000e+01
      vertex  2.427051e+00 -1.763356e+00  2.650000e+01
      vertex  2.673020e+00 -1.361971e+00  2.650000e+01
    endloop
  endfacet
  facet normal  0.000000e+00  0.000000e+00 -1.000000e+00
    outer loop
      vertex  6.906841e+00 -1.432013e+00  2.650000e+01
      vertex  2.673020e+00 -1.361971e+00  2.650000e+01
      vertex  6.638866e+00 -1.288778e+00  2.650000e+01
    endloop
  endfacet
  facet normal  -0.000000e+00  0.000000e+00 -1.000000e+00
    outer loop
      vertex  6.638866e+00 -1.288778e+00  2.650000e+01
      vertex  2.673020e+00 -1.361971e+00  2.650000e+01
      vertex  2.853169e+00 -9.270510e-01  2.650000e+01
    endloop
  endfacet
  facet normal  0.000000e+00  0.000000e+00 -1.000000e+00
    outer loop
      vertex  6.638866e+00 -1.288778e+00  2.650000e+01
      vertex  2.853169e+00 -9.270510e-01  2.650000e+01
      vertex  6.403985e+00 -1.096015e+00  2.650000e+01
    endloop
  endfacet
  facet normal  0.000000e+00  0.000000e+00 -9.999999e-01
    outer loop
      vertex  6.403985e+00 -1.096015e+00  2.650000e+01
      vertex  2.853169e+00 -9.270510e-01  2.650000e+01
      vertex  2.963065e+00 -4.693034e-01  2.650000e+01
    endloop
  endfacet
  facet normal  0.000000e+00  0.000000e+00 -1.000000e+00
    outer loop
      vertex  6.403985e+00 -1.096015e+00  2.650000e+01
      vertex  2.963065e+00 -4.693034e-01  2.650000e+01
      vertex  6.211222e+00 -8.611339e-01  2.650000e+01
    endloop
  endfacet
  facet normal  0.000000e+00  0.000000e+00 -9.999999e-01
    outer loop
      vertex  6.211222e+00 -8.611339e-01  2.650000e+01
      vertex  2.963065e+00 -4.693034e-01  2.650000e+01
      vertex  3.000000e+00 -1.458629e-14  2.650000e+01
    endloop
  endfacet
  facet normal  0.000000e+00  0.000000e+00 -1.000000e+00
    outer loop
      vertex  6.211222e+00 -8.611339e-01  2.650000e+01
      vertex  3.000000e+00 -1.458629e-14  2.650000e+01
      vertex  6.067986e+00 -5.931593e-01  2.650000e+01
    endloop
  endfacet
  facet normal  0.000000e+00  0.000000e+00 -9.999999e-01
    outer loop
      vertex  5.979783e+00  3.023900e-01  2.650000e+01
      vertex  3.000000e+00 -1.458629e-14  2.650000e+01
      vertex  6.067986e+00  5.931593e-01  2.650000e+01
    endloop
  endfacet
  facet normal  0.000000e+00  0.000000e+00 -1.000000e+00
    outer loop
      vertex  6.067986e+00  5.931593e-01  2.650000e+01
      vertex  3.000000e+00 -1.458629e-14  2.650000e+01
      vertex  2.963065e+00  4.693034e-01  2.650000e+01
    endloop
  endfacet
  facet normal  0.000000e+00  0.000000e+00 -9.999999e-01
    outer loop
      vertex  6.067986e+00  5.931593e-01  2.650000e+01
      vertex  2.963065e+00  4.693034e-01  2.650000e+01
      vertex  6.211222e+00  8.611339e-01  2.650000e+01
    endloop
  endfacet
  facet normal  -0.000000e+00  0.000000e+00 -1.000000e+00
    outer loop
      vertex  6.211222e+00  8.611339e-01  2.650000e+01
      vertex  2.963065e+00  4.693034e-01  2.650000e+01
      vertex  2.853169e+00  9.270510e-01  2.650000e+01
    endloop
  endfacet
  facet normal  0.000000e+00  0.000000e+00 -1.000000e+00
    outer loop
      vertex  6.211222e+00  8.611339e-01  2.650000e+01
      vertex  2.853169e+00  9.270510e-01  2.650000e+01
      vertex  6.403985e+00  1.096015e+00  2.650000e+01
    endloop
  endfacet
  facet normal  0.000000e+00  0.000000e+00 -1.000000e+00
    outer loop
      vertex -1.520217e+00 -7.197610e+00  2.650000e+01
      vertex -1.361971e+00 -2.673020e+00  2.650000e+01
      vertex -1.432013e+00 -6.906841e+00  2.650000e+01
    endloop
  endfacet
  facet normal  0.000000e+00  0.000000e+00 -1.000000e+00
    outer loop
      vertex -1.432013e+00 -6.906841e+00  2.650000e+01
      vertex -1.361971e+00 -2.673020e+00  2.650000e+01
      vertex -9.270510e-01 -2.853169e+00  2.650000e+01
    endloop
  endfacet
  facet normal  0.000000e+00  0.000000e+00 -1.000000e+00
    outer loop
      vertex -1.432013e+00 -6.906841e+00  2.650000e+01
      vertex -9.270510e-01 -2.853169e+00  2.650000e+01
      vertex -1.288778e+00 -6.638866e+00  2.650000e+01
    endloop
  endfacet
  facet normal  0.000000e+00  0.000000e+00 -1.000000e+00
    outer loop
      vertex -1.860010e-15 -5.950000e+00  2.650000e+01
      vertex -3.023900e-01 -5.979783e+00  2.650000e+01
      vertex -9.961700e-15 -3.000000e+00  2.650000e+01
    endloop
  endfacet
  facet normal  0.000000e+00  0.000000e+00 -9.999999e-01
    outer loop
      vertex -9.961700e-15 -3.000000e+00  2.650000e+01
      vertex -3.023900e-01 -5.979783e+00  2.650000e+01
      vertex -5.931593e-01 -6.067986e+00  2.650000e+01
    endloop
  endfacet
  facet normal  0.000000e+00  0.000000e+00 -1.000000e+00
    outer loop
      vertex -9.961700e-15 -3.000000e+00  2.650000e+01
      vertex -5.931593e-01 -6.067986e+00  2.650000e+01
      vertex -4.693034e-01 -2.963065e+00  2.650000e+01
    endloop
  endfacet
  facet normal  0.000000e+00  0.000000e+00 -9.999999e-01
    outer loop
      vertex -4.693034e-01 -2.963065e+00  2.650000e+01
      vertex -5.931593e-01 -6.067986e+00  2.650000e+01
      vertex -8.611339e-01 -6.211222e+00  2.650000e+01
    endloop
  endfacet
  facet normal  0.000000e+00  0.000000e+00 -1.000000e+00
    outer loop
      vertex -4.693034e-01 -2.963065e+00  2.650000e+01
      vertex -8.611339e-01 -6.211222e+00  2.650000e+01
      vertex -9.270510e-01 -2.853169e+00  2.650000e+01
    endloop
  endfacet
  facet normal  0.000000e+00  0.000000e+00 -1.000000e+00
    outer loop
      vertex  5.931593e-01 -6.067986e+00  2.650000e+01
      vertex  3.023900e-01 -5.979783e+00  2.650000e+01
      vertex  4.693034e-01 -2.963065e+00  2.650000e+01
    endloop
  endfacet
  facet normal  0.000000e+00  0.000000e+00 -9.999999e-01
    outer loop
      vertex  4.693034e-01 -2.963065e+00  2.650000e+01
      vertex  3.023900e-01 -5.979783e+00  2.650000e+01
      vertex -1.860010e-15 -5.950000e+00  2.650000e+01
    endloop
  endfacet
  facet normal  0.000000e+00  0.000000e+00 -1.000000e+00
    outer loop
      vertex  4.693034e-01 -2.963065e+00  2.650000e+01
      vertex -1.860010e-15 -5.950000e+00  2.650000e+01
      vertex -9.961700e-15 -3.000000e+00  2.650000e+01
    endloop
  endfacet
  facet normal  0.000000e+00  0.000000e+00 -9.999999e-01
    outer loop
      vertex  1.288778e+00 -6.638866e+00  2.650000e+01
      vertex  1.096015e+00 -6.403985e+00  2.650000e+01
      vertex  1.361971e+00 -2.673020e+00  2.650000e+01
    endloop
  endfacet
  facet normal  0.000000e+00  0.000000e+00 -1.000000e+00
    outer loop
      vertex  1.361971e+00 -2.673020e+00  2.650000e+01
      vertex  1.096015e+00 -6.403985e+00  2.650000e+01
      vertex  8.611339e-01 -6.211222e+00  2.650000e+01
    endloop
  endfacet
  facet normal  0.000000e+00  0.000000e+00 -1.000000e+00
    outer loop
      vertex  1.361971e+00 -2.673020e+00  2.650000e+01
      vertex  8.611339e-01 -6.211222e+00  2.650000e+01
      vertex  9.270510e-01 -2.853169e+00  2.650000e+01
    endloop
  endfacet
  facet normal  0.000000e+00  0.000000e+00 -1.000000e+00
    outer loop
      vertex  9.270510e-01 -2.853169e+00  2.650000e+01
      vertex  8.611339e-01 -6.211222e+00  2.650000e+01
      vertex  5.931593e-01 -6.067986e+00  2.650000e+01
    endloop
  endfacet
  facet normal  0.000000e+00  0.000000e+00 -1.000000e+00
    outer loop
      vertex  9.270510e-01 -2.853169e+00  2.650000e+01
      vertex  5.931593e-01 -6.067986e+00  2.650000e+01
      vertex  4.693034e-01 -2.963065e+00  2.650000e+01
    endloop
  endfacet
  facet normal  0.000000e+00  0.000000e+00 -1.000000e+00
    outer loop
      vertex  1.550000e+00 -7.500000e+00  2.650000e+01
      vertex  1.520217e+00 -7.197610e+00  2.650000e+01
      vertex  1.763356e+00 -2.427051e+00  2.650000e+01
    endloop
  endfacet
  facet normal  0.000000e+00  0.000000e+00 -9.999999e-01
    outer loop
      vertex  1.763356e+00 -2.427051e+00  2.650000e+01
      vertex  1.520217e+00 -7.197610e+00  2.650000e+01
      vertex  1.432013e+00 -6.906841e+00  2.650000e+01
    endloop
  endfacet
  facet normal  0.000000e+00  0.000000e+00 -1.000000e+00
    outer loop
      vertex  1.763356e+00 -2.427051e+00  2.650000e+01
      vertex  1.432013e+00 -6.906841e+00  2.650000e+01
      vertex  1.361971e+00 -2.673020e+00  2.650000e+01
    endloop
  endfacet
  facet normal -7.071068e-01 -7.071068e-01  0.000000e+00
    outer loop
      vertex  2.121320e+00  2.121320e+00  3.100000e+01
      vertex -6.094518e+00  1.033716e+01  3.100000e+01
      vertex  2.121320e+00  2.121320e+00  2.650000e+01
    endloop
  endfacet
  facet normal -7.071068e-01 -7.071068e-01  0.000000e+00
    outer loop
      vertex  2.121320e+00  2.121320e+00  2.650000e+01
      vertex -6.094518e+00  1.033716e+01  3.100000e+01
      vertex -6.094518e+00  1.033716e+01  2.650000e+01
    endloop
  endfacet
  facet normal  7.071068e-01  7.071068e-01  0.000000e+00
    outer loop
      vertex -1.033716e+01  6.094518e+00  3.100000e+01
      vertex -2.121320e+00 -2.121320e+00  3.100000e+01
      vertex -1.033716e+01  6.094518e+00  2.650000e+01
    endloop
  endfacet
  facet normal  7.071068e-01  7.071068e-01  0.000000e+00
    outer loop
      vertex -1.033716e+01  6.094518e+00  2.650000e+01
      vertex -2.121320e+00 -2.121320e+00  3.100000e+01
      vertex -2.121320e+00 -2.121320e+00  2.650000e+01
    endloop
  endfacet
  facet normal -6.494483e-01  7.604057e-01  0.000000e+00
    outer loop
      vertex  2.121320e+00 -2.121320e+00  3.100000e+01
      vertex  1.763356e+00 -2.427051e+00  2.650000e+01
      vertex  1.763356e+00 -2.427051e+00  3.100000e+01
    endloop
  endfacet
  facet normal -5.224985e-01  8.526402e-01  0.000000e+00
    outer loop
      vertex  1.763356e+00 -2.427051e+00  3.100000e+01
      vertex  1.763356e+00 -2.427051e+00  2.650000e+01
      vertex  1.361971e+00 -2.673020e+00  2.650000e+01
    endloop
  endfacet
  facet normal -5.224985e-01  8.526402e-01  0.000000e+00
    outer loop
      vertex  1.763356e+00 -2.427051e+00  3.100000e+01
      vertex  1.361971e+00 -2.673020e+00  2.650000e+01
      vertex  1.361971e+00 -2.673020e+00  3.100000e+01
    endloop
  endfacet
  facet normal -3.826831e-01  9.238796e-01  0.000000e+00
    outer loop
      vertex  1.361971e+00 -2.673020e+00  3.100000e+01
      vertex  1.361971e+00 -2.673020e+00  2.650000e+01
      vertex  9.270510e-01 -2.853169e+00  2.650000e+01
    endloop
  endfacet
  facet normal -3.826831e-01  9.238796e-01  0.000000e+00
    outer loop
      vertex  1.361971e+00 -2.673020e+00  3.100000e+01
      vertex  9.270510e-01 -2.853169e+00  2.650000e+01
      vertex  9.270510e-01 -2.853169e+00  3.100000e+01
    endloop
  endfacet
  facet normal -2.334453e-01  9.723699e-01  0.000000e+00
    outer loop
      vertex  9.270510e-01 -2.853169e+00  3.100000e+01
      vertex  9.270510e-01 -2.853169e+00  2.650000e+01
      vertex  4.693034e-01 -2.963065e+00  2.650000e+01
    endloop
  endfacet
  facet normal -2.334453e-01  9.723699e-01  0.000000e+00
    outer loop
      vertex  9.270510e-01 -2.853169e+00  3.100000e+01
      vertex  4.693034e-01 -2.963065e+00  2.650000e+01
      vertex  4.693034e-01 -2.963065e+00  3.100000e+01
    endloop
  endfacet
  facet normal -7.845934e-02  9.969174e-01  0.000000e+00
    outer loop
      vertex  4.693034e-01 -2.963065e+00  3.100000e+01
      vertex  4.693034e-01 -2.963065e+00  2.650000e+01
      vertex -9.961700e-15 -3.000000e+00  2.650000e+01
    endloop
  endfacet
  facet normal -7.845934e-02  9.969174e-01  3.252008e-16
    outer loop
      vertex  4.693034e-01 -2.963065e+00  3.100000e+01
      vertex -9.961700e-15 -3.000000e+00  2.650000e+01
      vertex  8.690046e-15 -3.000000e+00  3.100000e+01
    endloop
  endfacet
  facet normal  7.845934e-02  9.969174e-01 -3.252008e-16
    outer loop
      vertex  8.690046e-15 -3.000000e+00  3.100000e+01
      vertex -9.961700e-15 -3.000000e+00  2.650000e+01
      vertex -4.693034e-01 -2.963065e+00  2.650000e+01
    endloop
  endfacet
  facet normal  7.845934e-02  9.969174e-01  -0.000000e+00
    outer loop
      vertex  8.690046e-15 -3.000000e+00  3.100000e+01
      vertex -4.693034e-01 -2.963065e+00  2.650000e+01
      vertex -4.693034e-01 -2.963065e+00  3.100000e+01
    endloop
  endfacet
  facet normal  2.334453e-01  9.723699e-01  0.000000e+00
    outer loop
      vertex -4.693034e-01 -2.963065e+00  3.100000e+01
      vertex -4.693034e-01 -2.963065e+00  2.650000e+01
      vertex -9.270510e-01 -2.853169e+00  2.650000e+01
    endloop
  endfacet
  facet normal  2.334453e-01  9.723699e-01  -0.000000e+00
    outer loop
      vertex -4.693034e-01 -2.963065e+00  3.100000e+01
      vertex -9.270510e-01 -2.853169e+00  2.650000e+01
      vertex -9.270510e-01 -2.853169e+00  3.100000e+01
    endloop
  endfacet
  facet normal  3.826831e-01  9.238796e-01  0.000000e+00
    outer loop
      vertex -9.270510e-01 -2.853169e+00  3.100000e+01
      vertex -9.270510e-01 -2.853169e+00  2.650000e+01
      vertex -1.361971e+00 -2.673020e+00  2.650000e+01
    endloop
  endfacet
  facet normal  3.826831e-01  9.238796e-01  -0.000000e+00
    outer loop
      vertex -9.270510e-01 -2.853169e+00  3.100000e+01
      vertex -1.361971e+00 -2.673020e+00  2.650000e+01
      vertex -1.361971e+00 -2.673020e+00  3.100000e+01
    endloop
  endfacet
  facet normal  5.224985e-01  8.526402e-01  0.000000e+00
    outer loop
      vertex -1.361971e+00 -2.673020e+00  3.100000e+01
      vertex -1.361971e+00 -2.673020e+00  2.650000e+01
      vertex -1.763356e+00 -2.427051e+00  2.650000e+01
    endloop
  endfacet
  facet normal  5.224985e-01  8.526402e-01  -0.000000e+00
    outer loop
      vertex -1.361971e+00 -2.673020e+00  3.100000e+01
      vertex -1.763356e+00 -2.427051e+00  2.650000e+01
      vertex -1.763356e+00 -2.427051e+00  3.100000e+01
    endloop
  endfacet
  facet normal  6.494483e-01  7.604057e-01  0.000000e+00
    outer loop
      vertex -1.763356e+00 -2.427051e+00  3.100000e+01
      vertex -1.763356e+00 -2.427051e+00  2.650000e+01
      vertex -2.121320e+00 -2.121320e+00  2.650000e+01
    endloop
  endfacet
  facet normal  6.494483e-01  7.604057e-01  -0.000000e+00
    outer loop
      vertex -1.763356e+00 -2.427051e+00  3.100000e+01
      vertex -2.121320e+00 -2.121320e+00  2.650000e+01
      vertex -2.121320e+00 -2.121320e+00  3.100000e+01
    endloop
  endfacet
  facet normal -6.494483e-01  7.604057e-01  0.000000e+00
    outer loop
      vertex  1.763356e+00 -2.427051e+00  2.650000e+01
      vertex  2.121320e+00 -2.121320e+00  3.100000e+01
      vertex  2.121320e+00 -2.121320e+00  2.650000e+01
    endloop
  endfacet
  facet normal -7.604057e-01  6.494483e-01  0.000000e+00
    outer loop
      vertex  2.121320e+00 -2.121320e+00  2.650000e+01
      vertex  2.121320e+00 -2.121320e+00  3.100000e+01
      vertex  2.427051e+00 -1.763356e+00  3.100000e+01
    endloop
  endfacet
  facet normal -7.604057e-01  6.494483e-01  0.000000e+00
    outer loop
      vertex  2.121320e+00 -2.121320e+00  2.650000e+01
      vertex  2.427051e+00 -1.763356e+00  3.100000e+01
      vertex  2.427051e+00 -1.763356e+00  2.650000e+01
    endloop
  endfacet
  facet normal -8.526402e-01  5.224985e-01  0.000000e+00
    outer loop
      vertex  2.427051e+00 -1.763356e+00  2.650000e+01
      vertex  2.427051e+00 -1.763356e+00  3.100000e+01
      vertex  2.673020e+00 -1.361971e+00  3.100000e+01
    endloop
  endfacet
  facet normal -8.526402e-01  5.224985e-01  0.000000e+00
    outer loop
      vertex  2.427051e+00 -1.763356e+00  2.650000e+01
      vertex  2.673020e+00 -1.361971e+00  3.100000e+01
      vertex  2.673020e+00 -1.361971e+00  2.650000e+01
    endloop
  endfacet
  facet normal -9.238796e-01  3.826831e-01  0.000000e+00
    outer loop
      vertex  2.673020e+00 -1.361971e+00  2.650000e+01
      vertex  2.673020e+00 -1.361971e+00  3.100000e+01
      vertex  2.853169e+00 -9.270510e-01  3.100000e+01
    endloop
  endfacet
  facet normal -9.238796e-01  3.826831e-01  0.000000e+00
    outer loop
      vertex  2.673020e+00 -1.361971e+00  2.650000e+01
      vertex  2.853169e+00 -9.270510e-01  3.100000e+01
      vertex  2.853169e+00 -9.270510e-01  2.650000e+01
    endloop
  endfacet
  facet normal -9.723699e-01  2.334453e-01  0.000000e+00
    outer loop
      vertex  2.853169e+00 -9.270510e-01  2.650000e+01
      vertex  2.853169e+00 -9.270510e-01  3.100000e+01
      vertex  2.963065e+00 -4.693034e-01  3.100000e+01
    endloop
  endfacet
  facet normal -9.723699e-01  2.334453e-01  0.000000e+00
    outer loop
      vertex  2.853169e+00 -9.270510e-01  2.650000e+01
      vertex  2.963065e+00 -4.693034e-01  3.100000e+01
      vertex  2.963065e+00 -4.693034e-01  2.650000e+01
    endloop
  endfacet
  facet normal -9.969174e-01  7.845934e-02  0.000000e+00
    outer loop
      vertex  2.963065e+00 -4.693034e-01  2.650000e+01
      vertex  2.963065e+00 -4.693034e-01  3.100000e+01
      vertex  3.000000e+00 -3.928149e-15  3.100000e+01
    endloop
  endfacet
  facet normal -9.969174e-01  7.845934e-02 -1.858290e-16
    outer loop
      vertex  2.963065e+00 -4.693034e-01  2.650000e+01
      vertex  3.000000e+00 -3.928149e-15  3.100000e+01
      vertex  3.000000e+00 -1.458629e-14  2.650000e+01
    endloop
  endfacet
  facet normal -9.969174e-01 -7.845934e-02  1.858290e-16
    outer loop
      vertex  3.000000e+00 -1.458629e-14  2.650000e+01
      vertex  3.000000e+00 -3.928149e-15  3.100000e+01
      vertex  2.963065e+00  4.693034e-01  3.100000e+01
    endloop
  endfacet
  facet normal -9.969174e-01 -7.845934e-02  -0.000000e+00
    outer loop
      vertex  3.000000e+00 -1.458629e-14  2.650000e+01
      vertex  2.963065e+00  4.693034e-01  3.100000e+01
      vertex  2.963065e+00  4.693034e-01  2.650000e+01
    endloop
  endfacet
  facet normal -9.723699e-01 -2.334453e-01  0.000000e+00
    outer loop
      vertex  2.963065e+00  4.693034e-01  2.650000e+01
      vertex  2.963065e+00  4.693034e-01  3.100000e+01
      vertex  2.853169e+00  9.270510e-01  3.100000e+01
    endloop
  endfacet
  facet normal -9.723699e-01 -2.334453e-01  -0.000000e+00
    outer loop
      vertex  2.963065e+00  4.693034e-01  2.650000e+01
      vertex  2.853169e+00  9.270510e-01  3.100000e+01
      vertex  2.853169e+00  9.270510e-01  2.650000e+01
    endloop
  endfacet
  facet normal -9.238796e-01 -3.826831e-01  0.000000e+00
    outer loop
      vertex  2.853169e+00  9.270510e-01  2.650000e+01
      vertex  2.853169e+00  9.270510e-01  3.100000e+01
      vertex  2.673020e+00  1.361971e+00  3.100000e+01
    endloop
  endfacet
  facet normal -9.238796e-01 -3.826831e-01  -0.000000e+00
    outer loop
      vertex  2.853169e+00  9.270510e-01  2.650000e+01
      vertex  2.673020e+00  1.361971e+00  3.100000e+01
      vertex  2.673020e+00  1.361971e+00  2.650000e+01
    endloop
  endfacet
  facet normal -8.526402e-01 -5.224985e-01  0.000000e+00
    outer loop
      vertex  2.673020e+00  1.361971e+00  2.650000e+01
      vertex  2.673020e+00  1.361971e+00  3.100000e+01
      vertex  2.427051e+00  1.763356e+00  3.100000e+01
    endloop
  endfacet
  facet normal -8.526402e-01 -5.224985e-01  -0.000000e+00
    outer loop
      vertex  2.673020e+00  1.361971e+00  2.650000e+01
      vertex  2.427051e+00  1.763356e+00  3.100000e+01
      vertex  2.427051e+00  1.763356e+00  2.650000e+01
    endloop
  endfacet
  facet normal -7.604057e-01 -6.494483e-01  0.000000e+00
    outer loop
      vertex  2.427051e+00  1.763356e+00  2.650000e+01
      vertex  2.427051e+00  1.763356e+00  3.100000e+01
      vertex  2.121320e+00  2.121320e+00  3.100000e+01
    endloop
  endfacet
  facet normal -7.604057e-01 -6.494483e-01  -0.000000e+00
    outer loop
      vertex  2.427051e+00  1.763356e+00  2.650000e+01
      vertex  2.121320e+00  2.121320e+00  3.100000e+01
      vertex  2.121320e+00  2.121320e+00  2.650000e+01
    endloop
  endfacet
  facet normal  9.063077e-01 -4.226185e-01  0.000000e+00
    outer loop
      vertex -1.858859e+01 -1.092921e+02  3.650000e+01
      vertex -1.858859e+01 -1.092921e+02 -3.650000e+01
      vertex -1.436241e+01 -1.002290e+02 -1.650000e+01
    endloop
  endfacet
  facet normal  9.063076e-01 -4.226185e-01  0.000000e+00
    outer loop
      vertex -1.858859e+01 -1.092921e+02  3.650000e+01
      vertex -1.436241e+01 -1.002290e+02 -1.650000e+01
      vertex -1.436241e+01 -1.002290e+02  1.650000e+01
    endloop
  endfacet
  facet normal  9.063095e-01 -4.226145e-01  2.212363e-06
    outer loop
      vertex -1.858859e+01 -1.092921e+02  3.650000e+01
      vertex -1.436241e+01 -1.002290e+02  1.650000e+01
      vertex -1.434633e+01 -1.001945e+02  1.737156e+01
    endloop
  endfacet
  facet normal  9.063084e-01 -4.226170e-01  7.656153e-07
    outer loop
      vertex -1.858859e+01 -1.092921e+02  3.650000e+01
      vertex -1.434633e+01 -1.001945e+02  1.737156e+01
      vertex -1.429820e+01 -1.000913e+02  1.823648e+01
    endloop
  endfacet
  facet normal  9.063074e-01 -4.226191e-01 -5.519424e-07
    outer loop
      vertex -1.858859e+01 -1.092921e+02  3.650000e+01
      vertex -1.429820e+01 -1.000913e+02  1.823648e+01
      vertex -1.421841e+01 -9.992017e+01  1.908819e+01
    endloop
  endfacet
  facet normal  9.063085e-01 -4.226168e-01  9.322196e-07
    outer loop
      vertex -1.858859e+01 -1.092921e+02  3.650000e+01
      vertex -1.421841e+01 -9.992017e+01  1.908819e+01
      vertex -1.410754e+01 -9.968241e+01  1.992020e+01
    endloop
  endfacet
  facet normal  9.063072e-01 -4.226195e-01 -9.058605e-07
    outer loop
      vertex -1.858859e+01 -1.092921e+02  3.650000e+01
      vertex -1.410754e+01 -9.968241e+01  1.992020e+01
      vertex -1.396645e+01 -9.937984e+01  2.072618e+01
    endloop
  endfacet
  facet normal  9.063074e-01 -4.226191e-01 -6.033982e-07
    outer loop
      vertex -1.858859e+01 -1.092921e+02  3.650000e+01
      vertex -1.396645e+01 -9.937984e+01  2.072618e+01
      vertex -1.379621e+01 -9.901476e+01  2.150000e+01
    endloop
  endfacet
  facet normal  9.063082e-01 -4.226171e-01  1.023494e-06
    outer loop
      vertex -1.858859e+01 -1.092921e+02  3.650000e+01
      vertex -1.379621e+01 -9.901476e+01  2.150000e+01
      vertex -1.359811e+01 -9.858994e+01  2.223576e+01
    endloop
  endfacet
  facet normal  9.063073e-01 -4.226193e-01 -9.083680e-07
    outer loop
      vertex -1.858859e+01 -1.092921e+02  3.650000e+01
      vertex -1.359811e+01 -9.858994e+01  2.223576e+01
      vertex -1.337367e+01 -9.810863e+01  2.292788e+01
    endloop
  endfacet
  facet normal  9.063081e-01 -4.226178e-01  5.685255e-07
    outer loop
      vertex -1.858859e+01 -1.092921e+02  3.650000e+01
      vertex -1.337367e+01 -9.810863e+01  2.292788e+01
      vertex -1.312459e+01 -9.757447e+01  2.357107e+01
    endloop
  endfacet
  facet normal  9.063081e-01 -4.226179e-01  4.637967e-07
    outer loop
      vertex -1.858859e+01 -1.092921e+02  3.650000e+01
      vertex -1.312459e+01 -9.757447e+01  2.357107e+01
      vertex -1.285277e+01 -9.699154e+01  2.416044e+01
    endloop
  endfacet
  facet normal  9.063076e-01 -4.226187e-01 -4.996012e-07
    outer loop
      vertex -1.858859e+01 -1.092921e+02  3.650000e+01
      vertex -1.285277e+01 -9.699154e+01  2.416044e+01
      vertex -1.256027e+01 -9.636427e+01  2.469152e+01
    endloop
  endfacet
  facet normal  9.063072e-01 -4.226196e-01 -1.767864e-06
    outer loop
      vertex -1.858859e+01 -1.092921e+02  3.650000e+01
      vertex -1.256027e+01 -9.636427e+01  2.469152e+01
      vertex -1.224932e+01 -9.569745e+01  2.516025e+01
    endloop
  endfacet
  facet normal  9.063078e-01 -4.226182e-01  2.896308e-07
    outer loop
      vertex -1.858859e+01 -1.092921e+02  3.650000e+01
      vertex -1.224932e+01 -9.569745e+01  2.516025e+01
      vertex -1.192229e+01 -9.499613e+01  2.556308e+01
    endloop
  endfacet
  facet normal  9.063081e-01 -4.226175e-01  1.354551e-06
    outer loop
      vertex -1.858859e+01 -1.092921e+02  3.650000e+01
      vertex -1.192229e+01 -9.499613e+01  2.556308e+01
      vertex -1.158167e+01 -9.426566e+01  2.589693e+01
    endloop
  endfacet
  facet normal  9.063078e-01 -4.226184e-01 -7.240561e-08
    outer loop
      vertex -1.858859e+01 -1.092921e+02  3.650000e+01
      vertex -1.158167e+01 -9.426566e+01  2.589693e+01
      vertex -1.123004e+01 -9.351160e+01  2.615926e+01
    endloop
  endfacet
  facet normal  9.063081e-01 -4.226175e-01  1.498123e-06
    outer loop
      vertex -1.858859e+01 -1.092921e+02  3.650000e+01
      vertex -1.123004e+01 -9.351160e+01  2.615926e+01
      vertex -1.087010e+01 -9.273969e+01  2.634808e+01
    endloop
  endfacet
  facet normal  9.063081e-01 -4.226176e-01  1.448912e-06
    outer loop
      vertex -1.858859e+01 -1.092921e+02  3.650000e+01
      vertex -1.087010e+01 -9.273969e+01  2.634808e+01
      vertex -1.050456e+01 -9.195580e+01  2.646195e+01
    endloop
  endfacet
  facet normal  9.063066e-01 -4.226209e-01 -5.534906e-06
    outer loop
      vertex -1.858859e+01 -1.092921e+02  3.650000e+01
      vertex -1.050456e+01 -9.195580e+01  2.646195e+01
      vertex -1.013623e+01 -9.116591e+01  2.650000e+01
    endloop
  endfacet
  facet normal  9.063079e-01 -4.226181e-01  6.866454e-07
    outer loop
      vertex -1.858859e+01 -1.092921e+02  3.650000e+01
      vertex -1.013623e+01 -9.116591e+01  2.650000e+01
      vertex -8.023136e+00 -8.663437e+01  2.650000e+01
    endloop
  endfacet
  facet normal  9.063078e-01 -4.226183e-01  1.113006e-07
    outer loop
      vertex -1.858859e+01 -1.092921e+02  3.650000e+01
      vertex -8.023136e+00 -8.663437e+01  2.650000e+01
      vertex  4.586995e+00 -5.959185e+01  3.650000e+01
    endloop
  endfacet
  facet normal  9.063078e-01 -4.226183e-01  0.000000e+00
    outer loop
      vertex -1.858859e+01 -1.092921e+02 -3.650000e+01
      vertex  4.586995e+00 -5.959185e+01 -3.650000e+01
      vertex -8.023136e+00 -8.663437e+01 -2.650000e+01
    endloop
  endfacet
  facet normal  9.063079e-01 -4.226181e-01 -6.866454e-07
    outer loop
      vertex -1.858859e+01 -1.092921e+02 -3.650000e+01
      vertex -8.023136e+00 -8.663437e+01 -2.650000e+01
      vertex -1.013623e+01 -9.116591e+01 -2.650000e+01
    endloop
  endfacet
  facet normal  9.063066e-01 -4.226209e-01  5.534906e-06
    outer loop
      vertex -1.858859e+01 -1.092921e+02 -3.650000e+01
      vertex -1.013623e+01 -9.116591e+01 -2.650000e+01
      vertex -1.050456e+01 -9.195580e+01 -2.646195e+01
    endloop
  endfacet
  facet normal  9.063081e-01 -4.226176e-01 -1.448912e-06
    outer loop
      vertex -1.858859e+01 -1.092921e+02 -3.650000e+01
      vertex -1.050456e+01 -9.195580e+01 -2.646195e+01
      vertex -1.087010e+01 -9.273969e+01 -2.634808e+01
    endloop
  endfacet
  facet normal  9.063081e-01 -4.226175e-01 -1.498123e-06
    outer loop
      vertex -1.858859e+01 -1.092921e+02 -3.650000e+01
      vertex -1.087010e+01 -9.273969e+01 -2.634808e+01
      vertex -1.123004e+01 -9.351160e+01 -2.615926e+01
    endloop
  endfacet
  facet normal  9.063078e-01 -4.226184e-01  7.240561e-08
    outer loop
      vertex -1.858859e+01 -1.092921e+02 -3.650000e+01
      vertex -1.123004e+01 -9.351160e+01 -2.615926e+01
      vertex -1.158167e+01 -9.426566e+01 -2.589693e+01
    endloop
  endfacet
  facet normal  9.063081e-01 -4.226175e-01 -1.354551e-06
    outer loop
      vertex -1.858859e+01 -1.092921e+02 -3.650000e+01
      vertex -1.158167e+01 -9.426566e+01 -2.589693e+01
      vertex -1.192229e+01 -9.499613e+01 -2.556308e+01
    endloop
  endfacet
  facet normal  9.063078e-01 -4.226182e-01 -2.896308e-07
    outer loop
      vertex -1.858859e+01 -1.092921e+02 -3.650000e+01
      vertex -1.192229e+01 -9.499613e+01 -2.556308e+01
      vertex -1.224932e+01 -9.569745e+01 -2.516025e+01
    endloop
  endfacet
  facet normal  9.063072e-01 -4.226196e-01  1.767864e-06
    outer loop
      vertex -1.858859e+01 -1.092921e+02 -3.650000e+01
      vertex -1.224932e+01 -9.569745e+01 -2.516025e+01
      vertex -1.256027e+01 -9.636427e+01 -2.469152e+01
    endloop
  endfacet
  facet normal  9.063076e-01 -4.226186e-01  4.996012e-07
    outer loop
      vertex -1.858859e+01 -1.092921e+02 -3.650000e+01
      vertex -1.256027e+01 -9.636427e+01 -2.469152e+01
      vertex -1.285277e+01 -9.699154e+01 -2.416044e+01
    endloop
  endfacet
  facet normal  9.063080e-01 -4.226179e-01 -4.488354e-07
    outer loop
      vertex -1.858859e+01 -1.092921e+02 -3.650000e+01
      vertex -1.285277e+01 -9.699154e+01 -2.416044e+01
      vertex -1.312459e+01 -9.757447e+01 -2.357107e+01
    endloop
  endfacet
  facet normal  9.063080e-01 -4.226178e-01 -5.685254e-07
    outer loop
      vertex -1.858859e+01 -1.092921e+02 -3.650000e+01
      vertex -1.312459e+01 -9.757447e+01 -2.357107e+01
      vertex -1.337367e+01 -9.810863e+01 -2.292788e+01
    endloop
  endfacet
  facet normal  9.063073e-01 -4.226193e-01  9.083680e-07
    outer loop
      vertex -1.858859e+01 -1.092921e+02 -3.650000e+01
      vertex -1.337367e+01 -9.810863e+01 -2.292788e+01
      vertex -1.359811e+01 -9.858994e+01 -2.223576e+01
    endloop
  endfacet
  facet normal  9.063082e-01 -4.226171e-01 -1.023494e-06
    outer loop
      vertex -1.858859e+01 -1.092921e+02 -3.650000e+01
      vertex -1.359811e+01 -9.858994e+01 -2.223576e+01
      vertex -1.379621e+01 -9.901476e+01 -2.150000e+01
    endloop
  endfacet
  facet normal  9.063074e-01 -4.226191e-01  6.033982e-07
    outer loop
      vertex -1.858859e+01 -1.092921e+02 -3.650000e+01
      vertex -1.379621e+01 -9.901476e+01 -2.150000e+01
      vertex -1.396645e+01 -9.937984e+01 -2.072618e+01
    endloop
  endfacet
  facet normal  9.063072e-01 -4.226195e-01  9.058605e-07
    outer loop
      vertex -1.858859e+01 -1.092921e+02 -3.650000e+01
      vertex -1.396645e+01 -9.937984e+01 -2.072618e+01
      vertex -1.410754e+01 -9.968241e+01 -1.992020e+01
    endloop
  endfacet
  facet normal  9.063085e-01 -4.226168e-01 -9.322196e-07
    outer loop
      vertex -1.858859e+01 -1.092921e+02 -3.650000e+01
      vertex -1.410754e+01 -9.968241e+01 -1.992020e+01
      vertex -1.421841e+01 -9.992017e+01 -1.908819e+01
    endloop
  endfacet
  facet normal  9.063074e-01 -4.226192e-01  5.519424e-07
    outer loop
      vertex -1.858859e+01 -1.092921e+02 -3.650000e+01
      vertex -1.421841e+01 -9.992017e+01 -1.908819e+01
      vertex -1.429820e+01 -1.000913e+02 -1.823648e+01
    endloop
  endfacet
  facet normal  9.063084e-01 -4.226170e-01 -7.628711e-07
    outer loop
      vertex -1.858859e+01 -1.092921e+02 -3.650000e+01
      vertex -1.429820e+01 -1.000913e+02 -1.823648e+01
      vertex -1.434633e+01 -1.001945e+02 -1.737156e+01
    endloop
  endfacet
  facet normal  9.063095e-01 -4.226145e-01 -2.213936e-06
    outer loop
      vertex -1.858859e+01 -1.092921e+02 -3.650000e+01
      vertex -1.434633e+01 -1.001945e+02 -1.737156e+01
      vertex -1.436241e+01 -1.002290e+02 -1.650000e+01
    endloop
  endfacet
  facet normal  9.063080e-01 -4.226178e-01 -1.548952e-06
    outer loop
      vertex  4.586995e+00 -5.959185e+01  3.650000e+01
      vertex -8.023136e+00 -8.663437e+01  2.650000e+01
      vertex -7.654799e+00 -8.584447e+01  2.646195e+01
    endloop
  endfacet
  facet normal  9.063082e-01 -4.226173e-01 -3.024869e-06
    outer loop
      vertex  4.586995e+00 -5.959185e+01  3.650000e+01
      vertex -7.654799e+00 -8.584447e+01  2.646195e+01
      vertex -7.289267e+00 -8.506058e+01  2.634808e+01
    endloop
  endfacet
  facet normal  9.063069e-01 -4.226200e-01  5.263039e-06
    outer loop
      vertex  4.586995e+00 -5.959185e+01  3.650000e+01
      vertex -7.289267e+00 -8.506058e+01  2.634808e+01
      vertex -6.929319e+00 -8.428867e+01  2.615926e+01
    endloop
  endfacet
  facet normal  9.063079e-01 -4.226180e-01 -4.843408e-07
    outer loop
      vertex  4.586995e+00 -5.959185e+01  3.650000e+01
      vertex -6.929319e+00 -8.428867e+01  2.615926e+01
      vertex -6.577696e+00 -8.353461e+01  2.589693e+01
    endloop
  endfacet
  facet normal  9.063079e-01 -4.226179e-01 -9.885204e-07
    outer loop
      vertex  4.586995e+00 -5.959185e+01  3.650000e+01
      vertex -6.577696e+00 -8.353461e+01  2.589693e+01
      vertex -6.237074e+00 -8.280415e+01  2.556308e+01
    endloop
  endfacet
  facet normal  9.063079e-01 -4.226182e-01 -2.031224e-07
    outer loop
      vertex  4.586995e+00 -5.959185e+01  3.650000e+01
      vertex -6.237074e+00 -8.280415e+01  2.556308e+01
      vertex -5.910045e+00 -8.210283e+01  2.516025e+01
    endloop
  endfacet
  facet normal  9.063080e-01 -4.226178e-01 -1.073643e-06
    outer loop
      vertex  4.586995e+00 -5.959185e+01  3.650000e+01
      vertex -5.910045e+00 -8.210283e+01  2.516025e+01
      vertex -5.599097e+00 -8.143600e+01  2.469152e+01
    endloop
  endfacet
  facet normal  9.063077e-01 -4.226183e-01  1.364148e-07
    outer loop
      vertex  4.586995e+00 -5.959185e+01  3.650000e+01
      vertex -5.599097e+00 -8.143600e+01  2.469152e+01
      vertex -5.306598e+00 -8.080873e+01  2.416044e+01
    endloop
  endfacet
  facet normal  9.063073e-01 -4.226194e-01  2.413357e-06
    outer loop
      vertex  4.586995e+00 -5.959185e+01  3.650000e+01
      vertex -5.306598e+00 -8.080873e+01  2.416044e+01
      vertex -5.034773e+00 -8.022581e+01  2.357107e+01
    endloop
  endfacet
  facet normal  9.063078e-01 -4.226181e-01 -2.355957e-07
    outer loop
      vertex  4.586995e+00 -5.959185e+01  3.650000e+01
      vertex -5.034773e+00 -8.022581e+01  2.357107e+01
      vertex -4.785692e+00 -7.969165e+01  2.292788e+01
    endloop
  endfacet
  facet normal  9.063084e-01 -4.226171e-01 -1.965918e-06
    outer loop
      vertex  4.586995e+00 -5.959185e+01  3.650000e+01
      vertex -4.785692e+00 -7.969165e+01  2.292788e+01
      vertex -4.561250e+00 -7.921033e+01  2.223576e+01
    endloop
  endfacet
  facet normal  9.063073e-01 -4.226193e-01  1.792396e-06
    outer loop
      vertex  4.586995e+00 -5.959185e+01  3.650000e+01
      vertex -4.561250e+00 -7.921033e+01  2.223576e+01
      vertex -4.363154e+00 -7.878551e+01  2.150000e+01
    endloop
  endfacet
  facet normal  9.063077e-01 -4.226184e-01  4.039166e-07
    outer loop
      vertex  4.586995e+00 -5.959185e+01  3.650000e+01
      vertex -4.363154e+00 -7.878551e+01  2.150000e+01
      vertex -4.192914e+00 -7.842043e+01  2.072618e+01
    endloop
  endfacet
  facet normal  9.063085e-01 -4.226169e-01 -1.906447e-06
    outer loop
      vertex  4.586995e+00 -5.959185e+01  3.650000e+01
      vertex -4.192914e+00 -7.842043e+01  2.072618e+01
      vertex -4.051823e+00 -7.811786e+01  1.992020e+01
    endloop
  endfacet
  facet normal  9.063079e-01 -4.226179e-01 -5.135265e-07
    outer loop
      vertex  4.586995e+00 -5.959185e+01  3.650000e+01
      vertex -4.051823e+00 -7.811786e+01  1.992020e+01
      vertex -3.940957e+00 -7.788010e+01  1.908819e+01
    endloop
  endfacet
  facet normal  9.063076e-01 -4.226186e-01  4.192149e-07
    outer loop
      vertex  4.586995e+00 -5.959185e+01  3.650000e+01
      vertex -3.940957e+00 -7.788010e+01  1.908819e+01
      vertex -3.861158e+00 -7.770898e+01  1.823648e+01
    endloop
  endfacet
  facet normal  9.063068e-01 -4.226203e-01  2.477186e-06
    outer loop
      vertex  4.586995e+00 -5.959185e+01  3.650000e+01
      vertex -3.861158e+00 -7.770898e+01  1.823648e+01
      vertex -3.813035e+00 -7.760578e+01  1.737156e+01
    endloop
  endfacet
  facet normal  9.063088e-01 -4.226162e-01 -2.294875e-06
    outer loop
      vertex  4.586995e+00 -5.959185e+01  3.650000e+01
      vertex -3.813035e+00 -7.760578e+01  1.737156e+01
      vertex -3.796953e+00 -7.757129e+01  1.650000e+01
    endloop
  endfacet
  facet normal  9.063078e-01 -4.226183e-01  0.000000e+00
    outer loop
      vertex  4.586995e+00 -5.959185e+01  3.650000e+01
      vertex -3.796953e+00 -7.757129e+01  1.650000e+01
      vertex -3.796953e+00 -7.757129e+01 -1.650000e+01
    endloop
  endfacet
  facet normal  9.063078e-01 -4.226183e-01  0.000000e+00
    outer loop
      vertex  4.586995e+00 -5.959185e+01  3.650000e+01
      vertex -3.796953e+00 -7.757129e+01 -1.650000e+01
      vertex  4.586995e+00 -5.959185e+01 -3.650000e+01
    endloop
  endfacet
  facet normal  9.063088e-01 -4.226162e-01  2.294875e-06
    outer loop
      vertex  4.586995e+00 -5.959185e+01 -3.650000e+01
      vertex -3.796953e+00 -7.757129e+01 -1.650000e+01
      vertex -3.813035e+00 -7.760578e+01 -1.737156e+01
    endloop
  endfacet
  facet normal  9.063068e-01 -4.226203e-01 -2.480263e-06
    outer loop
      vertex  4.586995e+00 -5.959185e+01 -3.650000e+01
      vertex -3.813035e+00 -7.760578e+01 -1.737156e+01
      vertex -3.861158e+00 -7.770898e+01 -1.823648e+01
    endloop
  endfacet
  facet normal  9.063076e-01 -4.226186e-01 -4.250374e-07
    outer loop
      vertex  4.586995e+00 -5.959185e+01 -3.650000e+01
      vertex -3.861158e+00 -7.770898e+01 -1.823648e+01
      vertex -3.940957e+00 -7.788010e+01 -1.908819e+01
    endloop
  endfacet
  facet normal  9.063079e-01 -4.226179e-01  5.135265e-07
    outer loop
      vertex  4.586995e+00 -5.959185e+01 -3.650000e+01
      vertex -3.940957e+00 -7.788010e+01 -1.908819e+01
      vertex -4.051823e+00 -7.811786e+01 -1.992020e+01
    endloop
  endfacet
  facet normal  9.063084e-01 -4.226169e-01  1.906447e-06
    outer loop
      vertex  4.586995e+00 -5.959185e+01 -3.650000e+01
      vertex -4.051823e+00 -7.811786e+01 -1.992020e+01
      vertex -4.192914e+00 -7.842043e+01 -2.072618e+01
    endloop
  endfacet
  facet normal  9.063077e-01 -4.226185e-01 -3.932872e-07
    outer loop
      vertex  4.586995e+00 -5.959185e+01 -3.650000e+01
      vertex -4.192914e+00 -7.842043e+01 -2.072618e+01
      vertex -4.363154e+00 -7.878551e+01 -2.150000e+01
    endloop
  endfacet
  facet normal  9.063073e-01 -4.226193e-01 -1.792396e-06
    outer loop
      vertex  4.586995e+00 -5.959185e+01 -3.650000e+01
      vertex -4.363154e+00 -7.878551e+01 -2.150000e+01
      vertex -4.561250e+00 -7.921033e+01 -2.223576e+01
    endloop
  endfacet
  facet normal  9.063084e-01 -4.226171e-01  1.965918e-06
    outer loop
      vertex  4.586995e+00 -5.959185e+01 -3.650000e+01
      vertex -4.561250e+00 -7.921033e+01 -2.223576e+01
      vertex -4.785692e+00 -7.969165e+01 -2.292788e+01
    endloop
  endfacet
  facet normal  9.063078e-01 -4.226181e-01  1.927601e-07
    outer loop
      vertex  4.586995e+00 -5.959185e+01 -3.650000e+01
      vertex -4.785692e+00 -7.969165e+01 -2.292788e+01
      vertex -5.034773e+00 -8.022581e+01 -2.357107e+01
    endloop
  endfacet
  facet normal  9.063073e-01 -4.226194e-01 -2.391418e-06
    outer loop
      vertex  4.586995e+00 -5.959185e+01 -3.650000e+01
      vertex -5.034773e+00 -8.022581e+01 -2.357107e+01
      vertex -5.306598e+00 -8.080873e+01 -2.416044e+01
    endloop
  endfacet
  facet normal  9.063077e-01 -4.226183e-01 -1.591506e-07
    outer loop
      vertex  4.586995e+00 -5.959185e+01 -3.650000e+01
      vertex -5.306598e+00 -8.080873e+01 -2.416044e+01
      vertex -5.599097e+00 -8.143600e+01 -2.469152e+01
    endloop
  endfacet
  facet normal  9.063080e-01 -4.226178e-01  1.097502e-06
    outer loop
      vertex  4.586995e+00 -5.959185e+01 -3.650000e+01
      vertex -5.599097e+00 -8.143600e+01 -2.469152e+01
      vertex -5.910045e+00 -8.210283e+01 -2.516025e+01
    endloop
  endfacet
  facet normal  9.063079e-01 -4.226182e-01  2.031224e-07
    outer loop
      vertex  4.586995e+00 -5.959185e+01 -3.650000e+01
      vertex -5.910045e+00 -8.210283e+01 -2.516025e+01
      vertex -6.237074e+00 -8.280415e+01 -2.556308e+01
    endloop
  endfacet
  facet normal  9.063079e-01 -4.226178e-01  9.885204e-07
    outer loop
      vertex  4.586995e+00 -5.959185e+01 -3.650000e+01
      vertex -6.237074e+00 -8.280415e+01 -2.556308e+01
      vertex -6.577696e+00 -8.353461e+01 -2.589693e+01
    endloop
  endfacet
  facet normal  9.063079e-01 -4.226181e-01  4.843408e-07
    outer loop
      vertex  4.586995e+00 -5.959185e+01 -3.650000e+01
      vertex -6.577696e+00 -8.353461e+01 -2.589693e+01
      vertex -6.929319e+00 -8.428867e+01 -2.615926e+01
    endloop
  endfacet
  facet normal  9.063070e-01 -4.226201e-01 -5.263039e-06
    outer loop
      vertex  4.586995e+00 -5.959185e+01 -3.650000e+01
      vertex -6.929319e+00 -8.428867e+01 -2.615926e+01
      vertex -7.289267e+00 -8.506058e+01 -2.634808e+01
    endloop
  endfacet
  facet normal  9.063082e-01 -4.226173e-01  3.104471e-06
    outer loop
      vertex  4.586995e+00 -5.959185e+01 -3.650000e+01
      vertex -7.289267e+00 -8.506058e+01 -2.634808e+01
      vertex -7.654799e+00 -8.584447e+01 -2.646195e+01
    endloop
  endfacet
  facet normal  9.063080e-01 -4.226178e-01  1.548952e-06
    outer loop
      vertex  4.586995e+00 -5.959185e+01 -3.650000e+01
      vertex -7.654799e+00 -8.584447e+01 -2.646195e+01
      vertex -8.023136e+00 -8.663437e+01 -2.650000e+01
    endloop
  endfacet
  facet normal -9.063078e-01  4.226182e-01  0.000000e+00
    outer loop
      vertex -7.500000e+00 -5.959185e+01  3.650000e+01
      vertex -7.500000e+00 -5.959185e+01 -3.650000e+01
      vertex -1.372514e+01 -7.294170e+01 -1.650000e+01
    endloop
  endfacet
  facet normal -9.063079e-01  4.226182e-01  0.000000e+00
    outer loop
      vertex -7.500000e+00 -5.959185e+01  3.650000e+01
      vertex -1.372514e+01 -7.294170e+01 -1.650000e+01
      vertex -1.372514e+01 -7.294170e+01  1.650000e+01
    endloop
  endfacet
  facet normal -9.063071e-01  4.226197e-01 -1.234916e-06
    outer loop
      vertex -7.500000e+00 -5.959185e+01  3.650000e+01
      vertex -1.372514e+01 -7.294170e+01  1.650000e+01
      vertex -1.374122e+01 -7.297619e+01  1.737156e+01
    endloop
  endfacet
  facet normal -9.063082e-01  4.226173e-01  8.092726e-07
    outer loop
      vertex -7.500000e+00 -5.959185e+01  3.650000e+01
      vertex -1.374122e+01 -7.297619e+01  1.737156e+01
      vertex -1.378934e+01 -7.307939e+01  1.823648e+01
    endloop
  endfacet
  facet normal -9.063075e-01  4.226189e-01 -6.136625e-07
    outer loop
      vertex -7.500000e+00 -5.959185e+01  3.650000e+01
      vertex -1.378934e+01 -7.307939e+01  1.823648e+01
      vertex -1.386914e+01 -7.325052e+01  1.908819e+01
    endloop
  endfacet
  facet normal -9.063079e-01  4.226180e-01  2.717747e-07
    outer loop
      vertex -7.500000e+00 -5.959185e+01  3.650000e+01
      vertex -1.386914e+01 -7.325052e+01  1.908819e+01
      vertex -1.398001e+01 -7.348827e+01  1.992020e+01
    endloop
  endfacet
  facet normal -9.063074e-01  4.226193e-01 -1.019327e-06
    outer loop
      vertex -7.500000e+00 -5.959185e+01  3.650000e+01
      vertex -1.398001e+01 -7.348827e+01  1.992020e+01
      vertex -1.412110e+01 -7.379084e+01  2.072618e+01
    endloop
  endfacet
  facet normal -9.063078e-01  4.226183e-01  3.870990e-08
    outer loop
      vertex -7.500000e+00 -5.959185e+01  3.650000e+01
      vertex -1.412110e+01 -7.379084e+01  2.072618e+01
      vertex -1.429134e+01 -7.415592e+01  2.150000e+01
    endloop
  endfacet
  facet normal -9.063082e-01  4.226173e-01  1.150710e-06
    outer loop
      vertex -7.500000e+00 -5.959185e+01  3.650000e+01
      vertex -1.429134e+01 -7.415592e+01  2.150000e+01
      vertex -1.448943e+01 -7.458074e+01  2.223576e+01
    endloop
  endfacet
  facet normal -9.063075e-01  4.226190e-01 -1.065388e-06
    outer loop
      vertex -7.500000e+00 -5.959185e+01  3.650000e+01
      vertex -1.448943e+01 -7.458074e+01  2.223576e+01
      vertex -1.471387e+01 -7.506206e+01  2.292788e+01
    endloop
  endfacet
  facet normal -9.063077e-01  4.226184e-01 -1.507543e-07
    outer loop
      vertex -7.500000e+00 -5.959185e+01  3.650000e+01
      vertex -1.471387e+01 -7.506206e+01  2.292788e+01
      vertex -1.496296e+01 -7.559621e+01  2.357107e+01
    endloop
  endfacet
  facet normal -9.063079e-01  4.226179e-01  5.093456e-07
    outer loop
      vertex -7.500000e+00 -5.959185e+01  3.650000e+01
      vertex -1.496296e+01 -7.559621e+01  2.357107e+01
      vertex -1.523478e+01 -7.617915e+01  2.416044e+01
    endloop
  endfacet
  facet normal -9.063079e-01  4.226181e-01  2.872492e-07
    outer loop
      vertex -7.500000e+00 -5.959185e+01  3.650000e+01
      vertex -1.523478e+01 -7.617915e+01  2.416044e+01
      vertex -1.552728e+01 -7.680641e+01  2.469152e+01
    endloop
  endfacet
  facet normal -9.063082e-01  4.226174e-01  1.382413e-06
    outer loop
      vertex -7.500000e+00 -5.959185e+01  3.650000e+01
      vertex -1.552728e+01 -7.680641e+01  2.469152e+01
      vertex -1.583823e+01 -7.747324e+01  2.516025e+01
    endloop
  endfacet
  facet normal -9.063078e-01  4.226181e-01  1.425727e-07
    outer loop
      vertex -7.500000e+00 -5.959185e+01  3.650000e+01
      vertex -1.583823e+01 -7.747324e+01  2.516025e+01
      vertex -1.616526e+01 -7.817456e+01  2.556308e+01
    endloop
  endfacet
  facet normal -9.063072e-01  4.226196e-01 -2.862232e-06
    outer loop
      vertex -7.500000e+00 -5.959185e+01  3.650000e+01
      vertex -1.616526e+01 -7.817456e+01  2.556308e+01
      vertex -1.650588e+01 -7.890502e+01  2.589693e+01
    endloop
  endfacet
  facet normal -9.063077e-01  4.226183e-01 -1.323437e-07
    outer loop
      vertex -7.500000e+00 -5.959185e+01  3.650000e+01
      vertex -1.650588e+01 -7.890502e+01  2.589693e+01
      vertex -1.685750e+01 -7.965908e+01  2.615926e+01
    endloop
  endfacet
  facet normal -9.063081e-01  4.226175e-01  1.725528e-06
    outer loop
      vertex -7.500000e+00 -5.959185e+01  3.650000e+01
      vertex -1.685750e+01 -7.965908e+01  2.615926e+01
      vertex -1.721745e+01 -8.043099e+01  2.634808e+01
    endloop
  endfacet
  facet normal -9.063078e-01  4.226183e-01 -4.183185e-08
    outer loop
      vertex -7.500000e+00 -5.959185e+01  3.650000e+01
      vertex -1.721745e+01 -8.043099e+01  2.634808e+01
      vertex -1.758298e+01 -8.121488e+01  2.646195e+01
    endloop
  endfacet
  facet normal -9.063084e-01  4.226170e-01  3.308401e-06
    outer loop
      vertex -7.500000e+00 -5.959185e+01  3.650000e+01
      vertex -1.758298e+01 -8.121488e+01  2.646195e+01
      vertex -1.795132e+01 -8.200478e+01  2.650000e+01
    endloop
  endfacet
  facet normal -9.063076e-01  4.226187e-01 -1.220705e-06
    outer loop
      vertex -7.500000e+00 -5.959185e+01  3.650000e+01
      vertex -1.795132e+01 -8.200478e+01  2.650000e+01
      vertex -2.006441e+01 -8.653632e+01  2.650000e+01
    endloop
  endfacet
  facet normal -9.063078e-01  4.226183e-01  9.204994e-08
    outer loop
      vertex -7.500000e+00 -5.959185e+01  3.650000e+01
      vertex -2.006441e+01 -8.653632e+01  2.650000e+01
      vertex -2.851678e+01 -1.046625e+02  3.650000e+01
    endloop
  endfacet
  facet normal -9.063078e-01  4.226183e-01 -1.227333e-07
    outer loop
      vertex -7.500000e+00 -5.959185e+01 -3.650000e+01
      vertex -2.851678e+01 -1.046625e+02 -3.650000e+01
      vertex -2.006441e+01 -8.653632e+01 -2.650000e+01
    endloop
  endfacet
  facet normal -9.063076e-01  4.226187e-01  1.220705e-06
    outer loop
      vertex -7.500000e+00 -5.959185e+01 -3.650000e+01
      vertex -2.006441e+01 -8.653632e+01 -2.650000e+01
      vertex -1.795132e+01 -8.200478e+01 -2.650000e+01
    endloop
  endfacet
  facet normal -9.063084e-01  4.226170e-01 -3.357780e-06
    outer loop
      vertex -7.500000e+00 -5.959185e+01 -3.650000e+01
      vertex -1.795132e+01 -8.200478e+01 -2.650000e+01
      vertex -1.758298e+01 -8.121488e+01 -2.646195e+01
    endloop
  endfacet
  facet normal -9.063078e-01  4.226183e-01  8.366370e-08
    outer loop
      vertex -7.500000e+00 -5.959185e+01 -3.650000e+01
      vertex -1.758298e+01 -8.121488e+01 -2.646195e+01
      vertex -1.721745e+01 -8.043099e+01 -2.634808e+01
    endloop
  endfacet
  facet normal -9.063081e-01  4.226175e-01 -1.725528e-06
    outer loop
      vertex -7.500000e+00 -5.959185e+01 -3.650000e+01
      vertex -1.721745e+01 -8.043099e+01 -2.634808e+01
      vertex -1.685750e+01 -7.965908e+01 -2.615926e+01
    endloop
  endfacet
  facet normal -9.063078e-01  4.226184e-01  1.323437e-07
    outer loop
      vertex -7.500000e+00 -5.959185e+01 -3.650000e+01
      vertex -1.685750e+01 -7.965908e+01 -2.615926e+01
      vertex -1.650588e+01 -7.890502e+01 -2.589693e+01
    endloop
  endfacet
  facet normal -9.063072e-01  4.226196e-01  2.862232e-06
    outer loop
      vertex -7.500000e+00 -5.959185e+01 -3.650000e+01
      vertex -1.650588e+01 -7.890502e+01 -2.589693e+01
      vertex -1.616526e+01 -7.817456e+01 -2.556308e+01
    endloop
  endfacet
  facet normal -9.063078e-01  4.226181e-01 -1.140582e-07
    outer loop
      vertex -7.500000e+00 -5.959185e+01 -3.650000e+01
      vertex -1.616526e+01 -7.817456e+01 -2.556308e+01
      vertex -1.583823e+01 -7.747324e+01 -2.516025e+01
    endloop
  endfacet
  facet normal -9.063082e-01  4.226175e-01 -1.382413e-06
    outer loop
      vertex -7.500000e+00 -5.959185e+01 -3.650000e+01
      vertex -1.583823e+01 -7.747324e+01 -2.516025e+01
      vertex -1.552728e+01 -7.680641e+01 -2.469152e+01
    endloop
  endfacet
  facet normal -9.063079e-01  4.226181e-01 -2.872492e-07
    outer loop
      vertex -7.500000e+00 -5.959185e+01 -3.650000e+01
      vertex -1.552728e+01 -7.680641e+01 -2.469152e+01
      vertex -1.523478e+01 -7.617915e+01 -2.416044e+01
    endloop
  endfacet
  facet normal -9.063079e-01  4.226179e-01 -5.348128e-07
    outer loop
      vertex -7.500000e+00 -5.959185e+01 -3.650000e+01
      vertex -1.523478e+01 -7.617915e+01 -2.416044e+01
      vertex -1.496296e+01 -7.559621e+01 -2.357107e+01
    endloop
  endfacet
  facet normal -9.063077e-01  4.226184e-01  1.507543e-07
    outer loop
      vertex -7.500000e+00 -5.959185e+01 -3.650000e+01
      vertex -1.496296e+01 -7.559621e+01 -2.357107e+01
      vertex -1.471387e+01 -7.506206e+01 -2.292788e+01
    endloop
  endfacet
  facet normal -9.063074e-01  4.226190e-01  1.065388e-06
    outer loop
      vertex -7.500000e+00 -5.959185e+01 -3.650000e+01
      vertex -1.471387e+01 -7.506206e+01 -2.292788e+01
      vertex -1.448943e+01 -7.458074e+01 -2.223576e+01
    endloop
  endfacet
  facet normal -9.063082e-01  4.226173e-01 -1.150710e-06
    outer loop
      vertex -7.500000e+00 -5.959185e+01 -3.650000e+01
      vertex -1.448943e+01 -7.458074e+01 -2.223576e+01
      vertex -1.429134e+01 -7.415592e+01 -2.150000e+01
    endloop
  endfacet
  facet normal -9.063078e-01  4.226183e-01 -3.870990e-08
    outer loop
      vertex -7.500000e+00 -5.959185e+01 -3.650000e+01
      vertex -1.429134e+01 -7.415592e+01 -2.150000e+01
      vertex -1.412110e+01 -7.379084e+01 -2.072618e+01
    endloop
  endfacet
  facet normal -9.063074e-01  4.226193e-01  1.025989e-06
    outer loop
      vertex -7.500000e+00 -5.959185e+01 -3.650000e+01
      vertex -1.412110e+01 -7.379084e+01 -2.072618e+01
      vertex -1.398001e+01 -7.348827e+01 -1.992020e+01
    endloop
  endfacet
  facet normal -9.063080e-01  4.226180e-01 -2.717748e-07
    outer loop
      vertex -7.500000e+00 -5.959185e+01 -3.650000e+01
      vertex -1.398001e+01 -7.348827e+01 -1.992020e+01
      vertex -1.386914e+01 -7.325052e+01 -1.908819e+01
    endloop
  endfacet
  facet normal -9.063075e-01  4.226189e-01  6.136626e-07
    outer loop
      vertex -7.500000e+00 -5.959185e+01 -3.650000e+01
      vertex -1.386914e+01 -7.325052e+01 -1.908819e+01
      vertex -1.378934e+01 -7.307939e+01 -1.823648e+01
    endloop
  endfacet
  facet normal -9.063082e-01  4.226173e-01 -8.092726e-07
    outer loop
      vertex -7.500000e+00 -5.959185e+01 -3.650000e+01
      vertex -1.378934e+01 -7.307939e+01 -1.823648e+01
      vertex -1.374122e+01 -7.297619e+01 -1.737156e+01
    endloop
  endfacet
  facet normal -9.063071e-01  4.226197e-01  1.234916e-06
    outer loop
      vertex -7.500000e+00 -5.959185e+01 -3.650000e+01
      vertex -1.374122e+01 -7.297619e+01 -1.737156e+01
      vertex -1.372514e+01 -7.294170e+01 -1.650000e+01
    endloop
  endfacet
  facet normal -9.063076e-01  4.226186e-01  8.553879e-07
    outer loop
      vertex -2.851678e+01 -1.046625e+02  3.650000e+01
      vertex -2.006441e+01 -8.653632e+01  2.650000e+01
      vertex -2.043275e+01 -8.732622e+01  2.646195e+01
    endloop
  endfacet
  facet normal -9.063084e-01  4.226168e-01 -2.897824e-06
    outer loop
      vertex -2.851678e+01 -1.046625e+02  3.650000e+01
      vertex -2.043275e+01 -8.732622e+01  2.646195e+01
      vertex -2.079828e+01 -8.811011e+01  2.634808e+01
    endloop
  endfacet
  facet normal -9.063081e-01  4.226175e-01 -1.498123e-06
    outer loop
      vertex -2.851678e+01 -1.046625e+02  3.650000e+01
      vertex -2.079828e+01 -8.811011e+01  2.634808e+01
      vertex -2.115823e+01 -8.888202e+01  2.615926e+01
    endloop
  endfacet
  facet normal -9.063078e-01  4.226184e-01  7.240561e-08
    outer loop
      vertex -2.851678e+01 -1.046625e+02  3.650000e+01
      vertex -2.115823e+01 -8.888202e+01  2.615926e+01
      vertex -2.150985e+01 -8.963608e+01  2.589693e+01
    endloop
  endfacet
  facet normal -9.063070e-01  4.226197e-01  2.438204e-06
    outer loop
      vertex -2.851678e+01 -1.046625e+02  3.650000e+01
      vertex -2.150985e+01 -8.963608e+01  2.589693e+01
      vertex -2.185047e+01 -9.036654e+01  2.556308e+01
    endloop
  endfacet
  facet normal -9.063076e-01  4.226187e-01  8.045297e-07
    outer loop
      vertex -2.851678e+01 -1.046625e+02  3.650000e+01
      vertex -2.185047e+01 -9.036654e+01  2.556308e+01
      vertex -2.217750e+01 -9.106786e+01  2.516025e+01
    endloop
  endfacet
  facet normal -9.063082e-01  4.226173e-01 -1.178570e-06
    outer loop
      vertex -2.851678e+01 -1.046625e+02  3.650000e+01
      vertex -2.217750e+01 -9.106786e+01  2.516025e+01
      vertex -2.248845e+01 -9.173469e+01  2.469152e+01
    endloop
  endfacet
  facet normal -9.063077e-01  4.226187e-01  5.450196e-07
    outer loop
      vertex -2.851678e+01 -1.046625e+02  3.650000e+01
      vertex -2.248845e+01 -9.173469e+01  2.469152e+01
      vertex -2.278095e+01 -9.236195e+01  2.416044e+01
    endloop
  endfacet
  facet normal -9.063083e-01  4.226172e-01 -1.152011e-06
    outer loop
      vertex -2.851678e+01 -1.046625e+02  3.650000e+01
      vertex -2.278095e+01 -9.236195e+01  2.416044e+01
      vertex -2.305277e+01 -9.294489e+01  2.357107e+01
    endloop
  endfacet
  facet normal -9.063080e-01  4.226178e-01 -5.685254e-07
    outer loop
      vertex -2.851678e+01 -1.046625e+02  3.650000e+01
      vertex -2.305277e+01 -9.294489e+01  2.357107e+01
      vertex -2.330185e+01 -9.347904e+01  2.292788e+01
    endloop
  endfacet
  facet normal -9.063070e-01  4.226199e-01  1.574504e-06
    outer loop
      vertex -2.851678e+01 -1.046625e+02  3.650000e+01
      vertex -2.330185e+01 -9.347904e+01  2.292788e+01
      vertex -2.352630e+01 -9.396036e+01  2.223576e+01
    endloop
  endfacet
  facet normal -9.063082e-01  4.226171e-01 -9.924793e-07
    outer loop
      vertex -2.851678e+01 -1.046625e+02  3.650000e+01
      vertex -2.352630e+01 -9.396036e+01  2.223576e+01
      vertex -2.372439e+01 -9.438518e+01  2.150000e+01
    endloop
  endfacet
  facet normal -9.063078e-01  4.226183e-01 -3.218125e-08
    outer loop
      vertex -2.851678e+01 -1.046625e+02  3.650000e+01
      vertex -2.372439e+01 -9.438518e+01  2.150000e+01
      vertex -2.389463e+01 -9.475026e+01  2.072618e+01
    endloop
  endfacet
  facet normal -9.063072e-01  4.226195e-01  9.058605e-07
    outer loop
      vertex -2.851678e+01 -1.046625e+02  3.650000e+01
      vertex -2.389463e+01 -9.475026e+01  2.072618e+01
      vertex -2.403572e+01 -9.505283e+01  1.992020e+01
    endloop
  endfacet
  facet normal -9.063079e-01  4.226178e-01 -2.353174e-07
    outer loop
      vertex -2.851678e+01 -1.046625e+02  3.650000e+01
      vertex -2.403572e+01 -9.505283e+01  1.992020e+01
      vertex -2.414659e+01 -9.529058e+01  1.908819e+01
    endloop
  endfacet
  facet normal -9.063079e-01  4.226179e-01 -1.724821e-07
    outer loop
      vertex -2.851678e+01 -1.046625e+02  3.650000e+01
      vertex -2.414659e+01 -9.529058e+01  1.908819e+01
      vertex -2.422639e+01 -9.546171e+01  1.823648e+01
    endloop
  endfacet
  facet normal -9.063077e-01  4.226183e-01  4.390622e-08
    outer loop
      vertex -2.851678e+01 -1.046625e+02  3.650000e+01
      vertex -2.422639e+01 -9.546171e+01  1.823648e+01
      vertex -2.427451e+01 -9.556491e+01  1.737156e+01
    endloop
  endfacet
  facet normal -9.063076e-01  4.226188e-01  2.893254e-07
    outer loop
      vertex -2.851678e+01 -1.046625e+02  3.650000e+01
      vertex -2.427451e+01 -9.556491e+01  1.737156e+01
      vertex -2.429059e+01 -9.559940e+01  1.650000e+01
    endloop
  endfacet
  facet normal -9.063078e-01  4.226182e-01  0.000000e+00
    outer loop
      vertex -2.851678e+01 -1.046625e+02  3.650000e+01
      vertex -2.429059e+01 -9.559940e+01  1.650000e+01
      vertex -2.429059e+01 -9.559940e+01 -1.650000e+01
    endloop
  endfacet
  facet normal -9.063078e-01  4.226182e-01  0.000000e+00
    outer loop
      vertex -2.851678e+01 -1.046625e+02  3.650000e+01
      vertex -2.429059e+01 -9.559940e+01 -1.650000e+01
      vertex -2.851678e+01 -1.046625e+02 -3.650000e+01
    endloop
  endfacet
  facet normal -9.063076e-01  4.226187e-01 -2.893254e-07
    outer loop
      vertex -2.851678e+01 -1.046625e+02 -3.650000e+01
      vertex -2.429059e+01 -9.559940e+01 -1.650000e+01
      vertex -2.427451e+01 -9.556491e+01 -1.737156e+01
    endloop
  endfacet
  facet normal -9.063077e-01  4.226183e-01 -4.390622e-08
    outer loop
      vertex -2.851678e+01 -1.046625e+02 -3.650000e+01
      vertex -2.427451e+01 -9.556491e+01 -1.737156e+01
      vertex -2.422639e+01 -9.546171e+01 -1.823648e+01
    endloop
  endfacet
  facet normal -9.063079e-01  4.226179e-01  1.774102e-07
    outer loop
      vertex -2.851678e+01 -1.046625e+02 -3.650000e+01
      vertex -2.422639e+01 -9.546171e+01 -1.823648e+01
      vertex -2.414659e+01 -9.529058e+01 -1.908819e+01
    endloop
  endfacet
  facet normal -9.063079e-01  4.226178e-01  2.443681e-07
    outer loop
      vertex -2.851678e+01 -1.046625e+02 -3.650000e+01
      vertex -2.414659e+01 -9.529058e+01 -1.908819e+01
      vertex -2.403572e+01 -9.505283e+01 -1.992020e+01
    endloop
  endfacet
  facet normal -9.063072e-01  4.226195e-01 -9.058605e-07
    outer loop
      vertex -2.851678e+01 -1.046625e+02 -3.650000e+01
      vertex -2.403572e+01 -9.505283e+01 -1.992020e+01
      vertex -2.389463e+01 -9.475026e+01 -2.072618e+01
    endloop
  endfacet
  facet normal -9.063078e-01  4.226183e-01  3.218125e-08
    outer loop
      vertex -2.851678e+01 -1.046625e+02 -3.650000e+01
      vertex -2.389463e+01 -9.475026e+01 -2.072618e+01
      vertex -2.372439e+01 -9.438518e+01 -2.150000e+01
    endloop
  endfacet
  facet normal -9.063082e-01  4.226171e-01  9.924793e-07
    outer loop
      vertex -2.851678e+01 -1.046625e+02 -3.650000e+01
      vertex -2.372439e+01 -9.438518e+01 -2.150000e+01
      vertex -2.352630e+01 -9.396036e+01 -2.223576e+01
    endloop
  endfacet
  facet normal -9.063070e-01  4.226199e-01 -1.589643e-06
    outer loop
      vertex -2.851678e+01 -1.046625e+02 -3.650000e+01
      vertex -2.352630e+01 -9.396036e+01 -2.223576e+01
      vertex -2.330185e+01 -9.347904e+01 -2.292788e+01
    endloop
  endfacet
  facet normal -9.063081e-01  4.226178e-01  5.685255e-07
    outer loop
      vertex -2.851678e+01 -1.046625e+02 -3.650000e+01
      vertex -2.330185e+01 -9.347904e+01 -2.292788e+01
      vertex -2.305277e+01 -9.294489e+01 -2.357107e+01
    endloop
  endfacet
  facet normal -9.063082e-01  4.226172e-01  1.166973e-06
    outer loop
      vertex -2.851678e+01 -1.046625e+02 -3.650000e+01
      vertex -2.305277e+01 -9.294489e+01 -2.357107e+01
      vertex -2.278095e+01 -9.236195e+01 -2.416044e+01
    endloop
  endfacet
  facet normal -9.063077e-01  4.226187e-01 -5.450196e-07
    outer loop
      vertex -2.851678e+01 -1.046625e+02 -3.650000e+01
      vertex -2.278095e+01 -9.236195e+01 -2.416044e+01
      vertex -2.248845e+01 -9.173469e+01 -2.469152e+01
    endloop
  endfacet
  facet normal -9.063082e-01  4.226173e-01  1.178570e-06
    outer loop
      vertex -2.851678e+01 -1.046625e+02 -3.650000e+01
      vertex -2.248845e+01 -9.173469e+01 -2.469152e+01
      vertex -2.217750e+01 -9.106786e+01 -2.516025e+01
    endloop
  endfacet
  facet normal -9.063076e-01  4.226187e-01 -7.723485e-07
    outer loop
      vertex -2.851678e+01 -1.046625e+02 -3.650000e+01
      vertex -2.217750e+01 -9.106786e+01 -2.516025e+01
      vertex -2.185047e+01 -9.036654e+01 -2.556308e+01
    endloop
  endfacet
  facet normal -9.063071e-01  4.226197e-01 -2.404340e-06
    outer loop
      vertex -2.851678e+01 -1.046625e+02 -3.650000e+01
      vertex -2.185047e+01 -9.036654e+01 -2.556308e+01
      vertex -2.150985e+01 -8.963608e+01 -2.589693e+01
    endloop
  endfacet
  facet normal -9.063078e-01  4.226184e-01 -7.240561e-08
    outer loop
      vertex -2.851678e+01 -1.046625e+02 -3.650000e+01
      vertex -2.150985e+01 -8.963608e+01 -2.589693e+01
      vertex -2.115823e+01 -8.888202e+01 -2.615926e+01
    endloop
  endfacet
  facet normal -9.063081e-01  4.226175e-01  1.498123e-06
    outer loop
      vertex -2.851678e+01 -1.046625e+02 -3.650000e+01
      vertex -2.115823e+01 -8.888202e+01 -2.615926e+01
      vertex -2.079828e+01 -8.811011e+01 -2.634808e+01
    endloop
  endfacet
  facet normal -9.063084e-01  4.226168e-01  2.897824e-06
    outer loop
      vertex -2.851678e+01 -1.046625e+02 -3.650000e+01
      vertex -2.079828e+01 -8.811011e+01 -2.634808e+01
      vertex -2.043275e+01 -8.732622e+01 -2.646195e+01
    endloop
  endfacet
  facet normal -9.063076e-01  4.226186e-01 -9.057048e-07
    outer loop
      vertex -2.851678e+01 -1.046625e+02 -3.650000e+01
      vertex -2.043275e+01 -8.732622e+01 -2.646195e+01
      vertex -2.006441e+01 -8.653632e+01 -2.650000e+01
    endloop
  endfacet
  facet normal -2.855161e-01 -6.122917e-01 -7.372783e-01
    outer loop
      vertex -1.496296e+01 -7.559621e+01  2.357107e+01
      vertex -5.306598e+00 -8.080873e+01  2.416044e+01
      vertex -1.523478e+01 -7.617915e+01  2.416044e+01
    endloop
  endfacet
  facet normal -2.572739e-01 -5.517259e-01 -7.933528e-01
    outer loop
      vertex -1.523478e+01 -7.617915e+01  2.416044e+01
      vertex -5.306598e+00 -8.080873e+01  2.416044e+01
      vertex -5.599097e+00 -8.143600e+01  2.469152e+01
    endloop
  endfacet
  facet normal -2.572740e-01 -5.517261e-01 -7.933527e-01
    outer loop
      vertex -1.523478e+01 -7.617915e+01  2.416044e+01
      vertex -5.599097e+00 -8.143600e+01  2.469152e+01
      vertex -1.552728e+01 -7.680641e+01  2.469152e+01
    endloop
  endfacet
  facet normal -2.270717e-01 -4.869570e-01 -8.433927e-01
    outer loop
      vertex -1.552728e+01 -7.680641e+01  2.469152e+01
      vertex -5.599097e+00 -8.143600e+01  2.469152e+01
      vertex -5.910045e+00 -8.210283e+01  2.516025e+01
    endloop
  endfacet
  facet normal -2.270717e-01 -4.869570e-01 -8.433927e-01
    outer loop
      vertex -1.552728e+01 -7.680641e+01  2.469152e+01
      vertex -5.910045e+00 -8.210283e+01  2.516025e+01
      vertex -1.583823e+01 -7.747324e+01  2.516025e+01
    endloop
  endfacet
  facet normal -1.951435e-01 -4.184869e-01 -8.870105e-01
    outer loop
      vertex -1.583823e+01 -7.747324e+01  2.516025e+01
      vertex -5.910045e+00 -8.210283e+01  2.516025e+01
      vertex -6.237074e+00 -8.280415e+01  2.556308e+01
    endloop
  endfacet
  facet normal -1.951435e-01 -4.184869e-01 -8.870105e-01
    outer loop
      vertex -1.583823e+01 -7.747324e+01  2.516025e+01
      vertex -6.237074e+00 -8.280415e+01  2.556308e+01
      vertex -1.616526e+01 -7.817456e+01  2.556308e+01
    endloop
  endfacet
  facet normal -1.617289e-01 -3.468290e-01 -9.238796e-01
    outer loop
      vertex -1.616526e+01 -7.817456e+01  2.556308e+01
      vertex -6.237074e+00 -8.280415e+01  2.556308e+01
      vertex -6.577696e+00 -8.353461e+01  2.589693e+01
    endloop
  endfacet
  facet normal -1.617303e-01 -3.468314e-01 -9.238784e-01
    outer loop
      vertex -1.616526e+01 -7.817456e+01  2.556308e+01
      vertex -6.577696e+00 -8.353461e+01  2.589693e+01
      vertex -1.650588e+01 -7.890502e+01  2.589693e+01
    endloop
  endfacet
  facet normal -1.270833e-01 -2.725307e-01 -9.537175e-01
    outer loop
      vertex -1.650588e+01 -7.890502e+01  2.589693e+01
      vertex -6.577696e+00 -8.353461e+01  2.589693e+01
      vertex -6.929319e+00 -8.428867e+01  2.615926e+01
    endloop
  endfacet
  facet normal -1.270833e-01 -2.725307e-01 -9.537175e-01
    outer loop
      vertex -1.650588e+01 -7.890502e+01  2.589693e+01
      vertex -6.929319e+00 -8.428867e+01  2.615926e+01
      vertex -1.685750e+01 -7.965908e+01  2.615926e+01
    endloop
  endfacet
  facet normal -9.147229e-02 -1.961627e-01 -9.762955e-01
    outer loop
      vertex -1.685750e+01 -7.965908e+01  2.615926e+01
      vertex -6.929319e+00 -8.428867e+01  2.615926e+01
      vertex -7.289267e+00 -8.506058e+01  2.634808e+01
    endloop
  endfacet
  facet normal -9.147147e-02 -1.961613e-01 -9.762959e-01
    outer loop
      vertex -1.685750e+01 -7.965908e+01  2.615926e+01
      vertex -7.289267e+00 -8.506058e+01  2.634808e+01
      vertex -1.721745e+01 -8.043099e+01  2.634808e+01
    endloop
  endfacet
  facet normal -5.516227e-02 -1.182959e-01 -9.914451e-01
    outer loop
      vertex -1.721745e+01 -8.043099e+01  2.634808e+01
      vertex -7.289267e+00 -8.506058e+01  2.634808e+01
      vertex -7.654799e+00 -8.584447e+01  2.646195e+01
    endloop
  endfacet
  facet normal -5.516222e-02 -1.182958e-01 -9.914450e-01
    outer loop
      vertex -1.721745e+01 -8.043099e+01  2.634808e+01
      vertex -7.654799e+00 -8.584447e+01  2.646195e+01
      vertex -1.758298e+01 -8.121488e+01  2.646195e+01
    endloop
  endfacet
  facet normal -1.843453e-02 -3.953300e-02 -9.990482e-01
    outer loop
      vertex -1.758298e+01 -8.121488e+01  2.646195e+01
      vertex -7.654799e+00 -8.584447e+01  2.646195e+01
      vertex -8.023136e+00 -8.663437e+01  2.650000e+01
    endloop
  endfacet
  facet normal -1.843454e-02 -3.953301e-02 -9.990482e-01
    outer loop
      vertex -1.758298e+01 -8.121488e+01  2.646195e+01
      vertex -8.023136e+00 -8.663437e+01  2.650000e+01
      vertex -1.795132e+01 -8.200478e+01  2.650000e+01
    endloop
  endfacet
  facet normal -2.855183e-01 -6.122953e-01 -7.372747e-01
    outer loop
      vertex -5.306598e+00 -8.080873e+01  2.416044e+01
      vertex -1.496296e+01 -7.559621e+01  2.357107e+01
      vertex -5.034773e+00 -8.022581e+01  2.357107e+01
    endloop
  endfacet
  facet normal -3.115873e-01 -6.682004e-01 -6.755898e-01
    outer loop
      vertex -5.034773e+00 -8.022581e+01  2.357107e+01
      vertex -1.496296e+01 -7.559621e+01  2.357107e+01
      vertex -1.471387e+01 -7.506206e+01  2.292788e+01
    endloop
  endfacet
  facet normal -3.115873e-01 -6.682004e-01 -6.755898e-01
    outer loop
      vertex -5.034773e+00 -8.022581e+01  2.357107e+01
      vertex -1.471387e+01 -7.506206e+01  2.292788e+01
      vertex -4.785692e+00 -7.969165e+01  2.292788e+01
    endloop
  endfacet
  facet normal -3.352866e-01 -7.190235e-01 -6.087595e-01
    outer loop
      vertex -4.785692e+00 -7.969165e+01  2.292788e+01
      vertex -1.471387e+01 -7.506206e+01  2.292788e+01
      vertex -1.448943e+01 -7.458074e+01  2.223576e+01
    endloop
  endfacet
  facet normal -3.352846e-01 -7.190204e-01 -6.087644e-01
    outer loop
      vertex -4.785692e+00 -7.969165e+01  2.292788e+01
      vertex -1.448943e+01 -7.458074e+01  2.223576e+01
      vertex -4.561250e+00 -7.921033e+01  2.223576e+01
    endloop
  endfacet
  facet normal -3.564318e-01 -7.643709e-01 -5.373023e-01
    outer loop
      vertex -4.561250e+00 -7.921033e+01  2.223576e+01
      vertex -1.448943e+01 -7.458074e+01  2.223576e+01
      vertex -1.429134e+01 -7.415592e+01  2.150000e+01
    endloop
  endfacet
  facet normal -3.564338e-01 -7.643739e-01 -5.372964e-01
    outer loop
      vertex -4.561250e+00 -7.921033e+01  2.223576e+01
      vertex -1.429134e+01 -7.415592e+01  2.150000e+01
      vertex -4.363154e+00 -7.878551e+01  2.150000e+01
    endloop
  endfacet
  facet normal -3.748674e-01 -8.039048e-01 -4.617481e-01
    outer loop
      vertex -4.363154e+00 -7.878551e+01  2.150000e+01
      vertex -1.429134e+01 -7.415592e+01  2.150000e+01
      vertex -1.412110e+01 -7.379084e+01  2.072618e+01
    endloop
  endfacet
  facet normal -3.748674e-01 -8.039048e-01 -4.617481e-01
    outer loop
      vertex -4.363154e+00 -7.878551e+01  2.150000e+01
      vertex -1.412110e+01 -7.379084e+01  2.072618e+01
      vertex -4.192914e+00 -7.842043e+01  2.072618e+01
    endloop
  endfacet
  facet normal -3.904491e-01 -8.373200e-01 -3.826812e-01
    outer loop
      vertex -4.192914e+00 -7.842043e+01  2.072618e+01
      vertex -1.412110e+01 -7.379084e+01  2.072618e+01
      vertex -1.398001e+01 -7.348827e+01  1.992020e+01
    endloop
  endfacet
  facet normal -3.904474e-01 -8.373175e-01 -3.826881e-01
    outer loop
      vertex -4.192914e+00 -7.842043e+01  2.072618e+01
      vertex -1.398001e+01 -7.348827e+01  1.992020e+01
      vertex -4.051823e+00 -7.811786e+01  1.992020e+01
    endloop
  endfacet
  facet normal -4.030579e-01 -8.643608e-01 -3.007068e-01
    outer loop
      vertex -4.051823e+00 -7.811786e+01  1.992020e+01
      vertex -1.398001e+01 -7.348827e+01  1.992020e+01
      vertex -1.386914e+01 -7.325052e+01  1.908819e+01
    endloop
  endfacet
  facet normal -4.030579e-01 -8.643608e-01 -3.007068e-01
    outer loop
      vertex -4.051823e+00 -7.811786e+01  1.992020e+01
      vertex -1.386914e+01 -7.325052e+01  1.908819e+01
      vertex -3.940957e+00 -7.788010e+01  1.908819e+01
    endloop
  endfacet
  facet normal -4.126004e-01 -8.848249e-01 -2.164388e-01
    outer loop
      vertex -3.940957e+00 -7.788010e+01  1.908819e+01
      vertex -1.386914e+01 -7.325052e+01  1.908819e+01
      vertex -1.378934e+01 -7.307939e+01  1.823648e+01
    endloop
  endfacet
  facet normal -4.126004e-01 -8.848249e-01 -2.164388e-01
    outer loop
      vertex -3.940957e+00 -7.788010e+01  1.908819e+01
      vertex -1.378934e+01 -7.307939e+01  1.823648e+01
      vertex -3.861158e+00 -7.770898e+01  1.823648e+01
    endloop
  endfacet
  facet normal -4.190024e-01 -8.985541e-01 -1.305280e-01
    outer loop
      vertex -3.861158e+00 -7.770898e+01  1.823648e+01
      vertex -1.378934e+01 -7.307939e+01  1.823648e+01
      vertex -1.374122e+01 -7.297619e+01  1.737156e+01
    endloop
  endfacet
  facet normal -4.190034e-01 -8.985547e-01 -1.305205e-01
    outer loop
      vertex -3.861158e+00 -7.770898e+01  1.823648e+01
      vertex -1.374122e+01 -7.297619e+01  1.737156e+01
      vertex -3.813035e+00 -7.760578e+01  1.737156e+01
    endloop
  endfacet
  facet normal -4.222164e-01 -9.054451e-01 -4.361637e-02
    outer loop
      vertex -3.813035e+00 -7.760578e+01  1.737156e+01
      vertex -1.374122e+01 -7.297619e+01  1.737156e+01
      vertex -1.372514e+01 -7.294170e+01  1.650000e+01
    endloop
  endfacet
  facet normal -4.222157e-01 -9.054451e-01 -4.362435e-02
    outer loop
      vertex -3.813035e+00 -7.760578e+01  1.737156e+01
      vertex -1.372514e+01 -7.294170e+01  1.650000e+01
      vertex -3.796953e+00 -7.757129e+01  1.650000e+01
    endloop
  endfacet
  facet normal  0.000000e+00  0.000000e+00 -1.000000e+00
    outer loop
      vertex -1.013623e+01 -9.116591e+01  2.650000e+01
      vertex -2.006441e+01 -8.653632e+01  2.650000e+01
      vertex -8.023136e+00 -8.663437e+01  2.650000e+01
    endloop
  endfacet
  facet normal  0.000000e+00  0.000000e+00 -1.000000e+00
    outer loop
      vertex -8.023136e+00 -8.663437e+01  2.650000e+01
      vertex -2.006441e+01 -8.653632e+01  2.650000e+01
      vertex -1.795132e+01 -8.200478e+01  2.650000e+01
    endloop
  endfacet
  facet normal  3.115868e-01  6.682005e-01 -6.755899e-01
    outer loop
      vertex -2.305277e+01 -9.294489e+01  2.357107e+01
      vertex -1.337367e+01 -9.810863e+01  2.292788e+01
      vertex -2.330185e+01 -9.347904e+01  2.292788e+01
    endloop
  endfacet
  facet normal  3.352861e-01  7.190237e-01 -6.087596e-01
    outer loop
      vertex -2.330185e+01 -9.347904e+01  2.292788e+01
      vertex -1.337367e+01 -9.810863e+01  2.292788e+01
      vertex -1.359811e+01 -9.858994e+01  2.223576e+01
    endloop
  endfacet
  facet normal  3.352860e-01  7.190235e-01 -6.087598e-01
    outer loop
      vertex -2.330185e+01 -9.347904e+01  2.292788e+01
      vertex -1.359811e+01 -9.858994e+01  2.223576e+01
      vertex -2.352630e+01 -9.396036e+01  2.223576e+01
    endloop
  endfacet
  facet normal  3.564317e-01  7.643707e-01 -5.373025e-01
    outer loop
      vertex -2.352630e+01 -9.396036e+01  2.223576e+01
      vertex -1.359811e+01 -9.858994e+01  2.223576e+01
      vertex -1.379621e+01 -9.901476e+01  2.150000e+01
    endloop
  endfacet
  facet normal  3.564317e-01  7.643707e-01 -5.373025e-01
    outer loop
      vertex -2.352630e+01 -9.396036e+01  2.223576e+01
      vertex -1.379621e+01 -9.901476e+01  2.150000e+01
      vertex -2.372439e+01 -9.438518e+01  2.150000e+01
    endloop
  endfacet
  facet normal  3.748668e-01  8.039050e-01 -4.617486e-01
    outer loop
      vertex -2.372439e+01 -9.438518e+01  2.150000e+01
      vertex -1.379621e+01 -9.901476e+01  2.150000e+01
      vertex -1.396645e+01 -9.937984e+01  2.072618e+01
    endloop
  endfacet
  facet normal  3.748669e-01  8.039051e-01 -4.617483e-01
    outer loop
      vertex -2.372439e+01 -9.438518e+01  2.150000e+01
      vertex -1.396645e+01 -9.937984e+01  2.072618e+01
      vertex -2.389463e+01 -9.475026e+01  2.072618e+01
    endloop
  endfacet
  facet normal  3.904486e-01  8.373201e-01 -3.826813e-01
    outer loop
      vertex -2.389463e+01 -9.475026e+01  2.072618e+01
      vertex -1.396645e+01 -9.937984e+01  2.072618e+01
      vertex -1.410754e+01 -9.968241e+01  1.992020e+01
    endloop
  endfacet
  facet normal  3.904486e-01  8.373201e-01 -3.826813e-01
    outer loop
      vertex -2.389463e+01 -9.475026e+01  2.072618e+01
      vertex -1.410754e+01 -9.968241e+01  1.992020e+01
      vertex -2.403572e+01 -9.505283e+01  1.992020e+01
    endloop
  endfacet
  facet normal  4.030580e-01  8.643610e-01 -3.007061e-01
    outer loop
      vertex -2.403572e+01 -9.505283e+01  1.992020e+01
      vertex -1.410754e+01 -9.968241e+01  1.992020e+01
      vertex -1.421841e+01 -9.992017e+01  1.908819e+01
    endloop
  endfacet
  facet normal  4.030579e-01  8.643610e-01 -3.007064e-01
    outer loop
      vertex -2.403572e+01 -9.505283e+01  1.992020e+01
      vertex -1.421841e+01 -9.992017e+01  1.908819e+01
      vertex -2.414659e+01 -9.529058e+01  1.908819e+01
    endloop
  endfacet
  facet normal  4.126003e-01  8.848248e-01 -2.164392e-01
    outer loop
      vertex -2.414659e+01 -9.529058e+01  1.908819e+01
      vertex -1.421841e+01 -9.992017e+01  1.908819e+01
      vertex -1.429820e+01 -1.000913e+02  1.823648e+01
    endloop
  endfacet
  facet normal  4.126005e-01  8.848250e-01 -2.164385e-01
    outer loop
      vertex -2.414659e+01 -9.529058e+01  1.908819e+01
      vertex -1.429820e+01 -1.000913e+02  1.823648e+01
      vertex -2.422639e+01 -9.546171e+01  1.823648e+01
    endloop
  endfacet
  facet normal  4.190024e-01  8.985541e-01 -1.305280e-01
    outer loop
      vertex -2.422639e+01 -9.546171e+01  1.823648e+01
      vertex -1.429820e+01 -1.000913e+02  1.823648e+01
      vertex -1.434633e+01 -1.001945e+02  1.737156e+01
    endloop
  endfacet
  facet normal  4.190024e-01  8.985540e-01 -1.305284e-01
    outer loop
      vertex -2.422639e+01 -9.546171e+01  1.823648e+01
      vertex -1.434633e+01 -1.001945e+02  1.737156e+01
      vertex -2.427451e+01 -9.556491e+01  1.737156e+01
    endloop
  endfacet
  facet normal  4.222157e-01  9.054451e-01 -4.362435e-02
    outer loop
      vertex -2.427451e+01 -9.556491e+01  1.737156e+01
      vertex -1.434633e+01 -1.001945e+02  1.737156e+01
      vertex -1.436241e+01 -1.002290e+02  1.650000e+01
    endloop
  endfacet
  facet normal  4.222165e-01  9.054452e-01 -4.361597e-02
    outer loop
      vertex -2.427451e+01 -9.556491e+01  1.737156e+01
      vertex -1.436241e+01 -1.002290e+02  1.650000e+01
      vertex -2.429059e+01 -9.559940e+01  1.650000e+01
    endloop
  endfacet
  facet normal  3.115868e-01  6.682005e-01 -6.755899e-01
    outer loop
      vertex -1.337367e+01 -9.810863e+01  2.292788e+01
      vertex -2.305277e+01 -9.294489e+01  2.357107e+01
      vertex -1.312459e+01 -9.757447e+01  2.357107e+01
    endloop
  endfacet
  facet normal  2.855163e-01  6.122919e-01 -7.372782e-01
    outer loop
      vertex -1.312459e+01 -9.757447e+01  2.357107e+01
      vertex -2.305277e+01 -9.294489e+01  2.357107e+01
      vertex -2.278095e+01 -9.236195e+01  2.416044e+01
    endloop
  endfacet
  facet normal  2.855161e-01  6.122917e-01 -7.372783e-01
    outer loop
      vertex -1.312459e+01 -9.757447e+01  2.357107e+01
      vertex -2.278095e+01 -9.236195e+01  2.416044e+01
      vertex -1.285277e+01 -9.699154e+01  2.416044e+01
    endloop
  endfacet
  facet normal  2.572738e-01  5.517257e-01 -7.933530e-01
    outer loop
      vertex -1.285277e+01 -9.699154e+01  2.416044e+01
      vertex -2.278095e+01 -9.236195e+01  2.416044e+01
      vertex -2.248845e+01 -9.173469e+01  2.469152e+01
    endloop
  endfacet
  facet normal  2.572738e-01  5.517257e-01 -7.933530e-01
    outer loop
      vertex -1.285277e+01 -9.699154e+01  2.416044e+01
      vertex -2.248845e+01 -9.173469e+01  2.469152e+01
      vertex -1.256027e+01 -9.636427e+01  2.469152e+01
    endloop
  endfacet
  facet normal  2.270717e-01  4.869571e-01 -8.433927e-01
    outer loop
      vertex -1.256027e+01 -9.636427e+01  2.469152e+01
      vertex -2.248845e+01 -9.173469e+01  2.469152e+01
      vertex -2.217750e+01 -9.106786e+01  2.516025e+01
    endloop
  endfacet
  facet normal  2.270735e-01  4.869601e-01 -8.433904e-01
    outer loop
      vertex -1.256027e+01 -9.636427e+01  2.469152e+01
      vertex -2.217750e+01 -9.106786e+01  2.516025e+01
      vertex -1.224932e+01 -9.569745e+01  2.516025e+01
    endloop
  endfacet
  facet normal  1.951437e-01  4.184866e-01 -8.870107e-01
    outer loop
      vertex -1.224932e+01 -9.569745e+01  2.516025e+01
      vertex -2.217750e+01 -9.106786e+01  2.516025e+01
      vertex -2.185047e+01 -9.036654e+01  2.556308e+01
    endloop
  endfacet
  facet normal  1.951438e-01  4.184867e-01 -8.870106e-01
    outer loop
      vertex -1.224932e+01 -9.569745e+01  2.516025e+01
      vertex -2.185047e+01 -9.036654e+01  2.556308e+01
      vertex -1.192229e+01 -9.499613e+01  2.556308e+01
    endloop
  endfacet
  facet normal  1.617303e-01  3.468314e-01 -9.238784e-01
    outer loop
      vertex -1.192229e+01 -9.499613e+01  2.556308e+01
      vertex -2.185047e+01 -9.036654e+01  2.556308e+01
      vertex -2.150985e+01 -8.963608e+01  2.589693e+01
    endloop
  endfacet
  facet normal  1.617289e-01  3.468290e-01 -9.238796e-01
    outer loop
      vertex -1.192229e+01 -9.499613e+01  2.556308e+01
      vertex -2.150985e+01 -8.963608e+01  2.589693e+01
      vertex -1.158167e+01 -9.426566e+01  2.589693e+01
    endloop
  endfacet
  facet normal  1.270831e-01  2.725307e-01 -9.537175e-01
    outer loop
      vertex -1.158167e+01 -9.426566e+01  2.589693e+01
      vertex -2.150985e+01 -8.963608e+01  2.589693e+01
      vertex -2.115823e+01 -8.888202e+01  2.615926e+01
    endloop
  endfacet
  facet normal  1.270831e-01  2.725307e-01 -9.537175e-01
    outer loop
      vertex -1.158167e+01 -9.426566e+01  2.589693e+01
      vertex -2.115823e+01 -8.888202e+01  2.615926e+01
      vertex -1.123004e+01 -9.351160e+01  2.615926e+01
    endloop
  endfacet
  facet normal  9.147147e-02  1.961613e-01 -9.762959e-01
    outer loop
      vertex -1.123004e+01 -9.351160e+01  2.615926e+01
      vertex -2.115823e+01 -8.888202e+01  2.615926e+01
      vertex -2.079828e+01 -8.811011e+01  2.634808e+01
    endloop
  endfacet
  facet normal  9.147147e-02  1.961613e-01 -9.762959e-01
    outer loop
      vertex -1.123004e+01 -9.351160e+01  2.615926e+01
      vertex -2.079828e+01 -8.811011e+01  2.634808e+01
      vertex -1.087010e+01 -9.273969e+01  2.634808e+01
    endloop
  endfacet
  facet normal  5.516229e-02  1.182960e-01 -9.914450e-01
    outer loop
      vertex -1.087010e+01 -9.273969e+01  2.634808e+01
      vertex -2.079828e+01 -8.811011e+01  2.634808e+01
      vertex -2.043275e+01 -8.732622e+01  2.646195e+01
    endloop
  endfacet
  facet normal  5.516225e-02  1.182959e-01 -9.914451e-01
    outer loop
      vertex -1.087010e+01 -9.273969e+01  2.634808e+01
      vertex -2.043275e+01 -8.732622e+01  2.646195e+01
      vertex -1.050456e+01 -9.195580e+01  2.646195e+01
    endloop
  endfacet
  facet normal  1.843452e-02  3.953298e-02 -9.990482e-01
    outer loop
      vertex -1.050456e+01 -9.195580e+01  2.646195e+01
      vertex -2.043275e+01 -8.732622e+01  2.646195e+01
      vertex -2.006441e+01 -8.653632e+01  2.650000e+01
    endloop
  endfacet
  facet normal  1.843470e-02  3.953329e-02 -9.990482e-01
    outer loop
      vertex -1.050456e+01 -9.195580e+01  2.646195e+01
      vertex -2.006441e+01 -8.653632e+01  2.650000e+01
      vertex -1.013623e+01 -9.116591e+01  2.650000e+01
    endloop
  endfacet
  facet normal  4.226187e-01  9.063076e-01  0.000000e+00
    outer loop
      vertex -1.436241e+01 -1.002290e+02 -1.650000e+01
      vertex -2.429059e+01 -9.559940e+01 -1.650000e+01
      vertex -1.436241e+01 -1.002290e+02  1.650000e+01
    endloop
  endfacet
  facet normal  4.226187e-01  9.063076e-01  0.000000e+00
    outer loop
      vertex -1.436241e+01 -1.002290e+02  1.650000e+01
      vertex -2.429059e+01 -9.559940e+01 -1.650000e+01
      vertex -2.429059e+01 -9.559940e+01  1.650000e+01
    endloop
  endfacet
  facet normal  2.855162e-01  6.122919e-01  7.372781e-01
    outer loop
      vertex -2.305277e+01 -9.294489e+01 -2.357107e+01
      vertex -1.285277e+01 -9.699154e+01 -2.416044e+01
      vertex -2.278095e+01 -9.236195e+01 -2.416044e+01
    endloop
  endfacet
  facet normal  2.572737e-01  5.517256e-01  7.933531e-01
    outer loop
      vertex -2.278095e+01 -9.236195e+01 -2.416044e+01
      vertex -1.285277e+01 -9.699154e+01 -2.416044e+01
      vertex -1.256027e+01 -9.636427e+01 -2.469152e+01
    endloop
  endfacet
  facet normal  2.572737e-01  5.517256e-01  7.933531e-01
    outer loop
      vertex -2.278095e+01 -9.236195e+01 -2.416044e+01
      vertex -1.256027e+01 -9.636427e+01 -2.469152e+01
      vertex -2.248845e+01 -9.173469e+01 -2.469152e+01
    endloop
  endfacet
  facet normal  2.270731e-01  4.869602e-01  8.433905e-01
    outer loop
      vertex -2.248845e+01 -9.173469e+01 -2.469152e+01
      vertex -1.256027e+01 -9.636427e+01 -2.469152e+01
      vertex -1.224932e+01 -9.569745e+01 -2.516025e+01
    endloop
  endfacet
  facet normal  2.270720e-01  4.869569e-01  8.433927e-01
    outer loop
      vertex -2.248845e+01 -9.173469e+01 -2.469152e+01
      vertex -1.224932e+01 -9.569745e+01 -2.516025e+01
      vertex -2.217750e+01 -9.106786e+01 -2.516025e+01
    endloop
  endfacet
  facet normal  1.951438e-01  4.184867e-01  8.870106e-01
    outer loop
      vertex -2.217750e+01 -9.106786e+01 -2.516025e+01
      vertex -1.224932e+01 -9.569745e+01 -2.516025e+01
      vertex -1.192229e+01 -9.499613e+01 -2.556308e+01
    endloop
  endfacet
  facet normal  1.951437e-01  4.184866e-01  8.870107e-01
    outer loop
      vertex -2.217750e+01 -9.106786e+01 -2.516025e+01
      vertex -1.192229e+01 -9.499613e+01 -2.556308e+01
      vertex -2.185047e+01 -9.036654e+01 -2.556308e+01
    endloop
  endfacet
  facet normal  1.617292e-01  3.468289e-01  9.238796e-01
    outer loop
      vertex -2.185047e+01 -9.036654e+01 -2.556308e+01
      vertex -1.192229e+01 -9.499613e+01 -2.556308e+01
      vertex -1.158167e+01 -9.426566e+01 -2.589693e+01
    endloop
  endfacet
  facet normal  1.617301e-01  3.468316e-01  9.238783e-01
    outer loop
      vertex -2.185047e+01 -9.036654e+01 -2.556308e+01
      vertex -1.158167e+01 -9.426566e+01 -2.589693e+01
      vertex -2.150985e+01 -8.963608e+01 -2.589693e+01
    endloop
  endfacet
  facet normal  1.270831e-01  2.725307e-01  9.537175e-01
    outer loop
      vertex -2.150985e+01 -8.963608e+01 -2.589693e+01
      vertex -1.158167e+01 -9.426566e+01 -2.589693e+01
      vertex -1.123004e+01 -9.351160e+01 -2.615926e+01
    endloop
  endfacet
  facet normal  1.270831e-01  2.725307e-01  9.537175e-01
    outer loop
      vertex -2.150985e+01 -8.963608e+01 -2.589693e+01
      vertex -1.123004e+01 -9.351160e+01 -2.615926e+01
      vertex -2.115823e+01 -8.888202e+01 -2.615926e+01
    endloop
  endfacet
  facet normal  9.147147e-02  1.961613e-01  9.762959e-01
    outer loop
      vertex -2.115823e+01 -8.888202e+01 -2.615926e+01
      vertex -1.123004e+01 -9.351160e+01 -2.615926e+01
      vertex -1.087010e+01 -9.273969e+01 -2.634808e+01
    endloop
  endfacet
  facet normal  9.147147e-02  1.961613e-01  9.762959e-01
    outer loop
      vertex -2.115823e+01 -8.888202e+01 -2.615926e+01
      vertex -1.087010e+01 -9.273969e+01 -2.634808e+01
      vertex -2.079828e+01 -8.811011e+01 -2.634808e+01
    endloop
  endfacet
  facet normal  5.516227e-02  1.182959e-01  9.914451e-01
    outer loop
      vertex -2.079828e+01 -8.811011e+01 -2.634808e+01
      vertex -1.087010e+01 -9.273969e+01 -2.634808e+01
      vertex -1.050456e+01 -9.195580e+01 -2.646195e+01
    endloop
  endfacet
  facet normal  5.516229e-02  1.182960e-01  9.914450e-01
    outer loop
      vertex -2.079828e+01 -8.811011e+01 -2.634808e+01
      vertex -1.050456e+01 -9.195580e+01 -2.646195e+01
      vertex -2.043275e+01 -8.732622e+01 -2.646195e+01
    endloop
  endfacet
  facet normal  1.843468e-02  3.953331e-02  9.990482e-01
    outer loop
      vertex -2.043275e+01 -8.732622e+01 -2.646195e+01
      vertex -1.050456e+01 -9.195580e+01 -2.646195e+01
      vertex -1.013623e+01 -9.116591e+01 -2.650000e+01
    endloop
  endfacet
  facet normal  1.843454e-02  3.953296e-02  9.990482e-01
    outer loop
      vertex -2.043275e+01 -8.732622e+01 -2.646195e+01
      vertex -1.013623e+01 -9.116591e+01 -2.650000e+01
      vertex -2.006441e+01 -8.653632e+01 -2.650000e+01
    endloop
  endfacet
  facet normal  2.855162e-01  6.122917e-01  7.372784e-01
    outer loop
      vertex -1.285277e+01 -9.699154e+01 -2.416044e+01
      vertex -2.305277e+01 -9.294489e+01 -2.357107e+01
      vertex -1.312459e+01 -9.757447e+01 -2.357107e+01
    endloop
  endfacet
  facet normal  3.115868e-01  6.682005e-01  6.755899e-01
    outer loop
      vertex -1.312459e+01 -9.757447e+01 -2.357107e+01
      vertex -2.305277e+01 -9.294489e+01 -2.357107e+01
      vertex -2.330185e+01 -9.347904e+01 -2.292788e+01
    endloop
  endfacet
  facet normal  3.115868e-01  6.682005e-01  6.755899e-01
    outer loop
      vertex -1.312459e+01 -9.757447e+01 -2.357107e+01
      vertex -2.330185e+01 -9.347904e+01 -2.292788e+01
      vertex -1.337367e+01 -9.810863e+01 -2.292788e+01
    endloop
  endfacet
  facet normal  3.352860e-01  7.190235e-01  6.087598e-01
    outer loop
      vertex -1.337367e+01 -9.810863e+01 -2.292788e+01
      vertex -2.330185e+01 -9.347904e+01 -2.292788e+01
      vertex -2.352630e+01 -9.396036e+01 -2.223576e+01
    endloop
  endfacet
  facet normal  3.352861e-01  7.190237e-01  6.087595e-01
    outer loop
      vertex -1.337367e+01 -9.810863e+01 -2.292788e+01
      vertex -2.352630e+01 -9.396036e+01 -2.223576e+01
      vertex -1.359811e+01 -9.858994e+01 -2.223576e+01
    endloop
  endfacet
  facet normal  3.564318e-01  7.643709e-01  5.373022e-01
    outer loop
      vertex -1.359811e+01 -9.858994e+01 -2.223576e+01
      vertex -2.352630e+01 -9.396036e+01 -2.223576e+01
      vertex -2.372439e+01 -9.438518e+01 -2.150000e+01
    endloop
  endfacet
  facet normal  3.564318e-01  7.643709e-01  5.373022e-01
    outer loop
      vertex -1.359811e+01 -9.858994e+01 -2.223576e+01
      vertex -2.372439e+01 -9.438518e+01 -2.150000e+01
      vertex -1.379621e+01 -9.901476e+01 -2.150000e+01
    endloop
  endfacet
  facet normal  3.748669e-01  8.039051e-01  4.617483e-01
    outer loop
      vertex -1.379621e+01 -9.901476e+01 -2.150000e+01
      vertex -2.372439e+01 -9.438518e+01 -2.150000e+01
      vertex -2.389463e+01 -9.475026e+01 -2.072618e+01
    endloop
  endfacet
  facet normal  3.748668e-01  8.039049e-01  4.617486e-01
    outer loop
      vertex -1.379621e+01 -9.901476e+01 -2.150000e+01
      vertex -2.389463e+01 -9.475026e+01 -2.072618e+01
      vertex -1.396645e+01 -9.937984e+01 -2.072618e+01
    endloop
  endfacet
  facet normal  3.904486e-01  8.373201e-01  3.826813e-01
    outer loop
      vertex -1.396645e+01 -9.937984e+01 -2.072618e+01
      vertex -2.389463e+01 -9.475026e+01 -2.072618e+01
      vertex -2.403572e+01 -9.505283e+01 -1.992020e+01
    endloop
  endfacet
  facet normal  3.904486e-01  8.373201e-01  3.826813e-01
    outer loop
      vertex -1.396645e+01 -9.937984e+01 -2.072618e+01
      vertex -2.403572e+01 -9.505283e+01 -1.992020e+01
      vertex -1.410754e+01 -9.968241e+01 -1.992020e+01
    endloop
  endfacet
  facet normal  4.030579e-01  8.643608e-01  3.007068e-01
    outer loop
      vertex -1.410754e+01 -9.968241e+01 -1.992020e+01
      vertex -2.403572e+01 -9.505283e+01 -1.992020e+01
      vertex -2.414659e+01 -9.529058e+01 -1.908819e+01
    endloop
  endfacet
  facet normal  4.030579e-01  8.643610e-01  3.007064e-01
    outer loop
      vertex -1.410754e+01 -9.968241e+01 -1.992020e+01
      vertex -2.414659e+01 -9.529058e+01 -1.908819e+01
      vertex -1.421841e+01 -9.992017e+01 -1.908819e+01
    endloop
  endfacet
  facet normal  4.126004e-01  8.848250e-01  2.164384e-01
    outer loop
      vertex -1.421841e+01 -9.992017e+01 -1.908819e+01
      vertex -2.414659e+01 -9.529058e+01 -1.908819e+01
      vertex -2.422639e+01 -9.546171e+01 -1.823648e+01
    endloop
  endfacet
  facet normal  4.126004e-01  8.848249e-01  2.164388e-01
    outer loop
      vertex -1.421841e+01 -9.992017e+01 -1.908819e+01
      vertex -2.422639e+01 -9.546171e+01 -1.823648e+01
      vertex -1.429820e+01 -1.000913e+02 -1.823648e+01
    endloop
  endfacet
  facet normal  4.190024e-01  8.985540e-01  1.305288e-01
    outer loop
      vertex -1.429820e+01 -1.000913e+02 -1.823648e+01
      vertex -2.422639e+01 -9.546171e+01 -1.823648e+01
      vertex -2.427451e+01 -9.556491e+01 -1.737156e+01
    endloop
  endfacet
  facet normal  4.190024e-01  8.985540e-01  1.305284e-01
    outer loop
      vertex -1.429820e+01 -1.000913e+02 -1.823648e+01
      vertex -2.427451e+01 -9.556491e+01 -1.737156e+01
      vertex -1.434633e+01 -1.001945e+02 -1.737156e+01
    endloop
  endfacet
  facet normal  4.222158e-01  9.054453e-01  4.361598e-02
    outer loop
      vertex -1.434633e+01 -1.001945e+02 -1.737156e+01
      vertex -2.427451e+01 -9.556491e+01 -1.737156e+01
      vertex -2.429059e+01 -9.559940e+01 -1.650000e+01
    endloop
  endfacet
  facet normal  4.222163e-01  9.054449e-01  4.362434e-02
    outer loop
      vertex -1.434633e+01 -1.001945e+02 -1.737156e+01
      vertex -2.429059e+01 -9.559940e+01 -1.650000e+01
      vertex -1.436241e+01 -1.002290e+02 -1.650000e+01
    endloop
  endfacet
  facet normal  -0.000000e+00  0.000000e+00  1.000000e+00
    outer loop
      vertex -1.795132e+01 -8.200478e+01 -2.650000e+01
      vertex -2.006441e+01 -8.653632e+01 -2.650000e+01
      vertex -8.023136e+00 -8.663437e+01 -2.650000e+01
    endloop
  endfacet
  facet normal  0.000000e+00  0.000000e+00  1.000000e+00
    outer loop
      vertex -8.023136e+00 -8.663437e+01 -2.650000e+01
      vertex -2.006441e+01 -8.653632e+01 -2.650000e+01
      vertex -1.013623e+01 -9.116591e+01 -2.650000e+01
    endloop
  endfacet
  facet normal -3.115872e-01 -6.682003e-01  6.755901e-01
    outer loop
      vertex -1.496296e+01 -7.559621e+01 -2.357107e+01
      vertex -4.785692e+00 -7.969165e+01 -2.292788e+01
      vertex -1.471387e+01 -7.506206e+01 -2.292788e+01
    endloop
  endfacet
  facet normal -3.352849e-01 -7.190201e-01  6.087645e-01
    outer loop
      vertex -1.471387e+01 -7.506206e+01 -2.292788e+01
      vertex -4.785692e+00 -7.969165e+01 -2.292788e+01
      vertex -4.561250e+00 -7.921033e+01 -2.223576e+01
    endloop
  endfacet
  facet normal -3.352861e-01 -7.190237e-01  6.087596e-01
    outer loop
      vertex -1.471387e+01 -7.506206e+01 -2.292788e+01
      vertex -4.561250e+00 -7.921033e+01 -2.223576e+01
      vertex -1.448943e+01 -7.458074e+01 -2.223576e+01
    endloop
  endfacet
  facet normal -3.564333e-01 -7.643741e-01  5.372965e-01
    outer loop
      vertex -1.448943e+01 -7.458074e+01 -2.223576e+01
      vertex -4.561250e+00 -7.921033e+01 -2.223576e+01
      vertex -4.363154e+00 -7.878551e+01 -2.150000e+01
    endloop
  endfacet
  facet normal -3.564323e-01 -7.643707e-01  5.373021e-01
    outer loop
      vertex -1.448943e+01 -7.458074e+01 -2.223576e+01
      vertex -4.363154e+00 -7.878551e+01 -2.150000e+01
      vertex -1.429134e+01 -7.415592e+01 -2.150000e+01
    endloop
  endfacet
  facet normal -3.748674e-01 -8.039048e-01  4.617481e-01
    outer loop
      vertex -1.429134e+01 -7.415592e+01 -2.150000e+01
      vertex -4.363154e+00 -7.878551e+01 -2.150000e+01
      vertex -4.192914e+00 -7.842043e+01 -2.072618e+01
    endloop
  endfacet
  facet normal -3.748674e-01 -8.039048e-01  4.617481e-01
    outer loop
      vertex -1.429134e+01 -7.415592e+01 -2.150000e+01
      vertex -4.192914e+00 -7.842043e+01 -2.072618e+01
      vertex -1.412110e+01 -7.379084e+01 -2.072618e+01
    endloop
  endfacet
  facet normal -3.904479e-01 -8.373173e-01  3.826880e-01
    outer loop
      vertex -1.412110e+01 -7.379084e+01 -2.072618e+01
      vertex -4.192914e+00 -7.842043e+01 -2.072618e+01
      vertex -4.051823e+00 -7.811786e+01 -1.992020e+01
    endloop
  endfacet
  facet normal -3.904486e-01 -8.373201e-01  3.826813e-01
    outer loop
      vertex -1.412110e+01 -7.379084e+01 -2.072618e+01
      vertex -4.051823e+00 -7.811786e+01 -1.992020e+01
      vertex -1.398001e+01 -7.348827e+01 -1.992020e+01
    endloop
  endfacet
  facet normal -4.030579e-01 -8.643608e-01  3.007068e-01
    outer loop
      vertex -1.398001e+01 -7.348827e+01 -1.992020e+01
      vertex -4.051823e+00 -7.811786e+01 -1.992020e+01
      vertex -3.940957e+00 -7.788010e+01 -1.908819e+01
    endloop
  endfacet
  facet normal -4.030579e-01 -8.643608e-01  3.007068e-01
    outer loop
      vertex -1.398001e+01 -7.348827e+01 -1.992020e+01
      vertex -3.940957e+00 -7.788010e+01 -1.908819e+01
      vertex -1.386914e+01 -7.325052e+01 -1.908819e+01
    endloop
  endfacet
  facet normal -4.126004e-01 -8.848249e-01  2.164388e-01
    outer loop
      vertex -1.386914e+01 -7.325052e+01 -1.908819e+01
      vertex -3.940957e+00 -7.788010e+01 -1.908819e+01
      vertex -3.861158e+00 -7.770898e+01 -1.823648e+01
    endloop
  endfacet
  facet normal -4.126004e-01 -8.848249e-01  2.164388e-01
    outer loop
      vertex -1.386914e+01 -7.325052e+01 -1.908819e+01
      vertex -3.861158e+00 -7.770898e+01 -1.823648e+01
      vertex -1.378934e+01 -7.307939e+01 -1.823648e+01
    endloop
  endfacet
  facet normal -4.190029e-01 -8.985550e-01  1.305202e-01
    outer loop
      vertex -1.378934e+01 -7.307939e+01 -1.823648e+01
      vertex -3.861158e+00 -7.770898e+01 -1.823648e+01
      vertex -3.813035e+00 -7.760578e+01 -1.737156e+01
    endloop
  endfacet
  facet normal -4.190030e-01 -8.985538e-01  1.305279e-01
    outer loop
      vertex -1.378934e+01 -7.307939e+01 -1.823648e+01
      vertex -3.813035e+00 -7.760578e+01 -1.737156e+01
      vertex -1.374122e+01 -7.297619e+01 -1.737156e+01
    endloop
  endfacet
  facet normal -4.222163e-01 -9.054449e-01  4.362434e-02
    outer loop
      vertex -1.374122e+01 -7.297619e+01 -1.737156e+01
      vertex -3.813035e+00 -7.760578e+01 -1.737156e+01
      vertex -3.796953e+00 -7.757129e+01 -1.650000e+01
    endloop
  endfacet
  facet normal -4.222158e-01 -9.054453e-01  4.361638e-02
    outer loop
      vertex -1.374122e+01 -7.297619e+01 -1.737156e+01
      vertex -3.796953e+00 -7.757129e+01 -1.650000e+01
      vertex -1.372514e+01 -7.294170e+01 -1.650000e+01
    endloop
  endfacet
  facet normal -3.115872e-01 -6.682003e-01  6.755901e-01
    outer loop
      vertex -4.785692e+00 -7.969165e+01 -2.292788e+01
      vertex -1.496296e+01 -7.559621e+01 -2.357107e+01
      vertex -5.034773e+00 -8.022581e+01 -2.357107e+01
    endloop
  endfacet
  facet normal -2.855165e-01 -6.122915e-01  7.372785e-01
    outer loop
      vertex -5.034773e+00 -8.022581e+01 -2.357107e+01
      vertex -1.496296e+01 -7.559621e+01 -2.357107e+01
      vertex -1.523478e+01 -7.617915e+01 -2.416044e+01
    endloop
  endfacet
  facet normal -2.855178e-01 -6.122953e-01  7.372747e-01
    outer loop
      vertex -5.034773e+00 -8.022581e+01 -2.357107e+01
      vertex -1.523478e+01 -7.617915e+01 -2.416044e+01
      vertex -5.306598e+00 -8.080873e+01 -2.416044e+01
    endloop
  endfacet
  facet normal -2.572738e-01 -5.517257e-01  7.933530e-01
    outer loop
      vertex -5.306598e+00 -8.080873e+01 -2.416044e+01
      vertex -1.523478e+01 -7.617915e+01 -2.416044e+01
      vertex -1.552728e+01 -7.680641e+01 -2.469152e+01
    endloop
  endfacet
  facet normal -2.572737e-01 -5.517255e-01  7.933531e-01
    outer loop
      vertex -5.306598e+00 -8.080873e+01 -2.416044e+01
      vertex -1.552728e+01 -7.680641e+01 -2.469152e+01
      vertex -5.599097e+00 -8.143600e+01 -2.469152e+01
    endloop
  endfacet
  facet normal -2.270717e-01 -4.869570e-01  8.433927e-01
    outer loop
      vertex -5.599097e+00 -8.143600e+01 -2.469152e+01
      vertex -1.552728e+01 -7.680641e+01 -2.469152e+01
      vertex -1.583823e+01 -7.747324e+01 -2.516025e+01
    endloop
  endfacet
  facet normal -2.270717e-01 -4.869570e-01  8.433927e-01
    outer loop
      vertex -5.599097e+00 -8.143600e+01 -2.469152e+01
      vertex -1.583823e+01 -7.747324e+01 -2.516025e+01
      vertex -5.910045e+00 -8.210283e+01 -2.516025e+01
    endloop
  endfacet
  facet normal -1.951435e-01 -4.184867e-01  8.870107e-01
    outer loop
      vertex -5.910045e+00 -8.210283e+01 -2.516025e+01
      vertex -1.583823e+01 -7.747324e+01 -2.516025e+01
      vertex -1.616526e+01 -7.817456e+01 -2.556308e+01
    endloop
  endfacet
  facet normal -1.951435e-01 -4.184867e-01  8.870107e-01
    outer loop
      vertex -5.910045e+00 -8.210283e+01 -2.516025e+01
      vertex -1.616526e+01 -7.817456e+01 -2.556308e+01
      vertex -6.237074e+00 -8.280415e+01 -2.556308e+01
    endloop
  endfacet
  facet normal -1.617301e-01 -3.468316e-01  9.238783e-01
    outer loop
      vertex -6.237074e+00 -8.280415e+01 -2.556308e+01
      vertex -1.616526e+01 -7.817456e+01 -2.556308e+01
      vertex -1.650588e+01 -7.890502e+01 -2.589693e+01
    endloop
  endfacet
  facet normal -1.617292e-01 -3.468289e-01  9.238796e-01
    outer loop
      vertex -6.237074e+00 -8.280415e+01 -2.556308e+01
      vertex -1.650588e+01 -7.890502e+01 -2.589693e+01
      vertex -6.577696e+00 -8.353461e+01 -2.589693e+01
    endloop
  endfacet
  facet normal -1.270833e-01 -2.725307e-01  9.537175e-01
    outer loop
      vertex -6.577696e+00 -8.353461e+01 -2.589693e+01
      vertex -1.650588e+01 -7.890502e+01 -2.589693e+01
      vertex -1.685750e+01 -7.965908e+01 -2.615926e+01
    endloop
  endfacet
  facet normal -1.270833e-01 -2.725307e-01  9.537175e-01
    outer loop
      vertex -6.577696e+00 -8.353461e+01 -2.589693e+01
      vertex -1.685750e+01 -7.965908e+01 -2.615926e+01
      vertex -6.929319e+00 -8.428867e+01 -2.615926e+01
    endloop
  endfacet
  facet normal -9.147158e-02 -1.961612e-01  9.762959e-01
    outer loop
      vertex -6.929319e+00 -8.428867e+01 -2.615926e+01
      vertex -1.685750e+01 -7.965908e+01 -2.615926e+01
      vertex -1.721745e+01 -8.043099e+01 -2.634808e+01
    endloop
  endfacet
  facet normal -9.147214e-02 -1.961627e-01  9.762955e-01
    outer loop
      vertex -6.929319e+00 -8.428867e+01 -2.615926e+01
      vertex -1.721745e+01 -8.043099e+01 -2.634808e+01
      vertex -7.289267e+00 -8.506058e+01 -2.634808e+01
    endloop
  endfacet
  facet normal -5.516222e-02 -1.182958e-01  9.914450e-01
    outer loop
      vertex -7.289267e+00 -8.506058e+01 -2.634808e+01
      vertex -1.721745e+01 -8.043099e+01 -2.634808e+01
      vertex -1.758298e+01 -8.121488e+01 -2.646195e+01
    endloop
  endfacet
  facet normal -5.516225e-02 -1.182959e-01  9.914451e-01
    outer loop
      vertex -7.289267e+00 -8.506058e+01 -2.634808e+01
      vertex -1.758298e+01 -8.121488e+01 -2.646195e+01
      vertex -7.654799e+00 -8.584447e+01 -2.646195e+01
    endloop
  endfacet
  facet normal -1.843454e-02 -3.953301e-02  9.990482e-01
    outer loop
      vertex -7.654799e+00 -8.584447e+01 -2.646195e+01
      vertex -1.758298e+01 -8.121488e+01 -2.646195e+01
      vertex -1.795132e+01 -8.200478e+01 -2.650000e+01
    endloop
  endfacet
  facet normal -1.843453e-02 -3.953299e-02  9.990482e-01
    outer loop
      vertex -7.654799e+00 -8.584447e+01 -2.646195e+01
      vertex -1.795132e+01 -8.200478e+01 -2.650000e+01
      vertex -8.023136e+00 -8.663437e+01 -2.650000e+01
    endloop
  endfacet
  facet normal -4.226181e-01 -9.063079e-01  0.000000e+00
    outer loop
      vertex -3.796953e+00 -7.757129e+01  1.650000e+01
      vertex -1.372514e+01 -7.294170e+01  1.650000e+01
      vertex -3.796953e+00 -7.757129e+01 -1.650000e+01
    endloop
  endfacet
  facet normal -4.226181e-01 -9.063079e-01  0.000000e+00
    outer loop
      vertex -3.796953e+00 -7.757129e+01 -1.650000e+01
      vertex -1.372514e+01 -7.294170e+01  1.650000e+01
      vertex -1.372514e+01 -7.294170e+01 -1.650000e+01
    endloop
  endfacet
  facet normal  0.000000e+00  0.000000e+00  1.000000e+00
    outer loop
      vertex -8.932014e+00  5.931593e-01  3.650000e+01
      vertex -1.199813e+01 -2.119845e-01  3.650000e+01
      vertex -9.020217e+00  3.023900e-01  3.650000e+01
    endloop
  endfacet
  facet normal  0.000000e+00  0.000000e+00  1.000000e+00
    outer loop
      vertex -9.050000e+00 -9.478662e-17  3.650000e+01
      vertex -9.020217e+00  3.023900e-01  3.650000e+01
      vertex -1.199813e+01 -2.119845e-01  3.650000e+01
    endloop
  endfacet
  facet normal  -0.000000e+00  0.000000e+00  1.000000e+00
    outer loop
      vertex -9.050000e+00 -9.478662e-17  3.650000e+01
      vertex -1.199813e+01 -2.119845e-01  3.650000e+01
      vertex -9.020217e+00 -3.023900e-01  3.650000e+01
    endloop
  endfacet
  facet normal  0.000000e+00  0.000000e+00  1.000000e+00
    outer loop
      vertex -1.054054e+01 -5.735591e+00  3.650000e+01
      vertex -1.132058e+01 -3.980499e+00  3.650000e+01
      vertex -1.096573e+01 -4.873676e+00  3.650000e+01
    endloop
  endfacet
  facet normal  0.000000e+00  0.000000e+00  1.000000e+00
    outer loop
      vertex  1.192073e+01  1.377053e+00  3.650000e+01
      vertex  7.802390e+00  1.520217e+00  3.650000e+01
      vertex  8.093160e+00  1.432013e+00  3.650000e+01
    endloop
  endfacet
  facet normal  0.000000e+00  0.000000e+00  9.999999e-01
    outer loop
      vertex  1.198773e+01 -5.424066e-01  3.650000e+01
      vertex  9.050000e+00 -3.251804e-16  3.650000e+01
      vertex  9.020217e+00 -3.023900e-01  3.650000e+01
    endloop
  endfacet
  facet normal  0.000000e+00  0.000000e+00  1.000000e+00
    outer loop
      vertex  9.020217e+00 -3.023900e-01  3.650000e+01
      vertex  8.932014e+00 -5.931593e-01  3.650000e+01
      vertex  1.198773e+01 -5.424066e-01  3.650000e+01
    endloop
  endfacet
  facet normal  0.000000e+00  0.000000e+00  1.000000e+00
    outer loop
      vertex -7.500000e+00 -5.959185e+01  3.650000e+01
      vertex -2.851678e+01 -1.046625e+02  3.650000e+01
      vertex -2.821084e+01 -1.040959e+02  3.650000e+01
    endloop
  endfacet
  facet normal  0.000000e+00  0.000000e+00  1.000000e+00
    outer loop
      vertex -7.500000e+00 -5.959185e+01  3.650000e+01
      vertex -2.821084e+01 -1.040959e+02  3.650000e+01
      vertex -2.784053e+01 -1.035692e+02  3.650000e+01
    endloop
  endfacet
  facet normal  0.000000e+00  0.000000e+00  1.000000e+00
    outer loop
      vertex -7.500000e+00 -5.959185e+01  3.650000e+01
      vertex -2.784053e+01 -1.035692e+02  3.650000e+01
      vertex -2.741097e+01 -1.030896e+02  3.650000e+01
    endloop
  endfacet
  facet normal  0.000000e+00  0.000000e+00  1.000000e+00
    outer loop
      vertex -7.500000e+00 -5.959185e+01  3.650000e+01
      vertex -2.741097e+01 -1.030896e+02  3.650000e+01
      vertex -2.692810e+01 -1.026637e+02  3.650000e+01
    endloop
  endfacet
  facet normal  0.000000e+00  0.000000e+00  1.000000e+00
    outer loop
      vertex -7.500000e+00 -5.959185e+01  3.650000e+01
      vertex -2.692810e+01 -1.026637e+02  3.650000e+01
      vertex -2.639858e+01 -1.022974e+02  3.650000e+01
    endloop
  endfacet
  facet normal  0.000000e+00  0.000000e+00  1.000000e+00
    outer loop
      vertex -7.500000e+00 -5.959185e+01  3.650000e+01
      vertex -2.639858e+01 -1.022974e+02  3.650000e+01
      vertex -2.582974e+01 -1.019958e+02  3.650000e+01
    endloop
  endfacet
  facet normal  0.000000e+00  0.000000e+00  1.000000e+00
    outer loop
      vertex -7.500000e+00 -5.959185e+01  3.650000e+01
      vertex -2.582974e+01 -1.019958e+02  3.650000e+01
      vertex -2.522943e+01 -1.017630e+02  3.650000e+01
    endloop
  endfacet
  facet normal  0.000000e+00  0.000000e+00  9.999999e-01
    outer loop
      vertex -7.500000e+00 -5.959185e+01  3.650000e+01
      vertex -2.522943e+01 -1.017630e+02  3.650000e+01
      vertex -2.460596e+01 -1.016022e+02  3.650000e+01
    endloop
  endfacet
  facet normal  0.000000e+00  0.000000e+00  1.000000e+00
    outer loop
      vertex -7.500000e+00 -5.959185e+01  3.650000e+01
      vertex -2.460596e+01 -1.016022e+02  3.650000e+01
      vertex -2.396792e+01 -1.015158e+02  3.650000e+01
    endloop
  endfacet
  facet normal  0.000000e+00  0.000000e+00  1.000000e+00
    outer loop
      vertex -7.500000e+00 -5.959185e+01  3.650000e+01
      vertex -2.396792e+01 -1.015158e+02  3.650000e+01
      vertex -2.332415e+01 -1.015048e+02  3.650000e+01
    endloop
  endfacet
  facet normal  -0.000000e+00  0.000000e+00  9.999999e-01
    outer loop
      vertex -7.500000e+00 -5.959185e+01  3.650000e+01
      vertex -2.332415e+01 -1.015048e+02  3.650000e+01
      vertex -2.268354e+01 -1.015694e+02  3.650000e+01
    endloop
  endfacet
  facet normal  -0.000000e+00  0.000000e+00  9.999999e-01
    outer loop
      vertex -7.500000e+00 -5.959185e+01  3.650000e+01
      vertex -2.268354e+01 -1.015694e+02  3.650000e+01
      vertex -2.205493e+01 -1.017088e+02  3.650000e+01
    endloop
  endfacet
  facet normal  -0.000000e+00  0.000000e+00  1.000000e+00
    outer loop
      vertex -7.500000e+00 -5.959185e+01  3.650000e+01
      vertex -2.205493e+01 -1.017088e+02  3.650000e+01
      vertex -2.144703e+01 -1.019209e+02  3.650000e+01
    endloop
  endfacet
  facet normal  -0.000000e+00  0.000000e+00  9.999999e-01
    outer loop
      vertex -7.500000e+00 -5.959185e+01  3.650000e+01
      vertex -2.144703e+01 -1.019209e+02  3.650000e+01
      vertex -2.086822e+01 -1.022029e+02  3.650000e+01
    endloop
  endfacet
  facet normal  -0.000000e+00  0.000000e+00  9.999999e-01
    outer loop
      vertex -7.500000e+00 -5.959185e+01  3.650000e+01
      vertex -2.086822e+01 -1.022029e+02  3.650000e+01
      vertex -2.032650e+01 -1.025510e+02  3.650000e+01
    endloop
  endfacet
  facet normal  -0.000000e+00  0.000000e+00  1.000000e+00
    outer loop
      vertex -7.500000e+00 -5.959185e+01  3.650000e+01
      vertex -2.032650e+01 -1.025510e+02  3.650000e+01
      vertex -1.982937e+01 -1.029601e+02  3.650000e+01
    endloop
  endfacet
  facet normal  -0.000000e+00  0.000000e+00  9.999999e-01
    outer loop
      vertex -7.500000e+00 -5.959185e+01  3.650000e+01
      vertex -1.982937e+01 -1.029601e+02  3.650000e+01
      vertex -1.938369e+01 -1.034248e+02  3.650000e+01
    endloop
  endfacet
  facet normal  -0.000000e+00  0.000000e+00  1.000000e+00
    outer loop
      vertex -7.500000e+00 -5.959185e+01  3.650000e+01
      vertex -1.938369e+01 -1.034248e+02  3.650000e+01
      vertex -1.899562e+01 -1.039386e+02  3.650000e+01
    endloop
  endfacet
  facet normal  -0.000000e+00  0.000000e+00  1.000000e+00
    outer loop
      vertex -7.500000e+00 -5.959185e+01  3.650000e+01
      vertex -1.899562e+01 -1.039386e+02  3.650000e+01
      vertex -1.867052e+01 -1.044943e+02  3.650000e+01
    endloop
  endfacet
  facet normal  -0.000000e+00  0.000000e+00  1.000000e+00
    outer loop
      vertex -7.500000e+00 -5.959185e+01  3.650000e+01
      vertex -1.867052e+01 -1.044943e+02  3.650000e+01
      vertex -1.841288e+01 -1.050844e+02  3.650000e+01
    endloop
  endfacet
  facet normal  -0.000000e+00  0.000000e+00  1.000000e+00
    outer loop
      vertex -7.500000e+00 -5.959185e+01  3.650000e+01
      vertex -1.841288e+01 -1.050844e+02  3.650000e+01
      vertex -1.822627e+01 -1.057006e+02  3.650000e+01
    endloop
  endfacet
  facet normal  -0.000000e+00  0.000000e+00  1.000000e+00
    outer loop
      vertex -7.500000e+00 -5.959185e+01  3.650000e+01
      vertex -1.822627e+01 -1.057006e+02  3.650000e+01
      vertex -1.811326e+01 -1.063345e+02  3.650000e+01
    endloop
  endfacet
  facet normal  -0.000000e+00  0.000000e+00  1.000000e+00
    outer loop
      vertex -7.500000e+00 -5.959185e+01  3.650000e+01
      vertex -1.811326e+01 -1.063345e+02  3.650000e+01
      vertex -1.807541e+01 -1.069773e+02  3.650000e+01
    endloop
  endfacet
  facet normal  -0.000000e+00  0.000000e+00  1.000000e+00
    outer loop
      vertex -7.500000e+00 -5.959185e+01  3.650000e+01
      vertex -1.807541e+01 -1.069773e+02  3.650000e+01
      vertex -1.810797e+01 -1.075736e+02  3.650000e+01
    endloop
  endfacet
  facet normal  -0.000000e+00  0.000000e+00  1.000000e+00
    outer loop
      vertex -7.500000e+00 -5.959185e+01  3.650000e+01
      vertex -1.810797e+01 -1.075736e+02  3.650000e+01
      vertex -1.820525e+01 -1.081628e+02  3.650000e+01
    endloop
  endfacet
  facet normal  0.000000e+00  0.000000e+00  1.000000e+00
    outer loop
      vertex  4.586995e+00 -5.959185e+01  3.650000e+01
      vertex  1.190588e+01 -1.500000e+00  3.650000e+01
      vertex  7.802390e+00 -1.520217e+00  3.650000e+01
    endloop
  endfacet
  facet normal  0.000000e+00  0.000000e+00  1.000000e+00
    outer loop
      vertex  4.586995e+00 -5.959185e+01  3.650000e+01
      vertex  7.802390e+00 -1.520217e+00  3.650000e+01
      vertex  7.500000e+00 -1.550000e+00  3.650000e+01
    endloop
  endfacet
  facet normal  0.000000e+00  0.000000e+00  1.000000e+00
    outer loop
      vertex  4.586995e+00 -5.959185e+01  3.650000e+01
      vertex  7.500000e+00 -1.550000e+00  3.650000e+01
      vertex  1.550000e+00 -7.500000e+00  3.650000e+01
    endloop
  endfacet
  facet normal  0.000000e+00  0.000000e+00  1.000000e+00
    outer loop
      vertex  4.586995e+00 -5.959185e+01  3.650000e+01
      vertex  1.550000e+00 -7.500000e+00  3.650000e+01
      vertex  1.520217e+00 -7.802390e+00  3.650000e+01
    endloop
  endfacet
  facet normal  0.000000e+00  0.000000e+00  1.000000e+00
    outer loop
      vertex  4.586995e+00 -5.959185e+01  3.650000e+01
      vertex  1.520217e+00 -7.802390e+00  3.650000e+01
      vertex  1.432013e+00 -8.093160e+00  3.650000e+01
    endloop
  endfacet
  facet normal  0.000000e+00  0.000000e+00  1.000000e+00
    outer loop
      vertex  4.586995e+00 -5.959185e+01  3.650000e+01
      vertex  1.432013e+00 -8.093160e+00  3.650000e+01
      vertex  1.288778e+00 -8.361134e+00  3.650000e+01
    endloop
  endfacet
  facet normal  0.000000e+00  0.000000e+00  1.000000e+00
    outer loop
      vertex  4.586995e+00 -5.959185e+01  3.650000e+01
      vertex  1.288778e+00 -8.361134e+00  3.650000e+01
      vertex  1.096015e+00 -8.596016e+00  3.650000e+01
    endloop
  endfacet
  facet normal  0.000000e+00  0.000000e+00  1.000000e+00
    outer loop
      vertex  4.586995e+00 -5.959185e+01  3.650000e+01
      vertex  1.096015e+00 -8.596016e+00  3.650000e+01
      vertex  8.611339e-01 -8.788778e+00  3.650000e+01
    endloop
  endfacet
  facet normal  0.000000e+00  0.000000e+00  9.999999e-01
    outer loop
      vertex  4.586995e+00 -5.959185e+01  3.650000e+01
      vertex  8.611339e-01 -8.788778e+00  3.650000e+01
      vertex  5.931593e-01 -8.932014e+00  3.650000e+01
    endloop
  endfacet
  facet normal  0.000000e+00  0.000000e+00  9.999999e-01
    outer loop
      vertex  4.586995e+00 -5.959185e+01  3.650000e+01
      vertex  5.931593e-01 -8.932014e+00  3.650000e+01
      vertex  3.023900e-01 -9.020217e+00  3.650000e+01
    endloop
  endfacet
  facet normal  0.000000e+00  0.000000e+00  1.000000e+00
    outer loop
      vertex  4.586995e+00 -5.959185e+01  3.650000e+01
      vertex  3.023900e-01 -9.020217e+00  3.650000e+01
      vertex -1.147704e-15 -9.050000e+00  3.650000e+01
    endloop
  endfacet
  facet normal  0.000000e+00  0.000000e+00  1.000000e+00
    outer loop
      vertex  4.586995e+00 -5.959185e+01  3.650000e+01
      vertex -1.147704e-15 -9.050000e+00  3.650000e+01
      vertex -7.500000e+00 -5.959185e+01  3.650000e+01
    endloop
  endfacet
  facet normal  -0.000000e+00  0.000000e+00  1.000000e+00
    outer loop
      vertex  4.586995e+00 -5.959185e+01  3.650000e+01
      vertex -7.500000e+00 -5.959185e+01  3.650000e+01
      vertex -1.820525e+01 -1.081628e+02  3.650000e+01
    endloop
  endfacet
  facet normal  -0.000000e+00  0.000000e+00  1.000000e+00
    outer loop
      vertex  4.586995e+00 -5.959185e+01  3.650000e+01
      vertex -1.820525e+01 -1.081628e+02  3.650000e+01
      vertex -1.836609e+01 -1.087379e+02  3.650000e+01
    endloop
  endfacet
  facet normal  -0.000000e+00  0.000000e+00  1.000000e+00
    outer loop
      vertex  4.586995e+00 -5.959185e+01  3.650000e+01
      vertex -1.836609e+01 -1.087379e+02  3.650000e+01
      vertex -1.858859e+01 -1.092921e+02  3.650000e+01
    endloop
  endfacet
  facet normal  -0.000000e+00  0.000000e+00  1.000000e+00
    outer loop
      vertex  7.306768e+00  9.518989e+00  3.650000e+01
      vertex  3.939898e-17  9.050000e+00  3.650000e+01
      vertex  3.023900e-01  9.020217e+00  3.650000e+01
    endloop
  endfacet
  facet normal  -0.000000e+00  0.000000e+00  1.000000e+00
    outer loop
      vertex  7.306768e+00  9.518989e+00  3.650000e+01
      vertex  3.023900e-01  9.020217e+00  3.650000e+01
      vertex  5.931593e-01  8.932014e+00  3.650000e+01
    endloop
  endfacet
  facet normal  -0.000000e+00  0.000000e+00  1.000000e+00
    outer loop
      vertex  7.306768e+00  9.518989e+00  3.650000e+01
      vertex  5.931593e-01  8.932014e+00  3.650000e+01
      vertex  8.611339e-01  8.788778e+00  3.650000e+01
    endloop
  endfacet
  facet normal  -0.000000e+00  0.000000e+00  1.000000e+00
    outer loop
      vertex  7.306768e+00  9.518989e+00  3.650000e+01
      vertex  8.611339e-01  8.788778e+00  3.650000e+01
      vertex  1.096015e+00  8.596016e+00  3.650000e+01
    endloop
  endfacet
  facet normal  -0.000000e+00  0.000000e+00  1.000000e+00
    outer loop
      vertex  7.306768e+00  9.518989e+00  3.650000e+01
      vertex  1.096015e+00  8.596016e+00  3.650000e+01
      vertex  7.500000e+00  1.550000e+00  3.650000e+01
    endloop
  endfacet
  facet normal  0.000000e+00  -0.000000e+00  1.000000e+00
    outer loop
      vertex  7.306768e+00  9.518989e+00  3.650000e+01
      vertex  7.500000e+00  1.550000e+00  3.650000e+01
      vertex  8.045102e+00  8.903726e+00  3.650000e+01
    endloop
  endfacet
  facet normal  -0.000000e+00  0.000000e+00  1.000000e+00
    outer loop
      vertex -7.041784e+00  9.716650e+00  3.650000e+01
      vertex -7.796786e+00  9.121959e+00  3.650000e+01
      vertex -7.500000e+00  1.550000e+00  3.650000e+01
    endloop
  endfacet
  facet normal  0.000000e+00  0.000000e+00  1.000000e+00
    outer loop
      vertex -7.041784e+00  9.716650e+00  3.650000e+01
      vertex -7.500000e+00  1.550000e+00  3.650000e+01
      vertex -1.096015e+00  8.596016e+00  3.650000e+01
    endloop
  endfacet
  facet normal  0.000000e+00  -0.000000e+00  1.000000e+00
    outer loop
      vertex -7.041784e+00  9.716650e+00  3.650000e+01
      vertex -1.096015e+00  8.596016e+00  3.650000e+01
      vertex -8.611339e-01  8.788778e+00  3.650000e+01
    endloop
  endfacet
  facet normal  0.000000e+00  -0.000000e+00  1.000000e+00
    outer loop
      vertex -7.041784e+00  9.716650e+00  3.650000e+01
      vertex -8.611339e-01  8.788778e+00  3.650000e+01
      vertex -5.931593e-01  8.932014e+00  3.650000e+01
    endloop
  endfacet
  facet normal  0.000000e+00  -0.000000e+00  1.000000e+00
    outer loop
      vertex -7.041784e+00  9.716650e+00  3.650000e+01
      vertex -5.931593e-01  8.932014e+00  3.650000e+01
      vertex -3.023900e-01  9.020217e+00  3.650000e+01
    endloop
  endfacet
  facet normal  0.000000e+00  -0.000000e+00  1.000000e+00
    outer loop
      vertex -7.041784e+00  9.716650e+00  3.650000e+01
      vertex -3.023900e-01  9.020217e+00  3.650000e+01
      vertex  3.939898e-17  9.050000e+00  3.650000e+01
    endloop
  endfacet
  facet normal  0.000000e+00  0.000000e+00  9.999999e-01
    outer loop
      vertex -7.500000e+00  1.550000e+00  3.650000e+01
      vertex -7.796786e+00  9.121959e+00  3.650000e+01
      vertex -8.501776e+00  8.468755e+00  3.650000e+01
    endloop
  endfacet
  facet normal  0.000000e+00  0.000000e+00  9.999999e-01
    outer loop
      vertex -7.500000e+00  1.550000e+00  3.650000e+01
      vertex -8.501776e+00  8.468755e+00  3.650000e+01
      vertex -9.152230e+00  7.761229e+00  3.650000e+01
    endloop
  endfacet
  facet normal  0.000000e+00  0.000000e+00  1.000000e+00
    outer loop
      vertex -7.500000e+00  1.550000e+00  3.650000e+01
      vertex -9.152230e+00  7.761229e+00  3.650000e+01
      vertex -9.743979e+00  7.003919e+00  3.650000e+01
    endloop
  endfacet
  facet normal  0.000000e+00  0.000000e+00  1.000000e+00
    outer loop
      vertex -7.500000e+00  1.550000e+00  3.650000e+01
      vertex -9.743979e+00  7.003919e+00  3.650000e+01
      vertex -1.027322e+01  6.201682e+00  3.650000e+01
    endloop
  endfacet
  facet normal  0.000000e+00  0.000000e+00  1.000000e+00
    outer loop
      vertex -7.500000e+00  1.550000e+00  3.650000e+01
      vertex -1.027322e+01  6.201682e+00  3.650000e+01
      vertex -1.073657e+01  5.359664e+00  3.650000e+01
    endloop
  endfacet
  facet normal  0.000000e+00  0.000000e+00  1.000000e+00
    outer loop
      vertex -7.500000e+00  1.550000e+00  3.650000e+01
      vertex -1.073657e+01  5.359664e+00  3.650000e+01
      vertex -1.113105e+01  4.483267e+00  3.650000e+01
    endloop
  endfacet
  facet normal  0.000000e+00  0.000000e+00  1.000000e+00
    outer loop
      vertex -7.500000e+00  1.550000e+00  3.650000e+01
      vertex -1.113105e+01  4.483267e+00  3.650000e+01
      vertex -1.145413e+01  3.578112e+00  3.650000e+01
    endloop
  endfacet
  facet normal  0.000000e+00  0.000000e+00  1.000000e+00
    outer loop
      vertex -7.500000e+00  1.550000e+00  3.650000e+01
      vertex -1.145413e+01  3.578112e+00  3.650000e+01
      vertex -1.170374e+01  2.650006e+00  3.650000e+01
    endloop
  endfacet
  facet normal  0.000000e+00  0.000000e+00  1.000000e+00
    outer loop
      vertex -7.500000e+00  1.550000e+00  3.650000e+01
      vertex -1.170374e+01  2.650006e+00  3.650000e+01
      vertex -1.187827e+01  1.704901e+00  3.650000e+01
    endloop
  endfacet
  facet normal  0.000000e+00  0.000000e+00  1.000000e+00
    outer loop
      vertex -7.500000e+00  1.550000e+00  3.650000e+01
      vertex -1.187827e+01  1.704901e+00  3.650000e+01
      vertex -7.802390e+00  1.520217e+00  3.650000e+01
    endloop
  endfacet
  facet normal  0.000000e+00  0.000000e+00  1.000000e+00
    outer loop
      vertex -1.197661e+01  7.488600e-01  3.650000e+01
      vertex -1.199813e+01 -2.119845e-01  3.650000e+01
      vertex -8.932014e+00  5.931593e-01  3.650000e+01
    endloop
  endfacet
  facet normal  0.000000e+00  -0.000000e+00  1.000000e+00
    outer loop
      vertex -1.197661e+01  7.488600e-01  3.650000e+01
      vertex -8.932014e+00  5.931593e-01  3.650000e+01
      vertex -8.788778e+00  8.611339e-01  3.650000e+01
    endloop
  endfacet
  facet normal  0.000000e+00  -0.000000e+00  1.000000e+00
    outer loop
      vertex -1.197661e+01  7.488600e-01  3.650000e+01
      vertex -8.788778e+00  8.611339e-01  3.650000e+01
      vertex -8.596016e+00  1.096015e+00  3.650000e+01
    endloop
  endfacet
  facet normal  0.000000e+00  -0.000000e+00  1.000000e+00
    outer loop
      vertex -1.197661e+01  7.488600e-01  3.650000e+01
      vertex -8.596016e+00  1.096015e+00  3.650000e+01
      vertex -8.361134e+00  1.288778e+00  3.650000e+01
    endloop
  endfacet
  facet normal  0.000000e+00  -0.000000e+00  1.000000e+00
    outer loop
      vertex -1.197661e+01  7.488600e-01  3.650000e+01
      vertex -8.361134e+00  1.288778e+00  3.650000e+01
      vertex -8.093160e+00  1.432013e+00  3.650000e+01
    endloop
  endfacet
  facet normal  0.000000e+00  -0.000000e+00  1.000000e+00
    outer loop
      vertex -1.197661e+01  7.488600e-01  3.650000e+01
      vertex -8.093160e+00  1.432013e+00  3.650000e+01
      vertex -7.802390e+00  1.520217e+00  3.650000e+01
    endloop
  endfacet
  facet normal  0.000000e+00  0.000000e+00  1.000000e+00
    outer loop
      vertex -1.197661e+01  7.488600e-01  3.650000e+01
      vertex -7.802390e+00  1.520217e+00  3.650000e+01
      vertex -1.187827e+01  1.704901e+00  3.650000e+01
    endloop
  endfacet
  facet normal  0.000000e+00  -0.000000e+00  1.000000e+00
    outer loop
      vertex -1.194268e+01 -1.171469e+00  3.650000e+01
      vertex -1.181063e+01 -2.123440e+00  3.650000e+01
      vertex -8.361134e+00 -1.288778e+00  3.650000e+01
    endloop
  endfacet
  facet normal  0.000000e+00  0.000000e+00  9.999999e-01
    outer loop
      vertex -1.194268e+01 -1.171469e+00  3.650000e+01
      vertex -8.361134e+00 -1.288778e+00  3.650000e+01
      vertex -8.596016e+00 -1.096015e+00  3.650000e+01
    endloop
  endfacet
  facet normal  0.000000e+00  0.000000e+00  1.000000e+00
    outer loop
      vertex -1.194268e+01 -1.171469e+00  3.650000e+01
      vertex -8.596016e+00 -1.096015e+00  3.650000e+01
      vertex -8.788778e+00 -8.611339e-01  3.650000e+01
    endloop
  endfacet
  facet normal  0.000000e+00  0.000000e+00  9.999999e-01
    outer loop
      vertex -1.194268e+01 -1.171469e+00  3.650000e+01
      vertex -8.788778e+00 -8.611339e-01  3.650000e+01
      vertex -8.932014e+00 -5.931593e-01  3.650000e+01
    endloop
  endfacet
  facet normal  0.000000e+00  0.000000e+00  1.000000e+00
    outer loop
      vertex -1.194268e+01 -1.171469e+00  3.650000e+01
      vertex -8.932014e+00 -5.931593e-01  3.650000e+01
      vertex -9.020217e+00 -3.023900e-01  3.650000e+01
    endloop
  endfacet
  facet normal  0.000000e+00  0.000000e+00  1.000000e+00
    outer loop
      vertex -1.194268e+01 -1.171469e+00  3.650000e+01
      vertex -9.020217e+00 -3.023900e-01  3.650000e+01
      vertex -1.199813e+01 -2.119845e-01  3.650000e+01
    endloop
  endfacet
  facet normal  0.000000e+00  0.000000e+00  1.000000e+00
    outer loop
      vertex -9.912899e+00 -6.969196e+00  3.650000e+01
      vertex -9.354489e+00 -8.235646e+00  3.650000e+01
      vertex -1.181063e+01 -2.123440e+00  3.650000e+01
    endloop
  endfacet
  facet normal  0.000000e+00  0.000000e+00  9.999999e-01
    outer loop
      vertex -9.912899e+00 -6.969196e+00  3.650000e+01
      vertex -1.181063e+01 -2.123440e+00  3.650000e+01
      vertex -1.160282e+01 -3.061789e+00  3.650000e+01
    endloop
  endfacet
  facet normal  0.000000e+00  0.000000e+00  9.999999e-01
    outer loop
      vertex -9.912899e+00 -6.969196e+00  3.650000e+01
      vertex -1.160282e+01 -3.061789e+00  3.650000e+01
      vertex -1.132058e+01 -3.980499e+00  3.650000e+01
    endloop
  endfacet
  facet normal  0.000000e+00  0.000000e+00  1.000000e+00
    outer loop
      vertex -9.912899e+00 -6.969196e+00  3.650000e+01
      vertex -1.132058e+01 -3.980499e+00  3.650000e+01
      vertex -1.054054e+01 -5.735591e+00  3.650000e+01
    endloop
  endfacet
  facet normal  -0.000000e+00  0.000000e+00  9.999999e-01
    outer loop
      vertex -7.500000e+00 -1.550000e+00  3.650000e+01
      vertex -1.181063e+01 -2.123440e+00  3.650000e+01
      vertex -9.354489e+00 -8.235646e+00  3.650000e+01
    endloop
  endfacet
  facet normal  -0.000000e+00  0.000000e+00  1.000000e+00
    outer loop
      vertex -7.500000e+00 -1.550000e+00  3.650000e+01
      vertex -9.354489e+00 -8.235646e+00  3.650000e+01
      vertex -8.867025e+00 -9.531059e+00  3.650000e+01
    endloop
  endfacet
  facet normal  -0.000000e+00  0.000000e+00  9.999999e-01
    outer loop
      vertex -7.500000e+00 -1.550000e+00  3.650000e+01
      vertex -8.867025e+00 -9.531059e+00  3.650000e+01
      vertex -8.451999e+00 -1.085146e+01  3.650000e+01
    endloop
  endfacet
  facet normal  -0.000000e+00  0.000000e+00  1.000000e+00
    outer loop
      vertex -7.500000e+00 -1.550000e+00  3.650000e+01
      vertex -8.451999e+00 -1.085146e+01  3.650000e+01
      vertex -8.110683e+00 -1.219281e+01  3.650000e+01
    endloop
  endfacet
  facet normal  -0.000000e+00  0.000000e+00  1.000000e+00
    outer loop
      vertex -7.500000e+00 -1.550000e+00  3.650000e+01
      vertex -8.110683e+00 -1.219281e+01  3.650000e+01
      vertex -7.844125e+00 -1.355100e+01  3.650000e+01
    endloop
  endfacet
  facet normal  -0.000000e+00  0.000000e+00  1.000000e+00
    outer loop
      vertex -7.500000e+00 -1.550000e+00  3.650000e+01
      vertex -7.844125e+00 -1.355100e+01  3.650000e+01
      vertex -7.653140e+00 -1.492185e+01  3.650000e+01
    endloop
  endfacet
  facet normal  -0.000000e+00  0.000000e+00  1.000000e+00
    outer loop
      vertex -7.500000e+00 -1.550000e+00  3.650000e+01
      vertex -7.653140e+00 -1.492185e+01  3.650000e+01
      vertex -7.538314e+00 -1.630118e+01  3.650000e+01
    endloop
  endfacet
  facet normal  -0.000000e+00  0.000000e+00  9.999999e-01
    outer loop
      vertex -7.500000e+00 -1.550000e+00  3.650000e+01
      vertex -7.538314e+00 -1.630118e+01  3.650000e+01
      vertex -7.500000e+00 -1.768474e+01  3.650000e+01
    endloop
  endfacet
  facet normal  0.000000e+00  0.000000e+00  1.000000e+00
    outer loop
      vertex -7.500000e+00 -1.550000e+00  3.650000e+01
      vertex -7.500000e+00 -1.768474e+01  3.650000e+01
      vertex -1.432013e+00 -6.906841e+00  3.650000e+01
    endloop
  endfacet
  facet normal  0.000000e+00  -0.000000e+00  1.000000e+00
    outer loop
      vertex -7.500000e+00 -1.550000e+00  3.650000e+01
      vertex -1.432013e+00 -6.906841e+00  3.650000e+01
      vertex -1.288778e+00 -6.638866e+00  3.650000e+01
    endloop
  endfacet
  facet normal  0.000000e+00  -0.000000e+00  1.000000e+00
    outer loop
      vertex -7.500000e+00 -1.550000e+00  3.650000e+01
      vertex -1.288778e+00 -6.638866e+00  3.650000e+01
      vertex -1.096015e+00 -6.403985e+00  3.650000e+01
    endloop
  endfacet
  facet normal  0.000000e+00  -0.000000e+00  1.000000e+00
    outer loop
      vertex -7.500000e+00 -1.550000e+00  3.650000e+01
      vertex -1.096015e+00 -6.403985e+00  3.650000e+01
      vertex -8.611339e-01 -6.211222e+00  3.650000e+01
    endloop
  endfacet
  facet normal  0.000000e+00  -0.000000e+00  1.000000e+00
    outer loop
      vertex -7.500000e+00 -1.550000e+00  3.650000e+01
      vertex -8.611339e-01 -6.211222e+00  3.650000e+01
      vertex -5.931593e-01 -6.067986e+00  3.650000e+01
    endloop
  endfacet
  facet normal  0.000000e+00  -0.000000e+00  9.999999e-01
    outer loop
      vertex -7.500000e+00 -1.550000e+00  3.650000e+01
      vertex -5.931593e-01 -6.067986e+00  3.650000e+01
      vertex -3.023900e-01 -5.979783e+00  3.650000e+01
    endloop
  endfacet
  facet normal  0.000000e+00  -0.000000e+00  1.000000e+00
    outer loop
      vertex -7.500000e+00 -1.550000e+00  3.650000e+01
      vertex -3.023900e-01 -5.979783e+00  3.650000e+01
      vertex -1.765100e-15 -5.950000e+00  3.650000e+01
    endloop
  endfacet
  facet normal  0.000000e+00  0.000000e+00  1.000000e+00
    outer loop
      vertex -1.181063e+01 -2.123440e+00  3.650000e+01
      vertex -7.500000e+00 -1.550000e+00  3.650000e+01
      vertex -7.802390e+00 -1.520217e+00  3.650000e+01
    endloop
  endfacet
  facet normal  0.000000e+00  0.000000e+00  1.000000e+00
    outer loop
      vertex -1.181063e+01 -2.123440e+00  3.650000e+01
      vertex -7.802390e+00 -1.520217e+00  3.650000e+01
      vertex -8.093160e+00 -1.432013e+00  3.650000e+01
    endloop
  endfacet
  facet normal  0.000000e+00  0.000000e+00  1.000000e+00
    outer loop
      vertex -1.181063e+01 -2.123440e+00  3.650000e+01
      vertex -8.093160e+00 -1.432013e+00  3.650000e+01
      vertex -8.361134e+00 -1.288778e+00  3.650000e+01
    endloop
  endfacet
  facet normal  0.000000e+00  0.000000e+00  1.000000e+00
    outer loop
      vertex -1.765100e-15 -5.950000e+00  3.650000e+01
      vertex -6.403985e+00  1.096015e+00  3.650000e+01
      vertex -6.211222e+00  8.611339e-01  3.650000e+01
    endloop
  endfacet
  facet normal  0.000000e+00  0.000000e+00  9.999999e-01
    outer loop
      vertex -1.765100e-15 -5.950000e+00  3.650000e+01
      vertex -6.211222e+00  8.611339e-01  3.650000e+01
      vertex -6.067986e+00  5.931593e-01  3.650000e+01
    endloop
  endfacet
  facet normal  0.000000e+00  0.000000e+00  1.000000e+00
    outer loop
      vertex -1.765100e-15 -5.950000e+00  3.650000e+01
      vertex -6.067986e+00  5.931593e-01  3.650000e+01
      vertex -5.979783e+00  3.023900e-01  3.650000e+01
    endloop
  endfacet
  facet normal  0.000000e+00  0.000000e+00  1.000000e+00
    outer loop
      vertex -1.765100e-15 -5.950000e+00  3.650000e+01
      vertex -5.979783e+00  3.023900e-01  3.650000e+01
      vertex -5.950000e+00  2.409089e-17  3.650000e+01
    endloop
  endfacet
  facet normal  0.000000e+00  0.000000e+00  1.000000e+00
    outer loop
      vertex -1.765100e-15 -5.950000e+00  3.650000e+01
      vertex -5.950000e+00  2.409089e-17  3.650000e+01
      vertex -5.979783e+00 -3.023900e-01  3.650000e+01
    endloop
  endfacet
  facet normal  0.000000e+00  0.000000e+00  1.000000e+00
    outer loop
      vertex -1.765100e-15 -5.950000e+00  3.650000e+01
      vertex -5.979783e+00 -3.023900e-01  3.650000e+01
      vertex -6.067986e+00 -5.931593e-01  3.650000e+01
    endloop
  endfacet
  facet normal  0.000000e+00  0.000000e+00  1.000000e+00
    outer loop
      vertex -1.765100e-15 -5.950000e+00  3.650000e+01
      vertex -6.067986e+00 -5.931593e-01  3.650000e+01
      vertex -6.211222e+00 -8.611339e-01  3.650000e+01
    endloop
  endfacet
  facet normal  0.000000e+00  0.000000e+00  1.000000e+00
    outer loop
      vertex -1.765100e-15 -5.950000e+00  3.650000e+01
      vertex -6.211222e+00 -8.611339e-01  3.650000e+01
      vertex -6.403985e+00 -1.096015e+00  3.650000e+01
    endloop
  endfacet
  facet normal  0.000000e+00  0.000000e+00  1.000000e+00
    outer loop
      vertex -1.765100e-15 -5.950000e+00  3.650000e+01
      vertex -6.403985e+00 -1.096015e+00  3.650000e+01
      vertex -6.638866e+00 -1.288778e+00  3.650000e+01
    endloop
  endfacet
  facet normal  0.000000e+00  0.000000e+00  1.000000e+00
    outer loop
      vertex -1.765100e-15 -5.950000e+00  3.650000e+01
      vertex -6.638866e+00 -1.288778e+00  3.650000e+01
      vertex -6.906841e+00 -1.432013e+00  3.650000e+01
    endloop
  endfacet
  facet normal  0.000000e+00  0.000000e+00  1.000000e+00
    outer loop
      vertex -1.765100e-15 -5.950000e+00  3.650000e+01
      vertex -6.906841e+00 -1.432013e+00  3.650000e+01
      vertex -7.197610e+00 -1.520217e+00  3.650000e+01
    endloop
  endfacet
  facet normal  0.000000e+00  0.000000e+00  1.000000e+00
    outer loop
      vertex -1.765100e-15 -5.950000e+00  3.650000e+01
      vertex -7.197610e+00 -1.520217e+00  3.650000e+01
      vertex -7.500000e+00 -1.550000e+00  3.650000e+01
    endloop
  endfacet
  facet normal  -0.000000e+00  0.000000e+00  1.000000e+00
    outer loop
      vertex -3.402415e-16  5.950000e+00  3.650000e+01
      vertex -7.500000e+00  1.550000e+00  3.650000e+01
      vertex -7.197610e+00  1.520217e+00  3.650000e+01
    endloop
  endfacet
  facet normal  -0.000000e+00  0.000000e+00  1.000000e+00
    outer loop
      vertex -3.402415e-16  5.950000e+00  3.650000e+01
      vertex -7.197610e+00  1.520217e+00  3.650000e+01
      vertex -6.906841e+00  1.432013e+00  3.650000e+01
    endloop
  endfacet
  facet normal  -0.000000e+00  0.000000e+00  1.000000e+00
    outer loop
      vertex -3.402415e-16  5.950000e+00  3.650000e+01
      vertex -6.906841e+00  1.432013e+00  3.650000e+01
      vertex -6.638866e+00  1.288778e+00  3.650000e+01
    endloop
  endfacet
  facet normal  -0.000000e+00  0.000000e+00  1.000000e+00
    outer loop
      vertex -3.402415e-16  5.950000e+00  3.650000e+01
      vertex -6.638866e+00  1.288778e+00  3.650000e+01
      vertex -6.403985e+00  1.096015e+00  3.650000e+01
    endloop
  endfacet
  facet normal  -0.000000e+00  0.000000e+00  1.000000e+00
    outer loop
      vertex -3.402415e-16  5.950000e+00  3.650000e+01
      vertex -6.403985e+00  1.096015e+00  3.650000e+01
      vertex -1.765100e-15 -5.950000e+00  3.650000e+01
    endloop
  endfacet
  facet normal  0.000000e+00  0.000000e+00  1.000000e+00
    outer loop
      vertex -3.402415e-16  5.950000e+00  3.650000e+01
      vertex -1.765100e-15 -5.950000e+00  3.650000e+01
      vertex  6.403985e+00  1.096015e+00  3.650000e+01
    endloop
  endfacet
  facet normal  0.000000e+00  -0.000000e+00  1.000000e+00
    outer loop
      vertex -3.402415e-16  5.950000e+00  3.650000e+01
      vertex  6.403985e+00  1.096015e+00  3.650000e+01
      vertex  6.638866e+00  1.288778e+00  3.650000e+01
    endloop
  endfacet
  facet normal  0.000000e+00  -0.000000e+00  1.000000e+00
    outer loop
      vertex -3.402415e-16  5.950000e+00  3.650000e+01
      vertex  6.638866e+00  1.288778e+00  3.650000e+01
      vertex  6.906841e+00  1.432013e+00  3.650000e+01
    endloop
  endfacet
  facet normal  0.000000e+00  -0.000000e+00  1.000000e+00
    outer loop
      vertex -3.402415e-16  5.950000e+00  3.650000e+01
      vertex  6.906841e+00  1.432013e+00  3.650000e+01
      vertex  7.197610e+00  1.520217e+00  3.650000e+01
    endloop
  endfacet
  facet normal  0.000000e+00  -0.000000e+00  1.000000e+00
    outer loop
      vertex -3.402415e-16  5.950000e+00  3.650000e+01
      vertex  7.197610e+00  1.520217e+00  3.650000e+01
      vertex  7.500000e+00  1.550000e+00  3.650000e+01
    endloop
  endfacet
  facet normal  0.000000e+00  0.000000e+00  1.000000e+00
    outer loop
      vertex -7.500000e+00  1.550000e+00  3.650000e+01
      vertex -3.402415e-16  5.950000e+00  3.650000e+01
      vertex -3.023900e-01  5.979783e+00  3.650000e+01
    endloop
  endfacet
  facet normal  0.000000e+00  0.000000e+00  1.000000e+00
    outer loop
      vertex -7.500000e+00  1.550000e+00  3.650000e+01
      vertex -3.023900e-01  5.979783e+00  3.650000e+01
      vertex -5.931593e-01  6.067986e+00  3.650000e+01
    endloop
  endfacet
  facet normal  0.000000e+00  0.000000e+00  1.000000e+00
    outer loop
      vertex -7.500000e+00  1.550000e+00  3.650000e+01
      vertex -5.931593e-01  6.067986e+00  3.650000e+01
      vertex -8.611339e-01  6.211222e+00  3.650000e+01
    endloop
  endfacet
  facet normal  0.000000e+00  0.000000e+00  1.000000e+00
    outer loop
      vertex -7.500000e+00  1.550000e+00  3.650000e+01
      vertex -8.611339e-01  6.211222e+00  3.650000e+01
      vertex -1.096015e+00  6.403985e+00  3.650000e+01
    endloop
  endfacet
  facet normal  0.000000e+00  0.000000e+00  1.000000e+00
    outer loop
      vertex -7.500000e+00  1.550000e+00  3.650000e+01
      vertex -1.096015e+00  6.403985e+00  3.650000e+01
      vertex -1.288778e+00  6.638866e+00  3.650000e+01
    endloop
  endfacet
  facet normal  0.000000e+00  0.000000e+00  1.000000e+00
    outer loop
      vertex -7.500000e+00  1.550000e+00  3.650000e+01
      vertex -1.288778e+00  6.638866e+00  3.650000e+01
      vertex -1.432013e+00  6.906841e+00  3.650000e+01
    endloop
  endfacet
  facet normal  0.000000e+00  0.000000e+00  1.000000e+00
    outer loop
      vertex -7.500000e+00  1.550000e+00  3.650000e+01
      vertex -1.432013e+00  6.906841e+00  3.650000e+01
      vertex -1.520217e+00  7.197610e+00  3.650000e+01
    endloop
  endfacet
  facet normal  0.000000e+00  0.000000e+00  1.000000e+00
    outer loop
      vertex -7.500000e+00  1.550000e+00  3.650000e+01
      vertex -1.520217e+00  7.197610e+00  3.650000e+01
      vertex -1.550000e+00  7.500000e+00  3.650000e+01
    endloop
  endfacet
  facet normal  0.000000e+00  -0.000000e+00  1.000000e+00
    outer loop
      vertex -7.500000e+00  1.550000e+00  3.650000e+01
      vertex -1.550000e+00  7.500000e+00  3.650000e+01
      vertex -1.520217e+00  7.802390e+00  3.650000e+01
    endloop
  endfacet
  facet normal  0.000000e+00  -0.000000e+00  1.000000e+00
    outer loop
      vertex -7.500000e+00  1.550000e+00  3.650000e+01
      vertex -1.520217e+00  7.802390e+00  3.650000e+01
      vertex -1.432013e+00  8.093160e+00  3.650000e+01
    endloop
  endfacet
  facet normal  0.000000e+00  -0.000000e+00  1.000000e+00
    outer loop
      vertex -7.500000e+00  1.550000e+00  3.650000e+01
      vertex -1.432013e+00  8.093160e+00  3.650000e+01
      vertex -1.288778e+00  8.361134e+00  3.650000e+01
    endloop
  endfacet
  facet normal  0.000000e+00  -0.000000e+00  1.000000e+00
    outer loop
      vertex -7.500000e+00  1.550000e+00  3.650000e+01
      vertex -1.288778e+00  8.361134e+00  3.650000e+01
      vertex -1.096015e+00  8.596016e+00  3.650000e+01
    endloop
  endfacet
  facet normal  0.000000e+00  0.000000e+00  1.000000e+00
    outer loop
      vertex  3.939898e-17  9.050000e+00  3.650000e+01
      vertex  7.306768e+00  9.518989e+00  3.650000e+01
      vertex  6.521565e+00  1.007319e+01  3.650000e+01
    endloop
  endfacet
  facet normal  0.000000e+00  0.000000e+00  1.000000e+00
    outer loop
      vertex  3.939898e-17  9.050000e+00  3.650000e+01
      vertex  6.521565e+00  1.007319e+01  3.650000e+01
      vertex  5.694530e+00  1.056278e+01  3.650000e+01
    endloop
  endfacet
  facet normal  0.000000e+00  0.000000e+00  9.999999e-01
    outer loop
      vertex  3.939898e-17  9.050000e+00  3.650000e+01
      vertex  5.694530e+00  1.056278e+01  3.650000e+01
      vertex  4.830966e+00  1.098461e+01  3.650000e+01
    endloop
  endfacet
  facet normal  0.000000e+00  0.000000e+00  9.999999e-01
    outer loop
      vertex  3.939898e-17  9.050000e+00  3.650000e+01
      vertex  4.830966e+00  1.098461e+01  3.650000e+01
      vertex  3.936415e+00  1.133599e+01  3.650000e+01
    endloop
  endfacet
  facet normal  0.000000e+00  0.000000e+00  9.999999e-01
    outer loop
      vertex  3.939898e-17  9.050000e+00  3.650000e+01
      vertex  3.936415e+00  1.133599e+01  3.650000e+01
      vertex  3.016614e+00  1.161465e+01  3.650000e+01
    endloop
  endfacet
  facet normal  0.000000e+00  0.000000e+00  1.000000e+00
    outer loop
      vertex  3.939898e-17  9.050000e+00  3.650000e+01
      vertex  3.016614e+00  1.161465e+01  3.650000e+01
      vertex  2.077463e+00  1.181880e+01  3.650000e+01
    endloop
  endfacet
  facet normal  0.000000e+00  0.000000e+00  1.000000e+00
    outer loop
      vertex  3.939898e-17  9.050000e+00  3.650000e+01
      vertex  2.077463e+00  1.181880e+01  3.650000e+01
      vertex  1.124986e+00  1.194715e+01  3.650000e+01
    endloop
  endfacet
  facet normal  0.000000e+00  0.000000e+00  1.000000e+00
    outer loop
      vertex  3.939898e-17  9.050000e+00  3.650000e+01
      vertex  1.124986e+00  1.194715e+01  3.650000e+01
      vertex  1.652928e-01  1.199886e+01  3.650000e+01
    endloop
  endfacet
  facet normal  0.000000e+00  0.000000e+00  1.000000e+00
    outer loop
      vertex  3.939898e-17  9.050000e+00  3.650000e+01
      vertex  1.652928e-01  1.199886e+01  3.650000e+01
      vertex -7.954608e-01  1.197361e+01  3.650000e+01
    endloop
  endfacet
  facet normal  0.000000e+00  0.000000e+00  1.000000e+00
    outer loop
      vertex  3.939898e-17  9.050000e+00  3.650000e+01
      vertex -7.954608e-01  1.197361e+01  3.650000e+01
      vertex -1.751112e+00  1.187155e+01  3.650000e+01
    endloop
  endfacet
  facet normal  0.000000e+00  0.000000e+00  9.999999e-01
    outer loop
      vertex  3.939898e-17  9.050000e+00  3.650000e+01
      vertex -1.751112e+00  1.187155e+01  3.650000e+01
      vertex -2.695530e+00  1.169334e+01  3.650000e+01
    endloop
  endfacet
  facet normal  0.000000e+00  0.000000e+00  9.999999e-01
    outer loop
      vertex  3.939898e-17  9.050000e+00  3.650000e+01
      vertex -2.695530e+00  1.169334e+01  3.650000e+01
      vertex -3.622658e+00  1.144012e+01  3.650000e+01
    endloop
  endfacet
  facet normal  0.000000e+00  0.000000e+00  1.000000e+00
    outer loop
      vertex  3.939898e-17  9.050000e+00  3.650000e+01
      vertex -3.622658e+00  1.144012e+01  3.650000e+01
      vertex -4.526549e+00  1.111352e+01  3.650000e+01
    endloop
  endfacet
  facet normal  0.000000e+00  0.000000e+00  1.000000e+00
    outer loop
      vertex  3.939898e-17  9.050000e+00  3.650000e+01
      vertex -4.526549e+00  1.111352e+01  3.650000e+01
      vertex -5.401404e+00  1.071563e+01  3.650000e+01
    endloop
  endfacet
  facet normal  0.000000e+00  0.000000e+00  9.999999e-01
    outer loop
      vertex  3.939898e-17  9.050000e+00  3.650000e+01
      vertex -5.401404e+00  1.071563e+01  3.650000e+01
      vertex -6.241612e+00  1.024901e+01  3.650000e+01
    endloop
  endfacet
  facet normal  0.000000e+00  0.000000e+00  1.000000e+00
    outer loop
      vertex  3.939898e-17  9.050000e+00  3.650000e+01
      vertex -6.241612e+00  1.024901e+01  3.650000e+01
      vertex -7.041784e+00  9.716650e+00  3.650000e+01
    endloop
  endfacet
  facet normal  0.000000e+00  0.000000e+00  9.999999e-01
    outer loop
      vertex -7.500000e+00 -1.768474e+01  3.650000e+01
      vertex -7.500000e+00 -5.959185e+01  3.650000e+01
      vertex -1.147704e-15 -9.050000e+00  3.650000e+01
    endloop
  endfacet
  facet normal  0.000000e+00  0.000000e+00  1.000000e+00
    outer loop
      vertex -7.500000e+00 -1.768474e+01  3.650000e+01
      vertex -1.147704e-15 -9.050000e+00  3.650000e+01
      vertex -3.023900e-01 -9.020217e+00  3.650000e+01
    endloop
  endfacet
  facet normal  0.000000e+00  0.000000e+00  1.000000e+00
    outer loop
      vertex -7.500000e+00 -1.768474e+01  3.650000e+01
      vertex -3.023900e-01 -9.020217e+00  3.650000e+01
      vertex -5.931593e-01 -8.932014e+00  3.650000e+01
    endloop
  endfacet
  facet normal  0.000000e+00  0.000000e+00  1.000000e+00
    outer loop
      vertex -7.500000e+00 -1.768474e+01  3.650000e+01
      vertex -5.931593e-01 -8.932014e+00  3.650000e+01
      vertex -8.611339e-01 -8.788778e+00  3.650000e+01
    endloop
  endfacet
  facet normal  0.000000e+00  0.000000e+00  1.000000e+00
    outer loop
      vertex -7.500000e+00 -1.768474e+01  3.650000e+01
      vertex -8.611339e-01 -8.788778e+00  3.650000e+01
      vertex -1.096015e+00 -8.596016e+00  3.650000e+01
    endloop
  endfacet
  facet normal  0.000000e+00  0.000000e+00  1.000000e+00
    outer loop
      vertex -7.500000e+00 -1.768474e+01  3.650000e+01
      vertex -1.096015e+00 -8.596016e+00  3.650000e+01
      vertex -1.288778e+00 -8.361134e+00  3.650000e+01
    endloop
  endfacet
  facet normal  0.000000e+00  0.000000e+00  1.000000e+00
    outer loop
      vertex -7.500000e+00 -1.768474e+01  3.650000e+01
      vertex -1.288778e+00 -8.361134e+00  3.650000e+01
      vertex -1.432013e+00 -8.093160e+00  3.650000e+01
    endloop
  endfacet
  facet normal  0.000000e+00  0.000000e+00  1.000000e+00
    outer loop
      vertex -7.500000e+00 -1.768474e+01  3.650000e+01
      vertex -1.432013e+00 -8.093160e+00  3.650000e+01
      vertex -1.520217e+00 -7.802390e+00  3.650000e+01
    endloop
  endfacet
  facet normal  0.000000e+00  0.000000e+00  1.000000e+00
    outer loop
      vertex -7.500000e+00 -1.768474e+01  3.650000e+01
      vertex -1.520217e+00 -7.802390e+00  3.650000e+01
      vertex -1.550000e+00 -7.500000e+00  3.650000e+01
    endloop
  endfacet
  facet normal  0.000000e+00  -0.000000e+00  1.000000e+00
    outer loop
      vertex -7.500000e+00 -1.768474e+01  3.650000e+01
      vertex -1.550000e+00 -7.500000e+00  3.650000e+01
      vertex -1.520217e+00 -7.197610e+00  3.650000e+01
    endloop
  endfacet
  facet normal  0.000000e+00  -0.000000e+00  1.000000e+00
    outer loop
      vertex -7.500000e+00 -1.768474e+01  3.650000e+01
      vertex -1.520217e+00 -7.197610e+00  3.650000e+01
      vertex -1.432013e+00 -6.906841e+00  3.650000e+01
    endloop
  endfacet
  facet normal  0.000000e+00  -0.000000e+00  1.000000e+00
    outer loop
      vertex -1.765100e-15 -5.950000e+00  3.650000e+01
      vertex  3.023900e-01 -5.979783e+00  3.650000e+01
      vertex  7.500000e+00 -1.550000e+00  3.650000e+01
    endloop
  endfacet
  facet normal  0.000000e+00  0.000000e+00  1.000000e+00
    outer loop
      vertex -1.765100e-15 -5.950000e+00  3.650000e+01
      vertex  7.500000e+00 -1.550000e+00  3.650000e+01
      vertex  7.197610e+00 -1.520217e+00  3.650000e+01
    endloop
  endfacet
  facet normal  0.000000e+00  0.000000e+00  1.000000e+00
    outer loop
      vertex -1.765100e-15 -5.950000e+00  3.650000e+01
      vertex  7.197610e+00 -1.520217e+00  3.650000e+01
      vertex  6.906841e+00 -1.432013e+00  3.650000e+01
    endloop
  endfacet
  facet normal  0.000000e+00  0.000000e+00  1.000000e+00
    outer loop
      vertex -1.765100e-15 -5.950000e+00  3.650000e+01
      vertex  6.906841e+00 -1.432013e+00  3.650000e+01
      vertex  6.638866e+00 -1.288778e+00  3.650000e+01
    endloop
  endfacet
  facet normal  0.000000e+00  0.000000e+00  1.000000e+00
    outer loop
      vertex -1.765100e-15 -5.950000e+00  3.650000e+01
      vertex  6.638866e+00 -1.288778e+00  3.650000e+01
      vertex  6.403985e+00 -1.096015e+00  3.650000e+01
    endloop
  endfacet
  facet normal  0.000000e+00  0.000000e+00  1.000000e+00
    outer loop
      vertex -1.765100e-15 -5.950000e+00  3.650000e+01
      vertex  6.403985e+00 -1.096015e+00  3.650000e+01
      vertex  6.211222e+00 -8.611339e-01  3.650000e+01
    endloop
  endfacet
  facet normal  0.000000e+00  0.000000e+00  1.000000e+00
    outer loop
      vertex -1.765100e-15 -5.950000e+00  3.650000e+01
      vertex  6.211222e+00 -8.611339e-01  3.650000e+01
      vertex  6.067986e+00 -5.931593e-01  3.650000e+01
    endloop
  endfacet
  facet normal  0.000000e+00  0.000000e+00  1.000000e+00
    outer loop
      vertex -1.765100e-15 -5.950000e+00  3.650000e+01
      vertex  6.067986e+00 -5.931593e-01  3.650000e+01
      vertex  5.979783e+00 -3.023900e-01  3.650000e+01
    endloop
  endfacet
  facet normal  0.000000e+00  0.000000e+00  1.000000e+00
    outer loop
      vertex -1.765100e-15 -5.950000e+00  3.650000e+01
      vertex  5.979783e+00 -3.023900e-01  3.650000e+01
      vertex  5.950000e+00 -7.527557e-16  3.650000e+01
    endloop
  endfacet
  facet normal  0.000000e+00  -0.000000e+00  1.000000e+00
    outer loop
      vertex -1.765100e-15 -5.950000e+00  3.650000e+01
      vertex  5.950000e+00 -7.527557e-16  3.650000e+01
      vertex  5.979783e+00  3.023900e-01  3.650000e+01
    endloop
  endfacet
  facet normal  0.000000e+00  -0.000000e+00  1.000000e+00
    outer loop
      vertex -1.765100e-15 -5.950000e+00  3.650000e+01
      vertex  5.979783e+00  3.023900e-01  3.650000e+01
      vertex  6.067986e+00  5.931593e-01  3.650000e+01
    endloop
  endfacet
  facet normal  0.000000e+00  -0.000000e+00  9.999999e-01
    outer loop
      vertex -1.765100e-15 -5.950000e+00  3.650000e+01
      vertex  6.067986e+00  5.931593e-01  3.650000e+01
      vertex  6.211222e+00  8.611339e-01  3.650000e+01
    endloop
  endfacet
  facet normal  0.000000e+00  -0.000000e+00  1.000000e+00
    outer loop
      vertex -1.765100e-15 -5.950000e+00  3.650000e+01
      vertex  6.211222e+00  8.611339e-01  3.650000e+01
      vertex  6.403985e+00  1.096015e+00  3.650000e+01
    endloop
  endfacet
  facet normal  0.000000e+00  0.000000e+00  1.000000e+00
    outer loop
      vertex  7.500000e+00  1.550000e+00  3.650000e+01
      vertex  1.096015e+00  8.596016e+00  3.650000e+01
      vertex  1.288778e+00  8.361134e+00  3.650000e+01
    endloop
  endfacet
  facet normal  0.000000e+00  0.000000e+00  1.000000e+00
    outer loop
      vertex  7.500000e+00  1.550000e+00  3.650000e+01
      vertex  1.288778e+00  8.361134e+00  3.650000e+01
      vertex  1.432013e+00  8.093160e+00  3.650000e+01
    endloop
  endfacet
  facet normal  0.000000e+00  0.000000e+00  1.000000e+00
    outer loop
      vertex  7.500000e+00  1.550000e+00  3.650000e+01
      vertex  1.432013e+00  8.093160e+00  3.650000e+01
      vertex  1.520217e+00  7.802390e+00  3.650000e+01
    endloop
  endfacet
  facet normal  0.000000e+00  0.000000e+00  1.000000e+00
    outer loop
      vertex  7.500000e+00  1.550000e+00  3.650000e+01
      vertex  1.520217e+00  7.802390e+00  3.650000e+01
      vertex  1.550000e+00  7.500000e+00  3.650000e+01
    endloop
  endfacet
  facet normal  0.000000e+00  0.000000e+00  1.000000e+00
    outer loop
      vertex  7.500000e+00  1.550000e+00  3.650000e+01
      vertex  1.550000e+00  7.500000e+00  3.650000e+01
      vertex  1.520217e+00  7.197610e+00  3.650000e+01
    endloop
  endfacet
  facet normal  0.000000e+00  0.000000e+00  1.000000e+00
    outer loop
      vertex  7.500000e+00  1.550000e+00  3.650000e+01
      vertex  1.520217e+00  7.197610e+00  3.650000e+01
      vertex  1.432013e+00  6.906841e+00  3.650000e+01
    endloop
  endfacet
  facet normal  0.000000e+00  0.000000e+00  1.000000e+00
    outer loop
      vertex  7.500000e+00  1.550000e+00  3.650000e+01
      vertex  1.432013e+00  6.906841e+00  3.650000e+01
      vertex  1.288778e+00  6.638866e+00  3.650000e+01
    endloop
  endfacet
  facet normal  0.000000e+00  0.000000e+00  1.000000e+00
    outer loop
      vertex  7.500000e+00  1.550000e+00  3.650000e+01
      vertex  1.288778e+00  6.638866e+00  3.650000e+01
      vertex  1.096015e+00  6.403985e+00  3.650000e+01
    endloop
  endfacet
  facet normal  0.000000e+00  0.000000e+00  1.000000e+00
    outer loop
      vertex  7.500000e+00  1.550000e+00  3.650000e+01
      vertex  1.096015e+00  6.403985e+00  3.650000e+01
      vertex  8.611339e-01  6.211222e+00  3.650000e+01
    endloop
  endfacet
  facet normal  0.000000e+00  0.000000e+00  1.000000e+00
    outer loop
      vertex  7.500000e+00  1.550000e+00  3.650000e+01
      vertex  8.611339e-01  6.211222e+00  3.650000e+01
      vertex  5.931593e-01  6.067986e+00  3.650000e+01
    endloop
  endfacet
  facet normal  0.000000e+00  0.000000e+00  9.999999e-01
    outer loop
      vertex  7.500000e+00  1.550000e+00  3.650000e+01
      vertex  5.931593e-01  6.067986e+00  3.650000e+01
      vertex  3.023900e-01  5.979783e+00  3.650000e+01
    endloop
  endfacet
  facet normal  0.000000e+00  0.000000e+00  1.000000e+00
    outer loop
      vertex  7.500000e+00  1.550000e+00  3.650000e+01
      vertex  3.023900e-01  5.979783e+00  3.650000e+01
      vertex -3.402415e-16  5.950000e+00  3.650000e+01
    endloop
  endfacet
  facet normal  -0.000000e+00  0.000000e+00  1.000000e+00
    outer loop
      vertex  7.500000e+00 -1.550000e+00  3.650000e+01
      vertex  3.023900e-01 -5.979783e+00  3.650000e+01
      vertex  5.931593e-01 -6.067986e+00  3.650000e+01
    endloop
  endfacet
  facet normal  -0.000000e+00  0.000000e+00  1.000000e+00
    outer loop
      vertex  7.500000e+00 -1.550000e+00  3.650000e+01
      vertex  5.931593e-01 -6.067986e+00  3.650000e+01
      vertex  8.611339e-01 -6.211222e+00  3.650000e+01
    endloop
  endfacet
  facet normal  -0.000000e+00  0.000000e+00  1.000000e+00
    outer loop
      vertex  7.500000e+00 -1.550000e+00  3.650000e+01
      vertex  8.611339e-01 -6.211222e+00  3.650000e+01
      vertex  1.096015e+00 -6.403985e+00  3.650000e+01
    endloop
  endfacet
  facet normal  -0.000000e+00  0.000000e+00  1.000000e+00
    outer loop
      vertex  7.500000e+00 -1.550000e+00  3.650000e+01
      vertex  1.096015e+00 -6.403985e+00  3.650000e+01
      vertex  1.288778e+00 -6.638866e+00  3.650000e+01
    endloop
  endfacet
  facet normal  -0.000000e+00  0.000000e+00  1.000000e+00
    outer loop
      vertex  7.500000e+00 -1.550000e+00  3.650000e+01
      vertex  1.288778e+00 -6.638866e+00  3.650000e+01
      vertex  1.432013e+00 -6.906841e+00  3.650000e+01
    endloop
  endfacet
  facet normal  -0.000000e+00  0.000000e+00  1.000000e+00
    outer loop
      vertex  7.500000e+00 -1.550000e+00  3.650000e+01
      vertex  1.432013e+00 -6.906841e+00  3.650000e+01
      vertex  1.520217e+00 -7.197610e+00  3.650000e+01
    endloop
  endfacet
  facet normal  -0.000000e+00  0.000000e+00  1.000000e+00
    outer loop
      vertex  7.500000e+00 -1.550000e+00  3.650000e+01
      vertex  1.520217e+00 -7.197610e+00  3.650000e+01
      vertex  1.550000e+00 -7.500000e+00  3.650000e+01
    endloop
  endfacet
  facet normal  -0.000000e+00  -0.000000e+00  1.000000e+00
    outer loop
      vertex  7.500000e+00  1.550000e+00  3.650000e+01
      vertex  7.802390e+00  1.520217e+00  3.650000e+01
      vertex  1.192073e+01  1.377053e+00  3.650000e+01
    endloop
  endfacet
  facet normal  0.000000e+00  0.000000e+00  1.000000e+00
    outer loop
      vertex  7.500000e+00  1.550000e+00  3.650000e+01
      vertex  1.192073e+01  1.377053e+00  3.650000e+01
      vertex  1.177229e+01  2.326607e+00  3.650000e+01
    endloop
  endfacet
  facet normal  0.000000e+00  0.000000e+00  1.000000e+00
    outer loop
      vertex  7.500000e+00  1.550000e+00  3.650000e+01
      vertex  1.177229e+01  2.326607e+00  3.650000e+01
      vertex  1.154835e+01  3.261237e+00  3.650000e+01
    endloop
  endfacet
  facet normal  0.000000e+00  0.000000e+00  1.000000e+00
    outer loop
      vertex  7.500000e+00  1.550000e+00  3.650000e+01
      vertex  1.154835e+01  3.261237e+00  3.650000e+01
      vertex  1.125033e+01  4.174948e+00  3.650000e+01
    endloop
  endfacet
  facet normal  0.000000e+00  0.000000e+00  1.000000e+00
    outer loop
      vertex  7.500000e+00  1.550000e+00  3.650000e+01
      vertex  1.125033e+01  4.174948e+00  3.650000e+01
      vertex  1.088014e+01  5.061879e+00  3.650000e+01
    endloop
  endfacet
  facet normal  0.000000e+00  0.000000e+00  1.000000e+00
    outer loop
      vertex  7.500000e+00  1.550000e+00  3.650000e+01
      vertex  1.088014e+01  5.061879e+00  3.650000e+01
      vertex  1.044016e+01  5.916340e+00  3.650000e+01
    endloop
  endfacet
  facet normal  0.000000e+00  0.000000e+00  1.000000e+00
    outer loop
      vertex  7.500000e+00  1.550000e+00  3.650000e+01
      vertex  1.044016e+01  5.916340e+00  3.650000e+01
      vertex  9.933212e+00  6.732852e+00  3.650000e+01
    endloop
  endfacet
  facet normal  0.000000e+00  0.000000e+00  1.000000e+00
    outer loop
      vertex  7.500000e+00  1.550000e+00  3.650000e+01
      vertex  9.933212e+00  6.732852e+00  3.650000e+01
      vertex  9.362550e+00  7.506175e+00  3.650000e+01
    endloop
  endfacet
  facet normal  0.000000e+00  0.000000e+00  1.000000e+00
    outer loop
      vertex  7.500000e+00  1.550000e+00  3.650000e+01
      vertex  9.362550e+00  7.506175e+00  3.650000e+01
      vertex  8.731831e+00  8.231350e+00  3.650000e+01
    endloop
  endfacet
  facet normal  0.000000e+00  0.000000e+00  1.000000e+00
    outer loop
      vertex  7.500000e+00  1.550000e+00  3.650000e+01
      vertex  8.731831e+00  8.231350e+00  3.650000e+01
      vertex  8.045102e+00  8.903726e+00  3.650000e+01
    endloop
  endfacet
  facet normal  0.000000e+00  0.000000e+00  1.000000e+00
    outer loop
      vertex  1.199269e+01  4.186660e-01  3.650000e+01
      vertex  1.192073e+01  1.377053e+00  3.650000e+01
      vertex  8.093160e+00  1.432013e+00  3.650000e+01
    endloop
  endfacet
  facet normal  0.000000e+00  0.000000e+00  1.000000e+00
    outer loop
      vertex  1.199269e+01  4.186660e-01  3.650000e+01
      vertex  8.093160e+00  1.432013e+00  3.650000e+01
      vertex  8.361134e+00  1.288778e+00  3.650000e+01
    endloop
  endfacet
  facet normal  0.000000e+00  0.000000e+00  1.000000e+00
    outer loop
      vertex  1.199269e+01  4.186660e-01  3.650000e+01
      vertex  8.361134e+00  1.288778e+00  3.650000e+01
      vertex  8.596016e+00  1.096015e+00  3.650000e+01
    endloop
  endfacet
  facet normal  0.000000e+00  0.000000e+00  1.000000e+00
    outer loop
      vertex  1.199269e+01  4.186660e-01  3.650000e+01
      vertex  8.596016e+00  1.096015e+00  3.650000e+01
      vertex  8.788778e+00  8.611339e-01  3.650000e+01
    endloop
  endfacet
  facet normal  0.000000e+00  0.000000e+00  9.999999e-01
    outer loop
      vertex  1.199269e+01  4.186660e-01  3.650000e+01
      vertex  8.788778e+00  8.611339e-01  3.650000e+01
      vertex  8.932014e+00  5.931593e-01  3.650000e+01
    endloop
  endfacet
  facet normal  0.000000e+00  0.000000e+00  1.000000e+00
    outer loop
      vertex  1.199269e+01  4.186660e-01  3.650000e+01
      vertex  8.932014e+00  5.931593e-01  3.650000e+01
      vertex  9.020217e+00  3.023900e-01  3.650000e+01
    endloop
  endfacet
  facet normal  -0.000000e+00  0.000000e+00  1.000000e+00
    outer loop
      vertex  1.199269e+01  4.186660e-01  3.650000e+01
      vertex  9.020217e+00  3.023900e-01  3.650000e+01
      vertex  9.050000e+00 -3.251804e-16  3.650000e+01
    endloop
  endfacet
  facet normal  -0.000000e+00  0.000000e+00  1.000000e+00
    outer loop
      vertex  1.199269e+01  4.186660e-01  3.650000e+01
      vertex  9.050000e+00 -3.251804e-16  3.650000e+01
      vertex  1.198773e+01 -5.424066e-01  3.650000e+01
    endloop
  endfacet
  facet normal  0.000000e+00  0.000000e+00  1.000000e+00
    outer loop
      vertex  1.190588e+01 -1.500000e+00  3.650000e+01
      vertex  1.198773e+01 -5.424066e-01  3.650000e+01
      vertex  8.932014e+00 -5.931593e-01  3.650000e+01
    endloop
  endfacet
  facet normal  0.000000e+00  0.000000e+00  9.999999e-01
    outer loop
      vertex  1.190588e+01 -1.500000e+00  3.650000e+01
      vertex  8.932014e+00 -5.931593e-01  3.650000e+01
      vertex  8.788778e+00 -8.611339e-01  3.650000e+01
    endloop
  endfacet
  facet normal  0.000000e+00  0.000000e+00  1.000000e+00
    outer loop
      vertex  1.190588e+01 -1.500000e+00  3.650000e+01
      vertex  8.788778e+00 -8.611339e-01  3.650000e+01
      vertex  8.596016e+00 -1.096015e+00  3.650000e+01
    endloop
  endfacet
  facet normal  0.000000e+00  0.000000e+00  1.000000e+00
    outer loop
      vertex  1.190588e+01 -1.500000e+00  3.650000e+01
      vertex  8.596016e+00 -1.096015e+00  3.650000e+01
      vertex  8.361134e+00 -1.288778e+00  3.650000e+01
    endloop
  endfacet
  facet normal  0.000000e+00  0.000000e+00  1.000000e+00
    outer loop
      vertex  1.190588e+01 -1.500000e+00  3.650000e+01
      vertex  8.361134e+00 -1.288778e+00  3.650000e+01
      vertex  8.093160e+00 -1.432013e+00  3.650000e+01
    endloop
  endfacet
  facet normal  0.000000e+00  0.000000e+00  1.000000e+00
    outer loop
      vertex  1.190588e+01 -1.500000e+00  3.650000e+01
      vertex  8.093160e+00 -1.432013e+00  3.650000e+01
      vertex  7.802390e+00 -1.520217e+00  3.650000e+01
    endloop
  endfacet
  facet normal  0.000000e+00  0.000000e+00 -1.000000e+00
    outer loop
      vertex -9.020217e+00  3.023900e-01 -3.650000e+01
      vertex -1.199813e+01 -2.119845e-01 -3.650000e+01
      vertex -8.932014e+00  5.931593e-01 -3.650000e+01
    endloop
  endfacet
  facet normal  0.000000e+00  0.000000e+00 -1.000000e+00
    outer loop
      vertex -1.199813e+01 -2.119845e-01 -3.650000e+01
      vertex -9.020217e+00  3.023900e-01 -3.650000e+01
      vertex -9.050000e+00 -9.478662e-17 -3.650000e+01
    endloop
  endfacet
  facet normal  0.000000e+00  0.000000e+00 -1.000000e+00
    outer loop
      vertex -9.020217e+00 -3.023900e-01 -3.650000e+01
      vertex -1.199813e+01 -2.119845e-01 -3.650000e+01
      vertex -9.050000e+00 -9.478662e-17 -3.650000e+01
    endloop
  endfacet
  facet normal  0.000000e+00  0.000000e+00 -1.000000e+00
    outer loop
      vertex -1.096573e+01 -4.873676e+00 -3.650000e+01
      vertex -1.132058e+01 -3.980499e+00 -3.650000e+01
      vertex -1.054054e+01 -5.735591e+00 -3.650000e+01
    endloop
  endfacet
  facet normal  0.000000e+00  0.000000e+00 -1.000000e+00
    outer loop
      vertex  8.093160e+00  1.432013e+00 -3.650000e+01
      vertex  7.802390e+00  1.520217e+00 -3.650000e+01
      vertex  1.192073e+01  1.377053e+00 -3.650000e+01
    endloop
  endfacet
  facet normal  0.000000e+00  -0.000000e+00 -9.999999e-01
    outer loop
      vertex  9.020217e+00 -3.023900e-01 -3.650000e+01
      vertex  9.050000e+00 -3.251804e-16 -3.650000e+01
      vertex  1.198773e+01 -5.424066e-01 -3.650000e+01
    endloop
  endfacet
  facet normal  0.000000e+00  0.000000e+00 -1.000000e+00
    outer loop
      vertex  1.198773e+01 -5.424066e-01 -3.650000e+01
      vertex  8.932014e+00 -5.931593e-01 -3.650000e+01
      vertex  9.020217e+00 -3.023900e-01 -3.650000e+01
    endloop
  endfacet
  facet normal  0.000000e+00  0.000000e+00 -1.000000e+00
    outer loop
      vertex -7.500000e+00 -5.959185e+01 -3.650000e+01
      vertex -1.820525e+01 -1.081628e+02 -3.650000e+01
      vertex -1.810797e+01 -1.075736e+02 -3.650000e+01
    endloop
  endfacet
  facet normal  0.000000e+00  0.000000e+00 -1.000000e+00
    outer loop
      vertex -7.500000e+00 -5.959185e+01 -3.650000e+01
      vertex -1.810797e+01 -1.075736e+02 -3.650000e+01
      vertex -1.807541e+01 -1.069773e+02 -3.650000e+01
    endloop
  endfacet
  facet normal  0.000000e+00  0.000000e+00 -1.000000e+00
    outer loop
      vertex -7.500000e+00 -5.959185e+01 -3.650000e+01
      vertex -1.807541e+01 -1.069773e+02 -3.650000e+01
      vertex -1.811326e+01 -1.063345e+02 -3.650000e+01
    endloop
  endfacet
  facet normal  0.000000e+00  0.000000e+00 -1.000000e+00
    outer loop
      vertex -7.500000e+00 -5.959185e+01 -3.650000e+01
      vertex -1.811326e+01 -1.063345e+02 -3.650000e+01
      vertex -1.822627e+01 -1.057006e+02 -3.650000e+01
    endloop
  endfacet
  facet normal  0.000000e+00  0.000000e+00 -1.000000e+00
    outer loop
      vertex -7.500000e+00 -5.959185e+01 -3.650000e+01
      vertex -1.822627e+01 -1.057006e+02 -3.650000e+01
      vertex -1.841288e+01 -1.050844e+02 -3.650000e+01
    endloop
  endfacet
  facet normal  0.000000e+00  0.000000e+00 -1.000000e+00
    outer loop
      vertex -7.500000e+00 -5.959185e+01 -3.650000e+01
      vertex -1.841288e+01 -1.050844e+02 -3.650000e+01
      vertex -1.867052e+01 -1.044943e+02 -3.650000e+01
    endloop
  endfacet
  facet normal  0.000000e+00  0.000000e+00 -1.000000e+00
    outer loop
      vertex -7.500000e+00 -5.959185e+01 -3.650000e+01
      vertex -1.867052e+01 -1.044943e+02 -3.650000e+01
      vertex -1.899562e+01 -1.039386e+02 -3.650000e+01
    endloop
  endfacet
  facet normal  0.000000e+00  0.000000e+00 -1.000000e+00
    outer loop
      vertex -7.500000e+00 -5.959185e+01 -3.650000e+01
      vertex -1.899562e+01 -1.039386e+02 -3.650000e+01
      vertex -1.938369e+01 -1.034248e+02 -3.650000e+01
    endloop
  endfacet
  facet normal  0.000000e+00  0.000000e+00 -1.000000e+00
    outer loop
      vertex -7.500000e+00 -5.959185e+01 -3.650000e+01
      vertex -1.938369e+01 -1.034248e+02 -3.650000e+01
      vertex -1.982937e+01 -1.029601e+02 -3.650000e+01
    endloop
  endfacet
  facet normal  0.000000e+00  0.000000e+00 -1.000000e+00
    outer loop
      vertex -7.500000e+00 -5.959185e+01 -3.650000e+01
      vertex -1.982937e+01 -1.029601e+02 -3.650000e+01
      vertex -2.032650e+01 -1.025510e+02 -3.650000e+01
    endloop
  endfacet
  facet normal  0.000000e+00  0.000000e+00 -9.999999e-01
    outer loop
      vertex -7.500000e+00 -5.959185e+01 -3.650000e+01
      vertex -2.032650e+01 -1.025510e+02 -3.650000e+01
      vertex -2.086822e+01 -1.022029e+02 -3.650000e+01
    endloop
  endfacet
  facet normal  0.000000e+00  0.000000e+00 -9.999999e-01
    outer loop
      vertex -7.500000e+00 -5.959185e+01 -3.650000e+01
      vertex -2.086822e+01 -1.022029e+02 -3.650000e+01
      vertex -2.144703e+01 -1.019209e+02 -3.650000e+01
    endloop
  endfacet
  facet normal  0.000000e+00  0.000000e+00 -1.000000e+00
    outer loop
      vertex -7.500000e+00 -5.959185e+01 -3.650000e+01
      vertex -2.144703e+01 -1.019209e+02 -3.650000e+01
      vertex -2.205493e+01 -1.017088e+02 -3.650000e+01
    endloop
  endfacet
  facet normal  0.000000e+00  0.000000e+00 -9.999999e-01
    outer loop
      vertex -7.500000e+00 -5.959185e+01 -3.650000e+01
      vertex -2.205493e+01 -1.017088e+02 -3.650000e+01
      vertex -2.268354e+01 -1.015694e+02 -3.650000e+01
    endloop
  endfacet
  facet normal  0.000000e+00  0.000000e+00 -9.999999e-01
    outer loop
      vertex -7.500000e+00 -5.959185e+01 -3.650000e+01
      vertex -2.268354e+01 -1.015694e+02 -3.650000e+01
      vertex -2.332415e+01 -1.015048e+02 -3.650000e+01
    endloop
  endfacet
  facet normal  -0.000000e+00  0.000000e+00 -1.000000e+00
    outer loop
      vertex -7.500000e+00 -5.959185e+01 -3.650000e+01
      vertex -2.332415e+01 -1.015048e+02 -3.650000e+01
      vertex -2.396792e+01 -1.015158e+02 -3.650000e+01
    endloop
  endfacet
  facet normal  -0.000000e+00  0.000000e+00 -1.000000e+00
    outer loop
      vertex -7.500000e+00 -5.959185e+01 -3.650000e+01
      vertex -2.396792e+01 -1.015158e+02 -3.650000e+01
      vertex -2.460596e+01 -1.016022e+02 -3.650000e+01
    endloop
  endfacet
  facet normal  -0.000000e+00  0.000000e+00 -9.999999e-01
    outer loop
      vertex -7.500000e+00 -5.959185e+01 -3.650000e+01
      vertex -2.460596e+01 -1.016022e+02 -3.650000e+01
      vertex -2.522943e+01 -1.017630e+02 -3.650000e+01
    endloop
  endfacet
  facet normal  -0.000000e+00  0.000000e+00 -1.000000e+00
    outer loop
      vertex -7.500000e+00 -5.959185e+01 -3.650000e+01
      vertex -2.522943e+01 -1.017630e+02 -3.650000e+01
      vertex -2.582974e+01 -1.019958e+02 -3.650000e+01
    endloop
  endfacet
  facet normal  -0.000000e+00  0.000000e+00 -1.000000e+00
    outer loop
      vertex -7.500000e+00 -5.959185e+01 -3.650000e+01
      vertex -2.582974e+01 -1.019958e+02 -3.650000e+01
      vertex -2.639858e+01 -1.022974e+02 -3.650000e+01
    endloop
  endfacet
  facet normal  -0.000000e+00  0.000000e+00 -1.000000e+00
    outer loop
      vertex -7.500000e+00 -5.959185e+01 -3.650000e+01
      vertex -2.639858e+01 -1.022974e+02 -3.650000e+01
      vertex -2.692810e+01 -1.026637e+02 -3.650000e+01
    endloop
  endfacet
  facet normal  -0.000000e+00  0.000000e+00 -1.000000e+00
    outer loop
      vertex -7.500000e+00 -5.959185e+01 -3.650000e+01
      vertex -2.692810e+01 -1.026637e+02 -3.650000e+01
      vertex -2.741097e+01 -1.030896e+02 -3.650000e+01
    endloop
  endfacet
  facet normal  -0.000000e+00  0.000000e+00 -1.000000e+00
    outer loop
      vertex -7.500000e+00 -5.959185e+01 -3.650000e+01
      vertex -2.741097e+01 -1.030896e+02 -3.650000e+01
      vertex -2.784053e+01 -1.035692e+02 -3.650000e+01
    endloop
  endfacet
  facet normal  -0.000000e+00  0.000000e+00 -1.000000e+00
    outer loop
      vertex -7.500000e+00 -5.959185e+01 -3.650000e+01
      vertex -2.784053e+01 -1.035692e+02 -3.650000e+01
      vertex -2.821084e+01 -1.040959e+02 -3.650000e+01
    endloop
  endfacet
  facet normal  -0.000000e+00  0.000000e+00 -1.000000e+00
    outer loop
      vertex -7.500000e+00 -5.959185e+01 -3.650000e+01
      vertex -2.821084e+01 -1.040959e+02 -3.650000e+01
      vertex -2.851678e+01 -1.046625e+02 -3.650000e+01
    endloop
  endfacet
  facet normal  0.000000e+00  0.000000e+00 -1.000000e+00
    outer loop
      vertex  4.586995e+00 -5.959185e+01 -3.650000e+01
      vertex -1.858859e+01 -1.092921e+02 -3.650000e+01
      vertex -1.836609e+01 -1.087379e+02 -3.650000e+01
    endloop
  endfacet
  facet normal  0.000000e+00  0.000000e+00 -1.000000e+00
    outer loop
      vertex  4.586995e+00 -5.959185e+01 -3.650000e+01
      vertex -1.836609e+01 -1.087379e+02 -3.650000e+01
      vertex -1.820525e+01 -1.081628e+02 -3.650000e+01
    endloop
  endfacet
  facet normal  0.000000e+00  0.000000e+00 -1.000000e+00
    outer loop
      vertex  4.586995e+00 -5.959185e+01 -3.650000e+01
      vertex -1.820525e+01 -1.081628e+02 -3.650000e+01
      vertex -7.500000e+00 -5.959185e+01 -3.650000e+01
    endloop
  endfacet
  facet normal  0.000000e+00  0.000000e+00 -1.000000e+00
    outer loop
      vertex  4.586995e+00 -5.959185e+01 -3.650000e+01
      vertex -7.500000e+00 -5.959185e+01 -3.650000e+01
      vertex -1.147704e-15 -9.050000e+00 -3.650000e+01
    endloop
  endfacet
  facet normal  0.000000e+00  0.000000e+00 -1.000000e+00
    outer loop
      vertex  4.586995e+00 -5.959185e+01 -3.650000e+01
      vertex -1.147704e-15 -9.050000e+00 -3.650000e+01
      vertex  3.023900e-01 -9.020217e+00 -3.650000e+01
    endloop
  endfacet
  facet normal  0.000000e+00  0.000000e+00 -9.999999e-01
    outer loop
      vertex  4.586995e+00 -5.959185e+01 -3.650000e+01
      vertex  3.023900e-01 -9.020217e+00 -3.650000e+01
      vertex  5.931593e-01 -8.932014e+00 -3.650000e+01
    endloop
  endfacet
  facet normal  0.000000e+00  0.000000e+00 -1.000000e+00
    outer loop
      vertex  4.586995e+00 -5.959185e+01 -3.650000e+01
      vertex  5.931593e-01 -8.932014e+00 -3.650000e+01
      vertex  8.611339e-01 -8.788778e+00 -3.650000e+01
    endloop
  endfacet
  facet normal  0.000000e+00  0.000000e+00 -1.000000e+00
    outer loop
      vertex  4.586995e+00 -5.959185e+01 -3.650000e+01
      vertex  8.611339e-01 -8.788778e+00 -3.650000e+01
      vertex  1.096015e+00 -8.596016e+00 -3.650000e+01
    endloop
  endfacet
  facet normal  0.000000e+00  0.000000e+00 -1.000000e+00
    outer loop
      vertex  4.586995e+00 -5.959185e+01 -3.650000e+01
      vertex  1.096015e+00 -8.596016e+00 -3.650000e+01
      vertex  1.288778e+00 -8.361134e+00 -3.650000e+01
    endloop
  endfacet
  facet normal  0.000000e+00  0.000000e+00 -1.000000e+00
    outer loop
      vertex  4.586995e+00 -5.959185e+01 -3.650000e+01
      vertex  1.288778e+00 -8.361134e+00 -3.650000e+01
      vertex  1.432013e+00 -8.093160e+00 -3.650000e+01
    endloop
  endfacet
  facet normal  0.000000e+00  0.000000e+00 -1.000000e+00
    outer loop
      vertex  4.586995e+00 -5.959185e+01 -3.650000e+01
      vertex  1.432013e+00 -8.093160e+00 -3.650000e+01
      vertex  1.520217e+00 -7.802390e+00 -3.650000e+01
    endloop
  endfacet
  facet normal  0.000000e+00  0.000000e+00 -1.000000e+00
    outer loop
      vertex  4.586995e+00 -5.959185e+01 -3.650000e+01
      vertex  1.520217e+00 -7.802390e+00 -3.650000e+01
      vertex  1.550000e+00 -7.500000e+00 -3.650000e+01
    endloop
  endfacet
  facet normal  0.000000e+00  0.000000e+00 -1.000000e+00
    outer loop
      vertex  4.586995e+00 -5.959185e+01 -3.650000e+01
      vertex  1.550000e+00 -7.500000e+00 -3.650000e+01
      vertex  7.500000e+00 -1.550000e+00 -3.650000e+01
    endloop
  endfacet
  facet normal  0.000000e+00  -0.000000e+00 -1.000000e+00
    outer loop
      vertex  4.586995e+00 -5.959185e+01 -3.650000e+01
      vertex  7.500000e+00 -1.550000e+00 -3.650000e+01
      vertex  7.802390e+00 -1.520217e+00 -3.650000e+01
    endloop
  endfacet
  facet normal  0.000000e+00  -0.000000e+00 -1.000000e+00
    outer loop
      vertex  4.586995e+00 -5.959185e+01 -3.650000e+01
      vertex  7.802390e+00 -1.520217e+00 -3.650000e+01
      vertex  1.190588e+01 -1.500000e+00 -3.650000e+01
    endloop
  endfacet
  facet normal  -0.000000e+00  0.000000e+00 -1.000000e+00
    outer loop
      vertex  7.306768e+00  9.518989e+00 -3.650000e+01
      vertex  8.045102e+00  8.903726e+00 -3.650000e+01
      vertex  7.500000e+00  1.550000e+00 -3.650000e+01
    endloop
  endfacet
  facet normal  0.000000e+00  0.000000e+00 -1.000000e+00
    outer loop
      vertex  7.306768e+00  9.518989e+00 -3.650000e+01
      vertex  7.500000e+00  1.550000e+00 -3.650000e+01
      vertex  1.096015e+00  8.596016e+00 -3.650000e+01
    endloop
  endfacet
  facet normal  0.000000e+00  0.000000e+00 -1.000000e+00
    outer loop
      vertex  7.306768e+00  9.518989e+00 -3.650000e+01
      vertex  1.096015e+00  8.596016e+00 -3.650000e+01
      vertex  8.611339e-01  8.788778e+00 -3.650000e+01
    endloop
  endfacet
  facet normal  0.000000e+00  0.000000e+00 -1.000000e+00
    outer loop
      vertex  7.306768e+00  9.518989e+00 -3.650000e+01
      vertex  8.611339e-01  8.788778e+00 -3.650000e+01
      vertex  5.931593e-01  8.932014e+00 -3.650000e+01
    endloop
  endfacet
  facet normal  0.000000e+00  0.000000e+00 -1.000000e+00
    outer loop
      vertex  7.306768e+00  9.518989e+00 -3.650000e+01
      vertex  5.931593e-01  8.932014e+00 -3.650000e+01
      vertex  3.023900e-01  9.020217e+00 -3.650000e+01
    endloop
  endfacet
  facet normal  0.000000e+00  0.000000e+00 -1.000000e+00
    outer loop
      vertex  7.306768e+00  9.518989e+00 -3.650000e+01
      vertex  3.023900e-01  9.020217e+00 -3.650000e+01
      vertex  3.939898e-17  9.050000e+00 -3.650000e+01
    endloop
  endfacet
  facet normal  -0.000000e+00  0.000000e+00 -1.000000e+00
    outer loop
      vertex -7.041784e+00  9.716650e+00 -3.650000e+01
      vertex  3.939898e-17  9.050000e+00 -3.650000e+01
      vertex -3.023900e-01  9.020217e+00 -3.650000e+01
    endloop
  endfacet
  facet normal  -0.000000e+00  0.000000e+00 -1.000000e+00
    outer loop
      vertex -7.041784e+00  9.716650e+00 -3.650000e+01
      vertex -3.023900e-01  9.020217e+00 -3.650000e+01
      vertex -5.931593e-01  8.932014e+00 -3.650000e+01
    endloop
  endfacet
  facet normal  -0.000000e+00  0.000000e+00 -1.000000e+00
    outer loop
      vertex -7.041784e+00  9.716650e+00 -3.650000e+01
      vertex -5.931593e-01  8.932014e+00 -3.650000e+01
      vertex -8.611339e-01  8.788778e+00 -3.650000e+01
    endloop
  endfacet
  facet normal  -0.000000e+00  0.000000e+00 -1.000000e+00
    outer loop
      vertex -7.041784e+00  9.716650e+00 -3.650000e+01
      vertex -8.611339e-01  8.788778e+00 -3.650000e+01
      vertex -1.096015e+00  8.596016e+00 -3.650000e+01
    endloop
  endfacet
  facet normal  -0.000000e+00  0.000000e+00 -1.000000e+00
    outer loop
      vertex -7.041784e+00  9.716650e+00 -3.650000e+01
      vertex -1.096015e+00  8.596016e+00 -3.650000e+01
      vertex -7.500000e+00  1.550000e+00 -3.650000e+01
    endloop
  endfacet
  facet normal  0.000000e+00  0.000000e+00 -1.000000e+00
    outer loop
      vertex -7.041784e+00  9.716650e+00 -3.650000e+01
      vertex -7.500000e+00  1.550000e+00 -3.650000e+01
      vertex -7.796786e+00  9.121959e+00 -3.650000e+01
    endloop
  endfacet
  facet normal  0.000000e+00  0.000000e+00 -1.000000e+00
    outer loop
      vertex -7.500000e+00  1.550000e+00 -3.650000e+01
      vertex -7.802390e+00  1.520217e+00 -3.650000e+01
      vertex -1.187827e+01  1.704901e+00 -3.650000e+01
    endloop
  endfacet
  facet normal  0.000000e+00  0.000000e+00 -1.000000e+00
    outer loop
      vertex -7.500000e+00  1.550000e+00 -3.650000e+01
      vertex -1.187827e+01  1.704901e+00 -3.650000e+01
      vertex -1.170374e+01  2.650006e+00 -3.650000e+01
    endloop
  endfacet
  facet normal  0.000000e+00  0.000000e+00 -1.000000e+00
    outer loop
      vertex -7.500000e+00  1.550000e+00 -3.650000e+01
      vertex -1.170374e+01  2.650006e+00 -3.650000e+01
      vertex -1.145413e+01  3.578112e+00 -3.650000e+01
    endloop
  endfacet
  facet normal  0.000000e+00  0.000000e+00 -1.000000e+00
    outer loop
      vertex -7.500000e+00  1.550000e+00 -3.650000e+01
      vertex -1.145413e+01  3.578112e+00 -3.650000e+01
      vertex -1.113105e+01  4.483267e+00 -3.650000e+01
    endloop
  endfacet
  facet normal  0.000000e+00  0.000000e+00 -1.000000e+00
    outer loop
      vertex -7.500000e+00  1.550000e+00 -3.650000e+01
      vertex -1.113105e+01  4.483267e+00 -3.650000e+01
      vertex -1.073657e+01  5.359664e+00 -3.650000e+01
    endloop
  endfacet
  facet normal  0.000000e+00  0.000000e+00 -1.000000e+00
    outer loop
      vertex -7.500000e+00  1.550000e+00 -3.650000e+01
      vertex -1.073657e+01  5.359664e+00 -3.650000e+01
      vertex -1.027322e+01  6.201682e+00 -3.650000e+01
    endloop
  endfacet
  facet normal  0.000000e+00  0.000000e+00 -1.000000e+00
    outer loop
      vertex -7.500000e+00  1.550000e+00 -3.650000e+01
      vertex -1.027322e+01  6.201682e+00 -3.650000e+01
      vertex -9.743979e+00  7.003919e+00 -3.650000e+01
    endloop
  endfacet
  facet normal  0.000000e+00  0.000000e+00 -1.000000e+00
    outer loop
      vertex -7.500000e+00  1.550000e+00 -3.650000e+01
      vertex -9.743979e+00  7.003919e+00 -3.650000e+01
      vertex -9.152230e+00  7.761229e+00 -3.650000e+01
    endloop
  endfacet
  facet normal  0.000000e+00  0.000000e+00 -9.999999e-01
    outer loop
      vertex -7.500000e+00  1.550000e+00 -3.650000e+01
      vertex -9.152230e+00  7.761229e+00 -3.650000e+01
      vertex -8.501776e+00  8.468755e+00 -3.650000e+01
    endloop
  endfacet
  facet normal  0.000000e+00  0.000000e+00 -9.999999e-01
    outer loop
      vertex -7.500000e+00  1.550000e+00 -3.650000e+01
      vertex -8.501776e+00  8.468755e+00 -3.650000e+01
      vertex -7.796786e+00  9.121959e+00 -3.650000e+01
    endloop
  endfacet
  facet normal  0.000000e+00  -0.000000e+00 -1.000000e+00
    outer loop
      vertex -1.197661e+01  7.488600e-01 -3.650000e+01
      vertex -1.187827e+01  1.704901e+00 -3.650000e+01
      vertex -7.802390e+00  1.520217e+00 -3.650000e+01
    endloop
  endfacet
  facet normal  0.000000e+00  0.000000e+00 -1.000000e+00
    outer loop
      vertex -1.197661e+01  7.488600e-01 -3.650000e+01
      vertex -7.802390e+00  1.520217e+00 -3.650000e+01
      vertex -8.093160e+00  1.432013e+00 -3.650000e+01
    endloop
  endfacet
  facet normal  0.000000e+00  0.000000e+00 -9.999999e-01
    outer loop
      vertex -1.197661e+01  7.488600e-01 -3.650000e+01
      vertex -8.093160e+00  1.432013e+00 -3.650000e+01
      vertex -8.361134e+00  1.288778e+00 -3.650000e+01
    endloop
  endfacet
  facet normal  0.000000e+00  0.000000e+00 -1.000000e+00
    outer loop
      vertex -1.197661e+01  7.488600e-01 -3.650000e+01
      vertex -8.361134e+00  1.288778e+00 -3.650000e+01
      vertex -8.596016e+00  1.096015e+00 -3.650000e+01
    endloop
  endfacet
  facet normal  0.000000e+00  0.000000e+00 -1.000000e+00
    outer loop
      vertex -1.197661e+01  7.488600e-01 -3.650000e+01
      vertex -8.596016e+00  1.096015e+00 -3.650000e+01
      vertex -8.788778e+00  8.611339e-01 -3.650000e+01
    endloop
  endfacet
  facet normal  0.000000e+00  0.000000e+00 -1.000000e+00
    outer loop
      vertex -1.197661e+01  7.488600e-01 -3.650000e+01
      vertex -8.788778e+00  8.611339e-01 -3.650000e+01
      vertex -8.932014e+00  5.931593e-01 -3.650000e+01
    endloop
  endfacet
  facet normal  -0.000000e+00  0.000000e+00 -1.000000e+00
    outer loop
      vertex -1.197661e+01  7.488600e-01 -3.650000e+01
      vertex -8.932014e+00  5.931593e-01 -3.650000e+01
      vertex -1.199813e+01 -2.119845e-01 -3.650000e+01
    endloop
  endfacet
  facet normal  0.000000e+00  0.000000e+00 -1.000000e+00
    outer loop
      vertex -1.194268e+01 -1.171469e+00 -3.650000e+01
      vertex -1.199813e+01 -2.119845e-01 -3.650000e+01
      vertex -9.020217e+00 -3.023900e-01 -3.650000e+01
    endloop
  endfacet
  facet normal  0.000000e+00  -0.000000e+00 -1.000000e+00
    outer loop
      vertex -1.194268e+01 -1.171469e+00 -3.650000e+01
      vertex -9.020217e+00 -3.023900e-01 -3.650000e+01
      vertex -8.932014e+00 -5.931593e-01 -3.650000e+01
    endloop
  endfacet
  facet normal  0.000000e+00  -0.000000e+00 -9.999999e-01
    outer loop
      vertex -1.194268e+01 -1.171469e+00 -3.650000e+01
      vertex -8.932014e+00 -5.931593e-01 -3.650000e+01
      vertex -8.788778e+00 -8.611339e-01 -3.650000e+01
    endloop
  endfacet
  facet normal  0.000000e+00  -0.000000e+00 -1.000000e+00
    outer loop
      vertex -1.194268e+01 -1.171469e+00 -3.650000e+01
      vertex -8.788778e+00 -8.611339e-01 -3.650000e+01
      vertex -8.596016e+00 -1.096015e+00 -3.650000e+01
    endloop
  endfacet
  facet normal  0.000000e+00  -0.000000e+00 -9.999999e-01
    outer loop
      vertex -1.194268e+01 -1.171469e+00 -3.650000e+01
      vertex -8.596016e+00 -1.096015e+00 -3.650000e+01
      vertex -8.361134e+00 -1.288778e+00 -3.650000e+01
    endloop
  endfacet
  facet normal  -0.000000e+00  0.000000e+00 -1.000000e+00
    outer loop
      vertex -1.194268e+01 -1.171469e+00 -3.650000e+01
      vertex -8.361134e+00 -1.288778e+00 -3.650000e+01
      vertex -1.181063e+01 -2.123440e+00 -3.650000e+01
    endloop
  endfacet
  facet normal  0.000000e+00  0.000000e+00 -1.000000e+00
    outer loop
      vertex -9.912899e+00 -6.969196e+00 -3.650000e+01
      vertex -1.054054e+01 -5.735591e+00 -3.650000e+01
      vertex -1.132058e+01 -3.980499e+00 -3.650000e+01
    endloop
  endfacet
  facet normal  0.000000e+00  0.000000e+00 -1.000000e+00
    outer loop
      vertex -9.912899e+00 -6.969196e+00 -3.650000e+01
      vertex -1.132058e+01 -3.980499e+00 -3.650000e+01
      vertex -1.160282e+01 -3.061789e+00 -3.650000e+01
    endloop
  endfacet
  facet normal  0.000000e+00  0.000000e+00 -1.000000e+00
    outer loop
      vertex -9.912899e+00 -6.969196e+00 -3.650000e+01
      vertex -1.160282e+01 -3.061789e+00 -3.650000e+01
      vertex -1.181063e+01 -2.123440e+00 -3.650000e+01
    endloop
  endfacet
  facet normal  0.000000e+00  0.000000e+00 -1.000000e+00
    outer loop
      vertex -9.912899e+00 -6.969196e+00 -3.650000e+01
      vertex -1.181063e+01 -2.123440e+00 -3.650000e+01
      vertex -9.354489e+00 -8.235646e+00 -3.650000e+01
    endloop
  endfacet
  facet normal  -0.000000e+00  0.000000e+00 -1.000000e+00
    outer loop
      vertex -7.500000e+00 -1.550000e+00 -3.650000e+01
      vertex -1.765100e-15 -5.950000e+00 -3.650000e+01
      vertex -3.023900e-01 -5.979783e+00 -3.650000e+01
    endloop
  endfacet
  facet normal  -0.000000e+00  0.000000e+00 -1.000000e+00
    outer loop
      vertex -7.500000e+00 -1.550000e+00 -3.650000e+01
      vertex -3.023900e-01 -5.979783e+00 -3.650000e+01
      vertex -5.931593e-01 -6.067986e+00 -3.650000e+01
    endloop
  endfacet
  facet normal  -0.000000e+00  0.000000e+00 -1.000000e+00
    outer loop
      vertex -7.500000e+00 -1.550000e+00 -3.650000e+01
      vertex -5.931593e-01 -6.067986e+00 -3.650000e+01
      vertex -8.611339e-01 -6.211222e+00 -3.650000e+01
    endloop
  endfacet
  facet normal  -0.000000e+00  0.000000e+00 -1.000000e+00
    outer loop
      vertex -7.500000e+00 -1.550000e+00 -3.650000e+01
      vertex -8.611339e-01 -6.211222e+00 -3.650000e+01
      vertex -1.096015e+00 -6.403985e+00 -3.650000e+01
    endloop
  endfacet
  facet normal  -0.000000e+00  0.000000e+00 -1.000000e+00
    outer loop
      vertex -7.500000e+00 -1.550000e+00 -3.650000e+01
      vertex -1.096015e+00 -6.403985e+00 -3.650000e+01
      vertex -1.288778e+00 -6.638866e+00 -3.650000e+01
    endloop
  endfacet
  facet normal  -0.000000e+00  0.000000e+00 -1.000000e+00
    outer loop
      vertex -7.500000e+00 -1.550000e+00 -3.650000e+01
      vertex -1.288778e+00 -6.638866e+00 -3.650000e+01
      vertex -1.432013e+00 -6.906841e+00 -3.650000e+01
    endloop
  endfacet
  facet normal  -0.000000e+00  0.000000e+00 -1.000000e+00
    outer loop
      vertex -7.500000e+00 -1.550000e+00 -3.650000e+01
      vertex -1.432013e+00 -6.906841e+00 -3.650000e+01
      vertex -7.500000e+00 -1.768474e+01 -3.650000e+01
    endloop
  endfacet
  facet normal  0.000000e+00  0.000000e+00 -9.999999e-01
    outer loop
      vertex -7.500000e+00 -1.550000e+00 -3.650000e+01
      vertex -7.500000e+00 -1.768474e+01 -3.650000e+01
      vertex -7.538314e+00 -1.630118e+01 -3.650000e+01
    endloop
  endfacet
  facet normal  0.000000e+00  0.000000e+00 -1.000000e+00
    outer loop
      vertex -7.500000e+00 -1.550000e+00 -3.650000e+01
      vertex -7.538314e+00 -1.630118e+01 -3.650000e+01
      vertex -7.653140e+00 -1.492185e+01 -3.650000e+01
    endloop
  endfacet
  facet normal  0.000000e+00  0.000000e+00 -1.000000e+00
    outer loop
      vertex -7.500000e+00 -1.550000e+00 -3.650000e+01
      vertex -7.653140e+00 -1.492185e+01 -3.650000e+01
      vertex -7.844125e+00 -1.355100e+01 -3.650000e+01
    endloop
  endfacet
  facet normal  0.000000e+00  0.000000e+00 -1.000000e+00
    outer loop
      vertex -7.500000e+00 -1.550000e+00 -3.650000e+01
      vertex -7.844125e+00 -1.355100e+01 -3.650000e+01
      vertex -8.110683e+00 -1.219281e+01 -3.650000e+01
    endloop
  endfacet
  facet normal  0.000000e+00  0.000000e+00 -9.999999e-01
    outer loop
      vertex -7.500000e+00 -1.550000e+00 -3.650000e+01
      vertex -8.110683e+00 -1.219281e+01 -3.650000e+01
      vertex -8.451999e+00 -1.085146e+01 -3.650000e+01
    endloop
  endfacet
  facet normal  0.000000e+00  0.000000e+00 -1.000000e+00
    outer loop
      vertex -7.500000e+00 -1.550000e+00 -3.650000e+01
      vertex -8.451999e+00 -1.085146e+01 -3.650000e+01
      vertex -8.867025e+00 -9.531059e+00 -3.650000e+01
    endloop
  endfacet
  facet normal  0.000000e+00  0.000000e+00 -1.000000e+00
    outer loop
      vertex -7.500000e+00 -1.550000e+00 -3.650000e+01
      vertex -8.867025e+00 -9.531059e+00 -3.650000e+01
      vertex -9.354489e+00 -8.235646e+00 -3.650000e+01
    endloop
  endfacet
  facet normal  0.000000e+00  0.000000e+00 -9.999999e-01
    outer loop
      vertex -7.500000e+00 -1.550000e+00 -3.650000e+01
      vertex -9.354489e+00 -8.235646e+00 -3.650000e+01
      vertex -1.181063e+01 -2.123440e+00 -3.650000e+01
    endloop
  endfacet
  facet normal  0.000000e+00  -0.000000e+00 -1.000000e+00
    outer loop
      vertex -1.181063e+01 -2.123440e+00 -3.650000e+01
      vertex -8.361134e+00 -1.288778e+00 -3.650000e+01
      vertex -8.093160e+00 -1.432013e+00 -3.650000e+01
    endloop
  endfacet
  facet normal  0.000000e+00  -0.000000e+00 -1.000000e+00
    outer loop
      vertex -1.181063e+01 -2.123440e+00 -3.650000e+01
      vertex -8.093160e+00 -1.432013e+00 -3.650000e+01
      vertex -7.802390e+00 -1.520217e+00 -3.650000e+01
    endloop
  endfacet
  facet normal  0.000000e+00  -0.000000e+00 -1.000000e+00
    outer loop
      vertex -1.181063e+01 -2.123440e+00 -3.650000e+01
      vertex -7.802390e+00 -1.520217e+00 -3.650000e+01
      vertex -7.500000e+00 -1.550000e+00 -3.650000e+01
    endloop
  endfacet
  facet normal  0.000000e+00  0.000000e+00 -1.000000e+00
    outer loop
      vertex -1.765100e-15 -5.950000e+00 -3.650000e+01
      vertex -7.500000e+00 -1.550000e+00 -3.650000e+01
      vertex -7.197610e+00 -1.520217e+00 -3.650000e+01
    endloop
  endfacet
  facet normal  0.000000e+00  0.000000e+00 -1.000000e+00
    outer loop
      vertex -1.765100e-15 -5.950000e+00 -3.650000e+01
      vertex -7.197610e+00 -1.520217e+00 -3.650000e+01
      vertex -6.906841e+00 -1.432013e+00 -3.650000e+01
    endloop
  endfacet
  facet normal  0.000000e+00  0.000000e+00 -1.000000e+00
    outer loop
      vertex -1.765100e-15 -5.950000e+00 -3.650000e+01
      vertex -6.906841e+00 -1.432013e+00 -3.650000e+01
      vertex -6.638866e+00 -1.288778e+00 -3.650000e+01
    endloop
  endfacet
  facet normal  0.000000e+00  0.000000e+00 -1.000000e+00
    outer loop
      vertex -1.765100e-15 -5.950000e+00 -3.650000e+01
      vertex -6.638866e+00 -1.288778e+00 -3.650000e+01
      vertex -6.403985e+00 -1.096015e+00 -3.650000e+01
    endloop
  endfacet
  facet normal  0.000000e+00  0.000000e+00 -1.000000e+00
    outer loop
      vertex -1.765100e-15 -5.950000e+00 -3.650000e+01
      vertex -6.403985e+00 -1.096015e+00 -3.650000e+01
      vertex -6.211222e+00 -8.611339e-01 -3.650000e+01
    endloop
  endfacet
  facet normal  0.000000e+00  0.000000e+00 -1.000000e+00
    outer loop
      vertex -1.765100e-15 -5.950000e+00 -3.650000e+01
      vertex -6.211222e+00 -8.611339e-01 -3.650000e+01
      vertex -6.067986e+00 -5.931593e-01 -3.650000e+01
    endloop
  endfacet
  facet normal  0.000000e+00  0.000000e+00 -1.000000e+00
    outer loop
      vertex -1.765100e-15 -5.950000e+00 -3.650000e+01
      vertex -6.067986e+00 -5.931593e-01 -3.650000e+01
      vertex -5.979783e+00 -3.023900e-01 -3.650000e+01
    endloop
  endfacet
  facet normal  0.000000e+00  0.000000e+00 -1.000000e+00
    outer loop
      vertex -1.765100e-15 -5.950000e+00 -3.650000e+01
      vertex -5.979783e+00 -3.023900e-01 -3.650000e+01
      vertex -5.950000e+00  2.409089e-17 -3.650000e+01
    endloop
  endfacet
  facet normal  0.000000e+00  0.000000e+00 -1.000000e+00
    outer loop
      vertex -1.765100e-15 -5.950000e+00 -3.650000e+01
      vertex -5.950000e+00  2.409089e-17 -3.650000e+01
      vertex -5.979783e+00  3.023900e-01 -3.650000e+01
    endloop
  endfacet
  facet normal  0.000000e+00  0.000000e+00 -1.000000e+00
    outer loop
      vertex -1.765100e-15 -5.950000e+00 -3.650000e+01
      vertex -5.979783e+00  3.023900e-01 -3.650000e+01
      vertex -6.067986e+00  5.931593e-01 -3.650000e+01
    endloop
  endfacet
  facet normal  0.000000e+00  0.000000e+00 -9.999999e-01
    outer loop
      vertex -1.765100e-15 -5.950000e+00 -3.650000e+01
      vertex -6.067986e+00  5.931593e-01 -3.650000e+01
      vertex -6.211222e+00  8.611339e-01 -3.650000e+01
    endloop
  endfacet
  facet normal  0.000000e+00  0.000000e+00 -1.000000e+00
    outer loop
      vertex -1.765100e-15 -5.950000e+00 -3.650000e+01
      vertex -6.211222e+00  8.611339e-01 -3.650000e+01
      vertex -6.403985e+00  1.096015e+00 -3.650000e+01
    endloop
  endfacet
  facet normal  -0.000000e+00  0.000000e+00 -1.000000e+00
    outer loop
      vertex -3.402415e-16  5.950000e+00 -3.650000e+01
      vertex  7.500000e+00  1.550000e+00 -3.650000e+01
      vertex  7.197610e+00  1.520217e+00 -3.650000e+01
    endloop
  endfacet
  facet normal  -0.000000e+00  0.000000e+00 -1.000000e+00
    outer loop
      vertex -3.402415e-16  5.950000e+00 -3.650000e+01
      vertex  7.197610e+00  1.520217e+00 -3.650000e+01
      vertex  6.906841e+00  1.432013e+00 -3.650000e+01
    endloop
  endfacet
  facet normal  -0.000000e+00  0.000000e+00 -1.000000e+00
    outer loop
      vertex -3.402415e-16  5.950000e+00 -3.650000e+01
      vertex  6.906841e+00  1.432013e+00 -3.650000e+01
      vertex  6.638866e+00  1.288778e+00 -3.650000e+01
    endloop
  endfacet
  facet normal  -0.000000e+00  0.000000e+00 -1.000000e+00
    outer loop
      vertex -3.402415e-16  5.950000e+00 -3.650000e+01
      vertex  6.638866e+00  1.288778e+00 -3.650000e+01
      vertex  6.403985e+00  1.096015e+00 -3.650000e+01
    endloop
  endfacet
  facet normal  -0.000000e+00  0.000000e+00 -1.000000e+00
    outer loop
      vertex -3.402415e-16  5.950000e+00 -3.650000e+01
      vertex  6.403985e+00  1.096015e+00 -3.650000e+01
      vertex -1.765100e-15 -5.950000e+00 -3.650000e+01
    endloop
  endfacet
  facet normal  0.000000e+00  0.000000e+00 -1.000000e+00
    outer loop
      vertex -3.402415e-16  5.950000e+00 -3.650000e+01
      vertex -1.765100e-15 -5.950000e+00 -3.650000e+01
      vertex -6.403985e+00  1.096015e+00 -3.650000e+01
    endloop
  endfacet
  facet normal  0.000000e+00  0.000000e+00 -1.000000e+00
    outer loop
      vertex -3.402415e-16  5.950000e+00 -3.650000e+01
      vertex -6.403985e+00  1.096015e+00 -3.650000e+01
      vertex -6.638866e+00  1.288778e+00 -3.650000e+01
    endloop
  endfacet
  facet normal  0.000000e+00  0.000000e+00 -1.000000e+00
    outer loop
      vertex -3.402415e-16  5.950000e+00 -3.650000e+01
      vertex -6.638866e+00  1.288778e+00 -3.650000e+01
      vertex -6.906841e+00  1.432013e+00 -3.650000e+01
    endloop
  endfacet
  facet normal  0.000000e+00  0.000000e+00 -1.000000e+00
    outer loop
      vertex -3.402415e-16  5.950000e+00 -3.650000e+01
      vertex -6.906841e+00  1.432013e+00 -3.650000e+01
      vertex -7.197610e+00  1.520217e+00 -3.650000e+01
    endloop
  endfacet
  facet normal  0.000000e+00  0.000000e+00 -1.000000e+00
    outer loop
      vertex -3.402415e-16  5.950000e+00 -3.650000e+01
      vertex -7.197610e+00  1.520217e+00 -3.650000e+01
      vertex -7.500000e+00  1.550000e+00 -3.650000e+01
    endloop
  endfacet
  facet normal  0.000000e+00  0.000000e+00 -1.000000e+00
    outer loop
      vertex -7.500000e+00  1.550000e+00 -3.650000e+01
      vertex -1.096015e+00  8.596016e+00 -3.650000e+01
      vertex -1.288778e+00  8.361134e+00 -3.650000e+01
    endloop
  endfacet
  facet normal  0.000000e+00  0.000000e+00 -1.000000e+00
    outer loop
      vertex -7.500000e+00  1.550000e+00 -3.650000e+01
      vertex -1.288778e+00  8.361134e+00 -3.650000e+01
      vertex -1.432013e+00  8.093160e+00 -3.650000e+01
    endloop
  endfacet
  facet normal  0.000000e+00  0.000000e+00 -1.000000e+00
    outer loop
      vertex -7.500000e+00  1.550000e+00 -3.650000e+01
      vertex -1.432013e+00  8.093160e+00 -3.650000e+01
      vertex -1.520217e+00  7.802390e+00 -3.650000e+01
    endloop
  endfacet
  facet normal  0.000000e+00  0.000000e+00 -1.000000e+00
    outer loop
      vertex -7.500000e+00  1.550000e+00 -3.650000e+01
      vertex -1.520217e+00  7.802390e+00 -3.650000e+01
      vertex -1.550000e+00  7.500000e+00 -3.650000e+01
    endloop
  endfacet
  facet normal  0.000000e+00  -0.000000e+00 -1.000000e+00
    outer loop
      vertex -7.500000e+00  1.550000e+00 -3.650000e+01
      vertex -1.550000e+00  7.500000e+00 -3.650000e+01
      vertex -1.520217e+00  7.197610e+00 -3.650000e+01
    endloop
  endfacet
  facet normal  0.000000e+00  -0.000000e+00 -1.000000e+00
    outer loop
      vertex -7.500000e+00  1.550000e+00 -3.650000e+01
      vertex -1.520217e+00  7.197610e+00 -3.650000e+01
      vertex -1.432013e+00  6.906841e+00 -3.650000e+01
    endloop
  endfacet
  facet normal  0.000000e+00  -0.000000e+00 -1.000000e+00
    outer loop
      vertex -7.500000e+00  1.550000e+00 -3.650000e+01
      vertex -1.432013e+00  6.906841e+00 -3.650000e+01
      vertex -1.288778e+00  6.638866e+00 -3.650000e+01
    endloop
  endfacet
  facet normal  0.000000e+00  -0.000000e+00 -1.000000e+00
    outer loop
      vertex -7.500000e+00  1.550000e+00 -3.650000e+01
      vertex -1.288778e+00  6.638866e+00 -3.650000e+01
      vertex -1.096015e+00  6.403985e+00 -3.650000e+01
    endloop
  endfacet
  facet normal  0.000000e+00  -0.000000e+00 -1.000000e+00
    outer loop
      vertex -7.500000e+00  1.550000e+00 -3.650000e+01
      vertex -1.096015e+00  6.403985e+00 -3.650000e+01
      vertex -8.611339e-01  6.211222e+00 -3.650000e+01
    endloop
  endfacet
  facet normal  0.000000e+00  -0.000000e+00 -1.000000e+00
    outer loop
      vertex -7.500000e+00  1.550000e+00 -3.650000e+01
      vertex -8.611339e-01  6.211222e+00 -3.650000e+01
      vertex -5.931593e-01  6.067986e+00 -3.650000e+01
    endloop
  endfacet
  facet normal  0.000000e+00  -0.000000e+00 -9.999999e-01
    outer loop
      vertex -7.500000e+00  1.550000e+00 -3.650000e+01
      vertex -5.931593e-01  6.067986e+00 -3.650000e+01
      vertex -3.023900e-01  5.979783e+00 -3.650000e+01
    endloop
  endfacet
  facet normal  0.000000e+00  -0.000000e+00 -1.000000e+00
    outer loop
      vertex -7.500000e+00  1.550000e+00 -3.650000e+01
      vertex -3.023900e-01  5.979783e+00 -3.650000e+01
      vertex -3.402415e-16  5.950000e+00 -3.650000e+01
    endloop
  endfacet
  facet normal  0.000000e+00  0.000000e+00 -1.000000e+00
    outer loop
      vertex  3.939898e-17  9.050000e+00 -3.650000e+01
      vertex -7.041784e+00  9.716650e+00 -3.650000e+01
      vertex -6.241612e+00  1.024901e+01 -3.650000e+01
    endloop
  endfacet
  facet normal  0.000000e+00  0.000000e+00 -9.999999e-01
    outer loop
      vertex  3.939898e-17  9.050000e+00 -3.650000e+01
      vertex -6.241612e+00  1.024901e+01 -3.650000e+01
      vertex -5.401404e+00  1.071563e+01 -3.650000e+01
    endloop
  endfacet
  facet normal  0.000000e+00  0.000000e+00 -1.000000e+00
    outer loop
      vertex  3.939898e-17  9.050000e+00 -3.650000e+01
      vertex -5.401404e+00  1.071563e+01 -3.650000e+01
      vertex -4.526549e+00  1.111352e+01 -3.650000e+01
    endloop
  endfacet
  facet normal  0.000000e+00  0.000000e+00 -9.999999e-01
    outer loop
      vertex  3.939898e-17  9.050000e+00 -3.650000e+01
      vertex -4.526549e+00  1.111352e+01 -3.650000e+01
      vertex -3.622658e+00  1.144012e+01 -3.650000e+01
    endloop
  endfacet
  facet normal  0.000000e+00  0.000000e+00 -1.000000e+00
    outer loop
      vertex  3.939898e-17  9.050000e+00 -3.650000e+01
      vertex -3.622658e+00  1.144012e+01 -3.650000e+01
      vertex -2.695530e+00  1.169334e+01 -3.650000e+01
    endloop
  endfacet
  facet normal  0.000000e+00  0.000000e+00 -9.999999e-01
    outer loop
      vertex  3.939898e-17  9.050000e+00 -3.650000e+01
      vertex -2.695530e+00  1.169334e+01 -3.650000e+01
      vertex -1.751112e+00  1.187155e+01 -3.650000e+01
    endloop
  endfacet
  facet normal  0.000000e+00  0.000000e+00 -1.000000e+00
    outer loop
      vertex  3.939898e-17  9.050000e+00 -3.650000e+01
      vertex -1.751112e+00  1.187155e+01 -3.650000e+01
      vertex -7.954608e-01  1.197361e+01 -3.650000e+01
    endloop
  endfacet
  facet normal  0.000000e+00  0.000000e+00 -1.000000e+00
    outer loop
      vertex  3.939898e-17  9.050000e+00 -3.650000e+01
      vertex -7.954608e-01  1.197361e+01 -3.650000e+01
      vertex  1.652928e-01  1.199886e+01 -3.650000e+01
    endloop
  endfacet
  facet normal  0.000000e+00  -0.000000e+00 -1.000000e+00
    outer loop
      vertex  3.939898e-17  9.050000e+00 -3.650000e+01
      vertex  1.652928e-01  1.199886e+01 -3.650000e+01
      vertex  1.124986e+00  1.194715e+01 -3.650000e+01
    endloop
  endfacet
  facet normal  0.000000e+00  -0.000000e+00 -1.000000e+00
    outer loop
      vertex  3.939898e-17  9.050000e+00 -3.650000e+01
      vertex  1.124986e+00  1.194715e+01 -3.650000e+01
      vertex  2.077463e+00  1.181880e+01 -3.650000e+01
    endloop
  endfacet
  facet normal  0.000000e+00  -0.000000e+00 -1.000000e+00
    outer loop
      vertex  3.939898e-17  9.050000e+00 -3.650000e+01
      vertex  2.077463e+00  1.181880e+01 -3.650000e+01
      vertex  3.016614e+00  1.161465e+01 -3.650000e+01
    endloop
  endfacet
  facet normal  0.000000e+00  -0.000000e+00 -9.999999e-01
    outer loop
      vertex  3.939898e-17  9.050000e+00 -3.650000e+01
      vertex  3.016614e+00  1.161465e+01 -3.650000e+01
      vertex  3.936415e+00  1.133599e+01 -3.650000e+01
    endloop
  endfacet
  facet normal  0.000000e+00  -0.000000e+00 -9.999999e-01
    outer loop
      vertex  3.939898e-17  9.050000e+00 -3.650000e+01
      vertex  3.936415e+00  1.133599e+01 -3.650000e+01
      vertex  4.830966e+00  1.098461e+01 -3.650000e+01
    endloop
  endfacet
  facet normal  0.000000e+00  -0.000000e+00 -9.999999e-01
    outer loop
      vertex  3.939898e-17  9.050000e+00 -3.650000e+01
      vertex  4.830966e+00  1.098461e+01 -3.650000e+01
      vertex  5.694530e+00  1.056278e+01 -3.650000e+01
    endloop
  endfacet
  facet normal  0.000000e+00  -0.000000e+00 -1.000000e+00
    outer loop
      vertex  3.939898e-17  9.050000e+00 -3.650000e+01
      vertex  5.694530e+00  1.056278e+01 -3.650000e+01
      vertex  6.521565e+00  1.007319e+01 -3.650000e+01
    endloop
  endfacet
  facet normal  0.000000e+00  -0.000000e+00 -1.000000e+00
    outer loop
      vertex  3.939898e-17  9.050000e+00 -3.650000e+01
      vertex  6.521565e+00  1.007319e+01 -3.650000e+01
      vertex  7.306768e+00  9.518989e+00 -3.650000e+01
    endloop
  endfacet
  facet normal  0.000000e+00  0.000000e+00 -9.999999e-01
    outer loop
      vertex -7.500000e+00 -1.768474e+01 -3.650000e+01
      vertex -1.432013e+00 -6.906841e+00 -3.650000e+01
      vertex -1.520217e+00 -7.197610e+00 -3.650000e+01
    endloop
  endfacet
  facet normal  0.000000e+00  0.000000e+00 -1.000000e+00
    outer loop
      vertex -7.500000e+00 -1.768474e+01 -3.650000e+01
      vertex -1.520217e+00 -7.197610e+00 -3.650000e+01
      vertex -1.550000e+00 -7.500000e+00 -3.650000e+01
    endloop
  endfacet
  facet normal  0.000000e+00  -0.000000e+00 -1.000000e+00
    outer loop
      vertex -7.500000e+00 -1.768474e+01 -3.650000e+01
      vertex -1.550000e+00 -7.500000e+00 -3.650000e+01
      vertex -1.520217e+00 -7.802390e+00 -3.650000e+01
    endloop
  endfacet
  facet normal  0.000000e+00  -0.000000e+00 -1.000000e+00
    outer loop
      vertex -7.500000e+00 -1.768474e+01 -3.650000e+01
      vertex -1.520217e+00 -7.802390e+00 -3.650000e+01
      vertex -1.432013e+00 -8.093160e+00 -3.650000e+01
    endloop
  endfacet
  facet normal  0.000000e+00  -0.000000e+00 -1.000000e+00
    outer loop
      vertex -7.500000e+00 -1.768474e+01 -3.650000e+01
      vertex -1.432013e+00 -8.093160e+00 -3.650000e+01
      vertex -1.288778e+00 -8.361134e+00 -3.650000e+01
    endloop
  endfacet
  facet normal  0.000000e+00  -0.000000e+00 -1.000000e+00
    outer loop
      vertex -7.500000e+00 -1.768474e+01 -3.650000e+01
      vertex -1.288778e+00 -8.361134e+00 -3.650000e+01
      vertex -1.096015e+00 -8.596016e+00 -3.650000e+01
    endloop
  endfacet
  facet normal  0.000000e+00  -0.000000e+00 -1.000000e+00
    outer loop
      vertex -7.500000e+00 -1.768474e+01 -3.650000e+01
      vertex -1.096015e+00 -8.596016e+00 -3.650000e+01
      vertex -8.611339e-01 -8.788778e+00 -3.650000e+01
    endloop
  endfacet
  facet normal  0.000000e+00  -0.000000e+00 -1.000000e+00
    outer loop
      vertex -7.500000e+00 -1.768474e+01 -3.650000e+01
      vertex -8.611339e-01 -8.788778e+00 -3.650000e+01
      vertex -5.931593e-01 -8.932014e+00 -3.650000e+01
    endloop
  endfacet
  facet normal  0.000000e+00  -0.000000e+00 -1.000000e+00
    outer loop
      vertex -7.500000e+00 -1.768474e+01 -3.650000e+01
      vertex -5.931593e-01 -8.932014e+00 -3.650000e+01
      vertex -3.023900e-01 -9.020217e+00 -3.650000e+01
    endloop
  endfacet
  facet normal  0.000000e+00  -0.000000e+00 -1.000000e+00
    outer loop
      vertex -7.500000e+00 -1.768474e+01 -3.650000e+01
      vertex -3.023900e-01 -9.020217e+00 -3.650000e+01
      vertex -1.147704e-15 -9.050000e+00 -3.650000e+01
    endloop
  endfacet
  facet normal  0.000000e+00  0.000000e+00 -9.999999e-01
    outer loop
      vertex -7.500000e+00 -1.768474e+01 -3.650000e+01
      vertex -1.147704e-15 -9.050000e+00 -3.650000e+01
      vertex -7.500000e+00 -5.959185e+01 -3.650000e+01
    endloop
  endfacet
  facet normal  0.000000e+00  0.000000e+00 -1.000000e+00
    outer loop
      vertex -1.765100e-15 -5.950000e+00 -3.650000e+01
      vertex  6.403985e+00  1.096015e+00 -3.650000e+01
      vertex  6.211222e+00  8.611339e-01 -3.650000e+01
    endloop
  endfacet
  facet normal  0.000000e+00  0.000000e+00 -9.999999e-01
    outer loop
      vertex -1.765100e-15 -5.950000e+00 -3.650000e+01
      vertex  6.211222e+00  8.611339e-01 -3.650000e+01
      vertex  6.067986e+00  5.931593e-01 -3.650000e+01
    endloop
  endfacet
  facet normal  0.000000e+00  0.000000e+00 -1.000000e+00
    outer loop
      vertex -1.765100e-15 -5.950000e+00 -3.650000e+01
      vertex  6.067986e+00  5.931593e-01 -3.650000e+01
      vertex  5.979783e+00  3.023900e-01 -3.650000e+01
    endloop
  endfacet
  facet normal  0.000000e+00  0.000000e+00 -1.000000e+00
    outer loop
      vertex -1.765100e-15 -5.950000e+00 -3.650000e+01
      vertex  5.979783e+00  3.023900e-01 -3.650000e+01
      vertex  5.950000e+00 -7.527557e-16 -3.650000e+01
    endloop
  endfacet
  facet normal  0.000000e+00  -0.000000e+00 -1.000000e+00
    outer loop
      vertex -1.765100e-15 -5.950000e+00 -3.650000e+01
      vertex  5.950000e+00 -7.527557e-16 -3.650000e+01
      vertex  5.979783e+00 -3.023900e-01 -3.650000e+01
    endloop
  endfacet
  facet normal  0.000000e+00  -0.000000e+00 -1.000000e+00
    outer loop
      vertex -1.765100e-15 -5.950000e+00 -3.650000e+01
      vertex  5.979783e+00 -3.023900e-01 -3.650000e+01
      vertex  6.067986e+00 -5.931593e-01 -3.650000e+01
    endloop
  endfacet
  facet normal  0.000000e+00  -0.000000e+00 -1.000000e+00
    outer loop
      vertex -1.765100e-15 -5.950000e+00 -3.650000e+01
      vertex  6.067986e+00 -5.931593e-01 -3.650000e+01
      vertex  6.211222e+00 -8.611339e-01 -3.650000e+01
    endloop
  endfacet
  facet normal  0.000000e+00  -0.000000e+00 -1.000000e+00
    outer loop
      vertex -1.765100e-15 -5.950000e+00 -3.650000e+01
      vertex  6.211222e+00 -8.611339e-01 -3.650000e+01
      vertex  6.403985e+00 -1.096015e+00 -3.650000e+01
    endloop
  endfacet
  facet normal  0.000000e+00  -0.000000e+00 -1.000000e+00
    outer loop
      vertex -1.765100e-15 -5.950000e+00 -3.650000e+01
      vertex  6.403985e+00 -1.096015e+00 -3.650000e+01
      vertex  6.638866e+00 -1.288778e+00 -3.650000e+01
    endloop
  endfacet
  facet normal  0.000000e+00  -0.000000e+00 -1.000000e+00
    outer loop
      vertex -1.765100e-15 -5.950000e+00 -3.650000e+01
      vertex  6.638866e+00 -1.288778e+00 -3.650000e+01
      vertex  6.906841e+00 -1.432013e+00 -3.650000e+01
    endloop
  endfacet
  facet normal  0.000000e+00  -0.000000e+00 -1.000000e+00
    outer loop
      vertex -1.765100e-15 -5.950000e+00 -3.650000e+01
      vertex  6.906841e+00 -1.432013e+00 -3.650000e+01
      vertex  7.197610e+00 -1.520217e+00 -3.650000e+01
    endloop
  endfacet
  facet normal  0.000000e+00  -0.000000e+00 -1.000000e+00
    outer loop
      vertex -1.765100e-15 -5.950000e+00 -3.650000e+01
      vertex  7.197610e+00 -1.520217e+00 -3.650000e+01
      vertex  7.500000e+00 -1.550000e+00 -3.650000e+01
    endloop
  endfacet
  facet normal  0.000000e+00  0.000000e+00 -1.000000e+00
    outer loop
      vertex -1.765100e-15 -5.950000e+00 -3.650000e+01
      vertex  7.500000e+00 -1.550000e+00 -3.650000e+01
      vertex  3.023900e-01 -5.979783e+00 -3.650000e+01
    endloop
  endfacet
  facet normal  0.000000e+00  0.000000e+00 -1.000000e+00
    outer loop
      vertex  7.500000e+00  1.550000e+00 -3.650000e+01
      vertex -3.402415e-16  5.950000e+00 -3.650000e+01
      vertex  3.023900e-01  5.979783e+00 -3.650000e+01
    endloop
  endfacet
  facet normal  0.000000e+00  0.000000e+00 -1.000000e+00
    outer loop
      vertex  7.500000e+00  1.550000e+00 -3.650000e+01
      vertex  3.023900e-01  5.979783e+00 -3.650000e+01
      vertex  5.931593e-01  6.067986e+00 -3.650000e+01
    endloop
  endfacet
  facet normal  0.000000e+00  0.000000e+00 -1.000000e+00
    outer loop
      vertex  7.500000e+00  1.550000e+00 -3.650000e+01
      vertex  5.931593e-01  6.067986e+00 -3.650000e+01
      vertex  8.611339e-01  6.211222e+00 -3.650000e+01
    endloop
  endfacet
  facet normal  0.000000e+00  0.000000e+00 -1.000000e+00
    outer loop
      vertex  7.500000e+00  1.550000e+00 -3.650000e+01
      vertex  8.611339e-01  6.211222e+00 -3.650000e+01
      vertex  1.096015e+00  6.403985e+00 -3.650000e+01
    endloop
  endfacet
  facet normal  0.000000e+00  0.000000e+00 -1.000000e+00
    outer loop
      vertex  7.500000e+00  1.550000e+00 -3.650000e+01
      vertex  1.096015e+00  6.403985e+00 -3.650000e+01
      vertex  1.288778e+00  6.638866e+00 -3.650000e+01
    endloop
  endfacet
  facet normal  0.000000e+00  0.000000e+00 -1.000000e+00
    outer loop
      vertex  7.500000e+00  1.550000e+00 -3.650000e+01
      vertex  1.288778e+00  6.638866e+00 -3.650000e+01
      vertex  1.432013e+00  6.906841e+00 -3.650000e+01
    endloop
  endfacet
  facet normal  0.000000e+00  0.000000e+00 -1.000000e+00
    outer loop
      vertex  7.500000e+00  1.550000e+00 -3.650000e+01
      vertex  1.432013e+00  6.906841e+00 -3.650000e+01
      vertex  1.520217e+00  7.197610e+00 -3.650000e+01
    endloop
  endfacet
  facet normal  0.000000e+00  0.000000e+00 -1.000000e+00
    outer loop
      vertex  7.500000e+00  1.550000e+00 -3.650000e+01
      vertex  1.520217e+00  7.197610e+00 -3.650000e+01
      vertex  1.550000e+00  7.500000e+00 -3.650000e+01
    endloop
  endfacet
  facet normal  0.000000e+00  0.000000e+00 -1.000000e+00
    outer loop
      vertex  7.500000e+00  1.550000e+00 -3.650000e+01
      vertex  1.550000e+00  7.500000e+00 -3.650000e+01
      vertex  1.520217e+00  7.802390e+00 -3.650000e+01
    endloop
  endfacet
  facet normal  0.000000e+00  0.000000e+00 -1.000000e+00
    outer loop
      vertex  7.500000e+00  1.550000e+00 -3.650000e+01
      vertex  1.520217e+00  7.802390e+00 -3.650000e+01
      vertex  1.432013e+00  8.093160e+00 -3.650000e+01
    endloop
  endfacet
  facet normal  0.000000e+00  0.000000e+00 -1.000000e+00
    outer loop
      vertex  7.500000e+00  1.550000e+00 -3.650000e+01
      vertex  1.432013e+00  8.093160e+00 -3.650000e+01
      vertex  1.288778e+00  8.361134e+00 -3.650000e+01
    endloop
  endfacet
  facet normal  0.000000e+00  0.000000e+00 -1.000000e+00
    outer loop
      vertex  7.500000e+00  1.550000e+00 -3.650000e+01
      vertex  1.288778e+00  8.361134e+00 -3.650000e+01
      vertex  1.096015e+00  8.596016e+00 -3.650000e+01
    endloop
  endfacet
  facet normal  0.000000e+00  0.000000e+00 -1.000000e+00
    outer loop
      vertex  7.500000e+00 -1.550000e+00 -3.650000e+01
      vertex  1.550000e+00 -7.500000e+00 -3.650000e+01
      vertex  1.520217e+00 -7.197610e+00 -3.650000e+01
    endloop
  endfacet
  facet normal  0.000000e+00  0.000000e+00 -1.000000e+00
    outer loop
      vertex  7.500000e+00 -1.550000e+00 -3.650000e+01
      vertex  1.520217e+00 -7.197610e+00 -3.650000e+01
      vertex  1.432013e+00 -6.906841e+00 -3.650000e+01
    endloop
  endfacet
  facet normal  0.000000e+00  0.000000e+00 -1.000000e+00
    outer loop
      vertex  7.500000e+00 -1.550000e+00 -3.650000e+01
      vertex  1.432013e+00 -6.906841e+00 -3.650000e+01
      vertex  1.288778e+00 -6.638866e+00 -3.650000e+01
    endloop
  endfacet
  facet normal  0.000000e+00  0.000000e+00 -1.000000e+00
    outer loop
      vertex  7.500000e+00 -1.550000e+00 -3.650000e+01
      vertex  1.288778e+00 -6.638866e+00 -3.650000e+01
      vertex  1.096015e+00 -6.403985e+00 -3.650000e+01
    endloop
  endfacet
  facet normal  0.000000e+00  0.000000e+00 -1.000000e+00
    outer loop
      vertex  7.500000e+00 -1.550000e+00 -3.650000e+01
      vertex  1.096015e+00 -6.403985e+00 -3.650000e+01
      vertex  8.611339e-01 -6.211222e+00 -3.650000e+01
    endloop
  endfacet
  facet normal  0.000000e+00  0.000000e+00 -1.000000e+00
    outer loop
      vertex  7.500000e+00 -1.550000e+00 -3.650000e+01
      vertex  8.611339e-01 -6.211222e+00 -3.650000e+01
      vertex  5.931593e-01 -6.067986e+00 -3.650000e+01
    endloop
  endfacet
  facet normal  0.000000e+00  0.000000e+00 -9.999999e-01
    outer loop
      vertex  7.500000e+00 -1.550000e+00 -3.650000e+01
      vertex  5.931593e-01 -6.067986e+00 -3.650000e+01
      vertex  3.023900e-01 -5.979783e+00 -3.650000e+01
    endloop
  endfacet
  facet normal  0.000000e+00  -0.000000e+00 -1.000000e+00
    outer loop
      vertex  7.500000e+00  1.550000e+00 -3.650000e+01
      vertex  8.045102e+00  8.903726e+00 -3.650000e+01
      vertex  8.731831e+00  8.231350e+00 -3.650000e+01
    endloop
  endfacet
  facet normal  0.000000e+00  -0.000000e+00 -9.999999e-01
    outer loop
      vertex  7.500000e+00  1.550000e+00 -3.650000e+01
      vertex  8.731831e+00  8.231350e+00 -3.650000e+01
      vertex  9.362550e+00  7.506175e+00 -3.650000e+01
    endloop
  endfacet
  facet normal  0.000000e+00  -0.000000e+00 -1.000000e+00
    outer loop
      vertex  7.500000e+00  1.550000e+00 -3.650000e+01
      vertex  9.362550e+00  7.506175e+00 -3.650000e+01
      vertex  9.933212e+00  6.732852e+00 -3.650000e+01
    endloop
  endfacet
  facet normal  0.000000e+00  -0.000000e+00 -1.000000e+00
    outer loop
      vertex  7.500000e+00  1.550000e+00 -3.650000e+01
      vertex  9.933212e+00  6.732852e+00 -3.650000e+01
      vertex  1.044016e+01  5.916340e+00 -3.650000e+01
    endloop
  endfacet
  facet normal  0.000000e+00  -0.000000e+00 -1.000000e+00
    outer loop
      vertex  7.500000e+00  1.550000e+00 -3.650000e+01
      vertex  1.044016e+01  5.916340e+00 -3.650000e+01
      vertex  1.088014e+01  5.061879e+00 -3.650000e+01
    endloop
  endfacet
  facet normal  0.000000e+00  -0.000000e+00 -1.000000e+00
    outer loop
      vertex  7.500000e+00  1.550000e+00 -3.650000e+01
      vertex  1.088014e+01  5.061879e+00 -3.650000e+01
      vertex  1.125033e+01  4.174948e+00 -3.650000e+01
    endloop
  endfacet
  facet normal  0.000000e+00  -0.000000e+00 -1.000000e+00
    outer loop
      vertex  7.500000e+00  1.550000e+00 -3.650000e+01
      vertex  1.125033e+01  4.174948e+00 -3.650000e+01
      vertex  1.154835e+01  3.261237e+00 -3.650000e+01
    endloop
  endfacet
  facet normal  0.000000e+00  -0.000000e+00 -1.000000e+00
    outer loop
      vertex  7.500000e+00  1.550000e+00 -3.650000e+01
      vertex  1.154835e+01  3.261237e+00 -3.650000e+01
      vertex  1.177229e+01  2.326607e+00 -3.650000e+01
    endloop
  endfacet
  facet normal  0.000000e+00  -0.000000e+00 -1.000000e+00
    outer loop
      vertex  7.500000e+00  1.550000e+00 -3.650000e+01
      vertex  1.177229e+01  2.326607e+00 -3.650000e+01
      vertex  1.192073e+01  1.377053e+00 -3.650000e+01
    endloop
  endfacet
  facet normal  0.000000e+00  0.000000e+00 -1.000000e+00
    outer loop
      vertex  7.500000e+00  1.550000e+00 -3.650000e+01
      vertex  1.192073e+01  1.377053e+00 -3.650000e+01
      vertex  7.802390e+00  1.520217e+00 -3.650000e+01
    endloop
  endfacet
  facet normal  0.000000e+00  0.000000e+00 -1.000000e+00
    outer loop
      vertex  1.199269e+01  4.186660e-01 -3.650000e+01
      vertex  1.198773e+01 -5.424066e-01 -3.650000e+01
      vertex  9.050000e+00 -3.251804e-16 -3.650000e+01
    endloop
  endfacet
  facet normal  0.000000e+00  0.000000e+00 -1.000000e+00
    outer loop
      vertex  1.199269e+01  4.186660e-01 -3.650000e+01
      vertex  9.050000e+00 -3.251804e-16 -3.650000e+01
      vertex  9.020217e+00  3.023900e-01 -3.650000e+01
    endloop
  endfacet
  facet normal  0.000000e+00  0.000000e+00 -1.000000e+00
    outer loop
      vertex  1.199269e+01  4.186660e-01 -3.650000e+01
      vertex  9.020217e+00  3.023900e-01 -3.650000e+01
      vertex  8.932014e+00  5.931593e-01 -3.650000e+01
    endloop
  endfacet
  facet normal  0.000000e+00  0.000000e+00 -1.000000e+00
    outer loop
      vertex  1.199269e+01  4.186660e-01 -3.650000e+01
      vertex  8.932014e+00  5.931593e-01 -3.650000e+01
      vertex  8.788778e+00  8.611339e-01 -3.650000e+01
    endloop
  endfacet
  facet normal  0.000000e+00  0.000000e+00 -1.000000e+00
    outer loop
      vertex  1.199269e+01  4.186660e-01 -3.650000e+01
      vertex  8.788778e+00  8.611339e-01 -3.650000e+01
      vertex  8.596016e+00  1.096015e+00 -3.650000e+01
    endloop
  endfacet
  facet normal  0.000000e+00  0.000000e+00 -1.000000e+00
    outer loop
      vertex  1.199269e+01  4.186660e-01 -3.650000e+01
      vertex  8.596016e+00  1.096015e+00 -3.650000e+01
      vertex  8.361134e+00  1.288778e+00 -3.650000e+01
    endloop
  endfacet
  facet normal  0.000000e+00  0.000000e+00 -1.000000e+00
    outer loop
      vertex  1.199269e+01  4.186660e-01 -3.650000e+01
      vertex  8.361134e+00  1.288778e+00 -3.650000e+01
      vertex  8.093160e+00  1.432013e+00 -3.650000e+01
    endloop
  endfacet
  facet normal  0.000000e+00  0.000000e+00 -1.000000e+00
    outer loop
      vertex  1.199269e+01  4.186660e-01 -3.650000e+01
      vertex  8.093160e+00  1.432013e+00 -3.650000e+01
      vertex  1.192073e+01  1.377053e+00 -3.650000e+01
    endloop
  endfacet
  facet normal  0.000000e+00  0.000000e+00 -1.000000e+00
    outer loop
      vertex  1.190588e+01 -1.500000e+00 -3.650000e+01
      vertex  7.802390e+00 -1.520217e+00 -3.650000e+01
      vertex  8.093160e+00 -1.432013e+00 -3.650000e+01
    endloop
  endfacet
  facet normal  0.000000e+00  0.000000e+00 -1.000000e+00
    outer loop
      vertex  1.190588e+01 -1.500000e+00 -3.650000e+01
      vertex  8.093160e+00 -1.432013e+00 -3.650000e+01
      vertex  8.361134e+00 -1.288778e+00 -3.650000e+01
    endloop
  endfacet
  facet normal  0.000000e+00  0.000000e+00 -1.000000e+00
    outer loop
      vertex  1.190588e+01 -1.500000e+00 -3.650000e+01
      vertex  8.361134e+00 -1.288778e+00 -3.650000e+01
      vertex  8.596016e+00 -1.096015e+00 -3.650000e+01
    endloop
  endfacet
  facet normal  0.000000e+00  0.000000e+00 -1.000000e+00
    outer loop
      vertex  1.190588e+01 -1.500000e+00 -3.650000e+01
      vertex  8.596016e+00 -1.096015e+00 -3.650000e+01
      vertex  8.788778e+00 -8.611339e-01 -3.650000e+01
    endloop
  endfacet
  facet normal  0.000000e+00  0.000000e+00 -9.999999e-01
    outer loop
      vertex  1.190588e+01 -1.500000e+00 -3.650000e+01
      vertex  8.788778e+00 -8.611339e-01 -3.650000e+01
      vertex  8.932014e+00 -5.931593e-01 -3.650000e+01
    endloop
  endfacet
  facet normal  0.000000e+00  0.000000e+00 -1.000000e+00
    outer loop
      vertex  1.190588e+01 -1.500000e+00 -3.650000e+01
      vertex  8.932014e+00 -5.931593e-01 -3.650000e+01
      vertex  1.198773e+01 -5.424066e-01 -3.650000e+01
    endloop
  endfacet
  facet normal  9.951847e-01 -9.801700e-02  0.000000e+00
    outer loop
      vertex  5.950000e+00  0.000000e+00 -2.650000e+01
      vertex  5.979783e+00  3.023900e-01 -3.650000e+01
      vertex  5.979783e+00  3.023900e-01 -2.650000e+01
    endloop
  endfacet
  facet normal  9.569403e-01 -2.902847e-01  0.000000e+00
    outer loop
      vertex  5.979783e+00  3.023900e-01 -2.650000e+01
      vertex  5.979783e+00  3.023900e-01 -3.650000e+01
      vertex  6.067986e+00  5.931593e-01 -3.650000e+01
    endloop
  endfacet
  facet normal  9.569403e-01 -2.902847e-01  0.000000e+00
    outer loop
      vertex  5.979783e+00  3.023900e-01 -2.650000e+01
      vertex  6.067986e+00  5.931593e-01 -3.650000e+01
      vertex  6.067986e+00  5.931593e-01 -2.650000e+01
    endloop
  endfacet
  facet normal  8.819209e-01 -4.713975e-01  0.000000e+00
    outer loop
      vertex  6.067986e+00  5.931593e-01 -2.650000e+01
      vertex  6.067986e+00  5.931593e-01 -3.650000e+01
      vertex  6.211222e+00  8.611339e-01 -3.650000e+01
    endloop
  endfacet
  facet normal  8.819209e-01 -4.713975e-01  0.000000e+00
    outer loop
      vertex  6.067986e+00  5.931593e-01 -2.650000e+01
      vertex  6.211222e+00  8.611339e-01 -3.650000e+01
      vertex  6.211222e+00  8.611339e-01 -2.650000e+01
    endloop
  endfacet
  facet normal  7.730104e-01 -6.343933e-01  0.000000e+00
    outer loop
      vertex  6.211222e+00  8.611339e-01 -2.650000e+01
      vertex  6.211222e+00  8.611339e-01 -3.650000e+01
      vertex  6.403985e+00  1.096015e+00 -3.650000e+01
    endloop
  endfacet
  facet normal  7.730104e-01 -6.343933e-01  0.000000e+00
    outer loop
      vertex  6.211222e+00  8.611339e-01 -2.650000e+01
      vertex  6.403985e+00  1.096015e+00 -3.650000e+01
      vertex  6.403985e+00  1.096015e+00 -2.650000e+01
    endloop
  endfacet
  facet normal  6.343939e-01 -7.730100e-01  0.000000e+00
    outer loop
      vertex  6.403985e+00  1.096015e+00 -2.650000e+01
      vertex  6.403985e+00  1.096015e+00 -3.650000e+01
      vertex  6.638866e+00  1.288778e+00 -3.650000e+01
    endloop
  endfacet
  facet normal  6.343939e-01 -7.730100e-01  0.000000e+00
    outer loop
      vertex  6.403985e+00  1.096015e+00 -2.650000e+01
      vertex  6.638866e+00  1.288778e+00 -3.650000e+01
      vertex  6.638866e+00  1.288778e+00 -2.650000e+01
    endloop
  endfacet
  facet normal  4.713962e-01 -8.819216e-01  0.000000e+00
    outer loop
      vertex  6.638866e+00  1.288778e+00 -2.650000e+01
      vertex  6.638866e+00  1.288778e+00 -3.650000e+01
      vertex  6.906841e+00  1.432013e+00 -3.650000e+01
    endloop
  endfacet
  facet normal  4.713962e-01 -8.819216e-01  0.000000e+00
    outer loop
      vertex  6.638866e+00  1.288778e+00 -2.650000e+01
      vertex  6.906841e+00  1.432013e+00 -3.650000e+01
      vertex  6.906841e+00  1.432013e+00 -2.650000e+01
    endloop
  endfacet
  facet normal  2.902848e-01 -9.569402e-01  0.000000e+00
    outer loop
      vertex  6.906841e+00  1.432013e+00 -2.650000e+01
      vertex  6.906841e+00  1.432013e+00 -3.650000e+01
      vertex  7.197610e+00  1.520217e+00 -3.650000e+01
    endloop
  endfacet
  facet normal  2.902848e-01 -9.569402e-01  0.000000e+00
    outer loop
      vertex  6.906841e+00  1.432013e+00 -2.650000e+01
      vertex  7.197610e+00  1.520217e+00 -3.650000e+01
      vertex  7.197610e+00  1.520217e+00 -2.650000e+01
    endloop
  endfacet
  facet normal  9.801697e-02 -9.951848e-01  0.000000e+00
    outer loop
      vertex  7.197610e+00  1.520217e+00 -2.650000e+01
      vertex  7.197610e+00  1.520217e+00 -3.650000e+01
      vertex  7.500000e+00  1.550000e+00 -3.650000e+01
    endloop
  endfacet
  facet normal  9.801697e-02 -9.951848e-01  0.000000e+00
    outer loop
      vertex  7.197610e+00  1.520217e+00 -2.650000e+01
      vertex  7.500000e+00  1.550000e+00 -3.650000e+01
      vertex  7.500000e+00  1.550000e+00 -2.650000e+01
    endloop
  endfacet
  facet normal  9.951847e-01 -9.801700e-02  7.378286e-18
    outer loop
      vertex  5.979783e+00  3.023900e-01 -3.650000e+01
      vertex  5.950000e+00  0.000000e+00 -2.650000e+01
      vertex  5.950000e+00 -7.527557e-16 -3.650000e+01
    endloop
  endfacet
  facet normal  9.951847e-01  9.801700e-02 -7.378286e-18
    outer loop
      vertex  5.950000e+00 -7.527557e-16 -3.650000e+01
      vertex  5.950000e+00  0.000000e+00 -2.650000e+01
      vertex  5.979783e+00 -3.023900e-01 -2.650000e+01
    endloop
  endfacet
  facet normal  9.951847e-01  9.801700e-02  0.000000e+00
    outer loop
      vertex  5.950000e+00 -7.527557e-16 -3.650000e+01
      vertex  5.979783e+00 -3.023900e-01 -2.650000e+01
      vertex  5.979783e+00 -3.023900e-01 -3.650000e+01
    endloop
  endfacet
  facet normal  9.569403e-01  2.902847e-01  -0.000000e+00
    outer loop
      vertex  5.979783e+00 -3.023900e-01 -3.650000e+01
      vertex  5.979783e+00 -3.023900e-01 -2.650000e+01
      vertex  6.067986e+00 -5.931593e-01 -2.650000e+01
    endloop
  endfacet
  facet normal  9.569403e-01  2.902847e-01  0.000000e+00
    outer loop
      vertex  5.979783e+00 -3.023900e-01 -3.650000e+01
      vertex  6.067986e+00 -5.931593e-01 -2.650000e+01
      vertex  6.067986e+00 -5.931593e-01 -3.650000e+01
    endloop
  endfacet
  facet normal  8.819209e-01  4.713975e-01  -0.000000e+00
    outer loop
      vertex  6.067986e+00 -5.931593e-01 -3.650000e+01
      vertex  6.067986e+00 -5.931593e-01 -2.650000e+01
      vertex  6.211222e+00 -8.611339e-01 -2.650000e+01
    endloop
  endfacet
  facet normal  8.819209e-01  4.713975e-01  0.000000e+00
    outer loop
      vertex  6.067986e+00 -5.931593e-01 -3.650000e+01
      vertex  6.211222e+00 -8.611339e-01 -2.650000e+01
      vertex  6.211222e+00 -8.611339e-01 -3.650000e+01
    endloop
  endfacet
  facet normal  7.730104e-01  6.343933e-01  -0.000000e+00
    outer loop
      vertex  6.211222e+00 -8.611339e-01 -3.650000e+01
      vertex  6.211222e+00 -8.611339e-01 -2.650000e+01
      vertex  6.403985e+00 -1.096015e+00 -2.650000e+01
    endloop
  endfacet
  facet normal  7.730104e-01  6.343933e-01  0.000000e+00
    outer loop
      vertex  6.211222e+00 -8.611339e-01 -3.650000e+01
      vertex  6.403985e+00 -1.096015e+00 -2.650000e+01
      vertex  6.403985e+00 -1.096015e+00 -3.650000e+01
    endloop
  endfacet
  facet normal  6.343939e-01  7.730100e-01  -0.000000e+00
    outer loop
      vertex  6.403985e+00 -1.096015e+00 -3.650000e+01
      vertex  6.403985e+00 -1.096015e+00 -2.650000e+01
      vertex  6.638866e+00 -1.288778e+00 -2.650000e+01
    endloop
  endfacet
  facet normal  6.343939e-01  7.730100e-01  0.000000e+00
    outer loop
      vertex  6.403985e+00 -1.096015e+00 -3.650000e+01
      vertex  6.638866e+00 -1.288778e+00 -2.650000e+01
      vertex  6.638866e+00 -1.288778e+00 -3.650000e+01
    endloop
  endfacet
  facet normal  4.713962e-01  8.819216e-01  -0.000000e+00
    outer loop
      vertex  6.638866e+00 -1.288778e+00 -3.650000e+01
      vertex  6.638866e+00 -1.288778e+00 -2.650000e+01
      vertex  6.906841e+00 -1.432013e+00 -2.650000e+01
    endloop
  endfacet
  facet normal  4.713962e-01  8.819216e-01  0.000000e+00
    outer loop
      vertex  6.638866e+00 -1.288778e+00 -3.650000e+01
      vertex  6.906841e+00 -1.432013e+00 -2.650000e+01
      vertex  6.906841e+00 -1.432013e+00 -3.650000e+01
    endloop
  endfacet
  facet normal  2.902848e-01  9.569402e-01  -0.000000e+00
    outer loop
      vertex  6.906841e+00 -1.432013e+00 -3.650000e+01
      vertex  6.906841e+00 -1.432013e+00 -2.650000e+01
      vertex  7.197610e+00 -1.520217e+00 -2.650000e+01
    endloop
  endfacet
  facet normal  2.902848e-01  9.569402e-01  0.000000e+00
    outer loop
      vertex  6.906841e+00 -1.432013e+00 -3.650000e+01
      vertex  7.197610e+00 -1.520217e+00 -2.650000e+01
      vertex  7.197610e+00 -1.520217e+00 -3.650000e+01
    endloop
  endfacet
  facet normal  9.801697e-02  9.951848e-01  -0.000000e+00
    outer loop
      vertex  7.197610e+00 -1.520217e+00 -3.650000e+01
      vertex  7.197610e+00 -1.520217e+00 -2.650000e+01
      vertex  7.500000e+00 -1.550000e+00 -2.650000e+01
    endloop
  endfacet
  facet normal  9.801697e-02  9.951848e-01  0.000000e+00
    outer loop
      vertex  7.197610e+00 -1.520217e+00 -3.650000e+01
      vertex  7.500000e+00 -1.550000e+00 -2.650000e+01
      vertex  7.500000e+00 -1.550000e+00 -3.650000e+01
    endloop
  endfacet
  facet normal -9.951845e-01  9.801855e-02  0.000000e+00
    outer loop
      vertex  9.050000e+00  0.000000e+00 -2.650000e+01
      vertex  9.020217e+00 -3.023900e-01 -3.650000e+01
      vertex  9.020217e+00 -3.023900e-01 -2.650000e+01
    endloop
  endfacet
  facet normal -9.569408e-01  2.902832e-01  0.000000e+00
    outer loop
      vertex  9.020217e+00 -3.023900e-01 -2.650000e+01
      vertex  9.020217e+00 -3.023900e-01 -3.650000e+01
      vertex  8.932014e+00 -5.931593e-01 -3.650000e+01
    endloop
  endfacet
  facet normal -9.569408e-01  2.902832e-01  0.000000e+00
    outer loop
      vertex  9.020217e+00 -3.023900e-01 -2.650000e+01
      vertex  8.932014e+00 -5.931593e-01 -3.650000e+01
      vertex  8.932014e+00 -5.931593e-01 -2.650000e+01
    endloop
  endfacet
  facet normal -8.819215e-01  4.713963e-01  0.000000e+00
    outer loop
      vertex  8.932014e+00 -5.931593e-01 -2.650000e+01
      vertex  8.932014e+00 -5.931593e-01 -3.650000e+01
      vertex  8.788778e+00 -8.611339e-01 -3.650000e+01
    endloop
  endfacet
  facet normal -8.819215e-01  4.713963e-01  0.000000e+00
    outer loop
      vertex  8.932014e+00 -5.931593e-01 -2.650000e+01
      vertex  8.788778e+00 -8.611339e-01 -3.650000e+01
      vertex  8.788778e+00 -8.611339e-01 -2.650000e+01
    endloop
  endfacet
  facet normal -7.730104e-01  6.343933e-01  0.000000e+00
    outer loop
      vertex  8.788778e+00 -8.611339e-01 -2.650000e+01
      vertex  8.788778e+00 -8.611339e-01 -3.650000e+01
      vertex  8.596016e+00 -1.096015e+00 -3.650000e+01
    endloop
  endfacet
  facet normal -7.730104e-01  6.343933e-01  0.000000e+00
    outer loop
      vertex  8.788778e+00 -8.611339e-01 -2.650000e+01
      vertex  8.596016e+00 -1.096015e+00 -3.650000e+01
      vertex  8.596016e+00 -1.096015e+00 -2.650000e+01
    endloop
  endfacet
  facet normal -6.343924e-01  7.730112e-01  0.000000e+00
    outer loop
      vertex  8.596016e+00 -1.096015e+00 -2.650000e+01
      vertex  8.596016e+00 -1.096015e+00 -3.650000e+01
      vertex  8.361134e+00 -1.288778e+00 -3.650000e+01
    endloop
  endfacet
  facet normal -6.343924e-01  7.730112e-01  0.000000e+00
    outer loop
      vertex  8.596016e+00 -1.096015e+00 -2.650000e+01
      vertex  8.361134e+00 -1.288778e+00 -3.650000e+01
      vertex  8.361134e+00 -1.288778e+00 -2.650000e+01
    endloop
  endfacet
  facet normal -4.713975e-01  8.819208e-01  0.000000e+00
    outer loop
      vertex  8.361134e+00 -1.288778e+00 -2.650000e+01
      vertex  8.361134e+00 -1.288778e+00 -3.650000e+01
      vertex  8.093160e+00 -1.432013e+00 -3.650000e+01
    endloop
  endfacet
  facet normal -4.713975e-01  8.819208e-01  0.000000e+00
    outer loop
      vertex  8.361134e+00 -1.288778e+00 -2.650000e+01
      vertex  8.093160e+00 -1.432013e+00 -3.650000e+01
      vertex  8.093160e+00 -1.432013e+00 -2.650000e+01
    endloop
  endfacet
  facet normal -2.902844e-01  9.569404e-01  0.000000e+00
    outer loop
      vertex  8.093160e+00 -1.432013e+00 -2.650000e+01
      vertex  8.093160e+00 -1.432013e+00 -3.650000e+01
      vertex  7.802390e+00 -1.520217e+00 -3.650000e+01
    endloop
  endfacet
  facet normal -2.902844e-01  9.569404e-01  0.000000e+00
    outer loop
      vertex  8.093160e+00 -1.432013e+00 -2.650000e+01
      vertex  7.802390e+00 -1.520217e+00 -3.650000e+01
      vertex  7.802390e+00 -1.520217e+00 -2.650000e+01
    endloop
  endfacet
  facet normal -9.801697e-02  9.951848e-01  0.000000e+00
    outer loop
      vertex  7.802390e+00 -1.520217e+00 -2.650000e+01
      vertex  7.802390e+00 -1.520217e+00 -3.650000e+01
      vertex  7.500000e+00 -1.550000e+00 -3.650000e+01
    endloop
  endfacet
  facet normal -9.801697e-02  9.951848e-01  0.000000e+00
    outer loop
      vertex  7.802390e+00 -1.520217e+00 -2.650000e+01
      vertex  7.500000e+00 -1.550000e+00 -3.650000e+01
      vertex  7.500000e+00 -1.550000e+00 -2.650000e+01
    endloop
  endfacet
  facet normal -9.951845e-01  9.801855e-02 -3.187372e-18
    outer loop
      vertex  9.020217e+00 -3.023900e-01 -3.650000e+01
      vertex  9.050000e+00  0.000000e+00 -2.650000e+01
      vertex  9.050000e+00 -3.251804e-16 -3.650000e+01
    endloop
  endfacet
  facet normal -9.951845e-01 -9.801855e-02  3.187372e-18
    outer loop
      vertex  9.050000e+00 -3.251804e-16 -3.650000e+01
      vertex  9.050000e+00  0.000000e+00 -2.650000e+01
      vertex  9.020217e+00  3.023900e-01 -2.650000e+01
    endloop
  endfacet
  facet normal -9.951845e-01 -9.801855e-02  -0.000000e+00
    outer loop
      vertex  9.050000e+00 -3.251804e-16 -3.650000e+01
      vertex  9.020217e+00  3.023900e-01 -2.650000e+01
      vertex  9.020217e+00  3.023900e-01 -3.650000e+01
    endloop
  endfacet
  facet normal -9.569408e-01 -2.902832e-01  0.000000e+00
    outer loop
      vertex  9.020217e+00  3.023900e-01 -3.650000e+01
      vertex  9.020217e+00  3.023900e-01 -2.650000e+01
      vertex  8.932014e+00  5.931593e-01 -2.650000e+01
    endloop
  endfacet
  facet normal -9.569408e-01 -2.902832e-01  -0.000000e+00
    outer loop
      vertex  9.020217e+00  3.023900e-01 -3.650000e+01
      vertex  8.932014e+00  5.931593e-01 -2.650000e+01
      vertex  8.932014e+00  5.931593e-01 -3.650000e+01
    endloop
  endfacet
  facet normal -8.819215e-01 -4.713963e-01  0.000000e+00
    outer loop
      vertex  8.932014e+00  5.931593e-01 -3.650000e+01
      vertex  8.932014e+00  5.931593e-01 -2.650000e+01
      vertex  8.788778e+00  8.611339e-01 -2.650000e+01
    endloop
  endfacet
  facet normal -8.819215e-01 -4.713963e-01  -0.000000e+00
    outer loop
      vertex  8.932014e+00  5.931593e-01 -3.650000e+01
      vertex  8.788778e+00  8.611339e-01 -2.650000e+01
      vertex  8.788778e+00  8.611339e-01 -3.650000e+01
    endloop
  endfacet
  facet normal -7.730104e-01 -6.343933e-01  0.000000e+00
    outer loop
      vertex  8.788778e+00  8.611339e-01 -3.650000e+01
      vertex  8.788778e+00  8.611339e-01 -2.650000e+01
      vertex  8.596016e+00  1.096015e+00 -2.650000e+01
    endloop
  endfacet
  facet normal -7.730104e-01 -6.343933e-01  -0.000000e+00
    outer loop
      vertex  8.788778e+00  8.611339e-01 -3.650000e+01
      vertex  8.596016e+00  1.096015e+00 -2.650000e+01
      vertex  8.596016e+00  1.096015e+00 -3.650000e+01
    endloop
  endfacet
  facet normal -6.343924e-01 -7.730112e-01  0.000000e+00
    outer loop
      vertex  8.596016e+00  1.096015e+00 -3.650000e+01
      vertex  8.596016e+00  1.096015e+00 -2.650000e+01
      vertex  8.361134e+00  1.288778e+00 -2.650000e+01
    endloop
  endfacet
  facet normal -6.343924e-01 -7.730112e-01  -0.000000e+00
    outer loop
      vertex  8.596016e+00  1.096015e+00 -3.650000e+01
      vertex  8.361134e+00  1.288778e+00 -2.650000e+01
      vertex  8.361134e+00  1.288778e+00 -3.650000e+01
    endloop
  endfacet
  facet normal -4.713975e-01 -8.819208e-01  0.000000e+00
    outer loop
      vertex  8.361134e+00  1.288778e+00 -3.650000e+01
      vertex  8.361134e+00  1.288778e+00 -2.650000e+01
      vertex  8.093160e+00  1.432013e+00 -2.650000e+01
    endloop
  endfacet
  facet normal -4.713975e-01 -8.819208e-01  -0.000000e+00
    outer loop
      vertex  8.361134e+00  1.288778e+00 -3.650000e+01
      vertex  8.093160e+00  1.432013e+00 -2.650000e+01
      vertex  8.093160e+00  1.432013e+00 -3.650000e+01
    endloop
  endfacet
  facet normal -2.902844e-01 -9.569404e-01  0.000000e+00
    outer loop
      vertex  8.093160e+00  1.432013e+00 -3.650000e+01
      vertex  8.093160e+00  1.432013e+00 -2.650000e+01
      vertex  7.802390e+00  1.520217e+00 -2.650000e+01
    endloop
  endfacet
  facet normal -2.902844e-01 -9.569404e-01  -0.000000e+00
    outer loop
      vertex  8.093160e+00  1.432013e+00 -3.650000e+01
      vertex  7.802390e+00  1.520217e+00 -2.650000e+01
      vertex  7.802390e+00  1.520217e+00 -3.650000e+01
    endloop
  endfacet
  facet normal -9.801697e-02 -9.951848e-01  0.000000e+00
    outer loop
      vertex  7.802390e+00  1.520217e+00 -3.650000e+01
      vertex  7.802390e+00  1.520217e+00 -2.650000e+01
      vertex  7.500000e+00  1.550000e+00 -2.650000e+01
    endloop
  endfacet
  facet normal -9.801697e-02 -9.951848e-01  -0.000000e+00
    outer loop
      vertex  7.802390e+00  1.520217e+00 -3.650000e+01
      vertex  7.500000e+00  1.550000e+00 -2.650000e+01
      vertex  7.500000e+00  1.550000e+00 -3.650000e+01
    endloop
  endfacet
  facet normal  9.951847e-01 -9.801700e-02  0.000000e+00
    outer loop
      vertex  5.950000e+00 -7.527557e-16  3.650000e+01
      vertex  5.979783e+00  3.023900e-01  2.650000e+01
      vertex  5.979783e+00  3.023900e-01  3.650000e+01
    endloop
  endfacet
  facet normal  9.569403e-01 -2.902847e-01  0.000000e+00
    outer loop
      vertex  5.979783e+00  3.023900e-01  3.650000e+01
      vertex  5.979783e+00  3.023900e-01  2.650000e+01
      vertex  6.067986e+00  5.931593e-01  2.650000e+01
    endloop
  endfacet
  facet normal  9.569403e-01 -2.902847e-01  0.000000e+00
    outer loop
      vertex  5.979783e+00  3.023900e-01  3.650000e+01
      vertex  6.067986e+00  5.931593e-01  2.650000e+01
      vertex  6.067986e+00  5.931593e-01  3.650000e+01
    endloop
  endfacet
  facet normal  8.819209e-01 -4.713975e-01  0.000000e+00
    outer loop
      vertex  6.067986e+00  5.931593e-01  3.650000e+01
      vertex  6.067986e+00  5.931593e-01  2.650000e+01
      vertex  6.211222e+00  8.611339e-01  2.650000e+01
    endloop
  endfacet
  facet normal  8.819209e-01 -4.713975e-01  0.000000e+00
    outer loop
      vertex  6.067986e+00  5.931593e-01  3.650000e+01
      vertex  6.211222e+00  8.611339e-01  2.650000e+01
      vertex  6.211222e+00  8.611339e-01  3.650000e+01
    endloop
  endfacet
  facet normal  7.730104e-01 -6.343933e-01  0.000000e+00
    outer loop
      vertex  6.211222e+00  8.611339e-01  3.650000e+01
      vertex  6.211222e+00  8.611339e-01  2.650000e+01
      vertex  6.403985e+00  1.096015e+00  2.650000e+01
    endloop
  endfacet
  facet normal  7.730104e-01 -6.343933e-01  0.000000e+00
    outer loop
      vertex  6.211222e+00  8.611339e-01  3.650000e+01
      vertex  6.403985e+00  1.096015e+00  2.650000e+01
      vertex  6.403985e+00  1.096015e+00  3.650000e+01
    endloop
  endfacet
  facet normal  6.343939e-01 -7.730100e-01  0.000000e+00
    outer loop
      vertex  6.403985e+00  1.096015e+00  3.650000e+01
      vertex  6.403985e+00  1.096015e+00  2.650000e+01
      vertex  6.638866e+00  1.288778e+00  2.650000e+01
    endloop
  endfacet
  facet normal  6.343939e-01 -7.730100e-01  0.000000e+00
    outer loop
      vertex  6.403985e+00  1.096015e+00  3.650000e+01
      vertex  6.638866e+00  1.288778e+00  2.650000e+01
      vertex  6.638866e+00  1.288778e+00  3.650000e+01
    endloop
  endfacet
  facet normal  4.713962e-01 -8.819216e-01  0.000000e+00
    outer loop
      vertex  6.638866e+00  1.288778e+00  3.650000e+01
      vertex  6.638866e+00  1.288778e+00  2.650000e+01
      vertex  6.906841e+00  1.432013e+00  2.650000e+01
    endloop
  endfacet
  facet normal  4.713962e-01 -8.819216e-01  0.000000e+00
    outer loop
      vertex  6.638866e+00  1.288778e+00  3.650000e+01
      vertex  6.906841e+00  1.432013e+00  2.650000e+01
      vertex  6.906841e+00  1.432013e+00  3.650000e+01
    endloop
  endfacet
  facet normal  2.902848e-01 -9.569402e-01  0.000000e+00
    outer loop
      vertex  6.906841e+00  1.432013e+00  3.650000e+01
      vertex  6.906841e+00  1.432013e+00  2.650000e+01
      vertex  7.197610e+00  1.520217e+00  2.650000e+01
    endloop
  endfacet
  facet normal  2.902848e-01 -9.569402e-01  0.000000e+00
    outer loop
      vertex  6.906841e+00  1.432013e+00  3.650000e+01
      vertex  7.197610e+00  1.520217e+00  2.650000e+01
      vertex  7.197610e+00  1.520217e+00  3.650000e+01
    endloop
  endfacet
  facet normal  9.801697e-02 -9.951848e-01  0.000000e+00
    outer loop
      vertex  7.197610e+00  1.520217e+00  3.650000e+01
      vertex  7.197610e+00  1.520217e+00  2.650000e+01
      vertex  7.500000e+00  1.550000e+00  2.650000e+01
    endloop
  endfacet
  facet normal  9.801697e-02 -9.951848e-01  0.000000e+00
    outer loop
      vertex  7.197610e+00  1.520217e+00  3.650000e+01
      vertex  7.500000e+00  1.550000e+00  2.650000e+01
      vertex  7.500000e+00  1.550000e+00  3.650000e+01
    endloop
  endfacet
  facet normal  9.951847e-01 -9.801700e-02  2.744435e-17
    outer loop
      vertex  5.979783e+00  3.023900e-01  2.650000e+01
      vertex  5.950000e+00 -7.527557e-16  3.650000e+01
      vertex  5.950000e+00 -3.552714e-15  2.650000e+01
    endloop
  endfacet
  facet normal  9.951847e-01  9.801700e-02 -2.744435e-17
    outer loop
      vertex  5.950000e+00 -3.552714e-15  2.650000e+01
      vertex  5.950000e+00 -7.527557e-16  3.650000e+01
      vertex  5.979783e+00 -3.023900e-01  3.650000e+01
    endloop
  endfacet
  facet normal  9.951847e-01  9.801700e-02  0.000000e+00
    outer loop
      vertex  5.950000e+00 -3.552714e-15  2.650000e+01
      vertex  5.979783e+00 -3.023900e-01  3.650000e+01
      vertex  5.979783e+00 -3.023900e-01  2.650000e+01
    endloop
  endfacet
  facet normal  9.569403e-01  2.902847e-01  -0.000000e+00
    outer loop
      vertex  5.979783e+00 -3.023900e-01  2.650000e+01
      vertex  5.979783e+00 -3.023900e-01  3.650000e+01
      vertex  6.067986e+00 -5.931593e-01  3.650000e+01
    endloop
  endfacet
  facet normal  9.569403e-01  2.902847e-01  0.000000e+00
    outer loop
      vertex  5.979783e+00 -3.023900e-01  2.650000e+01
      vertex  6.067986e+00 -5.931593e-01  3.650000e+01
      vertex  6.067986e+00 -5.931593e-01  2.650000e+01
    endloop
  endfacet
  facet normal  8.819209e-01  4.713975e-01  -0.000000e+00
    outer loop
      vertex  6.067986e+00 -5.931593e-01  2.650000e+01
      vertex  6.067986e+00 -5.931593e-01  3.650000e+01
      vertex  6.211222e+00 -8.611339e-01  3.650000e+01
    endloop
  endfacet
  facet normal  8.819209e-01  4.713975e-01  0.000000e+00
    outer loop
      vertex  6.067986e+00 -5.931593e-01  2.650000e+01
      vertex  6.211222e+00 -8.611339e-01  3.650000e+01
      vertex  6.211222e+00 -8.611339e-01  2.650000e+01
    endloop
  endfacet
  facet normal  7.730104e-01  6.343933e-01  -0.000000e+00
    outer loop
      vertex  6.211222e+00 -8.611339e-01  2.650000e+01
      vertex  6.211222e+00 -8.611339e-01  3.650000e+01
      vertex  6.403985e+00 -1.096015e+00  3.650000e+01
    endloop
  endfacet
  facet normal  7.730104e-01  6.343933e-01  0.000000e+00
    outer loop
      vertex  6.211222e+00 -8.611339e-01  2.650000e+01
      vertex  6.403985e+00 -1.096015e+00  3.650000e+01
      vertex  6.403985e+00 -1.096015e+00  2.650000e+01
    endloop
  endfacet
  facet normal  6.343939e-01  7.730100e-01  -0.000000e+00
    outer loop
      vertex  6.403985e+00 -1.096015e+00  2.650000e+01
      vertex  6.403985e+00 -1.096015e+00  3.650000e+01
      vertex  6.638866e+00 -1.288778e+00  3.650000e+01
    endloop
  endfacet
  facet normal  6.343939e-01  7.730100e-01  0.000000e+00
    outer loop
      vertex  6.403985e+00 -1.096015e+00  2.650000e+01
      vertex  6.638866e+00 -1.288778e+00  3.650000e+01
      vertex  6.638866e+00 -1.288778e+00  2.650000e+01
    endloop
  endfacet
  facet normal  4.713962e-01  8.819216e-01  -0.000000e+00
    outer loop
      vertex  6.638866e+00 -1.288778e+00  2.650000e+01
      vertex  6.638866e+00 -1.288778e+00  3.650000e+01
      vertex  6.906841e+00 -1.432013e+00  3.650000e+01
    endloop
  endfacet
  facet normal  4.713962e-01  8.819216e-01  0.000000e+00
    outer loop
      vertex  6.638866e+00 -1.288778e+00  2.650000e+01
      vertex  6.906841e+00 -1.432013e+00  3.650000e+01
      vertex  6.906841e+00 -1.432013e+00  2.650000e+01
    endloop
  endfacet
  facet normal  2.902848e-01  9.569402e-01  -0.000000e+00
    outer loop
      vertex  6.906841e+00 -1.432013e+00  2.650000e+01
      vertex  6.906841e+00 -1.432013e+00  3.650000e+01
      vertex  7.197610e+00 -1.520217e+00  3.650000e+01
    endloop
  endfacet
  facet normal  2.902848e-01  9.569402e-01  0.000000e+00
    outer loop
      vertex  6.906841e+00 -1.432013e+00  2.650000e+01
      vertex  7.197610e+00 -1.520217e+00  3.650000e+01
      vertex  7.197610e+00 -1.520217e+00  2.650000e+01
    endloop
  endfacet
  facet normal  9.801697e-02  9.951848e-01  -0.000000e+00
    outer loop
      vertex  7.197610e+00 -1.520217e+00  2.650000e+01
      vertex  7.197610e+00 -1.520217e+00  3.650000e+01
      vertex  7.500000e+00 -1.550000e+00  3.650000e+01
    endloop
  endfacet
  facet normal  9.801697e-02  9.951848e-01  0.000000e+00
    outer loop
      vertex  7.197610e+00 -1.520217e+00  2.650000e+01
      vertex  7.500000e+00 -1.550000e+00  3.650000e+01
      vertex  7.500000e+00 -1.550000e+00  2.650000e+01
    endloop
  endfacet
  facet normal -9.951845e-01  9.801855e-02  0.000000e+00
    outer loop
      vertex  9.050000e+00 -3.251804e-16  3.650000e+01
      vertex  9.020217e+00 -3.023900e-01  2.650000e+01
      vertex  9.020217e+00 -3.023900e-01  3.650000e+01
    endloop
  endfacet
  facet normal -9.569408e-01  2.902832e-01  0.000000e+00
    outer loop
      vertex  9.020217e+00 -3.023900e-01  3.650000e+01
      vertex  9.020217e+00 -3.023900e-01  2.650000e+01
      vertex  8.932014e+00 -5.931593e-01  2.650000e+01
    endloop
  endfacet
  facet normal -9.569408e-01  2.902832e-01  0.000000e+00
    outer loop
      vertex  9.020217e+00 -3.023900e-01  3.650000e+01
      vertex  8.932014e+00 -5.931593e-01  2.650000e+01
      vertex  8.932014e+00 -5.931593e-01  3.650000e+01
    endloop
  endfacet
  facet normal -8.819215e-01  4.713963e-01  0.000000e+00
    outer loop
      vertex  8.932014e+00 -5.931593e-01  3.650000e+01
      vertex  8.932014e+00 -5.931593e-01  2.650000e+01
      vertex  8.788778e+00 -8.611339e-01  2.650000e+01
    endloop
  endfacet
  facet normal -8.819215e-01  4.713963e-01  0.000000e+00
    outer loop
      vertex  8.932014e+00 -5.931593e-01  3.650000e+01
      vertex  8.788778e+00 -8.611339e-01  2.650000e+01
      vertex  8.788778e+00 -8.611339e-01  3.650000e+01
    endloop
  endfacet
  facet normal -7.730104e-01  6.343933e-01  0.000000e+00
    outer loop
      vertex  8.788778e+00 -8.611339e-01  3.650000e+01
      vertex  8.788778e+00 -8.611339e-01  2.650000e+01
      vertex  8.596016e+00 -1.096015e+00  2.650000e+01
    endloop
  endfacet
  facet normal -7.730104e-01  6.343933e-01  0.000000e+00
    outer loop
      vertex  8.788778e+00 -8.611339e-01  3.650000e+01
      vertex  8.596016e+00 -1.096015e+00  2.650000e+01
      vertex  8.596016e+00 -1.096015e+00  3.650000e+01
    endloop
  endfacet
  facet normal -6.343924e-01  7.730112e-01  0.000000e+00
    outer loop
      vertex  8.596016e+00 -1.096015e+00  3.650000e+01
      vertex  8.596016e+00 -1.096015e+00  2.650000e+01
      vertex  8.361134e+00 -1.288778e+00  2.650000e+01
    endloop
  endfacet
  facet normal -6.343924e-01  7.730112e-01  0.000000e+00
    outer loop
      vertex  8.596016e+00 -1.096015e+00  3.650000e+01
      vertex  8.361134e+00 -1.288778e+00  2.650000e+01
      vertex  8.361134e+00 -1.288778e+00  3.650000e+01
    endloop
  endfacet
  facet normal -4.713975e-01  8.819208e-01  0.000000e+00
    outer loop
      vertex  8.361134e+00 -1.288778e+00  3.650000e+01
      vertex  8.361134e+00 -1.288778e+00  2.650000e+01
      vertex  8.093160e+00 -1.432013e+00  2.650000e+01
    endloop
  endfacet
  facet normal -4.713975e-01  8.819208e-01  0.000000e+00
    outer loop
      vertex  8.361134e+00 -1.288778e+00  3.650000e+01
      vertex  8.093160e+00 -1.432013e+00  2.650000e+01
      vertex  8.093160e+00 -1.432013e+00  3.650000e+01
    endloop
  endfacet
  facet normal -2.902844e-01  9.569404e-01  0.000000e+00
    outer loop
      vertex  8.093160e+00 -1.432013e+00  3.650000e+01
      vertex  8.093160e+00 -1.432013e+00  2.650000e+01
      vertex  7.802390e+00 -1.520217e+00  2.650000e+01
    endloop
  endfacet
  facet normal -2.902844e-01  9.569404e-01  0.000000e+00
    outer loop
      vertex  8.093160e+00 -1.432013e+00  3.650000e+01
      vertex  7.802390e+00 -1.520217e+00  2.650000e+01
      vertex  7.802390e+00 -1.520217e+00  3.650000e+01
    endloop
  endfacet
  facet normal -9.801697e-02  9.951848e-01  0.000000e+00
    outer loop
      vertex  7.802390e+00 -1.520217e+00  3.650000e+01
      vertex  7.802390e+00 -1.520217e+00  2.650000e+01
      vertex  7.500000e+00 -1.550000e+00  2.650000e+01
    endloop
  endfacet
  facet normal -9.801697e-02  9.951848e-01  0.000000e+00
    outer loop
      vertex  7.802390e+00 -1.520217e+00  3.650000e+01
      vertex  7.500000e+00 -1.550000e+00  2.650000e+01
      vertex  7.500000e+00 -1.550000e+00  3.650000e+01
    endloop
  endfacet
  facet normal -9.951845e-01  9.801855e-02 -3.163581e-17
    outer loop
      vertex  9.020217e+00 -3.023900e-01  2.650000e+01
      vertex  9.050000e+00 -3.251804e-16  3.650000e+01
      vertex  9.050000e+00 -3.552714e-15  2.650000e+01
    endloop
  endfacet
  facet normal -9.951845e-01 -9.801855e-02  3.163581e-17
    outer loop
      vertex  9.050000e+00 -3.552714e-15  2.650000e+01
      vertex  9.050000e+00 -3.251804e-16  3.650000e+01
      vertex  9.020217e+00  3.023900e-01  3.650000e+01
    endloop
  endfacet
  facet normal -9.951845e-01 -9.801855e-02  -0.000000e+00
    outer loop
      vertex  9.050000e+00 -3.552714e-15  2.650000e+01
      vertex  9.020217e+00  3.023900e-01  3.650000e+01
      vertex  9.020217e+00  3.023900e-01  2.650000e+01
    endloop
  endfacet
  facet normal -9.569408e-01 -2.902832e-01  0.000000e+00
    outer loop
      vertex  9.020217e+00  3.023900e-01  2.650000e+01
      vertex  9.020217e+00  3.023900e-01  3.650000e+01
      vertex  8.932014e+00  5.931593e-01  3.650000e+01
    endloop
  endfacet
  facet normal -9.569408e-01 -2.902832e-01  -0.000000e+00
    outer loop
      vertex  9.020217e+00  3.023900e-01  2.650000e+01
      vertex  8.932014e+00  5.931593e-01  3.650000e+01
      vertex  8.932014e+00  5.931593e-01  2.650000e+01
    endloop
  endfacet
  facet normal -8.819215e-01 -4.713963e-01  0.000000e+00
    outer loop
      vertex  8.932014e+00  5.931593e-01  2.650000e+01
      vertex  8.932014e+00  5.931593e-01  3.650000e+01
      vertex  8.788778e+00  8.611339e-01  3.650000e+01
    endloop
  endfacet
  facet normal -8.819215e-01 -4.713963e-01  -0.000000e+00
    outer loop
      vertex  8.932014e+00  5.931593e-01  2.650000e+01
      vertex  8.788778e+00  8.611339e-01  3.650000e+01
      vertex  8.788778e+00  8.611339e-01  2.650000e+01
    endloop
  endfacet
  facet normal -7.730104e-01 -6.343933e-01  0.000000e+00
    outer loop
      vertex  8.788778e+00  8.611339e-01  2.650000e+01
      vertex  8.788778e+00  8.611339e-01  3.650000e+01
      vertex  8.596016e+00  1.096015e+00  3.650000e+01
    endloop
  endfacet
  facet normal -7.730104e-01 -6.343933e-01  -0.000000e+00
    outer loop
      vertex  8.788778e+00  8.611339e-01  2.650000e+01
      vertex  8.596016e+00  1.096015e+00  3.650000e+01
      vertex  8.596016e+00  1.096015e+00  2.650000e+01
    endloop
  endfacet
  facet normal -6.343924e-01 -7.730112e-01  0.000000e+00
    outer loop
      vertex  8.596016e+00  1.096015e+00  2.650000e+01
      vertex  8.596016e+00  1.096015e+00  3.650000e+01
      vertex  8.361134e+00  1.288778e+00  3.650000e+01
    endloop
  endfacet
  facet normal -6.343924e-01 -7.730112e-01  -0.000000e+00
    outer loop
      vertex  8.596016e+00  1.096015e+00  2.650000e+01
      vertex  8.361134e+00  1.288778e+00  3.650000e+01
      vertex  8.361134e+00  1.288778e+00  2.650000e+01
    endloop
  endfacet
  facet normal -4.713975e-01 -8.819208e-01  0.000000e+00
    outer loop
      vertex  8.361134e+00  1.288778e+00  2.650000e+01
      vertex  8.361134e+00  1.288778e+00  3.650000e+01
      vertex  8.093160e+00  1.432013e+00  3.650000e+01
    endloop
  endfacet
  facet normal -4.713975e-01 -8.819208e-01  -0.000000e+00
    outer loop
      vertex  8.361134e+00  1.288778e+00  2.650000e+01
      vertex  8.093160e+00  1.432013e+00  3.650000e+01
      vertex  8.093160e+00  1.432013e+00  2.650000e+01
    endloop
  endfacet
  facet normal -2.902844e-01 -9.569404e-01  0.000000e+00
    outer loop
      vertex  8.093160e+00  1.432013e+00  2.650000e+01
      vertex  8.093160e+00  1.432013e+00  3.650000e+01
      vertex  7.802390e+00  1.520217e+00  3.650000e+01
    endloop
  endfacet
  facet normal -2.902844e-01 -9.569404e-01  -0.000000e+00
    outer loop
      vertex  8.093160e+00  1.432013e+00  2.650000e+01
      vertex  7.802390e+00  1.520217e+00  3.650000e+01
      vertex  7.802390e+00  1.520217e+00  2.650000e+01
    endloop
  endfacet
  facet normal -9.801697e-02 -9.951848e-01  0.000000e+00
    outer loop
      vertex  7.802390e+00  1.520217e+00  2.650000e+01
      vertex  7.802390e+00  1.520217e+00  3.650000e+01
      vertex  7.500000e+00  1.550000e+00  3.650000e+01
    endloop
  endfacet
  facet normal -9.801697e-02 -9.951848e-01  -0.000000e+00
    outer loop
      vertex  7.802390e+00  1.520217e+00  2.650000e+01
      vertex  7.500000e+00  1.550000e+00  3.650000e+01
      vertex  7.500000e+00  1.550000e+00  2.650000e+01
    endloop
  endfacet
  facet normal -9.801700e-02 -9.951847e-01  0.000000e+00
    outer loop
      vertex -3.644559e-16 -5.950000e+00 -2.650000e+01
      vertex  3.023900e-01 -5.979783e+00 -3.650000e+01
      vertex  3.023900e-01 -5.979783e+00 -2.650000e+01
    endloop
  endfacet
  facet normal -2.902847e-01 -9.569403e-01  -0.000000e+00
    outer loop
      vertex  3.023900e-01 -5.979783e+00 -2.650000e+01
      vertex  3.023900e-01 -5.979783e+00 -3.650000e+01
      vertex  5.931593e-01 -6.067986e+00 -3.650000e+01
    endloop
  endfacet
  facet normal -2.902847e-01 -9.569403e-01  0.000000e+00
    outer loop
      vertex  3.023900e-01 -5.979783e+00 -2.650000e+01
      vertex  5.931593e-01 -6.067986e+00 -3.650000e+01
      vertex  5.931593e-01 -6.067986e+00 -2.650000e+01
    endloop
  endfacet
  facet normal -4.713975e-01 -8.819209e-01  -0.000000e+00
    outer loop
      vertex  5.931593e-01 -6.067986e+00 -2.650000e+01
      vertex  5.931593e-01 -6.067986e+00 -3.650000e+01
      vertex  8.611339e-01 -6.211222e+00 -3.650000e+01
    endloop
  endfacet
  facet normal -4.713975e-01 -8.819209e-01  0.000000e+00
    outer loop
      vertex  5.931593e-01 -6.067986e+00 -2.650000e+01
      vertex  8.611339e-01 -6.211222e+00 -3.650000e+01
      vertex  8.611339e-01 -6.211222e+00 -2.650000e+01
    endloop
  endfacet
  facet normal -6.343933e-01 -7.730104e-01  -0.000000e+00
    outer loop
      vertex  8.611339e-01 -6.211222e+00 -2.650000e+01
      vertex  8.611339e-01 -6.211222e+00 -3.650000e+01
      vertex  1.096015e+00 -6.403985e+00 -3.650000e+01
    endloop
  endfacet
  facet normal -6.343933e-01 -7.730104e-01  0.000000e+00
    outer loop
      vertex  8.611339e-01 -6.211222e+00 -2.650000e+01
      vertex  1.096015e+00 -6.403985e+00 -3.650000e+01
      vertex  1.096015e+00 -6.403985e+00 -2.650000e+01
    endloop
  endfacet
  facet normal -7.730100e-01 -6.343939e-01  -0.000000e+00
    outer loop
      vertex  1.096015e+00 -6.403985e+00 -2.650000e+01
      vertex  1.096015e+00 -6.403985e+00 -3.650000e+01
      vertex  1.288778e+00 -6.638866e+00 -3.650000e+01
    endloop
  endfacet
  facet normal -7.730100e-01 -6.343939e-01  0.000000e+00
    outer loop
      vertex  1.096015e+00 -6.403985e+00 -2.650000e+01
      vertex  1.288778e+00 -6.638866e+00 -3.650000e+01
      vertex  1.288778e+00 -6.638866e+00 -2.650000e+01
    endloop
  endfacet
  facet normal -8.819216e-01 -4.713962e-01  -0.000000e+00
    outer loop
      vertex  1.288778e+00 -6.638866e+00 -2.650000e+01
      vertex  1.288778e+00 -6.638866e+00 -3.650000e+01
      vertex  1.432013e+00 -6.906841e+00 -3.650000e+01
    endloop
  endfacet
  facet normal -8.819216e-01 -4.713962e-01  0.000000e+00
    outer loop
      vertex  1.288778e+00 -6.638866e+00 -2.650000e+01
      vertex  1.432013e+00 -6.906841e+00 -3.650000e+01
      vertex  1.432013e+00 -6.906841e+00 -2.650000e+01
    endloop
  endfacet
  facet normal -9.569402e-01 -2.902848e-01  -0.000000e+00
    outer loop
      vertex  1.432013e+00 -6.906841e+00 -2.650000e+01
      vertex  1.432013e+00 -6.906841e+00 -3.650000e+01
      vertex  1.520217e+00 -7.197610e+00 -3.650000e+01
    endloop
  endfacet
  facet normal -9.569402e-01 -2.902848e-01  0.000000e+00
    outer loop
      vertex  1.432013e+00 -6.906841e+00 -2.650000e+01
      vertex  1.520217e+00 -7.197610e+00 -3.650000e+01
      vertex  1.520217e+00 -7.197610e+00 -2.650000e+01
    endloop
  endfacet
  facet normal -9.951848e-01 -9.801697e-02  -0.000000e+00
    outer loop
      vertex  1.520217e+00 -7.197610e+00 -2.650000e+01
      vertex  1.520217e+00 -7.197610e+00 -3.650000e+01
      vertex  1.550000e+00 -7.500000e+00 -3.650000e+01
    endloop
  endfacet
  facet normal -9.951848e-01 -9.801697e-02  0.000000e+00
    outer loop
      vertex  1.520217e+00 -7.197610e+00 -2.650000e+01
      vertex  1.550000e+00 -7.500000e+00 -3.650000e+01
      vertex  1.550000e+00 -7.500000e+00 -2.650000e+01
    endloop
  endfacet
  facet normal -9.801700e-02 -9.951847e-01  1.372869e-17
    outer loop
      vertex  3.023900e-01 -5.979783e+00 -3.650000e+01
      vertex -3.644559e-16 -5.950000e+00 -2.650000e+01
      vertex -1.765100e-15 -5.950000e+00 -3.650000e+01
    endloop
  endfacet
  facet normal  9.801700e-02 -9.951847e-01 -1.372869e-17
    outer loop
      vertex -1.765100e-15 -5.950000e+00 -3.650000e+01
      vertex -3.644559e-16 -5.950000e+00 -2.650000e+01
      vertex -3.023900e-01 -5.979783e+00 -2.650000e+01
    endloop
  endfacet
  facet normal  9.801700e-02 -9.951847e-01  0.000000e+00
    outer loop
      vertex -1.765100e-15 -5.950000e+00 -3.650000e+01
      vertex -3.023900e-01 -5.979783e+00 -2.650000e+01
      vertex -3.023900e-01 -5.979783e+00 -3.650000e+01
    endloop
  endfacet
  facet normal  2.902847e-01 -9.569403e-01  0.000000e+00
    outer loop
      vertex -3.023900e-01 -5.979783e+00 -3.650000e+01
      vertex -3.023900e-01 -5.979783e+00 -2.650000e+01
      vertex -5.931593e-01 -6.067986e+00 -2.650000e+01
    endloop
  endfacet
  facet normal  2.902847e-01 -9.569403e-01  0.000000e+00
    outer loop
      vertex -3.023900e-01 -5.979783e+00 -3.650000e+01
      vertex -5.931593e-01 -6.067986e+00 -2.650000e+01
      vertex -5.931593e-01 -6.067986e+00 -3.650000e+01
    endloop
  endfacet
  facet normal  4.713975e-01 -8.819209e-01  0.000000e+00
    outer loop
      vertex -5.931593e-01 -6.067986e+00 -3.650000e+01
      vertex -5.931593e-01 -6.067986e+00 -2.650000e+01
      vertex -8.611339e-01 -6.211222e+00 -2.650000e+01
    endloop
  endfacet
  facet normal  4.713975e-01 -8.819209e-01  0.000000e+00
    outer loop
      vertex -5.931593e-01 -6.067986e+00 -3.650000e+01
      vertex -8.611339e-01 -6.211222e+00 -2.650000e+01
      vertex -8.611339e-01 -6.211222e+00 -3.650000e+01
    endloop
  endfacet
  facet normal  6.343933e-01 -7.730104e-01  0.000000e+00
    outer loop
      vertex -8.611339e-01 -6.211222e+00 -3.650000e+01
      vertex -8.611339e-01 -6.211222e+00 -2.650000e+01
      vertex -1.096015e+00 -6.403985e+00 -2.650000e+01
    endloop
  endfacet
  facet normal  6.343933e-01 -7.730104e-01  0.000000e+00
    outer loop
      vertex -8.611339e-01 -6.211222e+00 -3.650000e+01
      vertex -1.096015e+00 -6.403985e+00 -2.650000e+01
      vertex -1.096015e+00 -6.403985e+00 -3.650000e+01
    endloop
  endfacet
  facet normal  7.730100e-01 -6.343939e-01  0.000000e+00
    outer loop
      vertex -1.096015e+00 -6.403985e+00 -3.650000e+01
      vertex -1.096015e+00 -6.403985e+00 -2.650000e+01
      vertex -1.288778e+00 -6.638866e+00 -2.650000e+01
    endloop
  endfacet
  facet normal  7.730100e-01 -6.343939e-01  0.000000e+00
    outer loop
      vertex -1.096015e+00 -6.403985e+00 -3.650000e+01
      vertex -1.288778e+00 -6.638866e+00 -2.650000e+01
      vertex -1.288778e+00 -6.638866e+00 -3.650000e+01
    endloop
  endfacet
  facet normal  8.819216e-01 -4.713962e-01  0.000000e+00
    outer loop
      vertex -1.288778e+00 -6.638866e+00 -3.650000e+01
      vertex -1.288778e+00 -6.638866e+00 -2.650000e+01
      vertex -1.432013e+00 -6.906841e+00 -2.650000e+01
    endloop
  endfacet
  facet normal  8.819216e-01 -4.713962e-01  0.000000e+00
    outer loop
      vertex -1.288778e+00 -6.638866e+00 -3.650000e+01
      vertex -1.432013e+00 -6.906841e+00 -2.650000e+01
      vertex -1.432013e+00 -6.906841e+00 -3.650000e+01
    endloop
  endfacet
  facet normal  9.569402e-01 -2.902848e-01  0.000000e+00
    outer loop
      vertex -1.432013e+00 -6.906841e+00 -3.650000e+01
      vertex -1.432013e+00 -6.906841e+00 -2.650000e+01
      vertex -1.520217e+00 -7.197610e+00 -2.650000e+01
    endloop
  endfacet
  facet normal  9.569402e-01 -2.902848e-01  0.000000e+00
    outer loop
      vertex -1.432013e+00 -6.906841e+00 -3.650000e+01
      vertex -1.520217e+00 -7.197610e+00 -2.650000e+01
      vertex -1.520217e+00 -7.197610e+00 -3.650000e+01
    endloop
  endfacet
  facet normal  9.951848e-01 -9.801697e-02  0.000000e+00
    outer loop
      vertex -1.520217e+00 -7.197610e+00 -3.650000e+01
      vertex -1.520217e+00 -7.197610e+00 -2.650000e+01
      vertex -1.550000e+00 -7.500000e+00 -2.650000e+01
    endloop
  endfacet
  facet normal  9.951848e-01 -9.801697e-02  0.000000e+00
    outer loop
      vertex -1.520217e+00 -7.197610e+00 -3.650000e+01
      vertex -1.550000e+00 -7.500000e+00 -2.650000e+01
      vertex -1.550000e+00 -7.500000e+00 -3.650000e+01
    endloop
  endfacet
  facet normal  9.801855e-02  9.951845e-01  -0.000000e+00
    outer loop
      vertex -1.860010e-15 -9.050000e+00 -2.650000e+01
      vertex -3.023900e-01 -9.020217e+00 -3.650000e+01
      vertex -3.023900e-01 -9.020217e+00 -2.650000e+01
    endloop
  endfacet
  facet normal  2.902832e-01  9.569408e-01  0.000000e+00
    outer loop
      vertex -3.023900e-01 -9.020217e+00 -2.650000e+01
      vertex -3.023900e-01 -9.020217e+00 -3.650000e+01
      vertex -5.931593e-01 -8.932014e+00 -3.650000e+01
    endloop
  endfacet
  facet normal  2.902832e-01  9.569408e-01  -0.000000e+00
    outer loop
      vertex -3.023900e-01 -9.020217e+00 -2.650000e+01
      vertex -5.931593e-01 -8.932014e+00 -3.650000e+01
      vertex -5.931593e-01 -8.932014e+00 -2.650000e+01
    endloop
  endfacet
  facet normal  4.713963e-01  8.819215e-01  0.000000e+00
    outer loop
      vertex -5.931593e-01 -8.932014e+00 -2.650000e+01
      vertex -5.931593e-01 -8.932014e+00 -3.650000e+01
      vertex -8.611339e-01 -8.788778e+00 -3.650000e+01
    endloop
  endfacet
  facet normal  4.713963e-01  8.819215e-01  -0.000000e+00
    outer loop
      vertex -5.931593e-01 -8.932014e+00 -2.650000e+01
      vertex -8.611339e-01 -8.788778e+00 -3.650000e+01
      vertex -8.611339e-01 -8.788778e+00 -2.650000e+01
    endloop
  endfacet
  facet normal  6.343933e-01  7.730104e-01  0.000000e+00
    outer loop
      vertex -8.611339e-01 -8.788778e+00 -2.650000e+01
      vertex -8.611339e-01 -8.788778e+00 -3.650000e+01
      vertex -1.096015e+00 -8.596016e+00 -3.650000e+01
    endloop
  endfacet
  facet normal  6.343933e-01  7.730104e-01  -0.000000e+00
    outer loop
      vertex -8.611339e-01 -8.788778e+00 -2.650000e+01
      vertex -1.096015e+00 -8.596016e+00 -3.650000e+01
      vertex -1.096015e+00 -8.596016e+00 -2.650000e+01
    endloop
  endfacet
  facet normal  7.730112e-01  6.343924e-01  0.000000e+00
    outer loop
      vertex -1.096015e+00 -8.596016e+00 -2.650000e+01
      vertex -1.096015e+00 -8.596016e+00 -3.650000e+01
      vertex -1.288778e+00 -8.361134e+00 -3.650000e+01
    endloop
  endfacet
  facet normal  7.730112e-01  6.343924e-01  -0.000000e+00
    outer loop
      vertex -1.096015e+00 -8.596016e+00 -2.650000e+01
      vertex -1.288778e+00 -8.361134e+00 -3.650000e+01
      vertex -1.288778e+00 -8.361134e+00 -2.650000e+01
    endloop
  endfacet
  facet normal  8.819208e-01  4.713975e-01  0.000000e+00
    outer loop
      vertex -1.288778e+00 -8.361134e+00 -2.650000e+01
      vertex -1.288778e+00 -8.361134e+00 -3.650000e+01
      vertex -1.432013e+00 -8.093160e+00 -3.650000e+01
    endloop
  endfacet
  facet normal  8.819208e-01  4.713975e-01  -0.000000e+00
    outer loop
      vertex -1.288778e+00 -8.361134e+00 -2.650000e+01
      vertex -1.432013e+00 -8.093160e+00 -3.650000e+01
      vertex -1.432013e+00 -8.093160e+00 -2.650000e+01
    endloop
  endfacet
  facet normal  9.569404e-01  2.902844e-01  0.000000e+00
    outer loop
      vertex -1.432013e+00 -8.093160e+00 -2.650000e+01
      vertex -1.432013e+00 -8.093160e+00 -3.650000e+01
      vertex -1.520217e+00 -7.802390e+00 -3.650000e+01
    endloop
  endfacet
  facet normal  9.569404e-01  2.902844e-01  -0.000000e+00
    outer loop
      vertex -1.432013e+00 -8.093160e+00 -2.650000e+01
      vertex -1.520217e+00 -7.802390e+00 -3.650000e+01
      vertex -1.520217e+00 -7.802390e+00 -2.650000e+01
    endloop
  endfacet
  facet normal  9.951848e-01  9.801697e-02  0.000000e+00
    outer loop
      vertex -1.520217e+00 -7.802390e+00 -2.650000e+01
      vertex -1.520217e+00 -7.802390e+00 -3.650000e+01
      vertex -1.550000e+00 -7.500000e+00 -3.650000e+01
    endloop
  endfacet
  facet normal  9.951848e-01  9.801697e-02  -0.000000e+00
    outer loop
      vertex -1.520217e+00 -7.802390e+00 -2.650000e+01
      vertex -1.550000e+00 -7.500000e+00 -3.650000e+01
      vertex -1.550000e+00 -7.500000e+00 -2.650000e+01
    endloop
  endfacet
  facet normal  9.801855e-02  9.951845e-01  6.981917e-18
    outer loop
      vertex -3.023900e-01 -9.020217e+00 -3.650000e+01
      vertex -1.860010e-15 -9.050000e+00 -2.650000e+01
      vertex -1.147704e-15 -9.050000e+00 -3.650000e+01
    endloop
  endfacet
  facet normal -9.801855e-02  9.951845e-01 -6.981917e-18
    outer loop
      vertex -1.147704e-15 -9.050000e+00 -3.650000e+01
      vertex -1.860010e-15 -9.050000e+00 -2.650000e+01
      vertex  3.023900e-01 -9.020217e+00 -2.650000e+01
    endloop
  endfacet
  facet normal -9.801855e-02  9.951845e-01  0.000000e+00
    outer loop
      vertex -1.147704e-15 -9.050000e+00 -3.650000e+01
      vertex  3.023900e-01 -9.020217e+00 -2.650000e+01
      vertex  3.023900e-01 -9.020217e+00 -3.650000e+01
    endloop
  endfacet
  facet normal -2.902832e-01  9.569408e-01  0.000000e+00
    outer loop
      vertex  3.023900e-01 -9.020217e+00 -3.650000e+01
      vertex  3.023900e-01 -9.020217e+00 -2.650000e+01
      vertex  5.931593e-01 -8.932014e+00 -2.650000e+01
    endloop
  endfacet
  facet normal -2.902832e-01  9.569408e-01  0.000000e+00
    outer loop
      vertex  3.023900e-01 -9.020217e+00 -3.650000e+01
      vertex  5.931593e-01 -8.932014e+00 -2.650000e+01
      vertex  5.931593e-01 -8.932014e+00 -3.650000e+01
    endloop
  endfacet
  facet normal -4.713963e-01  8.819215e-01  0.000000e+00
    outer loop
      vertex  5.931593e-01 -8.932014e+00 -3.650000e+01
      vertex  5.931593e-01 -8.932014e+00 -2.650000e+01
      vertex  8.611339e-01 -8.788778e+00 -2.650000e+01
    endloop
  endfacet
  facet normal -4.713963e-01  8.819215e-01  0.000000e+00
    outer loop
      vertex  5.931593e-01 -8.932014e+00 -3.650000e+01
      vertex  8.611339e-01 -8.788778e+00 -2.650000e+01
      vertex  8.611339e-01 -8.788778e+00 -3.650000e+01
    endloop
  endfacet
  facet normal -6.343933e-01  7.730104e-01  0.000000e+00
    outer loop
      vertex  8.611339e-01 -8.788778e+00 -3.650000e+01
      vertex  8.611339e-01 -8.788778e+00 -2.650000e+01
      vertex  1.096015e+00 -8.596016e+00 -2.650000e+01
    endloop
  endfacet
  facet normal -6.343933e-01  7.730104e-01  0.000000e+00
    outer loop
      vertex  8.611339e-01 -8.788778e+00 -3.650000e+01
      vertex  1.096015e+00 -8.596016e+00 -2.650000e+01
      vertex  1.096015e+00 -8.596016e+00 -3.650000e+01
    endloop
  endfacet
  facet normal -7.730112e-01  6.343924e-01  0.000000e+00
    outer loop
      vertex  1.096015e+00 -8.596016e+00 -3.650000e+01
      vertex  1.096015e+00 -8.596016e+00 -2.650000e+01
      vertex  1.288778e+00 -8.361134e+00 -2.650000e+01
    endloop
  endfacet
  facet normal -7.730112e-01  6.343924e-01  0.000000e+00
    outer loop
      vertex  1.096015e+00 -8.596016e+00 -3.650000e+01
      vertex  1.288778e+00 -8.361134e+00 -2.650000e+01
      vertex  1.288778e+00 -8.361134e+00 -3.650000e+01
    endloop
  endfacet
  facet normal -8.819208e-01  4.713975e-01  0.000000e+00
    outer loop
      vertex  1.288778e+00 -8.361134e+00 -3.650000e+01
      vertex  1.288778e+00 -8.361134e+00 -2.650000e+01
      vertex  1.432013e+00 -8.093160e+00 -2.650000e+01
    endloop
  endfacet
  facet normal -8.819208e-01  4.713975e-01  0.000000e+00
    outer loop
      vertex  1.288778e+00 -8.361134e+00 -3.650000e+01
      vertex  1.432013e+00 -8.093160e+00 -2.650000e+01
      vertex  1.432013e+00 -8.093160e+00 -3.650000e+01
    endloop
  endfacet
  facet normal -9.569404e-01  2.902844e-01  0.000000e+00
    outer loop
      vertex  1.432013e+00 -8.093160e+00 -3.650000e+01
      vertex  1.432013e+00 -8.093160e+00 -2.650000e+01
      vertex  1.520217e+00 -7.802390e+00 -2.650000e+01
    endloop
  endfacet
  facet normal -9.569404e-01  2.902844e-01  0.000000e+00
    outer loop
      vertex  1.432013e+00 -8.093160e+00 -3.650000e+01
      vertex  1.520217e+00 -7.802390e+00 -2.650000e+01
      vertex  1.520217e+00 -7.802390e+00 -3.650000e+01
    endloop
  endfacet
  facet normal -9.951848e-01  9.801697e-02  0.000000e+00
    outer loop
      vertex  1.520217e+00 -7.802390e+00 -3.650000e+01
      vertex  1.520217e+00 -7.802390e+00 -2.650000e+01
      vertex  1.550000e+00 -7.500000e+00 -2.650000e+01
    endloop
  endfacet
  facet normal -9.951848e-01  9.801697e-02  0.000000e+00
    outer loop
      vertex  1.520217e+00 -7.802390e+00 -3.650000e+01
      vertex  1.550000e+00 -7.500000e+00 -2.650000e+01
      vertex  1.550000e+00 -7.500000e+00 -3.650000e+01
    endloop
  endfacet
  facet normal -9.801700e-02 -9.951847e-01  0.000000e+00
    outer loop
      vertex -1.765100e-15 -5.950000e+00  3.650000e+01
      vertex  3.023900e-01 -5.979783e+00  2.650000e+01
      vertex  3.023900e-01 -5.979783e+00  3.650000e+01
    endloop
  endfacet
  facet normal -2.902847e-01 -9.569403e-01  -0.000000e+00
    outer loop
      vertex  3.023900e-01 -5.979783e+00  3.650000e+01
      vertex  3.023900e-01 -5.979783e+00  2.650000e+01
      vertex  5.931593e-01 -6.067986e+00  2.650000e+01
    endloop
  endfacet
  facet normal -2.902847e-01 -9.569403e-01  0.000000e+00
    outer loop
      vertex  3.023900e-01 -5.979783e+00  3.650000e+01
      vertex  5.931593e-01 -6.067986e+00  2.650000e+01
      vertex  5.931593e-01 -6.067986e+00  3.650000e+01
    endloop
  endfacet
  facet normal -4.713975e-01 -8.819209e-01  -0.000000e+00
    outer loop
      vertex  5.931593e-01 -6.067986e+00  3.650000e+01
      vertex  5.931593e-01 -6.067986e+00  2.650000e+01
      vertex  8.611339e-01 -6.211222e+00  2.650000e+01
    endloop
  endfacet
  facet normal -4.713975e-01 -8.819209e-01  0.000000e+00
    outer loop
      vertex  5.931593e-01 -6.067986e+00  3.650000e+01
      vertex  8.611339e-01 -6.211222e+00  2.650000e+01
      vertex  8.611339e-01 -6.211222e+00  3.650000e+01
    endloop
  endfacet
  facet normal -6.343933e-01 -7.730104e-01  -0.000000e+00
    outer loop
      vertex  8.611339e-01 -6.211222e+00  3.650000e+01
      vertex  8.611339e-01 -6.211222e+00  2.650000e+01
      vertex  1.096015e+00 -6.403985e+00  2.650000e+01
    endloop
  endfacet
  facet normal -6.343933e-01 -7.730104e-01  0.000000e+00
    outer loop
      vertex  8.611339e-01 -6.211222e+00  3.650000e+01
      vertex  1.096015e+00 -6.403985e+00  2.650000e+01
      vertex  1.096015e+00 -6.403985e+00  3.650000e+01
    endloop
  endfacet
  facet normal -7.730100e-01 -6.343939e-01  -0.000000e+00
    outer loop
      vertex  1.096015e+00 -6.403985e+00  3.650000e+01
      vertex  1.096015e+00 -6.403985e+00  2.650000e+01
      vertex  1.288778e+00 -6.638866e+00  2.650000e+01
    endloop
  endfacet
  facet normal -7.730100e-01 -6.343939e-01  0.000000e+00
    outer loop
      vertex  1.096015e+00 -6.403985e+00  3.650000e+01
      vertex  1.288778e+00 -6.638866e+00  2.650000e+01
      vertex  1.288778e+00 -6.638866e+00  3.650000e+01
    endloop
  endfacet
  facet normal -8.819216e-01 -4.713962e-01  -0.000000e+00
    outer loop
      vertex  1.288778e+00 -6.638866e+00  3.650000e+01
      vertex  1.288778e+00 -6.638866e+00  2.650000e+01
      vertex  1.432013e+00 -6.906841e+00  2.650000e+01
    endloop
  endfacet
  facet normal -8.819216e-01 -4.713962e-01  0.000000e+00
    outer loop
      vertex  1.288778e+00 -6.638866e+00  3.650000e+01
      vertex  1.432013e+00 -6.906841e+00  2.650000e+01
      vertex  1.432013e+00 -6.906841e+00  3.650000e+01
    endloop
  endfacet
  facet normal -9.569402e-01 -2.902848e-01  -0.000000e+00
    outer loop
      vertex  1.432013e+00 -6.906841e+00  3.650000e+01
      vertex  1.432013e+00 -6.906841e+00  2.650000e+01
      vertex  1.520217e+00 -7.197610e+00  2.650000e+01
    endloop
  endfacet
  facet normal -9.569402e-01 -2.902848e-01  0.000000e+00
    outer loop
      vertex  1.432013e+00 -6.906841e+00  3.650000e+01
      vertex  1.520217e+00 -7.197610e+00  2.650000e+01
      vertex  1.520217e+00 -7.197610e+00  3.650000e+01
    endloop
  endfacet
  facet normal -9.951848e-01 -9.801697e-02  -0.000000e+00
    outer loop
      vertex  1.520217e+00 -7.197610e+00  3.650000e+01
      vertex  1.520217e+00 -7.197610e+00  2.650000e+01
      vertex  1.550000e+00 -7.500000e+00  2.650000e+01
    endloop
  endfacet
  facet normal -9.951848e-01 -9.801697e-02  0.000000e+00
    outer loop
      vertex  1.520217e+00 -7.197610e+00  3.650000e+01
      vertex  1.550000e+00 -7.500000e+00  2.650000e+01
      vertex  1.550000e+00 -7.500000e+00  3.650000e+01
    endloop
  endfacet
  facet normal -9.801700e-02 -9.951847e-01  9.302808e-19
    outer loop
      vertex  3.023900e-01 -5.979783e+00  2.650000e+01
      vertex -1.765100e-15 -5.950000e+00  3.650000e+01
      vertex -1.860010e-15 -5.950000e+00  2.650000e+01
    endloop
  endfacet
  facet normal  9.801700e-02 -9.951847e-01 -9.302808e-19
    outer loop
      vertex -1.860010e-15 -5.950000e+00  2.650000e+01
      vertex -1.765100e-15 -5.950000e+00  3.650000e+01
      vertex -3.023900e-01 -5.979783e+00  3.650000e+01
    endloop
  endfacet
  facet normal  9.801700e-02 -9.951847e-01  0.000000e+00
    outer loop
      vertex -1.860010e-15 -5.950000e+00  2.650000e+01
      vertex -3.023900e-01 -5.979783e+00  3.650000e+01
      vertex -3.023900e-01 -5.979783e+00  2.650000e+01
    endloop
  endfacet
  facet normal  2.902847e-01 -9.569403e-01  0.000000e+00
    outer loop
      vertex -3.023900e-01 -5.979783e+00  2.650000e+01
      vertex -3.023900e-01 -5.979783e+00  3.650000e+01
      vertex -5.931593e-01 -6.067986e+00  3.650000e+01
    endloop
  endfacet
  facet normal  2.902847e-01 -9.569403e-01  0.000000e+00
    outer loop
      vertex -3.023900e-01 -5.979783e+00  2.650000e+01
      vertex -5.931593e-01 -6.067986e+00  3.650000e+01
      vertex -5.931593e-01 -6.067986e+00  2.650000e+01
    endloop
  endfacet
  facet normal  4.713975e-01 -8.819209e-01  0.000000e+00
    outer loop
      vertex -5.931593e-01 -6.067986e+00  2.650000e+01
      vertex -5.931593e-01 -6.067986e+00  3.650000e+01
      vertex -8.611339e-01 -6.211222e+00  3.650000e+01
    endloop
  endfacet
  facet normal  4.713975e-01 -8.819209e-01  0.000000e+00
    outer loop
      vertex -5.931593e-01 -6.067986e+00  2.650000e+01
      vertex -8.611339e-01 -6.211222e+00  3.650000e+01
      vertex -8.611339e-01 -6.211222e+00  2.650000e+01
    endloop
  endfacet
  facet normal  6.343933e-01 -7.730104e-01  0.000000e+00
    outer loop
      vertex -8.611339e-01 -6.211222e+00  2.650000e+01
      vertex -8.611339e-01 -6.211222e+00  3.650000e+01
      vertex -1.096015e+00 -6.403985e+00  3.650000e+01
    endloop
  endfacet
  facet normal  6.343933e-01 -7.730104e-01  0.000000e+00
    outer loop
      vertex -8.611339e-01 -6.211222e+00  2.650000e+01
      vertex -1.096015e+00 -6.403985e+00  3.650000e+01
      vertex -1.096015e+00 -6.403985e+00  2.650000e+01
    endloop
  endfacet
  facet normal  7.730100e-01 -6.343939e-01  0.000000e+00
    outer loop
      vertex -1.096015e+00 -6.403985e+00  2.650000e+01
      vertex -1.096015e+00 -6.403985e+00  3.650000e+01
      vertex -1.288778e+00 -6.638866e+00  3.650000e+01
    endloop
  endfacet
  facet normal  7.730100e-01 -6.343939e-01  0.000000e+00
    outer loop
      vertex -1.096015e+00 -6.403985e+00  2.650000e+01
      vertex -1.288778e+00 -6.638866e+00  3.650000e+01
      vertex -1.288778e+00 -6.638866e+00  2.650000e+01
    endloop
  endfacet
  facet normal  8.819216e-01 -4.713962e-01  0.000000e+00
    outer loop
      vertex -1.288778e+00 -6.638866e+00  2.650000e+01
      vertex -1.288778e+00 -6.638866e+00  3.650000e+01
      vertex -1.432013e+00 -6.906841e+00  3.650000e+01
    endloop
  endfacet
  facet normal  8.819216e-01 -4.713962e-01  0.000000e+00
    outer loop
      vertex -1.288778e+00 -6.638866e+00  2.650000e+01
      vertex -1.432013e+00 -6.906841e+00  3.650000e+01
      vertex -1.432013e+00 -6.906841e+00  2.650000e+01
    endloop
  endfacet
  facet normal  9.569402e-01 -2.902848e-01  0.000000e+00
    outer loop
      vertex -1.432013e+00 -6.906841e+00  2.650000e+01
      vertex -1.432013e+00 -6.906841e+00  3.650000e+01
      vertex -1.520217e+00 -7.197610e+00  3.650000e+01
    endloop
  endfacet
  facet normal  9.569402e-01 -2.902848e-01  0.000000e+00
    outer loop
      vertex -1.432013e+00 -6.906841e+00  2.650000e+01
      vertex -1.520217e+00 -7.197610e+00  3.650000e+01
      vertex -1.520217e+00 -7.197610e+00  2.650000e+01
    endloop
  endfacet
  facet normal  9.951848e-01 -9.801697e-02  0.000000e+00
    outer loop
      vertex -1.520217e+00 -7.197610e+00  2.650000e+01
      vertex -1.520217e+00 -7.197610e+00  3.650000e+01
      vertex -1.550000e+00 -7.500000e+00  3.650000e+01
    endloop
  endfacet
  facet normal  9.951848e-01 -9.801697e-02  0.000000e+00
    outer loop
      vertex -1.520217e+00 -7.197610e+00  2.650000e+01
      vertex -1.550000e+00 -7.500000e+00  3.650000e+01
      vertex -1.550000e+00 -7.500000e+00  2.650000e+01
    endloop
  endfacet
  facet normal  9.801855e-02  9.951845e-01  -0.000000e+00
    outer loop
      vertex -1.147704e-15 -9.050000e+00  3.650000e+01
      vertex -3.023900e-01 -9.020217e+00  2.650000e+01
      vertex -3.023900e-01 -9.020217e+00  3.650000e+01
    endloop
  endfacet
  facet normal  2.902832e-01  9.569408e-01  0.000000e+00
    outer loop
      vertex -3.023900e-01 -9.020217e+00  3.650000e+01
      vertex -3.023900e-01 -9.020217e+00  2.650000e+01
      vertex -5.931593e-01 -8.932014e+00  2.650000e+01
    endloop
  endfacet
  facet normal  2.902832e-01  9.569408e-01  -0.000000e+00
    outer loop
      vertex -3.023900e-01 -9.020217e+00  3.650000e+01
      vertex -5.931593e-01 -8.932014e+00  2.650000e+01
      vertex -5.931593e-01 -8.932014e+00  3.650000e+01
    endloop
  endfacet
  facet normal  4.713963e-01  8.819215e-01  0.000000e+00
    outer loop
      vertex -5.931593e-01 -8.932014e+00  3.650000e+01
      vertex -5.931593e-01 -8.932014e+00  2.650000e+01
      vertex -8.611339e-01 -8.788778e+00  2.650000e+01
    endloop
  endfacet
  facet normal  4.713963e-01  8.819215e-01  -0.000000e+00
    outer loop
      vertex -5.931593e-01 -8.932014e+00  3.650000e+01
      vertex -8.611339e-01 -8.788778e+00  2.650000e+01
      vertex -8.611339e-01 -8.788778e+00  3.650000e+01
    endloop
  endfacet
  facet normal  6.343933e-01  7.730104e-01  0.000000e+00
    outer loop
      vertex -8.611339e-01 -8.788778e+00  3.650000e+01
      vertex -8.611339e-01 -8.788778e+00  2.650000e+01
      vertex -1.096015e+00 -8.596016e+00  2.650000e+01
    endloop
  endfacet
  facet normal  6.343933e-01  7.730104e-01  -0.000000e+00
    outer loop
      vertex -8.611339e-01 -8.788778e+00  3.650000e+01
      vertex -1.096015e+00 -8.596016e+00  2.650000e+01
      vertex -1.096015e+00 -8.596016e+00  3.650000e+01
    endloop
  endfacet
  facet normal  7.730112e-01  6.343924e-01  0.000000e+00
    outer loop
      vertex -1.096015e+00 -8.596016e+00  3.650000e+01
      vertex -1.096015e+00 -8.596016e+00  2.650000e+01
      vertex -1.288778e+00 -8.361134e+00  2.650000e+01
    endloop
  endfacet
  facet normal  7.730112e-01  6.343924e-01  -0.000000e+00
    outer loop
      vertex -1.096015e+00 -8.596016e+00  3.650000e+01
      vertex -1.288778e+00 -8.361134e+00  2.650000e+01
      vertex -1.288778e+00 -8.361134e+00  3.650000e+01
    endloop
  endfacet
  facet normal  8.819208e-01  4.713975e-01  0.000000e+00
    outer loop
      vertex -1.288778e+00 -8.361134e+00  3.650000e+01
      vertex -1.288778e+00 -8.361134e+00  2.650000e+01
      vertex -1.432013e+00 -8.093160e+00  2.650000e+01
    endloop
  endfacet
  facet normal  8.819208e-01  4.713975e-01  -0.000000e+00
    outer loop
      vertex -1.288778e+00 -8.361134e+00  3.650000e+01
      vertex -1.432013e+00 -8.093160e+00  2.650000e+01
      vertex -1.432013e+00 -8.093160e+00  3.650000e+01
    endloop
  endfacet
  facet normal  9.569404e-01  2.902844e-01  0.000000e+00
    outer loop
      vertex -1.432013e+00 -8.093160e+00  3.650000e+01
      vertex -1.432013e+00 -8.093160e+00  2.650000e+01
      vertex -1.520217e+00 -7.802390e+00  2.650000e+01
    endloop
  endfacet
  facet normal  9.569404e-01  2.902844e-01  -0.000000e+00
    outer loop
      vertex -1.432013e+00 -8.093160e+00  3.650000e+01
      vertex -1.520217e+00 -7.802390e+00  2.650000e+01
      vertex -1.520217e+00 -7.802390e+00  3.650000e+01
    endloop
  endfacet
  facet normal  9.951848e-01  9.801697e-02  0.000000e+00
    outer loop
      vertex -1.520217e+00 -7.802390e+00  3.650000e+01
      vertex -1.520217e+00 -7.802390e+00  2.650000e+01
      vertex -1.550000e+00 -7.500000e+00  2.650000e+01
    endloop
  endfacet
  facet normal  9.951848e-01  9.801697e-02  -0.000000e+00
    outer loop
      vertex -1.520217e+00 -7.802390e+00  3.650000e+01
      vertex -1.550000e+00 -7.500000e+00  2.650000e+01
      vertex -1.550000e+00 -7.500000e+00  3.650000e+01
    endloop
  endfacet
  facet normal  9.801855e-02  9.951845e-01  7.677287e-18
    outer loop
      vertex -3.023900e-01 -9.020217e+00  2.650000e+01
      vertex -1.147704e-15 -9.050000e+00  3.650000e+01
      vertex -3.644559e-16 -9.050000e+00  2.650000e+01
    endloop
  endfacet
  facet normal -9.801855e-02  9.951845e-01 -7.677287e-18
    outer loop
      vertex -3.644559e-16 -9.050000e+00  2.650000e+01
      vertex -1.147704e-15 -9.050000e+00  3.650000e+01
      vertex  3.023900e-01 -9.020217e+00  3.650000e+01
    endloop
  endfacet
  facet normal -9.801855e-02  9.951845e-01  0.000000e+00
    outer loop
      vertex -3.644559e-16 -9.050000e+00  2.650000e+01
      vertex  3.023900e-01 -9.020217e+00  3.650000e+01
      vertex  3.023900e-01 -9.020217e+00  2.650000e+01
    endloop
  endfacet
  facet normal -2.902832e-01  9.569408e-01  0.000000e+00
    outer loop
      vertex  3.023900e-01 -9.020217e+00  2.650000e+01
      vertex  3.023900e-01 -9.020217e+00  3.650000e+01
      vertex  5.931593e-01 -8.932014e+00  3.650000e+01
    endloop
  endfacet
  facet normal -2.902832e-01  9.569408e-01  0.000000e+00
    outer loop
      vertex  3.023900e-01 -9.020217e+00  2.650000e+01
      vertex  5.931593e-01 -8.932014e+00  3.650000e+01
      vertex  5.931593e-01 -8.932014e+00  2.650000e+01
    endloop
  endfacet
  facet normal -4.713963e-01  8.819215e-01  0.000000e+00
    outer loop
      vertex  5.931593e-01 -8.932014e+00  2.650000e+01
      vertex  5.931593e-01 -8.932014e+00  3.650000e+01
      vertex  8.611339e-01 -8.788778e+00  3.650000e+01
    endloop
  endfacet
  facet normal -4.713963e-01  8.819215e-01  0.000000e+00
    outer loop
      vertex  5.931593e-01 -8.932014e+00  2.650000e+01
      vertex  8.611339e-01 -8.788778e+00  3.650000e+01
      vertex  8.611339e-01 -8.788778e+00  2.650000e+01
    endloop
  endfacet
  facet normal -6.343933e-01  7.730104e-01  0.000000e+00
    outer loop
      vertex  8.611339e-01 -8.788778e+00  2.650000e+01
      vertex  8.611339e-01 -8.788778e+00  3.650000e+01
      vertex  1.096015e+00 -8.596016e+00  3.650000e+01
    endloop
  endfacet
  facet normal -6.343933e-01  7.730104e-01  0.000000e+00
    outer loop
      vertex  8.611339e-01 -8.788778e+00  2.650000e+01
      vertex  1.096015e+00 -8.596016e+00  3.650000e+01
      vertex  1.096015e+00 -8.596016e+00  2.650000e+01
    endloop
  endfacet
  facet normal -7.730112e-01  6.343924e-01  0.000000e+00
    outer loop
      vertex  1.096015e+00 -8.596016e+00  2.650000e+01
      vertex  1.096015e+00 -8.596016e+00  3.650000e+01
      vertex  1.288778e+00 -8.361134e+00  3.650000e+01
    endloop
  endfacet
  facet normal -7.730112e-01  6.343924e-01  0.000000e+00
    outer loop
      vertex  1.096015e+00 -8.596016e+00  2.650000e+01
      vertex  1.288778e+00 -8.361134e+00  3.650000e+01
      vertex  1.288778e+00 -8.361134e+00  2.650000e+01
    endloop
  endfacet
  facet normal -8.819208e-01  4.713975e-01  0.000000e+00
    outer loop
      vertex  1.288778e+00 -8.361134e+00  2.650000e+01
      vertex  1.288778e+00 -8.361134e+00  3.650000e+01
      vertex  1.432013e+00 -8.093160e+00  3.650000e+01
    endloop
  endfacet
  facet normal -8.819208e-01  4.713975e-01  0.000000e+00
    outer loop
      vertex  1.288778e+00 -8.361134e+00  2.650000e+01
      vertex  1.432013e+00 -8.093160e+00  3.650000e+01
      vertex  1.432013e+00 -8.093160e+00  2.650000e+01
    endloop
  endfacet
  facet normal -9.569404e-01  2.902844e-01  0.000000e+00
    outer loop
      vertex  1.432013e+00 -8.093160e+00  2.650000e+01
      vertex  1.432013e+00 -8.093160e+00  3.650000e+01
      vertex  1.520217e+00 -7.802390e+00  3.650000e+01
    endloop
  endfacet
  facet normal -9.569404e-01  2.902844e-01  0.000000e+00
    outer loop
      vertex  1.432013e+00 -8.093160e+00  2.650000e+01
      vertex  1.520217e+00 -7.802390e+00  3.650000e+01
      vertex  1.520217e+00 -7.802390e+00  2.650000e+01
    endloop
  endfacet
  facet normal -9.951848e-01  9.801697e-02  0.000000e+00
    outer loop
      vertex  1.520217e+00 -7.802390e+00  2.650000e+01
      vertex  1.520217e+00 -7.802390e+00  3.650000e+01
      vertex  1.550000e+00 -7.500000e+00  3.650000e+01
    endloop
  endfacet
  facet normal -9.951848e-01  9.801697e-02  0.000000e+00
    outer loop
      vertex  1.520217e+00 -7.802390e+00  2.650000e+01
      vertex  1.550000e+00 -7.500000e+00  3.650000e+01
      vertex  1.550000e+00 -7.500000e+00  2.650000e+01
    endloop
  endfacet
  facet normal -9.951847e-01  9.801700e-02  0.000000e+00
    outer loop
      vertex -5.950000e+00  0.000000e+00 -2.650000e+01
      vertex -5.979783e+00 -3.023900e-01 -3.650000e+01
      vertex -5.979783e+00 -3.023900e-01 -2.650000e+01
    endloop
  endfacet
  facet normal -9.569403e-01  2.902847e-01  0.000000e+00
    outer loop
      vertex -5.979783e+00 -3.023900e-01 -2.650000e+01
      vertex -5.979783e+00 -3.023900e-01 -3.650000e+01
      vertex -6.067986e+00 -5.931593e-01 -3.650000e+01
    endloop
  endfacet
  facet normal -9.569403e-01  2.902847e-01  0.000000e+00
    outer loop
      vertex -5.979783e+00 -3.023900e-01 -2.650000e+01
      vertex -6.067986e+00 -5.931593e-01 -3.650000e+01
      vertex -6.067986e+00 -5.931593e-01 -2.650000e+01
    endloop
  endfacet
  facet normal -8.819209e-01  4.713975e-01  0.000000e+00
    outer loop
      vertex -6.067986e+00 -5.931593e-01 -2.650000e+01
      vertex -6.067986e+00 -5.931593e-01 -3.650000e+01
      vertex -6.211222e+00 -8.611339e-01 -3.650000e+01
    endloop
  endfacet
  facet normal -8.819209e-01  4.713975e-01  0.000000e+00
    outer loop
      vertex -6.067986e+00 -5.931593e-01 -2.650000e+01
      vertex -6.211222e+00 -8.611339e-01 -3.650000e+01
      vertex -6.211222e+00 -8.611339e-01 -2.650000e+01
    endloop
  endfacet
  facet normal -7.730104e-01  6.343933e-01  0.000000e+00
    outer loop
      vertex -6.211222e+00 -8.611339e-01 -2.650000e+01
      vertex -6.211222e+00 -8.611339e-01 -3.650000e+01
      vertex -6.403985e+00 -1.096015e+00 -3.650000e+01
    endloop
  endfacet
  facet normal -7.730104e-01  6.343933e-01  0.000000e+00
    outer loop
      vertex -6.211222e+00 -8.611339e-01 -2.650000e+01
      vertex -6.403985e+00 -1.096015e+00 -3.650000e+01
      vertex -6.403985e+00 -1.096015e+00 -2.650000e+01
    endloop
  endfacet
  facet normal -6.343939e-01  7.730100e-01  0.000000e+00
    outer loop
      vertex -6.403985e+00 -1.096015e+00 -2.650000e+01
      vertex -6.403985e+00 -1.096015e+00 -3.650000e+01
      vertex -6.638866e+00 -1.288778e+00 -3.650000e+01
    endloop
  endfacet
  facet normal -6.343939e-01  7.730100e-01  0.000000e+00
    outer loop
      vertex -6.403985e+00 -1.096015e+00 -2.650000e+01
      vertex -6.638866e+00 -1.288778e+00 -3.650000e+01
      vertex -6.638866e+00 -1.288778e+00 -2.650000e+01
    endloop
  endfacet
  facet normal -4.713962e-01  8.819216e-01  0.000000e+00
    outer loop
      vertex -6.638866e+00 -1.288778e+00 -2.650000e+01
      vertex -6.638866e+00 -1.288778e+00 -3.650000e+01
      vertex -6.906841e+00 -1.432013e+00 -3.650000e+01
    endloop
  endfacet
  facet normal -4.713962e-01  8.819216e-01  0.000000e+00
    outer loop
      vertex -6.638866e+00 -1.288778e+00 -2.650000e+01
      vertex -6.906841e+00 -1.432013e+00 -3.650000e+01
      vertex -6.906841e+00 -1.432013e+00 -2.650000e+01
    endloop
  endfacet
  facet normal -2.902848e-01  9.569402e-01  0.000000e+00
    outer loop
      vertex -6.906841e+00 -1.432013e+00 -2.650000e+01
      vertex -6.906841e+00 -1.432013e+00 -3.650000e+01
      vertex -7.197610e+00 -1.520217e+00 -3.650000e+01
    endloop
  endfacet
  facet normal -2.902848e-01  9.569402e-01  0.000000e+00
    outer loop
      vertex -6.906841e+00 -1.432013e+00 -2.650000e+01
      vertex -7.197610e+00 -1.520217e+00 -3.650000e+01
      vertex -7.197610e+00 -1.520217e+00 -2.650000e+01
    endloop
  endfacet
  facet normal -9.801697e-02  9.951848e-01  0.000000e+00
    outer loop
      vertex -7.197610e+00 -1.520217e+00 -2.650000e+01
      vertex -7.197610e+00 -1.520217e+00 -3.650000e+01
      vertex -7.500000e+00 -1.550000e+00 -3.650000e+01
    endloop
  endfacet
  facet normal -9.801697e-02  9.951848e-01  0.000000e+00
    outer loop
      vertex -7.197610e+00 -1.520217e+00 -2.650000e+01
      vertex -7.500000e+00 -1.550000e+00 -3.650000e+01
      vertex -7.500000e+00 -1.550000e+00 -2.650000e+01
    endloop
  endfacet
  facet normal -9.951847e-01  9.801700e-02  2.361317e-19
    outer loop
      vertex -5.979783e+00 -3.023900e-01 -3.650000e+01
      vertex -5.950000e+00  0.000000e+00 -2.650000e+01
      vertex -5.950000e+00  2.409089e-17 -3.650000e+01
    endloop
  endfacet
  facet normal -9.951847e-01 -9.801700e-02 -2.361317e-19
    outer loop
      vertex -5.950000e+00  2.409089e-17 -3.650000e+01
      vertex -5.950000e+00  0.000000e+00 -2.650000e+01
      vertex -5.979783e+00  3.023900e-01 -2.650000e+01
    endloop
  endfacet
  facet normal -9.951847e-01 -9.801700e-02  -0.000000e+00
    outer loop
      vertex -5.950000e+00  2.409089e-17 -3.650000e+01
      vertex -5.979783e+00  3.023900e-01 -2.650000e+01
      vertex -5.979783e+00  3.023900e-01 -3.650000e+01
    endloop
  endfacet
  facet normal -9.569403e-01 -2.902847e-01  0.000000e+00
    outer loop
      vertex -5.979783e+00  3.023900e-01 -3.650000e+01
      vertex -5.979783e+00  3.023900e-01 -2.650000e+01
      vertex -6.067986e+00  5.931593e-01 -2.650000e+01
    endloop
  endfacet
  facet normal -9.569403e-01 -2.902847e-01  -0.000000e+00
    outer loop
      vertex -5.979783e+00  3.023900e-01 -3.650000e+01
      vertex -6.067986e+00  5.931593e-01 -2.650000e+01
      vertex -6.067986e+00  5.931593e-01 -3.650000e+01
    endloop
  endfacet
  facet normal -8.819209e-01 -4.713975e-01  0.000000e+00
    outer loop
      vertex -6.067986e+00  5.931593e-01 -3.650000e+01
      vertex -6.067986e+00  5.931593e-01 -2.650000e+01
      vertex -6.211222e+00  8.611339e-01 -2.650000e+01
    endloop
  endfacet
  facet normal -8.819209e-01 -4.713975e-01  -0.000000e+00
    outer loop
      vertex -6.067986e+00  5.931593e-01 -3.650000e+01
      vertex -6.211222e+00  8.611339e-01 -2.650000e+01
      vertex -6.211222e+00  8.611339e-01 -3.650000e+01
    endloop
  endfacet
  facet normal -7.730104e-01 -6.343933e-01  0.000000e+00
    outer loop
      vertex -6.211222e+00  8.611339e-01 -3.650000e+01
      vertex -6.211222e+00  8.611339e-01 -2.650000e+01
      vertex -6.403985e+00  1.096015e+00 -2.650000e+01
    endloop
  endfacet
  facet normal -7.730104e-01 -6.343933e-01  -0.000000e+00
    outer loop
      vertex -6.211222e+00  8.611339e-01 -3.650000e+01
      vertex -6.403985e+00  1.096015e+00 -2.650000e+01
      vertex -6.403985e+00  1.096015e+00 -3.650000e+01
    endloop
  endfacet
  facet normal -6.343939e-01 -7.730100e-01  0.000000e+00
    outer loop
      vertex -6.403985e+00  1.096015e+00 -3.650000e+01
      vertex -6.403985e+00  1.096015e+00 -2.650000e+01
      vertex -6.638866e+00  1.288778e+00 -2.650000e+01
    endloop
  endfacet
  facet normal -6.343939e-01 -7.730100e-01  -0.000000e+00
    outer loop
      vertex -6.403985e+00  1.096015e+00 -3.650000e+01
      vertex -6.638866e+00  1.288778e+00 -2.650000e+01
      vertex -6.638866e+00  1.288778e+00 -3.650000e+01
    endloop
  endfacet
  facet normal -4.713962e-01 -8.819216e-01  0.000000e+00
    outer loop
      vertex -6.638866e+00  1.288778e+00 -3.650000e+01
      vertex -6.638866e+00  1.288778e+00 -2.650000e+01
      vertex -6.906841e+00  1.432013e+00 -2.650000e+01
    endloop
  endfacet
  facet normal -4.713962e-01 -8.819216e-01  -0.000000e+00
    outer loop
      vertex -6.638866e+00  1.288778e+00 -3.650000e+01
      vertex -6.906841e+00  1.432013e+00 -2.650000e+01
      vertex -6.906841e+00  1.432013e+00 -3.650000e+01
    endloop
  endfacet
  facet normal -2.902848e-01 -9.569402e-01  0.000000e+00
    outer loop
      vertex -6.906841e+00  1.432013e+00 -3.650000e+01
      vertex -6.906841e+00  1.432013e+00 -2.650000e+01
      vertex -7.197610e+00  1.520217e+00 -2.650000e+01
    endloop
  endfacet
  facet normal -2.902848e-01 -9.569402e-01  -0.000000e+00
    outer loop
      vertex -6.906841e+00  1.432013e+00 -3.650000e+01
      vertex -7.197610e+00  1.520217e+00 -2.650000e+01
      vertex -7.197610e+00  1.520217e+00 -3.650000e+01
    endloop
  endfacet
  facet normal -9.801697e-02 -9.951848e-01  0.000000e+00
    outer loop
      vertex -7.197610e+00  1.520217e+00 -3.650000e+01
      vertex -7.197610e+00  1.520217e+00 -2.650000e+01
      vertex -7.500000e+00  1.550000e+00 -2.650000e+01
    endloop
  endfacet
  facet normal -9.801697e-02 -9.951848e-01  -0.000000e+00
    outer loop
      vertex -7.197610e+00  1.520217e+00 -3.650000e+01
      vertex -7.500000e+00  1.550000e+00 -2.650000e+01
      vertex -7.500000e+00  1.550000e+00 -3.650000e+01
    endloop
  endfacet
  facet normal  9.951845e-01 -9.801855e-02  0.000000e+00
    outer loop
      vertex -9.050000e+00  0.000000e+00 -2.650000e+01
      vertex -9.020217e+00  3.023900e-01 -3.650000e+01
      vertex -9.020217e+00  3.023900e-01 -2.650000e+01
    endloop
  endfacet
  facet normal  9.569408e-01 -2.902832e-01  0.000000e+00
    outer loop
      vertex -9.020217e+00  3.023900e-01 -2.650000e+01
      vertex -9.020217e+00  3.023900e-01 -3.650000e+01
      vertex -8.932014e+00  5.931593e-01 -3.650000e+01
    endloop
  endfacet
  facet normal  9.569408e-01 -2.902832e-01  0.000000e+00
    outer loop
      vertex -9.020217e+00  3.023900e-01 -2.650000e+01
      vertex -8.932014e+00  5.931593e-01 -3.650000e+01
      vertex -8.932014e+00  5.931593e-01 -2.650000e+01
    endloop
  endfacet
  facet normal  8.819215e-01 -4.713963e-01  0.000000e+00
    outer loop
      vertex -8.932014e+00  5.931593e-01 -2.650000e+01
      vertex -8.932014e+00  5.931593e-01 -3.650000e+01
      vertex -8.788778e+00  8.611339e-01 -3.650000e+01
    endloop
  endfacet
  facet normal  8.819215e-01 -4.713963e-01  0.000000e+00
    outer loop
      vertex -8.932014e+00  5.931593e-01 -2.650000e+01
      vertex -8.788778e+00  8.611339e-01 -3.650000e+01
      vertex -8.788778e+00  8.611339e-01 -2.650000e+01
    endloop
  endfacet
  facet normal  7.730104e-01 -6.343933e-01  0.000000e+00
    outer loop
      vertex -8.788778e+00  8.611339e-01 -2.650000e+01
      vertex -8.788778e+00  8.611339e-01 -3.650000e+01
      vertex -8.596016e+00  1.096015e+00 -3.650000e+01
    endloop
  endfacet
  facet normal  7.730104e-01 -6.343933e-01  0.000000e+00
    outer loop
      vertex -8.788778e+00  8.611339e-01 -2.650000e+01
      vertex -8.596016e+00  1.096015e+00 -3.650000e+01
      vertex -8.596016e+00  1.096015e+00 -2.650000e+01
    endloop
  endfacet
  facet normal  6.343924e-01 -7.730112e-01  0.000000e+00
    outer loop
      vertex -8.596016e+00  1.096015e+00 -2.650000e+01
      vertex -8.596016e+00  1.096015e+00 -3.650000e+01
      vertex -8.361134e+00  1.288778e+00 -3.650000e+01
    endloop
  endfacet
  facet normal  6.343924e-01 -7.730112e-01  0.000000e+00
    outer loop
      vertex -8.596016e+00  1.096015e+00 -2.650000e+01
      vertex -8.361134e+00  1.288778e+00 -3.650000e+01
      vertex -8.361134e+00  1.288778e+00 -2.650000e+01
    endloop
  endfacet
  facet normal  4.713975e-01 -8.819208e-01  0.000000e+00
    outer loop
      vertex -8.361134e+00  1.288778e+00 -2.650000e+01
      vertex -8.361134e+00  1.288778e+00 -3.650000e+01
      vertex -8.093160e+00  1.432013e+00 -3.650000e+01
    endloop
  endfacet
  facet normal  4.713975e-01 -8.819208e-01  0.000000e+00
    outer loop
      vertex -8.361134e+00  1.288778e+00 -2.650000e+01
      vertex -8.093160e+00  1.432013e+00 -3.650000e+01
      vertex -8.093160e+00  1.432013e+00 -2.650000e+01
    endloop
  endfacet
  facet normal  2.902844e-01 -9.569404e-01  0.000000e+00
    outer loop
      vertex -8.093160e+00  1.432013e+00 -2.650000e+01
      vertex -8.093160e+00  1.432013e+00 -3.650000e+01
      vertex -7.802390e+00  1.520217e+00 -3.650000e+01
    endloop
  endfacet
  facet normal  2.902844e-01 -9.569404e-01  0.000000e+00
    outer loop
      vertex -8.093160e+00  1.432013e+00 -2.650000e+01
      vertex -7.802390e+00  1.520217e+00 -3.650000e+01
      vertex -7.802390e+00  1.520217e+00 -2.650000e+01
    endloop
  endfacet
  facet normal  9.801697e-02 -9.951848e-01  0.000000e+00
    outer loop
      vertex -7.802390e+00  1.520217e+00 -2.650000e+01
      vertex -7.802390e+00  1.520217e+00 -3.650000e+01
      vertex -7.500000e+00  1.550000e+00 -3.650000e+01
    endloop
  endfacet
  facet normal  9.801697e-02 -9.951848e-01  0.000000e+00
    outer loop
      vertex -7.802390e+00  1.520217e+00 -2.650000e+01
      vertex -7.500000e+00  1.550000e+00 -3.650000e+01
      vertex -7.500000e+00  1.550000e+00 -2.650000e+01
    endloop
  endfacet
  facet normal  9.951845e-01 -9.801855e-02  9.290847e-19
    outer loop
      vertex -9.020217e+00  3.023900e-01 -3.650000e+01
      vertex -9.050000e+00  0.000000e+00 -2.650000e+01
      vertex -9.050000e+00 -9.478662e-17 -3.650000e+01
    endloop
  endfacet
  facet normal  9.951845e-01  9.801855e-02 -9.290847e-19
    outer loop
      vertex -9.050000e+00 -9.478662e-17 -3.650000e+01
      vertex -9.050000e+00  0.000000e+00 -2.650000e+01
      vertex -9.020217e+00 -3.023900e-01 -2.650000e+01
    endloop
  endfacet
  facet normal  9.951845e-01  9.801855e-02  0.000000e+00
    outer loop
      vertex -9.050000e+00 -9.478662e-17 -3.650000e+01
      vertex -9.020217e+00 -3.023900e-01 -2.650000e+01
      vertex -9.020217e+00 -3.023900e-01 -3.650000e+01
    endloop
  endfacet
  facet normal  9.569408e-01  2.902832e-01  -0.000000e+00
    outer loop
      vertex -9.020217e+00 -3.023900e-01 -3.650000e+01
      vertex -9.020217e+00 -3.023900e-01 -2.650000e+01
      vertex -8.932014e+00 -5.931593e-01 -2.650000e+01
    endloop
  endfacet
  facet normal  9.569408e-01  2.902832e-01  0.000000e+00
    outer loop
      vertex -9.020217e+00 -3.023900e-01 -3.650000e+01
      vertex -8.932014e+00 -5.931593e-01 -2.650000e+01
      vertex -8.932014e+00 -5.931593e-01 -3.650000e+01
    endloop
  endfacet
  facet normal  8.819215e-01  4.713963e-01  -0.000000e+00
    outer loop
      vertex -8.932014e+00 -5.931593e-01 -3.650000e+01
      vertex -8.932014e+00 -5.931593e-01 -2.650000e+01
      vertex -8.788778e+00 -8.611339e-01 -2.650000e+01
    endloop
  endfacet
  facet normal  8.819215e-01  4.713963e-01  0.000000e+00
    outer loop
      vertex -8.932014e+00 -5.931593e-01 -3.650000e+01
      vertex -8.788778e+00 -8.611339e-01 -2.650000e+01
      vertex -8.788778e+00 -8.611339e-01 -3.650000e+01
    endloop
  endfacet
  facet normal  7.730104e-01  6.343933e-01  -0.000000e+00
    outer loop
      vertex -8.788778e+00 -8.611339e-01 -3.650000e+01
      vertex -8.788778e+00 -8.611339e-01 -2.650000e+01
      vertex -8.596016e+00 -1.096015e+00 -2.650000e+01
    endloop
  endfacet
  facet normal  7.730104e-01  6.343933e-01  0.000000e+00
    outer loop
      vertex -8.788778e+00 -8.611339e-01 -3.650000e+01
      vertex -8.596016e+00 -1.096015e+00 -2.650000e+01
      vertex -8.596016e+00 -1.096015e+00 -3.650000e+01
    endloop
  endfacet
  facet normal  6.343924e-01  7.730112e-01  -0.000000e+00
    outer loop
      vertex -8.596016e+00 -1.096015e+00 -3.650000e+01
      vertex -8.596016e+00 -1.096015e+00 -2.650000e+01
      vertex -8.361134e+00 -1.288778e+00 -2.650000e+01
    endloop
  endfacet
  facet normal  6.343924e-01  7.730112e-01  0.000000e+00
    outer loop
      vertex -8.596016e+00 -1.096015e+00 -3.650000e+01
      vertex -8.361134e+00 -1.288778e+00 -2.650000e+01
      vertex -8.361134e+00 -1.288778e+00 -3.650000e+01
    endloop
  endfacet
  facet normal  4.713975e-01  8.819208e-01  -0.000000e+00
    outer loop
      vertex -8.361134e+00 -1.288778e+00 -3.650000e+01
      vertex -8.361134e+00 -1.288778e+00 -2.650000e+01
      vertex -8.093160e+00 -1.432013e+00 -2.650000e+01
    endloop
  endfacet
  facet normal  4.713975e-01  8.819208e-01  0.000000e+00
    outer loop
      vertex -8.361134e+00 -1.288778e+00 -3.650000e+01
      vertex -8.093160e+00 -1.432013e+00 -2.650000e+01
      vertex -8.093160e+00 -1.432013e+00 -3.650000e+01
    endloop
  endfacet
  facet normal  2.902844e-01  9.569404e-01  -0.000000e+00
    outer loop
      vertex -8.093160e+00 -1.432013e+00 -3.650000e+01
      vertex -8.093160e+00 -1.432013e+00 -2.650000e+01
      vertex -7.802390e+00 -1.520217e+00 -2.650000e+01
    endloop
  endfacet
  facet normal  2.902844e-01  9.569404e-01  0.000000e+00
    outer loop
      vertex -8.093160e+00 -1.432013e+00 -3.650000e+01
      vertex -7.802390e+00 -1.520217e+00 -2.650000e+01
      vertex -7.802390e+00 -1.520217e+00 -3.650000e+01
    endloop
  endfacet
  facet normal  9.801697e-02  9.951848e-01  -0.000000e+00
    outer loop
      vertex -7.802390e+00 -1.520217e+00 -3.650000e+01
      vertex -7.802390e+00 -1.520217e+00 -2.650000e+01
      vertex -7.500000e+00 -1.550000e+00 -2.650000e+01
    endloop
  endfacet
  facet normal  9.801697e-02  9.951848e-01  0.000000e+00
    outer loop
      vertex -7.802390e+00 -1.520217e+00 -3.650000e+01
      vertex -7.500000e+00 -1.550000e+00 -2.650000e+01
      vertex -7.500000e+00 -1.550000e+00 -3.650000e+01
    endloop
  endfacet
  facet normal -9.951847e-01  9.801700e-02  0.000000e+00
    outer loop
      vertex -5.950000e+00  2.409089e-17  3.650000e+01
      vertex -5.979783e+00 -3.023900e-01  2.650000e+01
      vertex -5.979783e+00 -3.023900e-01  3.650000e+01
    endloop
  endfacet
  facet normal -9.569403e-01  2.902847e-01  0.000000e+00
    outer loop
      vertex -5.979783e+00 -3.023900e-01  3.650000e+01
      vertex -5.979783e+00 -3.023900e-01  2.650000e+01
      vertex -6.067986e+00 -5.931593e-01  2.650000e+01
    endloop
  endfacet
  facet normal -9.569403e-01  2.902847e-01  0.000000e+00
    outer loop
      vertex -5.979783e+00 -3.023900e-01  3.650000e+01
      vertex -6.067986e+00 -5.931593e-01  2.650000e+01
      vertex -6.067986e+00 -5.931593e-01  3.650000e+01
    endloop
  endfacet
  facet normal -8.819209e-01  4.713975e-01  0.000000e+00
    outer loop
      vertex -6.067986e+00 -5.931593e-01  3.650000e+01
      vertex -6.067986e+00 -5.931593e-01  2.650000e+01
      vertex -6.211222e+00 -8.611339e-01  2.650000e+01
    endloop
  endfacet
  facet normal -8.819209e-01  4.713975e-01  0.000000e+00
    outer loop
      vertex -6.067986e+00 -5.931593e-01  3.650000e+01
      vertex -6.211222e+00 -8.611339e-01  2.650000e+01
      vertex -6.211222e+00 -8.611339e-01  3.650000e+01
    endloop
  endfacet
  facet normal -7.730104e-01  6.343933e-01  0.000000e+00
    outer loop
      vertex -6.211222e+00 -8.611339e-01  3.650000e+01
      vertex -6.211222e+00 -8.611339e-01  2.650000e+01
      vertex -6.403985e+00 -1.096015e+00  2.650000e+01
    endloop
  endfacet
  facet normal -7.730104e-01  6.343933e-01  0.000000e+00
    outer loop
      vertex -6.211222e+00 -8.611339e-01  3.650000e+01
      vertex -6.403985e+00 -1.096015e+00  2.650000e+01
      vertex -6.403985e+00 -1.096015e+00  3.650000e+01
    endloop
  endfacet
  facet normal -6.343939e-01  7.730100e-01  0.000000e+00
    outer loop
      vertex -6.403985e+00 -1.096015e+00  3.650000e+01
      vertex -6.403985e+00 -1.096015e+00  2.650000e+01
      vertex -6.638866e+00 -1.288778e+00  2.650000e+01
    endloop
  endfacet
  facet normal -6.343939e-01  7.730100e-01  0.000000e+00
    outer loop
      vertex -6.403985e+00 -1.096015e+00  3.650000e+01
      vertex -6.638866e+00 -1.288778e+00  2.650000e+01
      vertex -6.638866e+00 -1.288778e+00  3.650000e+01
    endloop
  endfacet
  facet normal -4.713962e-01  8.819216e-01  0.000000e+00
    outer loop
      vertex -6.638866e+00 -1.288778e+00  3.650000e+01
      vertex -6.638866e+00 -1.288778e+00  2.650000e+01
      vertex -6.906841e+00 -1.432013e+00  2.650000e+01
    endloop
  endfacet
  facet normal -4.713962e-01  8.819216e-01  0.000000e+00
    outer loop
      vertex -6.638866e+00 -1.288778e+00  3.650000e+01
      vertex -6.906841e+00 -1.432013e+00  2.650000e+01
      vertex -6.906841e+00 -1.432013e+00  3.650000e+01
    endloop
  endfacet
  facet normal -2.902848e-01  9.569402e-01  0.000000e+00
    outer loop
      vertex -6.906841e+00 -1.432013e+00  3.650000e+01
      vertex -6.906841e+00 -1.432013e+00  2.650000e+01
      vertex -7.197610e+00 -1.520217e+00  2.650000e+01
    endloop
  endfacet
  facet normal -2.902848e-01  9.569402e-01  0.000000e+00
    outer loop
      vertex -6.906841e+00 -1.432013e+00  3.650000e+01
      vertex -7.197610e+00 -1.520217e+00  2.650000e+01
      vertex -7.197610e+00 -1.520217e+00  3.650000e+01
    endloop
  endfacet
  facet normal -9.801697e-02  9.951848e-01  0.000000e+00
    outer loop
      vertex -7.197610e+00 -1.520217e+00  3.650000e+01
      vertex -7.197610e+00 -1.520217e+00  2.650000e+01
      vertex -7.500000e+00 -1.550000e+00  2.650000e+01
    endloop
  endfacet
  facet normal -9.801697e-02  9.951848e-01  0.000000e+00
    outer loop
      vertex -7.197610e+00 -1.520217e+00  3.650000e+01
      vertex -7.500000e+00 -1.550000e+00  2.650000e+01
      vertex -7.500000e+00 -1.550000e+00  3.650000e+01
    endloop
  endfacet
  facet normal -9.951847e-01  9.801700e-02  3.458650e-17
    outer loop
      vertex -5.979783e+00 -3.023900e-01  2.650000e+01
      vertex -5.950000e+00  2.409089e-17  3.650000e+01
      vertex -5.950000e+00  3.552714e-15  2.650000e+01
    endloop
  endfacet
  facet normal -9.951847e-01 -9.801700e-02 -3.458650e-17
    outer loop
      vertex -5.950000e+00  3.552714e-15  2.650000e+01
      vertex -5.950000e+00  2.409089e-17  3.650000e+01
      vertex -5.979783e+00  3.023900e-01  3.650000e+01
    endloop
  endfacet
  facet normal -9.951847e-01 -9.801700e-02  -0.000000e+00
    outer loop
      vertex -5.950000e+00  3.552714e-15  2.650000e+01
      vertex -5.979783e+00  3.023900e-01  3.650000e+01
      vertex -5.979783e+00  3.023900e-01  2.650000e+01
    endloop
  endfacet
  facet normal -9.569403e-01 -2.902847e-01  0.000000e+00
    outer loop
      vertex -5.979783e+00  3.023900e-01  2.650000e+01
      vertex -5.979783e+00  3.023900e-01  3.650000e+01
      vertex -6.067986e+00  5.931593e-01  3.650000e+01
    endloop
  endfacet
  facet normal -9.569403e-01 -2.902847e-01  -0.000000e+00
    outer loop
      vertex -5.979783e+00  3.023900e-01  2.650000e+01
      vertex -6.067986e+00  5.931593e-01  3.650000e+01
      vertex -6.067986e+00  5.931593e-01  2.650000e+01
    endloop
  endfacet
  facet normal -8.819209e-01 -4.713975e-01  0.000000e+00
    outer loop
      vertex -6.067986e+00  5.931593e-01  2.650000e+01
      vertex -6.067986e+00  5.931593e-01  3.650000e+01
      vertex -6.211222e+00  8.611339e-01  3.650000e+01
    endloop
  endfacet
  facet normal -8.819209e-01 -4.713975e-01  -0.000000e+00
    outer loop
      vertex -6.067986e+00  5.931593e-01  2.650000e+01
      vertex -6.211222e+00  8.611339e-01  3.650000e+01
      vertex -6.211222e+00  8.611339e-01  2.650000e+01
    endloop
  endfacet
  facet normal -7.730104e-01 -6.343933e-01  0.000000e+00
    outer loop
      vertex -6.211222e+00  8.611339e-01  2.650000e+01
      vertex -6.211222e+00  8.611339e-01  3.650000e+01
      vertex -6.403985e+00  1.096015e+00  3.650000e+01
    endloop
  endfacet
  facet normal -7.730104e-01 -6.343933e-01  -0.000000e+00
    outer loop
      vertex -6.211222e+00  8.611339e-01  2.650000e+01
      vertex -6.403985e+00  1.096015e+00  3.650000e+01
      vertex -6.403985e+00  1.096015e+00  2.650000e+01
    endloop
  endfacet
  facet normal -6.343939e-01 -7.730100e-01  0.000000e+00
    outer loop
      vertex -6.403985e+00  1.096015e+00  2.650000e+01
      vertex -6.403985e+00  1.096015e+00  3.650000e+01
      vertex -6.638866e+00  1.288778e+00  3.650000e+01
    endloop
  endfacet
  facet normal -6.343939e-01 -7.730100e-01  -0.000000e+00
    outer loop
      vertex -6.403985e+00  1.096015e+00  2.650000e+01
      vertex -6.638866e+00  1.288778e+00  3.650000e+01
      vertex -6.638866e+00  1.288778e+00  2.650000e+01
    endloop
  endfacet
  facet normal -4.713962e-01 -8.819216e-01  0.000000e+00
    outer loop
      vertex -6.638866e+00  1.288778e+00  2.650000e+01
      vertex -6.638866e+00  1.288778e+00  3.650000e+01
      vertex -6.906841e+00  1.432013e+00  3.650000e+01
    endloop
  endfacet
  facet normal -4.713962e-01 -8.819216e-01  -0.000000e+00
    outer loop
      vertex -6.638866e+00  1.288778e+00  2.650000e+01
      vertex -6.906841e+00  1.432013e+00  3.650000e+01
      vertex -6.906841e+00  1.432013e+00  2.650000e+01
    endloop
  endfacet
  facet normal -2.902848e-01 -9.569402e-01  0.000000e+00
    outer loop
      vertex -6.906841e+00  1.432013e+00  2.650000e+01
      vertex -6.906841e+00  1.432013e+00  3.650000e+01
      vertex -7.197610e+00  1.520217e+00  3.650000e+01
    endloop
  endfacet
  facet normal -2.902848e-01 -9.569402e-01  -0.000000e+00
    outer loop
      vertex -6.906841e+00  1.432013e+00  2.650000e+01
      vertex -7.197610e+00  1.520217e+00  3.650000e+01
      vertex -7.197610e+00  1.520217e+00  2.650000e+01
    endloop
  endfacet
  facet normal -9.801697e-02 -9.951848e-01  0.000000e+00
    outer loop
      vertex -7.197610e+00  1.520217e+00  2.650000e+01
      vertex -7.197610e+00  1.520217e+00  3.650000e+01
      vertex -7.500000e+00  1.550000e+00  3.650000e+01
    endloop
  endfacet
  facet normal -9.801697e-02 -9.951848e-01  -0.000000e+00
    outer loop
      vertex -7.197610e+00  1.520217e+00  2.650000e+01
      vertex -7.500000e+00  1.550000e+00  3.650000e+01
      vertex -7.500000e+00  1.550000e+00  2.650000e+01
    endloop
  endfacet
  facet normal  9.951845e-01 -9.801855e-02  0.000000e+00
    outer loop
      vertex -9.050000e+00 -9.478662e-17  3.650000e+01
      vertex -9.020217e+00  3.023900e-01  2.650000e+01
      vertex -9.020217e+00  3.023900e-01  3.650000e+01
    endloop
  endfacet
  facet normal  9.569408e-01 -2.902832e-01  0.000000e+00
    outer loop
      vertex -9.020217e+00  3.023900e-01  3.650000e+01
      vertex -9.020217e+00  3.023900e-01  2.650000e+01
      vertex -8.932014e+00  5.931593e-01  2.650000e+01
    endloop
  endfacet
  facet normal  9.569408e-01 -2.902832e-01  0.000000e+00
    outer loop
      vertex -9.020217e+00  3.023900e-01  3.650000e+01
      vertex -8.932014e+00  5.931593e-01  2.650000e+01
      vertex -8.932014e+00  5.931593e-01  3.650000e+01
    endloop
  endfacet
  facet normal  8.819215e-01 -4.713963e-01  0.000000e+00
    outer loop
      vertex -8.932014e+00  5.931593e-01  3.650000e+01
      vertex -8.932014e+00  5.931593e-01  2.650000e+01
      vertex -8.788778e+00  8.611339e-01  2.650000e+01
    endloop
  endfacet
  facet normal  8.819215e-01 -4.713963e-01  0.000000e+00
    outer loop
      vertex -8.932014e+00  5.931593e-01  3.650000e+01
      vertex -8.788778e+00  8.611339e-01  2.650000e+01
      vertex -8.788778e+00  8.611339e-01  3.650000e+01
    endloop
  endfacet
  facet normal  7.730104e-01 -6.343933e-01  0.000000e+00
    outer loop
      vertex -8.788778e+00  8.611339e-01  3.650000e+01
      vertex -8.788778e+00  8.611339e-01  2.650000e+01
      vertex -8.596016e+00  1.096015e+00  2.650000e+01
    endloop
  endfacet
  facet normal  7.730104e-01 -6.343933e-01  0.000000e+00
    outer loop
      vertex -8.788778e+00  8.611339e-01  3.650000e+01
      vertex -8.596016e+00  1.096015e+00  2.650000e+01
      vertex -8.596016e+00  1.096015e+00  3.650000e+01
    endloop
  endfacet
  facet normal  6.343924e-01 -7.730112e-01  0.000000e+00
    outer loop
      vertex -8.596016e+00  1.096015e+00  3.650000e+01
      vertex -8.596016e+00  1.096015e+00  2.650000e+01
      vertex -8.361134e+00  1.288778e+00  2.650000e+01
    endloop
  endfacet
  facet normal  6.343924e-01 -7.730112e-01  0.000000e+00
    outer loop
      vertex -8.596016e+00  1.096015e+00  3.650000e+01
      vertex -8.361134e+00  1.288778e+00  2.650000e+01
      vertex -8.361134e+00  1.288778e+00  3.650000e+01
    endloop
  endfacet
  facet normal  4.713975e-01 -8.819208e-01  0.000000e+00
    outer loop
      vertex -8.361134e+00  1.288778e+00  3.650000e+01
      vertex -8.361134e+00  1.288778e+00  2.650000e+01
      vertex -8.093160e+00  1.432013e+00  2.650000e+01
    endloop
  endfacet
  facet normal  4.713975e-01 -8.819208e-01  0.000000e+00
    outer loop
      vertex -8.361134e+00  1.288778e+00  3.650000e+01
      vertex -8.093160e+00  1.432013e+00  2.650000e+01
      vertex -8.093160e+00  1.432013e+00  3.650000e+01
    endloop
  endfacet
  facet normal  2.902844e-01 -9.569404e-01  0.000000e+00
    outer loop
      vertex -8.093160e+00  1.432013e+00  3.650000e+01
      vertex -8.093160e+00  1.432013e+00  2.650000e+01
      vertex -7.802390e+00  1.520217e+00  2.650000e+01
    endloop
  endfacet
  facet normal  2.902844e-01 -9.569404e-01  0.000000e+00
    outer loop
      vertex -8.093160e+00  1.432013e+00  3.650000e+01
      vertex -7.802390e+00  1.520217e+00  2.650000e+01
      vertex -7.802390e+00  1.520217e+00  3.650000e+01
    endloop
  endfacet
  facet normal  9.801697e-02 -9.951848e-01  0.000000e+00
    outer loop
      vertex -7.802390e+00  1.520217e+00  3.650000e+01
      vertex -7.802390e+00  1.520217e+00  2.650000e+01
      vertex -7.500000e+00  1.550000e+00  2.650000e+01
    endloop
  endfacet
  facet normal  9.801697e-02 -9.951848e-01  0.000000e+00
    outer loop
      vertex -7.802390e+00  1.520217e+00  3.650000e+01
      vertex -7.500000e+00  1.550000e+00  2.650000e+01
      vertex -7.500000e+00  1.550000e+00  3.650000e+01
    endloop
  endfacet
  facet normal  9.951845e-01 -9.801855e-02 -3.575227e-17
    outer loop
      vertex -9.020217e+00  3.023900e-01  2.650000e+01
      vertex -9.050000e+00 -9.478662e-17  3.650000e+01
      vertex -9.050000e+00  3.552714e-15  2.650000e+01
    endloop
  endfacet
  facet normal  9.951845e-01  9.801855e-02  3.575227e-17
    outer loop
      vertex -9.050000e+00  3.552714e-15  2.650000e+01
      vertex -9.050000e+00 -9.478662e-17  3.650000e+01
      vertex -9.020217e+00 -3.023900e-01  3.650000e+01
    endloop
  endfacet
  facet normal  9.951845e-01  9.801855e-02  0.000000e+00
    outer loop
      vertex -9.050000e+00  3.552714e-15  2.650000e+01
      vertex -9.020217e+00 -3.023900e-01  3.650000e+01
      vertex -9.020217e+00 -3.023900e-01  2.650000e+01
    endloop
  endfacet
  facet normal  9.569408e-01  2.902832e-01  -0.000000e+00
    outer loop
      vertex -9.020217e+00 -3.023900e-01  2.650000e+01
      vertex -9.020217e+00 -3.023900e-01  3.650000e+01
      vertex -8.932014e+00 -5.931593e-01  3.650000e+01
    endloop
  endfacet
  facet normal  9.569408e-01  2.902832e-01  0.000000e+00
    outer loop
      vertex -9.020217e+00 -3.023900e-01  2.650000e+01
      vertex -8.932014e+00 -5.931593e-01  3.650000e+01
      vertex -8.932014e+00 -5.931593e-01  2.650000e+01
    endloop
  endfacet
  facet normal  8.819215e-01  4.713963e-01  -0.000000e+00
    outer loop
      vertex -8.932014e+00 -5.931593e-01  2.650000e+01
      vertex -8.932014e+00 -5.931593e-01  3.650000e+01
      vertex -8.788778e+00 -8.611339e-01  3.650000e+01
    endloop
  endfacet
  facet normal  8.819215e-01  4.713963e-01  0.000000e+00
    outer loop
      vertex -8.932014e+00 -5.931593e-01  2.650000e+01
      vertex -8.788778e+00 -8.611339e-01  3.650000e+01
      vertex -8.788778e+00 -8.611339e-01  2.650000e+01
    endloop
  endfacet
  facet normal  7.730104e-01  6.343933e-01  -0.000000e+00
    outer loop
      vertex -8.788778e+00 -8.611339e-01  2.650000e+01
      vertex -8.788778e+00 -8.611339e-01  3.650000e+01
      vertex -8.596016e+00 -1.096015e+00  3.650000e+01
    endloop
  endfacet
  facet normal  7.730104e-01  6.343933e-01  0.000000e+00
    outer loop
      vertex -8.788778e+00 -8.611339e-01  2.650000e+01
      vertex -8.596016e+00 -1.096015e+00  3.650000e+01
      vertex -8.596016e+00 -1.096015e+00  2.650000e+01
    endloop
  endfacet
  facet normal  6.343924e-01  7.730112e-01  -0.000000e+00
    outer loop
      vertex -8.596016e+00 -1.096015e+00  2.650000e+01
      vertex -8.596016e+00 -1.096015e+00  3.650000e+01
      vertex -8.361134e+00 -1.288778e+00  3.650000e+01
    endloop
  endfacet
  facet normal  6.343924e-01  7.730112e-01  0.000000e+00
    outer loop
      vertex -8.596016e+00 -1.096015e+00  2.650000e+01
      vertex -8.361134e+00 -1.288778e+00  3.650000e+01
      vertex -8.361134e+00 -1.288778e+00  2.650000e+01
    endloop
  endfacet
  facet normal  4.713975e-01  8.819208e-01  -0.000000e+00
    outer loop
      vertex -8.361134e+00 -1.288778e+00  2.650000e+01
      vertex -8.361134e+00 -1.288778e+00  3.650000e+01
      vertex -8.093160e+00 -1.432013e+00  3.650000e+01
    endloop
  endfacet
  facet normal  4.713975e-01  8.819208e-01  0.000000e+00
    outer loop
      vertex -8.361134e+00 -1.288778e+00  2.650000e+01
      vertex -8.093160e+00 -1.432013e+00  3.650000e+01
      vertex -8.093160e+00 -1.432013e+00  2.650000e+01
    endloop
  endfacet
  facet normal  2.902844e-01  9.569404e-01  -0.000000e+00
    outer loop
      vertex -8.093160e+00 -1.432013e+00  2.650000e+01
      vertex -8.093160e+00 -1.432013e+00  3.650000e+01
      vertex -7.802390e+00 -1.520217e+00  3.650000e+01
    endloop
  endfacet
  facet normal  2.902844e-01  9.569404e-01  0.000000e+00
    outer loop
      vertex -8.093160e+00 -1.432013e+00  2.650000e+01
      vertex -7.802390e+00 -1.520217e+00  3.650000e+01
      vertex -7.802390e+00 -1.520217e+00  2.650000e+01
    endloop
  endfacet
  facet normal  9.801697e-02  9.951848e-01  -0.000000e+00
    outer loop
      vertex -7.802390e+00 -1.520217e+00  2.650000e+01
      vertex -7.802390e+00 -1.520217e+00  3.650000e+01
      vertex -7.500000e+00 -1.550000e+00  3.650000e+01
    endloop
  endfacet
  facet normal  9.801697e-02  9.951848e-01  0.000000e+00
    outer loop
      vertex -7.802390e+00 -1.520217e+00  2.650000e+01
      vertex -7.500000e+00 -1.550000e+00  3.650000e+01
      vertex -7.500000e+00 -1.550000e+00  2.650000e+01
    endloop
  endfacet
  facet normal  9.801700e-02  9.951847e-01  -0.000000e+00
    outer loop
      vertex -3.402415e-16  5.950000e+00  3.650000e+01
      vertex -3.023900e-01  5.979783e+00  2.650000e+01
      vertex -3.023900e-01  5.979783e+00  3.650000e+01
    endloop
  endfacet
  facet normal  2.902847e-01  9.569403e-01  0.000000e+00
    outer loop
      vertex -3.023900e-01  5.979783e+00  3.650000e+01
      vertex -3.023900e-01  5.979783e+00  2.650000e+01
      vertex -5.931593e-01  6.067986e+00  2.650000e+01
    endloop
  endfacet
  facet normal  2.902847e-01  9.569403e-01  -0.000000e+00
    outer loop
      vertex -3.023900e-01  5.979783e+00  3.650000e+01
      vertex -5.931593e-01  6.067986e+00  2.650000e+01
      vertex -5.931593e-01  6.067986e+00  3.650000e+01
    endloop
  endfacet
  facet normal  4.713975e-01  8.819209e-01  0.000000e+00
    outer loop
      vertex -5.931593e-01  6.067986e+00  3.650000e+01
      vertex -5.931593e-01  6.067986e+00  2.650000e+01
      vertex -8.611339e-01  6.211222e+00  2.650000e+01
    endloop
  endfacet
  facet normal  4.713975e-01  8.819209e-01  -0.000000e+00
    outer loop
      vertex -5.931593e-01  6.067986e+00  3.650000e+01
      vertex -8.611339e-01  6.211222e+00  2.650000e+01
      vertex -8.611339e-01  6.211222e+00  3.650000e+01
    endloop
  endfacet
  facet normal  6.343933e-01  7.730104e-01  0.000000e+00
    outer loop
      vertex -8.611339e-01  6.211222e+00  3.650000e+01
      vertex -8.611339e-01  6.211222e+00  2.650000e+01
      vertex -1.096015e+00  6.403985e+00  2.650000e+01
    endloop
  endfacet
  facet normal  6.343933e-01  7.730104e-01  -0.000000e+00
    outer loop
      vertex -8.611339e-01  6.211222e+00  3.650000e+01
      vertex -1.096015e+00  6.403985e+00  2.650000e+01
      vertex -1.096015e+00  6.403985e+00  3.650000e+01
    endloop
  endfacet
  facet normal  7.730100e-01  6.343939e-01  0.000000e+00
    outer loop
      vertex -1.096015e+00  6.403985e+00  3.650000e+01
      vertex -1.096015e+00  6.403985e+00  2.650000e+01
      vertex -1.288778e+00  6.638866e+00  2.650000e+01
    endloop
  endfacet
  facet normal  7.730100e-01  6.343939e-01  -0.000000e+00
    outer loop
      vertex -1.096015e+00  6.403985e+00  3.650000e+01
      vertex -1.288778e+00  6.638866e+00  2.650000e+01
      vertex -1.288778e+00  6.638866e+00  3.650000e+01
    endloop
  endfacet
  facet normal  8.819216e-01  4.713962e-01  0.000000e+00
    outer loop
      vertex -1.288778e+00  6.638866e+00  3.650000e+01
      vertex -1.288778e+00  6.638866e+00  2.650000e+01
      vertex -1.432013e+00  6.906841e+00  2.650000e+01
    endloop
  endfacet
  facet normal  8.819216e-01  4.713962e-01  -0.000000e+00
    outer loop
      vertex -1.288778e+00  6.638866e+00  3.650000e+01
      vertex -1.432013e+00  6.906841e+00  2.650000e+01
      vertex -1.432013e+00  6.906841e+00  3.650000e+01
    endloop
  endfacet
  facet normal  9.569402e-01  2.902848e-01  0.000000e+00
    outer loop
      vertex -1.432013e+00  6.906841e+00  3.650000e+01
      vertex -1.432013e+00  6.906841e+00  2.650000e+01
      vertex -1.520217e+00  7.197610e+00  2.650000e+01
    endloop
  endfacet
  facet normal  9.569402e-01  2.902848e-01  -0.000000e+00
    outer loop
      vertex -1.432013e+00  6.906841e+00  3.650000e+01
      vertex -1.520217e+00  7.197610e+00  2.650000e+01
      vertex -1.520217e+00  7.197610e+00  3.650000e+01
    endloop
  endfacet
  facet normal  9.951848e-01  9.801697e-02  0.000000e+00
    outer loop
      vertex -1.520217e+00  7.197610e+00  3.650000e+01
      vertex -1.520217e+00  7.197610e+00  2.650000e+01
      vertex -1.550000e+00  7.500000e+00  2.650000e+01
    endloop
  endfacet
  facet normal  9.951848e-01  9.801697e-02  -0.000000e+00
    outer loop
      vertex -1.520217e+00  7.197610e+00  3.650000e+01
      vertex -1.550000e+00  7.500000e+00  2.650000e+01
      vertex -1.550000e+00  7.500000e+00  3.650000e+01
    endloop
  endfacet
  facet normal  9.801700e-02  9.951847e-01 -2.790842e-18
    outer loop
      vertex -3.023900e-01  5.979783e+00  2.650000e+01
      vertex -3.402415e-16  5.950000e+00  3.650000e+01
      vertex -6.249719e-16  5.950000e+00  2.650000e+01
    endloop
  endfacet
  facet normal -9.801700e-02  9.951847e-01  2.790842e-18
    outer loop
      vertex -6.249719e-16  5.950000e+00  2.650000e+01
      vertex -3.402415e-16  5.950000e+00  3.650000e+01
      vertex  3.023900e-01  5.979783e+00  3.650000e+01
    endloop
  endfacet
  facet normal -9.801700e-02  9.951847e-01  0.000000e+00
    outer loop
      vertex -6.249719e-16  5.950000e+00  2.650000e+01
      vertex  3.023900e-01  5.979783e+00  3.650000e+01
      vertex  3.023900e-01  5.979783e+00  2.650000e+01
    endloop
  endfacet
  facet normal -2.902847e-01  9.569403e-01  0.000000e+00
    outer loop
      vertex  3.023900e-01  5.979783e+00  2.650000e+01
      vertex  3.023900e-01  5.979783e+00  3.650000e+01
      vertex  5.931593e-01  6.067986e+00  3.650000e+01
    endloop
  endfacet
  facet normal -2.902847e-01  9.569403e-01  0.000000e+00
    outer loop
      vertex  3.023900e-01  5.979783e+00  2.650000e+01
      vertex  5.931593e-01  6.067986e+00  3.650000e+01
      vertex  5.931593e-01  6.067986e+00  2.650000e+01
    endloop
  endfacet
  facet normal -4.713975e-01  8.819209e-01  0.000000e+00
    outer loop
      vertex  5.931593e-01  6.067986e+00  2.650000e+01
      vertex  5.931593e-01  6.067986e+00  3.650000e+01
      vertex  8.611339e-01  6.211222e+00  3.650000e+01
    endloop
  endfacet
  facet normal -4.713975e-01  8.819209e-01  0.000000e+00
    outer loop
      vertex  5.931593e-01  6.067986e+00  2.650000e+01
      vertex  8.611339e-01  6.211222e+00  3.650000e+01
      vertex  8.611339e-01  6.211222e+00  2.650000e+01
    endloop
  endfacet
  facet normal -6.343933e-01  7.730104e-01  0.000000e+00
    outer loop
      vertex  8.611339e-01  6.211222e+00  2.650000e+01
      vertex  8.611339e-01  6.211222e+00  3.650000e+01
      vertex  1.096015e+00  6.403985e+00  3.650000e+01
    endloop
  endfacet
  facet normal -6.343933e-01  7.730104e-01  0.000000e+00
    outer loop
      vertex  8.611339e-01  6.211222e+00  2.650000e+01
      vertex  1.096015e+00  6.403985e+00  3.650000e+01
      vertex  1.096015e+00  6.403985e+00  2.650000e+01
    endloop
  endfacet
  facet normal -7.730100e-01  6.343939e-01  0.000000e+00
    outer loop
      vertex  1.096015e+00  6.403985e+00  2.650000e+01
      vertex  1.096015e+00  6.403985e+00  3.650000e+01
      vertex  1.288778e+00  6.638866e+00  3.650000e+01
    endloop
  endfacet
  facet normal -7.730100e-01  6.343939e-01  0.000000e+00
    outer loop
      vertex  1.096015e+00  6.403985e+00  2.650000e+01
      vertex  1.288778e+00  6.638866e+00  3.650000e+01
      vertex  1.288778e+00  6.638866e+00  2.650000e+01
    endloop
  endfacet
  facet normal -8.819216e-01  4.713962e-01  0.000000e+00
    outer loop
      vertex  1.288778e+00  6.638866e+00  2.650000e+01
      vertex  1.288778e+00  6.638866e+00  3.650000e+01
      vertex  1.432013e+00  6.906841e+00  3.650000e+01
    endloop
  endfacet
  facet normal -8.819216e-01  4.713962e-01  0.000000e+00
    outer loop
      vertex  1.288778e+00  6.638866e+00  2.650000e+01
      vertex  1.432013e+00  6.906841e+00  3.650000e+01
      vertex  1.432013e+00  6.906841e+00  2.650000e+01
    endloop
  endfacet
  facet normal -9.569402e-01  2.902848e-01  0.000000e+00
    outer loop
      vertex  1.432013e+00  6.906841e+00  2.650000e+01
      vertex  1.432013e+00  6.906841e+00  3.650000e+01
      vertex  1.520217e+00  7.197610e+00  3.650000e+01
    endloop
  endfacet
  facet normal -9.569402e-01  2.902848e-01  0.000000e+00
    outer loop
      vertex  1.432013e+00  6.906841e+00  2.650000e+01
      vertex  1.520217e+00  7.197610e+00  3.650000e+01
      vertex  1.520217e+00  7.197610e+00  2.650000e+01
    endloop
  endfacet
  facet normal -9.951848e-01  9.801697e-02  0.000000e+00
    outer loop
      vertex  1.520217e+00  7.197610e+00  2.650000e+01
      vertex  1.520217e+00  7.197610e+00  3.650000e+01
      vertex  1.550000e+00  7.500000e+00  3.650000e+01
    endloop
  endfacet
  facet normal -9.951848e-01  9.801697e-02  0.000000e+00
    outer loop
      vertex  1.520217e+00  7.197610e+00  2.650000e+01
      vertex  1.550000e+00  7.500000e+00  3.650000e+01
      vertex  1.550000e+00  7.500000e+00  2.650000e+01
    endloop
  endfacet
  facet normal  9.801700e-02  9.951847e-01  -0.000000e+00
    outer loop
      vertex -1.052547e-15  5.950000e+00 -2.650000e+01
      vertex -3.023900e-01  5.979783e+00 -3.650000e+01
      vertex -3.023900e-01  5.979783e+00 -2.650000e+01
    endloop
  endfacet
  facet normal  2.902847e-01  9.569403e-01  0.000000e+00
    outer loop
      vertex -3.023900e-01  5.979783e+00 -2.650000e+01
      vertex -3.023900e-01  5.979783e+00 -3.650000e+01
      vertex -5.931593e-01  6.067986e+00 -3.650000e+01
    endloop
  endfacet
  facet normal  2.902847e-01  9.569403e-01  -0.000000e+00
    outer loop
      vertex -3.023900e-01  5.979783e+00 -2.650000e+01
      vertex -5.931593e-01  6.067986e+00 -3.650000e+01
      vertex -5.931593e-01  6.067986e+00 -2.650000e+01
    endloop
  endfacet
  facet normal  4.713975e-01  8.819209e-01  0.000000e+00
    outer loop
      vertex -5.931593e-01  6.067986e+00 -2.650000e+01
      vertex -5.931593e-01  6.067986e+00 -3.650000e+01
      vertex -8.611339e-01  6.211222e+00 -3.650000e+01
    endloop
  endfacet
  facet normal  4.713975e-01  8.819209e-01  -0.000000e+00
    outer loop
      vertex -5.931593e-01  6.067986e+00 -2.650000e+01
      vertex -8.611339e-01  6.211222e+00 -3.650000e+01
      vertex -8.611339e-01  6.211222e+00 -2.650000e+01
    endloop
  endfacet
  facet normal  6.343933e-01  7.730104e-01  0.000000e+00
    outer loop
      vertex -8.611339e-01  6.211222e+00 -2.650000e+01
      vertex -8.611339e-01  6.211222e+00 -3.650000e+01
      vertex -1.096015e+00  6.403985e+00 -3.650000e+01
    endloop
  endfacet
  facet normal  6.343933e-01  7.730104e-01  -0.000000e+00
    outer loop
      vertex -8.611339e-01  6.211222e+00 -2.650000e+01
      vertex -1.096015e+00  6.403985e+00 -3.650000e+01
      vertex -1.096015e+00  6.403985e+00 -2.650000e+01
    endloop
  endfacet
  facet normal  7.730100e-01  6.343939e-01  0.000000e+00
    outer loop
      vertex -1.096015e+00  6.403985e+00 -2.650000e+01
      vertex -1.096015e+00  6.403985e+00 -3.650000e+01
      vertex -1.288778e+00  6.638866e+00 -3.650000e+01
    endloop
  endfacet
  facet normal  7.730100e-01  6.343939e-01  -0.000000e+00
    outer loop
      vertex -1.096015e+00  6.403985e+00 -2.650000e+01
      vertex -1.288778e+00  6.638866e+00 -3.650000e+01
      vertex -1.288778e+00  6.638866e+00 -2.650000e+01
    endloop
  endfacet
  facet normal  8.819216e-01  4.713962e-01  0.000000e+00
    outer loop
      vertex -1.288778e+00  6.638866e+00 -2.650000e+01
      vertex -1.288778e+00  6.638866e+00 -3.650000e+01
      vertex -1.432013e+00  6.906841e+00 -3.650000e+01
    endloop
  endfacet
  facet normal  8.819216e-01  4.713962e-01  -0.000000e+00
    outer loop
      vertex -1.288778e+00  6.638866e+00 -2.650000e+01
      vertex -1.432013e+00  6.906841e+00 -3.650000e+01
      vertex -1.432013e+00  6.906841e+00 -2.650000e+01
    endloop
  endfacet
  facet normal  9.569402e-01  2.902848e-01  0.000000e+00
    outer loop
      vertex -1.432013e+00  6.906841e+00 -2.650000e+01
      vertex -1.432013e+00  6.906841e+00 -3.650000e+01
      vertex -1.520217e+00  7.197610e+00 -3.650000e+01
    endloop
  endfacet
  facet normal  9.569402e-01  2.902848e-01  -0.000000e+00
    outer loop
      vertex -1.432013e+00  6.906841e+00 -2.650000e+01
      vertex -1.520217e+00  7.197610e+00 -3.650000e+01
      vertex -1.520217e+00  7.197610e+00 -2.650000e+01
    endloop
  endfacet
  facet normal  9.951848e-01  9.801697e-02  0.000000e+00
    outer loop
      vertex -1.520217e+00  7.197610e+00 -2.650000e+01
      vertex -1.520217e+00  7.197610e+00 -3.650000e+01
      vertex -1.550000e+00  7.500000e+00 -3.650000e+01
    endloop
  endfacet
  facet normal  9.951848e-01  9.801697e-02  -0.000000e+00
    outer loop
      vertex -1.520217e+00  7.197610e+00 -2.650000e+01
      vertex -1.550000e+00  7.500000e+00 -3.650000e+01
      vertex -1.550000e+00  7.500000e+00 -2.650000e+01
    endloop
  endfacet
  facet normal  9.801700e-02  9.951847e-01  6.981806e-18
    outer loop
      vertex -3.023900e-01  5.979783e+00 -3.650000e+01
      vertex -1.052547e-15  5.950000e+00 -2.650000e+01
      vertex -3.402415e-16  5.950000e+00 -3.650000e+01
    endloop
  endfacet
  facet normal -9.801700e-02  9.951847e-01 -6.981806e-18
    outer loop
      vertex -3.402415e-16  5.950000e+00 -3.650000e+01
      vertex -1.052547e-15  5.950000e+00 -2.650000e+01
      vertex  3.023900e-01  5.979783e+00 -2.650000e+01
    endloop
  endfacet
  facet normal -9.801700e-02  9.951847e-01  0.000000e+00
    outer loop
      vertex -3.402415e-16  5.950000e+00 -3.650000e+01
      vertex  3.023900e-01  5.979783e+00 -2.650000e+01
      vertex  3.023900e-01  5.979783e+00 -3.650000e+01
    endloop
  endfacet
  facet normal -2.902847e-01  9.569403e-01  0.000000e+00
    outer loop
      vertex  3.023900e-01  5.979783e+00 -3.650000e+01
      vertex  3.023900e-01  5.979783e+00 -2.650000e+01
      vertex  5.931593e-01  6.067986e+00 -2.650000e+01
    endloop
  endfacet
  facet normal -2.902847e-01  9.569403e-01  0.000000e+00
    outer loop
      vertex  3.023900e-01  5.979783e+00 -3.650000e+01
      vertex  5.931593e-01  6.067986e+00 -2.650000e+01
      vertex  5.931593e-01  6.067986e+00 -3.650000e+01
    endloop
  endfacet
  facet normal -4.713975e-01  8.819209e-01  0.000000e+00
    outer loop
      vertex  5.931593e-01  6.067986e+00 -3.650000e+01
      vertex  5.931593e-01  6.067986e+00 -2.650000e+01
      vertex  8.611339e-01  6.211222e+00 -2.650000e+01
    endloop
  endfacet
  facet normal -4.713975e-01  8.819209e-01  0.000000e+00
    outer loop
      vertex  5.931593e-01  6.067986e+00 -3.650000e+01
      vertex  8.611339e-01  6.211222e+00 -2.650000e+01
      vertex  8.611339e-01  6.211222e+00 -3.650000e+01
    endloop
  endfacet
  facet normal -6.343933e-01  7.730104e-01  0.000000e+00
    outer loop
      vertex  8.611339e-01  6.211222e+00 -3.650000e+01
      vertex  8.611339e-01  6.211222e+00 -2.650000e+01
      vertex  1.096015e+00  6.403985e+00 -2.650000e+01
    endloop
  endfacet
  facet normal -6.343933e-01  7.730104e-01  0.000000e+00
    outer loop
      vertex  8.611339e-01  6.211222e+00 -3.650000e+01
      vertex  1.096015e+00  6.403985e+00 -2.650000e+01
      vertex  1.096015e+00  6.403985e+00 -3.650000e+01
    endloop
  endfacet
  facet normal -7.730100e-01  6.343939e-01  0.000000e+00
    outer loop
      vertex  1.096015e+00  6.403985e+00 -3.650000e+01
      vertex  1.096015e+00  6.403985e+00 -2.650000e+01
      vertex  1.288778e+00  6.638866e+00 -2.650000e+01
    endloop
  endfacet
  facet normal -7.730100e-01  6.343939e-01  0.000000e+00
    outer loop
      vertex  1.096015e+00  6.403985e+00 -3.650000e+01
      vertex  1.288778e+00  6.638866e+00 -2.650000e+01
      vertex  1.288778e+00  6.638866e+00 -3.650000e+01
    endloop
  endfacet
  facet normal -8.819216e-01  4.713962e-01  0.000000e+00
    outer loop
      vertex  1.288778e+00  6.638866e+00 -3.650000e+01
      vertex  1.288778e+00  6.638866e+00 -2.650000e+01
      vertex  1.432013e+00  6.906841e+00 -2.650000e+01
    endloop
  endfacet
  facet normal -8.819216e-01  4.713962e-01  0.000000e+00
    outer loop
      vertex  1.288778e+00  6.638866e+00 -3.650000e+01
      vertex  1.432013e+00  6.906841e+00 -2.650000e+01
      vertex  1.432013e+00  6.906841e+00 -3.650000e+01
    endloop
  endfacet
  facet normal -9.569402e-01  2.902848e-01  0.000000e+00
    outer loop
      vertex  1.432013e+00  6.906841e+00 -3.650000e+01
      vertex  1.432013e+00  6.906841e+00 -2.650000e+01
      vertex  1.520217e+00  7.197610e+00 -2.650000e+01
    endloop
  endfacet
  facet normal -9.569402e-01  2.902848e-01  0.000000e+00
    outer loop
      vertex  1.432013e+00  6.906841e+00 -3.650000e+01
      vertex  1.520217e+00  7.197610e+00 -2.650000e+01
      vertex  1.520217e+00  7.197610e+00 -3.650000e+01
    endloop
  endfacet
  facet normal -9.951848e-01  9.801697e-02  0.000000e+00
    outer loop
      vertex  1.520217e+00  7.197610e+00 -3.650000e+01
      vertex  1.520217e+00  7.197610e+00 -2.650000e+01
      vertex  1.550000e+00  7.500000e+00 -2.650000e+01
    endloop
  endfacet
  facet normal -9.951848e-01  9.801697e-02  0.000000e+00
    outer loop
      vertex  1.520217e+00  7.197610e+00 -3.650000e+01
      vertex  1.550000e+00  7.500000e+00 -2.650000e+01
      vertex  1.550000e+00  7.500000e+00 -3.650000e+01
    endloop
  endfacet
  facet normal -9.801855e-02 -9.951845e-01  0.000000e+00
    outer loop
      vertex  3.939898e-17  9.050000e+00  3.650000e+01
      vertex  3.023900e-01  9.020217e+00  2.650000e+01
      vertex  3.023900e-01  9.020217e+00  3.650000e+01
    endloop
  endfacet
  facet normal -2.902832e-01 -9.569408e-01  -0.000000e+00
    outer loop
      vertex  3.023900e-01  9.020217e+00  3.650000e+01
      vertex  3.023900e-01  9.020217e+00  2.650000e+01
      vertex  5.931593e-01  8.932014e+00  2.650000e+01
    endloop
  endfacet
  facet normal -2.902832e-01 -9.569408e-01  0.000000e+00
    outer loop
      vertex  3.023900e-01  9.020217e+00  3.650000e+01
      vertex  5.931593e-01  8.932014e+00  2.650000e+01
      vertex  5.931593e-01  8.932014e+00  3.650000e+01
    endloop
  endfacet
  facet normal -4.713963e-01 -8.819215e-01  -0.000000e+00
    outer loop
      vertex  5.931593e-01  8.932014e+00  3.650000e+01
      vertex  5.931593e-01  8.932014e+00  2.650000e+01
      vertex  8.611339e-01  8.788778e+00  2.650000e+01
    endloop
  endfacet
  facet normal -4.713963e-01 -8.819215e-01  0.000000e+00
    outer loop
      vertex  5.931593e-01  8.932014e+00  3.650000e+01
      vertex  8.611339e-01  8.788778e+00  2.650000e+01
      vertex  8.611339e-01  8.788778e+00  3.650000e+01
    endloop
  endfacet
  facet normal -6.343933e-01 -7.730104e-01  -0.000000e+00
    outer loop
      vertex  8.611339e-01  8.788778e+00  3.650000e+01
      vertex  8.611339e-01  8.788778e+00  2.650000e+01
      vertex  1.096015e+00  8.596016e+00  2.650000e+01
    endloop
  endfacet
  facet normal -6.343933e-01 -7.730104e-01  0.000000e+00
    outer loop
      vertex  8.611339e-01  8.788778e+00  3.650000e+01
      vertex  1.096015e+00  8.596016e+00  2.650000e+01
      vertex  1.096015e+00  8.596016e+00  3.650000e+01
    endloop
  endfacet
  facet normal -7.730112e-01 -6.343924e-01  -0.000000e+00
    outer loop
      vertex  1.096015e+00  8.596016e+00  3.650000e+01
      vertex  1.096015e+00  8.596016e+00  2.650000e+01
      vertex  1.288778e+00  8.361134e+00  2.650000e+01
    endloop
  endfacet
  facet normal -7.730112e-01 -6.343924e-01  0.000000e+00
    outer loop
      vertex  1.096015e+00  8.596016e+00  3.650000e+01
      vertex  1.288778e+00  8.361134e+00  2.650000e+01
      vertex  1.288778e+00  8.361134e+00  3.650000e+01
    endloop
  endfacet
  facet normal -8.819208e-01 -4.713975e-01  -0.000000e+00
    outer loop
      vertex  1.288778e+00  8.361134e+00  3.650000e+01
      vertex  1.288778e+00  8.361134e+00  2.650000e+01
      vertex  1.432013e+00  8.093160e+00  2.650000e+01
    endloop
  endfacet
  facet normal -8.819208e-01 -4.713975e-01  0.000000e+00
    outer loop
      vertex  1.288778e+00  8.361134e+00  3.650000e+01
      vertex  1.432013e+00  8.093160e+00  2.650000e+01
      vertex  1.432013e+00  8.093160e+00  3.650000e+01
    endloop
  endfacet
  facet normal -9.569404e-01 -2.902844e-01  -0.000000e+00
    outer loop
      vertex  1.432013e+00  8.093160e+00  3.650000e+01
      vertex  1.432013e+00  8.093160e+00  2.650000e+01
      vertex  1.520217e+00  7.802390e+00  2.650000e+01
    endloop
  endfacet
  facet normal -9.569404e-01 -2.902844e-01  0.000000e+00
    outer loop
      vertex  1.432013e+00  8.093160e+00  3.650000e+01
      vertex  1.520217e+00  7.802390e+00  2.650000e+01
      vertex  1.520217e+00  7.802390e+00  3.650000e+01
    endloop
  endfacet
  facet normal -9.951848e-01 -9.801697e-02  -0.000000e+00
    outer loop
      vertex  1.520217e+00  7.802390e+00  3.650000e+01
      vertex  1.520217e+00  7.802390e+00  2.650000e+01
      vertex  1.550000e+00  7.500000e+00  2.650000e+01
    endloop
  endfacet
  facet normal -9.951848e-01 -9.801697e-02  0.000000e+00
    outer loop
      vertex  1.520217e+00  7.802390e+00  3.650000e+01
      vertex  1.550000e+00  7.500000e+00  2.650000e+01
      vertex  1.550000e+00  7.500000e+00  3.650000e+01
    endloop
  endfacet
  facet normal -9.801855e-02 -9.951845e-01  1.070310e-17
    outer loop
      vertex  3.023900e-01  9.020217e+00  2.650000e+01
      vertex  3.939898e-17  9.050000e+00  3.650000e+01
      vertex -1.052547e-15  9.050000e+00  2.650000e+01
    endloop
  endfacet
  facet normal  9.801855e-02 -9.951845e-01 -1.070310e-17
    outer loop
      vertex -1.052547e-15  9.050000e+00  2.650000e+01
      vertex  3.939898e-17  9.050000e+00  3.650000e+01
      vertex -3.023900e-01  9.020217e+00  3.650000e+01
    endloop
  endfacet
  facet normal  9.801855e-02 -9.951845e-01  0.000000e+00
    outer loop
      vertex -1.052547e-15  9.050000e+00  2.650000e+01
      vertex -3.023900e-01  9.020217e+00  3.650000e+01
      vertex -3.023900e-01  9.020217e+00  2.650000e+01
    endloop
  endfacet
  facet normal  2.902832e-01 -9.569408e-01  0.000000e+00
    outer loop
      vertex -3.023900e-01  9.020217e+00  2.650000e+01
      vertex -3.023900e-01  9.020217e+00  3.650000e+01
      vertex -5.931593e-01  8.932014e+00  3.650000e+01
    endloop
  endfacet
  facet normal  2.902832e-01 -9.569408e-01  0.000000e+00
    outer loop
      vertex -3.023900e-01  9.020217e+00  2.650000e+01
      vertex -5.931593e-01  8.932014e+00  3.650000e+01
      vertex -5.931593e-01  8.932014e+00  2.650000e+01
    endloop
  endfacet
  facet normal  4.713963e-01 -8.819215e-01  0.000000e+00
    outer loop
      vertex -5.931593e-01  8.932014e+00  2.650000e+01
      vertex -5.931593e-01  8.932014e+00  3.650000e+01
      vertex -8.611339e-01  8.788778e+00  3.650000e+01
    endloop
  endfacet
  facet normal  4.713963e-01 -8.819215e-01  0.000000e+00
    outer loop
      vertex -5.931593e-01  8.932014e+00  2.650000e+01
      vertex -8.611339e-01  8.788778e+00  3.650000e+01
      vertex -8.611339e-01  8.788778e+00  2.650000e+01
    endloop
  endfacet
  facet normal  6.343933e-01 -7.730104e-01  0.000000e+00
    outer loop
      vertex -8.611339e-01  8.788778e+00  2.650000e+01
      vertex -8.611339e-01  8.788778e+00  3.650000e+01
      vertex -1.096015e+00  8.596016e+00  3.650000e+01
    endloop
  endfacet
  facet normal  6.343933e-01 -7.730104e-01  0.000000e+00
    outer loop
      vertex -8.611339e-01  8.788778e+00  2.650000e+01
      vertex -1.096015e+00  8.596016e+00  3.650000e+01
      vertex -1.096015e+00  8.596016e+00  2.650000e+01
    endloop
  endfacet
  facet normal  7.730112e-01 -6.343924e-01  0.000000e+00
    outer loop
      vertex -1.096015e+00  8.596016e+00  2.650000e+01
      vertex -1.096015e+00  8.596016e+00  3.650000e+01
      vertex -1.288778e+00  8.361134e+00  3.650000e+01
    endloop
  endfacet
  facet normal  7.730112e-01 -6.343924e-01  0.000000e+00
    outer loop
      vertex -1.096015e+00  8.596016e+00  2.650000e+01
      vertex -1.288778e+00  8.361134e+00  3.650000e+01
      vertex -1.288778e+00  8.361134e+00  2.650000e+01
    endloop
  endfacet
  facet normal  8.819208e-01 -4.713975e-01  0.000000e+00
    outer loop
      vertex -1.288778e+00  8.361134e+00  2.650000e+01
      vertex -1.288778e+00  8.361134e+00  3.650000e+01
      vertex -1.432013e+00  8.093160e+00  3.650000e+01
    endloop
  endfacet
  facet normal  8.819208e-01 -4.713975e-01  0.000000e+00
    outer loop
      vertex -1.288778e+00  8.361134e+00  2.650000e+01
      vertex -1.432013e+00  8.093160e+00  3.650000e+01
      vertex -1.432013e+00  8.093160e+00  2.650000e+01
    endloop
  endfacet
  facet normal  9.569404e-01 -2.902844e-01  0.000000e+00
    outer loop
      vertex -1.432013e+00  8.093160e+00  2.650000e+01
      vertex -1.432013e+00  8.093160e+00  3.650000e+01
      vertex -1.520217e+00  7.802390e+00  3.650000e+01
    endloop
  endfacet
  facet normal  9.569404e-01 -2.902844e-01  0.000000e+00
    outer loop
      vertex -1.432013e+00  8.093160e+00  2.650000e+01
      vertex -1.520217e+00  7.802390e+00  3.650000e+01
      vertex -1.520217e+00  7.802390e+00  2.650000e+01
    endloop
  endfacet
  facet normal  9.951848e-01 -9.801697e-02  0.000000e+00
    outer loop
      vertex -1.520217e+00  7.802390e+00  2.650000e+01
      vertex -1.520217e+00  7.802390e+00  3.650000e+01
      vertex -1.550000e+00  7.500000e+00  3.650000e+01
    endloop
  endfacet
  facet normal  9.951848e-01 -9.801697e-02  0.000000e+00
    outer loop
      vertex -1.520217e+00  7.802390e+00  2.650000e+01
      vertex -1.550000e+00  7.500000e+00  3.650000e+01
      vertex -1.550000e+00  7.500000e+00  2.650000e+01
    endloop
  endfacet
  facet normal -9.801855e-02 -9.951845e-01  0.000000e+00
    outer loop
      vertex -6.249719e-16  9.050000e+00 -2.650000e+01
      vertex  3.023900e-01  9.020217e+00 -3.650000e+01
      vertex  3.023900e-01  9.020217e+00 -2.650000e+01
    endloop
  endfacet
  facet normal -2.902832e-01 -9.569408e-01  -0.000000e+00
    outer loop
      vertex  3.023900e-01  9.020217e+00 -2.650000e+01
      vertex  3.023900e-01  9.020217e+00 -3.650000e+01
      vertex  5.931593e-01  8.932014e+00 -3.650000e+01
    endloop
  endfacet
  facet normal -2.902832e-01 -9.569408e-01  0.000000e+00
    outer loop
      vertex  3.023900e-01  9.020217e+00 -2.650000e+01
      vertex  5.931593e-01  8.932014e+00 -3.650000e+01
      vertex  5.931593e-01  8.932014e+00 -2.650000e+01
    endloop
  endfacet
  facet normal -4.713963e-01 -8.819215e-01  -0.000000e+00
    outer loop
      vertex  5.931593e-01  8.932014e+00 -2.650000e+01
      vertex  5.931593e-01  8.932014e+00 -3.650000e+01
      vertex  8.611339e-01  8.788778e+00 -3.650000e+01
    endloop
  endfacet
  facet normal -4.713963e-01 -8.819215e-01  0.000000e+00
    outer loop
      vertex  5.931593e-01  8.932014e+00 -2.650000e+01
      vertex  8.611339e-01  8.788778e+00 -3.650000e+01
      vertex  8.611339e-01  8.788778e+00 -2.650000e+01
    endloop
  endfacet
  facet normal -6.343933e-01 -7.730104e-01  -0.000000e+00
    outer loop
      vertex  8.611339e-01  8.788778e+00 -2.650000e+01
      vertex  8.611339e-01  8.788778e+00 -3.650000e+01
      vertex  1.096015e+00  8.596016e+00 -3.650000e+01
    endloop
  endfacet
  facet normal -6.343933e-01 -7.730104e-01  0.000000e+00
    outer loop
      vertex  8.611339e-01  8.788778e+00 -2.650000e+01
      vertex  1.096015e+00  8.596016e+00 -3.650000e+01
      vertex  1.096015e+00  8.596016e+00 -2.650000e+01
    endloop
  endfacet
  facet normal -7.730112e-01 -6.343924e-01  -0.000000e+00
    outer loop
      vertex  1.096015e+00  8.596016e+00 -2.650000e+01
      vertex  1.096015e+00  8.596016e+00 -3.650000e+01
      vertex  1.288778e+00  8.361134e+00 -3.650000e+01
    endloop
  endfacet
  facet normal -7.730112e-01 -6.343924e-01  0.000000e+00
    outer loop
      vertex  1.096015e+00  8.596016e+00 -2.650000e+01
      vertex  1.288778e+00  8.361134e+00 -3.650000e+01
      vertex  1.288778e+00  8.361134e+00 -2.650000e+01
    endloop
  endfacet
  facet normal -8.819208e-01 -4.713975e-01  -0.000000e+00
    outer loop
      vertex  1.288778e+00  8.361134e+00 -2.650000e+01
      vertex  1.288778e+00  8.361134e+00 -3.650000e+01
      vertex  1.432013e+00  8.093160e+00 -3.650000e+01
    endloop
  endfacet
  facet normal -8.819208e-01 -4.713975e-01  0.000000e+00
    outer loop
      vertex  1.288778e+00  8.361134e+00 -2.650000e+01
      vertex  1.432013e+00  8.093160e+00 -3.650000e+01
      vertex  1.432013e+00  8.093160e+00 -2.650000e+01
    endloop
  endfacet
  facet normal -9.569404e-01 -2.902844e-01  -0.000000e+00
    outer loop
      vertex  1.432013e+00  8.093160e+00 -2.650000e+01
      vertex  1.432013e+00  8.093160e+00 -3.650000e+01
      vertex  1.520217e+00  7.802390e+00 -3.650000e+01
    endloop
  endfacet
  facet normal -9.569404e-01 -2.902844e-01  0.000000e+00
    outer loop
      vertex  1.432013e+00  8.093160e+00 -2.650000e+01
      vertex  1.520217e+00  7.802390e+00 -3.650000e+01
      vertex  1.520217e+00  7.802390e+00 -2.650000e+01
    endloop
  endfacet
  facet normal -9.951848e-01 -9.801697e-02  -0.000000e+00
    outer loop
      vertex  1.520217e+00  7.802390e+00 -2.650000e+01
      vertex  1.520217e+00  7.802390e+00 -3.650000e+01
      vertex  1.550000e+00  7.500000e+00 -3.650000e+01
    endloop
  endfacet
  facet normal -9.951848e-01 -9.801697e-02  0.000000e+00
    outer loop
      vertex  1.520217e+00  7.802390e+00 -2.650000e+01
      vertex  1.550000e+00  7.500000e+00 -3.650000e+01
      vertex  1.550000e+00  7.500000e+00 -2.650000e+01
    endloop
  endfacet
  facet normal -9.801855e-02 -9.951845e-01 -6.512067e-18
    outer loop
      vertex  3.023900e-01  9.020217e+00 -3.650000e+01
      vertex -6.249719e-16  9.050000e+00 -2.650000e+01
      vertex  3.939898e-17  9.050000e+00 -3.650000e+01
    endloop
  endfacet
  facet normal  9.801855e-02 -9.951845e-01  6.512067e-18
    outer loop
      vertex  3.939898e-17  9.050000e+00 -3.650000e+01
      vertex -6.249719e-16  9.050000e+00 -2.650000e+01
      vertex -3.023900e-01  9.020217e+00 -2.650000e+01
    endloop
  endfacet
  facet normal  9.801855e-02 -9.951845e-01  0.000000e+00
    outer loop
      vertex  3.939898e-17  9.050000e+00 -3.650000e+01
      vertex -3.023900e-01  9.020217e+00 -2.650000e+01
      vertex -3.023900e-01  9.020217e+00 -3.650000e+01
    endloop
  endfacet
  facet normal  2.902832e-01 -9.569408e-01  0.000000e+00
    outer loop
      vertex -3.023900e-01  9.020217e+00 -3.650000e+01
      vertex -3.023900e-01  9.020217e+00 -2.650000e+01
      vertex -5.931593e-01  8.932014e+00 -2.650000e+01
    endloop
  endfacet
  facet normal  2.902832e-01 -9.569408e-01  0.000000e+00
    outer loop
      vertex -3.023900e-01  9.020217e+00 -3.650000e+01
      vertex -5.931593e-01  8.932014e+00 -2.650000e+01
      vertex -5.931593e-01  8.932014e+00 -3.650000e+01
    endloop
  endfacet
  facet normal  4.713963e-01 -8.819215e-01  0.000000e+00
    outer loop
      vertex -5.931593e-01  8.932014e+00 -3.650000e+01
      vertex -5.931593e-01  8.932014e+00 -2.650000e+01
      vertex -8.611339e-01  8.788778e+00 -2.650000e+01
    endloop
  endfacet
  facet normal  4.713963e-01 -8.819215e-01  0.000000e+00
    outer loop
      vertex -5.931593e-01  8.932014e+00 -3.650000e+01
      vertex -8.611339e-01  8.788778e+00 -2.650000e+01
      vertex -8.611339e-01  8.788778e+00 -3.650000e+01
    endloop
  endfacet
  facet normal  6.343933e-01 -7.730104e-01  0.000000e+00
    outer loop
      vertex -8.611339e-01  8.788778e+00 -3.650000e+01
      vertex -8.611339e-01  8.788778e+00 -2.650000e+01
      vertex -1.096015e+00  8.596016e+00 -2.650000e+01
    endloop
  endfacet
  facet normal  6.343933e-01 -7.730104e-01  0.000000e+00
    outer loop
      vertex -8.611339e-01  8.788778e+00 -3.650000e+01
      vertex -1.096015e+00  8.596016e+00 -2.650000e+01
      vertex -1.096015e+00  8.596016e+00 -3.650000e+01
    endloop
  endfacet
  facet normal  7.730112e-01 -6.343924e-01  0.000000e+00
    outer loop
      vertex -1.096015e+00  8.596016e+00 -3.650000e+01
      vertex -1.096015e+00  8.596016e+00 -2.650000e+01
      vertex -1.288778e+00  8.361134e+00 -2.650000e+01
    endloop
  endfacet
  facet normal  7.730112e-01 -6.343924e-01  0.000000e+00
    outer loop
      vertex -1.096015e+00  8.596016e+00 -3.650000e+01
      vertex -1.288778e+00  8.361134e+00 -2.650000e+01
      vertex -1.288778e+00  8.361134e+00 -3.650000e+01
    endloop
  endfacet
  facet normal  8.819208e-01 -4.713975e-01  0.000000e+00
    outer loop
      vertex -1.288778e+00  8.361134e+00 -3.650000e+01
      vertex -1.288778e+00  8.361134e+00 -2.650000e+01
      vertex -1.432013e+00  8.093160e+00 -2.650000e+01
    endloop
  endfacet
  facet normal  8.819208e-01 -4.713975e-01  0.000000e+00
    outer loop
      vertex -1.288778e+00  8.361134e+00 -3.650000e+01
      vertex -1.432013e+00  8.093160e+00 -2.650000e+01
      vertex -1.432013e+00  8.093160e+00 -3.650000e+01
    endloop
  endfacet
  facet normal  9.569404e-01 -2.902844e-01  0.000000e+00
    outer loop
      vertex -1.432013e+00  8.093160e+00 -3.650000e+01
      vertex -1.432013e+00  8.093160e+00 -2.650000e+01
      vertex -1.520217e+00  7.802390e+00 -2.650000e+01
    endloop
  endfacet
  facet normal  9.569404e-01 -2.902844e-01  0.000000e+00
    outer loop
      vertex -1.432013e+00  8.093160e+00 -3.650000e+01
      vertex -1.520217e+00  7.802390e+00 -2.650000e+01
      vertex -1.520217e+00  7.802390e+00 -3.650000e+01
    endloop
  endfacet
  facet normal  9.951848e-01 -9.801697e-02  0.000000e+00
    outer loop
      vertex -1.520217e+00  7.802390e+00 -3.650000e+01
      vertex -1.520217e+00  7.802390e+00 -2.650000e+01
      vertex -1.550000e+00  7.500000e+00 -2.650000e+01
    endloop
  endfacet
  facet normal  9.951848e-01 -9.801697e-02  0.000000e+00
    outer loop
      vertex -1.520217e+00  7.802390e+00 -3.650000e+01
      vertex -1.550000e+00  7.500000e+00 -2.650000e+01
      vertex -1.550000e+00  7.500000e+00 -3.650000e+01
    endloop
  endfacet
  facet normal -9.999999e-01  0.000000e+00  0.000000e+00
    outer loop
      vertex -7.500000e+00 -1.768474e+01  3.650000e+01
      vertex -7.500000e+00 -1.768474e+01  2.650000e+01
      vertex -7.500000e+00 -5.959185e+01  3.650000e+01
    endloop
  endfacet
  facet normal -1.000000e+00  0.000000e+00  0.000000e+00
    outer loop
      vertex -7.500000e+00 -5.959185e+01  3.650000e+01
      vertex -7.500000e+00 -1.768474e+01  2.650000e+01
      vertex -7.500000e+00 -2.500000e+01  2.650000e+01
    endloop
  endfacet
  facet normal -1.000000e+00  -0.000000e+00  0.000000e+00
    outer loop
      vertex -7.500000e+00 -5.959185e+01  3.650000e+01
      vertex -7.500000e+00 -2.500000e+01  2.650000e+01
      vertex -7.500000e+00 -5.959185e+01 -3.650000e+01
    endloop
  endfacet
  facet normal -1.000000e+00  0.000000e+00  0.000000e+00
    outer loop
      vertex -7.500000e+00 -5.959185e+01 -3.650000e+01
      vertex -7.500000e+00 -2.500000e+01  2.650000e+01
      vertex -7.500000e+00 -2.500000e+01 -2.650000e+01
    endloop
  endfacet
  facet normal -1.000000e+00  0.000000e+00  -0.000000e+00
    outer loop
      vertex -7.500000e+00 -5.959185e+01 -3.650000e+01
      vertex -7.500000e+00 -2.500000e+01 -2.650000e+01
      vertex -7.500000e+00 -1.768474e+01 -3.650000e+01
    endloop
  endfacet
  facet normal -1.000000e+00  0.000000e+00  0.000000e+00
    outer loop
      vertex -7.500000e+00 -1.768474e+01 -3.650000e+01
      vertex -7.500000e+00 -2.500000e+01 -2.650000e+01
      vertex -7.500000e+00 -1.768474e+01 -2.650000e+01
    endloop
  endfacet
  facet normal -9.539850e-01 -2.998544e-01  -0.000000e+00
    outer loop
      vertex -8.451999e+00 -1.085146e+01  2.650000e+01
      vertex -8.867025e+00 -9.531059e+00  3.650000e+01
      vertex -8.867025e+00 -9.531059e+00  2.650000e+01
    endloop
  endfacet
  facet normal -9.359285e-01 -3.521899e-01  0.000000e+00
    outer loop
      vertex -8.867025e+00 -9.531059e+00  2.650000e+01
      vertex -8.867025e+00 -9.531059e+00  3.650000e+01
      vertex -9.354489e+00 -8.235646e+00  3.650000e+01
    endloop
  endfacet
  facet normal -9.359285e-01 -3.521899e-01  -0.000000e+00
    outer loop
      vertex -8.867025e+00 -9.531059e+00  2.650000e+01
      vertex -9.354489e+00 -8.235646e+00  3.650000e+01
      vertex -9.354489e+00 -8.235646e+00  2.650000e+01
    endloop
  endfacet
  facet normal -9.150026e-01 -4.034477e-01  0.000000e+00
    outer loop
      vertex -9.354489e+00 -8.235646e+00  2.650000e+01
      vertex -9.354489e+00 -8.235646e+00  3.650000e+01
      vertex -9.912899e+00 -6.969196e+00  3.650000e+01
    endloop
  endfacet
  facet normal -9.150026e-01 -4.034477e-01  -0.000000e+00
    outer loop
      vertex -9.354489e+00 -8.235646e+00  2.650000e+01
      vertex -9.912899e+00 -6.969196e+00  3.650000e+01
      vertex -9.912899e+00 -6.969196e+00  2.650000e+01
    endloop
  endfacet
  facet normal -8.912728e-01 -4.534675e-01  0.000000e+00
    outer loop
      vertex -9.912899e+00 -6.969196e+00  2.650000e+01
      vertex -9.912899e+00 -6.969196e+00  3.650000e+01
      vertex -1.054054e+01 -5.735591e+00  3.650000e+01
    endloop
  endfacet
  facet normal -8.912728e-01 -4.534675e-01  -0.000000e+00
    outer loop
      vertex -9.912899e+00 -6.969196e+00  2.650000e+01
      vertex -1.054054e+01 -5.735591e+00  3.650000e+01
      vertex -1.054054e+01 -5.735591e+00  2.650000e+01
    endloop
  endfacet
  facet normal -9.539850e-01 -2.998544e-01  0.000000e+00
    outer loop
      vertex -8.867025e+00 -9.531059e+00  3.650000e+01
      vertex -8.451999e+00 -1.085146e+01  2.650000e+01
      vertex -8.451999e+00 -1.085146e+01  3.650000e+01
    endloop
  endfacet
  facet normal -9.691178e-01 -2.465983e-01  -0.000000e+00
    outer loop
      vertex -8.451999e+00 -1.085146e+01  3.650000e+01
      vertex -8.451999e+00 -1.085146e+01  2.650000e+01
      vertex -8.110683e+00 -1.219281e+01  2.650000e+01
    endloop
  endfacet
  facet normal -9.691178e-01 -2.465983e-01  0.000000e+00
    outer loop
      vertex -8.451999e+00 -1.085146e+01  3.650000e+01
      vertex -8.110683e+00 -1.219281e+01  2.650000e+01
      vertex -8.110683e+00 -1.219281e+01  3.650000e+01
    endloop
  endfacet
  facet normal -9.812799e-01 -1.925871e-01  -0.000000e+00
    outer loop
      vertex -8.110683e+00 -1.219281e+01  3.650000e+01
      vertex -8.110683e+00 -1.219281e+01  2.650000e+01
      vertex -7.844125e+00 -1.355100e+01  2.650000e+01
    endloop
  endfacet
  facet normal -9.812799e-01 -1.925871e-01  0.000000e+00
    outer loop
      vertex -8.110683e+00 -1.219281e+01  3.650000e+01
      vertex -7.844125e+00 -1.355100e+01  2.650000e+01
      vertex -7.844125e+00 -1.355100e+01  3.650000e+01
    endloop
  endfacet
  facet normal -9.904342e-01 -1.379853e-01  -0.000000e+00
    outer loop
      vertex -7.844125e+00 -1.355100e+01  3.650000e+01
      vertex -7.844125e+00 -1.355100e+01  2.650000e+01
      vertex -7.653140e+00 -1.492185e+01  2.650000e+01
    endloop
  endfacet
  facet normal -9.904342e-01 -1.379853e-01  0.000000e+00
    outer loop
      vertex -7.844125e+00 -1.355100e+01  3.650000e+01
      vertex -7.653140e+00 -1.492185e+01  2.650000e+01
      vertex -7.653140e+00 -1.492185e+01  3.650000e+01
    endloop
  endfacet
  facet normal -9.965528e-01 -8.296091e-02  -0.000000e+00
    outer loop
      vertex -7.653140e+00 -1.492185e+01  3.650000e+01
      vertex -7.653140e+00 -1.492185e+01  2.650000e+01
      vertex -7.538314e+00 -1.630118e+01  2.650000e+01
    endloop
  endfacet
  facet normal -9.965528e-01 -8.296091e-02  0.000000e+00
    outer loop
      vertex -7.653140e+00 -1.492185e+01  3.650000e+01
      vertex -7.538314e+00 -1.630118e+01  2.650000e+01
      vertex -7.538314e+00 -1.630118e+01  3.650000e+01
    endloop
  endfacet
  facet normal -9.996167e-01 -2.768189e-02  -0.000000e+00
    outer loop
      vertex -7.538314e+00 -1.630118e+01  3.650000e+01
      vertex -7.538314e+00 -1.630118e+01  2.650000e+01
      vertex -7.500000e+00 -1.768474e+01  2.650000e+01
    endloop
  endfacet
  facet normal -9.996167e-01 -2.768189e-02  0.000000e+00
    outer loop
      vertex -7.538314e+00 -1.630118e+01  3.650000e+01
      vertex -7.500000e+00 -1.768474e+01  2.650000e+01
      vertex -7.500000e+00 -1.768474e+01  3.650000e+01
    endloop
  endfacet
  facet normal -9.539850e-01 -2.998544e-01  -0.000000e+00
    outer loop
      vertex -8.451999e+00 -1.085146e+01 -3.650000e+01
      vertex -8.867025e+00 -9.531059e+00 -2.650000e+01
      vertex -8.867025e+00 -9.531059e+00 -3.650000e+01
    endloop
  endfacet
  facet normal -9.359285e-01 -3.521899e-01  0.000000e+00
    outer loop
      vertex -8.867025e+00 -9.531059e+00 -3.650000e+01
      vertex -8.867025e+00 -9.531059e+00 -2.650000e+01
      vertex -9.354489e+00 -8.235646e+00 -2.650000e+01
    endloop
  endfacet
  facet normal -9.359285e-01 -3.521899e-01  -0.000000e+00
    outer loop
      vertex -8.867025e+00 -9.531059e+00 -3.650000e+01
      vertex -9.354489e+00 -8.235646e+00 -2.650000e+01
      vertex -9.354489e+00 -8.235646e+00 -3.650000e+01
    endloop
  endfacet
  facet normal -9.150026e-01 -4.034477e-01  0.000000e+00
    outer loop
      vertex -9.354489e+00 -8.235646e+00 -3.650000e+01
      vertex -9.354489e+00 -8.235646e+00 -2.650000e+01
      vertex -9.912899e+00 -6.969196e+00 -2.650000e+01
    endloop
  endfacet
  facet normal -9.150026e-01 -4.034477e-01  -0.000000e+00
    outer loop
      vertex -9.354489e+00 -8.235646e+00 -3.650000e+01
      vertex -9.912899e+00 -6.969196e+00 -2.650000e+01
      vertex -9.912899e+00 -6.969196e+00 -3.650000e+01
    endloop
  endfacet
  facet normal -8.912728e-01 -4.534675e-01  0.000000e+00
    outer loop
      vertex -9.912899e+00 -6.969196e+00 -3.650000e+01
      vertex -9.912899e+00 -6.969196e+00 -2.650000e+01
      vertex -1.054054e+01 -5.735591e+00 -2.650000e+01
    endloop
  endfacet
  facet normal -8.912728e-01 -4.534675e-01  -0.000000e+00
    outer loop
      vertex -9.912899e+00 -6.969196e+00 -3.650000e+01
      vertex -1.054054e+01 -5.735591e+00 -2.650000e+01
      vertex -1.054054e+01 -5.735591e+00 -3.650000e+01
    endloop
  endfacet
  facet normal -9.539850e-01 -2.998544e-01  0.000000e+00
    outer loop
      vertex -8.867025e+00 -9.531059e+00 -2.650000e+01
      vertex -8.451999e+00 -1.085146e+01 -3.650000e+01
      vertex -8.451999e+00 -1.085146e+01 -2.650000e+01
    endloop
  endfacet
  facet normal -9.691178e-01 -2.465983e-01  -0.000000e+00
    outer loop
      vertex -8.451999e+00 -1.085146e+01 -2.650000e+01
      vertex -8.451999e+00 -1.085146e+01 -3.650000e+01
      vertex -8.110683e+00 -1.219281e+01 -3.650000e+01
    endloop
  endfacet
  facet normal -9.691178e-01 -2.465983e-01  0.000000e+00
    outer loop
      vertex -8.451999e+00 -1.085146e+01 -2.650000e+01
      vertex -8.110683e+00 -1.219281e+01 -3.650000e+01
      vertex -8.110683e+00 -1.219281e+01 -2.650000e+01
    endloop
  endfacet
  facet normal -9.812799e-01 -1.925871e-01  -0.000000e+00
    outer loop
      vertex -8.110683e+00 -1.219281e+01 -2.650000e+01
      vertex -8.110683e+00 -1.219281e+01 -3.650000e+01
      vertex -7.844125e+00 -1.355100e+01 -3.650000e+01
    endloop
  endfacet
  facet normal -9.812799e-01 -1.925871e-01  0.000000e+00
    outer loop
      vertex -8.110683e+00 -1.219281e+01 -2.650000e+01
      vertex -7.844125e+00 -1.355100e+01 -3.650000e+01
      vertex -7.844125e+00 -1.355100e+01 -2.650000e+01
    endloop
  endfacet
  facet normal -9.904342e-01 -1.379853e-01  -0.000000e+00
    outer loop
      vertex -7.844125e+00 -1.355100e+01 -2.650000e+01
      vertex -7.844125e+00 -1.355100e+01 -3.650000e+01
      vertex -7.653140e+00 -1.492185e+01 -3.650000e+01
    endloop
  endfacet
  facet normal -9.904342e-01 -1.379853e-01  0.000000e+00
    outer loop
      vertex -7.844125e+00 -1.355100e+01 -2.650000e+01
      vertex -7.653140e+00 -1.492185e+01 -3.650000e+01
      vertex -7.653140e+00 -1.492185e+01 -2.650000e+01
    endloop
  endfacet
  facet normal -9.965528e-01 -8.296091e-02  -0.000000e+00
    outer loop
      vertex -7.653140e+00 -1.492185e+01 -2.650000e+01
      vertex -7.653140e+00 -1.492185e+01 -3.650000e+01
      vertex -7.538314e+00 -1.630118e+01 -3.650000e+01
    endloop
  endfacet
  facet normal -9.965528e-01 -8.296091e-02  0.000000e+00
    outer loop
      vertex -7.653140e+00 -1.492185e+01 -2.650000e+01
      vertex -7.538314e+00 -1.630118e+01 -3.650000e+01
      vertex -7.538314e+00 -1.630118e+01 -2.650000e+01
    endloop
  endfacet
  facet normal -9.996167e-01 -2.768189e-02  -0.000000e+00
    outer loop
      vertex -7.538314e+00 -1.630118e+01 -2.650000e+01
      vertex -7.538314e+00 -1.630118e+01 -3.650000e+01
      vertex -7.500000e+00 -1.768474e+01 -3.650000e+01
    endloop
  endfacet
  facet normal -9.996167e-01 -2.768189e-02  0.000000e+00
    outer loop
      vertex -7.538314e+00 -1.630118e+01 -2.650000e+01
      vertex -7.500000e+00 -1.768474e+01 -3.650000e+01
      vertex -7.500000e+00 -1.768474e+01 -2.650000e+01
    endloop
  endfacet
  facet normal  9.921568e-01 -1.250000e-01  0.000000e+00
    outer loop
      vertex  1.190588e+01 -1.500000e+00 -3.650000e+01
      vertex  1.190588e+01 -1.500000e+00 -2.650000e+01
      vertex  4.586995e+00 -5.959185e+01 -3.650000e+01
    endloop
  endfacet
  facet normal  9.921567e-01 -1.250000e-01  6.442176e-08
    outer loop
      vertex  4.586995e+00 -5.959185e+01 -3.650000e+01
      vertex  1.190588e+01 -1.500000e+00 -2.650000e+01
      vertex  8.945159e+00 -2.500000e+01 -2.650000e+01
    endloop
  endfacet
  facet normal  9.921567e-01 -1.250000e-01  0.000000e+00
    outer loop
      vertex  4.586995e+00 -5.959185e+01 -3.650000e+01
      vertex  8.945159e+00 -2.500000e+01 -2.650000e+01
      vertex  4.586995e+00 -5.959185e+01  3.650000e+01
    endloop
  endfacet
  facet normal  9.921567e-01 -1.250000e-01  0.000000e+00
    outer loop
      vertex  4.586995e+00 -5.959185e+01  3.650000e+01
      vertex  8.945159e+00 -2.500000e+01 -2.650000e+01
      vertex  8.945159e+00 -2.500000e+01  2.650000e+01
    endloop
  endfacet
  facet normal  9.921567e-01 -1.250000e-01 -2.606064e-08
    outer loop
      vertex  4.586995e+00 -5.959185e+01  3.650000e+01
      vertex  8.945159e+00 -2.500000e+01  2.650000e+01
      vertex  1.190588e+01 -1.500000e+00  3.650000e+01
    endloop
  endfacet
  facet normal  9.921567e-01 -1.250000e-01  0.000000e+00
    outer loop
      vertex  1.190588e+01 -1.500000e+00  3.650000e+01
      vertex  8.945159e+00 -2.500000e+01  2.650000e+01
      vertex  1.190588e+01 -1.500000e+00  2.650000e+01
    endloop
  endfacet
  facet normal  0.000000e+00  1.000000e+00  0.000000e+00
    outer loop
      vertex  8.945159e+00 -2.500000e+01 -2.650000e+01
      vertex -7.500000e+00 -2.500000e+01 -2.650000e+01
      vertex  8.945159e+00 -2.500000e+01  2.650000e+01
    endloop
  endfacet
  facet normal  0.000000e+00  1.000000e+00  0.000000e+00
    outer loop
      vertex  8.945159e+00 -2.500000e+01  2.650000e+01
      vertex -7.500000e+00 -2.500000e+01 -2.650000e+01
      vertex -7.500000e+00 -2.500000e+01  2.650000e+01
    endloop
  endfacet
  facet normal  9.279985e-01 -3.725830e-01  7.124316e-04
    outer loop
      vertex -1.858859e+01 -1.092921e+02 -3.650000e+01
      vertex -1.843135e+01 -1.089195e+02 -4.650000e+01
      vertex -1.836609e+01 -1.087379e+02 -3.650000e+01
    endloop
  endfacet
  facet normal  9.119003e-01 -4.104105e-01 -9.498838e-04
    outer loop
      vertex -1.858859e+01 -1.092921e+02 -3.650000e+01
      vertex -1.870280e+01 -1.095227e+02 -4.650000e+01
      vertex -1.843135e+01 -1.089195e+02 -4.650000e+01
    endloop
  endfacet
  facet normal  9.836195e-01 -1.802566e-01 -6.261283e-04
    outer loop
      vertex -1.811535e+01 -1.076375e+02 -4.650000e+01
      vertex -1.820525e+01 -1.081628e+02 -3.650000e+01
      vertex -1.823458e+01 -1.082881e+02 -4.650000e+01
    endloop
  endfacet
  facet normal  9.630448e-01 -2.693404e-01  5.504101e-04
    outer loop
      vertex -1.823458e+01 -1.082881e+02 -4.650000e+01
      vertex -1.820525e+01 -1.081628e+02 -3.650000e+01
      vertex -1.836609e+01 -1.087379e+02 -3.650000e+01
    endloop
  endfacet
  facet normal  9.547207e-01 -2.975024e-01 -8.258307e-04
    outer loop
      vertex -1.823458e+01 -1.082881e+02 -4.650000e+01
      vertex -1.836609e+01 -1.087379e+02 -3.650000e+01
      vertex -1.843135e+01 -1.089195e+02 -4.650000e+01
    endloop
  endfacet
  facet normal  9.836195e-01 -1.802566e-01  6.261283e-04
    outer loop
      vertex -1.811535e+01 -1.076375e+02  4.650000e+01
      vertex -1.823458e+01 -1.082881e+02  4.650000e+01
      vertex -1.820525e+01 -1.081628e+02  3.650000e+01
    endloop
  endfacet
  facet normal  9.630448e-01 -2.693404e-01 -5.504101e-04
    outer loop
      vertex -1.836609e+01 -1.087379e+02  3.650000e+01
      vertex -1.820525e+01 -1.081628e+02  3.650000e+01
      vertex -1.823458e+01 -1.082881e+02  4.650000e+01
    endloop
  endfacet
  facet normal  9.547207e-01 -2.975024e-01  8.258307e-04
    outer loop
      vertex -1.823458e+01 -1.082881e+02  4.650000e+01
      vertex -1.843135e+01 -1.089195e+02  4.650000e+01
      vertex -1.836609e+01 -1.087379e+02  3.650000e+01
    endloop
  endfacet
  facet normal  9.279985e-01 -3.725830e-01 -7.124316e-04
    outer loop
      vertex -1.858859e+01 -1.092921e+02  3.650000e+01
      vertex -1.836609e+01 -1.087379e+02  3.650000e+01
      vertex -1.843135e+01 -1.089195e+02  4.650000e+01
    endloop
  endfacet
  facet normal  9.119003e-01 -4.104105e-01  9.498827e-04
    outer loop
      vertex -1.858859e+01 -1.092921e+02  3.650000e+01
      vertex -1.843135e+01 -1.089195e+02  4.650000e+01
      vertex -1.870280e+01 -1.095227e+02  4.650000e+01
    endloop
  endfacet
  facet normal  8.961312e-01 -4.437892e-01  0.000000e+00
    outer loop
      vertex -1.858859e+01 -1.092921e+02  3.650000e+01
      vertex -1.870280e+01 -1.095227e+02  4.650000e+01
      vertex -1.870280e+01 -1.095227e+02 -4.650000e+01
    endloop
  endfacet
  facet normal  8.961312e-01 -4.437892e-01  0.000000e+00
    outer loop
      vertex -1.858859e+01 -1.092921e+02  3.650000e+01
      vertex -1.870280e+01 -1.095227e+02 -4.650000e+01
      vertex -1.858859e+01 -1.092921e+02 -3.650000e+01
    endloop
  endfacet
  facet normal -9.981755e-01 -6.037961e-02  -0.000000e+00
    outer loop
      vertex -2.899002e+01 -1.076375e+02 -4.650000e+01
      vertex -2.899002e+01 -1.076375e+02  4.650000e+01
      vertex -2.902995e+01 -1.069773e+02  4.650000e+01
    endloop
  endfacet
  facet normal -9.981755e-01 -6.037961e-02  -0.000000e+00
    outer loop
      vertex -2.899002e+01 -1.076375e+02 -4.650000e+01
      vertex -2.902995e+01 -1.069773e+02  4.650000e+01
      vertex -2.902995e+01 -1.069773e+02  3.650000e+01
    endloop
  endfacet
  facet normal -9.981755e-01 -6.037961e-02  -0.000000e+00
    outer loop
      vertex -2.899002e+01 -1.076375e+02 -4.650000e+01
      vertex -2.902995e+01 -1.069773e+02  3.650000e+01
      vertex -2.902995e+01 -1.069773e+02 -3.650000e+01
    endloop
  endfacet
  facet normal -9.981755e-01 -6.037961e-02  -0.000000e+00
    outer loop
      vertex -2.899002e+01 -1.076375e+02 -4.650000e+01
      vertex -2.902995e+01 -1.069773e+02 -3.650000e+01
      vertex -2.902995e+01 -1.069773e+02 -4.650000e+01
    endloop
  endfacet
  facet normal  9.981755e-01 -6.037961e-02  0.000000e+00
    outer loop
      vertex -1.807541e+01 -1.069773e+02 -4.650000e+01
      vertex -1.807541e+01 -1.069773e+02 -3.650000e+01
      vertex -1.811535e+01 -1.076375e+02 -4.650000e+01
    endloop
  endfacet
  facet normal  9.985129e-01 -5.451405e-02 -3.885975e-04
    outer loop
      vertex -1.811535e+01 -1.076375e+02 -4.650000e+01
      vertex -1.807541e+01 -1.069773e+02 -3.650000e+01
      vertex -1.810797e+01 -1.075736e+02 -3.650000e+01
    endloop
  endfacet
  facet normal  9.866430e-01 -1.628968e-01  3.129364e-04
    outer loop
      vertex -1.811535e+01 -1.076375e+02 -4.650000e+01
      vertex -1.810797e+01 -1.075736e+02 -3.650000e+01
      vertex -1.820525e+01 -1.081628e+02 -3.650000e+01
    endloop
  endfacet
  facet normal  9.985130e-01 -5.451405e-02  0.000000e+00
    outer loop
      vertex -1.807541e+01 -1.069773e+02  3.650000e+01
      vertex -1.807541e+01 -1.069773e+02  4.650000e+01
      vertex -1.810797e+01 -1.075736e+02  3.650000e+01
    endloop
  endfacet
  facet normal  9.981754e-01 -6.037961e-02  3.508563e-04
    outer loop
      vertex -1.810797e+01 -1.075736e+02  3.650000e+01
      vertex -1.807541e+01 -1.069773e+02  4.650000e+01
      vertex -1.811535e+01 -1.076375e+02  4.650000e+01
    endloop
  endfacet
  facet normal  9.866430e-01 -1.628968e-01 -3.129364e-04
    outer loop
      vertex -1.810797e+01 -1.075736e+02  3.650000e+01
      vertex -1.811535e+01 -1.076375e+02  4.650000e+01
      vertex -1.820525e+01 -1.081628e+02  3.650000e+01
    endloop
  endfacet
  facet normal  8.557827e-01 -5.173355e-01  0.000000e+00
    outer loop
      vertex -1.870280e+01 -1.095227e+02 -4.650000e+01
      vertex -1.870280e+01 -1.095227e+02  4.650000e+01
      vertex -1.904498e+01 -1.100887e+02 -4.650000e+01
    endloop
  endfacet
  facet normal  8.557827e-01 -5.173355e-01  0.000000e+00
    outer loop
      vertex -1.904498e+01 -1.100887e+02 -4.650000e+01
      vertex -1.870280e+01 -1.095227e+02  4.650000e+01
      vertex -1.904498e+01 -1.100887e+02  4.650000e+01
    endloop
  endfacet
  facet normal  7.871805e-01 -6.167226e-01  0.000000e+00
    outer loop
      vertex -1.904498e+01 -1.100887e+02 -4.650000e+01
      vertex -1.904498e+01 -1.100887e+02  4.650000e+01
      vertex -1.945289e+01 -1.106094e+02 -4.650000e+01
    endloop
  endfacet
  facet normal  7.871805e-01 -6.167226e-01  0.000000e+00
    outer loop
      vertex -1.945289e+01 -1.106094e+02 -4.650000e+01
      vertex -1.904498e+01 -1.100887e+02  4.650000e+01
      vertex -1.945289e+01 -1.106094e+02  4.650000e+01
    endloop
  endfacet
  facet normal  7.071097e-01 -7.071040e-01  0.000000e+00
    outer loop
      vertex -1.945289e+01 -1.106094e+02 -4.650000e+01
      vertex -1.945289e+01 -1.106094e+02  4.650000e+01
      vertex -1.992058e+01 -1.110771e+02 -4.650000e+01
    endloop
  endfacet
  facet normal  7.071097e-01 -7.071040e-01  0.000000e+00
    outer loop
      vertex -1.992058e+01 -1.110771e+02 -4.650000e+01
      vertex -1.945289e+01 -1.106094e+02  4.650000e+01
      vertex -1.992058e+01 -1.110771e+02  4.650000e+01
    endloop
  endfacet
  facet normal  6.167148e-01 -7.871866e-01  0.000000e+00
    outer loop
      vertex -1.992058e+01 -1.110771e+02 -4.650000e+01
      vertex -1.992058e+01 -1.110771e+02  4.650000e+01
      vertex -2.044124e+01 -1.114850e+02 -4.650000e+01
    endloop
  endfacet
  facet normal  6.167148e-01 -7.871866e-01  0.000000e+00
    outer loop
      vertex -2.044124e+01 -1.114850e+02 -4.650000e+01
      vertex -1.992058e+01 -1.110771e+02  4.650000e+01
      vertex -2.044124e+01 -1.114850e+02  4.650000e+01
    endloop
  endfacet
  facet normal  5.173389e-01 -8.557806e-01  0.000000e+00
    outer loop
      vertex -2.044124e+01 -1.114850e+02 -4.650000e+01
      vertex -2.044124e+01 -1.114850e+02  4.650000e+01
      vertex -2.100727e+01 -1.118271e+02 -4.650000e+01
    endloop
  endfacet
  facet normal  5.173389e-01 -8.557806e-01  0.000000e+00
    outer loop
      vertex -2.100727e+01 -1.118271e+02 -4.650000e+01
      vertex -2.044124e+01 -1.114850e+02  4.650000e+01
      vertex -2.100727e+01 -1.118271e+02  4.650000e+01
    endloop
  endfacet
  facet normal  4.104118e-01 -9.119002e-01  0.000000e+00
    outer loop
      vertex -2.100727e+01 -1.118271e+02 -4.650000e+01
      vertex -2.100727e+01 -1.118271e+02  4.650000e+01
      vertex -2.161042e+01 -1.120986e+02 -4.650000e+01
    endloop
  endfacet
  facet normal  4.104118e-01 -9.119002e-01  0.000000e+00
    outer loop
      vertex -2.161042e+01 -1.120986e+02 -4.650000e+01
      vertex -2.100727e+01 -1.118271e+02  4.650000e+01
      vertex -2.161042e+01 -1.120986e+02  4.650000e+01
    endloop
  endfacet
  facet normal  2.975078e-01 -9.547194e-01  0.000000e+00
    outer loop
      vertex -2.161042e+01 -1.120986e+02 -4.650000e+01
      vertex -2.161042e+01 -1.120986e+02  4.650000e+01
      vertex -2.224189e+01 -1.122954e+02 -4.650000e+01
    endloop
  endfacet
  facet normal  2.975078e-01 -9.547194e-01  0.000000e+00
    outer loop
      vertex -2.224189e+01 -1.122954e+02 -4.650000e+01
      vertex -2.161042e+01 -1.120986e+02  4.650000e+01
      vertex -2.224189e+01 -1.122954e+02  4.650000e+01
    endloop
  endfacet
  facet normal  1.802561e-01 -9.836198e-01  0.000000e+00
    outer loop
      vertex -2.224189e+01 -1.122954e+02 -4.650000e+01
      vertex -2.224189e+01 -1.122954e+02  4.650000e+01
      vertex -2.289247e+01 -1.124146e+02 -4.650000e+01
    endloop
  endfacet
  facet normal  1.802561e-01 -9.836198e-01  0.000000e+00
    outer loop
      vertex -2.289247e+01 -1.124146e+02 -4.650000e+01
      vertex -2.224189e+01 -1.122954e+02  4.650000e+01
      vertex -2.289247e+01 -1.124146e+02  4.650000e+01
    endloop
  endfacet
  facet normal  6.037369e-02 -9.981758e-01  0.000000e+00
    outer loop
      vertex -2.289247e+01 -1.124146e+02 -4.650000e+01
      vertex -2.289247e+01 -1.124146e+02  4.650000e+01
      vertex -2.355268e+01 -1.124545e+02 -4.650000e+01
    endloop
  endfacet
  facet normal  6.037369e-02 -9.981758e-01  0.000000e+00
    outer loop
      vertex -2.355268e+01 -1.124545e+02 -4.650000e+01
      vertex -2.289247e+01 -1.124146e+02  4.650000e+01
      vertex -2.355268e+01 -1.124545e+02  4.650000e+01
    endloop
  endfacet
  facet normal -6.037352e-02 -9.981759e-01  -0.000000e+00
    outer loop
      vertex -2.355268e+01 -1.124545e+02 -4.650000e+01
      vertex -2.355268e+01 -1.124545e+02  4.650000e+01
      vertex -2.421290e+01 -1.124146e+02 -4.650000e+01
    endloop
  endfacet
  facet normal -6.037352e-02 -9.981759e-01  0.000000e+00
    outer loop
      vertex -2.421290e+01 -1.124146e+02 -4.650000e+01
      vertex -2.355268e+01 -1.124545e+02  4.650000e+01
      vertex -2.421290e+01 -1.124146e+02  4.650000e+01
    endloop
  endfacet
  facet normal -1.802561e-01 -9.836198e-01  -0.000000e+00
    outer loop
      vertex -2.421290e+01 -1.124146e+02 -4.650000e+01
      vertex -2.421290e+01 -1.124146e+02  4.650000e+01
      vertex -2.486348e+01 -1.122954e+02 -4.650000e+01
    endloop
  endfacet
  facet normal -1.802561e-01 -9.836198e-01  0.000000e+00
    outer loop
      vertex -2.486348e+01 -1.122954e+02 -4.650000e+01
      vertex -2.421290e+01 -1.124146e+02  4.650000e+01
      vertex -2.486348e+01 -1.122954e+02  4.650000e+01
    endloop
  endfacet
  facet normal -2.975078e-01 -9.547194e-01  -0.000000e+00
    outer loop
      vertex -2.486348e+01 -1.122954e+02 -4.650000e+01
      vertex -2.486348e+01 -1.122954e+02  4.650000e+01
      vertex -2.549495e+01 -1.120986e+02 -4.650000e+01
    endloop
  endfacet
  facet normal -2.975078e-01 -9.547194e-01  0.000000e+00
    outer loop
      vertex -2.549495e+01 -1.120986e+02 -4.650000e+01
      vertex -2.486348e+01 -1.122954e+02  4.650000e+01
      vertex -2.549495e+01 -1.120986e+02  4.650000e+01
    endloop
  endfacet
  facet normal -4.104118e-01 -9.119002e-01  -0.000000e+00
    outer loop
      vertex -2.549495e+01 -1.120986e+02 -4.650000e+01
      vertex -2.549495e+01 -1.120986e+02  4.650000e+01
      vertex -2.609810e+01 -1.118271e+02 -4.650000e+01
    endloop
  endfacet
  facet normal -4.104118e-01 -9.119002e-01  0.000000e+00
    outer loop
      vertex -2.609810e+01 -1.118271e+02 -4.650000e+01
      vertex -2.549495e+01 -1.120986e+02  4.650000e+01
      vertex -2.609810e+01 -1.118271e+02  4.650000e+01
    endloop
  endfacet
  facet normal -5.173389e-01 -8.557806e-01  -0.000000e+00
    outer loop
      vertex -2.609810e+01 -1.118271e+02 -4.650000e+01
      vertex -2.609810e+01 -1.118271e+02  4.650000e+01
      vertex -2.666413e+01 -1.114850e+02 -4.650000e+01
    endloop
  endfacet
  facet normal -5.173389e-01 -8.557806e-01  0.000000e+00
    outer loop
      vertex -2.666413e+01 -1.114850e+02 -4.650000e+01
      vertex -2.609810e+01 -1.118271e+02  4.650000e+01
      vertex -2.666413e+01 -1.114850e+02  4.650000e+01
    endloop
  endfacet
  facet normal -6.167162e-01 -7.871855e-01  -0.000000e+00
    outer loop
      vertex -2.666413e+01 -1.114850e+02 -4.650000e+01
      vertex -2.666413e+01 -1.114850e+02  4.650000e+01
      vertex -2.718478e+01 -1.110771e+02 -4.650000e+01
    endloop
  endfacet
  facet normal -6.167162e-01 -7.871855e-01  0.000000e+00
    outer loop
      vertex -2.718478e+01 -1.110771e+02 -4.650000e+01
      vertex -2.666413e+01 -1.114850e+02  4.650000e+01
      vertex -2.718478e+01 -1.110771e+02  4.650000e+01
    endloop
  endfacet
  facet normal -7.071083e-01 -7.071054e-01  -0.000000e+00
    outer loop
      vertex -2.718478e+01 -1.110771e+02 -4.650000e+01
      vertex -2.718478e+01 -1.110771e+02  4.650000e+01
      vertex -2.765248e+01 -1.106094e+02 -4.650000e+01
    endloop
  endfacet
  facet normal -7.071083e-01 -7.071054e-01  0.000000e+00
    outer loop
      vertex -2.765248e+01 -1.106094e+02 -4.650000e+01
      vertex -2.718478e+01 -1.110771e+02  4.650000e+01
      vertex -2.765248e+01 -1.106094e+02  4.650000e+01
    endloop
  endfacet
  facet normal -7.871805e-01 -6.167226e-01  -0.000000e+00
    outer loop
      vertex -2.765248e+01 -1.106094e+02 -4.650000e+01
      vertex -2.765248e+01 -1.106094e+02  4.650000e+01
      vertex -2.806039e+01 -1.100887e+02 -4.650000e+01
    endloop
  endfacet
  facet normal -7.871805e-01 -6.167226e-01  0.000000e+00
    outer loop
      vertex -2.806039e+01 -1.100887e+02 -4.650000e+01
      vertex -2.765248e+01 -1.106094e+02  4.650000e+01
      vertex -2.806039e+01 -1.100887e+02  4.650000e+01
    endloop
  endfacet
  facet normal -8.557827e-01 -5.173355e-01  -0.000000e+00
    outer loop
      vertex -2.806039e+01 -1.100887e+02 -4.650000e+01
      vertex -2.806039e+01 -1.100887e+02  4.650000e+01
      vertex -2.840257e+01 -1.095227e+02 -4.650000e+01
    endloop
  endfacet
  facet normal -8.557827e-01 -5.173355e-01  0.000000e+00
    outer loop
      vertex -2.840257e+01 -1.095227e+02 -4.650000e+01
      vertex -2.806039e+01 -1.100887e+02  4.650000e+01
      vertex -2.840257e+01 -1.095227e+02  4.650000e+01
    endloop
  endfacet
  facet normal -9.119008e-01 -4.104107e-01  -0.000000e+00
    outer loop
      vertex -2.840257e+01 -1.095227e+02 -4.650000e+01
      vertex -2.840257e+01 -1.095227e+02  4.650000e+01
      vertex -2.867402e+01 -1.089195e+02 -4.650000e+01
    endloop
  endfacet
  facet normal -9.119008e-01 -4.104107e-01  0.000000e+00
    outer loop
      vertex -2.867402e+01 -1.089195e+02 -4.650000e+01
      vertex -2.840257e+01 -1.095227e+02  4.650000e+01
      vertex -2.867402e+01 -1.089195e+02  4.650000e+01
    endloop
  endfacet
  facet normal -9.547210e-01 -2.975025e-01  -0.000000e+00
    outer loop
      vertex -2.867402e+01 -1.089195e+02 -4.650000e+01
      vertex -2.867402e+01 -1.089195e+02  4.650000e+01
      vertex -2.887079e+01 -1.082881e+02 -4.650000e+01
    endloop
  endfacet
  facet normal -9.547210e-01 -2.975025e-01  0.000000e+00
    outer loop
      vertex -2.887079e+01 -1.082881e+02 -4.650000e+01
      vertex -2.867402e+01 -1.089195e+02  4.650000e+01
      vertex -2.887079e+01 -1.082881e+02  4.650000e+01
    endloop
  endfacet
  facet normal -9.836196e-01 -1.802566e-01  -0.000000e+00
    outer loop
      vertex -2.887079e+01 -1.082881e+02 -4.650000e+01
      vertex -2.887079e+01 -1.082881e+02  4.650000e+01
      vertex -2.899002e+01 -1.076375e+02 -4.650000e+01
    endloop
  endfacet
  facet normal -9.836196e-01 -1.802566e-01  0.000000e+00
    outer loop
      vertex -2.899002e+01 -1.076375e+02 -4.650000e+01
      vertex -2.887079e+01 -1.082881e+02  4.650000e+01
      vertex -2.899002e+01 -1.076375e+02  4.650000e+01
    endloop
  endfacet
  facet normal -9.985130e-01  5.451336e-02  0.000000e+00
    outer loop
      vertex -2.902995e+01 -1.069773e+02 -3.650000e+01
      vertex -2.902995e+01 -1.069773e+02  3.650000e+01
      vertex -2.899740e+01 -1.063810e+02 -3.650000e+01
    endloop
  endfacet
  facet normal -9.985130e-01  5.451336e-02  0.000000e+00
    outer loop
      vertex -2.899740e+01 -1.063810e+02 -3.650000e+01
      vertex -2.902995e+01 -1.069773e+02  3.650000e+01
      vertex -2.899740e+01 -1.063810e+02  3.650000e+01
    endloop
  endfacet
  facet normal -9.866430e-01  1.628968e-01  0.000000e+00
    outer loop
      vertex -2.899740e+01 -1.063810e+02 -3.650000e+01
      vertex -2.899740e+01 -1.063810e+02  3.650000e+01
      vertex -2.890012e+01 -1.057918e+02 -3.650000e+01
    endloop
  endfacet
  facet normal -9.866430e-01  1.628968e-01  0.000000e+00
    outer loop
      vertex -2.890012e+01 -1.057918e+02 -3.650000e+01
      vertex -2.899740e+01 -1.063810e+02  3.650000e+01
      vertex -2.890012e+01 -1.057918e+02  3.650000e+01
    endloop
  endfacet
  facet normal -9.630449e-01  2.693405e-01  0.000000e+00
    outer loop
      vertex -2.890012e+01 -1.057918e+02 -3.650000e+01
      vertex -2.890012e+01 -1.057918e+02  3.650000e+01
      vertex -2.873927e+01 -1.052167e+02 -3.650000e+01
    endloop
  endfacet
  facet normal -9.630449e-01  2.693405e-01  0.000000e+00
    outer loop
      vertex -2.873927e+01 -1.052167e+02 -3.650000e+01
      vertex -2.890012e+01 -1.057918e+02  3.650000e+01
      vertex -2.873927e+01 -1.052167e+02  3.650000e+01
    endloop
  endfacet
  facet normal -9.279988e-01  3.725831e-01  0.000000e+00
    outer loop
      vertex -2.873927e+01 -1.052167e+02 -3.650000e+01
      vertex -2.873927e+01 -1.052167e+02  3.650000e+01
      vertex -2.851678e+01 -1.046625e+02 -3.650000e+01
    endloop
  endfacet
  facet normal -9.279988e-01  3.725831e-01  0.000000e+00
    outer loop
      vertex -2.851678e+01 -1.046625e+02 -3.650000e+01
      vertex -2.873927e+01 -1.052167e+02  3.650000e+01
      vertex -2.851678e+01 -1.046625e+02  3.650000e+01
    endloop
  endfacet
  facet normal -9.836195e-01  1.802566e-01 -6.261283e-04
    outer loop
      vertex -2.899002e+01 -1.063171e+02 -4.650000e+01
      vertex -2.890012e+01 -1.057918e+02 -3.650000e+01
      vertex -2.887079e+01 -1.056665e+02 -4.650000e+01
    endloop
  endfacet
  facet normal -9.630448e-01  2.693404e-01  5.504101e-04
    outer loop
      vertex -2.887079e+01 -1.056665e+02 -4.650000e+01
      vertex -2.890012e+01 -1.057918e+02 -3.650000e+01
      vertex -2.873927e+01 -1.052167e+02 -3.650000e+01
    endloop
  endfacet
  facet normal -9.547207e-01  2.975024e-01 -8.258307e-04
    outer loop
      vertex -2.887079e+01 -1.056665e+02 -4.650000e+01
      vertex -2.873927e+01 -1.052167e+02 -3.650000e+01
      vertex -2.867402e+01 -1.050350e+02 -4.650000e+01
    endloop
  endfacet
  facet normal -8.557823e-01  5.173353e-01 -9.704179e-04
    outer loop
      vertex -2.840257e+01 -1.044319e+02 -4.650000e+01
      vertex -2.821084e+01 -1.040959e+02 -3.650000e+01
      vertex -2.806039e+01 -1.038658e+02 -4.650000e+01
    endloop
  endfacet
  facet normal -8.180639e-01  5.751266e-01  9.269348e-04
    outer loop
      vertex -2.806039e+01 -1.038658e+02 -4.650000e+01
      vertex -2.821084e+01 -1.040959e+02 -3.650000e+01
      vertex -2.784053e+01 -1.035692e+02 -3.650000e+01
    endloop
  endfacet
  facet normal -7.871802e-01  6.167223e-01 -9.858267e-04
    outer loop
      vertex -2.806039e+01 -1.038658e+02 -4.650000e+01
      vertex -2.784053e+01 -1.035692e+02 -3.650000e+01
      vertex -2.765248e+01 -1.033452e+02 -4.650000e+01
    endloop
  endfacet
  facet normal -7.449201e-01  6.671529e-01  9.387587e-04
    outer loop
      vertex -2.765248e+01 -1.033452e+02 -4.650000e+01
      vertex -2.784053e+01 -1.035692e+02 -3.650000e+01
      vertex -2.741097e+01 -1.030896e+02 -3.650000e+01
    endloop
  endfacet
  facet normal -7.071079e-01  7.071050e-01 -9.955371e-04
    outer loop
      vertex -2.765248e+01 -1.033452e+02 -4.650000e+01
      vertex -2.741097e+01 -1.030896e+02 -3.650000e+01
      vertex -2.718478e+01 -1.028775e+02 -4.650000e+01
    endloop
  endfacet
  facet normal -6.614799e-01  7.499622e-01  9.455784e-04
    outer loop
      vertex -2.718478e+01 -1.028775e+02 -4.650000e+01
      vertex -2.741097e+01 -1.030896e+02 -3.650000e+01
      vertex -2.692810e+01 -1.026637e+02 -3.650000e+01
    endloop
  endfacet
  facet normal -6.167159e-01  7.871851e-01 -9.992305e-04
    outer loop
      vertex -2.718478e+01 -1.028775e+02 -4.650000e+01
      vertex -2.692810e+01 -1.026637e+02 -3.650000e+01
      vertex -2.666413e+01 -1.024696e+02 -4.650000e+01
    endloop
  endfacet
  facet normal -5.689018e-01  8.224050e-01  9.466043e-04
    outer loop
      vertex -2.692810e+01 -1.026637e+02 -3.650000e+01
      vertex -2.639858e+01 -1.022974e+02 -3.650000e+01
      vertex -2.666413e+01 -1.024696e+02 -4.650000e+01
    endloop
  endfacet
  facet normal -5.173387e-01  8.557802e-01 -9.972746e-04
    outer loop
      vertex -2.609810e+01 -1.021274e+02 -4.650000e+01
      vertex -2.666413e+01 -1.024696e+02 -4.650000e+01
      vertex -2.639858e+01 -1.022974e+02 -3.650000e+01
    endloop
  endfacet
  facet normal -4.684654e-01  8.834813e-01  9.422182e-04
    outer loop
      vertex -2.639858e+01 -1.022974e+02 -3.650000e+01
      vertex -2.582974e+01 -1.019958e+02 -3.650000e+01
      vertex -2.609810e+01 -1.021274e+02 -4.650000e+01
    endloop
  endfacet
  facet normal -4.104116e-01  9.118999e-01 -9.897561e-04
    outer loop
      vertex -2.549495e+01 -1.018559e+02 -4.650000e+01
      vertex -2.609810e+01 -1.021274e+02 -4.650000e+01
      vertex -2.582974e+01 -1.019958e+02 -3.650000e+01
    endloop
  endfacet
  facet normal -3.615583e-01  9.323490e-01  9.317455e-04
    outer loop
      vertex -2.582974e+01 -1.019958e+02 -3.650000e+01
      vertex -2.522943e+01 -1.017630e+02 -3.650000e+01
      vertex -2.549495e+01 -1.018559e+02 -4.650000e+01
    endloop
  endfacet
  facet normal -2.975076e-01  9.547189e-01 -9.768822e-04
    outer loop
      vertex -2.486348e+01 -1.016592e+02 -4.650000e+01
      vertex -2.549495e+01 -1.018559e+02 -4.650000e+01
      vertex -2.522943e+01 -1.017630e+02 -3.650000e+01
    endloop
  endfacet
  facet normal -2.496428e-01  9.683375e-01  9.161153e-04
    outer loop
      vertex -2.522943e+01 -1.017630e+02 -3.650000e+01
      vertex -2.460596e+01 -1.016022e+02 -3.650000e+01
      vertex -2.486348e+01 -1.016592e+02 -4.650000e+01
    endloop
  endfacet
  facet normal -1.802560e-01  9.836193e-01 -9.577633e-04
    outer loop
      vertex -2.421290e+01 -1.015399e+02 -4.650000e+01
      vertex -2.486348e+01 -1.016592e+02 -4.650000e+01
      vertex -2.460596e+01 -1.016022e+02 -3.650000e+01
    endloop
  endfacet
  facet normal -1.342889e-01  9.909418e-01  8.946315e-04
    outer loop
      vertex -2.460596e+01 -1.016022e+02 -3.650000e+01
      vertex -2.396792e+01 -1.015158e+02 -3.650000e+01
      vertex -2.421290e+01 -1.015399e+02 -4.650000e+01
    endloop
  endfacet
  facet normal -6.037349e-02  9.981754e-01 -9.335877e-04
    outer loop
      vertex -2.355268e+01 -1.015000e+02 -4.650000e+01
      vertex -2.421290e+01 -1.015399e+02 -4.650000e+01
      vertex -2.396792e+01 -1.015158e+02 -3.650000e+01
    endloop
  endfacet
  facet normal -1.707491e-02  9.998538e-01  8.669851e-04
    outer loop
      vertex -2.396792e+01 -1.015158e+02 -3.650000e+01
      vertex -2.332415e+01 -1.015048e+02 -3.650000e+01
      vertex -2.355268e+01 -1.015000e+02 -4.650000e+01
    endloop
  endfacet
  facet normal  6.037366e-02  9.981754e-01 -9.037691e-04
    outer loop
      vertex -2.289247e+01 -1.015399e+02 -4.650000e+01
      vertex -2.355268e+01 -1.015000e+02 -4.650000e+01
      vertex -2.332415e+01 -1.015048e+02 -3.650000e+01
    endloop
  endfacet
  facet normal  1.003759e-01  9.949492e-01  8.343880e-04
    outer loop
      vertex -2.332415e+01 -1.015048e+02 -3.650000e+01
      vertex -2.268354e+01 -1.015694e+02 -3.650000e+01
      vertex -2.289247e+01 -1.015399e+02 -4.650000e+01
    endloop
  endfacet
  facet normal  1.802561e-01  9.836193e-01 -8.679691e-04
    outer loop
      vertex -2.224189e+01 -1.016592e+02 -4.650000e+01
      vertex -2.289247e+01 -1.015399e+02 -4.650000e+01
      vertex -2.268354e+01 -1.015694e+02 -3.650000e+01
    endloop
  endfacet
  facet normal  2.164404e-01  9.762955e-01  7.958472e-04
    outer loop
      vertex -2.268354e+01 -1.015694e+02 -3.650000e+01
      vertex -2.205493e+01 -1.017088e+02 -3.650000e+01
      vertex -2.224189e+01 -1.016592e+02 -4.650000e+01
    endloop
  endfacet
  facet normal  2.975077e-01  9.547191e-01 -8.267581e-04
    outer loop
      vertex -2.161042e+01 -1.018559e+02 -4.650000e+01
      vertex -2.224189e+01 -1.016592e+02 -4.650000e+01
      vertex -2.205493e+01 -1.017088e+02 -3.650000e+01
    endloop
  endfacet
  facet normal  3.295181e-01  9.441489e-01  7.517244e-04
    outer loop
      vertex -2.205493e+01 -1.017088e+02 -3.650000e+01
      vertex -2.144703e+01 -1.019209e+02 -3.650000e+01
      vertex -2.161042e+01 -1.018559e+02 -4.650000e+01
    endloop
  endfacet
  facet normal  4.104117e-01  9.119000e-01 -7.795811e-04
    outer loop
      vertex -2.100727e+01 -1.021274e+02 -4.650000e+01
      vertex -2.161042e+01 -1.018559e+02 -4.650000e+01
      vertex -2.144703e+01 -1.019209e+02 -3.650000e+01
    endloop
  endfacet
  facet normal  4.380245e-01  8.989628e-01  7.018223e-04
    outer loop
      vertex -2.144703e+01 -1.019209e+02 -3.650000e+01
      vertex -2.086822e+01 -1.022029e+02 -3.650000e+01
      vertex -2.100727e+01 -1.021274e+02 -4.650000e+01
    endloop
  endfacet
  facet normal  5.173388e-01  8.557804e-01 -7.273612e-04
    outer loop
      vertex -2.044124e+01 -1.024696e+02 -4.650000e+01
      vertex -2.100727e+01 -1.021274e+02 -4.650000e+01
      vertex -2.086822e+01 -1.022029e+02 -3.650000e+01
    endloop
  endfacet
  facet normal  5.404966e-01  8.413459e-01  6.462743e-04
    outer loop
      vertex -2.086822e+01 -1.022029e+02 -3.650000e+01
      vertex -2.032650e+01 -1.025510e+02 -3.650000e+01
      vertex -2.044124e+01 -1.024696e+02 -4.650000e+01
    endloop
  endfacet
  facet normal  6.167147e-01  7.871865e-01 -6.690318e-04
    outer loop
      vertex -1.992058e+01 -1.028775e+02 -4.650000e+01
      vertex -2.044124e+01 -1.024696e+02 -4.650000e+01
      vertex -2.032650e+01 -1.025510e+02 -3.650000e+01
    endloop
  endfacet
  facet normal  6.354941e-01  7.721055e-01  5.856781e-04
    outer loop
      vertex -2.032650e+01 -1.025510e+02 -3.650000e+01
      vertex -1.982937e+01 -1.029601e+02 -3.650000e+01
      vertex -1.992058e+01 -1.028775e+02 -4.650000e+01
    endloop
  endfacet
  facet normal  7.071096e-01  7.071038e-01 -6.048065e-04
    outer loop
      vertex -1.945289e+01 -1.033452e+02 -4.650000e+01
      vertex -1.992058e+01 -1.028775e+02 -4.650000e+01
      vertex -1.982937e+01 -1.029601e+02 -3.650000e+01
    endloop
  endfacet
  facet normal  7.217081e-01  6.921973e-01  5.187647e-04
    outer loop
      vertex -1.982937e+01 -1.029601e+02 -3.650000e+01
      vertex -1.938369e+01 -1.034248e+02 -3.650000e+01
      vertex -1.945289e+01 -1.033452e+02 -4.650000e+01
    endloop
  endfacet
  facet normal  7.871804e-01  6.167225e-01 -5.354008e-04
    outer loop
      vertex -1.904498e+01 -1.038658e+02 -4.650000e+01
      vertex -1.945289e+01 -1.033452e+02 -4.650000e+01
      vertex -1.938369e+01 -1.034248e+02 -3.650000e+01
    endloop
  endfacet
  facet normal  7.979492e-01  6.027247e-01  4.466664e-04
    outer loop
      vertex -1.938369e+01 -1.034248e+02 -3.650000e+01
      vertex -1.899562e+01 -1.039386e+02 -3.650000e+01
      vertex -1.904498e+01 -1.038658e+02 -4.650000e+01
    endloop
  endfacet
  facet normal  8.557825e-01  5.173354e-01 -4.601174e-04
    outer loop
      vertex -1.870280e+01 -1.044319e+02 -4.650000e+01
      vertex -1.904498e+01 -1.038658e+02 -4.650000e+01
      vertex -1.899562e+01 -1.039386e+02 -3.650000e+01
    endloop
  endfacet
  facet normal  8.631654e-01  5.049213e-01  3.684188e-04
    outer loop
      vertex -1.899562e+01 -1.039386e+02 -3.650000e+01
      vertex -1.867052e+01 -1.044943e+02 -3.650000e+01
      vertex -1.870280e+01 -1.044319e+02 -4.650000e+01
    endloop
  endfacet
  facet normal  9.119007e-01  4.104107e-01 -3.795547e-04
    outer loop
      vertex -1.843135e+01 -1.050350e+02 -4.650000e+01
      vertex -1.870280e+01 -1.044319e+02 -4.650000e+01
      vertex -1.867052e+01 -1.044943e+02 -3.650000e+01
    endloop
  endfacet
  facet normal  9.164546e-01  4.001387e-01  2.847220e-04
    outer loop
      vertex -1.867052e+01 -1.044943e+02 -3.650000e+01
      vertex -1.841288e+01 -1.050844e+02 -3.650000e+01
      vertex -1.843135e+01 -1.050350e+02 -4.650000e+01
    endloop
  endfacet
  facet normal  9.547210e-01  2.975025e-01 -2.931344e-04
    outer loop
      vertex -1.823458e+01 -1.056665e+02 -4.650000e+01
      vertex -1.843135e+01 -1.050350e+02 -4.650000e+01
      vertex -1.841288e+01 -1.050844e+02 -3.650000e+01
    endloop
  endfacet
  facet normal  9.570771e-01  2.898337e-01  1.952424e-04
    outer loop
      vertex -1.841288e+01 -1.050844e+02 -3.650000e+01
      vertex -1.822627e+01 -1.057006e+02 -3.650000e+01
      vertex -1.823458e+01 -1.056665e+02 -4.650000e+01
    endloop
  endfacet
  facet normal  9.836197e-01  1.802566e-01 -2.012575e-04
    outer loop
      vertex -1.811535e+01 -1.063171e+02 -4.650000e+01
      vertex -1.823458e+01 -1.056665e+02 -4.650000e+01
      vertex -1.822627e+01 -1.057006e+02 -3.650000e+01
    endloop
  endfacet
  facet normal -8.799002e-01  4.751576e-01  9.087973e-04
    outer loop
      vertex -2.851678e+01 -1.046625e+02 -3.650000e+01
      vertex -2.821084e+01 -1.040959e+02 -3.650000e+01
      vertex -2.840257e+01 -1.044319e+02 -4.650000e+01
    endloop
  endfacet
  facet normal -9.119003e-01  4.104105e-01 -9.498838e-04
    outer loop
      vertex -2.851678e+01 -1.046625e+02 -3.650000e+01
      vertex -2.840257e+01 -1.044319e+02 -4.650000e+01
      vertex -2.867402e+01 -1.050350e+02 -4.650000e+01
    endloop
  endfacet
  facet normal -9.279985e-01  3.725830e-01  7.124316e-04
    outer loop
      vertex -2.851678e+01 -1.046625e+02 -3.650000e+01
      vertex -2.867402e+01 -1.050350e+02 -4.650000e+01
      vertex -2.873927e+01 -1.052167e+02 -3.650000e+01
    endloop
  endfacet
  facet normal -9.981755e-01  6.037891e-02  0.000000e+00
    outer loop
      vertex -2.902995e+01 -1.069773e+02 -4.650000e+01
      vertex -2.902995e+01 -1.069773e+02 -3.650000e+01
      vertex -2.899002e+01 -1.063171e+02 -4.650000e+01
    endloop
  endfacet
  facet normal -9.985130e-01  5.451336e-02 -3.886021e-04
    outer loop
      vertex -2.899002e+01 -1.063171e+02 -4.650000e+01
      vertex -2.902995e+01 -1.069773e+02 -3.650000e+01
      vertex -2.899740e+01 -1.063810e+02 -3.650000e+01
    endloop
  endfacet
  facet normal -9.866430e-01  1.628968e-01  3.129364e-04
    outer loop
      vertex -2.899002e+01 -1.063171e+02 -4.650000e+01
      vertex -2.899740e+01 -1.063810e+02 -3.650000e+01
      vertex -2.890012e+01 -1.057918e+02 -3.650000e+01
    endloop
  endfacet
  facet normal  9.982712e-01  5.877568e-02  -0.000000e+00
    outer loop
      vertex -1.807541e+01 -1.069773e+02 -3.650000e+01
      vertex -1.807541e+01 -1.069773e+02 -4.650000e+01
      vertex -1.811326e+01 -1.063345e+02 -3.650000e+01
    endloop
  endfacet
  facet normal  9.981755e-01  6.037891e-02 -1.034106e-04
    outer loop
      vertex -1.811326e+01 -1.063345e+02 -3.650000e+01
      vertex -1.807541e+01 -1.069773e+02 -4.650000e+01
      vertex -1.811535e+01 -1.063171e+02 -4.650000e+01
    endloop
  endfacet
  facet normal  9.844767e-01  1.755150e-01  1.005258e-04
    outer loop
      vertex -1.811326e+01 -1.063345e+02 -3.650000e+01
      vertex -1.811535e+01 -1.063171e+02 -4.650000e+01
      vertex -1.822627e+01 -1.057006e+02 -3.650000e+01
    endloop
  endfacet
  facet normal  0.000000e+00  0.000000e+00 -1.000000e+00
    outer loop
      vertex -2.355268e+01 -1.015000e+02 -4.650000e+01
      vertex -2.289247e+01 -1.015399e+02 -4.650000e+01
      vertex -2.421290e+01 -1.015399e+02 -4.650000e+01
    endloop
  endfacet
  facet normal  0.000000e+00  0.000000e+00 -1.000000e+00
    outer loop
      vertex -2.355268e+01 -1.124545e+02 -4.650000e+01
      vertex -2.421290e+01 -1.124146e+02 -4.650000e+01
      vertex -2.289247e+01 -1.124146e+02 -4.650000e+01
    endloop
  endfacet
  facet normal  0.000000e+00  0.000000e+00 -1.000000e+00
    outer loop
      vertex -2.289247e+01 -1.124146e+02 -4.650000e+01
      vertex -2.421290e+01 -1.124146e+02 -4.650000e+01
      vertex -2.486348e+01 -1.122954e+02 -4.650000e+01
    endloop
  endfacet
  facet normal  0.000000e+00  0.000000e+00 -1.000000e+00
    outer loop
      vertex -2.289247e+01 -1.124146e+02 -4.650000e+01
      vertex -2.486348e+01 -1.122954e+02 -4.650000e+01
      vertex -2.224189e+01 -1.122954e+02 -4.650000e+01
    endloop
  endfacet
  facet normal  0.000000e+00  0.000000e+00 -1.000000e+00
    outer loop
      vertex -2.224189e+01 -1.122954e+02 -4.650000e+01
      vertex -2.486348e+01 -1.122954e+02 -4.650000e+01
      vertex -2.549495e+01 -1.120986e+02 -4.650000e+01
    endloop
  endfacet
  facet normal  0.000000e+00  0.000000e+00 -1.000000e+00
    outer loop
      vertex -2.224189e+01 -1.122954e+02 -4.650000e+01
      vertex -2.549495e+01 -1.120986e+02 -4.650000e+01
      vertex -2.161042e+01 -1.120986e+02 -4.650000e+01
    endloop
  endfacet
  facet normal  0.000000e+00  0.000000e+00 -1.000000e+00
    outer loop
      vertex -2.161042e+01 -1.120986e+02 -4.650000e+01
      vertex -2.549495e+01 -1.120986e+02 -4.650000e+01
      vertex -2.609810e+01 -1.118271e+02 -4.650000e+01
    endloop
  endfacet
  facet normal  0.000000e+00  0.000000e+00 -1.000000e+00
    outer loop
      vertex -2.161042e+01 -1.120986e+02 -4.650000e+01
      vertex -2.609810e+01 -1.118271e+02 -4.650000e+01
      vertex -2.100727e+01 -1.118271e+02 -4.650000e+01
    endloop
  endfacet
  facet normal  0.000000e+00  0.000000e+00 -1.000000e+00
    outer loop
      vertex -2.100727e+01 -1.118271e+02 -4.650000e+01
      vertex -2.609810e+01 -1.118271e+02 -4.650000e+01
      vertex -2.666413e+01 -1.114850e+02 -4.650000e+01
    endloop
  endfacet
  facet normal  0.000000e+00  0.000000e+00 -1.000000e+00
    outer loop
      vertex -2.100727e+01 -1.118271e+02 -4.650000e+01
      vertex -2.666413e+01 -1.114850e+02 -4.650000e+01
      vertex -2.044124e+01 -1.114850e+02 -4.650000e+01
    endloop
  endfacet
  facet normal  0.000000e+00  0.000000e+00 -1.000000e+00
    outer loop
      vertex -2.044124e+01 -1.114850e+02 -4.650000e+01
      vertex -2.666413e+01 -1.114850e+02 -4.650000e+01
      vertex -2.718478e+01 -1.110771e+02 -4.650000e+01
    endloop
  endfacet
  facet normal  0.000000e+00  0.000000e+00 -9.999999e-01
    outer loop
      vertex -2.044124e+01 -1.114850e+02 -4.650000e+01
      vertex -2.718478e+01 -1.110771e+02 -4.650000e+01
      vertex -1.992058e+01 -1.110771e+02 -4.650000e+01
    endloop
  endfacet
  facet normal  0.000000e+00  0.000000e+00 -1.000000e+00
    outer loop
      vertex -1.992058e+01 -1.110771e+02 -4.650000e+01
      vertex -2.718478e+01 -1.110771e+02 -4.650000e+01
      vertex -2.765248e+01 -1.106094e+02 -4.650000e+01
    endloop
  endfacet
  facet normal  0.000000e+00  0.000000e+00 -1.000000e+00
    outer loop
      vertex -1.992058e+01 -1.110771e+02 -4.650000e+01
      vertex -2.765248e+01 -1.106094e+02 -4.650000e+01
      vertex -1.945289e+01 -1.106094e+02 -4.650000e+01
    endloop
  endfacet
  facet normal  0.000000e+00  0.000000e+00 -1.000000e+00
    outer loop
      vertex -1.945289e+01 -1.106094e+02 -4.650000e+01
      vertex -2.765248e+01 -1.106094e+02 -4.650000e+01
      vertex -2.806039e+01 -1.100887e+02 -4.650000e+01
    endloop
  endfacet
  facet normal  0.000000e+00  0.000000e+00 -1.000000e+00
    outer loop
      vertex -1.945289e+01 -1.106094e+02 -4.650000e+01
      vertex -2.806039e+01 -1.100887e+02 -4.650000e+01
      vertex -1.904498e+01 -1.100887e+02 -4.650000e+01
    endloop
  endfacet
  facet normal  0.000000e+00  0.000000e+00 -1.000000e+00
    outer loop
      vertex -1.904498e+01 -1.100887e+02 -4.650000e+01
      vertex -2.806039e+01 -1.100887e+02 -4.650000e+01
      vertex -2.840257e+01 -1.095227e+02 -4.650000e+01
    endloop
  endfacet
  facet normal  0.000000e+00  0.000000e+00 -1.000000e+00
    outer loop
      vertex -1.904498e+01 -1.100887e+02 -4.650000e+01
      vertex -2.840257e+01 -1.095227e+02 -4.650000e+01
      vertex -1.870280e+01 -1.095227e+02 -4.650000e+01
    endloop
  endfacet
  facet normal  0.000000e+00  0.000000e+00 -1.000000e+00
    outer loop
      vertex -1.870280e+01 -1.095227e+02 -4.650000e+01
      vertex -2.840257e+01 -1.095227e+02 -4.650000e+01
      vertex -2.867402e+01 -1.089195e+02 -4.650000e+01
    endloop
  endfacet
  facet normal  0.000000e+00  0.000000e+00 -1.000000e+00
    outer loop
      vertex -1.870280e+01 -1.095227e+02 -4.650000e+01
      vertex -2.867402e+01 -1.089195e+02 -4.650000e+01
      vertex -1.843135e+01 -1.089195e+02 -4.650000e+01
    endloop
  endfacet
  facet normal  0.000000e+00  0.000000e+00 -1.000000e+00
    outer loop
      vertex -1.843135e+01 -1.089195e+02 -4.650000e+01
      vertex -2.867402e+01 -1.089195e+02 -4.650000e+01
      vertex -2.887079e+01 -1.082881e+02 -4.650000e+01
    endloop
  endfacet
  facet normal  0.000000e+00  0.000000e+00 -1.000000e+00
    outer loop
      vertex -1.843135e+01 -1.089195e+02 -4.650000e+01
      vertex -2.887079e+01 -1.082881e+02 -4.650000e+01
      vertex -1.823458e+01 -1.082881e+02 -4.650000e+01
    endloop
  endfacet
  facet normal  0.000000e+00  0.000000e+00 -1.000000e+00
    outer loop
      vertex -1.823458e+01 -1.082881e+02 -4.650000e+01
      vertex -2.887079e+01 -1.082881e+02 -4.650000e+01
      vertex -2.899002e+01 -1.076375e+02 -4.650000e+01
    endloop
  endfacet
  facet normal  0.000000e+00  0.000000e+00 -1.000000e+00
    outer loop
      vertex -1.823458e+01 -1.082881e+02 -4.650000e+01
      vertex -2.899002e+01 -1.076375e+02 -4.650000e+01
      vertex -1.811535e+01 -1.076375e+02 -4.650000e+01
    endloop
  endfacet
  facet normal  0.000000e+00  0.000000e+00 -1.000000e+00
    outer loop
      vertex -1.811535e+01 -1.076375e+02 -4.650000e+01
      vertex -2.899002e+01 -1.076375e+02 -4.650000e+01
      vertex -2.902995e+01 -1.069773e+02 -4.650000e+01
    endloop
  endfacet
  facet normal  0.000000e+00  0.000000e+00 -1.000000e+00
    outer loop
      vertex -1.811535e+01 -1.076375e+02 -4.650000e+01
      vertex -2.902995e+01 -1.069773e+02 -4.650000e+01
      vertex -1.807541e+01 -1.069773e+02 -4.650000e+01
    endloop
  endfacet
  facet normal  0.000000e+00  0.000000e+00 -1.000000e+00
    outer loop
      vertex -1.807541e+01 -1.069773e+02 -4.650000e+01
      vertex -2.902995e+01 -1.069773e+02 -4.650000e+01
      vertex -2.899002e+01 -1.063171e+02 -4.650000e+01
    endloop
  endfacet
  facet normal  0.000000e+00  0.000000e+00 -1.000000e+00
    outer loop
      vertex -1.807541e+01 -1.069773e+02 -4.650000e+01
      vertex -2.899002e+01 -1.063171e+02 -4.650000e+01
      vertex -1.811535e+01 -1.063171e+02 -4.650000e+01
    endloop
  endfacet
  facet normal  0.000000e+00  0.000000e+00 -1.000000e+00
    outer loop
      vertex -1.811535e+01 -1.063171e+02 -4.650000e+01
      vertex -2.899002e+01 -1.063171e+02 -4.650000e+01
      vertex -2.887079e+01 -1.056665e+02 -4.650000e+01
    endloop
  endfacet
  facet normal  0.000000e+00  0.000000e+00 -1.000000e+00
    outer loop
      vertex -1.811535e+01 -1.063171e+02 -4.650000e+01
      vertex -2.887079e+01 -1.056665e+02 -4.650000e+01
      vertex -1.823458e+01 -1.056665e+02 -4.650000e+01
    endloop
  endfacet
  facet normal  0.000000e+00  0.000000e+00 -1.000000e+00
    outer loop
      vertex -1.823458e+01 -1.056665e+02 -4.650000e+01
      vertex -2.887079e+01 -1.056665e+02 -4.650000e+01
      vertex -2.867402e+01 -1.050350e+02 -4.650000e+01
    endloop
  endfacet
  facet normal  0.000000e+00  0.000000e+00 -1.000000e+00
    outer loop
      vertex -1.823458e+01 -1.056665e+02 -4.650000e+01
      vertex -2.867402e+01 -1.050350e+02 -4.650000e+01
      vertex -1.843135e+01 -1.050350e+02 -4.650000e+01
    endloop
  endfacet
  facet normal  0.000000e+00  0.000000e+00 -1.000000e+00
    outer loop
      vertex -1.843135e+01 -1.050350e+02 -4.650000e+01
      vertex -2.867402e+01 -1.050350e+02 -4.650000e+01
      vertex -2.840257e+01 -1.044319e+02 -4.650000e+01
    endloop
  endfacet
  facet normal  0.000000e+00  0.000000e+00 -1.000000e+00
    outer loop
      vertex -1.843135e+01 -1.050350e+02 -4.650000e+01
      vertex -2.840257e+01 -1.044319e+02 -4.650000e+01
      vertex -1.870280e+01 -1.044319e+02 -4.650000e+01
    endloop
  endfacet
  facet normal  0.000000e+00  0.000000e+00 -1.000000e+00
    outer loop
      vertex -1.870280e+01 -1.044319e+02 -4.650000e+01
      vertex -2.840257e+01 -1.044319e+02 -4.650000e+01
      vertex -2.806039e+01 -1.038658e+02 -4.650000e+01
    endloop
  endfacet
  facet normal  0.000000e+00  0.000000e+00 -1.000000e+00
    outer loop
      vertex -1.870280e+01 -1.044319e+02 -4.650000e+01
      vertex -2.806039e+01 -1.038658e+02 -4.650000e+01
      vertex -1.904498e+01 -1.038658e+02 -4.650000e+01
    endloop
  endfacet
  facet normal  0.000000e+00  0.000000e+00 -1.000000e+00
    outer loop
      vertex -1.904498e+01 -1.038658e+02 -4.650000e+01
      vertex -2.806039e+01 -1.038658e+02 -4.650000e+01
      vertex -2.765248e+01 -1.033452e+02 -4.650000e+01
    endloop
  endfacet
  facet normal  0.000000e+00  0.000000e+00 -1.000000e+00
    outer loop
      vertex -1.904498e+01 -1.038658e+02 -4.650000e+01
      vertex -2.765248e+01 -1.033452e+02 -4.650000e+01
      vertex -1.945289e+01 -1.033452e+02 -4.650000e+01
    endloop
  endfacet
  facet normal  0.000000e+00  0.000000e+00 -1.000000e+00
    outer loop
      vertex -1.945289e+01 -1.033452e+02 -4.650000e+01
      vertex -2.765248e+01 -1.033452e+02 -4.650000e+01
      vertex -2.718478e+01 -1.028775e+02 -4.650000e+01
    endloop
  endfacet
  facet normal  0.000000e+00  0.000000e+00 -1.000000e+00
    outer loop
      vertex -1.945289e+01 -1.033452e+02 -4.650000e+01
      vertex -2.718478e+01 -1.028775e+02 -4.650000e+01
      vertex -1.992058e+01 -1.028775e+02 -4.650000e+01
    endloop
  endfacet
  facet normal  0.000000e+00  0.000000e+00 -9.999999e-01
    outer loop
      vertex -1.992058e+01 -1.028775e+02 -4.650000e+01
      vertex -2.718478e+01 -1.028775e+02 -4.650000e+01
      vertex -2.666413e+01 -1.024696e+02 -4.650000e+01
    endloop
  endfacet
  facet normal  0.000000e+00  0.000000e+00 -1.000000e+00
    outer loop
      vertex -1.992058e+01 -1.028775e+02 -4.650000e+01
      vertex -2.666413e+01 -1.024696e+02 -4.650000e+01
      vertex -2.044124e+01 -1.024696e+02 -4.650000e+01
    endloop
  endfacet
  facet normal  0.000000e+00  0.000000e+00 -1.000000e+00
    outer loop
      vertex -2.044124e+01 -1.024696e+02 -4.650000e+01
      vertex -2.666413e+01 -1.024696e+02 -4.650000e+01
      vertex -2.609810e+01 -1.021274e+02 -4.650000e+01
    endloop
  endfacet
  facet normal  0.000000e+00  0.000000e+00 -1.000000e+00
    outer loop
      vertex -2.044124e+01 -1.024696e+02 -4.650000e+01
      vertex -2.609810e+01 -1.021274e+02 -4.650000e+01
      vertex -2.100727e+01 -1.021274e+02 -4.650000e+01
    endloop
  endfacet
  facet normal  0.000000e+00  0.000000e+00 -1.000000e+00
    outer loop
      vertex -2.100727e+01 -1.021274e+02 -4.650000e+01
      vertex -2.609810e+01 -1.021274e+02 -4.650000e+01
      vertex -2.549495e+01 -1.018559e+02 -4.650000e+01
    endloop
  endfacet
  facet normal  0.000000e+00  0.000000e+00 -1.000000e+00
    outer loop
      vertex -2.100727e+01 -1.021274e+02 -4.650000e+01
      vertex -2.549495e+01 -1.018559e+02 -4.650000e+01
      vertex -2.161042e+01 -1.018559e+02 -4.650000e+01
    endloop
  endfacet
  facet normal  0.000000e+00  0.000000e+00 -1.000000e+00
    outer loop
      vertex -2.161042e+01 -1.018559e+02 -4.650000e+01
      vertex -2.549495e+01 -1.018559e+02 -4.650000e+01
      vertex -2.486348e+01 -1.016592e+02 -4.650000e+01
    endloop
  endfacet
  facet normal  0.000000e+00  0.000000e+00 -1.000000e+00
    outer loop
      vertex -2.161042e+01 -1.018559e+02 -4.650000e+01
      vertex -2.486348e+01 -1.016592e+02 -4.650000e+01
      vertex -2.224189e+01 -1.016592e+02 -4.650000e+01
    endloop
  endfacet
  facet normal  0.000000e+00  0.000000e+00 -1.000000e+00
    outer loop
      vertex -2.224189e+01 -1.016592e+02 -4.650000e+01
      vertex -2.486348e+01 -1.016592e+02 -4.650000e+01
      vertex -2.421290e+01 -1.015399e+02 -4.650000e+01
    endloop
  endfacet
  facet normal  0.000000e+00  0.000000e+00 -1.000000e+00
    outer loop
      vertex -2.224189e+01 -1.016592e+02 -4.650000e+01
      vertex -2.421290e+01 -1.015399e+02 -4.650000e+01
      vertex -2.289247e+01 -1.015399e+02 -4.650000e+01
    endloop
  endfacet
  facet normal -9.836195e-01  1.802566e-01  6.261283e-04
    outer loop
      vertex -2.899002e+01 -1.063171e+02  4.650000e+01
      vertex -2.887079e+01 -1.056665e+02  4.650000e+01
      vertex -2.890012e+01 -1.057918e+02  3.650000e+01
    endloop
  endfacet
  facet normal -9.630448e-01  2.693404e-01 -5.504101e-04
    outer loop
      vertex -2.873927e+01 -1.052167e+02  3.650000e+01
      vertex -2.890012e+01 -1.057918e+02  3.650000e+01
      vertex -2.887079e+01 -1.056665e+02  4.650000e+01
    endloop
  endfacet
  facet normal -9.547207e-01  2.975024e-01  8.258307e-04
    outer loop
      vertex -2.887079e+01 -1.056665e+02  4.650000e+01
      vertex -2.867402e+01 -1.050350e+02  4.650000e+01
      vertex -2.873927e+01 -1.052167e+02  3.650000e+01
    endloop
  endfacet
  facet normal -8.557823e-01  5.173353e-01  9.704179e-04
    outer loop
      vertex -2.840257e+01 -1.044319e+02  4.650000e+01
      vertex -2.806039e+01 -1.038658e+02  4.650000e+01
      vertex -2.821084e+01 -1.040959e+02  3.650000e+01
    endloop
  endfacet
  facet normal -8.180639e-01  5.751266e-01 -9.269348e-04
    outer loop
      vertex -2.784053e+01 -1.035692e+02  3.650000e+01
      vertex -2.821084e+01 -1.040959e+02  3.650000e+01
      vertex -2.806039e+01 -1.038658e+02  4.650000e+01
    endloop
  endfacet
  facet normal -7.871802e-01  6.167223e-01  9.858267e-04
    outer loop
      vertex -2.806039e+01 -1.038658e+02  4.650000e+01
      vertex -2.765248e+01 -1.033452e+02  4.650000e+01
      vertex -2.784053e+01 -1.035692e+02  3.650000e+01
    endloop
  endfacet
  facet normal -7.449201e-01  6.671529e-01 -9.387587e-04
    outer loop
      vertex -2.741097e+01 -1.030896e+02  3.650000e+01
      vertex -2.784053e+01 -1.035692e+02  3.650000e+01
      vertex -2.765248e+01 -1.033452e+02  4.650000e+01
    endloop
  endfacet
  facet normal -7.071079e-01  7.071050e-01  9.955377e-04
    outer loop
      vertex -2.765248e+01 -1.033452e+02  4.650000e+01
      vertex -2.718478e+01 -1.028775e+02  4.650000e+01
      vertex -2.741097e+01 -1.030896e+02  3.650000e+01
    endloop
  endfacet
  facet normal -6.614799e-01  7.499622e-01 -9.455784e-04
    outer loop
      vertex -2.692810e+01 -1.026637e+02  3.650000e+01
      vertex -2.741097e+01 -1.030896e+02  3.650000e+01
      vertex -2.718478e+01 -1.028775e+02  4.650000e+01
    endloop
  endfacet
  facet normal -6.167159e-01  7.871851e-01  9.992305e-04
    outer loop
      vertex -2.718478e+01 -1.028775e+02  4.650000e+01
      vertex -2.666413e+01 -1.024696e+02  4.650000e+01
      vertex -2.692810e+01 -1.026637e+02  3.650000e+01
    endloop
  endfacet
  facet normal -5.689018e-01  8.224050e-01 -9.466037e-04
    outer loop
      vertex -2.692810e+01 -1.026637e+02  3.650000e+01
      vertex -2.666413e+01 -1.024696e+02  4.650000e+01
      vertex -2.639858e+01 -1.022974e+02  3.650000e+01
    endloop
  endfacet
  facet normal -5.173387e-01  8.557802e-01  9.972746e-04
    outer loop
      vertex -2.639858e+01 -1.022974e+02  3.650000e+01
      vertex -2.666413e+01 -1.024696e+02  4.650000e+01
      vertex -2.609810e+01 -1.021274e+02  4.650000e+01
    endloop
  endfacet
  facet normal -4.684654e-01  8.834813e-01 -9.422182e-04
    outer loop
      vertex -2.639858e+01 -1.022974e+02  3.650000e+01
      vertex -2.609810e+01 -1.021274e+02  4.650000e+01
      vertex -2.582974e+01 -1.019958e+02  3.650000e+01
    endloop
  endfacet
  facet normal -4.104116e-01  9.118999e-01  9.897561e-04
    outer loop
      vertex -2.582974e+01 -1.019958e+02  3.650000e+01
      vertex -2.609810e+01 -1.021274e+02  4.650000e+01
      vertex -2.549495e+01 -1.018559e+02  4.650000e+01
    endloop
  endfacet
  facet normal -3.615583e-01  9.323490e-01 -9.317455e-04
    outer loop
      vertex -2.582974e+01 -1.019958e+02  3.650000e+01
      vertex -2.549495e+01 -1.018559e+02  4.650000e+01
      vertex -2.522943e+01 -1.017630e+02  3.650000e+01
    endloop
  endfacet
  facet normal -2.975076e-01  9.547189e-01  9.768822e-04
    outer loop
      vertex -2.522943e+01 -1.017630e+02  3.650000e+01
      vertex -2.549495e+01 -1.018559e+02  4.650000e+01
      vertex -2.486348e+01 -1.016592e+02  4.650000e+01
    endloop
  endfacet
  facet normal -2.496428e-01  9.683375e-01 -9.161156e-04
    outer loop
      vertex -2.522943e+01 -1.017630e+02  3.650000e+01
      vertex -2.486348e+01 -1.016592e+02  4.650000e+01
      vertex -2.460596e+01 -1.016022e+02  3.650000e+01
    endloop
  endfacet
  facet normal -1.802560e-01  9.836193e-01  9.577633e-04
    outer loop
      vertex -2.460596e+01 -1.016022e+02  3.650000e+01
      vertex -2.486348e+01 -1.016592e+02  4.650000e+01
      vertex -2.421290e+01 -1.015399e+02  4.650000e+01
    endloop
  endfacet
  facet normal -1.342889e-01  9.909418e-01 -8.946315e-04
    outer loop
      vertex -2.460596e+01 -1.016022e+02  3.650000e+01
      vertex -2.421290e+01 -1.015399e+02  4.650000e+01
      vertex -2.396792e+01 -1.015158e+02  3.650000e+01
    endloop
  endfacet
  facet normal -6.037349e-02  9.981754e-01  9.335877e-04
    outer loop
      vertex -2.396792e+01 -1.015158e+02  3.650000e+01
      vertex -2.421290e+01 -1.015399e+02  4.650000e+01
      vertex -2.355268e+01 -1.015000e+02  4.650000e+01
    endloop
  endfacet
  facet normal -1.707491e-02  9.998538e-01 -8.669851e-04
    outer loop
      vertex -2.396792e+01 -1.015158e+02  3.650000e+01
      vertex -2.355268e+01 -1.015000e+02  4.650000e+01
      vertex -2.332415e+01 -1.015048e+02  3.650000e+01
    endloop
  endfacet
  facet normal  6.037366e-02  9.981754e-01  9.037691e-04
    outer loop
      vertex -2.332415e+01 -1.015048e+02  3.650000e+01
      vertex -2.355268e+01 -1.015000e+02  4.650000e+01
      vertex -2.289247e+01 -1.015399e+02  4.650000e+01
    endloop
  endfacet
  facet normal  1.003759e-01  9.949492e-01 -8.343880e-04
    outer loop
      vertex -2.332415e+01 -1.015048e+02  3.650000e+01
      vertex -2.289247e+01 -1.015399e+02  4.650000e+01
      vertex -2.268354e+01 -1.015694e+02  3.650000e+01
    endloop
  endfacet
  facet normal  1.802561e-01  9.836193e-01  8.679691e-04
    outer loop
      vertex -2.268354e+01 -1.015694e+02  3.650000e+01
      vertex -2.289247e+01 -1.015399e+02  4.650000e+01
      vertex -2.224189e+01 -1.016592e+02  4.650000e+01
    endloop
  endfacet
  facet normal  2.164404e-01  9.762955e-01 -7.958469e-04
    outer loop
      vertex -2.268354e+01 -1.015694e+02  3.650000e+01
      vertex -2.224189e+01 -1.016592e+02  4.650000e+01
      vertex -2.205493e+01 -1.017088e+02  3.650000e+01
    endloop
  endfacet
  facet normal  2.975077e-01  9.547191e-01  8.267581e-04
    outer loop
      vertex -2.205493e+01 -1.017088e+02  3.650000e+01
      vertex -2.224189e+01 -1.016592e+02  4.650000e+01
      vertex -2.161042e+01 -1.018559e+02  4.650000e+01
    endloop
  endfacet
  facet normal  3.295181e-01  9.441489e-01 -7.517247e-04
    outer loop
      vertex -2.205493e+01 -1.017088e+02  3.650000e+01
      vertex -2.161042e+01 -1.018559e+02  4.650000e+01
      vertex -2.144703e+01 -1.019209e+02  3.650000e+01
    endloop
  endfacet
  facet normal  4.104117e-01  9.119000e-01  7.795811e-04
    outer loop
      vertex -2.144703e+01 -1.019209e+02  3.650000e+01
      vertex -2.161042e+01 -1.018559e+02  4.650000e+01
      vertex -2.100727e+01 -1.021274e+02  4.650000e+01
    endloop
  endfacet
  facet normal  4.380245e-01  8.989628e-01 -7.018223e-04
    outer loop
      vertex -2.144703e+01 -1.019209e+02  3.650000e+01
      vertex -2.100727e+01 -1.021274e+02  4.650000e+01
      vertex -2.086822e+01 -1.022029e+02  3.650000e+01
    endloop
  endfacet
  facet normal  5.173388e-01  8.557804e-01  7.273612e-04
    outer loop
      vertex -2.086822e+01 -1.022029e+02  3.650000e+01
      vertex -2.100727e+01 -1.021274e+02  4.650000e+01
      vertex -2.044124e+01 -1.024696e+02  4.650000e+01
    endloop
  endfacet
  facet normal  5.404966e-01  8.413459e-01 -6.462740e-04
    outer loop
      vertex -2.086822e+01 -1.022029e+02  3.650000e+01
      vertex -2.044124e+01 -1.024696e+02  4.650000e+01
      vertex -2.032650e+01 -1.025510e+02  3.650000e+01
    endloop
  endfacet
  facet normal  6.167147e-01  7.871865e-01  6.690318e-04
    outer loop
      vertex -2.032650e+01 -1.025510e+02  3.650000e+01
      vertex -2.044124e+01 -1.024696e+02  4.650000e+01
      vertex -1.992058e+01 -1.028775e+02  4.650000e+01
    endloop
  endfacet
  facet normal  6.354941e-01  7.721055e-01 -5.856781e-04
    outer loop
      vertex -2.032650e+01 -1.025510e+02  3.650000e+01
      vertex -1.992058e+01 -1.028775e+02  4.650000e+01
      vertex -1.982937e+01 -1.029601e+02  3.650000e+01
    endloop
  endfacet
  facet normal  7.071096e-01  7.071038e-01  6.048065e-04
    outer loop
      vertex -1.982937e+01 -1.029601e+02  3.650000e+01
      vertex -1.992058e+01 -1.028775e+02  4.650000e+01
      vertex -1.945289e+01 -1.033452e+02  4.650000e+01
    endloop
  endfacet
  facet normal  7.217081e-01  6.921973e-01 -5.187647e-04
    outer loop
      vertex -1.982937e+01 -1.029601e+02  3.650000e+01
      vertex -1.945289e+01 -1.033452e+02  4.650000e+01
      vertex -1.938369e+01 -1.034248e+02  3.650000e+01
    endloop
  endfacet
  facet normal  7.871804e-01  6.167225e-01  5.354008e-04
    outer loop
      vertex -1.938369e+01 -1.034248e+02  3.650000e+01
      vertex -1.945289e+01 -1.033452e+02  4.650000e+01
      vertex -1.904498e+01 -1.038658e+02  4.650000e+01
    endloop
  endfacet
  facet normal  7.979492e-01  6.027247e-01 -4.466661e-04
    outer loop
      vertex -1.938369e+01 -1.034248e+02  3.650000e+01
      vertex -1.904498e+01 -1.038658e+02  4.650000e+01
      vertex -1.899562e+01 -1.039386e+02  3.650000e+01
    endloop
  endfacet
  facet normal  8.557825e-01  5.173354e-01  4.601174e-04
    outer loop
      vertex -1.899562e+01 -1.039386e+02  3.650000e+01
      vertex -1.904498e+01 -1.038658e+02  4.650000e+01
      vertex -1.870280e+01 -1.044319e+02  4.650000e+01
    endloop
  endfacet
  facet normal  8.631654e-01  5.049213e-01 -3.684188e-04
    outer loop
      vertex -1.899562e+01 -1.039386e+02  3.650000e+01
      vertex -1.870280e+01 -1.044319e+02  4.650000e+01
      vertex -1.867052e+01 -1.044943e+02  3.650000e+01
    endloop
  endfacet
  facet normal  9.119007e-01  4.104107e-01  3.795547e-04
    outer loop
      vertex -1.867052e+01 -1.044943e+02  3.650000e+01
      vertex -1.870280e+01 -1.044319e+02  4.650000e+01
      vertex -1.843135e+01 -1.050350e+02  4.650000e+01
    endloop
  endfacet
  facet normal  9.164546e-01  4.001387e-01 -2.847220e-04
    outer loop
      vertex -1.867052e+01 -1.044943e+02  3.650000e+01
      vertex -1.843135e+01 -1.050350e+02  4.650000e+01
      vertex -1.841288e+01 -1.050844e+02  3.650000e+01
    endloop
  endfacet
  facet normal  9.547210e-01  2.975025e-01  2.931344e-04
    outer loop
      vertex -1.841288e+01 -1.050844e+02  3.650000e+01
      vertex -1.843135e+01 -1.050350e+02  4.650000e+01
      vertex -1.823458e+01 -1.056665e+02  4.650000e+01
    endloop
  endfacet
  facet normal  9.570771e-01  2.898337e-01 -1.952424e-04
    outer loop
      vertex -1.841288e+01 -1.050844e+02  3.650000e+01
      vertex -1.823458e+01 -1.056665e+02  4.650000e+01
      vertex -1.822627e+01 -1.057006e+02  3.650000e+01
    endloop
  endfacet
  facet normal  9.836197e-01  1.802566e-01  2.012575e-04
    outer loop
      vertex -1.822627e+01 -1.057006e+02  3.650000e+01
      vertex -1.823458e+01 -1.056665e+02  4.650000e+01
      vertex -1.811535e+01 -1.063171e+02  4.650000e+01
    endloop
  endfacet
  facet normal -9.279985e-01  3.725830e-01 -7.124316e-04
    outer loop
      vertex -2.851678e+01 -1.046625e+02  3.650000e+01
      vertex -2.873927e+01 -1.052167e+02  3.650000e+01
      vertex -2.867402e+01 -1.050350e+02  4.650000e+01
    endloop
  endfacet
  facet normal -9.119003e-01  4.104105e-01  9.498827e-04
    outer loop
      vertex -2.851678e+01 -1.046625e+02  3.650000e+01
      vertex -2.867402e+01 -1.050350e+02  4.650000e+01
      vertex -2.840257e+01 -1.044319e+02  4.650000e+01
    endloop
  endfacet
  facet normal -8.799002e-01  4.751576e-01 -9.087967e-04
    outer loop
      vertex -2.851678e+01 -1.046625e+02  3.650000e+01
      vertex -2.840257e+01 -1.044319e+02  4.650000e+01
      vertex -2.821084e+01 -1.040959e+02  3.650000e+01
    endloop
  endfacet
  facet normal -9.985130e-01  5.451336e-02  0.000000e+00
    outer loop
      vertex -2.902995e+01 -1.069773e+02  3.650000e+01
      vertex -2.902995e+01 -1.069773e+02  4.650000e+01
      vertex -2.899740e+01 -1.063810e+02  3.650000e+01
    endloop
  endfacet
  facet normal -9.981755e-01  6.037891e-02  3.508608e-04
    outer loop
      vertex -2.899740e+01 -1.063810e+02  3.650000e+01
      vertex -2.902995e+01 -1.069773e+02  4.650000e+01
      vertex -2.899002e+01 -1.063171e+02  4.650000e+01
    endloop
  endfacet
  facet normal -9.866430e-01  1.628968e-01 -3.129364e-04
    outer loop
      vertex -2.899740e+01 -1.063810e+02  3.650000e+01
      vertex -2.899002e+01 -1.063171e+02  4.650000e+01
      vertex -2.890012e+01 -1.057918e+02  3.650000e+01
    endloop
  endfacet
  facet normal  9.981755e-01  6.037891e-02  -0.000000e+00
    outer loop
      vertex -1.807541e+01 -1.069773e+02  4.650000e+01
      vertex -1.807541e+01 -1.069773e+02  3.650000e+01
      vertex -1.811535e+01 -1.063171e+02  4.650000e+01
    endloop
  endfacet
  facet normal  9.982712e-01  5.877568e-02  1.062304e-04
    outer loop
      vertex -1.811535e+01 -1.063171e+02  4.650000e+01
      vertex -1.807541e+01 -1.069773e+02  3.650000e+01
      vertex -1.811326e+01 -1.063345e+02  3.650000e+01
    endloop
  endfacet
  facet normal  9.844767e-01  1.755150e-01 -1.005258e-04
    outer loop
      vertex -1.811535e+01 -1.063171e+02  4.650000e+01
      vertex -1.811326e+01 -1.063345e+02  3.650000e+01
      vertex -1.822627e+01 -1.057006e+02  3.650000e+01
    endloop
  endfacet
  facet normal  0.000000e+00  0.000000e+00  1.000000e+00
    outer loop
      vertex -2.421290e+01 -1.015399e+02  4.650000e+01
      vertex -2.289247e+01 -1.015399e+02  4.650000e+01
      vertex -2.355268e+01 -1.015000e+02  4.650000e+01
    endloop
  endfacet
  facet normal  -0.000000e+00  0.000000e+00  1.000000e+00
    outer loop
      vertex -2.289247e+01 -1.015399e+02  4.650000e+01
      vertex -2.421290e+01 -1.015399e+02  4.650000e+01
      vertex -2.224189e+01 -1.016592e+02  4.650000e+01
    endloop
  endfacet
  facet normal  0.000000e+00  0.000000e+00  1.000000e+00
    outer loop
      vertex -2.224189e+01 -1.016592e+02  4.650000e+01
      vertex -2.421290e+01 -1.015399e+02  4.650000e+01
      vertex -2.486348e+01 -1.016592e+02  4.650000e+01
    endloop
  endfacet
  facet normal  -0.000000e+00  0.000000e+00  1.000000e+00
    outer loop
      vertex -2.224189e+01 -1.016592e+02  4.650000e+01
      vertex -2.486348e+01 -1.016592e+02  4.650000e+01
      vertex -2.161042e+01 -1.018559e+02  4.650000e+01
    endloop
  endfacet
  facet normal  0.000000e+00  0.000000e+00  1.000000e+00
    outer loop
      vertex -2.161042e+01 -1.018559e+02  4.650000e+01
      vertex -2.486348e+01 -1.016592e+02  4.650000e+01
      vertex -2.549495e+01 -1.018559e+02  4.650000e+01
    endloop
  endfacet
  facet normal  -0.000000e+00  0.000000e+00  1.000000e+00
    outer loop
      vertex -2.161042e+01 -1.018559e+02  4.650000e+01
      vertex -2.549495e+01 -1.018559e+02  4.650000e+01
      vertex -2.100727e+01 -1.021274e+02  4.650000e+01
    endloop
  endfacet
  facet normal  0.000000e+00  0.000000e+00  1.000000e+00
    outer loop
      vertex -2.100727e+01 -1.021274e+02  4.650000e+01
      vertex -2.549495e+01 -1.018559e+02  4.650000e+01
      vertex -2.609810e+01 -1.021274e+02  4.650000e+01
    endloop
  endfacet
  facet normal  -0.000000e+00  0.000000e+00  1.000000e+00
    outer loop
      vertex -2.100727e+01 -1.021274e+02  4.650000e+01
      vertex -2.609810e+01 -1.021274e+02  4.650000e+01
      vertex -2.044124e+01 -1.024696e+02  4.650000e+01
    endloop
  endfacet
  facet normal  0.000000e+00  0.000000e+00  1.000000e+00
    outer loop
      vertex -2.044124e+01 -1.024696e+02  4.650000e+01
      vertex -2.609810e+01 -1.021274e+02  4.650000e+01
      vertex -2.666413e+01 -1.024696e+02  4.650000e+01
    endloop
  endfacet
  facet normal  -0.000000e+00  0.000000e+00  1.000000e+00
    outer loop
      vertex -2.044124e+01 -1.024696e+02  4.650000e+01
      vertex -2.666413e+01 -1.024696e+02  4.650000e+01
      vertex -1.992058e+01 -1.028775e+02  4.650000e+01
    endloop
  endfacet
  facet normal  0.000000e+00  0.000000e+00  9.999999e-01
    outer loop
      vertex -1.992058e+01 -1.028775e+02  4.650000e+01
      vertex -2.666413e+01 -1.024696e+02  4.650000e+01
      vertex -2.718478e+01 -1.028775e+02  4.650000e+01
    endloop
  endfacet
  facet normal  -0.000000e+00  0.000000e+00  1.000000e+00
    outer loop
      vertex -1.992058e+01 -1.028775e+02  4.650000e+01
      vertex -2.718478e+01 -1.028775e+02  4.650000e+01
      vertex -1.945289e+01 -1.033452e+02  4.650000e+01
    endloop
  endfacet
  facet normal  0.000000e+00  0.000000e+00  1.000000e+00
    outer loop
      vertex -1.945289e+01 -1.033452e+02  4.650000e+01
      vertex -2.718478e+01 -1.028775e+02  4.650000e+01
      vertex -2.765248e+01 -1.033452e+02  4.650000e+01
    endloop
  endfacet
  facet normal  -0.000000e+00  0.000000e+00  1.000000e+00
    outer loop
      vertex -1.945289e+01 -1.033452e+02  4.650000e+01
      vertex -2.765248e+01 -1.033452e+02  4.650000e+01
      vertex -1.904498e+01 -1.038658e+02  4.650000e+01
    endloop
  endfacet
  facet normal  0.000000e+00  0.000000e+00  1.000000e+00
    outer loop
      vertex -1.904498e+01 -1.038658e+02  4.650000e+01
      vertex -2.765248e+01 -1.033452e+02  4.650000e+01
      vertex -2.806039e+01 -1.038658e+02  4.650000e+01
    endloop
  endfacet
  facet normal  -0.000000e+00  0.000000e+00  1.000000e+00
    outer loop
      vertex -1.904498e+01 -1.038658e+02  4.650000e+01
      vertex -2.806039e+01 -1.038658e+02  4.650000e+01
      vertex -1.870280e+01 -1.044319e+02  4.650000e+01
    endloop
  endfacet
  facet normal  0.000000e+00  0.000000e+00  1.000000e+00
    outer loop
      vertex -1.870280e+01 -1.044319e+02  4.650000e+01
      vertex -2.806039e+01 -1.038658e+02  4.650000e+01
      vertex -2.840257e+01 -1.044319e+02  4.650000e+01
    endloop
  endfacet
  facet normal  -0.000000e+00  0.000000e+00  1.000000e+00
    outer loop
      vertex -1.870280e+01 -1.044319e+02  4.650000e+01
      vertex -2.840257e+01 -1.044319e+02  4.650000e+01
      vertex -1.843135e+01 -1.050350e+02  4.650000e+01
    endloop
  endfacet
  facet normal  0.000000e+00  0.000000e+00  1.000000e+00
    outer loop
      vertex -1.843135e+01 -1.050350e+02  4.650000e+01
      vertex -2.840257e+01 -1.044319e+02  4.650000e+01
      vertex -2.867402e+01 -1.050350e+02  4.650000e+01
    endloop
  endfacet
  facet normal  -0.000000e+00  0.000000e+00  1.000000e+00
    outer loop
      vertex -1.843135e+01 -1.050350e+02  4.650000e+01
      vertex -2.867402e+01 -1.050350e+02  4.650000e+01
      vertex -1.823458e+01 -1.056665e+02  4.650000e+01
    endloop
  endfacet
  facet normal  0.000000e+00  0.000000e+00  1.000000e+00
    outer loop
      vertex -1.823458e+01 -1.056665e+02  4.650000e+01
      vertex -2.867402e+01 -1.050350e+02  4.650000e+01
      vertex -2.887079e+01 -1.056665e+02  4.650000e+01
    endloop
  endfacet
  facet normal  -0.000000e+00  0.000000e+00  1.000000e+00
    outer loop
      vertex -1.823458e+01 -1.056665e+02  4.650000e+01
      vertex -2.887079e+01 -1.056665e+02  4.650000e+01
      vertex -1.811535e+01 -1.063171e+02  4.650000e+01
    endloop
  endfacet
  facet normal  0.000000e+00  0.000000e+00  1.000000e+00
    outer loop
      vertex -1.811535e+01 -1.063171e+02  4.650000e+01
      vertex -2.887079e+01 -1.056665e+02  4.650000e+01
      vertex -2.899002e+01 -1.063171e+02  4.650000e+01
    endloop
  endfacet
  facet normal  -0.000000e+00  0.000000e+00  1.000000e+00
    outer loop
      vertex -1.811535e+01 -1.063171e+02  4.650000e+01
      vertex -2.899002e+01 -1.063171e+02  4.650000e+01
      vertex -1.807541e+01 -1.069773e+02  4.650000e+01
    endloop
  endfacet
  facet normal  0.000000e+00  0.000000e+00  1.000000e+00
    outer loop
      vertex -1.807541e+01 -1.069773e+02  4.650000e+01
      vertex -2.899002e+01 -1.063171e+02  4.650000e+01
      vertex -2.902995e+01 -1.069773e+02  4.650000e+01
    endloop
  endfacet
  facet normal  -0.000000e+00  0.000000e+00  1.000000e+00
    outer loop
      vertex -1.807541e+01 -1.069773e+02  4.650000e+01
      vertex -2.902995e+01 -1.069773e+02  4.650000e+01
      vertex -1.811535e+01 -1.076375e+02  4.650000e+01
    endloop
  endfacet
  facet normal  0.000000e+00  0.000000e+00  1.000000e+00
    outer loop
      vertex -1.811535e+01 -1.076375e+02  4.650000e+01
      vertex -2.902995e+01 -1.069773e+02  4.650000e+01
      vertex -2.899002e+01 -1.076375e+02  4.650000e+01
    endloop
  endfacet
  facet normal  -0.000000e+00  0.000000e+00  1.000000e+00
    outer loop
      vertex -1.811535e+01 -1.076375e+02  4.650000e+01
      vertex -2.899002e+01 -1.076375e+02  4.650000e+01
      vertex -1.823458e+01 -1.082881e+02  4.650000e+01
    endloop
  endfacet
  facet normal  0.000000e+00  0.000000e+00  1.000000e+00
    outer loop
      vertex -1.823458e+01 -1.082881e+02  4.650000e+01
      vertex -2.899002e+01 -1.076375e+02  4.650000e+01
      vertex -2.887079e+01 -1.082881e+02  4.650000e+01
    endloop
  endfacet
  facet normal  -0.000000e+00  0.000000e+00  1.000000e+00
    outer loop
      vertex -1.823458e+01 -1.082881e+02  4.650000e+01
      vertex -2.887079e+01 -1.082881e+02  4.650000e+01
      vertex -1.843135e+01 -1.089195e+02  4.650000e+01
    endloop
  endfacet
  facet normal  0.000000e+00  0.000000e+00  1.000000e+00
    outer loop
      vertex -1.843135e+01 -1.089195e+02  4.650000e+01
      vertex -2.887079e+01 -1.082881e+02  4.650000e+01
      vertex -2.867402e+01 -1.089195e+02  4.650000e+01
    endloop
  endfacet
  facet normal  -0.000000e+00  0.000000e+00  1.000000e+00
    outer loop
      vertex -1.843135e+01 -1.089195e+02  4.650000e+01
      vertex -2.867402e+01 -1.089195e+02  4.650000e+01
      vertex -1.870280e+01 -1.095227e+02  4.650000e+01
    endloop
  endfacet
  facet normal  0.000000e+00  0.000000e+00  1.000000e+00
    outer loop
      vertex -1.870280e+01 -1.095227e+02  4.650000e+01
      vertex -2.867402e+01 -1.089195e+02  4.650000e+01
      vertex -2.840257e+01 -1.095227e+02  4.650000e+01
    endloop
  endfacet
  facet normal  -0.000000e+00  0.000000e+00  1.000000e+00
    outer loop
      vertex -1.870280e+01 -1.095227e+02  4.650000e+01
      vertex -2.840257e+01 -1.095227e+02  4.650000e+01
      vertex -1.904498e+01 -1.100887e+02  4.650000e+01
    endloop
  endfacet
  facet normal  0.000000e+00  0.000000e+00  1.000000e+00
    outer loop
      vertex -1.904498e+01 -1.100887e+02  4.650000e+01
      vertex -2.840257e+01 -1.095227e+02  4.650000e+01
      vertex -2.806039e+01 -1.100887e+02  4.650000e+01
    endloop
  endfacet
  facet normal  -0.000000e+00  0.000000e+00  1.000000e+00
    outer loop
      vertex -1.904498e+01 -1.100887e+02  4.650000e+01
      vertex -2.806039e+01 -1.100887e+02  4.650000e+01
      vertex -1.945289e+01 -1.106094e+02  4.650000e+01
    endloop
  endfacet
  facet normal  0.000000e+00  0.000000e+00  1.000000e+00
    outer loop
      vertex -1.945289e+01 -1.106094e+02  4.650000e+01
      vertex -2.806039e+01 -1.100887e+02  4.650000e+01
      vertex -2.765248e+01 -1.106094e+02  4.650000e+01
    endloop
  endfacet
  facet normal  -0.000000e+00  0.000000e+00  1.000000e+00
    outer loop
      vertex -1.945289e+01 -1.106094e+02  4.650000e+01
      vertex -2.765248e+01 -1.106094e+02  4.650000e+01
      vertex -1.992058e+01 -1.110771e+02  4.650000e+01
    endloop
  endfacet
  facet normal  0.000000e+00  0.000000e+00  1.000000e+00
    outer loop
      vertex -1.992058e+01 -1.110771e+02  4.650000e+01
      vertex -2.765248e+01 -1.106094e+02  4.650000e+01
      vertex -2.718478e+01 -1.110771e+02  4.650000e+01
    endloop
  endfacet
  facet normal  -0.000000e+00  0.000000e+00  9.999999e-01
    outer loop
      vertex -1.992058e+01 -1.110771e+02  4.650000e+01
      vertex -2.718478e+01 -1.110771e+02  4.650000e+01
      vertex -2.044124e+01 -1.114850e+02  4.650000e+01
    endloop
  endfacet
  facet normal  0.000000e+00  0.000000e+00  1.000000e+00
    outer loop
      vertex -2.044124e+01 -1.114850e+02  4.650000e+01
      vertex -2.718478e+01 -1.110771e+02  4.650000e+01
      vertex -2.666413e+01 -1.114850e+02  4.650000e+01
    endloop
  endfacet
  facet normal  -0.000000e+00  0.000000e+00  1.000000e+00
    outer loop
      vertex -2.044124e+01 -1.114850e+02  4.650000e+01
      vertex -2.666413e+01 -1.114850e+02  4.650000e+01
      vertex -2.100727e+01 -1.118271e+02  4.650000e+01
    endloop
  endfacet
  facet normal  0.000000e+00  0.000000e+00  1.000000e+00
    outer loop
      vertex -2.100727e+01 -1.118271e+02  4.650000e+01
      vertex -2.666413e+01 -1.114850e+02  4.650000e+01
      vertex -2.609810e+01 -1.118271e+02  4.650000e+01
    endloop
  endfacet
  facet normal  -0.000000e+00  0.000000e+00  1.000000e+00
    outer loop
      vertex -2.100727e+01 -1.118271e+02  4.650000e+01
      vertex -2.609810e+01 -1.118271e+02  4.650000e+01
      vertex -2.161042e+01 -1.120986e+02  4.650000e+01
    endloop
  endfacet
  facet normal  0.000000e+00  0.000000e+00  1.000000e+00
    outer loop
      vertex -2.161042e+01 -1.120986e+02  4.650000e+01
      vertex -2.609810e+01 -1.118271e+02  4.650000e+01
      vertex -2.549495e+01 -1.120986e+02  4.650000e+01
    endloop
  endfacet
  facet normal  -0.000000e+00  0.000000e+00  1.000000e+00
    outer loop
      vertex -2.161042e+01 -1.120986e+02  4.650000e+01
      vertex -2.549495e+01 -1.120986e+02  4.650000e+01
      vertex -2.224189e+01 -1.122954e+02  4.650000e+01
    endloop
  endfacet
  facet normal  0.000000e+00  0.000000e+00  1.000000e+00
    outer loop
      vertex -2.224189e+01 -1.122954e+02  4.650000e+01
      vertex -2.549495e+01 -1.120986e+02  4.650000e+01
      vertex -2.486348e+01 -1.122954e+02  4.650000e+01
    endloop
  endfacet
  facet normal  -0.000000e+00  0.000000e+00  1.000000e+00
    outer loop
      vertex -2.224189e+01 -1.122954e+02  4.650000e+01
      vertex -2.486348e+01 -1.122954e+02  4.650000e+01
      vertex -2.289247e+01 -1.124146e+02  4.650000e+01
    endloop
  endfacet
  facet normal  0.000000e+00  0.000000e+00  1.000000e+00
    outer loop
      vertex -2.289247e+01 -1.124146e+02  4.650000e+01
      vertex -2.486348e+01 -1.122954e+02  4.650000e+01
      vertex -2.421290e+01 -1.124146e+02  4.650000e+01
    endloop
  endfacet
  facet normal  -0.000000e+00  0.000000e+00  1.000000e+00
    outer loop
      vertex -2.289247e+01 -1.124146e+02  4.650000e+01
      vertex -2.421290e+01 -1.124146e+02  4.650000e+01
      vertex -2.355268e+01 -1.124545e+02  4.650000e+01
    endloop
  endfacet
endsolid CATIA STL
