solid CATIA STL
  facet normal  -0.000000e+00  1.000000e+00  0.000000e+00
    outer loop
      vertex  4.569249e+01  2.300000e+01 -1.681505e+01
      vertex  3.169859e+01  2.300000e+01 -1.616098e+01
      vertex  3.282178e+01  2.300000e+01 -1.600313e+01
    endloop
  endfacet
  facet normal  -0.000000e+00  1.000000e+00  0.000000e+00
    outer loop
      vertex  4.569249e+01  2.300000e+01 -1.681505e+01
      vertex  3.056712e+01  2.300000e+01 -1.624010e+01
      vertex  3.169859e+01  2.300000e+01 -1.616098e+01
    endloop
  endfacet
  facet normal  0.000000e+00  1.000000e+00  0.000000e+00
    outer loop
      vertex  1.831073e+01  2.300000e+01 -1.128820e+01
      vertex  3.139526e-01  2.300000e+01 -4.990134e+00
      vertex  1.755178e+01  2.300000e+01 -1.044530e+01
    endloop
  endfacet
  facet normal  0.000000e+00  1.000000e+00  0.000000e+00
    outer loop
      vertex  1.755178e+01  2.300000e+01 -1.044530e+01
      vertex  3.139526e-01  2.300000e+01 -4.990134e+00
      vertex  1.685347e+01  2.300000e+01 -9.551511e+00
    endloop
  endfacet
  facet normal  0.000000e+00  1.000000e+00  0.000000e+00
    outer loop
      vertex  1.685347e+01  2.300000e+01 -9.551511e+00
      vertex  3.139526e-01  2.300000e+01 -4.990134e+00
      vertex  1.621922e+01  2.300000e+01 -8.611188e+00
    endloop
  endfacet
  facet normal  0.000000e+00  1.000000e+00  0.000000e+00
    outer loop
      vertex  1.621922e+01  2.300000e+01 -8.611188e+00
      vertex  3.139526e-01  2.300000e+01 -4.990134e+00
      vertex  1.565210e+01  2.300000e+01 -7.628913e+00
    endloop
  endfacet
  facet normal  0.000000e+00  1.000000e+00  0.000000e+00
    outer loop
      vertex  1.565210e+01  2.300000e+01 -7.628913e+00
      vertex  3.139526e-01  2.300000e+01 -4.990134e+00
      vertex  1.515489e+01  2.300000e+01 -6.609470e+00
    endloop
  endfacet
  facet normal  0.000000e+00  1.000000e+00  -0.000000e+00
    outer loop
      vertex  1.831073e+01  2.300000e+01  1.128820e+01
      vertex  1.755178e+01  2.300000e+01  1.044530e+01
      vertex  3.139526e-01  2.300000e+01  4.990134e+00
    endloop
  endfacet
  facet normal  0.000000e+00  1.000000e+00  -0.000000e+00
    outer loop
      vertex  1.755178e+01  2.300000e+01  1.044530e+01
      vertex  1.685347e+01  2.300000e+01  9.551511e+00
      vertex  3.139526e-01  2.300000e+01  4.990134e+00
    endloop
  endfacet
  facet normal  0.000000e+00  1.000000e+00  -0.000000e+00
    outer loop
      vertex  1.685347e+01  2.300000e+01  9.551511e+00
      vertex  1.621922e+01  2.300000e+01  8.611188e+00
      vertex  3.139526e-01  2.300000e+01  4.990134e+00
    endloop
  endfacet
  facet normal  0.000000e+00  1.000000e+00  -0.000000e+00
    outer loop
      vertex  1.621922e+01  2.300000e+01  8.611188e+00
      vertex  1.565210e+01  2.300000e+01  7.628913e+00
      vertex  3.139526e-01  2.300000e+01  4.990134e+00
    endloop
  endfacet
  facet normal  0.000000e+00  1.000000e+00  -0.000000e+00
    outer loop
      vertex  1.565210e+01  2.300000e+01  7.628913e+00
      vertex  1.515489e+01  2.300000e+01  6.609470e+00
      vertex  3.139526e-01  2.300000e+01  4.990134e+00
    endloop
  endfacet
  facet normal  0.000000e+00  1.000000e+00  -0.000000e+00
    outer loop
      vertex  1.515489e+01  2.300000e+01  6.609470e+00
      vertex  1.472999e+01  2.300000e+01  5.557827e+00
      vertex  3.139526e-01  2.300000e+01  4.990134e+00
    endloop
  endfacet
  facet normal  0.000000e+00  1.000000e+00  0.000000e+00
    outer loop
      vertex  2.679134e+00  2.300000e+01  4.221640e+00
      vertex  1.410510e+01  2.300000e+01  3.378565e+00
      vertex  3.187120e+00  2.300000e+01  3.852566e+00
    endloop
  endfacet
  facet normal  -0.000000e+00  1.000000e+00  -0.000000e+00
    outer loop
      vertex  1.378958e+01  2.300000e+01  1.133543e+00
      vertex  4.842916e+00  2.300000e+01  1.243449e+00
      vertex  4.648882e+00  2.300000e+01  1.840623e+00
    endloop
  endfacet
  facet normal  0.000000e+00  1.000000e+00  0.000000e+00
    outer loop
      vertex -1.410510e+01  2.300000e+01  3.378565e+00
      vertex -2.679134e+00  2.300000e+01  4.221640e+00
      vertex -3.187120e+00  2.300000e+01  3.852566e+00
    endloop
  endfacet
  facet normal  0.000000e+00  1.000000e+00  0.000000e+00
    outer loop
      vertex -4.045085e+00  2.300000e+01 -2.938926e+00
      vertex -3.644843e+00  2.300000e+01 -3.422735e+00
      vertex -1.410510e+01  2.300000e+01 -3.378565e+00
    endloop
  endfacet
  facet normal  0.000000e+00  1.000000e+00  0.000000e+00
    outer loop
      vertex -2.679134e+00  2.300000e+01 -4.221640e+00
      vertex -2.128896e+00  2.300000e+01 -4.524135e+00
      vertex -1.437950e+01  2.300000e+01 -4.479107e+00
    endloop
  endfacet
  facet normal  0.000000e+00  9.999999e-01  0.000000e+00
    outer loop
      vertex -3.000000e+01  2.300000e+01 -2.300000e+01
      vertex -3.190000e+01  2.300000e+01 -2.300000e+01
      vertex -3.190000e+01  2.300000e+01 -2.100000e+01
    endloop
  endfacet
  facet normal  -0.000000e+00  1.000000e+00  0.000000e+00
    outer loop
      vertex -3.000000e+01  2.300000e+01 -2.300000e+01
      vertex -3.190000e+01  2.300000e+01 -2.100000e+01
      vertex -3.056712e+01  2.300000e+01 -1.624010e+01
    endloop
  endfacet
  facet normal  -0.000000e+00  1.000000e+00  0.000000e+00
    outer loop
      vertex -3.000000e+01  2.300000e+01 -2.300000e+01
      vertex -3.056712e+01  2.300000e+01 -1.624010e+01
      vertex -2.943288e+01  2.300000e+01 -1.624010e+01
    endloop
  endfacet
  facet normal  0.000000e+00  9.999999e-01  0.000000e+00
    outer loop
      vertex -3.000000e+01  2.300000e+01 -2.300000e+01
      vertex -2.943288e+01  2.300000e+01 -1.624010e+01
      vertex  3.000000e+01  2.300000e+01 -2.300000e+01
    endloop
  endfacet
  facet normal  0.000000e+00  1.000000e+00  -0.000000e+00
    outer loop
      vertex  6.250000e+01  2.300000e+01  1.300000e+01
      vertex  5.047099e+01  2.300000e+01 -1.048516e+01
      vertex  4.562050e+01  2.300000e+01  4.479107e+00
    endloop
  endfacet
  facet normal  0.000000e+00  1.000000e+00  -0.000000e+00
    outer loop
      vertex  6.250000e+01  2.300000e+01  1.300000e+01
      vertex  4.562050e+01  2.300000e+01  4.479107e+00
      vertex  4.527000e+01  2.300000e+01  5.557827e+00
    endloop
  endfacet
  facet normal  0.000000e+00  1.000000e+00  -0.000000e+00
    outer loop
      vertex  6.250000e+01  2.300000e+01  1.300000e+01
      vertex  4.527000e+01  2.300000e+01  5.557827e+00
      vertex  4.484511e+01  2.300000e+01  6.609470e+00
    endloop
  endfacet
  facet normal  0.000000e+00  1.000000e+00  -0.000000e+00
    outer loop
      vertex  6.250000e+01  2.300000e+01  1.300000e+01
      vertex  4.484511e+01  2.300000e+01  6.609470e+00
      vertex  4.434790e+01  2.300000e+01  7.628913e+00
    endloop
  endfacet
  facet normal  0.000000e+00  9.999999e-01  -0.000000e+00
    outer loop
      vertex  6.250000e+01  2.300000e+01  1.300000e+01
      vertex  4.434790e+01  2.300000e+01  7.628913e+00
      vertex  4.378078e+01  2.300000e+01  8.611188e+00
    endloop
  endfacet
  facet normal  0.000000e+00  1.000000e+00  -0.000000e+00
    outer loop
      vertex  6.250000e+01  2.300000e+01  1.300000e+01
      vertex  4.378078e+01  2.300000e+01  8.611188e+00
      vertex  4.314653e+01  2.300000e+01  9.551511e+00
    endloop
  endfacet
  facet normal  0.000000e+00  1.000000e+00  -0.000000e+00
    outer loop
      vertex  6.250000e+01  2.300000e+01  1.300000e+01
      vertex  4.314653e+01  2.300000e+01  9.551511e+00
      vertex  4.244822e+01  2.300000e+01  1.044530e+01
    endloop
  endfacet
  facet normal  0.000000e+00  1.000000e+00  -0.000000e+00
    outer loop
      vertex  6.250000e+01  2.300000e+01  1.300000e+01
      vertex  4.244822e+01  2.300000e+01  1.044530e+01
      vertex  4.168927e+01  2.300000e+01  1.128820e+01
    endloop
  endfacet
  facet normal  0.000000e+00  1.000000e+00  -0.000000e+00
    outer loop
      vertex  6.250000e+01  2.300000e+01  1.300000e+01
      vertex  4.168927e+01  2.300000e+01  1.128820e+01
      vertex  4.087337e+01  2.300000e+01  1.207610e+01
    endloop
  endfacet
  facet normal  0.000000e+00  1.000000e+00  -0.000000e+00
    outer loop
      vertex  6.250000e+01  2.300000e+01  1.300000e+01
      vertex  4.087337e+01  2.300000e+01  1.207610e+01
      vertex  4.000450e+01  2.300000e+01  1.280517e+01
    endloop
  endfacet
  facet normal  0.000000e+00  1.000000e+00  -0.000000e+00
    outer loop
      vertex  6.250000e+01  2.300000e+01  1.300000e+01
      vertex  4.000450e+01  2.300000e+01  1.280517e+01
      vertex  3.908688e+01  2.300000e+01  1.347186e+01
    endloop
  endfacet
  facet normal  0.000000e+00  1.000000e+00  0.000000e+00
    outer loop
      vertex  6.250000e+01  2.300000e+01  1.300000e+01
      vertex  3.908688e+01  2.300000e+01  1.347186e+01
      vertex  8.250000e+01  2.300000e+01  1.300000e+01
    endloop
  endfacet
  facet normal  0.000000e+00  1.000000e+00  0.000000e+00
    outer loop
      vertex  6.250000e+01  2.300000e+01  2.300000e+01
      vertex  8.250000e+01  2.300000e+01  2.300000e+01
      vertex  8.250000e+01  2.300000e+01  1.300000e+01
    endloop
  endfacet
  facet normal  0.000000e+00  1.000000e+00  0.000000e+00
    outer loop
      vertex  6.250000e+01  2.300000e+01  2.300000e+01
      vertex  8.250000e+01  2.300000e+01  1.300000e+01
      vertex  5.250000e+01  2.300000e+01  2.300000e+01
    endloop
  endfacet
  facet normal  0.000000e+00  1.000000e+00  0.000000e+00
    outer loop
      vertex  6.250000e+01  2.300000e+01  2.300000e+01
      vertex  5.250000e+01  2.300000e+01  2.300000e+01
      vertex  5.659757e+01  2.300000e+01  3.100000e+01
    endloop
  endfacet
  facet normal  -0.000000e+00  1.000000e+00  0.000000e+00
    outer loop
      vertex  6.250000e+01  2.300000e+01  2.300000e+01
      vertex  5.659757e+01  2.300000e+01  3.100000e+01
      vertex  6.250000e+01  2.300000e+01  3.100000e+01
    endloop
  endfacet
  facet normal  0.000000e+00  1.000000e+00  0.000000e+00
    outer loop
      vertex  3.000000e+01  2.300000e+01  2.300000e+01
      vertex  5.250000e+01  2.300000e+01  2.300000e+01
      vertex  8.250000e+01  2.300000e+01  1.300000e+01
    endloop
  endfacet
  facet normal  0.000000e+00  1.000000e+00  0.000000e+00
    outer loop
      vertex  3.000000e+01  2.300000e+01  2.300000e+01
      vertex  8.250000e+01  2.300000e+01  1.300000e+01
      vertex  3.169859e+01  2.300000e+01  1.616098e+01
    endloop
  endfacet
  facet normal  0.000000e+00  1.000000e+00  0.000000e+00
    outer loop
      vertex  3.000000e+01  2.300000e+01  2.300000e+01
      vertex  3.169859e+01  2.300000e+01  1.616098e+01
      vertex  3.056712e+01  2.300000e+01  1.624010e+01
    endloop
  endfacet
  facet normal  0.000000e+00  1.000000e+00  0.000000e+00
    outer loop
      vertex  3.000000e+01  2.300000e+01  2.300000e+01
      vertex  3.056712e+01  2.300000e+01  1.624010e+01
      vertex  2.943288e+01  2.300000e+01  1.624010e+01
    endloop
  endfacet
  facet normal  0.000000e+00  1.000000e+00  -0.000000e+00
    outer loop
      vertex  3.000000e+01  2.300000e+01  2.300000e+01
      vertex  2.943288e+01  2.300000e+01  1.624010e+01
      vertex  2.830141e+01  2.300000e+01  1.616098e+01
    endloop
  endfacet
  facet normal  0.000000e+00  1.000000e+00  -0.000000e+00
    outer loop
      vertex  3.000000e+01  2.300000e+01  2.300000e+01
      vertex  2.830141e+01  2.300000e+01  1.616098e+01
      vertex  2.717822e+01  2.300000e+01  1.600313e+01
    endloop
  endfacet
  facet normal  0.000000e+00  1.000000e+00  -0.000000e+00
    outer loop
      vertex  3.000000e+01  2.300000e+01  2.300000e+01
      vertex  2.717822e+01  2.300000e+01  1.600313e+01
      vertex  2.606877e+01  2.300000e+01  1.576731e+01
    endloop
  endfacet
  facet normal  0.000000e+00  1.000000e+00  -0.000000e+00
    outer loop
      vertex  3.000000e+01  2.300000e+01  2.300000e+01
      vertex  2.606877e+01  2.300000e+01  1.576731e+01
      vertex  2.497847e+01  2.300000e+01  1.545467e+01
    endloop
  endfacet
  facet normal  0.000000e+00  1.000000e+00  -0.000000e+00
    outer loop
      vertex  3.000000e+01  2.300000e+01  2.300000e+01
      vertex  2.497847e+01  2.300000e+01  1.545467e+01
      vertex  2.391264e+01  2.300000e+01  1.506674e+01
    endloop
  endfacet
  facet normal  0.000000e+00  1.000000e+00  -0.000000e+00
    outer loop
      vertex  3.000000e+01  2.300000e+01  2.300000e+01
      vertex  2.391264e+01  2.300000e+01  1.506674e+01
      vertex  2.287647e+01  2.300000e+01  1.460540e+01
    endloop
  endfacet
  facet normal  0.000000e+00  1.000000e+00  -0.000000e+00
    outer loop
      vertex  3.000000e+01  2.300000e+01  2.300000e+01
      vertex  2.287647e+01  2.300000e+01  1.460540e+01
      vertex  2.187500e+01  2.300000e+01  1.407291e+01
    endloop
  endfacet
  facet normal  0.000000e+00  9.999999e-01  -0.000000e+00
    outer loop
      vertex  3.000000e+01  2.300000e+01  2.300000e+01
      vertex  2.187500e+01  2.300000e+01  1.407291e+01
      vertex  2.091311e+01  2.300000e+01  1.347186e+01
    endloop
  endfacet
  facet normal  0.000000e+00  1.000000e+00  -0.000000e+00
    outer loop
      vertex  3.000000e+01  2.300000e+01  2.300000e+01
      vertex  2.091311e+01  2.300000e+01  1.347186e+01
      vertex  1.999550e+01  2.300000e+01  1.280517e+01
    endloop
  endfacet
  facet normal  0.000000e+00  1.000000e+00  -0.000000e+00
    outer loop
      vertex  3.000000e+01  2.300000e+01  2.300000e+01
      vertex  1.999550e+01  2.300000e+01  1.280517e+01
      vertex  1.912663e+01  2.300000e+01  1.207610e+01
    endloop
  endfacet
  facet normal  0.000000e+00  9.999999e-01  -0.000000e+00
    outer loop
      vertex  3.000000e+01  2.300000e+01  2.300000e+01
      vertex  1.912663e+01  2.300000e+01  1.207610e+01
      vertex  1.831073e+01  2.300000e+01  1.128820e+01
    endloop
  endfacet
  facet normal  0.000000e+00  1.000000e+00  -0.000000e+00
    outer loop
      vertex  3.000000e+01  2.300000e+01  2.300000e+01
      vertex  1.831073e+01  2.300000e+01  1.128820e+01
      vertex  3.139526e-01  2.300000e+01  4.990134e+00
    endloop
  endfacet
  facet normal  0.000000e+00  1.000000e+00  -0.000000e+00
    outer loop
      vertex  3.000000e+01  2.300000e+01  2.300000e+01
      vertex  3.139526e-01  2.300000e+01  4.990134e+00
      vertex -3.139526e-01  2.300000e+01  4.990134e+00
    endloop
  endfacet
  facet normal  0.000000e+00  1.000000e+00  -0.000000e+00
    outer loop
      vertex  3.000000e+01  2.300000e+01  2.300000e+01
      vertex -3.139526e-01  2.300000e+01  4.990134e+00
      vertex -1.472999e+01  2.300000e+01  5.557827e+00
    endloop
  endfacet
  facet normal  0.000000e+00  1.000000e+00  -0.000000e+00
    outer loop
      vertex  3.000000e+01  2.300000e+01  2.300000e+01
      vertex -1.472999e+01  2.300000e+01  5.557827e+00
      vertex -1.515489e+01  2.300000e+01  6.609470e+00
    endloop
  endfacet
  facet normal  0.000000e+00  1.000000e+00  -0.000000e+00
    outer loop
      vertex  3.000000e+01  2.300000e+01  2.300000e+01
      vertex -1.515489e+01  2.300000e+01  6.609470e+00
      vertex -1.565210e+01  2.300000e+01  7.628913e+00
    endloop
  endfacet
  facet normal  0.000000e+00  1.000000e+00  -0.000000e+00
    outer loop
      vertex  3.000000e+01  2.300000e+01  2.300000e+01
      vertex -1.565210e+01  2.300000e+01  7.628913e+00
      vertex -1.621922e+01  2.300000e+01  8.611188e+00
    endloop
  endfacet
  facet normal  0.000000e+00  1.000000e+00  -0.000000e+00
    outer loop
      vertex  3.000000e+01  2.300000e+01  2.300000e+01
      vertex -1.621922e+01  2.300000e+01  8.611188e+00
      vertex -1.685347e+01  2.300000e+01  9.551511e+00
    endloop
  endfacet
  facet normal  0.000000e+00  9.999999e-01  -0.000000e+00
    outer loop
      vertex  3.000000e+01  2.300000e+01  2.300000e+01
      vertex -1.685347e+01  2.300000e+01  9.551511e+00
      vertex -1.755178e+01  2.300000e+01  1.044530e+01
    endloop
  endfacet
  facet normal  0.000000e+00  1.000000e+00  -0.000000e+00
    outer loop
      vertex  3.000000e+01  2.300000e+01  2.300000e+01
      vertex -1.755178e+01  2.300000e+01  1.044530e+01
      vertex -1.831073e+01  2.300000e+01  1.128820e+01
    endloop
  endfacet
  facet normal  0.000000e+00  9.999999e-01  -0.000000e+00
    outer loop
      vertex  3.000000e+01  2.300000e+01  2.300000e+01
      vertex -1.831073e+01  2.300000e+01  1.128820e+01
      vertex -1.912663e+01  2.300000e+01  1.207610e+01
    endloop
  endfacet
  facet normal  0.000000e+00  1.000000e+00  -0.000000e+00
    outer loop
      vertex  3.000000e+01  2.300000e+01  2.300000e+01
      vertex -1.912663e+01  2.300000e+01  1.207610e+01
      vertex -1.999550e+01  2.300000e+01  1.280517e+01
    endloop
  endfacet
  facet normal  0.000000e+00  1.000000e+00  -0.000000e+00
    outer loop
      vertex  3.000000e+01  2.300000e+01  2.300000e+01
      vertex -1.999550e+01  2.300000e+01  1.280517e+01
      vertex -2.091311e+01  2.300000e+01  1.347186e+01
    endloop
  endfacet
  facet normal  0.000000e+00  1.000000e+00  -0.000000e+00
    outer loop
      vertex  3.000000e+01  2.300000e+01  2.300000e+01
      vertex -2.091311e+01  2.300000e+01  1.347186e+01
      vertex -2.187500e+01  2.300000e+01  1.407291e+01
    endloop
  endfacet
  facet normal  0.000000e+00  1.000000e+00  -0.000000e+00
    outer loop
      vertex  3.000000e+01  2.300000e+01  2.300000e+01
      vertex -2.187500e+01  2.300000e+01  1.407291e+01
      vertex -2.287647e+01  2.300000e+01  1.460540e+01
    endloop
  endfacet
  facet normal  0.000000e+00  1.000000e+00  -0.000000e+00
    outer loop
      vertex  3.000000e+01  2.300000e+01  2.300000e+01
      vertex -2.287647e+01  2.300000e+01  1.460540e+01
      vertex -2.391264e+01  2.300000e+01  1.506674e+01
    endloop
  endfacet
  facet normal  0.000000e+00  1.000000e+00  -0.000000e+00
    outer loop
      vertex  3.000000e+01  2.300000e+01  2.300000e+01
      vertex -2.391264e+01  2.300000e+01  1.506674e+01
      vertex -3.000000e+01  2.300000e+01  2.300000e+01
    endloop
  endfacet
  facet normal  0.000000e+00  1.000000e+00  0.000000e+00
    outer loop
      vertex -3.000000e+01  2.300000e+01  2.300000e+01
      vertex -2.391264e+01  2.300000e+01  1.506674e+01
      vertex -2.497847e+01  2.300000e+01  1.545467e+01
    endloop
  endfacet
  facet normal  0.000000e+00  1.000000e+00  0.000000e+00
    outer loop
      vertex -3.000000e+01  2.300000e+01  2.300000e+01
      vertex -2.497847e+01  2.300000e+01  1.545467e+01
      vertex -2.606877e+01  2.300000e+01  1.576731e+01
    endloop
  endfacet
  facet normal  0.000000e+00  1.000000e+00  0.000000e+00
    outer loop
      vertex -3.000000e+01  2.300000e+01  2.300000e+01
      vertex -2.606877e+01  2.300000e+01  1.576731e+01
      vertex -2.717822e+01  2.300000e+01  1.600313e+01
    endloop
  endfacet
  facet normal  0.000000e+00  1.000000e+00  0.000000e+00
    outer loop
      vertex -3.000000e+01  2.300000e+01  2.300000e+01
      vertex -2.717822e+01  2.300000e+01  1.600313e+01
      vertex -2.830141e+01  2.300000e+01  1.616098e+01
    endloop
  endfacet
  facet normal  0.000000e+00  1.000000e+00  0.000000e+00
    outer loop
      vertex -3.000000e+01  2.300000e+01  2.300000e+01
      vertex -2.830141e+01  2.300000e+01  1.616098e+01
      vertex -2.943288e+01  2.300000e+01  1.624010e+01
    endloop
  endfacet
  facet normal  0.000000e+00  1.000000e+00  0.000000e+00
    outer loop
      vertex -3.000000e+01  2.300000e+01  2.300000e+01
      vertex -2.943288e+01  2.300000e+01  1.624010e+01
      vertex -3.056712e+01  2.300000e+01  1.624010e+01
    endloop
  endfacet
  facet normal  0.000000e+00  1.000000e+00  -0.000000e+00
    outer loop
      vertex -3.000000e+01  2.300000e+01  2.300000e+01
      vertex -3.056712e+01  2.300000e+01  1.624010e+01
      vertex -3.134400e+01  2.300000e+01  2.296070e+01
    endloop
  endfacet
  facet normal  -0.000000e+00  1.000000e+00  0.000000e+00
    outer loop
      vertex -6.150000e+01  2.300000e+01 -1.300000e+01
      vertex -6.150000e+01  2.300000e+01  0.000000e+00
      vertex -4.625000e+01  2.300000e+01  1.990051e-15
    endloop
  endfacet
  facet normal  0.000000e+00  1.000000e+00  0.000000e+00
    outer loop
      vertex -6.150000e+01  2.300000e+01 -1.300000e+01
      vertex -4.625000e+01  2.300000e+01  1.990051e-15
      vertex -4.621041e+01  2.300000e+01 -1.133543e+00
    endloop
  endfacet
  facet normal  0.000000e+00  1.000000e+00  0.000000e+00
    outer loop
      vertex -6.150000e+01  2.300000e+01 -1.300000e+01
      vertex -4.621041e+01  2.300000e+01 -1.133543e+00
      vertex -4.609186e+01  2.300000e+01 -2.261563e+00
    endloop
  endfacet
  facet normal  0.000000e+00  9.999999e-01  0.000000e+00
    outer loop
      vertex -6.150000e+01  2.300000e+01 -1.300000e+01
      vertex -4.609186e+01  2.300000e+01 -2.261563e+00
      vertex -4.589490e+01  2.300000e+01 -3.378565e+00
    endloop
  endfacet
  facet normal  0.000000e+00  1.000000e+00  0.000000e+00
    outer loop
      vertex -6.150000e+01  2.300000e+01 -1.300000e+01
      vertex -4.589490e+01  2.300000e+01 -3.378565e+00
      vertex -4.562050e+01  2.300000e+01 -4.479107e+00
    endloop
  endfacet
  facet normal  0.000000e+00  1.000000e+00  0.000000e+00
    outer loop
      vertex -6.150000e+01  2.300000e+01 -1.300000e+01
      vertex -4.562050e+01  2.300000e+01 -4.479107e+00
      vertex -4.527000e+01  2.300000e+01 -5.557827e+00
    endloop
  endfacet
  facet normal  0.000000e+00  9.999999e-01  0.000000e+00
    outer loop
      vertex -6.150000e+01  2.300000e+01 -1.300000e+01
      vertex -4.527000e+01  2.300000e+01 -5.557827e+00
      vertex -4.484511e+01  2.300000e+01 -6.609470e+00
    endloop
  endfacet
  facet normal  0.000000e+00  1.000000e+00  0.000000e+00
    outer loop
      vertex -6.150000e+01  2.300000e+01 -1.300000e+01
      vertex -4.484511e+01  2.300000e+01 -6.609470e+00
      vertex -4.434790e+01  2.300000e+01 -7.628913e+00
    endloop
  endfacet
  facet normal  0.000000e+00  1.000000e+00  0.000000e+00
    outer loop
      vertex -6.150000e+01  2.300000e+01 -1.300000e+01
      vertex -4.434790e+01  2.300000e+01 -7.628913e+00
      vertex -4.378078e+01  2.300000e+01 -8.611188e+00
    endloop
  endfacet
  facet normal  0.000000e+00  1.000000e+00  0.000000e+00
    outer loop
      vertex -6.150000e+01  2.300000e+01 -1.300000e+01
      vertex -4.378078e+01  2.300000e+01 -8.611188e+00
      vertex -4.314653e+01  2.300000e+01 -9.551511e+00
    endloop
  endfacet
  facet normal  0.000000e+00  1.000000e+00  0.000000e+00
    outer loop
      vertex -6.150000e+01  2.300000e+01 -1.300000e+01
      vertex -4.314653e+01  2.300000e+01 -9.551511e+00
      vertex -4.244822e+01  2.300000e+01 -1.044530e+01
    endloop
  endfacet
  facet normal  0.000000e+00  1.000000e+00  0.000000e+00
    outer loop
      vertex -6.150000e+01  2.300000e+01 -1.300000e+01
      vertex -4.244822e+01  2.300000e+01 -1.044530e+01
      vertex -4.168927e+01  2.300000e+01 -1.128820e+01
    endloop
  endfacet
  facet normal  0.000000e+00  1.000000e+00  0.000000e+00
    outer loop
      vertex -6.150000e+01  2.300000e+01 -1.300000e+01
      vertex -4.168927e+01  2.300000e+01 -1.128820e+01
      vertex -4.087337e+01  2.300000e+01 -1.207610e+01
    endloop
  endfacet
  facet normal  0.000000e+00  9.999999e-01  0.000000e+00
    outer loop
      vertex -6.150000e+01  2.300000e+01 -1.300000e+01
      vertex -4.087337e+01  2.300000e+01 -1.207610e+01
      vertex -4.000450e+01  2.300000e+01 -1.280517e+01
    endloop
  endfacet
  facet normal  0.000000e+00  9.999999e-01  0.000000e+00
    outer loop
      vertex -6.150000e+01  2.300000e+01 -1.300000e+01
      vertex -4.000450e+01  2.300000e+01 -1.280517e+01
      vertex -3.908688e+01  2.300000e+01 -1.347186e+01
    endloop
  endfacet
  facet normal  0.000000e+00  1.000000e+00  0.000000e+00
    outer loop
      vertex -6.150000e+01  2.300000e+01 -1.300000e+01
      vertex -3.908688e+01  2.300000e+01 -1.347186e+01
      vertex -6.690000e+01  2.300000e+01 -2.100000e+01
    endloop
  endfacet
  facet normal  0.000000e+00  1.000000e+00  -0.000000e+00
    outer loop
      vertex -6.150000e+01  2.300000e+01 -1.300000e+01
      vertex -6.690000e+01  2.300000e+01 -2.100000e+01
      vertex -8.650000e+01  2.300000e+01 -1.300000e+01
    endloop
  endfacet
  facet normal  0.000000e+00  9.999999e-01  0.000000e+00
    outer loop
      vertex -3.056712e+01  2.300000e+01  1.624010e+01
      vertex -4.679365e+01  2.300000e+01  1.571538e+01
      vertex -4.584663e+01  2.300000e+01  1.666986e+01
    endloop
  endfacet
  facet normal  -0.000000e+00  9.999999e-01  0.000000e+00
    outer loop
      vertex -3.056712e+01  2.300000e+01  1.624010e+01
      vertex -4.584663e+01  2.300000e+01  1.666986e+01
      vertex -4.484545e+01  2.300000e+01  1.756738e+01
    endloop
  endfacet
  facet normal  -0.000000e+00  1.000000e+00  0.000000e+00
    outer loop
      vertex -3.056712e+01  2.300000e+01  1.624010e+01
      vertex -4.484545e+01  2.300000e+01  1.756738e+01
      vertex -4.379353e+01  2.300000e+01  1.840485e+01
    endloop
  endfacet
  facet normal  -0.000000e+00  1.000000e+00  0.000000e+00
    outer loop
      vertex -3.056712e+01  2.300000e+01  1.624010e+01
      vertex -4.379353e+01  2.300000e+01  1.840485e+01
      vertex -4.269448e+01  2.300000e+01  1.917942e+01
    endloop
  endfacet
  facet normal  -0.000000e+00  1.000000e+00  0.000000e+00
    outer loop
      vertex -3.056712e+01  2.300000e+01  1.624010e+01
      vertex -4.269448e+01  2.300000e+01  1.917942e+01
      vertex -4.155204e+01  2.300000e+01  1.988845e+01
    endloop
  endfacet
  facet normal  -0.000000e+00  9.999999e-01  0.000000e+00
    outer loop
      vertex -3.056712e+01  2.300000e+01  1.624010e+01
      vertex -4.155204e+01  2.300000e+01  1.988845e+01
      vertex -4.037012e+01  2.300000e+01  2.052950e+01
    endloop
  endfacet
  facet normal  -0.000000e+00  1.000000e+00  0.000000e+00
    outer loop
      vertex -3.056712e+01  2.300000e+01  1.624010e+01
      vertex -4.037012e+01  2.300000e+01  2.052950e+01
      vertex -3.915276e+01  2.300000e+01  2.110040e+01
    endloop
  endfacet
  facet normal  -0.000000e+00  1.000000e+00  0.000000e+00
    outer loop
      vertex -3.056712e+01  2.300000e+01  1.624010e+01
      vertex -3.915276e+01  2.300000e+01  2.110040e+01
      vertex -3.790413e+01  2.300000e+01  2.159919e+01
    endloop
  endfacet
  facet normal  -0.000000e+00  9.999999e-01  0.000000e+00
    outer loop
      vertex -3.056712e+01  2.300000e+01  1.624010e+01
      vertex -3.790413e+01  2.300000e+01  2.159919e+01
      vertex -3.662848e+01  2.300000e+01  2.202415e+01
    endloop
  endfacet
  facet normal  -0.000000e+00  1.000000e+00  0.000000e+00
    outer loop
      vertex -3.056712e+01  2.300000e+01  1.624010e+01
      vertex -3.662848e+01  2.300000e+01  2.202415e+01
      vertex -3.533017e+01  2.300000e+01  2.237385e+01
    endloop
  endfacet
  facet normal  -0.000000e+00  1.000000e+00  0.000000e+00
    outer loop
      vertex -3.056712e+01  2.300000e+01  1.624010e+01
      vertex -3.533017e+01  2.300000e+01  2.237385e+01
      vertex -3.401365e+01  2.300000e+01  2.264709e+01
    endloop
  endfacet
  facet normal  -0.000000e+00  1.000000e+00  0.000000e+00
    outer loop
      vertex -3.056712e+01  2.300000e+01  1.624010e+01
      vertex -3.401365e+01  2.300000e+01  2.264709e+01
      vertex -3.268341e+01  2.300000e+01  2.284293e+01
    endloop
  endfacet
  facet normal  -0.000000e+00  1.000000e+00  0.000000e+00
    outer loop
      vertex -3.056712e+01  2.300000e+01  1.624010e+01
      vertex -3.268341e+01  2.300000e+01  2.284293e+01
      vertex -3.134400e+01  2.300000e+01  2.296070e+01
    endloop
  endfacet
  facet normal  -0.000000e+00  1.000000e+00  0.000000e+00
    outer loop
      vertex  3.000000e+01  2.300000e+01 -2.300000e+01
      vertex -2.943288e+01  2.300000e+01 -1.624010e+01
      vertex -2.830141e+01  2.300000e+01 -1.616098e+01
    endloop
  endfacet
  facet normal  -0.000000e+00  1.000000e+00  0.000000e+00
    outer loop
      vertex  3.000000e+01  2.300000e+01 -2.300000e+01
      vertex -2.830141e+01  2.300000e+01 -1.616098e+01
      vertex -2.717822e+01  2.300000e+01 -1.600313e+01
    endloop
  endfacet
  facet normal  -0.000000e+00  9.999999e-01  0.000000e+00
    outer loop
      vertex  3.000000e+01  2.300000e+01 -2.300000e+01
      vertex -2.717822e+01  2.300000e+01 -1.600313e+01
      vertex -2.606877e+01  2.300000e+01 -1.576731e+01
    endloop
  endfacet
  facet normal  -0.000000e+00  9.999999e-01  0.000000e+00
    outer loop
      vertex  3.000000e+01  2.300000e+01 -2.300000e+01
      vertex -2.606877e+01  2.300000e+01 -1.576731e+01
      vertex -2.497847e+01  2.300000e+01 -1.545467e+01
    endloop
  endfacet
  facet normal  -0.000000e+00  1.000000e+00  0.000000e+00
    outer loop
      vertex  3.000000e+01  2.300000e+01 -2.300000e+01
      vertex -2.497847e+01  2.300000e+01 -1.545467e+01
      vertex -2.391264e+01  2.300000e+01 -1.506674e+01
    endloop
  endfacet
  facet normal  -0.000000e+00  1.000000e+00  0.000000e+00
    outer loop
      vertex  3.000000e+01  2.300000e+01 -2.300000e+01
      vertex -2.391264e+01  2.300000e+01 -1.506674e+01
      vertex -2.287647e+01  2.300000e+01 -1.460540e+01
    endloop
  endfacet
  facet normal  -0.000000e+00  1.000000e+00  0.000000e+00
    outer loop
      vertex  3.000000e+01  2.300000e+01 -2.300000e+01
      vertex -2.287647e+01  2.300000e+01 -1.460540e+01
      vertex -2.187500e+01  2.300000e+01 -1.407291e+01
    endloop
  endfacet
  facet normal  -0.000000e+00  1.000000e+00  0.000000e+00
    outer loop
      vertex  3.000000e+01  2.300000e+01 -2.300000e+01
      vertex -2.187500e+01  2.300000e+01 -1.407291e+01
      vertex -2.091311e+01  2.300000e+01 -1.347186e+01
    endloop
  endfacet
  facet normal  -0.000000e+00  1.000000e+00  0.000000e+00
    outer loop
      vertex  3.000000e+01  2.300000e+01 -2.300000e+01
      vertex -2.091311e+01  2.300000e+01 -1.347186e+01
      vertex -1.999550e+01  2.300000e+01 -1.280517e+01
    endloop
  endfacet
  facet normal  -0.000000e+00  1.000000e+00  0.000000e+00
    outer loop
      vertex  3.000000e+01  2.300000e+01 -2.300000e+01
      vertex -1.999550e+01  2.300000e+01 -1.280517e+01
      vertex -1.912663e+01  2.300000e+01 -1.207610e+01
    endloop
  endfacet
  facet normal  -0.000000e+00  1.000000e+00  0.000000e+00
    outer loop
      vertex  3.000000e+01  2.300000e+01 -2.300000e+01
      vertex -1.912663e+01  2.300000e+01 -1.207610e+01
      vertex -1.831073e+01  2.300000e+01 -1.128820e+01
    endloop
  endfacet
  facet normal  -0.000000e+00  1.000000e+00  0.000000e+00
    outer loop
      vertex  3.000000e+01  2.300000e+01 -2.300000e+01
      vertex -1.831073e+01  2.300000e+01 -1.128820e+01
      vertex -1.755178e+01  2.300000e+01 -1.044530e+01
    endloop
  endfacet
  facet normal  -0.000000e+00  1.000000e+00  0.000000e+00
    outer loop
      vertex  3.000000e+01  2.300000e+01 -2.300000e+01
      vertex -1.755178e+01  2.300000e+01 -1.044530e+01
      vertex -1.685347e+01  2.300000e+01 -9.551511e+00
    endloop
  endfacet
  facet normal  -0.000000e+00  1.000000e+00  0.000000e+00
    outer loop
      vertex  3.000000e+01  2.300000e+01 -2.300000e+01
      vertex -1.685347e+01  2.300000e+01 -9.551511e+00
      vertex -1.621922e+01  2.300000e+01 -8.611188e+00
    endloop
  endfacet
  facet normal  -0.000000e+00  1.000000e+00  0.000000e+00
    outer loop
      vertex  3.000000e+01  2.300000e+01 -2.300000e+01
      vertex -1.621922e+01  2.300000e+01 -8.611188e+00
      vertex -1.565210e+01  2.300000e+01 -7.628913e+00
    endloop
  endfacet
  facet normal  -0.000000e+00  9.999999e-01  0.000000e+00
    outer loop
      vertex  3.000000e+01  2.300000e+01 -2.300000e+01
      vertex -1.565210e+01  2.300000e+01 -7.628913e+00
      vertex -1.515489e+01  2.300000e+01 -6.609470e+00
    endloop
  endfacet
  facet normal  -0.000000e+00  1.000000e+00  0.000000e+00
    outer loop
      vertex  3.000000e+01  2.300000e+01 -2.300000e+01
      vertex -1.515489e+01  2.300000e+01 -6.609470e+00
      vertex -1.472999e+01  2.300000e+01 -5.557827e+00
    endloop
  endfacet
  facet normal  -0.000000e+00  1.000000e+00  0.000000e+00
    outer loop
      vertex  3.000000e+01  2.300000e+01 -2.300000e+01
      vertex -1.472999e+01  2.300000e+01 -5.557827e+00
      vertex -3.139526e-01  2.300000e+01 -4.990134e+00
    endloop
  endfacet
  facet normal  -0.000000e+00  1.000000e+00  0.000000e+00
    outer loop
      vertex  3.000000e+01  2.300000e+01 -2.300000e+01
      vertex -3.139526e-01  2.300000e+01 -4.990134e+00
      vertex  3.139526e-01  2.300000e+01 -4.990134e+00
    endloop
  endfacet
  facet normal  0.000000e+00  1.000000e+00  0.000000e+00
    outer loop
      vertex  3.000000e+01  2.300000e+01 -2.300000e+01
      vertex  3.139526e-01  2.300000e+01 -4.990134e+00
      vertex  1.831073e+01  2.300000e+01 -1.128820e+01
    endloop
  endfacet
  facet normal  0.000000e+00  1.000000e+00  0.000000e+00
    outer loop
      vertex  3.000000e+01  2.300000e+01 -2.300000e+01
      vertex  1.831073e+01  2.300000e+01 -1.128820e+01
      vertex  1.912663e+01  2.300000e+01 -1.207610e+01
    endloop
  endfacet
  facet normal  0.000000e+00  1.000000e+00  0.000000e+00
    outer loop
      vertex  3.000000e+01  2.300000e+01 -2.300000e+01
      vertex  1.912663e+01  2.300000e+01 -1.207610e+01
      vertex  1.999550e+01  2.300000e+01 -1.280517e+01
    endloop
  endfacet
  facet normal  0.000000e+00  1.000000e+00  0.000000e+00
    outer loop
      vertex  3.000000e+01  2.300000e+01 -2.300000e+01
      vertex  1.999550e+01  2.300000e+01 -1.280517e+01
      vertex  2.091311e+01  2.300000e+01 -1.347186e+01
    endloop
  endfacet
  facet normal  0.000000e+00  1.000000e+00  0.000000e+00
    outer loop
      vertex  3.000000e+01  2.300000e+01 -2.300000e+01
      vertex  2.091311e+01  2.300000e+01 -1.347186e+01
      vertex  2.187500e+01  2.300000e+01 -1.407291e+01
    endloop
  endfacet
  facet normal  0.000000e+00  1.000000e+00  0.000000e+00
    outer loop
      vertex  3.000000e+01  2.300000e+01 -2.300000e+01
      vertex  2.187500e+01  2.300000e+01 -1.407291e+01
      vertex  2.287647e+01  2.300000e+01 -1.460540e+01
    endloop
  endfacet
  facet normal  0.000000e+00  1.000000e+00  0.000000e+00
    outer loop
      vertex  3.000000e+01  2.300000e+01 -2.300000e+01
      vertex  2.287647e+01  2.300000e+01 -1.460540e+01
      vertex  2.391264e+01  2.300000e+01 -1.506674e+01
    endloop
  endfacet
  facet normal  0.000000e+00  1.000000e+00  0.000000e+00
    outer loop
      vertex  3.000000e+01  2.300000e+01 -2.300000e+01
      vertex  2.391264e+01  2.300000e+01 -1.506674e+01
      vertex  2.497847e+01  2.300000e+01 -1.545467e+01
    endloop
  endfacet
  facet normal  0.000000e+00  1.000000e+00  0.000000e+00
    outer loop
      vertex  3.000000e+01  2.300000e+01 -2.300000e+01
      vertex  2.497847e+01  2.300000e+01 -1.545467e+01
      vertex  2.606877e+01  2.300000e+01 -1.576731e+01
    endloop
  endfacet
  facet normal  0.000000e+00  1.000000e+00  0.000000e+00
    outer loop
      vertex  3.000000e+01  2.300000e+01 -2.300000e+01
      vertex  2.606877e+01  2.300000e+01 -1.576731e+01
      vertex  2.717822e+01  2.300000e+01 -1.600313e+01
    endloop
  endfacet
  facet normal  0.000000e+00  1.000000e+00  0.000000e+00
    outer loop
      vertex  3.000000e+01  2.300000e+01 -2.300000e+01
      vertex  2.717822e+01  2.300000e+01 -1.600313e+01
      vertex  2.830141e+01  2.300000e+01 -1.616098e+01
    endloop
  endfacet
  facet normal  0.000000e+00  1.000000e+00  0.000000e+00
    outer loop
      vertex  3.000000e+01  2.300000e+01 -2.300000e+01
      vertex  2.830141e+01  2.300000e+01 -1.616098e+01
      vertex  2.943288e+01  2.300000e+01 -1.624010e+01
    endloop
  endfacet
  facet normal  -0.000000e+00  1.000000e+00  0.000000e+00
    outer loop
      vertex  3.000000e+01  2.300000e+01 -2.300000e+01
      vertex  2.943288e+01  2.300000e+01 -1.624010e+01
      vertex  3.056712e+01  2.300000e+01 -1.624010e+01
    endloop
  endfacet
  facet normal  0.000000e+00  9.999999e-01  0.000000e+00
    outer loop
      vertex  3.000000e+01  2.300000e+01 -2.300000e+01
      vertex  3.056712e+01  2.300000e+01 -1.624010e+01
      vertex  4.569249e+01  2.300000e+01 -1.681505e+01
    endloop
  endfacet
  facet normal  0.000000e+00  1.000000e+00  0.000000e+00
    outer loop
      vertex  3.000000e+01  2.300000e+01 -2.300000e+01
      vertex  4.569249e+01  2.300000e+01 -1.681505e+01
      vertex  4.469562e+01  2.300000e+01 -1.769290e+01
    endloop
  endfacet
  facet normal  0.000000e+00  1.000000e+00  0.000000e+00
    outer loop
      vertex  3.000000e+01  2.300000e+01 -2.300000e+01
      vertex  4.469562e+01  2.300000e+01 -1.769290e+01
      vertex  4.364974e+01  2.300000e+01 -1.851174e+01
    endloop
  endfacet
  facet normal  0.000000e+00  1.000000e+00  0.000000e+00
    outer loop
      vertex  3.000000e+01  2.300000e+01 -2.300000e+01
      vertex  4.364974e+01  2.300000e+01 -1.851174e+01
      vertex  4.255833e+01  2.300000e+01 -1.926884e+01
    endloop
  endfacet
  facet normal  0.000000e+00  1.000000e+00  0.000000e+00
    outer loop
      vertex  3.000000e+01  2.300000e+01 -2.300000e+01
      vertex  4.255833e+01  2.300000e+01 -1.926884e+01
      vertex  4.142505e+01  2.300000e+01 -1.996167e+01
    endloop
  endfacet
  facet normal  0.000000e+00  1.000000e+00  0.000000e+00
    outer loop
      vertex  3.000000e+01  2.300000e+01 -2.300000e+01
      vertex  4.142505e+01  2.300000e+01 -1.996167e+01
      vertex  4.025365e+01  2.300000e+01 -2.058793e+01
    endloop
  endfacet
  facet normal  0.000000e+00  1.000000e+00  0.000000e+00
    outer loop
      vertex  3.000000e+01  2.300000e+01 -2.300000e+01
      vertex  4.025365e+01  2.300000e+01 -2.058793e+01
      vertex  3.904805e+01  2.300000e+01 -2.114552e+01
    endloop
  endfacet
  facet normal  0.000000e+00  1.000000e+00  0.000000e+00
    outer loop
      vertex  3.000000e+01  2.300000e+01 -2.300000e+01
      vertex  3.904805e+01  2.300000e+01 -2.114552e+01
      vertex  3.781227e+01  2.300000e+01 -2.163258e+01
    endloop
  endfacet
  facet normal  0.000000e+00  1.000000e+00  0.000000e+00
    outer loop
      vertex  3.000000e+01  2.300000e+01 -2.300000e+01
      vertex  3.781227e+01  2.300000e+01 -2.163258e+01
      vertex  3.655045e+01  2.300000e+01 -2.204749e+01
    endloop
  endfacet
  facet normal  0.000000e+00  1.000000e+00  0.000000e+00
    outer loop
      vertex  3.000000e+01  2.300000e+01 -2.300000e+01
      vertex  3.655045e+01  2.300000e+01 -2.204749e+01
      vertex  3.526677e+01  2.300000e+01 -2.238886e+01
    endloop
  endfacet
  facet normal  0.000000e+00  1.000000e+00  0.000000e+00
    outer loop
      vertex  3.000000e+01  2.300000e+01 -2.300000e+01
      vertex  3.526677e+01  2.300000e+01 -2.238886e+01
      vertex  3.396552e+01  2.300000e+01 -2.265557e+01
    endloop
  endfacet
  facet normal  0.000000e+00  1.000000e+00  0.000000e+00
    outer loop
      vertex  3.000000e+01  2.300000e+01 -2.300000e+01
      vertex  3.396552e+01  2.300000e+01 -2.265557e+01
      vertex  3.265105e+01  2.300000e+01 -2.284670e+01
    endloop
  endfacet
  facet normal  0.000000e+00  1.000000e+00  0.000000e+00
    outer loop
      vertex  3.000000e+01  2.300000e+01 -2.300000e+01
      vertex  3.265105e+01  2.300000e+01 -2.284670e+01
      vertex  3.132774e+01  2.300000e+01 -2.296165e+01
    endloop
  endfacet
  facet normal  -0.000000e+00  1.000000e+00  -0.000000e+00
    outer loop
      vertex  8.250000e+01  2.300000e+01  1.300000e+01
      vertex  3.908688e+01  2.300000e+01  1.347186e+01
      vertex  3.812500e+01  2.300000e+01  1.407291e+01
    endloop
  endfacet
  facet normal  -0.000000e+00  1.000000e+00  -0.000000e+00
    outer loop
      vertex  8.250000e+01  2.300000e+01  1.300000e+01
      vertex  3.812500e+01  2.300000e+01  1.407291e+01
      vertex  3.712353e+01  2.300000e+01  1.460540e+01
    endloop
  endfacet
  facet normal  -0.000000e+00  1.000000e+00  -0.000000e+00
    outer loop
      vertex  8.250000e+01  2.300000e+01  1.300000e+01
      vertex  3.712353e+01  2.300000e+01  1.460540e+01
      vertex  3.608736e+01  2.300000e+01  1.506674e+01
    endloop
  endfacet
  facet normal  -0.000000e+00  9.999999e-01  -0.000000e+00
    outer loop
      vertex  8.250000e+01  2.300000e+01  1.300000e+01
      vertex  3.608736e+01  2.300000e+01  1.506674e+01
      vertex  3.502153e+01  2.300000e+01  1.545467e+01
    endloop
  endfacet
  facet normal  -0.000000e+00  1.000000e+00  -0.000000e+00
    outer loop
      vertex  8.250000e+01  2.300000e+01  1.300000e+01
      vertex  3.502153e+01  2.300000e+01  1.545467e+01
      vertex  3.393123e+01  2.300000e+01  1.576731e+01
    endloop
  endfacet
  facet normal  -0.000000e+00  1.000000e+00  -0.000000e+00
    outer loop
      vertex  8.250000e+01  2.300000e+01  1.300000e+01
      vertex  3.393123e+01  2.300000e+01  1.576731e+01
      vertex  3.282178e+01  2.300000e+01  1.600313e+01
    endloop
  endfacet
  facet normal  -0.000000e+00  1.000000e+00  -0.000000e+00
    outer loop
      vertex  8.250000e+01  2.300000e+01  1.300000e+01
      vertex  3.282178e+01  2.300000e+01  1.600313e+01
      vertex  3.169859e+01  2.300000e+01  1.616098e+01
    endloop
  endfacet
  facet normal  0.000000e+00  1.000000e+00  -0.000000e+00
    outer loop
      vertex  5.047099e+01  2.300000e+01 -1.048516e+01
      vertex  4.983156e+01  2.300000e+01 -1.164942e+01
      vertex  4.168927e+01  2.300000e+01 -1.128820e+01
    endloop
  endfacet
  facet normal  0.000000e+00  1.000000e+00  0.000000e+00
    outer loop
      vertex  5.047099e+01  2.300000e+01 -1.048516e+01
      vertex  4.168927e+01  2.300000e+01 -1.128820e+01
      vertex  4.244822e+01  2.300000e+01 -1.044530e+01
    endloop
  endfacet
  facet normal  -0.000000e+00  9.999999e-01  0.000000e+00
    outer loop
      vertex  5.047099e+01  2.300000e+01 -1.048516e+01
      vertex  4.244822e+01  2.300000e+01 -1.044530e+01
      vertex  4.314653e+01  2.300000e+01 -9.551511e+00
    endloop
  endfacet
  facet normal  -0.000000e+00  1.000000e+00  0.000000e+00
    outer loop
      vertex  5.047099e+01  2.300000e+01 -1.048516e+01
      vertex  4.314653e+01  2.300000e+01 -9.551511e+00
      vertex  4.378078e+01  2.300000e+01 -8.611188e+00
    endloop
  endfacet
  facet normal  -0.000000e+00  9.999999e-01  0.000000e+00
    outer loop
      vertex  5.047099e+01  2.300000e+01 -1.048516e+01
      vertex  4.378078e+01  2.300000e+01 -8.611188e+00
      vertex  4.434790e+01  2.300000e+01 -7.628913e+00
    endloop
  endfacet
  facet normal  -0.000000e+00  1.000000e+00  0.000000e+00
    outer loop
      vertex  5.047099e+01  2.300000e+01 -1.048516e+01
      vertex  4.434790e+01  2.300000e+01 -7.628913e+00
      vertex  4.484511e+01  2.300000e+01 -6.609470e+00
    endloop
  endfacet
  facet normal  -0.000000e+00  1.000000e+00  0.000000e+00
    outer loop
      vertex  5.047099e+01  2.300000e+01 -1.048516e+01
      vertex  4.484511e+01  2.300000e+01 -6.609470e+00
      vertex  4.527000e+01  2.300000e+01 -5.557827e+00
    endloop
  endfacet
  facet normal  -0.000000e+00  1.000000e+00  0.000000e+00
    outer loop
      vertex  5.047099e+01  2.300000e+01 -1.048516e+01
      vertex  4.527000e+01  2.300000e+01 -5.557827e+00
      vertex  4.562050e+01  2.300000e+01 -4.479107e+00
    endloop
  endfacet
  facet normal  -0.000000e+00  1.000000e+00  0.000000e+00
    outer loop
      vertex  5.047099e+01  2.300000e+01 -1.048516e+01
      vertex  4.562050e+01  2.300000e+01 -4.479107e+00
      vertex  4.589490e+01  2.300000e+01 -3.378565e+00
    endloop
  endfacet
  facet normal  -0.000000e+00  1.000000e+00  0.000000e+00
    outer loop
      vertex  5.047099e+01  2.300000e+01 -1.048516e+01
      vertex  4.589490e+01  2.300000e+01 -3.378565e+00
      vertex  4.609186e+01  2.300000e+01 -2.261563e+00
    endloop
  endfacet
  facet normal  -0.000000e+00  1.000000e+00  0.000000e+00
    outer loop
      vertex  5.047099e+01  2.300000e+01 -1.048516e+01
      vertex  4.609186e+01  2.300000e+01 -2.261563e+00
      vertex  4.621041e+01  2.300000e+01 -1.133543e+00
    endloop
  endfacet
  facet normal  -0.000000e+00  1.000000e+00  0.000000e+00
    outer loop
      vertex  5.047099e+01  2.300000e+01 -1.048516e+01
      vertex  4.621041e+01  2.300000e+01 -1.133543e+00
      vertex  4.625000e+01  2.300000e+01 -7.616965e-14
    endloop
  endfacet
  facet normal  -0.000000e+00  1.000000e+00  -0.000000e+00
    outer loop
      vertex  5.047099e+01  2.300000e+01 -1.048516e+01
      vertex  4.625000e+01  2.300000e+01 -7.616965e-14
      vertex  4.621041e+01  2.300000e+01  1.133543e+00
    endloop
  endfacet
  facet normal  -0.000000e+00  9.999999e-01  -0.000000e+00
    outer loop
      vertex  5.047099e+01  2.300000e+01 -1.048516e+01
      vertex  4.621041e+01  2.300000e+01  1.133543e+00
      vertex  4.609186e+01  2.300000e+01  2.261563e+00
    endloop
  endfacet
  facet normal  -0.000000e+00  1.000000e+00  -0.000000e+00
    outer loop
      vertex  5.047099e+01  2.300000e+01 -1.048516e+01
      vertex  4.609186e+01  2.300000e+01  2.261563e+00
      vertex  4.589490e+01  2.300000e+01  3.378565e+00
    endloop
  endfacet
  facet normal  -0.000000e+00  1.000000e+00  -0.000000e+00
    outer loop
      vertex  5.047099e+01  2.300000e+01 -1.048516e+01
      vertex  4.589490e+01  2.300000e+01  3.378565e+00
      vertex  4.562050e+01  2.300000e+01  4.479107e+00
    endloop
  endfacet
  facet normal  0.000000e+00  1.000000e+00  -0.000000e+00
    outer loop
      vertex  4.663702e+01  2.300000e+01 -1.588111e+01
      vertex  4.569249e+01  2.300000e+01 -1.681505e+01
      vertex  3.282178e+01  2.300000e+01 -1.600313e+01
    endloop
  endfacet
  facet normal  0.000000e+00  9.999999e-01  0.000000e+00
    outer loop
      vertex  4.663702e+01  2.300000e+01 -1.588111e+01
      vertex  3.282178e+01  2.300000e+01 -1.600313e+01
      vertex  3.393123e+01  2.300000e+01 -1.576731e+01
    endloop
  endfacet
  facet normal  -0.000000e+00  1.000000e+00  0.000000e+00
    outer loop
      vertex  4.663702e+01  2.300000e+01 -1.588111e+01
      vertex  3.393123e+01  2.300000e+01 -1.576731e+01
      vertex  3.502153e+01  2.300000e+01 -1.545467e+01
    endloop
  endfacet
  facet normal  -0.000000e+00  9.999999e-01  0.000000e+00
    outer loop
      vertex  4.663702e+01  2.300000e+01 -1.588111e+01
      vertex  3.502153e+01  2.300000e+01 -1.545467e+01
      vertex  3.608736e+01  2.300000e+01 -1.506674e+01
    endloop
  endfacet
  facet normal  -0.000000e+00  1.000000e+00  0.000000e+00
    outer loop
      vertex  4.663702e+01  2.300000e+01 -1.588111e+01
      vertex  3.608736e+01  2.300000e+01 -1.506674e+01
      vertex  4.752605e+01  2.300000e+01 -1.489421e+01
    endloop
  endfacet
  facet normal  0.000000e+00  1.000000e+00  -0.000000e+00
    outer loop
      vertex  1.437950e+01  2.300000e+01  4.479107e+00
      vertex  1.410510e+01  2.300000e+01  3.378565e+00
      vertex  2.679134e+00  2.300000e+01  4.221640e+00
    endloop
  endfacet
  facet normal  0.000000e+00  1.000000e+00  -0.000000e+00
    outer loop
      vertex  1.437950e+01  2.300000e+01  4.479107e+00
      vertex  2.679134e+00  2.300000e+01  4.221640e+00
      vertex  2.128896e+00  2.300000e+01  4.524135e+00
    endloop
  endfacet
  facet normal  -0.000000e+00  1.000000e+00  -0.000000e+00
    outer loop
      vertex  1.437950e+01  2.300000e+01  4.479107e+00
      vertex  2.128896e+00  2.300000e+01  4.524135e+00
      vertex  1.545085e+00  2.300000e+01  4.755282e+00
    endloop
  endfacet
  facet normal  -0.000000e+00  1.000000e+00  -0.000000e+00
    outer loop
      vertex  1.437950e+01  2.300000e+01  4.479107e+00
      vertex  1.545085e+00  2.300000e+01  4.755282e+00
      vertex  9.369066e-01  2.300000e+01  4.911436e+00
    endloop
  endfacet
  facet normal  -0.000000e+00  1.000000e+00  -0.000000e+00
    outer loop
      vertex  1.437950e+01  2.300000e+01  4.479107e+00
      vertex  9.369066e-01  2.300000e+01  4.911436e+00
      vertex  3.139526e-01  2.300000e+01  4.990134e+00
    endloop
  endfacet
  facet normal  -0.000000e+00  9.999999e-01  0.000000e+00
    outer loop
      vertex  1.437950e+01  2.300000e+01  4.479107e+00
      vertex  3.139526e-01  2.300000e+01  4.990134e+00
      vertex  1.472999e+01  2.300000e+01  5.557827e+00
    endloop
  endfacet
  facet normal  0.000000e+00  1.000000e+00  0.000000e+00
    outer loop
      vertex  1.437950e+01  2.300000e+01 -4.479107e+00
      vertex  2.128896e+00  2.300000e+01 -4.524135e+00
      vertex  2.679134e+00  2.300000e+01 -4.221640e+00
    endloop
  endfacet
  facet normal  -0.000000e+00  1.000000e+00  0.000000e+00
    outer loop
      vertex  1.437950e+01  2.300000e+01 -4.479107e+00
      vertex  2.679134e+00  2.300000e+01 -4.221640e+00
      vertex  3.187120e+00  2.300000e+01 -3.852566e+00
    endloop
  endfacet
  facet normal  -0.000000e+00  1.000000e+00  0.000000e+00
    outer loop
      vertex  1.437950e+01  2.300000e+01 -4.479107e+00
      vertex  3.187120e+00  2.300000e+01 -3.852566e+00
      vertex  3.644843e+00  2.300000e+01 -3.422735e+00
    endloop
  endfacet
  facet normal  -0.000000e+00  1.000000e+00  0.000000e+00
    outer loop
      vertex  1.437950e+01  2.300000e+01 -4.479107e+00
      vertex  3.644843e+00  2.300000e+01 -3.422735e+00
      vertex  1.410510e+01  2.300000e+01 -3.378565e+00
    endloop
  endfacet
  facet normal  0.000000e+00  1.000000e+00  0.000000e+00
    outer loop
      vertex  1.472999e+01  2.300000e+01 -5.557827e+00
      vertex  1.515489e+01  2.300000e+01 -6.609470e+00
      vertex  3.139526e-01  2.300000e+01 -4.990134e+00
    endloop
  endfacet
  facet normal  -0.000000e+00  1.000000e+00  0.000000e+00
    outer loop
      vertex  1.472999e+01  2.300000e+01 -5.557827e+00
      vertex  3.139526e-01  2.300000e+01 -4.990134e+00
      vertex  9.369066e-01  2.300000e+01 -4.911436e+00
    endloop
  endfacet
  facet normal  -0.000000e+00  9.999999e-01  0.000000e+00
    outer loop
      vertex  1.472999e+01  2.300000e+01 -5.557827e+00
      vertex  9.369066e-01  2.300000e+01 -4.911436e+00
      vertex  1.545085e+00  2.300000e+01 -4.755282e+00
    endloop
  endfacet
  facet normal  -0.000000e+00  9.999999e-01  0.000000e+00
    outer loop
      vertex  1.472999e+01  2.300000e+01 -5.557827e+00
      vertex  1.545085e+00  2.300000e+01 -4.755282e+00
      vertex  2.128896e+00  2.300000e+01 -4.524135e+00
    endloop
  endfacet
  facet normal  -0.000000e+00  1.000000e+00  0.000000e+00
    outer loop
      vertex  1.472999e+01  2.300000e+01 -5.557827e+00
      vertex  2.128896e+00  2.300000e+01 -4.524135e+00
      vertex  1.437950e+01  2.300000e+01 -4.479107e+00
    endloop
  endfacet
  facet normal  0.000000e+00  9.999999e-01  0.000000e+00
    outer loop
      vertex -1.437950e+01  2.300000e+01  4.479107e+00
      vertex -1.472999e+01  2.300000e+01  5.557827e+00
      vertex -3.139526e-01  2.300000e+01  4.990134e+00
    endloop
  endfacet
  facet normal  0.000000e+00  1.000000e+00  0.000000e+00
    outer loop
      vertex -1.437950e+01  2.300000e+01  4.479107e+00
      vertex -3.139526e-01  2.300000e+01  4.990134e+00
      vertex -9.369066e-01  2.300000e+01  4.911436e+00
    endloop
  endfacet
  facet normal  0.000000e+00  1.000000e+00  0.000000e+00
    outer loop
      vertex -1.437950e+01  2.300000e+01  4.479107e+00
      vertex -9.369066e-01  2.300000e+01  4.911436e+00
      vertex -1.545085e+00  2.300000e+01  4.755282e+00
    endloop
  endfacet
  facet normal  0.000000e+00  1.000000e+00  0.000000e+00
    outer loop
      vertex -1.437950e+01  2.300000e+01  4.479107e+00
      vertex -1.545085e+00  2.300000e+01  4.755282e+00
      vertex -2.128896e+00  2.300000e+01  4.524135e+00
    endloop
  endfacet
  facet normal  0.000000e+00  1.000000e+00  0.000000e+00
    outer loop
      vertex -1.437950e+01  2.300000e+01  4.479107e+00
      vertex -2.128896e+00  2.300000e+01  4.524135e+00
      vertex -2.679134e+00  2.300000e+01  4.221640e+00
    endloop
  endfacet
  facet normal  0.000000e+00  9.999999e-01  0.000000e+00
    outer loop
      vertex -1.437950e+01  2.300000e+01  4.479107e+00
      vertex -2.679134e+00  2.300000e+01  4.221640e+00
      vertex -1.410510e+01  2.300000e+01  3.378565e+00
    endloop
  endfacet
  facet normal  0.000000e+00  1.000000e+00  0.000000e+00
    outer loop
      vertex -1.472999e+01  2.300000e+01 -5.557827e+00
      vertex -1.437950e+01  2.300000e+01 -4.479107e+00
      vertex -2.128896e+00  2.300000e+01 -4.524135e+00
    endloop
  endfacet
  facet normal  0.000000e+00  1.000000e+00  0.000000e+00
    outer loop
      vertex -1.472999e+01  2.300000e+01 -5.557827e+00
      vertex -2.128896e+00  2.300000e+01 -4.524135e+00
      vertex -1.545085e+00  2.300000e+01 -4.755282e+00
    endloop
  endfacet
  facet normal  0.000000e+00  9.999999e-01  0.000000e+00
    outer loop
      vertex -1.472999e+01  2.300000e+01 -5.557827e+00
      vertex -1.545085e+00  2.300000e+01 -4.755282e+00
      vertex -9.369066e-01  2.300000e+01 -4.911436e+00
    endloop
  endfacet
  facet normal  0.000000e+00  1.000000e+00  0.000000e+00
    outer loop
      vertex -1.472999e+01  2.300000e+01 -5.557827e+00
      vertex -9.369066e-01  2.300000e+01 -4.911436e+00
      vertex -3.139526e-01  2.300000e+01 -4.990134e+00
    endloop
  endfacet
  facet normal  0.000000e+00  1.000000e+00  0.000000e+00
    outer loop
      vertex -4.679365e+01  2.300000e+01  1.571538e+01
      vertex -3.056712e+01  2.300000e+01  1.624010e+01
      vertex -3.169859e+01  2.300000e+01  1.616098e+01
    endloop
  endfacet
  facet normal  0.000000e+00  1.000000e+00  0.000000e+00
    outer loop
      vertex -4.679365e+01  2.300000e+01  1.571538e+01
      vertex -3.169859e+01  2.300000e+01  1.616098e+01
      vertex -3.282178e+01  2.300000e+01  1.600313e+01
    endloop
  endfacet
  facet normal  0.000000e+00  1.000000e+00  0.000000e+00
    outer loop
      vertex -4.679365e+01  2.300000e+01  1.571538e+01
      vertex -3.282178e+01  2.300000e+01  1.600313e+01
      vertex -3.393123e+01  2.300000e+01  1.576731e+01
    endloop
  endfacet
  facet normal  0.000000e+00  1.000000e+00  0.000000e+00
    outer loop
      vertex -4.679365e+01  2.300000e+01  1.571538e+01
      vertex -3.393123e+01  2.300000e+01  1.576731e+01
      vertex -3.502153e+01  2.300000e+01  1.545467e+01
    endloop
  endfacet
  facet normal  0.000000e+00  1.000000e+00  0.000000e+00
    outer loop
      vertex -4.679365e+01  2.300000e+01  1.571538e+01
      vertex -3.502153e+01  2.300000e+01  1.545467e+01
      vertex -3.608736e+01  2.300000e+01  1.506674e+01
    endloop
  endfacet
  facet normal  0.000000e+00  1.000000e+00  0.000000e+00
    outer loop
      vertex -4.679365e+01  2.300000e+01  1.571538e+01
      vertex -3.608736e+01  2.300000e+01  1.506674e+01
      vertex -3.712353e+01  2.300000e+01  1.460540e+01
    endloop
  endfacet
  facet normal  0.000000e+00  1.000000e+00  0.000000e+00
    outer loop
      vertex -4.679365e+01  2.300000e+01  1.571538e+01
      vertex -3.712353e+01  2.300000e+01  1.460540e+01
      vertex -3.812500e+01  2.300000e+01  1.407291e+01
    endloop
  endfacet
  facet normal  0.000000e+00  1.000000e+00  0.000000e+00
    outer loop
      vertex -4.679365e+01  2.300000e+01  1.571538e+01
      vertex -3.812500e+01  2.300000e+01  1.407291e+01
      vertex -6.150000e+01  2.300000e+01  0.000000e+00
    endloop
  endfacet
  facet normal  0.000000e+00  1.000000e+00  0.000000e+00
    outer loop
      vertex -6.150000e+01  2.300000e+01  0.000000e+00
      vertex -3.812500e+01  2.300000e+01  1.407291e+01
      vertex -3.908688e+01  2.300000e+01  1.347186e+01
    endloop
  endfacet
  facet normal  0.000000e+00  1.000000e+00  0.000000e+00
    outer loop
      vertex -6.150000e+01  2.300000e+01  0.000000e+00
      vertex -3.908688e+01  2.300000e+01  1.347186e+01
      vertex -4.000450e+01  2.300000e+01  1.280517e+01
    endloop
  endfacet
  facet normal  0.000000e+00  9.999999e-01  0.000000e+00
    outer loop
      vertex -6.150000e+01  2.300000e+01  0.000000e+00
      vertex -4.000450e+01  2.300000e+01  1.280517e+01
      vertex -4.087337e+01  2.300000e+01  1.207610e+01
    endloop
  endfacet
  facet normal  0.000000e+00  1.000000e+00  0.000000e+00
    outer loop
      vertex -6.150000e+01  2.300000e+01  0.000000e+00
      vertex -4.087337e+01  2.300000e+01  1.207610e+01
      vertex -4.168927e+01  2.300000e+01  1.128820e+01
    endloop
  endfacet
  facet normal  0.000000e+00  1.000000e+00  0.000000e+00
    outer loop
      vertex -6.150000e+01  2.300000e+01  0.000000e+00
      vertex -4.168927e+01  2.300000e+01  1.128820e+01
      vertex -4.244822e+01  2.300000e+01  1.044530e+01
    endloop
  endfacet
  facet normal  0.000000e+00  1.000000e+00  0.000000e+00
    outer loop
      vertex -6.150000e+01  2.300000e+01  0.000000e+00
      vertex -4.244822e+01  2.300000e+01  1.044530e+01
      vertex -4.314653e+01  2.300000e+01  9.551511e+00
    endloop
  endfacet
  facet normal  0.000000e+00  1.000000e+00  0.000000e+00
    outer loop
      vertex -6.150000e+01  2.300000e+01  0.000000e+00
      vertex -4.314653e+01  2.300000e+01  9.551511e+00
      vertex -4.378078e+01  2.300000e+01  8.611188e+00
    endloop
  endfacet
  facet normal  0.000000e+00  1.000000e+00  0.000000e+00
    outer loop
      vertex -6.150000e+01  2.300000e+01  0.000000e+00
      vertex -4.378078e+01  2.300000e+01  8.611188e+00
      vertex -4.434790e+01  2.300000e+01  7.628913e+00
    endloop
  endfacet
  facet normal  0.000000e+00  1.000000e+00  0.000000e+00
    outer loop
      vertex -6.150000e+01  2.300000e+01  0.000000e+00
      vertex -4.434790e+01  2.300000e+01  7.628913e+00
      vertex -4.484511e+01  2.300000e+01  6.609470e+00
    endloop
  endfacet
  facet normal  0.000000e+00  1.000000e+00  0.000000e+00
    outer loop
      vertex -6.150000e+01  2.300000e+01  0.000000e+00
      vertex -4.484511e+01  2.300000e+01  6.609470e+00
      vertex -4.527000e+01  2.300000e+01  5.557827e+00
    endloop
  endfacet
  facet normal  0.000000e+00  1.000000e+00  0.000000e+00
    outer loop
      vertex -6.150000e+01  2.300000e+01  0.000000e+00
      vertex -4.527000e+01  2.300000e+01  5.557827e+00
      vertex -4.562050e+01  2.300000e+01  4.479107e+00
    endloop
  endfacet
  facet normal  0.000000e+00  1.000000e+00  0.000000e+00
    outer loop
      vertex -6.150000e+01  2.300000e+01  0.000000e+00
      vertex -4.562050e+01  2.300000e+01  4.479107e+00
      vertex -4.589490e+01  2.300000e+01  3.378565e+00
    endloop
  endfacet
  facet normal  0.000000e+00  1.000000e+00  0.000000e+00
    outer loop
      vertex -6.150000e+01  2.300000e+01  0.000000e+00
      vertex -4.589490e+01  2.300000e+01  3.378565e+00
      vertex -4.609186e+01  2.300000e+01  2.261563e+00
    endloop
  endfacet
  facet normal  0.000000e+00  1.000000e+00  0.000000e+00
    outer loop
      vertex -6.150000e+01  2.300000e+01  0.000000e+00
      vertex -4.609186e+01  2.300000e+01  2.261563e+00
      vertex -4.621041e+01  2.300000e+01  1.133543e+00
    endloop
  endfacet
  facet normal  0.000000e+00  1.000000e+00  0.000000e+00
    outer loop
      vertex -6.150000e+01  2.300000e+01  0.000000e+00
      vertex -4.621041e+01  2.300000e+01  1.133543e+00
      vertex -4.625000e+01  2.300000e+01  1.990051e-15
    endloop
  endfacet
  facet normal  0.000000e+00  1.000000e+00  0.000000e+00
    outer loop
      vertex -6.690000e+01  2.300000e+01 -2.100000e+01
      vertex -3.908688e+01  2.300000e+01 -1.347186e+01
      vertex -3.812500e+01  2.300000e+01 -1.407291e+01
    endloop
  endfacet
  facet normal  0.000000e+00  1.000000e+00  0.000000e+00
    outer loop
      vertex -6.690000e+01  2.300000e+01 -2.100000e+01
      vertex -3.812500e+01  2.300000e+01 -1.407291e+01
      vertex -3.712353e+01  2.300000e+01 -1.460540e+01
    endloop
  endfacet
  facet normal  0.000000e+00  1.000000e+00  0.000000e+00
    outer loop
      vertex -6.690000e+01  2.300000e+01 -2.100000e+01
      vertex -3.712353e+01  2.300000e+01 -1.460540e+01
      vertex -3.608736e+01  2.300000e+01 -1.506674e+01
    endloop
  endfacet
  facet normal  0.000000e+00  1.000000e+00  0.000000e+00
    outer loop
      vertex -6.690000e+01  2.300000e+01 -2.100000e+01
      vertex -3.608736e+01  2.300000e+01 -1.506674e+01
      vertex -3.502153e+01  2.300000e+01 -1.545467e+01
    endloop
  endfacet
  facet normal  0.000000e+00  1.000000e+00  0.000000e+00
    outer loop
      vertex -6.690000e+01  2.300000e+01 -2.100000e+01
      vertex -3.502153e+01  2.300000e+01 -1.545467e+01
      vertex -3.393123e+01  2.300000e+01 -1.576731e+01
    endloop
  endfacet
  facet normal  0.000000e+00  9.999999e-01  0.000000e+00
    outer loop
      vertex -6.690000e+01  2.300000e+01 -2.100000e+01
      vertex -3.393123e+01  2.300000e+01 -1.576731e+01
      vertex -3.282178e+01  2.300000e+01 -1.600313e+01
    endloop
  endfacet
  facet normal  0.000000e+00  1.000000e+00  0.000000e+00
    outer loop
      vertex -6.690000e+01  2.300000e+01 -2.100000e+01
      vertex -3.282178e+01  2.300000e+01 -1.600313e+01
      vertex -3.169859e+01  2.300000e+01 -1.616098e+01
    endloop
  endfacet
  facet normal  0.000000e+00  1.000000e+00  0.000000e+00
    outer loop
      vertex -6.690000e+01  2.300000e+01 -2.100000e+01
      vertex -3.169859e+01  2.300000e+01 -1.616098e+01
      vertex -3.056712e+01  2.300000e+01 -1.624010e+01
    endloop
  endfacet
  facet normal  0.000000e+00  1.000000e+00  0.000000e+00
    outer loop
      vertex -6.690000e+01  2.300000e+01 -2.100000e+01
      vertex -3.056712e+01  2.300000e+01 -1.624010e+01
      vertex -3.190000e+01  2.300000e+01 -2.100000e+01
    endloop
  endfacet
  facet normal  0.000000e+00  1.000000e+00  0.000000e+00
    outer loop
      vertex  4.168927e+01  2.300000e+01 -1.128820e+01
      vertex  4.983156e+01  2.300000e+01 -1.164942e+01
      vertex  4.087337e+01  2.300000e+01 -1.207610e+01
    endloop
  endfacet
  facet normal  -0.000000e+00  1.000000e+00  0.000000e+00
    outer loop
      vertex  4.087337e+01  2.300000e+01 -1.207610e+01
      vertex  4.983156e+01  2.300000e+01 -1.164942e+01
      vertex  4.912600e+01  2.300000e+01 -1.277483e+01
    endloop
  endfacet
  facet normal  0.000000e+00  1.000000e+00  0.000000e+00
    outer loop
      vertex  4.087337e+01  2.300000e+01 -1.207610e+01
      vertex  4.912600e+01  2.300000e+01 -1.277483e+01
      vertex  4.000450e+01  2.300000e+01 -1.280517e+01
    endloop
  endfacet
  facet normal  0.000000e+00  1.000000e+00  0.000000e+00
    outer loop
      vertex  4.000450e+01  2.300000e+01 -1.280517e+01
      vertex  4.912600e+01  2.300000e+01 -1.277483e+01
      vertex  3.908688e+01  2.300000e+01 -1.347186e+01
    endloop
  endfacet
  facet normal  -0.000000e+00  1.000000e+00  0.000000e+00
    outer loop
      vertex  3.908688e+01  2.300000e+01 -1.347186e+01
      vertex  4.912600e+01  2.300000e+01 -1.277483e+01
      vertex  4.835664e+01  2.300000e+01 -1.385763e+01
    endloop
  endfacet
  facet normal  0.000000e+00  1.000000e+00  0.000000e+00
    outer loop
      vertex  3.908688e+01  2.300000e+01 -1.347186e+01
      vertex  4.835664e+01  2.300000e+01 -1.385763e+01
      vertex  3.812500e+01  2.300000e+01 -1.407291e+01
    endloop
  endfacet
  facet normal  0.000000e+00  1.000000e+00  0.000000e+00
    outer loop
      vertex  3.812500e+01  2.300000e+01 -1.407291e+01
      vertex  4.835664e+01  2.300000e+01 -1.385763e+01
      vertex  3.712353e+01  2.300000e+01 -1.460540e+01
    endloop
  endfacet
  facet normal  -0.000000e+00  1.000000e+00  0.000000e+00
    outer loop
      vertex  3.712353e+01  2.300000e+01 -1.460540e+01
      vertex  4.835664e+01  2.300000e+01 -1.385763e+01
      vertex  4.752605e+01  2.300000e+01 -1.489421e+01
    endloop
  endfacet
  facet normal  0.000000e+00  1.000000e+00  0.000000e+00
    outer loop
      vertex  3.712353e+01  2.300000e+01 -1.460540e+01
      vertex  4.752605e+01  2.300000e+01 -1.489421e+01
      vertex  3.608736e+01  2.300000e+01 -1.506674e+01
    endloop
  endfacet
  facet normal  -0.000000e+00  1.000000e+00  0.000000e+00
    outer loop
      vertex  1.390814e+01  2.300000e+01  2.261563e+00
      vertex  4.045085e+00  2.300000e+01  2.938926e+00
      vertex  1.410510e+01  2.300000e+01  3.378565e+00
    endloop
  endfacet
  facet normal  0.000000e+00  1.000000e+00  0.000000e+00
    outer loop
      vertex  1.410510e+01  2.300000e+01  3.378565e+00
      vertex  4.045085e+00  2.300000e+01  2.938926e+00
      vertex  3.644843e+00  2.300000e+01  3.422735e+00
    endloop
  endfacet
  facet normal  -0.000000e+00  1.000000e+00  -0.000000e+00
    outer loop
      vertex  1.410510e+01  2.300000e+01  3.378565e+00
      vertex  3.644843e+00  2.300000e+01  3.422735e+00
      vertex  3.187120e+00  2.300000e+01  3.852566e+00
    endloop
  endfacet
  facet normal  -0.000000e+00  1.000000e+00  0.000000e+00
    outer loop
      vertex  1.378958e+01  2.300000e+01  1.133543e+00
      vertex  4.648882e+00  2.300000e+01  1.840623e+00
      vertex  1.390814e+01  2.300000e+01  2.261563e+00
    endloop
  endfacet
  facet normal  0.000000e+00  1.000000e+00  0.000000e+00
    outer loop
      vertex  1.390814e+01  2.300000e+01  2.261563e+00
      vertex  4.648882e+00  2.300000e+01  1.840623e+00
      vertex  4.381534e+00  2.300000e+01  2.408768e+00
    endloop
  endfacet
  facet normal  -0.000000e+00  1.000000e+00  -0.000000e+00
    outer loop
      vertex  1.390814e+01  2.300000e+01  2.261563e+00
      vertex  4.381534e+00  2.300000e+01  2.408768e+00
      vertex  4.045085e+00  2.300000e+01  2.938926e+00
    endloop
  endfacet
  facet normal  0.000000e+00  1.000000e+00  0.000000e+00
    outer loop
      vertex  4.842916e+00  2.300000e+01  1.243449e+00
      vertex  1.378958e+01  2.300000e+01  1.133543e+00
      vertex  4.960574e+00  2.300000e+01  6.266662e-01
    endloop
  endfacet
  facet normal  -0.000000e+00  1.000000e+00  0.000000e+00
    outer loop
      vertex  4.960574e+00  2.300000e+01  6.266662e-01
      vertex  1.378958e+01  2.300000e+01  1.133543e+00
      vertex  1.375000e+01  2.300000e+01 -8.213980e-14
    endloop
  endfacet
  facet normal  0.000000e+00  1.000000e+00  0.000000e+00
    outer loop
      vertex  4.960574e+00  2.300000e+01  6.266662e-01
      vertex  1.375000e+01  2.300000e+01 -8.213980e-14
      vertex  5.000000e+00  2.300000e+01  0.000000e+00
    endloop
  endfacet
  facet normal  0.000000e+00  1.000000e+00  0.000000e+00
    outer loop
      vertex  5.000000e+00  2.300000e+01  0.000000e+00
      vertex  1.375000e+01  2.300000e+01 -8.213980e-14
      vertex  4.960574e+00  2.300000e+01 -6.266662e-01
    endloop
  endfacet
  facet normal  -0.000000e+00  1.000000e+00  0.000000e+00
    outer loop
      vertex  4.960574e+00  2.300000e+01 -6.266662e-01
      vertex  1.375000e+01  2.300000e+01 -8.213980e-14
      vertex  1.378958e+01  2.300000e+01 -1.133543e+00
    endloop
  endfacet
  facet normal  0.000000e+00  1.000000e+00  0.000000e+00
    outer loop
      vertex  4.960574e+00  2.300000e+01 -6.266662e-01
      vertex  1.378958e+01  2.300000e+01 -1.133543e+00
      vertex  4.842916e+00  2.300000e+01 -1.243449e+00
    endloop
  endfacet
  facet normal  0.000000e+00  1.000000e+00  0.000000e+00
    outer loop
      vertex  4.842916e+00  2.300000e+01 -1.243449e+00
      vertex  1.378958e+01  2.300000e+01 -1.133543e+00
      vertex  4.648882e+00  2.300000e+01 -1.840623e+00
    endloop
  endfacet
  facet normal  -0.000000e+00  1.000000e+00  0.000000e+00
    outer loop
      vertex  4.648882e+00  2.300000e+01 -1.840623e+00
      vertex  1.378958e+01  2.300000e+01 -1.133543e+00
      vertex  1.390814e+01  2.300000e+01 -2.261563e+00
    endloop
  endfacet
  facet normal  0.000000e+00  1.000000e+00  0.000000e+00
    outer loop
      vertex  4.648882e+00  2.300000e+01 -1.840623e+00
      vertex  1.390814e+01  2.300000e+01 -2.261563e+00
      vertex  4.381534e+00  2.300000e+01 -2.408768e+00
    endloop
  endfacet
  facet normal  0.000000e+00  1.000000e+00  0.000000e+00
    outer loop
      vertex  4.381534e+00  2.300000e+01 -2.408768e+00
      vertex  1.390814e+01  2.300000e+01 -2.261563e+00
      vertex  4.045085e+00  2.300000e+01 -2.938926e+00
    endloop
  endfacet
  facet normal  -0.000000e+00  1.000000e+00  0.000000e+00
    outer loop
      vertex  4.045085e+00  2.300000e+01 -2.938926e+00
      vertex  1.390814e+01  2.300000e+01 -2.261563e+00
      vertex  1.410510e+01  2.300000e+01 -3.378565e+00
    endloop
  endfacet
  facet normal  0.000000e+00  1.000000e+00  0.000000e+00
    outer loop
      vertex  4.045085e+00  2.300000e+01 -2.938926e+00
      vertex  1.410510e+01  2.300000e+01 -3.378565e+00
      vertex  3.644843e+00  2.300000e+01 -3.422735e+00
    endloop
  endfacet
  facet normal  0.000000e+00  1.000000e+00  0.000000e+00
    outer loop
      vertex -4.045085e+00  2.300000e+01  2.938926e+00
      vertex -1.390814e+01  2.300000e+01  2.261563e+00
      vertex -3.644843e+00  2.300000e+01  3.422735e+00
    endloop
  endfacet
  facet normal  0.000000e+00  1.000000e+00  0.000000e+00
    outer loop
      vertex -3.644843e+00  2.300000e+01  3.422735e+00
      vertex -1.390814e+01  2.300000e+01  2.261563e+00
      vertex -1.410510e+01  2.300000e+01  3.378565e+00
    endloop
  endfacet
  facet normal  0.000000e+00  1.000000e+00  0.000000e+00
    outer loop
      vertex -3.644843e+00  2.300000e+01  3.422735e+00
      vertex -1.410510e+01  2.300000e+01  3.378565e+00
      vertex -3.187120e+00  2.300000e+01  3.852566e+00
    endloop
  endfacet
  facet normal  0.000000e+00  1.000000e+00  0.000000e+00
    outer loop
      vertex -4.648882e+00  2.300000e+01  1.840623e+00
      vertex -1.378958e+01  2.300000e+01  1.133543e+00
      vertex -4.381534e+00  2.300000e+01  2.408768e+00
    endloop
  endfacet
  facet normal  0.000000e+00  9.999999e-01  0.000000e+00
    outer loop
      vertex -4.381534e+00  2.300000e+01  2.408768e+00
      vertex -1.378958e+01  2.300000e+01  1.133543e+00
      vertex -1.390814e+01  2.300000e+01  2.261563e+00
    endloop
  endfacet
  facet normal  0.000000e+00  1.000000e+00  0.000000e+00
    outer loop
      vertex -4.381534e+00  2.300000e+01  2.408768e+00
      vertex -1.390814e+01  2.300000e+01  2.261563e+00
      vertex -4.045085e+00  2.300000e+01  2.938926e+00
    endloop
  endfacet
  facet normal  0.000000e+00  1.000000e+00  0.000000e+00
    outer loop
      vertex -4.960574e+00  2.300000e+01  6.266662e-01
      vertex -1.375000e+01  2.300000e+01  0.000000e+00
      vertex -4.842916e+00  2.300000e+01  1.243449e+00
    endloop
  endfacet
  facet normal  0.000000e+00  1.000000e+00  0.000000e+00
    outer loop
      vertex -4.842916e+00  2.300000e+01  1.243449e+00
      vertex -1.375000e+01  2.300000e+01  0.000000e+00
      vertex -1.378958e+01  2.300000e+01  1.133543e+00
    endloop
  endfacet
  facet normal  0.000000e+00  1.000000e+00  0.000000e+00
    outer loop
      vertex -4.842916e+00  2.300000e+01  1.243449e+00
      vertex -1.378958e+01  2.300000e+01  1.133543e+00
      vertex -4.648882e+00  2.300000e+01  1.840623e+00
    endloop
  endfacet
  facet normal  0.000000e+00  1.000000e+00  0.000000e+00
    outer loop
      vertex -4.960574e+00  2.300000e+01 -6.266662e-01
      vertex -1.378958e+01  2.300000e+01 -1.133543e+00
      vertex -5.000000e+00  2.300000e+01 -6.123234e-16
    endloop
  endfacet
  facet normal  0.000000e+00  1.000000e+00  0.000000e+00
    outer loop
      vertex -5.000000e+00  2.300000e+01 -6.123234e-16
      vertex -1.378958e+01  2.300000e+01 -1.133543e+00
      vertex -1.375000e+01  2.300000e+01  0.000000e+00
    endloop
  endfacet
  facet normal  -0.000000e+00  1.000000e+00  0.000000e+00
    outer loop
      vertex -5.000000e+00  2.300000e+01 -6.123234e-16
      vertex -1.375000e+01  2.300000e+01  0.000000e+00
      vertex -4.960574e+00  2.300000e+01  6.266662e-01
    endloop
  endfacet
  facet normal  0.000000e+00  1.000000e+00  0.000000e+00
    outer loop
      vertex -4.648882e+00  2.300000e+01 -1.840623e+00
      vertex -1.390814e+01  2.300000e+01 -2.261563e+00
      vertex -4.842916e+00  2.300000e+01 -1.243449e+00
    endloop
  endfacet
  facet normal  0.000000e+00  1.000000e+00  0.000000e+00
    outer loop
      vertex -4.842916e+00  2.300000e+01 -1.243449e+00
      vertex -1.390814e+01  2.300000e+01 -2.261563e+00
      vertex -1.378958e+01  2.300000e+01 -1.133543e+00
    endloop
  endfacet
  facet normal  -0.000000e+00  1.000000e+00  0.000000e+00
    outer loop
      vertex -4.842916e+00  2.300000e+01 -1.243449e+00
      vertex -1.378958e+01  2.300000e+01 -1.133543e+00
      vertex -4.960574e+00  2.300000e+01 -6.266662e-01
    endloop
  endfacet
  facet normal  0.000000e+00  1.000000e+00  0.000000e+00
    outer loop
      vertex -4.045085e+00  2.300000e+01 -2.938926e+00
      vertex -1.410510e+01  2.300000e+01 -3.378565e+00
      vertex -4.381534e+00  2.300000e+01 -2.408768e+00
    endloop
  endfacet
  facet normal  0.000000e+00  1.000000e+00  0.000000e+00
    outer loop
      vertex -4.381534e+00  2.300000e+01 -2.408768e+00
      vertex -1.410510e+01  2.300000e+01 -3.378565e+00
      vertex -1.390814e+01  2.300000e+01 -2.261563e+00
    endloop
  endfacet
  facet normal  -0.000000e+00  1.000000e+00  0.000000e+00
    outer loop
      vertex -4.381534e+00  2.300000e+01 -2.408768e+00
      vertex -1.390814e+01  2.300000e+01 -2.261563e+00
      vertex -4.648882e+00  2.300000e+01 -1.840623e+00
    endloop
  endfacet
  facet normal  0.000000e+00  1.000000e+00  0.000000e+00
    outer loop
      vertex -1.410510e+01  2.300000e+01 -3.378565e+00
      vertex -3.644843e+00  2.300000e+01 -3.422735e+00
      vertex -1.437950e+01  2.300000e+01 -4.479107e+00
    endloop
  endfacet
  facet normal  0.000000e+00  1.000000e+00  0.000000e+00
    outer loop
      vertex -1.437950e+01  2.300000e+01 -4.479107e+00
      vertex -3.644843e+00  2.300000e+01 -3.422735e+00
      vertex -3.187120e+00  2.300000e+01 -3.852566e+00
    endloop
  endfacet
  facet normal  0.000000e+00  1.000000e+00  0.000000e+00
    outer loop
      vertex -1.437950e+01  2.300000e+01 -4.479107e+00
      vertex -3.187120e+00  2.300000e+01 -3.852566e+00
      vertex -2.679134e+00  2.300000e+01 -4.221640e+00
    endloop
  endfacet
  facet normal  0.000000e+00  1.000000e+00  0.000000e+00
    outer loop
      vertex -6.690000e+01  2.300000e+01 -2.300000e+01
      vertex -8.650000e+01  2.300000e+01 -2.300000e+01
      vertex -6.690000e+01  2.300000e+01 -2.100000e+01
    endloop
  endfacet
  facet normal  0.000000e+00  1.000000e+00  0.000000e+00
    outer loop
      vertex -6.690000e+01  2.300000e+01 -2.100000e+01
      vertex -8.650000e+01  2.300000e+01 -2.300000e+01
      vertex -8.650000e+01  2.300000e+01 -1.300000e+01
    endloop
  endfacet
  facet normal  0.000000e+00  0.000000e+00 -1.000000e+00
    outer loop
      vertex -6.740000e+01 -1.300000e+01 -2.300000e+01
      vertex -6.743719e+01 -1.238526e+01 -2.300000e+01
      vertex -6.743719e+01  1.238526e+01 -2.300000e+01
    endloop
  endfacet
  facet normal  0.000000e+00  0.000000e+00 -1.000000e+00
    outer loop
      vertex -6.740000e+01 -1.300000e+01 -2.300000e+01
      vertex -6.743719e+01  1.238526e+01 -2.300000e+01
      vertex -6.740000e+01  1.300000e+01 -2.300000e+01
    endloop
  endfacet
  facet normal  0.000000e+00  0.000000e+00 -1.000000e+00
    outer loop
      vertex -6.740000e+01 -1.300000e+01 -2.300000e+01
      vertex -6.740000e+01  1.300000e+01 -2.300000e+01
      vertex -6.690000e+01  2.300000e+01 -2.300000e+01
    endloop
  endfacet
  facet normal  0.000000e+00  -0.000000e+00 -1.000000e+00
    outer loop
      vertex -6.740000e+01 -1.300000e+01 -2.300000e+01
      vertex -6.690000e+01  2.300000e+01 -2.300000e+01
      vertex -5.706044e+01  1.127367e+01 -2.300000e+01
    endloop
  endfacet
  facet normal  0.000000e+00  -0.000000e+00 -1.000000e+00
    outer loop
      vertex -6.740000e+01 -1.300000e+01 -2.300000e+01
      vertex -5.706044e+01  1.127367e+01 -2.300000e+01
      vertex -5.647107e+01  1.063048e+01 -2.300000e+01
    endloop
  endfacet
  facet normal  0.000000e+00  -0.000000e+00 -9.999999e-01
    outer loop
      vertex -6.740000e+01 -1.300000e+01 -2.300000e+01
      vertex -5.647107e+01  1.063048e+01 -2.300000e+01
      vertex -5.582788e+01  1.004111e+01 -2.300000e+01
    endloop
  endfacet
  facet normal  0.000000e+00  -0.000000e+00 -9.999999e-01
    outer loop
      vertex -6.740000e+01 -1.300000e+01 -2.300000e+01
      vertex -5.582788e+01  1.004111e+01 -2.300000e+01
      vertex -5.513577e+01  9.510030e+00 -2.300000e+01
    endloop
  endfacet
  facet normal  0.000000e+00  -0.000000e+00 -1.000000e+00
    outer loop
      vertex -6.740000e+01 -1.300000e+01 -2.300000e+01
      vertex -5.513577e+01  9.510030e+00 -2.300000e+01
      vertex -5.440000e+01  9.041296e+00 -2.300000e+01
    endloop
  endfacet
  facet normal  0.000000e+00  -0.000000e+00 -1.000000e+00
    outer loop
      vertex -6.740000e+01 -1.300000e+01 -2.300000e+01
      vertex -5.440000e+01  9.041296e+00 -2.300000e+01
      vertex -5.362618e+01  8.638473e+00 -2.300000e+01
    endloop
  endfacet
  facet normal  0.000000e+00  -0.000000e+00 -1.000000e+00
    outer loop
      vertex -6.740000e+01 -1.300000e+01 -2.300000e+01
      vertex -5.362618e+01  8.638473e+00 -2.300000e+01
      vertex -5.282020e+01  8.304625e+00 -2.300000e+01
    endloop
  endfacet
  facet normal  0.000000e+00  -0.000000e+00 -1.000000e+00
    outer loop
      vertex -6.740000e+01 -1.300000e+01 -2.300000e+01
      vertex -5.282020e+01  8.304625e+00 -2.300000e+01
      vertex -5.198819e+01  8.042293e+00 -2.300000e+01
    endloop
  endfacet
  facet normal  0.000000e+00  -0.000000e+00 -1.000000e+00
    outer loop
      vertex -6.740000e+01 -1.300000e+01 -2.300000e+01
      vertex -5.198819e+01  8.042293e+00 -2.300000e+01
      vertex -5.113648e+01  7.853473e+00 -2.300000e+01
    endloop
  endfacet
  facet normal  0.000000e+00  -0.000000e+00 -1.000000e+00
    outer loop
      vertex -6.740000e+01 -1.300000e+01 -2.300000e+01
      vertex -5.113648e+01  7.853473e+00 -2.300000e+01
      vertex -5.027156e+01  7.739604e+00 -2.300000e+01
    endloop
  endfacet
  facet normal  0.000000e+00  -0.000000e+00 -9.999999e-01
    outer loop
      vertex -6.740000e+01 -1.300000e+01 -2.300000e+01
      vertex -5.027156e+01  7.739604e+00 -2.300000e+01
      vertex -4.940000e+01  7.701550e+00 -2.300000e+01
    endloop
  endfacet
  facet normal  0.000000e+00  0.000000e+00 -1.000000e+00
    outer loop
      vertex -8.650000e+01 -2.300000e+01 -2.300000e+01
      vertex -7.745181e+01  1.422051e+01 -2.300000e+01
      vertex -7.756281e+01  1.361474e+01 -2.300000e+01
    endloop
  endfacet
  facet normal  0.000000e+00  0.000000e+00 -1.000000e+00
    outer loop
      vertex -8.650000e+01 -2.300000e+01 -2.300000e+01
      vertex -7.756281e+01  1.361474e+01 -2.300000e+01
      vertex -7.760000e+01  1.300000e+01 -2.300000e+01
    endloop
  endfacet
  facet normal  0.000000e+00  -0.000000e+00 -9.999999e-01
    outer loop
      vertex -8.650000e+01 -2.300000e+01 -2.300000e+01
      vertex -7.760000e+01  1.300000e+01 -2.300000e+01
      vertex -7.760000e+01 -1.300000e+01 -2.300000e+01
    endloop
  endfacet
  facet normal  0.000000e+00  -0.000000e+00 -1.000000e+00
    outer loop
      vertex -8.650000e+01 -2.300000e+01 -2.300000e+01
      vertex -7.760000e+01 -1.300000e+01 -2.300000e+01
      vertex -7.756281e+01 -1.361474e+01 -2.300000e+01
    endloop
  endfacet
  facet normal  0.000000e+00  -0.000000e+00 -9.999999e-01
    outer loop
      vertex -8.650000e+01 -2.300000e+01 -2.300000e+01
      vertex -7.756281e+01 -1.361474e+01 -2.300000e+01
      vertex -7.745181e+01 -1.422051e+01 -2.300000e+01
    endloop
  endfacet
  facet normal  0.000000e+00  -0.000000e+00 -1.000000e+00
    outer loop
      vertex -8.650000e+01 -2.300000e+01 -2.300000e+01
      vertex -7.745181e+01 -1.422051e+01 -2.300000e+01
      vertex -7.726859e+01 -1.480849e+01 -2.300000e+01
    endloop
  endfacet
  facet normal  0.000000e+00  -0.000000e+00 -1.000000e+00
    outer loop
      vertex -8.650000e+01 -2.300000e+01 -2.300000e+01
      vertex -7.726859e+01 -1.480849e+01 -2.300000e+01
      vertex -7.701582e+01 -1.537009e+01 -2.300000e+01
    endloop
  endfacet
  facet normal  0.000000e+00  -0.000000e+00 -1.000000e+00
    outer loop
      vertex -8.650000e+01 -2.300000e+01 -2.300000e+01
      vertex -7.701582e+01 -1.537009e+01 -2.300000e+01
      vertex -7.669722e+01 -1.589713e+01 -2.300000e+01
    endloop
  endfacet
  facet normal  0.000000e+00  -0.000000e+00 -1.000000e+00
    outer loop
      vertex -8.650000e+01 -2.300000e+01 -2.300000e+01
      vertex -7.669722e+01 -1.589713e+01 -2.300000e+01
      vertex -7.631741e+01 -1.638193e+01 -2.300000e+01
    endloop
  endfacet
  facet normal  0.000000e+00  -0.000000e+00 -1.000000e+00
    outer loop
      vertex -8.650000e+01 -2.300000e+01 -2.300000e+01
      vertex -7.631741e+01 -1.638193e+01 -2.300000e+01
      vertex -7.588193e+01 -1.681741e+01 -2.300000e+01
    endloop
  endfacet
  facet normal  0.000000e+00  -0.000000e+00 -1.000000e+00
    outer loop
      vertex -8.650000e+01 -2.300000e+01 -2.300000e+01
      vertex -7.588193e+01 -1.681741e+01 -2.300000e+01
      vertex -7.539713e+01 -1.719722e+01 -2.300000e+01
    endloop
  endfacet
  facet normal  0.000000e+00  -0.000000e+00 -9.999999e-01
    outer loop
      vertex -8.650000e+01 -2.300000e+01 -2.300000e+01
      vertex -7.539713e+01 -1.719722e+01 -2.300000e+01
      vertex -7.487009e+01 -1.751583e+01 -2.300000e+01
    endloop
  endfacet
  facet normal  0.000000e+00  -0.000000e+00 -1.000000e+00
    outer loop
      vertex -8.650000e+01 -2.300000e+01 -2.300000e+01
      vertex -7.487009e+01 -1.751583e+01 -2.300000e+01
      vertex -7.430849e+01 -1.776858e+01 -2.300000e+01
    endloop
  endfacet
  facet normal  0.000000e+00  -0.000000e+00 -1.000000e+00
    outer loop
      vertex -8.650000e+01 -2.300000e+01 -2.300000e+01
      vertex -7.430849e+01 -1.776858e+01 -2.300000e+01
      vertex -7.372051e+01 -1.795180e+01 -2.300000e+01
    endloop
  endfacet
  facet normal  0.000000e+00  -0.000000e+00 -1.000000e+00
    outer loop
      vertex -8.650000e+01 -2.300000e+01 -2.300000e+01
      vertex -7.372051e+01 -1.795180e+01 -2.300000e+01
      vertex -7.311474e+01 -1.806281e+01 -2.300000e+01
    endloop
  endfacet
  facet normal  0.000000e+00  -0.000000e+00 -1.000000e+00
    outer loop
      vertex -8.650000e+01 -2.300000e+01 -2.300000e+01
      vertex -7.311474e+01 -1.806281e+01 -2.300000e+01
      vertex -3.000000e+01 -2.300000e+01 -2.300000e+01
    endloop
  endfacet
  facet normal  -0.000000e+00  0.000000e+00 -9.999999e-01
    outer loop
      vertex -8.650000e+01  2.300000e+01 -2.300000e+01
      vertex -6.690000e+01  2.300000e+01 -2.300000e+01
      vertex -7.539713e+01  1.719722e+01 -2.300000e+01
    endloop
  endfacet
  facet normal  -0.000000e+00  0.000000e+00 -9.999999e-01
    outer loop
      vertex -8.650000e+01  2.300000e+01 -2.300000e+01
      vertex -7.539713e+01  1.719722e+01 -2.300000e+01
      vertex -7.588193e+01  1.681741e+01 -2.300000e+01
    endloop
  endfacet
  facet normal  -0.000000e+00  0.000000e+00 -1.000000e+00
    outer loop
      vertex -8.650000e+01  2.300000e+01 -2.300000e+01
      vertex -7.588193e+01  1.681741e+01 -2.300000e+01
      vertex -7.631741e+01  1.638193e+01 -2.300000e+01
    endloop
  endfacet
  facet normal  -0.000000e+00  0.000000e+00 -1.000000e+00
    outer loop
      vertex -8.650000e+01  2.300000e+01 -2.300000e+01
      vertex -7.631741e+01  1.638193e+01 -2.300000e+01
      vertex -7.669722e+01  1.589713e+01 -2.300000e+01
    endloop
  endfacet
  facet normal  -0.000000e+00  0.000000e+00 -1.000000e+00
    outer loop
      vertex -8.650000e+01  2.300000e+01 -2.300000e+01
      vertex -7.669722e+01  1.589713e+01 -2.300000e+01
      vertex -7.701582e+01  1.537009e+01 -2.300000e+01
    endloop
  endfacet
  facet normal  -0.000000e+00  0.000000e+00 -1.000000e+00
    outer loop
      vertex -8.650000e+01  2.300000e+01 -2.300000e+01
      vertex -7.701582e+01  1.537009e+01 -2.300000e+01
      vertex -7.726859e+01  1.480849e+01 -2.300000e+01
    endloop
  endfacet
  facet normal  -0.000000e+00  0.000000e+00 -1.000000e+00
    outer loop
      vertex -8.650000e+01  2.300000e+01 -2.300000e+01
      vertex -7.726859e+01  1.480849e+01 -2.300000e+01
      vertex -7.745181e+01  1.422051e+01 -2.300000e+01
    endloop
  endfacet
  facet normal  -0.000000e+00  0.000000e+00 -1.000000e+00
    outer loop
      vertex -8.650000e+01  2.300000e+01 -2.300000e+01
      vertex -7.745181e+01  1.422051e+01 -2.300000e+01
      vertex -8.650000e+01 -2.300000e+01 -2.300000e+01
    endloop
  endfacet
  facet normal  0.000000e+00  0.000000e+00 -1.000000e+00
    outer loop
      vertex -3.000000e+01 -2.300000e+01 -2.300000e+01
      vertex -7.311474e+01 -1.806281e+01 -2.300000e+01
      vertex -7.250000e+01 -1.810000e+01 -2.300000e+01
    endloop
  endfacet
  facet normal  0.000000e+00  0.000000e+00 -9.999999e-01
    outer loop
      vertex -3.000000e+01 -2.300000e+01 -2.300000e+01
      vertex -7.250000e+01 -1.810000e+01 -2.300000e+01
      vertex -7.188526e+01 -1.806281e+01 -2.300000e+01
    endloop
  endfacet
  facet normal  0.000000e+00  0.000000e+00 -9.999999e-01
    outer loop
      vertex -3.000000e+01 -2.300000e+01 -2.300000e+01
      vertex -7.188526e+01 -1.806281e+01 -2.300000e+01
      vertex -7.127949e+01 -1.795180e+01 -2.300000e+01
    endloop
  endfacet
  facet normal  0.000000e+00  0.000000e+00 -1.000000e+00
    outer loop
      vertex -3.000000e+01 -2.300000e+01 -2.300000e+01
      vertex -7.127949e+01 -1.795180e+01 -2.300000e+01
      vertex -7.069151e+01 -1.776858e+01 -2.300000e+01
    endloop
  endfacet
  facet normal  0.000000e+00  0.000000e+00 -9.999999e-01
    outer loop
      vertex -3.000000e+01 -2.300000e+01 -2.300000e+01
      vertex -7.069151e+01 -1.776858e+01 -2.300000e+01
      vertex -7.012991e+01 -1.751583e+01 -2.300000e+01
    endloop
  endfacet
  facet normal  0.000000e+00  0.000000e+00 -1.000000e+00
    outer loop
      vertex -3.000000e+01 -2.300000e+01 -2.300000e+01
      vertex -7.012991e+01 -1.751583e+01 -2.300000e+01
      vertex -6.960287e+01 -1.719722e+01 -2.300000e+01
    endloop
  endfacet
  facet normal  0.000000e+00  0.000000e+00 -1.000000e+00
    outer loop
      vertex -3.000000e+01 -2.300000e+01 -2.300000e+01
      vertex -6.960287e+01 -1.719722e+01 -2.300000e+01
      vertex -6.911807e+01 -1.681741e+01 -2.300000e+01
    endloop
  endfacet
  facet normal  0.000000e+00  0.000000e+00 -9.999999e-01
    outer loop
      vertex -3.000000e+01 -2.300000e+01 -2.300000e+01
      vertex -6.911807e+01 -1.681741e+01 -2.300000e+01
      vertex -6.868259e+01 -1.638193e+01 -2.300000e+01
    endloop
  endfacet
  facet normal  0.000000e+00  0.000000e+00 -1.000000e+00
    outer loop
      vertex -3.000000e+01 -2.300000e+01 -2.300000e+01
      vertex -6.868259e+01 -1.638193e+01 -2.300000e+01
      vertex -6.830278e+01 -1.589713e+01 -2.300000e+01
    endloop
  endfacet
  facet normal  0.000000e+00  0.000000e+00 -1.000000e+00
    outer loop
      vertex -3.000000e+01 -2.300000e+01 -2.300000e+01
      vertex -6.830278e+01 -1.589713e+01 -2.300000e+01
      vertex -6.798418e+01 -1.537009e+01 -2.300000e+01
    endloop
  endfacet
  facet normal  0.000000e+00  0.000000e+00 -1.000000e+00
    outer loop
      vertex -3.000000e+01 -2.300000e+01 -2.300000e+01
      vertex -6.798418e+01 -1.537009e+01 -2.300000e+01
      vertex -6.773141e+01 -1.480849e+01 -2.300000e+01
    endloop
  endfacet
  facet normal  0.000000e+00  0.000000e+00 -1.000000e+00
    outer loop
      vertex -3.000000e+01 -2.300000e+01 -2.300000e+01
      vertex -6.773141e+01 -1.480849e+01 -2.300000e+01
      vertex -6.754819e+01 -1.422051e+01 -2.300000e+01
    endloop
  endfacet
  facet normal  0.000000e+00  0.000000e+00 -1.000000e+00
    outer loop
      vertex -3.000000e+01 -2.300000e+01 -2.300000e+01
      vertex -6.754819e+01 -1.422051e+01 -2.300000e+01
      vertex -6.743719e+01 -1.361474e+01 -2.300000e+01
    endloop
  endfacet
  facet normal  0.000000e+00  0.000000e+00 -1.000000e+00
    outer loop
      vertex -3.000000e+01 -2.300000e+01 -2.300000e+01
      vertex -6.743719e+01 -1.361474e+01 -2.300000e+01
      vertex -6.740000e+01 -1.300000e+01 -2.300000e+01
    endloop
  endfacet
  facet normal  0.000000e+00  0.000000e+00 -1.000000e+00
    outer loop
      vertex -3.000000e+01 -2.300000e+01 -2.300000e+01
      vertex -6.740000e+01 -1.300000e+01 -2.300000e+01
      vertex -4.940000e+01  7.701550e+00 -2.300000e+01
    endloop
  endfacet
  facet normal  0.000000e+00  0.000000e+00 -1.000000e+00
    outer loop
      vertex -3.000000e+01 -2.300000e+01 -2.300000e+01
      vertex -4.940000e+01  7.701550e+00 -2.300000e+01
      vertex -4.852844e+01  7.739604e+00 -2.300000e+01
    endloop
  endfacet
  facet normal  0.000000e+00  0.000000e+00 -9.999999e-01
    outer loop
      vertex -3.000000e+01 -2.300000e+01 -2.300000e+01
      vertex -4.852844e+01  7.739604e+00 -2.300000e+01
      vertex -4.766352e+01  7.853473e+00 -2.300000e+01
    endloop
  endfacet
  facet normal  0.000000e+00  0.000000e+00 -1.000000e+00
    outer loop
      vertex -3.000000e+01 -2.300000e+01 -2.300000e+01
      vertex -4.766352e+01  7.853473e+00 -2.300000e+01
      vertex -4.681181e+01  8.042293e+00 -2.300000e+01
    endloop
  endfacet
  facet normal  0.000000e+00  0.000000e+00 -1.000000e+00
    outer loop
      vertex -3.000000e+01 -2.300000e+01 -2.300000e+01
      vertex -4.681181e+01  8.042293e+00 -2.300000e+01
      vertex -4.597980e+01  8.304625e+00 -2.300000e+01
    endloop
  endfacet
  facet normal  0.000000e+00  0.000000e+00 -9.999999e-01
    outer loop
      vertex -3.000000e+01 -2.300000e+01 -2.300000e+01
      vertex -4.597980e+01  8.304625e+00 -2.300000e+01
      vertex -4.517382e+01  8.638473e+00 -2.300000e+01
    endloop
  endfacet
  facet normal  0.000000e+00  0.000000e+00 -1.000000e+00
    outer loop
      vertex -3.000000e+01 -2.300000e+01 -2.300000e+01
      vertex -4.517382e+01  8.638473e+00 -2.300000e+01
      vertex -4.440000e+01  9.041296e+00 -2.300000e+01
    endloop
  endfacet
  facet normal  0.000000e+00  0.000000e+00 -9.999999e-01
    outer loop
      vertex -3.000000e+01 -2.300000e+01 -2.300000e+01
      vertex -4.440000e+01  9.041296e+00 -2.300000e+01
      vertex -4.366423e+01  9.510030e+00 -2.300000e+01
    endloop
  endfacet
  facet normal  0.000000e+00  0.000000e+00 -9.999999e-01
    outer loop
      vertex -3.000000e+01 -2.300000e+01 -2.300000e+01
      vertex -4.366423e+01  9.510030e+00 -2.300000e+01
      vertex -4.297212e+01  1.004111e+01 -2.300000e+01
    endloop
  endfacet
  facet normal  0.000000e+00  0.000000e+00 -1.000000e+00
    outer loop
      vertex -3.000000e+01 -2.300000e+01 -2.300000e+01
      vertex -4.297212e+01  1.004111e+01 -2.300000e+01
      vertex -4.232893e+01  1.063048e+01 -2.300000e+01
    endloop
  endfacet
  facet normal  0.000000e+00  0.000000e+00 -1.000000e+00
    outer loop
      vertex -3.000000e+01 -2.300000e+01 -2.300000e+01
      vertex -4.232893e+01  1.063048e+01 -2.300000e+01
      vertex -4.173956e+01  1.127367e+01 -2.300000e+01
    endloop
  endfacet
  facet normal  0.000000e+00  0.000000e+00 -1.000000e+00
    outer loop
      vertex -3.000000e+01 -2.300000e+01 -2.300000e+01
      vertex -4.173956e+01  1.127367e+01 -2.300000e+01
      vertex -3.190000e+01  2.300000e+01 -2.300000e+01
    endloop
  endfacet
  facet normal  0.000000e+00  0.000000e+00 -1.000000e+00
    outer loop
      vertex -3.000000e+01 -2.300000e+01 -2.300000e+01
      vertex -3.190000e+01  2.300000e+01 -2.300000e+01
      vertex -3.000000e+01  2.300000e+01 -2.300000e+01
    endloop
  endfacet
  facet normal  0.000000e+00  0.000000e+00 -1.000000e+00
    outer loop
      vertex -6.690000e+01  2.300000e+01 -2.300000e+01
      vertex -6.740000e+01  1.300000e+01 -2.300000e+01
      vertex -6.743719e+01  1.361474e+01 -2.300000e+01
    endloop
  endfacet
  facet normal  0.000000e+00  0.000000e+00 -9.999999e-01
    outer loop
      vertex -6.690000e+01  2.300000e+01 -2.300000e+01
      vertex -6.743719e+01  1.361474e+01 -2.300000e+01
      vertex -6.754819e+01  1.422051e+01 -2.300000e+01
    endloop
  endfacet
  facet normal  0.000000e+00  0.000000e+00 -1.000000e+00
    outer loop
      vertex -6.690000e+01  2.300000e+01 -2.300000e+01
      vertex -6.754819e+01  1.422051e+01 -2.300000e+01
      vertex -6.773141e+01  1.480849e+01 -2.300000e+01
    endloop
  endfacet
  facet normal  0.000000e+00  0.000000e+00 -1.000000e+00
    outer loop
      vertex -6.690000e+01  2.300000e+01 -2.300000e+01
      vertex -6.773141e+01  1.480849e+01 -2.300000e+01
      vertex -6.798418e+01  1.537009e+01 -2.300000e+01
    endloop
  endfacet
  facet normal  0.000000e+00  0.000000e+00 -9.999999e-01
    outer loop
      vertex -6.690000e+01  2.300000e+01 -2.300000e+01
      vertex -6.798418e+01  1.537009e+01 -2.300000e+01
      vertex -6.830278e+01  1.589713e+01 -2.300000e+01
    endloop
  endfacet
  facet normal  0.000000e+00  0.000000e+00 -1.000000e+00
    outer loop
      vertex -6.690000e+01  2.300000e+01 -2.300000e+01
      vertex -6.830278e+01  1.589713e+01 -2.300000e+01
      vertex -6.868259e+01  1.638193e+01 -2.300000e+01
    endloop
  endfacet
  facet normal  0.000000e+00  0.000000e+00 -1.000000e+00
    outer loop
      vertex -6.690000e+01  2.300000e+01 -2.300000e+01
      vertex -6.868259e+01  1.638193e+01 -2.300000e+01
      vertex -6.911807e+01  1.681741e+01 -2.300000e+01
    endloop
  endfacet
  facet normal  0.000000e+00  0.000000e+00 -1.000000e+00
    outer loop
      vertex -6.690000e+01  2.300000e+01 -2.300000e+01
      vertex -6.911807e+01  1.681741e+01 -2.300000e+01
      vertex -6.960287e+01  1.719722e+01 -2.300000e+01
    endloop
  endfacet
  facet normal  0.000000e+00  0.000000e+00 -9.999999e-01
    outer loop
      vertex -6.690000e+01  2.300000e+01 -2.300000e+01
      vertex -6.960287e+01  1.719722e+01 -2.300000e+01
      vertex -7.012991e+01  1.751583e+01 -2.300000e+01
    endloop
  endfacet
  facet normal  0.000000e+00  0.000000e+00 -9.999999e-01
    outer loop
      vertex -6.690000e+01  2.300000e+01 -2.300000e+01
      vertex -7.012991e+01  1.751583e+01 -2.300000e+01
      vertex -7.069151e+01  1.776858e+01 -2.300000e+01
    endloop
  endfacet
  facet normal  0.000000e+00  0.000000e+00 -1.000000e+00
    outer loop
      vertex -6.690000e+01  2.300000e+01 -2.300000e+01
      vertex -7.069151e+01  1.776858e+01 -2.300000e+01
      vertex -7.127949e+01  1.795180e+01 -2.300000e+01
    endloop
  endfacet
  facet normal  0.000000e+00  0.000000e+00 -1.000000e+00
    outer loop
      vertex -6.690000e+01  2.300000e+01 -2.300000e+01
      vertex -7.127949e+01  1.795180e+01 -2.300000e+01
      vertex -7.188526e+01  1.806281e+01 -2.300000e+01
    endloop
  endfacet
  facet normal  0.000000e+00  0.000000e+00 -1.000000e+00
    outer loop
      vertex -6.690000e+01  2.300000e+01 -2.300000e+01
      vertex -7.188526e+01  1.806281e+01 -2.300000e+01
      vertex -7.250000e+01  1.810000e+01 -2.300000e+01
    endloop
  endfacet
  facet normal  -0.000000e+00  0.000000e+00 -1.000000e+00
    outer loop
      vertex -6.690000e+01  2.300000e+01 -2.300000e+01
      vertex -7.250000e+01  1.810000e+01 -2.300000e+01
      vertex -7.311474e+01  1.806281e+01 -2.300000e+01
    endloop
  endfacet
  facet normal  -0.000000e+00  0.000000e+00 -1.000000e+00
    outer loop
      vertex -6.690000e+01  2.300000e+01 -2.300000e+01
      vertex -7.311474e+01  1.806281e+01 -2.300000e+01
      vertex -7.372051e+01  1.795180e+01 -2.300000e+01
    endloop
  endfacet
  facet normal  -0.000000e+00  0.000000e+00 -1.000000e+00
    outer loop
      vertex -6.690000e+01  2.300000e+01 -2.300000e+01
      vertex -7.372051e+01  1.795180e+01 -2.300000e+01
      vertex -7.430849e+01  1.776858e+01 -2.300000e+01
    endloop
  endfacet
  facet normal  -0.000000e+00  0.000000e+00 -1.000000e+00
    outer loop
      vertex -6.690000e+01  2.300000e+01 -2.300000e+01
      vertex -7.430849e+01  1.776858e+01 -2.300000e+01
      vertex -7.487009e+01  1.751583e+01 -2.300000e+01
    endloop
  endfacet
  facet normal  -0.000000e+00  0.000000e+00 -1.000000e+00
    outer loop
      vertex -6.690000e+01  2.300000e+01 -2.300000e+01
      vertex -7.487009e+01  1.751583e+01 -2.300000e+01
      vertex -7.539713e+01  1.719722e+01 -2.300000e+01
    endloop
  endfacet
  facet normal  0.000000e+00  0.000000e+00 -1.000000e+00
    outer loop
      vertex -7.760000e+01 -1.300000e+01 -2.300000e+01
      vertex -7.760000e+01  1.300000e+01 -2.300000e+01
      vertex -7.756281e+01 -1.238526e+01 -2.300000e+01
    endloop
  endfacet
  facet normal  0.000000e+00  0.000000e+00 -1.000000e+00
    outer loop
      vertex -7.756281e+01 -1.238526e+01 -2.300000e+01
      vertex -7.760000e+01  1.300000e+01 -2.300000e+01
      vertex -7.756281e+01  1.238526e+01 -2.300000e+01
    endloop
  endfacet
  facet normal  0.000000e+00  0.000000e+00 -1.000000e+00
    outer loop
      vertex -7.756281e+01 -1.238526e+01 -2.300000e+01
      vertex -7.756281e+01  1.238526e+01 -2.300000e+01
      vertex -7.745181e+01 -1.177949e+01 -2.300000e+01
    endloop
  endfacet
  facet normal  0.000000e+00  0.000000e+00 -1.000000e+00
    outer loop
      vertex -7.745181e+01 -1.177949e+01 -2.300000e+01
      vertex -7.756281e+01  1.238526e+01 -2.300000e+01
      vertex -7.745181e+01  1.177949e+01 -2.300000e+01
    endloop
  endfacet
  facet normal  0.000000e+00  0.000000e+00 -1.000000e+00
    outer loop
      vertex -7.745181e+01 -1.177949e+01 -2.300000e+01
      vertex -7.745181e+01  1.177949e+01 -2.300000e+01
      vertex -7.726859e+01 -1.119151e+01 -2.300000e+01
    endloop
  endfacet
  facet normal  0.000000e+00  0.000000e+00 -1.000000e+00
    outer loop
      vertex -7.726859e+01 -1.119151e+01 -2.300000e+01
      vertex -7.745181e+01  1.177949e+01 -2.300000e+01
      vertex -7.726859e+01  1.119151e+01 -2.300000e+01
    endloop
  endfacet
  facet normal  0.000000e+00  0.000000e+00 -1.000000e+00
    outer loop
      vertex -7.726859e+01 -1.119151e+01 -2.300000e+01
      vertex -7.726859e+01  1.119151e+01 -2.300000e+01
      vertex -7.701582e+01 -1.062991e+01 -2.300000e+01
    endloop
  endfacet
  facet normal  0.000000e+00  0.000000e+00 -1.000000e+00
    outer loop
      vertex -7.701582e+01 -1.062991e+01 -2.300000e+01
      vertex -7.726859e+01  1.119151e+01 -2.300000e+01
      vertex -7.701582e+01  1.062991e+01 -2.300000e+01
    endloop
  endfacet
  facet normal  0.000000e+00  0.000000e+00 -1.000000e+00
    outer loop
      vertex -7.701582e+01 -1.062991e+01 -2.300000e+01
      vertex -7.701582e+01  1.062991e+01 -2.300000e+01
      vertex -7.669722e+01 -1.010287e+01 -2.300000e+01
    endloop
  endfacet
  facet normal  0.000000e+00  0.000000e+00 -1.000000e+00
    outer loop
      vertex -7.669722e+01 -1.010287e+01 -2.300000e+01
      vertex -7.701582e+01  1.062991e+01 -2.300000e+01
      vertex -7.669722e+01  1.010287e+01 -2.300000e+01
    endloop
  endfacet
  facet normal  0.000000e+00  0.000000e+00 -1.000000e+00
    outer loop
      vertex -7.669722e+01 -1.010287e+01 -2.300000e+01
      vertex -7.669722e+01  1.010287e+01 -2.300000e+01
      vertex -7.631741e+01 -9.618074e+00 -2.300000e+01
    endloop
  endfacet
  facet normal  0.000000e+00  0.000000e+00 -9.999999e-01
    outer loop
      vertex -7.631741e+01 -9.618074e+00 -2.300000e+01
      vertex -7.669722e+01  1.010287e+01 -2.300000e+01
      vertex -7.631741e+01  9.618074e+00 -2.300000e+01
    endloop
  endfacet
  facet normal  0.000000e+00  0.000000e+00 -1.000000e+00
    outer loop
      vertex -7.631741e+01 -9.618074e+00 -2.300000e+01
      vertex -7.631741e+01  9.618074e+00 -2.300000e+01
      vertex -7.588193e+01 -9.182595e+00 -2.300000e+01
    endloop
  endfacet
  facet normal  0.000000e+00  0.000000e+00 -1.000000e+00
    outer loop
      vertex -7.588193e+01 -9.182595e+00 -2.300000e+01
      vertex -7.631741e+01  9.618074e+00 -2.300000e+01
      vertex -7.588193e+01  9.182595e+00 -2.300000e+01
    endloop
  endfacet
  facet normal  0.000000e+00  0.000000e+00 -1.000000e+00
    outer loop
      vertex -7.588193e+01 -9.182595e+00 -2.300000e+01
      vertex -7.588193e+01  9.182595e+00 -2.300000e+01
      vertex -7.539713e+01 -8.802782e+00 -2.300000e+01
    endloop
  endfacet
  facet normal  0.000000e+00  0.000000e+00 -1.000000e+00
    outer loop
      vertex -7.539713e+01 -8.802782e+00 -2.300000e+01
      vertex -7.588193e+01  9.182595e+00 -2.300000e+01
      vertex -7.539713e+01  8.802782e+00 -2.300000e+01
    endloop
  endfacet
  facet normal  0.000000e+00  0.000000e+00 -1.000000e+00
    outer loop
      vertex -7.539713e+01 -8.802782e+00 -2.300000e+01
      vertex -7.539713e+01  8.802782e+00 -2.300000e+01
      vertex -7.487009e+01 -8.484175e+00 -2.300000e+01
    endloop
  endfacet
  facet normal  0.000000e+00  0.000000e+00 -1.000000e+00
    outer loop
      vertex -7.487009e+01 -8.484175e+00 -2.300000e+01
      vertex -7.539713e+01  8.802782e+00 -2.300000e+01
      vertex -7.487009e+01  8.484175e+00 -2.300000e+01
    endloop
  endfacet
  facet normal  0.000000e+00  0.000000e+00 -1.000000e+00
    outer loop
      vertex -7.487009e+01 -8.484175e+00 -2.300000e+01
      vertex -7.487009e+01  8.484175e+00 -2.300000e+01
      vertex -7.430849e+01 -8.231417e+00 -2.300000e+01
    endloop
  endfacet
  facet normal  0.000000e+00  0.000000e+00 -1.000000e+00
    outer loop
      vertex -7.430849e+01 -8.231417e+00 -2.300000e+01
      vertex -7.487009e+01  8.484175e+00 -2.300000e+01
      vertex -7.430849e+01  8.231417e+00 -2.300000e+01
    endloop
  endfacet
  facet normal  0.000000e+00  0.000000e+00 -1.000000e+00
    outer loop
      vertex -7.430849e+01 -8.231417e+00 -2.300000e+01
      vertex -7.430849e+01  8.231417e+00 -2.300000e+01
      vertex -7.372051e+01 -8.048197e+00 -2.300000e+01
    endloop
  endfacet
  facet normal  0.000000e+00  0.000000e+00 -1.000000e+00
    outer loop
      vertex -7.372051e+01 -8.048197e+00 -2.300000e+01
      vertex -7.430849e+01  8.231417e+00 -2.300000e+01
      vertex -7.372051e+01  8.048197e+00 -2.300000e+01
    endloop
  endfacet
  facet normal  0.000000e+00  0.000000e+00 -1.000000e+00
    outer loop
      vertex -7.372051e+01 -8.048197e+00 -2.300000e+01
      vertex -7.372051e+01  8.048197e+00 -2.300000e+01
      vertex -7.311474e+01 -7.937185e+00 -2.300000e+01
    endloop
  endfacet
  facet normal  0.000000e+00  0.000000e+00 -1.000000e+00
    outer loop
      vertex -7.311474e+01 -7.937185e+00 -2.300000e+01
      vertex -7.372051e+01  8.048197e+00 -2.300000e+01
      vertex -7.311474e+01  7.937185e+00 -2.300000e+01
    endloop
  endfacet
  facet normal  0.000000e+00  0.000000e+00 -1.000000e+00
    outer loop
      vertex -7.311474e+01 -7.937185e+00 -2.300000e+01
      vertex -7.311474e+01  7.937185e+00 -2.300000e+01
      vertex -7.250000e+01 -7.900000e+00 -2.300000e+01
    endloop
  endfacet
  facet normal  0.000000e+00  0.000000e+00 -1.000000e+00
    outer loop
      vertex -7.250000e+01 -7.900000e+00 -2.300000e+01
      vertex -7.311474e+01  7.937185e+00 -2.300000e+01
      vertex -7.250000e+01  7.900000e+00 -2.300000e+01
    endloop
  endfacet
  facet normal  0.000000e+00  0.000000e+00 -1.000000e+00
    outer loop
      vertex -7.250000e+01 -7.900000e+00 -2.300000e+01
      vertex -7.250000e+01  7.900000e+00 -2.300000e+01
      vertex -7.188526e+01 -7.937185e+00 -2.300000e+01
    endloop
  endfacet
  facet normal  0.000000e+00  0.000000e+00 -1.000000e+00
    outer loop
      vertex -7.188526e+01 -7.937185e+00 -2.300000e+01
      vertex -7.250000e+01  7.900000e+00 -2.300000e+01
      vertex -7.188526e+01  7.937185e+00 -2.300000e+01
    endloop
  endfacet
  facet normal  0.000000e+00  0.000000e+00 -1.000000e+00
    outer loop
      vertex -7.188526e+01 -7.937185e+00 -2.300000e+01
      vertex -7.188526e+01  7.937185e+00 -2.300000e+01
      vertex -7.127949e+01 -8.048197e+00 -2.300000e+01
    endloop
  endfacet
  facet normal  0.000000e+00  0.000000e+00 -1.000000e+00
    outer loop
      vertex -7.127949e+01 -8.048197e+00 -2.300000e+01
      vertex -7.188526e+01  7.937185e+00 -2.300000e+01
      vertex -7.127949e+01  8.048197e+00 -2.300000e+01
    endloop
  endfacet
  facet normal  0.000000e+00  0.000000e+00 -1.000000e+00
    outer loop
      vertex -7.127949e+01 -8.048197e+00 -2.300000e+01
      vertex -7.127949e+01  8.048197e+00 -2.300000e+01
      vertex -7.069151e+01 -8.231417e+00 -2.300000e+01
    endloop
  endfacet
  facet normal  0.000000e+00  0.000000e+00 -1.000000e+00
    outer loop
      vertex -7.069151e+01 -8.231417e+00 -2.300000e+01
      vertex -7.127949e+01  8.048197e+00 -2.300000e+01
      vertex -7.069151e+01  8.231417e+00 -2.300000e+01
    endloop
  endfacet
  facet normal  0.000000e+00  0.000000e+00 -1.000000e+00
    outer loop
      vertex -7.069151e+01 -8.231417e+00 -2.300000e+01
      vertex -7.069151e+01  8.231417e+00 -2.300000e+01
      vertex -7.012991e+01 -8.484175e+00 -2.300000e+01
    endloop
  endfacet
  facet normal  0.000000e+00  0.000000e+00 -1.000000e+00
    outer loop
      vertex -7.012991e+01 -8.484175e+00 -2.300000e+01
      vertex -7.069151e+01  8.231417e+00 -2.300000e+01
      vertex -7.012991e+01  8.484175e+00 -2.300000e+01
    endloop
  endfacet
  facet normal  0.000000e+00  0.000000e+00 -1.000000e+00
    outer loop
      vertex -7.012991e+01 -8.484175e+00 -2.300000e+01
      vertex -7.012991e+01  8.484175e+00 -2.300000e+01
      vertex -6.960287e+01 -8.802782e+00 -2.300000e+01
    endloop
  endfacet
  facet normal  0.000000e+00  0.000000e+00 -1.000000e+00
    outer loop
      vertex -6.960287e+01 -8.802782e+00 -2.300000e+01
      vertex -7.012991e+01  8.484175e+00 -2.300000e+01
      vertex -6.960287e+01  8.802782e+00 -2.300000e+01
    endloop
  endfacet
  facet normal  0.000000e+00  0.000000e+00 -1.000000e+00
    outer loop
      vertex -6.960287e+01 -8.802782e+00 -2.300000e+01
      vertex -6.960287e+01  8.802782e+00 -2.300000e+01
      vertex -6.911807e+01 -9.182595e+00 -2.300000e+01
    endloop
  endfacet
  facet normal  0.000000e+00  0.000000e+00 -1.000000e+00
    outer loop
      vertex -6.911807e+01 -9.182595e+00 -2.300000e+01
      vertex -6.960287e+01  8.802782e+00 -2.300000e+01
      vertex -6.911807e+01  9.182595e+00 -2.300000e+01
    endloop
  endfacet
  facet normal  0.000000e+00  0.000000e+00 -1.000000e+00
    outer loop
      vertex -6.911807e+01 -9.182595e+00 -2.300000e+01
      vertex -6.911807e+01  9.182595e+00 -2.300000e+01
      vertex -6.868259e+01 -9.618074e+00 -2.300000e+01
    endloop
  endfacet
  facet normal  0.000000e+00  0.000000e+00 -1.000000e+00
    outer loop
      vertex -6.868259e+01 -9.618074e+00 -2.300000e+01
      vertex -6.911807e+01  9.182595e+00 -2.300000e+01
      vertex -6.868259e+01  9.618074e+00 -2.300000e+01
    endloop
  endfacet
  facet normal  0.000000e+00  0.000000e+00 -9.999999e-01
    outer loop
      vertex -6.868259e+01 -9.618074e+00 -2.300000e+01
      vertex -6.868259e+01  9.618074e+00 -2.300000e+01
      vertex -6.830278e+01 -1.010287e+01 -2.300000e+01
    endloop
  endfacet
  facet normal  0.000000e+00  0.000000e+00 -1.000000e+00
    outer loop
      vertex -6.830278e+01 -1.010287e+01 -2.300000e+01
      vertex -6.868259e+01  9.618074e+00 -2.300000e+01
      vertex -6.830278e+01  1.010287e+01 -2.300000e+01
    endloop
  endfacet
  facet normal  0.000000e+00  0.000000e+00 -1.000000e+00
    outer loop
      vertex -6.830278e+01 -1.010287e+01 -2.300000e+01
      vertex -6.830278e+01  1.010287e+01 -2.300000e+01
      vertex -6.798418e+01 -1.062991e+01 -2.300000e+01
    endloop
  endfacet
  facet normal  0.000000e+00  0.000000e+00 -1.000000e+00
    outer loop
      vertex -6.798418e+01 -1.062991e+01 -2.300000e+01
      vertex -6.830278e+01  1.010287e+01 -2.300000e+01
      vertex -6.798418e+01  1.062991e+01 -2.300000e+01
    endloop
  endfacet
  facet normal  0.000000e+00  0.000000e+00 -1.000000e+00
    outer loop
      vertex -6.798418e+01 -1.062991e+01 -2.300000e+01
      vertex -6.798418e+01  1.062991e+01 -2.300000e+01
      vertex -6.773141e+01 -1.119151e+01 -2.300000e+01
    endloop
  endfacet
  facet normal  0.000000e+00  0.000000e+00 -1.000000e+00
    outer loop
      vertex -6.773141e+01 -1.119151e+01 -2.300000e+01
      vertex -6.798418e+01  1.062991e+01 -2.300000e+01
      vertex -6.773141e+01  1.119151e+01 -2.300000e+01
    endloop
  endfacet
  facet normal  0.000000e+00  0.000000e+00 -1.000000e+00
    outer loop
      vertex -6.773141e+01 -1.119151e+01 -2.300000e+01
      vertex -6.773141e+01  1.119151e+01 -2.300000e+01
      vertex -6.754819e+01 -1.177949e+01 -2.300000e+01
    endloop
  endfacet
  facet normal  0.000000e+00  0.000000e+00 -1.000000e+00
    outer loop
      vertex -6.754819e+01 -1.177949e+01 -2.300000e+01
      vertex -6.773141e+01  1.119151e+01 -2.300000e+01
      vertex -6.754819e+01  1.177949e+01 -2.300000e+01
    endloop
  endfacet
  facet normal  0.000000e+00  0.000000e+00 -1.000000e+00
    outer loop
      vertex -6.754819e+01 -1.177949e+01 -2.300000e+01
      vertex -6.754819e+01  1.177949e+01 -2.300000e+01
      vertex -6.743719e+01 -1.238526e+01 -2.300000e+01
    endloop
  endfacet
  facet normal  0.000000e+00  0.000000e+00 -1.000000e+00
    outer loop
      vertex -6.743719e+01 -1.238526e+01 -2.300000e+01
      vertex -6.754819e+01  1.177949e+01 -2.300000e+01
      vertex -6.743719e+01  1.238526e+01 -2.300000e+01
    endloop
  endfacet
  facet normal  -0.000000e+00  0.000000e+00 -1.000000e+00
    outer loop
      vertex -6.690000e+01  2.300000e+01 -2.100000e+01
      vertex -3.190000e+01  2.300000e+01 -2.100000e+01
      vertex -5.706044e+01  1.127367e+01 -2.100000e+01
    endloop
  endfacet
  facet normal  0.000000e+00  0.000000e+00 -1.000000e+00
    outer loop
      vertex -5.706044e+01  1.127367e+01 -2.100000e+01
      vertex -3.190000e+01  2.300000e+01 -2.100000e+01
      vertex -4.173956e+01  1.127367e+01 -2.100000e+01
    endloop
  endfacet
  facet normal  -0.000000e+00  0.000000e+00 -9.999999e-01
    outer loop
      vertex -5.706044e+01  1.127367e+01 -2.100000e+01
      vertex -4.173956e+01  1.127367e+01 -2.100000e+01
      vertex -5.647107e+01  1.063048e+01 -2.100000e+01
    endloop
  endfacet
  facet normal  0.000000e+00  0.000000e+00 -9.999999e-01
    outer loop
      vertex -5.647107e+01  1.063048e+01 -2.100000e+01
      vertex -4.173956e+01  1.127367e+01 -2.100000e+01
      vertex -4.232893e+01  1.063048e+01 -2.100000e+01
    endloop
  endfacet
  facet normal  -0.000000e+00  0.000000e+00 -1.000000e+00
    outer loop
      vertex -5.647107e+01  1.063048e+01 -2.100000e+01
      vertex -4.232893e+01  1.063048e+01 -2.100000e+01
      vertex -5.582788e+01  1.004111e+01 -2.100000e+01
    endloop
  endfacet
  facet normal  0.000000e+00  0.000000e+00 -1.000000e+00
    outer loop
      vertex -5.582788e+01  1.004111e+01 -2.100000e+01
      vertex -4.232893e+01  1.063048e+01 -2.100000e+01
      vertex -4.297212e+01  1.004111e+01 -2.100000e+01
    endloop
  endfacet
  facet normal  -0.000000e+00  0.000000e+00 -1.000000e+00
    outer loop
      vertex -5.582788e+01  1.004111e+01 -2.100000e+01
      vertex -4.297212e+01  1.004111e+01 -2.100000e+01
      vertex -5.513577e+01  9.510030e+00 -2.100000e+01
    endloop
  endfacet
  facet normal  0.000000e+00  0.000000e+00 -1.000000e+00
    outer loop
      vertex -5.513577e+01  9.510030e+00 -2.100000e+01
      vertex -4.297212e+01  1.004111e+01 -2.100000e+01
      vertex -4.366423e+01  9.510030e+00 -2.100000e+01
    endloop
  endfacet
  facet normal  -0.000000e+00  0.000000e+00 -1.000000e+00
    outer loop
      vertex -5.513577e+01  9.510030e+00 -2.100000e+01
      vertex -4.366423e+01  9.510030e+00 -2.100000e+01
      vertex -5.440000e+01  9.041296e+00 -2.100000e+01
    endloop
  endfacet
  facet normal  0.000000e+00  0.000000e+00 -1.000000e+00
    outer loop
      vertex -5.440000e+01  9.041296e+00 -2.100000e+01
      vertex -4.366423e+01  9.510030e+00 -2.100000e+01
      vertex -4.440000e+01  9.041296e+00 -2.100000e+01
    endloop
  endfacet
  facet normal  -0.000000e+00  0.000000e+00 -1.000000e+00
    outer loop
      vertex -5.440000e+01  9.041296e+00 -2.100000e+01
      vertex -4.440000e+01  9.041296e+00 -2.100000e+01
      vertex -5.362618e+01  8.638473e+00 -2.100000e+01
    endloop
  endfacet
  facet normal  0.000000e+00  0.000000e+00 -9.999999e-01
    outer loop
      vertex -5.362618e+01  8.638473e+00 -2.100000e+01
      vertex -4.440000e+01  9.041296e+00 -2.100000e+01
      vertex -4.517382e+01  8.638473e+00 -2.100000e+01
    endloop
  endfacet
  facet normal  -0.000000e+00  0.000000e+00 -1.000000e+00
    outer loop
      vertex -5.362618e+01  8.638473e+00 -2.100000e+01
      vertex -4.517382e+01  8.638473e+00 -2.100000e+01
      vertex -5.282020e+01  8.304625e+00 -2.100000e+01
    endloop
  endfacet
  facet normal  0.000000e+00  0.000000e+00 -1.000000e+00
    outer loop
      vertex -5.282020e+01  8.304625e+00 -2.100000e+01
      vertex -4.517382e+01  8.638473e+00 -2.100000e+01
      vertex -4.597980e+01  8.304625e+00 -2.100000e+01
    endloop
  endfacet
  facet normal  -0.000000e+00  0.000000e+00 -1.000000e+00
    outer loop
      vertex -5.282020e+01  8.304625e+00 -2.100000e+01
      vertex -4.597980e+01  8.304625e+00 -2.100000e+01
      vertex -5.198819e+01  8.042293e+00 -2.100000e+01
    endloop
  endfacet
  facet normal  0.000000e+00  0.000000e+00 -1.000000e+00
    outer loop
      vertex -5.198819e+01  8.042293e+00 -2.100000e+01
      vertex -4.597980e+01  8.304625e+00 -2.100000e+01
      vertex -4.681181e+01  8.042293e+00 -2.100000e+01
    endloop
  endfacet
  facet normal  -0.000000e+00  0.000000e+00 -1.000000e+00
    outer loop
      vertex -5.198819e+01  8.042293e+00 -2.100000e+01
      vertex -4.681181e+01  8.042293e+00 -2.100000e+01
      vertex -5.113648e+01  7.853473e+00 -2.100000e+01
    endloop
  endfacet
  facet normal  0.000000e+00  0.000000e+00 -1.000000e+00
    outer loop
      vertex -5.113648e+01  7.853473e+00 -2.100000e+01
      vertex -4.681181e+01  8.042293e+00 -2.100000e+01
      vertex -4.766352e+01  7.853473e+00 -2.100000e+01
    endloop
  endfacet
  facet normal  -0.000000e+00  0.000000e+00 -1.000000e+00
    outer loop
      vertex -5.113648e+01  7.853473e+00 -2.100000e+01
      vertex -4.766352e+01  7.853473e+00 -2.100000e+01
      vertex -5.027156e+01  7.739604e+00 -2.100000e+01
    endloop
  endfacet
  facet normal  0.000000e+00  0.000000e+00 -1.000000e+00
    outer loop
      vertex -5.027156e+01  7.739604e+00 -2.100000e+01
      vertex -4.766352e+01  7.853473e+00 -2.100000e+01
      vertex -4.852844e+01  7.739604e+00 -2.100000e+01
    endloop
  endfacet
  facet normal  -0.000000e+00  0.000000e+00 -1.000000e+00
    outer loop
      vertex -5.027156e+01  7.739604e+00 -2.100000e+01
      vertex -4.852844e+01  7.739604e+00 -2.100000e+01
      vertex -4.940000e+01  7.701550e+00 -2.100000e+01
    endloop
  endfacet
  facet normal -7.660444e-01  6.427876e-01  0.000000e+00
    outer loop
      vertex -4.173956e+01  1.127367e+01 -2.100000e+01
      vertex -3.190000e+01  2.300000e+01 -2.100000e+01
      vertex -4.173956e+01  1.127367e+01 -2.300000e+01
    endloop
  endfacet
  facet normal -7.660444e-01  6.427876e-01  0.000000e+00
    outer loop
      vertex -4.173956e+01  1.127367e+01 -2.300000e+01
      vertex -3.190000e+01  2.300000e+01 -2.100000e+01
      vertex -3.190000e+01  2.300000e+01 -2.300000e+01
    endloop
  endfacet
  facet normal  7.660444e-01  6.427877e-01  -0.000000e+00
    outer loop
      vertex -5.706044e+01  1.127367e+01 -2.100000e+01
      vertex -5.706044e+01  1.127367e+01 -2.300000e+01
      vertex -6.690000e+01  2.300000e+01 -2.100000e+01
    endloop
  endfacet
  facet normal  7.660444e-01  6.427877e-01  0.000000e+00
    outer loop
      vertex -6.690000e+01  2.300000e+01 -2.100000e+01
      vertex -5.706044e+01  1.127367e+01 -2.300000e+01
      vertex -6.690000e+01  2.300000e+01 -2.300000e+01
    endloop
  endfacet
  facet normal  4.361951e-02  9.990482e-01  -0.000000e+00
    outer loop
      vertex -4.940000e+01  7.701550e+00 -2.100000e+01
      vertex -5.027156e+01  7.739604e+00 -2.300000e+01
      vertex -5.027156e+01  7.739604e+00 -2.100000e+01
    endloop
  endfacet
  facet normal  1.305257e-01  9.914449e-01  0.000000e+00
    outer loop
      vertex -5.027156e+01  7.739604e+00 -2.100000e+01
      vertex -5.027156e+01  7.739604e+00 -2.300000e+01
      vertex -5.113648e+01  7.853473e+00 -2.300000e+01
    endloop
  endfacet
  facet normal  1.305257e-01  9.914449e-01  -0.000000e+00
    outer loop
      vertex -5.027156e+01  7.739604e+00 -2.100000e+01
      vertex -5.113648e+01  7.853473e+00 -2.300000e+01
      vertex -5.113648e+01  7.853473e+00 -2.100000e+01
    endloop
  endfacet
  facet normal  2.164406e-01  9.762958e-01  0.000000e+00
    outer loop
      vertex -5.113648e+01  7.853473e+00 -2.100000e+01
      vertex -5.113648e+01  7.853473e+00 -2.300000e+01
      vertex -5.198819e+01  8.042293e+00 -2.300000e+01
    endloop
  endfacet
  facet normal  2.164406e-01  9.762958e-01  -0.000000e+00
    outer loop
      vertex -5.113648e+01  7.853473e+00 -2.100000e+01
      vertex -5.198819e+01  8.042293e+00 -2.300000e+01
      vertex -5.198819e+01  8.042293e+00 -2.100000e+01
    endloop
  endfacet
  facet normal  3.007053e-01  9.537172e-01  0.000000e+00
    outer loop
      vertex -5.198819e+01  8.042293e+00 -2.100000e+01
      vertex -5.198819e+01  8.042293e+00 -2.300000e+01
      vertex -5.282020e+01  8.304625e+00 -2.300000e+01
    endloop
  endfacet
  facet normal  3.007053e-01  9.537172e-01  -0.000000e+00
    outer loop
      vertex -5.198819e+01  8.042293e+00 -2.100000e+01
      vertex -5.282020e+01  8.304625e+00 -2.300000e+01
      vertex -5.282020e+01  8.304625e+00 -2.100000e+01
    endloop
  endfacet
  facet normal  3.826833e-01  9.238796e-01  0.000000e+00
    outer loop
      vertex -5.282020e+01  8.304625e+00 -2.100000e+01
      vertex -5.282020e+01  8.304625e+00 -2.300000e+01
      vertex -5.362618e+01  8.638473e+00 -2.300000e+01
    endloop
  endfacet
  facet normal  3.826833e-01  9.238796e-01  -0.000000e+00
    outer loop
      vertex -5.282020e+01  8.304625e+00 -2.100000e+01
      vertex -5.362618e+01  8.638473e+00 -2.300000e+01
      vertex -5.362618e+01  8.638473e+00 -2.100000e+01
    endloop
  endfacet
  facet normal  4.617475e-01  8.870114e-01  0.000000e+00
    outer loop
      vertex -5.362618e+01  8.638473e+00 -2.100000e+01
      vertex -5.362618e+01  8.638473e+00 -2.300000e+01
      vertex -5.440000e+01  9.041296e+00 -2.300000e+01
    endloop
  endfacet
  facet normal  4.617475e-01  8.870114e-01  -0.000000e+00
    outer loop
      vertex -5.362618e+01  8.638473e+00 -2.100000e+01
      vertex -5.440000e+01  9.041296e+00 -2.300000e+01
      vertex -5.440000e+01  9.041296e+00 -2.100000e+01
    endloop
  endfacet
  facet normal  5.373002e-01  8.433911e-01  0.000000e+00
    outer loop
      vertex -5.440000e+01  9.041296e+00 -2.100000e+01
      vertex -5.440000e+01  9.041296e+00 -2.300000e+01
      vertex -5.513577e+01  9.510030e+00 -2.300000e+01
    endloop
  endfacet
  facet normal  5.373002e-01  8.433911e-01  -0.000000e+00
    outer loop
      vertex -5.440000e+01  9.041296e+00 -2.100000e+01
      vertex -5.513577e+01  9.510030e+00 -2.300000e+01
      vertex -5.513577e+01  9.510030e+00 -2.100000e+01
    endloop
  endfacet
  facet normal  6.087616e-01  7.933533e-01  0.000000e+00
    outer loop
      vertex -5.513577e+01  9.510030e+00 -2.100000e+01
      vertex -5.513577e+01  9.510030e+00 -2.300000e+01
      vertex -5.582788e+01  1.004111e+01 -2.300000e+01
    endloop
  endfacet
  facet normal  6.087616e-01  7.933533e-01  -0.000000e+00
    outer loop
      vertex -5.513577e+01  9.510030e+00 -2.100000e+01
      vertex -5.582788e+01  1.004111e+01 -2.300000e+01
      vertex -5.582788e+01  1.004111e+01 -2.100000e+01
    endloop
  endfacet
  facet normal  6.755897e-01  7.372777e-01  0.000000e+00
    outer loop
      vertex -5.582788e+01  1.004111e+01 -2.100000e+01
      vertex -5.582788e+01  1.004111e+01 -2.300000e+01
      vertex -5.647107e+01  1.063048e+01 -2.300000e+01
    endloop
  endfacet
  facet normal  6.755897e-01  7.372777e-01  -0.000000e+00
    outer loop
      vertex -5.582788e+01  1.004111e+01 -2.100000e+01
      vertex -5.647107e+01  1.063048e+01 -2.300000e+01
      vertex -5.647107e+01  1.063048e+01 -2.100000e+01
    endloop
  endfacet
  facet normal  7.372783e-01  6.755891e-01  0.000000e+00
    outer loop
      vertex -5.647107e+01  1.063048e+01 -2.100000e+01
      vertex -5.647107e+01  1.063048e+01 -2.300000e+01
      vertex -5.706044e+01  1.127367e+01 -2.300000e+01
    endloop
  endfacet
  facet normal  7.372783e-01  6.755891e-01  -0.000000e+00
    outer loop
      vertex -5.647107e+01  1.063048e+01 -2.100000e+01
      vertex -5.706044e+01  1.127367e+01 -2.300000e+01
      vertex -5.706044e+01  1.127367e+01 -2.100000e+01
    endloop
  endfacet
  facet normal  4.361951e-02  9.990482e-01  0.000000e+00
    outer loop
      vertex -5.027156e+01  7.739604e+00 -2.300000e+01
      vertex -4.940000e+01  7.701550e+00 -2.100000e+01
      vertex -4.940000e+01  7.701550e+00 -2.300000e+01
    endloop
  endfacet
  facet normal -4.361932e-02  9.990482e-01  0.000000e+00
    outer loop
      vertex -4.940000e+01  7.701550e+00 -2.300000e+01
      vertex -4.940000e+01  7.701550e+00 -2.100000e+01
      vertex -4.852844e+01  7.739604e+00 -2.100000e+01
    endloop
  endfacet
  facet normal -4.361932e-02  9.990482e-01  0.000000e+00
    outer loop
      vertex -4.940000e+01  7.701550e+00 -2.300000e+01
      vertex -4.852844e+01  7.739604e+00 -2.100000e+01
      vertex -4.852844e+01  7.739604e+00 -2.300000e+01
    endloop
  endfacet
  facet normal -1.305257e-01  9.914449e-01  0.000000e+00
    outer loop
      vertex -4.852844e+01  7.739604e+00 -2.300000e+01
      vertex -4.852844e+01  7.739604e+00 -2.100000e+01
      vertex -4.766352e+01  7.853473e+00 -2.100000e+01
    endloop
  endfacet
  facet normal -1.305257e-01  9.914449e-01  0.000000e+00
    outer loop
      vertex -4.852844e+01  7.739604e+00 -2.300000e+01
      vertex -4.766352e+01  7.853473e+00 -2.100000e+01
      vertex -4.766352e+01  7.853473e+00 -2.300000e+01
    endloop
  endfacet
  facet normal -2.164406e-01  9.762958e-01  0.000000e+00
    outer loop
      vertex -4.766352e+01  7.853473e+00 -2.300000e+01
      vertex -4.766352e+01  7.853473e+00 -2.100000e+01
      vertex -4.681181e+01  8.042293e+00 -2.100000e+01
    endloop
  endfacet
  facet normal -2.164406e-01  9.762958e-01  0.000000e+00
    outer loop
      vertex -4.766352e+01  7.853473e+00 -2.300000e+01
      vertex -4.681181e+01  8.042293e+00 -2.100000e+01
      vertex -4.681181e+01  8.042293e+00 -2.300000e+01
    endloop
  endfacet
  facet normal -3.007053e-01  9.537172e-01  0.000000e+00
    outer loop
      vertex -4.681181e+01  8.042293e+00 -2.300000e+01
      vertex -4.681181e+01  8.042293e+00 -2.100000e+01
      vertex -4.597980e+01  8.304625e+00 -2.100000e+01
    endloop
  endfacet
  facet normal -3.007053e-01  9.537172e-01  0.000000e+00
    outer loop
      vertex -4.681181e+01  8.042293e+00 -2.300000e+01
      vertex -4.597980e+01  8.304625e+00 -2.100000e+01
      vertex -4.597980e+01  8.304625e+00 -2.300000e+01
    endloop
  endfacet
  facet normal -3.826833e-01  9.238796e-01  0.000000e+00
    outer loop
      vertex -4.597980e+01  8.304625e+00 -2.300000e+01
      vertex -4.597980e+01  8.304625e+00 -2.100000e+01
      vertex -4.517382e+01  8.638473e+00 -2.100000e+01
    endloop
  endfacet
  facet normal -3.826833e-01  9.238796e-01  0.000000e+00
    outer loop
      vertex -4.597980e+01  8.304625e+00 -2.300000e+01
      vertex -4.517382e+01  8.638473e+00 -2.100000e+01
      vertex -4.517382e+01  8.638473e+00 -2.300000e+01
    endloop
  endfacet
  facet normal -4.617493e-01  8.870105e-01  0.000000e+00
    outer loop
      vertex -4.517382e+01  8.638473e+00 -2.300000e+01
      vertex -4.517382e+01  8.638473e+00 -2.100000e+01
      vertex -4.440000e+01  9.041296e+00 -2.100000e+01
    endloop
  endfacet
  facet normal -4.617493e-01  8.870105e-01  0.000000e+00
    outer loop
      vertex -4.517382e+01  8.638473e+00 -2.300000e+01
      vertex -4.440000e+01  9.041296e+00 -2.100000e+01
      vertex -4.440000e+01  9.041296e+00 -2.300000e+01
    endloop
  endfacet
  facet normal -5.372982e-01  8.433923e-01  0.000000e+00
    outer loop
      vertex -4.440000e+01  9.041296e+00 -2.300000e+01
      vertex -4.440000e+01  9.041296e+00 -2.100000e+01
      vertex -4.366423e+01  9.510030e+00 -2.100000e+01
    endloop
  endfacet
  facet normal -5.372982e-01  8.433923e-01  0.000000e+00
    outer loop
      vertex -4.440000e+01  9.041296e+00 -2.300000e+01
      vertex -4.366423e+01  9.510030e+00 -2.100000e+01
      vertex -4.366423e+01  9.510030e+00 -2.300000e+01
    endloop
  endfacet
  facet normal -6.087616e-01  7.933533e-01  0.000000e+00
    outer loop
      vertex -4.366423e+01  9.510030e+00 -2.300000e+01
      vertex -4.366423e+01  9.510030e+00 -2.100000e+01
      vertex -4.297212e+01  1.004111e+01 -2.100000e+01
    endloop
  endfacet
  facet normal -6.087616e-01  7.933533e-01  0.000000e+00
    outer loop
      vertex -4.366423e+01  9.510030e+00 -2.300000e+01
      vertex -4.297212e+01  1.004111e+01 -2.100000e+01
      vertex -4.297212e+01  1.004111e+01 -2.300000e+01
    endloop
  endfacet
  facet normal -6.755919e-01  7.372757e-01  0.000000e+00
    outer loop
      vertex -4.297212e+01  1.004111e+01 -2.300000e+01
      vertex -4.297212e+01  1.004111e+01 -2.100000e+01
      vertex -4.232893e+01  1.063048e+01 -2.100000e+01
    endloop
  endfacet
  facet normal -6.755919e-01  7.372757e-01  0.000000e+00
    outer loop
      vertex -4.297212e+01  1.004111e+01 -2.300000e+01
      vertex -4.232893e+01  1.063048e+01 -2.100000e+01
      vertex -4.232893e+01  1.063048e+01 -2.300000e+01
    endloop
  endfacet
  facet normal -7.372762e-01  6.755915e-01  0.000000e+00
    outer loop
      vertex -4.232893e+01  1.063048e+01 -2.300000e+01
      vertex -4.232893e+01  1.063048e+01 -2.100000e+01
      vertex -4.173956e+01  1.127367e+01 -2.100000e+01
    endloop
  endfacet
  facet normal -7.372762e-01  6.755915e-01  0.000000e+00
    outer loop
      vertex -4.232893e+01  1.063048e+01 -2.300000e+01
      vertex -4.173956e+01  1.127367e+01 -2.100000e+01
      vertex -4.173956e+01  1.127367e+01 -2.300000e+01
    endloop
  endfacet
  facet normal  1.361660e-01  0.000000e+00  9.906860e-01
    outer loop
      vertex -3.029003e+01 -2.300000e+01 -4.240092e+00
      vertex -3.086469e+01 -2.050000e+01 -4.161108e+00
      vertex -3.086469e+01 -2.300000e+01 -4.161108e+00
    endloop
  endfacet
  facet normal  2.697969e-01  -0.000000e+00  9.629173e-01
    outer loop
      vertex -3.086469e+01 -2.300000e+01 -4.161108e+00
      vertex -3.086469e+01 -2.050000e+01 -4.161108e+00
      vertex -3.142324e+01 -2.050000e+01 -4.004609e+00
    endloop
  endfacet
  facet normal  2.697969e-01  0.000000e+00  9.629173e-01
    outer loop
      vertex -3.086469e+01 -2.300000e+01 -4.161108e+00
      vertex -3.142324e+01 -2.050000e+01 -4.004609e+00
      vertex -3.142324e+01 -2.300000e+01 -4.004609e+00
    endloop
  endfacet
  facet normal  3.984016e-01  -0.000000e+00  9.172111e-01
    outer loop
      vertex -3.142324e+01 -2.300000e+01 -4.004609e+00
      vertex -3.142324e+01 -2.050000e+01 -4.004609e+00
      vertex -3.195528e+01 -2.050000e+01 -3.773512e+00
    endloop
  endfacet
  facet normal  3.984016e-01  0.000000e+00  9.172111e-01
    outer loop
      vertex -3.142324e+01 -2.300000e+01 -4.004609e+00
      vertex -3.195528e+01 -2.050000e+01 -3.773512e+00
      vertex -3.195528e+01 -2.300000e+01 -3.773512e+00
    endloop
  endfacet
  facet normal  5.195854e-01  -0.000000e+00  8.544185e-01
    outer loop
      vertex -3.195528e+01 -2.300000e+01 -3.773512e+00
      vertex -3.195528e+01 -2.050000e+01 -3.773512e+00
      vertex -3.245089e+01 -2.050000e+01 -3.472122e+00
    endloop
  endfacet
  facet normal  5.195854e-01  0.000000e+00  8.544185e-01
    outer loop
      vertex -3.195528e+01 -2.300000e+01 -3.773512e+00
      vertex -3.245089e+01 -2.050000e+01 -3.472122e+00
      vertex -3.245089e+01 -2.300000e+01 -3.472122e+00
    endloop
  endfacet
  facet normal  6.310852e-01  -0.000000e+00  7.757136e-01
    outer loop
      vertex -3.245089e+01 -2.300000e+01 -3.472122e+00
      vertex -3.245089e+01 -2.050000e+01 -3.472122e+00
      vertex -3.290085e+01 -2.050000e+01 -3.106053e+00
    endloop
  endfacet
  facet normal  6.310852e-01  0.000000e+00  7.757136e-01
    outer loop
      vertex -3.245089e+01 -2.300000e+01 -3.472122e+00
      vertex -3.290085e+01 -2.050000e+01 -3.106053e+00
      vertex -3.290085e+01 -2.300000e+01 -3.106053e+00
    endloop
  endfacet
  facet normal  7.308381e-01  -0.000000e+00  6.825509e-01
    outer loop
      vertex -3.290085e+01 -2.300000e+01 -3.106053e+00
      vertex -3.290085e+01 -2.050000e+01 -3.106053e+00
      vertex -3.329677e+01 -2.050000e+01 -2.682124e+00
    endloop
  endfacet
  facet normal  7.308381e-01  0.000000e+00  6.825509e-01
    outer loop
      vertex -3.290085e+01 -2.300000e+01 -3.106053e+00
      vertex -3.329677e+01 -2.050000e+01 -2.682124e+00
      vertex -3.329677e+01 -2.300000e+01 -2.682124e+00
    endloop
  endfacet
  facet normal  8.169689e-01  -0.000000e+00  5.766819e-01
    outer loop
      vertex -3.329677e+01 -2.300000e+01 -2.682124e+00
      vertex -3.329677e+01 -2.050000e+01 -2.682124e+00
      vertex -3.363128e+01 -2.050000e+01 -2.208232e+00
    endloop
  endfacet
  facet normal  8.169689e-01  0.000000e+00  5.766819e-01
    outer loop
      vertex -3.329677e+01 -2.300000e+01 -2.682124e+00
      vertex -3.363128e+01 -2.050000e+01 -2.208232e+00
      vertex -3.363128e+01 -2.300000e+01 -2.208232e+00
    endloop
  endfacet
  facet normal  8.878857e-01  -0.000000e+00  4.600641e-01
    outer loop
      vertex -3.363128e+01 -2.300000e+01 -2.208232e+00
      vertex -3.363128e+01 -2.050000e+01 -2.208232e+00
      vertex -3.389815e+01 -2.050000e+01 -1.693205e+00
    endloop
  endfacet
  facet normal  8.878857e-01  0.000000e+00  4.600641e-01
    outer loop
      vertex -3.363128e+01 -2.300000e+01 -2.208232e+00
      vertex -3.389815e+01 -2.050000e+01 -1.693205e+00
      vertex -3.389815e+01 -2.300000e+01 -1.693205e+00
    endloop
  endfacet
  facet normal  9.422600e-01  -0.000000e+00  3.348820e-01
    outer loop
      vertex -3.389815e+01 -2.300000e+01 -1.693205e+00
      vertex -3.389815e+01 -2.050000e+01 -1.693205e+00
      vertex -3.409240e+01 -2.050000e+01 -1.146636e+00
    endloop
  endfacet
  facet normal  9.422600e-01  0.000000e+00  3.348820e-01
    outer loop
      vertex -3.389815e+01 -2.300000e+01 -1.693205e+00
      vertex -3.409240e+01 -2.050000e+01 -1.146636e+00
      vertex -3.409240e+01 -2.300000e+01 -1.146636e+00
    endloop
  endfacet
  facet normal  9.790846e-01  -0.000000e+00  2.034535e-01
    outer loop
      vertex -3.409240e+01 -2.300000e+01 -1.146636e+00
      vertex -3.409240e+01 -2.050000e+01 -1.146636e+00
      vertex -3.421041e+01 -2.050000e+01 -5.787082e-01
    endloop
  endfacet
  facet normal  9.790846e-01  0.000000e+00  2.034535e-01
    outer loop
      vertex -3.409240e+01 -2.300000e+01 -1.146636e+00
      vertex -3.421041e+01 -2.050000e+01 -5.787082e-01
      vertex -3.421041e+01 -2.300000e+01 -5.787082e-01
    endloop
  endfacet
  facet normal  9.976687e-01  -0.000000e+00  6.824308e-02
    outer loop
      vertex -3.421041e+01 -2.300000e+01 -5.787082e-01
      vertex -3.421041e+01 -2.050000e+01 -5.787082e-01
      vertex -3.425000e+01 -2.050000e+01  0.000000e+00
    endloop
  endfacet
  facet normal  9.976687e-01  0.000000e+00  6.824308e-02
    outer loop
      vertex -3.421041e+01 -2.300000e+01 -5.787082e-01
      vertex -3.425000e+01 -2.050000e+01  0.000000e+00
      vertex -3.425000e+01 -2.300000e+01  0.000000e+00
    endloop
  endfacet
  facet normal  1.361660e-01  -0.000000e+00  9.906860e-01
    outer loop
      vertex -3.086469e+01 -2.050000e+01 -4.161108e+00
      vertex -3.029003e+01 -2.300000e+01 -4.240092e+00
      vertex -3.029003e+01 -2.050000e+01 -4.240092e+00
    endloop
  endfacet
  facet normal  0.000000e+00  0.000000e+00  1.000000e+00
    outer loop
      vertex -3.029003e+01 -2.050000e+01 -4.240092e+00
      vertex -3.029003e+01 -2.300000e+01 -4.240092e+00
      vertex -2.970997e+01 -2.300000e+01 -4.240092e+00
    endloop
  endfacet
  facet normal  0.000000e+00  -0.000000e+00  1.000000e+00
    outer loop
      vertex -3.029003e+01 -2.050000e+01 -4.240092e+00
      vertex -2.970997e+01 -2.300000e+01 -4.240092e+00
      vertex -2.970997e+01 -2.050000e+01 -4.240092e+00
    endloop
  endfacet
  facet normal -1.361660e-01  0.000000e+00  9.906860e-01
    outer loop
      vertex -2.970997e+01 -2.050000e+01 -4.240092e+00
      vertex -2.970997e+01 -2.300000e+01 -4.240092e+00
      vertex -2.913531e+01 -2.300000e+01 -4.161108e+00
    endloop
  endfacet
  facet normal -1.361660e-01  0.000000e+00  9.906860e-01
    outer loop
      vertex -2.970997e+01 -2.050000e+01 -4.240092e+00
      vertex -2.913531e+01 -2.300000e+01 -4.161108e+00
      vertex -2.913531e+01 -2.050000e+01 -4.161108e+00
    endloop
  endfacet
  facet normal -2.697969e-01  0.000000e+00  9.629173e-01
    outer loop
      vertex -2.913531e+01 -2.050000e+01 -4.161108e+00
      vertex -2.913531e+01 -2.300000e+01 -4.161108e+00
      vertex -2.857676e+01 -2.300000e+01 -4.004609e+00
    endloop
  endfacet
  facet normal -2.697969e-01  0.000000e+00  9.629173e-01
    outer loop
      vertex -2.913531e+01 -2.050000e+01 -4.161108e+00
      vertex -2.857676e+01 -2.300000e+01 -4.004609e+00
      vertex -2.857676e+01 -2.050000e+01 -4.004609e+00
    endloop
  endfacet
  facet normal -3.984016e-01  0.000000e+00  9.172111e-01
    outer loop
      vertex -2.857676e+01 -2.050000e+01 -4.004609e+00
      vertex -2.857676e+01 -2.300000e+01 -4.004609e+00
      vertex -2.804472e+01 -2.300000e+01 -3.773512e+00
    endloop
  endfacet
  facet normal -3.984016e-01  0.000000e+00  9.172111e-01
    outer loop
      vertex -2.857676e+01 -2.050000e+01 -4.004609e+00
      vertex -2.804472e+01 -2.300000e+01 -3.773512e+00
      vertex -2.804472e+01 -2.050000e+01 -3.773512e+00
    endloop
  endfacet
  facet normal -5.195839e-01  0.000000e+00  8.544194e-01
    outer loop
      vertex -2.804472e+01 -2.050000e+01 -3.773512e+00
      vertex -2.804472e+01 -2.300000e+01 -3.773512e+00
      vertex -2.754911e+01 -2.300000e+01 -3.472122e+00
    endloop
  endfacet
  facet normal -5.195839e-01  0.000000e+00  8.544194e-01
    outer loop
      vertex -2.804472e+01 -2.050000e+01 -3.773512e+00
      vertex -2.754911e+01 -2.300000e+01 -3.472122e+00
      vertex -2.754911e+01 -2.050000e+01 -3.472122e+00
    endloop
  endfacet
  facet normal -6.310884e-01  0.000000e+00  7.757109e-01
    outer loop
      vertex -2.754911e+01 -2.050000e+01 -3.472122e+00
      vertex -2.754911e+01 -2.300000e+01 -3.472122e+00
      vertex -2.709915e+01 -2.300000e+01 -3.106053e+00
    endloop
  endfacet
  facet normal -6.310884e-01  0.000000e+00  7.757109e-01
    outer loop
      vertex -2.754911e+01 -2.050000e+01 -3.472122e+00
      vertex -2.709915e+01 -2.300000e+01 -3.106053e+00
      vertex -2.709915e+01 -2.050000e+01 -3.106053e+00
    endloop
  endfacet
  facet normal -7.308348e-01  0.000000e+00  6.825544e-01
    outer loop
      vertex -2.709915e+01 -2.050000e+01 -3.106053e+00
      vertex -2.709915e+01 -2.300000e+01 -3.106053e+00
      vertex -2.670323e+01 -2.300000e+01 -2.682124e+00
    endloop
  endfacet
  facet normal -7.308348e-01  0.000000e+00  6.825544e-01
    outer loop
      vertex -2.709915e+01 -2.050000e+01 -3.106053e+00
      vertex -2.670323e+01 -2.300000e+01 -2.682124e+00
      vertex -2.670323e+01 -2.050000e+01 -2.682124e+00
    endloop
  endfacet
  facet normal -8.169704e-01  0.000000e+00  5.766796e-01
    outer loop
      vertex -2.670323e+01 -2.050000e+01 -2.682124e+00
      vertex -2.670323e+01 -2.300000e+01 -2.682124e+00
      vertex -2.636872e+01 -2.300000e+01 -2.208232e+00
    endloop
  endfacet
  facet normal -8.169704e-01  0.000000e+00  5.766796e-01
    outer loop
      vertex -2.670323e+01 -2.050000e+01 -2.682124e+00
      vertex -2.636872e+01 -2.300000e+01 -2.208232e+00
      vertex -2.636872e+01 -2.050000e+01 -2.208232e+00
    endloop
  endfacet
  facet normal -8.878857e-01  0.000000e+00  4.600641e-01
    outer loop
      vertex -2.636872e+01 -2.050000e+01 -2.208232e+00
      vertex -2.636872e+01 -2.300000e+01 -2.208232e+00
      vertex -2.610185e+01 -2.300000e+01 -1.693205e+00
    endloop
  endfacet
  facet normal -8.878857e-01  0.000000e+00  4.600641e-01
    outer loop
      vertex -2.636872e+01 -2.050000e+01 -2.208232e+00
      vertex -2.610185e+01 -2.300000e+01 -1.693205e+00
      vertex -2.610185e+01 -2.050000e+01 -1.693205e+00
    endloop
  endfacet
  facet normal -9.422611e-01  0.000000e+00  3.348791e-01
    outer loop
      vertex -2.610185e+01 -2.050000e+01 -1.693205e+00
      vertex -2.610185e+01 -2.300000e+01 -1.693205e+00
      vertex -2.590760e+01 -2.300000e+01 -1.146636e+00
    endloop
  endfacet
  facet normal -9.422611e-01  0.000000e+00  3.348791e-01
    outer loop
      vertex -2.610185e+01 -2.050000e+01 -1.693205e+00
      vertex -2.590760e+01 -2.300000e+01 -1.146636e+00
      vertex -2.590760e+01 -2.050000e+01 -1.146636e+00
    endloop
  endfacet
  facet normal -9.790840e-01  0.000000e+00  2.034567e-01
    outer loop
      vertex -2.590760e+01 -2.050000e+01 -1.146636e+00
      vertex -2.590760e+01 -2.300000e+01 -1.146636e+00
      vertex -2.578959e+01 -2.300000e+01 -5.787082e-01
    endloop
  endfacet
  facet normal -9.790840e-01  0.000000e+00  2.034567e-01
    outer loop
      vertex -2.590760e+01 -2.050000e+01 -1.146636e+00
      vertex -2.578959e+01 -2.300000e+01 -5.787082e-01
      vertex -2.578959e+01 -2.050000e+01 -5.787082e-01
    endloop
  endfacet
  facet normal -9.976687e-01  0.000000e+00  6.824308e-02
    outer loop
      vertex -2.578959e+01 -2.050000e+01 -5.787082e-01
      vertex -2.578959e+01 -2.300000e+01 -5.787082e-01
      vertex -2.575000e+01 -2.300000e+01  5.204749e-16
    endloop
  endfacet
  facet normal -9.976687e-01  0.000000e+00  6.824308e-02
    outer loop
      vertex -2.578959e+01 -2.050000e+01 -5.787082e-01
      vertex -2.575000e+01 -2.300000e+01  5.204749e-16
      vertex -2.575000e+01 -2.050000e+01  5.204749e-16
    endloop
  endfacet
  facet normal -1.361660e-01  -0.000000e+00 -9.906860e-01
    outer loop
      vertex -2.970997e+01 -2.300000e+01  4.240092e+00
      vertex -2.913531e+01 -2.050000e+01  4.161108e+00
      vertex -2.913531e+01 -2.300000e+01  4.161108e+00
    endloop
  endfacet
  facet normal -2.697969e-01  0.000000e+00 -9.629173e-01
    outer loop
      vertex -2.913531e+01 -2.300000e+01  4.161108e+00
      vertex -2.913531e+01 -2.050000e+01  4.161108e+00
      vertex -2.857676e+01 -2.050000e+01  4.004609e+00
    endloop
  endfacet
  facet normal -2.697969e-01  -0.000000e+00 -9.629173e-01
    outer loop
      vertex -2.913531e+01 -2.300000e+01  4.161108e+00
      vertex -2.857676e+01 -2.050000e+01  4.004609e+00
      vertex -2.857676e+01 -2.300000e+01  4.004609e+00
    endloop
  endfacet
  facet normal -3.984016e-01  0.000000e+00 -9.172111e-01
    outer loop
      vertex -2.857676e+01 -2.300000e+01  4.004609e+00
      vertex -2.857676e+01 -2.050000e+01  4.004609e+00
      vertex -2.804472e+01 -2.050000e+01  3.773512e+00
    endloop
  endfacet
  facet normal -3.984016e-01  -0.000000e+00 -9.172111e-01
    outer loop
      vertex -2.857676e+01 -2.300000e+01  4.004609e+00
      vertex -2.804472e+01 -2.050000e+01  3.773512e+00
      vertex -2.804472e+01 -2.300000e+01  3.773512e+00
    endloop
  endfacet
  facet normal -5.195839e-01  0.000000e+00 -8.544194e-01
    outer loop
      vertex -2.804472e+01 -2.300000e+01  3.773512e+00
      vertex -2.804472e+01 -2.050000e+01  3.773512e+00
      vertex -2.754911e+01 -2.050000e+01  3.472122e+00
    endloop
  endfacet
  facet normal -5.195839e-01  -0.000000e+00 -8.544194e-01
    outer loop
      vertex -2.804472e+01 -2.300000e+01  3.773512e+00
      vertex -2.754911e+01 -2.050000e+01  3.472122e+00
      vertex -2.754911e+01 -2.300000e+01  3.472122e+00
    endloop
  endfacet
  facet normal -6.310884e-01  0.000000e+00 -7.757109e-01
    outer loop
      vertex -2.754911e+01 -2.300000e+01  3.472122e+00
      vertex -2.754911e+01 -2.050000e+01  3.472122e+00
      vertex -2.709915e+01 -2.050000e+01  3.106053e+00
    endloop
  endfacet
  facet normal -6.310884e-01  -0.000000e+00 -7.757109e-01
    outer loop
      vertex -2.754911e+01 -2.300000e+01  3.472122e+00
      vertex -2.709915e+01 -2.050000e+01  3.106053e+00
      vertex -2.709915e+01 -2.300000e+01  3.106053e+00
    endloop
  endfacet
  facet normal -7.308348e-01  0.000000e+00 -6.825544e-01
    outer loop
      vertex -2.709915e+01 -2.300000e+01  3.106053e+00
      vertex -2.709915e+01 -2.050000e+01  3.106053e+00
      vertex -2.670323e+01 -2.050000e+01  2.682124e+00
    endloop
  endfacet
  facet normal -7.308348e-01  -0.000000e+00 -6.825544e-01
    outer loop
      vertex -2.709915e+01 -2.300000e+01  3.106053e+00
      vertex -2.670323e+01 -2.050000e+01  2.682124e+00
      vertex -2.670323e+01 -2.300000e+01  2.682124e+00
    endloop
  endfacet
  facet normal -8.169704e-01  0.000000e+00 -5.766796e-01
    outer loop
      vertex -2.670323e+01 -2.300000e+01  2.682124e+00
      vertex -2.670323e+01 -2.050000e+01  2.682124e+00
      vertex -2.636872e+01 -2.050000e+01  2.208232e+00
    endloop
  endfacet
  facet normal -8.169704e-01  -0.000000e+00 -5.766796e-01
    outer loop
      vertex -2.670323e+01 -2.300000e+01  2.682124e+00
      vertex -2.636872e+01 -2.050000e+01  2.208232e+00
      vertex -2.636872e+01 -2.300000e+01  2.208232e+00
    endloop
  endfacet
  facet normal -8.878857e-01  0.000000e+00 -4.600641e-01
    outer loop
      vertex -2.636872e+01 -2.300000e+01  2.208232e+00
      vertex -2.636872e+01 -2.050000e+01  2.208232e+00
      vertex -2.610185e+01 -2.050000e+01  1.693205e+00
    endloop
  endfacet
  facet normal -8.878857e-01  -0.000000e+00 -4.600641e-01
    outer loop
      vertex -2.636872e+01 -2.300000e+01  2.208232e+00
      vertex -2.610185e+01 -2.050000e+01  1.693205e+00
      vertex -2.610185e+01 -2.300000e+01  1.693205e+00
    endloop
  endfacet
  facet normal -9.422611e-01  0.000000e+00 -3.348791e-01
    outer loop
      vertex -2.610185e+01 -2.300000e+01  1.693205e+00
      vertex -2.610185e+01 -2.050000e+01  1.693205e+00
      vertex -2.590760e+01 -2.050000e+01  1.146636e+00
    endloop
  endfacet
  facet normal -9.422611e-01  -0.000000e+00 -3.348791e-01
    outer loop
      vertex -2.610185e+01 -2.300000e+01  1.693205e+00
      vertex -2.590760e+01 -2.050000e+01  1.146636e+00
      vertex -2.590760e+01 -2.300000e+01  1.146636e+00
    endloop
  endfacet
  facet normal -9.790840e-01  0.000000e+00 -2.034567e-01
    outer loop
      vertex -2.590760e+01 -2.300000e+01  1.146636e+00
      vertex -2.590760e+01 -2.050000e+01  1.146636e+00
      vertex -2.578959e+01 -2.050000e+01  5.787082e-01
    endloop
  endfacet
  facet normal -9.790840e-01  -0.000000e+00 -2.034567e-01
    outer loop
      vertex -2.590760e+01 -2.300000e+01  1.146636e+00
      vertex -2.578959e+01 -2.050000e+01  5.787082e-01
      vertex -2.578959e+01 -2.300000e+01  5.787082e-01
    endloop
  endfacet
  facet normal -9.976687e-01  0.000000e+00 -6.824308e-02
    outer loop
      vertex -2.578959e+01 -2.300000e+01  5.787082e-01
      vertex -2.578959e+01 -2.050000e+01  5.787082e-01
      vertex -2.575000e+01 -2.050000e+01  5.204749e-16
    endloop
  endfacet
  facet normal -9.976687e-01  -0.000000e+00 -6.824308e-02
    outer loop
      vertex -2.578959e+01 -2.300000e+01  5.787082e-01
      vertex -2.575000e+01 -2.050000e+01  5.204749e-16
      vertex -2.575000e+01 -2.300000e+01  5.204749e-16
    endloop
  endfacet
  facet normal -1.361660e-01  0.000000e+00 -9.906860e-01
    outer loop
      vertex -2.913531e+01 -2.050000e+01  4.161108e+00
      vertex -2.970997e+01 -2.300000e+01  4.240092e+00
      vertex -2.970997e+01 -2.050000e+01  4.240092e+00
    endloop
  endfacet
  facet normal  0.000000e+00  -0.000000e+00 -1.000000e+00
    outer loop
      vertex -2.970997e+01 -2.050000e+01  4.240092e+00
      vertex -2.970997e+01 -2.300000e+01  4.240092e+00
      vertex -3.029003e+01 -2.300000e+01  4.240092e+00
    endloop
  endfacet
  facet normal  0.000000e+00  0.000000e+00 -1.000000e+00
    outer loop
      vertex -2.970997e+01 -2.050000e+01  4.240092e+00
      vertex -3.029003e+01 -2.300000e+01  4.240092e+00
      vertex -3.029003e+01 -2.050000e+01  4.240092e+00
    endloop
  endfacet
  facet normal  1.361660e-01  0.000000e+00 -9.906860e-01
    outer loop
      vertex -3.029003e+01 -2.050000e+01  4.240092e+00
      vertex -3.029003e+01 -2.300000e+01  4.240092e+00
      vertex -3.086469e+01 -2.300000e+01  4.161108e+00
    endloop
  endfacet
  facet normal  1.361660e-01  0.000000e+00 -9.906860e-01
    outer loop
      vertex -3.029003e+01 -2.050000e+01  4.240092e+00
      vertex -3.086469e+01 -2.300000e+01  4.161108e+00
      vertex -3.086469e+01 -2.050000e+01  4.161108e+00
    endloop
  endfacet
  facet normal  2.697969e-01  0.000000e+00 -9.629173e-01
    outer loop
      vertex -3.086469e+01 -2.050000e+01  4.161108e+00
      vertex -3.086469e+01 -2.300000e+01  4.161108e+00
      vertex -3.142324e+01 -2.300000e+01  4.004609e+00
    endloop
  endfacet
  facet normal  2.697969e-01  0.000000e+00 -9.629173e-01
    outer loop
      vertex -3.086469e+01 -2.050000e+01  4.161108e+00
      vertex -3.142324e+01 -2.300000e+01  4.004609e+00
      vertex -3.142324e+01 -2.050000e+01  4.004609e+00
    endloop
  endfacet
  facet normal  3.984016e-01  0.000000e+00 -9.172111e-01
    outer loop
      vertex -3.142324e+01 -2.050000e+01  4.004609e+00
      vertex -3.142324e+01 -2.300000e+01  4.004609e+00
      vertex -3.195528e+01 -2.300000e+01  3.773512e+00
    endloop
  endfacet
  facet normal  3.984016e-01  0.000000e+00 -9.172111e-01
    outer loop
      vertex -3.142324e+01 -2.050000e+01  4.004609e+00
      vertex -3.195528e+01 -2.300000e+01  3.773512e+00
      vertex -3.195528e+01 -2.050000e+01  3.773512e+00
    endloop
  endfacet
  facet normal  5.195854e-01  0.000000e+00 -8.544185e-01
    outer loop
      vertex -3.195528e+01 -2.050000e+01  3.773512e+00
      vertex -3.195528e+01 -2.300000e+01  3.773512e+00
      vertex -3.245089e+01 -2.300000e+01  3.472122e+00
    endloop
  endfacet
  facet normal  5.195854e-01  0.000000e+00 -8.544185e-01
    outer loop
      vertex -3.195528e+01 -2.050000e+01  3.773512e+00
      vertex -3.245089e+01 -2.300000e+01  3.472122e+00
      vertex -3.245089e+01 -2.050000e+01  3.472122e+00
    endloop
  endfacet
  facet normal  6.310852e-01  0.000000e+00 -7.757136e-01
    outer loop
      vertex -3.245089e+01 -2.050000e+01  3.472122e+00
      vertex -3.245089e+01 -2.300000e+01  3.472122e+00
      vertex -3.290085e+01 -2.300000e+01  3.106053e+00
    endloop
  endfacet
  facet normal  6.310852e-01  0.000000e+00 -7.757136e-01
    outer loop
      vertex -3.245089e+01 -2.050000e+01  3.472122e+00
      vertex -3.290085e+01 -2.300000e+01  3.106053e+00
      vertex -3.290085e+01 -2.050000e+01  3.106053e+00
    endloop
  endfacet
  facet normal  7.308381e-01  0.000000e+00 -6.825509e-01
    outer loop
      vertex -3.290085e+01 -2.050000e+01  3.106053e+00
      vertex -3.290085e+01 -2.300000e+01  3.106053e+00
      vertex -3.329677e+01 -2.300000e+01  2.682124e+00
    endloop
  endfacet
  facet normal  7.308381e-01  0.000000e+00 -6.825509e-01
    outer loop
      vertex -3.290085e+01 -2.050000e+01  3.106053e+00
      vertex -3.329677e+01 -2.300000e+01  2.682124e+00
      vertex -3.329677e+01 -2.050000e+01  2.682124e+00
    endloop
  endfacet
  facet normal  8.169689e-01  0.000000e+00 -5.766819e-01
    outer loop
      vertex -3.329677e+01 -2.050000e+01  2.682124e+00
      vertex -3.329677e+01 -2.300000e+01  2.682124e+00
      vertex -3.363128e+01 -2.300000e+01  2.208232e+00
    endloop
  endfacet
  facet normal  8.169689e-01  0.000000e+00 -5.766819e-01
    outer loop
      vertex -3.329677e+01 -2.050000e+01  2.682124e+00
      vertex -3.363128e+01 -2.300000e+01  2.208232e+00
      vertex -3.363128e+01 -2.050000e+01  2.208232e+00
    endloop
  endfacet
  facet normal  8.878857e-01  0.000000e+00 -4.600641e-01
    outer loop
      vertex -3.363128e+01 -2.050000e+01  2.208232e+00
      vertex -3.363128e+01 -2.300000e+01  2.208232e+00
      vertex -3.389815e+01 -2.300000e+01  1.693205e+00
    endloop
  endfacet
  facet normal  8.878857e-01  0.000000e+00 -4.600641e-01
    outer loop
      vertex -3.363128e+01 -2.050000e+01  2.208232e+00
      vertex -3.389815e+01 -2.300000e+01  1.693205e+00
      vertex -3.389815e+01 -2.050000e+01  1.693205e+00
    endloop
  endfacet
  facet normal  9.422600e-01  0.000000e+00 -3.348820e-01
    outer loop
      vertex -3.389815e+01 -2.050000e+01  1.693205e+00
      vertex -3.389815e+01 -2.300000e+01  1.693205e+00
      vertex -3.409240e+01 -2.300000e+01  1.146636e+00
    endloop
  endfacet
  facet normal  9.422600e-01  0.000000e+00 -3.348820e-01
    outer loop
      vertex -3.389815e+01 -2.050000e+01  1.693205e+00
      vertex -3.409240e+01 -2.300000e+01  1.146636e+00
      vertex -3.409240e+01 -2.050000e+01  1.146636e+00
    endloop
  endfacet
  facet normal  9.790846e-01  0.000000e+00 -2.034535e-01
    outer loop
      vertex -3.409240e+01 -2.050000e+01  1.146636e+00
      vertex -3.409240e+01 -2.300000e+01  1.146636e+00
      vertex -3.421041e+01 -2.300000e+01  5.787082e-01
    endloop
  endfacet
  facet normal  9.790846e-01  0.000000e+00 -2.034535e-01
    outer loop
      vertex -3.409240e+01 -2.050000e+01  1.146636e+00
      vertex -3.421041e+01 -2.300000e+01  5.787082e-01
      vertex -3.421041e+01 -2.050000e+01  5.787082e-01
    endloop
  endfacet
  facet normal  9.976687e-01  0.000000e+00 -6.824308e-02
    outer loop
      vertex -3.421041e+01 -2.050000e+01  5.787082e-01
      vertex -3.421041e+01 -2.300000e+01  5.787082e-01
      vertex -3.425000e+01 -2.300000e+01  0.000000e+00
    endloop
  endfacet
  facet normal  9.976687e-01  0.000000e+00 -6.824308e-02
    outer loop
      vertex -3.421041e+01 -2.050000e+01  5.787082e-01
      vertex -3.425000e+01 -2.300000e+01  0.000000e+00
      vertex -3.425000e+01 -2.050000e+01  0.000000e+00
    endloop
  endfacet
  facet normal  0.000000e+00  1.000000e+00  0.000000e+00
    outer loop
      vertex -2.852179e+01 -1.800000e+01 -1.361229e+01
      vertex -2.843074e+01 -1.800000e+01 -1.331214e+01
      vertex -2.830141e+01 -1.800000e+01 -1.616098e+01
    endloop
  endfacet
  facet normal  0.000000e+00  1.000000e+00  0.000000e+00
    outer loop
      vertex -3.000000e+01 -1.800000e+01 -1.460000e+01
      vertex -2.968785e+01 -1.800000e+01 -1.456926e+01
      vertex -3.056712e+01 -1.800000e+01 -1.624010e+01
    endloop
  endfacet
  facet normal  0.000000e+00  1.000000e+00  0.000000e+00
    outer loop
      vertex -3.031215e+01 -1.800000e+01 -1.456926e+01
      vertex -3.000000e+01 -1.800000e+01 -1.460000e+01
      vertex -3.056712e+01 -1.800000e+01 -1.624010e+01
    endloop
  endfacet
  facet normal  0.000000e+00  1.000000e+00  0.000000e+00
    outer loop
      vertex -3.056712e+01 -1.800000e+01 -1.624010e+01
      vertex -3.061229e+01 -1.800000e+01 -1.447821e+01
      vertex -3.031215e+01 -1.800000e+01 -1.456926e+01
    endloop
  endfacet
  facet normal  0.000000e+00  1.000000e+00  0.000000e+00
    outer loop
      vertex -1.552179e+01 -1.800000e+01 -6.122935e-01
      vertex -1.543074e+01 -1.800000e+01 -3.121445e-01
      vertex -1.565210e+01 -1.800000e+01 -7.628913e+00
    endloop
  endfacet
  facet normal  -0.000000e+00  1.000000e+00  0.000000e+00
    outer loop
      vertex -1.565210e+01 -1.800000e+01 -7.628913e+00
      vertex -1.566965e+01 -1.800000e+01 -8.889124e-01
      vertex -1.552179e+01 -1.800000e+01 -6.122935e-01
    endloop
  endfacet
  facet normal  0.000000e+00  9.999999e-01  0.000000e+00
    outer loop
      vertex -1.755178e+01 -1.800000e+01 -1.044530e+01
      vertex -1.761229e+01 -1.800000e+01 -1.478207e+00
      vertex -1.731215e+01 -1.800000e+01 -1.569256e+00
    endloop
  endfacet
  facet normal  0.000000e+00  1.000000e+00  0.000000e+00
    outer loop
      vertex -1.831073e+01 -1.800000e+01 -1.128820e+01
      vertex -1.833035e+01 -1.800000e+01 -8.889124e-01
      vertex -1.813137e+01 -1.800000e+01 -1.131371e+00
    endloop
  endfacet
  facet normal  0.000000e+00  9.999999e-01  0.000000e+00
    outer loop
      vertex -2.956257e+01 -1.800000e+01 -9.740182e+00
      vertex -2.911109e+01 -1.800000e+01 -1.166965e+01
      vertex -2.938771e+01 -1.800000e+01 -1.152179e+01
    endloop
  endfacet
  facet normal  0.000000e+00  1.000000e+00  0.000000e+00
    outer loop
      vertex -2.968785e+01 -1.800000e+01 -1.143074e+01
      vertex -2.956257e+01 -1.800000e+01 -9.740182e+00
      vertex -2.938771e+01 -1.800000e+01 -1.152179e+01
    endloop
  endfacet
  facet normal  0.000000e+00  9.999999e-01  0.000000e+00
    outer loop
      vertex -3.088891e+01 -1.800000e+01 -1.166965e+01
      vertex -3.130877e+01 -1.800000e+01 -9.661760e+00
      vertex -3.061229e+01 -1.800000e+01 -1.152179e+01
    endloop
  endfacet
  facet normal  0.000000e+00  1.000000e+00  0.000000e+00
    outer loop
      vertex -3.130877e+01 -1.800000e+01 -9.661760e+00
      vertex -3.088891e+01 -1.800000e+01 -1.166965e+01
      vertex -3.113137e+01 -1.800000e+01 -1.186863e+01
    endloop
  endfacet
  facet normal  0.000000e+00  1.000000e+00  0.000000e+00
    outer loop
      vertex -3.133035e+01 -1.800000e+01 -1.211109e+01
      vertex -3.130877e+01 -1.800000e+01 -9.661760e+00
      vertex -3.113137e+01 -1.800000e+01 -1.186863e+01
    endloop
  endfacet
  facet normal  0.000000e+00  9.999999e-01  0.000000e+00
    outer loop
      vertex -4.211109e+01 -1.800000e+01 -1.330351e+00
      vertex -4.186863e+01 -1.800000e+01 -1.131371e+00
      vertex -4.244822e+01 -1.800000e+01 -1.044530e+01
    endloop
  endfacet
  facet normal  0.000000e+00  1.000000e+00  0.000000e+00
    outer loop
      vertex -4.361229e+01 -1.800000e+01 -1.478207e+00
      vertex -4.331215e+01 -1.800000e+01 -1.569256e+00
      vertex -4.378078e+01 -1.800000e+01 -8.611188e+00
    endloop
  endfacet
  facet normal  0.000000e+00  1.000000e+00  0.000000e+00
    outer loop
      vertex -4.378078e+01 -1.800000e+01 -8.611188e+00
      vertex -4.388891e+01 -1.800000e+01 -1.330351e+00
      vertex -4.361229e+01 -1.800000e+01 -1.478207e+00
    endloop
  endfacet
  facet normal  0.000000e+00  1.000000e+00  0.000000e+00
    outer loop
      vertex -4.460000e+01 -1.800000e+01 -1.748215e-14
      vertex -4.456926e+01 -1.800000e+01 -3.121445e-01
      vertex -4.484511e+01 -1.800000e+01 -6.609470e+00
    endloop
  endfacet
  facet normal  0.000000e+00  1.000000e+00  0.000000e+00
    outer loop
      vertex -1.668785e+01 -1.800000e+01  1.569256e+00
      vertex -1.685347e+01 -1.800000e+01  9.551511e+00
      vertex -1.638771e+01 -1.800000e+01  1.478207e+00
    endloop
  endfacet
  facet normal  0.000000e+00  9.999999e-01  0.000000e+00
    outer loop
      vertex -1.761229e+01 -1.800000e+01  1.478207e+00
      vertex -1.755178e+01 -1.800000e+01  1.044530e+01
      vertex -1.731215e+01 -1.800000e+01  1.569256e+00
    endloop
  endfacet
  facet normal  0.000000e+00  9.999999e-01  0.000000e+00
    outer loop
      vertex -2.938771e+01 -1.800000e+01  1.152179e+01
      vertex -2.911109e+01 -1.800000e+01  1.166965e+01
      vertex -2.956257e+01 -1.800000e+01  9.740182e+00
    endloop
  endfacet
  facet normal  -0.000000e+00  1.000000e+00  0.000000e+00
    outer loop
      vertex -2.956257e+01 -1.800000e+01  9.740182e+00
      vertex -2.968785e+01 -1.800000e+01  1.143074e+01
      vertex -2.938771e+01 -1.800000e+01  1.152179e+01
    endloop
  endfacet
  facet normal  0.000000e+00  1.000000e+00  0.000000e+00
    outer loop
      vertex -3.113137e+01 -1.800000e+01  1.186863e+01
      vertex -3.088891e+01 -1.800000e+01  1.166965e+01
      vertex -3.130877e+01 -1.800000e+01  9.661760e+00
    endloop
  endfacet
  facet normal  0.000000e+00  1.000000e+00  0.000000e+00
    outer loop
      vertex -3.130877e+01 -1.800000e+01  9.661760e+00
      vertex -3.133035e+01 -1.800000e+01  1.211109e+01
      vertex -3.113137e+01 -1.800000e+01  1.186863e+01
    endloop
  endfacet
  facet normal  0.000000e+00  1.000000e+00  0.000000e+00
    outer loop
      vertex -4.211109e+01 -1.800000e+01  1.330351e+00
      vertex -4.244822e+01 -1.800000e+01  1.044530e+01
      vertex -4.186863e+01 -1.800000e+01  1.131371e+00
    endloop
  endfacet
  facet normal  0.000000e+00  1.000000e+00  0.000000e+00
    outer loop
      vertex -4.361229e+01 -1.800000e+01  1.478207e+00
      vertex -4.378078e+01 -1.800000e+01  8.611188e+00
      vertex -4.331215e+01 -1.800000e+01  1.569256e+00
    endloop
  endfacet
  facet normal  0.000000e+00  1.000000e+00  0.000000e+00
    outer loop
      vertex -4.388891e+01 -1.800000e+01  1.330351e+00
      vertex -4.378078e+01 -1.800000e+01  8.611188e+00
      vertex -4.361229e+01 -1.800000e+01  1.478207e+00
    endloop
  endfacet
  facet normal  0.000000e+00  1.000000e+00  0.000000e+00
    outer loop
      vertex -4.456926e+01 -1.800000e+01  3.121445e-01
      vertex -4.484511e+01 -1.800000e+01  6.609470e+00
      vertex -4.447821e+01 -1.800000e+01  6.122935e-01
    endloop
  endfacet
  facet normal  0.000000e+00  1.000000e+00  -0.000000e+00
    outer loop
      vertex -4.456926e+01 -1.800000e+01  3.121445e-01
      vertex -4.460000e+01 -1.800000e+01 -1.748215e-14
      vertex -4.484511e+01 -1.800000e+01  6.609470e+00
    endloop
  endfacet
  facet normal  0.000000e+00  1.000000e+00  0.000000e+00
    outer loop
      vertex -3.000000e+01 -1.800000e+01  1.460000e+01
      vertex -3.056712e+01 -1.800000e+01  1.624010e+01
      vertex -2.968785e+01 -1.800000e+01  1.456926e+01
    endloop
  endfacet
  facet normal  0.000000e+00  1.000000e+00  0.000000e+00
    outer loop
      vertex -3.056712e+01 -1.800000e+01  1.624010e+01
      vertex -3.000000e+01 -1.800000e+01  1.460000e+01
      vertex -3.031215e+01 -1.800000e+01  1.456926e+01
    endloop
  endfacet
  facet normal  0.000000e+00  1.000000e+00  0.000000e+00
    outer loop
      vertex -3.061229e+01 -1.800000e+01  1.447821e+01
      vertex -3.056712e+01 -1.800000e+01  1.624010e+01
      vertex -3.031215e+01 -1.800000e+01  1.456926e+01
    endloop
  endfacet
  facet normal  0.000000e+00  1.000000e+00  0.000000e+00
    outer loop
      vertex -1.999550e+01 -1.800000e+01  1.280517e+01
      vertex -1.912663e+01 -1.800000e+01  1.207610e+01
      vertex -1.860000e+01 -1.800000e+01  1.241062e-14
    endloop
  endfacet
  facet normal  0.000000e+00  1.000000e+00  0.000000e+00
    outer loop
      vertex -1.999550e+01 -1.800000e+01  1.280517e+01
      vertex -1.860000e+01 -1.800000e+01  1.241062e-14
      vertex -2.025000e+01 -1.800000e+01 -3.552714e-15
    endloop
  endfacet
  facet normal  0.000000e+00  1.000000e+00  -0.000000e+00
    outer loop
      vertex -1.999550e+01 -1.800000e+01  1.280517e+01
      vertex -2.025000e+01 -1.800000e+01 -3.552714e-15
      vertex -2.028925e+01 -1.800000e+01  8.739833e-01
    endloop
  endfacet
  facet normal  0.000000e+00  1.000000e+00  -0.000000e+00
    outer loop
      vertex -1.999550e+01 -1.800000e+01  1.280517e+01
      vertex -2.028925e+01 -1.800000e+01  8.739833e-01
      vertex -2.040669e+01 -1.800000e+01  1.740930e+00
    endloop
  endfacet
  facet normal  0.000000e+00  1.000000e+00  -0.000000e+00
    outer loop
      vertex -1.999550e+01 -1.800000e+01  1.280517e+01
      vertex -2.040669e+01 -1.800000e+01  1.740930e+00
      vertex -2.060136e+01 -1.800000e+01  2.593859e+00
    endloop
  endfacet
  facet normal  0.000000e+00  1.000000e+00  -0.000000e+00
    outer loop
      vertex -1.999550e+01 -1.800000e+01  1.280517e+01
      vertex -2.060136e+01 -1.800000e+01  2.593859e+00
      vertex -2.087171e+01 -1.800000e+01  3.425905e+00
    endloop
  endfacet
  facet normal  0.000000e+00  1.000000e+00  -0.000000e+00
    outer loop
      vertex -1.999550e+01 -1.800000e+01  1.280517e+01
      vertex -2.087171e+01 -1.800000e+01  3.425905e+00
      vertex -2.121555e+01 -1.800000e+01  4.230366e+00
    endloop
  endfacet
  facet normal  0.000000e+00  1.000000e+00  -0.000000e+00
    outer loop
      vertex -1.999550e+01 -1.800000e+01  1.280517e+01
      vertex -2.121555e+01 -1.800000e+01  4.230366e+00
      vertex -2.163013e+01 -1.800000e+01  5.000768e+00
    endloop
  endfacet
  facet normal  0.000000e+00  9.999999e-01  -0.000000e+00
    outer loop
      vertex -1.999550e+01 -1.800000e+01  1.280517e+01
      vertex -2.163013e+01 -1.800000e+01  5.000768e+00
      vertex -2.211208e+01 -1.800000e+01  5.730906e+00
    endloop
  endfacet
  facet normal  0.000000e+00  1.000000e+00  -0.000000e+00
    outer loop
      vertex -1.999550e+01 -1.800000e+01  1.280517e+01
      vertex -2.211208e+01 -1.800000e+01  5.730906e+00
      vertex -2.265755e+01 -1.800000e+01  6.414903e+00
    endloop
  endfacet
  facet normal  0.000000e+00  1.000000e+00  -0.000000e+00
    outer loop
      vertex -1.999550e+01 -1.800000e+01  1.280517e+01
      vertex -2.265755e+01 -1.800000e+01  6.414903e+00
      vertex -2.840000e+01 -1.800000e+01  1.300000e+01
    endloop
  endfacet
  facet normal  -0.000000e+00  1.000000e+00  0.000000e+00
    outer loop
      vertex -1.999550e+01 -1.800000e+01  1.280517e+01
      vertex -2.840000e+01 -1.800000e+01  1.300000e+01
      vertex -2.091311e+01 -1.800000e+01  1.347186e+01
    endloop
  endfacet
  facet normal  0.000000e+00  1.000000e+00  0.000000e+00
    outer loop
      vertex -4.000450e+01 -1.800000e+01  1.280517e+01
      vertex -3.908688e+01 -1.800000e+01  1.347186e+01
      vertex -3.160000e+01 -1.800000e+01  1.300000e+01
    endloop
  endfacet
  facet normal  0.000000e+00  1.000000e+00  0.000000e+00
    outer loop
      vertex -4.000450e+01 -1.800000e+01  1.280517e+01
      vertex -3.160000e+01 -1.800000e+01  1.300000e+01
      vertex -3.216958e+01 -1.800000e+01  9.505548e+00
    endloop
  endfacet
  facet normal  0.000000e+00  1.000000e+00  0.000000e+00
    outer loop
      vertex -4.000450e+01 -1.800000e+01  1.280517e+01
      vertex -3.216958e+01 -1.800000e+01  9.505548e+00
      vertex -3.301292e+01 -1.800000e+01  9.272801e+00
    endloop
  endfacet
  facet normal  0.000000e+00  1.000000e+00  0.000000e+00
    outer loop
      vertex -4.000450e+01 -1.800000e+01  1.280517e+01
      vertex -3.301292e+01 -1.800000e+01  9.272801e+00
      vertex -3.383199e+01 -1.800000e+01  8.965396e+00
    endloop
  endfacet
  facet normal  0.000000e+00  1.000000e+00  0.000000e+00
    outer loop
      vertex -4.000450e+01 -1.800000e+01  1.280517e+01
      vertex -3.383199e+01 -1.800000e+01  8.965396e+00
      vertex -3.462022e+01 -1.800000e+01  8.585807e+00
    endloop
  endfacet
  facet normal  0.000000e+00  1.000000e+00  0.000000e+00
    outer loop
      vertex -4.000450e+01 -1.800000e+01  1.280517e+01
      vertex -3.462022e+01 -1.800000e+01  8.585807e+00
      vertex -3.537125e+01 -1.800000e+01  8.137089e+00
    endloop
  endfacet
  facet normal  0.000000e+00  9.999999e-01  0.000000e+00
    outer loop
      vertex -4.000450e+01 -1.800000e+01  1.280517e+01
      vertex -3.537125e+01 -1.800000e+01  8.137089e+00
      vertex -3.607903e+01 -1.800000e+01  7.622857e+00
    endloop
  endfacet
  facet normal  0.000000e+00  1.000000e+00  0.000000e+00
    outer loop
      vertex -4.000450e+01 -1.800000e+01  1.280517e+01
      vertex -3.607903e+01 -1.800000e+01  7.622857e+00
      vertex -3.673786e+01 -1.800000e+01  7.047250e+00
    endloop
  endfacet
  facet normal  0.000000e+00  1.000000e+00  0.000000e+00
    outer loop
      vertex -4.000450e+01 -1.800000e+01  1.280517e+01
      vertex -3.673786e+01 -1.800000e+01  7.047250e+00
      vertex -3.734245e+01 -1.800000e+01  6.414903e+00
    endloop
  endfacet
  facet normal  0.000000e+00  1.000000e+00  0.000000e+00
    outer loop
      vertex -4.000450e+01 -1.800000e+01  1.280517e+01
      vertex -3.734245e+01 -1.800000e+01  6.414903e+00
      vertex -3.788792e+01 -1.800000e+01  5.730906e+00
    endloop
  endfacet
  facet normal  0.000000e+00  1.000000e+00  0.000000e+00
    outer loop
      vertex -4.000450e+01 -1.800000e+01  1.280517e+01
      vertex -3.788792e+01 -1.800000e+01  5.730906e+00
      vertex -3.836988e+01 -1.800000e+01  5.000768e+00
    endloop
  endfacet
  facet normal  0.000000e+00  1.000000e+00  0.000000e+00
    outer loop
      vertex -4.000450e+01 -1.800000e+01  1.280517e+01
      vertex -3.836988e+01 -1.800000e+01  5.000768e+00
      vertex -3.878445e+01 -1.800000e+01  4.230366e+00
    endloop
  endfacet
  facet normal  0.000000e+00  1.000000e+00  0.000000e+00
    outer loop
      vertex -4.000450e+01 -1.800000e+01  1.280517e+01
      vertex -3.878445e+01 -1.800000e+01  4.230366e+00
      vertex -3.912829e+01 -1.800000e+01  3.425905e+00
    endloop
  endfacet
  facet normal  0.000000e+00  1.000000e+00  0.000000e+00
    outer loop
      vertex -4.000450e+01 -1.800000e+01  1.280517e+01
      vertex -3.912829e+01 -1.800000e+01  3.425905e+00
      vertex -3.939864e+01 -1.800000e+01  2.593859e+00
    endloop
  endfacet
  facet normal  0.000000e+00  9.999999e-01  0.000000e+00
    outer loop
      vertex -4.000450e+01 -1.800000e+01  1.280517e+01
      vertex -3.939864e+01 -1.800000e+01  2.593859e+00
      vertex -3.959332e+01 -1.800000e+01  1.740930e+00
    endloop
  endfacet
  facet normal  0.000000e+00  9.999999e-01  0.000000e+00
    outer loop
      vertex -4.000450e+01 -1.800000e+01  1.280517e+01
      vertex -3.959332e+01 -1.800000e+01  1.740930e+00
      vertex -3.971075e+01 -1.800000e+01  8.739833e-01
    endloop
  endfacet
  facet normal  0.000000e+00  1.000000e+00  0.000000e+00
    outer loop
      vertex -4.000450e+01 -1.800000e+01  1.280517e+01
      vertex -3.971075e+01 -1.800000e+01  8.739833e-01
      vertex -3.975000e+01 -1.800000e+01 -2.358683e-15
    endloop
  endfacet
  facet normal  0.000000e+00  9.999999e-01  0.000000e+00
    outer loop
      vertex -4.000450e+01 -1.800000e+01  1.280517e+01
      vertex -3.975000e+01 -1.800000e+01 -2.358683e-15
      vertex -4.140000e+01 -1.800000e+01 -1.735944e-14
    endloop
  endfacet
  facet normal  0.000000e+00  1.000000e+00  0.000000e+00
    outer loop
      vertex -4.000450e+01 -1.800000e+01  1.280517e+01
      vertex -4.140000e+01 -1.800000e+01 -1.735944e-14
      vertex -4.087337e+01 -1.800000e+01  1.207610e+01
    endloop
  endfacet
  facet normal  -0.000000e+00  1.000000e+00  0.000000e+00
    outer loop
      vertex -3.160000e+01 -1.800000e+01  1.300000e+01
      vertex -3.908688e+01 -1.800000e+01  1.347186e+01
      vertex -3.812500e+01 -1.800000e+01  1.407291e+01
    endloop
  endfacet
  facet normal  -0.000000e+00  1.000000e+00  0.000000e+00
    outer loop
      vertex -3.160000e+01 -1.800000e+01  1.300000e+01
      vertex -3.812500e+01 -1.800000e+01  1.407291e+01
      vertex -3.712353e+01 -1.800000e+01  1.460540e+01
    endloop
  endfacet
  facet normal  -0.000000e+00  1.000000e+00  0.000000e+00
    outer loop
      vertex -3.160000e+01 -1.800000e+01  1.300000e+01
      vertex -3.712353e+01 -1.800000e+01  1.460540e+01
      vertex -3.608736e+01 -1.800000e+01  1.506674e+01
    endloop
  endfacet
  facet normal  -0.000000e+00  1.000000e+00  0.000000e+00
    outer loop
      vertex -3.160000e+01 -1.800000e+01  1.300000e+01
      vertex -3.608736e+01 -1.800000e+01  1.506674e+01
      vertex -3.502153e+01 -1.800000e+01  1.545467e+01
    endloop
  endfacet
  facet normal  -0.000000e+00  1.000000e+00  0.000000e+00
    outer loop
      vertex -3.160000e+01 -1.800000e+01  1.300000e+01
      vertex -3.502153e+01 -1.800000e+01  1.545467e+01
      vertex -3.393123e+01 -1.800000e+01  1.576731e+01
    endloop
  endfacet
  facet normal  -0.000000e+00  1.000000e+00  0.000000e+00
    outer loop
      vertex -3.160000e+01 -1.800000e+01  1.300000e+01
      vertex -3.393123e+01 -1.800000e+01  1.576731e+01
      vertex -3.282178e+01 -1.800000e+01  1.600313e+01
    endloop
  endfacet
  facet normal  -0.000000e+00  1.000000e+00  0.000000e+00
    outer loop
      vertex -3.160000e+01 -1.800000e+01  1.300000e+01
      vertex -3.282178e+01 -1.800000e+01  1.600313e+01
      vertex -3.169859e+01 -1.800000e+01  1.616098e+01
    endloop
  endfacet
  facet normal  0.000000e+00  1.000000e+00  -0.000000e+00
    outer loop
      vertex -1.999550e+01 -1.800000e+01 -1.280517e+01
      vertex -2.091311e+01 -1.800000e+01 -1.347186e+01
      vertex -2.840000e+01 -1.800000e+01 -1.300000e+01
    endloop
  endfacet
  facet normal  0.000000e+00  1.000000e+00  0.000000e+00
    outer loop
      vertex -1.999550e+01 -1.800000e+01 -1.280517e+01
      vertex -2.840000e+01 -1.800000e+01 -1.300000e+01
      vertex -2.265755e+01 -1.800000e+01 -6.414903e+00
    endloop
  endfacet
  facet normal  -0.000000e+00  1.000000e+00  0.000000e+00
    outer loop
      vertex -1.999550e+01 -1.800000e+01 -1.280517e+01
      vertex -2.265755e+01 -1.800000e+01 -6.414903e+00
      vertex -2.211208e+01 -1.800000e+01 -5.730906e+00
    endloop
  endfacet
  facet normal  -0.000000e+00  9.999999e-01  0.000000e+00
    outer loop
      vertex -1.999550e+01 -1.800000e+01 -1.280517e+01
      vertex -2.211208e+01 -1.800000e+01 -5.730906e+00
      vertex -2.163013e+01 -1.800000e+01 -5.000768e+00
    endloop
  endfacet
  facet normal  -0.000000e+00  1.000000e+00  0.000000e+00
    outer loop
      vertex -1.999550e+01 -1.800000e+01 -1.280517e+01
      vertex -2.163013e+01 -1.800000e+01 -5.000768e+00
      vertex -2.121555e+01 -1.800000e+01 -4.230366e+00
    endloop
  endfacet
  facet normal  -0.000000e+00  1.000000e+00  0.000000e+00
    outer loop
      vertex -1.999550e+01 -1.800000e+01 -1.280517e+01
      vertex -2.121555e+01 -1.800000e+01 -4.230366e+00
      vertex -2.087171e+01 -1.800000e+01 -3.425905e+00
    endloop
  endfacet
  facet normal  -0.000000e+00  9.999999e-01  0.000000e+00
    outer loop
      vertex -1.999550e+01 -1.800000e+01 -1.280517e+01
      vertex -2.087171e+01 -1.800000e+01 -3.425905e+00
      vertex -2.060136e+01 -1.800000e+01 -2.593859e+00
    endloop
  endfacet
  facet normal  -0.000000e+00  1.000000e+00  0.000000e+00
    outer loop
      vertex -1.999550e+01 -1.800000e+01 -1.280517e+01
      vertex -2.060136e+01 -1.800000e+01 -2.593859e+00
      vertex -2.040669e+01 -1.800000e+01 -1.740930e+00
    endloop
  endfacet
  facet normal  -0.000000e+00  1.000000e+00  0.000000e+00
    outer loop
      vertex -1.999550e+01 -1.800000e+01 -1.280517e+01
      vertex -2.040669e+01 -1.800000e+01 -1.740930e+00
      vertex -2.028925e+01 -1.800000e+01 -8.739833e-01
    endloop
  endfacet
  facet normal  -0.000000e+00  1.000000e+00  0.000000e+00
    outer loop
      vertex -1.999550e+01 -1.800000e+01 -1.280517e+01
      vertex -2.028925e+01 -1.800000e+01 -8.739833e-01
      vertex -2.025000e+01 -1.800000e+01 -3.552714e-15
    endloop
  endfacet
  facet normal  -0.000000e+00  1.000000e+00  0.000000e+00
    outer loop
      vertex -1.999550e+01 -1.800000e+01 -1.280517e+01
      vertex -2.025000e+01 -1.800000e+01 -3.552714e-15
      vertex -1.860000e+01 -1.800000e+01  1.241062e-14
    endloop
  endfacet
  facet normal  0.000000e+00  1.000000e+00  0.000000e+00
    outer loop
      vertex -1.999550e+01 -1.800000e+01 -1.280517e+01
      vertex -1.860000e+01 -1.800000e+01  1.241062e-14
      vertex -1.912663e+01 -1.800000e+01 -1.207610e+01
    endloop
  endfacet
  facet normal  -0.000000e+00  1.000000e+00  -0.000000e+00
    outer loop
      vertex -3.169859e+01 -1.800000e+01 -1.616098e+01
      vertex -3.282178e+01 -1.800000e+01 -1.600313e+01
      vertex -3.393123e+01 -1.800000e+01 -1.576731e+01
    endloop
  endfacet
  facet normal  -0.000000e+00  1.000000e+00  -0.000000e+00
    outer loop
      vertex -3.169859e+01 -1.800000e+01 -1.616098e+01
      vertex -3.393123e+01 -1.800000e+01 -1.576731e+01
      vertex -3.502153e+01 -1.800000e+01 -1.545467e+01
    endloop
  endfacet
  facet normal  -0.000000e+00  1.000000e+00  -0.000000e+00
    outer loop
      vertex -3.169859e+01 -1.800000e+01 -1.616098e+01
      vertex -3.502153e+01 -1.800000e+01 -1.545467e+01
      vertex -3.608736e+01 -1.800000e+01 -1.506674e+01
    endloop
  endfacet
  facet normal  -0.000000e+00  1.000000e+00  -0.000000e+00
    outer loop
      vertex -3.169859e+01 -1.800000e+01 -1.616098e+01
      vertex -3.608736e+01 -1.800000e+01 -1.506674e+01
      vertex -3.712353e+01 -1.800000e+01 -1.460540e+01
    endloop
  endfacet
  facet normal  -0.000000e+00  1.000000e+00  -0.000000e+00
    outer loop
      vertex -3.169859e+01 -1.800000e+01 -1.616098e+01
      vertex -3.712353e+01 -1.800000e+01 -1.460540e+01
      vertex -3.812500e+01 -1.800000e+01 -1.407291e+01
    endloop
  endfacet
  facet normal  -0.000000e+00  9.999999e-01  -0.000000e+00
    outer loop
      vertex -3.169859e+01 -1.800000e+01 -1.616098e+01
      vertex -3.812500e+01 -1.800000e+01 -1.407291e+01
      vertex -3.908688e+01 -1.800000e+01 -1.347186e+01
    endloop
  endfacet
  facet normal  -0.000000e+00  1.000000e+00  0.000000e+00
    outer loop
      vertex -3.169859e+01 -1.800000e+01 -1.616098e+01
      vertex -3.908688e+01 -1.800000e+01 -1.347186e+01
      vertex -3.160000e+01 -1.800000e+01 -1.300000e+01
    endloop
  endfacet
  facet normal  0.000000e+00  1.000000e+00  0.000000e+00
    outer loop
      vertex -3.169859e+01 -1.800000e+01 -1.616098e+01
      vertex -3.160000e+01 -1.800000e+01 -1.300000e+01
      vertex -3.156926e+01 -1.800000e+01 -1.331214e+01
    endloop
  endfacet
  facet normal  0.000000e+00  1.000000e+00  0.000000e+00
    outer loop
      vertex -3.169859e+01 -1.800000e+01 -1.616098e+01
      vertex -3.156926e+01 -1.800000e+01 -1.331214e+01
      vertex -3.147821e+01 -1.800000e+01 -1.361229e+01
    endloop
  endfacet
  facet normal  0.000000e+00  9.999999e-01  0.000000e+00
    outer loop
      vertex -3.169859e+01 -1.800000e+01 -1.616098e+01
      vertex -3.147821e+01 -1.800000e+01 -1.361229e+01
      vertex -3.133035e+01 -1.800000e+01 -1.388891e+01
    endloop
  endfacet
  facet normal  0.000000e+00  1.000000e+00  0.000000e+00
    outer loop
      vertex -3.169859e+01 -1.800000e+01 -1.616098e+01
      vertex -3.133035e+01 -1.800000e+01 -1.388891e+01
      vertex -3.113137e+01 -1.800000e+01 -1.413137e+01
    endloop
  endfacet
  facet normal  0.000000e+00  1.000000e+00  0.000000e+00
    outer loop
      vertex -3.169859e+01 -1.800000e+01 -1.616098e+01
      vertex -3.113137e+01 -1.800000e+01 -1.413137e+01
      vertex -3.088891e+01 -1.800000e+01 -1.433035e+01
    endloop
  endfacet
  facet normal  0.000000e+00  1.000000e+00  0.000000e+00
    outer loop
      vertex -3.169859e+01 -1.800000e+01 -1.616098e+01
      vertex -3.088891e+01 -1.800000e+01 -1.433035e+01
      vertex -3.061229e+01 -1.800000e+01 -1.447821e+01
    endloop
  endfacet
  facet normal  0.000000e+00  1.000000e+00  0.000000e+00
    outer loop
      vertex -3.169859e+01 -1.800000e+01 -1.616098e+01
      vertex -3.061229e+01 -1.800000e+01 -1.447821e+01
      vertex -3.056712e+01 -1.800000e+01 -1.624010e+01
    endloop
  endfacet
  facet normal  -0.000000e+00  1.000000e+00  -0.000000e+00
    outer loop
      vertex -4.000450e+01 -1.800000e+01 -1.280517e+01
      vertex -4.087337e+01 -1.800000e+01 -1.207610e+01
      vertex -4.140000e+01 -1.800000e+01 -1.735944e-14
    endloop
  endfacet
  facet normal  -0.000000e+00  9.999999e-01  0.000000e+00
    outer loop
      vertex -4.000450e+01 -1.800000e+01 -1.280517e+01
      vertex -4.140000e+01 -1.800000e+01 -1.735944e-14
      vertex -3.975000e+01 -1.800000e+01 -2.358683e-15
    endloop
  endfacet
  facet normal  0.000000e+00  1.000000e+00  0.000000e+00
    outer loop
      vertex -4.000450e+01 -1.800000e+01 -1.280517e+01
      vertex -3.975000e+01 -1.800000e+01 -2.358683e-15
      vertex -3.971075e+01 -1.800000e+01 -8.739833e-01
    endloop
  endfacet
  facet normal  0.000000e+00  9.999999e-01  0.000000e+00
    outer loop
      vertex -4.000450e+01 -1.800000e+01 -1.280517e+01
      vertex -3.971075e+01 -1.800000e+01 -8.739833e-01
      vertex -3.959332e+01 -1.800000e+01 -1.740930e+00
    endloop
  endfacet
  facet normal  0.000000e+00  1.000000e+00  0.000000e+00
    outer loop
      vertex -4.000450e+01 -1.800000e+01 -1.280517e+01
      vertex -3.959332e+01 -1.800000e+01 -1.740930e+00
      vertex -3.939864e+01 -1.800000e+01 -2.593859e+00
    endloop
  endfacet
  facet normal  0.000000e+00  1.000000e+00  0.000000e+00
    outer loop
      vertex -4.000450e+01 -1.800000e+01 -1.280517e+01
      vertex -3.939864e+01 -1.800000e+01 -2.593859e+00
      vertex -3.912829e+01 -1.800000e+01 -3.425905e+00
    endloop
  endfacet
  facet normal  0.000000e+00  9.999999e-01  0.000000e+00
    outer loop
      vertex -4.000450e+01 -1.800000e+01 -1.280517e+01
      vertex -3.912829e+01 -1.800000e+01 -3.425905e+00
      vertex -3.878445e+01 -1.800000e+01 -4.230366e+00
    endloop
  endfacet
  facet normal  0.000000e+00  1.000000e+00  0.000000e+00
    outer loop
      vertex -4.000450e+01 -1.800000e+01 -1.280517e+01
      vertex -3.878445e+01 -1.800000e+01 -4.230366e+00
      vertex -3.836988e+01 -1.800000e+01 -5.000768e+00
    endloop
  endfacet
  facet normal  0.000000e+00  1.000000e+00  0.000000e+00
    outer loop
      vertex -4.000450e+01 -1.800000e+01 -1.280517e+01
      vertex -3.836988e+01 -1.800000e+01 -5.000768e+00
      vertex -3.788792e+01 -1.800000e+01 -5.730906e+00
    endloop
  endfacet
  facet normal  0.000000e+00  1.000000e+00  0.000000e+00
    outer loop
      vertex -4.000450e+01 -1.800000e+01 -1.280517e+01
      vertex -3.788792e+01 -1.800000e+01 -5.730906e+00
      vertex -3.734245e+01 -1.800000e+01 -6.414903e+00
    endloop
  endfacet
  facet normal  0.000000e+00  1.000000e+00  0.000000e+00
    outer loop
      vertex -4.000450e+01 -1.800000e+01 -1.280517e+01
      vertex -3.734245e+01 -1.800000e+01 -6.414903e+00
      vertex -3.673786e+01 -1.800000e+01 -7.047250e+00
    endloop
  endfacet
  facet normal  0.000000e+00  1.000000e+00  0.000000e+00
    outer loop
      vertex -4.000450e+01 -1.800000e+01 -1.280517e+01
      vertex -3.673786e+01 -1.800000e+01 -7.047250e+00
      vertex -3.607903e+01 -1.800000e+01 -7.622857e+00
    endloop
  endfacet
  facet normal  0.000000e+00  9.999999e-01  0.000000e+00
    outer loop
      vertex -4.000450e+01 -1.800000e+01 -1.280517e+01
      vertex -3.607903e+01 -1.800000e+01 -7.622857e+00
      vertex -3.537125e+01 -1.800000e+01 -8.137089e+00
    endloop
  endfacet
  facet normal  0.000000e+00  1.000000e+00  0.000000e+00
    outer loop
      vertex -4.000450e+01 -1.800000e+01 -1.280517e+01
      vertex -3.537125e+01 -1.800000e+01 -8.137089e+00
      vertex -3.462022e+01 -1.800000e+01 -8.585807e+00
    endloop
  endfacet
  facet normal  0.000000e+00  1.000000e+00  0.000000e+00
    outer loop
      vertex -4.000450e+01 -1.800000e+01 -1.280517e+01
      vertex -3.462022e+01 -1.800000e+01 -8.585807e+00
      vertex -3.383199e+01 -1.800000e+01 -8.965396e+00
    endloop
  endfacet
  facet normal  0.000000e+00  1.000000e+00  0.000000e+00
    outer loop
      vertex -4.000450e+01 -1.800000e+01 -1.280517e+01
      vertex -3.383199e+01 -1.800000e+01 -8.965396e+00
      vertex -3.301292e+01 -1.800000e+01 -9.272801e+00
    endloop
  endfacet
  facet normal  0.000000e+00  1.000000e+00  0.000000e+00
    outer loop
      vertex -4.000450e+01 -1.800000e+01 -1.280517e+01
      vertex -3.301292e+01 -1.800000e+01 -9.272801e+00
      vertex -3.216958e+01 -1.800000e+01 -9.505548e+00
    endloop
  endfacet
  facet normal  0.000000e+00  1.000000e+00  0.000000e+00
    outer loop
      vertex -4.000450e+01 -1.800000e+01 -1.280517e+01
      vertex -3.216958e+01 -1.800000e+01 -9.505548e+00
      vertex -3.160000e+01 -1.800000e+01 -1.300000e+01
    endloop
  endfacet
  facet normal  0.000000e+00  1.000000e+00  0.000000e+00
    outer loop
      vertex -4.000450e+01 -1.800000e+01 -1.280517e+01
      vertex -3.160000e+01 -1.800000e+01 -1.300000e+01
      vertex -3.908688e+01 -1.800000e+01 -1.347186e+01
    endloop
  endfacet
  facet normal  0.000000e+00  1.000000e+00  0.000000e+00
    outer loop
      vertex -2.840000e+01 -1.800000e+01 -1.300000e+01
      vertex -2.091311e+01 -1.800000e+01 -1.347186e+01
      vertex -2.187500e+01 -1.800000e+01 -1.407291e+01
    endloop
  endfacet
  facet normal  0.000000e+00  1.000000e+00  0.000000e+00
    outer loop
      vertex -2.840000e+01 -1.800000e+01 -1.300000e+01
      vertex -2.187500e+01 -1.800000e+01 -1.407291e+01
      vertex -2.287647e+01 -1.800000e+01 -1.460540e+01
    endloop
  endfacet
  facet normal  0.000000e+00  1.000000e+00  0.000000e+00
    outer loop
      vertex -2.840000e+01 -1.800000e+01 -1.300000e+01
      vertex -2.287647e+01 -1.800000e+01 -1.460540e+01
      vertex -2.391264e+01 -1.800000e+01 -1.506674e+01
    endloop
  endfacet
  facet normal  0.000000e+00  1.000000e+00  0.000000e+00
    outer loop
      vertex -2.840000e+01 -1.800000e+01 -1.300000e+01
      vertex -2.391264e+01 -1.800000e+01 -1.506674e+01
      vertex -2.497847e+01 -1.800000e+01 -1.545467e+01
    endloop
  endfacet
  facet normal  0.000000e+00  1.000000e+00  0.000000e+00
    outer loop
      vertex -2.840000e+01 -1.800000e+01 -1.300000e+01
      vertex -2.497847e+01 -1.800000e+01 -1.545467e+01
      vertex -2.606877e+01 -1.800000e+01 -1.576731e+01
    endloop
  endfacet
  facet normal  0.000000e+00  1.000000e+00  0.000000e+00
    outer loop
      vertex -2.840000e+01 -1.800000e+01 -1.300000e+01
      vertex -2.606877e+01 -1.800000e+01 -1.576731e+01
      vertex -2.717822e+01 -1.800000e+01 -1.600313e+01
    endloop
  endfacet
  facet normal  0.000000e+00  1.000000e+00  0.000000e+00
    outer loop
      vertex -2.840000e+01 -1.800000e+01 -1.300000e+01
      vertex -2.717822e+01 -1.800000e+01 -1.600313e+01
      vertex -2.830141e+01 -1.800000e+01 -1.616098e+01
    endloop
  endfacet
  facet normal  0.000000e+00  1.000000e+00  0.000000e+00
    outer loop
      vertex -2.840000e+01 -1.800000e+01 -1.300000e+01
      vertex -2.830141e+01 -1.800000e+01 -1.616098e+01
      vertex -2.843074e+01 -1.800000e+01 -1.331214e+01
    endloop
  endfacet
  facet normal  0.000000e+00  9.999999e-01  0.000000e+00
    outer loop
      vertex -2.943288e+01 -1.800000e+01 -1.624010e+01
      vertex -3.056712e+01 -1.800000e+01 -1.624010e+01
      vertex -2.968785e+01 -1.800000e+01 -1.456926e+01
    endloop
  endfacet
  facet normal  -0.000000e+00  1.000000e+00  0.000000e+00
    outer loop
      vertex -2.943288e+01 -1.800000e+01 -1.624010e+01
      vertex -2.968785e+01 -1.800000e+01 -1.456926e+01
      vertex -2.938771e+01 -1.800000e+01 -1.447821e+01
    endloop
  endfacet
  facet normal  -0.000000e+00  1.000000e+00  0.000000e+00
    outer loop
      vertex -2.943288e+01 -1.800000e+01 -1.624010e+01
      vertex -2.938771e+01 -1.800000e+01 -1.447821e+01
      vertex -2.911109e+01 -1.800000e+01 -1.433035e+01
    endloop
  endfacet
  facet normal  -0.000000e+00  1.000000e+00  0.000000e+00
    outer loop
      vertex -2.943288e+01 -1.800000e+01 -1.624010e+01
      vertex -2.911109e+01 -1.800000e+01 -1.433035e+01
      vertex -2.886863e+01 -1.800000e+01 -1.413137e+01
    endloop
  endfacet
  facet normal  -0.000000e+00  1.000000e+00  0.000000e+00
    outer loop
      vertex -2.943288e+01 -1.800000e+01 -1.624010e+01
      vertex -2.886863e+01 -1.800000e+01 -1.413137e+01
      vertex -2.866965e+01 -1.800000e+01 -1.388891e+01
    endloop
  endfacet
  facet normal  -0.000000e+00  1.000000e+00  0.000000e+00
    outer loop
      vertex -2.943288e+01 -1.800000e+01 -1.624010e+01
      vertex -2.866965e+01 -1.800000e+01 -1.388891e+01
      vertex -2.852179e+01 -1.800000e+01 -1.361229e+01
    endloop
  endfacet
  facet normal  0.000000e+00  1.000000e+00  0.000000e+00
    outer loop
      vertex -2.943288e+01 -1.800000e+01 -1.624010e+01
      vertex -2.852179e+01 -1.800000e+01 -1.361229e+01
      vertex -2.830141e+01 -1.800000e+01 -1.616098e+01
    endloop
  endfacet
  facet normal  0.000000e+00  9.999999e-01  0.000000e+00
    outer loop
      vertex -1.540000e+01 -1.800000e+01  1.143091e-14
      vertex -1.515489e+01 -1.800000e+01  6.609470e+00
      vertex -1.472999e+01 -1.800000e+01  5.557827e+00
    endloop
  endfacet
  facet normal  0.000000e+00  1.000000e+00  0.000000e+00
    outer loop
      vertex -1.540000e+01 -1.800000e+01  1.143091e-14
      vertex -1.472999e+01 -1.800000e+01  5.557827e+00
      vertex -1.437950e+01 -1.800000e+01  4.479107e+00
    endloop
  endfacet
  facet normal  0.000000e+00  1.000000e+00  0.000000e+00
    outer loop
      vertex -1.540000e+01 -1.800000e+01  1.143091e-14
      vertex -1.437950e+01 -1.800000e+01  4.479107e+00
      vertex -1.410510e+01 -1.800000e+01  3.378565e+00
    endloop
  endfacet
  facet normal  0.000000e+00  1.000000e+00  0.000000e+00
    outer loop
      vertex -1.540000e+01 -1.800000e+01  1.143091e-14
      vertex -1.410510e+01 -1.800000e+01  3.378565e+00
      vertex -1.390814e+01 -1.800000e+01  2.261563e+00
    endloop
  endfacet
  facet normal  0.000000e+00  9.999999e-01  0.000000e+00
    outer loop
      vertex -1.540000e+01 -1.800000e+01  1.143091e-14
      vertex -1.390814e+01 -1.800000e+01  2.261563e+00
      vertex -1.378958e+01 -1.800000e+01  1.133543e+00
    endloop
  endfacet
  facet normal  0.000000e+00  9.999999e-01  0.000000e+00
    outer loop
      vertex -1.540000e+01 -1.800000e+01  1.143091e-14
      vertex -1.378958e+01 -1.800000e+01  1.133543e+00
      vertex -1.375000e+01 -1.800000e+01  0.000000e+00
    endloop
  endfacet
  facet normal  0.000000e+00  9.999999e-01  0.000000e+00
    outer loop
      vertex -1.540000e+01 -1.800000e+01  1.143091e-14
      vertex -1.375000e+01 -1.800000e+01  0.000000e+00
      vertex -1.378958e+01 -1.800000e+01 -1.133543e+00
    endloop
  endfacet
  facet normal  0.000000e+00  9.999999e-01  0.000000e+00
    outer loop
      vertex -1.540000e+01 -1.800000e+01  1.143091e-14
      vertex -1.378958e+01 -1.800000e+01 -1.133543e+00
      vertex -1.390814e+01 -1.800000e+01 -2.261563e+00
    endloop
  endfacet
  facet normal  0.000000e+00  1.000000e+00  0.000000e+00
    outer loop
      vertex -1.540000e+01 -1.800000e+01  1.143091e-14
      vertex -1.390814e+01 -1.800000e+01 -2.261563e+00
      vertex -1.410510e+01 -1.800000e+01 -3.378565e+00
    endloop
  endfacet
  facet normal  0.000000e+00  1.000000e+00  0.000000e+00
    outer loop
      vertex -1.540000e+01 -1.800000e+01  1.143091e-14
      vertex -1.410510e+01 -1.800000e+01 -3.378565e+00
      vertex -1.437950e+01 -1.800000e+01 -4.479107e+00
    endloop
  endfacet
  facet normal  0.000000e+00  1.000000e+00  0.000000e+00
    outer loop
      vertex -1.540000e+01 -1.800000e+01  1.143091e-14
      vertex -1.437950e+01 -1.800000e+01 -4.479107e+00
      vertex -1.472999e+01 -1.800000e+01 -5.557827e+00
    endloop
  endfacet
  facet normal  0.000000e+00  9.999999e-01  0.000000e+00
    outer loop
      vertex -1.540000e+01 -1.800000e+01  1.143091e-14
      vertex -1.472999e+01 -1.800000e+01 -5.557827e+00
      vertex -1.515489e+01 -1.800000e+01 -6.609470e+00
    endloop
  endfacet
  facet normal  0.000000e+00  1.000000e+00  0.000000e+00
    outer loop
      vertex -1.540000e+01 -1.800000e+01  1.143091e-14
      vertex -1.515489e+01 -1.800000e+01 -6.609470e+00
      vertex -1.565210e+01 -1.800000e+01 -7.628913e+00
    endloop
  endfacet
  facet normal  0.000000e+00  1.000000e+00  0.000000e+00
    outer loop
      vertex -1.540000e+01 -1.800000e+01  1.143091e-14
      vertex -1.565210e+01 -1.800000e+01 -7.628913e+00
      vertex -1.543074e+01 -1.800000e+01 -3.121445e-01
    endloop
  endfacet
  facet normal  -0.000000e+00  1.000000e+00  0.000000e+00
    outer loop
      vertex -2.840000e+01 -1.800000e+01 -1.300000e+01
      vertex -2.843074e+01 -1.800000e+01 -1.268786e+01
      vertex -2.783042e+01 -1.800000e+01 -9.505548e+00
    endloop
  endfacet
  facet normal  -0.000000e+00  1.000000e+00  0.000000e+00
    outer loop
      vertex -2.840000e+01 -1.800000e+01 -1.300000e+01
      vertex -2.783042e+01 -1.800000e+01 -9.505548e+00
      vertex -2.698708e+01 -1.800000e+01 -9.272801e+00
    endloop
  endfacet
  facet normal  -0.000000e+00  1.000000e+00  0.000000e+00
    outer loop
      vertex -2.840000e+01 -1.800000e+01 -1.300000e+01
      vertex -2.698708e+01 -1.800000e+01 -9.272801e+00
      vertex -2.616800e+01 -1.800000e+01 -8.965396e+00
    endloop
  endfacet
  facet normal  -0.000000e+00  1.000000e+00  0.000000e+00
    outer loop
      vertex -2.840000e+01 -1.800000e+01 -1.300000e+01
      vertex -2.616800e+01 -1.800000e+01 -8.965396e+00
      vertex -2.537978e+01 -1.800000e+01 -8.585807e+00
    endloop
  endfacet
  facet normal  -0.000000e+00  1.000000e+00  0.000000e+00
    outer loop
      vertex -2.840000e+01 -1.800000e+01 -1.300000e+01
      vertex -2.537978e+01 -1.800000e+01 -8.585807e+00
      vertex -2.462875e+01 -1.800000e+01 -8.137089e+00
    endloop
  endfacet
  facet normal  -0.000000e+00  1.000000e+00  0.000000e+00
    outer loop
      vertex -2.840000e+01 -1.800000e+01 -1.300000e+01
      vertex -2.462875e+01 -1.800000e+01 -8.137089e+00
      vertex -2.392097e+01 -1.800000e+01 -7.622857e+00
    endloop
  endfacet
  facet normal  -0.000000e+00  1.000000e+00  0.000000e+00
    outer loop
      vertex -2.840000e+01 -1.800000e+01 -1.300000e+01
      vertex -2.392097e+01 -1.800000e+01 -7.622857e+00
      vertex -2.326214e+01 -1.800000e+01 -7.047250e+00
    endloop
  endfacet
  facet normal  -0.000000e+00  1.000000e+00  0.000000e+00
    outer loop
      vertex -2.840000e+01 -1.800000e+01 -1.300000e+01
      vertex -2.326214e+01 -1.800000e+01 -7.047250e+00
      vertex -2.265755e+01 -1.800000e+01 -6.414903e+00
    endloop
  endfacet
  facet normal  0.000000e+00  1.000000e+00  0.000000e+00
    outer loop
      vertex -1.912663e+01 -1.800000e+01 -1.207610e+01
      vertex -1.860000e+01 -1.800000e+01  1.241062e-14
      vertex -1.856926e+01 -1.800000e+01 -3.121445e-01
    endloop
  endfacet
  facet normal  0.000000e+00  1.000000e+00  0.000000e+00
    outer loop
      vertex -1.912663e+01 -1.800000e+01 -1.207610e+01
      vertex -1.856926e+01 -1.800000e+01 -3.121445e-01
      vertex -1.847821e+01 -1.800000e+01 -6.122935e-01
    endloop
  endfacet
  facet normal  0.000000e+00  1.000000e+00  0.000000e+00
    outer loop
      vertex -1.912663e+01 -1.800000e+01 -1.207610e+01
      vertex -1.847821e+01 -1.800000e+01 -6.122935e-01
      vertex -1.833035e+01 -1.800000e+01 -8.889124e-01
    endloop
  endfacet
  facet normal  0.000000e+00  1.000000e+00  0.000000e+00
    outer loop
      vertex -1.912663e+01 -1.800000e+01 -1.207610e+01
      vertex -1.833035e+01 -1.800000e+01 -8.889124e-01
      vertex -1.831073e+01 -1.800000e+01 -1.128820e+01
    endloop
  endfacet
  facet normal  0.000000e+00  1.000000e+00  0.000000e+00
    outer loop
      vertex -3.043743e+01 -1.800000e+01 -9.740182e+00
      vertex -2.956257e+01 -1.800000e+01 -9.740182e+00
      vertex -2.968785e+01 -1.800000e+01 -1.143074e+01
    endloop
  endfacet
  facet normal  0.000000e+00  1.000000e+00  0.000000e+00
    outer loop
      vertex -3.043743e+01 -1.800000e+01 -9.740182e+00
      vertex -2.968785e+01 -1.800000e+01 -1.143074e+01
      vertex -3.000000e+01 -1.800000e+01 -1.140000e+01
    endloop
  endfacet
  facet normal  0.000000e+00  1.000000e+00  0.000000e+00
    outer loop
      vertex -3.043743e+01 -1.800000e+01 -9.740182e+00
      vertex -3.000000e+01 -1.800000e+01 -1.140000e+01
      vertex -3.031215e+01 -1.800000e+01 -1.143074e+01
    endloop
  endfacet
  facet normal  0.000000e+00  1.000000e+00  0.000000e+00
    outer loop
      vertex -3.043743e+01 -1.800000e+01 -9.740182e+00
      vertex -3.031215e+01 -1.800000e+01 -1.143074e+01
      vertex -3.061229e+01 -1.800000e+01 -1.152179e+01
    endloop
  endfacet
  facet normal  0.000000e+00  1.000000e+00  -0.000000e+00
    outer loop
      vertex -3.043743e+01 -1.800000e+01 -9.740182e+00
      vertex -3.061229e+01 -1.800000e+01 -1.152179e+01
      vertex -3.130877e+01 -1.800000e+01 -9.661760e+00
    endloop
  endfacet
  facet normal  0.000000e+00  1.000000e+00  0.000000e+00
    outer loop
      vertex -3.216958e+01 -1.800000e+01 -9.505548e+00
      vertex -3.130877e+01 -1.800000e+01 -9.661760e+00
      vertex -3.133035e+01 -1.800000e+01 -1.211109e+01
    endloop
  endfacet
  facet normal  0.000000e+00  1.000000e+00  0.000000e+00
    outer loop
      vertex -3.216958e+01 -1.800000e+01 -9.505548e+00
      vertex -3.133035e+01 -1.800000e+01 -1.211109e+01
      vertex -3.147821e+01 -1.800000e+01 -1.238771e+01
    endloop
  endfacet
  facet normal  0.000000e+00  1.000000e+00  0.000000e+00
    outer loop
      vertex -3.216958e+01 -1.800000e+01 -9.505548e+00
      vertex -3.147821e+01 -1.800000e+01 -1.238771e+01
      vertex -3.156926e+01 -1.800000e+01 -1.268786e+01
    endloop
  endfacet
  facet normal  0.000000e+00  1.000000e+00  0.000000e+00
    outer loop
      vertex -3.216958e+01 -1.800000e+01 -9.505548e+00
      vertex -3.156926e+01 -1.800000e+01 -1.268786e+01
      vertex -3.160000e+01 -1.800000e+01 -1.300000e+01
    endloop
  endfacet
  facet normal  -0.000000e+00  9.999999e-01  0.000000e+00
    outer loop
      vertex -4.168927e+01 -1.800000e+01 -1.128820e+01
      vertex -4.244822e+01 -1.800000e+01 -1.044530e+01
      vertex -4.186863e+01 -1.800000e+01 -1.131371e+00
    endloop
  endfacet
  facet normal  -0.000000e+00  1.000000e+00  0.000000e+00
    outer loop
      vertex -4.168927e+01 -1.800000e+01 -1.128820e+01
      vertex -4.186863e+01 -1.800000e+01 -1.131371e+00
      vertex -4.166965e+01 -1.800000e+01 -8.889124e-01
    endloop
  endfacet
  facet normal  -0.000000e+00  1.000000e+00  0.000000e+00
    outer loop
      vertex -4.168927e+01 -1.800000e+01 -1.128820e+01
      vertex -4.166965e+01 -1.800000e+01 -8.889124e-01
      vertex -4.152179e+01 -1.800000e+01 -6.122935e-01
    endloop
  endfacet
  facet normal  -0.000000e+00  1.000000e+00  0.000000e+00
    outer loop
      vertex -4.168927e+01 -1.800000e+01 -1.128820e+01
      vertex -4.152179e+01 -1.800000e+01 -6.122935e-01
      vertex -4.143074e+01 -1.800000e+01 -3.121445e-01
    endloop
  endfacet
  facet normal  -0.000000e+00  1.000000e+00  0.000000e+00
    outer loop
      vertex -4.168927e+01 -1.800000e+01 -1.128820e+01
      vertex -4.143074e+01 -1.800000e+01 -3.121445e-01
      vertex -4.140000e+01 -1.800000e+01 -1.735944e-14
    endloop
  endfacet
  facet normal  0.000000e+00  1.000000e+00  0.000000e+00
    outer loop
      vertex -4.168927e+01 -1.800000e+01 -1.128820e+01
      vertex -4.140000e+01 -1.800000e+01 -1.735944e-14
      vertex -4.087337e+01 -1.800000e+01 -1.207610e+01
    endloop
  endfacet
  facet normal  -0.000000e+00  1.000000e+00  0.000000e+00
    outer loop
      vertex -4.625000e+01 -1.800000e+01  1.990051e-15
      vertex -4.621041e+01 -1.800000e+01  1.133543e+00
      vertex -4.609186e+01 -1.800000e+01  2.261563e+00
    endloop
  endfacet
  facet normal  -0.000000e+00  1.000000e+00  0.000000e+00
    outer loop
      vertex -4.625000e+01 -1.800000e+01  1.990051e-15
      vertex -4.609186e+01 -1.800000e+01  2.261563e+00
      vertex -4.589490e+01 -1.800000e+01  3.378565e+00
    endloop
  endfacet
  facet normal  -0.000000e+00  1.000000e+00  0.000000e+00
    outer loop
      vertex -4.625000e+01 -1.800000e+01  1.990051e-15
      vertex -4.589490e+01 -1.800000e+01  3.378565e+00
      vertex -4.562050e+01 -1.800000e+01  4.479107e+00
    endloop
  endfacet
  facet normal  -0.000000e+00  1.000000e+00  0.000000e+00
    outer loop
      vertex -4.625000e+01 -1.800000e+01  1.990051e-15
      vertex -4.562050e+01 -1.800000e+01  4.479107e+00
      vertex -4.527000e+01 -1.800000e+01  5.557827e+00
    endloop
  endfacet
  facet normal  -0.000000e+00  1.000000e+00  0.000000e+00
    outer loop
      vertex -4.625000e+01 -1.800000e+01  1.990051e-15
      vertex -4.527000e+01 -1.800000e+01  5.557827e+00
      vertex -4.484511e+01 -1.800000e+01  6.609470e+00
    endloop
  endfacet
  facet normal  0.000000e+00  1.000000e+00  0.000000e+00
    outer loop
      vertex -4.625000e+01 -1.800000e+01  1.990051e-15
      vertex -4.484511e+01 -1.800000e+01  6.609470e+00
      vertex -4.460000e+01 -1.800000e+01 -1.748215e-14
    endloop
  endfacet
  facet normal  0.000000e+00  1.000000e+00  0.000000e+00
    outer loop
      vertex -4.625000e+01 -1.800000e+01  1.990051e-15
      vertex -4.460000e+01 -1.800000e+01 -1.748215e-14
      vertex -4.484511e+01 -1.800000e+01 -6.609470e+00
    endloop
  endfacet
  facet normal  0.000000e+00  1.000000e+00  0.000000e+00
    outer loop
      vertex -4.625000e+01 -1.800000e+01  1.990051e-15
      vertex -4.484511e+01 -1.800000e+01 -6.609470e+00
      vertex -4.527000e+01 -1.800000e+01 -5.557827e+00
    endloop
  endfacet
  facet normal  0.000000e+00  9.999999e-01  0.000000e+00
    outer loop
      vertex -4.625000e+01 -1.800000e+01  1.990051e-15
      vertex -4.527000e+01 -1.800000e+01 -5.557827e+00
      vertex -4.562050e+01 -1.800000e+01 -4.479107e+00
    endloop
  endfacet
  facet normal  0.000000e+00  1.000000e+00  0.000000e+00
    outer loop
      vertex -4.625000e+01 -1.800000e+01  1.990051e-15
      vertex -4.562050e+01 -1.800000e+01 -4.479107e+00
      vertex -4.589490e+01 -1.800000e+01 -3.378565e+00
    endloop
  endfacet
  facet normal  0.000000e+00  1.000000e+00  0.000000e+00
    outer loop
      vertex -4.625000e+01 -1.800000e+01  1.990051e-15
      vertex -4.589490e+01 -1.800000e+01 -3.378565e+00
      vertex -4.609186e+01 -1.800000e+01 -2.261563e+00
    endloop
  endfacet
  facet normal  0.000000e+00  1.000000e+00  0.000000e+00
    outer loop
      vertex -4.625000e+01 -1.800000e+01  1.990051e-15
      vertex -4.609186e+01 -1.800000e+01 -2.261563e+00
      vertex -4.621041e+01 -1.800000e+01 -1.133543e+00
    endloop
  endfacet
  facet normal  0.000000e+00  1.000000e+00  0.000000e+00
    outer loop
      vertex -1.565210e+01 -1.800000e+01  7.628913e+00
      vertex -1.515489e+01 -1.800000e+01  6.609470e+00
      vertex -1.540000e+01 -1.800000e+01  1.143091e-14
    endloop
  endfacet
  facet normal  0.000000e+00  9.999999e-01  0.000000e+00
    outer loop
      vertex -1.565210e+01 -1.800000e+01  7.628913e+00
      vertex -1.540000e+01 -1.800000e+01  1.143091e-14
      vertex -1.543074e+01 -1.800000e+01  3.121445e-01
    endloop
  endfacet
  facet normal  0.000000e+00  1.000000e+00  0.000000e+00
    outer loop
      vertex -1.565210e+01 -1.800000e+01  7.628913e+00
      vertex -1.543074e+01 -1.800000e+01  3.121445e-01
      vertex -1.552179e+01 -1.800000e+01  6.122935e-01
    endloop
  endfacet
  facet normal  0.000000e+00  1.000000e+00  0.000000e+00
    outer loop
      vertex -1.565210e+01 -1.800000e+01  7.628913e+00
      vertex -1.552179e+01 -1.800000e+01  6.122935e-01
      vertex -1.566965e+01 -1.800000e+01  8.889124e-01
    endloop
  endfacet
  facet normal  0.000000e+00  9.999999e-01  0.000000e+00
    outer loop
      vertex -1.621922e+01 -1.800000e+01  8.611188e+00
      vertex -1.565210e+01 -1.800000e+01  7.628913e+00
      vertex -1.566965e+01 -1.800000e+01  8.889124e-01
    endloop
  endfacet
  facet normal  0.000000e+00  1.000000e+00  0.000000e+00
    outer loop
      vertex -1.621922e+01 -1.800000e+01  8.611188e+00
      vertex -1.566965e+01 -1.800000e+01  8.889124e-01
      vertex -1.586863e+01 -1.800000e+01  1.131371e+00
    endloop
  endfacet
  facet normal  0.000000e+00  1.000000e+00  0.000000e+00
    outer loop
      vertex -1.621922e+01 -1.800000e+01  8.611188e+00
      vertex -1.586863e+01 -1.800000e+01  1.131371e+00
      vertex -1.611109e+01 -1.800000e+01  1.330351e+00
    endloop
  endfacet
  facet normal  0.000000e+00  1.000000e+00  0.000000e+00
    outer loop
      vertex -1.621922e+01 -1.800000e+01  8.611188e+00
      vertex -1.611109e+01 -1.800000e+01  1.330351e+00
      vertex -1.638771e+01 -1.800000e+01  1.478207e+00
    endloop
  endfacet
  facet normal  0.000000e+00  1.000000e+00  -0.000000e+00
    outer loop
      vertex -1.621922e+01 -1.800000e+01  8.611188e+00
      vertex -1.638771e+01 -1.800000e+01  1.478207e+00
      vertex -1.685347e+01 -1.800000e+01  9.551511e+00
    endloop
  endfacet
  facet normal  0.000000e+00  1.000000e+00  0.000000e+00
    outer loop
      vertex -1.831073e+01 -1.800000e+01  1.128820e+01
      vertex -1.755178e+01 -1.800000e+01  1.044530e+01
      vertex -1.761229e+01 -1.800000e+01  1.478207e+00
    endloop
  endfacet
  facet normal  0.000000e+00  1.000000e+00  0.000000e+00
    outer loop
      vertex -1.831073e+01 -1.800000e+01  1.128820e+01
      vertex -1.761229e+01 -1.800000e+01  1.478207e+00
      vertex -1.788891e+01 -1.800000e+01  1.330351e+00
    endloop
  endfacet
  facet normal  0.000000e+00  1.000000e+00  0.000000e+00
    outer loop
      vertex -1.831073e+01 -1.800000e+01  1.128820e+01
      vertex -1.788891e+01 -1.800000e+01  1.330351e+00
      vertex -1.813137e+01 -1.800000e+01  1.131371e+00
    endloop
  endfacet
  facet normal  0.000000e+00  1.000000e+00  0.000000e+00
    outer loop
      vertex -1.831073e+01 -1.800000e+01  1.128820e+01
      vertex -1.813137e+01 -1.800000e+01  1.131371e+00
      vertex -1.833035e+01 -1.800000e+01  8.889124e-01
    endloop
  endfacet
  facet normal  0.000000e+00  1.000000e+00  0.000000e+00
    outer loop
      vertex -2.840000e+01 -1.800000e+01  1.300000e+01
      vertex -2.265755e+01 -1.800000e+01  6.414903e+00
      vertex -2.326214e+01 -1.800000e+01  7.047250e+00
    endloop
  endfacet
  facet normal  0.000000e+00  1.000000e+00  0.000000e+00
    outer loop
      vertex -2.840000e+01 -1.800000e+01  1.300000e+01
      vertex -2.326214e+01 -1.800000e+01  7.047250e+00
      vertex -2.392097e+01 -1.800000e+01  7.622857e+00
    endloop
  endfacet
  facet normal  0.000000e+00  1.000000e+00  0.000000e+00
    outer loop
      vertex -2.840000e+01 -1.800000e+01  1.300000e+01
      vertex -2.392097e+01 -1.800000e+01  7.622857e+00
      vertex -2.462875e+01 -1.800000e+01  8.137089e+00
    endloop
  endfacet
  facet normal  0.000000e+00  1.000000e+00  0.000000e+00
    outer loop
      vertex -2.840000e+01 -1.800000e+01  1.300000e+01
      vertex -2.462875e+01 -1.800000e+01  8.137089e+00
      vertex -2.537978e+01 -1.800000e+01  8.585807e+00
    endloop
  endfacet
  facet normal  0.000000e+00  1.000000e+00  0.000000e+00
    outer loop
      vertex -2.840000e+01 -1.800000e+01  1.300000e+01
      vertex -2.537978e+01 -1.800000e+01  8.585807e+00
      vertex -2.616800e+01 -1.800000e+01  8.965396e+00
    endloop
  endfacet
  facet normal  0.000000e+00  1.000000e+00  0.000000e+00
    outer loop
      vertex -2.840000e+01 -1.800000e+01  1.300000e+01
      vertex -2.616800e+01 -1.800000e+01  8.965396e+00
      vertex -2.698708e+01 -1.800000e+01  9.272801e+00
    endloop
  endfacet
  facet normal  0.000000e+00  1.000000e+00  0.000000e+00
    outer loop
      vertex -2.840000e+01 -1.800000e+01  1.300000e+01
      vertex -2.698708e+01 -1.800000e+01  9.272801e+00
      vertex -2.783042e+01 -1.800000e+01  9.505548e+00
    endloop
  endfacet
  facet normal  0.000000e+00  1.000000e+00  0.000000e+00
    outer loop
      vertex -2.840000e+01 -1.800000e+01  1.300000e+01
      vertex -2.783042e+01 -1.800000e+01  9.505548e+00
      vertex -2.843074e+01 -1.800000e+01  1.268786e+01
    endloop
  endfacet
  facet normal  0.000000e+00  1.000000e+00  0.000000e+00
    outer loop
      vertex -1.912663e+01 -1.800000e+01  1.207610e+01
      vertex -1.831073e+01 -1.800000e+01  1.128820e+01
      vertex -1.833035e+01 -1.800000e+01  8.889124e-01
    endloop
  endfacet
  facet normal  0.000000e+00  9.999999e-01  0.000000e+00
    outer loop
      vertex -1.912663e+01 -1.800000e+01  1.207610e+01
      vertex -1.833035e+01 -1.800000e+01  8.889124e-01
      vertex -1.847821e+01 -1.800000e+01  6.122935e-01
    endloop
  endfacet
  facet normal  0.000000e+00  1.000000e+00  0.000000e+00
    outer loop
      vertex -1.912663e+01 -1.800000e+01  1.207610e+01
      vertex -1.847821e+01 -1.800000e+01  6.122935e-01
      vertex -1.856926e+01 -1.800000e+01  3.121445e-01
    endloop
  endfacet
  facet normal  0.000000e+00  1.000000e+00  0.000000e+00
    outer loop
      vertex -1.912663e+01 -1.800000e+01  1.207610e+01
      vertex -1.856926e+01 -1.800000e+01  3.121445e-01
      vertex -1.860000e+01 -1.800000e+01  1.241062e-14
    endloop
  endfacet
  facet normal  0.000000e+00  1.000000e+00  0.000000e+00
    outer loop
      vertex -3.216958e+01 -1.800000e+01  9.505548e+00
      vertex -3.160000e+01 -1.800000e+01  1.300000e+01
      vertex -3.156926e+01 -1.800000e+01  1.268786e+01
    endloop
  endfacet
  facet normal  0.000000e+00  1.000000e+00  0.000000e+00
    outer loop
      vertex -3.216958e+01 -1.800000e+01  9.505548e+00
      vertex -3.156926e+01 -1.800000e+01  1.268786e+01
      vertex -3.147821e+01 -1.800000e+01  1.238771e+01
    endloop
  endfacet
  facet normal  0.000000e+00  1.000000e+00  0.000000e+00
    outer loop
      vertex -3.216958e+01 -1.800000e+01  9.505548e+00
      vertex -3.147821e+01 -1.800000e+01  1.238771e+01
      vertex -3.133035e+01 -1.800000e+01  1.211109e+01
    endloop
  endfacet
  facet normal  0.000000e+00  1.000000e+00  0.000000e+00
    outer loop
      vertex -3.216958e+01 -1.800000e+01  9.505548e+00
      vertex -3.133035e+01 -1.800000e+01  1.211109e+01
      vertex -3.130877e+01 -1.800000e+01  9.661760e+00
    endloop
  endfacet
  facet normal  0.000000e+00  1.000000e+00  0.000000e+00
    outer loop
      vertex -4.168927e+01 -1.800000e+01  1.128820e+01
      vertex -4.087337e+01 -1.800000e+01  1.207610e+01
      vertex -4.140000e+01 -1.800000e+01 -1.735944e-14
    endloop
  endfacet
  facet normal  0.000000e+00  1.000000e+00  0.000000e+00
    outer loop
      vertex -4.168927e+01 -1.800000e+01  1.128820e+01
      vertex -4.140000e+01 -1.800000e+01 -1.735944e-14
      vertex -4.143074e+01 -1.800000e+01  3.121445e-01
    endloop
  endfacet
  facet normal  0.000000e+00  1.000000e+00  0.000000e+00
    outer loop
      vertex -4.168927e+01 -1.800000e+01  1.128820e+01
      vertex -4.143074e+01 -1.800000e+01  3.121445e-01
      vertex -4.152179e+01 -1.800000e+01  6.122935e-01
    endloop
  endfacet
  facet normal  0.000000e+00  1.000000e+00  0.000000e+00
    outer loop
      vertex -4.168927e+01 -1.800000e+01  1.128820e+01
      vertex -4.152179e+01 -1.800000e+01  6.122935e-01
      vertex -4.166965e+01 -1.800000e+01  8.889124e-01
    endloop
  endfacet
  facet normal  0.000000e+00  1.000000e+00  0.000000e+00
    outer loop
      vertex -4.168927e+01 -1.800000e+01  1.128820e+01
      vertex -4.166965e+01 -1.800000e+01  8.889124e-01
      vertex -4.186863e+01 -1.800000e+01  1.131371e+00
    endloop
  endfacet
  facet normal  0.000000e+00  9.999999e-01  -0.000000e+00
    outer loop
      vertex -4.168927e+01 -1.800000e+01  1.128820e+01
      vertex -4.186863e+01 -1.800000e+01  1.131371e+00
      vertex -4.244822e+01 -1.800000e+01  1.044530e+01
    endloop
  endfacet
  facet normal  0.000000e+00  1.000000e+00  0.000000e+00
    outer loop
      vertex -4.434790e+01 -1.800000e+01  7.628913e+00
      vertex -4.378078e+01 -1.800000e+01  8.611188e+00
      vertex -4.388891e+01 -1.800000e+01  1.330351e+00
    endloop
  endfacet
  facet normal  0.000000e+00  9.999999e-01  0.000000e+00
    outer loop
      vertex -4.434790e+01 -1.800000e+01  7.628913e+00
      vertex -4.388891e+01 -1.800000e+01  1.330351e+00
      vertex -4.413137e+01 -1.800000e+01  1.131371e+00
    endloop
  endfacet
  facet normal  0.000000e+00  9.999999e-01  0.000000e+00
    outer loop
      vertex -4.434790e+01 -1.800000e+01  7.628913e+00
      vertex -4.413137e+01 -1.800000e+01  1.131371e+00
      vertex -4.433035e+01 -1.800000e+01  8.889124e-01
    endloop
  endfacet
  facet normal  0.000000e+00  1.000000e+00  0.000000e+00
    outer loop
      vertex -4.434790e+01 -1.800000e+01  7.628913e+00
      vertex -4.433035e+01 -1.800000e+01  8.889124e-01
      vertex -4.447821e+01 -1.800000e+01  6.122935e-01
    endloop
  endfacet
  facet normal  0.000000e+00  1.000000e+00  -0.000000e+00
    outer loop
      vertex -4.434790e+01 -1.800000e+01  7.628913e+00
      vertex -4.447821e+01 -1.800000e+01  6.122935e-01
      vertex -4.484511e+01 -1.800000e+01  6.609470e+00
    endloop
  endfacet
  facet normal  0.000000e+00  1.000000e+00  0.000000e+00
    outer loop
      vertex -2.840000e+01 -1.800000e+01  1.300000e+01
      vertex -2.830141e+01 -1.800000e+01  1.616098e+01
      vertex -2.717822e+01 -1.800000e+01  1.600313e+01
    endloop
  endfacet
  facet normal  0.000000e+00  1.000000e+00  0.000000e+00
    outer loop
      vertex -2.840000e+01 -1.800000e+01  1.300000e+01
      vertex -2.717822e+01 -1.800000e+01  1.600313e+01
      vertex -2.606877e+01 -1.800000e+01  1.576731e+01
    endloop
  endfacet
  facet normal  0.000000e+00  1.000000e+00  0.000000e+00
    outer loop
      vertex -2.840000e+01 -1.800000e+01  1.300000e+01
      vertex -2.606877e+01 -1.800000e+01  1.576731e+01
      vertex -2.497847e+01 -1.800000e+01  1.545467e+01
    endloop
  endfacet
  facet normal  0.000000e+00  1.000000e+00  0.000000e+00
    outer loop
      vertex -2.840000e+01 -1.800000e+01  1.300000e+01
      vertex -2.497847e+01 -1.800000e+01  1.545467e+01
      vertex -2.391264e+01 -1.800000e+01  1.506674e+01
    endloop
  endfacet
  facet normal  0.000000e+00  1.000000e+00  0.000000e+00
    outer loop
      vertex -2.840000e+01 -1.800000e+01  1.300000e+01
      vertex -2.391264e+01 -1.800000e+01  1.506674e+01
      vertex -2.287647e+01 -1.800000e+01  1.460540e+01
    endloop
  endfacet
  facet normal  0.000000e+00  1.000000e+00  0.000000e+00
    outer loop
      vertex -2.840000e+01 -1.800000e+01  1.300000e+01
      vertex -2.287647e+01 -1.800000e+01  1.460540e+01
      vertex -2.187500e+01 -1.800000e+01  1.407291e+01
    endloop
  endfacet
  facet normal  0.000000e+00  1.000000e+00  0.000000e+00
    outer loop
      vertex -2.840000e+01 -1.800000e+01  1.300000e+01
      vertex -2.187500e+01 -1.800000e+01  1.407291e+01
      vertex -2.091311e+01 -1.800000e+01  1.347186e+01
    endloop
  endfacet
  facet normal  0.000000e+00  1.000000e+00  0.000000e+00
    outer loop
      vertex -2.943288e+01 -1.800000e+01  1.624010e+01
      vertex -2.852179e+01 -1.800000e+01  1.361229e+01
      vertex -2.866965e+01 -1.800000e+01  1.388891e+01
    endloop
  endfacet
  facet normal  0.000000e+00  1.000000e+00  0.000000e+00
    outer loop
      vertex -2.943288e+01 -1.800000e+01  1.624010e+01
      vertex -2.866965e+01 -1.800000e+01  1.388891e+01
      vertex -2.886863e+01 -1.800000e+01  1.413137e+01
    endloop
  endfacet
  facet normal  0.000000e+00  1.000000e+00  0.000000e+00
    outer loop
      vertex -2.943288e+01 -1.800000e+01  1.624010e+01
      vertex -2.886863e+01 -1.800000e+01  1.413137e+01
      vertex -2.911109e+01 -1.800000e+01  1.433035e+01
    endloop
  endfacet
  facet normal  0.000000e+00  1.000000e+00  0.000000e+00
    outer loop
      vertex -2.943288e+01 -1.800000e+01  1.624010e+01
      vertex -2.911109e+01 -1.800000e+01  1.433035e+01
      vertex -2.938771e+01 -1.800000e+01  1.447821e+01
    endloop
  endfacet
  facet normal  0.000000e+00  1.000000e+00  0.000000e+00
    outer loop
      vertex -2.943288e+01 -1.800000e+01  1.624010e+01
      vertex -2.938771e+01 -1.800000e+01  1.447821e+01
      vertex -2.968785e+01 -1.800000e+01  1.456926e+01
    endloop
  endfacet
  facet normal  0.000000e+00  1.000000e+00  -0.000000e+00
    outer loop
      vertex -2.943288e+01 -1.800000e+01  1.624010e+01
      vertex -2.968785e+01 -1.800000e+01  1.456926e+01
      vertex -3.056712e+01 -1.800000e+01  1.624010e+01
    endloop
  endfacet
  facet normal  0.000000e+00  1.000000e+00  -0.000000e+00
    outer loop
      vertex -2.830141e+01 -1.800000e+01  1.616098e+01
      vertex -2.840000e+01 -1.800000e+01  1.300000e+01
      vertex -2.843074e+01 -1.800000e+01  1.331214e+01
    endloop
  endfacet
  facet normal  0.000000e+00  1.000000e+00  -0.000000e+00
    outer loop
      vertex -2.830141e+01 -1.800000e+01  1.616098e+01
      vertex -2.843074e+01 -1.800000e+01  1.331214e+01
      vertex -2.852179e+01 -1.800000e+01  1.361229e+01
    endloop
  endfacet
  facet normal  0.000000e+00  1.000000e+00  -0.000000e+00
    outer loop
      vertex -2.830141e+01 -1.800000e+01  1.616098e+01
      vertex -2.852179e+01 -1.800000e+01  1.361229e+01
      vertex -2.943288e+01 -1.800000e+01  1.624010e+01
    endloop
  endfacet
  facet normal  0.000000e+00  1.000000e+00  0.000000e+00
    outer loop
      vertex -3.169859e+01 -1.800000e+01  1.616098e+01
      vertex -3.056712e+01 -1.800000e+01  1.624010e+01
      vertex -3.061229e+01 -1.800000e+01  1.447821e+01
    endloop
  endfacet
  facet normal  0.000000e+00  1.000000e+00  0.000000e+00
    outer loop
      vertex -3.169859e+01 -1.800000e+01  1.616098e+01
      vertex -3.061229e+01 -1.800000e+01  1.447821e+01
      vertex -3.088891e+01 -1.800000e+01  1.433035e+01
    endloop
  endfacet
  facet normal  0.000000e+00  1.000000e+00  0.000000e+00
    outer loop
      vertex -3.169859e+01 -1.800000e+01  1.616098e+01
      vertex -3.088891e+01 -1.800000e+01  1.433035e+01
      vertex -3.113137e+01 -1.800000e+01  1.413137e+01
    endloop
  endfacet
  facet normal  0.000000e+00  1.000000e+00  0.000000e+00
    outer loop
      vertex -3.169859e+01 -1.800000e+01  1.616098e+01
      vertex -3.113137e+01 -1.800000e+01  1.413137e+01
      vertex -3.133035e+01 -1.800000e+01  1.388891e+01
    endloop
  endfacet
  facet normal  0.000000e+00  1.000000e+00  0.000000e+00
    outer loop
      vertex -3.169859e+01 -1.800000e+01  1.616098e+01
      vertex -3.133035e+01 -1.800000e+01  1.388891e+01
      vertex -3.147821e+01 -1.800000e+01  1.361229e+01
    endloop
  endfacet
  facet normal  0.000000e+00  1.000000e+00  0.000000e+00
    outer loop
      vertex -3.169859e+01 -1.800000e+01  1.616098e+01
      vertex -3.147821e+01 -1.800000e+01  1.361229e+01
      vertex -3.156926e+01 -1.800000e+01  1.331214e+01
    endloop
  endfacet
  facet normal  0.000000e+00  1.000000e+00  0.000000e+00
    outer loop
      vertex -3.169859e+01 -1.800000e+01  1.616098e+01
      vertex -3.156926e+01 -1.800000e+01  1.331214e+01
      vertex -3.160000e+01 -1.800000e+01  1.300000e+01
    endloop
  endfacet
  facet normal  0.000000e+00  1.000000e+00  0.000000e+00
    outer loop
      vertex -1.611109e+01 -1.800000e+01 -1.330351e+00
      vertex -1.586863e+01 -1.800000e+01 -1.131371e+00
      vertex -1.621922e+01 -1.800000e+01 -8.611188e+00
    endloop
  endfacet
  facet normal  0.000000e+00  1.000000e+00  0.000000e+00
    outer loop
      vertex -1.621922e+01 -1.800000e+01 -8.611188e+00
      vertex -1.586863e+01 -1.800000e+01 -1.131371e+00
      vertex -1.566965e+01 -1.800000e+01 -8.889124e-01
    endloop
  endfacet
  facet normal  0.000000e+00  9.999999e-01  0.000000e+00
    outer loop
      vertex -1.621922e+01 -1.800000e+01 -8.611188e+00
      vertex -1.566965e+01 -1.800000e+01 -8.889124e-01
      vertex -1.565210e+01 -1.800000e+01 -7.628913e+00
    endloop
  endfacet
  facet normal  0.000000e+00  1.000000e+00  0.000000e+00
    outer loop
      vertex -1.668785e+01 -1.800000e+01 -1.569256e+00
      vertex -1.638771e+01 -1.800000e+01 -1.478207e+00
      vertex -1.685347e+01 -1.800000e+01 -9.551511e+00
    endloop
  endfacet
  facet normal  0.000000e+00  1.000000e+00  0.000000e+00
    outer loop
      vertex -1.685347e+01 -1.800000e+01 -9.551511e+00
      vertex -1.638771e+01 -1.800000e+01 -1.478207e+00
      vertex -1.611109e+01 -1.800000e+01 -1.330351e+00
    endloop
  endfacet
  facet normal  0.000000e+00  1.000000e+00  0.000000e+00
    outer loop
      vertex -1.685347e+01 -1.800000e+01 -9.551511e+00
      vertex -1.611109e+01 -1.800000e+01 -1.330351e+00
      vertex -1.621922e+01 -1.800000e+01 -8.611188e+00
    endloop
  endfacet
  facet normal  0.000000e+00  1.000000e+00  -0.000000e+00
    outer loop
      vertex -1.668785e+01 -1.800000e+01 -1.569256e+00
      vertex -1.685347e+01 -1.800000e+01 -9.551511e+00
      vertex -1.700000e+01 -1.800000e+01 -1.600000e+00
    endloop
  endfacet
  facet normal  0.000000e+00  1.000000e+00  0.000000e+00
    outer loop
      vertex -1.700000e+01 -1.800000e+01 -1.600000e+00
      vertex -1.685347e+01 -1.800000e+01 -9.551511e+00
      vertex -1.755178e+01 -1.800000e+01 -1.044530e+01
    endloop
  endfacet
  facet normal  0.000000e+00  1.000000e+00  0.000000e+00
    outer loop
      vertex -1.700000e+01 -1.800000e+01 -1.600000e+00
      vertex -1.755178e+01 -1.800000e+01 -1.044530e+01
      vertex -1.731215e+01 -1.800000e+01 -1.569256e+00
    endloop
  endfacet
  facet normal  0.000000e+00  1.000000e+00  0.000000e+00
    outer loop
      vertex -1.813137e+01 -1.800000e+01 -1.131371e+00
      vertex -1.788891e+01 -1.800000e+01 -1.330351e+00
      vertex -1.831073e+01 -1.800000e+01 -1.128820e+01
    endloop
  endfacet
  facet normal  0.000000e+00  1.000000e+00  0.000000e+00
    outer loop
      vertex -1.831073e+01 -1.800000e+01 -1.128820e+01
      vertex -1.788891e+01 -1.800000e+01 -1.330351e+00
      vertex -1.761229e+01 -1.800000e+01 -1.478207e+00
    endloop
  endfacet
  facet normal  0.000000e+00  9.999999e-01  0.000000e+00
    outer loop
      vertex -1.831073e+01 -1.800000e+01 -1.128820e+01
      vertex -1.761229e+01 -1.800000e+01 -1.478207e+00
      vertex -1.755178e+01 -1.800000e+01 -1.044530e+01
    endloop
  endfacet
  facet normal  0.000000e+00  1.000000e+00  0.000000e+00
    outer loop
      vertex -2.866965e+01 -1.800000e+01 -1.211109e+01
      vertex -2.869123e+01 -1.800000e+01 -9.661760e+00
      vertex -2.852179e+01 -1.800000e+01 -1.238771e+01
    endloop
  endfacet
  facet normal  0.000000e+00  1.000000e+00  -0.000000e+00
    outer loop
      vertex -2.852179e+01 -1.800000e+01 -1.238771e+01
      vertex -2.869123e+01 -1.800000e+01 -9.661760e+00
      vertex -2.783042e+01 -1.800000e+01 -9.505548e+00
    endloop
  endfacet
  facet normal  0.000000e+00  1.000000e+00  0.000000e+00
    outer loop
      vertex -2.852179e+01 -1.800000e+01 -1.238771e+01
      vertex -2.783042e+01 -1.800000e+01 -9.505548e+00
      vertex -2.843074e+01 -1.800000e+01 -1.268786e+01
    endloop
  endfacet
  facet normal  0.000000e+00  1.000000e+00  0.000000e+00
    outer loop
      vertex -2.911109e+01 -1.800000e+01 -1.166965e+01
      vertex -2.956257e+01 -1.800000e+01 -9.740182e+00
      vertex -2.886863e+01 -1.800000e+01 -1.186863e+01
    endloop
  endfacet
  facet normal  0.000000e+00  9.999999e-01  -0.000000e+00
    outer loop
      vertex -2.886863e+01 -1.800000e+01 -1.186863e+01
      vertex -2.956257e+01 -1.800000e+01 -9.740182e+00
      vertex -2.869123e+01 -1.800000e+01 -9.661760e+00
    endloop
  endfacet
  facet normal  0.000000e+00  1.000000e+00  0.000000e+00
    outer loop
      vertex -2.886863e+01 -1.800000e+01 -1.186863e+01
      vertex -2.869123e+01 -1.800000e+01 -9.661760e+00
      vertex -2.866965e+01 -1.800000e+01 -1.211109e+01
    endloop
  endfacet
  facet normal  0.000000e+00  1.000000e+00  0.000000e+00
    outer loop
      vertex -4.211109e+01 -1.800000e+01 -1.330351e+00
      vertex -4.244822e+01 -1.800000e+01 -1.044530e+01
      vertex -4.238771e+01 -1.800000e+01 -1.478207e+00
    endloop
  endfacet
  facet normal  0.000000e+00  9.999999e-01  0.000000e+00
    outer loop
      vertex -4.238771e+01 -1.800000e+01 -1.478207e+00
      vertex -4.244822e+01 -1.800000e+01 -1.044530e+01
      vertex -4.314653e+01 -1.800000e+01 -9.551511e+00
    endloop
  endfacet
  facet normal  0.000000e+00  1.000000e+00  0.000000e+00
    outer loop
      vertex -4.238771e+01 -1.800000e+01 -1.478207e+00
      vertex -4.314653e+01 -1.800000e+01 -9.551511e+00
      vertex -4.268785e+01 -1.800000e+01 -1.569256e+00
    endloop
  endfacet
  facet normal  0.000000e+00  1.000000e+00  0.000000e+00
    outer loop
      vertex -4.268785e+01 -1.800000e+01 -1.569256e+00
      vertex -4.314653e+01 -1.800000e+01 -9.551511e+00
      vertex -4.300000e+01 -1.800000e+01 -1.600000e+00
    endloop
  endfacet
  facet normal  0.000000e+00  1.000000e+00  0.000000e+00
    outer loop
      vertex -4.300000e+01 -1.800000e+01 -1.600000e+00
      vertex -4.314653e+01 -1.800000e+01 -9.551511e+00
      vertex -4.378078e+01 -1.800000e+01 -8.611188e+00
    endloop
  endfacet
  facet normal  0.000000e+00  1.000000e+00  0.000000e+00
    outer loop
      vertex -4.300000e+01 -1.800000e+01 -1.600000e+00
      vertex -4.378078e+01 -1.800000e+01 -8.611188e+00
      vertex -4.331215e+01 -1.800000e+01 -1.569256e+00
    endloop
  endfacet
  facet normal  0.000000e+00  9.999999e-01  0.000000e+00
    outer loop
      vertex -4.433035e+01 -1.800000e+01 -8.889124e-01
      vertex -4.413137e+01 -1.800000e+01 -1.131371e+00
      vertex -4.434790e+01 -1.800000e+01 -7.628913e+00
    endloop
  endfacet
  facet normal  0.000000e+00  1.000000e+00  0.000000e+00
    outer loop
      vertex -4.434790e+01 -1.800000e+01 -7.628913e+00
      vertex -4.413137e+01 -1.800000e+01 -1.131371e+00
      vertex -4.388891e+01 -1.800000e+01 -1.330351e+00
    endloop
  endfacet
  facet normal  0.000000e+00  1.000000e+00  0.000000e+00
    outer loop
      vertex -4.434790e+01 -1.800000e+01 -7.628913e+00
      vertex -4.388891e+01 -1.800000e+01 -1.330351e+00
      vertex -4.378078e+01 -1.800000e+01 -8.611188e+00
    endloop
  endfacet
  facet normal  0.000000e+00  1.000000e+00  0.000000e+00
    outer loop
      vertex -4.456926e+01 -1.800000e+01 -3.121445e-01
      vertex -4.447821e+01 -1.800000e+01 -6.122935e-01
      vertex -4.484511e+01 -1.800000e+01 -6.609470e+00
    endloop
  endfacet
  facet normal  0.000000e+00  9.999999e-01  0.000000e+00
    outer loop
      vertex -4.484511e+01 -1.800000e+01 -6.609470e+00
      vertex -4.447821e+01 -1.800000e+01 -6.122935e-01
      vertex -4.433035e+01 -1.800000e+01 -8.889124e-01
    endloop
  endfacet
  facet normal  0.000000e+00  1.000000e+00  0.000000e+00
    outer loop
      vertex -4.484511e+01 -1.800000e+01 -6.609470e+00
      vertex -4.433035e+01 -1.800000e+01 -8.889124e-01
      vertex -4.434790e+01 -1.800000e+01 -7.628913e+00
    endloop
  endfacet
  facet normal  -0.000000e+00  1.000000e+00  0.000000e+00
    outer loop
      vertex -1.668785e+01 -1.800000e+01  1.569256e+00
      vertex -1.700000e+01 -1.800000e+01  1.600000e+00
      vertex -1.685347e+01 -1.800000e+01  9.551511e+00
    endloop
  endfacet
  facet normal  0.000000e+00  1.000000e+00  0.000000e+00
    outer loop
      vertex -1.685347e+01 -1.800000e+01  9.551511e+00
      vertex -1.700000e+01 -1.800000e+01  1.600000e+00
      vertex -1.731215e+01 -1.800000e+01  1.569256e+00
    endloop
  endfacet
  facet normal  0.000000e+00  1.000000e+00  -0.000000e+00
    outer loop
      vertex -1.685347e+01 -1.800000e+01  9.551511e+00
      vertex -1.731215e+01 -1.800000e+01  1.569256e+00
      vertex -1.755178e+01 -1.800000e+01  1.044530e+01
    endloop
  endfacet
  facet normal  0.000000e+00  1.000000e+00  0.000000e+00
    outer loop
      vertex -2.866965e+01 -1.800000e+01  1.211109e+01
      vertex -2.852179e+01 -1.800000e+01  1.238771e+01
      vertex -2.869123e+01 -1.800000e+01  9.661760e+00
    endloop
  endfacet
  facet normal  0.000000e+00  9.999999e-01  0.000000e+00
    outer loop
      vertex -2.869123e+01 -1.800000e+01  9.661760e+00
      vertex -2.852179e+01 -1.800000e+01  1.238771e+01
      vertex -2.843074e+01 -1.800000e+01  1.268786e+01
    endloop
  endfacet
  facet normal  0.000000e+00  1.000000e+00  0.000000e+00
    outer loop
      vertex -2.869123e+01 -1.800000e+01  9.661760e+00
      vertex -2.843074e+01 -1.800000e+01  1.268786e+01
      vertex -2.783042e+01 -1.800000e+01  9.505548e+00
    endloop
  endfacet
  facet normal  0.000000e+00  9.999999e-01  0.000000e+00
    outer loop
      vertex -2.911109e+01 -1.800000e+01  1.166965e+01
      vertex -2.886863e+01 -1.800000e+01  1.186863e+01
      vertex -2.956257e+01 -1.800000e+01  9.740182e+00
    endloop
  endfacet
  facet normal  0.000000e+00  1.000000e+00  0.000000e+00
    outer loop
      vertex -2.956257e+01 -1.800000e+01  9.740182e+00
      vertex -2.886863e+01 -1.800000e+01  1.186863e+01
      vertex -2.866965e+01 -1.800000e+01  1.211109e+01
    endloop
  endfacet
  facet normal  0.000000e+00  1.000000e+00  0.000000e+00
    outer loop
      vertex -2.956257e+01 -1.800000e+01  9.740182e+00
      vertex -2.866965e+01 -1.800000e+01  1.211109e+01
      vertex -2.869123e+01 -1.800000e+01  9.661760e+00
    endloop
  endfacet
  facet normal  0.000000e+00  1.000000e+00  0.000000e+00
    outer loop
      vertex -3.031215e+01 -1.800000e+01  1.143074e+01
      vertex -3.000000e+01 -1.800000e+01  1.140000e+01
      vertex -3.043743e+01 -1.800000e+01  9.740182e+00
    endloop
  endfacet
  facet normal  0.000000e+00  1.000000e+00  0.000000e+00
    outer loop
      vertex -3.043743e+01 -1.800000e+01  9.740182e+00
      vertex -3.000000e+01 -1.800000e+01  1.140000e+01
      vertex -2.968785e+01 -1.800000e+01  1.143074e+01
    endloop
  endfacet
  facet normal  0.000000e+00  1.000000e+00  0.000000e+00
    outer loop
      vertex -3.043743e+01 -1.800000e+01  9.740182e+00
      vertex -2.968785e+01 -1.800000e+01  1.143074e+01
      vertex -2.956257e+01 -1.800000e+01  9.740182e+00
    endloop
  endfacet
  facet normal  0.000000e+00  1.000000e+00  0.000000e+00
    outer loop
      vertex -3.088891e+01 -1.800000e+01  1.166965e+01
      vertex -3.061229e+01 -1.800000e+01  1.152179e+01
      vertex -3.130877e+01 -1.800000e+01  9.661760e+00
    endloop
  endfacet
  facet normal  0.000000e+00  1.000000e+00  0.000000e+00
    outer loop
      vertex -3.130877e+01 -1.800000e+01  9.661760e+00
      vertex -3.061229e+01 -1.800000e+01  1.152179e+01
      vertex -3.031215e+01 -1.800000e+01  1.143074e+01
    endloop
  endfacet
  facet normal  0.000000e+00  1.000000e+00  0.000000e+00
    outer loop
      vertex -3.130877e+01 -1.800000e+01  9.661760e+00
      vertex -3.031215e+01 -1.800000e+01  1.143074e+01
      vertex -3.043743e+01 -1.800000e+01  9.740182e+00
    endloop
  endfacet
  facet normal  -0.000000e+00  1.000000e+00  -0.000000e+00
    outer loop
      vertex -4.211109e+01 -1.800000e+01  1.330351e+00
      vertex -4.238771e+01 -1.800000e+01  1.478207e+00
      vertex -4.244822e+01 -1.800000e+01  1.044530e+01
    endloop
  endfacet
  facet normal  0.000000e+00  9.999999e-01  0.000000e+00
    outer loop
      vertex -4.244822e+01 -1.800000e+01  1.044530e+01
      vertex -4.238771e+01 -1.800000e+01  1.478207e+00
      vertex -4.268785e+01 -1.800000e+01  1.569256e+00
    endloop
  endfacet
  facet normal  0.000000e+00  1.000000e+00  -0.000000e+00
    outer loop
      vertex -4.244822e+01 -1.800000e+01  1.044530e+01
      vertex -4.268785e+01 -1.800000e+01  1.569256e+00
      vertex -4.314653e+01 -1.800000e+01  9.551511e+00
    endloop
  endfacet
  facet normal  -0.000000e+00  1.000000e+00  -0.000000e+00
    outer loop
      vertex -4.268785e+01 -1.800000e+01  1.569256e+00
      vertex -4.300000e+01 -1.800000e+01  1.600000e+00
      vertex -4.314653e+01 -1.800000e+01  9.551511e+00
    endloop
  endfacet
  facet normal  0.000000e+00  1.000000e+00  0.000000e+00
    outer loop
      vertex -4.314653e+01 -1.800000e+01  9.551511e+00
      vertex -4.300000e+01 -1.800000e+01  1.600000e+00
      vertex -4.331215e+01 -1.800000e+01  1.569256e+00
    endloop
  endfacet
  facet normal  0.000000e+00  1.000000e+00  -0.000000e+00
    outer loop
      vertex -4.314653e+01 -1.800000e+01  9.551511e+00
      vertex -4.331215e+01 -1.800000e+01  1.569256e+00
      vertex -4.378078e+01 -1.800000e+01  8.611188e+00
    endloop
  endfacet
  facet normal  8.963846e-02  0.000000e+00 -9.959744e-01
    outer loop
      vertex -3.043743e+01 -1.800000e+01  9.740182e+00
      vertex -3.130877e+01 -2.050000e+01  9.661760e+00
      vertex -3.130877e+01 -1.800000e+01  9.661760e+00
    endloop
  endfacet
  facet normal  1.785569e-01  0.000000e+00 -9.839295e-01
    outer loop
      vertex -3.130877e+01 -1.800000e+01  9.661760e+00
      vertex -3.130877e+01 -2.050000e+01  9.661760e+00
      vertex -3.216958e+01 -2.050000e+01  9.505548e+00
    endloop
  endfacet
  facet normal  1.785569e-01  0.000000e+00 -9.839295e-01
    outer loop
      vertex -3.130877e+01 -1.800000e+01  9.661760e+00
      vertex -3.216958e+01 -2.050000e+01  9.505548e+00
      vertex -3.216958e+01 -1.800000e+01  9.505548e+00
    endloop
  endfacet
  facet normal  2.660364e-01  0.000000e+00 -9.639629e-01
    outer loop
      vertex -3.216958e+01 -1.800000e+01  9.505548e+00
      vertex -3.216958e+01 -2.050000e+01  9.505548e+00
      vertex -3.301292e+01 -2.050000e+01  9.272801e+00
    endloop
  endfacet
  facet normal  2.660364e-01  0.000000e+00 -9.639629e-01
    outer loop
      vertex -3.216958e+01 -1.800000e+01  9.505548e+00
      vertex -3.301292e+01 -2.050000e+01  9.272801e+00
      vertex -3.301292e+01 -1.800000e+01  9.272801e+00
    endloop
  endfacet
  facet normal  3.513757e-01  0.000000e+00 -9.362345e-01
    outer loop
      vertex -3.301292e+01 -1.800000e+01  9.272801e+00
      vertex -3.301292e+01 -2.050000e+01  9.272801e+00
      vertex -3.383199e+01 -2.050000e+01  8.965396e+00
    endloop
  endfacet
  facet normal  3.513757e-01  0.000000e+00 -9.362345e-01
    outer loop
      vertex -3.301292e+01 -1.800000e+01  9.272801e+00
      vertex -3.383199e+01 -2.050000e+01  8.965396e+00
      vertex -3.383199e+01 -1.800000e+01  8.965396e+00
    endloop
  endfacet
  facet normal  4.338827e-01  0.000000e+00 -9.009693e-01
    outer loop
      vertex -3.383199e+01 -1.800000e+01  8.965396e+00
      vertex -3.383199e+01 -2.050000e+01  8.965396e+00
      vertex -3.462022e+01 -2.050000e+01  8.585807e+00
    endloop
  endfacet
  facet normal  4.338827e-01  0.000000e+00 -9.009693e-01
    outer loop
      vertex -3.383199e+01 -1.800000e+01  8.965396e+00
      vertex -3.462022e+01 -2.050000e+01  8.585807e+00
      vertex -3.462022e+01 -1.800000e+01  8.585807e+00
    endloop
  endfacet
  facet normal  5.129000e-01  0.000000e+00 -8.584484e-01
    outer loop
      vertex -3.462022e+01 -1.800000e+01  8.585807e+00
      vertex -3.462022e+01 -2.050000e+01  8.585807e+00
      vertex -3.537125e+01 -2.050000e+01  8.137089e+00
    endloop
  endfacet
  facet normal  5.129000e-01  0.000000e+00 -8.584484e-01
    outer loop
      vertex -3.462022e+01 -1.800000e+01  8.585807e+00
      vertex -3.537125e+01 -2.050000e+01  8.137089e+00
      vertex -3.537125e+01 -1.800000e+01  8.137089e+00
    endloop
  endfacet
  facet normal  5.877854e-01  0.000000e+00 -8.090169e-01
    outer loop
      vertex -3.537125e+01 -1.800000e+01  8.137089e+00
      vertex -3.537125e+01 -2.050000e+01  8.137089e+00
      vertex -3.607903e+01 -2.050000e+01  7.622857e+00
    endloop
  endfacet
  facet normal  5.877854e-01  0.000000e+00 -8.090169e-01
    outer loop
      vertex -3.537125e+01 -1.800000e+01  8.137089e+00
      vertex -3.607903e+01 -2.050000e+01  7.622857e+00
      vertex -3.607903e+01 -1.800000e+01  7.622857e+00
    endloop
  endfacet
  facet normal  6.579383e-01  0.000000e+00 -7.530719e-01
    outer loop
      vertex -3.607903e+01 -1.800000e+01  7.622857e+00
      vertex -3.607903e+01 -2.050000e+01  7.622857e+00
      vertex -3.673786e+01 -2.050000e+01  7.047250e+00
    endloop
  endfacet
  facet normal  6.579383e-01  0.000000e+00 -7.530719e-01
    outer loop
      vertex -3.607903e+01 -1.800000e+01  7.622857e+00
      vertex -3.673786e+01 -2.050000e+01  7.047250e+00
      vertex -3.673786e+01 -1.800000e+01  7.047250e+00
    endloop
  endfacet
  facet normal  7.227960e-01  0.000000e+00 -6.910614e-01
    outer loop
      vertex -3.673786e+01 -1.800000e+01  7.047250e+00
      vertex -3.673786e+01 -2.050000e+01  7.047250e+00
      vertex -3.734245e+01 -2.050000e+01  6.414903e+00
    endloop
  endfacet
  facet normal  7.227960e-01  0.000000e+00 -6.910614e-01
    outer loop
      vertex -3.673786e+01 -1.800000e+01  7.047250e+00
      vertex -3.734245e+01 -2.050000e+01  6.414903e+00
      vertex -3.734245e+01 -1.800000e+01  6.414903e+00
    endloop
  endfacet
  facet normal  7.818304e-01  0.000000e+00 -6.234913e-01
    outer loop
      vertex -3.734245e+01 -1.800000e+01  6.414903e+00
      vertex -3.734245e+01 -2.050000e+01  6.414903e+00
      vertex -3.788792e+01 -2.050000e+01  5.730906e+00
    endloop
  endfacet
  facet normal  7.818304e-01  0.000000e+00 -6.234913e-01
    outer loop
      vertex -3.734245e+01 -1.800000e+01  6.414903e+00
      vertex -3.788792e+01 -2.050000e+01  5.730906e+00
      vertex -3.788792e+01 -1.800000e+01  5.730906e+00
    endloop
  endfacet
  facet normal  8.345729e-01  0.000000e+00 -5.508974e-01
    outer loop
      vertex -3.788792e+01 -1.800000e+01  5.730906e+00
      vertex -3.788792e+01 -2.050000e+01  5.730906e+00
      vertex -3.836988e+01 -2.050000e+01  5.000768e+00
    endloop
  endfacet
  facet normal  8.345729e-01  0.000000e+00 -5.508974e-01
    outer loop
      vertex -3.788792e+01 -1.800000e+01  5.730906e+00
      vertex -3.836988e+01 -2.050000e+01  5.000768e+00
      vertex -3.836988e+01 -1.800000e+01  5.000768e+00
    endloop
  endfacet
  facet normal  8.805960e-01  0.000000e+00 -4.738677e-01
    outer loop
      vertex -3.836988e+01 -1.800000e+01  5.000768e+00
      vertex -3.836988e+01 -2.050000e+01  5.000768e+00
      vertex -3.878445e+01 -2.050000e+01  4.230366e+00
    endloop
  endfacet
  facet normal  8.805960e-01  0.000000e+00 -4.738677e-01
    outer loop
      vertex -3.836988e+01 -1.800000e+01  5.000768e+00
      vertex -3.878445e+01 -2.050000e+01  4.230366e+00
      vertex -3.878445e+01 -1.800000e+01  4.230366e+00
    endloop
  endfacet
  facet normal  9.195285e-01  0.000000e+00 -3.930232e-01
    outer loop
      vertex -3.878445e+01 -1.800000e+01  4.230366e+00
      vertex -3.878445e+01 -2.050000e+01  4.230366e+00
      vertex -3.912829e+01 -2.050000e+01  3.425905e+00
    endloop
  endfacet
  facet normal  9.195285e-01  0.000000e+00 -3.930232e-01
    outer loop
      vertex -3.878445e+01 -1.800000e+01  4.230366e+00
      vertex -3.912829e+01 -2.050000e+01  3.425905e+00
      vertex -3.912829e+01 -1.800000e+01  3.425905e+00
    endloop
  endfacet
  facet normal  9.510553e-01  0.000000e+00 -3.090206e-01
    outer loop
      vertex -3.912829e+01 -1.800000e+01  3.425905e+00
      vertex -3.912829e+01 -2.050000e+01  3.425905e+00
      vertex -3.939864e+01 -2.050000e+01  2.593859e+00
    endloop
  endfacet
  facet normal  9.510553e-01  0.000000e+00 -3.090206e-01
    outer loop
      vertex -3.912829e+01 -1.800000e+01  3.425905e+00
      vertex -3.939864e+01 -2.050000e+01  2.593859e+00
      vertex -3.939864e+01 -1.800000e+01  2.593859e+00
    endloop
  endfacet
  facet normal  9.749280e-01  0.000000e+00 -2.225208e-01
    outer loop
      vertex -3.939864e+01 -1.800000e+01  2.593859e+00
      vertex -3.939864e+01 -2.050000e+01  2.593859e+00
      vertex -3.959332e+01 -2.050000e+01  1.740930e+00
    endloop
  endfacet
  facet normal  9.749280e-01  0.000000e+00 -2.225208e-01
    outer loop
      vertex -3.939864e+01 -1.800000e+01  2.593859e+00
      vertex -3.959332e+01 -2.050000e+01  1.740930e+00
      vertex -3.959332e+01 -1.800000e+01  1.740930e+00
    endloop
  endfacet
  facet normal  9.909498e-01  0.000000e+00 -1.342328e-01
    outer loop
      vertex -3.959332e+01 -1.800000e+01  1.740930e+00
      vertex -3.959332e+01 -2.050000e+01  1.740930e+00
      vertex -3.971075e+01 -2.050000e+01  8.739833e-01
    endloop
  endfacet
  facet normal  9.909498e-01  0.000000e+00 -1.342328e-01
    outer loop
      vertex -3.959332e+01 -1.800000e+01  1.740930e+00
      vertex -3.971075e+01 -2.050000e+01  8.739833e-01
      vertex -3.971075e+01 -1.800000e+01  8.739833e-01
    endloop
  endfacet
  facet normal  9.989931e-01  0.000000e+00 -4.486344e-02
    outer loop
      vertex -3.971075e+01 -1.800000e+01  8.739833e-01
      vertex -3.971075e+01 -2.050000e+01  8.739833e-01
      vertex -3.975000e+01 -2.050000e+01 -2.358683e-15
    endloop
  endfacet
  facet normal  9.989931e-01  0.000000e+00 -4.486344e-02
    outer loop
      vertex -3.971075e+01 -1.800000e+01  8.739833e-01
      vertex -3.975000e+01 -2.050000e+01 -2.358683e-15
      vertex -3.975000e+01 -1.800000e+01 -2.358683e-15
    endloop
  endfacet
  facet normal  8.963846e-02  0.000000e+00 -9.959744e-01
    outer loop
      vertex -3.130877e+01 -2.050000e+01  9.661760e+00
      vertex -3.043743e+01 -1.800000e+01  9.740182e+00
      vertex -3.043743e+01 -2.050000e+01  9.740182e+00
    endloop
  endfacet
  facet normal  0.000000e+00  0.000000e+00 -1.000000e+00
    outer loop
      vertex -3.043743e+01 -2.050000e+01  9.740182e+00
      vertex -3.043743e+01 -1.800000e+01  9.740182e+00
      vertex -2.956257e+01 -1.800000e+01  9.740182e+00
    endloop
  endfacet
  facet normal  0.000000e+00  -0.000000e+00 -1.000000e+00
    outer loop
      vertex -3.043743e+01 -2.050000e+01  9.740182e+00
      vertex -2.956257e+01 -1.800000e+01  9.740182e+00
      vertex -2.956257e+01 -2.050000e+01  9.740182e+00
    endloop
  endfacet
  facet normal -8.963846e-02  0.000000e+00 -9.959744e-01
    outer loop
      vertex -2.956257e+01 -2.050000e+01  9.740182e+00
      vertex -2.956257e+01 -1.800000e+01  9.740182e+00
      vertex -2.869123e+01 -1.800000e+01  9.661760e+00
    endloop
  endfacet
  facet normal -8.963846e-02  -0.000000e+00 -9.959744e-01
    outer loop
      vertex -2.956257e+01 -2.050000e+01  9.740182e+00
      vertex -2.869123e+01 -1.800000e+01  9.661760e+00
      vertex -2.869123e+01 -2.050000e+01  9.661760e+00
    endloop
  endfacet
  facet normal -1.785569e-01  0.000000e+00 -9.839295e-01
    outer loop
      vertex -2.869123e+01 -2.050000e+01  9.661760e+00
      vertex -2.869123e+01 -1.800000e+01  9.661760e+00
      vertex -2.783042e+01 -1.800000e+01  9.505548e+00
    endloop
  endfacet
  facet normal -1.785569e-01  -0.000000e+00 -9.839295e-01
    outer loop
      vertex -2.869123e+01 -2.050000e+01  9.661760e+00
      vertex -2.783042e+01 -1.800000e+01  9.505548e+00
      vertex -2.783042e+01 -2.050000e+01  9.505548e+00
    endloop
  endfacet
  facet normal -2.660364e-01  0.000000e+00 -9.639629e-01
    outer loop
      vertex -2.783042e+01 -2.050000e+01  9.505548e+00
      vertex -2.783042e+01 -1.800000e+01  9.505548e+00
      vertex -2.698708e+01 -1.800000e+01  9.272801e+00
    endloop
  endfacet
  facet normal -2.660364e-01  -0.000000e+00 -9.639629e-01
    outer loop
      vertex -2.783042e+01 -2.050000e+01  9.505548e+00
      vertex -2.698708e+01 -1.800000e+01  9.272801e+00
      vertex -2.698708e+01 -2.050000e+01  9.272801e+00
    endloop
  endfacet
  facet normal -3.513750e-01  0.000000e+00 -9.362348e-01
    outer loop
      vertex -2.698708e+01 -2.050000e+01  9.272801e+00
      vertex -2.698708e+01 -1.800000e+01  9.272801e+00
      vertex -2.616800e+01 -1.800000e+01  8.965396e+00
    endloop
  endfacet
  facet normal -3.513750e-01  -0.000000e+00 -9.362348e-01
    outer loop
      vertex -2.698708e+01 -2.050000e+01  9.272801e+00
      vertex -2.616800e+01 -1.800000e+01  8.965396e+00
      vertex -2.616800e+01 -2.050000e+01  8.965396e+00
    endloop
  endfacet
  facet normal -4.338836e-01  0.000000e+00 -9.009689e-01
    outer loop
      vertex -2.616800e+01 -2.050000e+01  8.965396e+00
      vertex -2.616800e+01 -1.800000e+01  8.965396e+00
      vertex -2.537978e+01 -1.800000e+01  8.585807e+00
    endloop
  endfacet
  facet normal -4.338836e-01  -0.000000e+00 -9.009689e-01
    outer loop
      vertex -2.616800e+01 -2.050000e+01  8.965396e+00
      vertex -2.537978e+01 -1.800000e+01  8.585807e+00
      vertex -2.537978e+01 -2.050000e+01  8.585807e+00
    endloop
  endfacet
  facet normal -5.129000e-01  0.000000e+00 -8.584484e-01
    outer loop
      vertex -2.537978e+01 -2.050000e+01  8.585807e+00
      vertex -2.537978e+01 -1.800000e+01  8.585807e+00
      vertex -2.462875e+01 -1.800000e+01  8.137089e+00
    endloop
  endfacet
  facet normal -5.129000e-01  -0.000000e+00 -8.584484e-01
    outer loop
      vertex -2.537978e+01 -2.050000e+01  8.585807e+00
      vertex -2.462875e+01 -1.800000e+01  8.137089e+00
      vertex -2.462875e+01 -2.050000e+01  8.137089e+00
    endloop
  endfacet
  facet normal -5.877854e-01  0.000000e+00 -8.090169e-01
    outer loop
      vertex -2.462875e+01 -2.050000e+01  8.137089e+00
      vertex -2.462875e+01 -1.800000e+01  8.137089e+00
      vertex -2.392097e+01 -1.800000e+01  7.622857e+00
    endloop
  endfacet
  facet normal -5.877854e-01  -0.000000e+00 -8.090169e-01
    outer loop
      vertex -2.462875e+01 -2.050000e+01  8.137089e+00
      vertex -2.392097e+01 -1.800000e+01  7.622857e+00
      vertex -2.392097e+01 -2.050000e+01  7.622857e+00
    endloop
  endfacet
  facet normal -6.579383e-01  0.000000e+00 -7.530719e-01
    outer loop
      vertex -2.392097e+01 -2.050000e+01  7.622857e+00
      vertex -2.392097e+01 -1.800000e+01  7.622857e+00
      vertex -2.326214e+01 -1.800000e+01  7.047250e+00
    endloop
  endfacet
  facet normal -6.579383e-01  -0.000000e+00 -7.530719e-01
    outer loop
      vertex -2.392097e+01 -2.050000e+01  7.622857e+00
      vertex -2.326214e+01 -1.800000e+01  7.047250e+00
      vertex -2.326214e+01 -2.050000e+01  7.047250e+00
    endloop
  endfacet
  facet normal -7.227949e-01  0.000000e+00 -6.910626e-01
    outer loop
      vertex -2.326214e+01 -2.050000e+01  7.047250e+00
      vertex -2.326214e+01 -1.800000e+01  7.047250e+00
      vertex -2.265755e+01 -1.800000e+01  6.414903e+00
    endloop
  endfacet
  facet normal -7.227949e-01  -0.000000e+00 -6.910626e-01
    outer loop
      vertex -2.326214e+01 -2.050000e+01  7.047250e+00
      vertex -2.265755e+01 -1.800000e+01  6.414903e+00
      vertex -2.265755e+01 -2.050000e+01  6.414903e+00
    endloop
  endfacet
  facet normal -7.818314e-01  0.000000e+00 -6.234899e-01
    outer loop
      vertex -2.265755e+01 -2.050000e+01  6.414903e+00
      vertex -2.265755e+01 -1.800000e+01  6.414903e+00
      vertex -2.211208e+01 -1.800000e+01  5.730906e+00
    endloop
  endfacet
  facet normal -7.818314e-01  -0.000000e+00 -6.234899e-01
    outer loop
      vertex -2.265755e+01 -2.050000e+01  6.414903e+00
      vertex -2.211208e+01 -1.800000e+01  5.730906e+00
      vertex -2.211208e+01 -2.050000e+01  5.730906e+00
    endloop
  endfacet
  facet normal -8.345740e-01  0.000000e+00 -5.508959e-01
    outer loop
      vertex -2.211208e+01 -2.050000e+01  5.730906e+00
      vertex -2.211208e+01 -1.800000e+01  5.730906e+00
      vertex -2.163013e+01 -1.800000e+01  5.000768e+00
    endloop
  endfacet
  facet normal -8.345740e-01  -0.000000e+00 -5.508959e-01
    outer loop
      vertex -2.211208e+01 -2.050000e+01  5.730906e+00
      vertex -2.163013e+01 -1.800000e+01  5.000768e+00
      vertex -2.163013e+01 -2.050000e+01  5.000768e+00
    endloop
  endfacet
  facet normal -8.805952e-01  0.000000e+00 -4.738694e-01
    outer loop
      vertex -2.163013e+01 -2.050000e+01  5.000768e+00
      vertex -2.163013e+01 -1.800000e+01  5.000768e+00
      vertex -2.121555e+01 -1.800000e+01  4.230366e+00
    endloop
  endfacet
  facet normal -8.805952e-01  -0.000000e+00 -4.738694e-01
    outer loop
      vertex -2.163013e+01 -2.050000e+01  5.000768e+00
      vertex -2.121555e+01 -1.800000e+01  4.230366e+00
      vertex -2.121555e+01 -2.050000e+01  4.230366e+00
    endloop
  endfacet
  facet normal -9.195278e-01  0.000000e+00 -3.930251e-01
    outer loop
      vertex -2.121555e+01 -2.050000e+01  4.230366e+00
      vertex -2.121555e+01 -1.800000e+01  4.230366e+00
      vertex -2.087171e+01 -1.800000e+01  3.425905e+00
    endloop
  endfacet
  facet normal -9.195278e-01  -0.000000e+00 -3.930251e-01
    outer loop
      vertex -2.121555e+01 -2.050000e+01  4.230366e+00
      vertex -2.087171e+01 -1.800000e+01  3.425905e+00
      vertex -2.087171e+01 -2.050000e+01  3.425905e+00
    endloop
  endfacet
  facet normal -9.510566e-01  0.000000e+00 -3.090166e-01
    outer loop
      vertex -2.087171e+01 -2.050000e+01  3.425905e+00
      vertex -2.087171e+01 -1.800000e+01  3.425905e+00
      vertex -2.060136e+01 -1.800000e+01  2.593859e+00
    endloop
  endfacet
  facet normal -9.510566e-01  -0.000000e+00 -3.090166e-01
    outer loop
      vertex -2.087171e+01 -2.050000e+01  3.425905e+00
      vertex -2.060136e+01 -1.800000e+01  2.593859e+00
      vertex -2.060136e+01 -2.050000e+01  2.593859e+00
    endloop
  endfacet
  facet normal -9.749280e-01  0.000000e+00 -2.225208e-01
    outer loop
      vertex -2.060136e+01 -2.050000e+01  2.593859e+00
      vertex -2.060136e+01 -1.800000e+01  2.593859e+00
      vertex -2.040669e+01 -1.800000e+01  1.740930e+00
    endloop
  endfacet
  facet normal -9.749280e-01  -0.000000e+00 -2.225208e-01
    outer loop
      vertex -2.060136e+01 -2.050000e+01  2.593859e+00
      vertex -2.040669e+01 -1.800000e+01  1.740930e+00
      vertex -2.040669e+01 -2.050000e+01  1.740930e+00
    endloop
  endfacet
  facet normal -9.909498e-01  0.000000e+00 -1.342328e-01
    outer loop
      vertex -2.040669e+01 -2.050000e+01  1.740930e+00
      vertex -2.040669e+01 -1.800000e+01  1.740930e+00
      vertex -2.028925e+01 -1.800000e+01  8.739833e-01
    endloop
  endfacet
  facet normal -9.909498e-01  -0.000000e+00 -1.342328e-01
    outer loop
      vertex -2.040669e+01 -2.050000e+01  1.740930e+00
      vertex -2.028925e+01 -1.800000e+01  8.739833e-01
      vertex -2.028925e+01 -2.050000e+01  8.739833e-01
    endloop
  endfacet
  facet normal -9.989930e-01  0.000000e+00 -4.486562e-02
    outer loop
      vertex -2.028925e+01 -2.050000e+01  8.739833e-01
      vertex -2.028925e+01 -1.800000e+01  8.739833e-01
      vertex -2.025000e+01 -1.800000e+01 -3.552714e-15
    endloop
  endfacet
  facet normal -9.989930e-01  -0.000000e+00 -4.486562e-02
    outer loop
      vertex -2.028925e+01 -2.050000e+01  8.739833e-01
      vertex -2.025000e+01 -1.800000e+01 -3.552714e-15
      vertex -2.025000e+01 -2.050000e+01 -3.552714e-15
    endloop
  endfacet
  facet normal -8.963846e-02  0.000000e+00  9.959744e-01
    outer loop
      vertex -2.956257e+01 -1.800000e+01 -9.740182e+00
      vertex -2.869123e+01 -2.050000e+01 -9.661760e+00
      vertex -2.869123e+01 -1.800000e+01 -9.661760e+00
    endloop
  endfacet
  facet normal -1.785569e-01  0.000000e+00  9.839295e-01
    outer loop
      vertex -2.869123e+01 -1.800000e+01 -9.661760e+00
      vertex -2.869123e+01 -2.050000e+01 -9.661760e+00
      vertex -2.783042e+01 -2.050000e+01 -9.505548e+00
    endloop
  endfacet
  facet normal -1.785569e-01  0.000000e+00  9.839295e-01
    outer loop
      vertex -2.869123e+01 -1.800000e+01 -9.661760e+00
      vertex -2.783042e+01 -2.050000e+01 -9.505548e+00
      vertex -2.783042e+01 -1.800000e+01 -9.505548e+00
    endloop
  endfacet
  facet normal -2.660364e-01  0.000000e+00  9.639629e-01
    outer loop
      vertex -2.783042e+01 -1.800000e+01 -9.505548e+00
      vertex -2.783042e+01 -2.050000e+01 -9.505548e+00
      vertex -2.698708e+01 -2.050000e+01 -9.272801e+00
    endloop
  endfacet
  facet normal -2.660364e-01  0.000000e+00  9.639629e-01
    outer loop
      vertex -2.783042e+01 -1.800000e+01 -9.505548e+00
      vertex -2.698708e+01 -2.050000e+01 -9.272801e+00
      vertex -2.698708e+01 -1.800000e+01 -9.272801e+00
    endloop
  endfacet
  facet normal -3.513750e-01  0.000000e+00  9.362348e-01
    outer loop
      vertex -2.698708e+01 -1.800000e+01 -9.272801e+00
      vertex -2.698708e+01 -2.050000e+01 -9.272801e+00
      vertex -2.616800e+01 -2.050000e+01 -8.965396e+00
    endloop
  endfacet
  facet normal -3.513750e-01  0.000000e+00  9.362348e-01
    outer loop
      vertex -2.698708e+01 -1.800000e+01 -9.272801e+00
      vertex -2.616800e+01 -2.050000e+01 -8.965396e+00
      vertex -2.616800e+01 -1.800000e+01 -8.965396e+00
    endloop
  endfacet
  facet normal -4.338836e-01  0.000000e+00  9.009689e-01
    outer loop
      vertex -2.616800e+01 -1.800000e+01 -8.965396e+00
      vertex -2.616800e+01 -2.050000e+01 -8.965396e+00
      vertex -2.537978e+01 -2.050000e+01 -8.585807e+00
    endloop
  endfacet
  facet normal -4.338836e-01  0.000000e+00  9.009689e-01
    outer loop
      vertex -2.616800e+01 -1.800000e+01 -8.965396e+00
      vertex -2.537978e+01 -2.050000e+01 -8.585807e+00
      vertex -2.537978e+01 -1.800000e+01 -8.585807e+00
    endloop
  endfacet
  facet normal -5.129000e-01  0.000000e+00  8.584484e-01
    outer loop
      vertex -2.537978e+01 -1.800000e+01 -8.585807e+00
      vertex -2.537978e+01 -2.050000e+01 -8.585807e+00
      vertex -2.462875e+01 -2.050000e+01 -8.137089e+00
    endloop
  endfacet
  facet normal -5.129000e-01  0.000000e+00  8.584484e-01
    outer loop
      vertex -2.537978e+01 -1.800000e+01 -8.585807e+00
      vertex -2.462875e+01 -2.050000e+01 -8.137089e+00
      vertex -2.462875e+01 -1.800000e+01 -8.137089e+00
    endloop
  endfacet
  facet normal -5.877854e-01  0.000000e+00  8.090169e-01
    outer loop
      vertex -2.462875e+01 -1.800000e+01 -8.137089e+00
      vertex -2.462875e+01 -2.050000e+01 -8.137089e+00
      vertex -2.392097e+01 -2.050000e+01 -7.622857e+00
    endloop
  endfacet
  facet normal -5.877854e-01  0.000000e+00  8.090169e-01
    outer loop
      vertex -2.462875e+01 -1.800000e+01 -8.137089e+00
      vertex -2.392097e+01 -2.050000e+01 -7.622857e+00
      vertex -2.392097e+01 -1.800000e+01 -7.622857e+00
    endloop
  endfacet
  facet normal -6.579383e-01  0.000000e+00  7.530719e-01
    outer loop
      vertex -2.392097e+01 -1.800000e+01 -7.622857e+00
      vertex -2.392097e+01 -2.050000e+01 -7.622857e+00
      vertex -2.326214e+01 -2.050000e+01 -7.047250e+00
    endloop
  endfacet
  facet normal -6.579383e-01  0.000000e+00  7.530719e-01
    outer loop
      vertex -2.392097e+01 -1.800000e+01 -7.622857e+00
      vertex -2.326214e+01 -2.050000e+01 -7.047250e+00
      vertex -2.326214e+01 -1.800000e+01 -7.047250e+00
    endloop
  endfacet
  facet normal -7.227949e-01  0.000000e+00  6.910626e-01
    outer loop
      vertex -2.326214e+01 -1.800000e+01 -7.047250e+00
      vertex -2.326214e+01 -2.050000e+01 -7.047250e+00
      vertex -2.265755e+01 -2.050000e+01 -6.414903e+00
    endloop
  endfacet
  facet normal -7.227949e-01  0.000000e+00  6.910626e-01
    outer loop
      vertex -2.326214e+01 -1.800000e+01 -7.047250e+00
      vertex -2.265755e+01 -2.050000e+01 -6.414903e+00
      vertex -2.265755e+01 -1.800000e+01 -6.414903e+00
    endloop
  endfacet
  facet normal -7.818314e-01  0.000000e+00  6.234899e-01
    outer loop
      vertex -2.265755e+01 -1.800000e+01 -6.414903e+00
      vertex -2.265755e+01 -2.050000e+01 -6.414903e+00
      vertex -2.211208e+01 -2.050000e+01 -5.730906e+00
    endloop
  endfacet
  facet normal -7.818314e-01  0.000000e+00  6.234899e-01
    outer loop
      vertex -2.265755e+01 -1.800000e+01 -6.414903e+00
      vertex -2.211208e+01 -2.050000e+01 -5.730906e+00
      vertex -2.211208e+01 -1.800000e+01 -5.730906e+00
    endloop
  endfacet
  facet normal -8.345740e-01  0.000000e+00  5.508959e-01
    outer loop
      vertex -2.211208e+01 -1.800000e+01 -5.730906e+00
      vertex -2.211208e+01 -2.050000e+01 -5.730906e+00
      vertex -2.163013e+01 -2.050000e+01 -5.000768e+00
    endloop
  endfacet
  facet normal -8.345740e-01  0.000000e+00  5.508959e-01
    outer loop
      vertex -2.211208e+01 -1.800000e+01 -5.730906e+00
      vertex -2.163013e+01 -2.050000e+01 -5.000768e+00
      vertex -2.163013e+01 -1.800000e+01 -5.000768e+00
    endloop
  endfacet
  facet normal -8.805952e-01  0.000000e+00  4.738694e-01
    outer loop
      vertex -2.163013e+01 -1.800000e+01 -5.000768e+00
      vertex -2.163013e+01 -2.050000e+01 -5.000768e+00
      vertex -2.121555e+01 -2.050000e+01 -4.230366e+00
    endloop
  endfacet
  facet normal -8.805952e-01  0.000000e+00  4.738694e-01
    outer loop
      vertex -2.163013e+01 -1.800000e+01 -5.000768e+00
      vertex -2.121555e+01 -2.050000e+01 -4.230366e+00
      vertex -2.121555e+01 -1.800000e+01 -4.230366e+00
    endloop
  endfacet
  facet normal -9.195278e-01  0.000000e+00  3.930251e-01
    outer loop
      vertex -2.121555e+01 -1.800000e+01 -4.230366e+00
      vertex -2.121555e+01 -2.050000e+01 -4.230366e+00
      vertex -2.087171e+01 -2.050000e+01 -3.425905e+00
    endloop
  endfacet
  facet normal -9.195278e-01  0.000000e+00  3.930251e-01
    outer loop
      vertex -2.121555e+01 -1.800000e+01 -4.230366e+00
      vertex -2.087171e+01 -2.050000e+01 -3.425905e+00
      vertex -2.087171e+01 -1.800000e+01 -3.425905e+00
    endloop
  endfacet
  facet normal -9.510566e-01  0.000000e+00  3.090166e-01
    outer loop
      vertex -2.087171e+01 -1.800000e+01 -3.425905e+00
      vertex -2.087171e+01 -2.050000e+01 -3.425905e+00
      vertex -2.060136e+01 -2.050000e+01 -2.593859e+00
    endloop
  endfacet
  facet normal -9.510566e-01  0.000000e+00  3.090166e-01
    outer loop
      vertex -2.087171e+01 -1.800000e+01 -3.425905e+00
      vertex -2.060136e+01 -2.050000e+01 -2.593859e+00
      vertex -2.060136e+01 -1.800000e+01 -2.593859e+00
    endloop
  endfacet
  facet normal -9.749280e-01  0.000000e+00  2.225208e-01
    outer loop
      vertex -2.060136e+01 -1.800000e+01 -2.593859e+00
      vertex -2.060136e+01 -2.050000e+01 -2.593859e+00
      vertex -2.040669e+01 -2.050000e+01 -1.740930e+00
    endloop
  endfacet
  facet normal -9.749280e-01  0.000000e+00  2.225208e-01
    outer loop
      vertex -2.060136e+01 -1.800000e+01 -2.593859e+00
      vertex -2.040669e+01 -2.050000e+01 -1.740930e+00
      vertex -2.040669e+01 -1.800000e+01 -1.740930e+00
    endloop
  endfacet
  facet normal -9.909498e-01  0.000000e+00  1.342328e-01
    outer loop
      vertex -2.040669e+01 -1.800000e+01 -1.740930e+00
      vertex -2.040669e+01 -2.050000e+01 -1.740930e+00
      vertex -2.028925e+01 -2.050000e+01 -8.739833e-01
    endloop
  endfacet
  facet normal -9.909498e-01  0.000000e+00  1.342328e-01
    outer loop
      vertex -2.040669e+01 -1.800000e+01 -1.740930e+00
      vertex -2.028925e+01 -2.050000e+01 -8.739833e-01
      vertex -2.028925e+01 -1.800000e+01 -8.739833e-01
    endloop
  endfacet
  facet normal -9.989930e-01  0.000000e+00  4.486562e-02
    outer loop
      vertex -2.028925e+01 -1.800000e+01 -8.739833e-01
      vertex -2.028925e+01 -2.050000e+01 -8.739833e-01
      vertex -2.025000e+01 -2.050000e+01 -3.552714e-15
    endloop
  endfacet
  facet normal -9.989930e-01  0.000000e+00  4.486562e-02
    outer loop
      vertex -2.028925e+01 -1.800000e+01 -8.739833e-01
      vertex -2.025000e+01 -2.050000e+01 -3.552714e-15
      vertex -2.025000e+01 -1.800000e+01 -3.552714e-15
    endloop
  endfacet
  facet normal -8.963846e-02  0.000000e+00  9.959744e-01
    outer loop
      vertex -2.869123e+01 -2.050000e+01 -9.661760e+00
      vertex -2.956257e+01 -1.800000e+01 -9.740182e+00
      vertex -2.956257e+01 -2.050000e+01 -9.740182e+00
    endloop
  endfacet
  facet normal  0.000000e+00  -0.000000e+00  1.000000e+00
    outer loop
      vertex -2.956257e+01 -2.050000e+01 -9.740182e+00
      vertex -2.956257e+01 -1.800000e+01 -9.740182e+00
      vertex -3.043743e+01 -1.800000e+01 -9.740182e+00
    endloop
  endfacet
  facet normal  0.000000e+00  0.000000e+00  1.000000e+00
    outer loop
      vertex -2.956257e+01 -2.050000e+01 -9.740182e+00
      vertex -3.043743e+01 -1.800000e+01 -9.740182e+00
      vertex -3.043743e+01 -2.050000e+01 -9.740182e+00
    endloop
  endfacet
  facet normal  8.963846e-02  -0.000000e+00  9.959744e-01
    outer loop
      vertex -3.043743e+01 -2.050000e+01 -9.740182e+00
      vertex -3.043743e+01 -1.800000e+01 -9.740182e+00
      vertex -3.130877e+01 -1.800000e+01 -9.661760e+00
    endloop
  endfacet
  facet normal  8.963846e-02  0.000000e+00  9.959744e-01
    outer loop
      vertex -3.043743e+01 -2.050000e+01 -9.740182e+00
      vertex -3.130877e+01 -1.800000e+01 -9.661760e+00
      vertex -3.130877e+01 -2.050000e+01 -9.661760e+00
    endloop
  endfacet
  facet normal  1.785569e-01  -0.000000e+00  9.839295e-01
    outer loop
      vertex -3.130877e+01 -2.050000e+01 -9.661760e+00
      vertex -3.130877e+01 -1.800000e+01 -9.661760e+00
      vertex -3.216958e+01 -1.800000e+01 -9.505548e+00
    endloop
  endfacet
  facet normal  1.785569e-01  0.000000e+00  9.839295e-01
    outer loop
      vertex -3.130877e+01 -2.050000e+01 -9.661760e+00
      vertex -3.216958e+01 -1.800000e+01 -9.505548e+00
      vertex -3.216958e+01 -2.050000e+01 -9.505548e+00
    endloop
  endfacet
  facet normal  2.660364e-01  -0.000000e+00  9.639629e-01
    outer loop
      vertex -3.216958e+01 -2.050000e+01 -9.505548e+00
      vertex -3.216958e+01 -1.800000e+01 -9.505548e+00
      vertex -3.301292e+01 -1.800000e+01 -9.272801e+00
    endloop
  endfacet
  facet normal  2.660364e-01  0.000000e+00  9.639629e-01
    outer loop
      vertex -3.216958e+01 -2.050000e+01 -9.505548e+00
      vertex -3.301292e+01 -1.800000e+01 -9.272801e+00
      vertex -3.301292e+01 -2.050000e+01 -9.272801e+00
    endloop
  endfacet
  facet normal  3.513757e-01  -0.000000e+00  9.362345e-01
    outer loop
      vertex -3.301292e+01 -2.050000e+01 -9.272801e+00
      vertex -3.301292e+01 -1.800000e+01 -9.272801e+00
      vertex -3.383199e+01 -1.800000e+01 -8.965396e+00
    endloop
  endfacet
  facet normal  3.513757e-01  0.000000e+00  9.362345e-01
    outer loop
      vertex -3.301292e+01 -2.050000e+01 -9.272801e+00
      vertex -3.383199e+01 -1.800000e+01 -8.965396e+00
      vertex -3.383199e+01 -2.050000e+01 -8.965396e+00
    endloop
  endfacet
  facet normal  4.338827e-01  -0.000000e+00  9.009693e-01
    outer loop
      vertex -3.383199e+01 -2.050000e+01 -8.965396e+00
      vertex -3.383199e+01 -1.800000e+01 -8.965396e+00
      vertex -3.462022e+01 -1.800000e+01 -8.585807e+00
    endloop
  endfacet
  facet normal  4.338827e-01  0.000000e+00  9.009693e-01
    outer loop
      vertex -3.383199e+01 -2.050000e+01 -8.965396e+00
      vertex -3.462022e+01 -1.800000e+01 -8.585807e+00
      vertex -3.462022e+01 -2.050000e+01 -8.585807e+00
    endloop
  endfacet
  facet normal  5.129000e-01  -0.000000e+00  8.584484e-01
    outer loop
      vertex -3.462022e+01 -2.050000e+01 -8.585807e+00
      vertex -3.462022e+01 -1.800000e+01 -8.585807e+00
      vertex -3.537125e+01 -1.800000e+01 -8.137089e+00
    endloop
  endfacet
  facet normal  5.129000e-01  0.000000e+00  8.584484e-01
    outer loop
      vertex -3.462022e+01 -2.050000e+01 -8.585807e+00
      vertex -3.537125e+01 -1.800000e+01 -8.137089e+00
      vertex -3.537125e+01 -2.050000e+01 -8.137089e+00
    endloop
  endfacet
  facet normal  5.877854e-01  -0.000000e+00  8.090169e-01
    outer loop
      vertex -3.537125e+01 -2.050000e+01 -8.137089e+00
      vertex -3.537125e+01 -1.800000e+01 -8.137089e+00
      vertex -3.607903e+01 -1.800000e+01 -7.622857e+00
    endloop
  endfacet
  facet normal  5.877854e-01  0.000000e+00  8.090169e-01
    outer loop
      vertex -3.537125e+01 -2.050000e+01 -8.137089e+00
      vertex -3.607903e+01 -1.800000e+01 -7.622857e+00
      vertex -3.607903e+01 -2.050000e+01 -7.622857e+00
    endloop
  endfacet
  facet normal  6.579383e-01  -0.000000e+00  7.530719e-01
    outer loop
      vertex -3.607903e+01 -2.050000e+01 -7.622857e+00
      vertex -3.607903e+01 -1.800000e+01 -7.622857e+00
      vertex -3.673786e+01 -1.800000e+01 -7.047250e+00
    endloop
  endfacet
  facet normal  6.579383e-01  0.000000e+00  7.530719e-01
    outer loop
      vertex -3.607903e+01 -2.050000e+01 -7.622857e+00
      vertex -3.673786e+01 -1.800000e+01 -7.047250e+00
      vertex -3.673786e+01 -2.050000e+01 -7.047250e+00
    endloop
  endfacet
  facet normal  7.227960e-01  -0.000000e+00  6.910614e-01
    outer loop
      vertex -3.673786e+01 -2.050000e+01 -7.047250e+00
      vertex -3.673786e+01 -1.800000e+01 -7.047250e+00
      vertex -3.734245e+01 -1.800000e+01 -6.414903e+00
    endloop
  endfacet
  facet normal  7.227960e-01  0.000000e+00  6.910614e-01
    outer loop
      vertex -3.673786e+01 -2.050000e+01 -7.047250e+00
      vertex -3.734245e+01 -1.800000e+01 -6.414903e+00
      vertex -3.734245e+01 -2.050000e+01 -6.414903e+00
    endloop
  endfacet
  facet normal  7.818304e-01  -0.000000e+00  6.234913e-01
    outer loop
      vertex -3.734245e+01 -2.050000e+01 -6.414903e+00
      vertex -3.734245e+01 -1.800000e+01 -6.414903e+00
      vertex -3.788792e+01 -1.800000e+01 -5.730906e+00
    endloop
  endfacet
  facet normal  7.818304e-01  0.000000e+00  6.234913e-01
    outer loop
      vertex -3.734245e+01 -2.050000e+01 -6.414903e+00
      vertex -3.788792e+01 -1.800000e+01 -5.730906e+00
      vertex -3.788792e+01 -2.050000e+01 -5.730906e+00
    endloop
  endfacet
  facet normal  8.345729e-01  -0.000000e+00  5.508974e-01
    outer loop
      vertex -3.788792e+01 -2.050000e+01 -5.730906e+00
      vertex -3.788792e+01 -1.800000e+01 -5.730906e+00
      vertex -3.836988e+01 -1.800000e+01 -5.000768e+00
    endloop
  endfacet
  facet normal  8.345729e-01  0.000000e+00  5.508974e-01
    outer loop
      vertex -3.788792e+01 -2.050000e+01 -5.730906e+00
      vertex -3.836988e+01 -1.800000e+01 -5.000768e+00
      vertex -3.836988e+01 -2.050000e+01 -5.000768e+00
    endloop
  endfacet
  facet normal  8.805960e-01  -0.000000e+00  4.738677e-01
    outer loop
      vertex -3.836988e+01 -2.050000e+01 -5.000768e+00
      vertex -3.836988e+01 -1.800000e+01 -5.000768e+00
      vertex -3.878445e+01 -1.800000e+01 -4.230366e+00
    endloop
  endfacet
  facet normal  8.805960e-01  0.000000e+00  4.738677e-01
    outer loop
      vertex -3.836988e+01 -2.050000e+01 -5.000768e+00
      vertex -3.878445e+01 -1.800000e+01 -4.230366e+00
      vertex -3.878445e+01 -2.050000e+01 -4.230366e+00
    endloop
  endfacet
  facet normal  9.195285e-01  -0.000000e+00  3.930232e-01
    outer loop
      vertex -3.878445e+01 -2.050000e+01 -4.230366e+00
      vertex -3.878445e+01 -1.800000e+01 -4.230366e+00
      vertex -3.912829e+01 -1.800000e+01 -3.425905e+00
    endloop
  endfacet
  facet normal  9.195285e-01  0.000000e+00  3.930232e-01
    outer loop
      vertex -3.878445e+01 -2.050000e+01 -4.230366e+00
      vertex -3.912829e+01 -1.800000e+01 -3.425905e+00
      vertex -3.912829e+01 -2.050000e+01 -3.425905e+00
    endloop
  endfacet
  facet normal  9.510553e-01  -0.000000e+00  3.090206e-01
    outer loop
      vertex -3.912829e+01 -2.050000e+01 -3.425905e+00
      vertex -3.912829e+01 -1.800000e+01 -3.425905e+00
      vertex -3.939864e+01 -1.800000e+01 -2.593859e+00
    endloop
  endfacet
  facet normal  9.510553e-01  0.000000e+00  3.090206e-01
    outer loop
      vertex -3.912829e+01 -2.050000e+01 -3.425905e+00
      vertex -3.939864e+01 -1.800000e+01 -2.593859e+00
      vertex -3.939864e+01 -2.050000e+01 -2.593859e+00
    endloop
  endfacet
  facet normal  9.749280e-01  -0.000000e+00  2.225208e-01
    outer loop
      vertex -3.939864e+01 -2.050000e+01 -2.593859e+00
      vertex -3.939864e+01 -1.800000e+01 -2.593859e+00
      vertex -3.959332e+01 -1.800000e+01 -1.740930e+00
    endloop
  endfacet
  facet normal  9.749280e-01  0.000000e+00  2.225208e-01
    outer loop
      vertex -3.939864e+01 -2.050000e+01 -2.593859e+00
      vertex -3.959332e+01 -1.800000e+01 -1.740930e+00
      vertex -3.959332e+01 -2.050000e+01 -1.740930e+00
    endloop
  endfacet
  facet normal  9.909498e-01  -0.000000e+00  1.342328e-01
    outer loop
      vertex -3.959332e+01 -2.050000e+01 -1.740930e+00
      vertex -3.959332e+01 -1.800000e+01 -1.740930e+00
      vertex -3.971075e+01 -1.800000e+01 -8.739833e-01
    endloop
  endfacet
  facet normal  9.909498e-01  0.000000e+00  1.342328e-01
    outer loop
      vertex -3.959332e+01 -2.050000e+01 -1.740930e+00
      vertex -3.971075e+01 -1.800000e+01 -8.739833e-01
      vertex -3.971075e+01 -2.050000e+01 -8.739833e-01
    endloop
  endfacet
  facet normal  9.989931e-01  -0.000000e+00  4.486344e-02
    outer loop
      vertex -3.971075e+01 -2.050000e+01 -8.739833e-01
      vertex -3.971075e+01 -1.800000e+01 -8.739833e-01
      vertex -3.975000e+01 -1.800000e+01 -2.358683e-15
    endloop
  endfacet
  facet normal  9.989931e-01  0.000000e+00  4.486344e-02
    outer loop
      vertex -3.971075e+01 -2.050000e+01 -8.739833e-01
      vertex -3.975000e+01 -1.800000e+01 -2.358683e-15
      vertex -3.975000e+01 -2.050000e+01 -2.358683e-15
    endloop
  endfacet
  facet normal  0.000000e+00  1.000000e+00  -0.000000e+00
    outer loop
      vertex -3.290085e+01 -2.050000e+01  3.106053e+00
      vertex -3.329677e+01 -2.050000e+01  2.682124e+00
      vertex -3.939864e+01 -2.050000e+01  2.593859e+00
    endloop
  endfacet
  facet normal  0.000000e+00  9.999999e-01  -0.000000e+00
    outer loop
      vertex -2.040669e+01 -2.050000e+01  1.740930e+00
      vertex -2.610185e+01 -2.050000e+01  1.693205e+00
      vertex -2.636872e+01 -2.050000e+01  2.208232e+00
    endloop
  endfacet
  facet normal  0.000000e+00  9.999999e-01  0.000000e+00
    outer loop
      vertex -3.836988e+01 -2.050000e+01 -5.000768e+00
      vertex -3.878445e+01 -2.050000e+01 -4.230366e+00
      vertex -3.029003e+01 -2.050000e+01 -4.240092e+00
    endloop
  endfacet
  facet normal  0.000000e+00  1.000000e+00  0.000000e+00
    outer loop
      vertex -3.836988e+01 -2.050000e+01 -5.000768e+00
      vertex -3.029003e+01 -2.050000e+01 -4.240092e+00
      vertex -3.043743e+01 -2.050000e+01 -9.740182e+00
    endloop
  endfacet
  facet normal  0.000000e+00  1.000000e+00  0.000000e+00
    outer loop
      vertex -3.836988e+01 -2.050000e+01 -5.000768e+00
      vertex -3.043743e+01 -2.050000e+01 -9.740182e+00
      vertex -3.130877e+01 -2.050000e+01 -9.661760e+00
    endloop
  endfacet
  facet normal  0.000000e+00  1.000000e+00  0.000000e+00
    outer loop
      vertex -3.836988e+01 -2.050000e+01 -5.000768e+00
      vertex -3.130877e+01 -2.050000e+01 -9.661760e+00
      vertex -3.216958e+01 -2.050000e+01 -9.505548e+00
    endloop
  endfacet
  facet normal  0.000000e+00  1.000000e+00  0.000000e+00
    outer loop
      vertex -3.836988e+01 -2.050000e+01 -5.000768e+00
      vertex -3.216958e+01 -2.050000e+01 -9.505548e+00
      vertex -3.301292e+01 -2.050000e+01 -9.272801e+00
    endloop
  endfacet
  facet normal  0.000000e+00  1.000000e+00  0.000000e+00
    outer loop
      vertex -3.836988e+01 -2.050000e+01 -5.000768e+00
      vertex -3.301292e+01 -2.050000e+01 -9.272801e+00
      vertex -3.383199e+01 -2.050000e+01 -8.965396e+00
    endloop
  endfacet
  facet normal  0.000000e+00  1.000000e+00  0.000000e+00
    outer loop
      vertex -3.836988e+01 -2.050000e+01 -5.000768e+00
      vertex -3.383199e+01 -2.050000e+01 -8.965396e+00
      vertex -3.462022e+01 -2.050000e+01 -8.585807e+00
    endloop
  endfacet
  facet normal  0.000000e+00  9.999999e-01  0.000000e+00
    outer loop
      vertex -3.836988e+01 -2.050000e+01 -5.000768e+00
      vertex -3.462022e+01 -2.050000e+01 -8.585807e+00
      vertex -3.537125e+01 -2.050000e+01 -8.137089e+00
    endloop
  endfacet
  facet normal  0.000000e+00  1.000000e+00  0.000000e+00
    outer loop
      vertex -3.836988e+01 -2.050000e+01 -5.000768e+00
      vertex -3.537125e+01 -2.050000e+01 -8.137089e+00
      vertex -3.607903e+01 -2.050000e+01 -7.622857e+00
    endloop
  endfacet
  facet normal  0.000000e+00  1.000000e+00  0.000000e+00
    outer loop
      vertex -3.836988e+01 -2.050000e+01 -5.000768e+00
      vertex -3.607903e+01 -2.050000e+01 -7.622857e+00
      vertex -3.673786e+01 -2.050000e+01 -7.047250e+00
    endloop
  endfacet
  facet normal  0.000000e+00  1.000000e+00  0.000000e+00
    outer loop
      vertex -3.836988e+01 -2.050000e+01 -5.000768e+00
      vertex -3.673786e+01 -2.050000e+01 -7.047250e+00
      vertex -3.734245e+01 -2.050000e+01 -6.414903e+00
    endloop
  endfacet
  facet normal  0.000000e+00  1.000000e+00  0.000000e+00
    outer loop
      vertex -3.836988e+01 -2.050000e+01 -5.000768e+00
      vertex -3.734245e+01 -2.050000e+01 -6.414903e+00
      vertex -3.788792e+01 -2.050000e+01 -5.730906e+00
    endloop
  endfacet
  facet normal  0.000000e+00  9.999999e-01  0.000000e+00
    outer loop
      vertex -2.970997e+01 -2.050000e+01 -4.240092e+00
      vertex -2.913531e+01 -2.050000e+01 -4.161108e+00
      vertex -2.121555e+01 -2.050000e+01 -4.230366e+00
    endloop
  endfacet
  facet normal  0.000000e+00  9.999999e-01  0.000000e+00
    outer loop
      vertex -2.970997e+01 -2.050000e+01 -4.240092e+00
      vertex -2.121555e+01 -2.050000e+01 -4.230366e+00
      vertex -2.163013e+01 -2.050000e+01 -5.000768e+00
    endloop
  endfacet
  facet normal  0.000000e+00  1.000000e+00  0.000000e+00
    outer loop
      vertex -2.970997e+01 -2.050000e+01 -4.240092e+00
      vertex -2.163013e+01 -2.050000e+01 -5.000768e+00
      vertex -2.211208e+01 -2.050000e+01 -5.730906e+00
    endloop
  endfacet
  facet normal  0.000000e+00  1.000000e+00  0.000000e+00
    outer loop
      vertex -2.970997e+01 -2.050000e+01 -4.240092e+00
      vertex -2.211208e+01 -2.050000e+01 -5.730906e+00
      vertex -2.265755e+01 -2.050000e+01 -6.414903e+00
    endloop
  endfacet
  facet normal  0.000000e+00  9.999999e-01  0.000000e+00
    outer loop
      vertex -2.970997e+01 -2.050000e+01 -4.240092e+00
      vertex -2.265755e+01 -2.050000e+01 -6.414903e+00
      vertex -2.326214e+01 -2.050000e+01 -7.047250e+00
    endloop
  endfacet
  facet normal  0.000000e+00  9.999999e-01  0.000000e+00
    outer loop
      vertex -2.970997e+01 -2.050000e+01 -4.240092e+00
      vertex -2.326214e+01 -2.050000e+01 -7.047250e+00
      vertex -2.392097e+01 -2.050000e+01 -7.622857e+00
    endloop
  endfacet
  facet normal  0.000000e+00  1.000000e+00  0.000000e+00
    outer loop
      vertex -2.970997e+01 -2.050000e+01 -4.240092e+00
      vertex -2.392097e+01 -2.050000e+01 -7.622857e+00
      vertex -2.462875e+01 -2.050000e+01 -8.137089e+00
    endloop
  endfacet
  facet normal  0.000000e+00  1.000000e+00  0.000000e+00
    outer loop
      vertex -2.970997e+01 -2.050000e+01 -4.240092e+00
      vertex -2.462875e+01 -2.050000e+01 -8.137089e+00
      vertex -2.537978e+01 -2.050000e+01 -8.585807e+00
    endloop
  endfacet
  facet normal  0.000000e+00  1.000000e+00  0.000000e+00
    outer loop
      vertex -2.970997e+01 -2.050000e+01 -4.240092e+00
      vertex -2.537978e+01 -2.050000e+01 -8.585807e+00
      vertex -2.616800e+01 -2.050000e+01 -8.965396e+00
    endloop
  endfacet
  facet normal  0.000000e+00  1.000000e+00  0.000000e+00
    outer loop
      vertex -2.970997e+01 -2.050000e+01 -4.240092e+00
      vertex -2.616800e+01 -2.050000e+01 -8.965396e+00
      vertex -2.698708e+01 -2.050000e+01 -9.272801e+00
    endloop
  endfacet
  facet normal  0.000000e+00  1.000000e+00  0.000000e+00
    outer loop
      vertex -2.970997e+01 -2.050000e+01 -4.240092e+00
      vertex -2.698708e+01 -2.050000e+01 -9.272801e+00
      vertex -2.783042e+01 -2.050000e+01 -9.505548e+00
    endloop
  endfacet
  facet normal  0.000000e+00  1.000000e+00  0.000000e+00
    outer loop
      vertex -2.970997e+01 -2.050000e+01 -4.240092e+00
      vertex -2.783042e+01 -2.050000e+01 -9.505548e+00
      vertex -2.869123e+01 -2.050000e+01 -9.661760e+00
    endloop
  endfacet
  facet normal  0.000000e+00  1.000000e+00  0.000000e+00
    outer loop
      vertex -2.970997e+01 -2.050000e+01 -4.240092e+00
      vertex -2.869123e+01 -2.050000e+01 -9.661760e+00
      vertex -2.956257e+01 -2.050000e+01 -9.740182e+00
    endloop
  endfacet
  facet normal  0.000000e+00  1.000000e+00  0.000000e+00
    outer loop
      vertex -2.970997e+01 -2.050000e+01 -4.240092e+00
      vertex -2.956257e+01 -2.050000e+01 -9.740182e+00
      vertex -3.043743e+01 -2.050000e+01 -9.740182e+00
    endloop
  endfacet
  facet normal  0.000000e+00  1.000000e+00  0.000000e+00
    outer loop
      vertex -2.970997e+01 -2.050000e+01 -4.240092e+00
      vertex -3.043743e+01 -2.050000e+01 -9.740182e+00
      vertex -3.029003e+01 -2.050000e+01 -4.240092e+00
    endloop
  endfacet
  facet normal  -0.000000e+00  1.000000e+00  0.000000e+00
    outer loop
      vertex -3.836988e+01 -2.050000e+01  5.000768e+00
      vertex -3.788792e+01 -2.050000e+01  5.730906e+00
      vertex -3.734245e+01 -2.050000e+01  6.414903e+00
    endloop
  endfacet
  facet normal  -0.000000e+00  1.000000e+00  0.000000e+00
    outer loop
      vertex -3.836988e+01 -2.050000e+01  5.000768e+00
      vertex -3.734245e+01 -2.050000e+01  6.414903e+00
      vertex -3.673786e+01 -2.050000e+01  7.047250e+00
    endloop
  endfacet
  facet normal  -0.000000e+00  1.000000e+00  0.000000e+00
    outer loop
      vertex -3.836988e+01 -2.050000e+01  5.000768e+00
      vertex -3.673786e+01 -2.050000e+01  7.047250e+00
      vertex -3.607903e+01 -2.050000e+01  7.622857e+00
    endloop
  endfacet
  facet normal  -0.000000e+00  1.000000e+00  0.000000e+00
    outer loop
      vertex -3.836988e+01 -2.050000e+01  5.000768e+00
      vertex -3.607903e+01 -2.050000e+01  7.622857e+00
      vertex -3.537125e+01 -2.050000e+01  8.137089e+00
    endloop
  endfacet
  facet normal  -0.000000e+00  1.000000e+00  0.000000e+00
    outer loop
      vertex -3.836988e+01 -2.050000e+01  5.000768e+00
      vertex -3.537125e+01 -2.050000e+01  8.137089e+00
      vertex -3.462022e+01 -2.050000e+01  8.585807e+00
    endloop
  endfacet
  facet normal  -0.000000e+00  1.000000e+00  0.000000e+00
    outer loop
      vertex -3.836988e+01 -2.050000e+01  5.000768e+00
      vertex -3.462022e+01 -2.050000e+01  8.585807e+00
      vertex -3.383199e+01 -2.050000e+01  8.965396e+00
    endloop
  endfacet
  facet normal  -0.000000e+00  1.000000e+00  0.000000e+00
    outer loop
      vertex -3.836988e+01 -2.050000e+01  5.000768e+00
      vertex -3.383199e+01 -2.050000e+01  8.965396e+00
      vertex -3.301292e+01 -2.050000e+01  9.272801e+00
    endloop
  endfacet
  facet normal  -0.000000e+00  1.000000e+00  0.000000e+00
    outer loop
      vertex -3.836988e+01 -2.050000e+01  5.000768e+00
      vertex -3.301292e+01 -2.050000e+01  9.272801e+00
      vertex -3.216958e+01 -2.050000e+01  9.505548e+00
    endloop
  endfacet
  facet normal  -0.000000e+00  1.000000e+00  0.000000e+00
    outer loop
      vertex -3.836988e+01 -2.050000e+01  5.000768e+00
      vertex -3.216958e+01 -2.050000e+01  9.505548e+00
      vertex -3.130877e+01 -2.050000e+01  9.661760e+00
    endloop
  endfacet
  facet normal  -0.000000e+00  1.000000e+00  0.000000e+00
    outer loop
      vertex -3.836988e+01 -2.050000e+01  5.000768e+00
      vertex -3.130877e+01 -2.050000e+01  9.661760e+00
      vertex -3.043743e+01 -2.050000e+01  9.740182e+00
    endloop
  endfacet
  facet normal  0.000000e+00  1.000000e+00  0.000000e+00
    outer loop
      vertex -3.836988e+01 -2.050000e+01  5.000768e+00
      vertex -3.043743e+01 -2.050000e+01  9.740182e+00
      vertex -3.029003e+01 -2.050000e+01  4.240092e+00
    endloop
  endfacet
  facet normal  0.000000e+00  1.000000e+00  0.000000e+00
    outer loop
      vertex -3.836988e+01 -2.050000e+01  5.000768e+00
      vertex -3.029003e+01 -2.050000e+01  4.240092e+00
      vertex -3.878445e+01 -2.050000e+01  4.230366e+00
    endloop
  endfacet
  facet normal  0.000000e+00  1.000000e+00  -0.000000e+00
    outer loop
      vertex -2.970997e+01 -2.050000e+01  4.240092e+00
      vertex -3.029003e+01 -2.050000e+01  4.240092e+00
      vertex -3.043743e+01 -2.050000e+01  9.740182e+00
    endloop
  endfacet
  facet normal  -0.000000e+00  1.000000e+00  0.000000e+00
    outer loop
      vertex -2.970997e+01 -2.050000e+01  4.240092e+00
      vertex -3.043743e+01 -2.050000e+01  9.740182e+00
      vertex -2.956257e+01 -2.050000e+01  9.740182e+00
    endloop
  endfacet
  facet normal  0.000000e+00  1.000000e+00  0.000000e+00
    outer loop
      vertex -2.970997e+01 -2.050000e+01  4.240092e+00
      vertex -2.956257e+01 -2.050000e+01  9.740182e+00
      vertex -2.869123e+01 -2.050000e+01  9.661760e+00
    endloop
  endfacet
  facet normal  0.000000e+00  1.000000e+00  0.000000e+00
    outer loop
      vertex -2.970997e+01 -2.050000e+01  4.240092e+00
      vertex -2.869123e+01 -2.050000e+01  9.661760e+00
      vertex -2.783042e+01 -2.050000e+01  9.505548e+00
    endloop
  endfacet
  facet normal  0.000000e+00  1.000000e+00  0.000000e+00
    outer loop
      vertex -2.970997e+01 -2.050000e+01  4.240092e+00
      vertex -2.783042e+01 -2.050000e+01  9.505548e+00
      vertex -2.698708e+01 -2.050000e+01  9.272801e+00
    endloop
  endfacet
  facet normal  0.000000e+00  1.000000e+00  0.000000e+00
    outer loop
      vertex -2.970997e+01 -2.050000e+01  4.240092e+00
      vertex -2.698708e+01 -2.050000e+01  9.272801e+00
      vertex -2.616800e+01 -2.050000e+01  8.965396e+00
    endloop
  endfacet
  facet normal  0.000000e+00  1.000000e+00  0.000000e+00
    outer loop
      vertex -2.970997e+01 -2.050000e+01  4.240092e+00
      vertex -2.616800e+01 -2.050000e+01  8.965396e+00
      vertex -2.537978e+01 -2.050000e+01  8.585807e+00
    endloop
  endfacet
  facet normal  0.000000e+00  1.000000e+00  0.000000e+00
    outer loop
      vertex -2.970997e+01 -2.050000e+01  4.240092e+00
      vertex -2.537978e+01 -2.050000e+01  8.585807e+00
      vertex -2.462875e+01 -2.050000e+01  8.137089e+00
    endloop
  endfacet
  facet normal  0.000000e+00  1.000000e+00  0.000000e+00
    outer loop
      vertex -2.970997e+01 -2.050000e+01  4.240092e+00
      vertex -2.462875e+01 -2.050000e+01  8.137089e+00
      vertex -2.392097e+01 -2.050000e+01  7.622857e+00
    endloop
  endfacet
  facet normal  0.000000e+00  9.999999e-01  0.000000e+00
    outer loop
      vertex -2.970997e+01 -2.050000e+01  4.240092e+00
      vertex -2.392097e+01 -2.050000e+01  7.622857e+00
      vertex -2.326214e+01 -2.050000e+01  7.047250e+00
    endloop
  endfacet
  facet normal  0.000000e+00  9.999999e-01  0.000000e+00
    outer loop
      vertex -2.970997e+01 -2.050000e+01  4.240092e+00
      vertex -2.326214e+01 -2.050000e+01  7.047250e+00
      vertex -2.265755e+01 -2.050000e+01  6.414903e+00
    endloop
  endfacet
  facet normal  0.000000e+00  1.000000e+00  0.000000e+00
    outer loop
      vertex -2.970997e+01 -2.050000e+01  4.240092e+00
      vertex -2.265755e+01 -2.050000e+01  6.414903e+00
      vertex -2.211208e+01 -2.050000e+01  5.730906e+00
    endloop
  endfacet
  facet normal  0.000000e+00  1.000000e+00  0.000000e+00
    outer loop
      vertex -2.970997e+01 -2.050000e+01  4.240092e+00
      vertex -2.211208e+01 -2.050000e+01  5.730906e+00
      vertex -2.163013e+01 -2.050000e+01  5.000768e+00
    endloop
  endfacet
  facet normal  0.000000e+00  9.999999e-01  0.000000e+00
    outer loop
      vertex -2.970997e+01 -2.050000e+01  4.240092e+00
      vertex -2.163013e+01 -2.050000e+01  5.000768e+00
      vertex -2.121555e+01 -2.050000e+01  4.230366e+00
    endloop
  endfacet
  facet normal  0.000000e+00  9.999999e-01  0.000000e+00
    outer loop
      vertex -2.970997e+01 -2.050000e+01  4.240092e+00
      vertex -2.121555e+01 -2.050000e+01  4.230366e+00
      vertex -2.087171e+01 -2.050000e+01  3.425905e+00
    endloop
  endfacet
  facet normal  0.000000e+00  1.000000e+00  0.000000e+00
    outer loop
      vertex -2.970997e+01 -2.050000e+01  4.240092e+00
      vertex -2.087171e+01 -2.050000e+01  3.425905e+00
      vertex -2.913531e+01 -2.050000e+01  4.161108e+00
    endloop
  endfacet
  facet normal  -0.000000e+00  9.999999e-01  0.000000e+00
    outer loop
      vertex -3.912829e+01 -2.050000e+01  3.425905e+00
      vertex -3.878445e+01 -2.050000e+01  4.230366e+00
      vertex -3.029003e+01 -2.050000e+01  4.240092e+00
    endloop
  endfacet
  facet normal  0.000000e+00  1.000000e+00  0.000000e+00
    outer loop
      vertex -3.912829e+01 -2.050000e+01  3.425905e+00
      vertex -3.029003e+01 -2.050000e+01  4.240092e+00
      vertex -3.086469e+01 -2.050000e+01  4.161108e+00
    endloop
  endfacet
  facet normal  0.000000e+00  1.000000e+00  0.000000e+00
    outer loop
      vertex -3.912829e+01 -2.050000e+01  3.425905e+00
      vertex -3.086469e+01 -2.050000e+01  4.161108e+00
      vertex -3.142324e+01 -2.050000e+01  4.004609e+00
    endloop
  endfacet
  facet normal  0.000000e+00  9.999999e-01  0.000000e+00
    outer loop
      vertex -3.912829e+01 -2.050000e+01  3.425905e+00
      vertex -3.142324e+01 -2.050000e+01  4.004609e+00
      vertex -3.195528e+01 -2.050000e+01  3.773512e+00
    endloop
  endfacet
  facet normal  0.000000e+00  1.000000e+00  0.000000e+00
    outer loop
      vertex -3.912829e+01 -2.050000e+01  3.425905e+00
      vertex -3.195528e+01 -2.050000e+01  3.773512e+00
      vertex -3.245089e+01 -2.050000e+01  3.472122e+00
    endloop
  endfacet
  facet normal  0.000000e+00  1.000000e+00  0.000000e+00
    outer loop
      vertex -3.912829e+01 -2.050000e+01  3.425905e+00
      vertex -3.245089e+01 -2.050000e+01  3.472122e+00
      vertex -3.290085e+01 -2.050000e+01  3.106053e+00
    endloop
  endfacet
  facet normal  0.000000e+00  1.000000e+00  0.000000e+00
    outer loop
      vertex -3.912829e+01 -2.050000e+01  3.425905e+00
      vertex -3.290085e+01 -2.050000e+01  3.106053e+00
      vertex -3.939864e+01 -2.050000e+01  2.593859e+00
    endloop
  endfacet
  facet normal  0.000000e+00  1.000000e+00  0.000000e+00
    outer loop
      vertex -3.878445e+01 -2.050000e+01 -4.230366e+00
      vertex -3.912829e+01 -2.050000e+01 -3.425905e+00
      vertex -3.245089e+01 -2.050000e+01 -3.472122e+00
    endloop
  endfacet
  facet normal  0.000000e+00  1.000000e+00  0.000000e+00
    outer loop
      vertex -3.878445e+01 -2.050000e+01 -4.230366e+00
      vertex -3.245089e+01 -2.050000e+01 -3.472122e+00
      vertex -3.195528e+01 -2.050000e+01 -3.773512e+00
    endloop
  endfacet
  facet normal  0.000000e+00  1.000000e+00  0.000000e+00
    outer loop
      vertex -3.878445e+01 -2.050000e+01 -4.230366e+00
      vertex -3.195528e+01 -2.050000e+01 -3.773512e+00
      vertex -3.142324e+01 -2.050000e+01 -4.004609e+00
    endloop
  endfacet
  facet normal  0.000000e+00  1.000000e+00  0.000000e+00
    outer loop
      vertex -3.878445e+01 -2.050000e+01 -4.230366e+00
      vertex -3.142324e+01 -2.050000e+01 -4.004609e+00
      vertex -3.086469e+01 -2.050000e+01 -4.161108e+00
    endloop
  endfacet
  facet normal  0.000000e+00  9.999999e-01  0.000000e+00
    outer loop
      vertex -3.878445e+01 -2.050000e+01 -4.230366e+00
      vertex -3.086469e+01 -2.050000e+01 -4.161108e+00
      vertex -3.029003e+01 -2.050000e+01 -4.240092e+00
    endloop
  endfacet
  facet normal  0.000000e+00  1.000000e+00  0.000000e+00
    outer loop
      vertex -2.087171e+01 -2.050000e+01  3.425905e+00
      vertex -2.060136e+01 -2.050000e+01  2.593859e+00
      vertex -2.709915e+01 -2.050000e+01  3.106053e+00
    endloop
  endfacet
  facet normal  0.000000e+00  1.000000e+00  -0.000000e+00
    outer loop
      vertex -2.087171e+01 -2.050000e+01  3.425905e+00
      vertex -2.709915e+01 -2.050000e+01  3.106053e+00
      vertex -2.754911e+01 -2.050000e+01  3.472122e+00
    endloop
  endfacet
  facet normal  -0.000000e+00  1.000000e+00  -0.000000e+00
    outer loop
      vertex -2.087171e+01 -2.050000e+01  3.425905e+00
      vertex -2.754911e+01 -2.050000e+01  3.472122e+00
      vertex -2.804472e+01 -2.050000e+01  3.773512e+00
    endloop
  endfacet
  facet normal  -0.000000e+00  1.000000e+00  -0.000000e+00
    outer loop
      vertex -2.087171e+01 -2.050000e+01  3.425905e+00
      vertex -2.804472e+01 -2.050000e+01  3.773512e+00
      vertex -2.857676e+01 -2.050000e+01  4.004609e+00
    endloop
  endfacet
  facet normal  -0.000000e+00  1.000000e+00  -0.000000e+00
    outer loop
      vertex -2.087171e+01 -2.050000e+01  3.425905e+00
      vertex -2.857676e+01 -2.050000e+01  4.004609e+00
      vertex -2.913531e+01 -2.050000e+01  4.161108e+00
    endloop
  endfacet
  facet normal  -0.000000e+00  1.000000e+00  0.000000e+00
    outer loop
      vertex -2.121555e+01 -2.050000e+01 -4.230366e+00
      vertex -2.913531e+01 -2.050000e+01 -4.161108e+00
      vertex -2.857676e+01 -2.050000e+01 -4.004609e+00
    endloop
  endfacet
  facet normal  -0.000000e+00  1.000000e+00  0.000000e+00
    outer loop
      vertex -2.121555e+01 -2.050000e+01 -4.230366e+00
      vertex -2.857676e+01 -2.050000e+01 -4.004609e+00
      vertex -2.804472e+01 -2.050000e+01 -3.773512e+00
    endloop
  endfacet
  facet normal  -0.000000e+00  1.000000e+00  0.000000e+00
    outer loop
      vertex -2.121555e+01 -2.050000e+01 -4.230366e+00
      vertex -2.804472e+01 -2.050000e+01 -3.773512e+00
      vertex -2.754911e+01 -2.050000e+01 -3.472122e+00
    endloop
  endfacet
  facet normal  -0.000000e+00  1.000000e+00  0.000000e+00
    outer loop
      vertex -2.121555e+01 -2.050000e+01 -4.230366e+00
      vertex -2.754911e+01 -2.050000e+01 -3.472122e+00
      vertex -2.087171e+01 -2.050000e+01 -3.425905e+00
    endloop
  endfacet
  facet normal  -0.000000e+00  1.000000e+00  0.000000e+00
    outer loop
      vertex -3.389815e+01 -2.050000e+01  1.693205e+00
      vertex -3.959332e+01 -2.050000e+01  1.740930e+00
      vertex -3.363128e+01 -2.050000e+01  2.208232e+00
    endloop
  endfacet
  facet normal  0.000000e+00  1.000000e+00  0.000000e+00
    outer loop
      vertex -3.363128e+01 -2.050000e+01  2.208232e+00
      vertex -3.959332e+01 -2.050000e+01  1.740930e+00
      vertex -3.939864e+01 -2.050000e+01  2.593859e+00
    endloop
  endfacet
  facet normal  -0.000000e+00  1.000000e+00  0.000000e+00
    outer loop
      vertex -3.363128e+01 -2.050000e+01  2.208232e+00
      vertex -3.939864e+01 -2.050000e+01  2.593859e+00
      vertex -3.329677e+01 -2.050000e+01  2.682124e+00
    endloop
  endfacet
  facet normal  0.000000e+00  1.000000e+00  0.000000e+00
    outer loop
      vertex -3.425000e+01 -2.050000e+01  0.000000e+00
      vertex -3.975000e+01 -2.050000e+01 -2.358683e-15
      vertex -3.421041e+01 -2.050000e+01  5.787082e-01
    endloop
  endfacet
  facet normal  0.000000e+00  1.000000e+00  0.000000e+00
    outer loop
      vertex -3.421041e+01 -2.050000e+01  5.787082e-01
      vertex -3.975000e+01 -2.050000e+01 -2.358683e-15
      vertex -3.971075e+01 -2.050000e+01  8.739833e-01
    endloop
  endfacet
  facet normal  -0.000000e+00  1.000000e+00  0.000000e+00
    outer loop
      vertex -3.421041e+01 -2.050000e+01  5.787082e-01
      vertex -3.971075e+01 -2.050000e+01  8.739833e-01
      vertex -3.409240e+01 -2.050000e+01  1.146636e+00
    endloop
  endfacet
  facet normal  0.000000e+00  1.000000e+00  0.000000e+00
    outer loop
      vertex -3.409240e+01 -2.050000e+01  1.146636e+00
      vertex -3.971075e+01 -2.050000e+01  8.739833e-01
      vertex -3.959332e+01 -2.050000e+01  1.740930e+00
    endloop
  endfacet
  facet normal  0.000000e+00  1.000000e+00  0.000000e+00
    outer loop
      vertex -3.409240e+01 -2.050000e+01  1.146636e+00
      vertex -3.959332e+01 -2.050000e+01  1.740930e+00
      vertex -3.389815e+01 -2.050000e+01  1.693205e+00
    endloop
  endfacet
  facet normal  -0.000000e+00  1.000000e+00  0.000000e+00
    outer loop
      vertex -3.409240e+01 -2.050000e+01 -1.146636e+00
      vertex -3.971075e+01 -2.050000e+01 -8.739833e-01
      vertex -3.421041e+01 -2.050000e+01 -5.787082e-01
    endloop
  endfacet
  facet normal  0.000000e+00  1.000000e+00  0.000000e+00
    outer loop
      vertex -3.421041e+01 -2.050000e+01 -5.787082e-01
      vertex -3.971075e+01 -2.050000e+01 -8.739833e-01
      vertex -3.975000e+01 -2.050000e+01 -2.358683e-15
    endloop
  endfacet
  facet normal  -0.000000e+00  1.000000e+00  0.000000e+00
    outer loop
      vertex -3.421041e+01 -2.050000e+01 -5.787082e-01
      vertex -3.975000e+01 -2.050000e+01 -2.358683e-15
      vertex -3.425000e+01 -2.050000e+01  0.000000e+00
    endloop
  endfacet
  facet normal  -0.000000e+00  1.000000e+00  0.000000e+00
    outer loop
      vertex -3.329677e+01 -2.050000e+01 -2.682124e+00
      vertex -3.939864e+01 -2.050000e+01 -2.593859e+00
      vertex -3.363128e+01 -2.050000e+01 -2.208232e+00
    endloop
  endfacet
  facet normal  0.000000e+00  1.000000e+00  0.000000e+00
    outer loop
      vertex -3.363128e+01 -2.050000e+01 -2.208232e+00
      vertex -3.939864e+01 -2.050000e+01 -2.593859e+00
      vertex -3.959332e+01 -2.050000e+01 -1.740930e+00
    endloop
  endfacet
  facet normal  -0.000000e+00  1.000000e+00  0.000000e+00
    outer loop
      vertex -3.363128e+01 -2.050000e+01 -2.208232e+00
      vertex -3.959332e+01 -2.050000e+01 -1.740930e+00
      vertex -3.389815e+01 -2.050000e+01 -1.693205e+00
    endloop
  endfacet
  facet normal  0.000000e+00  1.000000e+00  0.000000e+00
    outer loop
      vertex -3.389815e+01 -2.050000e+01 -1.693205e+00
      vertex -3.959332e+01 -2.050000e+01 -1.740930e+00
      vertex -3.971075e+01 -2.050000e+01 -8.739833e-01
    endloop
  endfacet
  facet normal  0.000000e+00  1.000000e+00  0.000000e+00
    outer loop
      vertex -3.389815e+01 -2.050000e+01 -1.693205e+00
      vertex -3.971075e+01 -2.050000e+01 -8.739833e-01
      vertex -3.409240e+01 -2.050000e+01 -1.146636e+00
    endloop
  endfacet
  facet normal  -0.000000e+00  1.000000e+00  0.000000e+00
    outer loop
      vertex -3.245089e+01 -2.050000e+01 -3.472122e+00
      vertex -3.912829e+01 -2.050000e+01 -3.425905e+00
      vertex -3.290085e+01 -2.050000e+01 -3.106053e+00
    endloop
  endfacet
  facet normal  0.000000e+00  1.000000e+00  0.000000e+00
    outer loop
      vertex -3.290085e+01 -2.050000e+01 -3.106053e+00
      vertex -3.912829e+01 -2.050000e+01 -3.425905e+00
      vertex -3.939864e+01 -2.050000e+01 -2.593859e+00
    endloop
  endfacet
  facet normal  0.000000e+00  1.000000e+00  0.000000e+00
    outer loop
      vertex -3.290085e+01 -2.050000e+01 -3.106053e+00
      vertex -3.939864e+01 -2.050000e+01 -2.593859e+00
      vertex -3.329677e+01 -2.050000e+01 -2.682124e+00
    endloop
  endfacet
  facet normal  0.000000e+00  1.000000e+00  0.000000e+00
    outer loop
      vertex -2.709915e+01 -2.050000e+01  3.106053e+00
      vertex -2.060136e+01 -2.050000e+01  2.593859e+00
      vertex -2.670323e+01 -2.050000e+01  2.682124e+00
    endloop
  endfacet
  facet normal  0.000000e+00  1.000000e+00  0.000000e+00
    outer loop
      vertex -2.670323e+01 -2.050000e+01  2.682124e+00
      vertex -2.060136e+01 -2.050000e+01  2.593859e+00
      vertex -2.040669e+01 -2.050000e+01  1.740930e+00
    endloop
  endfacet
  facet normal  0.000000e+00  9.999999e-01  0.000000e+00
    outer loop
      vertex -2.670323e+01 -2.050000e+01  2.682124e+00
      vertex -2.040669e+01 -2.050000e+01  1.740930e+00
      vertex -2.636872e+01 -2.050000e+01  2.208232e+00
    endloop
  endfacet
  facet normal  0.000000e+00  1.000000e+00  0.000000e+00
    outer loop
      vertex -2.575000e+01 -2.050000e+01  5.204749e-16
      vertex -2.578959e+01 -2.050000e+01  5.787082e-01
      vertex -2.025000e+01 -2.050000e+01 -3.552714e-15
    endloop
  endfacet
  facet normal  0.000000e+00  9.999999e-01  0.000000e+00
    outer loop
      vertex -2.025000e+01 -2.050000e+01 -3.552714e-15
      vertex -2.578959e+01 -2.050000e+01  5.787082e-01
      vertex -2.590760e+01 -2.050000e+01  1.146636e+00
    endloop
  endfacet
  facet normal  0.000000e+00  1.000000e+00  0.000000e+00
    outer loop
      vertex -2.025000e+01 -2.050000e+01 -3.552714e-15
      vertex -2.590760e+01 -2.050000e+01  1.146636e+00
      vertex -2.028925e+01 -2.050000e+01  8.739833e-01
    endloop
  endfacet
  facet normal  0.000000e+00  1.000000e+00  0.000000e+00
    outer loop
      vertex -2.028925e+01 -2.050000e+01  8.739833e-01
      vertex -2.590760e+01 -2.050000e+01  1.146636e+00
      vertex -2.610185e+01 -2.050000e+01  1.693205e+00
    endloop
  endfacet
  facet normal  -0.000000e+00  1.000000e+00  0.000000e+00
    outer loop
      vertex -2.028925e+01 -2.050000e+01  8.739833e-01
      vertex -2.610185e+01 -2.050000e+01  1.693205e+00
      vertex -2.040669e+01 -2.050000e+01  1.740930e+00
    endloop
  endfacet
  facet normal  0.000000e+00  9.999999e-01  0.000000e+00
    outer loop
      vertex -2.590760e+01 -2.050000e+01 -1.146636e+00
      vertex -2.578959e+01 -2.050000e+01 -5.787082e-01
      vertex -2.028925e+01 -2.050000e+01 -8.739833e-01
    endloop
  endfacet
  facet normal  0.000000e+00  9.999999e-01  0.000000e+00
    outer loop
      vertex -2.028925e+01 -2.050000e+01 -8.739833e-01
      vertex -2.578959e+01 -2.050000e+01 -5.787082e-01
      vertex -2.575000e+01 -2.050000e+01  5.204749e-16
    endloop
  endfacet
  facet normal  0.000000e+00  1.000000e+00  0.000000e+00
    outer loop
      vertex -2.028925e+01 -2.050000e+01 -8.739833e-01
      vertex -2.575000e+01 -2.050000e+01  5.204749e-16
      vertex -2.025000e+01 -2.050000e+01 -3.552714e-15
    endloop
  endfacet
  facet normal  0.000000e+00  1.000000e+00  0.000000e+00
    outer loop
      vertex -2.670323e+01 -2.050000e+01 -2.682124e+00
      vertex -2.636872e+01 -2.050000e+01 -2.208232e+00
      vertex -2.060136e+01 -2.050000e+01 -2.593859e+00
    endloop
  endfacet
  facet normal  0.000000e+00  1.000000e+00  0.000000e+00
    outer loop
      vertex -2.060136e+01 -2.050000e+01 -2.593859e+00
      vertex -2.636872e+01 -2.050000e+01 -2.208232e+00
      vertex -2.610185e+01 -2.050000e+01 -1.693205e+00
    endloop
  endfacet
  facet normal  0.000000e+00  1.000000e+00  0.000000e+00
    outer loop
      vertex -2.060136e+01 -2.050000e+01 -2.593859e+00
      vertex -2.610185e+01 -2.050000e+01 -1.693205e+00
      vertex -2.040669e+01 -2.050000e+01 -1.740930e+00
    endloop
  endfacet
  facet normal  0.000000e+00  1.000000e+00  0.000000e+00
    outer loop
      vertex -2.040669e+01 -2.050000e+01 -1.740930e+00
      vertex -2.610185e+01 -2.050000e+01 -1.693205e+00
      vertex -2.590760e+01 -2.050000e+01 -1.146636e+00
    endloop
  endfacet
  facet normal  -0.000000e+00  1.000000e+00  0.000000e+00
    outer loop
      vertex -2.040669e+01 -2.050000e+01 -1.740930e+00
      vertex -2.590760e+01 -2.050000e+01 -1.146636e+00
      vertex -2.028925e+01 -2.050000e+01 -8.739833e-01
    endloop
  endfacet
  facet normal  0.000000e+00  1.000000e+00  0.000000e+00
    outer loop
      vertex -2.754911e+01 -2.050000e+01 -3.472122e+00
      vertex -2.709915e+01 -2.050000e+01 -3.106053e+00
      vertex -2.087171e+01 -2.050000e+01 -3.425905e+00
    endloop
  endfacet
  facet normal  0.000000e+00  1.000000e+00  0.000000e+00
    outer loop
      vertex -2.087171e+01 -2.050000e+01 -3.425905e+00
      vertex -2.709915e+01 -2.050000e+01 -3.106053e+00
      vertex -2.670323e+01 -2.050000e+01 -2.682124e+00
    endloop
  endfacet
  facet normal  -0.000000e+00  1.000000e+00  0.000000e+00
    outer loop
      vertex -2.087171e+01 -2.050000e+01 -3.425905e+00
      vertex -2.670323e+01 -2.050000e+01 -2.682124e+00
      vertex -2.060136e+01 -2.050000e+01 -2.593859e+00
    endloop
  endfacet
  facet normal -9.999999e-01  -0.000000e+00  0.000000e+00
    outer loop
      vertex -8.650000e+01 -2.300000e+01 -1.300000e+01
      vertex -8.650000e+01  2.300000e+01 -1.300000e+01
      vertex -8.650000e+01 -2.300000e+01 -2.300000e+01
    endloop
  endfacet
  facet normal -9.999999e-01  0.000000e+00  0.000000e+00
    outer loop
      vertex -8.650000e+01 -2.300000e+01 -2.300000e+01
      vertex -8.650000e+01  2.300000e+01 -1.300000e+01
      vertex -8.650000e+01  2.300000e+01 -2.300000e+01
    endloop
  endfacet
  facet normal -1.000000e+00  0.000000e+00  0.000000e+00
    outer loop
      vertex -5.850000e+01 -2.300000e+01 -1.300000e+01
      vertex -5.850000e+01 -2.300000e+01  3.205837e+00
      vertex -5.850000e+01 -1.500000e+01 -1.300000e+01
    endloop
  endfacet
  facet normal -1.000000e+00  0.000000e+00  0.000000e+00
    outer loop
      vertex -5.850000e+01 -1.500000e+01 -1.300000e+01
      vertex -5.850000e+01 -2.300000e+01  3.205837e+00
      vertex -5.850000e+01 -1.500000e+01  3.205837e+00
    endloop
  endfacet
  facet normal  0.000000e+00  -0.000000e+00  1.000000e+00
    outer loop
      vertex -7.449171e+01 -1.132875e+01 -1.300000e+01
      vertex -7.417125e+01 -1.100828e+01 -1.300000e+01
      vertex -7.250000e+01  1.040000e+01 -1.300000e+01
    endloop
  endfacet
  facet normal  0.000000e+00  -0.000000e+00  1.000000e+00
    outer loop
      vertex -7.417125e+01 -1.100828e+01 -1.300000e+01
      vertex -7.380000e+01 -1.074833e+01 -1.300000e+01
      vertex -7.250000e+01  1.040000e+01 -1.300000e+01
    endloop
  endfacet
  facet normal  0.000000e+00  -0.000000e+00  1.000000e+00
    outer loop
      vertex -7.380000e+01 -1.074833e+01 -1.300000e+01
      vertex -7.338925e+01 -1.055680e+01 -1.300000e+01
      vertex -7.250000e+01  1.040000e+01 -1.300000e+01
    endloop
  endfacet
  facet normal  0.000000e+00  -0.000000e+00  1.000000e+00
    outer loop
      vertex -7.338925e+01 -1.055680e+01 -1.300000e+01
      vertex -7.295148e+01 -1.043950e+01 -1.300000e+01
      vertex -7.250000e+01  1.040000e+01 -1.300000e+01
    endloop
  endfacet
  facet normal  0.000000e+00  -0.000000e+00  9.999999e-01
    outer loop
      vertex -7.295148e+01 -1.043950e+01 -1.300000e+01
      vertex -7.250000e+01 -1.040000e+01 -1.300000e+01
      vertex -7.250000e+01  1.040000e+01 -1.300000e+01
    endloop
  endfacet
  facet normal  0.000000e+00  0.000000e+00  1.000000e+00
    outer loop
      vertex -7.161075e+01 -1.055680e+01 -1.300000e+01
      vertex -7.250000e+01  1.040000e+01 -1.300000e+01
      vertex -7.204852e+01 -1.043950e+01 -1.300000e+01
    endloop
  endfacet
  facet normal  0.000000e+00  0.000000e+00  9.999999e-01
    outer loop
      vertex -7.204852e+01 -1.043950e+01 -1.300000e+01
      vertex -7.250000e+01  1.040000e+01 -1.300000e+01
      vertex -7.250000e+01 -1.040000e+01 -1.300000e+01
    endloop
  endfacet
  facet normal  0.000000e+00  0.000000e+00  1.000000e+00
    outer loop
      vertex -6.150000e+01 -1.500000e+01 -1.300000e+01
      vertex -7.005680e+01  1.388925e+01 -1.300000e+01
      vertex -6.993950e+01  1.345149e+01 -1.300000e+01
    endloop
  endfacet
  facet normal  0.000000e+00  0.000000e+00  1.000000e+00
    outer loop
      vertex -6.150000e+01 -1.500000e+01 -1.300000e+01
      vertex -6.993950e+01  1.345149e+01 -1.300000e+01
      vertex -6.990000e+01  1.300000e+01 -1.300000e+01
    endloop
  endfacet
  facet normal  0.000000e+00  0.000000e+00  1.000000e+00
    outer loop
      vertex -6.150000e+01 -1.500000e+01 -1.300000e+01
      vertex -6.990000e+01  1.300000e+01 -1.300000e+01
      vertex -6.993950e+01  1.254851e+01 -1.300000e+01
    endloop
  endfacet
  facet normal  0.000000e+00  0.000000e+00  9.999999e-01
    outer loop
      vertex -6.150000e+01 -1.500000e+01 -1.300000e+01
      vertex -6.993950e+01  1.254851e+01 -1.300000e+01
      vertex -7.005680e+01  1.211075e+01 -1.300000e+01
    endloop
  endfacet
  facet normal  0.000000e+00  0.000000e+00  1.000000e+00
    outer loop
      vertex -6.150000e+01 -1.500000e+01 -1.300000e+01
      vertex -7.005680e+01  1.211075e+01 -1.300000e+01
      vertex -7.024834e+01  1.170000e+01 -1.300000e+01
    endloop
  endfacet
  facet normal  0.000000e+00  0.000000e+00  9.999999e-01
    outer loop
      vertex -6.150000e+01 -1.500000e+01 -1.300000e+01
      vertex -7.024834e+01  1.170000e+01 -1.300000e+01
      vertex -7.050829e+01  1.132875e+01 -1.300000e+01
    endloop
  endfacet
  facet normal  0.000000e+00  0.000000e+00  1.000000e+00
    outer loop
      vertex -6.150000e+01 -1.500000e+01 -1.300000e+01
      vertex -7.050829e+01  1.132875e+01 -1.300000e+01
      vertex -7.082875e+01  1.100828e+01 -1.300000e+01
    endloop
  endfacet
  facet normal  0.000000e+00  0.000000e+00  1.000000e+00
    outer loop
      vertex -6.150000e+01 -1.500000e+01 -1.300000e+01
      vertex -7.082875e+01  1.100828e+01 -1.300000e+01
      vertex -7.120000e+01  1.074833e+01 -1.300000e+01
    endloop
  endfacet
  facet normal  0.000000e+00  0.000000e+00  1.000000e+00
    outer loop
      vertex -6.150000e+01 -1.500000e+01 -1.300000e+01
      vertex -7.120000e+01  1.074833e+01 -1.300000e+01
      vertex -7.161075e+01  1.055680e+01 -1.300000e+01
    endloop
  endfacet
  facet normal  0.000000e+00  0.000000e+00  1.000000e+00
    outer loop
      vertex -6.150000e+01 -1.500000e+01 -1.300000e+01
      vertex -7.161075e+01  1.055680e+01 -1.300000e+01
      vertex -7.204852e+01  1.043950e+01 -1.300000e+01
    endloop
  endfacet
  facet normal  0.000000e+00  0.000000e+00  9.999999e-01
    outer loop
      vertex -6.150000e+01 -1.500000e+01 -1.300000e+01
      vertex -7.204852e+01  1.043950e+01 -1.300000e+01
      vertex -7.250000e+01  1.040000e+01 -1.300000e+01
    endloop
  endfacet
  facet normal  0.000000e+00  0.000000e+00  9.999999e-01
    outer loop
      vertex -6.150000e+01 -1.500000e+01 -1.300000e+01
      vertex -7.250000e+01  1.040000e+01 -1.300000e+01
      vertex -7.161075e+01 -1.055680e+01 -1.300000e+01
    endloop
  endfacet
  facet normal  0.000000e+00  0.000000e+00  1.000000e+00
    outer loop
      vertex -6.150000e+01 -1.500000e+01 -1.300000e+01
      vertex -7.161075e+01 -1.055680e+01 -1.300000e+01
      vertex -7.120000e+01 -1.074833e+01 -1.300000e+01
    endloop
  endfacet
  facet normal  0.000000e+00  0.000000e+00  1.000000e+00
    outer loop
      vertex -6.150000e+01 -1.500000e+01 -1.300000e+01
      vertex -7.120000e+01 -1.074833e+01 -1.300000e+01
      vertex -7.082875e+01 -1.100828e+01 -1.300000e+01
    endloop
  endfacet
  facet normal  0.000000e+00  0.000000e+00  9.999999e-01
    outer loop
      vertex -6.150000e+01 -1.500000e+01 -1.300000e+01
      vertex -7.082875e+01 -1.100828e+01 -1.300000e+01
      vertex -7.050829e+01 -1.132875e+01 -1.300000e+01
    endloop
  endfacet
  facet normal  0.000000e+00  0.000000e+00  1.000000e+00
    outer loop
      vertex -6.150000e+01 -1.500000e+01 -1.300000e+01
      vertex -7.050829e+01 -1.132875e+01 -1.300000e+01
      vertex -7.024834e+01 -1.170000e+01 -1.300000e+01
    endloop
  endfacet
  facet normal  0.000000e+00  0.000000e+00  1.000000e+00
    outer loop
      vertex -6.150000e+01 -1.500000e+01 -1.300000e+01
      vertex -7.024834e+01 -1.170000e+01 -1.300000e+01
      vertex -7.005680e+01 -1.211075e+01 -1.300000e+01
    endloop
  endfacet
  facet normal  0.000000e+00  0.000000e+00  1.000000e+00
    outer loop
      vertex -6.150000e+01 -1.500000e+01 -1.300000e+01
      vertex -7.005680e+01 -1.211075e+01 -1.300000e+01
      vertex -6.993950e+01 -1.254851e+01 -1.300000e+01
    endloop
  endfacet
  facet normal  0.000000e+00  0.000000e+00  1.000000e+00
    outer loop
      vertex -6.150000e+01 -1.500000e+01 -1.300000e+01
      vertex -6.993950e+01 -1.254851e+01 -1.300000e+01
      vertex -6.990000e+01 -1.300000e+01 -1.300000e+01
    endloop
  endfacet
  facet normal  0.000000e+00  0.000000e+00  1.000000e+00
    outer loop
      vertex -6.150000e+01 -1.500000e+01 -1.300000e+01
      vertex -6.990000e+01 -1.300000e+01 -1.300000e+01
      vertex -6.993950e+01 -1.345149e+01 -1.300000e+01
    endloop
  endfacet
  facet normal  0.000000e+00  0.000000e+00  1.000000e+00
    outer loop
      vertex -6.150000e+01 -1.500000e+01 -1.300000e+01
      vertex -6.993950e+01 -1.345149e+01 -1.300000e+01
      vertex -7.005680e+01 -1.388925e+01 -1.300000e+01
    endloop
  endfacet
  facet normal  0.000000e+00  0.000000e+00  1.000000e+00
    outer loop
      vertex -6.150000e+01 -1.500000e+01 -1.300000e+01
      vertex -7.005680e+01 -1.388925e+01 -1.300000e+01
      vertex -7.024834e+01 -1.430000e+01 -1.300000e+01
    endloop
  endfacet
  facet normal  0.000000e+00  0.000000e+00  9.999999e-01
    outer loop
      vertex -6.150000e+01 -1.500000e+01 -1.300000e+01
      vertex -7.024834e+01 -1.430000e+01 -1.300000e+01
      vertex -7.050829e+01 -1.467125e+01 -1.300000e+01
    endloop
  endfacet
  facet normal  0.000000e+00  0.000000e+00  1.000000e+00
    outer loop
      vertex -6.150000e+01 -1.500000e+01 -1.300000e+01
      vertex -7.050829e+01 -1.467125e+01 -1.300000e+01
      vertex -7.082875e+01 -1.499172e+01 -1.300000e+01
    endloop
  endfacet
  facet normal  0.000000e+00  0.000000e+00  1.000000e+00
    outer loop
      vertex -6.150000e+01 -1.500000e+01 -1.300000e+01
      vertex -7.082875e+01 -1.499172e+01 -1.300000e+01
      vertex -7.120000e+01 -1.525167e+01 -1.300000e+01
    endloop
  endfacet
  facet normal  0.000000e+00  0.000000e+00  9.999999e-01
    outer loop
      vertex -6.150000e+01 -1.500000e+01 -1.300000e+01
      vertex -7.120000e+01 -1.525167e+01 -1.300000e+01
      vertex -5.850000e+01 -1.500000e+01 -1.300000e+01
    endloop
  endfacet
  facet normal  0.000000e+00  0.000000e+00  1.000000e+00
    outer loop
      vertex -8.650000e+01  2.300000e+01 -1.300000e+01
      vertex -8.650000e+01 -2.300000e+01 -1.300000e+01
      vertex -7.494320e+01  1.388925e+01 -1.300000e+01
    endloop
  endfacet
  facet normal  0.000000e+00  -0.000000e+00  9.999999e-01
    outer loop
      vertex -8.650000e+01  2.300000e+01 -1.300000e+01
      vertex -7.494320e+01  1.388925e+01 -1.300000e+01
      vertex -7.475166e+01  1.430000e+01 -1.300000e+01
    endloop
  endfacet
  facet normal  0.000000e+00  -0.000000e+00  1.000000e+00
    outer loop
      vertex -8.650000e+01  2.300000e+01 -1.300000e+01
      vertex -7.475166e+01  1.430000e+01 -1.300000e+01
      vertex -7.449171e+01  1.467125e+01 -1.300000e+01
    endloop
  endfacet
  facet normal  0.000000e+00  -0.000000e+00  1.000000e+00
    outer loop
      vertex -8.650000e+01  2.300000e+01 -1.300000e+01
      vertex -7.449171e+01  1.467125e+01 -1.300000e+01
      vertex -7.417125e+01  1.499172e+01 -1.300000e+01
    endloop
  endfacet
  facet normal  0.000000e+00  -0.000000e+00  9.999999e-01
    outer loop
      vertex -8.650000e+01  2.300000e+01 -1.300000e+01
      vertex -7.417125e+01  1.499172e+01 -1.300000e+01
      vertex -7.380000e+01  1.525167e+01 -1.300000e+01
    endloop
  endfacet
  facet normal  0.000000e+00  -0.000000e+00  1.000000e+00
    outer loop
      vertex -8.650000e+01  2.300000e+01 -1.300000e+01
      vertex -7.380000e+01  1.525167e+01 -1.300000e+01
      vertex -7.338925e+01  1.544320e+01 -1.300000e+01
    endloop
  endfacet
  facet normal  0.000000e+00  -0.000000e+00  1.000000e+00
    outer loop
      vertex -8.650000e+01  2.300000e+01 -1.300000e+01
      vertex -7.338925e+01  1.544320e+01 -1.300000e+01
      vertex -7.295148e+01  1.556050e+01 -1.300000e+01
    endloop
  endfacet
  facet normal  0.000000e+00  -0.000000e+00  1.000000e+00
    outer loop
      vertex -8.650000e+01  2.300000e+01 -1.300000e+01
      vertex -7.295148e+01  1.556050e+01 -1.300000e+01
      vertex -7.250000e+01  1.560000e+01 -1.300000e+01
    endloop
  endfacet
  facet normal  0.000000e+00  -0.000000e+00  1.000000e+00
    outer loop
      vertex -8.650000e+01  2.300000e+01 -1.300000e+01
      vertex -7.250000e+01  1.560000e+01 -1.300000e+01
      vertex -6.150000e+01  2.300000e+01 -1.300000e+01
    endloop
  endfacet
  facet normal  0.000000e+00  -0.000000e+00  1.000000e+00
    outer loop
      vertex -8.650000e+01 -2.300000e+01 -1.300000e+01
      vertex -5.850000e+01 -2.300000e+01 -1.300000e+01
      vertex -5.850000e+01 -1.500000e+01 -1.300000e+01
    endloop
  endfacet
  facet normal  0.000000e+00  0.000000e+00  1.000000e+00
    outer loop
      vertex -8.650000e+01 -2.300000e+01 -1.300000e+01
      vertex -5.850000e+01 -1.500000e+01 -1.300000e+01
      vertex -7.250000e+01 -1.560000e+01 -1.300000e+01
    endloop
  endfacet
  facet normal  0.000000e+00  0.000000e+00  1.000000e+00
    outer loop
      vertex -8.650000e+01 -2.300000e+01 -1.300000e+01
      vertex -7.250000e+01 -1.560000e+01 -1.300000e+01
      vertex -7.295148e+01 -1.556050e+01 -1.300000e+01
    endloop
  endfacet
  facet normal  0.000000e+00  0.000000e+00  1.000000e+00
    outer loop
      vertex -8.650000e+01 -2.300000e+01 -1.300000e+01
      vertex -7.295148e+01 -1.556050e+01 -1.300000e+01
      vertex -7.338925e+01 -1.544320e+01 -1.300000e+01
    endloop
  endfacet
  facet normal  0.000000e+00  0.000000e+00  1.000000e+00
    outer loop
      vertex -8.650000e+01 -2.300000e+01 -1.300000e+01
      vertex -7.338925e+01 -1.544320e+01 -1.300000e+01
      vertex -7.380000e+01 -1.525167e+01 -1.300000e+01
    endloop
  endfacet
  facet normal  0.000000e+00  0.000000e+00  9.999999e-01
    outer loop
      vertex -8.650000e+01 -2.300000e+01 -1.300000e+01
      vertex -7.380000e+01 -1.525167e+01 -1.300000e+01
      vertex -7.417125e+01 -1.499172e+01 -1.300000e+01
    endloop
  endfacet
  facet normal  0.000000e+00  0.000000e+00  1.000000e+00
    outer loop
      vertex -8.650000e+01 -2.300000e+01 -1.300000e+01
      vertex -7.417125e+01 -1.499172e+01 -1.300000e+01
      vertex -7.449171e+01 -1.467125e+01 -1.300000e+01
    endloop
  endfacet
  facet normal  0.000000e+00  0.000000e+00  1.000000e+00
    outer loop
      vertex -8.650000e+01 -2.300000e+01 -1.300000e+01
      vertex -7.449171e+01 -1.467125e+01 -1.300000e+01
      vertex -7.475166e+01 -1.430000e+01 -1.300000e+01
    endloop
  endfacet
  facet normal  0.000000e+00  0.000000e+00  9.999999e-01
    outer loop
      vertex -8.650000e+01 -2.300000e+01 -1.300000e+01
      vertex -7.475166e+01 -1.430000e+01 -1.300000e+01
      vertex -7.494320e+01 -1.388925e+01 -1.300000e+01
    endloop
  endfacet
  facet normal  0.000000e+00  0.000000e+00  1.000000e+00
    outer loop
      vertex -8.650000e+01 -2.300000e+01 -1.300000e+01
      vertex -7.494320e+01 -1.388925e+01 -1.300000e+01
      vertex -7.506050e+01 -1.345149e+01 -1.300000e+01
    endloop
  endfacet
  facet normal  0.000000e+00  0.000000e+00  1.000000e+00
    outer loop
      vertex -8.650000e+01 -2.300000e+01 -1.300000e+01
      vertex -7.506050e+01 -1.345149e+01 -1.300000e+01
      vertex -7.510000e+01 -1.300000e+01 -1.300000e+01
    endloop
  endfacet
  facet normal  0.000000e+00  -0.000000e+00  1.000000e+00
    outer loop
      vertex -8.650000e+01 -2.300000e+01 -1.300000e+01
      vertex -7.510000e+01 -1.300000e+01 -1.300000e+01
      vertex -7.506050e+01 -1.254851e+01 -1.300000e+01
    endloop
  endfacet
  facet normal  0.000000e+00  -0.000000e+00  1.000000e+00
    outer loop
      vertex -8.650000e+01 -2.300000e+01 -1.300000e+01
      vertex -7.506050e+01 -1.254851e+01 -1.300000e+01
      vertex -7.494320e+01 -1.211075e+01 -1.300000e+01
    endloop
  endfacet
  facet normal  0.000000e+00  -0.000000e+00  1.000000e+00
    outer loop
      vertex -8.650000e+01 -2.300000e+01 -1.300000e+01
      vertex -7.494320e+01 -1.211075e+01 -1.300000e+01
      vertex -7.475166e+01 -1.170000e+01 -1.300000e+01
    endloop
  endfacet
  facet normal  0.000000e+00  -0.000000e+00  1.000000e+00
    outer loop
      vertex -8.650000e+01 -2.300000e+01 -1.300000e+01
      vertex -7.475166e+01 -1.170000e+01 -1.300000e+01
      vertex -7.449171e+01 -1.132875e+01 -1.300000e+01
    endloop
  endfacet
  facet normal  0.000000e+00  -0.000000e+00  1.000000e+00
    outer loop
      vertex -8.650000e+01 -2.300000e+01 -1.300000e+01
      vertex -7.449171e+01 -1.132875e+01 -1.300000e+01
      vertex -7.250000e+01  1.040000e+01 -1.300000e+01
    endloop
  endfacet
  facet normal  0.000000e+00  0.000000e+00  1.000000e+00
    outer loop
      vertex -8.650000e+01 -2.300000e+01 -1.300000e+01
      vertex -7.250000e+01  1.040000e+01 -1.300000e+01
      vertex -7.295148e+01  1.043950e+01 -1.300000e+01
    endloop
  endfacet
  facet normal  0.000000e+00  0.000000e+00  1.000000e+00
    outer loop
      vertex -8.650000e+01 -2.300000e+01 -1.300000e+01
      vertex -7.295148e+01  1.043950e+01 -1.300000e+01
      vertex -7.338925e+01  1.055680e+01 -1.300000e+01
    endloop
  endfacet
  facet normal  0.000000e+00  0.000000e+00  1.000000e+00
    outer loop
      vertex -8.650000e+01 -2.300000e+01 -1.300000e+01
      vertex -7.338925e+01  1.055680e+01 -1.300000e+01
      vertex -7.380000e+01  1.074833e+01 -1.300000e+01
    endloop
  endfacet
  facet normal  0.000000e+00  0.000000e+00  1.000000e+00
    outer loop
      vertex -8.650000e+01 -2.300000e+01 -1.300000e+01
      vertex -7.380000e+01  1.074833e+01 -1.300000e+01
      vertex -7.417125e+01  1.100828e+01 -1.300000e+01
    endloop
  endfacet
  facet normal  0.000000e+00  0.000000e+00  1.000000e+00
    outer loop
      vertex -8.650000e+01 -2.300000e+01 -1.300000e+01
      vertex -7.417125e+01  1.100828e+01 -1.300000e+01
      vertex -7.449171e+01  1.132875e+01 -1.300000e+01
    endloop
  endfacet
  facet normal  0.000000e+00  0.000000e+00  1.000000e+00
    outer loop
      vertex -8.650000e+01 -2.300000e+01 -1.300000e+01
      vertex -7.449171e+01  1.132875e+01 -1.300000e+01
      vertex -7.475166e+01  1.170000e+01 -1.300000e+01
    endloop
  endfacet
  facet normal  0.000000e+00  0.000000e+00  1.000000e+00
    outer loop
      vertex -8.650000e+01 -2.300000e+01 -1.300000e+01
      vertex -7.475166e+01  1.170000e+01 -1.300000e+01
      vertex -7.494320e+01  1.211075e+01 -1.300000e+01
    endloop
  endfacet
  facet normal  0.000000e+00  0.000000e+00  1.000000e+00
    outer loop
      vertex -8.650000e+01 -2.300000e+01 -1.300000e+01
      vertex -7.494320e+01  1.211075e+01 -1.300000e+01
      vertex -7.506050e+01  1.254851e+01 -1.300000e+01
    endloop
  endfacet
  facet normal  0.000000e+00  0.000000e+00  1.000000e+00
    outer loop
      vertex -8.650000e+01 -2.300000e+01 -1.300000e+01
      vertex -7.506050e+01  1.254851e+01 -1.300000e+01
      vertex -7.510000e+01  1.300000e+01 -1.300000e+01
    endloop
  endfacet
  facet normal  0.000000e+00  -0.000000e+00  9.999999e-01
    outer loop
      vertex -8.650000e+01 -2.300000e+01 -1.300000e+01
      vertex -7.510000e+01  1.300000e+01 -1.300000e+01
      vertex -7.506050e+01  1.345149e+01 -1.300000e+01
    endloop
  endfacet
  facet normal  0.000000e+00  -0.000000e+00  9.999999e-01
    outer loop
      vertex -8.650000e+01 -2.300000e+01 -1.300000e+01
      vertex -7.506050e+01  1.345149e+01 -1.300000e+01
      vertex -7.494320e+01  1.388925e+01 -1.300000e+01
    endloop
  endfacet
  facet normal  -0.000000e+00  0.000000e+00  1.000000e+00
    outer loop
      vertex -6.150000e+01  2.300000e+01 -1.300000e+01
      vertex -7.250000e+01  1.560000e+01 -1.300000e+01
      vertex -7.204852e+01  1.556050e+01 -1.300000e+01
    endloop
  endfacet
  facet normal  -0.000000e+00  0.000000e+00  1.000000e+00
    outer loop
      vertex -6.150000e+01  2.300000e+01 -1.300000e+01
      vertex -7.204852e+01  1.556050e+01 -1.300000e+01
      vertex -7.161075e+01  1.544320e+01 -1.300000e+01
    endloop
  endfacet
  facet normal  -0.000000e+00  0.000000e+00  1.000000e+00
    outer loop
      vertex -6.150000e+01  2.300000e+01 -1.300000e+01
      vertex -7.161075e+01  1.544320e+01 -1.300000e+01
      vertex -7.120000e+01  1.525167e+01 -1.300000e+01
    endloop
  endfacet
  facet normal  -0.000000e+00  0.000000e+00  1.000000e+00
    outer loop
      vertex -6.150000e+01  2.300000e+01 -1.300000e+01
      vertex -7.120000e+01  1.525167e+01 -1.300000e+01
      vertex -7.082875e+01  1.499172e+01 -1.300000e+01
    endloop
  endfacet
  facet normal  -0.000000e+00  0.000000e+00  1.000000e+00
    outer loop
      vertex -6.150000e+01  2.300000e+01 -1.300000e+01
      vertex -7.082875e+01  1.499172e+01 -1.300000e+01
      vertex -7.050829e+01  1.467125e+01 -1.300000e+01
    endloop
  endfacet
  facet normal  -0.000000e+00  0.000000e+00  9.999999e-01
    outer loop
      vertex -6.150000e+01  2.300000e+01 -1.300000e+01
      vertex -7.050829e+01  1.467125e+01 -1.300000e+01
      vertex -7.024834e+01  1.430000e+01 -1.300000e+01
    endloop
  endfacet
  facet normal  -0.000000e+00  0.000000e+00  9.999999e-01
    outer loop
      vertex -6.150000e+01  2.300000e+01 -1.300000e+01
      vertex -7.024834e+01  1.430000e+01 -1.300000e+01
      vertex -7.005680e+01  1.388925e+01 -1.300000e+01
    endloop
  endfacet
  facet normal  -0.000000e+00  0.000000e+00  1.000000e+00
    outer loop
      vertex -6.150000e+01  2.300000e+01 -1.300000e+01
      vertex -7.005680e+01  1.388925e+01 -1.300000e+01
      vertex -6.150000e+01 -1.500000e+01 -1.300000e+01
    endloop
  endfacet
  facet normal  -0.000000e+00  0.000000e+00  1.000000e+00
    outer loop
      vertex -5.850000e+01 -1.500000e+01 -1.300000e+01
      vertex -7.120000e+01 -1.525167e+01 -1.300000e+01
      vertex -7.161075e+01 -1.544320e+01 -1.300000e+01
    endloop
  endfacet
  facet normal  -0.000000e+00  0.000000e+00  1.000000e+00
    outer loop
      vertex -5.850000e+01 -1.500000e+01 -1.300000e+01
      vertex -7.161075e+01 -1.544320e+01 -1.300000e+01
      vertex -7.204852e+01 -1.556050e+01 -1.300000e+01
    endloop
  endfacet
  facet normal  -0.000000e+00  0.000000e+00  1.000000e+00
    outer loop
      vertex -5.850000e+01 -1.500000e+01 -1.300000e+01
      vertex -7.204852e+01 -1.556050e+01 -1.300000e+01
      vertex -7.250000e+01 -1.560000e+01 -1.300000e+01
    endloop
  endfacet
  facet normal  0.000000e+00 -1.000000e+00  0.000000e+00
    outer loop
      vertex -6.150000e+01 -1.500000e+01 -1.300000e+01
      vertex -5.850000e+01 -1.500000e+01 -1.300000e+01
      vertex -6.150000e+01 -1.500000e+01 -1.598721e-14
    endloop
  endfacet
  facet normal  0.000000e+00 -9.999999e-01  0.000000e+00
    outer loop
      vertex -6.150000e+01 -1.500000e+01 -1.598721e-14
      vertex -5.850000e+01 -1.500000e+01 -1.300000e+01
      vertex -5.850000e+01 -1.500000e+01  3.205837e+00
    endloop
  endfacet
  facet normal  0.000000e+00 -1.000000e+00  0.000000e+00
    outer loop
      vertex  3.282178e+01 -2.300000e+01 -1.600313e+01
      vertex  3.169859e+01 -2.300000e+01 -1.616098e+01
      vertex  4.569249e+01 -2.300000e+01 -1.681505e+01
    endloop
  endfacet
  facet normal  0.000000e+00 -1.000000e+00  0.000000e+00
    outer loop
      vertex  3.169859e+01 -2.300000e+01 -1.616098e+01
      vertex  3.056712e+01 -2.300000e+01 -1.624010e+01
      vertex  4.569249e+01 -2.300000e+01 -1.681505e+01
    endloop
  endfacet
  facet normal  0.000000e+00 -1.000000e+00  0.000000e+00
    outer loop
      vertex -3.000000e+01 -2.300000e+01  1.140000e+01
      vertex -3.029003e+01 -2.300000e+01  4.240092e+00
      vertex -2.970997e+01 -2.300000e+01  4.240092e+00
    endloop
  endfacet
  facet normal  0.000000e+00 -1.000000e+00  0.000000e+00
    outer loop
      vertex  1.755178e+01 -2.300000e+01 -1.044530e+01
      vertex  3.798688e-01 -2.300000e+01 -7.490374e+00
      vertex  1.831073e+01 -2.300000e+01 -1.128820e+01
    endloop
  endfacet
  facet normal  0.000000e+00 -1.000000e+00  0.000000e+00
    outer loop
      vertex  1.685347e+01 -2.300000e+01 -9.551511e+00
      vertex  3.798688e-01 -2.300000e+01 -7.490374e+00
      vertex  1.755178e+01 -2.300000e+01 -1.044530e+01
    endloop
  endfacet
  facet normal  0.000000e+00 -1.000000e+00  0.000000e+00
    outer loop
      vertex  1.621922e+01 -2.300000e+01 -8.611188e+00
      vertex  3.798688e-01 -2.300000e+01 -7.490374e+00
      vertex  1.685347e+01 -2.300000e+01 -9.551511e+00
    endloop
  endfacet
  facet normal  0.000000e+00 -1.000000e+00  0.000000e+00
    outer loop
      vertex -2.804472e+01 -2.300000e+01 -3.773512e+00
      vertex -2.843074e+01 -2.300000e+01 -1.268786e+01
      vertex -2.840000e+01 -2.300000e+01 -1.300000e+01
    endloop
  endfacet
  facet normal  0.000000e+00 -1.000000e+00  0.000000e+00
    outer loop
      vertex  1.755178e+01 -2.300000e+01  1.044530e+01
      vertex  1.831073e+01 -2.300000e+01  1.128820e+01
      vertex  3.798688e-01 -2.300000e+01  7.490374e+00
    endloop
  endfacet
  facet normal  -0.000000e+00 -1.000000e+00  0.000000e+00
    outer loop
      vertex  3.798688e-01 -2.300000e+01  7.490374e+00
      vertex  1.685347e+01 -2.300000e+01  9.551511e+00
      vertex  1.755178e+01 -2.300000e+01  1.044530e+01
    endloop
  endfacet
  facet normal  -0.000000e+00 -9.999999e-01  0.000000e+00
    outer loop
      vertex  3.798688e-01 -2.300000e+01  7.490374e+00
      vertex  1.621922e+01 -2.300000e+01  8.611188e+00
      vertex  1.685347e+01 -2.300000e+01  9.551511e+00
    endloop
  endfacet
  facet normal  -0.000000e+00 -9.999999e-01  0.000000e+00
    outer loop
      vertex  3.798688e-01 -2.300000e+01  7.490374e+00
      vertex  1.565210e+01 -2.300000e+01  7.628913e+00
      vertex  1.621922e+01 -2.300000e+01  8.611188e+00
    endloop
  endfacet
  facet normal  0.000000e+00 -1.000000e+00  0.000000e+00
    outer loop
      vertex  4.590795e+00 -2.300000e+01  5.930818e+00
      vertex  1.472999e+01 -2.300000e+01  5.557827e+00
      vertex  3.967230e+00 -2.300000e+01  6.364832e+00
    endloop
  endfacet
  facet normal  -0.000000e+00 -1.000000e+00  0.000000e+00
    outer loop
      vertex  6.155726e+00 -2.300000e+01  4.284512e+00
      vertex  1.437950e+01 -2.300000e+01  4.479107e+00
      vertex  5.690686e+00 -2.300000e+01  4.885293e+00
    endloop
  endfacet
  facet normal  -0.000000e+00 -1.000000e+00  0.000000e+00
    outer loop
      vertex  3.302956e+00 -2.300000e+01 -6.733534e+00
      vertex  1.515489e+01 -2.300000e+01 -6.609470e+00
      vertex  3.967230e+00 -2.300000e+01 -6.364832e+00
    endloop
  endfacet
  facet normal  -0.000000e+00 -1.000000e+00  0.000000e+00
    outer loop
      vertex -1.638771e+01 -2.300000e+01  1.478207e+00
      vertex -7.346475e+00 -2.300000e+01  1.509739e+00
      vertex -1.668785e+01 -2.300000e+01  1.569256e+00
    endloop
  endfacet
  facet normal  0.000000e+00 -1.000000e+00  0.000000e+00
    outer loop
      vertex -1.552179e+01 -2.300000e+01 -6.122935e-01
      vertex -7.461520e+00 -2.300000e+01 -7.587624e-01
      vertex -1.543074e+01 -2.300000e+01 -3.121445e-01
    endloop
  endfacet
  facet normal  -0.000000e+00 -1.000000e+00  0.000000e+00
    outer loop
      vertex -1.566965e+01 -2.300000e+01 -8.889124e-01
      vertex -7.461520e+00 -2.300000e+01 -7.587624e-01
      vertex -1.552179e+01 -2.300000e+01 -6.122935e-01
    endloop
  endfacet
  facet normal  0.000000e+00 -1.000000e+00  0.000000e+00
    outer loop
      vertex -3.000000e+01 -2.300000e+01  1.140000e+01
      vertex -2.970997e+01 -2.300000e+01  4.240092e+00
      vertex -2.913531e+01 -2.300000e+01  4.161108e+00
    endloop
  endfacet
  facet normal  0.000000e+00 -1.000000e+00  0.000000e+00
    outer loop
      vertex -2.578959e+01 -2.300000e+01 -5.787082e-01
      vertex -1.847821e+01 -2.300000e+01 -6.122935e-01
      vertex -1.856926e+01 -2.300000e+01 -3.121445e-01
    endloop
  endfacet
  facet normal  0.000000e+00 -1.000000e+00  0.000000e+00
    outer loop
      vertex -3.029003e+01 -2.300000e+01  4.240092e+00
      vertex -3.000000e+01 -2.300000e+01  1.140000e+01
      vertex -3.086469e+01 -2.300000e+01  4.161108e+00
    endloop
  endfacet
  facet normal  -0.000000e+00 -1.000000e+00  0.000000e+00
    outer loop
      vertex -4.152179e+01 -2.300000e+01 -6.122935e-01
      vertex -3.421041e+01 -2.300000e+01 -5.787082e-01
      vertex -4.143074e+01 -2.300000e+01 -3.121445e-01
    endloop
  endfacet
  facet normal  0.000000e+00 -1.000000e+00  0.000000e+00
    outer loop
      vertex -1.700000e+01 -2.300000e+01 -1.600000e+00
      vertex -3.302956e+00 -2.300000e+01 -6.733534e+00
      vertex -3.967230e+00 -2.300000e+01 -6.364832e+00
    endloop
  endfacet
  facet normal  0.000000e+00 -1.000000e+00  0.000000e+00
    outer loop
      vertex -1.700000e+01 -2.300000e+01 -1.600000e+00
      vertex -3.967230e+00 -2.300000e+01 -6.364832e+00
      vertex -4.590795e+00 -2.300000e+01 -5.930818e+00
    endloop
  endfacet
  facet normal  0.000000e+00 -9.999999e-01  0.000000e+00
    outer loop
      vertex -1.700000e+01 -2.300000e+01 -1.600000e+00
      vertex -4.590795e+00 -2.300000e+01 -5.930818e+00
      vertex -5.167252e+00 -2.300000e+01 -5.435946e+00
    endloop
  endfacet
  facet normal  0.000000e+00 -1.000000e+00  0.000000e+00
    outer loop
      vertex -1.700000e+01 -2.300000e+01 -1.600000e+00
      vertex -5.167252e+00 -2.300000e+01 -5.435946e+00
      vertex -5.690686e+00 -2.300000e+01 -4.885293e+00
    endloop
  endfacet
  facet normal  0.000000e+00 -1.000000e+00  0.000000e+00
    outer loop
      vertex -1.700000e+01 -2.300000e+01 -1.600000e+00
      vertex -5.690686e+00 -2.300000e+01 -4.885293e+00
      vertex -6.155726e+00 -2.300000e+01 -4.284512e+00
    endloop
  endfacet
  facet normal  0.000000e+00 -9.999999e-01  0.000000e+00
    outer loop
      vertex -1.700000e+01 -2.300000e+01 -1.600000e+00
      vertex -6.155726e+00 -2.300000e+01 -4.284512e+00
      vertex -6.557600e+00 -2.300000e+01 -3.639765e+00
    endloop
  endfacet
  facet normal  0.000000e+00 -1.000000e+00  0.000000e+00
    outer loop
      vertex -1.700000e+01 -2.300000e+01 -1.600000e+00
      vertex -6.557600e+00 -2.300000e+01 -3.639765e+00
      vertex -6.892184e+00 -2.300000e+01 -2.957669e+00
    endloop
  endfacet
  facet normal  0.000000e+00 -9.999999e-01  0.000000e+00
    outer loop
      vertex -1.700000e+01 -2.300000e+01 -1.600000e+00
      vertex -6.892184e+00 -2.300000e+01 -2.957669e+00
      vertex -7.156044e+00 -2.300000e+01 -2.245224e+00
    endloop
  endfacet
  facet normal  0.000000e+00 -1.000000e+00  0.000000e+00
    outer loop
      vertex -1.700000e+01 -2.300000e+01 -1.600000e+00
      vertex -7.156044e+00 -2.300000e+01 -2.245224e+00
      vertex -1.668785e+01 -2.300000e+01 -1.569256e+00
    endloop
  endfacet
  facet normal  -0.000000e+00 -1.000000e+00  0.000000e+00
    outer loop
      vertex -7.500000e+00 -2.300000e+01 -4.249154e-15
      vertex -7.461520e+00 -2.300000e+01  7.587624e-01
      vertex -1.566965e+01 -2.300000e+01  8.889124e-01
    endloop
  endfacet
  facet normal  0.000000e+00 -1.000000e+00  0.000000e+00
    outer loop
      vertex -7.500000e+00 -2.300000e+01 -4.249154e-15
      vertex -1.566965e+01 -2.300000e+01  8.889124e-01
      vertex -1.552179e+01 -2.300000e+01  6.122935e-01
    endloop
  endfacet
  facet normal  0.000000e+00 -9.999999e-01  0.000000e+00
    outer loop
      vertex -7.500000e+00 -2.300000e+01 -4.249154e-15
      vertex -1.552179e+01 -2.300000e+01  6.122935e-01
      vertex -1.543074e+01 -2.300000e+01  3.121445e-01
    endloop
  endfacet
  facet normal  0.000000e+00 -1.000000e+00  0.000000e+00
    outer loop
      vertex -7.500000e+00 -2.300000e+01 -4.249154e-15
      vertex -1.543074e+01 -2.300000e+01  3.121445e-01
      vertex -1.540000e+01 -2.300000e+01  8.403801e-15
    endloop
  endfacet
  facet normal  0.000000e+00 -1.000000e+00  -0.000000e+00
    outer loop
      vertex -7.500000e+00 -2.300000e+01 -4.249154e-15
      vertex -1.540000e+01 -2.300000e+01  8.403801e-15
      vertex -1.543074e+01 -2.300000e+01 -3.121445e-01
    endloop
  endfacet
  facet normal  0.000000e+00 -1.000000e+00  0.000000e+00
    outer loop
      vertex -7.500000e+00 -2.300000e+01 -4.249154e-15
      vertex -1.543074e+01 -2.300000e+01 -3.121445e-01
      vertex -7.461520e+00 -2.300000e+01 -7.587624e-01
    endloop
  endfacet
  facet normal  0.000000e+00 -1.000000e+00  0.000000e+00
    outer loop
      vertex  6.250000e+01 -2.300000e+01  1.300000e+01
      vertex  8.250000e+01 -2.300000e+01  1.300000e+01
      vertex  3.908688e+01 -2.300000e+01  1.347186e+01
    endloop
  endfacet
  facet normal  0.000000e+00 -9.999999e-01  0.000000e+00
    outer loop
      vertex  6.250000e+01 -2.300000e+01  1.300000e+01
      vertex  3.908688e+01 -2.300000e+01  1.347186e+01
      vertex  4.000450e+01 -2.300000e+01  1.280517e+01
    endloop
  endfacet
  facet normal  0.000000e+00 -1.000000e+00  0.000000e+00
    outer loop
      vertex  6.250000e+01 -2.300000e+01  1.300000e+01
      vertex  4.000450e+01 -2.300000e+01  1.280517e+01
      vertex  4.087337e+01 -2.300000e+01  1.207610e+01
    endloop
  endfacet
  facet normal  0.000000e+00 -1.000000e+00  0.000000e+00
    outer loop
      vertex  6.250000e+01 -2.300000e+01  1.300000e+01
      vertex  4.087337e+01 -2.300000e+01  1.207610e+01
      vertex  4.168927e+01 -2.300000e+01  1.128820e+01
    endloop
  endfacet
  facet normal  0.000000e+00 -1.000000e+00  0.000000e+00
    outer loop
      vertex  6.250000e+01 -2.300000e+01  1.300000e+01
      vertex  4.168927e+01 -2.300000e+01  1.128820e+01
      vertex  4.244822e+01 -2.300000e+01  1.044530e+01
    endloop
  endfacet
  facet normal  0.000000e+00 -1.000000e+00  0.000000e+00
    outer loop
      vertex  6.250000e+01 -2.300000e+01  1.300000e+01
      vertex  4.244822e+01 -2.300000e+01  1.044530e+01
      vertex  4.314653e+01 -2.300000e+01  9.551511e+00
    endloop
  endfacet
  facet normal  0.000000e+00 -1.000000e+00  0.000000e+00
    outer loop
      vertex  6.250000e+01 -2.300000e+01  1.300000e+01
      vertex  4.314653e+01 -2.300000e+01  9.551511e+00
      vertex  4.378078e+01 -2.300000e+01  8.611188e+00
    endloop
  endfacet
  facet normal  0.000000e+00 -1.000000e+00  0.000000e+00
    outer loop
      vertex  6.250000e+01 -2.300000e+01  1.300000e+01
      vertex  4.378078e+01 -2.300000e+01  8.611188e+00
      vertex  4.434790e+01 -2.300000e+01  7.628913e+00
    endloop
  endfacet
  facet normal  0.000000e+00 -1.000000e+00  0.000000e+00
    outer loop
      vertex  6.250000e+01 -2.300000e+01  1.300000e+01
      vertex  4.434790e+01 -2.300000e+01  7.628913e+00
      vertex  4.484511e+01 -2.300000e+01  6.609470e+00
    endloop
  endfacet
  facet normal  0.000000e+00 -1.000000e+00  0.000000e+00
    outer loop
      vertex  6.250000e+01 -2.300000e+01  1.300000e+01
      vertex  4.484511e+01 -2.300000e+01  6.609470e+00
      vertex  4.527000e+01 -2.300000e+01  5.557827e+00
    endloop
  endfacet
  facet normal  0.000000e+00 -1.000000e+00  0.000000e+00
    outer loop
      vertex  6.250000e+01 -2.300000e+01  1.300000e+01
      vertex  4.527000e+01 -2.300000e+01  5.557827e+00
      vertex  4.562050e+01 -2.300000e+01  4.479107e+00
    endloop
  endfacet
  facet normal  0.000000e+00 -1.000000e+00  0.000000e+00
    outer loop
      vertex  6.250000e+01 -2.300000e+01  1.300000e+01
      vertex  4.562050e+01 -2.300000e+01  4.479107e+00
      vertex  5.047099e+01 -2.300000e+01 -1.048516e+01
    endloop
  endfacet
  facet normal  -0.000000e+00 -1.000000e+00  -0.000000e+00
    outer loop
      vertex  6.250000e+01 -2.300000e+01  2.300000e+01
      vertex  6.250000e+01 -2.300000e+01  3.100000e+01
      vertex  5.659757e+01 -2.300000e+01  3.100000e+01
    endloop
  endfacet
  facet normal  0.000000e+00 -1.000000e+00  -0.000000e+00
    outer loop
      vertex  6.250000e+01 -2.300000e+01  2.300000e+01
      vertex  5.659757e+01 -2.300000e+01  3.100000e+01
      vertex  5.250000e+01 -2.300000e+01  2.300000e+01
    endloop
  endfacet
  facet normal  0.000000e+00 -1.000000e+00  0.000000e+00
    outer loop
      vertex  6.250000e+01 -2.300000e+01  2.300000e+01
      vertex  5.250000e+01 -2.300000e+01  2.300000e+01
      vertex  8.250000e+01 -2.300000e+01  1.300000e+01
    endloop
  endfacet
  facet normal  0.000000e+00 -1.000000e+00  0.000000e+00
    outer loop
      vertex  6.250000e+01 -2.300000e+01  2.300000e+01
      vertex  8.250000e+01 -2.300000e+01  1.300000e+01
      vertex  8.250000e+01 -2.300000e+01  2.300000e+01
    endloop
  endfacet
  facet normal  0.000000e+00 -9.999999e-01  0.000000e+00
    outer loop
      vertex  3.000000e+01 -2.300000e+01  2.300000e+01
      vertex -3.000000e+01 -2.300000e+01  2.300000e+01
      vertex -1.700000e+01 -2.300000e+01  1.600000e+00
    endloop
  endfacet
  facet normal  0.000000e+00 -1.000000e+00  0.000000e+00
    outer loop
      vertex  3.000000e+01 -2.300000e+01  2.300000e+01
      vertex -1.700000e+01 -2.300000e+01  1.600000e+00
      vertex -2.604789e+00 -2.300000e+01  7.033141e+00
    endloop
  endfacet
  facet normal  0.000000e+00 -1.000000e+00  0.000000e+00
    outer loop
      vertex  3.000000e+01 -2.300000e+01  2.300000e+01
      vertex -2.604789e+00 -2.300000e+01  7.033141e+00
      vertex -1.879894e+00 -2.300000e+01  7.260578e+00
    endloop
  endfacet
  facet normal  0.000000e+00 -1.000000e+00  0.000000e+00
    outer loop
      vertex  3.000000e+01 -2.300000e+01  2.300000e+01
      vertex -1.879894e+00 -2.300000e+01  7.260578e+00
      vertex -1.135708e+00 -2.300000e+01  7.413512e+00
    endloop
  endfacet
  facet normal  0.000000e+00 -1.000000e+00  0.000000e+00
    outer loop
      vertex  3.000000e+01 -2.300000e+01  2.300000e+01
      vertex -1.135708e+00 -2.300000e+01  7.413512e+00
      vertex -3.798688e-01 -2.300000e+01  7.490374e+00
    endloop
  endfacet
  facet normal  0.000000e+00 -9.999999e-01  0.000000e+00
    outer loop
      vertex  3.000000e+01 -2.300000e+01  2.300000e+01
      vertex -3.798688e-01 -2.300000e+01  7.490374e+00
      vertex  3.798688e-01 -2.300000e+01  7.490374e+00
    endloop
  endfacet
  facet normal  0.000000e+00 -1.000000e+00  0.000000e+00
    outer loop
      vertex  3.000000e+01 -2.300000e+01  2.300000e+01
      vertex  3.798688e-01 -2.300000e+01  7.490374e+00
      vertex  1.831073e+01 -2.300000e+01  1.128820e+01
    endloop
  endfacet
  facet normal  0.000000e+00 -1.000000e+00  0.000000e+00
    outer loop
      vertex  3.000000e+01 -2.300000e+01  2.300000e+01
      vertex  1.831073e+01 -2.300000e+01  1.128820e+01
      vertex  1.912663e+01 -2.300000e+01  1.207610e+01
    endloop
  endfacet
  facet normal  0.000000e+00 -1.000000e+00  0.000000e+00
    outer loop
      vertex  3.000000e+01 -2.300000e+01  2.300000e+01
      vertex  1.912663e+01 -2.300000e+01  1.207610e+01
      vertex  1.999550e+01 -2.300000e+01  1.280517e+01
    endloop
  endfacet
  facet normal  0.000000e+00 -1.000000e+00  0.000000e+00
    outer loop
      vertex  3.000000e+01 -2.300000e+01  2.300000e+01
      vertex  1.999550e+01 -2.300000e+01  1.280517e+01
      vertex  2.091311e+01 -2.300000e+01  1.347186e+01
    endloop
  endfacet
  facet normal  0.000000e+00 -1.000000e+00  0.000000e+00
    outer loop
      vertex  3.000000e+01 -2.300000e+01  2.300000e+01
      vertex  2.091311e+01 -2.300000e+01  1.347186e+01
      vertex  2.187500e+01 -2.300000e+01  1.407291e+01
    endloop
  endfacet
  facet normal  0.000000e+00 -1.000000e+00  0.000000e+00
    outer loop
      vertex  3.000000e+01 -2.300000e+01  2.300000e+01
      vertex  2.187500e+01 -2.300000e+01  1.407291e+01
      vertex  2.287647e+01 -2.300000e+01  1.460540e+01
    endloop
  endfacet
  facet normal  0.000000e+00 -1.000000e+00  0.000000e+00
    outer loop
      vertex  3.000000e+01 -2.300000e+01  2.300000e+01
      vertex  2.287647e+01 -2.300000e+01  1.460540e+01
      vertex  2.391264e+01 -2.300000e+01  1.506674e+01
    endloop
  endfacet
  facet normal  0.000000e+00 -1.000000e+00  0.000000e+00
    outer loop
      vertex  3.000000e+01 -2.300000e+01  2.300000e+01
      vertex  2.391264e+01 -2.300000e+01  1.506674e+01
      vertex  2.497847e+01 -2.300000e+01  1.545467e+01
    endloop
  endfacet
  facet normal  0.000000e+00 -1.000000e+00  0.000000e+00
    outer loop
      vertex  3.000000e+01 -2.300000e+01  2.300000e+01
      vertex  2.497847e+01 -2.300000e+01  1.545467e+01
      vertex  2.606877e+01 -2.300000e+01  1.576731e+01
    endloop
  endfacet
  facet normal  0.000000e+00 -1.000000e+00  0.000000e+00
    outer loop
      vertex  3.000000e+01 -2.300000e+01  2.300000e+01
      vertex  2.606877e+01 -2.300000e+01  1.576731e+01
      vertex  2.717822e+01 -2.300000e+01  1.600313e+01
    endloop
  endfacet
  facet normal  0.000000e+00 -1.000000e+00  0.000000e+00
    outer loop
      vertex  3.000000e+01 -2.300000e+01  2.300000e+01
      vertex  2.717822e+01 -2.300000e+01  1.600313e+01
      vertex  2.830141e+01 -2.300000e+01  1.616098e+01
    endloop
  endfacet
  facet normal  0.000000e+00 -1.000000e+00  0.000000e+00
    outer loop
      vertex  3.000000e+01 -2.300000e+01  2.300000e+01
      vertex  2.830141e+01 -2.300000e+01  1.616098e+01
      vertex  2.943288e+01 -2.300000e+01  1.624010e+01
    endloop
  endfacet
  facet normal  0.000000e+00 -1.000000e+00  0.000000e+00
    outer loop
      vertex  3.000000e+01 -2.300000e+01  2.300000e+01
      vertex  2.943288e+01 -2.300000e+01  1.624010e+01
      vertex  3.056712e+01 -2.300000e+01  1.624010e+01
    endloop
  endfacet
  facet normal  0.000000e+00 -1.000000e+00  0.000000e+00
    outer loop
      vertex  3.000000e+01 -2.300000e+01  2.300000e+01
      vertex  3.056712e+01 -2.300000e+01  1.624010e+01
      vertex  3.169859e+01 -2.300000e+01  1.616098e+01
    endloop
  endfacet
  facet normal  0.000000e+00 -1.000000e+00  0.000000e+00
    outer loop
      vertex  3.000000e+01 -2.300000e+01  2.300000e+01
      vertex  3.169859e+01 -2.300000e+01  1.616098e+01
      vertex  8.250000e+01 -2.300000e+01  1.300000e+01
    endloop
  endfacet
  facet normal  0.000000e+00 -1.000000e+00  0.000000e+00
    outer loop
      vertex  3.000000e+01 -2.300000e+01  2.300000e+01
      vertex  8.250000e+01 -2.300000e+01  1.300000e+01
      vertex  5.250000e+01 -2.300000e+01  2.300000e+01
    endloop
  endfacet
  facet normal  0.000000e+00 -1.000000e+00  0.000000e+00
    outer loop
      vertex -3.000000e+01 -2.300000e+01  2.300000e+01
      vertex -3.000000e+01 -2.300000e+01  1.460000e+01
      vertex -2.968785e+01 -2.300000e+01  1.456926e+01
    endloop
  endfacet
  facet normal  0.000000e+00 -1.000000e+00  0.000000e+00
    outer loop
      vertex -3.000000e+01 -2.300000e+01  2.300000e+01
      vertex -2.968785e+01 -2.300000e+01  1.456926e+01
      vertex -2.938771e+01 -2.300000e+01  1.447821e+01
    endloop
  endfacet
  facet normal  0.000000e+00 -1.000000e+00  0.000000e+00
    outer loop
      vertex -3.000000e+01 -2.300000e+01  2.300000e+01
      vertex -2.938771e+01 -2.300000e+01  1.447821e+01
      vertex -2.911109e+01 -2.300000e+01  1.433035e+01
    endloop
  endfacet
  facet normal  0.000000e+00 -1.000000e+00  0.000000e+00
    outer loop
      vertex -3.000000e+01 -2.300000e+01  2.300000e+01
      vertex -2.911109e+01 -2.300000e+01  1.433035e+01
      vertex -2.886863e+01 -2.300000e+01  1.413137e+01
    endloop
  endfacet
  facet normal  0.000000e+00 -1.000000e+00  0.000000e+00
    outer loop
      vertex -3.000000e+01 -2.300000e+01  2.300000e+01
      vertex -2.886863e+01 -2.300000e+01  1.413137e+01
      vertex -1.700000e+01 -2.300000e+01  1.600000e+00
    endloop
  endfacet
  facet normal  0.000000e+00 -1.000000e+00  -0.000000e+00
    outer loop
      vertex -2.970997e+01 -2.300000e+01 -4.240092e+00
      vertex -3.029003e+01 -2.300000e+01 -4.240092e+00
      vertex -3.031215e+01 -2.300000e+01 -1.143074e+01
    endloop
  endfacet
  facet normal  0.000000e+00 -9.999999e-01  0.000000e+00
    outer loop
      vertex -2.970997e+01 -2.300000e+01 -4.240092e+00
      vertex -3.031215e+01 -2.300000e+01 -1.143074e+01
      vertex -3.000000e+01 -2.300000e+01 -1.140000e+01
    endloop
  endfacet
  facet normal  0.000000e+00 -1.000000e+00  0.000000e+00
    outer loop
      vertex -2.970997e+01 -2.300000e+01 -4.240092e+00
      vertex -3.000000e+01 -2.300000e+01 -1.140000e+01
      vertex -2.968785e+01 -2.300000e+01 -1.143074e+01
    endloop
  endfacet
  facet normal  0.000000e+00 -1.000000e+00  0.000000e+00
    outer loop
      vertex -2.970997e+01 -2.300000e+01 -4.240092e+00
      vertex -2.968785e+01 -2.300000e+01 -1.143074e+01
      vertex -2.938771e+01 -2.300000e+01 -1.152179e+01
    endloop
  endfacet
  facet normal  0.000000e+00 -1.000000e+00  0.000000e+00
    outer loop
      vertex -2.970997e+01 -2.300000e+01 -4.240092e+00
      vertex -2.938771e+01 -2.300000e+01 -1.152179e+01
      vertex -2.911109e+01 -2.300000e+01 -1.166965e+01
    endloop
  endfacet
  facet normal  0.000000e+00 -1.000000e+00  0.000000e+00
    outer loop
      vertex -2.970997e+01 -2.300000e+01 -4.240092e+00
      vertex -2.911109e+01 -2.300000e+01 -1.166965e+01
      vertex -2.886863e+01 -2.300000e+01 -1.186863e+01
    endloop
  endfacet
  facet normal  0.000000e+00 -1.000000e+00  0.000000e+00
    outer loop
      vertex -2.970997e+01 -2.300000e+01 -4.240092e+00
      vertex -2.886863e+01 -2.300000e+01 -1.186863e+01
      vertex -2.913531e+01 -2.300000e+01 -4.161108e+00
    endloop
  endfacet
  facet normal  0.000000e+00 -1.000000e+00  0.000000e+00
    outer loop
      vertex -3.029003e+01 -2.300000e+01 -4.240092e+00
      vertex -3.113137e+01 -2.300000e+01 -1.186863e+01
      vertex -3.088891e+01 -2.300000e+01 -1.166965e+01
    endloop
  endfacet
  facet normal  0.000000e+00 -1.000000e+00  0.000000e+00
    outer loop
      vertex -3.029003e+01 -2.300000e+01 -4.240092e+00
      vertex -3.088891e+01 -2.300000e+01 -1.166965e+01
      vertex -3.061229e+01 -2.300000e+01 -1.152179e+01
    endloop
  endfacet
  facet normal  0.000000e+00 -1.000000e+00  0.000000e+00
    outer loop
      vertex -3.029003e+01 -2.300000e+01 -4.240092e+00
      vertex -3.061229e+01 -2.300000e+01 -1.152179e+01
      vertex -3.031215e+01 -2.300000e+01 -1.143074e+01
    endloop
  endfacet
  facet normal  0.000000e+00 -1.000000e+00  0.000000e+00
    outer loop
      vertex -3.142324e+01 -2.300000e+01 -4.004609e+00
      vertex -3.195528e+01 -2.300000e+01 -3.773512e+00
      vertex -3.160000e+01 -2.300000e+01 -1.300000e+01
    endloop
  endfacet
  facet normal  0.000000e+00 -1.000000e+00  0.000000e+00
    outer loop
      vertex -3.142324e+01 -2.300000e+01 -4.004609e+00
      vertex -3.160000e+01 -2.300000e+01 -1.300000e+01
      vertex -3.156926e+01 -2.300000e+01 -1.268786e+01
    endloop
  endfacet
  facet normal  0.000000e+00 -1.000000e+00  0.000000e+00
    outer loop
      vertex -3.142324e+01 -2.300000e+01 -4.004609e+00
      vertex -3.156926e+01 -2.300000e+01 -1.268786e+01
      vertex -3.147821e+01 -2.300000e+01 -1.238771e+01
    endloop
  endfacet
  facet normal  0.000000e+00 -1.000000e+00  0.000000e+00
    outer loop
      vertex -3.000000e+01 -2.300000e+01 -2.300000e+01
      vertex  3.000000e+01 -2.300000e+01 -2.300000e+01
      vertex -2.968785e+01 -2.300000e+01 -1.456926e+01
    endloop
  endfacet
  facet normal  0.000000e+00 -1.000000e+00  0.000000e+00
    outer loop
      vertex -3.000000e+01 -2.300000e+01 -2.300000e+01
      vertex -2.968785e+01 -2.300000e+01 -1.456926e+01
      vertex -3.000000e+01 -2.300000e+01 -1.460000e+01
    endloop
  endfacet
  facet normal  -0.000000e+00 -1.000000e+00  -0.000000e+00
    outer loop
      vertex -3.000000e+01 -2.300000e+01 -2.300000e+01
      vertex -3.000000e+01 -2.300000e+01 -1.460000e+01
      vertex -3.031215e+01 -2.300000e+01 -1.456926e+01
    endloop
  endfacet
  facet normal  -0.000000e+00 -1.000000e+00  -0.000000e+00
    outer loop
      vertex -3.000000e+01 -2.300000e+01 -2.300000e+01
      vertex -3.031215e+01 -2.300000e+01 -1.456926e+01
      vertex -3.061229e+01 -2.300000e+01 -1.447821e+01
    endloop
  endfacet
  facet normal  -0.000000e+00 -1.000000e+00  -0.000000e+00
    outer loop
      vertex -3.000000e+01 -2.300000e+01 -2.300000e+01
      vertex -3.061229e+01 -2.300000e+01 -1.447821e+01
      vertex -3.088891e+01 -2.300000e+01 -1.433035e+01
    endloop
  endfacet
  facet normal  -0.000000e+00 -1.000000e+00  -0.000000e+00
    outer loop
      vertex -3.000000e+01 -2.300000e+01 -2.300000e+01
      vertex -3.088891e+01 -2.300000e+01 -1.433035e+01
      vertex -3.113137e+01 -2.300000e+01 -1.413137e+01
    endloop
  endfacet
  facet normal  -0.000000e+00 -1.000000e+00  -0.000000e+00
    outer loop
      vertex -3.000000e+01 -2.300000e+01 -2.300000e+01
      vertex -3.113137e+01 -2.300000e+01 -1.413137e+01
      vertex -3.133035e+01 -2.300000e+01 -1.388891e+01
    endloop
  endfacet
  facet normal  -0.000000e+00 -1.000000e+00  -0.000000e+00
    outer loop
      vertex -3.000000e+01 -2.300000e+01 -2.300000e+01
      vertex -3.133035e+01 -2.300000e+01 -1.388891e+01
      vertex -3.147821e+01 -2.300000e+01 -1.361229e+01
    endloop
  endfacet
  facet normal  -0.000000e+00 -1.000000e+00  -0.000000e+00
    outer loop
      vertex -3.000000e+01 -2.300000e+01 -2.300000e+01
      vertex -3.147821e+01 -2.300000e+01 -1.361229e+01
      vertex -3.156926e+01 -2.300000e+01 -1.331214e+01
    endloop
  endfacet
  facet normal  -0.000000e+00 -1.000000e+00  -0.000000e+00
    outer loop
      vertex -3.000000e+01 -2.300000e+01 -2.300000e+01
      vertex -3.156926e+01 -2.300000e+01 -1.331214e+01
      vertex -3.363128e+01 -2.300000e+01 -2.208232e+00
    endloop
  endfacet
  facet normal  -0.000000e+00 -1.000000e+00  -0.000000e+00
    outer loop
      vertex -3.000000e+01 -2.300000e+01 -2.300000e+01
      vertex -3.363128e+01 -2.300000e+01 -2.208232e+00
      vertex -3.389815e+01 -2.300000e+01 -1.693205e+00
    endloop
  endfacet
  facet normal  -0.000000e+00 -1.000000e+00  -0.000000e+00
    outer loop
      vertex -3.000000e+01 -2.300000e+01 -2.300000e+01
      vertex -3.389815e+01 -2.300000e+01 -1.693205e+00
      vertex -4.300000e+01 -2.300000e+01 -1.600000e+00
    endloop
  endfacet
  facet normal  0.000000e+00 -1.000000e+00  -0.000000e+00
    outer loop
      vertex -3.000000e+01 -2.300000e+01 -2.300000e+01
      vertex -4.300000e+01 -2.300000e+01 -1.600000e+00
      vertex -5.850000e+01 -2.300000e+01 -1.300000e+01
    endloop
  endfacet
  facet normal  -0.000000e+00 -1.000000e+00  -0.000000e+00
    outer loop
      vertex -3.000000e+01 -2.300000e+01 -2.300000e+01
      vertex -5.850000e+01 -2.300000e+01 -1.300000e+01
      vertex -8.650000e+01 -2.300000e+01 -1.300000e+01
    endloop
  endfacet
  facet normal  0.000000e+00 -1.000000e+00  0.000000e+00
    outer loop
      vertex -3.000000e+01 -2.300000e+01 -2.300000e+01
      vertex -8.650000e+01 -2.300000e+01 -1.300000e+01
      vertex -8.650000e+01 -2.300000e+01 -2.300000e+01
    endloop
  endfacet
  facet normal  -0.000000e+00 -1.000000e+00  -0.000000e+00
    outer loop
      vertex -3.160000e+01 -2.300000e+01 -1.300000e+01
      vertex -3.195528e+01 -2.300000e+01 -3.773512e+00
      vertex -3.245089e+01 -2.300000e+01 -3.472122e+00
    endloop
  endfacet
  facet normal  -0.000000e+00 -9.999999e-01  -0.000000e+00
    outer loop
      vertex -3.160000e+01 -2.300000e+01 -1.300000e+01
      vertex -3.245089e+01 -2.300000e+01 -3.472122e+00
      vertex -3.290085e+01 -2.300000e+01 -3.106053e+00
    endloop
  endfacet
  facet normal  -0.000000e+00 -1.000000e+00  -0.000000e+00
    outer loop
      vertex -3.160000e+01 -2.300000e+01 -1.300000e+01
      vertex -3.290085e+01 -2.300000e+01 -3.106053e+00
      vertex -3.329677e+01 -2.300000e+01 -2.682124e+00
    endloop
  endfacet
  facet normal  -0.000000e+00 -1.000000e+00  -0.000000e+00
    outer loop
      vertex -3.160000e+01 -2.300000e+01 -1.300000e+01
      vertex -3.329677e+01 -2.300000e+01 -2.682124e+00
      vertex -3.363128e+01 -2.300000e+01 -2.208232e+00
    endloop
  endfacet
  facet normal  0.000000e+00 -1.000000e+00  0.000000e+00
    outer loop
      vertex -3.160000e+01 -2.300000e+01 -1.300000e+01
      vertex -3.363128e+01 -2.300000e+01 -2.208232e+00
      vertex -3.156926e+01 -2.300000e+01 -1.331214e+01
    endloop
  endfacet
  facet normal  0.000000e+00 -9.999999e-01  0.000000e+00
    outer loop
      vertex -4.269448e+01 -2.300000e+01  1.917942e+01
      vertex -4.379353e+01 -2.300000e+01  1.840485e+01
      vertex -4.300000e+01 -2.300000e+01  1.600000e+00
    endloop
  endfacet
  facet normal  0.000000e+00 -1.000000e+00  0.000000e+00
    outer loop
      vertex -4.269448e+01 -2.300000e+01  1.917942e+01
      vertex -4.300000e+01 -2.300000e+01  1.600000e+00
      vertex -3.113137e+01 -2.300000e+01  1.413137e+01
    endloop
  endfacet
  facet normal  0.000000e+00 -1.000000e+00  0.000000e+00
    outer loop
      vertex -4.269448e+01 -2.300000e+01  1.917942e+01
      vertex -3.113137e+01 -2.300000e+01  1.413137e+01
      vertex -3.088891e+01 -2.300000e+01  1.433035e+01
    endloop
  endfacet
  facet normal  0.000000e+00 -1.000000e+00  0.000000e+00
    outer loop
      vertex -4.269448e+01 -2.300000e+01  1.917942e+01
      vertex -3.088891e+01 -2.300000e+01  1.433035e+01
      vertex -3.061229e+01 -2.300000e+01  1.447821e+01
    endloop
  endfacet
  facet normal  0.000000e+00 -1.000000e+00  0.000000e+00
    outer loop
      vertex -4.269448e+01 -2.300000e+01  1.917942e+01
      vertex -3.061229e+01 -2.300000e+01  1.447821e+01
      vertex -3.031215e+01 -2.300000e+01  1.456926e+01
    endloop
  endfacet
  facet normal  0.000000e+00 -1.000000e+00  0.000000e+00
    outer loop
      vertex -4.269448e+01 -2.300000e+01  1.917942e+01
      vertex -3.031215e+01 -2.300000e+01  1.456926e+01
      vertex -3.000000e+01 -2.300000e+01  1.460000e+01
    endloop
  endfacet
  facet normal  -0.000000e+00 -1.000000e+00  0.000000e+00
    outer loop
      vertex  3.000000e+01 -2.300000e+01 -2.300000e+01
      vertex  3.132774e+01 -2.300000e+01 -2.296165e+01
      vertex  3.265105e+01 -2.300000e+01 -2.284670e+01
    endloop
  endfacet
  facet normal  -0.000000e+00 -1.000000e+00  0.000000e+00
    outer loop
      vertex  3.000000e+01 -2.300000e+01 -2.300000e+01
      vertex  3.265105e+01 -2.300000e+01 -2.284670e+01
      vertex  3.396552e+01 -2.300000e+01 -2.265557e+01
    endloop
  endfacet
  facet normal  -0.000000e+00 -1.000000e+00  0.000000e+00
    outer loop
      vertex  3.000000e+01 -2.300000e+01 -2.300000e+01
      vertex  3.396552e+01 -2.300000e+01 -2.265557e+01
      vertex  3.526677e+01 -2.300000e+01 -2.238886e+01
    endloop
  endfacet
  facet normal  -0.000000e+00 -1.000000e+00  0.000000e+00
    outer loop
      vertex  3.000000e+01 -2.300000e+01 -2.300000e+01
      vertex  3.526677e+01 -2.300000e+01 -2.238886e+01
      vertex  3.655045e+01 -2.300000e+01 -2.204749e+01
    endloop
  endfacet
  facet normal  -0.000000e+00 -1.000000e+00  0.000000e+00
    outer loop
      vertex  3.000000e+01 -2.300000e+01 -2.300000e+01
      vertex  3.655045e+01 -2.300000e+01 -2.204749e+01
      vertex  3.781227e+01 -2.300000e+01 -2.163258e+01
    endloop
  endfacet
  facet normal  -0.000000e+00 -1.000000e+00  0.000000e+00
    outer loop
      vertex  3.000000e+01 -2.300000e+01 -2.300000e+01
      vertex  3.781227e+01 -2.300000e+01 -2.163258e+01
      vertex  3.904805e+01 -2.300000e+01 -2.114552e+01
    endloop
  endfacet
  facet normal  -0.000000e+00 -1.000000e+00  0.000000e+00
    outer loop
      vertex  3.000000e+01 -2.300000e+01 -2.300000e+01
      vertex  3.904805e+01 -2.300000e+01 -2.114552e+01
      vertex  4.025365e+01 -2.300000e+01 -2.058793e+01
    endloop
  endfacet
  facet normal  -0.000000e+00 -1.000000e+00  0.000000e+00
    outer loop
      vertex  3.000000e+01 -2.300000e+01 -2.300000e+01
      vertex  4.025365e+01 -2.300000e+01 -2.058793e+01
      vertex  4.142505e+01 -2.300000e+01 -1.996167e+01
    endloop
  endfacet
  facet normal  -0.000000e+00 -1.000000e+00  0.000000e+00
    outer loop
      vertex  3.000000e+01 -2.300000e+01 -2.300000e+01
      vertex  4.142505e+01 -2.300000e+01 -1.996167e+01
      vertex  4.255833e+01 -2.300000e+01 -1.926884e+01
    endloop
  endfacet
  facet normal  -0.000000e+00 -1.000000e+00  0.000000e+00
    outer loop
      vertex  3.000000e+01 -2.300000e+01 -2.300000e+01
      vertex  4.255833e+01 -2.300000e+01 -1.926884e+01
      vertex  4.364974e+01 -2.300000e+01 -1.851174e+01
    endloop
  endfacet
  facet normal  -0.000000e+00 -1.000000e+00  0.000000e+00
    outer loop
      vertex  3.000000e+01 -2.300000e+01 -2.300000e+01
      vertex  4.364974e+01 -2.300000e+01 -1.851174e+01
      vertex  4.469562e+01 -2.300000e+01 -1.769290e+01
    endloop
  endfacet
  facet normal  -0.000000e+00 -1.000000e+00  0.000000e+00
    outer loop
      vertex  3.000000e+01 -2.300000e+01 -2.300000e+01
      vertex  4.469562e+01 -2.300000e+01 -1.769290e+01
      vertex  4.569249e+01 -2.300000e+01 -1.681505e+01
    endloop
  endfacet
  facet normal  -0.000000e+00 -9.999999e-01  0.000000e+00
    outer loop
      vertex  3.000000e+01 -2.300000e+01 -2.300000e+01
      vertex  4.569249e+01 -2.300000e+01 -1.681505e+01
      vertex  3.056712e+01 -2.300000e+01 -1.624010e+01
    endloop
  endfacet
  facet normal  -0.000000e+00 -1.000000e+00  0.000000e+00
    outer loop
      vertex  3.000000e+01 -2.300000e+01 -2.300000e+01
      vertex  3.056712e+01 -2.300000e+01 -1.624010e+01
      vertex  2.943288e+01 -2.300000e+01 -1.624010e+01
    endloop
  endfacet
  facet normal  -0.000000e+00 -1.000000e+00  -0.000000e+00
    outer loop
      vertex  3.000000e+01 -2.300000e+01 -2.300000e+01
      vertex  2.943288e+01 -2.300000e+01 -1.624010e+01
      vertex  2.830141e+01 -2.300000e+01 -1.616098e+01
    endloop
  endfacet
  facet normal  -0.000000e+00 -1.000000e+00  -0.000000e+00
    outer loop
      vertex  3.000000e+01 -2.300000e+01 -2.300000e+01
      vertex  2.830141e+01 -2.300000e+01 -1.616098e+01
      vertex  2.717822e+01 -2.300000e+01 -1.600313e+01
    endloop
  endfacet
  facet normal  -0.000000e+00 -1.000000e+00  -0.000000e+00
    outer loop
      vertex  3.000000e+01 -2.300000e+01 -2.300000e+01
      vertex  2.717822e+01 -2.300000e+01 -1.600313e+01
      vertex  2.606877e+01 -2.300000e+01 -1.576731e+01
    endloop
  endfacet
  facet normal  -0.000000e+00 -1.000000e+00  -0.000000e+00
    outer loop
      vertex  3.000000e+01 -2.300000e+01 -2.300000e+01
      vertex  2.606877e+01 -2.300000e+01 -1.576731e+01
      vertex  2.497847e+01 -2.300000e+01 -1.545467e+01
    endloop
  endfacet
  facet normal  -0.000000e+00 -1.000000e+00  -0.000000e+00
    outer loop
      vertex  3.000000e+01 -2.300000e+01 -2.300000e+01
      vertex  2.497847e+01 -2.300000e+01 -1.545467e+01
      vertex  2.391264e+01 -2.300000e+01 -1.506674e+01
    endloop
  endfacet
  facet normal  -0.000000e+00 -1.000000e+00  -0.000000e+00
    outer loop
      vertex  3.000000e+01 -2.300000e+01 -2.300000e+01
      vertex  2.391264e+01 -2.300000e+01 -1.506674e+01
      vertex  2.287647e+01 -2.300000e+01 -1.460540e+01
    endloop
  endfacet
  facet normal  -0.000000e+00 -1.000000e+00  -0.000000e+00
    outer loop
      vertex  3.000000e+01 -2.300000e+01 -2.300000e+01
      vertex  2.287647e+01 -2.300000e+01 -1.460540e+01
      vertex  2.187500e+01 -2.300000e+01 -1.407291e+01
    endloop
  endfacet
  facet normal  -0.000000e+00 -9.999999e-01  -0.000000e+00
    outer loop
      vertex  3.000000e+01 -2.300000e+01 -2.300000e+01
      vertex  2.187500e+01 -2.300000e+01 -1.407291e+01
      vertex  2.091311e+01 -2.300000e+01 -1.347186e+01
    endloop
  endfacet
  facet normal  -0.000000e+00 -1.000000e+00  -0.000000e+00
    outer loop
      vertex  3.000000e+01 -2.300000e+01 -2.300000e+01
      vertex  2.091311e+01 -2.300000e+01 -1.347186e+01
      vertex  1.999550e+01 -2.300000e+01 -1.280517e+01
    endloop
  endfacet
  facet normal  -0.000000e+00 -1.000000e+00  -0.000000e+00
    outer loop
      vertex  3.000000e+01 -2.300000e+01 -2.300000e+01
      vertex  1.999550e+01 -2.300000e+01 -1.280517e+01
      vertex  1.912663e+01 -2.300000e+01 -1.207610e+01
    endloop
  endfacet
  facet normal  -0.000000e+00 -9.999999e-01  -0.000000e+00
    outer loop
      vertex  3.000000e+01 -2.300000e+01 -2.300000e+01
      vertex  1.912663e+01 -2.300000e+01 -1.207610e+01
      vertex  1.831073e+01 -2.300000e+01 -1.128820e+01
    endloop
  endfacet
  facet normal  -0.000000e+00 -1.000000e+00  -0.000000e+00
    outer loop
      vertex  3.000000e+01 -2.300000e+01 -2.300000e+01
      vertex  1.831073e+01 -2.300000e+01 -1.128820e+01
      vertex  3.798688e-01 -2.300000e+01 -7.490374e+00
    endloop
  endfacet
  facet normal  -0.000000e+00 -9.999999e-01  -0.000000e+00
    outer loop
      vertex  3.000000e+01 -2.300000e+01 -2.300000e+01
      vertex  3.798688e-01 -2.300000e+01 -7.490374e+00
      vertex -3.798688e-01 -2.300000e+01 -7.490374e+00
    endloop
  endfacet
  facet normal  -0.000000e+00 -1.000000e+00  -0.000000e+00
    outer loop
      vertex  3.000000e+01 -2.300000e+01 -2.300000e+01
      vertex -3.798688e-01 -2.300000e+01 -7.490374e+00
      vertex -1.135708e+00 -2.300000e+01 -7.413512e+00
    endloop
  endfacet
  facet normal  -0.000000e+00 -1.000000e+00  -0.000000e+00
    outer loop
      vertex  3.000000e+01 -2.300000e+01 -2.300000e+01
      vertex -1.135708e+00 -2.300000e+01 -7.413512e+00
      vertex -1.879894e+00 -2.300000e+01 -7.260578e+00
    endloop
  endfacet
  facet normal  -0.000000e+00 -1.000000e+00  -0.000000e+00
    outer loop
      vertex  3.000000e+01 -2.300000e+01 -2.300000e+01
      vertex -1.879894e+00 -2.300000e+01 -7.260578e+00
      vertex -2.604789e+00 -2.300000e+01 -7.033141e+00
    endloop
  endfacet
  facet normal  -0.000000e+00 -1.000000e+00  -0.000000e+00
    outer loop
      vertex  3.000000e+01 -2.300000e+01 -2.300000e+01
      vertex -2.604789e+00 -2.300000e+01 -7.033141e+00
      vertex -3.302956e+00 -2.300000e+01 -6.733534e+00
    endloop
  endfacet
  facet normal  -0.000000e+00 -1.000000e+00  -0.000000e+00
    outer loop
      vertex  3.000000e+01 -2.300000e+01 -2.300000e+01
      vertex -3.302956e+00 -2.300000e+01 -6.733534e+00
      vertex -1.700000e+01 -2.300000e+01 -1.600000e+00
    endloop
  endfacet
  facet normal  0.000000e+00 -1.000000e+00  -0.000000e+00
    outer loop
      vertex  3.000000e+01 -2.300000e+01 -2.300000e+01
      vertex -1.700000e+01 -2.300000e+01 -1.600000e+00
      vertex -2.610185e+01 -2.300000e+01 -1.693205e+00
    endloop
  endfacet
  facet normal  0.000000e+00 -1.000000e+00  -0.000000e+00
    outer loop
      vertex  3.000000e+01 -2.300000e+01 -2.300000e+01
      vertex -2.610185e+01 -2.300000e+01 -1.693205e+00
      vertex -2.636872e+01 -2.300000e+01 -2.208232e+00
    endloop
  endfacet
  facet normal  0.000000e+00 -1.000000e+00  -0.000000e+00
    outer loop
      vertex  3.000000e+01 -2.300000e+01 -2.300000e+01
      vertex -2.636872e+01 -2.300000e+01 -2.208232e+00
      vertex -2.670323e+01 -2.300000e+01 -2.682124e+00
    endloop
  endfacet
  facet normal  0.000000e+00 -1.000000e+00  -0.000000e+00
    outer loop
      vertex  3.000000e+01 -2.300000e+01 -2.300000e+01
      vertex -2.670323e+01 -2.300000e+01 -2.682124e+00
      vertex -2.709915e+01 -2.300000e+01 -3.106053e+00
    endloop
  endfacet
  facet normal  0.000000e+00 -1.000000e+00  -0.000000e+00
    outer loop
      vertex  3.000000e+01 -2.300000e+01 -2.300000e+01
      vertex -2.709915e+01 -2.300000e+01 -3.106053e+00
      vertex -2.754911e+01 -2.300000e+01 -3.472122e+00
    endloop
  endfacet
  facet normal  0.000000e+00 -1.000000e+00  -0.000000e+00
    outer loop
      vertex  3.000000e+01 -2.300000e+01 -2.300000e+01
      vertex -2.754911e+01 -2.300000e+01 -3.472122e+00
      vertex -2.804472e+01 -2.300000e+01 -3.773512e+00
    endloop
  endfacet
  facet normal  0.000000e+00 -1.000000e+00  -0.000000e+00
    outer loop
      vertex  3.000000e+01 -2.300000e+01 -2.300000e+01
      vertex -2.804472e+01 -2.300000e+01 -3.773512e+00
      vertex -2.840000e+01 -2.300000e+01 -1.300000e+01
    endloop
  endfacet
  facet normal  0.000000e+00 -1.000000e+00  -0.000000e+00
    outer loop
      vertex  3.000000e+01 -2.300000e+01 -2.300000e+01
      vertex -2.840000e+01 -2.300000e+01 -1.300000e+01
      vertex -2.843074e+01 -2.300000e+01 -1.331214e+01
    endloop
  endfacet
  facet normal  0.000000e+00 -1.000000e+00  -0.000000e+00
    outer loop
      vertex  3.000000e+01 -2.300000e+01 -2.300000e+01
      vertex -2.843074e+01 -2.300000e+01 -1.331214e+01
      vertex -2.852179e+01 -2.300000e+01 -1.361229e+01
    endloop
  endfacet
  facet normal  0.000000e+00 -1.000000e+00  -0.000000e+00
    outer loop
      vertex  3.000000e+01 -2.300000e+01 -2.300000e+01
      vertex -2.852179e+01 -2.300000e+01 -1.361229e+01
      vertex -2.866965e+01 -2.300000e+01 -1.388891e+01
    endloop
  endfacet
  facet normal  0.000000e+00 -1.000000e+00  -0.000000e+00
    outer loop
      vertex  3.000000e+01 -2.300000e+01 -2.300000e+01
      vertex -2.866965e+01 -2.300000e+01 -1.388891e+01
      vertex -2.886863e+01 -2.300000e+01 -1.413137e+01
    endloop
  endfacet
  facet normal  0.000000e+00 -1.000000e+00  -0.000000e+00
    outer loop
      vertex  3.000000e+01 -2.300000e+01 -2.300000e+01
      vertex -2.886863e+01 -2.300000e+01 -1.413137e+01
      vertex -2.911109e+01 -2.300000e+01 -1.433035e+01
    endloop
  endfacet
  facet normal  0.000000e+00 -1.000000e+00  -0.000000e+00
    outer loop
      vertex  3.000000e+01 -2.300000e+01 -2.300000e+01
      vertex -2.911109e+01 -2.300000e+01 -1.433035e+01
      vertex -2.938771e+01 -2.300000e+01 -1.447821e+01
    endloop
  endfacet
  facet normal  0.000000e+00 -1.000000e+00  -0.000000e+00
    outer loop
      vertex  3.000000e+01 -2.300000e+01 -2.300000e+01
      vertex -2.938771e+01 -2.300000e+01 -1.447821e+01
      vertex -2.968785e+01 -2.300000e+01 -1.456926e+01
    endloop
  endfacet
  facet normal  0.000000e+00 -1.000000e+00  0.000000e+00
    outer loop
      vertex  8.250000e+01 -2.300000e+01  1.300000e+01
      vertex  3.169859e+01 -2.300000e+01  1.616098e+01
      vertex  3.282178e+01 -2.300000e+01  1.600313e+01
    endloop
  endfacet
  facet normal  0.000000e+00 -1.000000e+00  0.000000e+00
    outer loop
      vertex  8.250000e+01 -2.300000e+01  1.300000e+01
      vertex  3.282178e+01 -2.300000e+01  1.600313e+01
      vertex  3.393123e+01 -2.300000e+01  1.576731e+01
    endloop
  endfacet
  facet normal  0.000000e+00 -1.000000e+00  0.000000e+00
    outer loop
      vertex  8.250000e+01 -2.300000e+01  1.300000e+01
      vertex  3.393123e+01 -2.300000e+01  1.576731e+01
      vertex  3.502153e+01 -2.300000e+01  1.545467e+01
    endloop
  endfacet
  facet normal  0.000000e+00 -1.000000e+00  0.000000e+00
    outer loop
      vertex  8.250000e+01 -2.300000e+01  1.300000e+01
      vertex  3.502153e+01 -2.300000e+01  1.545467e+01
      vertex  3.608736e+01 -2.300000e+01  1.506674e+01
    endloop
  endfacet
  facet normal  0.000000e+00 -1.000000e+00  0.000000e+00
    outer loop
      vertex  8.250000e+01 -2.300000e+01  1.300000e+01
      vertex  3.608736e+01 -2.300000e+01  1.506674e+01
      vertex  3.712353e+01 -2.300000e+01  1.460540e+01
    endloop
  endfacet
  facet normal  0.000000e+00 -1.000000e+00  0.000000e+00
    outer loop
      vertex  8.250000e+01 -2.300000e+01  1.300000e+01
      vertex  3.712353e+01 -2.300000e+01  1.460540e+01
      vertex  3.812500e+01 -2.300000e+01  1.407291e+01
    endloop
  endfacet
  facet normal  0.000000e+00 -1.000000e+00  0.000000e+00
    outer loop
      vertex  8.250000e+01 -2.300000e+01  1.300000e+01
      vertex  3.812500e+01 -2.300000e+01  1.407291e+01
      vertex  3.908688e+01 -2.300000e+01  1.347186e+01
    endloop
  endfacet
  facet normal  0.000000e+00 -1.000000e+00  0.000000e+00
    outer loop
      vertex  5.047099e+01 -2.300000e+01 -1.048516e+01
      vertex  4.562050e+01 -2.300000e+01  4.479107e+00
      vertex  4.589490e+01 -2.300000e+01  3.378565e+00
    endloop
  endfacet
  facet normal  0.000000e+00 -1.000000e+00  0.000000e+00
    outer loop
      vertex  5.047099e+01 -2.300000e+01 -1.048516e+01
      vertex  4.589490e+01 -2.300000e+01  3.378565e+00
      vertex  4.609186e+01 -2.300000e+01  2.261563e+00
    endloop
  endfacet
  facet normal  0.000000e+00 -9.999999e-01  0.000000e+00
    outer loop
      vertex  5.047099e+01 -2.300000e+01 -1.048516e+01
      vertex  4.609186e+01 -2.300000e+01  2.261563e+00
      vertex  4.621041e+01 -2.300000e+01  1.133543e+00
    endloop
  endfacet
  facet normal  0.000000e+00 -1.000000e+00  0.000000e+00
    outer loop
      vertex  5.047099e+01 -2.300000e+01 -1.048516e+01
      vertex  4.621041e+01 -2.300000e+01  1.133543e+00
      vertex  4.625000e+01 -2.300000e+01 -7.616965e-14
    endloop
  endfacet
  facet normal  0.000000e+00 -1.000000e+00  -0.000000e+00
    outer loop
      vertex  5.047099e+01 -2.300000e+01 -1.048516e+01
      vertex  4.625000e+01 -2.300000e+01 -7.616965e-14
      vertex  4.621041e+01 -2.300000e+01 -1.133543e+00
    endloop
  endfacet
  facet normal  0.000000e+00 -1.000000e+00  -0.000000e+00
    outer loop
      vertex  5.047099e+01 -2.300000e+01 -1.048516e+01
      vertex  4.621041e+01 -2.300000e+01 -1.133543e+00
      vertex  4.609186e+01 -2.300000e+01 -2.261563e+00
    endloop
  endfacet
  facet normal  0.000000e+00 -1.000000e+00  -0.000000e+00
    outer loop
      vertex  5.047099e+01 -2.300000e+01 -1.048516e+01
      vertex  4.609186e+01 -2.300000e+01 -2.261563e+00
      vertex  4.589490e+01 -2.300000e+01 -3.378565e+00
    endloop
  endfacet
  facet normal  0.000000e+00 -1.000000e+00  -0.000000e+00
    outer loop
      vertex  5.047099e+01 -2.300000e+01 -1.048516e+01
      vertex  4.589490e+01 -2.300000e+01 -3.378565e+00
      vertex  4.562050e+01 -2.300000e+01 -4.479107e+00
    endloop
  endfacet
  facet normal  0.000000e+00 -1.000000e+00  -0.000000e+00
    outer loop
      vertex  5.047099e+01 -2.300000e+01 -1.048516e+01
      vertex  4.562050e+01 -2.300000e+01 -4.479107e+00
      vertex  4.527000e+01 -2.300000e+01 -5.557827e+00
    endloop
  endfacet
  facet normal  0.000000e+00 -1.000000e+00  -0.000000e+00
    outer loop
      vertex  5.047099e+01 -2.300000e+01 -1.048516e+01
      vertex  4.527000e+01 -2.300000e+01 -5.557827e+00
      vertex  4.484511e+01 -2.300000e+01 -6.609470e+00
    endloop
  endfacet
  facet normal  0.000000e+00 -1.000000e+00  -0.000000e+00
    outer loop
      vertex  5.047099e+01 -2.300000e+01 -1.048516e+01
      vertex  4.484511e+01 -2.300000e+01 -6.609470e+00
      vertex  4.434790e+01 -2.300000e+01 -7.628913e+00
    endloop
  endfacet
  facet normal  0.000000e+00 -1.000000e+00  -0.000000e+00
    outer loop
      vertex  5.047099e+01 -2.300000e+01 -1.048516e+01
      vertex  4.434790e+01 -2.300000e+01 -7.628913e+00
      vertex  4.378078e+01 -2.300000e+01 -8.611188e+00
    endloop
  endfacet
  facet normal  0.000000e+00 -1.000000e+00  -0.000000e+00
    outer loop
      vertex  5.047099e+01 -2.300000e+01 -1.048516e+01
      vertex  4.378078e+01 -2.300000e+01 -8.611188e+00
      vertex  4.314653e+01 -2.300000e+01 -9.551511e+00
    endloop
  endfacet
  facet normal  0.000000e+00 -9.999999e-01  -0.000000e+00
    outer loop
      vertex  5.047099e+01 -2.300000e+01 -1.048516e+01
      vertex  4.314653e+01 -2.300000e+01 -9.551511e+00
      vertex  4.244822e+01 -2.300000e+01 -1.044530e+01
    endloop
  endfacet
  facet normal  0.000000e+00 -1.000000e+00  -0.000000e+00
    outer loop
      vertex  5.047099e+01 -2.300000e+01 -1.048516e+01
      vertex  4.244822e+01 -2.300000e+01 -1.044530e+01
      vertex  4.168927e+01 -2.300000e+01 -1.128820e+01
    endloop
  endfacet
  facet normal  0.000000e+00 -1.000000e+00  0.000000e+00
    outer loop
      vertex  5.047099e+01 -2.300000e+01 -1.048516e+01
      vertex  4.168927e+01 -2.300000e+01 -1.128820e+01
      vertex  4.983156e+01 -2.300000e+01 -1.164942e+01
    endloop
  endfacet
  facet normal  0.000000e+00 -1.000000e+00  0.000000e+00
    outer loop
      vertex  4.663702e+01 -2.300000e+01 -1.588111e+01
      vertex  4.752605e+01 -2.300000e+01 -1.489421e+01
      vertex  3.608736e+01 -2.300000e+01 -1.506674e+01
    endloop
  endfacet
  facet normal  0.000000e+00 -9.999999e-01  -0.000000e+00
    outer loop
      vertex  4.663702e+01 -2.300000e+01 -1.588111e+01
      vertex  3.608736e+01 -2.300000e+01 -1.506674e+01
      vertex  3.502153e+01 -2.300000e+01 -1.545467e+01
    endloop
  endfacet
  facet normal  0.000000e+00 -1.000000e+00  -0.000000e+00
    outer loop
      vertex  4.663702e+01 -2.300000e+01 -1.588111e+01
      vertex  3.502153e+01 -2.300000e+01 -1.545467e+01
      vertex  3.393123e+01 -2.300000e+01 -1.576731e+01
    endloop
  endfacet
  facet normal  0.000000e+00 -1.000000e+00  -0.000000e+00
    outer loop
      vertex  4.663702e+01 -2.300000e+01 -1.588111e+01
      vertex  3.393123e+01 -2.300000e+01 -1.576731e+01
      vertex  3.282178e+01 -2.300000e+01 -1.600313e+01
    endloop
  endfacet
  facet normal  0.000000e+00 -1.000000e+00  0.000000e+00
    outer loop
      vertex  4.663702e+01 -2.300000e+01 -1.588111e+01
      vertex  3.282178e+01 -2.300000e+01 -1.600313e+01
      vertex  4.569249e+01 -2.300000e+01 -1.681505e+01
    endloop
  endfacet
  facet normal  0.000000e+00 -1.000000e+00  0.000000e+00
    outer loop
      vertex  1.515489e+01 -2.300000e+01  6.609470e+00
      vertex  1.565210e+01 -2.300000e+01  7.628913e+00
      vertex  3.798688e-01 -2.300000e+01  7.490374e+00
    endloop
  endfacet
  facet normal  0.000000e+00 -9.999999e-01  0.000000e+00
    outer loop
      vertex  1.515489e+01 -2.300000e+01  6.609470e+00
      vertex  3.798688e-01 -2.300000e+01  7.490374e+00
      vertex  1.135708e+00 -2.300000e+01  7.413512e+00
    endloop
  endfacet
  facet normal  0.000000e+00 -1.000000e+00  0.000000e+00
    outer loop
      vertex  1.515489e+01 -2.300000e+01  6.609470e+00
      vertex  1.135708e+00 -2.300000e+01  7.413512e+00
      vertex  1.879894e+00 -2.300000e+01  7.260578e+00
    endloop
  endfacet
  facet normal  0.000000e+00 -1.000000e+00  0.000000e+00
    outer loop
      vertex  1.515489e+01 -2.300000e+01  6.609470e+00
      vertex  1.879894e+00 -2.300000e+01  7.260578e+00
      vertex  2.604789e+00 -2.300000e+01  7.033141e+00
    endloop
  endfacet
  facet normal  0.000000e+00 -1.000000e+00  0.000000e+00
    outer loop
      vertex  1.515489e+01 -2.300000e+01  6.609470e+00
      vertex  2.604789e+00 -2.300000e+01  7.033141e+00
      vertex  3.302956e+00 -2.300000e+01  6.733534e+00
    endloop
  endfacet
  facet normal  0.000000e+00 -1.000000e+00  0.000000e+00
    outer loop
      vertex  1.515489e+01 -2.300000e+01  6.609470e+00
      vertex  3.302956e+00 -2.300000e+01  6.733534e+00
      vertex  3.967230e+00 -2.300000e+01  6.364832e+00
    endloop
  endfacet
  facet normal  0.000000e+00 -1.000000e+00  0.000000e+00
    outer loop
      vertex  1.515489e+01 -2.300000e+01  6.609470e+00
      vertex  3.967230e+00 -2.300000e+01  6.364832e+00
      vertex  1.472999e+01 -2.300000e+01  5.557827e+00
    endloop
  endfacet
  facet normal  0.000000e+00 -1.000000e+00  -0.000000e+00
    outer loop
      vertex  1.565210e+01 -2.300000e+01 -7.628913e+00
      vertex  1.515489e+01 -2.300000e+01 -6.609470e+00
      vertex  3.302956e+00 -2.300000e+01 -6.733534e+00
    endloop
  endfacet
  facet normal  0.000000e+00 -1.000000e+00  -0.000000e+00
    outer loop
      vertex  1.565210e+01 -2.300000e+01 -7.628913e+00
      vertex  3.302956e+00 -2.300000e+01 -6.733534e+00
      vertex  2.604789e+00 -2.300000e+01 -7.033141e+00
    endloop
  endfacet
  facet normal  0.000000e+00 -1.000000e+00  -0.000000e+00
    outer loop
      vertex  1.565210e+01 -2.300000e+01 -7.628913e+00
      vertex  2.604789e+00 -2.300000e+01 -7.033141e+00
      vertex  1.879894e+00 -2.300000e+01 -7.260578e+00
    endloop
  endfacet
  facet normal  0.000000e+00 -1.000000e+00  -0.000000e+00
    outer loop
      vertex  1.565210e+01 -2.300000e+01 -7.628913e+00
      vertex  1.879894e+00 -2.300000e+01 -7.260578e+00
      vertex  1.135708e+00 -2.300000e+01 -7.413512e+00
    endloop
  endfacet
  facet normal  0.000000e+00 -1.000000e+00  -0.000000e+00
    outer loop
      vertex  1.565210e+01 -2.300000e+01 -7.628913e+00
      vertex  1.135708e+00 -2.300000e+01 -7.413512e+00
      vertex  3.798688e-01 -2.300000e+01 -7.490374e+00
    endloop
  endfacet
  facet normal  0.000000e+00 -1.000000e+00  0.000000e+00
    outer loop
      vertex  1.565210e+01 -2.300000e+01 -7.628913e+00
      vertex  3.798688e-01 -2.300000e+01 -7.490374e+00
      vertex  1.621922e+01 -2.300000e+01 -8.611188e+00
    endloop
  endfacet
  facet normal  0.000000e+00 -9.999999e-01  0.000000e+00
    outer loop
      vertex -1.700000e+01 -2.300000e+01  1.600000e+00
      vertex -1.668785e+01 -2.300000e+01  1.569256e+00
      vertex -7.346475e+00 -2.300000e+01  1.509739e+00
    endloop
  endfacet
  facet normal  0.000000e+00 -1.000000e+00  0.000000e+00
    outer loop
      vertex -1.700000e+01 -2.300000e+01  1.600000e+00
      vertex -7.346475e+00 -2.300000e+01  1.509739e+00
      vertex -7.156044e+00 -2.300000e+01  2.245224e+00
    endloop
  endfacet
  facet normal  -0.000000e+00 -9.999999e-01  0.000000e+00
    outer loop
      vertex -1.700000e+01 -2.300000e+01  1.600000e+00
      vertex -7.156044e+00 -2.300000e+01  2.245224e+00
      vertex -6.892184e+00 -2.300000e+01  2.957669e+00
    endloop
  endfacet
  facet normal  -0.000000e+00 -1.000000e+00  0.000000e+00
    outer loop
      vertex -1.700000e+01 -2.300000e+01  1.600000e+00
      vertex -6.892184e+00 -2.300000e+01  2.957669e+00
      vertex -6.557600e+00 -2.300000e+01  3.639765e+00
    endloop
  endfacet
  facet normal  -0.000000e+00 -1.000000e+00  0.000000e+00
    outer loop
      vertex -1.700000e+01 -2.300000e+01  1.600000e+00
      vertex -6.557600e+00 -2.300000e+01  3.639765e+00
      vertex -6.155726e+00 -2.300000e+01  4.284512e+00
    endloop
  endfacet
  facet normal  -0.000000e+00 -1.000000e+00  0.000000e+00
    outer loop
      vertex -1.700000e+01 -2.300000e+01  1.600000e+00
      vertex -6.155726e+00 -2.300000e+01  4.284512e+00
      vertex -5.690686e+00 -2.300000e+01  4.885293e+00
    endloop
  endfacet
  facet normal  -0.000000e+00 -1.000000e+00  0.000000e+00
    outer loop
      vertex -1.700000e+01 -2.300000e+01  1.600000e+00
      vertex -5.690686e+00 -2.300000e+01  4.885293e+00
      vertex -5.167252e+00 -2.300000e+01  5.435946e+00
    endloop
  endfacet
  facet normal  -0.000000e+00 -1.000000e+00  0.000000e+00
    outer loop
      vertex -1.700000e+01 -2.300000e+01  1.600000e+00
      vertex -5.167252e+00 -2.300000e+01  5.435946e+00
      vertex -4.590795e+00 -2.300000e+01  5.930818e+00
    endloop
  endfacet
  facet normal  -0.000000e+00 -1.000000e+00  0.000000e+00
    outer loop
      vertex -1.700000e+01 -2.300000e+01  1.600000e+00
      vertex -4.590795e+00 -2.300000e+01  5.930818e+00
      vertex -3.967230e+00 -2.300000e+01  6.364832e+00
    endloop
  endfacet
  facet normal  -0.000000e+00 -9.999999e-01  0.000000e+00
    outer loop
      vertex -1.700000e+01 -2.300000e+01  1.600000e+00
      vertex -3.967230e+00 -2.300000e+01  6.364832e+00
      vertex -3.302956e+00 -2.300000e+01  6.733534e+00
    endloop
  endfacet
  facet normal  -0.000000e+00 -1.000000e+00  0.000000e+00
    outer loop
      vertex -1.700000e+01 -2.300000e+01  1.600000e+00
      vertex -3.302956e+00 -2.300000e+01  6.733534e+00
      vertex -2.604789e+00 -2.300000e+01  7.033141e+00
    endloop
  endfacet
  facet normal  0.000000e+00 -1.000000e+00  0.000000e+00
    outer loop
      vertex -7.461520e+00 -2.300000e+01  7.587624e-01
      vertex -7.346475e+00 -2.300000e+01  1.509739e+00
      vertex -1.638771e+01 -2.300000e+01  1.478207e+00
    endloop
  endfacet
  facet normal  0.000000e+00 -1.000000e+00  0.000000e+00
    outer loop
      vertex -7.461520e+00 -2.300000e+01  7.587624e-01
      vertex -1.638771e+01 -2.300000e+01  1.478207e+00
      vertex -1.611109e+01 -2.300000e+01  1.330351e+00
    endloop
  endfacet
  facet normal  0.000000e+00 -1.000000e+00  0.000000e+00
    outer loop
      vertex -7.461520e+00 -2.300000e+01  7.587624e-01
      vertex -1.611109e+01 -2.300000e+01  1.330351e+00
      vertex -1.586863e+01 -2.300000e+01  1.131371e+00
    endloop
  endfacet
  facet normal  0.000000e+00 -1.000000e+00  0.000000e+00
    outer loop
      vertex -7.461520e+00 -2.300000e+01  7.587624e-01
      vertex -1.586863e+01 -2.300000e+01  1.131371e+00
      vertex -1.566965e+01 -2.300000e+01  8.889124e-01
    endloop
  endfacet
  facet normal  0.000000e+00 -1.000000e+00  -0.000000e+00
    outer loop
      vertex -7.346475e+00 -2.300000e+01 -1.509739e+00
      vertex -7.461520e+00 -2.300000e+01 -7.587624e-01
      vertex -1.566965e+01 -2.300000e+01 -8.889124e-01
    endloop
  endfacet
  facet normal  0.000000e+00 -1.000000e+00  -0.000000e+00
    outer loop
      vertex -7.346475e+00 -2.300000e+01 -1.509739e+00
      vertex -1.566965e+01 -2.300000e+01 -8.889124e-01
      vertex -1.586863e+01 -2.300000e+01 -1.131371e+00
    endloop
  endfacet
  facet normal  0.000000e+00 -9.999999e-01  -0.000000e+00
    outer loop
      vertex -7.346475e+00 -2.300000e+01 -1.509739e+00
      vertex -1.586863e+01 -2.300000e+01 -1.131371e+00
      vertex -1.611109e+01 -2.300000e+01 -1.330351e+00
    endloop
  endfacet
  facet normal  0.000000e+00 -1.000000e+00  -0.000000e+00
    outer loop
      vertex -7.346475e+00 -2.300000e+01 -1.509739e+00
      vertex -1.611109e+01 -2.300000e+01 -1.330351e+00
      vertex -1.638771e+01 -2.300000e+01 -1.478207e+00
    endloop
  endfacet
  facet normal  0.000000e+00 -1.000000e+00  -0.000000e+00
    outer loop
      vertex -7.346475e+00 -2.300000e+01 -1.509739e+00
      vertex -1.638771e+01 -2.300000e+01 -1.478207e+00
      vertex -1.668785e+01 -2.300000e+01 -1.569256e+00
    endloop
  endfacet
  facet normal  0.000000e+00 -1.000000e+00  0.000000e+00
    outer loop
      vertex -7.346475e+00 -2.300000e+01 -1.509739e+00
      vertex -1.668785e+01 -2.300000e+01 -1.569256e+00
      vertex -7.156044e+00 -2.300000e+01 -2.245224e+00
    endloop
  endfacet
  facet normal  0.000000e+00 -1.000000e+00  0.000000e+00
    outer loop
      vertex -1.700000e+01 -2.300000e+01  1.600000e+00
      vertex -2.886863e+01 -2.300000e+01  1.413137e+01
      vertex -2.866965e+01 -2.300000e+01  1.388891e+01
    endloop
  endfacet
  facet normal  0.000000e+00 -1.000000e+00  0.000000e+00
    outer loop
      vertex -1.700000e+01 -2.300000e+01  1.600000e+00
      vertex -2.866965e+01 -2.300000e+01  1.388891e+01
      vertex -2.852179e+01 -2.300000e+01  1.361229e+01
    endloop
  endfacet
  facet normal  0.000000e+00 -1.000000e+00  0.000000e+00
    outer loop
      vertex -1.700000e+01 -2.300000e+01  1.600000e+00
      vertex -2.852179e+01 -2.300000e+01  1.361229e+01
      vertex -2.843074e+01 -2.300000e+01  1.331214e+01
    endloop
  endfacet
  facet normal  0.000000e+00 -1.000000e+00  0.000000e+00
    outer loop
      vertex -1.700000e+01 -2.300000e+01  1.600000e+00
      vertex -2.843074e+01 -2.300000e+01  1.331214e+01
      vertex -2.840000e+01 -2.300000e+01  1.300000e+01
    endloop
  endfacet
  facet normal  0.000000e+00 -9.999999e-01  -0.000000e+00
    outer loop
      vertex -1.700000e+01 -2.300000e+01  1.600000e+00
      vertex -2.840000e+01 -2.300000e+01  1.300000e+01
      vertex -2.843074e+01 -2.300000e+01  1.268786e+01
    endloop
  endfacet
  facet normal  0.000000e+00 -1.000000e+00  -0.000000e+00
    outer loop
      vertex -1.700000e+01 -2.300000e+01  1.600000e+00
      vertex -2.843074e+01 -2.300000e+01  1.268786e+01
      vertex -2.852179e+01 -2.300000e+01  1.238771e+01
    endloop
  endfacet
  facet normal  0.000000e+00 -1.000000e+00  -0.000000e+00
    outer loop
      vertex -1.700000e+01 -2.300000e+01  1.600000e+00
      vertex -2.852179e+01 -2.300000e+01  1.238771e+01
      vertex -2.866965e+01 -2.300000e+01  1.211109e+01
    endloop
  endfacet
  facet normal  0.000000e+00 -9.999999e-01  -0.000000e+00
    outer loop
      vertex -1.700000e+01 -2.300000e+01  1.600000e+00
      vertex -2.866965e+01 -2.300000e+01  1.211109e+01
      vertex -2.886863e+01 -2.300000e+01  1.186863e+01
    endloop
  endfacet
  facet normal  0.000000e+00 -1.000000e+00  -0.000000e+00
    outer loop
      vertex -1.700000e+01 -2.300000e+01  1.600000e+00
      vertex -2.886863e+01 -2.300000e+01  1.186863e+01
      vertex -2.911109e+01 -2.300000e+01  1.166965e+01
    endloop
  endfacet
  facet normal  0.000000e+00 -1.000000e+00  -0.000000e+00
    outer loop
      vertex -1.700000e+01 -2.300000e+01  1.600000e+00
      vertex -2.911109e+01 -2.300000e+01  1.166965e+01
      vertex -2.938771e+01 -2.300000e+01  1.152179e+01
    endloop
  endfacet
  facet normal  0.000000e+00 -1.000000e+00  -0.000000e+00
    outer loop
      vertex -1.700000e+01 -2.300000e+01  1.600000e+00
      vertex -2.938771e+01 -2.300000e+01  1.152179e+01
      vertex -2.968785e+01 -2.300000e+01  1.143074e+01
    endloop
  endfacet
  facet normal  0.000000e+00 -1.000000e+00  -0.000000e+00
    outer loop
      vertex -1.700000e+01 -2.300000e+01  1.600000e+00
      vertex -2.968785e+01 -2.300000e+01  1.143074e+01
      vertex -3.000000e+01 -2.300000e+01  1.140000e+01
    endloop
  endfacet
  facet normal  0.000000e+00 -1.000000e+00  0.000000e+00
    outer loop
      vertex -1.700000e+01 -2.300000e+01  1.600000e+00
      vertex -3.000000e+01 -2.300000e+01  1.140000e+01
      vertex -2.913531e+01 -2.300000e+01  4.161108e+00
    endloop
  endfacet
  facet normal  0.000000e+00 -1.000000e+00  0.000000e+00
    outer loop
      vertex -1.700000e+01 -2.300000e+01  1.600000e+00
      vertex -2.913531e+01 -2.300000e+01  4.161108e+00
      vertex -2.857676e+01 -2.300000e+01  4.004609e+00
    endloop
  endfacet
  facet normal  0.000000e+00 -1.000000e+00  0.000000e+00
    outer loop
      vertex -1.700000e+01 -2.300000e+01  1.600000e+00
      vertex -2.857676e+01 -2.300000e+01  4.004609e+00
      vertex -2.804472e+01 -2.300000e+01  3.773512e+00
    endloop
  endfacet
  facet normal  0.000000e+00 -1.000000e+00  0.000000e+00
    outer loop
      vertex -1.700000e+01 -2.300000e+01  1.600000e+00
      vertex -2.804472e+01 -2.300000e+01  3.773512e+00
      vertex -2.754911e+01 -2.300000e+01  3.472122e+00
    endloop
  endfacet
  facet normal  0.000000e+00 -1.000000e+00  0.000000e+00
    outer loop
      vertex -1.700000e+01 -2.300000e+01  1.600000e+00
      vertex -2.754911e+01 -2.300000e+01  3.472122e+00
      vertex -2.709915e+01 -2.300000e+01  3.106053e+00
    endloop
  endfacet
  facet normal  0.000000e+00 -1.000000e+00  0.000000e+00
    outer loop
      vertex -1.700000e+01 -2.300000e+01  1.600000e+00
      vertex -2.709915e+01 -2.300000e+01  3.106053e+00
      vertex -2.670323e+01 -2.300000e+01  2.682124e+00
    endloop
  endfacet
  facet normal  0.000000e+00 -1.000000e+00  0.000000e+00
    outer loop
      vertex -1.700000e+01 -2.300000e+01  1.600000e+00
      vertex -2.670323e+01 -2.300000e+01  2.682124e+00
      vertex -2.636872e+01 -2.300000e+01  2.208232e+00
    endloop
  endfacet
  facet normal  0.000000e+00 -1.000000e+00  0.000000e+00
    outer loop
      vertex -1.700000e+01 -2.300000e+01  1.600000e+00
      vertex -2.636872e+01 -2.300000e+01  2.208232e+00
      vertex -2.610185e+01 -2.300000e+01  1.693205e+00
    endloop
  endfacet
  facet normal  0.000000e+00 -1.000000e+00  0.000000e+00
    outer loop
      vertex -1.700000e+01 -2.300000e+01  1.600000e+00
      vertex -2.610185e+01 -2.300000e+01  1.693205e+00
      vertex -2.590760e+01 -2.300000e+01  1.146636e+00
    endloop
  endfacet
  facet normal  0.000000e+00 -1.000000e+00  0.000000e+00
    outer loop
      vertex -2.590760e+01 -2.300000e+01  1.146636e+00
      vertex -2.578959e+01 -2.300000e+01  5.787082e-01
      vertex -1.833035e+01 -2.300000e+01  8.889124e-01
    endloop
  endfacet
  facet normal  0.000000e+00 -1.000000e+00  0.000000e+00
    outer loop
      vertex -2.590760e+01 -2.300000e+01  1.146636e+00
      vertex -1.833035e+01 -2.300000e+01  8.889124e-01
      vertex -1.813137e+01 -2.300000e+01  1.131371e+00
    endloop
  endfacet
  facet normal  0.000000e+00 -1.000000e+00  0.000000e+00
    outer loop
      vertex -2.590760e+01 -2.300000e+01  1.146636e+00
      vertex -1.813137e+01 -2.300000e+01  1.131371e+00
      vertex -1.788891e+01 -2.300000e+01  1.330351e+00
    endloop
  endfacet
  facet normal  -0.000000e+00 -1.000000e+00  0.000000e+00
    outer loop
      vertex -2.590760e+01 -2.300000e+01  1.146636e+00
      vertex -1.788891e+01 -2.300000e+01  1.330351e+00
      vertex -1.761229e+01 -2.300000e+01  1.478207e+00
    endloop
  endfacet
  facet normal  -0.000000e+00 -1.000000e+00  0.000000e+00
    outer loop
      vertex -2.590760e+01 -2.300000e+01  1.146636e+00
      vertex -1.761229e+01 -2.300000e+01  1.478207e+00
      vertex -1.731215e+01 -2.300000e+01  1.569256e+00
    endloop
  endfacet
  facet normal  -0.000000e+00 -1.000000e+00  0.000000e+00
    outer loop
      vertex -2.590760e+01 -2.300000e+01  1.146636e+00
      vertex -1.731215e+01 -2.300000e+01  1.569256e+00
      vertex -1.700000e+01 -2.300000e+01  1.600000e+00
    endloop
  endfacet
  facet normal  -0.000000e+00 -1.000000e+00  0.000000e+00
    outer loop
      vertex -2.610185e+01 -2.300000e+01 -1.693205e+00
      vertex -1.700000e+01 -2.300000e+01 -1.600000e+00
      vertex -1.731215e+01 -2.300000e+01 -1.569256e+00
    endloop
  endfacet
  facet normal  -0.000000e+00 -1.000000e+00  0.000000e+00
    outer loop
      vertex -2.610185e+01 -2.300000e+01 -1.693205e+00
      vertex -1.731215e+01 -2.300000e+01 -1.569256e+00
      vertex -1.761229e+01 -2.300000e+01 -1.478207e+00
    endloop
  endfacet
  facet normal  -0.000000e+00 -1.000000e+00  0.000000e+00
    outer loop
      vertex -2.610185e+01 -2.300000e+01 -1.693205e+00
      vertex -1.761229e+01 -2.300000e+01 -1.478207e+00
      vertex -1.788891e+01 -2.300000e+01 -1.330351e+00
    endloop
  endfacet
  facet normal  -0.000000e+00 -1.000000e+00  0.000000e+00
    outer loop
      vertex -2.610185e+01 -2.300000e+01 -1.693205e+00
      vertex -1.788891e+01 -2.300000e+01 -1.330351e+00
      vertex -1.813137e+01 -2.300000e+01 -1.131371e+00
    endloop
  endfacet
  facet normal  0.000000e+00 -1.000000e+00  0.000000e+00
    outer loop
      vertex -2.610185e+01 -2.300000e+01 -1.693205e+00
      vertex -1.813137e+01 -2.300000e+01 -1.131371e+00
      vertex -2.590760e+01 -2.300000e+01 -1.146636e+00
    endloop
  endfacet
  facet normal  -0.000000e+00 -1.000000e+00  0.000000e+00
    outer loop
      vertex -4.300000e+01 -2.300000e+01  1.600000e+00
      vertex -3.389815e+01 -2.300000e+01  1.693205e+00
      vertex -3.363128e+01 -2.300000e+01  2.208232e+00
    endloop
  endfacet
  facet normal  -0.000000e+00 -1.000000e+00  0.000000e+00
    outer loop
      vertex -4.300000e+01 -2.300000e+01  1.600000e+00
      vertex -3.363128e+01 -2.300000e+01  2.208232e+00
      vertex -3.329677e+01 -2.300000e+01  2.682124e+00
    endloop
  endfacet
  facet normal  -0.000000e+00 -1.000000e+00  0.000000e+00
    outer loop
      vertex -4.300000e+01 -2.300000e+01  1.600000e+00
      vertex -3.329677e+01 -2.300000e+01  2.682124e+00
      vertex -3.290085e+01 -2.300000e+01  3.106053e+00
    endloop
  endfacet
  facet normal  -0.000000e+00 -9.999999e-01  0.000000e+00
    outer loop
      vertex -4.300000e+01 -2.300000e+01  1.600000e+00
      vertex -3.290085e+01 -2.300000e+01  3.106053e+00
      vertex -3.245089e+01 -2.300000e+01  3.472122e+00
    endloop
  endfacet
  facet normal  -0.000000e+00 -1.000000e+00  0.000000e+00
    outer loop
      vertex -4.300000e+01 -2.300000e+01  1.600000e+00
      vertex -3.245089e+01 -2.300000e+01  3.472122e+00
      vertex -3.195528e+01 -2.300000e+01  3.773512e+00
    endloop
  endfacet
  facet normal  -0.000000e+00 -1.000000e+00  0.000000e+00
    outer loop
      vertex -4.300000e+01 -2.300000e+01  1.600000e+00
      vertex -3.195528e+01 -2.300000e+01  3.773512e+00
      vertex -3.142324e+01 -2.300000e+01  4.004609e+00
    endloop
  endfacet
  facet normal  -0.000000e+00 -9.999999e-01  0.000000e+00
    outer loop
      vertex -4.300000e+01 -2.300000e+01  1.600000e+00
      vertex -3.142324e+01 -2.300000e+01  4.004609e+00
      vertex -3.086469e+01 -2.300000e+01  4.161108e+00
    endloop
  endfacet
  facet normal  -0.000000e+00 -1.000000e+00  0.000000e+00
    outer loop
      vertex -4.300000e+01 -2.300000e+01  1.600000e+00
      vertex -3.086469e+01 -2.300000e+01  4.161108e+00
      vertex -3.000000e+01 -2.300000e+01  1.140000e+01
    endloop
  endfacet
  facet normal  -0.000000e+00 -1.000000e+00  0.000000e+00
    outer loop
      vertex -4.300000e+01 -2.300000e+01  1.600000e+00
      vertex -3.000000e+01 -2.300000e+01  1.140000e+01
      vertex -3.031215e+01 -2.300000e+01  1.143074e+01
    endloop
  endfacet
  facet normal  -0.000000e+00 -1.000000e+00  0.000000e+00
    outer loop
      vertex -4.300000e+01 -2.300000e+01  1.600000e+00
      vertex -3.031215e+01 -2.300000e+01  1.143074e+01
      vertex -3.061229e+01 -2.300000e+01  1.152179e+01
    endloop
  endfacet
  facet normal  -0.000000e+00 -1.000000e+00  0.000000e+00
    outer loop
      vertex -4.300000e+01 -2.300000e+01  1.600000e+00
      vertex -3.061229e+01 -2.300000e+01  1.152179e+01
      vertex -3.088891e+01 -2.300000e+01  1.166965e+01
    endloop
  endfacet
  facet normal  -0.000000e+00 -1.000000e+00  0.000000e+00
    outer loop
      vertex -4.300000e+01 -2.300000e+01  1.600000e+00
      vertex -3.088891e+01 -2.300000e+01  1.166965e+01
      vertex -3.113137e+01 -2.300000e+01  1.186863e+01
    endloop
  endfacet
  facet normal  -0.000000e+00 -1.000000e+00  0.000000e+00
    outer loop
      vertex -4.300000e+01 -2.300000e+01  1.600000e+00
      vertex -3.113137e+01 -2.300000e+01  1.186863e+01
      vertex -3.133035e+01 -2.300000e+01  1.211109e+01
    endloop
  endfacet
  facet normal  -0.000000e+00 -1.000000e+00  0.000000e+00
    outer loop
      vertex -4.300000e+01 -2.300000e+01  1.600000e+00
      vertex -3.133035e+01 -2.300000e+01  1.211109e+01
      vertex -3.147821e+01 -2.300000e+01  1.238771e+01
    endloop
  endfacet
  facet normal  -0.000000e+00 -1.000000e+00  0.000000e+00
    outer loop
      vertex -4.300000e+01 -2.300000e+01  1.600000e+00
      vertex -3.147821e+01 -2.300000e+01  1.238771e+01
      vertex -3.156926e+01 -2.300000e+01  1.268786e+01
    endloop
  endfacet
  facet normal  -0.000000e+00 -1.000000e+00  0.000000e+00
    outer loop
      vertex -4.300000e+01 -2.300000e+01  1.600000e+00
      vertex -3.156926e+01 -2.300000e+01  1.268786e+01
      vertex -3.160000e+01 -2.300000e+01  1.300000e+01
    endloop
  endfacet
  facet normal  -0.000000e+00 -1.000000e+00  0.000000e+00
    outer loop
      vertex -4.300000e+01 -2.300000e+01  1.600000e+00
      vertex -3.160000e+01 -2.300000e+01  1.300000e+01
      vertex -3.156926e+01 -2.300000e+01  1.331214e+01
    endloop
  endfacet
  facet normal  -0.000000e+00 -1.000000e+00  0.000000e+00
    outer loop
      vertex -4.300000e+01 -2.300000e+01  1.600000e+00
      vertex -3.156926e+01 -2.300000e+01  1.331214e+01
      vertex -3.147821e+01 -2.300000e+01  1.361229e+01
    endloop
  endfacet
  facet normal  -0.000000e+00 -1.000000e+00  0.000000e+00
    outer loop
      vertex -4.300000e+01 -2.300000e+01  1.600000e+00
      vertex -3.147821e+01 -2.300000e+01  1.361229e+01
      vertex -3.133035e+01 -2.300000e+01  1.388891e+01
    endloop
  endfacet
  facet normal  -0.000000e+00 -1.000000e+00  0.000000e+00
    outer loop
      vertex -4.300000e+01 -2.300000e+01  1.600000e+00
      vertex -3.133035e+01 -2.300000e+01  1.388891e+01
      vertex -3.113137e+01 -2.300000e+01  1.413137e+01
    endloop
  endfacet
  facet normal  0.000000e+00 -1.000000e+00  -0.000000e+00
    outer loop
      vertex -3.000000e+01 -2.300000e+01  1.460000e+01
      vertex -3.000000e+01 -2.300000e+01  2.300000e+01
      vertex -3.134400e+01 -2.300000e+01  2.296070e+01
    endloop
  endfacet
  facet normal  0.000000e+00 -1.000000e+00  -0.000000e+00
    outer loop
      vertex -3.000000e+01 -2.300000e+01  1.460000e+01
      vertex -3.134400e+01 -2.300000e+01  2.296070e+01
      vertex -3.268341e+01 -2.300000e+01  2.284293e+01
    endloop
  endfacet
  facet normal  0.000000e+00 -1.000000e+00  -0.000000e+00
    outer loop
      vertex -3.000000e+01 -2.300000e+01  1.460000e+01
      vertex -3.268341e+01 -2.300000e+01  2.284293e+01
      vertex -3.401365e+01 -2.300000e+01  2.264709e+01
    endloop
  endfacet
  facet normal  0.000000e+00 -9.999999e-01  -0.000000e+00
    outer loop
      vertex -3.000000e+01 -2.300000e+01  1.460000e+01
      vertex -3.401365e+01 -2.300000e+01  2.264709e+01
      vertex -3.533017e+01 -2.300000e+01  2.237385e+01
    endloop
  endfacet
  facet normal  0.000000e+00 -1.000000e+00  -0.000000e+00
    outer loop
      vertex -3.000000e+01 -2.300000e+01  1.460000e+01
      vertex -3.533017e+01 -2.300000e+01  2.237385e+01
      vertex -3.662848e+01 -2.300000e+01  2.202415e+01
    endloop
  endfacet
  facet normal  0.000000e+00 -1.000000e+00  -0.000000e+00
    outer loop
      vertex -3.000000e+01 -2.300000e+01  1.460000e+01
      vertex -3.662848e+01 -2.300000e+01  2.202415e+01
      vertex -3.790413e+01 -2.300000e+01  2.159919e+01
    endloop
  endfacet
  facet normal  0.000000e+00 -1.000000e+00  -0.000000e+00
    outer loop
      vertex -3.000000e+01 -2.300000e+01  1.460000e+01
      vertex -3.790413e+01 -2.300000e+01  2.159919e+01
      vertex -3.915276e+01 -2.300000e+01  2.110040e+01
    endloop
  endfacet
  facet normal  0.000000e+00 -1.000000e+00  -0.000000e+00
    outer loop
      vertex -3.000000e+01 -2.300000e+01  1.460000e+01
      vertex -3.915276e+01 -2.300000e+01  2.110040e+01
      vertex -4.037012e+01 -2.300000e+01  2.052950e+01
    endloop
  endfacet
  facet normal  0.000000e+00 -9.999999e-01  -0.000000e+00
    outer loop
      vertex -3.000000e+01 -2.300000e+01  1.460000e+01
      vertex -4.037012e+01 -2.300000e+01  2.052950e+01
      vertex -4.155204e+01 -2.300000e+01  1.988845e+01
    endloop
  endfacet
  facet normal  0.000000e+00 -1.000000e+00  -0.000000e+00
    outer loop
      vertex -3.000000e+01 -2.300000e+01  1.460000e+01
      vertex -4.155204e+01 -2.300000e+01  1.988845e+01
      vertex -4.269448e+01 -2.300000e+01  1.917942e+01
    endloop
  endfacet
  facet normal  0.000000e+00 -1.000000e+00  0.000000e+00
    outer loop
      vertex -3.409240e+01 -2.300000e+01  1.146636e+00
      vertex -3.389815e+01 -2.300000e+01  1.693205e+00
      vertex -4.300000e+01 -2.300000e+01  1.600000e+00
    endloop
  endfacet
  facet normal  0.000000e+00 -1.000000e+00  0.000000e+00
    outer loop
      vertex -3.409240e+01 -2.300000e+01  1.146636e+00
      vertex -4.300000e+01 -2.300000e+01  1.600000e+00
      vertex -4.268785e+01 -2.300000e+01  1.569256e+00
    endloop
  endfacet
  facet normal  0.000000e+00 -1.000000e+00  0.000000e+00
    outer loop
      vertex -3.409240e+01 -2.300000e+01  1.146636e+00
      vertex -4.268785e+01 -2.300000e+01  1.569256e+00
      vertex -4.238771e+01 -2.300000e+01  1.478207e+00
    endloop
  endfacet
  facet normal  0.000000e+00 -1.000000e+00  0.000000e+00
    outer loop
      vertex -3.409240e+01 -2.300000e+01  1.146636e+00
      vertex -4.238771e+01 -2.300000e+01  1.478207e+00
      vertex -4.211109e+01 -2.300000e+01  1.330351e+00
    endloop
  endfacet
  facet normal  0.000000e+00 -9.999999e-01  0.000000e+00
    outer loop
      vertex -3.409240e+01 -2.300000e+01  1.146636e+00
      vertex -4.211109e+01 -2.300000e+01  1.330351e+00
      vertex -4.186863e+01 -2.300000e+01  1.131371e+00
    endloop
  endfacet
  facet normal  0.000000e+00 -1.000000e+00  0.000000e+00
    outer loop
      vertex -3.421041e+01 -2.300000e+01  5.787082e-01
      vertex -3.409240e+01 -2.300000e+01  1.146636e+00
      vertex -4.186863e+01 -2.300000e+01  1.131371e+00
    endloop
  endfacet
  facet normal  0.000000e+00 -1.000000e+00  0.000000e+00
    outer loop
      vertex -3.421041e+01 -2.300000e+01  5.787082e-01
      vertex -4.186863e+01 -2.300000e+01  1.131371e+00
      vertex -4.166965e+01 -2.300000e+01  8.889124e-01
    endloop
  endfacet
  facet normal  0.000000e+00 -1.000000e+00  0.000000e+00
    outer loop
      vertex -3.421041e+01 -2.300000e+01  5.787082e-01
      vertex -4.166965e+01 -2.300000e+01  8.889124e-01
      vertex -4.152179e+01 -2.300000e+01  6.122935e-01
    endloop
  endfacet
  facet normal  0.000000e+00 -1.000000e+00  0.000000e+00
    outer loop
      vertex -3.421041e+01 -2.300000e+01  5.787082e-01
      vertex -4.152179e+01 -2.300000e+01  6.122935e-01
      vertex -4.143074e+01 -2.300000e+01  3.121445e-01
    endloop
  endfacet
  facet normal  0.000000e+00 -1.000000e+00  0.000000e+00
    outer loop
      vertex -3.421041e+01 -2.300000e+01  5.787082e-01
      vertex -4.143074e+01 -2.300000e+01  3.121445e-01
      vertex -3.425000e+01 -2.300000e+01  0.000000e+00
    endloop
  endfacet
  facet normal  0.000000e+00 -1.000000e+00  -0.000000e+00
    outer loop
      vertex -3.409240e+01 -2.300000e+01 -1.146636e+00
      vertex -3.421041e+01 -2.300000e+01 -5.787082e-01
      vertex -4.152179e+01 -2.300000e+01 -6.122935e-01
    endloop
  endfacet
  facet normal  0.000000e+00 -1.000000e+00  -0.000000e+00
    outer loop
      vertex -3.409240e+01 -2.300000e+01 -1.146636e+00
      vertex -4.152179e+01 -2.300000e+01 -6.122935e-01
      vertex -4.166965e+01 -2.300000e+01 -8.889124e-01
    endloop
  endfacet
  facet normal  0.000000e+00 -9.999999e-01  -0.000000e+00
    outer loop
      vertex -3.409240e+01 -2.300000e+01 -1.146636e+00
      vertex -4.166965e+01 -2.300000e+01 -8.889124e-01
      vertex -4.186863e+01 -2.300000e+01 -1.131371e+00
    endloop
  endfacet
  facet normal  0.000000e+00 -9.999999e-01  -0.000000e+00
    outer loop
      vertex -3.409240e+01 -2.300000e+01 -1.146636e+00
      vertex -4.186863e+01 -2.300000e+01 -1.131371e+00
      vertex -4.211109e+01 -2.300000e+01 -1.330351e+00
    endloop
  endfacet
  facet normal  0.000000e+00 -9.999999e-01  0.000000e+00
    outer loop
      vertex -3.409240e+01 -2.300000e+01 -1.146636e+00
      vertex -4.211109e+01 -2.300000e+01 -1.330351e+00
      vertex -3.389815e+01 -2.300000e+01 -1.693205e+00
    endloop
  endfacet
  facet normal  0.000000e+00 -1.000000e+00  -0.000000e+00
    outer loop
      vertex -3.389815e+01 -2.300000e+01 -1.693205e+00
      vertex -4.211109e+01 -2.300000e+01 -1.330351e+00
      vertex -4.238771e+01 -2.300000e+01 -1.478207e+00
    endloop
  endfacet
  facet normal  0.000000e+00 -1.000000e+00  -0.000000e+00
    outer loop
      vertex -3.389815e+01 -2.300000e+01 -1.693205e+00
      vertex -4.238771e+01 -2.300000e+01 -1.478207e+00
      vertex -4.268785e+01 -2.300000e+01 -1.569256e+00
    endloop
  endfacet
  facet normal  0.000000e+00 -1.000000e+00  -0.000000e+00
    outer loop
      vertex -3.389815e+01 -2.300000e+01 -1.693205e+00
      vertex -4.268785e+01 -2.300000e+01 -1.569256e+00
      vertex -4.300000e+01 -2.300000e+01 -1.600000e+00
    endloop
  endfacet
  facet normal  0.000000e+00 -1.000000e+00  -0.000000e+00
    outer loop
      vertex -4.300000e+01 -2.300000e+01  1.600000e+00
      vertex -4.379353e+01 -2.300000e+01  1.840485e+01
      vertex -4.484545e+01 -2.300000e+01  1.756738e+01
    endloop
  endfacet
  facet normal  0.000000e+00 -1.000000e+00  -0.000000e+00
    outer loop
      vertex -4.300000e+01 -2.300000e+01  1.600000e+00
      vertex -4.484545e+01 -2.300000e+01  1.756738e+01
      vertex -4.584663e+01 -2.300000e+01  1.666986e+01
    endloop
  endfacet
  facet normal  0.000000e+00 -1.000000e+00  -0.000000e+00
    outer loop
      vertex -4.300000e+01 -2.300000e+01  1.600000e+00
      vertex -4.584663e+01 -2.300000e+01  1.666986e+01
      vertex -4.679365e+01 -2.300000e+01  1.571538e+01
    endloop
  endfacet
  facet normal  0.000000e+00 -1.000000e+00  -0.000000e+00
    outer loop
      vertex -4.300000e+01 -2.300000e+01  1.600000e+00
      vertex -4.679365e+01 -2.300000e+01  1.571538e+01
      vertex -5.850000e+01 -2.300000e+01  3.205837e+00
    endloop
  endfacet
  facet normal  0.000000e+00 -1.000000e+00  0.000000e+00
    outer loop
      vertex -4.300000e+01 -2.300000e+01  1.600000e+00
      vertex -5.850000e+01 -2.300000e+01  3.205837e+00
      vertex -4.331215e+01 -2.300000e+01  1.569256e+00
    endloop
  endfacet
  facet normal  -0.000000e+00 -1.000000e+00  0.000000e+00
    outer loop
      vertex -5.850000e+01 -2.300000e+01 -1.300000e+01
      vertex -4.300000e+01 -2.300000e+01 -1.600000e+00
      vertex -4.331215e+01 -2.300000e+01 -1.569256e+00
    endloop
  endfacet
  facet normal  -0.000000e+00 -1.000000e+00  0.000000e+00
    outer loop
      vertex -5.850000e+01 -2.300000e+01 -1.300000e+01
      vertex -4.331215e+01 -2.300000e+01 -1.569256e+00
      vertex -4.361229e+01 -2.300000e+01 -1.478207e+00
    endloop
  endfacet
  facet normal  -0.000000e+00 -1.000000e+00  0.000000e+00
    outer loop
      vertex -5.850000e+01 -2.300000e+01 -1.300000e+01
      vertex -4.361229e+01 -2.300000e+01 -1.478207e+00
      vertex -4.388891e+01 -2.300000e+01 -1.330351e+00
    endloop
  endfacet
  facet normal  -0.000000e+00 -9.999999e-01  0.000000e+00
    outer loop
      vertex -5.850000e+01 -2.300000e+01 -1.300000e+01
      vertex -4.388891e+01 -2.300000e+01 -1.330351e+00
      vertex -4.413137e+01 -2.300000e+01 -1.131371e+00
    endloop
  endfacet
  facet normal  -0.000000e+00 -1.000000e+00  0.000000e+00
    outer loop
      vertex -5.850000e+01 -2.300000e+01 -1.300000e+01
      vertex -4.413137e+01 -2.300000e+01 -1.131371e+00
      vertex -4.433035e+01 -2.300000e+01 -8.889124e-01
    endloop
  endfacet
  facet normal  -0.000000e+00 -1.000000e+00  0.000000e+00
    outer loop
      vertex -5.850000e+01 -2.300000e+01 -1.300000e+01
      vertex -4.433035e+01 -2.300000e+01 -8.889124e-01
      vertex -4.447821e+01 -2.300000e+01 -6.122935e-01
    endloop
  endfacet
  facet normal  -0.000000e+00 -9.999999e-01  0.000000e+00
    outer loop
      vertex -5.850000e+01 -2.300000e+01 -1.300000e+01
      vertex -4.447821e+01 -2.300000e+01 -6.122935e-01
      vertex -4.456926e+01 -2.300000e+01 -3.121445e-01
    endloop
  endfacet
  facet normal  -0.000000e+00 -1.000000e+00  0.000000e+00
    outer loop
      vertex -5.850000e+01 -2.300000e+01 -1.300000e+01
      vertex -4.456926e+01 -2.300000e+01 -3.121445e-01
      vertex -4.460000e+01 -2.300000e+01 -1.673437e-14
    endloop
  endfacet
  facet normal  -0.000000e+00 -1.000000e+00  0.000000e+00
    outer loop
      vertex -5.850000e+01 -2.300000e+01 -1.300000e+01
      vertex -4.460000e+01 -2.300000e+01 -1.673437e-14
      vertex -4.456926e+01 -2.300000e+01  3.121445e-01
    endloop
  endfacet
  facet normal  -0.000000e+00 -1.000000e+00  0.000000e+00
    outer loop
      vertex -5.850000e+01 -2.300000e+01 -1.300000e+01
      vertex -4.456926e+01 -2.300000e+01  3.121445e-01
      vertex -4.447821e+01 -2.300000e+01  6.122935e-01
    endloop
  endfacet
  facet normal  -0.000000e+00 -1.000000e+00  0.000000e+00
    outer loop
      vertex -5.850000e+01 -2.300000e+01 -1.300000e+01
      vertex -4.447821e+01 -2.300000e+01  6.122935e-01
      vertex -4.433035e+01 -2.300000e+01  8.889124e-01
    endloop
  endfacet
  facet normal  -0.000000e+00 -1.000000e+00  0.000000e+00
    outer loop
      vertex -5.850000e+01 -2.300000e+01 -1.300000e+01
      vertex -4.433035e+01 -2.300000e+01  8.889124e-01
      vertex -4.413137e+01 -2.300000e+01  1.131371e+00
    endloop
  endfacet
  facet normal  0.000000e+00 -1.000000e+00  0.000000e+00
    outer loop
      vertex -5.850000e+01 -2.300000e+01  3.205837e+00
      vertex -5.850000e+01 -2.300000e+01 -1.300000e+01
      vertex -4.413137e+01 -2.300000e+01  1.131371e+00
    endloop
  endfacet
  facet normal  0.000000e+00 -1.000000e+00  0.000000e+00
    outer loop
      vertex -5.850000e+01 -2.300000e+01  3.205837e+00
      vertex -4.413137e+01 -2.300000e+01  1.131371e+00
      vertex -4.388891e+01 -2.300000e+01  1.330351e+00
    endloop
  endfacet
  facet normal  0.000000e+00 -1.000000e+00  0.000000e+00
    outer loop
      vertex -5.850000e+01 -2.300000e+01  3.205837e+00
      vertex -4.388891e+01 -2.300000e+01  1.330351e+00
      vertex -4.361229e+01 -2.300000e+01  1.478207e+00
    endloop
  endfacet
  facet normal  0.000000e+00 -1.000000e+00  0.000000e+00
    outer loop
      vertex -5.850000e+01 -2.300000e+01  3.205837e+00
      vertex -4.361229e+01 -2.300000e+01  1.478207e+00
      vertex -4.331215e+01 -2.300000e+01  1.569256e+00
    endloop
  endfacet
  facet normal  -0.000000e+00 -1.000000e+00  0.000000e+00
    outer loop
      vertex -3.147821e+01 -2.300000e+01 -1.238771e+01
      vertex -3.133035e+01 -2.300000e+01 -1.211109e+01
      vertex -3.142324e+01 -2.300000e+01 -4.004609e+00
    endloop
  endfacet
  facet normal  0.000000e+00 -1.000000e+00  0.000000e+00
    outer loop
      vertex -3.142324e+01 -2.300000e+01 -4.004609e+00
      vertex -3.133035e+01 -2.300000e+01 -1.211109e+01
      vertex -3.086469e+01 -2.300000e+01 -4.161108e+00
    endloop
  endfacet
  facet normal  -0.000000e+00 -1.000000e+00  0.000000e+00
    outer loop
      vertex -3.133035e+01 -2.300000e+01 -1.211109e+01
      vertex -3.113137e+01 -2.300000e+01 -1.186863e+01
      vertex -3.086469e+01 -2.300000e+01 -4.161108e+00
    endloop
  endfacet
  facet normal  0.000000e+00 -1.000000e+00  -0.000000e+00
    outer loop
      vertex -3.086469e+01 -2.300000e+01 -4.161108e+00
      vertex -3.113137e+01 -2.300000e+01 -1.186863e+01
      vertex -3.029003e+01 -2.300000e+01 -4.240092e+00
    endloop
  endfacet
  facet normal  0.000000e+00 -1.000000e+00  0.000000e+00
    outer loop
      vertex -2.866965e+01 -2.300000e+01 -1.211109e+01
      vertex -2.852179e+01 -2.300000e+01 -1.238771e+01
      vertex -2.857676e+01 -2.300000e+01 -4.004609e+00
    endloop
  endfacet
  facet normal  0.000000e+00 -1.000000e+00  0.000000e+00
    outer loop
      vertex -2.857676e+01 -2.300000e+01 -4.004609e+00
      vertex -2.852179e+01 -2.300000e+01 -1.238771e+01
      vertex -2.843074e+01 -2.300000e+01 -1.268786e+01
    endloop
  endfacet
  facet normal  0.000000e+00 -1.000000e+00  0.000000e+00
    outer loop
      vertex -2.857676e+01 -2.300000e+01 -4.004609e+00
      vertex -2.843074e+01 -2.300000e+01 -1.268786e+01
      vertex -2.804472e+01 -2.300000e+01 -3.773512e+00
    endloop
  endfacet
  facet normal  0.000000e+00 -9.999999e-01  0.000000e+00
    outer loop
      vertex -2.866965e+01 -2.300000e+01 -1.211109e+01
      vertex -2.857676e+01 -2.300000e+01 -4.004609e+00
      vertex -2.886863e+01 -2.300000e+01 -1.186863e+01
    endloop
  endfacet
  facet normal  0.000000e+00 -1.000000e+00  0.000000e+00
    outer loop
      vertex -2.886863e+01 -2.300000e+01 -1.186863e+01
      vertex -2.857676e+01 -2.300000e+01 -4.004609e+00
      vertex -2.913531e+01 -2.300000e+01 -4.161108e+00
    endloop
  endfacet
  facet normal  -0.000000e+00 -1.000000e+00  0.000000e+00
    outer loop
      vertex  4.000450e+01 -2.300000e+01 -1.280517e+01
      vertex  4.912600e+01 -2.300000e+01 -1.277483e+01
      vertex  4.087337e+01 -2.300000e+01 -1.207610e+01
    endloop
  endfacet
  facet normal  0.000000e+00 -1.000000e+00  0.000000e+00
    outer loop
      vertex  4.087337e+01 -2.300000e+01 -1.207610e+01
      vertex  4.912600e+01 -2.300000e+01 -1.277483e+01
      vertex  4.983156e+01 -2.300000e+01 -1.164942e+01
    endloop
  endfacet
  facet normal  -0.000000e+00 -1.000000e+00  0.000000e+00
    outer loop
      vertex  4.087337e+01 -2.300000e+01 -1.207610e+01
      vertex  4.983156e+01 -2.300000e+01 -1.164942e+01
      vertex  4.168927e+01 -2.300000e+01 -1.128820e+01
    endloop
  endfacet
  facet normal  -0.000000e+00 -1.000000e+00  0.000000e+00
    outer loop
      vertex  3.812500e+01 -2.300000e+01 -1.407291e+01
      vertex  4.835664e+01 -2.300000e+01 -1.385763e+01
      vertex  3.908688e+01 -2.300000e+01 -1.347186e+01
    endloop
  endfacet
  facet normal  0.000000e+00 -1.000000e+00  0.000000e+00
    outer loop
      vertex  3.908688e+01 -2.300000e+01 -1.347186e+01
      vertex  4.835664e+01 -2.300000e+01 -1.385763e+01
      vertex  4.912600e+01 -2.300000e+01 -1.277483e+01
    endloop
  endfacet
  facet normal  0.000000e+00 -1.000000e+00  0.000000e+00
    outer loop
      vertex  3.908688e+01 -2.300000e+01 -1.347186e+01
      vertex  4.912600e+01 -2.300000e+01 -1.277483e+01
      vertex  4.000450e+01 -2.300000e+01 -1.280517e+01
    endloop
  endfacet
  facet normal  -0.000000e+00 -1.000000e+00  0.000000e+00
    outer loop
      vertex  3.608736e+01 -2.300000e+01 -1.506674e+01
      vertex  4.752605e+01 -2.300000e+01 -1.489421e+01
      vertex  3.712353e+01 -2.300000e+01 -1.460540e+01
    endloop
  endfacet
  facet normal  0.000000e+00 -1.000000e+00  0.000000e+00
    outer loop
      vertex  3.712353e+01 -2.300000e+01 -1.460540e+01
      vertex  4.752605e+01 -2.300000e+01 -1.489421e+01
      vertex  4.835664e+01 -2.300000e+01 -1.385763e+01
    endloop
  endfacet
  facet normal  0.000000e+00 -1.000000e+00  0.000000e+00
    outer loop
      vertex  3.712353e+01 -2.300000e+01 -1.460540e+01
      vertex  4.835664e+01 -2.300000e+01 -1.385763e+01
      vertex  3.812500e+01 -2.300000e+01 -1.407291e+01
    endloop
  endfacet
  facet normal  0.000000e+00 -1.000000e+00  0.000000e+00
    outer loop
      vertex  4.590795e+00 -2.300000e+01  5.930818e+00
      vertex  5.167252e+00 -2.300000e+01  5.435946e+00
      vertex  1.472999e+01 -2.300000e+01  5.557827e+00
    endloop
  endfacet
  facet normal  0.000000e+00 -1.000000e+00  0.000000e+00
    outer loop
      vertex  1.472999e+01 -2.300000e+01  5.557827e+00
      vertex  5.167252e+00 -2.300000e+01  5.435946e+00
      vertex  5.690686e+00 -2.300000e+01  4.885293e+00
    endloop
  endfacet
  facet normal  0.000000e+00 -9.999999e-01  0.000000e+00
    outer loop
      vertex  1.472999e+01 -2.300000e+01  5.557827e+00
      vertex  5.690686e+00 -2.300000e+01  4.885293e+00
      vertex  1.437950e+01 -2.300000e+01  4.479107e+00
    endloop
  endfacet
  facet normal  -0.000000e+00 -1.000000e+00  0.000000e+00
    outer loop
      vertex  7.156044e+00 -2.300000e+01  2.245224e+00
      vertex  1.390814e+01 -2.300000e+01  2.261563e+00
      vertex  6.892184e+00 -2.300000e+01  2.957669e+00
    endloop
  endfacet
  facet normal  0.000000e+00 -1.000000e+00  0.000000e+00
    outer loop
      vertex  6.892184e+00 -2.300000e+01  2.957669e+00
      vertex  1.390814e+01 -2.300000e+01  2.261563e+00
      vertex  1.410510e+01 -2.300000e+01  3.378565e+00
    endloop
  endfacet
  facet normal  -0.000000e+00 -1.000000e+00  0.000000e+00
    outer loop
      vertex  6.892184e+00 -2.300000e+01  2.957669e+00
      vertex  1.410510e+01 -2.300000e+01  3.378565e+00
      vertex  6.557600e+00 -2.300000e+01  3.639765e+00
    endloop
  endfacet
  facet normal  0.000000e+00 -1.000000e+00  0.000000e+00
    outer loop
      vertex  6.557600e+00 -2.300000e+01  3.639765e+00
      vertex  1.410510e+01 -2.300000e+01  3.378565e+00
      vertex  1.437950e+01 -2.300000e+01  4.479107e+00
    endloop
  endfacet
  facet normal  0.000000e+00 -1.000000e+00  0.000000e+00
    outer loop
      vertex  6.557600e+00 -2.300000e+01  3.639765e+00
      vertex  1.437950e+01 -2.300000e+01  4.479107e+00
      vertex  6.155726e+00 -2.300000e+01  4.284512e+00
    endloop
  endfacet
  facet normal  -0.000000e+00 -1.000000e+00  0.000000e+00
    outer loop
      vertex  7.461520e+00 -2.300000e+01  7.587624e-01
      vertex  1.378958e+01 -2.300000e+01  1.133543e+00
      vertex  7.346475e+00 -2.300000e+01  1.509739e+00
    endloop
  endfacet
  facet normal  0.000000e+00 -9.999999e-01  0.000000e+00
    outer loop
      vertex  7.346475e+00 -2.300000e+01  1.509739e+00
      vertex  1.378958e+01 -2.300000e+01  1.133543e+00
      vertex  1.390814e+01 -2.300000e+01  2.261563e+00
    endloop
  endfacet
  facet normal  0.000000e+00 -1.000000e+00  0.000000e+00
    outer loop
      vertex  7.346475e+00 -2.300000e+01  1.509739e+00
      vertex  1.390814e+01 -2.300000e+01  2.261563e+00
      vertex  7.156044e+00 -2.300000e+01  2.245224e+00
    endloop
  endfacet
  facet normal  0.000000e+00 -1.000000e+00  0.000000e+00
    outer loop
      vertex  7.156044e+00 -2.300000e+01 -2.245224e+00
      vertex  1.390814e+01 -2.300000e+01 -2.261563e+00
      vertex  7.346475e+00 -2.300000e+01 -1.509739e+00
    endloop
  endfacet
  facet normal  0.000000e+00 -9.999999e-01  0.000000e+00
    outer loop
      vertex  7.346475e+00 -2.300000e+01 -1.509739e+00
      vertex  1.390814e+01 -2.300000e+01 -2.261563e+00
      vertex  1.378958e+01 -2.300000e+01 -1.133543e+00
    endloop
  endfacet
  facet normal  -0.000000e+00 -1.000000e+00  0.000000e+00
    outer loop
      vertex  7.346475e+00 -2.300000e+01 -1.509739e+00
      vertex  1.378958e+01 -2.300000e+01 -1.133543e+00
      vertex  7.461520e+00 -2.300000e+01 -7.587624e-01
    endloop
  endfacet
  facet normal  0.000000e+00 -1.000000e+00  0.000000e+00
    outer loop
      vertex  7.461520e+00 -2.300000e+01 -7.587624e-01
      vertex  1.378958e+01 -2.300000e+01 -1.133543e+00
      vertex  1.375000e+01 -2.300000e+01 -8.213980e-14
    endloop
  endfacet
  facet normal  -0.000000e+00 -1.000000e+00  0.000000e+00
    outer loop
      vertex  7.461520e+00 -2.300000e+01 -7.587624e-01
      vertex  1.375000e+01 -2.300000e+01 -8.213980e-14
      vertex  7.500000e+00 -2.300000e+01  0.000000e+00
    endloop
  endfacet
  facet normal  0.000000e+00 -1.000000e+00  0.000000e+00
    outer loop
      vertex  7.500000e+00 -2.300000e+01  0.000000e+00
      vertex  1.375000e+01 -2.300000e+01 -8.213980e-14
      vertex  1.378958e+01 -2.300000e+01  1.133543e+00
    endloop
  endfacet
  facet normal  0.000000e+00 -1.000000e+00  0.000000e+00
    outer loop
      vertex  7.500000e+00 -2.300000e+01  0.000000e+00
      vertex  1.378958e+01 -2.300000e+01  1.133543e+00
      vertex  7.461520e+00 -2.300000e+01  7.587624e-01
    endloop
  endfacet
  facet normal  -0.000000e+00 -1.000000e+00  0.000000e+00
    outer loop
      vertex  6.557600e+00 -2.300000e+01 -3.639765e+00
      vertex  1.410510e+01 -2.300000e+01 -3.378565e+00
      vertex  6.892184e+00 -2.300000e+01 -2.957669e+00
    endloop
  endfacet
  facet normal  0.000000e+00 -1.000000e+00  0.000000e+00
    outer loop
      vertex  6.892184e+00 -2.300000e+01 -2.957669e+00
      vertex  1.410510e+01 -2.300000e+01 -3.378565e+00
      vertex  1.390814e+01 -2.300000e+01 -2.261563e+00
    endloop
  endfacet
  facet normal  -0.000000e+00 -1.000000e+00  0.000000e+00
    outer loop
      vertex  6.892184e+00 -2.300000e+01 -2.957669e+00
      vertex  1.390814e+01 -2.300000e+01 -2.261563e+00
      vertex  7.156044e+00 -2.300000e+01 -2.245224e+00
    endloop
  endfacet
  facet normal  0.000000e+00 -1.000000e+00  0.000000e+00
    outer loop
      vertex  5.167252e+00 -2.300000e+01 -5.435946e+00
      vertex  1.472999e+01 -2.300000e+01 -5.557827e+00
      vertex  5.690686e+00 -2.300000e+01 -4.885293e+00
    endloop
  endfacet
  facet normal  0.000000e+00 -9.999999e-01  0.000000e+00
    outer loop
      vertex  5.690686e+00 -2.300000e+01 -4.885293e+00
      vertex  1.472999e+01 -2.300000e+01 -5.557827e+00
      vertex  1.437950e+01 -2.300000e+01 -4.479107e+00
    endloop
  endfacet
  facet normal  -0.000000e+00 -1.000000e+00  0.000000e+00
    outer loop
      vertex  5.690686e+00 -2.300000e+01 -4.885293e+00
      vertex  1.437950e+01 -2.300000e+01 -4.479107e+00
      vertex  6.155726e+00 -2.300000e+01 -4.284512e+00
    endloop
  endfacet
  facet normal  0.000000e+00 -1.000000e+00  0.000000e+00
    outer loop
      vertex  6.155726e+00 -2.300000e+01 -4.284512e+00
      vertex  1.437950e+01 -2.300000e+01 -4.479107e+00
      vertex  1.410510e+01 -2.300000e+01 -3.378565e+00
    endloop
  endfacet
  facet normal  0.000000e+00 -1.000000e+00  0.000000e+00
    outer loop
      vertex  6.155726e+00 -2.300000e+01 -4.284512e+00
      vertex  1.410510e+01 -2.300000e+01 -3.378565e+00
      vertex  6.557600e+00 -2.300000e+01 -3.639765e+00
    endloop
  endfacet
  facet normal  0.000000e+00 -1.000000e+00  0.000000e+00
    outer loop
      vertex  3.967230e+00 -2.300000e+01 -6.364832e+00
      vertex  1.515489e+01 -2.300000e+01 -6.609470e+00
      vertex  4.590795e+00 -2.300000e+01 -5.930818e+00
    endloop
  endfacet
  facet normal  0.000000e+00 -1.000000e+00  0.000000e+00
    outer loop
      vertex  4.590795e+00 -2.300000e+01 -5.930818e+00
      vertex  1.515489e+01 -2.300000e+01 -6.609470e+00
      vertex  1.472999e+01 -2.300000e+01 -5.557827e+00
    endloop
  endfacet
  facet normal  -0.000000e+00 -1.000000e+00  0.000000e+00
    outer loop
      vertex  4.590795e+00 -2.300000e+01 -5.930818e+00
      vertex  1.472999e+01 -2.300000e+01 -5.557827e+00
      vertex  5.167252e+00 -2.300000e+01 -5.435946e+00
    endloop
  endfacet
  facet normal  0.000000e+00 -1.000000e+00  0.000000e+00
    outer loop
      vertex -1.833035e+01 -2.300000e+01  8.889124e-01
      vertex -2.578959e+01 -2.300000e+01  5.787082e-01
      vertex -1.847821e+01 -2.300000e+01  6.122935e-01
    endloop
  endfacet
  facet normal  0.000000e+00 -1.000000e+00  0.000000e+00
    outer loop
      vertex -1.847821e+01 -2.300000e+01  6.122935e-01
      vertex -2.578959e+01 -2.300000e+01  5.787082e-01
      vertex -2.575000e+01 -2.300000e+01  5.204749e-16
    endloop
  endfacet
  facet normal  0.000000e+00 -1.000000e+00  0.000000e+00
    outer loop
      vertex -1.847821e+01 -2.300000e+01  6.122935e-01
      vertex -2.575000e+01 -2.300000e+01  5.204749e-16
      vertex -1.856926e+01 -2.300000e+01  3.121445e-01
    endloop
  endfacet
  facet normal  0.000000e+00 -1.000000e+00  0.000000e+00
    outer loop
      vertex -1.856926e+01 -2.300000e+01  3.121445e-01
      vertex -2.575000e+01 -2.300000e+01  5.204749e-16
      vertex -1.860000e+01 -2.300000e+01  1.168734e-14
    endloop
  endfacet
  facet normal  0.000000e+00 -1.000000e+00  0.000000e+00
    outer loop
      vertex -1.860000e+01 -2.300000e+01  1.168734e-14
      vertex -2.575000e+01 -2.300000e+01  5.204749e-16
      vertex -2.578959e+01 -2.300000e+01 -5.787082e-01
    endloop
  endfacet
  facet normal  0.000000e+00 -1.000000e+00  0.000000e+00
    outer loop
      vertex -1.860000e+01 -2.300000e+01  1.168734e-14
      vertex -2.578959e+01 -2.300000e+01 -5.787082e-01
      vertex -1.856926e+01 -2.300000e+01 -3.121445e-01
    endloop
  endfacet
  facet normal  0.000000e+00 -1.000000e+00  -0.000000e+00
    outer loop
      vertex -1.813137e+01 -2.300000e+01 -1.131371e+00
      vertex -1.833035e+01 -2.300000e+01 -8.889124e-01
      vertex -2.590760e+01 -2.300000e+01 -1.146636e+00
    endloop
  endfacet
  facet normal  0.000000e+00 -1.000000e+00  0.000000e+00
    outer loop
      vertex -2.590760e+01 -2.300000e+01 -1.146636e+00
      vertex -1.833035e+01 -2.300000e+01 -8.889124e-01
      vertex -1.847821e+01 -2.300000e+01 -6.122935e-01
    endloop
  endfacet
  facet normal  -0.000000e+00 -1.000000e+00  0.000000e+00
    outer loop
      vertex -2.590760e+01 -2.300000e+01 -1.146636e+00
      vertex -1.847821e+01 -2.300000e+01 -6.122935e-01
      vertex -2.578959e+01 -2.300000e+01 -5.787082e-01
    endloop
  endfacet
  facet normal  0.000000e+00 -1.000000e+00  0.000000e+00
    outer loop
      vertex -4.143074e+01 -2.300000e+01  3.121445e-01
      vertex -4.140000e+01 -2.300000e+01 -1.827817e-14
      vertex -3.425000e+01 -2.300000e+01  0.000000e+00
    endloop
  endfacet
  facet normal  0.000000e+00 -1.000000e+00  0.000000e+00
    outer loop
      vertex -3.425000e+01 -2.300000e+01  0.000000e+00
      vertex -4.140000e+01 -2.300000e+01 -1.827817e-14
      vertex -4.143074e+01 -2.300000e+01 -3.121445e-01
    endloop
  endfacet
  facet normal  0.000000e+00 -1.000000e+00  0.000000e+00
    outer loop
      vertex -3.425000e+01 -2.300000e+01  0.000000e+00
      vertex -4.143074e+01 -2.300000e+01 -3.121445e-01
      vertex -3.421041e+01 -2.300000e+01 -5.787082e-01
    endloop
  endfacet
  facet normal -1.000000e+00  0.000000e+00  0.000000e+00
    outer loop
      vertex -6.150000e+01 -1.500000e+01 -1.300000e+01
      vertex -6.150000e+01 -1.500000e+01 -1.598721e-14
      vertex -6.150000e+01  2.300000e+01 -1.300000e+01
    endloop
  endfacet
  facet normal -1.000000e+00  0.000000e+00  0.000000e+00
    outer loop
      vertex -6.150000e+01  2.300000e+01 -1.300000e+01
      vertex -6.150000e+01 -1.500000e+01 -1.598721e-14
      vertex -6.150000e+01  2.300000e+01  0.000000e+00
    endloop
  endfacet
  facet normal -7.301587e-01 -2.874659e-16  6.832775e-01
    outer loop
      vertex -6.150000e+01  2.300000e+01  0.000000e+00
      vertex -6.150000e+01 -1.500000e+01 -1.598721e-14
      vertex -4.679365e+01  2.300000e+01  1.571538e+01
    endloop
  endfacet
  facet normal -7.301587e-01  0.000000e+00  6.832775e-01
    outer loop
      vertex -4.679365e+01  2.300000e+01  1.571538e+01
      vertex -6.150000e+01 -1.500000e+01 -1.598721e-14
      vertex -5.850000e+01 -1.500000e+01  3.205837e+00
    endloop
  endfacet
  facet normal -7.301587e-01  0.000000e+00  6.832775e-01
    outer loop
      vertex -4.679365e+01  2.300000e+01  1.571538e+01
      vertex -5.850000e+01 -1.500000e+01  3.205837e+00
      vertex -4.679365e+01 -2.300000e+01  1.571538e+01
    endloop
  endfacet
  facet normal -7.301588e-01  0.000000e+00  6.832776e-01
    outer loop
      vertex -4.679365e+01 -2.300000e+01  1.571538e+01
      vertex -5.850000e+01 -1.500000e+01  3.205837e+00
      vertex -5.850000e+01 -2.300000e+01  3.205837e+00
    endloop
  endfacet
  facet normal  7.064608e-01  4.273404e-02 -7.064608e-01
    outer loop
      vertex -7.510000e+01  1.300000e+01 -2.050000e+01
      vertex -7.756281e+01  1.238526e+01 -2.300000e+01
      vertex -7.760000e+01  1.300000e+01 -2.300000e+01
    endloop
  endfacet
  facet normal  7.034283e-01  6.153811e-02 -7.080973e-01
    outer loop
      vertex -7.510000e+01  1.300000e+01 -2.050000e+01
      vertex -7.506050e+01  1.254851e+01 -2.050000e+01
      vertex -7.756281e+01  1.238526e+01 -2.300000e+01
    endloop
  endfacet
  facet normal -7.034283e-01  6.153811e-02 -7.080973e-01
    outer loop
      vertex -6.990000e+01  1.300000e+01 -2.050000e+01
      vertex -6.743719e+01  1.238526e+01 -2.300000e+01
      vertex -6.993950e+01  1.254851e+01 -2.050000e+01
    endloop
  endfacet
  facet normal -7.064608e-01  4.273404e-02 -7.064608e-01
    outer loop
      vertex -6.990000e+01  1.300000e+01 -2.050000e+01
      vertex -6.740000e+01  1.300000e+01 -2.300000e+01
      vertex -6.743719e+01  1.238526e+01 -2.300000e+01
    endloop
  endfacet
  facet normal  6.968127e-01  1.276909e-01 -7.057953e-01
    outer loop
      vertex -7.506050e+01  1.254851e+01 -2.050000e+01
      vertex -7.745181e+01  1.177949e+01 -2.300000e+01
      vertex -7.756281e+01  1.238526e+01 -2.300000e+01
    endloop
  endfacet
  facet normal  6.759587e-01  2.106365e-01 -7.061955e-01
    outer loop
      vertex -7.494320e+01  1.211075e+01 -2.050000e+01
      vertex -7.726859e+01  1.119151e+01 -2.300000e+01
      vertex -7.745181e+01  1.177949e+01 -2.300000e+01
    endloop
  endfacet
  facet normal  6.818023e-01  1.826925e-01 -7.083566e-01
    outer loop
      vertex -7.494320e+01  1.211075e+01 -2.050000e+01
      vertex -7.745181e+01  1.177949e+01 -2.300000e+01
      vertex -7.506050e+01  1.254851e+01 -2.050000e+01
    endloop
  endfacet
  facet normal  6.061938e-01  3.664522e-01 -7.058625e-01
    outer loop
      vertex -7.475166e+01  1.170000e+01 -2.050000e+01
      vertex -7.669722e+01  1.010287e+01 -2.300000e+01
      vertex -7.701582e+01  1.062991e+01 -2.300000e+01
    endloop
  endfacet
  facet normal  6.403093e-01  2.985830e-01 -7.077093e-01
    outer loop
      vertex -7.475166e+01  1.170000e+01 -2.050000e+01
      vertex -7.701582e+01  1.062991e+01 -2.300000e+01
      vertex -7.494320e+01  1.211075e+01 -2.050000e+01
    endloop
  endfacet
  facet normal  6.450945e-01  2.903388e-01 -7.067930e-01
    outer loop
      vertex -7.494320e+01  1.211075e+01 -2.050000e+01
      vertex -7.701582e+01  1.062991e+01 -2.300000e+01
      vertex -7.726859e+01  1.119151e+01 -2.300000e+01
    endloop
  endfacet
  facet normal  5.574955e-01  4.367711e-01 -7.059957e-01
    outer loop
      vertex -7.449171e+01  1.132875e+01 -2.050000e+01
      vertex -7.631741e+01  9.618074e+00 -2.300000e+01
      vertex -7.669722e+01  1.010287e+01 -2.300000e+01
    endloop
  endfacet
  facet normal  5.780969e-01  4.047856e-01 -7.084862e-01
    outer loop
      vertex -7.449171e+01  1.132875e+01 -2.050000e+01
      vertex -7.669722e+01  1.010287e+01 -2.300000e+01
      vertex -7.475166e+01  1.170000e+01 -2.050000e+01
    endloop
  endfacet
  facet normal  4.367710e-01  5.574957e-01 -7.059954e-01
    outer loop
      vertex -7.417125e+01  1.100828e+01 -2.050000e+01
      vertex -7.539713e+01  8.802782e+00 -2.300000e+01
      vertex -7.588193e+01  9.182595e+00 -2.300000e+01
    endloop
  endfacet
  facet normal  4.999433e-01  4.999389e-01 -7.071901e-01
    outer loop
      vertex -7.417125e+01  1.100828e+01 -2.050000e+01
      vertex -7.588193e+01  9.182595e+00 -2.300000e+01
      vertex -7.449171e+01  1.132875e+01 -2.050000e+01
    endloop
  endfacet
  facet normal  4.999415e-01  4.999404e-01 -7.071904e-01
    outer loop
      vertex -7.449171e+01  1.132875e+01 -2.050000e+01
      vertex -7.588193e+01  9.182595e+00 -2.300000e+01
      vertex -7.631741e+01  9.618074e+00 -2.300000e+01
    endloop
  endfacet
  facet normal  3.664533e-01  6.061938e-01 -7.058619e-01
    outer loop
      vertex -7.380000e+01  1.074833e+01 -2.050000e+01
      vertex -7.487009e+01  8.484175e+00 -2.300000e+01
      vertex -7.539713e+01  8.802782e+00 -2.300000e+01
    endloop
  endfacet
  facet normal  4.047885e-01  5.780954e-01 -7.084857e-01
    outer loop
      vertex -7.380000e+01  1.074833e+01 -2.050000e+01
      vertex -7.539713e+01  8.802782e+00 -2.300000e+01
      vertex -7.417125e+01  1.100828e+01 -2.050000e+01
    endloop
  endfacet
  facet normal  2.106369e-01  6.759591e-01 -7.061952e-01
    outer loop
      vertex -7.338925e+01  1.055680e+01 -2.050000e+01
      vertex -7.372051e+01  8.048197e+00 -2.300000e+01
      vertex -7.430849e+01  8.231417e+00 -2.300000e+01
    endloop
  endfacet
  facet normal  2.990736e-01  6.413704e-01 -7.065400e-01
    outer loop
      vertex -7.338925e+01  1.055680e+01 -2.050000e+01
      vertex -7.430849e+01  8.231417e+00 -2.300000e+01
      vertex -7.380000e+01  1.074833e+01 -2.050000e+01
    endloop
  endfacet
  facet normal  2.899840e-01  6.443115e-01 -7.076524e-01
    outer loop
      vertex -7.380000e+01  1.074833e+01 -2.050000e+01
      vertex -7.430849e+01  8.231417e+00 -2.300000e+01
      vertex -7.487009e+01  8.484175e+00 -2.300000e+01
    endloop
  endfacet
  facet normal  1.276952e-01  6.968117e-01 -7.057956e-01
    outer loop
      vertex -7.295148e+01  1.043950e+01 -2.050000e+01
      vertex -7.311474e+01  7.937185e+00 -2.300000e+01
      vertex -7.372051e+01  8.048197e+00 -2.300000e+01
    endloop
  endfacet
  facet normal  1.826883e-01  6.818035e-01 -7.083564e-01
    outer loop
      vertex -7.295148e+01  1.043950e+01 -2.050000e+01
      vertex -7.372051e+01  8.048197e+00 -2.300000e+01
      vertex -7.338925e+01  1.055680e+01 -2.050000e+01
    endloop
  endfacet
  facet normal  4.273288e-02  7.064609e-01 -7.064608e-01
    outer loop
      vertex -7.250000e+01  1.040000e+01 -2.050000e+01
      vertex -7.250000e+01  7.900000e+00 -2.300000e+01
      vertex -7.311474e+01  7.937185e+00 -2.300000e+01
    endloop
  endfacet
  facet normal  6.154292e-02  7.034274e-01 -7.080976e-01
    outer loop
      vertex -7.250000e+01  1.040000e+01 -2.050000e+01
      vertex -7.311474e+01  7.937185e+00 -2.300000e+01
      vertex -7.295148e+01  1.043950e+01 -2.050000e+01
    endloop
  endfacet
  facet normal -1.276952e-01  6.968117e-01 -7.057956e-01
    outer loop
      vertex -7.204852e+01  1.043950e+01 -2.050000e+01
      vertex -7.127949e+01  8.048197e+00 -2.300000e+01
      vertex -7.188526e+01  7.937185e+00 -2.300000e+01
    endloop
  endfacet
  facet normal -6.154292e-02  7.034274e-01 -7.080976e-01
    outer loop
      vertex -7.204852e+01  1.043950e+01 -2.050000e+01
      vertex -7.188526e+01  7.937185e+00 -2.300000e+01
      vertex -7.250000e+01  1.040000e+01 -2.050000e+01
    endloop
  endfacet
  facet normal -2.106369e-01  6.759589e-01 -7.061951e-01
    outer loop
      vertex -7.161075e+01  1.055680e+01 -2.050000e+01
      vertex -7.069151e+01  8.231417e+00 -2.300000e+01
      vertex -7.127949e+01  8.048197e+00 -2.300000e+01
    endloop
  endfacet
  facet normal -1.826883e-01  6.818035e-01 -7.083564e-01
    outer loop
      vertex -7.161075e+01  1.055680e+01 -2.050000e+01
      vertex -7.127949e+01  8.048197e+00 -2.300000e+01
      vertex -7.204852e+01  1.043950e+01 -2.050000e+01
    endloop
  endfacet
  facet normal -3.664532e-01  6.061938e-01 -7.058619e-01
    outer loop
      vertex -7.120000e+01  1.074833e+01 -2.050000e+01
      vertex -6.960287e+01  8.802782e+00 -2.300000e+01
      vertex -7.012991e+01  8.484175e+00 -2.300000e+01
    endloop
  endfacet
  facet normal -2.985797e-01  6.403112e-01 -7.077087e-01
    outer loop
      vertex -7.120000e+01  1.074833e+01 -2.050000e+01
      vertex -7.012991e+01  8.484175e+00 -2.300000e+01
      vertex -7.161075e+01  1.055680e+01 -2.050000e+01
    endloop
  endfacet
  facet normal -2.903369e-01  6.450957e-01 -7.067928e-01
    outer loop
      vertex -7.161075e+01  1.055680e+01 -2.050000e+01
      vertex -7.012991e+01  8.484175e+00 -2.300000e+01
      vertex -7.069151e+01  8.231417e+00 -2.300000e+01
    endloop
  endfacet
  facet normal -4.367710e-01  5.574957e-01 -7.059954e-01
    outer loop
      vertex -7.082875e+01  1.100828e+01 -2.050000e+01
      vertex -6.911807e+01  9.182595e+00 -2.300000e+01
      vertex -6.960287e+01  8.802782e+00 -2.300000e+01
    endloop
  endfacet
  facet normal -4.047885e-01  5.780954e-01 -7.084857e-01
    outer loop
      vertex -7.082875e+01  1.100828e+01 -2.050000e+01
      vertex -6.960287e+01  8.802782e+00 -2.300000e+01
      vertex -7.120000e+01  1.074833e+01 -2.050000e+01
    endloop
  endfacet
  facet normal -5.574955e-01  4.367711e-01 -7.059957e-01
    outer loop
      vertex -7.050829e+01  1.132875e+01 -2.050000e+01
      vertex -6.830278e+01  1.010287e+01 -2.300000e+01
      vertex -6.868259e+01  9.618074e+00 -2.300000e+01
    endloop
  endfacet
  facet normal -4.999431e-01  4.999387e-01 -7.071904e-01
    outer loop
      vertex -7.050829e+01  1.132875e+01 -2.050000e+01
      vertex -6.868259e+01  9.618074e+00 -2.300000e+01
      vertex -7.082875e+01  1.100828e+01 -2.050000e+01
    endloop
  endfacet
  facet normal -4.999416e-01  4.999406e-01 -7.071902e-01
    outer loop
      vertex -7.082875e+01  1.100828e+01 -2.050000e+01
      vertex -6.868259e+01  9.618074e+00 -2.300000e+01
      vertex -6.911807e+01  9.182595e+00 -2.300000e+01
    endloop
  endfacet
  facet normal -6.061938e-01  3.664522e-01 -7.058625e-01
    outer loop
      vertex -7.024834e+01  1.170000e+01 -2.050000e+01
      vertex -6.798418e+01  1.062991e+01 -2.300000e+01
      vertex -6.830278e+01  1.010287e+01 -2.300000e+01
    endloop
  endfacet
  facet normal -5.780969e-01  4.047856e-01 -7.084862e-01
    outer loop
      vertex -7.024834e+01  1.170000e+01 -2.050000e+01
      vertex -6.830278e+01  1.010287e+01 -2.300000e+01
      vertex -7.050829e+01  1.132875e+01 -2.050000e+01
    endloop
  endfacet
  facet normal -6.759587e-01  2.106365e-01 -7.061955e-01
    outer loop
      vertex -7.005680e+01  1.211075e+01 -2.050000e+01
      vertex -6.754819e+01  1.177949e+01 -2.300000e+01
      vertex -6.773141e+01  1.119151e+01 -2.300000e+01
    endloop
  endfacet
  facet normal -6.413687e-01  2.990770e-01 -7.065403e-01
    outer loop
      vertex -7.005680e+01  1.211075e+01 -2.050000e+01
      vertex -6.773141e+01  1.119151e+01 -2.300000e+01
      vertex -7.024834e+01  1.170000e+01 -2.050000e+01
    endloop
  endfacet
  facet normal -6.443102e-01  2.899858e-01 -7.076529e-01
    outer loop
      vertex -7.024834e+01  1.170000e+01 -2.050000e+01
      vertex -6.773141e+01  1.119151e+01 -2.300000e+01
      vertex -6.798418e+01  1.062991e+01 -2.300000e+01
    endloop
  endfacet
  facet normal -6.968127e-01  1.276909e-01 -7.057953e-01
    outer loop
      vertex -6.993950e+01  1.254851e+01 -2.050000e+01
      vertex -6.743719e+01  1.238526e+01 -2.300000e+01
      vertex -6.754819e+01  1.177949e+01 -2.300000e+01
    endloop
  endfacet
  facet normal -6.818023e-01  1.826925e-01 -7.083566e-01
    outer loop
      vertex -6.993950e+01  1.254851e+01 -2.050000e+01
      vertex -6.754819e+01  1.177949e+01 -2.300000e+01
      vertex -7.005680e+01  1.211075e+01 -2.050000e+01
    endloop
  endfacet
  facet normal -4.273288e-02  7.064609e-01 -7.064608e-01
    outer loop
      vertex -7.250000e+01  1.040000e+01 -2.050000e+01
      vertex -7.188526e+01  7.937185e+00 -2.300000e+01
      vertex -7.250000e+01  7.900000e+00 -2.300000e+01
    endloop
  endfacet
  facet normal -8.715671e-02 -9.961946e-01  0.000000e+00
    outer loop
      vertex -7.250000e+01  1.560000e+01 -1.300000e+01
      vertex -7.204852e+01  1.556050e+01 -2.050000e+01
      vertex -7.204852e+01  1.556050e+01 -1.300000e+01
    endloop
  endfacet
  facet normal -2.588185e-01 -9.659259e-01  -0.000000e+00
    outer loop
      vertex -7.204852e+01  1.556050e+01 -1.300000e+01
      vertex -7.204852e+01  1.556050e+01 -2.050000e+01
      vertex -7.161075e+01  1.544320e+01 -2.050000e+01
    endloop
  endfacet
  facet normal -2.588185e-01 -9.659259e-01  0.000000e+00
    outer loop
      vertex -7.204852e+01  1.556050e+01 -1.300000e+01
      vertex -7.161075e+01  1.544320e+01 -2.050000e+01
      vertex -7.161075e+01  1.544320e+01 -1.300000e+01
    endloop
  endfacet
  facet normal -4.226155e-01 -9.063090e-01  -0.000000e+00
    outer loop
      vertex -7.161075e+01  1.544320e+01 -1.300000e+01
      vertex -7.161075e+01  1.544320e+01 -2.050000e+01
      vertex -7.120000e+01  1.525167e+01 -2.050000e+01
    endloop
  endfacet
  facet normal -4.226155e-01 -9.063090e-01  0.000000e+00
    outer loop
      vertex -7.161075e+01  1.544320e+01 -1.300000e+01
      vertex -7.120000e+01  1.525167e+01 -2.050000e+01
      vertex -7.120000e+01  1.525167e+01 -1.300000e+01
    endloop
  endfacet
  facet normal -5.735781e-01 -8.191508e-01  -0.000000e+00
    outer loop
      vertex -7.120000e+01  1.525167e+01 -1.300000e+01
      vertex -7.120000e+01  1.525167e+01 -2.050000e+01
      vertex -7.082875e+01  1.499172e+01 -2.050000e+01
    endloop
  endfacet
  facet normal -5.735781e-01 -8.191508e-01  0.000000e+00
    outer loop
      vertex -7.120000e+01  1.525167e+01 -1.300000e+01
      vertex -7.082875e+01  1.499172e+01 -2.050000e+01
      vertex -7.082875e+01  1.499172e+01 -1.300000e+01
    endloop
  endfacet
  facet normal -7.071100e-01 -7.071037e-01  -0.000000e+00
    outer loop
      vertex -7.082875e+01  1.499172e+01 -1.300000e+01
      vertex -7.082875e+01  1.499172e+01 -2.050000e+01
      vertex -7.050829e+01  1.467125e+01 -2.050000e+01
    endloop
  endfacet
  facet normal -7.071100e-01 -7.071037e-01  0.000000e+00
    outer loop
      vertex -7.082875e+01  1.499172e+01 -1.300000e+01
      vertex -7.050829e+01  1.467125e+01 -2.050000e+01
      vertex -7.050829e+01  1.467125e+01 -1.300000e+01
    endloop
  endfacet
  facet normal -8.191535e-01 -5.735743e-01  -0.000000e+00
    outer loop
      vertex -7.050829e+01  1.467125e+01 -1.300000e+01
      vertex -7.050829e+01  1.467125e+01 -2.050000e+01
      vertex -7.024834e+01  1.430000e+01 -2.050000e+01
    endloop
  endfacet
  facet normal -8.191535e-01 -5.735743e-01  0.000000e+00
    outer loop
      vertex -7.050829e+01  1.467125e+01 -1.300000e+01
      vertex -7.024834e+01  1.430000e+01 -2.050000e+01
      vertex -7.024834e+01  1.430000e+01 -1.300000e+01
    endloop
  endfacet
  facet normal -9.063068e-01 -4.226205e-01  -0.000000e+00
    outer loop
      vertex -7.024834e+01  1.430000e+01 -1.300000e+01
      vertex -7.024834e+01  1.430000e+01 -2.050000e+01
      vertex -7.005680e+01  1.388925e+01 -2.050000e+01
    endloop
  endfacet
  facet normal -9.063068e-01 -4.226205e-01  0.000000e+00
    outer loop
      vertex -7.024834e+01  1.430000e+01 -1.300000e+01
      vertex -7.005680e+01  1.388925e+01 -2.050000e+01
      vertex -7.005680e+01  1.388925e+01 -1.300000e+01
    endloop
  endfacet
  facet normal -9.659243e-01 -2.588244e-01  -0.000000e+00
    outer loop
      vertex -7.005680e+01  1.388925e+01 -1.300000e+01
      vertex -7.005680e+01  1.388925e+01 -2.050000e+01
      vertex -6.993950e+01  1.345149e+01 -2.050000e+01
    endloop
  endfacet
  facet normal -9.659243e-01 -2.588244e-01  0.000000e+00
    outer loop
      vertex -7.005680e+01  1.388925e+01 -1.300000e+01
      vertex -6.993950e+01  1.345149e+01 -2.050000e+01
      vertex -6.993950e+01  1.345149e+01 -1.300000e+01
    endloop
  endfacet
  facet normal -9.961951e-01 -8.715026e-02  -0.000000e+00
    outer loop
      vertex -6.993950e+01  1.345149e+01 -1.300000e+01
      vertex -6.993950e+01  1.345149e+01 -2.050000e+01
      vertex -6.990000e+01  1.300000e+01 -2.050000e+01
    endloop
  endfacet
  facet normal -9.961951e-01 -8.715026e-02  0.000000e+00
    outer loop
      vertex -6.993950e+01  1.345149e+01 -1.300000e+01
      vertex -6.990000e+01  1.300000e+01 -2.050000e+01
      vertex -6.990000e+01  1.300000e+01 -1.300000e+01
    endloop
  endfacet
  facet normal -8.715671e-02 -9.961946e-01  -0.000000e+00
    outer loop
      vertex -7.204852e+01  1.556050e+01 -2.050000e+01
      vertex -7.250000e+01  1.560000e+01 -1.300000e+01
      vertex -7.250000e+01  1.560000e+01 -2.050000e+01
    endloop
  endfacet
  facet normal  8.715671e-02 -9.961946e-01  0.000000e+00
    outer loop
      vertex -7.250000e+01  1.560000e+01 -2.050000e+01
      vertex -7.250000e+01  1.560000e+01 -1.300000e+01
      vertex -7.295148e+01  1.556050e+01 -1.300000e+01
    endloop
  endfacet
  facet normal  8.715671e-02 -9.961946e-01  0.000000e+00
    outer loop
      vertex -7.250000e+01  1.560000e+01 -2.050000e+01
      vertex -7.295148e+01  1.556050e+01 -1.300000e+01
      vertex -7.295148e+01  1.556050e+01 -2.050000e+01
    endloop
  endfacet
  facet normal  2.588185e-01 -9.659259e-01  0.000000e+00
    outer loop
      vertex -7.295148e+01  1.556050e+01 -2.050000e+01
      vertex -7.295148e+01  1.556050e+01 -1.300000e+01
      vertex -7.338925e+01  1.544320e+01 -1.300000e+01
    endloop
  endfacet
  facet normal  2.588185e-01 -9.659259e-01  0.000000e+00
    outer loop
      vertex -7.295148e+01  1.556050e+01 -2.050000e+01
      vertex -7.338925e+01  1.544320e+01 -1.300000e+01
      vertex -7.338925e+01  1.544320e+01 -2.050000e+01
    endloop
  endfacet
  facet normal  4.226155e-01 -9.063090e-01  0.000000e+00
    outer loop
      vertex -7.338925e+01  1.544320e+01 -2.050000e+01
      vertex -7.338925e+01  1.544320e+01 -1.300000e+01
      vertex -7.380000e+01  1.525167e+01 -1.300000e+01
    endloop
  endfacet
  facet normal  4.226155e-01 -9.063090e-01  0.000000e+00
    outer loop
      vertex -7.338925e+01  1.544320e+01 -2.050000e+01
      vertex -7.380000e+01  1.525167e+01 -1.300000e+01
      vertex -7.380000e+01  1.525167e+01 -2.050000e+01
    endloop
  endfacet
  facet normal  5.735781e-01 -8.191508e-01  0.000000e+00
    outer loop
      vertex -7.380000e+01  1.525167e+01 -2.050000e+01
      vertex -7.380000e+01  1.525167e+01 -1.300000e+01
      vertex -7.417125e+01  1.499172e+01 -1.300000e+01
    endloop
  endfacet
  facet normal  5.735781e-01 -8.191508e-01  0.000000e+00
    outer loop
      vertex -7.380000e+01  1.525167e+01 -2.050000e+01
      vertex -7.417125e+01  1.499172e+01 -1.300000e+01
      vertex -7.417125e+01  1.499172e+01 -2.050000e+01
    endloop
  endfacet
  facet normal  7.071100e-01 -7.071037e-01  0.000000e+00
    outer loop
      vertex -7.417125e+01  1.499172e+01 -2.050000e+01
      vertex -7.417125e+01  1.499172e+01 -1.300000e+01
      vertex -7.449171e+01  1.467125e+01 -1.300000e+01
    endloop
  endfacet
  facet normal  7.071100e-01 -7.071037e-01  0.000000e+00
    outer loop
      vertex -7.417125e+01  1.499172e+01 -2.050000e+01
      vertex -7.449171e+01  1.467125e+01 -1.300000e+01
      vertex -7.449171e+01  1.467125e+01 -2.050000e+01
    endloop
  endfacet
  facet normal  8.191535e-01 -5.735743e-01  0.000000e+00
    outer loop
      vertex -7.449171e+01  1.467125e+01 -2.050000e+01
      vertex -7.449171e+01  1.467125e+01 -1.300000e+01
      vertex -7.475166e+01  1.430000e+01 -1.300000e+01
    endloop
  endfacet
  facet normal  8.191535e-01 -5.735743e-01  0.000000e+00
    outer loop
      vertex -7.449171e+01  1.467125e+01 -2.050000e+01
      vertex -7.475166e+01  1.430000e+01 -1.300000e+01
      vertex -7.475166e+01  1.430000e+01 -2.050000e+01
    endloop
  endfacet
  facet normal  9.063068e-01 -4.226205e-01  0.000000e+00
    outer loop
      vertex -7.475166e+01  1.430000e+01 -2.050000e+01
      vertex -7.475166e+01  1.430000e+01 -1.300000e+01
      vertex -7.494320e+01  1.388925e+01 -1.300000e+01
    endloop
  endfacet
  facet normal  9.063068e-01 -4.226205e-01  0.000000e+00
    outer loop
      vertex -7.475166e+01  1.430000e+01 -2.050000e+01
      vertex -7.494320e+01  1.388925e+01 -1.300000e+01
      vertex -7.494320e+01  1.388925e+01 -2.050000e+01
    endloop
  endfacet
  facet normal  9.659243e-01 -2.588244e-01  0.000000e+00
    outer loop
      vertex -7.494320e+01  1.388925e+01 -2.050000e+01
      vertex -7.494320e+01  1.388925e+01 -1.300000e+01
      vertex -7.506050e+01  1.345149e+01 -1.300000e+01
    endloop
  endfacet
  facet normal  9.659243e-01 -2.588244e-01  0.000000e+00
    outer loop
      vertex -7.494320e+01  1.388925e+01 -2.050000e+01
      vertex -7.506050e+01  1.345149e+01 -1.300000e+01
      vertex -7.506050e+01  1.345149e+01 -2.050000e+01
    endloop
  endfacet
  facet normal  9.961951e-01 -8.715026e-02  0.000000e+00
    outer loop
      vertex -7.506050e+01  1.345149e+01 -2.050000e+01
      vertex -7.506050e+01  1.345149e+01 -1.300000e+01
      vertex -7.510000e+01  1.300000e+01 -1.300000e+01
    endloop
  endfacet
  facet normal  9.961951e-01 -8.715026e-02  0.000000e+00
    outer loop
      vertex -7.506050e+01  1.345149e+01 -2.050000e+01
      vertex -7.510000e+01  1.300000e+01 -1.300000e+01
      vertex -7.510000e+01  1.300000e+01 -2.050000e+01
    endloop
  endfacet
  facet normal  8.715671e-02  9.961946e-01  -0.000000e+00
    outer loop
      vertex -7.250000e+01  1.040000e+01 -1.300000e+01
      vertex -7.295148e+01  1.043950e+01 -2.050000e+01
      vertex -7.295148e+01  1.043950e+01 -1.300000e+01
    endloop
  endfacet
  facet normal  2.588185e-01  9.659259e-01  0.000000e+00
    outer loop
      vertex -7.295148e+01  1.043950e+01 -1.300000e+01
      vertex -7.295148e+01  1.043950e+01 -2.050000e+01
      vertex -7.338925e+01  1.055680e+01 -2.050000e+01
    endloop
  endfacet
  facet normal  2.588185e-01  9.659259e-01  -0.000000e+00
    outer loop
      vertex -7.295148e+01  1.043950e+01 -1.300000e+01
      vertex -7.338925e+01  1.055680e+01 -2.050000e+01
      vertex -7.338925e+01  1.055680e+01 -1.300000e+01
    endloop
  endfacet
  facet normal  4.226155e-01  9.063090e-01  0.000000e+00
    outer loop
      vertex -7.338925e+01  1.055680e+01 -1.300000e+01
      vertex -7.338925e+01  1.055680e+01 -2.050000e+01
      vertex -7.380000e+01  1.074833e+01 -2.050000e+01
    endloop
  endfacet
  facet normal  4.226155e-01  9.063090e-01  -0.000000e+00
    outer loop
      vertex -7.338925e+01  1.055680e+01 -1.300000e+01
      vertex -7.380000e+01  1.074833e+01 -2.050000e+01
      vertex -7.380000e+01  1.074833e+01 -1.300000e+01
    endloop
  endfacet
  facet normal  5.735781e-01  8.191508e-01  0.000000e+00
    outer loop
      vertex -7.380000e+01  1.074833e+01 -1.300000e+01
      vertex -7.380000e+01  1.074833e+01 -2.050000e+01
      vertex -7.417125e+01  1.100828e+01 -2.050000e+01
    endloop
  endfacet
  facet normal  5.735781e-01  8.191508e-01  -0.000000e+00
    outer loop
      vertex -7.380000e+01  1.074833e+01 -1.300000e+01
      vertex -7.417125e+01  1.100828e+01 -2.050000e+01
      vertex -7.417125e+01  1.100828e+01 -1.300000e+01
    endloop
  endfacet
  facet normal  7.071100e-01  7.071037e-01  0.000000e+00
    outer loop
      vertex -7.417125e+01  1.100828e+01 -1.300000e+01
      vertex -7.417125e+01  1.100828e+01 -2.050000e+01
      vertex -7.449171e+01  1.132875e+01 -2.050000e+01
    endloop
  endfacet
  facet normal  7.071100e-01  7.071037e-01  -0.000000e+00
    outer loop
      vertex -7.417125e+01  1.100828e+01 -1.300000e+01
      vertex -7.449171e+01  1.132875e+01 -2.050000e+01
      vertex -7.449171e+01  1.132875e+01 -1.300000e+01
    endloop
  endfacet
  facet normal  8.191535e-01  5.735743e-01  0.000000e+00
    outer loop
      vertex -7.449171e+01  1.132875e+01 -1.300000e+01
      vertex -7.449171e+01  1.132875e+01 -2.050000e+01
      vertex -7.475166e+01  1.170000e+01 -2.050000e+01
    endloop
  endfacet
  facet normal  8.191535e-01  5.735743e-01  -0.000000e+00
    outer loop
      vertex -7.449171e+01  1.132875e+01 -1.300000e+01
      vertex -7.475166e+01  1.170000e+01 -2.050000e+01
      vertex -7.475166e+01  1.170000e+01 -1.300000e+01
    endloop
  endfacet
  facet normal  9.063068e-01  4.226205e-01  0.000000e+00
    outer loop
      vertex -7.475166e+01  1.170000e+01 -1.300000e+01
      vertex -7.475166e+01  1.170000e+01 -2.050000e+01
      vertex -7.494320e+01  1.211075e+01 -2.050000e+01
    endloop
  endfacet
  facet normal  9.063068e-01  4.226205e-01  -0.000000e+00
    outer loop
      vertex -7.475166e+01  1.170000e+01 -1.300000e+01
      vertex -7.494320e+01  1.211075e+01 -2.050000e+01
      vertex -7.494320e+01  1.211075e+01 -1.300000e+01
    endloop
  endfacet
  facet normal  9.659243e-01  2.588244e-01  0.000000e+00
    outer loop
      vertex -7.494320e+01  1.211075e+01 -1.300000e+01
      vertex -7.494320e+01  1.211075e+01 -2.050000e+01
      vertex -7.506050e+01  1.254851e+01 -2.050000e+01
    endloop
  endfacet
  facet normal  9.659243e-01  2.588244e-01  -0.000000e+00
    outer loop
      vertex -7.494320e+01  1.211075e+01 -1.300000e+01
      vertex -7.506050e+01  1.254851e+01 -2.050000e+01
      vertex -7.506050e+01  1.254851e+01 -1.300000e+01
    endloop
  endfacet
  facet normal  9.961951e-01  8.715026e-02  0.000000e+00
    outer loop
      vertex -7.506050e+01  1.254851e+01 -1.300000e+01
      vertex -7.506050e+01  1.254851e+01 -2.050000e+01
      vertex -7.510000e+01  1.300000e+01 -2.050000e+01
    endloop
  endfacet
  facet normal  9.961951e-01  8.715026e-02  -0.000000e+00
    outer loop
      vertex -7.506050e+01  1.254851e+01 -1.300000e+01
      vertex -7.510000e+01  1.300000e+01 -2.050000e+01
      vertex -7.510000e+01  1.300000e+01 -1.300000e+01
    endloop
  endfacet
  facet normal  8.715671e-02  9.961946e-01  0.000000e+00
    outer loop
      vertex -7.295148e+01  1.043950e+01 -2.050000e+01
      vertex -7.250000e+01  1.040000e+01 -1.300000e+01
      vertex -7.250000e+01  1.040000e+01 -2.050000e+01
    endloop
  endfacet
  facet normal -8.715671e-02  9.961946e-01  0.000000e+00
    outer loop
      vertex -7.250000e+01  1.040000e+01 -2.050000e+01
      vertex -7.250000e+01  1.040000e+01 -1.300000e+01
      vertex -7.204852e+01  1.043950e+01 -1.300000e+01
    endloop
  endfacet
  facet normal -8.715671e-02  9.961946e-01  0.000000e+00
    outer loop
      vertex -7.250000e+01  1.040000e+01 -2.050000e+01
      vertex -7.204852e+01  1.043950e+01 -1.300000e+01
      vertex -7.204852e+01  1.043950e+01 -2.050000e+01
    endloop
  endfacet
  facet normal -2.588185e-01  9.659259e-01  0.000000e+00
    outer loop
      vertex -7.204852e+01  1.043950e+01 -2.050000e+01
      vertex -7.204852e+01  1.043950e+01 -1.300000e+01
      vertex -7.161075e+01  1.055680e+01 -1.300000e+01
    endloop
  endfacet
  facet normal -2.588185e-01  9.659259e-01  0.000000e+00
    outer loop
      vertex -7.204852e+01  1.043950e+01 -2.050000e+01
      vertex -7.161075e+01  1.055680e+01 -1.300000e+01
      vertex -7.161075e+01  1.055680e+01 -2.050000e+01
    endloop
  endfacet
  facet normal -4.226155e-01  9.063090e-01  0.000000e+00
    outer loop
      vertex -7.161075e+01  1.055680e+01 -2.050000e+01
      vertex -7.161075e+01  1.055680e+01 -1.300000e+01
      vertex -7.120000e+01  1.074833e+01 -1.300000e+01
    endloop
  endfacet
  facet normal -4.226155e-01  9.063090e-01  0.000000e+00
    outer loop
      vertex -7.161075e+01  1.055680e+01 -2.050000e+01
      vertex -7.120000e+01  1.074833e+01 -1.300000e+01
      vertex -7.120000e+01  1.074833e+01 -2.050000e+01
    endloop
  endfacet
  facet normal -5.735781e-01  8.191508e-01  0.000000e+00
    outer loop
      vertex -7.120000e+01  1.074833e+01 -2.050000e+01
      vertex -7.120000e+01  1.074833e+01 -1.300000e+01
      vertex -7.082875e+01  1.100828e+01 -1.300000e+01
    endloop
  endfacet
  facet normal -5.735781e-01  8.191508e-01  0.000000e+00
    outer loop
      vertex -7.120000e+01  1.074833e+01 -2.050000e+01
      vertex -7.082875e+01  1.100828e+01 -1.300000e+01
      vertex -7.082875e+01  1.100828e+01 -2.050000e+01
    endloop
  endfacet
  facet normal -7.071100e-01  7.071037e-01  0.000000e+00
    outer loop
      vertex -7.082875e+01  1.100828e+01 -2.050000e+01
      vertex -7.082875e+01  1.100828e+01 -1.300000e+01
      vertex -7.050829e+01  1.132875e+01 -1.300000e+01
    endloop
  endfacet
  facet normal -7.071100e-01  7.071037e-01  0.000000e+00
    outer loop
      vertex -7.082875e+01  1.100828e+01 -2.050000e+01
      vertex -7.050829e+01  1.132875e+01 -1.300000e+01
      vertex -7.050829e+01  1.132875e+01 -2.050000e+01
    endloop
  endfacet
  facet normal -8.191535e-01  5.735743e-01  0.000000e+00
    outer loop
      vertex -7.050829e+01  1.132875e+01 -2.050000e+01
      vertex -7.050829e+01  1.132875e+01 -1.300000e+01
      vertex -7.024834e+01  1.170000e+01 -1.300000e+01
    endloop
  endfacet
  facet normal -8.191535e-01  5.735743e-01  0.000000e+00
    outer loop
      vertex -7.050829e+01  1.132875e+01 -2.050000e+01
      vertex -7.024834e+01  1.170000e+01 -1.300000e+01
      vertex -7.024834e+01  1.170000e+01 -2.050000e+01
    endloop
  endfacet
  facet normal -9.063068e-01  4.226205e-01  0.000000e+00
    outer loop
      vertex -7.024834e+01  1.170000e+01 -2.050000e+01
      vertex -7.024834e+01  1.170000e+01 -1.300000e+01
      vertex -7.005680e+01  1.211075e+01 -1.300000e+01
    endloop
  endfacet
  facet normal -9.063068e-01  4.226205e-01  0.000000e+00
    outer loop
      vertex -7.024834e+01  1.170000e+01 -2.050000e+01
      vertex -7.005680e+01  1.211075e+01 -1.300000e+01
      vertex -7.005680e+01  1.211075e+01 -2.050000e+01
    endloop
  endfacet
  facet normal -9.659243e-01  2.588244e-01  0.000000e+00
    outer loop
      vertex -7.005680e+01  1.211075e+01 -2.050000e+01
      vertex -7.005680e+01  1.211075e+01 -1.300000e+01
      vertex -6.993950e+01  1.254851e+01 -1.300000e+01
    endloop
  endfacet
  facet normal -9.659243e-01  2.588244e-01  0.000000e+00
    outer loop
      vertex -7.005680e+01  1.211075e+01 -2.050000e+01
      vertex -6.993950e+01  1.254851e+01 -1.300000e+01
      vertex -6.993950e+01  1.254851e+01 -2.050000e+01
    endloop
  endfacet
  facet normal -9.961951e-01  8.715026e-02  0.000000e+00
    outer loop
      vertex -6.993950e+01  1.254851e+01 -2.050000e+01
      vertex -6.993950e+01  1.254851e+01 -1.300000e+01
      vertex -6.990000e+01  1.300000e+01 -1.300000e+01
    endloop
  endfacet
  facet normal -9.961951e-01  8.715026e-02  0.000000e+00
    outer loop
      vertex -6.993950e+01  1.254851e+01 -2.050000e+01
      vertex -6.990000e+01  1.300000e+01 -1.300000e+01
      vertex -6.990000e+01  1.300000e+01 -2.050000e+01
    endloop
  endfacet
  facet normal -7.064608e-01 -4.273404e-02 -7.064608e-01
    outer loop
      vertex -6.990000e+01  1.300000e+01 -2.050000e+01
      vertex -6.743719e+01  1.361474e+01 -2.300000e+01
      vertex -6.740000e+01  1.300000e+01 -2.300000e+01
    endloop
  endfacet
  facet normal -7.034283e-01 -6.153811e-02 -7.080973e-01
    outer loop
      vertex -6.990000e+01  1.300000e+01 -2.050000e+01
      vertex -6.993950e+01  1.345149e+01 -2.050000e+01
      vertex -6.743719e+01  1.361474e+01 -2.300000e+01
    endloop
  endfacet
  facet normal  7.034283e-01 -6.153811e-02 -7.080973e-01
    outer loop
      vertex -7.510000e+01  1.300000e+01 -2.050000e+01
      vertex -7.756281e+01  1.361474e+01 -2.300000e+01
      vertex -7.506050e+01  1.345149e+01 -2.050000e+01
    endloop
  endfacet
  facet normal  7.064608e-01 -4.273404e-02 -7.064608e-01
    outer loop
      vertex -7.510000e+01  1.300000e+01 -2.050000e+01
      vertex -7.760000e+01  1.300000e+01 -2.300000e+01
      vertex -7.756281e+01  1.361474e+01 -2.300000e+01
    endloop
  endfacet
  facet normal -6.968127e-01 -1.276909e-01 -7.057953e-01
    outer loop
      vertex -6.993950e+01  1.345149e+01 -2.050000e+01
      vertex -6.754819e+01  1.422051e+01 -2.300000e+01
      vertex -6.743719e+01  1.361474e+01 -2.300000e+01
    endloop
  endfacet
  facet normal -6.759587e-01 -2.106365e-01 -7.061955e-01
    outer loop
      vertex -7.005680e+01  1.388925e+01 -2.050000e+01
      vertex -6.773141e+01  1.480849e+01 -2.300000e+01
      vertex -6.754819e+01  1.422051e+01 -2.300000e+01
    endloop
  endfacet
  facet normal -6.818023e-01 -1.826925e-01 -7.083566e-01
    outer loop
      vertex -7.005680e+01  1.388925e+01 -2.050000e+01
      vertex -6.754819e+01  1.422051e+01 -2.300000e+01
      vertex -6.993950e+01  1.345149e+01 -2.050000e+01
    endloop
  endfacet
  facet normal -6.061938e-01 -3.664522e-01 -7.058625e-01
    outer loop
      vertex -7.024834e+01  1.430000e+01 -2.050000e+01
      vertex -6.830278e+01  1.589713e+01 -2.300000e+01
      vertex -6.798418e+01  1.537009e+01 -2.300000e+01
    endloop
  endfacet
  facet normal -6.403093e-01 -2.985830e-01 -7.077093e-01
    outer loop
      vertex -7.024834e+01  1.430000e+01 -2.050000e+01
      vertex -6.798418e+01  1.537009e+01 -2.300000e+01
      vertex -7.005680e+01  1.388925e+01 -2.050000e+01
    endloop
  endfacet
  facet normal -6.450945e-01 -2.903388e-01 -7.067930e-01
    outer loop
      vertex -7.005680e+01  1.388925e+01 -2.050000e+01
      vertex -6.798418e+01  1.537009e+01 -2.300000e+01
      vertex -6.773141e+01  1.480849e+01 -2.300000e+01
    endloop
  endfacet
  facet normal -5.574955e-01 -4.367711e-01 -7.059957e-01
    outer loop
      vertex -7.050829e+01  1.467125e+01 -2.050000e+01
      vertex -6.868259e+01  1.638193e+01 -2.300000e+01
      vertex -6.830278e+01  1.589713e+01 -2.300000e+01
    endloop
  endfacet
  facet normal -5.780969e-01 -4.047856e-01 -7.084862e-01
    outer loop
      vertex -7.050829e+01  1.467125e+01 -2.050000e+01
      vertex -6.830278e+01  1.589713e+01 -2.300000e+01
      vertex -7.024834e+01  1.430000e+01 -2.050000e+01
    endloop
  endfacet
  facet normal -4.367703e-01 -5.574962e-01 -7.059955e-01
    outer loop
      vertex -7.082875e+01  1.499172e+01 -2.050000e+01
      vertex -6.960287e+01  1.719722e+01 -2.300000e+01
      vertex -6.911807e+01  1.681741e+01 -2.300000e+01
    endloop
  endfacet
  facet normal -4.999433e-01 -4.999388e-01 -7.071902e-01
    outer loop
      vertex -7.082875e+01  1.499172e+01 -2.050000e+01
      vertex -6.911807e+01  1.681741e+01 -2.300000e+01
      vertex -7.050829e+01  1.467125e+01 -2.050000e+01
    endloop
  endfacet
  facet normal -4.999420e-01 -4.999399e-01 -7.071903e-01
    outer loop
      vertex -7.050829e+01  1.467125e+01 -2.050000e+01
      vertex -6.911807e+01  1.681741e+01 -2.300000e+01
      vertex -6.868259e+01  1.638193e+01 -2.300000e+01
    endloop
  endfacet
  facet normal -3.664533e-01 -6.061938e-01 -7.058619e-01
    outer loop
      vertex -7.120000e+01  1.525167e+01 -2.050000e+01
      vertex -7.012991e+01  1.751583e+01 -2.300000e+01
      vertex -6.960287e+01  1.719722e+01 -2.300000e+01
    endloop
  endfacet
  facet normal -4.047885e-01 -5.780954e-01 -7.084857e-01
    outer loop
      vertex -7.120000e+01  1.525167e+01 -2.050000e+01
      vertex -6.960287e+01  1.719722e+01 -2.300000e+01
      vertex -7.082875e+01  1.499172e+01 -2.050000e+01
    endloop
  endfacet
  facet normal -2.106369e-01 -6.759591e-01 -7.061952e-01
    outer loop
      vertex -7.161075e+01  1.544320e+01 -2.050000e+01
      vertex -7.127949e+01  1.795180e+01 -2.300000e+01
      vertex -7.069151e+01  1.776858e+01 -2.300000e+01
    endloop
  endfacet
  facet normal -2.990736e-01 -6.413704e-01 -7.065400e-01
    outer loop
      vertex -7.161075e+01  1.544320e+01 -2.050000e+01
      vertex -7.069151e+01  1.776858e+01 -2.300000e+01
      vertex -7.120000e+01  1.525167e+01 -2.050000e+01
    endloop
  endfacet
  facet normal -2.899840e-01 -6.443115e-01 -7.076524e-01
    outer loop
      vertex -7.120000e+01  1.525167e+01 -2.050000e+01
      vertex -7.069151e+01  1.776858e+01 -2.300000e+01
      vertex -7.012991e+01  1.751583e+01 -2.300000e+01
    endloop
  endfacet
  facet normal -1.276947e-01 -6.968117e-01 -7.057955e-01
    outer loop
      vertex -7.204852e+01  1.556050e+01 -2.050000e+01
      vertex -7.188526e+01  1.806281e+01 -2.300000e+01
      vertex -7.127949e+01  1.795180e+01 -2.300000e+01
    endloop
  endfacet
  facet normal -1.826883e-01 -6.818035e-01 -7.083564e-01
    outer loop
      vertex -7.204852e+01  1.556050e+01 -2.050000e+01
      vertex -7.127949e+01  1.795180e+01 -2.300000e+01
      vertex -7.161075e+01  1.544320e+01 -2.050000e+01
    endloop
  endfacet
  facet normal -4.273397e-02 -7.064608e-01 -7.064608e-01
    outer loop
      vertex -7.250000e+01  1.560000e+01 -2.050000e+01
      vertex -7.250000e+01  1.810000e+01 -2.300000e+01
      vertex -7.188526e+01  1.806281e+01 -2.300000e+01
    endloop
  endfacet
  facet normal -6.154263e-02 -7.034276e-01 -7.080976e-01
    outer loop
      vertex -7.250000e+01  1.560000e+01 -2.050000e+01
      vertex -7.188526e+01  1.806281e+01 -2.300000e+01
      vertex -7.204852e+01  1.556050e+01 -2.050000e+01
    endloop
  endfacet
  facet normal  1.276947e-01 -6.968117e-01 -7.057955e-01
    outer loop
      vertex -7.295148e+01  1.556050e+01 -2.050000e+01
      vertex -7.372051e+01  1.795180e+01 -2.300000e+01
      vertex -7.311474e+01  1.806281e+01 -2.300000e+01
    endloop
  endfacet
  facet normal  6.154263e-02 -7.034276e-01 -7.080976e-01
    outer loop
      vertex -7.295148e+01  1.556050e+01 -2.050000e+01
      vertex -7.311474e+01  1.806281e+01 -2.300000e+01
      vertex -7.250000e+01  1.560000e+01 -2.050000e+01
    endloop
  endfacet
  facet normal  2.106369e-01 -6.759589e-01 -7.061951e-01
    outer loop
      vertex -7.338925e+01  1.544320e+01 -2.050000e+01
      vertex -7.430849e+01  1.776858e+01 -2.300000e+01
      vertex -7.372051e+01  1.795180e+01 -2.300000e+01
    endloop
  endfacet
  facet normal  1.826883e-01 -6.818035e-01 -7.083564e-01
    outer loop
      vertex -7.338925e+01  1.544320e+01 -2.050000e+01
      vertex -7.372051e+01  1.795180e+01 -2.300000e+01
      vertex -7.295148e+01  1.556050e+01 -2.050000e+01
    endloop
  endfacet
  facet normal  3.664532e-01 -6.061938e-01 -7.058619e-01
    outer loop
      vertex -7.380000e+01  1.525167e+01 -2.050000e+01
      vertex -7.539713e+01  1.719722e+01 -2.300000e+01
      vertex -7.487009e+01  1.751583e+01 -2.300000e+01
    endloop
  endfacet
  facet normal  2.985797e-01 -6.403112e-01 -7.077087e-01
    outer loop
      vertex -7.380000e+01  1.525167e+01 -2.050000e+01
      vertex -7.487009e+01  1.751583e+01 -2.300000e+01
      vertex -7.338925e+01  1.544320e+01 -2.050000e+01
    endloop
  endfacet
  facet normal  2.903369e-01 -6.450957e-01 -7.067928e-01
    outer loop
      vertex -7.338925e+01  1.544320e+01 -2.050000e+01
      vertex -7.487009e+01  1.751583e+01 -2.300000e+01
      vertex -7.430849e+01  1.776858e+01 -2.300000e+01
    endloop
  endfacet
  facet normal  4.367703e-01 -5.574962e-01 -7.059955e-01
    outer loop
      vertex -7.417125e+01  1.499172e+01 -2.050000e+01
      vertex -7.588193e+01  1.681741e+01 -2.300000e+01
      vertex -7.539713e+01  1.719722e+01 -2.300000e+01
    endloop
  endfacet
  facet normal  4.047885e-01 -5.780954e-01 -7.084857e-01
    outer loop
      vertex -7.417125e+01  1.499172e+01 -2.050000e+01
      vertex -7.539713e+01  1.719722e+01 -2.300000e+01
      vertex -7.380000e+01  1.525167e+01 -2.050000e+01
    endloop
  endfacet
  facet normal  5.574955e-01 -4.367711e-01 -7.059957e-01
    outer loop
      vertex -7.449171e+01  1.467125e+01 -2.050000e+01
      vertex -7.669722e+01  1.589713e+01 -2.300000e+01
      vertex -7.631741e+01  1.638193e+01 -2.300000e+01
    endloop
  endfacet
  facet normal  4.999431e-01 -4.999387e-01 -7.071904e-01
    outer loop
      vertex -7.449171e+01  1.467125e+01 -2.050000e+01
      vertex -7.631741e+01  1.638193e+01 -2.300000e+01
      vertex -7.417125e+01  1.499172e+01 -2.050000e+01
    endloop
  endfacet
  facet normal  4.999421e-01 -4.999399e-01 -7.071902e-01
    outer loop
      vertex -7.417125e+01  1.499172e+01 -2.050000e+01
      vertex -7.631741e+01  1.638193e+01 -2.300000e+01
      vertex -7.588193e+01  1.681741e+01 -2.300000e+01
    endloop
  endfacet
  facet normal  6.061938e-01 -3.664522e-01 -7.058625e-01
    outer loop
      vertex -7.475166e+01  1.430000e+01 -2.050000e+01
      vertex -7.701582e+01  1.537009e+01 -2.300000e+01
      vertex -7.669722e+01  1.589713e+01 -2.300000e+01
    endloop
  endfacet
  facet normal  5.780969e-01 -4.047856e-01 -7.084862e-01
    outer loop
      vertex -7.475166e+01  1.430000e+01 -2.050000e+01
      vertex -7.669722e+01  1.589713e+01 -2.300000e+01
      vertex -7.449171e+01  1.467125e+01 -2.050000e+01
    endloop
  endfacet
  facet normal  6.759587e-01 -2.106365e-01 -7.061955e-01
    outer loop
      vertex -7.494320e+01  1.388925e+01 -2.050000e+01
      vertex -7.745181e+01  1.422051e+01 -2.300000e+01
      vertex -7.726859e+01  1.480849e+01 -2.300000e+01
    endloop
  endfacet
  facet normal  6.413687e-01 -2.990770e-01 -7.065403e-01
    outer loop
      vertex -7.494320e+01  1.388925e+01 -2.050000e+01
      vertex -7.726859e+01  1.480849e+01 -2.300000e+01
      vertex -7.475166e+01  1.430000e+01 -2.050000e+01
    endloop
  endfacet
  facet normal  6.443102e-01 -2.899858e-01 -7.076529e-01
    outer loop
      vertex -7.475166e+01  1.430000e+01 -2.050000e+01
      vertex -7.726859e+01  1.480849e+01 -2.300000e+01
      vertex -7.701582e+01  1.537009e+01 -2.300000e+01
    endloop
  endfacet
  facet normal  6.968127e-01 -1.276909e-01 -7.057953e-01
    outer loop
      vertex -7.506050e+01  1.345149e+01 -2.050000e+01
      vertex -7.756281e+01  1.361474e+01 -2.300000e+01
      vertex -7.745181e+01  1.422051e+01 -2.300000e+01
    endloop
  endfacet
  facet normal  6.818023e-01 -1.826925e-01 -7.083566e-01
    outer loop
      vertex -7.506050e+01  1.345149e+01 -2.050000e+01
      vertex -7.745181e+01  1.422051e+01 -2.300000e+01
      vertex -7.494320e+01  1.388925e+01 -2.050000e+01
    endloop
  endfacet
  facet normal  4.273397e-02 -7.064608e-01 -7.064608e-01
    outer loop
      vertex -7.250000e+01  1.560000e+01 -2.050000e+01
      vertex -7.311474e+01  1.806281e+01 -2.300000e+01
      vertex -7.250000e+01  1.810000e+01 -2.300000e+01
    endloop
  endfacet
  facet normal  0.000000e+00  0.000000e+00 -1.000000e+00
    outer loop
      vertex  7.726859e+01 -1.119151e+01  1.300000e+01
      vertex  7.701582e+01 -1.062991e+01  1.300000e+01
      vertex  7.250000e+01  7.900000e+00  1.300000e+01
    endloop
  endfacet
  facet normal  0.000000e+00  0.000000e+00 -9.999999e-01
    outer loop
      vertex  7.701582e+01 -1.062991e+01  1.300000e+01
      vertex  7.669722e+01 -1.010287e+01  1.300000e+01
      vertex  7.250000e+01  7.900000e+00  1.300000e+01
    endloop
  endfacet
  facet normal  0.000000e+00  0.000000e+00 -1.000000e+00
    outer loop
      vertex  7.669722e+01 -1.010287e+01  1.300000e+01
      vertex  7.631741e+01 -9.618074e+00  1.300000e+01
      vertex  7.250000e+01  7.900000e+00  1.300000e+01
    endloop
  endfacet
  facet normal  0.000000e+00  0.000000e+00 -1.000000e+00
    outer loop
      vertex  7.631741e+01 -9.618074e+00  1.300000e+01
      vertex  7.588193e+01 -9.182595e+00  1.300000e+01
      vertex  7.250000e+01  7.900000e+00  1.300000e+01
    endloop
  endfacet
  facet normal  0.000000e+00  0.000000e+00 -9.999999e-01
    outer loop
      vertex  7.588193e+01 -9.182595e+00  1.300000e+01
      vertex  7.539713e+01 -8.802782e+00  1.300000e+01
      vertex  7.250000e+01  7.900000e+00  1.300000e+01
    endloop
  endfacet
  facet normal  0.000000e+00  0.000000e+00 -9.999999e-01
    outer loop
      vertex  7.539713e+01 -8.802782e+00  1.300000e+01
      vertex  7.487009e+01 -8.484175e+00  1.300000e+01
      vertex  7.250000e+01  7.900000e+00  1.300000e+01
    endloop
  endfacet
  facet normal  0.000000e+00  0.000000e+00 -1.000000e+00
    outer loop
      vertex  7.487009e+01 -8.484175e+00  1.300000e+01
      vertex  7.430849e+01 -8.231417e+00  1.300000e+01
      vertex  7.250000e+01  7.900000e+00  1.300000e+01
    endloop
  endfacet
  facet normal  0.000000e+00  0.000000e+00 -1.000000e+00
    outer loop
      vertex  7.430849e+01 -8.231417e+00  1.300000e+01
      vertex  7.372051e+01 -8.048197e+00  1.300000e+01
      vertex  7.250000e+01  7.900000e+00  1.300000e+01
    endloop
  endfacet
  facet normal  0.000000e+00  0.000000e+00 -9.999999e-01
    outer loop
      vertex  7.372051e+01 -8.048197e+00  1.300000e+01
      vertex  7.311474e+01 -7.937185e+00  1.300000e+01
      vertex  7.250000e+01  7.900000e+00  1.300000e+01
    endloop
  endfacet
  facet normal  0.000000e+00  0.000000e+00 -1.000000e+00
    outer loop
      vertex  7.311474e+01 -7.937185e+00  1.300000e+01
      vertex  7.250000e+01 -7.900000e+00  1.300000e+01
      vertex  7.250000e+01  7.900000e+00  1.300000e+01
    endloop
  endfacet
  facet normal  0.000000e+00  0.000000e+00 -1.000000e+00
    outer loop
      vertex  6.773141e+01 -1.119151e+01  1.300000e+01
      vertex  7.250000e+01  7.900000e+00  1.300000e+01
      vertex  6.798418e+01 -1.062991e+01  1.300000e+01
    endloop
  endfacet
  facet normal  0.000000e+00  0.000000e+00 -1.000000e+00
    outer loop
      vertex  6.798418e+01 -1.062991e+01  1.300000e+01
      vertex  7.250000e+01  7.900000e+00  1.300000e+01
      vertex  6.830278e+01 -1.010287e+01  1.300000e+01
    endloop
  endfacet
  facet normal  0.000000e+00  0.000000e+00 -1.000000e+00
    outer loop
      vertex  6.830278e+01 -1.010287e+01  1.300000e+01
      vertex  7.250000e+01  7.900000e+00  1.300000e+01
      vertex  6.868259e+01 -9.618074e+00  1.300000e+01
    endloop
  endfacet
  facet normal  0.000000e+00  0.000000e+00 -1.000000e+00
    outer loop
      vertex  6.868259e+01 -9.618074e+00  1.300000e+01
      vertex  7.250000e+01  7.900000e+00  1.300000e+01
      vertex  6.911807e+01 -9.182595e+00  1.300000e+01
    endloop
  endfacet
  facet normal  0.000000e+00  0.000000e+00 -1.000000e+00
    outer loop
      vertex  6.911807e+01 -9.182595e+00  1.300000e+01
      vertex  7.250000e+01  7.900000e+00  1.300000e+01
      vertex  6.960287e+01 -8.802782e+00  1.300000e+01
    endloop
  endfacet
  facet normal  0.000000e+00  0.000000e+00 -9.999999e-01
    outer loop
      vertex  6.960287e+01 -8.802782e+00  1.300000e+01
      vertex  7.250000e+01  7.900000e+00  1.300000e+01
      vertex  7.012991e+01 -8.484175e+00  1.300000e+01
    endloop
  endfacet
  facet normal  0.000000e+00  0.000000e+00 -1.000000e+00
    outer loop
      vertex  7.012991e+01 -8.484175e+00  1.300000e+01
      vertex  7.250000e+01  7.900000e+00  1.300000e+01
      vertex  7.069151e+01 -8.231417e+00  1.300000e+01
    endloop
  endfacet
  facet normal  0.000000e+00  0.000000e+00 -1.000000e+00
    outer loop
      vertex  7.069151e+01 -8.231417e+00  1.300000e+01
      vertex  7.250000e+01  7.900000e+00  1.300000e+01
      vertex  7.127949e+01 -8.048197e+00  1.300000e+01
    endloop
  endfacet
  facet normal  0.000000e+00  0.000000e+00 -1.000000e+00
    outer loop
      vertex  7.127949e+01 -8.048197e+00  1.300000e+01
      vertex  7.250000e+01  7.900000e+00  1.300000e+01
      vertex  7.188526e+01 -7.937185e+00  1.300000e+01
    endloop
  endfacet
  facet normal  0.000000e+00  -0.000000e+00 -1.000000e+00
    outer loop
      vertex  7.188526e+01 -7.937185e+00  1.300000e+01
      vertex  7.250000e+01  7.900000e+00  1.300000e+01
      vertex  7.250000e+01 -7.900000e+00  1.300000e+01
    endloop
  endfacet
  facet normal  0.000000e+00  0.000000e+00 -1.000000e+00
    outer loop
      vertex  8.250000e+01  2.300000e+01  1.300000e+01
      vertex  8.250000e+01 -2.300000e+01  1.300000e+01
      vertex  7.756281e+01  1.361474e+01  1.300000e+01
    endloop
  endfacet
  facet normal  0.000000e+00  0.000000e+00 -9.999999e-01
    outer loop
      vertex  8.250000e+01  2.300000e+01  1.300000e+01
      vertex  7.756281e+01  1.361474e+01  1.300000e+01
      vertex  7.745181e+01  1.422051e+01  1.300000e+01
    endloop
  endfacet
  facet normal  0.000000e+00  0.000000e+00 -1.000000e+00
    outer loop
      vertex  8.250000e+01  2.300000e+01  1.300000e+01
      vertex  7.745181e+01  1.422051e+01  1.300000e+01
      vertex  7.726859e+01  1.480849e+01  1.300000e+01
    endloop
  endfacet
  facet normal  0.000000e+00  0.000000e+00 -1.000000e+00
    outer loop
      vertex  8.250000e+01  2.300000e+01  1.300000e+01
      vertex  7.726859e+01  1.480849e+01  1.300000e+01
      vertex  7.701582e+01  1.537009e+01  1.300000e+01
    endloop
  endfacet
  facet normal  0.000000e+00  0.000000e+00 -1.000000e+00
    outer loop
      vertex  8.250000e+01  2.300000e+01  1.300000e+01
      vertex  7.701582e+01  1.537009e+01  1.300000e+01
      vertex  7.669722e+01  1.589713e+01  1.300000e+01
    endloop
  endfacet
  facet normal  0.000000e+00  0.000000e+00 -1.000000e+00
    outer loop
      vertex  8.250000e+01  2.300000e+01  1.300000e+01
      vertex  7.669722e+01  1.589713e+01  1.300000e+01
      vertex  7.631741e+01  1.638193e+01  1.300000e+01
    endloop
  endfacet
  facet normal  0.000000e+00  0.000000e+00 -1.000000e+00
    outer loop
      vertex  8.250000e+01  2.300000e+01  1.300000e+01
      vertex  7.631741e+01  1.638193e+01  1.300000e+01
      vertex  7.588193e+01  1.681741e+01  1.300000e+01
    endloop
  endfacet
  facet normal  0.000000e+00  0.000000e+00 -1.000000e+00
    outer loop
      vertex  8.250000e+01  2.300000e+01  1.300000e+01
      vertex  7.588193e+01  1.681741e+01  1.300000e+01
      vertex  7.539713e+01  1.719722e+01  1.300000e+01
    endloop
  endfacet
  facet normal  0.000000e+00  0.000000e+00 -1.000000e+00
    outer loop
      vertex  8.250000e+01  2.300000e+01  1.300000e+01
      vertex  7.539713e+01  1.719722e+01  1.300000e+01
      vertex  7.487009e+01  1.751583e+01  1.300000e+01
    endloop
  endfacet
  facet normal  0.000000e+00  0.000000e+00 -1.000000e+00
    outer loop
      vertex  8.250000e+01  2.300000e+01  1.300000e+01
      vertex  7.487009e+01  1.751583e+01  1.300000e+01
      vertex  7.430849e+01  1.776858e+01  1.300000e+01
    endloop
  endfacet
  facet normal  0.000000e+00  0.000000e+00 -1.000000e+00
    outer loop
      vertex  8.250000e+01  2.300000e+01  1.300000e+01
      vertex  7.430849e+01  1.776858e+01  1.300000e+01
      vertex  7.372051e+01  1.795180e+01  1.300000e+01
    endloop
  endfacet
  facet normal  0.000000e+00  0.000000e+00 -1.000000e+00
    outer loop
      vertex  8.250000e+01  2.300000e+01  1.300000e+01
      vertex  7.372051e+01  1.795180e+01  1.300000e+01
      vertex  7.311474e+01  1.806281e+01  1.300000e+01
    endloop
  endfacet
  facet normal  0.000000e+00  0.000000e+00 -1.000000e+00
    outer loop
      vertex  8.250000e+01  2.300000e+01  1.300000e+01
      vertex  7.311474e+01  1.806281e+01  1.300000e+01
      vertex  7.250000e+01  1.810000e+01  1.300000e+01
    endloop
  endfacet
  facet normal  0.000000e+00  0.000000e+00 -1.000000e+00
    outer loop
      vertex  8.250000e+01  2.300000e+01  1.300000e+01
      vertex  7.250000e+01  1.810000e+01  1.300000e+01
      vertex  6.250000e+01  2.300000e+01  1.300000e+01
    endloop
  endfacet
  facet normal  0.000000e+00  0.000000e+00 -1.000000e+00
    outer loop
      vertex  8.250000e+01 -2.300000e+01  1.300000e+01
      vertex  6.250000e+01 -2.300000e+01  1.300000e+01
      vertex  7.250000e+01 -1.810000e+01  1.300000e+01
    endloop
  endfacet
  facet normal  0.000000e+00  0.000000e+00 -1.000000e+00
    outer loop
      vertex  8.250000e+01 -2.300000e+01  1.300000e+01
      vertex  7.250000e+01 -1.810000e+01  1.300000e+01
      vertex  7.311474e+01 -1.806281e+01  1.300000e+01
    endloop
  endfacet
  facet normal  0.000000e+00  0.000000e+00 -1.000000e+00
    outer loop
      vertex  8.250000e+01 -2.300000e+01  1.300000e+01
      vertex  7.311474e+01 -1.806281e+01  1.300000e+01
      vertex  7.372051e+01 -1.795180e+01  1.300000e+01
    endloop
  endfacet
  facet normal  0.000000e+00  0.000000e+00 -1.000000e+00
    outer loop
      vertex  8.250000e+01 -2.300000e+01  1.300000e+01
      vertex  7.372051e+01 -1.795180e+01  1.300000e+01
      vertex  7.430849e+01 -1.776858e+01  1.300000e+01
    endloop
  endfacet
  facet normal  0.000000e+00  0.000000e+00 -1.000000e+00
    outer loop
      vertex  8.250000e+01 -2.300000e+01  1.300000e+01
      vertex  7.430849e+01 -1.776858e+01  1.300000e+01
      vertex  7.487009e+01 -1.751583e+01  1.300000e+01
    endloop
  endfacet
  facet normal  0.000000e+00  0.000000e+00 -1.000000e+00
    outer loop
      vertex  8.250000e+01 -2.300000e+01  1.300000e+01
      vertex  7.487009e+01 -1.751583e+01  1.300000e+01
      vertex  7.539713e+01 -1.719722e+01  1.300000e+01
    endloop
  endfacet
  facet normal  0.000000e+00  0.000000e+00 -1.000000e+00
    outer loop
      vertex  8.250000e+01 -2.300000e+01  1.300000e+01
      vertex  7.539713e+01 -1.719722e+01  1.300000e+01
      vertex  7.588193e+01 -1.681741e+01  1.300000e+01
    endloop
  endfacet
  facet normal  0.000000e+00  0.000000e+00 -1.000000e+00
    outer loop
      vertex  8.250000e+01 -2.300000e+01  1.300000e+01
      vertex  7.588193e+01 -1.681741e+01  1.300000e+01
      vertex  7.631741e+01 -1.638193e+01  1.300000e+01
    endloop
  endfacet
  facet normal  0.000000e+00  0.000000e+00 -1.000000e+00
    outer loop
      vertex  8.250000e+01 -2.300000e+01  1.300000e+01
      vertex  7.631741e+01 -1.638193e+01  1.300000e+01
      vertex  7.669722e+01 -1.589713e+01  1.300000e+01
    endloop
  endfacet
  facet normal  0.000000e+00  0.000000e+00 -1.000000e+00
    outer loop
      vertex  8.250000e+01 -2.300000e+01  1.300000e+01
      vertex  7.669722e+01 -1.589713e+01  1.300000e+01
      vertex  7.701582e+01 -1.537009e+01  1.300000e+01
    endloop
  endfacet
  facet normal  0.000000e+00  0.000000e+00 -1.000000e+00
    outer loop
      vertex  8.250000e+01 -2.300000e+01  1.300000e+01
      vertex  7.701582e+01 -1.537009e+01  1.300000e+01
      vertex  7.726859e+01 -1.480849e+01  1.300000e+01
    endloop
  endfacet
  facet normal  0.000000e+00  0.000000e+00 -1.000000e+00
    outer loop
      vertex  8.250000e+01 -2.300000e+01  1.300000e+01
      vertex  7.726859e+01 -1.480849e+01  1.300000e+01
      vertex  7.745181e+01 -1.422051e+01  1.300000e+01
    endloop
  endfacet
  facet normal  0.000000e+00  0.000000e+00 -9.999999e-01
    outer loop
      vertex  8.250000e+01 -2.300000e+01  1.300000e+01
      vertex  7.745181e+01 -1.422051e+01  1.300000e+01
      vertex  7.756281e+01 -1.361474e+01  1.300000e+01
    endloop
  endfacet
  facet normal  0.000000e+00  0.000000e+00 -1.000000e+00
    outer loop
      vertex  8.250000e+01 -2.300000e+01  1.300000e+01
      vertex  7.756281e+01 -1.361474e+01  1.300000e+01
      vertex  7.760000e+01 -1.300000e+01  1.300000e+01
    endloop
  endfacet
  facet normal  0.000000e+00  0.000000e+00 -1.000000e+00
    outer loop
      vertex  8.250000e+01 -2.300000e+01  1.300000e+01
      vertex  7.760000e+01 -1.300000e+01  1.300000e+01
      vertex  7.756281e+01 -1.238526e+01  1.300000e+01
    endloop
  endfacet
  facet normal  0.000000e+00  0.000000e+00 -1.000000e+00
    outer loop
      vertex  8.250000e+01 -2.300000e+01  1.300000e+01
      vertex  7.756281e+01 -1.238526e+01  1.300000e+01
      vertex  7.745181e+01 -1.177949e+01  1.300000e+01
    endloop
  endfacet
  facet normal  0.000000e+00  0.000000e+00 -1.000000e+00
    outer loop
      vertex  8.250000e+01 -2.300000e+01  1.300000e+01
      vertex  7.745181e+01 -1.177949e+01  1.300000e+01
      vertex  7.726859e+01 -1.119151e+01  1.300000e+01
    endloop
  endfacet
  facet normal  0.000000e+00  0.000000e+00 -1.000000e+00
    outer loop
      vertex  8.250000e+01 -2.300000e+01  1.300000e+01
      vertex  7.726859e+01 -1.119151e+01  1.300000e+01
      vertex  7.250000e+01  7.900000e+00  1.300000e+01
    endloop
  endfacet
  facet normal  0.000000e+00  0.000000e+00 -1.000000e+00
    outer loop
      vertex  8.250000e+01 -2.300000e+01  1.300000e+01
      vertex  7.250000e+01  7.900000e+00  1.300000e+01
      vertex  7.311474e+01  7.937185e+00  1.300000e+01
    endloop
  endfacet
  facet normal  0.000000e+00  0.000000e+00 -1.000000e+00
    outer loop
      vertex  8.250000e+01 -2.300000e+01  1.300000e+01
      vertex  7.311474e+01  7.937185e+00  1.300000e+01
      vertex  7.372051e+01  8.048197e+00  1.300000e+01
    endloop
  endfacet
  facet normal  0.000000e+00  0.000000e+00 -1.000000e+00
    outer loop
      vertex  8.250000e+01 -2.300000e+01  1.300000e+01
      vertex  7.372051e+01  8.048197e+00  1.300000e+01
      vertex  7.430849e+01  8.231417e+00  1.300000e+01
    endloop
  endfacet
  facet normal  0.000000e+00  0.000000e+00 -1.000000e+00
    outer loop
      vertex  8.250000e+01 -2.300000e+01  1.300000e+01
      vertex  7.430849e+01  8.231417e+00  1.300000e+01
      vertex  7.487009e+01  8.484175e+00  1.300000e+01
    endloop
  endfacet
  facet normal  0.000000e+00  0.000000e+00 -1.000000e+00
    outer loop
      vertex  8.250000e+01 -2.300000e+01  1.300000e+01
      vertex  7.487009e+01  8.484175e+00  1.300000e+01
      vertex  7.539713e+01  8.802782e+00  1.300000e+01
    endloop
  endfacet
  facet normal  0.000000e+00  0.000000e+00 -1.000000e+00
    outer loop
      vertex  8.250000e+01 -2.300000e+01  1.300000e+01
      vertex  7.539713e+01  8.802782e+00  1.300000e+01
      vertex  7.588193e+01  9.182595e+00  1.300000e+01
    endloop
  endfacet
  facet normal  0.000000e+00  0.000000e+00 -1.000000e+00
    outer loop
      vertex  8.250000e+01 -2.300000e+01  1.300000e+01
      vertex  7.588193e+01  9.182595e+00  1.300000e+01
      vertex  7.631741e+01  9.618074e+00  1.300000e+01
    endloop
  endfacet
  facet normal  0.000000e+00  0.000000e+00 -1.000000e+00
    outer loop
      vertex  8.250000e+01 -2.300000e+01  1.300000e+01
      vertex  7.631741e+01  9.618074e+00  1.300000e+01
      vertex  7.669722e+01  1.010287e+01  1.300000e+01
    endloop
  endfacet
  facet normal  0.000000e+00  0.000000e+00 -1.000000e+00
    outer loop
      vertex  8.250000e+01 -2.300000e+01  1.300000e+01
      vertex  7.669722e+01  1.010287e+01  1.300000e+01
      vertex  7.701582e+01  1.062991e+01  1.300000e+01
    endloop
  endfacet
  facet normal  0.000000e+00  0.000000e+00 -9.999999e-01
    outer loop
      vertex  8.250000e+01 -2.300000e+01  1.300000e+01
      vertex  7.701582e+01  1.062991e+01  1.300000e+01
      vertex  7.726859e+01  1.119151e+01  1.300000e+01
    endloop
  endfacet
  facet normal  0.000000e+00  0.000000e+00 -1.000000e+00
    outer loop
      vertex  8.250000e+01 -2.300000e+01  1.300000e+01
      vertex  7.726859e+01  1.119151e+01  1.300000e+01
      vertex  7.745181e+01  1.177949e+01  1.300000e+01
    endloop
  endfacet
  facet normal  0.000000e+00  0.000000e+00 -1.000000e+00
    outer loop
      vertex  8.250000e+01 -2.300000e+01  1.300000e+01
      vertex  7.745181e+01  1.177949e+01  1.300000e+01
      vertex  7.756281e+01  1.238526e+01  1.300000e+01
    endloop
  endfacet
  facet normal  0.000000e+00  0.000000e+00 -1.000000e+00
    outer loop
      vertex  8.250000e+01 -2.300000e+01  1.300000e+01
      vertex  7.756281e+01  1.238526e+01  1.300000e+01
      vertex  7.760000e+01  1.300000e+01  1.300000e+01
    endloop
  endfacet
  facet normal  0.000000e+00  0.000000e+00 -1.000000e+00
    outer loop
      vertex  8.250000e+01 -2.300000e+01  1.300000e+01
      vertex  7.760000e+01  1.300000e+01  1.300000e+01
      vertex  7.756281e+01  1.361474e+01  1.300000e+01
    endloop
  endfacet
  facet normal  0.000000e+00  0.000000e+00 -1.000000e+00
    outer loop
      vertex  6.250000e+01 -2.300000e+01  1.300000e+01
      vertex  6.743719e+01  1.361474e+01  1.300000e+01
      vertex  6.740000e+01  1.300000e+01  1.300000e+01
    endloop
  endfacet
  facet normal  0.000000e+00  -0.000000e+00 -1.000000e+00
    outer loop
      vertex  6.250000e+01 -2.300000e+01  1.300000e+01
      vertex  6.740000e+01  1.300000e+01  1.300000e+01
      vertex  6.743719e+01  1.238526e+01  1.300000e+01
    endloop
  endfacet
  facet normal  0.000000e+00  -0.000000e+00 -1.000000e+00
    outer loop
      vertex  6.250000e+01 -2.300000e+01  1.300000e+01
      vertex  6.743719e+01  1.238526e+01  1.300000e+01
      vertex  6.754819e+01  1.177949e+01  1.300000e+01
    endloop
  endfacet
  facet normal  0.000000e+00  -0.000000e+00 -1.000000e+00
    outer loop
      vertex  6.250000e+01 -2.300000e+01  1.300000e+01
      vertex  6.754819e+01  1.177949e+01  1.300000e+01
      vertex  6.773141e+01  1.119151e+01  1.300000e+01
    endloop
  endfacet
  facet normal  0.000000e+00  -0.000000e+00 -9.999999e-01
    outer loop
      vertex  6.250000e+01 -2.300000e+01  1.300000e+01
      vertex  6.773141e+01  1.119151e+01  1.300000e+01
      vertex  6.798418e+01  1.062991e+01  1.300000e+01
    endloop
  endfacet
  facet normal  0.000000e+00  -0.000000e+00 -1.000000e+00
    outer loop
      vertex  6.250000e+01 -2.300000e+01  1.300000e+01
      vertex  6.798418e+01  1.062991e+01  1.300000e+01
      vertex  6.830278e+01  1.010287e+01  1.300000e+01
    endloop
  endfacet
  facet normal  0.000000e+00  -0.000000e+00 -1.000000e+00
    outer loop
      vertex  6.250000e+01 -2.300000e+01  1.300000e+01
      vertex  6.830278e+01  1.010287e+01  1.300000e+01
      vertex  6.868259e+01  9.618074e+00  1.300000e+01
    endloop
  endfacet
  facet normal  0.000000e+00  -0.000000e+00 -1.000000e+00
    outer loop
      vertex  6.250000e+01 -2.300000e+01  1.300000e+01
      vertex  6.868259e+01  9.618074e+00  1.300000e+01
      vertex  6.911807e+01  9.182595e+00  1.300000e+01
    endloop
  endfacet
  facet normal  0.000000e+00  -0.000000e+00 -1.000000e+00
    outer loop
      vertex  6.250000e+01 -2.300000e+01  1.300000e+01
      vertex  6.911807e+01  9.182595e+00  1.300000e+01
      vertex  6.960287e+01  8.802782e+00  1.300000e+01
    endloop
  endfacet
  facet normal  0.000000e+00  -0.000000e+00 -1.000000e+00
    outer loop
      vertex  6.250000e+01 -2.300000e+01  1.300000e+01
      vertex  6.960287e+01  8.802782e+00  1.300000e+01
      vertex  7.012991e+01  8.484175e+00  1.300000e+01
    endloop
  endfacet
  facet normal  0.000000e+00  -0.000000e+00 -1.000000e+00
    outer loop
      vertex  6.250000e+01 -2.300000e+01  1.300000e+01
      vertex  7.012991e+01  8.484175e+00  1.300000e+01
      vertex  7.069151e+01  8.231417e+00  1.300000e+01
    endloop
  endfacet
  facet normal  0.000000e+00  -0.000000e+00 -1.000000e+00
    outer loop
      vertex  6.250000e+01 -2.300000e+01  1.300000e+01
      vertex  7.069151e+01  8.231417e+00  1.300000e+01
      vertex  7.127949e+01  8.048197e+00  1.300000e+01
    endloop
  endfacet
  facet normal  0.000000e+00  -0.000000e+00 -1.000000e+00
    outer loop
      vertex  6.250000e+01 -2.300000e+01  1.300000e+01
      vertex  7.127949e+01  8.048197e+00  1.300000e+01
      vertex  7.188526e+01  7.937185e+00  1.300000e+01
    endloop
  endfacet
  facet normal  0.000000e+00  -0.000000e+00 -1.000000e+00
    outer loop
      vertex  6.250000e+01 -2.300000e+01  1.300000e+01
      vertex  7.188526e+01  7.937185e+00  1.300000e+01
      vertex  7.250000e+01  7.900000e+00  1.300000e+01
    endloop
  endfacet
  facet normal  0.000000e+00  0.000000e+00 -1.000000e+00
    outer loop
      vertex  6.250000e+01 -2.300000e+01  1.300000e+01
      vertex  7.250000e+01  7.900000e+00  1.300000e+01
      vertex  6.773141e+01 -1.119151e+01  1.300000e+01
    endloop
  endfacet
  facet normal  0.000000e+00  0.000000e+00 -1.000000e+00
    outer loop
      vertex  6.250000e+01 -2.300000e+01  1.300000e+01
      vertex  6.773141e+01 -1.119151e+01  1.300000e+01
      vertex  6.754819e+01 -1.177949e+01  1.300000e+01
    endloop
  endfacet
  facet normal  0.000000e+00  0.000000e+00 -1.000000e+00
    outer loop
      vertex  6.250000e+01 -2.300000e+01  1.300000e+01
      vertex  6.754819e+01 -1.177949e+01  1.300000e+01
      vertex  6.743719e+01 -1.238526e+01  1.300000e+01
    endloop
  endfacet
  facet normal  0.000000e+00  0.000000e+00 -1.000000e+00
    outer loop
      vertex  6.250000e+01 -2.300000e+01  1.300000e+01
      vertex  6.743719e+01 -1.238526e+01  1.300000e+01
      vertex  6.740000e+01 -1.300000e+01  1.300000e+01
    endloop
  endfacet
  facet normal  0.000000e+00  -0.000000e+00 -1.000000e+00
    outer loop
      vertex  6.250000e+01 -2.300000e+01  1.300000e+01
      vertex  6.740000e+01 -1.300000e+01  1.300000e+01
      vertex  6.743719e+01 -1.361474e+01  1.300000e+01
    endloop
  endfacet
  facet normal  0.000000e+00  -0.000000e+00 -9.999999e-01
    outer loop
      vertex  6.250000e+01 -2.300000e+01  1.300000e+01
      vertex  6.743719e+01 -1.361474e+01  1.300000e+01
      vertex  6.754819e+01 -1.422051e+01  1.300000e+01
    endloop
  endfacet
  facet normal  0.000000e+00  -0.000000e+00 -1.000000e+00
    outer loop
      vertex  6.250000e+01 -2.300000e+01  1.300000e+01
      vertex  6.754819e+01 -1.422051e+01  1.300000e+01
      vertex  6.773141e+01 -1.480849e+01  1.300000e+01
    endloop
  endfacet
  facet normal  0.000000e+00  -0.000000e+00 -1.000000e+00
    outer loop
      vertex  6.250000e+01 -2.300000e+01  1.300000e+01
      vertex  6.773141e+01 -1.480849e+01  1.300000e+01
      vertex  6.798418e+01 -1.537009e+01  1.300000e+01
    endloop
  endfacet
  facet normal  0.000000e+00  -0.000000e+00 -1.000000e+00
    outer loop
      vertex  6.250000e+01 -2.300000e+01  1.300000e+01
      vertex  6.798418e+01 -1.537009e+01  1.300000e+01
      vertex  6.830278e+01 -1.589713e+01  1.300000e+01
    endloop
  endfacet
  facet normal  0.000000e+00  -0.000000e+00 -1.000000e+00
    outer loop
      vertex  6.250000e+01 -2.300000e+01  1.300000e+01
      vertex  6.830278e+01 -1.589713e+01  1.300000e+01
      vertex  6.868259e+01 -1.638193e+01  1.300000e+01
    endloop
  endfacet
  facet normal  0.000000e+00  -0.000000e+00 -1.000000e+00
    outer loop
      vertex  6.250000e+01 -2.300000e+01  1.300000e+01
      vertex  6.868259e+01 -1.638193e+01  1.300000e+01
      vertex  6.911807e+01 -1.681741e+01  1.300000e+01
    endloop
  endfacet
  facet normal  0.000000e+00  -0.000000e+00 -1.000000e+00
    outer loop
      vertex  6.250000e+01 -2.300000e+01  1.300000e+01
      vertex  6.911807e+01 -1.681741e+01  1.300000e+01
      vertex  6.960287e+01 -1.719722e+01  1.300000e+01
    endloop
  endfacet
  facet normal  0.000000e+00  -0.000000e+00 -1.000000e+00
    outer loop
      vertex  6.250000e+01 -2.300000e+01  1.300000e+01
      vertex  6.960287e+01 -1.719722e+01  1.300000e+01
      vertex  7.012991e+01 -1.751583e+01  1.300000e+01
    endloop
  endfacet
  facet normal  0.000000e+00  -0.000000e+00 -1.000000e+00
    outer loop
      vertex  6.250000e+01 -2.300000e+01  1.300000e+01
      vertex  7.012991e+01 -1.751583e+01  1.300000e+01
      vertex  7.069151e+01 -1.776858e+01  1.300000e+01
    endloop
  endfacet
  facet normal  0.000000e+00  -0.000000e+00 -1.000000e+00
    outer loop
      vertex  6.250000e+01 -2.300000e+01  1.300000e+01
      vertex  7.069151e+01 -1.776858e+01  1.300000e+01
      vertex  7.127949e+01 -1.795180e+01  1.300000e+01
    endloop
  endfacet
  facet normal  0.000000e+00  -0.000000e+00 -1.000000e+00
    outer loop
      vertex  6.250000e+01 -2.300000e+01  1.300000e+01
      vertex  7.127949e+01 -1.795180e+01  1.300000e+01
      vertex  7.188526e+01 -1.806281e+01  1.300000e+01
    endloop
  endfacet
  facet normal  0.000000e+00  -0.000000e+00 -1.000000e+00
    outer loop
      vertex  6.250000e+01 -2.300000e+01  1.300000e+01
      vertex  7.188526e+01 -1.806281e+01  1.300000e+01
      vertex  7.250000e+01 -1.810000e+01  1.300000e+01
    endloop
  endfacet
  facet normal  -0.000000e+00  0.000000e+00 -1.000000e+00
    outer loop
      vertex  6.250000e+01  2.300000e+01  1.300000e+01
      vertex  7.250000e+01  1.810000e+01  1.300000e+01
      vertex  7.188526e+01  1.806281e+01  1.300000e+01
    endloop
  endfacet
  facet normal  -0.000000e+00  0.000000e+00 -1.000000e+00
    outer loop
      vertex  6.250000e+01  2.300000e+01  1.300000e+01
      vertex  7.188526e+01  1.806281e+01  1.300000e+01
      vertex  7.127949e+01  1.795180e+01  1.300000e+01
    endloop
  endfacet
  facet normal  -0.000000e+00  0.000000e+00 -1.000000e+00
    outer loop
      vertex  6.250000e+01  2.300000e+01  1.300000e+01
      vertex  7.127949e+01  1.795180e+01  1.300000e+01
      vertex  7.069151e+01  1.776858e+01  1.300000e+01
    endloop
  endfacet
  facet normal  -0.000000e+00  0.000000e+00 -1.000000e+00
    outer loop
      vertex  6.250000e+01  2.300000e+01  1.300000e+01
      vertex  7.069151e+01  1.776858e+01  1.300000e+01
      vertex  7.012991e+01  1.751583e+01  1.300000e+01
    endloop
  endfacet
  facet normal  -0.000000e+00  0.000000e+00 -1.000000e+00
    outer loop
      vertex  6.250000e+01  2.300000e+01  1.300000e+01
      vertex  7.012991e+01  1.751583e+01  1.300000e+01
      vertex  6.960287e+01  1.719722e+01  1.300000e+01
    endloop
  endfacet
  facet normal  -0.000000e+00  0.000000e+00 -1.000000e+00
    outer loop
      vertex  6.250000e+01  2.300000e+01  1.300000e+01
      vertex  6.960287e+01  1.719722e+01  1.300000e+01
      vertex  6.911807e+01  1.681741e+01  1.300000e+01
    endloop
  endfacet
  facet normal  -0.000000e+00  0.000000e+00 -1.000000e+00
    outer loop
      vertex  6.250000e+01  2.300000e+01  1.300000e+01
      vertex  6.911807e+01  1.681741e+01  1.300000e+01
      vertex  6.868259e+01  1.638193e+01  1.300000e+01
    endloop
  endfacet
  facet normal  -0.000000e+00  0.000000e+00 -1.000000e+00
    outer loop
      vertex  6.250000e+01  2.300000e+01  1.300000e+01
      vertex  6.868259e+01  1.638193e+01  1.300000e+01
      vertex  6.830278e+01  1.589713e+01  1.300000e+01
    endloop
  endfacet
  facet normal  -0.000000e+00  0.000000e+00 -1.000000e+00
    outer loop
      vertex  6.250000e+01  2.300000e+01  1.300000e+01
      vertex  6.830278e+01  1.589713e+01  1.300000e+01
      vertex  6.798418e+01  1.537009e+01  1.300000e+01
    endloop
  endfacet
  facet normal  -0.000000e+00  0.000000e+00 -1.000000e+00
    outer loop
      vertex  6.250000e+01  2.300000e+01  1.300000e+01
      vertex  6.798418e+01  1.537009e+01  1.300000e+01
      vertex  6.773141e+01  1.480849e+01  1.300000e+01
    endloop
  endfacet
  facet normal  -0.000000e+00  0.000000e+00 -1.000000e+00
    outer loop
      vertex  6.250000e+01  2.300000e+01  1.300000e+01
      vertex  6.773141e+01  1.480849e+01  1.300000e+01
      vertex  6.754819e+01  1.422051e+01  1.300000e+01
    endloop
  endfacet
  facet normal  -0.000000e+00  0.000000e+00 -9.999999e-01
    outer loop
      vertex  6.250000e+01  2.300000e+01  1.300000e+01
      vertex  6.754819e+01  1.422051e+01  1.300000e+01
      vertex  6.743719e+01  1.361474e+01  1.300000e+01
    endloop
  endfacet
  facet normal  -0.000000e+00  0.000000e+00 -1.000000e+00
    outer loop
      vertex  6.250000e+01  2.300000e+01  1.300000e+01
      vertex  6.743719e+01  1.361474e+01  1.300000e+01
      vertex  6.250000e+01 -2.300000e+01  1.300000e+01
    endloop
  endfacet
  facet normal  0.000000e+00  0.000000e+00  1.000000e+00
    outer loop
      vertex  8.250000e+01 -2.300000e+01  2.300000e+01
      vertex  7.506050e+01  1.345149e+01  2.300000e+01
      vertex  7.510000e+01  1.300000e+01  2.300000e+01
    endloop
  endfacet
  facet normal  0.000000e+00  0.000000e+00  1.000000e+00
    outer loop
      vertex  8.250000e+01 -2.300000e+01  2.300000e+01
      vertex  7.510000e+01  1.300000e+01  2.300000e+01
      vertex  7.510000e+01 -1.300000e+01  2.300000e+01
    endloop
  endfacet
  facet normal  0.000000e+00  0.000000e+00  1.000000e+00
    outer loop
      vertex  8.250000e+01 -2.300000e+01  2.300000e+01
      vertex  7.510000e+01 -1.300000e+01  2.300000e+01
      vertex  7.506050e+01 -1.345149e+01  2.300000e+01
    endloop
  endfacet
  facet normal  0.000000e+00  0.000000e+00  1.000000e+00
    outer loop
      vertex  8.250000e+01 -2.300000e+01  2.300000e+01
      vertex  7.506050e+01 -1.345149e+01  2.300000e+01
      vertex  7.494320e+01 -1.388925e+01  2.300000e+01
    endloop
  endfacet
  facet normal  0.000000e+00  0.000000e+00  1.000000e+00
    outer loop
      vertex  8.250000e+01 -2.300000e+01  2.300000e+01
      vertex  7.494320e+01 -1.388925e+01  2.300000e+01
      vertex  7.475166e+01 -1.430000e+01  2.300000e+01
    endloop
  endfacet
  facet normal  0.000000e+00  0.000000e+00  1.000000e+00
    outer loop
      vertex  8.250000e+01 -2.300000e+01  2.300000e+01
      vertex  7.475166e+01 -1.430000e+01  2.300000e+01
      vertex  7.449171e+01 -1.467125e+01  2.300000e+01
    endloop
  endfacet
  facet normal  0.000000e+00  0.000000e+00  1.000000e+00
    outer loop
      vertex  8.250000e+01 -2.300000e+01  2.300000e+01
      vertex  7.449171e+01 -1.467125e+01  2.300000e+01
      vertex  7.417125e+01 -1.499172e+01  2.300000e+01
    endloop
  endfacet
  facet normal  0.000000e+00  0.000000e+00  9.999999e-01
    outer loop
      vertex  8.250000e+01 -2.300000e+01  2.300000e+01
      vertex  7.417125e+01 -1.499172e+01  2.300000e+01
      vertex  7.380000e+01 -1.525167e+01  2.300000e+01
    endloop
  endfacet
  facet normal  0.000000e+00  0.000000e+00  1.000000e+00
    outer loop
      vertex  8.250000e+01 -2.300000e+01  2.300000e+01
      vertex  7.380000e+01 -1.525167e+01  2.300000e+01
      vertex  6.250000e+01 -2.300000e+01  2.300000e+01
    endloop
  endfacet
  facet normal  -0.000000e+00  0.000000e+00  1.000000e+00
    outer loop
      vertex  8.250000e+01  2.300000e+01  2.300000e+01
      vertex  6.250000e+01  2.300000e+01  2.300000e+01
      vertex  7.380000e+01  1.525167e+01  2.300000e+01
    endloop
  endfacet
  facet normal  -0.000000e+00  0.000000e+00  9.999999e-01
    outer loop
      vertex  8.250000e+01  2.300000e+01  2.300000e+01
      vertex  7.380000e+01  1.525167e+01  2.300000e+01
      vertex  7.417125e+01  1.499172e+01  2.300000e+01
    endloop
  endfacet
  facet normal  -0.000000e+00  0.000000e+00  1.000000e+00
    outer loop
      vertex  8.250000e+01  2.300000e+01  2.300000e+01
      vertex  7.417125e+01  1.499172e+01  2.300000e+01
      vertex  7.449171e+01  1.467125e+01  2.300000e+01
    endloop
  endfacet
  facet normal  -0.000000e+00  0.000000e+00  1.000000e+00
    outer loop
      vertex  8.250000e+01  2.300000e+01  2.300000e+01
      vertex  7.449171e+01  1.467125e+01  2.300000e+01
      vertex  7.475166e+01  1.430000e+01  2.300000e+01
    endloop
  endfacet
  facet normal  -0.000000e+00  0.000000e+00  1.000000e+00
    outer loop
      vertex  8.250000e+01  2.300000e+01  2.300000e+01
      vertex  7.475166e+01  1.430000e+01  2.300000e+01
      vertex  7.494320e+01  1.388925e+01  2.300000e+01
    endloop
  endfacet
  facet normal  -0.000000e+00  0.000000e+00  1.000000e+00
    outer loop
      vertex  8.250000e+01  2.300000e+01  2.300000e+01
      vertex  7.494320e+01  1.388925e+01  2.300000e+01
      vertex  7.506050e+01  1.345149e+01  2.300000e+01
    endloop
  endfacet
  facet normal  -0.000000e+00  0.000000e+00  9.999999e-01
    outer loop
      vertex  8.250000e+01  2.300000e+01  2.300000e+01
      vertex  7.506050e+01  1.345149e+01  2.300000e+01
      vertex  8.250000e+01 -2.300000e+01  2.300000e+01
    endloop
  endfacet
  facet normal  0.000000e+00  0.000000e+00  1.000000e+00
    outer loop
      vertex  6.250000e+01 -2.300000e+01  2.300000e+01
      vertex  7.380000e+01 -1.525167e+01  2.300000e+01
      vertex  7.338925e+01 -1.544320e+01  2.300000e+01
    endloop
  endfacet
  facet normal  0.000000e+00  0.000000e+00  1.000000e+00
    outer loop
      vertex  6.250000e+01 -2.300000e+01  2.300000e+01
      vertex  7.338925e+01 -1.544320e+01  2.300000e+01
      vertex  7.295148e+01 -1.556050e+01  2.300000e+01
    endloop
  endfacet
  facet normal  0.000000e+00  0.000000e+00  1.000000e+00
    outer loop
      vertex  6.250000e+01 -2.300000e+01  2.300000e+01
      vertex  7.295148e+01 -1.556050e+01  2.300000e+01
      vertex  7.250000e+01 -1.560000e+01  2.300000e+01
    endloop
  endfacet
  facet normal  0.000000e+00  0.000000e+00  1.000000e+00
    outer loop
      vertex  6.250000e+01 -2.300000e+01  2.300000e+01
      vertex  7.250000e+01 -1.560000e+01  2.300000e+01
      vertex  7.204852e+01 -1.556050e+01  2.300000e+01
    endloop
  endfacet
  facet normal  0.000000e+00  0.000000e+00  1.000000e+00
    outer loop
      vertex  6.250000e+01 -2.300000e+01  2.300000e+01
      vertex  7.204852e+01 -1.556050e+01  2.300000e+01
      vertex  7.161075e+01 -1.544320e+01  2.300000e+01
    endloop
  endfacet
  facet normal  0.000000e+00  0.000000e+00  1.000000e+00
    outer loop
      vertex  6.250000e+01 -2.300000e+01  2.300000e+01
      vertex  7.161075e+01 -1.544320e+01  2.300000e+01
      vertex  7.120000e+01 -1.525167e+01  2.300000e+01
    endloop
  endfacet
  facet normal  0.000000e+00  0.000000e+00  9.999999e-01
    outer loop
      vertex  6.250000e+01 -2.300000e+01  2.300000e+01
      vertex  7.120000e+01 -1.525167e+01  2.300000e+01
      vertex  7.082875e+01 -1.499172e+01  2.300000e+01
    endloop
  endfacet
  facet normal  0.000000e+00  0.000000e+00  1.000000e+00
    outer loop
      vertex  6.250000e+01 -2.300000e+01  2.300000e+01
      vertex  7.082875e+01 -1.499172e+01  2.300000e+01
      vertex  7.050829e+01 -1.467125e+01  2.300000e+01
    endloop
  endfacet
  facet normal  0.000000e+00  0.000000e+00  1.000000e+00
    outer loop
      vertex  6.250000e+01 -2.300000e+01  2.300000e+01
      vertex  7.050829e+01 -1.467125e+01  2.300000e+01
      vertex  7.024834e+01 -1.430000e+01  2.300000e+01
    endloop
  endfacet
  facet normal  0.000000e+00  0.000000e+00  1.000000e+00
    outer loop
      vertex  6.250000e+01 -2.300000e+01  2.300000e+01
      vertex  7.024834e+01 -1.430000e+01  2.300000e+01
      vertex  7.005680e+01 -1.388925e+01  2.300000e+01
    endloop
  endfacet
  facet normal  0.000000e+00  0.000000e+00  1.000000e+00
    outer loop
      vertex  6.250000e+01 -2.300000e+01  2.300000e+01
      vertex  7.005680e+01 -1.388925e+01  2.300000e+01
      vertex  6.993950e+01 -1.345149e+01  2.300000e+01
    endloop
  endfacet
  facet normal  0.000000e+00  0.000000e+00  1.000000e+00
    outer loop
      vertex  6.250000e+01 -2.300000e+01  2.300000e+01
      vertex  6.993950e+01 -1.345149e+01  2.300000e+01
      vertex  6.990000e+01 -1.300000e+01  2.300000e+01
    endloop
  endfacet
  facet normal  0.000000e+00  -0.000000e+00  1.000000e+00
    outer loop
      vertex  6.250000e+01 -2.300000e+01  2.300000e+01
      vertex  6.990000e+01 -1.300000e+01  2.300000e+01
      vertex  6.990000e+01  1.300000e+01  2.300000e+01
    endloop
  endfacet
  facet normal  0.000000e+00  0.000000e+00  1.000000e+00
    outer loop
      vertex  6.250000e+01 -2.300000e+01  2.300000e+01
      vertex  6.990000e+01  1.300000e+01  2.300000e+01
      vertex  6.250000e+01  2.300000e+01  2.300000e+01
    endloop
  endfacet
  facet normal  0.000000e+00  -0.000000e+00  1.000000e+00
    outer loop
      vertex  6.250000e+01  2.300000e+01  2.300000e+01
      vertex  6.990000e+01  1.300000e+01  2.300000e+01
      vertex  6.993950e+01  1.345149e+01  2.300000e+01
    endloop
  endfacet
  facet normal  0.000000e+00  -0.000000e+00  1.000000e+00
    outer loop
      vertex  6.250000e+01  2.300000e+01  2.300000e+01
      vertex  6.993950e+01  1.345149e+01  2.300000e+01
      vertex  7.005680e+01  1.388925e+01  2.300000e+01
    endloop
  endfacet
  facet normal  0.000000e+00  -0.000000e+00  1.000000e+00
    outer loop
      vertex  6.250000e+01  2.300000e+01  2.300000e+01
      vertex  7.005680e+01  1.388925e+01  2.300000e+01
      vertex  7.024834e+01  1.430000e+01  2.300000e+01
    endloop
  endfacet
  facet normal  0.000000e+00  -0.000000e+00  1.000000e+00
    outer loop
      vertex  6.250000e+01  2.300000e+01  2.300000e+01
      vertex  7.024834e+01  1.430000e+01  2.300000e+01
      vertex  7.050829e+01  1.467125e+01  2.300000e+01
    endloop
  endfacet
  facet normal  0.000000e+00  -0.000000e+00  1.000000e+00
    outer loop
      vertex  6.250000e+01  2.300000e+01  2.300000e+01
      vertex  7.050829e+01  1.467125e+01  2.300000e+01
      vertex  7.082875e+01  1.499172e+01  2.300000e+01
    endloop
  endfacet
  facet normal  0.000000e+00  -0.000000e+00  9.999999e-01
    outer loop
      vertex  6.250000e+01  2.300000e+01  2.300000e+01
      vertex  7.082875e+01  1.499172e+01  2.300000e+01
      vertex  7.120000e+01  1.525167e+01  2.300000e+01
    endloop
  endfacet
  facet normal  0.000000e+00  -0.000000e+00  1.000000e+00
    outer loop
      vertex  6.250000e+01  2.300000e+01  2.300000e+01
      vertex  7.120000e+01  1.525167e+01  2.300000e+01
      vertex  7.161075e+01  1.544320e+01  2.300000e+01
    endloop
  endfacet
  facet normal  0.000000e+00  -0.000000e+00  1.000000e+00
    outer loop
      vertex  6.250000e+01  2.300000e+01  2.300000e+01
      vertex  7.161075e+01  1.544320e+01  2.300000e+01
      vertex  7.204852e+01  1.556050e+01  2.300000e+01
    endloop
  endfacet
  facet normal  0.000000e+00  -0.000000e+00  1.000000e+00
    outer loop
      vertex  6.250000e+01  2.300000e+01  2.300000e+01
      vertex  7.204852e+01  1.556050e+01  2.300000e+01
      vertex  7.250000e+01  1.560000e+01  2.300000e+01
    endloop
  endfacet
  facet normal  -0.000000e+00  -0.000000e+00  1.000000e+00
    outer loop
      vertex  6.250000e+01  2.300000e+01  2.300000e+01
      vertex  7.250000e+01  1.560000e+01  2.300000e+01
      vertex  7.295148e+01  1.556050e+01  2.300000e+01
    endloop
  endfacet
  facet normal  -0.000000e+00  -0.000000e+00  1.000000e+00
    outer loop
      vertex  6.250000e+01  2.300000e+01  2.300000e+01
      vertex  7.295148e+01  1.556050e+01  2.300000e+01
      vertex  7.338925e+01  1.544320e+01  2.300000e+01
    endloop
  endfacet
  facet normal  -0.000000e+00  -0.000000e+00  1.000000e+00
    outer loop
      vertex  6.250000e+01  2.300000e+01  2.300000e+01
      vertex  7.338925e+01  1.544320e+01  2.300000e+01
      vertex  7.380000e+01  1.525167e+01  2.300000e+01
    endloop
  endfacet
  facet normal  0.000000e+00  0.000000e+00  1.000000e+00
    outer loop
      vertex  7.510000e+01 -1.300000e+01  2.300000e+01
      vertex  7.510000e+01  1.300000e+01  2.300000e+01
      vertex  7.506050e+01 -1.254851e+01  2.300000e+01
    endloop
  endfacet
  facet normal  0.000000e+00  0.000000e+00  1.000000e+00
    outer loop
      vertex  7.506050e+01 -1.254851e+01  2.300000e+01
      vertex  7.510000e+01  1.300000e+01  2.300000e+01
      vertex  7.506050e+01  1.254851e+01  2.300000e+01
    endloop
  endfacet
  facet normal  0.000000e+00  0.000000e+00  1.000000e+00
    outer loop
      vertex  7.506050e+01 -1.254851e+01  2.300000e+01
      vertex  7.506050e+01  1.254851e+01  2.300000e+01
      vertex  7.494320e+01 -1.211075e+01  2.300000e+01
    endloop
  endfacet
  facet normal  0.000000e+00  0.000000e+00  1.000000e+00
    outer loop
      vertex  7.494320e+01 -1.211075e+01  2.300000e+01
      vertex  7.506050e+01  1.254851e+01  2.300000e+01
      vertex  7.494320e+01  1.211075e+01  2.300000e+01
    endloop
  endfacet
  facet normal  0.000000e+00  0.000000e+00  1.000000e+00
    outer loop
      vertex  7.494320e+01 -1.211075e+01  2.300000e+01
      vertex  7.494320e+01  1.211075e+01  2.300000e+01
      vertex  7.475166e+01 -1.170000e+01  2.300000e+01
    endloop
  endfacet
  facet normal  0.000000e+00  0.000000e+00  1.000000e+00
    outer loop
      vertex  7.475166e+01 -1.170000e+01  2.300000e+01
      vertex  7.494320e+01  1.211075e+01  2.300000e+01
      vertex  7.475166e+01  1.170000e+01  2.300000e+01
    endloop
  endfacet
  facet normal  0.000000e+00  0.000000e+00  1.000000e+00
    outer loop
      vertex  7.475166e+01 -1.170000e+01  2.300000e+01
      vertex  7.475166e+01  1.170000e+01  2.300000e+01
      vertex  7.449171e+01 -1.132875e+01  2.300000e+01
    endloop
  endfacet
  facet normal  0.000000e+00  0.000000e+00  1.000000e+00
    outer loop
      vertex  7.449171e+01 -1.132875e+01  2.300000e+01
      vertex  7.475166e+01  1.170000e+01  2.300000e+01
      vertex  7.449171e+01  1.132875e+01  2.300000e+01
    endloop
  endfacet
  facet normal  0.000000e+00  0.000000e+00  1.000000e+00
    outer loop
      vertex  7.449171e+01 -1.132875e+01  2.300000e+01
      vertex  7.449171e+01  1.132875e+01  2.300000e+01
      vertex  7.417125e+01 -1.100828e+01  2.300000e+01
    endloop
  endfacet
  facet normal  0.000000e+00  0.000000e+00  1.000000e+00
    outer loop
      vertex  7.417125e+01 -1.100828e+01  2.300000e+01
      vertex  7.449171e+01  1.132875e+01  2.300000e+01
      vertex  7.417125e+01  1.100828e+01  2.300000e+01
    endloop
  endfacet
  facet normal  0.000000e+00  0.000000e+00  1.000000e+00
    outer loop
      vertex  7.417125e+01 -1.100828e+01  2.300000e+01
      vertex  7.417125e+01  1.100828e+01  2.300000e+01
      vertex  7.380000e+01 -1.074833e+01  2.300000e+01
    endloop
  endfacet
  facet normal  0.000000e+00  0.000000e+00  1.000000e+00
    outer loop
      vertex  7.380000e+01 -1.074833e+01  2.300000e+01
      vertex  7.417125e+01  1.100828e+01  2.300000e+01
      vertex  7.380000e+01  1.074833e+01  2.300000e+01
    endloop
  endfacet
  facet normal  0.000000e+00  0.000000e+00  1.000000e+00
    outer loop
      vertex  7.380000e+01 -1.074833e+01  2.300000e+01
      vertex  7.380000e+01  1.074833e+01  2.300000e+01
      vertex  7.338925e+01 -1.055680e+01  2.300000e+01
    endloop
  endfacet
  facet normal  0.000000e+00  0.000000e+00  1.000000e+00
    outer loop
      vertex  7.338925e+01 -1.055680e+01  2.300000e+01
      vertex  7.380000e+01  1.074833e+01  2.300000e+01
      vertex  7.338925e+01  1.055680e+01  2.300000e+01
    endloop
  endfacet
  facet normal  0.000000e+00  0.000000e+00  1.000000e+00
    outer loop
      vertex  7.338925e+01 -1.055680e+01  2.300000e+01
      vertex  7.338925e+01  1.055680e+01  2.300000e+01
      vertex  7.295148e+01 -1.043950e+01  2.300000e+01
    endloop
  endfacet
  facet normal  0.000000e+00  0.000000e+00  1.000000e+00
    outer loop
      vertex  7.295148e+01 -1.043950e+01  2.300000e+01
      vertex  7.338925e+01  1.055680e+01  2.300000e+01
      vertex  7.295148e+01  1.043950e+01  2.300000e+01
    endloop
  endfacet
  facet normal  0.000000e+00  0.000000e+00  1.000000e+00
    outer loop
      vertex  7.295148e+01 -1.043950e+01  2.300000e+01
      vertex  7.295148e+01  1.043950e+01  2.300000e+01
      vertex  7.250000e+01 -1.040000e+01  2.300000e+01
    endloop
  endfacet
  facet normal  0.000000e+00  0.000000e+00  9.999999e-01
    outer loop
      vertex  7.250000e+01 -1.040000e+01  2.300000e+01
      vertex  7.295148e+01  1.043950e+01  2.300000e+01
      vertex  7.250000e+01  1.040000e+01  2.300000e+01
    endloop
  endfacet
  facet normal  0.000000e+00  0.000000e+00  9.999999e-01
    outer loop
      vertex  7.250000e+01 -1.040000e+01  2.300000e+01
      vertex  7.250000e+01  1.040000e+01  2.300000e+01
      vertex  7.204852e+01 -1.043950e+01  2.300000e+01
    endloop
  endfacet
  facet normal  0.000000e+00  0.000000e+00  1.000000e+00
    outer loop
      vertex  7.204852e+01 -1.043950e+01  2.300000e+01
      vertex  7.250000e+01  1.040000e+01  2.300000e+01
      vertex  7.204852e+01  1.043950e+01  2.300000e+01
    endloop
  endfacet
  facet normal  0.000000e+00  0.000000e+00  1.000000e+00
    outer loop
      vertex  7.204852e+01 -1.043950e+01  2.300000e+01
      vertex  7.204852e+01  1.043950e+01  2.300000e+01
      vertex  7.161075e+01 -1.055680e+01  2.300000e+01
    endloop
  endfacet
  facet normal  0.000000e+00  0.000000e+00  1.000000e+00
    outer loop
      vertex  7.161075e+01 -1.055680e+01  2.300000e+01
      vertex  7.204852e+01  1.043950e+01  2.300000e+01
      vertex  7.161075e+01  1.055680e+01  2.300000e+01
    endloop
  endfacet
  facet normal  0.000000e+00  0.000000e+00  1.000000e+00
    outer loop
      vertex  7.161075e+01 -1.055680e+01  2.300000e+01
      vertex  7.161075e+01  1.055680e+01  2.300000e+01
      vertex  7.120000e+01 -1.074833e+01  2.300000e+01
    endloop
  endfacet
  facet normal  0.000000e+00  0.000000e+00  1.000000e+00
    outer loop
      vertex  7.120000e+01 -1.074833e+01  2.300000e+01
      vertex  7.161075e+01  1.055680e+01  2.300000e+01
      vertex  7.120000e+01  1.074833e+01  2.300000e+01
    endloop
  endfacet
  facet normal  0.000000e+00  0.000000e+00  1.000000e+00
    outer loop
      vertex  7.120000e+01 -1.074833e+01  2.300000e+01
      vertex  7.120000e+01  1.074833e+01  2.300000e+01
      vertex  7.082875e+01 -1.100828e+01  2.300000e+01
    endloop
  endfacet
  facet normal  0.000000e+00  0.000000e+00  1.000000e+00
    outer loop
      vertex  7.082875e+01 -1.100828e+01  2.300000e+01
      vertex  7.120000e+01  1.074833e+01  2.300000e+01
      vertex  7.082875e+01  1.100828e+01  2.300000e+01
    endloop
  endfacet
  facet normal  0.000000e+00  0.000000e+00  1.000000e+00
    outer loop
      vertex  7.082875e+01 -1.100828e+01  2.300000e+01
      vertex  7.082875e+01  1.100828e+01  2.300000e+01
      vertex  7.050829e+01 -1.132875e+01  2.300000e+01
    endloop
  endfacet
  facet normal  0.000000e+00  0.000000e+00  1.000000e+00
    outer loop
      vertex  7.050829e+01 -1.132875e+01  2.300000e+01
      vertex  7.082875e+01  1.100828e+01  2.300000e+01
      vertex  7.050829e+01  1.132875e+01  2.300000e+01
    endloop
  endfacet
  facet normal  0.000000e+00  0.000000e+00  1.000000e+00
    outer loop
      vertex  7.050829e+01 -1.132875e+01  2.300000e+01
      vertex  7.050829e+01  1.132875e+01  2.300000e+01
      vertex  7.024834e+01 -1.170000e+01  2.300000e+01
    endloop
  endfacet
  facet normal  0.000000e+00  0.000000e+00  1.000000e+00
    outer loop
      vertex  7.024834e+01 -1.170000e+01  2.300000e+01
      vertex  7.050829e+01  1.132875e+01  2.300000e+01
      vertex  7.024834e+01  1.170000e+01  2.300000e+01
    endloop
  endfacet
  facet normal  0.000000e+00  0.000000e+00  1.000000e+00
    outer loop
      vertex  7.024834e+01 -1.170000e+01  2.300000e+01
      vertex  7.024834e+01  1.170000e+01  2.300000e+01
      vertex  7.005680e+01 -1.211075e+01  2.300000e+01
    endloop
  endfacet
  facet normal  0.000000e+00  0.000000e+00  1.000000e+00
    outer loop
      vertex  7.005680e+01 -1.211075e+01  2.300000e+01
      vertex  7.024834e+01  1.170000e+01  2.300000e+01
      vertex  7.005680e+01  1.211075e+01  2.300000e+01
    endloop
  endfacet
  facet normal  0.000000e+00  0.000000e+00  1.000000e+00
    outer loop
      vertex  7.005680e+01 -1.211075e+01  2.300000e+01
      vertex  7.005680e+01  1.211075e+01  2.300000e+01
      vertex  6.993950e+01 -1.254851e+01  2.300000e+01
    endloop
  endfacet
  facet normal  0.000000e+00  0.000000e+00  1.000000e+00
    outer loop
      vertex  6.993950e+01 -1.254851e+01  2.300000e+01
      vertex  7.005680e+01  1.211075e+01  2.300000e+01
      vertex  6.993950e+01  1.254851e+01  2.300000e+01
    endloop
  endfacet
  facet normal  0.000000e+00  0.000000e+00  1.000000e+00
    outer loop
      vertex  6.993950e+01 -1.254851e+01  2.300000e+01
      vertex  6.993950e+01  1.254851e+01  2.300000e+01
      vertex  6.990000e+01 -1.300000e+01  2.300000e+01
    endloop
  endfacet
  facet normal  0.000000e+00  0.000000e+00  1.000000e+00
    outer loop
      vertex  6.990000e+01 -1.300000e+01  2.300000e+01
      vertex  6.993950e+01  1.254851e+01  2.300000e+01
      vertex  6.990000e+01  1.300000e+01  2.300000e+01
    endloop
  endfacet
  facet normal  7.064608e-01  4.273404e-02 -7.064608e-01
    outer loop
      vertex  6.990000e+01  1.300000e+01  1.550000e+01
      vertex  6.743719e+01  1.238526e+01  1.300000e+01
      vertex  6.740000e+01  1.300000e+01  1.300000e+01
    endloop
  endfacet
  facet normal  7.034283e-01  6.153811e-02 -7.080973e-01
    outer loop
      vertex  6.990000e+01  1.300000e+01  1.550000e+01
      vertex  6.993950e+01  1.254851e+01  1.550000e+01
      vertex  6.743719e+01  1.238526e+01  1.300000e+01
    endloop
  endfacet
  facet normal -7.034283e-01  6.153811e-02 -7.080973e-01
    outer loop
      vertex  7.510000e+01  1.300000e+01  1.550000e+01
      vertex  7.756281e+01  1.238526e+01  1.300000e+01
      vertex  7.506050e+01  1.254851e+01  1.550000e+01
    endloop
  endfacet
  facet normal -7.064608e-01  4.273404e-02 -7.064608e-01
    outer loop
      vertex  7.510000e+01  1.300000e+01  1.550000e+01
      vertex  7.760000e+01  1.300000e+01  1.300000e+01
      vertex  7.756281e+01  1.238526e+01  1.300000e+01
    endloop
  endfacet
  facet normal  6.968127e-01  1.276909e-01 -7.057953e-01
    outer loop
      vertex  6.993950e+01  1.254851e+01  1.550000e+01
      vertex  6.754819e+01  1.177949e+01  1.300000e+01
      vertex  6.743719e+01  1.238526e+01  1.300000e+01
    endloop
  endfacet
  facet normal  6.759587e-01  2.106365e-01 -7.061955e-01
    outer loop
      vertex  7.005680e+01  1.211075e+01  1.550000e+01
      vertex  6.773141e+01  1.119151e+01  1.300000e+01
      vertex  6.754819e+01  1.177949e+01  1.300000e+01
    endloop
  endfacet
  facet normal  6.818023e-01  1.826925e-01 -7.083566e-01
    outer loop
      vertex  7.005680e+01  1.211075e+01  1.550000e+01
      vertex  6.754819e+01  1.177949e+01  1.300000e+01
      vertex  6.993950e+01  1.254851e+01  1.550000e+01
    endloop
  endfacet
  facet normal  6.061938e-01  3.664522e-01 -7.058625e-01
    outer loop
      vertex  7.024834e+01  1.170000e+01  1.550000e+01
      vertex  6.830278e+01  1.010287e+01  1.300000e+01
      vertex  6.798418e+01  1.062991e+01  1.300000e+01
    endloop
  endfacet
  facet normal  6.403093e-01  2.985830e-01 -7.077093e-01
    outer loop
      vertex  7.024834e+01  1.170000e+01  1.550000e+01
      vertex  6.798418e+01  1.062991e+01  1.300000e+01
      vertex  7.005680e+01  1.211075e+01  1.550000e+01
    endloop
  endfacet
  facet normal  6.450945e-01  2.903388e-01 -7.067930e-01
    outer loop
      vertex  7.005680e+01  1.211075e+01  1.550000e+01
      vertex  6.798418e+01  1.062991e+01  1.300000e+01
      vertex  6.773141e+01  1.119151e+01  1.300000e+01
    endloop
  endfacet
  facet normal  5.574955e-01  4.367711e-01 -7.059957e-01
    outer loop
      vertex  7.050829e+01  1.132875e+01  1.550000e+01
      vertex  6.868259e+01  9.618074e+00  1.300000e+01
      vertex  6.830278e+01  1.010287e+01  1.300000e+01
    endloop
  endfacet
  facet normal  5.780969e-01  4.047856e-01 -7.084862e-01
    outer loop
      vertex  7.050829e+01  1.132875e+01  1.550000e+01
      vertex  6.830278e+01  1.010287e+01  1.300000e+01
      vertex  7.024834e+01  1.170000e+01  1.550000e+01
    endloop
  endfacet
  facet normal  4.367710e-01  5.574957e-01 -7.059954e-01
    outer loop
      vertex  7.082875e+01  1.100828e+01  1.550000e+01
      vertex  6.960287e+01  8.802782e+00  1.300000e+01
      vertex  6.911807e+01  9.182595e+00  1.300000e+01
    endloop
  endfacet
  facet normal  4.999433e-01  4.999389e-01 -7.071901e-01
    outer loop
      vertex  7.082875e+01  1.100828e+01  1.550000e+01
      vertex  6.911807e+01  9.182595e+00  1.300000e+01
      vertex  7.050829e+01  1.132875e+01  1.550000e+01
    endloop
  endfacet
  facet normal  4.999415e-01  4.999404e-01 -7.071904e-01
    outer loop
      vertex  7.050829e+01  1.132875e+01  1.550000e+01
      vertex  6.911807e+01  9.182595e+00  1.300000e+01
      vertex  6.868259e+01  9.618074e+00  1.300000e+01
    endloop
  endfacet
  facet normal  3.664533e-01  6.061938e-01 -7.058619e-01
    outer loop
      vertex  7.120000e+01  1.074833e+01  1.550000e+01
      vertex  7.012991e+01  8.484175e+00  1.300000e+01
      vertex  6.960287e+01  8.802782e+00  1.300000e+01
    endloop
  endfacet
  facet normal  4.047885e-01  5.780954e-01 -7.084857e-01
    outer loop
      vertex  7.120000e+01  1.074833e+01  1.550000e+01
      vertex  6.960287e+01  8.802782e+00  1.300000e+01
      vertex  7.082875e+01  1.100828e+01  1.550000e+01
    endloop
  endfacet
  facet normal  2.106369e-01  6.759591e-01 -7.061952e-01
    outer loop
      vertex  7.161075e+01  1.055680e+01  1.550000e+01
      vertex  7.127949e+01  8.048197e+00  1.300000e+01
      vertex  7.069151e+01  8.231417e+00  1.300000e+01
    endloop
  endfacet
  facet normal  2.990736e-01  6.413704e-01 -7.065400e-01
    outer loop
      vertex  7.161075e+01  1.055680e+01  1.550000e+01
      vertex  7.069151e+01  8.231417e+00  1.300000e+01
      vertex  7.120000e+01  1.074833e+01  1.550000e+01
    endloop
  endfacet
  facet normal  2.899840e-01  6.443115e-01 -7.076524e-01
    outer loop
      vertex  7.120000e+01  1.074833e+01  1.550000e+01
      vertex  7.069151e+01  8.231417e+00  1.300000e+01
      vertex  7.012991e+01  8.484175e+00  1.300000e+01
    endloop
  endfacet
  facet normal  1.276952e-01  6.968117e-01 -7.057956e-01
    outer loop
      vertex  7.204852e+01  1.043950e+01  1.550000e+01
      vertex  7.188526e+01  7.937185e+00  1.300000e+01
      vertex  7.127949e+01  8.048197e+00  1.300000e+01
    endloop
  endfacet
  facet normal  1.826883e-01  6.818035e-01 -7.083564e-01
    outer loop
      vertex  7.204852e+01  1.043950e+01  1.550000e+01
      vertex  7.127949e+01  8.048197e+00  1.300000e+01
      vertex  7.161075e+01  1.055680e+01  1.550000e+01
    endloop
  endfacet
  facet normal  4.273288e-02  7.064609e-01 -7.064608e-01
    outer loop
      vertex  7.250000e+01  1.040000e+01  1.550000e+01
      vertex  7.250000e+01  7.900000e+00  1.300000e+01
      vertex  7.188526e+01  7.937185e+00  1.300000e+01
    endloop
  endfacet
  facet normal  6.154292e-02  7.034274e-01 -7.080976e-01
    outer loop
      vertex  7.250000e+01  1.040000e+01  1.550000e+01
      vertex  7.188526e+01  7.937185e+00  1.300000e+01
      vertex  7.204852e+01  1.043950e+01  1.550000e+01
    endloop
  endfacet
  facet normal -1.276952e-01  6.968117e-01 -7.057956e-01
    outer loop
      vertex  7.295148e+01  1.043950e+01  1.550000e+01
      vertex  7.372051e+01  8.048197e+00  1.300000e+01
      vertex  7.311474e+01  7.937185e+00  1.300000e+01
    endloop
  endfacet
  facet normal -6.154292e-02  7.034274e-01 -7.080976e-01
    outer loop
      vertex  7.295148e+01  1.043950e+01  1.550000e+01
      vertex  7.311474e+01  7.937185e+00  1.300000e+01
      vertex  7.250000e+01  1.040000e+01  1.550000e+01
    endloop
  endfacet
  facet normal -2.106369e-01  6.759589e-01 -7.061951e-01
    outer loop
      vertex  7.338925e+01  1.055680e+01  1.550000e+01
      vertex  7.430849e+01  8.231417e+00  1.300000e+01
      vertex  7.372051e+01  8.048197e+00  1.300000e+01
    endloop
  endfacet
  facet normal -1.826883e-01  6.818035e-01 -7.083564e-01
    outer loop
      vertex  7.338925e+01  1.055680e+01  1.550000e+01
      vertex  7.372051e+01  8.048197e+00  1.300000e+01
      vertex  7.295148e+01  1.043950e+01  1.550000e+01
    endloop
  endfacet
  facet normal -3.664532e-01  6.061938e-01 -7.058619e-01
    outer loop
      vertex  7.380000e+01  1.074833e+01  1.550000e+01
      vertex  7.539713e+01  8.802782e+00  1.300000e+01
      vertex  7.487009e+01  8.484175e+00  1.300000e+01
    endloop
  endfacet
  facet normal -2.985797e-01  6.403112e-01 -7.077087e-01
    outer loop
      vertex  7.380000e+01  1.074833e+01  1.550000e+01
      vertex  7.487009e+01  8.484175e+00  1.300000e+01
      vertex  7.338925e+01  1.055680e+01  1.550000e+01
    endloop
  endfacet
  facet normal -2.903369e-01  6.450957e-01 -7.067928e-01
    outer loop
      vertex  7.338925e+01  1.055680e+01  1.550000e+01
      vertex  7.487009e+01  8.484175e+00  1.300000e+01
      vertex  7.430849e+01  8.231417e+00  1.300000e+01
    endloop
  endfacet
  facet normal -4.367710e-01  5.574957e-01 -7.059954e-01
    outer loop
      vertex  7.417125e+01  1.100828e+01  1.550000e+01
      vertex  7.588193e+01  9.182595e+00  1.300000e+01
      vertex  7.539713e+01  8.802782e+00  1.300000e+01
    endloop
  endfacet
  facet normal -4.047885e-01  5.780954e-01 -7.084857e-01
    outer loop
      vertex  7.417125e+01  1.100828e+01  1.550000e+01
      vertex  7.539713e+01  8.802782e+00  1.300000e+01
      vertex  7.380000e+01  1.074833e+01  1.550000e+01
    endloop
  endfacet
  facet normal -5.574955e-01  4.367711e-01 -7.059957e-01
    outer loop
      vertex  7.449171e+01  1.132875e+01  1.550000e+01
      vertex  7.669722e+01  1.010287e+01  1.300000e+01
      vertex  7.631741e+01  9.618074e+00  1.300000e+01
    endloop
  endfacet
  facet normal -4.999431e-01  4.999387e-01 -7.071904e-01
    outer loop
      vertex  7.449171e+01  1.132875e+01  1.550000e+01
      vertex  7.631741e+01  9.618074e+00  1.300000e+01
      vertex  7.417125e+01  1.100828e+01  1.550000e+01
    endloop
  endfacet
  facet normal -4.999416e-01  4.999406e-01 -7.071902e-01
    outer loop
      vertex  7.417125e+01  1.100828e+01  1.550000e+01
      vertex  7.631741e+01  9.618074e+00  1.300000e+01
      vertex  7.588193e+01  9.182595e+00  1.300000e+01
    endloop
  endfacet
  facet normal -6.061938e-01  3.664522e-01 -7.058625e-01
    outer loop
      vertex  7.475166e+01  1.170000e+01  1.550000e+01
      vertex  7.701582e+01  1.062991e+01  1.300000e+01
      vertex  7.669722e+01  1.010287e+01  1.300000e+01
    endloop
  endfacet
  facet normal -5.780969e-01  4.047856e-01 -7.084862e-01
    outer loop
      vertex  7.475166e+01  1.170000e+01  1.550000e+01
      vertex  7.669722e+01  1.010287e+01  1.300000e+01
      vertex  7.449171e+01  1.132875e+01  1.550000e+01
    endloop
  endfacet
  facet normal -6.759587e-01  2.106365e-01 -7.061955e-01
    outer loop
      vertex  7.494320e+01  1.211075e+01  1.550000e+01
      vertex  7.745181e+01  1.177949e+01  1.300000e+01
      vertex  7.726859e+01  1.119151e+01  1.300000e+01
    endloop
  endfacet
  facet normal -6.413687e-01  2.990770e-01 -7.065403e-01
    outer loop
      vertex  7.494320e+01  1.211075e+01  1.550000e+01
      vertex  7.726859e+01  1.119151e+01  1.300000e+01
      vertex  7.475166e+01  1.170000e+01  1.550000e+01
    endloop
  endfacet
  facet normal -6.443102e-01  2.899858e-01 -7.076529e-01
    outer loop
      vertex  7.475166e+01  1.170000e+01  1.550000e+01
      vertex  7.726859e+01  1.119151e+01  1.300000e+01
      vertex  7.701582e+01  1.062991e+01  1.300000e+01
    endloop
  endfacet
  facet normal -6.968127e-01  1.276909e-01 -7.057953e-01
    outer loop
      vertex  7.506050e+01  1.254851e+01  1.550000e+01
      vertex  7.756281e+01  1.238526e+01  1.300000e+01
      vertex  7.745181e+01  1.177949e+01  1.300000e+01
    endloop
  endfacet
  facet normal -6.818023e-01  1.826925e-01 -7.083566e-01
    outer loop
      vertex  7.506050e+01  1.254851e+01  1.550000e+01
      vertex  7.745181e+01  1.177949e+01  1.300000e+01
      vertex  7.494320e+01  1.211075e+01  1.550000e+01
    endloop
  endfacet
  facet normal -4.273288e-02  7.064609e-01 -7.064608e-01
    outer loop
      vertex  7.250000e+01  1.040000e+01  1.550000e+01
      vertex  7.311474e+01  7.937185e+00  1.300000e+01
      vertex  7.250000e+01  7.900000e+00  1.300000e+01
    endloop
  endfacet
  facet normal -8.715671e-02 -9.961946e-01  0.000000e+00
    outer loop
      vertex  7.250000e+01  1.560000e+01  2.300000e+01
      vertex  7.295148e+01  1.556050e+01  1.550000e+01
      vertex  7.295148e+01  1.556050e+01  2.300000e+01
    endloop
  endfacet
  facet normal -2.588185e-01 -9.659259e-01  -0.000000e+00
    outer loop
      vertex  7.295148e+01  1.556050e+01  2.300000e+01
      vertex  7.295148e+01  1.556050e+01  1.550000e+01
      vertex  7.338925e+01  1.544320e+01  1.550000e+01
    endloop
  endfacet
  facet normal -2.588185e-01 -9.659259e-01  0.000000e+00
    outer loop
      vertex  7.295148e+01  1.556050e+01  2.300000e+01
      vertex  7.338925e+01  1.544320e+01  1.550000e+01
      vertex  7.338925e+01  1.544320e+01  2.300000e+01
    endloop
  endfacet
  facet normal -4.226155e-01 -9.063090e-01  -0.000000e+00
    outer loop
      vertex  7.338925e+01  1.544320e+01  2.300000e+01
      vertex  7.338925e+01  1.544320e+01  1.550000e+01
      vertex  7.380000e+01  1.525167e+01  1.550000e+01
    endloop
  endfacet
  facet normal -4.226155e-01 -9.063090e-01  0.000000e+00
    outer loop
      vertex  7.338925e+01  1.544320e+01  2.300000e+01
      vertex  7.380000e+01  1.525167e+01  1.550000e+01
      vertex  7.380000e+01  1.525167e+01  2.300000e+01
    endloop
  endfacet
  facet normal -5.735781e-01 -8.191508e-01  -0.000000e+00
    outer loop
      vertex  7.380000e+01  1.525167e+01  2.300000e+01
      vertex  7.380000e+01  1.525167e+01  1.550000e+01
      vertex  7.417125e+01  1.499172e+01  1.550000e+01
    endloop
  endfacet
  facet normal -5.735781e-01 -8.191508e-01  0.000000e+00
    outer loop
      vertex  7.380000e+01  1.525167e+01  2.300000e+01
      vertex  7.417125e+01  1.499172e+01  1.550000e+01
      vertex  7.417125e+01  1.499172e+01  2.300000e+01
    endloop
  endfacet
  facet normal -7.071100e-01 -7.071037e-01  -0.000000e+00
    outer loop
      vertex  7.417125e+01  1.499172e+01  2.300000e+01
      vertex  7.417125e+01  1.499172e+01  1.550000e+01
      vertex  7.449171e+01  1.467125e+01  1.550000e+01
    endloop
  endfacet
  facet normal -7.071100e-01 -7.071037e-01  0.000000e+00
    outer loop
      vertex  7.417125e+01  1.499172e+01  2.300000e+01
      vertex  7.449171e+01  1.467125e+01  1.550000e+01
      vertex  7.449171e+01  1.467125e+01  2.300000e+01
    endloop
  endfacet
  facet normal -8.191535e-01 -5.735743e-01  -0.000000e+00
    outer loop
      vertex  7.449171e+01  1.467125e+01  2.300000e+01
      vertex  7.449171e+01  1.467125e+01  1.550000e+01
      vertex  7.475166e+01  1.430000e+01  1.550000e+01
    endloop
  endfacet
  facet normal -8.191535e-01 -5.735743e-01  0.000000e+00
    outer loop
      vertex  7.449171e+01  1.467125e+01  2.300000e+01
      vertex  7.475166e+01  1.430000e+01  1.550000e+01
      vertex  7.475166e+01  1.430000e+01  2.300000e+01
    endloop
  endfacet
  facet normal -9.063068e-01 -4.226205e-01  -0.000000e+00
    outer loop
      vertex  7.475166e+01  1.430000e+01  2.300000e+01
      vertex  7.475166e+01  1.430000e+01  1.550000e+01
      vertex  7.494320e+01  1.388925e+01  1.550000e+01
    endloop
  endfacet
  facet normal -9.063068e-01 -4.226205e-01  0.000000e+00
    outer loop
      vertex  7.475166e+01  1.430000e+01  2.300000e+01
      vertex  7.494320e+01  1.388925e+01  1.550000e+01
      vertex  7.494320e+01  1.388925e+01  2.300000e+01
    endloop
  endfacet
  facet normal -9.659243e-01 -2.588244e-01  -0.000000e+00
    outer loop
      vertex  7.494320e+01  1.388925e+01  2.300000e+01
      vertex  7.494320e+01  1.388925e+01  1.550000e+01
      vertex  7.506050e+01  1.345149e+01  1.550000e+01
    endloop
  endfacet
  facet normal -9.659243e-01 -2.588244e-01  0.000000e+00
    outer loop
      vertex  7.494320e+01  1.388925e+01  2.300000e+01
      vertex  7.506050e+01  1.345149e+01  1.550000e+01
      vertex  7.506050e+01  1.345149e+01  2.300000e+01
    endloop
  endfacet
  facet normal -9.961951e-01 -8.715026e-02  -0.000000e+00
    outer loop
      vertex  7.506050e+01  1.345149e+01  2.300000e+01
      vertex  7.506050e+01  1.345149e+01  1.550000e+01
      vertex  7.510000e+01  1.300000e+01  1.550000e+01
    endloop
  endfacet
  facet normal -9.961951e-01 -8.715026e-02  0.000000e+00
    outer loop
      vertex  7.506050e+01  1.345149e+01  2.300000e+01
      vertex  7.510000e+01  1.300000e+01  1.550000e+01
      vertex  7.510000e+01  1.300000e+01  2.300000e+01
    endloop
  endfacet
  facet normal -8.715671e-02 -9.961946e-01  -0.000000e+00
    outer loop
      vertex  7.295148e+01  1.556050e+01  1.550000e+01
      vertex  7.250000e+01  1.560000e+01  2.300000e+01
      vertex  7.250000e+01  1.560000e+01  1.550000e+01
    endloop
  endfacet
  facet normal  8.715671e-02 -9.961946e-01  0.000000e+00
    outer loop
      vertex  7.250000e+01  1.560000e+01  1.550000e+01
      vertex  7.250000e+01  1.560000e+01  2.300000e+01
      vertex  7.204852e+01  1.556050e+01  2.300000e+01
    endloop
  endfacet
  facet normal  8.715671e-02 -9.961946e-01  0.000000e+00
    outer loop
      vertex  7.250000e+01  1.560000e+01  1.550000e+01
      vertex  7.204852e+01  1.556050e+01  2.300000e+01
      vertex  7.204852e+01  1.556050e+01  1.550000e+01
    endloop
  endfacet
  facet normal  2.588185e-01 -9.659259e-01  0.000000e+00
    outer loop
      vertex  7.204852e+01  1.556050e+01  1.550000e+01
      vertex  7.204852e+01  1.556050e+01  2.300000e+01
      vertex  7.161075e+01  1.544320e+01  2.300000e+01
    endloop
  endfacet
  facet normal  2.588185e-01 -9.659259e-01  0.000000e+00
    outer loop
      vertex  7.204852e+01  1.556050e+01  1.550000e+01
      vertex  7.161075e+01  1.544320e+01  2.300000e+01
      vertex  7.161075e+01  1.544320e+01  1.550000e+01
    endloop
  endfacet
  facet normal  4.226155e-01 -9.063090e-01  0.000000e+00
    outer loop
      vertex  7.161075e+01  1.544320e+01  1.550000e+01
      vertex  7.161075e+01  1.544320e+01  2.300000e+01
      vertex  7.120000e+01  1.525167e+01  2.300000e+01
    endloop
  endfacet
  facet normal  4.226155e-01 -9.063090e-01  0.000000e+00
    outer loop
      vertex  7.161075e+01  1.544320e+01  1.550000e+01
      vertex  7.120000e+01  1.525167e+01  2.300000e+01
      vertex  7.120000e+01  1.525167e+01  1.550000e+01
    endloop
  endfacet
  facet normal  5.735781e-01 -8.191508e-01  0.000000e+00
    outer loop
      vertex  7.120000e+01  1.525167e+01  1.550000e+01
      vertex  7.120000e+01  1.525167e+01  2.300000e+01
      vertex  7.082875e+01  1.499172e+01  2.300000e+01
    endloop
  endfacet
  facet normal  5.735781e-01 -8.191508e-01  0.000000e+00
    outer loop
      vertex  7.120000e+01  1.525167e+01  1.550000e+01
      vertex  7.082875e+01  1.499172e+01  2.300000e+01
      vertex  7.082875e+01  1.499172e+01  1.550000e+01
    endloop
  endfacet
  facet normal  7.071100e-01 -7.071037e-01  0.000000e+00
    outer loop
      vertex  7.082875e+01  1.499172e+01  1.550000e+01
      vertex  7.082875e+01  1.499172e+01  2.300000e+01
      vertex  7.050829e+01  1.467125e+01  2.300000e+01
    endloop
  endfacet
  facet normal  7.071100e-01 -7.071037e-01  0.000000e+00
    outer loop
      vertex  7.082875e+01  1.499172e+01  1.550000e+01
      vertex  7.050829e+01  1.467125e+01  2.300000e+01
      vertex  7.050829e+01  1.467125e+01  1.550000e+01
    endloop
  endfacet
  facet normal  8.191535e-01 -5.735743e-01  0.000000e+00
    outer loop
      vertex  7.050829e+01  1.467125e+01  1.550000e+01
      vertex  7.050829e+01  1.467125e+01  2.300000e+01
      vertex  7.024834e+01  1.430000e+01  2.300000e+01
    endloop
  endfacet
  facet normal  8.191535e-01 -5.735743e-01  0.000000e+00
    outer loop
      vertex  7.050829e+01  1.467125e+01  1.550000e+01
      vertex  7.024834e+01  1.430000e+01  2.300000e+01
      vertex  7.024834e+01  1.430000e+01  1.550000e+01
    endloop
  endfacet
  facet normal  9.063068e-01 -4.226205e-01  0.000000e+00
    outer loop
      vertex  7.024834e+01  1.430000e+01  1.550000e+01
      vertex  7.024834e+01  1.430000e+01  2.300000e+01
      vertex  7.005680e+01  1.388925e+01  2.300000e+01
    endloop
  endfacet
  facet normal  9.063068e-01 -4.226205e-01  0.000000e+00
    outer loop
      vertex  7.024834e+01  1.430000e+01  1.550000e+01
      vertex  7.005680e+01  1.388925e+01  2.300000e+01
      vertex  7.005680e+01  1.388925e+01  1.550000e+01
    endloop
  endfacet
  facet normal  9.659243e-01 -2.588244e-01  0.000000e+00
    outer loop
      vertex  7.005680e+01  1.388925e+01  1.550000e+01
      vertex  7.005680e+01  1.388925e+01  2.300000e+01
      vertex  6.993950e+01  1.345149e+01  2.300000e+01
    endloop
  endfacet
  facet normal  9.659243e-01 -2.588244e-01  0.000000e+00
    outer loop
      vertex  7.005680e+01  1.388925e+01  1.550000e+01
      vertex  6.993950e+01  1.345149e+01  2.300000e+01
      vertex  6.993950e+01  1.345149e+01  1.550000e+01
    endloop
  endfacet
  facet normal  9.961951e-01 -8.715026e-02  0.000000e+00
    outer loop
      vertex  6.993950e+01  1.345149e+01  1.550000e+01
      vertex  6.993950e+01  1.345149e+01  2.300000e+01
      vertex  6.990000e+01  1.300000e+01  2.300000e+01
    endloop
  endfacet
  facet normal  9.961951e-01 -8.715026e-02  0.000000e+00
    outer loop
      vertex  6.993950e+01  1.345149e+01  1.550000e+01
      vertex  6.990000e+01  1.300000e+01  2.300000e+01
      vertex  6.990000e+01  1.300000e+01  1.550000e+01
    endloop
  endfacet
  facet normal  8.715671e-02  9.961946e-01  -0.000000e+00
    outer loop
      vertex  7.250000e+01  1.040000e+01  2.300000e+01
      vertex  7.204852e+01  1.043950e+01  1.550000e+01
      vertex  7.204852e+01  1.043950e+01  2.300000e+01
    endloop
  endfacet
  facet normal  2.588185e-01  9.659259e-01  0.000000e+00
    outer loop
      vertex  7.204852e+01  1.043950e+01  2.300000e+01
      vertex  7.204852e+01  1.043950e+01  1.550000e+01
      vertex  7.161075e+01  1.055680e+01  1.550000e+01
    endloop
  endfacet
  facet normal  2.588185e-01  9.659259e-01  -0.000000e+00
    outer loop
      vertex  7.204852e+01  1.043950e+01  2.300000e+01
      vertex  7.161075e+01  1.055680e+01  1.550000e+01
      vertex  7.161075e+01  1.055680e+01  2.300000e+01
    endloop
  endfacet
  facet normal  4.226155e-01  9.063090e-01  0.000000e+00
    outer loop
      vertex  7.161075e+01  1.055680e+01  2.300000e+01
      vertex  7.161075e+01  1.055680e+01  1.550000e+01
      vertex  7.120000e+01  1.074833e+01  1.550000e+01
    endloop
  endfacet
  facet normal  4.226155e-01  9.063090e-01  -0.000000e+00
    outer loop
      vertex  7.161075e+01  1.055680e+01  2.300000e+01
      vertex  7.120000e+01  1.074833e+01  1.550000e+01
      vertex  7.120000e+01  1.074833e+01  2.300000e+01
    endloop
  endfacet
  facet normal  5.735781e-01  8.191508e-01  0.000000e+00
    outer loop
      vertex  7.120000e+01  1.074833e+01  2.300000e+01
      vertex  7.120000e+01  1.074833e+01  1.550000e+01
      vertex  7.082875e+01  1.100828e+01  1.550000e+01
    endloop
  endfacet
  facet normal  5.735781e-01  8.191508e-01  -0.000000e+00
    outer loop
      vertex  7.120000e+01  1.074833e+01  2.300000e+01
      vertex  7.082875e+01  1.100828e+01  1.550000e+01
      vertex  7.082875e+01  1.100828e+01  2.300000e+01
    endloop
  endfacet
  facet normal  7.071100e-01  7.071037e-01  0.000000e+00
    outer loop
      vertex  7.082875e+01  1.100828e+01  2.300000e+01
      vertex  7.082875e+01  1.100828e+01  1.550000e+01
      vertex  7.050829e+01  1.132875e+01  1.550000e+01
    endloop
  endfacet
  facet normal  7.071100e-01  7.071037e-01  -0.000000e+00
    outer loop
      vertex  7.082875e+01  1.100828e+01  2.300000e+01
      vertex  7.050829e+01  1.132875e+01  1.550000e+01
      vertex  7.050829e+01  1.132875e+01  2.300000e+01
    endloop
  endfacet
  facet normal  8.191535e-01  5.735743e-01  0.000000e+00
    outer loop
      vertex  7.050829e+01  1.132875e+01  2.300000e+01
      vertex  7.050829e+01  1.132875e+01  1.550000e+01
      vertex  7.024834e+01  1.170000e+01  1.550000e+01
    endloop
  endfacet
  facet normal  8.191535e-01  5.735743e-01  -0.000000e+00
    outer loop
      vertex  7.050829e+01  1.132875e+01  2.300000e+01
      vertex  7.024834e+01  1.170000e+01  1.550000e+01
      vertex  7.024834e+01  1.170000e+01  2.300000e+01
    endloop
  endfacet
  facet normal  9.063068e-01  4.226205e-01  0.000000e+00
    outer loop
      vertex  7.024834e+01  1.170000e+01  2.300000e+01
      vertex  7.024834e+01  1.170000e+01  1.550000e+01
      vertex  7.005680e+01  1.211075e+01  1.550000e+01
    endloop
  endfacet
  facet normal  9.063068e-01  4.226205e-01  -0.000000e+00
    outer loop
      vertex  7.024834e+01  1.170000e+01  2.300000e+01
      vertex  7.005680e+01  1.211075e+01  1.550000e+01
      vertex  7.005680e+01  1.211075e+01  2.300000e+01
    endloop
  endfacet
  facet normal  9.659243e-01  2.588244e-01  0.000000e+00
    outer loop
      vertex  7.005680e+01  1.211075e+01  2.300000e+01
      vertex  7.005680e+01  1.211075e+01  1.550000e+01
      vertex  6.993950e+01  1.254851e+01  1.550000e+01
    endloop
  endfacet
  facet normal  9.659243e-01  2.588244e-01  -0.000000e+00
    outer loop
      vertex  7.005680e+01  1.211075e+01  2.300000e+01
      vertex  6.993950e+01  1.254851e+01  1.550000e+01
      vertex  6.993950e+01  1.254851e+01  2.300000e+01
    endloop
  endfacet
  facet normal  9.961951e-01  8.715026e-02  0.000000e+00
    outer loop
      vertex  6.993950e+01  1.254851e+01  2.300000e+01
      vertex  6.993950e+01  1.254851e+01  1.550000e+01
      vertex  6.990000e+01  1.300000e+01  1.550000e+01
    endloop
  endfacet
  facet normal  9.961951e-01  8.715026e-02  -0.000000e+00
    outer loop
      vertex  6.993950e+01  1.254851e+01  2.300000e+01
      vertex  6.990000e+01  1.300000e+01  1.550000e+01
      vertex  6.990000e+01  1.300000e+01  2.300000e+01
    endloop
  endfacet
  facet normal  8.715671e-02  9.961946e-01  0.000000e+00
    outer loop
      vertex  7.204852e+01  1.043950e+01  1.550000e+01
      vertex  7.250000e+01  1.040000e+01  2.300000e+01
      vertex  7.250000e+01  1.040000e+01  1.550000e+01
    endloop
  endfacet
  facet normal -8.715671e-02  9.961946e-01  0.000000e+00
    outer loop
      vertex  7.250000e+01  1.040000e+01  1.550000e+01
      vertex  7.250000e+01  1.040000e+01  2.300000e+01
      vertex  7.295148e+01  1.043950e+01  2.300000e+01
    endloop
  endfacet
  facet normal -8.715671e-02  9.961946e-01  0.000000e+00
    outer loop
      vertex  7.250000e+01  1.040000e+01  1.550000e+01
      vertex  7.295148e+01  1.043950e+01  2.300000e+01
      vertex  7.295148e+01  1.043950e+01  1.550000e+01
    endloop
  endfacet
  facet normal -2.588185e-01  9.659259e-01  0.000000e+00
    outer loop
      vertex  7.295148e+01  1.043950e+01  1.550000e+01
      vertex  7.295148e+01  1.043950e+01  2.300000e+01
      vertex  7.338925e+01  1.055680e+01  2.300000e+01
    endloop
  endfacet
  facet normal -2.588185e-01  9.659259e-01  0.000000e+00
    outer loop
      vertex  7.295148e+01  1.043950e+01  1.550000e+01
      vertex  7.338925e+01  1.055680e+01  2.300000e+01
      vertex  7.338925e+01  1.055680e+01  1.550000e+01
    endloop
  endfacet
  facet normal -4.226155e-01  9.063090e-01  0.000000e+00
    outer loop
      vertex  7.338925e+01  1.055680e+01  1.550000e+01
      vertex  7.338925e+01  1.055680e+01  2.300000e+01
      vertex  7.380000e+01  1.074833e+01  2.300000e+01
    endloop
  endfacet
  facet normal -4.226155e-01  9.063090e-01  0.000000e+00
    outer loop
      vertex  7.338925e+01  1.055680e+01  1.550000e+01
      vertex  7.380000e+01  1.074833e+01  2.300000e+01
      vertex  7.380000e+01  1.074833e+01  1.550000e+01
    endloop
  endfacet
  facet normal -5.735781e-01  8.191508e-01  0.000000e+00
    outer loop
      vertex  7.380000e+01  1.074833e+01  1.550000e+01
      vertex  7.380000e+01  1.074833e+01  2.300000e+01
      vertex  7.417125e+01  1.100828e+01  2.300000e+01
    endloop
  endfacet
  facet normal -5.735781e-01  8.191508e-01  0.000000e+00
    outer loop
      vertex  7.380000e+01  1.074833e+01  1.550000e+01
      vertex  7.417125e+01  1.100828e+01  2.300000e+01
      vertex  7.417125e+01  1.100828e+01  1.550000e+01
    endloop
  endfacet
  facet normal -7.071100e-01  7.071037e-01  0.000000e+00
    outer loop
      vertex  7.417125e+01  1.100828e+01  1.550000e+01
      vertex  7.417125e+01  1.100828e+01  2.300000e+01
      vertex  7.449171e+01  1.132875e+01  2.300000e+01
    endloop
  endfacet
  facet normal -7.071100e-01  7.071037e-01  0.000000e+00
    outer loop
      vertex  7.417125e+01  1.100828e+01  1.550000e+01
      vertex  7.449171e+01  1.132875e+01  2.300000e+01
      vertex  7.449171e+01  1.132875e+01  1.550000e+01
    endloop
  endfacet
  facet normal -8.191535e-01  5.735743e-01  0.000000e+00
    outer loop
      vertex  7.449171e+01  1.132875e+01  1.550000e+01
      vertex  7.449171e+01  1.132875e+01  2.300000e+01
      vertex  7.475166e+01  1.170000e+01  2.300000e+01
    endloop
  endfacet
  facet normal -8.191535e-01  5.735743e-01  0.000000e+00
    outer loop
      vertex  7.449171e+01  1.132875e+01  1.550000e+01
      vertex  7.475166e+01  1.170000e+01  2.300000e+01
      vertex  7.475166e+01  1.170000e+01  1.550000e+01
    endloop
  endfacet
  facet normal -9.063068e-01  4.226205e-01  0.000000e+00
    outer loop
      vertex  7.475166e+01  1.170000e+01  1.550000e+01
      vertex  7.475166e+01  1.170000e+01  2.300000e+01
      vertex  7.494320e+01  1.211075e+01  2.300000e+01
    endloop
  endfacet
  facet normal -9.063068e-01  4.226205e-01  0.000000e+00
    outer loop
      vertex  7.475166e+01  1.170000e+01  1.550000e+01
      vertex  7.494320e+01  1.211075e+01  2.300000e+01
      vertex  7.494320e+01  1.211075e+01  1.550000e+01
    endloop
  endfacet
  facet normal -9.659243e-01  2.588244e-01  0.000000e+00
    outer loop
      vertex  7.494320e+01  1.211075e+01  1.550000e+01
      vertex  7.494320e+01  1.211075e+01  2.300000e+01
      vertex  7.506050e+01  1.254851e+01  2.300000e+01
    endloop
  endfacet
  facet normal -9.659243e-01  2.588244e-01  0.000000e+00
    outer loop
      vertex  7.494320e+01  1.211075e+01  1.550000e+01
      vertex  7.506050e+01  1.254851e+01  2.300000e+01
      vertex  7.506050e+01  1.254851e+01  1.550000e+01
    endloop
  endfacet
  facet normal -9.961951e-01  8.715026e-02  0.000000e+00
    outer loop
      vertex  7.506050e+01  1.254851e+01  1.550000e+01
      vertex  7.506050e+01  1.254851e+01  2.300000e+01
      vertex  7.510000e+01  1.300000e+01  2.300000e+01
    endloop
  endfacet
  facet normal -9.961951e-01  8.715026e-02  0.000000e+00
    outer loop
      vertex  7.506050e+01  1.254851e+01  1.550000e+01
      vertex  7.510000e+01  1.300000e+01  2.300000e+01
      vertex  7.510000e+01  1.300000e+01  1.550000e+01
    endloop
  endfacet
  facet normal -7.064608e-01 -4.273404e-02 -7.064608e-01
    outer loop
      vertex  7.510000e+01  1.300000e+01  1.550000e+01
      vertex  7.756281e+01  1.361474e+01  1.300000e+01
      vertex  7.760000e+01  1.300000e+01  1.300000e+01
    endloop
  endfacet
  facet normal -7.034283e-01 -6.153811e-02 -7.080973e-01
    outer loop
      vertex  7.510000e+01  1.300000e+01  1.550000e+01
      vertex  7.506050e+01  1.345149e+01  1.550000e+01
      vertex  7.756281e+01  1.361474e+01  1.300000e+01
    endloop
  endfacet
  facet normal  7.034283e-01 -6.153811e-02 -7.080973e-01
    outer loop
      vertex  6.990000e+01  1.300000e+01  1.550000e+01
      vertex  6.743719e+01  1.361474e+01  1.300000e+01
      vertex  6.993950e+01  1.345149e+01  1.550000e+01
    endloop
  endfacet
  facet normal  7.064608e-01 -4.273404e-02 -7.064608e-01
    outer loop
      vertex  6.990000e+01  1.300000e+01  1.550000e+01
      vertex  6.740000e+01  1.300000e+01  1.300000e+01
      vertex  6.743719e+01  1.361474e+01  1.300000e+01
    endloop
  endfacet
  facet normal -6.968127e-01 -1.276909e-01 -7.057953e-01
    outer loop
      vertex  7.506050e+01  1.345149e+01  1.550000e+01
      vertex  7.745181e+01  1.422051e+01  1.300000e+01
      vertex  7.756281e+01  1.361474e+01  1.300000e+01
    endloop
  endfacet
  facet normal -6.759587e-01 -2.106365e-01 -7.061955e-01
    outer loop
      vertex  7.494320e+01  1.388925e+01  1.550000e+01
      vertex  7.726859e+01  1.480849e+01  1.300000e+01
      vertex  7.745181e+01  1.422051e+01  1.300000e+01
    endloop
  endfacet
  facet normal -6.818023e-01 -1.826925e-01 -7.083566e-01
    outer loop
      vertex  7.494320e+01  1.388925e+01  1.550000e+01
      vertex  7.745181e+01  1.422051e+01  1.300000e+01
      vertex  7.506050e+01  1.345149e+01  1.550000e+01
    endloop
  endfacet
  facet normal -6.061938e-01 -3.664522e-01 -7.058625e-01
    outer loop
      vertex  7.475166e+01  1.430000e+01  1.550000e+01
      vertex  7.669722e+01  1.589713e+01  1.300000e+01
      vertex  7.701582e+01  1.537009e+01  1.300000e+01
    endloop
  endfacet
  facet normal -6.403093e-01 -2.985830e-01 -7.077093e-01
    outer loop
      vertex  7.475166e+01  1.430000e+01  1.550000e+01
      vertex  7.701582e+01  1.537009e+01  1.300000e+01
      vertex  7.494320e+01  1.388925e+01  1.550000e+01
    endloop
  endfacet
  facet normal -6.450945e-01 -2.903388e-01 -7.067930e-01
    outer loop
      vertex  7.494320e+01  1.388925e+01  1.550000e+01
      vertex  7.701582e+01  1.537009e+01  1.300000e+01
      vertex  7.726859e+01  1.480849e+01  1.300000e+01
    endloop
  endfacet
  facet normal -5.574955e-01 -4.367711e-01 -7.059957e-01
    outer loop
      vertex  7.449171e+01  1.467125e+01  1.550000e+01
      vertex  7.631741e+01  1.638193e+01  1.300000e+01
      vertex  7.669722e+01  1.589713e+01  1.300000e+01
    endloop
  endfacet
  facet normal -5.780969e-01 -4.047856e-01 -7.084862e-01
    outer loop
      vertex  7.449171e+01  1.467125e+01  1.550000e+01
      vertex  7.669722e+01  1.589713e+01  1.300000e+01
      vertex  7.475166e+01  1.430000e+01  1.550000e+01
    endloop
  endfacet
  facet normal -4.367703e-01 -5.574962e-01 -7.059955e-01
    outer loop
      vertex  7.417125e+01  1.499172e+01  1.550000e+01
      vertex  7.539713e+01  1.719722e+01  1.300000e+01
      vertex  7.588193e+01  1.681741e+01  1.300000e+01
    endloop
  endfacet
  facet normal -4.999433e-01 -4.999388e-01 -7.071902e-01
    outer loop
      vertex  7.417125e+01  1.499172e+01  1.550000e+01
      vertex  7.588193e+01  1.681741e+01  1.300000e+01
      vertex  7.449171e+01  1.467125e+01  1.550000e+01
    endloop
  endfacet
  facet normal -4.999420e-01 -4.999399e-01 -7.071903e-01
    outer loop
      vertex  7.449171e+01  1.467125e+01  1.550000e+01
      vertex  7.588193e+01  1.681741e+01  1.300000e+01
      vertex  7.631741e+01  1.638193e+01  1.300000e+01
    endloop
  endfacet
  facet normal -3.664533e-01 -6.061938e-01 -7.058619e-01
    outer loop
      vertex  7.380000e+01  1.525167e+01  1.550000e+01
      vertex  7.487009e+01  1.751583e+01  1.300000e+01
      vertex  7.539713e+01  1.719722e+01  1.300000e+01
    endloop
  endfacet
  facet normal -4.047885e-01 -5.780954e-01 -7.084857e-01
    outer loop
      vertex  7.380000e+01  1.525167e+01  1.550000e+01
      vertex  7.539713e+01  1.719722e+01  1.300000e+01
      vertex  7.417125e+01  1.499172e+01  1.550000e+01
    endloop
  endfacet
  facet normal -2.106369e-01 -6.759591e-01 -7.061952e-01
    outer loop
      vertex  7.338925e+01  1.544320e+01  1.550000e+01
      vertex  7.372051e+01  1.795180e+01  1.300000e+01
      vertex  7.430849e+01  1.776858e+01  1.300000e+01
    endloop
  endfacet
  facet normal -2.990736e-01 -6.413704e-01 -7.065400e-01
    outer loop
      vertex  7.338925e+01  1.544320e+01  1.550000e+01
      vertex  7.430849e+01  1.776858e+01  1.300000e+01
      vertex  7.380000e+01  1.525167e+01  1.550000e+01
    endloop
  endfacet
  facet normal -2.899840e-01 -6.443115e-01 -7.076524e-01
    outer loop
      vertex  7.380000e+01  1.525167e+01  1.550000e+01
      vertex  7.430849e+01  1.776858e+01  1.300000e+01
      vertex  7.487009e+01  1.751583e+01  1.300000e+01
    endloop
  endfacet
  facet normal -1.276947e-01 -6.968117e-01 -7.057955e-01
    outer loop
      vertex  7.295148e+01  1.556050e+01  1.550000e+01
      vertex  7.311474e+01  1.806281e+01  1.300000e+01
      vertex  7.372051e+01  1.795180e+01  1.300000e+01
    endloop
  endfacet
  facet normal -1.826883e-01 -6.818035e-01 -7.083564e-01
    outer loop
      vertex  7.295148e+01  1.556050e+01  1.550000e+01
      vertex  7.372051e+01  1.795180e+01  1.300000e+01
      vertex  7.338925e+01  1.544320e+01  1.550000e+01
    endloop
  endfacet
  facet normal -4.273397e-02 -7.064608e-01 -7.064608e-01
    outer loop
      vertex  7.250000e+01  1.560000e+01  1.550000e+01
      vertex  7.250000e+01  1.810000e+01  1.300000e+01
      vertex  7.311474e+01  1.806281e+01  1.300000e+01
    endloop
  endfacet
  facet normal -6.154263e-02 -7.034276e-01 -7.080976e-01
    outer loop
      vertex  7.250000e+01  1.560000e+01  1.550000e+01
      vertex  7.311474e+01  1.806281e+01  1.300000e+01
      vertex  7.295148e+01  1.556050e+01  1.550000e+01
    endloop
  endfacet
  facet normal  1.276947e-01 -6.968117e-01 -7.057955e-01
    outer loop
      vertex  7.204852e+01  1.556050e+01  1.550000e+01
      vertex  7.127949e+01  1.795180e+01  1.300000e+01
      vertex  7.188526e+01  1.806281e+01  1.300000e+01
    endloop
  endfacet
  facet normal  6.154263e-02 -7.034276e-01 -7.080976e-01
    outer loop
      vertex  7.204852e+01  1.556050e+01  1.550000e+01
      vertex  7.188526e+01  1.806281e+01  1.300000e+01
      vertex  7.250000e+01  1.560000e+01  1.550000e+01
    endloop
  endfacet
  facet normal  2.106369e-01 -6.759589e-01 -7.061951e-01
    outer loop
      vertex  7.161075e+01  1.544320e+01  1.550000e+01
      vertex  7.069151e+01  1.776858e+01  1.300000e+01
      vertex  7.127949e+01  1.795180e+01  1.300000e+01
    endloop
  endfacet
  facet normal  1.826883e-01 -6.818035e-01 -7.083564e-01
    outer loop
      vertex  7.161075e+01  1.544320e+01  1.550000e+01
      vertex  7.127949e+01  1.795180e+01  1.300000e+01
      vertex  7.204852e+01  1.556050e+01  1.550000e+01
    endloop
  endfacet
  facet normal  3.664532e-01 -6.061938e-01 -7.058619e-01
    outer loop
      vertex  7.120000e+01  1.525167e+01  1.550000e+01
      vertex  6.960287e+01  1.719722e+01  1.300000e+01
      vertex  7.012991e+01  1.751583e+01  1.300000e+01
    endloop
  endfacet
  facet normal  2.985797e-01 -6.403112e-01 -7.077087e-01
    outer loop
      vertex  7.120000e+01  1.525167e+01  1.550000e+01
      vertex  7.012991e+01  1.751583e+01  1.300000e+01
      vertex  7.161075e+01  1.544320e+01  1.550000e+01
    endloop
  endfacet
  facet normal  2.903369e-01 -6.450957e-01 -7.067928e-01
    outer loop
      vertex  7.161075e+01  1.544320e+01  1.550000e+01
      vertex  7.012991e+01  1.751583e+01  1.300000e+01
      vertex  7.069151e+01  1.776858e+01  1.300000e+01
    endloop
  endfacet
  facet normal  4.367703e-01 -5.574962e-01 -7.059955e-01
    outer loop
      vertex  7.082875e+01  1.499172e+01  1.550000e+01
      vertex  6.911807e+01  1.681741e+01  1.300000e+01
      vertex  6.960287e+01  1.719722e+01  1.300000e+01
    endloop
  endfacet
  facet normal  4.047885e-01 -5.780954e-01 -7.084857e-01
    outer loop
      vertex  7.082875e+01  1.499172e+01  1.550000e+01
      vertex  6.960287e+01  1.719722e+01  1.300000e+01
      vertex  7.120000e+01  1.525167e+01  1.550000e+01
    endloop
  endfacet
  facet normal  5.574955e-01 -4.367711e-01 -7.059957e-01
    outer loop
      vertex  7.050829e+01  1.467125e+01  1.550000e+01
      vertex  6.830278e+01  1.589713e+01  1.300000e+01
      vertex  6.868259e+01  1.638193e+01  1.300000e+01
    endloop
  endfacet
  facet normal  4.999431e-01 -4.999387e-01 -7.071904e-01
    outer loop
      vertex  7.050829e+01  1.467125e+01  1.550000e+01
      vertex  6.868259e+01  1.638193e+01  1.300000e+01
      vertex  7.082875e+01  1.499172e+01  1.550000e+01
    endloop
  endfacet
  facet normal  4.999421e-01 -4.999399e-01 -7.071902e-01
    outer loop
      vertex  7.082875e+01  1.499172e+01  1.550000e+01
      vertex  6.868259e+01  1.638193e+01  1.300000e+01
      vertex  6.911807e+01  1.681741e+01  1.300000e+01
    endloop
  endfacet
  facet normal  6.061938e-01 -3.664522e-01 -7.058625e-01
    outer loop
      vertex  7.024834e+01  1.430000e+01  1.550000e+01
      vertex  6.798418e+01  1.537009e+01  1.300000e+01
      vertex  6.830278e+01  1.589713e+01  1.300000e+01
    endloop
  endfacet
  facet normal  5.780969e-01 -4.047856e-01 -7.084862e-01
    outer loop
      vertex  7.024834e+01  1.430000e+01  1.550000e+01
      vertex  6.830278e+01  1.589713e+01  1.300000e+01
      vertex  7.050829e+01  1.467125e+01  1.550000e+01
    endloop
  endfacet
  facet normal  6.759587e-01 -2.106365e-01 -7.061955e-01
    outer loop
      vertex  7.005680e+01  1.388925e+01  1.550000e+01
      vertex  6.754819e+01  1.422051e+01  1.300000e+01
      vertex  6.773141e+01  1.480849e+01  1.300000e+01
    endloop
  endfacet
  facet normal  6.413687e-01 -2.990770e-01 -7.065403e-01
    outer loop
      vertex  7.005680e+01  1.388925e+01  1.550000e+01
      vertex  6.773141e+01  1.480849e+01  1.300000e+01
      vertex  7.024834e+01  1.430000e+01  1.550000e+01
    endloop
  endfacet
  facet normal  6.443102e-01 -2.899858e-01 -7.076529e-01
    outer loop
      vertex  7.024834e+01  1.430000e+01  1.550000e+01
      vertex  6.773141e+01  1.480849e+01  1.300000e+01
      vertex  6.798418e+01  1.537009e+01  1.300000e+01
    endloop
  endfacet
  facet normal  6.968127e-01 -1.276909e-01 -7.057953e-01
    outer loop
      vertex  6.993950e+01  1.345149e+01  1.550000e+01
      vertex  6.743719e+01  1.361474e+01  1.300000e+01
      vertex  6.754819e+01  1.422051e+01  1.300000e+01
    endloop
  endfacet
  facet normal  6.818023e-01 -1.826925e-01 -7.083566e-01
    outer loop
      vertex  6.993950e+01  1.345149e+01  1.550000e+01
      vertex  6.754819e+01  1.422051e+01  1.300000e+01
      vertex  7.005680e+01  1.388925e+01  1.550000e+01
    endloop
  endfacet
  facet normal  4.273397e-02 -7.064608e-01 -7.064608e-01
    outer loop
      vertex  7.250000e+01  1.560000e+01  1.550000e+01
      vertex  7.188526e+01  1.806281e+01  1.300000e+01
      vertex  7.250000e+01  1.810000e+01  1.300000e+01
    endloop
  endfacet
  facet normal  8.715671e-02 -9.961946e-01  0.000000e+00
    outer loop
      vertex -7.250000e+01 -1.040000e+01 -2.050000e+01
      vertex -7.295148e+01 -1.043950e+01 -1.300000e+01
      vertex -7.295148e+01 -1.043950e+01 -2.050000e+01
    endloop
  endfacet
  facet normal  2.588185e-01 -9.659259e-01  0.000000e+00
    outer loop
      vertex -7.295148e+01 -1.043950e+01 -2.050000e+01
      vertex -7.295148e+01 -1.043950e+01 -1.300000e+01
      vertex -7.338925e+01 -1.055680e+01 -1.300000e+01
    endloop
  endfacet
  facet normal  2.588185e-01 -9.659259e-01  0.000000e+00
    outer loop
      vertex -7.295148e+01 -1.043950e+01 -2.050000e+01
      vertex -7.338925e+01 -1.055680e+01 -1.300000e+01
      vertex -7.338925e+01 -1.055680e+01 -2.050000e+01
    endloop
  endfacet
  facet normal  4.226155e-01 -9.063090e-01  0.000000e+00
    outer loop
      vertex -7.338925e+01 -1.055680e+01 -2.050000e+01
      vertex -7.338925e+01 -1.055680e+01 -1.300000e+01
      vertex -7.380000e+01 -1.074833e+01 -1.300000e+01
    endloop
  endfacet
  facet normal  4.226155e-01 -9.063090e-01  0.000000e+00
    outer loop
      vertex -7.338925e+01 -1.055680e+01 -2.050000e+01
      vertex -7.380000e+01 -1.074833e+01 -1.300000e+01
      vertex -7.380000e+01 -1.074833e+01 -2.050000e+01
    endloop
  endfacet
  facet normal  5.735781e-01 -8.191508e-01  0.000000e+00
    outer loop
      vertex -7.380000e+01 -1.074833e+01 -2.050000e+01
      vertex -7.380000e+01 -1.074833e+01 -1.300000e+01
      vertex -7.417125e+01 -1.100828e+01 -1.300000e+01
    endloop
  endfacet
  facet normal  5.735781e-01 -8.191508e-01  0.000000e+00
    outer loop
      vertex -7.380000e+01 -1.074833e+01 -2.050000e+01
      vertex -7.417125e+01 -1.100828e+01 -1.300000e+01
      vertex -7.417125e+01 -1.100828e+01 -2.050000e+01
    endloop
  endfacet
  facet normal  7.071100e-01 -7.071037e-01  0.000000e+00
    outer loop
      vertex -7.417125e+01 -1.100828e+01 -2.050000e+01
      vertex -7.417125e+01 -1.100828e+01 -1.300000e+01
      vertex -7.449171e+01 -1.132875e+01 -1.300000e+01
    endloop
  endfacet
  facet normal  7.071100e-01 -7.071037e-01  0.000000e+00
    outer loop
      vertex -7.417125e+01 -1.100828e+01 -2.050000e+01
      vertex -7.449171e+01 -1.132875e+01 -1.300000e+01
      vertex -7.449171e+01 -1.132875e+01 -2.050000e+01
    endloop
  endfacet
  facet normal  8.191535e-01 -5.735743e-01  0.000000e+00
    outer loop
      vertex -7.449171e+01 -1.132875e+01 -2.050000e+01
      vertex -7.449171e+01 -1.132875e+01 -1.300000e+01
      vertex -7.475166e+01 -1.170000e+01 -1.300000e+01
    endloop
  endfacet
  facet normal  8.191535e-01 -5.735743e-01  0.000000e+00
    outer loop
      vertex -7.449171e+01 -1.132875e+01 -2.050000e+01
      vertex -7.475166e+01 -1.170000e+01 -1.300000e+01
      vertex -7.475166e+01 -1.170000e+01 -2.050000e+01
    endloop
  endfacet
  facet normal  9.063068e-01 -4.226205e-01  0.000000e+00
    outer loop
      vertex -7.475166e+01 -1.170000e+01 -2.050000e+01
      vertex -7.475166e+01 -1.170000e+01 -1.300000e+01
      vertex -7.494320e+01 -1.211075e+01 -1.300000e+01
    endloop
  endfacet
  facet normal  9.063068e-01 -4.226205e-01  0.000000e+00
    outer loop
      vertex -7.475166e+01 -1.170000e+01 -2.050000e+01
      vertex -7.494320e+01 -1.211075e+01 -1.300000e+01
      vertex -7.494320e+01 -1.211075e+01 -2.050000e+01
    endloop
  endfacet
  facet normal  9.659243e-01 -2.588244e-01  0.000000e+00
    outer loop
      vertex -7.494320e+01 -1.211075e+01 -2.050000e+01
      vertex -7.494320e+01 -1.211075e+01 -1.300000e+01
      vertex -7.506050e+01 -1.254851e+01 -1.300000e+01
    endloop
  endfacet
  facet normal  9.659243e-01 -2.588244e-01  0.000000e+00
    outer loop
      vertex -7.494320e+01 -1.211075e+01 -2.050000e+01
      vertex -7.506050e+01 -1.254851e+01 -1.300000e+01
      vertex -7.506050e+01 -1.254851e+01 -2.050000e+01
    endloop
  endfacet
  facet normal  9.961951e-01 -8.715026e-02  0.000000e+00
    outer loop
      vertex -7.506050e+01 -1.254851e+01 -2.050000e+01
      vertex -7.506050e+01 -1.254851e+01 -1.300000e+01
      vertex -7.510000e+01 -1.300000e+01 -1.300000e+01
    endloop
  endfacet
  facet normal  9.961951e-01 -8.715026e-02  0.000000e+00
    outer loop
      vertex -7.506050e+01 -1.254851e+01 -2.050000e+01
      vertex -7.510000e+01 -1.300000e+01 -1.300000e+01
      vertex -7.510000e+01 -1.300000e+01 -2.050000e+01
    endloop
  endfacet
  facet normal  8.715671e-02 -9.961946e-01  0.000000e+00
    outer loop
      vertex -7.295148e+01 -1.043950e+01 -1.300000e+01
      vertex -7.250000e+01 -1.040000e+01 -2.050000e+01
      vertex -7.250000e+01 -1.040000e+01 -1.300000e+01
    endloop
  endfacet
  facet normal -8.715671e-02 -9.961946e-01  -0.000000e+00
    outer loop
      vertex -7.250000e+01 -1.040000e+01 -1.300000e+01
      vertex -7.250000e+01 -1.040000e+01 -2.050000e+01
      vertex -7.204852e+01 -1.043950e+01 -2.050000e+01
    endloop
  endfacet
  facet normal -8.715671e-02 -9.961946e-01  0.000000e+00
    outer loop
      vertex -7.250000e+01 -1.040000e+01 -1.300000e+01
      vertex -7.204852e+01 -1.043950e+01 -2.050000e+01
      vertex -7.204852e+01 -1.043950e+01 -1.300000e+01
    endloop
  endfacet
  facet normal -2.588185e-01 -9.659259e-01  -0.000000e+00
    outer loop
      vertex -7.204852e+01 -1.043950e+01 -1.300000e+01
      vertex -7.204852e+01 -1.043950e+01 -2.050000e+01
      vertex -7.161075e+01 -1.055680e+01 -2.050000e+01
    endloop
  endfacet
  facet normal -2.588185e-01 -9.659259e-01  0.000000e+00
    outer loop
      vertex -7.204852e+01 -1.043950e+01 -1.300000e+01
      vertex -7.161075e+01 -1.055680e+01 -2.050000e+01
      vertex -7.161075e+01 -1.055680e+01 -1.300000e+01
    endloop
  endfacet
  facet normal -4.226155e-01 -9.063090e-01  -0.000000e+00
    outer loop
      vertex -7.161075e+01 -1.055680e+01 -1.300000e+01
      vertex -7.161075e+01 -1.055680e+01 -2.050000e+01
      vertex -7.120000e+01 -1.074833e+01 -2.050000e+01
    endloop
  endfacet
  facet normal -4.226155e-01 -9.063090e-01  0.000000e+00
    outer loop
      vertex -7.161075e+01 -1.055680e+01 -1.300000e+01
      vertex -7.120000e+01 -1.074833e+01 -2.050000e+01
      vertex -7.120000e+01 -1.074833e+01 -1.300000e+01
    endloop
  endfacet
  facet normal -5.735781e-01 -8.191508e-01  -0.000000e+00
    outer loop
      vertex -7.120000e+01 -1.074833e+01 -1.300000e+01
      vertex -7.120000e+01 -1.074833e+01 -2.050000e+01
      vertex -7.082875e+01 -1.100828e+01 -2.050000e+01
    endloop
  endfacet
  facet normal -5.735781e-01 -8.191508e-01  0.000000e+00
    outer loop
      vertex -7.120000e+01 -1.074833e+01 -1.300000e+01
      vertex -7.082875e+01 -1.100828e+01 -2.050000e+01
      vertex -7.082875e+01 -1.100828e+01 -1.300000e+01
    endloop
  endfacet
  facet normal -7.071100e-01 -7.071037e-01  -0.000000e+00
    outer loop
      vertex -7.082875e+01 -1.100828e+01 -1.300000e+01
      vertex -7.082875e+01 -1.100828e+01 -2.050000e+01
      vertex -7.050829e+01 -1.132875e+01 -2.050000e+01
    endloop
  endfacet
  facet normal -7.071100e-01 -7.071037e-01  0.000000e+00
    outer loop
      vertex -7.082875e+01 -1.100828e+01 -1.300000e+01
      vertex -7.050829e+01 -1.132875e+01 -2.050000e+01
      vertex -7.050829e+01 -1.132875e+01 -1.300000e+01
    endloop
  endfacet
  facet normal -8.191535e-01 -5.735743e-01  -0.000000e+00
    outer loop
      vertex -7.050829e+01 -1.132875e+01 -1.300000e+01
      vertex -7.050829e+01 -1.132875e+01 -2.050000e+01
      vertex -7.024834e+01 -1.170000e+01 -2.050000e+01
    endloop
  endfacet
  facet normal -8.191535e-01 -5.735743e-01  0.000000e+00
    outer loop
      vertex -7.050829e+01 -1.132875e+01 -1.300000e+01
      vertex -7.024834e+01 -1.170000e+01 -2.050000e+01
      vertex -7.024834e+01 -1.170000e+01 -1.300000e+01
    endloop
  endfacet
  facet normal -9.063068e-01 -4.226205e-01  -0.000000e+00
    outer loop
      vertex -7.024834e+01 -1.170000e+01 -1.300000e+01
      vertex -7.024834e+01 -1.170000e+01 -2.050000e+01
      vertex -7.005680e+01 -1.211075e+01 -2.050000e+01
    endloop
  endfacet
  facet normal -9.063068e-01 -4.226205e-01  0.000000e+00
    outer loop
      vertex -7.024834e+01 -1.170000e+01 -1.300000e+01
      vertex -7.005680e+01 -1.211075e+01 -2.050000e+01
      vertex -7.005680e+01 -1.211075e+01 -1.300000e+01
    endloop
  endfacet
  facet normal -9.659243e-01 -2.588244e-01  -0.000000e+00
    outer loop
      vertex -7.005680e+01 -1.211075e+01 -1.300000e+01
      vertex -7.005680e+01 -1.211075e+01 -2.050000e+01
      vertex -6.993950e+01 -1.254851e+01 -2.050000e+01
    endloop
  endfacet
  facet normal -9.659243e-01 -2.588244e-01  0.000000e+00
    outer loop
      vertex -7.005680e+01 -1.211075e+01 -1.300000e+01
      vertex -6.993950e+01 -1.254851e+01 -2.050000e+01
      vertex -6.993950e+01 -1.254851e+01 -1.300000e+01
    endloop
  endfacet
  facet normal -9.961951e-01 -8.715026e-02  -0.000000e+00
    outer loop
      vertex -6.993950e+01 -1.254851e+01 -1.300000e+01
      vertex -6.993950e+01 -1.254851e+01 -2.050000e+01
      vertex -6.990000e+01 -1.300000e+01 -2.050000e+01
    endloop
  endfacet
  facet normal -9.961951e-01 -8.715026e-02  0.000000e+00
    outer loop
      vertex -6.993950e+01 -1.254851e+01 -1.300000e+01
      vertex -6.990000e+01 -1.300000e+01 -2.050000e+01
      vertex -6.990000e+01 -1.300000e+01 -1.300000e+01
    endloop
  endfacet
  facet normal -8.715671e-02  9.961946e-01  0.000000e+00
    outer loop
      vertex -7.250000e+01 -1.560000e+01 -2.050000e+01
      vertex -7.204852e+01 -1.556050e+01 -1.300000e+01
      vertex -7.204852e+01 -1.556050e+01 -2.050000e+01
    endloop
  endfacet
  facet normal -2.588185e-01  9.659259e-01  0.000000e+00
    outer loop
      vertex -7.204852e+01 -1.556050e+01 -2.050000e+01
      vertex -7.204852e+01 -1.556050e+01 -1.300000e+01
      vertex -7.161075e+01 -1.544320e+01 -1.300000e+01
    endloop
  endfacet
  facet normal -2.588185e-01  9.659259e-01  0.000000e+00
    outer loop
      vertex -7.204852e+01 -1.556050e+01 -2.050000e+01
      vertex -7.161075e+01 -1.544320e+01 -1.300000e+01
      vertex -7.161075e+01 -1.544320e+01 -2.050000e+01
    endloop
  endfacet
  facet normal -4.226155e-01  9.063090e-01  0.000000e+00
    outer loop
      vertex -7.161075e+01 -1.544320e+01 -2.050000e+01
      vertex -7.161075e+01 -1.544320e+01 -1.300000e+01
      vertex -7.120000e+01 -1.525167e+01 -1.300000e+01
    endloop
  endfacet
  facet normal -4.226155e-01  9.063090e-01  0.000000e+00
    outer loop
      vertex -7.161075e+01 -1.544320e+01 -2.050000e+01
      vertex -7.120000e+01 -1.525167e+01 -1.300000e+01
      vertex -7.120000e+01 -1.525167e+01 -2.050000e+01
    endloop
  endfacet
  facet normal -5.735781e-01  8.191508e-01  0.000000e+00
    outer loop
      vertex -7.120000e+01 -1.525167e+01 -2.050000e+01
      vertex -7.120000e+01 -1.525167e+01 -1.300000e+01
      vertex -7.082875e+01 -1.499172e+01 -1.300000e+01
    endloop
  endfacet
  facet normal -5.735781e-01  8.191508e-01  0.000000e+00
    outer loop
      vertex -7.120000e+01 -1.525167e+01 -2.050000e+01
      vertex -7.082875e+01 -1.499172e+01 -1.300000e+01
      vertex -7.082875e+01 -1.499172e+01 -2.050000e+01
    endloop
  endfacet
  facet normal -7.071100e-01  7.071037e-01  0.000000e+00
    outer loop
      vertex -7.082875e+01 -1.499172e+01 -2.050000e+01
      vertex -7.082875e+01 -1.499172e+01 -1.300000e+01
      vertex -7.050829e+01 -1.467125e+01 -1.300000e+01
    endloop
  endfacet
  facet normal -7.071100e-01  7.071037e-01  0.000000e+00
    outer loop
      vertex -7.082875e+01 -1.499172e+01 -2.050000e+01
      vertex -7.050829e+01 -1.467125e+01 -1.300000e+01
      vertex -7.050829e+01 -1.467125e+01 -2.050000e+01
    endloop
  endfacet
  facet normal -8.191535e-01  5.735743e-01  0.000000e+00
    outer loop
      vertex -7.050829e+01 -1.467125e+01 -2.050000e+01
      vertex -7.050829e+01 -1.467125e+01 -1.300000e+01
      vertex -7.024834e+01 -1.430000e+01 -1.300000e+01
    endloop
  endfacet
  facet normal -8.191535e-01  5.735743e-01  0.000000e+00
    outer loop
      vertex -7.050829e+01 -1.467125e+01 -2.050000e+01
      vertex -7.024834e+01 -1.430000e+01 -1.300000e+01
      vertex -7.024834e+01 -1.430000e+01 -2.050000e+01
    endloop
  endfacet
  facet normal -9.063068e-01  4.226205e-01  0.000000e+00
    outer loop
      vertex -7.024834e+01 -1.430000e+01 -2.050000e+01
      vertex -7.024834e+01 -1.430000e+01 -1.300000e+01
      vertex -7.005680e+01 -1.388925e+01 -1.300000e+01
    endloop
  endfacet
  facet normal -9.063068e-01  4.226205e-01  0.000000e+00
    outer loop
      vertex -7.024834e+01 -1.430000e+01 -2.050000e+01
      vertex -7.005680e+01 -1.388925e+01 -1.300000e+01
      vertex -7.005680e+01 -1.388925e+01 -2.050000e+01
    endloop
  endfacet
  facet normal -9.659243e-01  2.588244e-01  0.000000e+00
    outer loop
      vertex -7.005680e+01 -1.388925e+01 -2.050000e+01
      vertex -7.005680e+01 -1.388925e+01 -1.300000e+01
      vertex -6.993950e+01 -1.345149e+01 -1.300000e+01
    endloop
  endfacet
  facet normal -9.659243e-01  2.588244e-01  0.000000e+00
    outer loop
      vertex -7.005680e+01 -1.388925e+01 -2.050000e+01
      vertex -6.993950e+01 -1.345149e+01 -1.300000e+01
      vertex -6.993950e+01 -1.345149e+01 -2.050000e+01
    endloop
  endfacet
  facet normal -9.961951e-01  8.715026e-02  0.000000e+00
    outer loop
      vertex -6.993950e+01 -1.345149e+01 -2.050000e+01
      vertex -6.993950e+01 -1.345149e+01 -1.300000e+01
      vertex -6.990000e+01 -1.300000e+01 -1.300000e+01
    endloop
  endfacet
  facet normal -9.961951e-01  8.715026e-02  0.000000e+00
    outer loop
      vertex -6.993950e+01 -1.345149e+01 -2.050000e+01
      vertex -6.990000e+01 -1.300000e+01 -1.300000e+01
      vertex -6.990000e+01 -1.300000e+01 -2.050000e+01
    endloop
  endfacet
  facet normal -8.715671e-02  9.961946e-01  0.000000e+00
    outer loop
      vertex -7.204852e+01 -1.556050e+01 -1.300000e+01
      vertex -7.250000e+01 -1.560000e+01 -2.050000e+01
      vertex -7.250000e+01 -1.560000e+01 -1.300000e+01
    endloop
  endfacet
  facet normal  8.715671e-02  9.961946e-01  0.000000e+00
    outer loop
      vertex -7.250000e+01 -1.560000e+01 -1.300000e+01
      vertex -7.250000e+01 -1.560000e+01 -2.050000e+01
      vertex -7.295148e+01 -1.556050e+01 -2.050000e+01
    endloop
  endfacet
  facet normal  8.715671e-02  9.961946e-01  -0.000000e+00
    outer loop
      vertex -7.250000e+01 -1.560000e+01 -1.300000e+01
      vertex -7.295148e+01 -1.556050e+01 -2.050000e+01
      vertex -7.295148e+01 -1.556050e+01 -1.300000e+01
    endloop
  endfacet
  facet normal  2.588185e-01  9.659259e-01  0.000000e+00
    outer loop
      vertex -7.295148e+01 -1.556050e+01 -1.300000e+01
      vertex -7.295148e+01 -1.556050e+01 -2.050000e+01
      vertex -7.338925e+01 -1.544320e+01 -2.050000e+01
    endloop
  endfacet
  facet normal  2.588185e-01  9.659259e-01  -0.000000e+00
    outer loop
      vertex -7.295148e+01 -1.556050e+01 -1.300000e+01
      vertex -7.338925e+01 -1.544320e+01 -2.050000e+01
      vertex -7.338925e+01 -1.544320e+01 -1.300000e+01
    endloop
  endfacet
  facet normal  4.226155e-01  9.063090e-01  0.000000e+00
    outer loop
      vertex -7.338925e+01 -1.544320e+01 -1.300000e+01
      vertex -7.338925e+01 -1.544320e+01 -2.050000e+01
      vertex -7.380000e+01 -1.525167e+01 -2.050000e+01
    endloop
  endfacet
  facet normal  4.226155e-01  9.063090e-01  -0.000000e+00
    outer loop
      vertex -7.338925e+01 -1.544320e+01 -1.300000e+01
      vertex -7.380000e+01 -1.525167e+01 -2.050000e+01
      vertex -7.380000e+01 -1.525167e+01 -1.300000e+01
    endloop
  endfacet
  facet normal  5.735781e-01  8.191508e-01  0.000000e+00
    outer loop
      vertex -7.380000e+01 -1.525167e+01 -1.300000e+01
      vertex -7.380000e+01 -1.525167e+01 -2.050000e+01
      vertex -7.417125e+01 -1.499172e+01 -2.050000e+01
    endloop
  endfacet
  facet normal  5.735781e-01  8.191508e-01  -0.000000e+00
    outer loop
      vertex -7.380000e+01 -1.525167e+01 -1.300000e+01
      vertex -7.417125e+01 -1.499172e+01 -2.050000e+01
      vertex -7.417125e+01 -1.499172e+01 -1.300000e+01
    endloop
  endfacet
  facet normal  7.071100e-01  7.071037e-01  0.000000e+00
    outer loop
      vertex -7.417125e+01 -1.499172e+01 -1.300000e+01
      vertex -7.417125e+01 -1.499172e+01 -2.050000e+01
      vertex -7.449171e+01 -1.467125e+01 -2.050000e+01
    endloop
  endfacet
  facet normal  7.071100e-01  7.071037e-01  -0.000000e+00
    outer loop
      vertex -7.417125e+01 -1.499172e+01 -1.300000e+01
      vertex -7.449171e+01 -1.467125e+01 -2.050000e+01
      vertex -7.449171e+01 -1.467125e+01 -1.300000e+01
    endloop
  endfacet
  facet normal  8.191535e-01  5.735743e-01  0.000000e+00
    outer loop
      vertex -7.449171e+01 -1.467125e+01 -1.300000e+01
      vertex -7.449171e+01 -1.467125e+01 -2.050000e+01
      vertex -7.475166e+01 -1.430000e+01 -2.050000e+01
    endloop
  endfacet
  facet normal  8.191535e-01  5.735743e-01  -0.000000e+00
    outer loop
      vertex -7.449171e+01 -1.467125e+01 -1.300000e+01
      vertex -7.475166e+01 -1.430000e+01 -2.050000e+01
      vertex -7.475166e+01 -1.430000e+01 -1.300000e+01
    endloop
  endfacet
  facet normal  9.063068e-01  4.226205e-01  0.000000e+00
    outer loop
      vertex -7.475166e+01 -1.430000e+01 -1.300000e+01
      vertex -7.475166e+01 -1.430000e+01 -2.050000e+01
      vertex -7.494320e+01 -1.388925e+01 -2.050000e+01
    endloop
  endfacet
  facet normal  9.063068e-01  4.226205e-01  -0.000000e+00
    outer loop
      vertex -7.475166e+01 -1.430000e+01 -1.300000e+01
      vertex -7.494320e+01 -1.388925e+01 -2.050000e+01
      vertex -7.494320e+01 -1.388925e+01 -1.300000e+01
    endloop
  endfacet
  facet normal  9.659243e-01  2.588244e-01  0.000000e+00
    outer loop
      vertex -7.494320e+01 -1.388925e+01 -1.300000e+01
      vertex -7.494320e+01 -1.388925e+01 -2.050000e+01
      vertex -7.506050e+01 -1.345149e+01 -2.050000e+01
    endloop
  endfacet
  facet normal  9.659243e-01  2.588244e-01  -0.000000e+00
    outer loop
      vertex -7.494320e+01 -1.388925e+01 -1.300000e+01
      vertex -7.506050e+01 -1.345149e+01 -2.050000e+01
      vertex -7.506050e+01 -1.345149e+01 -1.300000e+01
    endloop
  endfacet
  facet normal  9.961951e-01  8.715026e-02  0.000000e+00
    outer loop
      vertex -7.506050e+01 -1.345149e+01 -1.300000e+01
      vertex -7.506050e+01 -1.345149e+01 -2.050000e+01
      vertex -7.510000e+01 -1.300000e+01 -2.050000e+01
    endloop
  endfacet
  facet normal  9.961951e-01  8.715026e-02  -0.000000e+00
    outer loop
      vertex -7.506050e+01 -1.345149e+01 -1.300000e+01
      vertex -7.510000e+01 -1.300000e+01 -2.050000e+01
      vertex -7.510000e+01 -1.300000e+01 -1.300000e+01
    endloop
  endfacet
  facet normal  7.064608e-01 -4.273404e-02 -7.064608e-01
    outer loop
      vertex -7.760000e+01 -1.300000e+01 -2.300000e+01
      vertex -7.756281e+01 -1.238526e+01 -2.300000e+01
      vertex -7.510000e+01 -1.300000e+01 -2.050000e+01
    endloop
  endfacet
  facet normal  7.034283e-01 -6.153811e-02 -7.080973e-01
    outer loop
      vertex -7.756281e+01 -1.238526e+01 -2.300000e+01
      vertex -7.506050e+01 -1.254851e+01 -2.050000e+01
      vertex -7.510000e+01 -1.300000e+01 -2.050000e+01
    endloop
  endfacet
  facet normal -7.034283e-01 -6.153811e-02 -7.080973e-01
    outer loop
      vertex -6.993950e+01 -1.254851e+01 -2.050000e+01
      vertex -6.743719e+01 -1.238526e+01 -2.300000e+01
      vertex -6.990000e+01 -1.300000e+01 -2.050000e+01
    endloop
  endfacet
  facet normal -7.064608e-01 -4.273404e-02 -7.064608e-01
    outer loop
      vertex -6.743719e+01 -1.238526e+01 -2.300000e+01
      vertex -6.740000e+01 -1.300000e+01 -2.300000e+01
      vertex -6.990000e+01 -1.300000e+01 -2.050000e+01
    endloop
  endfacet
  facet normal  6.968127e-01 -1.276909e-01 -7.057953e-01
    outer loop
      vertex -7.756281e+01 -1.238526e+01 -2.300000e+01
      vertex -7.745181e+01 -1.177949e+01 -2.300000e+01
      vertex -7.506050e+01 -1.254851e+01 -2.050000e+01
    endloop
  endfacet
  facet normal  6.759587e-01 -2.106365e-01 -7.061955e-01
    outer loop
      vertex -7.745181e+01 -1.177949e+01 -2.300000e+01
      vertex -7.726859e+01 -1.119151e+01 -2.300000e+01
      vertex -7.494320e+01 -1.211075e+01 -2.050000e+01
    endloop
  endfacet
  facet normal  6.818023e-01 -1.826925e-01 -7.083566e-01
    outer loop
      vertex -7.506050e+01 -1.254851e+01 -2.050000e+01
      vertex -7.745181e+01 -1.177949e+01 -2.300000e+01
      vertex -7.494320e+01 -1.211075e+01 -2.050000e+01
    endloop
  endfacet
  facet normal  6.061938e-01 -3.664522e-01 -7.058625e-01
    outer loop
      vertex -7.701582e+01 -1.062991e+01 -2.300000e+01
      vertex -7.669722e+01 -1.010287e+01 -2.300000e+01
      vertex -7.475166e+01 -1.170000e+01 -2.050000e+01
    endloop
  endfacet
  facet normal  6.403093e-01 -2.985830e-01 -7.077093e-01
    outer loop
      vertex -7.494320e+01 -1.211075e+01 -2.050000e+01
      vertex -7.701582e+01 -1.062991e+01 -2.300000e+01
      vertex -7.475166e+01 -1.170000e+01 -2.050000e+01
    endloop
  endfacet
  facet normal  6.450945e-01 -2.903388e-01 -7.067930e-01
    outer loop
      vertex -7.726859e+01 -1.119151e+01 -2.300000e+01
      vertex -7.701582e+01 -1.062991e+01 -2.300000e+01
      vertex -7.494320e+01 -1.211075e+01 -2.050000e+01
    endloop
  endfacet
  facet normal  5.574955e-01 -4.367711e-01 -7.059957e-01
    outer loop
      vertex -7.669722e+01 -1.010287e+01 -2.300000e+01
      vertex -7.631741e+01 -9.618074e+00 -2.300000e+01
      vertex -7.449171e+01 -1.132875e+01 -2.050000e+01
    endloop
  endfacet
  facet normal  5.780969e-01 -4.047856e-01 -7.084862e-01
    outer loop
      vertex -7.475166e+01 -1.170000e+01 -2.050000e+01
      vertex -7.669722e+01 -1.010287e+01 -2.300000e+01
      vertex -7.449171e+01 -1.132875e+01 -2.050000e+01
    endloop
  endfacet
  facet normal  4.367710e-01 -5.574957e-01 -7.059954e-01
    outer loop
      vertex -7.588193e+01 -9.182595e+00 -2.300000e+01
      vertex -7.539713e+01 -8.802782e+00 -2.300000e+01
      vertex -7.417125e+01 -1.100828e+01 -2.050000e+01
    endloop
  endfacet
  facet normal  4.999433e-01 -4.999389e-01 -7.071901e-01
    outer loop
      vertex -7.449171e+01 -1.132875e+01 -2.050000e+01
      vertex -7.588193e+01 -9.182595e+00 -2.300000e+01
      vertex -7.417125e+01 -1.100828e+01 -2.050000e+01
    endloop
  endfacet
  facet normal  4.999415e-01 -4.999404e-01 -7.071904e-01
    outer loop
      vertex -7.631741e+01 -9.618074e+00 -2.300000e+01
      vertex -7.588193e+01 -9.182595e+00 -2.300000e+01
      vertex -7.449171e+01 -1.132875e+01 -2.050000e+01
    endloop
  endfacet
  facet normal  3.664533e-01 -6.061938e-01 -7.058619e-01
    outer loop
      vertex -7.539713e+01 -8.802782e+00 -2.300000e+01
      vertex -7.487009e+01 -8.484175e+00 -2.300000e+01
      vertex -7.380000e+01 -1.074833e+01 -2.050000e+01
    endloop
  endfacet
  facet normal  4.047885e-01 -5.780954e-01 -7.084857e-01
    outer loop
      vertex -7.417125e+01 -1.100828e+01 -2.050000e+01
      vertex -7.539713e+01 -8.802782e+00 -2.300000e+01
      vertex -7.380000e+01 -1.074833e+01 -2.050000e+01
    endloop
  endfacet
  facet normal  2.106369e-01 -6.759591e-01 -7.061952e-01
    outer loop
      vertex -7.430849e+01 -8.231417e+00 -2.300000e+01
      vertex -7.372051e+01 -8.048197e+00 -2.300000e+01
      vertex -7.338925e+01 -1.055680e+01 -2.050000e+01
    endloop
  endfacet
  facet normal  2.990736e-01 -6.413704e-01 -7.065400e-01
    outer loop
      vertex -7.380000e+01 -1.074833e+01 -2.050000e+01
      vertex -7.430849e+01 -8.231417e+00 -2.300000e+01
      vertex -7.338925e+01 -1.055680e+01 -2.050000e+01
    endloop
  endfacet
  facet normal  2.899840e-01 -6.443115e-01 -7.076524e-01
    outer loop
      vertex -7.487009e+01 -8.484175e+00 -2.300000e+01
      vertex -7.430849e+01 -8.231417e+00 -2.300000e+01
      vertex -7.380000e+01 -1.074833e+01 -2.050000e+01
    endloop
  endfacet
  facet normal  1.276952e-01 -6.968117e-01 -7.057956e-01
    outer loop
      vertex -7.372051e+01 -8.048197e+00 -2.300000e+01
      vertex -7.311474e+01 -7.937185e+00 -2.300000e+01
      vertex -7.295148e+01 -1.043950e+01 -2.050000e+01
    endloop
  endfacet
  facet normal  1.826883e-01 -6.818035e-01 -7.083564e-01
    outer loop
      vertex -7.338925e+01 -1.055680e+01 -2.050000e+01
      vertex -7.372051e+01 -8.048197e+00 -2.300000e+01
      vertex -7.295148e+01 -1.043950e+01 -2.050000e+01
    endloop
  endfacet
  facet normal  4.273288e-02 -7.064609e-01 -7.064608e-01
    outer loop
      vertex -7.311474e+01 -7.937185e+00 -2.300000e+01
      vertex -7.250000e+01 -7.900000e+00 -2.300000e+01
      vertex -7.250000e+01 -1.040000e+01 -2.050000e+01
    endloop
  endfacet
  facet normal  6.154292e-02 -7.034274e-01 -7.080976e-01
    outer loop
      vertex -7.295148e+01 -1.043950e+01 -2.050000e+01
      vertex -7.311474e+01 -7.937185e+00 -2.300000e+01
      vertex -7.250000e+01 -1.040000e+01 -2.050000e+01
    endloop
  endfacet
  facet normal -1.276952e-01 -6.968117e-01 -7.057956e-01
    outer loop
      vertex -7.188526e+01 -7.937185e+00 -2.300000e+01
      vertex -7.127949e+01 -8.048197e+00 -2.300000e+01
      vertex -7.204852e+01 -1.043950e+01 -2.050000e+01
    endloop
  endfacet
  facet normal -6.154292e-02 -7.034274e-01 -7.080976e-01
    outer loop
      vertex -7.250000e+01 -1.040000e+01 -2.050000e+01
      vertex -7.188526e+01 -7.937185e+00 -2.300000e+01
      vertex -7.204852e+01 -1.043950e+01 -2.050000e+01
    endloop
  endfacet
  facet normal -2.106369e-01 -6.759589e-01 -7.061951e-01
    outer loop
      vertex -7.127949e+01 -8.048197e+00 -2.300000e+01
      vertex -7.069151e+01 -8.231417e+00 -2.300000e+01
      vertex -7.161075e+01 -1.055680e+01 -2.050000e+01
    endloop
  endfacet
  facet normal -1.826883e-01 -6.818035e-01 -7.083564e-01
    outer loop
      vertex -7.204852e+01 -1.043950e+01 -2.050000e+01
      vertex -7.127949e+01 -8.048197e+00 -2.300000e+01
      vertex -7.161075e+01 -1.055680e+01 -2.050000e+01
    endloop
  endfacet
  facet normal -3.664532e-01 -6.061938e-01 -7.058619e-01
    outer loop
      vertex -7.012991e+01 -8.484175e+00 -2.300000e+01
      vertex -6.960287e+01 -8.802782e+00 -2.300000e+01
      vertex -7.120000e+01 -1.074833e+01 -2.050000e+01
    endloop
  endfacet
  facet normal -2.985797e-01 -6.403112e-01 -7.077087e-01
    outer loop
      vertex -7.161075e+01 -1.055680e+01 -2.050000e+01
      vertex -7.012991e+01 -8.484175e+00 -2.300000e+01
      vertex -7.120000e+01 -1.074833e+01 -2.050000e+01
    endloop
  endfacet
  facet normal -2.903369e-01 -6.450957e-01 -7.067928e-01
    outer loop
      vertex -7.069151e+01 -8.231417e+00 -2.300000e+01
      vertex -7.012991e+01 -8.484175e+00 -2.300000e+01
      vertex -7.161075e+01 -1.055680e+01 -2.050000e+01
    endloop
  endfacet
  facet normal -4.367710e-01 -5.574957e-01 -7.059954e-01
    outer loop
      vertex -6.960287e+01 -8.802782e+00 -2.300000e+01
      vertex -6.911807e+01 -9.182595e+00 -2.300000e+01
      vertex -7.082875e+01 -1.100828e+01 -2.050000e+01
    endloop
  endfacet
  facet normal -4.047885e-01 -5.780954e-01 -7.084857e-01
    outer loop
      vertex -7.120000e+01 -1.074833e+01 -2.050000e+01
      vertex -6.960287e+01 -8.802782e+00 -2.300000e+01
      vertex -7.082875e+01 -1.100828e+01 -2.050000e+01
    endloop
  endfacet
  facet normal -5.574955e-01 -4.367711e-01 -7.059957e-01
    outer loop
      vertex -6.868259e+01 -9.618074e+00 -2.300000e+01
      vertex -6.830278e+01 -1.010287e+01 -2.300000e+01
      vertex -7.050829e+01 -1.132875e+01 -2.050000e+01
    endloop
  endfacet
  facet normal -4.999431e-01 -4.999387e-01 -7.071904e-01
    outer loop
      vertex -7.082875e+01 -1.100828e+01 -2.050000e+01
      vertex -6.868259e+01 -9.618074e+00 -2.300000e+01
      vertex -7.050829e+01 -1.132875e+01 -2.050000e+01
    endloop
  endfacet
  facet normal -4.999416e-01 -4.999406e-01 -7.071902e-01
    outer loop
      vertex -6.911807e+01 -9.182595e+00 -2.300000e+01
      vertex -6.868259e+01 -9.618074e+00 -2.300000e+01
      vertex -7.082875e+01 -1.100828e+01 -2.050000e+01
    endloop
  endfacet
  facet normal -6.061938e-01 -3.664522e-01 -7.058625e-01
    outer loop
      vertex -6.830278e+01 -1.010287e+01 -2.300000e+01
      vertex -6.798418e+01 -1.062991e+01 -2.300000e+01
      vertex -7.024834e+01 -1.170000e+01 -2.050000e+01
    endloop
  endfacet
  facet normal -5.780969e-01 -4.047856e-01 -7.084862e-01
    outer loop
      vertex -7.050829e+01 -1.132875e+01 -2.050000e+01
      vertex -6.830278e+01 -1.010287e+01 -2.300000e+01
      vertex -7.024834e+01 -1.170000e+01 -2.050000e+01
    endloop
  endfacet
  facet normal -6.759587e-01 -2.106365e-01 -7.061955e-01
    outer loop
      vertex -6.773141e+01 -1.119151e+01 -2.300000e+01
      vertex -6.754819e+01 -1.177949e+01 -2.300000e+01
      vertex -7.005680e+01 -1.211075e+01 -2.050000e+01
    endloop
  endfacet
  facet normal -6.413687e-01 -2.990770e-01 -7.065403e-01
    outer loop
      vertex -7.024834e+01 -1.170000e+01 -2.050000e+01
      vertex -6.773141e+01 -1.119151e+01 -2.300000e+01
      vertex -7.005680e+01 -1.211075e+01 -2.050000e+01
    endloop
  endfacet
  facet normal -6.443102e-01 -2.899858e-01 -7.076529e-01
    outer loop
      vertex -6.798418e+01 -1.062991e+01 -2.300000e+01
      vertex -6.773141e+01 -1.119151e+01 -2.300000e+01
      vertex -7.024834e+01 -1.170000e+01 -2.050000e+01
    endloop
  endfacet
  facet normal -6.968127e-01 -1.276909e-01 -7.057953e-01
    outer loop
      vertex -6.754819e+01 -1.177949e+01 -2.300000e+01
      vertex -6.743719e+01 -1.238526e+01 -2.300000e+01
      vertex -6.993950e+01 -1.254851e+01 -2.050000e+01
    endloop
  endfacet
  facet normal -6.818023e-01 -1.826925e-01 -7.083566e-01
    outer loop
      vertex -7.005680e+01 -1.211075e+01 -2.050000e+01
      vertex -6.754819e+01 -1.177949e+01 -2.300000e+01
      vertex -6.993950e+01 -1.254851e+01 -2.050000e+01
    endloop
  endfacet
  facet normal -4.273288e-02 -7.064609e-01 -7.064608e-01
    outer loop
      vertex -7.250000e+01 -7.900000e+00 -2.300000e+01
      vertex -7.188526e+01 -7.937185e+00 -2.300000e+01
      vertex -7.250000e+01 -1.040000e+01 -2.050000e+01
    endloop
  endfacet
  facet normal -7.064608e-01  4.273404e-02 -7.064608e-01
    outer loop
      vertex -6.740000e+01 -1.300000e+01 -2.300000e+01
      vertex -6.743719e+01 -1.361474e+01 -2.300000e+01
      vertex -6.990000e+01 -1.300000e+01 -2.050000e+01
    endloop
  endfacet
  facet normal -7.034283e-01  6.153811e-02 -7.080973e-01
    outer loop
      vertex -6.743719e+01 -1.361474e+01 -2.300000e+01
      vertex -6.993950e+01 -1.345149e+01 -2.050000e+01
      vertex -6.990000e+01 -1.300000e+01 -2.050000e+01
    endloop
  endfacet
  facet normal  7.034283e-01  6.153811e-02 -7.080973e-01
    outer loop
      vertex -7.506050e+01 -1.345149e+01 -2.050000e+01
      vertex -7.756281e+01 -1.361474e+01 -2.300000e+01
      vertex -7.510000e+01 -1.300000e+01 -2.050000e+01
    endloop
  endfacet
  facet normal  7.064608e-01  4.273404e-02 -7.064608e-01
    outer loop
      vertex -7.756281e+01 -1.361474e+01 -2.300000e+01
      vertex -7.760000e+01 -1.300000e+01 -2.300000e+01
      vertex -7.510000e+01 -1.300000e+01 -2.050000e+01
    endloop
  endfacet
  facet normal -6.968127e-01  1.276909e-01 -7.057953e-01
    outer loop
      vertex -6.743719e+01 -1.361474e+01 -2.300000e+01
      vertex -6.754819e+01 -1.422051e+01 -2.300000e+01
      vertex -6.993950e+01 -1.345149e+01 -2.050000e+01
    endloop
  endfacet
  facet normal -6.759587e-01  2.106365e-01 -7.061955e-01
    outer loop
      vertex -6.754819e+01 -1.422051e+01 -2.300000e+01
      vertex -6.773141e+01 -1.480849e+01 -2.300000e+01
      vertex -7.005680e+01 -1.388925e+01 -2.050000e+01
    endloop
  endfacet
  facet normal -6.818023e-01  1.826925e-01 -7.083566e-01
    outer loop
      vertex -6.993950e+01 -1.345149e+01 -2.050000e+01
      vertex -6.754819e+01 -1.422051e+01 -2.300000e+01
      vertex -7.005680e+01 -1.388925e+01 -2.050000e+01
    endloop
  endfacet
  facet normal -6.061938e-01  3.664522e-01 -7.058625e-01
    outer loop
      vertex -6.798418e+01 -1.537009e+01 -2.300000e+01
      vertex -6.830278e+01 -1.589713e+01 -2.300000e+01
      vertex -7.024834e+01 -1.430000e+01 -2.050000e+01
    endloop
  endfacet
  facet normal -6.403093e-01  2.985830e-01 -7.077093e-01
    outer loop
      vertex -7.005680e+01 -1.388925e+01 -2.050000e+01
      vertex -6.798418e+01 -1.537009e+01 -2.300000e+01
      vertex -7.024834e+01 -1.430000e+01 -2.050000e+01
    endloop
  endfacet
  facet normal -6.450945e-01  2.903388e-01 -7.067930e-01
    outer loop
      vertex -6.773141e+01 -1.480849e+01 -2.300000e+01
      vertex -6.798418e+01 -1.537009e+01 -2.300000e+01
      vertex -7.005680e+01 -1.388925e+01 -2.050000e+01
    endloop
  endfacet
  facet normal -5.574955e-01  4.367711e-01 -7.059957e-01
    outer loop
      vertex -6.830278e+01 -1.589713e+01 -2.300000e+01
      vertex -6.868259e+01 -1.638193e+01 -2.300000e+01
      vertex -7.050829e+01 -1.467125e+01 -2.050000e+01
    endloop
  endfacet
  facet normal -5.780969e-01  4.047856e-01 -7.084862e-01
    outer loop
      vertex -7.024834e+01 -1.430000e+01 -2.050000e+01
      vertex -6.830278e+01 -1.589713e+01 -2.300000e+01
      vertex -7.050829e+01 -1.467125e+01 -2.050000e+01
    endloop
  endfacet
  facet normal -4.367703e-01  5.574962e-01 -7.059955e-01
    outer loop
      vertex -6.911807e+01 -1.681741e+01 -2.300000e+01
      vertex -6.960287e+01 -1.719722e+01 -2.300000e+01
      vertex -7.082875e+01 -1.499172e+01 -2.050000e+01
    endloop
  endfacet
  facet normal -4.999433e-01  4.999388e-01 -7.071902e-01
    outer loop
      vertex -7.050829e+01 -1.467125e+01 -2.050000e+01
      vertex -6.911807e+01 -1.681741e+01 -2.300000e+01
      vertex -7.082875e+01 -1.499172e+01 -2.050000e+01
    endloop
  endfacet
  facet normal -4.999420e-01  4.999399e-01 -7.071903e-01
    outer loop
      vertex -6.868259e+01 -1.638193e+01 -2.300000e+01
      vertex -6.911807e+01 -1.681741e+01 -2.300000e+01
      vertex -7.050829e+01 -1.467125e+01 -2.050000e+01
    endloop
  endfacet
  facet normal -3.664533e-01  6.061938e-01 -7.058619e-01
    outer loop
      vertex -6.960287e+01 -1.719722e+01 -2.300000e+01
      vertex -7.012991e+01 -1.751583e+01 -2.300000e+01
      vertex -7.120000e+01 -1.525167e+01 -2.050000e+01
    endloop
  endfacet
  facet normal -4.047885e-01  5.780954e-01 -7.084857e-01
    outer loop
      vertex -7.082875e+01 -1.499172e+01 -2.050000e+01
      vertex -6.960287e+01 -1.719722e+01 -2.300000e+01
      vertex -7.120000e+01 -1.525167e+01 -2.050000e+01
    endloop
  endfacet
  facet normal -2.106369e-01  6.759591e-01 -7.061952e-01
    outer loop
      vertex -7.069151e+01 -1.776858e+01 -2.300000e+01
      vertex -7.127949e+01 -1.795180e+01 -2.300000e+01
      vertex -7.161075e+01 -1.544320e+01 -2.050000e+01
    endloop
  endfacet
  facet normal -2.990736e-01  6.413704e-01 -7.065400e-01
    outer loop
      vertex -7.120000e+01 -1.525167e+01 -2.050000e+01
      vertex -7.069151e+01 -1.776858e+01 -2.300000e+01
      vertex -7.161075e+01 -1.544320e+01 -2.050000e+01
    endloop
  endfacet
  facet normal -2.899840e-01  6.443115e-01 -7.076524e-01
    outer loop
      vertex -7.012991e+01 -1.751583e+01 -2.300000e+01
      vertex -7.069151e+01 -1.776858e+01 -2.300000e+01
      vertex -7.120000e+01 -1.525167e+01 -2.050000e+01
    endloop
  endfacet
  facet normal -1.276947e-01  6.968117e-01 -7.057955e-01
    outer loop
      vertex -7.127949e+01 -1.795180e+01 -2.300000e+01
      vertex -7.188526e+01 -1.806281e+01 -2.300000e+01
      vertex -7.204852e+01 -1.556050e+01 -2.050000e+01
    endloop
  endfacet
  facet normal -1.826883e-01  6.818035e-01 -7.083564e-01
    outer loop
      vertex -7.161075e+01 -1.544320e+01 -2.050000e+01
      vertex -7.127949e+01 -1.795180e+01 -2.300000e+01
      vertex -7.204852e+01 -1.556050e+01 -2.050000e+01
    endloop
  endfacet
  facet normal -4.273397e-02  7.064608e-01 -7.064608e-01
    outer loop
      vertex -7.188526e+01 -1.806281e+01 -2.300000e+01
      vertex -7.250000e+01 -1.810000e+01 -2.300000e+01
      vertex -7.250000e+01 -1.560000e+01 -2.050000e+01
    endloop
  endfacet
  facet normal -6.154263e-02  7.034276e-01 -7.080976e-01
    outer loop
      vertex -7.204852e+01 -1.556050e+01 -2.050000e+01
      vertex -7.188526e+01 -1.806281e+01 -2.300000e+01
      vertex -7.250000e+01 -1.560000e+01 -2.050000e+01
    endloop
  endfacet
  facet normal  1.276947e-01  6.968117e-01 -7.057955e-01
    outer loop
      vertex -7.311474e+01 -1.806281e+01 -2.300000e+01
      vertex -7.372051e+01 -1.795180e+01 -2.300000e+01
      vertex -7.295148e+01 -1.556050e+01 -2.050000e+01
    endloop
  endfacet
  facet normal  6.154263e-02  7.034276e-01 -7.080976e-01
    outer loop
      vertex -7.250000e+01 -1.560000e+01 -2.050000e+01
      vertex -7.311474e+01 -1.806281e+01 -2.300000e+01
      vertex -7.295148e+01 -1.556050e+01 -2.050000e+01
    endloop
  endfacet
  facet normal  2.106369e-01  6.759589e-01 -7.061951e-01
    outer loop
      vertex -7.372051e+01 -1.795180e+01 -2.300000e+01
      vertex -7.430849e+01 -1.776858e+01 -2.300000e+01
      vertex -7.338925e+01 -1.544320e+01 -2.050000e+01
    endloop
  endfacet
  facet normal  1.826883e-01  6.818035e-01 -7.083564e-01
    outer loop
      vertex -7.295148e+01 -1.556050e+01 -2.050000e+01
      vertex -7.372051e+01 -1.795180e+01 -2.300000e+01
      vertex -7.338925e+01 -1.544320e+01 -2.050000e+01
    endloop
  endfacet
  facet normal  3.664532e-01  6.061938e-01 -7.058619e-01
    outer loop
      vertex -7.487009e+01 -1.751583e+01 -2.300000e+01
      vertex -7.539713e+01 -1.719722e+01 -2.300000e+01
      vertex -7.380000e+01 -1.525167e+01 -2.050000e+01
    endloop
  endfacet
  facet normal  2.985797e-01  6.403112e-01 -7.077087e-01
    outer loop
      vertex -7.338925e+01 -1.544320e+01 -2.050000e+01
      vertex -7.487009e+01 -1.751583e+01 -2.300000e+01
      vertex -7.380000e+01 -1.525167e+01 -2.050000e+01
    endloop
  endfacet
  facet normal  2.903369e-01  6.450957e-01 -7.067928e-01
    outer loop
      vertex -7.430849e+01 -1.776858e+01 -2.300000e+01
      vertex -7.487009e+01 -1.751583e+01 -2.300000e+01
      vertex -7.338925e+01 -1.544320e+01 -2.050000e+01
    endloop
  endfacet
  facet normal  4.367703e-01  5.574962e-01 -7.059955e-01
    outer loop
      vertex -7.539713e+01 -1.719722e+01 -2.300000e+01
      vertex -7.588193e+01 -1.681741e+01 -2.300000e+01
      vertex -7.417125e+01 -1.499172e+01 -2.050000e+01
    endloop
  endfacet
  facet normal  4.047885e-01  5.780954e-01 -7.084857e-01
    outer loop
      vertex -7.380000e+01 -1.525167e+01 -2.050000e+01
      vertex -7.539713e+01 -1.719722e+01 -2.300000e+01
      vertex -7.417125e+01 -1.499172e+01 -2.050000e+01
    endloop
  endfacet
  facet normal  5.574955e-01  4.367711e-01 -7.059957e-01
    outer loop
      vertex -7.631741e+01 -1.638193e+01 -2.300000e+01
      vertex -7.669722e+01 -1.589713e+01 -2.300000e+01
      vertex -7.449171e+01 -1.467125e+01 -2.050000e+01
    endloop
  endfacet
  facet normal  4.999431e-01  4.999387e-01 -7.071904e-01
    outer loop
      vertex -7.417125e+01 -1.499172e+01 -2.050000e+01
      vertex -7.631741e+01 -1.638193e+01 -2.300000e+01
      vertex -7.449171e+01 -1.467125e+01 -2.050000e+01
    endloop
  endfacet
  facet normal  4.999421e-01  4.999399e-01 -7.071902e-01
    outer loop
      vertex -7.588193e+01 -1.681741e+01 -2.300000e+01
      vertex -7.631741e+01 -1.638193e+01 -2.300000e+01
      vertex -7.417125e+01 -1.499172e+01 -2.050000e+01
    endloop
  endfacet
  facet normal  6.061938e-01  3.664522e-01 -7.058625e-01
    outer loop
      vertex -7.669722e+01 -1.589713e+01 -2.300000e+01
      vertex -7.701582e+01 -1.537009e+01 -2.300000e+01
      vertex -7.475166e+01 -1.430000e+01 -2.050000e+01
    endloop
  endfacet
  facet normal  5.780969e-01  4.047856e-01 -7.084862e-01
    outer loop
      vertex -7.449171e+01 -1.467125e+01 -2.050000e+01
      vertex -7.669722e+01 -1.589713e+01 -2.300000e+01
      vertex -7.475166e+01 -1.430000e+01 -2.050000e+01
    endloop
  endfacet
  facet normal  6.759587e-01  2.106365e-01 -7.061955e-01
    outer loop
      vertex -7.726859e+01 -1.480849e+01 -2.300000e+01
      vertex -7.745181e+01 -1.422051e+01 -2.300000e+01
      vertex -7.494320e+01 -1.388925e+01 -2.050000e+01
    endloop
  endfacet
  facet normal  6.413687e-01  2.990770e-01 -7.065403e-01
    outer loop
      vertex -7.475166e+01 -1.430000e+01 -2.050000e+01
      vertex -7.726859e+01 -1.480849e+01 -2.300000e+01
      vertex -7.494320e+01 -1.388925e+01 -2.050000e+01
    endloop
  endfacet
  facet normal  6.443102e-01  2.899858e-01 -7.076529e-01
    outer loop
      vertex -7.701582e+01 -1.537009e+01 -2.300000e+01
      vertex -7.726859e+01 -1.480849e+01 -2.300000e+01
      vertex -7.475166e+01 -1.430000e+01 -2.050000e+01
    endloop
  endfacet
  facet normal  6.968127e-01  1.276909e-01 -7.057953e-01
    outer loop
      vertex -7.745181e+01 -1.422051e+01 -2.300000e+01
      vertex -7.756281e+01 -1.361474e+01 -2.300000e+01
      vertex -7.506050e+01 -1.345149e+01 -2.050000e+01
    endloop
  endfacet
  facet normal  6.818023e-01  1.826925e-01 -7.083566e-01
    outer loop
      vertex -7.494320e+01 -1.388925e+01 -2.050000e+01
      vertex -7.745181e+01 -1.422051e+01 -2.300000e+01
      vertex -7.506050e+01 -1.345149e+01 -2.050000e+01
    endloop
  endfacet
  facet normal  4.273397e-02  7.064608e-01 -7.064608e-01
    outer loop
      vertex -7.250000e+01 -1.810000e+01 -2.300000e+01
      vertex -7.311474e+01 -1.806281e+01 -2.300000e+01
      vertex -7.250000e+01 -1.560000e+01 -2.050000e+01
    endloop
  endfacet
  facet normal  1.253337e-01  0.000000e+00  9.921147e-01
    outer loop
      vertex -3.139526e-01 -1.800000e+01 -4.990134e+00
      vertex -9.369066e-01  2.300000e+01 -4.911436e+00
      vertex -9.369066e-01 -1.800000e+01 -4.911436e+00
    endloop
  endfacet
  facet normal  2.486899e-01  -0.000000e+00  9.685832e-01
    outer loop
      vertex -9.369066e-01 -1.800000e+01 -4.911436e+00
      vertex -9.369066e-01  2.300000e+01 -4.911436e+00
      vertex -1.545085e+00  2.300000e+01 -4.755282e+00
    endloop
  endfacet
  facet normal  2.486899e-01  0.000000e+00  9.685832e-01
    outer loop
      vertex -9.369066e-01 -1.800000e+01 -4.911436e+00
      vertex -1.545085e+00  2.300000e+01 -4.755282e+00
      vertex -1.545085e+00 -1.800000e+01 -4.755282e+00
    endloop
  endfacet
  facet normal  3.681245e-01  -0.000000e+00  9.297764e-01
    outer loop
      vertex -1.545085e+00 -1.800000e+01 -4.755282e+00
      vertex -1.545085e+00  2.300000e+01 -4.755282e+00
      vertex -2.128896e+00  2.300000e+01 -4.524135e+00
    endloop
  endfacet
  facet normal  3.681245e-01  0.000000e+00  9.297764e-01
    outer loop
      vertex -1.545085e+00 -1.800000e+01 -4.755282e+00
      vertex -2.128896e+00  2.300000e+01 -4.524135e+00
      vertex -2.128896e+00 -1.800000e+01 -4.524135e+00
    endloop
  endfacet
  facet normal  4.817536e-01  -0.000000e+00  8.763067e-01
    outer loop
      vertex -2.128896e+00 -1.800000e+01 -4.524135e+00
      vertex -2.128896e+00  2.300000e+01 -4.524135e+00
      vertex -2.679134e+00  2.300000e+01 -4.221640e+00
    endloop
  endfacet
  facet normal  4.817536e-01  0.000000e+00  8.763067e-01
    outer loop
      vertex -2.128896e+00 -1.800000e+01 -4.524135e+00
      vertex -2.679134e+00  2.300000e+01 -4.221640e+00
      vertex -2.679134e+00 -1.800000e+01 -4.221640e+00
    endloop
  endfacet
  facet normal  5.877852e-01  -0.000000e+00  8.090171e-01
    outer loop
      vertex -2.679134e+00 -1.800000e+01 -4.221640e+00
      vertex -2.679134e+00  2.300000e+01 -4.221640e+00
      vertex -3.187120e+00  2.300000e+01 -3.852566e+00
    endloop
  endfacet
  facet normal  5.877852e-01  0.000000e+00  8.090171e-01
    outer loop
      vertex -2.679134e+00 -1.800000e+01 -4.221640e+00
      vertex -3.187120e+00  2.300000e+01 -3.852566e+00
      vertex -3.187120e+00 -1.800000e+01 -3.852566e+00
    endloop
  endfacet
  facet normal  6.845472e-01  -0.000000e+00  7.289685e-01
    outer loop
      vertex -3.187120e+00 -1.800000e+01 -3.852566e+00
      vertex -3.187120e+00  2.300000e+01 -3.852566e+00
      vertex -3.644843e+00  2.300000e+01 -3.422735e+00
    endloop
  endfacet
  facet normal  6.845472e-01  0.000000e+00  7.289685e-01
    outer loop
      vertex -3.187120e+00 -1.800000e+01 -3.852566e+00
      vertex -3.644843e+00  2.300000e+01 -3.422735e+00
      vertex -3.644843e+00 -1.800000e+01 -3.422735e+00
    endloop
  endfacet
  facet normal  7.705132e-01  -0.000000e+00  6.374241e-01
    outer loop
      vertex -3.644843e+00 -1.800000e+01 -3.422735e+00
      vertex -3.644843e+00  2.300000e+01 -3.422735e+00
      vertex -4.045085e+00  2.300000e+01 -2.938926e+00
    endloop
  endfacet
  facet normal  7.705132e-01  0.000000e+00  6.374241e-01
    outer loop
      vertex -3.644843e+00 -1.800000e+01 -3.422735e+00
      vertex -4.045085e+00  2.300000e+01 -2.938926e+00
      vertex -4.045085e+00 -1.800000e+01 -2.938926e+00
    endloop
  endfacet
  facet normal  8.443277e-01  -0.000000e+00  5.358272e-01
    outer loop
      vertex -4.045085e+00 -1.800000e+01 -2.938926e+00
      vertex -4.045085e+00  2.300000e+01 -2.938926e+00
      vertex -4.381534e+00  2.300000e+01 -2.408768e+00
    endloop
  endfacet
  facet normal  8.443277e-01  0.000000e+00  5.358272e-01
    outer loop
      vertex -4.045085e+00 -1.800000e+01 -2.938926e+00
      vertex -4.381534e+00  2.300000e+01 -2.408768e+00
      vertex -4.381534e+00 -1.800000e+01 -2.408768e+00
    endloop
  endfacet
  facet normal  9.048272e-01  -0.000000e+00  4.257790e-01
    outer loop
      vertex -4.381534e+00 -1.800000e+01 -2.408768e+00
      vertex -4.381534e+00  2.300000e+01 -2.408768e+00
      vertex -4.648882e+00  2.300000e+01 -1.840623e+00
    endloop
  endfacet
  facet normal  9.048272e-01  0.000000e+00  4.257790e-01
    outer loop
      vertex -4.381534e+00 -1.800000e+01 -2.408768e+00
      vertex -4.648882e+00  2.300000e+01 -1.840623e+00
      vertex -4.648882e+00 -1.800000e+01 -1.840623e+00
    endloop
  endfacet
  facet normal  9.510564e-01  -0.000000e+00  3.090174e-01
    outer loop
      vertex -4.648882e+00 -1.800000e+01 -1.840623e+00
      vertex -4.648882e+00  2.300000e+01 -1.840623e+00
      vertex -4.842916e+00  2.300000e+01 -1.243449e+00
    endloop
  endfacet
  facet normal  9.510564e-01  0.000000e+00  3.090174e-01
    outer loop
      vertex -4.648882e+00 -1.800000e+01 -1.840623e+00
      vertex -4.842916e+00  2.300000e+01 -1.243449e+00
      vertex -4.842916e+00 -1.800000e+01 -1.243449e+00
    endloop
  endfacet
  facet normal  9.822873e-01  -0.000000e+00  1.873813e-01
    outer loop
      vertex -4.842916e+00 -1.800000e+01 -1.243449e+00
      vertex -4.842916e+00  2.300000e+01 -1.243449e+00
      vertex -4.960574e+00  2.300000e+01 -6.266662e-01
    endloop
  endfacet
  facet normal  9.822873e-01  0.000000e+00  1.873813e-01
    outer loop
      vertex -4.842916e+00 -1.800000e+01 -1.243449e+00
      vertex -4.960574e+00  2.300000e+01 -6.266662e-01
      vertex -4.960574e+00 -1.800000e+01 -6.266662e-01
    endloop
  endfacet
  facet normal  9.980268e-01  -0.000000e+00  6.279025e-02
    outer loop
      vertex -4.960574e+00 -1.800000e+01 -6.266662e-01
      vertex -4.960574e+00  2.300000e+01 -6.266662e-01
      vertex -5.000000e+00  2.300000e+01 -6.123234e-16
    endloop
  endfacet
  facet normal  9.980268e-01  0.000000e+00  6.279025e-02
    outer loop
      vertex -4.960574e+00 -1.800000e+01 -6.266662e-01
      vertex -5.000000e+00  2.300000e+01 -6.123234e-16
      vertex -5.000000e+00 -1.800000e+01 -6.123234e-16
    endloop
  endfacet
  facet normal  1.253337e-01  -0.000000e+00  9.921147e-01
    outer loop
      vertex -9.369066e-01  2.300000e+01 -4.911436e+00
      vertex -3.139526e-01 -1.800000e+01 -4.990134e+00
      vertex -3.139526e-01  2.300000e+01 -4.990134e+00
    endloop
  endfacet
  facet normal  0.000000e+00  0.000000e+00  1.000000e+00
    outer loop
      vertex -3.139526e-01  2.300000e+01 -4.990134e+00
      vertex -3.139526e-01 -1.800000e+01 -4.990134e+00
      vertex  3.139526e-01 -1.800000e+01 -4.990134e+00
    endloop
  endfacet
  facet normal  0.000000e+00  -0.000000e+00  1.000000e+00
    outer loop
      vertex -3.139526e-01  2.300000e+01 -4.990134e+00
      vertex  3.139526e-01 -1.800000e+01 -4.990134e+00
      vertex  3.139526e-01  2.300000e+01 -4.990134e+00
    endloop
  endfacet
  facet normal -1.253337e-01  0.000000e+00  9.921147e-01
    outer loop
      vertex  3.139526e-01  2.300000e+01 -4.990134e+00
      vertex  3.139526e-01 -1.800000e+01 -4.990134e+00
      vertex  9.369066e-01 -1.800000e+01 -4.911436e+00
    endloop
  endfacet
  facet normal -1.253337e-01  0.000000e+00  9.921147e-01
    outer loop
      vertex  3.139526e-01  2.300000e+01 -4.990134e+00
      vertex  9.369066e-01 -1.800000e+01 -4.911436e+00
      vertex  9.369066e-01  2.300000e+01 -4.911436e+00
    endloop
  endfacet
  facet normal -2.486899e-01  0.000000e+00  9.685832e-01
    outer loop
      vertex  9.369066e-01  2.300000e+01 -4.911436e+00
      vertex  9.369066e-01 -1.800000e+01 -4.911436e+00
      vertex  1.545085e+00 -1.800000e+01 -4.755282e+00
    endloop
  endfacet
  facet normal -2.486899e-01  0.000000e+00  9.685832e-01
    outer loop
      vertex  9.369066e-01  2.300000e+01 -4.911436e+00
      vertex  1.545085e+00 -1.800000e+01 -4.755282e+00
      vertex  1.545085e+00  2.300000e+01 -4.755282e+00
    endloop
  endfacet
  facet normal -3.681245e-01  0.000000e+00  9.297764e-01
    outer loop
      vertex  1.545085e+00  2.300000e+01 -4.755282e+00
      vertex  1.545085e+00 -1.800000e+01 -4.755282e+00
      vertex  2.128896e+00 -1.800000e+01 -4.524135e+00
    endloop
  endfacet
  facet normal -3.681245e-01  0.000000e+00  9.297764e-01
    outer loop
      vertex  1.545085e+00  2.300000e+01 -4.755282e+00
      vertex  2.128896e+00 -1.800000e+01 -4.524135e+00
      vertex  2.128896e+00  2.300000e+01 -4.524135e+00
    endloop
  endfacet
  facet normal -4.817536e-01  0.000000e+00  8.763067e-01
    outer loop
      vertex  2.128896e+00  2.300000e+01 -4.524135e+00
      vertex  2.128896e+00 -1.800000e+01 -4.524135e+00
      vertex  2.679134e+00 -1.800000e+01 -4.221640e+00
    endloop
  endfacet
  facet normal -4.817536e-01  0.000000e+00  8.763067e-01
    outer loop
      vertex  2.128896e+00  2.300000e+01 -4.524135e+00
      vertex  2.679134e+00 -1.800000e+01 -4.221640e+00
      vertex  2.679134e+00  2.300000e+01 -4.221640e+00
    endloop
  endfacet
  facet normal -5.877852e-01  0.000000e+00  8.090171e-01
    outer loop
      vertex  2.679134e+00  2.300000e+01 -4.221640e+00
      vertex  2.679134e+00 -1.800000e+01 -4.221640e+00
      vertex  3.187120e+00 -1.800000e+01 -3.852566e+00
    endloop
  endfacet
  facet normal -5.877852e-01  0.000000e+00  8.090171e-01
    outer loop
      vertex  2.679134e+00  2.300000e+01 -4.221640e+00
      vertex  3.187120e+00 -1.800000e+01 -3.852566e+00
      vertex  3.187120e+00  2.300000e+01 -3.852566e+00
    endloop
  endfacet
  facet normal -6.845472e-01  0.000000e+00  7.289685e-01
    outer loop
      vertex  3.187120e+00  2.300000e+01 -3.852566e+00
      vertex  3.187120e+00 -1.800000e+01 -3.852566e+00
      vertex  3.644843e+00 -1.800000e+01 -3.422735e+00
    endloop
  endfacet
  facet normal -6.845472e-01  0.000000e+00  7.289685e-01
    outer loop
      vertex  3.187120e+00  2.300000e+01 -3.852566e+00
      vertex  3.644843e+00 -1.800000e+01 -3.422735e+00
      vertex  3.644843e+00  2.300000e+01 -3.422735e+00
    endloop
  endfacet
  facet normal -7.705132e-01  0.000000e+00  6.374241e-01
    outer loop
      vertex  3.644843e+00  2.300000e+01 -3.422735e+00
      vertex  3.644843e+00 -1.800000e+01 -3.422735e+00
      vertex  4.045085e+00 -1.800000e+01 -2.938926e+00
    endloop
  endfacet
  facet normal -7.705132e-01  0.000000e+00  6.374241e-01
    outer loop
      vertex  3.644843e+00  2.300000e+01 -3.422735e+00
      vertex  4.045085e+00 -1.800000e+01 -2.938926e+00
      vertex  4.045085e+00  2.300000e+01 -2.938926e+00
    endloop
  endfacet
  facet normal -8.443277e-01  0.000000e+00  5.358272e-01
    outer loop
      vertex  4.045085e+00  2.300000e+01 -2.938926e+00
      vertex  4.045085e+00 -1.800000e+01 -2.938926e+00
      vertex  4.381534e+00 -1.800000e+01 -2.408768e+00
    endloop
  endfacet
  facet normal -8.443277e-01  0.000000e+00  5.358272e-01
    outer loop
      vertex  4.045085e+00  2.300000e+01 -2.938926e+00
      vertex  4.381534e+00 -1.800000e+01 -2.408768e+00
      vertex  4.381534e+00  2.300000e+01 -2.408768e+00
    endloop
  endfacet
  facet normal -9.048272e-01  0.000000e+00  4.257790e-01
    outer loop
      vertex  4.381534e+00  2.300000e+01 -2.408768e+00
      vertex  4.381534e+00 -1.800000e+01 -2.408768e+00
      vertex  4.648882e+00 -1.800000e+01 -1.840623e+00
    endloop
  endfacet
  facet normal -9.048272e-01  0.000000e+00  4.257790e-01
    outer loop
      vertex  4.381534e+00  2.300000e+01 -2.408768e+00
      vertex  4.648882e+00 -1.800000e+01 -1.840623e+00
      vertex  4.648882e+00  2.300000e+01 -1.840623e+00
    endloop
  endfacet
  facet normal -9.510564e-01  0.000000e+00  3.090174e-01
    outer loop
      vertex  4.648882e+00  2.300000e+01 -1.840623e+00
      vertex  4.648882e+00 -1.800000e+01 -1.840623e+00
      vertex  4.842916e+00 -1.800000e+01 -1.243449e+00
    endloop
  endfacet
  facet normal -9.510564e-01  0.000000e+00  3.090174e-01
    outer loop
      vertex  4.648882e+00  2.300000e+01 -1.840623e+00
      vertex  4.842916e+00 -1.800000e+01 -1.243449e+00
      vertex  4.842916e+00  2.300000e+01 -1.243449e+00
    endloop
  endfacet
  facet normal -9.822873e-01  0.000000e+00  1.873813e-01
    outer loop
      vertex  4.842916e+00  2.300000e+01 -1.243449e+00
      vertex  4.842916e+00 -1.800000e+01 -1.243449e+00
      vertex  4.960574e+00 -1.800000e+01 -6.266662e-01
    endloop
  endfacet
  facet normal -9.822873e-01  0.000000e+00  1.873813e-01
    outer loop
      vertex  4.842916e+00  2.300000e+01 -1.243449e+00
      vertex  4.960574e+00 -1.800000e+01 -6.266662e-01
      vertex  4.960574e+00  2.300000e+01 -6.266662e-01
    endloop
  endfacet
  facet normal -9.980268e-01  0.000000e+00  6.279025e-02
    outer loop
      vertex  4.960574e+00  2.300000e+01 -6.266662e-01
      vertex  4.960574e+00 -1.800000e+01 -6.266662e-01
      vertex  5.000000e+00 -1.800000e+01  0.000000e+00
    endloop
  endfacet
  facet normal -9.980268e-01  0.000000e+00  6.279025e-02
    outer loop
      vertex  4.960574e+00  2.300000e+01 -6.266662e-01
      vertex  5.000000e+00 -1.800000e+01  0.000000e+00
      vertex  5.000000e+00  2.300000e+01  0.000000e+00
    endloop
  endfacet
  facet normal -1.253337e-01  -0.000000e+00 -9.921147e-01
    outer loop
      vertex  3.139526e-01 -1.800000e+01  4.990134e+00
      vertex  9.369066e-01  2.300000e+01  4.911436e+00
      vertex  9.369066e-01 -1.800000e+01  4.911436e+00
    endloop
  endfacet
  facet normal -2.486899e-01  0.000000e+00 -9.685832e-01
    outer loop
      vertex  9.369066e-01 -1.800000e+01  4.911436e+00
      vertex  9.369066e-01  2.300000e+01  4.911436e+00
      vertex  1.545085e+00  2.300000e+01  4.755282e+00
    endloop
  endfacet
  facet normal -2.486899e-01  -0.000000e+00 -9.685832e-01
    outer loop
      vertex  9.369066e-01 -1.800000e+01  4.911436e+00
      vertex  1.545085e+00  2.300000e+01  4.755282e+00
      vertex  1.545085e+00 -1.800000e+01  4.755282e+00
    endloop
  endfacet
  facet normal -3.681245e-01  0.000000e+00 -9.297764e-01
    outer loop
      vertex  1.545085e+00 -1.800000e+01  4.755282e+00
      vertex  1.545085e+00  2.300000e+01  4.755282e+00
      vertex  2.128896e+00  2.300000e+01  4.524135e+00
    endloop
  endfacet
  facet normal -3.681245e-01  -0.000000e+00 -9.297764e-01
    outer loop
      vertex  1.545085e+00 -1.800000e+01  4.755282e+00
      vertex  2.128896e+00  2.300000e+01  4.524135e+00
      vertex  2.128896e+00 -1.800000e+01  4.524135e+00
    endloop
  endfacet
  facet normal -4.817536e-01  0.000000e+00 -8.763067e-01
    outer loop
      vertex  2.128896e+00 -1.800000e+01  4.524135e+00
      vertex  2.128896e+00  2.300000e+01  4.524135e+00
      vertex  2.679134e+00  2.300000e+01  4.221640e+00
    endloop
  endfacet
  facet normal -4.817536e-01  -0.000000e+00 -8.763067e-01
    outer loop
      vertex  2.128896e+00 -1.800000e+01  4.524135e+00
      vertex  2.679134e+00  2.300000e+01  4.221640e+00
      vertex  2.679134e+00 -1.800000e+01  4.221640e+00
    endloop
  endfacet
  facet normal -5.877852e-01  0.000000e+00 -8.090171e-01
    outer loop
      vertex  2.679134e+00 -1.800000e+01  4.221640e+00
      vertex  2.679134e+00  2.300000e+01  4.221640e+00
      vertex  3.187120e+00  2.300000e+01  3.852566e+00
    endloop
  endfacet
  facet normal -5.877852e-01  -0.000000e+00 -8.090171e-01
    outer loop
      vertex  2.679134e+00 -1.800000e+01  4.221640e+00
      vertex  3.187120e+00  2.300000e+01  3.852566e+00
      vertex  3.187120e+00 -1.800000e+01  3.852566e+00
    endloop
  endfacet
  facet normal -6.845472e-01  0.000000e+00 -7.289685e-01
    outer loop
      vertex  3.187120e+00 -1.800000e+01  3.852566e+00
      vertex  3.187120e+00  2.300000e+01  3.852566e+00
      vertex  3.644843e+00  2.300000e+01  3.422735e+00
    endloop
  endfacet
  facet normal -6.845472e-01  -0.000000e+00 -7.289685e-01
    outer loop
      vertex  3.187120e+00 -1.800000e+01  3.852566e+00
      vertex  3.644843e+00  2.300000e+01  3.422735e+00
      vertex  3.644843e+00 -1.800000e+01  3.422735e+00
    endloop
  endfacet
  facet normal -7.705132e-01  0.000000e+00 -6.374241e-01
    outer loop
      vertex  3.644843e+00 -1.800000e+01  3.422735e+00
      vertex  3.644843e+00  2.300000e+01  3.422735e+00
      vertex  4.045085e+00  2.300000e+01  2.938926e+00
    endloop
  endfacet
  facet normal -7.705132e-01  -0.000000e+00 -6.374241e-01
    outer loop
      vertex  3.644843e+00 -1.800000e+01  3.422735e+00
      vertex  4.045085e+00  2.300000e+01  2.938926e+00
      vertex  4.045085e+00 -1.800000e+01  2.938926e+00
    endloop
  endfacet
  facet normal -8.443277e-01  0.000000e+00 -5.358272e-01
    outer loop
      vertex  4.045085e+00 -1.800000e+01  2.938926e+00
      vertex  4.045085e+00  2.300000e+01  2.938926e+00
      vertex  4.381534e+00  2.300000e+01  2.408768e+00
    endloop
  endfacet
  facet normal -8.443277e-01  -0.000000e+00 -5.358272e-01
    outer loop
      vertex  4.045085e+00 -1.800000e+01  2.938926e+00
      vertex  4.381534e+00  2.300000e+01  2.408768e+00
      vertex  4.381534e+00 -1.800000e+01  2.408768e+00
    endloop
  endfacet
  facet normal -9.048272e-01  0.000000e+00 -4.257790e-01
    outer loop
      vertex  4.381534e+00 -1.800000e+01  2.408768e+00
      vertex  4.381534e+00  2.300000e+01  2.408768e+00
      vertex  4.648882e+00  2.300000e+01  1.840623e+00
    endloop
  endfacet
  facet normal -9.048272e-01  -0.000000e+00 -4.257790e-01
    outer loop
      vertex  4.381534e+00 -1.800000e+01  2.408768e+00
      vertex  4.648882e+00  2.300000e+01  1.840623e+00
      vertex  4.648882e+00 -1.800000e+01  1.840623e+00
    endloop
  endfacet
  facet normal -9.510564e-01  0.000000e+00 -3.090174e-01
    outer loop
      vertex  4.648882e+00 -1.800000e+01  1.840623e+00
      vertex  4.648882e+00  2.300000e+01  1.840623e+00
      vertex  4.842916e+00  2.300000e+01  1.243449e+00
    endloop
  endfacet
  facet normal -9.510564e-01  -0.000000e+00 -3.090174e-01
    outer loop
      vertex  4.648882e+00 -1.800000e+01  1.840623e+00
      vertex  4.842916e+00  2.300000e+01  1.243449e+00
      vertex  4.842916e+00 -1.800000e+01  1.243449e+00
    endloop
  endfacet
  facet normal -9.822873e-01  0.000000e+00 -1.873813e-01
    outer loop
      vertex  4.842916e+00 -1.800000e+01  1.243449e+00
      vertex  4.842916e+00  2.300000e+01  1.243449e+00
      vertex  4.960574e+00  2.300000e+01  6.266662e-01
    endloop
  endfacet
  facet normal -9.822873e-01  -0.000000e+00 -1.873813e-01
    outer loop
      vertex  4.842916e+00 -1.800000e+01  1.243449e+00
      vertex  4.960574e+00  2.300000e+01  6.266662e-01
      vertex  4.960574e+00 -1.800000e+01  6.266662e-01
    endloop
  endfacet
  facet normal -9.980268e-01  0.000000e+00 -6.279025e-02
    outer loop
      vertex  4.960574e+00 -1.800000e+01  6.266662e-01
      vertex  4.960574e+00  2.300000e+01  6.266662e-01
      vertex  5.000000e+00  2.300000e+01  0.000000e+00
    endloop
  endfacet
  facet normal -9.980268e-01  -0.000000e+00 -6.279025e-02
    outer loop
      vertex  4.960574e+00 -1.800000e+01  6.266662e-01
      vertex  5.000000e+00  2.300000e+01  0.000000e+00
      vertex  5.000000e+00 -1.800000e+01  0.000000e+00
    endloop
  endfacet
  facet normal -1.253337e-01  0.000000e+00 -9.921147e-01
    outer loop
      vertex  9.369066e-01  2.300000e+01  4.911436e+00
      vertex  3.139526e-01 -1.800000e+01  4.990134e+00
      vertex  3.139526e-01  2.300000e+01  4.990134e+00
    endloop
  endfacet
  facet normal  0.000000e+00  -0.000000e+00 -1.000000e+00
    outer loop
      vertex  3.139526e-01  2.300000e+01  4.990134e+00
      vertex  3.139526e-01 -1.800000e+01  4.990134e+00
      vertex -3.139526e-01 -1.800000e+01  4.990134e+00
    endloop
  endfacet
  facet normal  0.000000e+00  0.000000e+00 -1.000000e+00
    outer loop
      vertex  3.139526e-01  2.300000e+01  4.990134e+00
      vertex -3.139526e-01 -1.800000e+01  4.990134e+00
      vertex -3.139526e-01  2.300000e+01  4.990134e+00
    endloop
  endfacet
  facet normal  1.253337e-01  0.000000e+00 -9.921147e-01
    outer loop
      vertex -3.139526e-01  2.300000e+01  4.990134e+00
      vertex -3.139526e-01 -1.800000e+01  4.990134e+00
      vertex -9.369066e-01 -1.800000e+01  4.911436e+00
    endloop
  endfacet
  facet normal  1.253337e-01  0.000000e+00 -9.921147e-01
    outer loop
      vertex -3.139526e-01  2.300000e+01  4.990134e+00
      vertex -9.369066e-01 -1.800000e+01  4.911436e+00
      vertex -9.369066e-01  2.300000e+01  4.911436e+00
    endloop
  endfacet
  facet normal  2.486899e-01  0.000000e+00 -9.685832e-01
    outer loop
      vertex -9.369066e-01  2.300000e+01  4.911436e+00
      vertex -9.369066e-01 -1.800000e+01  4.911436e+00
      vertex -1.545085e+00 -1.800000e+01  4.755282e+00
    endloop
  endfacet
  facet normal  2.486899e-01  0.000000e+00 -9.685832e-01
    outer loop
      vertex -9.369066e-01  2.300000e+01  4.911436e+00
      vertex -1.545085e+00 -1.800000e+01  4.755282e+00
      vertex -1.545085e+00  2.300000e+01  4.755282e+00
    endloop
  endfacet
  facet normal  3.681245e-01  0.000000e+00 -9.297764e-01
    outer loop
      vertex -1.545085e+00  2.300000e+01  4.755282e+00
      vertex -1.545085e+00 -1.800000e+01  4.755282e+00
      vertex -2.128896e+00 -1.800000e+01  4.524135e+00
    endloop
  endfacet
  facet normal  3.681245e-01  0.000000e+00 -9.297764e-01
    outer loop
      vertex -1.545085e+00  2.300000e+01  4.755282e+00
      vertex -2.128896e+00 -1.800000e+01  4.524135e+00
      vertex -2.128896e+00  2.300000e+01  4.524135e+00
    endloop
  endfacet
  facet normal  4.817536e-01  0.000000e+00 -8.763067e-01
    outer loop
      vertex -2.128896e+00  2.300000e+01  4.524135e+00
      vertex -2.128896e+00 -1.800000e+01  4.524135e+00
      vertex -2.679134e+00 -1.800000e+01  4.221640e+00
    endloop
  endfacet
  facet normal  4.817536e-01  0.000000e+00 -8.763067e-01
    outer loop
      vertex -2.128896e+00  2.300000e+01  4.524135e+00
      vertex -2.679134e+00 -1.800000e+01  4.221640e+00
      vertex -2.679134e+00  2.300000e+01  4.221640e+00
    endloop
  endfacet
  facet normal  5.877852e-01  0.000000e+00 -8.090171e-01
    outer loop
      vertex -2.679134e+00  2.300000e+01  4.221640e+00
      vertex -2.679134e+00 -1.800000e+01  4.221640e+00
      vertex -3.187120e+00 -1.800000e+01  3.852566e+00
    endloop
  endfacet
  facet normal  5.877852e-01  0.000000e+00 -8.090171e-01
    outer loop
      vertex -2.679134e+00  2.300000e+01  4.221640e+00
      vertex -3.187120e+00 -1.800000e+01  3.852566e+00
      vertex -3.187120e+00  2.300000e+01  3.852566e+00
    endloop
  endfacet
  facet normal  6.845472e-01  0.000000e+00 -7.289685e-01
    outer loop
      vertex -3.187120e+00  2.300000e+01  3.852566e+00
      vertex -3.187120e+00 -1.800000e+01  3.852566e+00
      vertex -3.644843e+00 -1.800000e+01  3.422735e+00
    endloop
  endfacet
  facet normal  6.845472e-01  0.000000e+00 -7.289685e-01
    outer loop
      vertex -3.187120e+00  2.300000e+01  3.852566e+00
      vertex -3.644843e+00 -1.800000e+01  3.422735e+00
      vertex -3.644843e+00  2.300000e+01  3.422735e+00
    endloop
  endfacet
  facet normal  7.705132e-01  0.000000e+00 -6.374241e-01
    outer loop
      vertex -3.644843e+00  2.300000e+01  3.422735e+00
      vertex -3.644843e+00 -1.800000e+01  3.422735e+00
      vertex -4.045085e+00 -1.800000e+01  2.938926e+00
    endloop
  endfacet
  facet normal  7.705132e-01  0.000000e+00 -6.374241e-01
    outer loop
      vertex -3.644843e+00  2.300000e+01  3.422735e+00
      vertex -4.045085e+00 -1.800000e+01  2.938926e+00
      vertex -4.045085e+00  2.300000e+01  2.938926e+00
    endloop
  endfacet
  facet normal  8.443277e-01  0.000000e+00 -5.358272e-01
    outer loop
      vertex -4.045085e+00  2.300000e+01  2.938926e+00
      vertex -4.045085e+00 -1.800000e+01  2.938926e+00
      vertex -4.381534e+00 -1.800000e+01  2.408768e+00
    endloop
  endfacet
  facet normal  8.443277e-01  0.000000e+00 -5.358272e-01
    outer loop
      vertex -4.045085e+00  2.300000e+01  2.938926e+00
      vertex -4.381534e+00 -1.800000e+01  2.408768e+00
      vertex -4.381534e+00  2.300000e+01  2.408768e+00
    endloop
  endfacet
  facet normal  9.048272e-01  0.000000e+00 -4.257790e-01
    outer loop
      vertex -4.381534e+00  2.300000e+01  2.408768e+00
      vertex -4.381534e+00 -1.800000e+01  2.408768e+00
      vertex -4.648882e+00 -1.800000e+01  1.840623e+00
    endloop
  endfacet
  facet normal  9.048272e-01  0.000000e+00 -4.257790e-01
    outer loop
      vertex -4.381534e+00  2.300000e+01  2.408768e+00
      vertex -4.648882e+00 -1.800000e+01  1.840623e+00
      vertex -4.648882e+00  2.300000e+01  1.840623e+00
    endloop
  endfacet
  facet normal  9.510564e-01  0.000000e+00 -3.090174e-01
    outer loop
      vertex -4.648882e+00  2.300000e+01  1.840623e+00
      vertex -4.648882e+00 -1.800000e+01  1.840623e+00
      vertex -4.842916e+00 -1.800000e+01  1.243449e+00
    endloop
  endfacet
  facet normal  9.510564e-01  0.000000e+00 -3.090174e-01
    outer loop
      vertex -4.648882e+00  2.300000e+01  1.840623e+00
      vertex -4.842916e+00 -1.800000e+01  1.243449e+00
      vertex -4.842916e+00  2.300000e+01  1.243449e+00
    endloop
  endfacet
  facet normal  9.822873e-01  0.000000e+00 -1.873813e-01
    outer loop
      vertex -4.842916e+00  2.300000e+01  1.243449e+00
      vertex -4.842916e+00 -1.800000e+01  1.243449e+00
      vertex -4.960574e+00 -1.800000e+01  6.266662e-01
    endloop
  endfacet
  facet normal  9.822873e-01  0.000000e+00 -1.873813e-01
    outer loop
      vertex -4.842916e+00  2.300000e+01  1.243449e+00
      vertex -4.960574e+00 -1.800000e+01  6.266662e-01
      vertex -4.960574e+00  2.300000e+01  6.266662e-01
    endloop
  endfacet
  facet normal  9.980268e-01  0.000000e+00 -6.279025e-02
    outer loop
      vertex -4.960574e+00  2.300000e+01  6.266662e-01
      vertex -4.960574e+00 -1.800000e+01  6.266662e-01
      vertex -5.000000e+00 -1.800000e+01 -6.123234e-16
    endloop
  endfacet
  facet normal  9.980268e-01  0.000000e+00 -6.279025e-02
    outer loop
      vertex -4.960574e+00  2.300000e+01  6.266662e-01
      vertex -5.000000e+00 -1.800000e+01 -6.123234e-16
      vertex -5.000000e+00  2.300000e+01 -6.123234e-16
    endloop
  endfacet
  facet normal  1.011683e-01  0.000000e+00  9.948694e-01
    outer loop
      vertex -3.798688e-01 -2.300000e+01 -7.490374e+00
      vertex -1.135708e+00 -1.800000e+01 -7.413512e+00
      vertex -1.135708e+00 -2.300000e+01 -7.413512e+00
    endloop
  endfacet
  facet normal  2.012986e-01  -0.000000e+00  9.795300e-01
    outer loop
      vertex -1.135708e+00 -2.300000e+01 -7.413512e+00
      vertex -1.135708e+00 -1.800000e+01 -7.413512e+00
      vertex -1.879894e+00 -1.800000e+01 -7.260578e+00
    endloop
  endfacet
  facet normal  2.012986e-01  0.000000e+00  9.795300e-01
    outer loop
      vertex -1.135708e+00 -2.300000e+01 -7.413512e+00
      vertex -1.879894e+00 -1.800000e+01 -7.260578e+00
      vertex -1.879894e+00 -2.300000e+01 -7.260578e+00
    endloop
  endfacet
  facet normal  2.993627e-01  -0.000000e+00  9.541394e-01
    outer loop
      vertex -1.879894e+00 -2.300000e+01 -7.260578e+00
      vertex -1.879894e+00 -1.800000e+01 -7.260578e+00
      vertex -2.604789e+00 -1.800000e+01 -7.033141e+00
    endloop
  endfacet
  facet normal  2.993627e-01  0.000000e+00  9.541394e-01
    outer loop
      vertex -1.879894e+00 -2.300000e+01 -7.260578e+00
      vertex -2.604789e+00 -1.800000e+01 -7.033141e+00
      vertex -2.604789e+00 -2.300000e+01 -7.033141e+00
    endloop
  endfacet
  facet normal  3.943563e-01  -0.000000e+00  9.189576e-01
    outer loop
      vertex -2.604789e+00 -2.300000e+01 -7.033141e+00
      vertex -2.604789e+00 -1.800000e+01 -7.033141e+00
      vertex -3.302956e+00 -1.800000e+01 -6.733534e+00
    endloop
  endfacet
  facet normal  3.943563e-01  0.000000e+00  9.189576e-01
    outer loop
      vertex -2.604789e+00 -2.300000e+01 -7.033141e+00
      vertex -3.302956e+00 -1.800000e+01 -6.733534e+00
      vertex -3.302956e+00 -2.300000e+01 -6.733534e+00
    endloop
  endfacet
  facet normal  4.853018e-01  -0.000000e+00  8.743467e-01
    outer loop
      vertex -3.302956e+00 -2.300000e+01 -6.733534e+00
      vertex -3.302956e+00 -1.800000e+01 -6.733534e+00
      vertex -3.967230e+00 -1.800000e+01 -6.364832e+00
    endloop
  endfacet
  facet normal  4.853018e-01  0.000000e+00  8.743467e-01
    outer loop
      vertex -3.302956e+00 -2.300000e+01 -6.733534e+00
      vertex -3.967230e+00 -1.800000e+01 -6.364832e+00
      vertex -3.967230e+00 -2.300000e+01 -6.364832e+00
    endloop
  endfacet
  facet normal  5.712681e-01  -0.000000e+00  8.207635e-01
    outer loop
      vertex -3.967230e+00 -2.300000e+01 -6.364832e+00
      vertex -3.967230e+00 -1.800000e+01 -6.364832e+00
      vertex -4.590795e+00 -1.800000e+01 -5.930818e+00
    endloop
  endfacet
  facet normal  5.712681e-01  0.000000e+00  8.207635e-01
    outer loop
      vertex -3.967230e+00 -2.300000e+01 -6.364832e+00
      vertex -4.590795e+00 -1.800000e+01 -5.930818e+00
      vertex -4.590795e+00 -2.300000e+01 -5.930818e+00
    endloop
  endfacet
  facet normal  6.513725e-01  -0.000000e+00  7.587582e-01
    outer loop
      vertex -4.590795e+00 -2.300000e+01 -5.930818e+00
      vertex -4.590795e+00 -1.800000e+01 -5.930818e+00
      vertex -5.167252e+00 -1.800000e+01 -5.435946e+00
    endloop
  endfacet
  facet normal  6.513725e-01  0.000000e+00  7.587582e-01
    outer loop
      vertex -4.590795e+00 -2.300000e+01 -5.930818e+00
      vertex -5.167252e+00 -1.800000e+01 -5.435946e+00
      vertex -5.167252e+00 -2.300000e+01 -5.435946e+00
    endloop
  endfacet
  facet normal  7.247931e-01  -0.000000e+00  6.889665e-01
    outer loop
      vertex -5.167252e+00 -2.300000e+01 -5.435946e+00
      vertex -5.167252e+00 -1.800000e+01 -5.435946e+00
      vertex -5.690686e+00 -1.800000e+01 -4.885293e+00
    endloop
  endfacet
  facet normal  7.247931e-01  0.000000e+00  6.889665e-01
    outer loop
      vertex -5.167252e+00 -2.300000e+01 -5.435946e+00
      vertex -5.690686e+00 -1.800000e+01 -4.885293e+00
      vertex -5.690686e+00 -2.300000e+01 -4.885293e+00
    endloop
  endfacet
  facet normal  7.907755e-01  -0.000000e+00  6.121063e-01
    outer loop
      vertex -5.690686e+00 -2.300000e+01 -4.885293e+00
      vertex -5.690686e+00 -1.800000e+01 -4.885293e+00
      vertex -6.155726e+00 -1.800000e+01 -4.284512e+00
    endloop
  endfacet
  facet normal  7.907755e-01  0.000000e+00  6.121063e-01
    outer loop
      vertex -5.690686e+00 -2.300000e+01 -4.885293e+00
      vertex -6.155726e+00 -1.800000e+01 -4.284512e+00
      vertex -6.155726e+00 -2.300000e+01 -4.284512e+00
    endloop
  endfacet
  facet normal  8.486444e-01  -0.000000e+00  5.289639e-01
    outer loop
      vertex -6.155726e+00 -2.300000e+01 -4.284512e+00
      vertex -6.155726e+00 -1.800000e+01 -4.284512e+00
      vertex -6.557600e+00 -1.800000e+01 -3.639765e+00
    endloop
  endfacet
  facet normal  8.486444e-01  0.000000e+00  5.289639e-01
    outer loop
      vertex -6.155726e+00 -2.300000e+01 -4.284512e+00
      vertex -6.557600e+00 -1.800000e+01 -3.639765e+00
      vertex -6.557600e+00 -2.300000e+01 -3.639765e+00
    endloop
  endfacet
  facet normal  8.978044e-01  -0.000000e+00  4.403945e-01
    outer loop
      vertex -6.557600e+00 -2.300000e+01 -3.639765e+00
      vertex -6.557600e+00 -1.800000e+01 -3.639765e+00
      vertex -6.892184e+00 -1.800000e+01 -2.957669e+00
    endloop
  endfacet
  facet normal  8.978044e-01  0.000000e+00  4.403945e-01
    outer loop
      vertex -6.557600e+00 -2.300000e+01 -3.639765e+00
      vertex -6.892184e+00 -1.800000e+01 -2.957669e+00
      vertex -6.892184e+00 -2.300000e+01 -2.957669e+00
    endloop
  endfacet
  facet normal  9.377522e-01  -0.000000e+00  3.473051e-01
    outer loop
      vertex -6.892184e+00 -2.300000e+01 -2.957669e+00
      vertex -6.892184e+00 -1.800000e+01 -2.957669e+00
      vertex -7.156044e+00 -1.800000e+01 -2.245224e+00
    endloop
  endfacet
  facet normal  9.377522e-01  0.000000e+00  3.473051e-01
    outer loop
      vertex -6.892184e+00 -2.300000e+01 -2.957669e+00
      vertex -7.156044e+00 -1.800000e+01 -2.245224e+00
      vertex -7.156044e+00 -2.300000e+01 -2.245224e+00
    endloop
  endfacet
  facet normal  9.680771e-01  -0.000000e+00  2.506525e-01
    outer loop
      vertex -7.156044e+00 -2.300000e+01 -2.245224e+00
      vertex -7.156044e+00 -1.800000e+01 -2.245224e+00
      vertex -7.346475e+00 -1.800000e+01 -1.509739e+00
    endloop
  endfacet
  facet normal  9.680771e-01  0.000000e+00  2.506525e-01
    outer loop
      vertex -7.156044e+00 -2.300000e+01 -2.245224e+00
      vertex -7.346475e+00 -1.800000e+01 -1.509739e+00
      vertex -7.346475e+00 -2.300000e+01 -1.509739e+00
    endloop
  endfacet
  facet normal  9.884685e-01  -0.000000e+00  1.514274e-01
    outer loop
      vertex -7.346475e+00 -2.300000e+01 -1.509739e+00
      vertex -7.346475e+00 -1.800000e+01 -1.509739e+00
      vertex -7.461520e+00 -1.800000e+01 -7.587624e-01
    endloop
  endfacet
  facet normal  9.884685e-01  0.000000e+00  1.514274e-01
    outer loop
      vertex -7.346475e+00 -2.300000e+01 -1.509739e+00
      vertex -7.461520e+00 -1.800000e+01 -7.587624e-01
      vertex -7.461520e+00 -2.300000e+01 -7.587624e-01
    endloop
  endfacet
  facet normal  9.987165e-01  -0.000000e+00  5.064944e-02
    outer loop
      vertex -7.461520e+00 -2.300000e+01 -7.587624e-01
      vertex -7.461520e+00 -1.800000e+01 -7.587624e-01
      vertex -7.500000e+00 -1.800000e+01 -4.249154e-15
    endloop
  endfacet
  facet normal  9.987165e-01  0.000000e+00  5.064944e-02
    outer loop
      vertex -7.461520e+00 -2.300000e+01 -7.587624e-01
      vertex -7.500000e+00 -1.800000e+01 -4.249154e-15
      vertex -7.500000e+00 -2.300000e+01 -4.249154e-15
    endloop
  endfacet
  facet normal  1.011683e-01  -0.000000e+00  9.948694e-01
    outer loop
      vertex -1.135708e+00 -1.800000e+01 -7.413512e+00
      vertex -3.798688e-01 -2.300000e+01 -7.490374e+00
      vertex -3.798688e-01 -1.800000e+01 -7.490374e+00
    endloop
  endfacet
  facet normal  0.000000e+00  0.000000e+00  1.000000e+00
    outer loop
      vertex -3.798688e-01 -1.800000e+01 -7.490374e+00
      vertex -3.798688e-01 -2.300000e+01 -7.490374e+00
      vertex  3.798688e-01 -2.300000e+01 -7.490374e+00
    endloop
  endfacet
  facet normal  0.000000e+00  -0.000000e+00  1.000000e+00
    outer loop
      vertex -3.798688e-01 -1.800000e+01 -7.490374e+00
      vertex  3.798688e-01 -2.300000e+01 -7.490374e+00
      vertex  3.798688e-01 -1.800000e+01 -7.490374e+00
    endloop
  endfacet
  facet normal -1.011683e-01  0.000000e+00  9.948694e-01
    outer loop
      vertex  3.798688e-01 -1.800000e+01 -7.490374e+00
      vertex  3.798688e-01 -2.300000e+01 -7.490374e+00
      vertex  1.135708e+00 -2.300000e+01 -7.413512e+00
    endloop
  endfacet
  facet normal -1.011683e-01  0.000000e+00  9.948694e-01
    outer loop
      vertex  3.798688e-01 -1.800000e+01 -7.490374e+00
      vertex  1.135708e+00 -2.300000e+01 -7.413512e+00
      vertex  1.135708e+00 -1.800000e+01 -7.413512e+00
    endloop
  endfacet
  facet normal -2.012986e-01  0.000000e+00  9.795300e-01
    outer loop
      vertex  1.135708e+00 -1.800000e+01 -7.413512e+00
      vertex  1.135708e+00 -2.300000e+01 -7.413512e+00
      vertex  1.879894e+00 -2.300000e+01 -7.260578e+00
    endloop
  endfacet
  facet normal -2.012986e-01  0.000000e+00  9.795300e-01
    outer loop
      vertex  1.135708e+00 -1.800000e+01 -7.413512e+00
      vertex  1.879894e+00 -2.300000e+01 -7.260578e+00
      vertex  1.879894e+00 -1.800000e+01 -7.260578e+00
    endloop
  endfacet
  facet normal -2.993627e-01  0.000000e+00  9.541394e-01
    outer loop
      vertex  1.879894e+00 -1.800000e+01 -7.260578e+00
      vertex  1.879894e+00 -2.300000e+01 -7.260578e+00
      vertex  2.604789e+00 -2.300000e+01 -7.033141e+00
    endloop
  endfacet
  facet normal -2.993627e-01  0.000000e+00  9.541394e-01
    outer loop
      vertex  1.879894e+00 -1.800000e+01 -7.260578e+00
      vertex  2.604789e+00 -2.300000e+01 -7.033141e+00
      vertex  2.604789e+00 -1.800000e+01 -7.033141e+00
    endloop
  endfacet
  facet normal -3.943563e-01  0.000000e+00  9.189576e-01
    outer loop
      vertex  2.604789e+00 -1.800000e+01 -7.033141e+00
      vertex  2.604789e+00 -2.300000e+01 -7.033141e+00
      vertex  3.302956e+00 -2.300000e+01 -6.733534e+00
    endloop
  endfacet
  facet normal -3.943563e-01  0.000000e+00  9.189576e-01
    outer loop
      vertex  2.604789e+00 -1.800000e+01 -7.033141e+00
      vertex  3.302956e+00 -2.300000e+01 -6.733534e+00
      vertex  3.302956e+00 -1.800000e+01 -6.733534e+00
    endloop
  endfacet
  facet normal -4.853018e-01  0.000000e+00  8.743467e-01
    outer loop
      vertex  3.302956e+00 -1.800000e+01 -6.733534e+00
      vertex  3.302956e+00 -2.300000e+01 -6.733534e+00
      vertex  3.967230e+00 -2.300000e+01 -6.364832e+00
    endloop
  endfacet
  facet normal -4.853018e-01  0.000000e+00  8.743467e-01
    outer loop
      vertex  3.302956e+00 -1.800000e+01 -6.733534e+00
      vertex  3.967230e+00 -2.300000e+01 -6.364832e+00
      vertex  3.967230e+00 -1.800000e+01 -6.364832e+00
    endloop
  endfacet
  facet normal -5.712681e-01  0.000000e+00  8.207635e-01
    outer loop
      vertex  3.967230e+00 -1.800000e+01 -6.364832e+00
      vertex  3.967230e+00 -2.300000e+01 -6.364832e+00
      vertex  4.590795e+00 -2.300000e+01 -5.930818e+00
    endloop
  endfacet
  facet normal -5.712681e-01  0.000000e+00  8.207635e-01
    outer loop
      vertex  3.967230e+00 -1.800000e+01 -6.364832e+00
      vertex  4.590795e+00 -2.300000e+01 -5.930818e+00
      vertex  4.590795e+00 -1.800000e+01 -5.930818e+00
    endloop
  endfacet
  facet normal -6.513725e-01  0.000000e+00  7.587582e-01
    outer loop
      vertex  4.590795e+00 -1.800000e+01 -5.930818e+00
      vertex  4.590795e+00 -2.300000e+01 -5.930818e+00
      vertex  5.167252e+00 -2.300000e+01 -5.435946e+00
    endloop
  endfacet
  facet normal -6.513725e-01  0.000000e+00  7.587582e-01
    outer loop
      vertex  4.590795e+00 -1.800000e+01 -5.930818e+00
      vertex  5.167252e+00 -2.300000e+01 -5.435946e+00
      vertex  5.167252e+00 -1.800000e+01 -5.435946e+00
    endloop
  endfacet
  facet normal -7.247931e-01  0.000000e+00  6.889665e-01
    outer loop
      vertex  5.167252e+00 -1.800000e+01 -5.435946e+00
      vertex  5.167252e+00 -2.300000e+01 -5.435946e+00
      vertex  5.690686e+00 -2.300000e+01 -4.885293e+00
    endloop
  endfacet
  facet normal -7.247931e-01  0.000000e+00  6.889665e-01
    outer loop
      vertex  5.167252e+00 -1.800000e+01 -5.435946e+00
      vertex  5.690686e+00 -2.300000e+01 -4.885293e+00
      vertex  5.690686e+00 -1.800000e+01 -4.885293e+00
    endloop
  endfacet
  facet normal -7.907755e-01  0.000000e+00  6.121063e-01
    outer loop
      vertex  5.690686e+00 -1.800000e+01 -4.885293e+00
      vertex  5.690686e+00 -2.300000e+01 -4.885293e+00
      vertex  6.155726e+00 -2.300000e+01 -4.284512e+00
    endloop
  endfacet
  facet normal -7.907755e-01  0.000000e+00  6.121063e-01
    outer loop
      vertex  5.690686e+00 -1.800000e+01 -4.885293e+00
      vertex  6.155726e+00 -2.300000e+01 -4.284512e+00
      vertex  6.155726e+00 -1.800000e+01 -4.284512e+00
    endloop
  endfacet
  facet normal -8.486444e-01  0.000000e+00  5.289639e-01
    outer loop
      vertex  6.155726e+00 -1.800000e+01 -4.284512e+00
      vertex  6.155726e+00 -2.300000e+01 -4.284512e+00
      vertex  6.557600e+00 -2.300000e+01 -3.639765e+00
    endloop
  endfacet
  facet normal -8.486444e-01  0.000000e+00  5.289639e-01
    outer loop
      vertex  6.155726e+00 -1.800000e+01 -4.284512e+00
      vertex  6.557600e+00 -2.300000e+01 -3.639765e+00
      vertex  6.557600e+00 -1.800000e+01 -3.639765e+00
    endloop
  endfacet
  facet normal -8.978044e-01  0.000000e+00  4.403945e-01
    outer loop
      vertex  6.557600e+00 -1.800000e+01 -3.639765e+00
      vertex  6.557600e+00 -2.300000e+01 -3.639765e+00
      vertex  6.892184e+00 -2.300000e+01 -2.957669e+00
    endloop
  endfacet
  facet normal -8.978044e-01  0.000000e+00  4.403945e-01
    outer loop
      vertex  6.557600e+00 -1.800000e+01 -3.639765e+00
      vertex  6.892184e+00 -2.300000e+01 -2.957669e+00
      vertex  6.892184e+00 -1.800000e+01 -2.957669e+00
    endloop
  endfacet
  facet normal -9.377522e-01  0.000000e+00  3.473051e-01
    outer loop
      vertex  6.892184e+00 -1.800000e+01 -2.957669e+00
      vertex  6.892184e+00 -2.300000e+01 -2.957669e+00
      vertex  7.156044e+00 -2.300000e+01 -2.245224e+00
    endloop
  endfacet
  facet normal -9.377522e-01  0.000000e+00  3.473051e-01
    outer loop
      vertex  6.892184e+00 -1.800000e+01 -2.957669e+00
      vertex  7.156044e+00 -2.300000e+01 -2.245224e+00
      vertex  7.156044e+00 -1.800000e+01 -2.245224e+00
    endloop
  endfacet
  facet normal -9.680771e-01  0.000000e+00  2.506525e-01
    outer loop
      vertex  7.156044e+00 -1.800000e+01 -2.245224e+00
      vertex  7.156044e+00 -2.300000e+01 -2.245224e+00
      vertex  7.346475e+00 -2.300000e+01 -1.509739e+00
    endloop
  endfacet
  facet normal -9.680771e-01  0.000000e+00  2.506525e-01
    outer loop
      vertex  7.156044e+00 -1.800000e+01 -2.245224e+00
      vertex  7.346475e+00 -2.300000e+01 -1.509739e+00
      vertex  7.346475e+00 -1.800000e+01 -1.509739e+00
    endloop
  endfacet
  facet normal -9.884685e-01  0.000000e+00  1.514274e-01
    outer loop
      vertex  7.346475e+00 -1.800000e+01 -1.509739e+00
      vertex  7.346475e+00 -2.300000e+01 -1.509739e+00
      vertex  7.461520e+00 -2.300000e+01 -7.587624e-01
    endloop
  endfacet
  facet normal -9.884685e-01  0.000000e+00  1.514274e-01
    outer loop
      vertex  7.346475e+00 -1.800000e+01 -1.509739e+00
      vertex  7.461520e+00 -2.300000e+01 -7.587624e-01
      vertex  7.461520e+00 -1.800000e+01 -7.587624e-01
    endloop
  endfacet
  facet normal -9.987165e-01  0.000000e+00  5.064944e-02
    outer loop
      vertex  7.461520e+00 -1.800000e+01 -7.587624e-01
      vertex  7.461520e+00 -2.300000e+01 -7.587624e-01
      vertex  7.500000e+00 -2.300000e+01  0.000000e+00
    endloop
  endfacet
  facet normal -9.987165e-01  0.000000e+00  5.064944e-02
    outer loop
      vertex  7.461520e+00 -1.800000e+01 -7.587624e-01
      vertex  7.500000e+00 -2.300000e+01  0.000000e+00
      vertex  7.500000e+00 -1.800000e+01  0.000000e+00
    endloop
  endfacet
  facet normal -1.011683e-01  -0.000000e+00 -9.948694e-01
    outer loop
      vertex  3.798688e-01 -2.300000e+01  7.490374e+00
      vertex  1.135708e+00 -1.800000e+01  7.413512e+00
      vertex  1.135708e+00 -2.300000e+01  7.413512e+00
    endloop
  endfacet
  facet normal -2.012986e-01  0.000000e+00 -9.795300e-01
    outer loop
      vertex  1.135708e+00 -2.300000e+01  7.413512e+00
      vertex  1.135708e+00 -1.800000e+01  7.413512e+00
      vertex  1.879894e+00 -1.800000e+01  7.260578e+00
    endloop
  endfacet
  facet normal -2.012986e-01  -0.000000e+00 -9.795300e-01
    outer loop
      vertex  1.135708e+00 -2.300000e+01  7.413512e+00
      vertex  1.879894e+00 -1.800000e+01  7.260578e+00
      vertex  1.879894e+00 -2.300000e+01  7.260578e+00
    endloop
  endfacet
  facet normal -2.993627e-01  0.000000e+00 -9.541394e-01
    outer loop
      vertex  1.879894e+00 -2.300000e+01  7.260578e+00
      vertex  1.879894e+00 -1.800000e+01  7.260578e+00
      vertex  2.604789e+00 -1.800000e+01  7.033141e+00
    endloop
  endfacet
  facet normal -2.993627e-01  -0.000000e+00 -9.541394e-01
    outer loop
      vertex  1.879894e+00 -2.300000e+01  7.260578e+00
      vertex  2.604789e+00 -1.800000e+01  7.033141e+00
      vertex  2.604789e+00 -2.300000e+01  7.033141e+00
    endloop
  endfacet
  facet normal -3.943563e-01  0.000000e+00 -9.189576e-01
    outer loop
      vertex  2.604789e+00 -2.300000e+01  7.033141e+00
      vertex  2.604789e+00 -1.800000e+01  7.033141e+00
      vertex  3.302956e+00 -1.800000e+01  6.733534e+00
    endloop
  endfacet
  facet normal -3.943563e-01  -0.000000e+00 -9.189576e-01
    outer loop
      vertex  2.604789e+00 -2.300000e+01  7.033141e+00
      vertex  3.302956e+00 -1.800000e+01  6.733534e+00
      vertex  3.302956e+00 -2.300000e+01  6.733534e+00
    endloop
  endfacet
  facet normal -4.853018e-01  0.000000e+00 -8.743467e-01
    outer loop
      vertex  3.302956e+00 -2.300000e+01  6.733534e+00
      vertex  3.302956e+00 -1.800000e+01  6.733534e+00
      vertex  3.967230e+00 -1.800000e+01  6.364832e+00
    endloop
  endfacet
  facet normal -4.853018e-01  -0.000000e+00 -8.743467e-01
    outer loop
      vertex  3.302956e+00 -2.300000e+01  6.733534e+00
      vertex  3.967230e+00 -1.800000e+01  6.364832e+00
      vertex  3.967230e+00 -2.300000e+01  6.364832e+00
    endloop
  endfacet
  facet normal -5.712681e-01  0.000000e+00 -8.207635e-01
    outer loop
      vertex  3.967230e+00 -2.300000e+01  6.364832e+00
      vertex  3.967230e+00 -1.800000e+01  6.364832e+00
      vertex  4.590795e+00 -1.800000e+01  5.930818e+00
    endloop
  endfacet
  facet normal -5.712681e-01  -0.000000e+00 -8.207635e-01
    outer loop
      vertex  3.967230e+00 -2.300000e+01  6.364832e+00
      vertex  4.590795e+00 -1.800000e+01  5.930818e+00
      vertex  4.590795e+00 -2.300000e+01  5.930818e+00
    endloop
  endfacet
  facet normal -6.513725e-01  0.000000e+00 -7.587582e-01
    outer loop
      vertex  4.590795e+00 -2.300000e+01  5.930818e+00
      vertex  4.590795e+00 -1.800000e+01  5.930818e+00
      vertex  5.167252e+00 -1.800000e+01  5.435946e+00
    endloop
  endfacet
  facet normal -6.513725e-01  -0.000000e+00 -7.587582e-01
    outer loop
      vertex  4.590795e+00 -2.300000e+01  5.930818e+00
      vertex  5.167252e+00 -1.800000e+01  5.435946e+00
      vertex  5.167252e+00 -2.300000e+01  5.435946e+00
    endloop
  endfacet
  facet normal -7.247931e-01  0.000000e+00 -6.889665e-01
    outer loop
      vertex  5.167252e+00 -2.300000e+01  5.435946e+00
      vertex  5.167252e+00 -1.800000e+01  5.435946e+00
      vertex  5.690686e+00 -1.800000e+01  4.885293e+00
    endloop
  endfacet
  facet normal -7.247931e-01  -0.000000e+00 -6.889665e-01
    outer loop
      vertex  5.167252e+00 -2.300000e+01  5.435946e+00
      vertex  5.690686e+00 -1.800000e+01  4.885293e+00
      vertex  5.690686e+00 -2.300000e+01  4.885293e+00
    endloop
  endfacet
  facet normal -7.907755e-01  0.000000e+00 -6.121063e-01
    outer loop
      vertex  5.690686e+00 -2.300000e+01  4.885293e+00
      vertex  5.690686e+00 -1.800000e+01  4.885293e+00
      vertex  6.155726e+00 -1.800000e+01  4.284512e+00
    endloop
  endfacet
  facet normal -7.907755e-01  -0.000000e+00 -6.121063e-01
    outer loop
      vertex  5.690686e+00 -2.300000e+01  4.885293e+00
      vertex  6.155726e+00 -1.800000e+01  4.284512e+00
      vertex  6.155726e+00 -2.300000e+01  4.284512e+00
    endloop
  endfacet
  facet normal -8.486444e-01  0.000000e+00 -5.289639e-01
    outer loop
      vertex  6.155726e+00 -2.300000e+01  4.284512e+00
      vertex  6.155726e+00 -1.800000e+01  4.284512e+00
      vertex  6.557600e+00 -1.800000e+01  3.639765e+00
    endloop
  endfacet
  facet normal -8.486444e-01  -0.000000e+00 -5.289639e-01
    outer loop
      vertex  6.155726e+00 -2.300000e+01  4.284512e+00
      vertex  6.557600e+00 -1.800000e+01  3.639765e+00
      vertex  6.557600e+00 -2.300000e+01  3.639765e+00
    endloop
  endfacet
  facet normal -8.978044e-01  0.000000e+00 -4.403945e-01
    outer loop
      vertex  6.557600e+00 -2.300000e+01  3.639765e+00
      vertex  6.557600e+00 -1.800000e+01  3.639765e+00
      vertex  6.892184e+00 -1.800000e+01  2.957669e+00
    endloop
  endfacet
  facet normal -8.978044e-01  -0.000000e+00 -4.403945e-01
    outer loop
      vertex  6.557600e+00 -2.300000e+01  3.639765e+00
      vertex  6.892184e+00 -1.800000e+01  2.957669e+00
      vertex  6.892184e+00 -2.300000e+01  2.957669e+00
    endloop
  endfacet
  facet normal -9.377522e-01  0.000000e+00 -3.473051e-01
    outer loop
      vertex  6.892184e+00 -2.300000e+01  2.957669e+00
      vertex  6.892184e+00 -1.800000e+01  2.957669e+00
      vertex  7.156044e+00 -1.800000e+01  2.245224e+00
    endloop
  endfacet
  facet normal -9.377522e-01  -0.000000e+00 -3.473051e-01
    outer loop
      vertex  6.892184e+00 -2.300000e+01  2.957669e+00
      vertex  7.156044e+00 -1.800000e+01  2.245224e+00
      vertex  7.156044e+00 -2.300000e+01  2.245224e+00
    endloop
  endfacet
  facet normal -9.680771e-01  0.000000e+00 -2.506525e-01
    outer loop
      vertex  7.156044e+00 -2.300000e+01  2.245224e+00
      vertex  7.156044e+00 -1.800000e+01  2.245224e+00
      vertex  7.346475e+00 -1.800000e+01  1.509739e+00
    endloop
  endfacet
  facet normal -9.680771e-01  -0.000000e+00 -2.506525e-01
    outer loop
      vertex  7.156044e+00 -2.300000e+01  2.245224e+00
      vertex  7.346475e+00 -1.800000e+01  1.509739e+00
      vertex  7.346475e+00 -2.300000e+01  1.509739e+00
    endloop
  endfacet
  facet normal -9.884685e-01  0.000000e+00 -1.514274e-01
    outer loop
      vertex  7.346475e+00 -2.300000e+01  1.509739e+00
      vertex  7.346475e+00 -1.800000e+01  1.509739e+00
      vertex  7.461520e+00 -1.800000e+01  7.587624e-01
    endloop
  endfacet
  facet normal -9.884685e-01  -0.000000e+00 -1.514274e-01
    outer loop
      vertex  7.346475e+00 -2.300000e+01  1.509739e+00
      vertex  7.461520e+00 -1.800000e+01  7.587624e-01
      vertex  7.461520e+00 -2.300000e+01  7.587624e-01
    endloop
  endfacet
  facet normal -9.987165e-01  0.000000e+00 -5.064944e-02
    outer loop
      vertex  7.461520e+00 -2.300000e+01  7.587624e-01
      vertex  7.461520e+00 -1.800000e+01  7.587624e-01
      vertex  7.500000e+00 -1.800000e+01  0.000000e+00
    endloop
  endfacet
  facet normal -9.987165e-01  -0.000000e+00 -5.064944e-02
    outer loop
      vertex  7.461520e+00 -2.300000e+01  7.587624e-01
      vertex  7.500000e+00 -1.800000e+01  0.000000e+00
      vertex  7.500000e+00 -2.300000e+01  0.000000e+00
    endloop
  endfacet
  facet normal -1.011683e-01  0.000000e+00 -9.948694e-01
    outer loop
      vertex  1.135708e+00 -1.800000e+01  7.413512e+00
      vertex  3.798688e-01 -2.300000e+01  7.490374e+00
      vertex  3.798688e-01 -1.800000e+01  7.490374e+00
    endloop
  endfacet
  facet normal  0.000000e+00  -0.000000e+00 -1.000000e+00
    outer loop
      vertex  3.798688e-01 -1.800000e+01  7.490374e+00
      vertex  3.798688e-01 -2.300000e+01  7.490374e+00
      vertex -3.798688e-01 -2.300000e+01  7.490374e+00
    endloop
  endfacet
  facet normal  0.000000e+00  0.000000e+00 -1.000000e+00
    outer loop
      vertex  3.798688e-01 -1.800000e+01  7.490374e+00
      vertex -3.798688e-01 -2.300000e+01  7.490374e+00
      vertex -3.798688e-01 -1.800000e+01  7.490374e+00
    endloop
  endfacet
  facet normal  1.011683e-01  0.000000e+00 -9.948694e-01
    outer loop
      vertex -3.798688e-01 -1.800000e+01  7.490374e+00
      vertex -3.798688e-01 -2.300000e+01  7.490374e+00
      vertex -1.135708e+00 -2.300000e+01  7.413512e+00
    endloop
  endfacet
  facet normal  1.011683e-01  0.000000e+00 -9.948694e-01
    outer loop
      vertex -3.798688e-01 -1.800000e+01  7.490374e+00
      vertex -1.135708e+00 -2.300000e+01  7.413512e+00
      vertex -1.135708e+00 -1.800000e+01  7.413512e+00
    endloop
  endfacet
  facet normal  2.012986e-01  0.000000e+00 -9.795300e-01
    outer loop
      vertex -1.135708e+00 -1.800000e+01  7.413512e+00
      vertex -1.135708e+00 -2.300000e+01  7.413512e+00
      vertex -1.879894e+00 -2.300000e+01  7.260578e+00
    endloop
  endfacet
  facet normal  2.012986e-01  0.000000e+00 -9.795300e-01
    outer loop
      vertex -1.135708e+00 -1.800000e+01  7.413512e+00
      vertex -1.879894e+00 -2.300000e+01  7.260578e+00
      vertex -1.879894e+00 -1.800000e+01  7.260578e+00
    endloop
  endfacet
  facet normal  2.993627e-01  0.000000e+00 -9.541394e-01
    outer loop
      vertex -1.879894e+00 -1.800000e+01  7.260578e+00
      vertex -1.879894e+00 -2.300000e+01  7.260578e+00
      vertex -2.604789e+00 -2.300000e+01  7.033141e+00
    endloop
  endfacet
  facet normal  2.993627e-01  0.000000e+00 -9.541394e-01
    outer loop
      vertex -1.879894e+00 -1.800000e+01  7.260578e+00
      vertex -2.604789e+00 -2.300000e+01  7.033141e+00
      vertex -2.604789e+00 -1.800000e+01  7.033141e+00
    endloop
  endfacet
  facet normal  3.943563e-01  0.000000e+00 -9.189576e-01
    outer loop
      vertex -2.604789e+00 -1.800000e+01  7.033141e+00
      vertex -2.604789e+00 -2.300000e+01  7.033141e+00
      vertex -3.302956e+00 -2.300000e+01  6.733534e+00
    endloop
  endfacet
  facet normal  3.943563e-01  0.000000e+00 -9.189576e-01
    outer loop
      vertex -2.604789e+00 -1.800000e+01  7.033141e+00
      vertex -3.302956e+00 -2.300000e+01  6.733534e+00
      vertex -3.302956e+00 -1.800000e+01  6.733534e+00
    endloop
  endfacet
  facet normal  4.853018e-01  0.000000e+00 -8.743467e-01
    outer loop
      vertex -3.302956e+00 -1.800000e+01  6.733534e+00
      vertex -3.302956e+00 -2.300000e+01  6.733534e+00
      vertex -3.967230e+00 -2.300000e+01  6.364832e+00
    endloop
  endfacet
  facet normal  4.853018e-01  0.000000e+00 -8.743467e-01
    outer loop
      vertex -3.302956e+00 -1.800000e+01  6.733534e+00
      vertex -3.967230e+00 -2.300000e+01  6.364832e+00
      vertex -3.967230e+00 -1.800000e+01  6.364832e+00
    endloop
  endfacet
  facet normal  5.712681e-01  0.000000e+00 -8.207635e-01
    outer loop
      vertex -3.967230e+00 -1.800000e+01  6.364832e+00
      vertex -3.967230e+00 -2.300000e+01  6.364832e+00
      vertex -4.590795e+00 -2.300000e+01  5.930818e+00
    endloop
  endfacet
  facet normal  5.712681e-01  0.000000e+00 -8.207635e-01
    outer loop
      vertex -3.967230e+00 -1.800000e+01  6.364832e+00
      vertex -4.590795e+00 -2.300000e+01  5.930818e+00
      vertex -4.590795e+00 -1.800000e+01  5.930818e+00
    endloop
  endfacet
  facet normal  6.513725e-01  0.000000e+00 -7.587582e-01
    outer loop
      vertex -4.590795e+00 -1.800000e+01  5.930818e+00
      vertex -4.590795e+00 -2.300000e+01  5.930818e+00
      vertex -5.167252e+00 -2.300000e+01  5.435946e+00
    endloop
  endfacet
  facet normal  6.513725e-01  0.000000e+00 -7.587582e-01
    outer loop
      vertex -4.590795e+00 -1.800000e+01  5.930818e+00
      vertex -5.167252e+00 -2.300000e+01  5.435946e+00
      vertex -5.167252e+00 -1.800000e+01  5.435946e+00
    endloop
  endfacet
  facet normal  7.247931e-01  0.000000e+00 -6.889665e-01
    outer loop
      vertex -5.167252e+00 -1.800000e+01  5.435946e+00
      vertex -5.167252e+00 -2.300000e+01  5.435946e+00
      vertex -5.690686e+00 -2.300000e+01  4.885293e+00
    endloop
  endfacet
  facet normal  7.247931e-01  0.000000e+00 -6.889665e-01
    outer loop
      vertex -5.167252e+00 -1.800000e+01  5.435946e+00
      vertex -5.690686e+00 -2.300000e+01  4.885293e+00
      vertex -5.690686e+00 -1.800000e+01  4.885293e+00
    endloop
  endfacet
  facet normal  7.907755e-01  0.000000e+00 -6.121063e-01
    outer loop
      vertex -5.690686e+00 -1.800000e+01  4.885293e+00
      vertex -5.690686e+00 -2.300000e+01  4.885293e+00
      vertex -6.155726e+00 -2.300000e+01  4.284512e+00
    endloop
  endfacet
  facet normal  7.907755e-01  0.000000e+00 -6.121063e-01
    outer loop
      vertex -5.690686e+00 -1.800000e+01  4.885293e+00
      vertex -6.155726e+00 -2.300000e+01  4.284512e+00
      vertex -6.155726e+00 -1.800000e+01  4.284512e+00
    endloop
  endfacet
  facet normal  8.486444e-01  0.000000e+00 -5.289639e-01
    outer loop
      vertex -6.155726e+00 -1.800000e+01  4.284512e+00
      vertex -6.155726e+00 -2.300000e+01  4.284512e+00
      vertex -6.557600e+00 -2.300000e+01  3.639765e+00
    endloop
  endfacet
  facet normal  8.486444e-01  0.000000e+00 -5.289639e-01
    outer loop
      vertex -6.155726e+00 -1.800000e+01  4.284512e+00
      vertex -6.557600e+00 -2.300000e+01  3.639765e+00
      vertex -6.557600e+00 -1.800000e+01  3.639765e+00
    endloop
  endfacet
  facet normal  8.978044e-01  0.000000e+00 -4.403945e-01
    outer loop
      vertex -6.557600e+00 -1.800000e+01  3.639765e+00
      vertex -6.557600e+00 -2.300000e+01  3.639765e+00
      vertex -6.892184e+00 -2.300000e+01  2.957669e+00
    endloop
  endfacet
  facet normal  8.978044e-01  0.000000e+00 -4.403945e-01
    outer loop
      vertex -6.557600e+00 -1.800000e+01  3.639765e+00
      vertex -6.892184e+00 -2.300000e+01  2.957669e+00
      vertex -6.892184e+00 -1.800000e+01  2.957669e+00
    endloop
  endfacet
  facet normal  9.377522e-01  0.000000e+00 -3.473051e-01
    outer loop
      vertex -6.892184e+00 -1.800000e+01  2.957669e+00
      vertex -6.892184e+00 -2.300000e+01  2.957669e+00
      vertex -7.156044e+00 -2.300000e+01  2.245224e+00
    endloop
  endfacet
  facet normal  9.377522e-01  0.000000e+00 -3.473051e-01
    outer loop
      vertex -6.892184e+00 -1.800000e+01  2.957669e+00
      vertex -7.156044e+00 -2.300000e+01  2.245224e+00
      vertex -7.156044e+00 -1.800000e+01  2.245224e+00
    endloop
  endfacet
  facet normal  9.680771e-01  0.000000e+00 -2.506525e-01
    outer loop
      vertex -7.156044e+00 -1.800000e+01  2.245224e+00
      vertex -7.156044e+00 -2.300000e+01  2.245224e+00
      vertex -7.346475e+00 -2.300000e+01  1.509739e+00
    endloop
  endfacet
  facet normal  9.680771e-01  0.000000e+00 -2.506525e-01
    outer loop
      vertex -7.156044e+00 -1.800000e+01  2.245224e+00
      vertex -7.346475e+00 -2.300000e+01  1.509739e+00
      vertex -7.346475e+00 -1.800000e+01  1.509739e+00
    endloop
  endfacet
  facet normal  9.884685e-01  0.000000e+00 -1.514274e-01
    outer loop
      vertex -7.346475e+00 -1.800000e+01  1.509739e+00
      vertex -7.346475e+00 -2.300000e+01  1.509739e+00
      vertex -7.461520e+00 -2.300000e+01  7.587624e-01
    endloop
  endfacet
  facet normal  9.884685e-01  0.000000e+00 -1.514274e-01
    outer loop
      vertex -7.346475e+00 -1.800000e+01  1.509739e+00
      vertex -7.461520e+00 -2.300000e+01  7.587624e-01
      vertex -7.461520e+00 -1.800000e+01  7.587624e-01
    endloop
  endfacet
  facet normal  9.987165e-01  0.000000e+00 -5.064944e-02
    outer loop
      vertex -7.461520e+00 -1.800000e+01  7.587624e-01
      vertex -7.461520e+00 -2.300000e+01  7.587624e-01
      vertex -7.500000e+00 -2.300000e+01 -4.249154e-15
    endloop
  endfacet
  facet normal  9.987165e-01  0.000000e+00 -5.064944e-02
    outer loop
      vertex -7.461520e+00 -1.800000e+01  7.587624e-01
      vertex -7.500000e+00 -2.300000e+01 -4.249154e-15
      vertex -7.500000e+00 -1.800000e+01 -4.249154e-15
    endloop
  endfacet
  facet normal  0.000000e+00 -1.000000e+00  0.000000e+00
    outer loop
      vertex  5.000000e+00 -1.800000e+01  0.000000e+00
      vertex  4.960574e+00 -1.800000e+01 -6.266662e-01
      vertex  5.167252e+00 -1.800000e+01 -5.435946e+00
    endloop
  endfacet
  facet normal  0.000000e+00 -1.000000e+00  0.000000e+00
    outer loop
      vertex  5.000000e+00 -1.800000e+01  0.000000e+00
      vertex  5.167252e+00 -1.800000e+01 -5.435946e+00
      vertex  5.690686e+00 -1.800000e+01 -4.885293e+00
    endloop
  endfacet
  facet normal  0.000000e+00 -1.000000e+00  0.000000e+00
    outer loop
      vertex  5.000000e+00 -1.800000e+01  0.000000e+00
      vertex  5.690686e+00 -1.800000e+01 -4.885293e+00
      vertex  6.155726e+00 -1.800000e+01 -4.284512e+00
    endloop
  endfacet
  facet normal  0.000000e+00 -1.000000e+00  0.000000e+00
    outer loop
      vertex  5.000000e+00 -1.800000e+01  0.000000e+00
      vertex  6.155726e+00 -1.800000e+01 -4.284512e+00
      vertex  6.557600e+00 -1.800000e+01 -3.639765e+00
    endloop
  endfacet
  facet normal  0.000000e+00 -1.000000e+00  0.000000e+00
    outer loop
      vertex  5.000000e+00 -1.800000e+01  0.000000e+00
      vertex  6.557600e+00 -1.800000e+01 -3.639765e+00
      vertex  6.892184e+00 -1.800000e+01 -2.957669e+00
    endloop
  endfacet
  facet normal  0.000000e+00 -1.000000e+00  0.000000e+00
    outer loop
      vertex  5.000000e+00 -1.800000e+01  0.000000e+00
      vertex  6.892184e+00 -1.800000e+01 -2.957669e+00
      vertex  7.156044e+00 -1.800000e+01 -2.245224e+00
    endloop
  endfacet
  facet normal  0.000000e+00 -1.000000e+00  0.000000e+00
    outer loop
      vertex  5.000000e+00 -1.800000e+01  0.000000e+00
      vertex  7.156044e+00 -1.800000e+01 -2.245224e+00
      vertex  7.346475e+00 -1.800000e+01 -1.509739e+00
    endloop
  endfacet
  facet normal  0.000000e+00 -9.999999e-01  0.000000e+00
    outer loop
      vertex  5.000000e+00 -1.800000e+01  0.000000e+00
      vertex  7.346475e+00 -1.800000e+01 -1.509739e+00
      vertex  7.461520e+00 -1.800000e+01 -7.587624e-01
    endloop
  endfacet
  facet normal  0.000000e+00 -1.000000e+00  0.000000e+00
    outer loop
      vertex  5.000000e+00 -1.800000e+01  0.000000e+00
      vertex  7.461520e+00 -1.800000e+01 -7.587624e-01
      vertex  7.500000e+00 -1.800000e+01  0.000000e+00
    endloop
  endfacet
  facet normal  0.000000e+00 -1.000000e+00  0.000000e+00
    outer loop
      vertex  5.000000e+00 -1.800000e+01  0.000000e+00
      vertex  7.500000e+00 -1.800000e+01  0.000000e+00
      vertex  7.461520e+00 -1.800000e+01  7.587624e-01
    endloop
  endfacet
  facet normal  -0.000000e+00 -9.999999e-01  0.000000e+00
    outer loop
      vertex  5.000000e+00 -1.800000e+01  0.000000e+00
      vertex  7.461520e+00 -1.800000e+01  7.587624e-01
      vertex  7.346475e+00 -1.800000e+01  1.509739e+00
    endloop
  endfacet
  facet normal  -0.000000e+00 -1.000000e+00  0.000000e+00
    outer loop
      vertex  5.000000e+00 -1.800000e+01  0.000000e+00
      vertex  7.346475e+00 -1.800000e+01  1.509739e+00
      vertex  7.156044e+00 -1.800000e+01  2.245224e+00
    endloop
  endfacet
  facet normal  -0.000000e+00 -1.000000e+00  0.000000e+00
    outer loop
      vertex  5.000000e+00 -1.800000e+01  0.000000e+00
      vertex  7.156044e+00 -1.800000e+01  2.245224e+00
      vertex  6.892184e+00 -1.800000e+01  2.957669e+00
    endloop
  endfacet
  facet normal  -0.000000e+00 -1.000000e+00  0.000000e+00
    outer loop
      vertex  5.000000e+00 -1.800000e+01  0.000000e+00
      vertex  6.892184e+00 -1.800000e+01  2.957669e+00
      vertex  6.557600e+00 -1.800000e+01  3.639765e+00
    endloop
  endfacet
  facet normal  -0.000000e+00 -1.000000e+00  0.000000e+00
    outer loop
      vertex  5.000000e+00 -1.800000e+01  0.000000e+00
      vertex  6.557600e+00 -1.800000e+01  3.639765e+00
      vertex  6.155726e+00 -1.800000e+01  4.284512e+00
    endloop
  endfacet
  facet normal  -0.000000e+00 -1.000000e+00  0.000000e+00
    outer loop
      vertex  5.000000e+00 -1.800000e+01  0.000000e+00
      vertex  6.155726e+00 -1.800000e+01  4.284512e+00
      vertex  5.690686e+00 -1.800000e+01  4.885293e+00
    endloop
  endfacet
  facet normal  -0.000000e+00 -1.000000e+00  0.000000e+00
    outer loop
      vertex  5.000000e+00 -1.800000e+01  0.000000e+00
      vertex  5.690686e+00 -1.800000e+01  4.885293e+00
      vertex  5.167252e+00 -1.800000e+01  5.435946e+00
    endloop
  endfacet
  facet normal  0.000000e+00 -1.000000e+00  0.000000e+00
    outer loop
      vertex  5.000000e+00 -1.800000e+01  0.000000e+00
      vertex  5.167252e+00 -1.800000e+01  5.435946e+00
      vertex  4.960574e+00 -1.800000e+01  6.266662e-01
    endloop
  endfacet
  facet normal  0.000000e+00 -1.000000e+00  0.000000e+00
    outer loop
      vertex -5.167252e+00 -1.800000e+01 -5.435946e+00
      vertex -4.590795e+00 -1.800000e+01 -5.930818e+00
      vertex -4.648882e+00 -1.800000e+01 -1.840623e+00
    endloop
  endfacet
  facet normal  -0.000000e+00 -1.000000e+00  0.000000e+00
    outer loop
      vertex -5.167252e+00 -1.800000e+01 -5.435946e+00
      vertex -4.648882e+00 -1.800000e+01 -1.840623e+00
      vertex -4.842916e+00 -1.800000e+01 -1.243449e+00
    endloop
  endfacet
  facet normal  -0.000000e+00 -1.000000e+00  0.000000e+00
    outer loop
      vertex -5.167252e+00 -1.800000e+01 -5.435946e+00
      vertex -4.842916e+00 -1.800000e+01 -1.243449e+00
      vertex -4.960574e+00 -1.800000e+01 -6.266662e-01
    endloop
  endfacet
  facet normal  -0.000000e+00 -1.000000e+00  0.000000e+00
    outer loop
      vertex -5.167252e+00 -1.800000e+01 -5.435946e+00
      vertex -4.960574e+00 -1.800000e+01 -6.266662e-01
      vertex -5.000000e+00 -1.800000e+01 -6.123234e-16
    endloop
  endfacet
  facet normal  0.000000e+00 -1.000000e+00  0.000000e+00
    outer loop
      vertex -7.500000e+00 -1.800000e+01 -4.249154e-15
      vertex -7.461520e+00 -1.800000e+01 -7.587624e-01
      vertex -7.346475e+00 -1.800000e+01 -1.509739e+00
    endloop
  endfacet
  facet normal  0.000000e+00 -1.000000e+00  0.000000e+00
    outer loop
      vertex -7.500000e+00 -1.800000e+01 -4.249154e-15
      vertex -7.346475e+00 -1.800000e+01 -1.509739e+00
      vertex -7.156044e+00 -1.800000e+01 -2.245224e+00
    endloop
  endfacet
  facet normal  0.000000e+00 -1.000000e+00  0.000000e+00
    outer loop
      vertex -7.500000e+00 -1.800000e+01 -4.249154e-15
      vertex -7.156044e+00 -1.800000e+01 -2.245224e+00
      vertex -6.892184e+00 -1.800000e+01 -2.957669e+00
    endloop
  endfacet
  facet normal  0.000000e+00 -1.000000e+00  0.000000e+00
    outer loop
      vertex -7.500000e+00 -1.800000e+01 -4.249154e-15
      vertex -6.892184e+00 -1.800000e+01 -2.957669e+00
      vertex -6.557600e+00 -1.800000e+01 -3.639765e+00
    endloop
  endfacet
  facet normal  0.000000e+00 -1.000000e+00  0.000000e+00
    outer loop
      vertex -7.500000e+00 -1.800000e+01 -4.249154e-15
      vertex -6.557600e+00 -1.800000e+01 -3.639765e+00
      vertex -6.155726e+00 -1.800000e+01 -4.284512e+00
    endloop
  endfacet
  facet normal  0.000000e+00 -1.000000e+00  0.000000e+00
    outer loop
      vertex -7.500000e+00 -1.800000e+01 -4.249154e-15
      vertex -6.155726e+00 -1.800000e+01 -4.284512e+00
      vertex -5.690686e+00 -1.800000e+01 -4.885293e+00
    endloop
  endfacet
  facet normal  0.000000e+00 -9.999999e-01  0.000000e+00
    outer loop
      vertex -7.500000e+00 -1.800000e+01 -4.249154e-15
      vertex -5.690686e+00 -1.800000e+01 -4.885293e+00
      vertex -5.167252e+00 -1.800000e+01 -5.435946e+00
    endloop
  endfacet
  facet normal  0.000000e+00 -1.000000e+00  0.000000e+00
    outer loop
      vertex -7.500000e+00 -1.800000e+01 -4.249154e-15
      vertex -5.167252e+00 -1.800000e+01 -5.435946e+00
      vertex -5.000000e+00 -1.800000e+01 -6.123234e-16
    endloop
  endfacet
  facet normal  -0.000000e+00 -1.000000e+00  0.000000e+00
    outer loop
      vertex -7.500000e+00 -1.800000e+01 -4.249154e-15
      vertex -5.000000e+00 -1.800000e+01 -6.123234e-16
      vertex -5.167252e+00 -1.800000e+01  5.435946e+00
    endloop
  endfacet
  facet normal  0.000000e+00 -1.000000e+00  0.000000e+00
    outer loop
      vertex -7.500000e+00 -1.800000e+01 -4.249154e-15
      vertex -5.167252e+00 -1.800000e+01  5.435946e+00
      vertex -5.690686e+00 -1.800000e+01  4.885293e+00
    endloop
  endfacet
  facet normal  0.000000e+00 -1.000000e+00  0.000000e+00
    outer loop
      vertex -7.500000e+00 -1.800000e+01 -4.249154e-15
      vertex -5.690686e+00 -1.800000e+01  4.885293e+00
      vertex -6.155726e+00 -1.800000e+01  4.284512e+00
    endloop
  endfacet
  facet normal  0.000000e+00 -9.999999e-01  0.000000e+00
    outer loop
      vertex -7.500000e+00 -1.800000e+01 -4.249154e-15
      vertex -6.155726e+00 -1.800000e+01  4.284512e+00
      vertex -6.557600e+00 -1.800000e+01  3.639765e+00
    endloop
  endfacet
  facet normal  0.000000e+00 -1.000000e+00  0.000000e+00
    outer loop
      vertex -7.500000e+00 -1.800000e+01 -4.249154e-15
      vertex -6.557600e+00 -1.800000e+01  3.639765e+00
      vertex -6.892184e+00 -1.800000e+01  2.957669e+00
    endloop
  endfacet
  facet normal  0.000000e+00 -1.000000e+00  0.000000e+00
    outer loop
      vertex -7.500000e+00 -1.800000e+01 -4.249154e-15
      vertex -6.892184e+00 -1.800000e+01  2.957669e+00
      vertex -7.156044e+00 -1.800000e+01  2.245224e+00
    endloop
  endfacet
  facet normal  0.000000e+00 -1.000000e+00  0.000000e+00
    outer loop
      vertex -7.500000e+00 -1.800000e+01 -4.249154e-15
      vertex -7.156044e+00 -1.800000e+01  2.245224e+00
      vertex -7.346475e+00 -1.800000e+01  1.509739e+00
    endloop
  endfacet
  facet normal  0.000000e+00 -1.000000e+00  0.000000e+00
    outer loop
      vertex -7.500000e+00 -1.800000e+01 -4.249154e-15
      vertex -7.346475e+00 -1.800000e+01  1.509739e+00
      vertex -7.461520e+00 -1.800000e+01  7.587624e-01
    endloop
  endfacet
  facet normal  0.000000e+00 -1.000000e+00  0.000000e+00
    outer loop
      vertex -5.167252e+00 -1.800000e+01  5.435946e+00
      vertex -5.000000e+00 -1.800000e+01 -6.123234e-16
      vertex -4.960574e+00 -1.800000e+01  6.266662e-01
    endloop
  endfacet
  facet normal  0.000000e+00 -1.000000e+00  0.000000e+00
    outer loop
      vertex -5.167252e+00 -1.800000e+01  5.435946e+00
      vertex -4.960574e+00 -1.800000e+01  6.266662e-01
      vertex -4.842916e+00 -1.800000e+01  1.243449e+00
    endloop
  endfacet
  facet normal  0.000000e+00 -1.000000e+00  0.000000e+00
    outer loop
      vertex -5.167252e+00 -1.800000e+01  5.435946e+00
      vertex -4.842916e+00 -1.800000e+01  1.243449e+00
      vertex -4.648882e+00 -1.800000e+01  1.840623e+00
    endloop
  endfacet
  facet normal  0.000000e+00 -1.000000e+00  0.000000e+00
    outer loop
      vertex -5.167252e+00 -1.800000e+01  5.435946e+00
      vertex -4.648882e+00 -1.800000e+01  1.840623e+00
      vertex -4.590795e+00 -1.800000e+01  5.930818e+00
    endloop
  endfacet
  facet normal  0.000000e+00 -1.000000e+00  -0.000000e+00
    outer loop
      vertex  5.167252e+00 -1.800000e+01 -5.435946e+00
      vertex  4.960574e+00 -1.800000e+01 -6.266662e-01
      vertex  4.590795e+00 -1.800000e+01 -5.930818e+00
    endloop
  endfacet
  facet normal  0.000000e+00 -1.000000e+00  0.000000e+00
    outer loop
      vertex  4.590795e+00 -1.800000e+01 -5.930818e+00
      vertex  4.960574e+00 -1.800000e+01 -6.266662e-01
      vertex  4.842916e+00 -1.800000e+01 -1.243449e+00
    endloop
  endfacet
  facet normal  0.000000e+00 -9.999999e-01  0.000000e+00
    outer loop
      vertex  4.590795e+00 -1.800000e+01 -5.930818e+00
      vertex  4.842916e+00 -1.800000e+01 -1.243449e+00
      vertex  4.648882e+00 -1.800000e+01 -1.840623e+00
    endloop
  endfacet
  facet normal  0.000000e+00 -1.000000e+00  0.000000e+00
    outer loop
      vertex  4.590795e+00 -1.800000e+01 -5.930818e+00
      vertex  4.648882e+00 -1.800000e+01 -1.840623e+00
      vertex  3.967230e+00 -1.800000e+01 -6.364832e+00
    endloop
  endfacet
  facet normal  0.000000e+00 -1.000000e+00  0.000000e+00
    outer loop
      vertex  3.967230e+00 -1.800000e+01 -6.364832e+00
      vertex  4.648882e+00 -1.800000e+01 -1.840623e+00
      vertex  4.381534e+00 -1.800000e+01 -2.408768e+00
    endloop
  endfacet
  facet normal  0.000000e+00 -1.000000e+00  0.000000e+00
    outer loop
      vertex  3.967230e+00 -1.800000e+01 -6.364832e+00
      vertex  4.381534e+00 -1.800000e+01 -2.408768e+00
      vertex  4.045085e+00 -1.800000e+01 -2.938926e+00
    endloop
  endfacet
  facet normal  0.000000e+00 -1.000000e+00  0.000000e+00
    outer loop
      vertex  3.967230e+00 -1.800000e+01 -6.364832e+00
      vertex  4.045085e+00 -1.800000e+01 -2.938926e+00
      vertex  3.302956e+00 -1.800000e+01 -6.733534e+00
    endloop
  endfacet
  facet normal  0.000000e+00 -1.000000e+00  0.000000e+00
    outer loop
      vertex  3.302956e+00 -1.800000e+01 -6.733534e+00
      vertex  4.045085e+00 -1.800000e+01 -2.938926e+00
      vertex  3.644843e+00 -1.800000e+01 -3.422735e+00
    endloop
  endfacet
  facet normal  0.000000e+00 -1.000000e+00  0.000000e+00
    outer loop
      vertex  3.302956e+00 -1.800000e+01 -6.733534e+00
      vertex  3.644843e+00 -1.800000e+01 -3.422735e+00
      vertex  3.187120e+00 -1.800000e+01 -3.852566e+00
    endloop
  endfacet
  facet normal  0.000000e+00 -1.000000e+00  -0.000000e+00
    outer loop
      vertex  3.302956e+00 -1.800000e+01 -6.733534e+00
      vertex  3.187120e+00 -1.800000e+01 -3.852566e+00
      vertex  2.604789e+00 -1.800000e+01 -7.033141e+00
    endloop
  endfacet
  facet normal  0.000000e+00 -1.000000e+00  0.000000e+00
    outer loop
      vertex  2.604789e+00 -1.800000e+01 -7.033141e+00
      vertex  3.187120e+00 -1.800000e+01 -3.852566e+00
      vertex  2.679134e+00 -1.800000e+01 -4.221640e+00
    endloop
  endfacet
  facet normal  0.000000e+00 -1.000000e+00  0.000000e+00
    outer loop
      vertex  2.604789e+00 -1.800000e+01 -7.033141e+00
      vertex  2.679134e+00 -1.800000e+01 -4.221640e+00
      vertex  1.879894e+00 -1.800000e+01 -7.260578e+00
    endloop
  endfacet
  facet normal  0.000000e+00 -9.999999e-01  0.000000e+00
    outer loop
      vertex  1.879894e+00 -1.800000e+01 -7.260578e+00
      vertex  2.679134e+00 -1.800000e+01 -4.221640e+00
      vertex  2.128896e+00 -1.800000e+01 -4.524135e+00
    endloop
  endfacet
  facet normal  0.000000e+00 -1.000000e+00  0.000000e+00
    outer loop
      vertex  1.879894e+00 -1.800000e+01 -7.260578e+00
      vertex  2.128896e+00 -1.800000e+01 -4.524135e+00
      vertex  1.135708e+00 -1.800000e+01 -7.413512e+00
    endloop
  endfacet
  facet normal  0.000000e+00 -1.000000e+00  0.000000e+00
    outer loop
      vertex  1.135708e+00 -1.800000e+01 -7.413512e+00
      vertex  2.128896e+00 -1.800000e+01 -4.524135e+00
      vertex  1.545085e+00 -1.800000e+01 -4.755282e+00
    endloop
  endfacet
  facet normal  0.000000e+00 -1.000000e+00  0.000000e+00
    outer loop
      vertex  1.135708e+00 -1.800000e+01 -7.413512e+00
      vertex  1.545085e+00 -1.800000e+01 -4.755282e+00
      vertex  9.369066e-01 -1.800000e+01 -4.911436e+00
    endloop
  endfacet
  facet normal  0.000000e+00 -1.000000e+00  -0.000000e+00
    outer loop
      vertex  1.135708e+00 -1.800000e+01 -7.413512e+00
      vertex  9.369066e-01 -1.800000e+01 -4.911436e+00
      vertex  3.798688e-01 -1.800000e+01 -7.490374e+00
    endloop
  endfacet
  facet normal  0.000000e+00 -1.000000e+00  0.000000e+00
    outer loop
      vertex  3.798688e-01 -1.800000e+01 -7.490374e+00
      vertex  9.369066e-01 -1.800000e+01 -4.911436e+00
      vertex  3.139526e-01 -1.800000e+01 -4.990134e+00
    endloop
  endfacet
  facet normal  0.000000e+00 -1.000000e+00  -0.000000e+00
    outer loop
      vertex  3.798688e-01 -1.800000e+01 -7.490374e+00
      vertex  3.139526e-01 -1.800000e+01 -4.990134e+00
      vertex -3.798688e-01 -1.800000e+01 -7.490374e+00
    endloop
  endfacet
  facet normal  0.000000e+00 -1.000000e+00  0.000000e+00
    outer loop
      vertex -3.798688e-01 -1.800000e+01 -7.490374e+00
      vertex  3.139526e-01 -1.800000e+01 -4.990134e+00
      vertex -3.139526e-01 -1.800000e+01 -4.990134e+00
    endloop
  endfacet
  facet normal  0.000000e+00 -1.000000e+00  0.000000e+00
    outer loop
      vertex -3.798688e-01 -1.800000e+01 -7.490374e+00
      vertex -3.139526e-01 -1.800000e+01 -4.990134e+00
      vertex -1.135708e+00 -1.800000e+01 -7.413512e+00
    endloop
  endfacet
  facet normal  0.000000e+00 -1.000000e+00  0.000000e+00
    outer loop
      vertex -1.135708e+00 -1.800000e+01 -7.413512e+00
      vertex -3.139526e-01 -1.800000e+01 -4.990134e+00
      vertex -9.369066e-01 -1.800000e+01 -4.911436e+00
    endloop
  endfacet
  facet normal  0.000000e+00 -1.000000e+00  0.000000e+00
    outer loop
      vertex -1.135708e+00 -1.800000e+01 -7.413512e+00
      vertex -9.369066e-01 -1.800000e+01 -4.911436e+00
      vertex -1.879894e+00 -1.800000e+01 -7.260578e+00
    endloop
  endfacet
  facet normal  0.000000e+00 -1.000000e+00  0.000000e+00
    outer loop
      vertex -1.879894e+00 -1.800000e+01 -7.260578e+00
      vertex -9.369066e-01 -1.800000e+01 -4.911436e+00
      vertex -1.545085e+00 -1.800000e+01 -4.755282e+00
    endloop
  endfacet
  facet normal  -0.000000e+00 -9.999999e-01  0.000000e+00
    outer loop
      vertex -1.879894e+00 -1.800000e+01 -7.260578e+00
      vertex -1.545085e+00 -1.800000e+01 -4.755282e+00
      vertex -2.128896e+00 -1.800000e+01 -4.524135e+00
    endloop
  endfacet
  facet normal  0.000000e+00 -1.000000e+00  -0.000000e+00
    outer loop
      vertex -1.879894e+00 -1.800000e+01 -7.260578e+00
      vertex -2.128896e+00 -1.800000e+01 -4.524135e+00
      vertex -2.604789e+00 -1.800000e+01 -7.033141e+00
    endloop
  endfacet
  facet normal  0.000000e+00 -1.000000e+00  0.000000e+00
    outer loop
      vertex -2.604789e+00 -1.800000e+01 -7.033141e+00
      vertex -2.128896e+00 -1.800000e+01 -4.524135e+00
      vertex -2.679134e+00 -1.800000e+01 -4.221640e+00
    endloop
  endfacet
  facet normal  0.000000e+00 -1.000000e+00  -0.000000e+00
    outer loop
      vertex -2.604789e+00 -1.800000e+01 -7.033141e+00
      vertex -2.679134e+00 -1.800000e+01 -4.221640e+00
      vertex -3.302956e+00 -1.800000e+01 -6.733534e+00
    endloop
  endfacet
  facet normal  0.000000e+00 -1.000000e+00  0.000000e+00
    outer loop
      vertex -3.302956e+00 -1.800000e+01 -6.733534e+00
      vertex -2.679134e+00 -1.800000e+01 -4.221640e+00
      vertex -3.187120e+00 -1.800000e+01 -3.852566e+00
    endloop
  endfacet
  facet normal  0.000000e+00 -1.000000e+00  0.000000e+00
    outer loop
      vertex -3.302956e+00 -1.800000e+01 -6.733534e+00
      vertex -3.187120e+00 -1.800000e+01 -3.852566e+00
      vertex -3.967230e+00 -1.800000e+01 -6.364832e+00
    endloop
  endfacet
  facet normal  0.000000e+00 -1.000000e+00  0.000000e+00
    outer loop
      vertex -3.967230e+00 -1.800000e+01 -6.364832e+00
      vertex -3.187120e+00 -1.800000e+01 -3.852566e+00
      vertex -3.644843e+00 -1.800000e+01 -3.422735e+00
    endloop
  endfacet
  facet normal  -0.000000e+00 -1.000000e+00  0.000000e+00
    outer loop
      vertex -3.967230e+00 -1.800000e+01 -6.364832e+00
      vertex -3.644843e+00 -1.800000e+01 -3.422735e+00
      vertex -4.045085e+00 -1.800000e+01 -2.938926e+00
    endloop
  endfacet
  facet normal  0.000000e+00 -1.000000e+00  -0.000000e+00
    outer loop
      vertex -3.967230e+00 -1.800000e+01 -6.364832e+00
      vertex -4.045085e+00 -1.800000e+01 -2.938926e+00
      vertex -4.590795e+00 -1.800000e+01 -5.930818e+00
    endloop
  endfacet
  facet normal  0.000000e+00 -1.000000e+00  0.000000e+00
    outer loop
      vertex -4.590795e+00 -1.800000e+01 -5.930818e+00
      vertex -4.045085e+00 -1.800000e+01 -2.938926e+00
      vertex -4.381534e+00 -1.800000e+01 -2.408768e+00
    endloop
  endfacet
  facet normal  -0.000000e+00 -1.000000e+00  0.000000e+00
    outer loop
      vertex -4.590795e+00 -1.800000e+01 -5.930818e+00
      vertex -4.381534e+00 -1.800000e+01 -2.408768e+00
      vertex -4.648882e+00 -1.800000e+01 -1.840623e+00
    endloop
  endfacet
  facet normal  0.000000e+00 -1.000000e+00  0.000000e+00
    outer loop
      vertex  4.960574e+00 -1.800000e+01  6.266662e-01
      vertex  5.167252e+00 -1.800000e+01  5.435946e+00
      vertex  4.842916e+00 -1.800000e+01  1.243449e+00
    endloop
  endfacet
  facet normal  0.000000e+00 -9.999999e-01  0.000000e+00
    outer loop
      vertex  4.842916e+00 -1.800000e+01  1.243449e+00
      vertex  5.167252e+00 -1.800000e+01  5.435946e+00
      vertex  4.590795e+00 -1.800000e+01  5.930818e+00
    endloop
  endfacet
  facet normal  0.000000e+00 -1.000000e+00  0.000000e+00
    outer loop
      vertex  4.842916e+00 -1.800000e+01  1.243449e+00
      vertex  4.590795e+00 -1.800000e+01  5.930818e+00
      vertex  4.648882e+00 -1.800000e+01  1.840623e+00
    endloop
  endfacet
  facet normal  0.000000e+00 -1.000000e+00  -0.000000e+00
    outer loop
      vertex  4.648882e+00 -1.800000e+01  1.840623e+00
      vertex  4.590795e+00 -1.800000e+01  5.930818e+00
      vertex  4.381534e+00 -1.800000e+01  2.408768e+00
    endloop
  endfacet
  facet normal  0.000000e+00 -1.000000e+00  0.000000e+00
    outer loop
      vertex  4.381534e+00 -1.800000e+01  2.408768e+00
      vertex  4.590795e+00 -1.800000e+01  5.930818e+00
      vertex  3.967230e+00 -1.800000e+01  6.364832e+00
    endloop
  endfacet
  facet normal  0.000000e+00 -1.000000e+00  0.000000e+00
    outer loop
      vertex  4.381534e+00 -1.800000e+01  2.408768e+00
      vertex  3.967230e+00 -1.800000e+01  6.364832e+00
      vertex  4.045085e+00 -1.800000e+01  2.938926e+00
    endloop
  endfacet
  facet normal  0.000000e+00 -1.000000e+00  -0.000000e+00
    outer loop
      vertex  4.045085e+00 -1.800000e+01  2.938926e+00
      vertex  3.967230e+00 -1.800000e+01  6.364832e+00
      vertex  3.644843e+00 -1.800000e+01  3.422735e+00
    endloop
  endfacet
  facet normal  0.000000e+00 -1.000000e+00  0.000000e+00
    outer loop
      vertex  3.644843e+00 -1.800000e+01  3.422735e+00
      vertex  3.967230e+00 -1.800000e+01  6.364832e+00
      vertex  3.302956e+00 -1.800000e+01  6.733534e+00
    endloop
  endfacet
  facet normal  0.000000e+00 -1.000000e+00  -0.000000e+00
    outer loop
      vertex  3.644843e+00 -1.800000e+01  3.422735e+00
      vertex  3.302956e+00 -1.800000e+01  6.733534e+00
      vertex  3.187120e+00 -1.800000e+01  3.852566e+00
    endloop
  endfacet
  facet normal  0.000000e+00 -1.000000e+00  0.000000e+00
    outer loop
      vertex  3.187120e+00 -1.800000e+01  3.852566e+00
      vertex  3.302956e+00 -1.800000e+01  6.733534e+00
      vertex  2.679134e+00 -1.800000e+01  4.221640e+00
    endloop
  endfacet
  facet normal  0.000000e+00 -1.000000e+00  0.000000e+00
    outer loop
      vertex  2.679134e+00 -1.800000e+01  4.221640e+00
      vertex  3.302956e+00 -1.800000e+01  6.733534e+00
      vertex  2.604789e+00 -1.800000e+01  7.033141e+00
    endloop
  endfacet
  facet normal  0.000000e+00 -1.000000e+00  -0.000000e+00
    outer loop
      vertex  2.679134e+00 -1.800000e+01  4.221640e+00
      vertex  2.604789e+00 -1.800000e+01  7.033141e+00
      vertex  2.128896e+00 -1.800000e+01  4.524135e+00
    endloop
  endfacet
  facet normal  0.000000e+00 -1.000000e+00  0.000000e+00
    outer loop
      vertex  2.128896e+00 -1.800000e+01  4.524135e+00
      vertex  2.604789e+00 -1.800000e+01  7.033141e+00
      vertex  1.879894e+00 -1.800000e+01  7.260578e+00
    endloop
  endfacet
  facet normal  0.000000e+00 -9.999999e-01  -0.000000e+00
    outer loop
      vertex  2.128896e+00 -1.800000e+01  4.524135e+00
      vertex  1.879894e+00 -1.800000e+01  7.260578e+00
      vertex  1.545085e+00 -1.800000e+01  4.755282e+00
    endloop
  endfacet
  facet normal  0.000000e+00 -1.000000e+00  0.000000e+00
    outer loop
      vertex  1.545085e+00 -1.800000e+01  4.755282e+00
      vertex  1.879894e+00 -1.800000e+01  7.260578e+00
      vertex  1.135708e+00 -1.800000e+01  7.413512e+00
    endloop
  endfacet
  facet normal  0.000000e+00 -1.000000e+00  -0.000000e+00
    outer loop
      vertex  1.545085e+00 -1.800000e+01  4.755282e+00
      vertex  1.135708e+00 -1.800000e+01  7.413512e+00
      vertex  9.369066e-01 -1.800000e+01  4.911436e+00
    endloop
  endfacet
  facet normal  0.000000e+00 -1.000000e+00  0.000000e+00
    outer loop
      vertex  9.369066e-01 -1.800000e+01  4.911436e+00
      vertex  1.135708e+00 -1.800000e+01  7.413512e+00
      vertex  3.139526e-01 -1.800000e+01  4.990134e+00
    endloop
  endfacet
  facet normal  0.000000e+00 -1.000000e+00  0.000000e+00
    outer loop
      vertex  3.139526e-01 -1.800000e+01  4.990134e+00
      vertex  1.135708e+00 -1.800000e+01  7.413512e+00
      vertex  3.798688e-01 -1.800000e+01  7.490374e+00
    endloop
  endfacet
  facet normal  0.000000e+00 -1.000000e+00  0.000000e+00
    outer loop
      vertex  3.139526e-01 -1.800000e+01  4.990134e+00
      vertex  3.798688e-01 -1.800000e+01  7.490374e+00
      vertex -3.139526e-01 -1.800000e+01  4.990134e+00
    endloop
  endfacet
  facet normal  0.000000e+00 -1.000000e+00  0.000000e+00
    outer loop
      vertex -3.139526e-01 -1.800000e+01  4.990134e+00
      vertex  3.798688e-01 -1.800000e+01  7.490374e+00
      vertex -3.798688e-01 -1.800000e+01  7.490374e+00
    endloop
  endfacet
  facet normal  0.000000e+00 -1.000000e+00  -0.000000e+00
    outer loop
      vertex -3.139526e-01 -1.800000e+01  4.990134e+00
      vertex -3.798688e-01 -1.800000e+01  7.490374e+00
      vertex -9.369066e-01 -1.800000e+01  4.911436e+00
    endloop
  endfacet
  facet normal  0.000000e+00 -1.000000e+00  0.000000e+00
    outer loop
      vertex -9.369066e-01 -1.800000e+01  4.911436e+00
      vertex -3.798688e-01 -1.800000e+01  7.490374e+00
      vertex -1.135708e+00 -1.800000e+01  7.413512e+00
    endloop
  endfacet
  facet normal  0.000000e+00 -1.000000e+00  -0.000000e+00
    outer loop
      vertex -9.369066e-01 -1.800000e+01  4.911436e+00
      vertex -1.135708e+00 -1.800000e+01  7.413512e+00
      vertex -1.545085e+00 -1.800000e+01  4.755282e+00
    endloop
  endfacet
  facet normal  0.000000e+00 -1.000000e+00  0.000000e+00
    outer loop
      vertex -1.545085e+00 -1.800000e+01  4.755282e+00
      vertex -1.135708e+00 -1.800000e+01  7.413512e+00
      vertex -1.879894e+00 -1.800000e+01  7.260578e+00
    endloop
  endfacet
  facet normal  0.000000e+00 -9.999999e-01  -0.000000e+00
    outer loop
      vertex -1.545085e+00 -1.800000e+01  4.755282e+00
      vertex -1.879894e+00 -1.800000e+01  7.260578e+00
      vertex -2.128896e+00 -1.800000e+01  4.524135e+00
    endloop
  endfacet
  facet normal  0.000000e+00 -9.999999e-01  0.000000e+00
    outer loop
      vertex -2.128896e+00 -1.800000e+01  4.524135e+00
      vertex -1.879894e+00 -1.800000e+01  7.260578e+00
      vertex -2.679134e+00 -1.800000e+01  4.221640e+00
    endloop
  endfacet
  facet normal  0.000000e+00 -1.000000e+00  0.000000e+00
    outer loop
      vertex -2.679134e+00 -1.800000e+01  4.221640e+00
      vertex -1.879894e+00 -1.800000e+01  7.260578e+00
      vertex -2.604789e+00 -1.800000e+01  7.033141e+00
    endloop
  endfacet
  facet normal  0.000000e+00 -1.000000e+00  0.000000e+00
    outer loop
      vertex -2.679134e+00 -1.800000e+01  4.221640e+00
      vertex -2.604789e+00 -1.800000e+01  7.033141e+00
      vertex -3.187120e+00 -1.800000e+01  3.852566e+00
    endloop
  endfacet
  facet normal  0.000000e+00 -1.000000e+00  0.000000e+00
    outer loop
      vertex -3.187120e+00 -1.800000e+01  3.852566e+00
      vertex -2.604789e+00 -1.800000e+01  7.033141e+00
      vertex -3.302956e+00 -1.800000e+01  6.733534e+00
    endloop
  endfacet
  facet normal  0.000000e+00 -1.000000e+00  -0.000000e+00
    outer loop
      vertex -3.187120e+00 -1.800000e+01  3.852566e+00
      vertex -3.302956e+00 -1.800000e+01  6.733534e+00
      vertex -3.644843e+00 -1.800000e+01  3.422735e+00
    endloop
  endfacet
  facet normal  0.000000e+00 -1.000000e+00  0.000000e+00
    outer loop
      vertex -3.644843e+00 -1.800000e+01  3.422735e+00
      vertex -3.302956e+00 -1.800000e+01  6.733534e+00
      vertex -3.967230e+00 -1.800000e+01  6.364832e+00
    endloop
  endfacet
  facet normal  0.000000e+00 -1.000000e+00  -0.000000e+00
    outer loop
      vertex -3.644843e+00 -1.800000e+01  3.422735e+00
      vertex -3.967230e+00 -1.800000e+01  6.364832e+00
      vertex -4.045085e+00 -1.800000e+01  2.938926e+00
    endloop
  endfacet
  facet normal  0.000000e+00 -1.000000e+00  0.000000e+00
    outer loop
      vertex -4.045085e+00 -1.800000e+01  2.938926e+00
      vertex -3.967230e+00 -1.800000e+01  6.364832e+00
      vertex -4.381534e+00 -1.800000e+01  2.408768e+00
    endloop
  endfacet
  facet normal  0.000000e+00 -1.000000e+00  0.000000e+00
    outer loop
      vertex -4.381534e+00 -1.800000e+01  2.408768e+00
      vertex -3.967230e+00 -1.800000e+01  6.364832e+00
      vertex -4.590795e+00 -1.800000e+01  5.930818e+00
    endloop
  endfacet
  facet normal  0.000000e+00 -1.000000e+00  -0.000000e+00
    outer loop
      vertex -4.381534e+00 -1.800000e+01  2.408768e+00
      vertex -4.590795e+00 -1.800000e+01  5.930818e+00
      vertex -4.648882e+00 -1.800000e+01  1.840623e+00
    endloop
  endfacet
  facet normal  8.715671e-02 -9.961946e-01  0.000000e+00
    outer loop
      vertex  7.250000e+01 -1.040000e+01  1.550000e+01
      vertex  7.204852e+01 -1.043950e+01  2.300000e+01
      vertex  7.204852e+01 -1.043950e+01  1.550000e+01
    endloop
  endfacet
  facet normal  2.588185e-01 -9.659259e-01  0.000000e+00
    outer loop
      vertex  7.204852e+01 -1.043950e+01  1.550000e+01
      vertex  7.204852e+01 -1.043950e+01  2.300000e+01
      vertex  7.161075e+01 -1.055680e+01  2.300000e+01
    endloop
  endfacet
  facet normal  2.588185e-01 -9.659259e-01  0.000000e+00
    outer loop
      vertex  7.204852e+01 -1.043950e+01  1.550000e+01
      vertex  7.161075e+01 -1.055680e+01  2.300000e+01
      vertex  7.161075e+01 -1.055680e+01  1.550000e+01
    endloop
  endfacet
  facet normal  4.226155e-01 -9.063090e-01  0.000000e+00
    outer loop
      vertex  7.161075e+01 -1.055680e+01  1.550000e+01
      vertex  7.161075e+01 -1.055680e+01  2.300000e+01
      vertex  7.120000e+01 -1.074833e+01  2.300000e+01
    endloop
  endfacet
  facet normal  4.226155e-01 -9.063090e-01  0.000000e+00
    outer loop
      vertex  7.161075e+01 -1.055680e+01  1.550000e+01
      vertex  7.120000e+01 -1.074833e+01  2.300000e+01
      vertex  7.120000e+01 -1.074833e+01  1.550000e+01
    endloop
  endfacet
  facet normal  5.735781e-01 -8.191508e-01  0.000000e+00
    outer loop
      vertex  7.120000e+01 -1.074833e+01  1.550000e+01
      vertex  7.120000e+01 -1.074833e+01  2.300000e+01
      vertex  7.082875e+01 -1.100828e+01  2.300000e+01
    endloop
  endfacet
  facet normal  5.735781e-01 -8.191508e-01  0.000000e+00
    outer loop
      vertex  7.120000e+01 -1.074833e+01  1.550000e+01
      vertex  7.082875e+01 -1.100828e+01  2.300000e+01
      vertex  7.082875e+01 -1.100828e+01  1.550000e+01
    endloop
  endfacet
  facet normal  7.071100e-01 -7.071037e-01  0.000000e+00
    outer loop
      vertex  7.082875e+01 -1.100828e+01  1.550000e+01
      vertex  7.082875e+01 -1.100828e+01  2.300000e+01
      vertex  7.050829e+01 -1.132875e+01  2.300000e+01
    endloop
  endfacet
  facet normal  7.071100e-01 -7.071037e-01  0.000000e+00
    outer loop
      vertex  7.082875e+01 -1.100828e+01  1.550000e+01
      vertex  7.050829e+01 -1.132875e+01  2.300000e+01
      vertex  7.050829e+01 -1.132875e+01  1.550000e+01
    endloop
  endfacet
  facet normal  8.191535e-01 -5.735743e-01  0.000000e+00
    outer loop
      vertex  7.050829e+01 -1.132875e+01  1.550000e+01
      vertex  7.050829e+01 -1.132875e+01  2.300000e+01
      vertex  7.024834e+01 -1.170000e+01  2.300000e+01
    endloop
  endfacet
  facet normal  8.191535e-01 -5.735743e-01  0.000000e+00
    outer loop
      vertex  7.050829e+01 -1.132875e+01  1.550000e+01
      vertex  7.024834e+01 -1.170000e+01  2.300000e+01
      vertex  7.024834e+01 -1.170000e+01  1.550000e+01
    endloop
  endfacet
  facet normal  9.063068e-01 -4.226205e-01  0.000000e+00
    outer loop
      vertex  7.024834e+01 -1.170000e+01  1.550000e+01
      vertex  7.024834e+01 -1.170000e+01  2.300000e+01
      vertex  7.005680e+01 -1.211075e+01  2.300000e+01
    endloop
  endfacet
  facet normal  9.063068e-01 -4.226205e-01  0.000000e+00
    outer loop
      vertex  7.024834e+01 -1.170000e+01  1.550000e+01
      vertex  7.005680e+01 -1.211075e+01  2.300000e+01
      vertex  7.005680e+01 -1.211075e+01  1.550000e+01
    endloop
  endfacet
  facet normal  9.659243e-01 -2.588244e-01  0.000000e+00
    outer loop
      vertex  7.005680e+01 -1.211075e+01  1.550000e+01
      vertex  7.005680e+01 -1.211075e+01  2.300000e+01
      vertex  6.993950e+01 -1.254851e+01  2.300000e+01
    endloop
  endfacet
  facet normal  9.659243e-01 -2.588244e-01  0.000000e+00
    outer loop
      vertex  7.005680e+01 -1.211075e+01  1.550000e+01
      vertex  6.993950e+01 -1.254851e+01  2.300000e+01
      vertex  6.993950e+01 -1.254851e+01  1.550000e+01
    endloop
  endfacet
  facet normal  9.961951e-01 -8.715026e-02  0.000000e+00
    outer loop
      vertex  6.993950e+01 -1.254851e+01  1.550000e+01
      vertex  6.993950e+01 -1.254851e+01  2.300000e+01
      vertex  6.990000e+01 -1.300000e+01  2.300000e+01
    endloop
  endfacet
  facet normal  9.961951e-01 -8.715026e-02  0.000000e+00
    outer loop
      vertex  6.993950e+01 -1.254851e+01  1.550000e+01
      vertex  6.990000e+01 -1.300000e+01  2.300000e+01
      vertex  6.990000e+01 -1.300000e+01  1.550000e+01
    endloop
  endfacet
  facet normal  8.715671e-02 -9.961946e-01  0.000000e+00
    outer loop
      vertex  7.204852e+01 -1.043950e+01  2.300000e+01
      vertex  7.250000e+01 -1.040000e+01  1.550000e+01
      vertex  7.250000e+01 -1.040000e+01  2.300000e+01
    endloop
  endfacet
  facet normal -8.715671e-02 -9.961946e-01  -0.000000e+00
    outer loop
      vertex  7.250000e+01 -1.040000e+01  2.300000e+01
      vertex  7.250000e+01 -1.040000e+01  1.550000e+01
      vertex  7.295148e+01 -1.043950e+01  1.550000e+01
    endloop
  endfacet
  facet normal -8.715671e-02 -9.961946e-01  0.000000e+00
    outer loop
      vertex  7.250000e+01 -1.040000e+01  2.300000e+01
      vertex  7.295148e+01 -1.043950e+01  1.550000e+01
      vertex  7.295148e+01 -1.043950e+01  2.300000e+01
    endloop
  endfacet
  facet normal -2.588185e-01 -9.659259e-01  -0.000000e+00
    outer loop
      vertex  7.295148e+01 -1.043950e+01  2.300000e+01
      vertex  7.295148e+01 -1.043950e+01  1.550000e+01
      vertex  7.338925e+01 -1.055680e+01  1.550000e+01
    endloop
  endfacet
  facet normal -2.588185e-01 -9.659259e-01  0.000000e+00
    outer loop
      vertex  7.295148e+01 -1.043950e+01  2.300000e+01
      vertex  7.338925e+01 -1.055680e+01  1.550000e+01
      vertex  7.338925e+01 -1.055680e+01  2.300000e+01
    endloop
  endfacet
  facet normal -4.226155e-01 -9.063090e-01  -0.000000e+00
    outer loop
      vertex  7.338925e+01 -1.055680e+01  2.300000e+01
      vertex  7.338925e+01 -1.055680e+01  1.550000e+01
      vertex  7.380000e+01 -1.074833e+01  1.550000e+01
    endloop
  endfacet
  facet normal -4.226155e-01 -9.063090e-01  0.000000e+00
    outer loop
      vertex  7.338925e+01 -1.055680e+01  2.300000e+01
      vertex  7.380000e+01 -1.074833e+01  1.550000e+01
      vertex  7.380000e+01 -1.074833e+01  2.300000e+01
    endloop
  endfacet
  facet normal -5.735781e-01 -8.191508e-01  -0.000000e+00
    outer loop
      vertex  7.380000e+01 -1.074833e+01  2.300000e+01
      vertex  7.380000e+01 -1.074833e+01  1.550000e+01
      vertex  7.417125e+01 -1.100828e+01  1.550000e+01
    endloop
  endfacet
  facet normal -5.735781e-01 -8.191508e-01  0.000000e+00
    outer loop
      vertex  7.380000e+01 -1.074833e+01  2.300000e+01
      vertex  7.417125e+01 -1.100828e+01  1.550000e+01
      vertex  7.417125e+01 -1.100828e+01  2.300000e+01
    endloop
  endfacet
  facet normal -7.071100e-01 -7.071037e-01  -0.000000e+00
    outer loop
      vertex  7.417125e+01 -1.100828e+01  2.300000e+01
      vertex  7.417125e+01 -1.100828e+01  1.550000e+01
      vertex  7.449171e+01 -1.132875e+01  1.550000e+01
    endloop
  endfacet
  facet normal -7.071100e-01 -7.071037e-01  0.000000e+00
    outer loop
      vertex  7.417125e+01 -1.100828e+01  2.300000e+01
      vertex  7.449171e+01 -1.132875e+01  1.550000e+01
      vertex  7.449171e+01 -1.132875e+01  2.300000e+01
    endloop
  endfacet
  facet normal -8.191535e-01 -5.735743e-01  -0.000000e+00
    outer loop
      vertex  7.449171e+01 -1.132875e+01  2.300000e+01
      vertex  7.449171e+01 -1.132875e+01  1.550000e+01
      vertex  7.475166e+01 -1.170000e+01  1.550000e+01
    endloop
  endfacet
  facet normal -8.191535e-01 -5.735743e-01  0.000000e+00
    outer loop
      vertex  7.449171e+01 -1.132875e+01  2.300000e+01
      vertex  7.475166e+01 -1.170000e+01  1.550000e+01
      vertex  7.475166e+01 -1.170000e+01  2.300000e+01
    endloop
  endfacet
  facet normal -9.063068e-01 -4.226205e-01  -0.000000e+00
    outer loop
      vertex  7.475166e+01 -1.170000e+01  2.300000e+01
      vertex  7.475166e+01 -1.170000e+01  1.550000e+01
      vertex  7.494320e+01 -1.211075e+01  1.550000e+01
    endloop
  endfacet
  facet normal -9.063068e-01 -4.226205e-01  0.000000e+00
    outer loop
      vertex  7.475166e+01 -1.170000e+01  2.300000e+01
      vertex  7.494320e+01 -1.211075e+01  1.550000e+01
      vertex  7.494320e+01 -1.211075e+01  2.300000e+01
    endloop
  endfacet
  facet normal -9.659243e-01 -2.588244e-01  -0.000000e+00
    outer loop
      vertex  7.494320e+01 -1.211075e+01  2.300000e+01
      vertex  7.494320e+01 -1.211075e+01  1.550000e+01
      vertex  7.506050e+01 -1.254851e+01  1.550000e+01
    endloop
  endfacet
  facet normal -9.659243e-01 -2.588244e-01  0.000000e+00
    outer loop
      vertex  7.494320e+01 -1.211075e+01  2.300000e+01
      vertex  7.506050e+01 -1.254851e+01  1.550000e+01
      vertex  7.506050e+01 -1.254851e+01  2.300000e+01
    endloop
  endfacet
  facet normal -9.961951e-01 -8.715026e-02  -0.000000e+00
    outer loop
      vertex  7.506050e+01 -1.254851e+01  2.300000e+01
      vertex  7.506050e+01 -1.254851e+01  1.550000e+01
      vertex  7.510000e+01 -1.300000e+01  1.550000e+01
    endloop
  endfacet
  facet normal -9.961951e-01 -8.715026e-02  0.000000e+00
    outer loop
      vertex  7.506050e+01 -1.254851e+01  2.300000e+01
      vertex  7.510000e+01 -1.300000e+01  1.550000e+01
      vertex  7.510000e+01 -1.300000e+01  2.300000e+01
    endloop
  endfacet
  facet normal -8.715671e-02  9.961946e-01  0.000000e+00
    outer loop
      vertex  7.250000e+01 -1.560000e+01  1.550000e+01
      vertex  7.295148e+01 -1.556050e+01  2.300000e+01
      vertex  7.295148e+01 -1.556050e+01  1.550000e+01
    endloop
  endfacet
  facet normal -2.588185e-01  9.659259e-01  0.000000e+00
    outer loop
      vertex  7.295148e+01 -1.556050e+01  1.550000e+01
      vertex  7.295148e+01 -1.556050e+01  2.300000e+01
      vertex  7.338925e+01 -1.544320e+01  2.300000e+01
    endloop
  endfacet
  facet normal -2.588185e-01  9.659259e-01  0.000000e+00
    outer loop
      vertex  7.295148e+01 -1.556050e+01  1.550000e+01
      vertex  7.338925e+01 -1.544320e+01  2.300000e+01
      vertex  7.338925e+01 -1.544320e+01  1.550000e+01
    endloop
  endfacet
  facet normal -4.226155e-01  9.063090e-01  0.000000e+00
    outer loop
      vertex  7.338925e+01 -1.544320e+01  1.550000e+01
      vertex  7.338925e+01 -1.544320e+01  2.300000e+01
      vertex  7.380000e+01 -1.525167e+01  2.300000e+01
    endloop
  endfacet
  facet normal -4.226155e-01  9.063090e-01  0.000000e+00
    outer loop
      vertex  7.338925e+01 -1.544320e+01  1.550000e+01
      vertex  7.380000e+01 -1.525167e+01  2.300000e+01
      vertex  7.380000e+01 -1.525167e+01  1.550000e+01
    endloop
  endfacet
  facet normal -5.735781e-01  8.191508e-01  0.000000e+00
    outer loop
      vertex  7.380000e+01 -1.525167e+01  1.550000e+01
      vertex  7.380000e+01 -1.525167e+01  2.300000e+01
      vertex  7.417125e+01 -1.499172e+01  2.300000e+01
    endloop
  endfacet
  facet normal -5.735781e-01  8.191508e-01  0.000000e+00
    outer loop
      vertex  7.380000e+01 -1.525167e+01  1.550000e+01
      vertex  7.417125e+01 -1.499172e+01  2.300000e+01
      vertex  7.417125e+01 -1.499172e+01  1.550000e+01
    endloop
  endfacet
  facet normal -7.071100e-01  7.071037e-01  0.000000e+00
    outer loop
      vertex  7.417125e+01 -1.499172e+01  1.550000e+01
      vertex  7.417125e+01 -1.499172e+01  2.300000e+01
      vertex  7.449171e+01 -1.467125e+01  2.300000e+01
    endloop
  endfacet
  facet normal -7.071100e-01  7.071037e-01  0.000000e+00
    outer loop
      vertex  7.417125e+01 -1.499172e+01  1.550000e+01
      vertex  7.449171e+01 -1.467125e+01  2.300000e+01
      vertex  7.449171e+01 -1.467125e+01  1.550000e+01
    endloop
  endfacet
  facet normal -8.191535e-01  5.735743e-01  0.000000e+00
    outer loop
      vertex  7.449171e+01 -1.467125e+01  1.550000e+01
      vertex  7.449171e+01 -1.467125e+01  2.300000e+01
      vertex  7.475166e+01 -1.430000e+01  2.300000e+01
    endloop
  endfacet
  facet normal -8.191535e-01  5.735743e-01  0.000000e+00
    outer loop
      vertex  7.449171e+01 -1.467125e+01  1.550000e+01
      vertex  7.475166e+01 -1.430000e+01  2.300000e+01
      vertex  7.475166e+01 -1.430000e+01  1.550000e+01
    endloop
  endfacet
  facet normal -9.063068e-01  4.226205e-01  0.000000e+00
    outer loop
      vertex  7.475166e+01 -1.430000e+01  1.550000e+01
      vertex  7.475166e+01 -1.430000e+01  2.300000e+01
      vertex  7.494320e+01 -1.388925e+01  2.300000e+01
    endloop
  endfacet
  facet normal -9.063068e-01  4.226205e-01  0.000000e+00
    outer loop
      vertex  7.475166e+01 -1.430000e+01  1.550000e+01
      vertex  7.494320e+01 -1.388925e+01  2.300000e+01
      vertex  7.494320e+01 -1.388925e+01  1.550000e+01
    endloop
  endfacet
  facet normal -9.659243e-01  2.588244e-01  0.000000e+00
    outer loop
      vertex  7.494320e+01 -1.388925e+01  1.550000e+01
      vertex  7.494320e+01 -1.388925e+01  2.300000e+01
      vertex  7.506050e+01 -1.345149e+01  2.300000e+01
    endloop
  endfacet
  facet normal -9.659243e-01  2.588244e-01  0.000000e+00
    outer loop
      vertex  7.494320e+01 -1.388925e+01  1.550000e+01
      vertex  7.506050e+01 -1.345149e+01  2.300000e+01
      vertex  7.506050e+01 -1.345149e+01  1.550000e+01
    endloop
  endfacet
  facet normal -9.961951e-01  8.715026e-02  0.000000e+00
    outer loop
      vertex  7.506050e+01 -1.345149e+01  1.550000e+01
      vertex  7.506050e+01 -1.345149e+01  2.300000e+01
      vertex  7.510000e+01 -1.300000e+01  2.300000e+01
    endloop
  endfacet
  facet normal -9.961951e-01  8.715026e-02  0.000000e+00
    outer loop
      vertex  7.506050e+01 -1.345149e+01  1.550000e+01
      vertex  7.510000e+01 -1.300000e+01  2.300000e+01
      vertex  7.510000e+01 -1.300000e+01  1.550000e+01
    endloop
  endfacet
  facet normal -8.715671e-02  9.961946e-01  0.000000e+00
    outer loop
      vertex  7.295148e+01 -1.556050e+01  2.300000e+01
      vertex  7.250000e+01 -1.560000e+01  1.550000e+01
      vertex  7.250000e+01 -1.560000e+01  2.300000e+01
    endloop
  endfacet
  facet normal  8.715671e-02  9.961946e-01  0.000000e+00
    outer loop
      vertex  7.250000e+01 -1.560000e+01  2.300000e+01
      vertex  7.250000e+01 -1.560000e+01  1.550000e+01
      vertex  7.204852e+01 -1.556050e+01  1.550000e+01
    endloop
  endfacet
  facet normal  8.715671e-02  9.961946e-01  -0.000000e+00
    outer loop
      vertex  7.250000e+01 -1.560000e+01  2.300000e+01
      vertex  7.204852e+01 -1.556050e+01  1.550000e+01
      vertex  7.204852e+01 -1.556050e+01  2.300000e+01
    endloop
  endfacet
  facet normal  2.588185e-01  9.659259e-01  0.000000e+00
    outer loop
      vertex  7.204852e+01 -1.556050e+01  2.300000e+01
      vertex  7.204852e+01 -1.556050e+01  1.550000e+01
      vertex  7.161075e+01 -1.544320e+01  1.550000e+01
    endloop
  endfacet
  facet normal  2.588185e-01  9.659259e-01  -0.000000e+00
    outer loop
      vertex  7.204852e+01 -1.556050e+01  2.300000e+01
      vertex  7.161075e+01 -1.544320e+01  1.550000e+01
      vertex  7.161075e+01 -1.544320e+01  2.300000e+01
    endloop
  endfacet
  facet normal  4.226155e-01  9.063090e-01  0.000000e+00
    outer loop
      vertex  7.161075e+01 -1.544320e+01  2.300000e+01
      vertex  7.161075e+01 -1.544320e+01  1.550000e+01
      vertex  7.120000e+01 -1.525167e+01  1.550000e+01
    endloop
  endfacet
  facet normal  4.226155e-01  9.063090e-01  -0.000000e+00
    outer loop
      vertex  7.161075e+01 -1.544320e+01  2.300000e+01
      vertex  7.120000e+01 -1.525167e+01  1.550000e+01
      vertex  7.120000e+01 -1.525167e+01  2.300000e+01
    endloop
  endfacet
  facet normal  5.735781e-01  8.191508e-01  0.000000e+00
    outer loop
      vertex  7.120000e+01 -1.525167e+01  2.300000e+01
      vertex  7.120000e+01 -1.525167e+01  1.550000e+01
      vertex  7.082875e+01 -1.499172e+01  1.550000e+01
    endloop
  endfacet
  facet normal  5.735781e-01  8.191508e-01  -0.000000e+00
    outer loop
      vertex  7.120000e+01 -1.525167e+01  2.300000e+01
      vertex  7.082875e+01 -1.499172e+01  1.550000e+01
      vertex  7.082875e+01 -1.499172e+01  2.300000e+01
    endloop
  endfacet
  facet normal  7.071100e-01  7.071037e-01  0.000000e+00
    outer loop
      vertex  7.082875e+01 -1.499172e+01  2.300000e+01
      vertex  7.082875e+01 -1.499172e+01  1.550000e+01
      vertex  7.050829e+01 -1.467125e+01  1.550000e+01
    endloop
  endfacet
  facet normal  7.071100e-01  7.071037e-01  -0.000000e+00
    outer loop
      vertex  7.082875e+01 -1.499172e+01  2.300000e+01
      vertex  7.050829e+01 -1.467125e+01  1.550000e+01
      vertex  7.050829e+01 -1.467125e+01  2.300000e+01
    endloop
  endfacet
  facet normal  8.191535e-01  5.735743e-01  0.000000e+00
    outer loop
      vertex  7.050829e+01 -1.467125e+01  2.300000e+01
      vertex  7.050829e+01 -1.467125e+01  1.550000e+01
      vertex  7.024834e+01 -1.430000e+01  1.550000e+01
    endloop
  endfacet
  facet normal  8.191535e-01  5.735743e-01  -0.000000e+00
    outer loop
      vertex  7.050829e+01 -1.467125e+01  2.300000e+01
      vertex  7.024834e+01 -1.430000e+01  1.550000e+01
      vertex  7.024834e+01 -1.430000e+01  2.300000e+01
    endloop
  endfacet
  facet normal  9.063068e-01  4.226205e-01  0.000000e+00
    outer loop
      vertex  7.024834e+01 -1.430000e+01  2.300000e+01
      vertex  7.024834e+01 -1.430000e+01  1.550000e+01
      vertex  7.005680e+01 -1.388925e+01  1.550000e+01
    endloop
  endfacet
  facet normal  9.063068e-01  4.226205e-01  -0.000000e+00
    outer loop
      vertex  7.024834e+01 -1.430000e+01  2.300000e+01
      vertex  7.005680e+01 -1.388925e+01  1.550000e+01
      vertex  7.005680e+01 -1.388925e+01  2.300000e+01
    endloop
  endfacet
  facet normal  9.659243e-01  2.588244e-01  0.000000e+00
    outer loop
      vertex  7.005680e+01 -1.388925e+01  2.300000e+01
      vertex  7.005680e+01 -1.388925e+01  1.550000e+01
      vertex  6.993950e+01 -1.345149e+01  1.550000e+01
    endloop
  endfacet
  facet normal  9.659243e-01  2.588244e-01  -0.000000e+00
    outer loop
      vertex  7.005680e+01 -1.388925e+01  2.300000e+01
      vertex  6.993950e+01 -1.345149e+01  1.550000e+01
      vertex  6.993950e+01 -1.345149e+01  2.300000e+01
    endloop
  endfacet
  facet normal  9.961951e-01  8.715026e-02  0.000000e+00
    outer loop
      vertex  6.993950e+01 -1.345149e+01  2.300000e+01
      vertex  6.993950e+01 -1.345149e+01  1.550000e+01
      vertex  6.990000e+01 -1.300000e+01  1.550000e+01
    endloop
  endfacet
  facet normal  9.961951e-01  8.715026e-02  -0.000000e+00
    outer loop
      vertex  6.993950e+01 -1.345149e+01  2.300000e+01
      vertex  6.990000e+01 -1.300000e+01  1.550000e+01
      vertex  6.990000e+01 -1.300000e+01  2.300000e+01
    endloop
  endfacet
  facet normal  7.064608e-01 -4.273404e-02 -7.064608e-01
    outer loop
      vertex  6.740000e+01 -1.300000e+01  1.300000e+01
      vertex  6.743719e+01 -1.238526e+01  1.300000e+01
      vertex  6.990000e+01 -1.300000e+01  1.550000e+01
    endloop
  endfacet
  facet normal  7.034283e-01 -6.153811e-02 -7.080973e-01
    outer loop
      vertex  6.743719e+01 -1.238526e+01  1.300000e+01
      vertex  6.993950e+01 -1.254851e+01  1.550000e+01
      vertex  6.990000e+01 -1.300000e+01  1.550000e+01
    endloop
  endfacet
  facet normal -7.034283e-01 -6.153811e-02 -7.080973e-01
    outer loop
      vertex  7.506050e+01 -1.254851e+01  1.550000e+01
      vertex  7.756281e+01 -1.238526e+01  1.300000e+01
      vertex  7.510000e+01 -1.300000e+01  1.550000e+01
    endloop
  endfacet
  facet normal -7.064608e-01 -4.273404e-02 -7.064608e-01
    outer loop
      vertex  7.756281e+01 -1.238526e+01  1.300000e+01
      vertex  7.760000e+01 -1.300000e+01  1.300000e+01
      vertex  7.510000e+01 -1.300000e+01  1.550000e+01
    endloop
  endfacet
  facet normal  6.968127e-01 -1.276909e-01 -7.057953e-01
    outer loop
      vertex  6.743719e+01 -1.238526e+01  1.300000e+01
      vertex  6.754819e+01 -1.177949e+01  1.300000e+01
      vertex  6.993950e+01 -1.254851e+01  1.550000e+01
    endloop
  endfacet
  facet normal  6.759587e-01 -2.106365e-01 -7.061955e-01
    outer loop
      vertex  6.754819e+01 -1.177949e+01  1.300000e+01
      vertex  6.773141e+01 -1.119151e+01  1.300000e+01
      vertex  7.005680e+01 -1.211075e+01  1.550000e+01
    endloop
  endfacet
  facet normal  6.818023e-01 -1.826925e-01 -7.083566e-01
    outer loop
      vertex  6.993950e+01 -1.254851e+01  1.550000e+01
      vertex  6.754819e+01 -1.177949e+01  1.300000e+01
      vertex  7.005680e+01 -1.211075e+01  1.550000e+01
    endloop
  endfacet
  facet normal  6.061938e-01 -3.664522e-01 -7.058625e-01
    outer loop
      vertex  6.798418e+01 -1.062991e+01  1.300000e+01
      vertex  6.830278e+01 -1.010287e+01  1.300000e+01
      vertex  7.024834e+01 -1.170000e+01  1.550000e+01
    endloop
  endfacet
  facet normal  6.403093e-01 -2.985830e-01 -7.077093e-01
    outer loop
      vertex  7.005680e+01 -1.211075e+01  1.550000e+01
      vertex  6.798418e+01 -1.062991e+01  1.300000e+01
      vertex  7.024834e+01 -1.170000e+01  1.550000e+01
    endloop
  endfacet
  facet normal  6.450945e-01 -2.903388e-01 -7.067930e-01
    outer loop
      vertex  6.773141e+01 -1.119151e+01  1.300000e+01
      vertex  6.798418e+01 -1.062991e+01  1.300000e+01
      vertex  7.005680e+01 -1.211075e+01  1.550000e+01
    endloop
  endfacet
  facet normal  5.574955e-01 -4.367711e-01 -7.059957e-01
    outer loop
      vertex  6.830278e+01 -1.010287e+01  1.300000e+01
      vertex  6.868259e+01 -9.618074e+00  1.300000e+01
      vertex  7.050829e+01 -1.132875e+01  1.550000e+01
    endloop
  endfacet
  facet normal  5.780969e-01 -4.047856e-01 -7.084862e-01
    outer loop
      vertex  7.024834e+01 -1.170000e+01  1.550000e+01
      vertex  6.830278e+01 -1.010287e+01  1.300000e+01
      vertex  7.050829e+01 -1.132875e+01  1.550000e+01
    endloop
  endfacet
  facet normal  4.367710e-01 -5.574957e-01 -7.059954e-01
    outer loop
      vertex  6.911807e+01 -9.182595e+00  1.300000e+01
      vertex  6.960287e+01 -8.802782e+00  1.300000e+01
      vertex  7.082875e+01 -1.100828e+01  1.550000e+01
    endloop
  endfacet
  facet normal  4.999433e-01 -4.999389e-01 -7.071901e-01
    outer loop
      vertex  7.050829e+01 -1.132875e+01  1.550000e+01
      vertex  6.911807e+01 -9.182595e+00  1.300000e+01
      vertex  7.082875e+01 -1.100828e+01  1.550000e+01
    endloop
  endfacet
  facet normal  4.999415e-01 -4.999404e-01 -7.071904e-01
    outer loop
      vertex  6.868259e+01 -9.618074e+00  1.300000e+01
      vertex  6.911807e+01 -9.182595e+00  1.300000e+01
      vertex  7.050829e+01 -1.132875e+01  1.550000e+01
    endloop
  endfacet
  facet normal  3.664533e-01 -6.061938e-01 -7.058619e-01
    outer loop
      vertex  6.960287e+01 -8.802782e+00  1.300000e+01
      vertex  7.012991e+01 -8.484175e+00  1.300000e+01
      vertex  7.120000e+01 -1.074833e+01  1.550000e+01
    endloop
  endfacet
  facet normal  4.047885e-01 -5.780954e-01 -7.084857e-01
    outer loop
      vertex  7.082875e+01 -1.100828e+01  1.550000e+01
      vertex  6.960287e+01 -8.802782e+00  1.300000e+01
      vertex  7.120000e+01 -1.074833e+01  1.550000e+01
    endloop
  endfacet
  facet normal  2.106369e-01 -6.759591e-01 -7.061952e-01
    outer loop
      vertex  7.069151e+01 -8.231417e+00  1.300000e+01
      vertex  7.127949e+01 -8.048197e+00  1.300000e+01
      vertex  7.161075e+01 -1.055680e+01  1.550000e+01
    endloop
  endfacet
  facet normal  2.990736e-01 -6.413704e-01 -7.065400e-01
    outer loop
      vertex  7.120000e+01 -1.074833e+01  1.550000e+01
      vertex  7.069151e+01 -8.231417e+00  1.300000e+01
      vertex  7.161075e+01 -1.055680e+01  1.550000e+01
    endloop
  endfacet
  facet normal  2.899840e-01 -6.443115e-01 -7.076524e-01
    outer loop
      vertex  7.012991e+01 -8.484175e+00  1.300000e+01
      vertex  7.069151e+01 -8.231417e+00  1.300000e+01
      vertex  7.120000e+01 -1.074833e+01  1.550000e+01
    endloop
  endfacet
  facet normal  1.276952e-01 -6.968117e-01 -7.057956e-01
    outer loop
      vertex  7.127949e+01 -8.048197e+00  1.300000e+01
      vertex  7.188526e+01 -7.937185e+00  1.300000e+01
      vertex  7.204852e+01 -1.043950e+01  1.550000e+01
    endloop
  endfacet
  facet normal  1.826883e-01 -6.818035e-01 -7.083564e-01
    outer loop
      vertex  7.161075e+01 -1.055680e+01  1.550000e+01
      vertex  7.127949e+01 -8.048197e+00  1.300000e+01
      vertex  7.204852e+01 -1.043950e+01  1.550000e+01
    endloop
  endfacet
  facet normal  4.273288e-02 -7.064609e-01 -7.064608e-01
    outer loop
      vertex  7.188526e+01 -7.937185e+00  1.300000e+01
      vertex  7.250000e+01 -7.900000e+00  1.300000e+01
      vertex  7.250000e+01 -1.040000e+01  1.550000e+01
    endloop
  endfacet
  facet normal  6.154292e-02 -7.034274e-01 -7.080976e-01
    outer loop
      vertex  7.204852e+01 -1.043950e+01  1.550000e+01
      vertex  7.188526e+01 -7.937185e+00  1.300000e+01
      vertex  7.250000e+01 -1.040000e+01  1.550000e+01
    endloop
  endfacet
  facet normal -1.276952e-01 -6.968117e-01 -7.057956e-01
    outer loop
      vertex  7.311474e+01 -7.937185e+00  1.300000e+01
      vertex  7.372051e+01 -8.048197e+00  1.300000e+01
      vertex  7.295148e+01 -1.043950e+01  1.550000e+01
    endloop
  endfacet
  facet normal -6.154292e-02 -7.034274e-01 -7.080976e-01
    outer loop
      vertex  7.250000e+01 -1.040000e+01  1.550000e+01
      vertex  7.311474e+01 -7.937185e+00  1.300000e+01
      vertex  7.295148e+01 -1.043950e+01  1.550000e+01
    endloop
  endfacet
  facet normal -2.106369e-01 -6.759589e-01 -7.061951e-01
    outer loop
      vertex  7.372051e+01 -8.048197e+00  1.300000e+01
      vertex  7.430849e+01 -8.231417e+00  1.300000e+01
      vertex  7.338925e+01 -1.055680e+01  1.550000e+01
    endloop
  endfacet
  facet normal -1.826883e-01 -6.818035e-01 -7.083564e-01
    outer loop
      vertex  7.295148e+01 -1.043950e+01  1.550000e+01
      vertex  7.372051e+01 -8.048197e+00  1.300000e+01
      vertex  7.338925e+01 -1.055680e+01  1.550000e+01
    endloop
  endfacet
  facet normal -3.664532e-01 -6.061938e-01 -7.058619e-01
    outer loop
      vertex  7.487009e+01 -8.484175e+00  1.300000e+01
      vertex  7.539713e+01 -8.802782e+00  1.300000e+01
      vertex  7.380000e+01 -1.074833e+01  1.550000e+01
    endloop
  endfacet
  facet normal -2.985797e-01 -6.403112e-01 -7.077087e-01
    outer loop
      vertex  7.338925e+01 -1.055680e+01  1.550000e+01
      vertex  7.487009e+01 -8.484175e+00  1.300000e+01
      vertex  7.380000e+01 -1.074833e+01  1.550000e+01
    endloop
  endfacet
  facet normal -2.903369e-01 -6.450957e-01 -7.067928e-01
    outer loop
      vertex  7.430849e+01 -8.231417e+00  1.300000e+01
      vertex  7.487009e+01 -8.484175e+00  1.300000e+01
      vertex  7.338925e+01 -1.055680e+01  1.550000e+01
    endloop
  endfacet
  facet normal -4.367710e-01 -5.574957e-01 -7.059954e-01
    outer loop
      vertex  7.539713e+01 -8.802782e+00  1.300000e+01
      vertex  7.588193e+01 -9.182595e+00  1.300000e+01
      vertex  7.417125e+01 -1.100828e+01  1.550000e+01
    endloop
  endfacet
  facet normal -4.047885e-01 -5.780954e-01 -7.084857e-01
    outer loop
      vertex  7.380000e+01 -1.074833e+01  1.550000e+01
      vertex  7.539713e+01 -8.802782e+00  1.300000e+01
      vertex  7.417125e+01 -1.100828e+01  1.550000e+01
    endloop
  endfacet
  facet normal -5.574955e-01 -4.367711e-01 -7.059957e-01
    outer loop
      vertex  7.631741e+01 -9.618074e+00  1.300000e+01
      vertex  7.669722e+01 -1.010287e+01  1.300000e+01
      vertex  7.449171e+01 -1.132875e+01  1.550000e+01
    endloop
  endfacet
  facet normal -4.999431e-01 -4.999387e-01 -7.071904e-01
    outer loop
      vertex  7.417125e+01 -1.100828e+01  1.550000e+01
      vertex  7.631741e+01 -9.618074e+00  1.300000e+01
      vertex  7.449171e+01 -1.132875e+01  1.550000e+01
    endloop
  endfacet
  facet normal -4.999416e-01 -4.999406e-01 -7.071902e-01
    outer loop
      vertex  7.588193e+01 -9.182595e+00  1.300000e+01
      vertex  7.631741e+01 -9.618074e+00  1.300000e+01
      vertex  7.417125e+01 -1.100828e+01  1.550000e+01
    endloop
  endfacet
  facet normal -6.061938e-01 -3.664522e-01 -7.058625e-01
    outer loop
      vertex  7.669722e+01 -1.010287e+01  1.300000e+01
      vertex  7.701582e+01 -1.062991e+01  1.300000e+01
      vertex  7.475166e+01 -1.170000e+01  1.550000e+01
    endloop
  endfacet
  facet normal -5.780969e-01 -4.047856e-01 -7.084862e-01
    outer loop
      vertex  7.449171e+01 -1.132875e+01  1.550000e+01
      vertex  7.669722e+01 -1.010287e+01  1.300000e+01
      vertex  7.475166e+01 -1.170000e+01  1.550000e+01
    endloop
  endfacet
  facet normal -6.759587e-01 -2.106365e-01 -7.061955e-01
    outer loop
      vertex  7.726859e+01 -1.119151e+01  1.300000e+01
      vertex  7.745181e+01 -1.177949e+01  1.300000e+01
      vertex  7.494320e+01 -1.211075e+01  1.550000e+01
    endloop
  endfacet
  facet normal -6.413687e-01 -2.990770e-01 -7.065403e-01
    outer loop
      vertex  7.475166e+01 -1.170000e+01  1.550000e+01
      vertex  7.726859e+01 -1.119151e+01  1.300000e+01
      vertex  7.494320e+01 -1.211075e+01  1.550000e+01
    endloop
  endfacet
  facet normal -6.443102e-01 -2.899858e-01 -7.076529e-01
    outer loop
      vertex  7.701582e+01 -1.062991e+01  1.300000e+01
      vertex  7.726859e+01 -1.119151e+01  1.300000e+01
      vertex  7.475166e+01 -1.170000e+01  1.550000e+01
    endloop
  endfacet
  facet normal -6.968127e-01 -1.276909e-01 -7.057953e-01
    outer loop
      vertex  7.745181e+01 -1.177949e+01  1.300000e+01
      vertex  7.756281e+01 -1.238526e+01  1.300000e+01
      vertex  7.506050e+01 -1.254851e+01  1.550000e+01
    endloop
  endfacet
  facet normal -6.818023e-01 -1.826925e-01 -7.083566e-01
    outer loop
      vertex  7.494320e+01 -1.211075e+01  1.550000e+01
      vertex  7.745181e+01 -1.177949e+01  1.300000e+01
      vertex  7.506050e+01 -1.254851e+01  1.550000e+01
    endloop
  endfacet
  facet normal -4.273288e-02 -7.064609e-01 -7.064608e-01
    outer loop
      vertex  7.250000e+01 -7.900000e+00  1.300000e+01
      vertex  7.311474e+01 -7.937185e+00  1.300000e+01
      vertex  7.250000e+01 -1.040000e+01  1.550000e+01
    endloop
  endfacet
  facet normal -7.064608e-01  4.273404e-02 -7.064608e-01
    outer loop
      vertex  7.760000e+01 -1.300000e+01  1.300000e+01
      vertex  7.756281e+01 -1.361474e+01  1.300000e+01
      vertex  7.510000e+01 -1.300000e+01  1.550000e+01
    endloop
  endfacet
  facet normal -7.034283e-01  6.153811e-02 -7.080973e-01
    outer loop
      vertex  7.756281e+01 -1.361474e+01  1.300000e+01
      vertex  7.506050e+01 -1.345149e+01  1.550000e+01
      vertex  7.510000e+01 -1.300000e+01  1.550000e+01
    endloop
  endfacet
  facet normal  7.034283e-01  6.153811e-02 -7.080973e-01
    outer loop
      vertex  6.993950e+01 -1.345149e+01  1.550000e+01
      vertex  6.743719e+01 -1.361474e+01  1.300000e+01
      vertex  6.990000e+01 -1.300000e+01  1.550000e+01
    endloop
  endfacet
  facet normal  7.064608e-01  4.273404e-02 -7.064608e-01
    outer loop
      vertex  6.743719e+01 -1.361474e+01  1.300000e+01
      vertex  6.740000e+01 -1.300000e+01  1.300000e+01
      vertex  6.990000e+01 -1.300000e+01  1.550000e+01
    endloop
  endfacet
  facet normal -6.968127e-01  1.276909e-01 -7.057953e-01
    outer loop
      vertex  7.756281e+01 -1.361474e+01  1.300000e+01
      vertex  7.745181e+01 -1.422051e+01  1.300000e+01
      vertex  7.506050e+01 -1.345149e+01  1.550000e+01
    endloop
  endfacet
  facet normal -6.759587e-01  2.106365e-01 -7.061955e-01
    outer loop
      vertex  7.745181e+01 -1.422051e+01  1.300000e+01
      vertex  7.726859e+01 -1.480849e+01  1.300000e+01
      vertex  7.494320e+01 -1.388925e+01  1.550000e+01
    endloop
  endfacet
  facet normal -6.818023e-01  1.826925e-01 -7.083566e-01
    outer loop
      vertex  7.506050e+01 -1.345149e+01  1.550000e+01
      vertex  7.745181e+01 -1.422051e+01  1.300000e+01
      vertex  7.494320e+01 -1.388925e+01  1.550000e+01
    endloop
  endfacet
  facet normal -6.061938e-01  3.664522e-01 -7.058625e-01
    outer loop
      vertex  7.701582e+01 -1.537009e+01  1.300000e+01
      vertex  7.669722e+01 -1.589713e+01  1.300000e+01
      vertex  7.475166e+01 -1.430000e+01  1.550000e+01
    endloop
  endfacet
  facet normal -6.403093e-01  2.985830e-01 -7.077093e-01
    outer loop
      vertex  7.494320e+01 -1.388925e+01  1.550000e+01
      vertex  7.701582e+01 -1.537009e+01  1.300000e+01
      vertex  7.475166e+01 -1.430000e+01  1.550000e+01
    endloop
  endfacet
  facet normal -6.450945e-01  2.903388e-01 -7.067930e-01
    outer loop
      vertex  7.726859e+01 -1.480849e+01  1.300000e+01
      vertex  7.701582e+01 -1.537009e+01  1.300000e+01
      vertex  7.494320e+01 -1.388925e+01  1.550000e+01
    endloop
  endfacet
  facet normal -5.574955e-01  4.367711e-01 -7.059957e-01
    outer loop
      vertex  7.669722e+01 -1.589713e+01  1.300000e+01
      vertex  7.631741e+01 -1.638193e+01  1.300000e+01
      vertex  7.449171e+01 -1.467125e+01  1.550000e+01
    endloop
  endfacet
  facet normal -5.780969e-01  4.047856e-01 -7.084862e-01
    outer loop
      vertex  7.475166e+01 -1.430000e+01  1.550000e+01
      vertex  7.669722e+01 -1.589713e+01  1.300000e+01
      vertex  7.449171e+01 -1.467125e+01  1.550000e+01
    endloop
  endfacet
  facet normal -4.367703e-01  5.574962e-01 -7.059955e-01
    outer loop
      vertex  7.588193e+01 -1.681741e+01  1.300000e+01
      vertex  7.539713e+01 -1.719722e+01  1.300000e+01
      vertex  7.417125e+01 -1.499172e+01  1.550000e+01
    endloop
  endfacet
  facet normal -4.999433e-01  4.999388e-01 -7.071902e-01
    outer loop
      vertex  7.449171e+01 -1.467125e+01  1.550000e+01
      vertex  7.588193e+01 -1.681741e+01  1.300000e+01
      vertex  7.417125e+01 -1.499172e+01  1.550000e+01
    endloop
  endfacet
  facet normal -4.999420e-01  4.999399e-01 -7.071903e-01
    outer loop
      vertex  7.631741e+01 -1.638193e+01  1.300000e+01
      vertex  7.588193e+01 -1.681741e+01  1.300000e+01
      vertex  7.449171e+01 -1.467125e+01  1.550000e+01
    endloop
  endfacet
  facet normal -3.664533e-01  6.061938e-01 -7.058619e-01
    outer loop
      vertex  7.539713e+01 -1.719722e+01  1.300000e+01
      vertex  7.487009e+01 -1.751583e+01  1.300000e+01
      vertex  7.380000e+01 -1.525167e+01  1.550000e+01
    endloop
  endfacet
  facet normal -4.047885e-01  5.780954e-01 -7.084857e-01
    outer loop
      vertex  7.417125e+01 -1.499172e+01  1.550000e+01
      vertex  7.539713e+01 -1.719722e+01  1.300000e+01
      vertex  7.380000e+01 -1.525167e+01  1.550000e+01
    endloop
  endfacet
  facet normal -2.106369e-01  6.759591e-01 -7.061952e-01
    outer loop
      vertex  7.430849e+01 -1.776858e+01  1.300000e+01
      vertex  7.372051e+01 -1.795180e+01  1.300000e+01
      vertex  7.338925e+01 -1.544320e+01  1.550000e+01
    endloop
  endfacet
  facet normal -2.990736e-01  6.413704e-01 -7.065400e-01
    outer loop
      vertex  7.380000e+01 -1.525167e+01  1.550000e+01
      vertex  7.430849e+01 -1.776858e+01  1.300000e+01
      vertex  7.338925e+01 -1.544320e+01  1.550000e+01
    endloop
  endfacet
  facet normal -2.899840e-01  6.443115e-01 -7.076524e-01
    outer loop
      vertex  7.487009e+01 -1.751583e+01  1.300000e+01
      vertex  7.430849e+01 -1.776858e+01  1.300000e+01
      vertex  7.380000e+01 -1.525167e+01  1.550000e+01
    endloop
  endfacet
  facet normal -1.276947e-01  6.968117e-01 -7.057955e-01
    outer loop
      vertex  7.372051e+01 -1.795180e+01  1.300000e+01
      vertex  7.311474e+01 -1.806281e+01  1.300000e+01
      vertex  7.295148e+01 -1.556050e+01  1.550000e+01
    endloop
  endfacet
  facet normal -1.826883e-01  6.818035e-01 -7.083564e-01
    outer loop
      vertex  7.338925e+01 -1.544320e+01  1.550000e+01
      vertex  7.372051e+01 -1.795180e+01  1.300000e+01
      vertex  7.295148e+01 -1.556050e+01  1.550000e+01
    endloop
  endfacet
  facet normal -4.273397e-02  7.064608e-01 -7.064608e-01
    outer loop
      vertex  7.311474e+01 -1.806281e+01  1.300000e+01
      vertex  7.250000e+01 -1.810000e+01  1.300000e+01
      vertex  7.250000e+01 -1.560000e+01  1.550000e+01
    endloop
  endfacet
  facet normal -6.154263e-02  7.034276e-01 -7.080976e-01
    outer loop
      vertex  7.295148e+01 -1.556050e+01  1.550000e+01
      vertex  7.311474e+01 -1.806281e+01  1.300000e+01
      vertex  7.250000e+01 -1.560000e+01  1.550000e+01
    endloop
  endfacet
  facet normal  1.276947e-01  6.968117e-01 -7.057955e-01
    outer loop
      vertex  7.188526e+01 -1.806281e+01  1.300000e+01
      vertex  7.127949e+01 -1.795180e+01  1.300000e+01
      vertex  7.204852e+01 -1.556050e+01  1.550000e+01
    endloop
  endfacet
  facet normal  6.154263e-02  7.034276e-01 -7.080976e-01
    outer loop
      vertex  7.250000e+01 -1.560000e+01  1.550000e+01
      vertex  7.188526e+01 -1.806281e+01  1.300000e+01
      vertex  7.204852e+01 -1.556050e+01  1.550000e+01
    endloop
  endfacet
  facet normal  2.106369e-01  6.759589e-01 -7.061951e-01
    outer loop
      vertex  7.127949e+01 -1.795180e+01  1.300000e+01
      vertex  7.069151e+01 -1.776858e+01  1.300000e+01
      vertex  7.161075e+01 -1.544320e+01  1.550000e+01
    endloop
  endfacet
  facet normal  1.826883e-01  6.818035e-01 -7.083564e-01
    outer loop
      vertex  7.204852e+01 -1.556050e+01  1.550000e+01
      vertex  7.127949e+01 -1.795180e+01  1.300000e+01
      vertex  7.161075e+01 -1.544320e+01  1.550000e+01
    endloop
  endfacet
  facet normal  3.664532e-01  6.061938e-01 -7.058619e-01
    outer loop
      vertex  7.012991e+01 -1.751583e+01  1.300000e+01
      vertex  6.960287e+01 -1.719722e+01  1.300000e+01
      vertex  7.120000e+01 -1.525167e+01  1.550000e+01
    endloop
  endfacet
  facet normal  2.985797e-01  6.403112e-01 -7.077087e-01
    outer loop
      vertex  7.161075e+01 -1.544320e+01  1.550000e+01
      vertex  7.012991e+01 -1.751583e+01  1.300000e+01
      vertex  7.120000e+01 -1.525167e+01  1.550000e+01
    endloop
  endfacet
  facet normal  2.903369e-01  6.450957e-01 -7.067928e-01
    outer loop
      vertex  7.069151e+01 -1.776858e+01  1.300000e+01
      vertex  7.012991e+01 -1.751583e+01  1.300000e+01
      vertex  7.161075e+01 -1.544320e+01  1.550000e+01
    endloop
  endfacet
  facet normal  4.367703e-01  5.574962e-01 -7.059955e-01
    outer loop
      vertex  6.960287e+01 -1.719722e+01  1.300000e+01
      vertex  6.911807e+01 -1.681741e+01  1.300000e+01
      vertex  7.082875e+01 -1.499172e+01  1.550000e+01
    endloop
  endfacet
  facet normal  4.047885e-01  5.780954e-01 -7.084857e-01
    outer loop
      vertex  7.120000e+01 -1.525167e+01  1.550000e+01
      vertex  6.960287e+01 -1.719722e+01  1.300000e+01
      vertex  7.082875e+01 -1.499172e+01  1.550000e+01
    endloop
  endfacet
  facet normal  5.574955e-01  4.367711e-01 -7.059957e-01
    outer loop
      vertex  6.868259e+01 -1.638193e+01  1.300000e+01
      vertex  6.830278e+01 -1.589713e+01  1.300000e+01
      vertex  7.050829e+01 -1.467125e+01  1.550000e+01
    endloop
  endfacet
  facet normal  4.999431e-01  4.999387e-01 -7.071904e-01
    outer loop
      vertex  7.082875e+01 -1.499172e+01  1.550000e+01
      vertex  6.868259e+01 -1.638193e+01  1.300000e+01
      vertex  7.050829e+01 -1.467125e+01  1.550000e+01
    endloop
  endfacet
  facet normal  4.999421e-01  4.999399e-01 -7.071902e-01
    outer loop
      vertex  6.911807e+01 -1.681741e+01  1.300000e+01
      vertex  6.868259e+01 -1.638193e+01  1.300000e+01
      vertex  7.082875e+01 -1.499172e+01  1.550000e+01
    endloop
  endfacet
  facet normal  6.061938e-01  3.664522e-01 -7.058625e-01
    outer loop
      vertex  6.830278e+01 -1.589713e+01  1.300000e+01
      vertex  6.798418e+01 -1.537009e+01  1.300000e+01
      vertex  7.024834e+01 -1.430000e+01  1.550000e+01
    endloop
  endfacet
  facet normal  5.780969e-01  4.047856e-01 -7.084862e-01
    outer loop
      vertex  7.050829e+01 -1.467125e+01  1.550000e+01
      vertex  6.830278e+01 -1.589713e+01  1.300000e+01
      vertex  7.024834e+01 -1.430000e+01  1.550000e+01
    endloop
  endfacet
  facet normal  6.759587e-01  2.106365e-01 -7.061955e-01
    outer loop
      vertex  6.773141e+01 -1.480849e+01  1.300000e+01
      vertex  6.754819e+01 -1.422051e+01  1.300000e+01
      vertex  7.005680e+01 -1.388925e+01  1.550000e+01
    endloop
  endfacet
  facet normal  6.413687e-01  2.990770e-01 -7.065403e-01
    outer loop
      vertex  7.024834e+01 -1.430000e+01  1.550000e+01
      vertex  6.773141e+01 -1.480849e+01  1.300000e+01
      vertex  7.005680e+01 -1.388925e+01  1.550000e+01
    endloop
  endfacet
  facet normal  6.443102e-01  2.899858e-01 -7.076529e-01
    outer loop
      vertex  6.798418e+01 -1.537009e+01  1.300000e+01
      vertex  6.773141e+01 -1.480849e+01  1.300000e+01
      vertex  7.024834e+01 -1.430000e+01  1.550000e+01
    endloop
  endfacet
  facet normal  6.968127e-01  1.276909e-01 -7.057953e-01
    outer loop
      vertex  6.754819e+01 -1.422051e+01  1.300000e+01
      vertex  6.743719e+01 -1.361474e+01  1.300000e+01
      vertex  6.993950e+01 -1.345149e+01  1.550000e+01
    endloop
  endfacet
  facet normal  6.818023e-01  1.826925e-01 -7.083566e-01
    outer loop
      vertex  7.005680e+01 -1.388925e+01  1.550000e+01
      vertex  6.754819e+01 -1.422051e+01  1.300000e+01
      vertex  6.993950e+01 -1.345149e+01  1.550000e+01
    endloop
  endfacet
  facet normal  4.273397e-02  7.064608e-01 -7.064608e-01
    outer loop
      vertex  7.250000e+01 -1.810000e+01  1.300000e+01
      vertex  7.188526e+01 -1.806281e+01  1.300000e+01
      vertex  7.250000e+01 -1.560000e+01  1.550000e+01
    endloop
  endfacet
  facet normal  9.951845e-01  0.000000e+00 -9.802031e-02
    outer loop
      vertex -1.860000e+01 -2.300000e+01  1.168734e-14
      vertex -1.856926e+01 -1.800000e+01  3.121445e-01
      vertex -1.856926e+01 -2.300000e+01  3.121445e-01
    endloop
  endfacet
  facet normal  9.569404e-01  0.000000e+00 -2.902847e-01
    outer loop
      vertex -1.856926e+01 -2.300000e+01  3.121445e-01
      vertex -1.856926e+01 -1.800000e+01  3.121445e-01
      vertex -1.847821e+01 -1.800000e+01  6.122935e-01
    endloop
  endfacet
  facet normal  9.569404e-01  0.000000e+00 -2.902847e-01
    outer loop
      vertex -1.856926e+01 -2.300000e+01  3.121445e-01
      vertex -1.847821e+01 -1.800000e+01  6.122935e-01
      vertex -1.847821e+01 -2.300000e+01  6.122935e-01
    endloop
  endfacet
  facet normal  8.819214e-01  0.000000e+00 -4.713964e-01
    outer loop
      vertex -1.847821e+01 -2.300000e+01  6.122935e-01
      vertex -1.847821e+01 -1.800000e+01  6.122935e-01
      vertex -1.833035e+01 -1.800000e+01  8.889124e-01
    endloop
  endfacet
  facet normal  8.819214e-01  0.000000e+00 -4.713964e-01
    outer loop
      vertex -1.847821e+01 -2.300000e+01  6.122935e-01
      vertex -1.833035e+01 -1.800000e+01  8.889124e-01
      vertex -1.833035e+01 -2.300000e+01  8.889124e-01
    endloop
  endfacet
  facet normal  7.730108e-01  0.000000e+00 -6.343929e-01
    outer loop
      vertex -1.833035e+01 -2.300000e+01  8.889124e-01
      vertex -1.833035e+01 -1.800000e+01  8.889124e-01
      vertex -1.813137e+01 -1.800000e+01  1.131371e+00
    endloop
  endfacet
  facet normal  7.730108e-01  0.000000e+00 -6.343929e-01
    outer loop
      vertex -1.833035e+01 -2.300000e+01  8.889124e-01
      vertex -1.813137e+01 -1.800000e+01  1.131371e+00
      vertex -1.813137e+01 -2.300000e+01  1.131371e+00
    endloop
  endfacet
  facet normal  6.343934e-01  0.000000e+00 -7.730104e-01
    outer loop
      vertex -1.813137e+01 -2.300000e+01  1.131371e+00
      vertex -1.813137e+01 -1.800000e+01  1.131371e+00
      vertex -1.788891e+01 -1.800000e+01  1.330351e+00
    endloop
  endfacet
  facet normal  6.343934e-01  0.000000e+00 -7.730104e-01
    outer loop
      vertex -1.813137e+01 -2.300000e+01  1.131371e+00
      vertex -1.788891e+01 -1.800000e+01  1.330351e+00
      vertex -1.788891e+01 -2.300000e+01  1.330351e+00
    endloop
  endfacet
  facet normal  4.713966e-01  0.000000e+00 -8.819212e-01
    outer loop
      vertex -1.788891e+01 -2.300000e+01  1.330351e+00
      vertex -1.788891e+01 -1.800000e+01  1.330351e+00
      vertex -1.761229e+01 -1.800000e+01  1.478207e+00
    endloop
  endfacet
  facet normal  4.713966e-01  0.000000e+00 -8.819212e-01
    outer loop
      vertex -1.788891e+01 -2.300000e+01  1.330351e+00
      vertex -1.761229e+01 -1.800000e+01  1.478207e+00
      vertex -1.761229e+01 -2.300000e+01  1.478207e+00
    endloop
  endfacet
  facet normal  2.902855e-01  0.000000e+00 -9.569401e-01
    outer loop
      vertex -1.761229e+01 -2.300000e+01  1.478207e+00
      vertex -1.761229e+01 -1.800000e+01  1.478207e+00
      vertex -1.731215e+01 -1.800000e+01  1.569256e+00
    endloop
  endfacet
  facet normal  2.902855e-01  0.000000e+00 -9.569401e-01
    outer loop
      vertex -1.761229e+01 -2.300000e+01  1.478207e+00
      vertex -1.731215e+01 -1.800000e+01  1.569256e+00
      vertex -1.731215e+01 -2.300000e+01  1.569256e+00
    endloop
  endfacet
  facet normal  9.801707e-02  0.000000e+00 -9.951848e-01
    outer loop
      vertex -1.731215e+01 -2.300000e+01  1.569256e+00
      vertex -1.731215e+01 -1.800000e+01  1.569256e+00
      vertex -1.700000e+01 -1.800000e+01  1.600000e+00
    endloop
  endfacet
  facet normal  9.801707e-02  0.000000e+00 -9.951848e-01
    outer loop
      vertex -1.731215e+01 -2.300000e+01  1.569256e+00
      vertex -1.700000e+01 -1.800000e+01  1.600000e+00
      vertex -1.700000e+01 -2.300000e+01  1.600000e+00
    endloop
  endfacet
  facet normal  9.951845e-01  1.417932e-17 -9.802031e-02
    outer loop
      vertex -1.856926e+01 -1.800000e+01  3.121445e-01
      vertex -1.860000e+01 -2.300000e+01  1.168734e-14
      vertex -1.860000e+01 -1.800000e+01  1.241062e-14
    endloop
  endfacet
  facet normal  9.951845e-01 -1.417932e-17  9.802031e-02
    outer loop
      vertex -1.860000e+01 -1.800000e+01  1.241062e-14
      vertex -1.860000e+01 -2.300000e+01  1.168734e-14
      vertex -1.856926e+01 -2.300000e+01 -3.121445e-01
    endloop
  endfacet
  facet normal  9.951845e-01  -0.000000e+00  9.802031e-02
    outer loop
      vertex -1.860000e+01 -1.800000e+01  1.241062e-14
      vertex -1.856926e+01 -2.300000e+01 -3.121445e-01
      vertex -1.856926e+01 -1.800000e+01 -3.121445e-01
    endloop
  endfacet
  facet normal  9.569404e-01  0.000000e+00  2.902847e-01
    outer loop
      vertex -1.856926e+01 -1.800000e+01 -3.121445e-01
      vertex -1.856926e+01 -2.300000e+01 -3.121445e-01
      vertex -1.847821e+01 -2.300000e+01 -6.122935e-01
    endloop
  endfacet
  facet normal  9.569404e-01  -0.000000e+00  2.902847e-01
    outer loop
      vertex -1.856926e+01 -1.800000e+01 -3.121445e-01
      vertex -1.847821e+01 -2.300000e+01 -6.122935e-01
      vertex -1.847821e+01 -1.800000e+01 -6.122935e-01
    endloop
  endfacet
  facet normal  8.819214e-01  0.000000e+00  4.713964e-01
    outer loop
      vertex -1.847821e+01 -1.800000e+01 -6.122935e-01
      vertex -1.847821e+01 -2.300000e+01 -6.122935e-01
      vertex -1.833035e+01 -2.300000e+01 -8.889124e-01
    endloop
  endfacet
  facet normal  8.819214e-01  -0.000000e+00  4.713964e-01
    outer loop
      vertex -1.847821e+01 -1.800000e+01 -6.122935e-01
      vertex -1.833035e+01 -2.300000e+01 -8.889124e-01
      vertex -1.833035e+01 -1.800000e+01 -8.889124e-01
    endloop
  endfacet
  facet normal  7.730108e-01  0.000000e+00  6.343929e-01
    outer loop
      vertex -1.833035e+01 -1.800000e+01 -8.889124e-01
      vertex -1.833035e+01 -2.300000e+01 -8.889124e-01
      vertex -1.813137e+01 -2.300000e+01 -1.131371e+00
    endloop
  endfacet
  facet normal  7.730108e-01  -0.000000e+00  6.343929e-01
    outer loop
      vertex -1.833035e+01 -1.800000e+01 -8.889124e-01
      vertex -1.813137e+01 -2.300000e+01 -1.131371e+00
      vertex -1.813137e+01 -1.800000e+01 -1.131371e+00
    endloop
  endfacet
  facet normal  6.343934e-01  0.000000e+00  7.730104e-01
    outer loop
      vertex -1.813137e+01 -1.800000e+01 -1.131371e+00
      vertex -1.813137e+01 -2.300000e+01 -1.131371e+00
      vertex -1.788891e+01 -2.300000e+01 -1.330351e+00
    endloop
  endfacet
  facet normal  6.343934e-01  -0.000000e+00  7.730104e-01
    outer loop
      vertex -1.813137e+01 -1.800000e+01 -1.131371e+00
      vertex -1.788891e+01 -2.300000e+01 -1.330351e+00
      vertex -1.788891e+01 -1.800000e+01 -1.330351e+00
    endloop
  endfacet
  facet normal  4.713966e-01  0.000000e+00  8.819212e-01
    outer loop
      vertex -1.788891e+01 -1.800000e+01 -1.330351e+00
      vertex -1.788891e+01 -2.300000e+01 -1.330351e+00
      vertex -1.761229e+01 -2.300000e+01 -1.478207e+00
    endloop
  endfacet
  facet normal  4.713966e-01  -0.000000e+00  8.819212e-01
    outer loop
      vertex -1.788891e+01 -1.800000e+01 -1.330351e+00
      vertex -1.761229e+01 -2.300000e+01 -1.478207e+00
      vertex -1.761229e+01 -1.800000e+01 -1.478207e+00
    endloop
  endfacet
  facet normal  2.902855e-01  0.000000e+00  9.569401e-01
    outer loop
      vertex -1.761229e+01 -1.800000e+01 -1.478207e+00
      vertex -1.761229e+01 -2.300000e+01 -1.478207e+00
      vertex -1.731215e+01 -2.300000e+01 -1.569256e+00
    endloop
  endfacet
  facet normal  2.902855e-01  -0.000000e+00  9.569401e-01
    outer loop
      vertex -1.761229e+01 -1.800000e+01 -1.478207e+00
      vertex -1.731215e+01 -2.300000e+01 -1.569256e+00
      vertex -1.731215e+01 -1.800000e+01 -1.569256e+00
    endloop
  endfacet
  facet normal  9.801707e-02  0.000000e+00  9.951848e-01
    outer loop
      vertex -1.731215e+01 -1.800000e+01 -1.569256e+00
      vertex -1.731215e+01 -2.300000e+01 -1.569256e+00
      vertex -1.700000e+01 -2.300000e+01 -1.600000e+00
    endloop
  endfacet
  facet normal  9.801707e-02  -0.000000e+00  9.951848e-01
    outer loop
      vertex -1.731215e+01 -1.800000e+01 -1.569256e+00
      vertex -1.700000e+01 -2.300000e+01 -1.600000e+00
      vertex -1.700000e+01 -1.800000e+01 -1.600000e+00
    endloop
  endfacet
  facet normal -9.951847e-01  0.000000e+00  9.801729e-02
    outer loop
      vertex -1.540000e+01 -2.300000e+01  8.403801e-15
      vertex -1.543074e+01 -1.800000e+01 -3.121445e-01
      vertex -1.543074e+01 -2.300000e+01 -3.121445e-01
    endloop
  endfacet
  facet normal -9.569404e-01  0.000000e+00  2.902847e-01
    outer loop
      vertex -1.543074e+01 -2.300000e+01 -3.121445e-01
      vertex -1.543074e+01 -1.800000e+01 -3.121445e-01
      vertex -1.552179e+01 -1.800000e+01 -6.122935e-01
    endloop
  endfacet
  facet normal -9.569404e-01  0.000000e+00  2.902847e-01
    outer loop
      vertex -1.543074e+01 -2.300000e+01 -3.121445e-01
      vertex -1.552179e+01 -1.800000e+01 -6.122935e-01
      vertex -1.552179e+01 -2.300000e+01 -6.122935e-01
    endloop
  endfacet
  facet normal -8.819214e-01  0.000000e+00  4.713964e-01
    outer loop
      vertex -1.552179e+01 -2.300000e+01 -6.122935e-01
      vertex -1.552179e+01 -1.800000e+01 -6.122935e-01
      vertex -1.566965e+01 -1.800000e+01 -8.889124e-01
    endloop
  endfacet
  facet normal -8.819214e-01  0.000000e+00  4.713964e-01
    outer loop
      vertex -1.552179e+01 -2.300000e+01 -6.122935e-01
      vertex -1.566965e+01 -1.800000e+01 -8.889124e-01
      vertex -1.566965e+01 -2.300000e+01 -8.889124e-01
    endloop
  endfacet
  facet normal -7.730094e-01  0.000000e+00  6.343946e-01
    outer loop
      vertex -1.566965e+01 -2.300000e+01 -8.889124e-01
      vertex -1.566965e+01 -1.800000e+01 -8.889124e-01
      vertex -1.586863e+01 -1.800000e+01 -1.131371e+00
    endloop
  endfacet
  facet normal -7.730094e-01  0.000000e+00  6.343946e-01
    outer loop
      vertex -1.566965e+01 -2.300000e+01 -8.889124e-01
      vertex -1.586863e+01 -1.800000e+01 -1.131371e+00
      vertex -1.586863e+01 -2.300000e+01 -1.131371e+00
    endloop
  endfacet
  facet normal -6.343934e-01  0.000000e+00  7.730104e-01
    outer loop
      vertex -1.586863e+01 -2.300000e+01 -1.131371e+00
      vertex -1.586863e+01 -1.800000e+01 -1.131371e+00
      vertex -1.611109e+01 -1.800000e+01 -1.330351e+00
    endloop
  endfacet
  facet normal -6.343934e-01  0.000000e+00  7.730104e-01
    outer loop
      vertex -1.586863e+01 -2.300000e+01 -1.131371e+00
      vertex -1.611109e+01 -1.800000e+01 -1.330351e+00
      vertex -1.611109e+01 -2.300000e+01 -1.330351e+00
    endloop
  endfacet
  facet normal -4.713966e-01  0.000000e+00  8.819212e-01
    outer loop
      vertex -1.611109e+01 -2.300000e+01 -1.330351e+00
      vertex -1.611109e+01 -1.800000e+01 -1.330351e+00
      vertex -1.638771e+01 -1.800000e+01 -1.478207e+00
    endloop
  endfacet
  facet normal -4.713966e-01  0.000000e+00  8.819212e-01
    outer loop
      vertex -1.611109e+01 -2.300000e+01 -1.330351e+00
      vertex -1.638771e+01 -1.800000e+01 -1.478207e+00
      vertex -1.638771e+01 -2.300000e+01 -1.478207e+00
    endloop
  endfacet
  facet normal -2.902855e-01  0.000000e+00  9.569401e-01
    outer loop
      vertex -1.638771e+01 -2.300000e+01 -1.478207e+00
      vertex -1.638771e+01 -1.800000e+01 -1.478207e+00
      vertex -1.668785e+01 -1.800000e+01 -1.569256e+00
    endloop
  endfacet
  facet normal -2.902855e-01  0.000000e+00  9.569401e-01
    outer loop
      vertex -1.638771e+01 -2.300000e+01 -1.478207e+00
      vertex -1.668785e+01 -1.800000e+01 -1.569256e+00
      vertex -1.668785e+01 -2.300000e+01 -1.569256e+00
    endloop
  endfacet
  facet normal -9.801707e-02  0.000000e+00  9.951848e-01
    outer loop
      vertex -1.668785e+01 -2.300000e+01 -1.569256e+00
      vertex -1.668785e+01 -1.800000e+01 -1.569256e+00
      vertex -1.700000e+01 -1.800000e+01 -1.600000e+00
    endloop
  endfacet
  facet normal -9.801707e-02  0.000000e+00  9.951848e-01
    outer loop
      vertex -1.668785e+01 -2.300000e+01 -1.569256e+00
      vertex -1.700000e+01 -1.800000e+01 -1.600000e+00
      vertex -1.700000e+01 -2.300000e+01 -1.600000e+00
    endloop
  endfacet
  facet normal -9.951847e-01 -5.934173e-17  9.801729e-02
    outer loop
      vertex -1.543074e+01 -1.800000e+01 -3.121445e-01
      vertex -1.540000e+01 -2.300000e+01  8.403801e-15
      vertex -1.540000e+01 -1.800000e+01  1.143091e-14
    endloop
  endfacet
  facet normal -9.951847e-01  5.934173e-17 -9.801729e-02
    outer loop
      vertex -1.540000e+01 -1.800000e+01  1.143091e-14
      vertex -1.540000e+01 -2.300000e+01  8.403801e-15
      vertex -1.543074e+01 -2.300000e+01  3.121445e-01
    endloop
  endfacet
  facet normal -9.951847e-01  0.000000e+00 -9.801729e-02
    outer loop
      vertex -1.540000e+01 -1.800000e+01  1.143091e-14
      vertex -1.543074e+01 -2.300000e+01  3.121445e-01
      vertex -1.543074e+01 -1.800000e+01  3.121445e-01
    endloop
  endfacet
  facet normal -9.569404e-01  -0.000000e+00 -2.902847e-01
    outer loop
      vertex -1.543074e+01 -1.800000e+01  3.121445e-01
      vertex -1.543074e+01 -2.300000e+01  3.121445e-01
      vertex -1.552179e+01 -2.300000e+01  6.122935e-01
    endloop
  endfacet
  facet normal -9.569404e-01  0.000000e+00 -2.902847e-01
    outer loop
      vertex -1.543074e+01 -1.800000e+01  3.121445e-01
      vertex -1.552179e+01 -2.300000e+01  6.122935e-01
      vertex -1.552179e+01 -1.800000e+01  6.122935e-01
    endloop
  endfacet
  facet normal -8.819214e-01  -0.000000e+00 -4.713964e-01
    outer loop
      vertex -1.552179e+01 -1.800000e+01  6.122935e-01
      vertex -1.552179e+01 -2.300000e+01  6.122935e-01
      vertex -1.566965e+01 -2.300000e+01  8.889124e-01
    endloop
  endfacet
  facet normal -8.819214e-01  0.000000e+00 -4.713964e-01
    outer loop
      vertex -1.552179e+01 -1.800000e+01  6.122935e-01
      vertex -1.566965e+01 -2.300000e+01  8.889124e-01
      vertex -1.566965e+01 -1.800000e+01  8.889124e-01
    endloop
  endfacet
  facet normal -7.730094e-01  -0.000000e+00 -6.343946e-01
    outer loop
      vertex -1.566965e+01 -1.800000e+01  8.889124e-01
      vertex -1.566965e+01 -2.300000e+01  8.889124e-01
      vertex -1.586863e+01 -2.300000e+01  1.131371e+00
    endloop
  endfacet
  facet normal -7.730094e-01  0.000000e+00 -6.343946e-01
    outer loop
      vertex -1.566965e+01 -1.800000e+01  8.889124e-01
      vertex -1.586863e+01 -2.300000e+01  1.131371e+00
      vertex -1.586863e+01 -1.800000e+01  1.131371e+00
    endloop
  endfacet
  facet normal -6.343934e-01  -0.000000e+00 -7.730104e-01
    outer loop
      vertex -1.586863e+01 -1.800000e+01  1.131371e+00
      vertex -1.586863e+01 -2.300000e+01  1.131371e+00
      vertex -1.611109e+01 -2.300000e+01  1.330351e+00
    endloop
  endfacet
  facet normal -6.343934e-01  0.000000e+00 -7.730104e-01
    outer loop
      vertex -1.586863e+01 -1.800000e+01  1.131371e+00
      vertex -1.611109e+01 -2.300000e+01  1.330351e+00
      vertex -1.611109e+01 -1.800000e+01  1.330351e+00
    endloop
  endfacet
  facet normal -4.713966e-01  -0.000000e+00 -8.819212e-01
    outer loop
      vertex -1.611109e+01 -1.800000e+01  1.330351e+00
      vertex -1.611109e+01 -2.300000e+01  1.330351e+00
      vertex -1.638771e+01 -2.300000e+01  1.478207e+00
    endloop
  endfacet
  facet normal -4.713966e-01  0.000000e+00 -8.819212e-01
    outer loop
      vertex -1.611109e+01 -1.800000e+01  1.330351e+00
      vertex -1.638771e+01 -2.300000e+01  1.478207e+00
      vertex -1.638771e+01 -1.800000e+01  1.478207e+00
    endloop
  endfacet
  facet normal -2.902855e-01  -0.000000e+00 -9.569401e-01
    outer loop
      vertex -1.638771e+01 -1.800000e+01  1.478207e+00
      vertex -1.638771e+01 -2.300000e+01  1.478207e+00
      vertex -1.668785e+01 -2.300000e+01  1.569256e+00
    endloop
  endfacet
  facet normal -2.902855e-01  0.000000e+00 -9.569401e-01
    outer loop
      vertex -1.638771e+01 -1.800000e+01  1.478207e+00
      vertex -1.668785e+01 -2.300000e+01  1.569256e+00
      vertex -1.668785e+01 -1.800000e+01  1.569256e+00
    endloop
  endfacet
  facet normal -9.801707e-02  -0.000000e+00 -9.951848e-01
    outer loop
      vertex -1.668785e+01 -1.800000e+01  1.569256e+00
      vertex -1.668785e+01 -2.300000e+01  1.569256e+00
      vertex -1.700000e+01 -2.300000e+01  1.600000e+00
    endloop
  endfacet
  facet normal -9.801707e-02  0.000000e+00 -9.951848e-01
    outer loop
      vertex -1.668785e+01 -1.800000e+01  1.569256e+00
      vertex -1.700000e+01 -2.300000e+01  1.600000e+00
      vertex -1.700000e+01 -1.800000e+01  1.600000e+00
    endloop
  endfacet
  facet normal -9.801707e-02  -0.000000e+00 -9.951848e-01
    outer loop
      vertex -3.000000e+01 -2.300000e+01 -1.140000e+01
      vertex -2.968785e+01 -1.800000e+01 -1.143074e+01
      vertex -2.968785e+01 -2.300000e+01 -1.143074e+01
    endloop
  endfacet
  facet normal -2.902855e-01  0.000000e+00 -9.569401e-01
    outer loop
      vertex -2.968785e+01 -2.300000e+01 -1.143074e+01
      vertex -2.968785e+01 -1.800000e+01 -1.143074e+01
      vertex -2.938771e+01 -1.800000e+01 -1.152179e+01
    endloop
  endfacet
  facet normal -2.902855e-01  -0.000000e+00 -9.569401e-01
    outer loop
      vertex -2.968785e+01 -2.300000e+01 -1.143074e+01
      vertex -2.938771e+01 -1.800000e+01 -1.152179e+01
      vertex -2.938771e+01 -2.300000e+01 -1.152179e+01
    endloop
  endfacet
  facet normal -4.713964e-01  0.000000e+00 -8.819215e-01
    outer loop
      vertex -2.938771e+01 -2.300000e+01 -1.152179e+01
      vertex -2.938771e+01 -1.800000e+01 -1.152179e+01
      vertex -2.911109e+01 -1.800000e+01 -1.166965e+01
    endloop
  endfacet
  facet normal -4.713964e-01  -0.000000e+00 -8.819215e-01
    outer loop
      vertex -2.938771e+01 -2.300000e+01 -1.152179e+01
      vertex -2.911109e+01 -1.800000e+01 -1.166965e+01
      vertex -2.911109e+01 -2.300000e+01 -1.166965e+01
    endloop
  endfacet
  facet normal -6.343949e-01  0.000000e+00 -7.730091e-01
    outer loop
      vertex -2.911109e+01 -2.300000e+01 -1.166965e+01
      vertex -2.911109e+01 -1.800000e+01 -1.166965e+01
      vertex -2.886863e+01 -1.800000e+01 -1.186863e+01
    endloop
  endfacet
  facet normal -6.343949e-01  -0.000000e+00 -7.730091e-01
    outer loop
      vertex -2.911109e+01 -2.300000e+01 -1.166965e+01
      vertex -2.886863e+01 -1.800000e+01 -1.186863e+01
      vertex -2.886863e+01 -2.300000e+01 -1.186863e+01
    endloop
  endfacet
  facet normal -7.730106e-01  0.000000e+00 -6.343931e-01
    outer loop
      vertex -2.886863e+01 -2.300000e+01 -1.186863e+01
      vertex -2.886863e+01 -1.800000e+01 -1.186863e+01
      vertex -2.866965e+01 -1.800000e+01 -1.211109e+01
    endloop
  endfacet
  facet normal -7.730106e-01  -0.000000e+00 -6.343931e-01
    outer loop
      vertex -2.886863e+01 -2.300000e+01 -1.186863e+01
      vertex -2.866965e+01 -1.800000e+01 -1.211109e+01
      vertex -2.866965e+01 -2.300000e+01 -1.211109e+01
    endloop
  endfacet
  facet normal -8.819215e-01  0.000000e+00 -4.713964e-01
    outer loop
      vertex -2.866965e+01 -2.300000e+01 -1.211109e+01
      vertex -2.866965e+01 -1.800000e+01 -1.211109e+01
      vertex -2.852179e+01 -1.800000e+01 -1.238771e+01
    endloop
  endfacet
  facet normal -8.819215e-01  -0.000000e+00 -4.713964e-01
    outer loop
      vertex -2.866965e+01 -2.300000e+01 -1.211109e+01
      vertex -2.852179e+01 -1.800000e+01 -1.238771e+01
      vertex -2.852179e+01 -2.300000e+01 -1.238771e+01
    endloop
  endfacet
  facet normal -9.569404e-01  0.000000e+00 -2.902847e-01
    outer loop
      vertex -2.852179e+01 -2.300000e+01 -1.238771e+01
      vertex -2.852179e+01 -1.800000e+01 -1.238771e+01
      vertex -2.843074e+01 -1.800000e+01 -1.268786e+01
    endloop
  endfacet
  facet normal -9.569404e-01  -0.000000e+00 -2.902847e-01
    outer loop
      vertex -2.852179e+01 -2.300000e+01 -1.238771e+01
      vertex -2.843074e+01 -1.800000e+01 -1.268786e+01
      vertex -2.843074e+01 -2.300000e+01 -1.268786e+01
    endloop
  endfacet
  facet normal -9.951844e-01  0.000000e+00 -9.802037e-02
    outer loop
      vertex -2.843074e+01 -2.300000e+01 -1.268786e+01
      vertex -2.843074e+01 -1.800000e+01 -1.268786e+01
      vertex -2.840000e+01 -1.800000e+01 -1.300000e+01
    endloop
  endfacet
  facet normal -9.951844e-01  -0.000000e+00 -9.802037e-02
    outer loop
      vertex -2.843074e+01 -2.300000e+01 -1.268786e+01
      vertex -2.840000e+01 -1.800000e+01 -1.300000e+01
      vertex -2.840000e+01 -2.300000e+01 -1.300000e+01
    endloop
  endfacet
  facet normal -9.801707e-02  0.000000e+00 -9.951848e-01
    outer loop
      vertex -2.968785e+01 -1.800000e+01 -1.143074e+01
      vertex -3.000000e+01 -2.300000e+01 -1.140000e+01
      vertex -3.000000e+01 -1.800000e+01 -1.140000e+01
    endloop
  endfacet
  facet normal  9.801707e-02  0.000000e+00 -9.951848e-01
    outer loop
      vertex -3.000000e+01 -1.800000e+01 -1.140000e+01
      vertex -3.000000e+01 -2.300000e+01 -1.140000e+01
      vertex -3.031215e+01 -2.300000e+01 -1.143074e+01
    endloop
  endfacet
  facet normal  9.801707e-02  0.000000e+00 -9.951848e-01
    outer loop
      vertex -3.000000e+01 -1.800000e+01 -1.140000e+01
      vertex -3.031215e+01 -2.300000e+01 -1.143074e+01
      vertex -3.031215e+01 -1.800000e+01 -1.143074e+01
    endloop
  endfacet
  facet normal  2.902855e-01  0.000000e+00 -9.569401e-01
    outer loop
      vertex -3.031215e+01 -1.800000e+01 -1.143074e+01
      vertex -3.031215e+01 -2.300000e+01 -1.143074e+01
      vertex -3.061229e+01 -2.300000e+01 -1.152179e+01
    endloop
  endfacet
  facet normal  2.902855e-01  0.000000e+00 -9.569401e-01
    outer loop
      vertex -3.031215e+01 -1.800000e+01 -1.143074e+01
      vertex -3.061229e+01 -2.300000e+01 -1.152179e+01
      vertex -3.061229e+01 -1.800000e+01 -1.152179e+01
    endloop
  endfacet
  facet normal  4.713964e-01  0.000000e+00 -8.819215e-01
    outer loop
      vertex -3.061229e+01 -1.800000e+01 -1.152179e+01
      vertex -3.061229e+01 -2.300000e+01 -1.152179e+01
      vertex -3.088891e+01 -2.300000e+01 -1.166965e+01
    endloop
  endfacet
  facet normal  4.713964e-01  0.000000e+00 -8.819215e-01
    outer loop
      vertex -3.061229e+01 -1.800000e+01 -1.152179e+01
      vertex -3.088891e+01 -2.300000e+01 -1.166965e+01
      vertex -3.088891e+01 -1.800000e+01 -1.166965e+01
    endloop
  endfacet
  facet normal  6.343949e-01  0.000000e+00 -7.730091e-01
    outer loop
      vertex -3.088891e+01 -1.800000e+01 -1.166965e+01
      vertex -3.088891e+01 -2.300000e+01 -1.166965e+01
      vertex -3.113137e+01 -2.300000e+01 -1.186863e+01
    endloop
  endfacet
  facet normal  6.343949e-01  0.000000e+00 -7.730091e-01
    outer loop
      vertex -3.088891e+01 -1.800000e+01 -1.166965e+01
      vertex -3.113137e+01 -2.300000e+01 -1.186863e+01
      vertex -3.113137e+01 -1.800000e+01 -1.186863e+01
    endloop
  endfacet
  facet normal  7.730106e-01  0.000000e+00 -6.343931e-01
    outer loop
      vertex -3.113137e+01 -1.800000e+01 -1.186863e+01
      vertex -3.113137e+01 -2.300000e+01 -1.186863e+01
      vertex -3.133035e+01 -2.300000e+01 -1.211109e+01
    endloop
  endfacet
  facet normal  7.730106e-01  0.000000e+00 -6.343931e-01
    outer loop
      vertex -3.113137e+01 -1.800000e+01 -1.186863e+01
      vertex -3.133035e+01 -2.300000e+01 -1.211109e+01
      vertex -3.133035e+01 -1.800000e+01 -1.211109e+01
    endloop
  endfacet
  facet normal  8.819215e-01  0.000000e+00 -4.713964e-01
    outer loop
      vertex -3.133035e+01 -1.800000e+01 -1.211109e+01
      vertex -3.133035e+01 -2.300000e+01 -1.211109e+01
      vertex -3.147821e+01 -2.300000e+01 -1.238771e+01
    endloop
  endfacet
  facet normal  8.819215e-01  0.000000e+00 -4.713964e-01
    outer loop
      vertex -3.133035e+01 -1.800000e+01 -1.211109e+01
      vertex -3.147821e+01 -2.300000e+01 -1.238771e+01
      vertex -3.147821e+01 -1.800000e+01 -1.238771e+01
    endloop
  endfacet
  facet normal  9.569404e-01  0.000000e+00 -2.902847e-01
    outer loop
      vertex -3.147821e+01 -1.800000e+01 -1.238771e+01
      vertex -3.147821e+01 -2.300000e+01 -1.238771e+01
      vertex -3.156926e+01 -2.300000e+01 -1.268786e+01
    endloop
  endfacet
  facet normal  9.569404e-01  0.000000e+00 -2.902847e-01
    outer loop
      vertex -3.147821e+01 -1.800000e+01 -1.238771e+01
      vertex -3.156926e+01 -2.300000e+01 -1.268786e+01
      vertex -3.156926e+01 -1.800000e+01 -1.268786e+01
    endloop
  endfacet
  facet normal  9.951844e-01  0.000000e+00 -9.802037e-02
    outer loop
      vertex -3.156926e+01 -1.800000e+01 -1.268786e+01
      vertex -3.156926e+01 -2.300000e+01 -1.268786e+01
      vertex -3.160000e+01 -2.300000e+01 -1.300000e+01
    endloop
  endfacet
  facet normal  9.951844e-01  0.000000e+00 -9.802037e-02
    outer loop
      vertex -3.156926e+01 -1.800000e+01 -1.268786e+01
      vertex -3.160000e+01 -2.300000e+01 -1.300000e+01
      vertex -3.160000e+01 -1.800000e+01 -1.300000e+01
    endloop
  endfacet
  facet normal  9.801707e-02  0.000000e+00  9.951848e-01
    outer loop
      vertex -3.000000e+01 -2.300000e+01 -1.460000e+01
      vertex -3.031215e+01 -1.800000e+01 -1.456926e+01
      vertex -3.031215e+01 -2.300000e+01 -1.456926e+01
    endloop
  endfacet
  facet normal  2.902855e-01  -0.000000e+00  9.569401e-01
    outer loop
      vertex -3.031215e+01 -2.300000e+01 -1.456926e+01
      vertex -3.031215e+01 -1.800000e+01 -1.456926e+01
      vertex -3.061229e+01 -1.800000e+01 -1.447821e+01
    endloop
  endfacet
  facet normal  2.902855e-01  0.000000e+00  9.569401e-01
    outer loop
      vertex -3.031215e+01 -2.300000e+01 -1.456926e+01
      vertex -3.061229e+01 -1.800000e+01 -1.447821e+01
      vertex -3.061229e+01 -2.300000e+01 -1.447821e+01
    endloop
  endfacet
  facet normal  4.713964e-01  -0.000000e+00  8.819215e-01
    outer loop
      vertex -3.061229e+01 -2.300000e+01 -1.447821e+01
      vertex -3.061229e+01 -1.800000e+01 -1.447821e+01
      vertex -3.088891e+01 -1.800000e+01 -1.433035e+01
    endloop
  endfacet
  facet normal  4.713964e-01  0.000000e+00  8.819215e-01
    outer loop
      vertex -3.061229e+01 -2.300000e+01 -1.447821e+01
      vertex -3.088891e+01 -1.800000e+01 -1.433035e+01
      vertex -3.088891e+01 -2.300000e+01 -1.433035e+01
    endloop
  endfacet
  facet normal  6.343949e-01  -0.000000e+00  7.730091e-01
    outer loop
      vertex -3.088891e+01 -2.300000e+01 -1.433035e+01
      vertex -3.088891e+01 -1.800000e+01 -1.433035e+01
      vertex -3.113137e+01 -1.800000e+01 -1.413137e+01
    endloop
  endfacet
  facet normal  6.343949e-01  0.000000e+00  7.730091e-01
    outer loop
      vertex -3.088891e+01 -2.300000e+01 -1.433035e+01
      vertex -3.113137e+01 -1.800000e+01 -1.413137e+01
      vertex -3.113137e+01 -2.300000e+01 -1.413137e+01
    endloop
  endfacet
  facet normal  7.730106e-01  -0.000000e+00  6.343931e-01
    outer loop
      vertex -3.113137e+01 -2.300000e+01 -1.413137e+01
      vertex -3.113137e+01 -1.800000e+01 -1.413137e+01
      vertex -3.133035e+01 -1.800000e+01 -1.388891e+01
    endloop
  endfacet
  facet normal  7.730106e-01  0.000000e+00  6.343931e-01
    outer loop
      vertex -3.113137e+01 -2.300000e+01 -1.413137e+01
      vertex -3.133035e+01 -1.800000e+01 -1.388891e+01
      vertex -3.133035e+01 -2.300000e+01 -1.388891e+01
    endloop
  endfacet
  facet normal  8.819215e-01  -0.000000e+00  4.713964e-01
    outer loop
      vertex -3.133035e+01 -2.300000e+01 -1.388891e+01
      vertex -3.133035e+01 -1.800000e+01 -1.388891e+01
      vertex -3.147821e+01 -1.800000e+01 -1.361229e+01
    endloop
  endfacet
  facet normal  8.819215e-01  0.000000e+00  4.713964e-01
    outer loop
      vertex -3.133035e+01 -2.300000e+01 -1.388891e+01
      vertex -3.147821e+01 -1.800000e+01 -1.361229e+01
      vertex -3.147821e+01 -2.300000e+01 -1.361229e+01
    endloop
  endfacet
  facet normal  9.569404e-01  -0.000000e+00  2.902847e-01
    outer loop
      vertex -3.147821e+01 -2.300000e+01 -1.361229e+01
      vertex -3.147821e+01 -1.800000e+01 -1.361229e+01
      vertex -3.156926e+01 -1.800000e+01 -1.331214e+01
    endloop
  endfacet
  facet normal  9.569404e-01  0.000000e+00  2.902847e-01
    outer loop
      vertex -3.147821e+01 -2.300000e+01 -1.361229e+01
      vertex -3.156926e+01 -1.800000e+01 -1.331214e+01
      vertex -3.156926e+01 -2.300000e+01 -1.331214e+01
    endloop
  endfacet
  facet normal  9.951844e-01  -0.000000e+00  9.802037e-02
    outer loop
      vertex -3.156926e+01 -2.300000e+01 -1.331214e+01
      vertex -3.156926e+01 -1.800000e+01 -1.331214e+01
      vertex -3.160000e+01 -1.800000e+01 -1.300000e+01
    endloop
  endfacet
  facet normal  9.951844e-01  0.000000e+00  9.802037e-02
    outer loop
      vertex -3.156926e+01 -2.300000e+01 -1.331214e+01
      vertex -3.160000e+01 -1.800000e+01 -1.300000e+01
      vertex -3.160000e+01 -2.300000e+01 -1.300000e+01
    endloop
  endfacet
  facet normal  9.801707e-02  -0.000000e+00  9.951848e-01
    outer loop
      vertex -3.031215e+01 -1.800000e+01 -1.456926e+01
      vertex -3.000000e+01 -2.300000e+01 -1.460000e+01
      vertex -3.000000e+01 -1.800000e+01 -1.460000e+01
    endloop
  endfacet
  facet normal -9.801707e-02  0.000000e+00  9.951848e-01
    outer loop
      vertex -3.000000e+01 -1.800000e+01 -1.460000e+01
      vertex -3.000000e+01 -2.300000e+01 -1.460000e+01
      vertex -2.968785e+01 -2.300000e+01 -1.456926e+01
    endloop
  endfacet
  facet normal -9.801707e-02  0.000000e+00  9.951848e-01
    outer loop
      vertex -3.000000e+01 -1.800000e+01 -1.460000e+01
      vertex -2.968785e+01 -2.300000e+01 -1.456926e+01
      vertex -2.968785e+01 -1.800000e+01 -1.456926e+01
    endloop
  endfacet
  facet normal -2.902855e-01  0.000000e+00  9.569401e-01
    outer loop
      vertex -2.968785e+01 -1.800000e+01 -1.456926e+01
      vertex -2.968785e+01 -2.300000e+01 -1.456926e+01
      vertex -2.938771e+01 -2.300000e+01 -1.447821e+01
    endloop
  endfacet
  facet normal -2.902855e-01  0.000000e+00  9.569401e-01
    outer loop
      vertex -2.968785e+01 -1.800000e+01 -1.456926e+01
      vertex -2.938771e+01 -2.300000e+01 -1.447821e+01
      vertex -2.938771e+01 -1.800000e+01 -1.447821e+01
    endloop
  endfacet
  facet normal -4.713964e-01  0.000000e+00  8.819215e-01
    outer loop
      vertex -2.938771e+01 -1.800000e+01 -1.447821e+01
      vertex -2.938771e+01 -2.300000e+01 -1.447821e+01
      vertex -2.911109e+01 -2.300000e+01 -1.433035e+01
    endloop
  endfacet
  facet normal -4.713964e-01  0.000000e+00  8.819215e-01
    outer loop
      vertex -2.938771e+01 -1.800000e+01 -1.447821e+01
      vertex -2.911109e+01 -2.300000e+01 -1.433035e+01
      vertex -2.911109e+01 -1.800000e+01 -1.433035e+01
    endloop
  endfacet
  facet normal -6.343949e-01  0.000000e+00  7.730091e-01
    outer loop
      vertex -2.911109e+01 -1.800000e+01 -1.433035e+01
      vertex -2.911109e+01 -2.300000e+01 -1.433035e+01
      vertex -2.886863e+01 -2.300000e+01 -1.413137e+01
    endloop
  endfacet
  facet normal -6.343949e-01  0.000000e+00  7.730091e-01
    outer loop
      vertex -2.911109e+01 -1.800000e+01 -1.433035e+01
      vertex -2.886863e+01 -2.300000e+01 -1.413137e+01
      vertex -2.886863e+01 -1.800000e+01 -1.413137e+01
    endloop
  endfacet
  facet normal -7.730106e-01  0.000000e+00  6.343931e-01
    outer loop
      vertex -2.886863e+01 -1.800000e+01 -1.413137e+01
      vertex -2.886863e+01 -2.300000e+01 -1.413137e+01
      vertex -2.866965e+01 -2.300000e+01 -1.388891e+01
    endloop
  endfacet
  facet normal -7.730106e-01  0.000000e+00  6.343931e-01
    outer loop
      vertex -2.886863e+01 -1.800000e+01 -1.413137e+01
      vertex -2.866965e+01 -2.300000e+01 -1.388891e+01
      vertex -2.866965e+01 -1.800000e+01 -1.388891e+01
    endloop
  endfacet
  facet normal -8.819215e-01  0.000000e+00  4.713964e-01
    outer loop
      vertex -2.866965e+01 -1.800000e+01 -1.388891e+01
      vertex -2.866965e+01 -2.300000e+01 -1.388891e+01
      vertex -2.852179e+01 -2.300000e+01 -1.361229e+01
    endloop
  endfacet
  facet normal -8.819215e-01  0.000000e+00  4.713964e-01
    outer loop
      vertex -2.866965e+01 -1.800000e+01 -1.388891e+01
      vertex -2.852179e+01 -2.300000e+01 -1.361229e+01
      vertex -2.852179e+01 -1.800000e+01 -1.361229e+01
    endloop
  endfacet
  facet normal -9.569404e-01  0.000000e+00  2.902847e-01
    outer loop
      vertex -2.852179e+01 -1.800000e+01 -1.361229e+01
      vertex -2.852179e+01 -2.300000e+01 -1.361229e+01
      vertex -2.843074e+01 -2.300000e+01 -1.331214e+01
    endloop
  endfacet
  facet normal -9.569404e-01  0.000000e+00  2.902847e-01
    outer loop
      vertex -2.852179e+01 -1.800000e+01 -1.361229e+01
      vertex -2.843074e+01 -2.300000e+01 -1.331214e+01
      vertex -2.843074e+01 -1.800000e+01 -1.331214e+01
    endloop
  endfacet
  facet normal -9.951844e-01  0.000000e+00  9.802037e-02
    outer loop
      vertex -2.843074e+01 -1.800000e+01 -1.331214e+01
      vertex -2.843074e+01 -2.300000e+01 -1.331214e+01
      vertex -2.840000e+01 -2.300000e+01 -1.300000e+01
    endloop
  endfacet
  facet normal -9.951844e-01  0.000000e+00  9.802037e-02
    outer loop
      vertex -2.843074e+01 -1.800000e+01 -1.331214e+01
      vertex -2.840000e+01 -2.300000e+01 -1.300000e+01
      vertex -2.840000e+01 -1.800000e+01 -1.300000e+01
    endloop
  endfacet
  facet normal -9.951850e-01  0.000000e+00  9.801428e-02
    outer loop
      vertex -4.140000e+01 -2.300000e+01 -1.827817e-14
      vertex -4.143074e+01 -1.800000e+01 -3.121445e-01
      vertex -4.143074e+01 -2.300000e+01 -3.121445e-01
    endloop
  endfacet
  facet normal -9.569404e-01  0.000000e+00  2.902847e-01
    outer loop
      vertex -4.143074e+01 -2.300000e+01 -3.121445e-01
      vertex -4.143074e+01 -1.800000e+01 -3.121445e-01
      vertex -4.152179e+01 -1.800000e+01 -6.122935e-01
    endloop
  endfacet
  facet normal -9.569404e-01  0.000000e+00  2.902847e-01
    outer loop
      vertex -4.143074e+01 -2.300000e+01 -3.121445e-01
      vertex -4.152179e+01 -1.800000e+01 -6.122935e-01
      vertex -4.152179e+01 -2.300000e+01 -6.122935e-01
    endloop
  endfacet
  facet normal -8.819240e-01  0.000000e+00  4.713917e-01
    outer loop
      vertex -4.152179e+01 -2.300000e+01 -6.122935e-01
      vertex -4.152179e+01 -1.800000e+01 -6.122935e-01
      vertex -4.166965e+01 -1.800000e+01 -8.889124e-01
    endloop
  endfacet
  facet normal -8.819240e-01  0.000000e+00  4.713917e-01
    outer loop
      vertex -4.152179e+01 -2.300000e+01 -6.122935e-01
      vertex -4.166965e+01 -1.800000e+01 -8.889124e-01
      vertex -4.166965e+01 -2.300000e+01 -8.889124e-01
    endloop
  endfacet
  facet normal -7.730079e-01  0.000000e+00  6.343965e-01
    outer loop
      vertex -4.166965e+01 -2.300000e+01 -8.889124e-01
      vertex -4.166965e+01 -1.800000e+01 -8.889124e-01
      vertex -4.186863e+01 -1.800000e+01 -1.131371e+00
    endloop
  endfacet
  facet normal -7.730079e-01  0.000000e+00  6.343965e-01
    outer loop
      vertex -4.166965e+01 -2.300000e+01 -8.889124e-01
      vertex -4.186863e+01 -1.800000e+01 -1.131371e+00
      vertex -4.186863e+01 -2.300000e+01 -1.131371e+00
    endloop
  endfacet
  facet normal -6.343934e-01  0.000000e+00  7.730104e-01
    outer loop
      vertex -4.186863e+01 -2.300000e+01 -1.131371e+00
      vertex -4.186863e+01 -1.800000e+01 -1.131371e+00
      vertex -4.211109e+01 -1.800000e+01 -1.330351e+00
    endloop
  endfacet
  facet normal -6.343934e-01  0.000000e+00  7.730104e-01
    outer loop
      vertex -4.186863e+01 -2.300000e+01 -1.131371e+00
      vertex -4.211109e+01 -1.800000e+01 -1.330351e+00
      vertex -4.211109e+01 -2.300000e+01 -1.330351e+00
    endloop
  endfacet
  facet normal -4.713966e-01  0.000000e+00  8.819212e-01
    outer loop
      vertex -4.211109e+01 -2.300000e+01 -1.330351e+00
      vertex -4.211109e+01 -1.800000e+01 -1.330351e+00
      vertex -4.238771e+01 -1.800000e+01 -1.478207e+00
    endloop
  endfacet
  facet normal -4.713966e-01  0.000000e+00  8.819212e-01
    outer loop
      vertex -4.211109e+01 -2.300000e+01 -1.330351e+00
      vertex -4.238771e+01 -1.800000e+01 -1.478207e+00
      vertex -4.238771e+01 -2.300000e+01 -1.478207e+00
    endloop
  endfacet
  facet normal -2.902855e-01  0.000000e+00  9.569401e-01
    outer loop
      vertex -4.238771e+01 -2.300000e+01 -1.478207e+00
      vertex -4.238771e+01 -1.800000e+01 -1.478207e+00
      vertex -4.268785e+01 -1.800000e+01 -1.569256e+00
    endloop
  endfacet
  facet normal -2.902855e-01  0.000000e+00  9.569401e-01
    outer loop
      vertex -4.238771e+01 -2.300000e+01 -1.478207e+00
      vertex -4.268785e+01 -1.800000e+01 -1.569256e+00
      vertex -4.268785e+01 -2.300000e+01 -1.569256e+00
    endloop
  endfacet
  facet normal -9.801707e-02  0.000000e+00  9.951848e-01
    outer loop
      vertex -4.268785e+01 -2.300000e+01 -1.569256e+00
      vertex -4.268785e+01 -1.800000e+01 -1.569256e+00
      vertex -4.300000e+01 -1.800000e+01 -1.600000e+00
    endloop
  endfacet
  facet normal -9.801707e-02  0.000000e+00  9.951848e-01
    outer loop
      vertex -4.268785e+01 -2.300000e+01 -1.569256e+00
      vertex -4.300000e+01 -1.800000e+01 -1.600000e+00
      vertex -4.300000e+01 -2.300000e+01 -1.600000e+00
    endloop
  endfacet
  facet normal -9.951850e-01 -1.800978e-17  9.801428e-02
    outer loop
      vertex -4.143074e+01 -1.800000e+01 -3.121445e-01
      vertex -4.140000e+01 -2.300000e+01 -1.827817e-14
      vertex -4.140000e+01 -1.800000e+01 -1.735944e-14
    endloop
  endfacet
  facet normal -9.951850e-01  1.800978e-17 -9.801428e-02
    outer loop
      vertex -4.140000e+01 -1.800000e+01 -1.735944e-14
      vertex -4.140000e+01 -2.300000e+01 -1.827817e-14
      vertex -4.143074e+01 -2.300000e+01  3.121445e-01
    endloop
  endfacet
  facet normal -9.951850e-01  0.000000e+00 -9.801428e-02
    outer loop
      vertex -4.140000e+01 -1.800000e+01 -1.735944e-14
      vertex -4.143074e+01 -2.300000e+01  3.121445e-01
      vertex -4.143074e+01 -1.800000e+01  3.121445e-01
    endloop
  endfacet
  facet normal -9.569404e-01  -0.000000e+00 -2.902847e-01
    outer loop
      vertex -4.143074e+01 -1.800000e+01  3.121445e-01
      vertex -4.143074e+01 -2.300000e+01  3.121445e-01
      vertex -4.152179e+01 -2.300000e+01  6.122935e-01
    endloop
  endfacet
  facet normal -9.569404e-01  0.000000e+00 -2.902847e-01
    outer loop
      vertex -4.143074e+01 -1.800000e+01  3.121445e-01
      vertex -4.152179e+01 -2.300000e+01  6.122935e-01
      vertex -4.152179e+01 -1.800000e+01  6.122935e-01
    endloop
  endfacet
  facet normal -8.819240e-01  -0.000000e+00 -4.713917e-01
    outer loop
      vertex -4.152179e+01 -1.800000e+01  6.122935e-01
      vertex -4.152179e+01 -2.300000e+01  6.122935e-01
      vertex -4.166965e+01 -2.300000e+01  8.889124e-01
    endloop
  endfacet
  facet normal -8.819240e-01  0.000000e+00 -4.713917e-01
    outer loop
      vertex -4.152179e+01 -1.800000e+01  6.122935e-01
      vertex -4.166965e+01 -2.300000e+01  8.889124e-01
      vertex -4.166965e+01 -1.800000e+01  8.889124e-01
    endloop
  endfacet
  facet normal -7.730079e-01  -0.000000e+00 -6.343965e-01
    outer loop
      vertex -4.166965e+01 -1.800000e+01  8.889124e-01
      vertex -4.166965e+01 -2.300000e+01  8.889124e-01
      vertex -4.186863e+01 -2.300000e+01  1.131371e+00
    endloop
  endfacet
  facet normal -7.730079e-01  0.000000e+00 -6.343965e-01
    outer loop
      vertex -4.166965e+01 -1.800000e+01  8.889124e-01
      vertex -4.186863e+01 -2.300000e+01  1.131371e+00
      vertex -4.186863e+01 -1.800000e+01  1.131371e+00
    endloop
  endfacet
  facet normal -6.343934e-01  -0.000000e+00 -7.730104e-01
    outer loop
      vertex -4.186863e+01 -1.800000e+01  1.131371e+00
      vertex -4.186863e+01 -2.300000e+01  1.131371e+00
      vertex -4.211109e+01 -2.300000e+01  1.330351e+00
    endloop
  endfacet
  facet normal -6.343934e-01  0.000000e+00 -7.730104e-01
    outer loop
      vertex -4.186863e+01 -1.800000e+01  1.131371e+00
      vertex -4.211109e+01 -2.300000e+01  1.330351e+00
      vertex -4.211109e+01 -1.800000e+01  1.330351e+00
    endloop
  endfacet
  facet normal -4.713966e-01  -0.000000e+00 -8.819212e-01
    outer loop
      vertex -4.211109e+01 -1.800000e+01  1.330351e+00
      vertex -4.211109e+01 -2.300000e+01  1.330351e+00
      vertex -4.238771e+01 -2.300000e+01  1.478207e+00
    endloop
  endfacet
  facet normal -4.713966e-01  0.000000e+00 -8.819212e-01
    outer loop
      vertex -4.211109e+01 -1.800000e+01  1.330351e+00
      vertex -4.238771e+01 -2.300000e+01  1.478207e+00
      vertex -4.238771e+01 -1.800000e+01  1.478207e+00
    endloop
  endfacet
  facet normal -2.902855e-01  -0.000000e+00 -9.569401e-01
    outer loop
      vertex -4.238771e+01 -1.800000e+01  1.478207e+00
      vertex -4.238771e+01 -2.300000e+01  1.478207e+00
      vertex -4.268785e+01 -2.300000e+01  1.569256e+00
    endloop
  endfacet
  facet normal -2.902855e-01  0.000000e+00 -9.569401e-01
    outer loop
      vertex -4.238771e+01 -1.800000e+01  1.478207e+00
      vertex -4.268785e+01 -2.300000e+01  1.569256e+00
      vertex -4.268785e+01 -1.800000e+01  1.569256e+00
    endloop
  endfacet
  facet normal -9.801707e-02  -0.000000e+00 -9.951848e-01
    outer loop
      vertex -4.268785e+01 -1.800000e+01  1.569256e+00
      vertex -4.268785e+01 -2.300000e+01  1.569256e+00
      vertex -4.300000e+01 -2.300000e+01  1.600000e+00
    endloop
  endfacet
  facet normal -9.801707e-02  0.000000e+00 -9.951848e-01
    outer loop
      vertex -4.268785e+01 -1.800000e+01  1.569256e+00
      vertex -4.300000e+01 -2.300000e+01  1.600000e+00
      vertex -4.300000e+01 -1.800000e+01  1.600000e+00
    endloop
  endfacet
  facet normal  9.951850e-01  0.000000e+00 -9.801428e-02
    outer loop
      vertex -4.460000e+01 -2.300000e+01 -1.673437e-14
      vertex -4.456926e+01 -1.800000e+01  3.121445e-01
      vertex -4.456926e+01 -2.300000e+01  3.121445e-01
    endloop
  endfacet
  facet normal  9.569404e-01  0.000000e+00 -2.902847e-01
    outer loop
      vertex -4.456926e+01 -2.300000e+01  3.121445e-01
      vertex -4.456926e+01 -1.800000e+01  3.121445e-01
      vertex -4.447821e+01 -1.800000e+01  6.122935e-01
    endloop
  endfacet
  facet normal  9.569404e-01  0.000000e+00 -2.902847e-01
    outer loop
      vertex -4.456926e+01 -2.300000e+01  3.121445e-01
      vertex -4.447821e+01 -1.800000e+01  6.122935e-01
      vertex -4.447821e+01 -2.300000e+01  6.122935e-01
    endloop
  endfacet
  facet normal  8.819240e-01  0.000000e+00 -4.713917e-01
    outer loop
      vertex -4.447821e+01 -2.300000e+01  6.122935e-01
      vertex -4.447821e+01 -1.800000e+01  6.122935e-01
      vertex -4.433035e+01 -1.800000e+01  8.889124e-01
    endloop
  endfacet
  facet normal  8.819240e-01  0.000000e+00 -4.713917e-01
    outer loop
      vertex -4.447821e+01 -2.300000e+01  6.122935e-01
      vertex -4.433035e+01 -1.800000e+01  8.889124e-01
      vertex -4.433035e+01 -2.300000e+01  8.889124e-01
    endloop
  endfacet
  facet normal  7.730079e-01  0.000000e+00 -6.343965e-01
    outer loop
      vertex -4.433035e+01 -2.300000e+01  8.889124e-01
      vertex -4.433035e+01 -1.800000e+01  8.889124e-01
      vertex -4.413137e+01 -1.800000e+01  1.131371e+00
    endloop
  endfacet
  facet normal  7.730079e-01  0.000000e+00 -6.343965e-01
    outer loop
      vertex -4.433035e+01 -2.300000e+01  8.889124e-01
      vertex -4.413137e+01 -1.800000e+01  1.131371e+00
      vertex -4.413137e+01 -2.300000e+01  1.131371e+00
    endloop
  endfacet
  facet normal  6.343934e-01  0.000000e+00 -7.730104e-01
    outer loop
      vertex -4.413137e+01 -2.300000e+01  1.131371e+00
      vertex -4.413137e+01 -1.800000e+01  1.131371e+00
      vertex -4.388891e+01 -1.800000e+01  1.330351e+00
    endloop
  endfacet
  facet normal  6.343934e-01  0.000000e+00 -7.730104e-01
    outer loop
      vertex -4.413137e+01 -2.300000e+01  1.131371e+00
      vertex -4.388891e+01 -1.800000e+01  1.330351e+00
      vertex -4.388891e+01 -2.300000e+01  1.330351e+00
    endloop
  endfacet
  facet normal  4.713966e-01  0.000000e+00 -8.819212e-01
    outer loop
      vertex -4.388891e+01 -2.300000e+01  1.330351e+00
      vertex -4.388891e+01 -1.800000e+01  1.330351e+00
      vertex -4.361229e+01 -1.800000e+01  1.478207e+00
    endloop
  endfacet
  facet normal  4.713966e-01  0.000000e+00 -8.819212e-01
    outer loop
      vertex -4.388891e+01 -2.300000e+01  1.330351e+00
      vertex -4.361229e+01 -1.800000e+01  1.478207e+00
      vertex -4.361229e+01 -2.300000e+01  1.478207e+00
    endloop
  endfacet
  facet normal  2.902855e-01  0.000000e+00 -9.569401e-01
    outer loop
      vertex -4.361229e+01 -2.300000e+01  1.478207e+00
      vertex -4.361229e+01 -1.800000e+01  1.478207e+00
      vertex -4.331215e+01 -1.800000e+01  1.569256e+00
    endloop
  endfacet
  facet normal  2.902855e-01  0.000000e+00 -9.569401e-01
    outer loop
      vertex -4.361229e+01 -2.300000e+01  1.478207e+00
      vertex -4.331215e+01 -1.800000e+01  1.569256e+00
      vertex -4.331215e+01 -2.300000e+01  1.569256e+00
    endloop
  endfacet
  facet normal  9.801707e-02  0.000000e+00 -9.951848e-01
    outer loop
      vertex -4.331215e+01 -2.300000e+01  1.569256e+00
      vertex -4.331215e+01 -1.800000e+01  1.569256e+00
      vertex -4.300000e+01 -1.800000e+01  1.600000e+00
    endloop
  endfacet
  facet normal  9.801707e-02  0.000000e+00 -9.951848e-01
    outer loop
      vertex -4.331215e+01 -2.300000e+01  1.569256e+00
      vertex -4.300000e+01 -1.800000e+01  1.600000e+00
      vertex -4.300000e+01 -2.300000e+01  1.600000e+00
    endloop
  endfacet
  facet normal  9.951850e-01 -1.465858e-17 -9.801428e-02
    outer loop
      vertex -4.456926e+01 -1.800000e+01  3.121445e-01
      vertex -4.460000e+01 -2.300000e+01 -1.673437e-14
      vertex -4.460000e+01 -1.800000e+01 -1.748215e-14
    endloop
  endfacet
  facet normal  9.951850e-01  1.465858e-17  9.801428e-02
    outer loop
      vertex -4.460000e+01 -1.800000e+01 -1.748215e-14
      vertex -4.460000e+01 -2.300000e+01 -1.673437e-14
      vertex -4.456926e+01 -2.300000e+01 -3.121445e-01
    endloop
  endfacet
  facet normal  9.951850e-01  -0.000000e+00  9.801428e-02
    outer loop
      vertex -4.460000e+01 -1.800000e+01 -1.748215e-14
      vertex -4.456926e+01 -2.300000e+01 -3.121445e-01
      vertex -4.456926e+01 -1.800000e+01 -3.121445e-01
    endloop
  endfacet
  facet normal  9.569404e-01  0.000000e+00  2.902847e-01
    outer loop
      vertex -4.456926e+01 -1.800000e+01 -3.121445e-01
      vertex -4.456926e+01 -2.300000e+01 -3.121445e-01
      vertex -4.447821e+01 -2.300000e+01 -6.122935e-01
    endloop
  endfacet
  facet normal  9.569404e-01  -0.000000e+00  2.902847e-01
    outer loop
      vertex -4.456926e+01 -1.800000e+01 -3.121445e-01
      vertex -4.447821e+01 -2.300000e+01 -6.122935e-01
      vertex -4.447821e+01 -1.800000e+01 -6.122935e-01
    endloop
  endfacet
  facet normal  8.819240e-01  0.000000e+00  4.713917e-01
    outer loop
      vertex -4.447821e+01 -1.800000e+01 -6.122935e-01
      vertex -4.447821e+01 -2.300000e+01 -6.122935e-01
      vertex -4.433035e+01 -2.300000e+01 -8.889124e-01
    endloop
  endfacet
  facet normal  8.819240e-01  -0.000000e+00  4.713917e-01
    outer loop
      vertex -4.447821e+01 -1.800000e+01 -6.122935e-01
      vertex -4.433035e+01 -2.300000e+01 -8.889124e-01
      vertex -4.433035e+01 -1.800000e+01 -8.889124e-01
    endloop
  endfacet
  facet normal  7.730079e-01  0.000000e+00  6.343965e-01
    outer loop
      vertex -4.433035e+01 -1.800000e+01 -8.889124e-01
      vertex -4.433035e+01 -2.300000e+01 -8.889124e-01
      vertex -4.413137e+01 -2.300000e+01 -1.131371e+00
    endloop
  endfacet
  facet normal  7.730079e-01  -0.000000e+00  6.343965e-01
    outer loop
      vertex -4.433035e+01 -1.800000e+01 -8.889124e-01
      vertex -4.413137e+01 -2.300000e+01 -1.131371e+00
      vertex -4.413137e+01 -1.800000e+01 -1.131371e+00
    endloop
  endfacet
  facet normal  6.343934e-01  0.000000e+00  7.730104e-01
    outer loop
      vertex -4.413137e+01 -1.800000e+01 -1.131371e+00
      vertex -4.413137e+01 -2.300000e+01 -1.131371e+00
      vertex -4.388891e+01 -2.300000e+01 -1.330351e+00
    endloop
  endfacet
  facet normal  6.343934e-01  -0.000000e+00  7.730104e-01
    outer loop
      vertex -4.413137e+01 -1.800000e+01 -1.131371e+00
      vertex -4.388891e+01 -2.300000e+01 -1.330351e+00
      vertex -4.388891e+01 -1.800000e+01 -1.330351e+00
    endloop
  endfacet
  facet normal  4.713966e-01  0.000000e+00  8.819212e-01
    outer loop
      vertex -4.388891e+01 -1.800000e+01 -1.330351e+00
      vertex -4.388891e+01 -2.300000e+01 -1.330351e+00
      vertex -4.361229e+01 -2.300000e+01 -1.478207e+00
    endloop
  endfacet
  facet normal  4.713966e-01  -0.000000e+00  8.819212e-01
    outer loop
      vertex -4.388891e+01 -1.800000e+01 -1.330351e+00
      vertex -4.361229e+01 -2.300000e+01 -1.478207e+00
      vertex -4.361229e+01 -1.800000e+01 -1.478207e+00
    endloop
  endfacet
  facet normal  2.902855e-01  0.000000e+00  9.569401e-01
    outer loop
      vertex -4.361229e+01 -1.800000e+01 -1.478207e+00
      vertex -4.361229e+01 -2.300000e+01 -1.478207e+00
      vertex -4.331215e+01 -2.300000e+01 -1.569256e+00
    endloop
  endfacet
  facet normal  2.902855e-01  -0.000000e+00  9.569401e-01
    outer loop
      vertex -4.361229e+01 -1.800000e+01 -1.478207e+00
      vertex -4.331215e+01 -2.300000e+01 -1.569256e+00
      vertex -4.331215e+01 -1.800000e+01 -1.569256e+00
    endloop
  endfacet
  facet normal  9.801707e-02  0.000000e+00  9.951848e-01
    outer loop
      vertex -4.331215e+01 -1.800000e+01 -1.569256e+00
      vertex -4.331215e+01 -2.300000e+01 -1.569256e+00
      vertex -4.300000e+01 -2.300000e+01 -1.600000e+00
    endloop
  endfacet
  facet normal  9.801707e-02  -0.000000e+00  9.951848e-01
    outer loop
      vertex -4.331215e+01 -1.800000e+01 -1.569256e+00
      vertex -4.300000e+01 -2.300000e+01 -1.600000e+00
      vertex -4.300000e+01 -1.800000e+01 -1.600000e+00
    endloop
  endfacet
  facet normal  9.801707e-02  0.000000e+00  9.951848e-01
    outer loop
      vertex -3.000000e+01 -2.300000e+01  1.140000e+01
      vertex -3.031215e+01 -1.800000e+01  1.143074e+01
      vertex -3.031215e+01 -2.300000e+01  1.143074e+01
    endloop
  endfacet
  facet normal  2.902855e-01  -0.000000e+00  9.569401e-01
    outer loop
      vertex -3.031215e+01 -2.300000e+01  1.143074e+01
      vertex -3.031215e+01 -1.800000e+01  1.143074e+01
      vertex -3.061229e+01 -1.800000e+01  1.152179e+01
    endloop
  endfacet
  facet normal  2.902855e-01  0.000000e+00  9.569401e-01
    outer loop
      vertex -3.031215e+01 -2.300000e+01  1.143074e+01
      vertex -3.061229e+01 -1.800000e+01  1.152179e+01
      vertex -3.061229e+01 -2.300000e+01  1.152179e+01
    endloop
  endfacet
  facet normal  4.713964e-01  -0.000000e+00  8.819215e-01
    outer loop
      vertex -3.061229e+01 -2.300000e+01  1.152179e+01
      vertex -3.061229e+01 -1.800000e+01  1.152179e+01
      vertex -3.088891e+01 -1.800000e+01  1.166965e+01
    endloop
  endfacet
  facet normal  4.713964e-01  0.000000e+00  8.819215e-01
    outer loop
      vertex -3.061229e+01 -2.300000e+01  1.152179e+01
      vertex -3.088891e+01 -1.800000e+01  1.166965e+01
      vertex -3.088891e+01 -2.300000e+01  1.166965e+01
    endloop
  endfacet
  facet normal  6.343949e-01  -0.000000e+00  7.730091e-01
    outer loop
      vertex -3.088891e+01 -2.300000e+01  1.166965e+01
      vertex -3.088891e+01 -1.800000e+01  1.166965e+01
      vertex -3.113137e+01 -1.800000e+01  1.186863e+01
    endloop
  endfacet
  facet normal  6.343949e-01  0.000000e+00  7.730091e-01
    outer loop
      vertex -3.088891e+01 -2.300000e+01  1.166965e+01
      vertex -3.113137e+01 -1.800000e+01  1.186863e+01
      vertex -3.113137e+01 -2.300000e+01  1.186863e+01
    endloop
  endfacet
  facet normal  7.730106e-01  -0.000000e+00  6.343931e-01
    outer loop
      vertex -3.113137e+01 -2.300000e+01  1.186863e+01
      vertex -3.113137e+01 -1.800000e+01  1.186863e+01
      vertex -3.133035e+01 -1.800000e+01  1.211109e+01
    endloop
  endfacet
  facet normal  7.730106e-01  0.000000e+00  6.343931e-01
    outer loop
      vertex -3.113137e+01 -2.300000e+01  1.186863e+01
      vertex -3.133035e+01 -1.800000e+01  1.211109e+01
      vertex -3.133035e+01 -2.300000e+01  1.211109e+01
    endloop
  endfacet
  facet normal  8.819215e-01  -0.000000e+00  4.713964e-01
    outer loop
      vertex -3.133035e+01 -2.300000e+01  1.211109e+01
      vertex -3.133035e+01 -1.800000e+01  1.211109e+01
      vertex -3.147821e+01 -1.800000e+01  1.238771e+01
    endloop
  endfacet
  facet normal  8.819215e-01  0.000000e+00  4.713964e-01
    outer loop
      vertex -3.133035e+01 -2.300000e+01  1.211109e+01
      vertex -3.147821e+01 -1.800000e+01  1.238771e+01
      vertex -3.147821e+01 -2.300000e+01  1.238771e+01
    endloop
  endfacet
  facet normal  9.569404e-01  -0.000000e+00  2.902847e-01
    outer loop
      vertex -3.147821e+01 -2.300000e+01  1.238771e+01
      vertex -3.147821e+01 -1.800000e+01  1.238771e+01
      vertex -3.156926e+01 -1.800000e+01  1.268786e+01
    endloop
  endfacet
  facet normal  9.569404e-01  0.000000e+00  2.902847e-01
    outer loop
      vertex -3.147821e+01 -2.300000e+01  1.238771e+01
      vertex -3.156926e+01 -1.800000e+01  1.268786e+01
      vertex -3.156926e+01 -2.300000e+01  1.268786e+01
    endloop
  endfacet
  facet normal  9.951844e-01  -0.000000e+00  9.802037e-02
    outer loop
      vertex -3.156926e+01 -2.300000e+01  1.268786e+01
      vertex -3.156926e+01 -1.800000e+01  1.268786e+01
      vertex -3.160000e+01 -1.800000e+01  1.300000e+01
    endloop
  endfacet
  facet normal  9.951844e-01  0.000000e+00  9.802037e-02
    outer loop
      vertex -3.156926e+01 -2.300000e+01  1.268786e+01
      vertex -3.160000e+01 -1.800000e+01  1.300000e+01
      vertex -3.160000e+01 -2.300000e+01  1.300000e+01
    endloop
  endfacet
  facet normal  9.801707e-02  -0.000000e+00  9.951848e-01
    outer loop
      vertex -3.031215e+01 -1.800000e+01  1.143074e+01
      vertex -3.000000e+01 -2.300000e+01  1.140000e+01
      vertex -3.000000e+01 -1.800000e+01  1.140000e+01
    endloop
  endfacet
  facet normal -9.801707e-02  0.000000e+00  9.951848e-01
    outer loop
      vertex -3.000000e+01 -1.800000e+01  1.140000e+01
      vertex -3.000000e+01 -2.300000e+01  1.140000e+01
      vertex -2.968785e+01 -2.300000e+01  1.143074e+01
    endloop
  endfacet
  facet normal -9.801707e-02  0.000000e+00  9.951848e-01
    outer loop
      vertex -3.000000e+01 -1.800000e+01  1.140000e+01
      vertex -2.968785e+01 -2.300000e+01  1.143074e+01
      vertex -2.968785e+01 -1.800000e+01  1.143074e+01
    endloop
  endfacet
  facet normal -2.902855e-01  0.000000e+00  9.569401e-01
    outer loop
      vertex -2.968785e+01 -1.800000e+01  1.143074e+01
      vertex -2.968785e+01 -2.300000e+01  1.143074e+01
      vertex -2.938771e+01 -2.300000e+01  1.152179e+01
    endloop
  endfacet
  facet normal -2.902855e-01  0.000000e+00  9.569401e-01
    outer loop
      vertex -2.968785e+01 -1.800000e+01  1.143074e+01
      vertex -2.938771e+01 -2.300000e+01  1.152179e+01
      vertex -2.938771e+01 -1.800000e+01  1.152179e+01
    endloop
  endfacet
  facet normal -4.713964e-01  0.000000e+00  8.819215e-01
    outer loop
      vertex -2.938771e+01 -1.800000e+01  1.152179e+01
      vertex -2.938771e+01 -2.300000e+01  1.152179e+01
      vertex -2.911109e+01 -2.300000e+01  1.166965e+01
    endloop
  endfacet
  facet normal -4.713964e-01  0.000000e+00  8.819215e-01
    outer loop
      vertex -2.938771e+01 -1.800000e+01  1.152179e+01
      vertex -2.911109e+01 -2.300000e+01  1.166965e+01
      vertex -2.911109e+01 -1.800000e+01  1.166965e+01
    endloop
  endfacet
  facet normal -6.343949e-01  0.000000e+00  7.730091e-01
    outer loop
      vertex -2.911109e+01 -1.800000e+01  1.166965e+01
      vertex -2.911109e+01 -2.300000e+01  1.166965e+01
      vertex -2.886863e+01 -2.300000e+01  1.186863e+01
    endloop
  endfacet
  facet normal -6.343949e-01  0.000000e+00  7.730091e-01
    outer loop
      vertex -2.911109e+01 -1.800000e+01  1.166965e+01
      vertex -2.886863e+01 -2.300000e+01  1.186863e+01
      vertex -2.886863e+01 -1.800000e+01  1.186863e+01
    endloop
  endfacet
  facet normal -7.730106e-01  0.000000e+00  6.343931e-01
    outer loop
      vertex -2.886863e+01 -1.800000e+01  1.186863e+01
      vertex -2.886863e+01 -2.300000e+01  1.186863e+01
      vertex -2.866965e+01 -2.300000e+01  1.211109e+01
    endloop
  endfacet
  facet normal -7.730106e-01  0.000000e+00  6.343931e-01
    outer loop
      vertex -2.886863e+01 -1.800000e+01  1.186863e+01
      vertex -2.866965e+01 -2.300000e+01  1.211109e+01
      vertex -2.866965e+01 -1.800000e+01  1.211109e+01
    endloop
  endfacet
  facet normal -8.819215e-01  0.000000e+00  4.713964e-01
    outer loop
      vertex -2.866965e+01 -1.800000e+01  1.211109e+01
      vertex -2.866965e+01 -2.300000e+01  1.211109e+01
      vertex -2.852179e+01 -2.300000e+01  1.238771e+01
    endloop
  endfacet
  facet normal -8.819215e-01  0.000000e+00  4.713964e-01
    outer loop
      vertex -2.866965e+01 -1.800000e+01  1.211109e+01
      vertex -2.852179e+01 -2.300000e+01  1.238771e+01
      vertex -2.852179e+01 -1.800000e+01  1.238771e+01
    endloop
  endfacet
  facet normal -9.569404e-01  0.000000e+00  2.902847e-01
    outer loop
      vertex -2.852179e+01 -1.800000e+01  1.238771e+01
      vertex -2.852179e+01 -2.300000e+01  1.238771e+01
      vertex -2.843074e+01 -2.300000e+01  1.268786e+01
    endloop
  endfacet
  facet normal -9.569404e-01  0.000000e+00  2.902847e-01
    outer loop
      vertex -2.852179e+01 -1.800000e+01  1.238771e+01
      vertex -2.843074e+01 -2.300000e+01  1.268786e+01
      vertex -2.843074e+01 -1.800000e+01  1.268786e+01
    endloop
  endfacet
  facet normal -9.951844e-01  0.000000e+00  9.802037e-02
    outer loop
      vertex -2.843074e+01 -1.800000e+01  1.268786e+01
      vertex -2.843074e+01 -2.300000e+01  1.268786e+01
      vertex -2.840000e+01 -2.300000e+01  1.300000e+01
    endloop
  endfacet
  facet normal -9.951844e-01  0.000000e+00  9.802037e-02
    outer loop
      vertex -2.843074e+01 -1.800000e+01  1.268786e+01
      vertex -2.840000e+01 -2.300000e+01  1.300000e+01
      vertex -2.840000e+01 -1.800000e+01  1.300000e+01
    endloop
  endfacet
  facet normal -9.801707e-02  -0.000000e+00 -9.951848e-01
    outer loop
      vertex -3.000000e+01 -2.300000e+01  1.460000e+01
      vertex -2.968785e+01 -1.800000e+01  1.456926e+01
      vertex -2.968785e+01 -2.300000e+01  1.456926e+01
    endloop
  endfacet
  facet normal -2.902855e-01  0.000000e+00 -9.569401e-01
    outer loop
      vertex -2.968785e+01 -2.300000e+01  1.456926e+01
      vertex -2.968785e+01 -1.800000e+01  1.456926e+01
      vertex -2.938771e+01 -1.800000e+01  1.447821e+01
    endloop
  endfacet
  facet normal -2.902855e-01  -0.000000e+00 -9.569401e-01
    outer loop
      vertex -2.968785e+01 -2.300000e+01  1.456926e+01
      vertex -2.938771e+01 -1.800000e+01  1.447821e+01
      vertex -2.938771e+01 -2.300000e+01  1.447821e+01
    endloop
  endfacet
  facet normal -4.713964e-01  0.000000e+00 -8.819215e-01
    outer loop
      vertex -2.938771e+01 -2.300000e+01  1.447821e+01
      vertex -2.938771e+01 -1.800000e+01  1.447821e+01
      vertex -2.911109e+01 -1.800000e+01  1.433035e+01
    endloop
  endfacet
  facet normal -4.713964e-01  -0.000000e+00 -8.819215e-01
    outer loop
      vertex -2.938771e+01 -2.300000e+01  1.447821e+01
      vertex -2.911109e+01 -1.800000e+01  1.433035e+01
      vertex -2.911109e+01 -2.300000e+01  1.433035e+01
    endloop
  endfacet
  facet normal -6.343949e-01  0.000000e+00 -7.730091e-01
    outer loop
      vertex -2.911109e+01 -2.300000e+01  1.433035e+01
      vertex -2.911109e+01 -1.800000e+01  1.433035e+01
      vertex -2.886863e+01 -1.800000e+01  1.413137e+01
    endloop
  endfacet
  facet normal -6.343949e-01  -0.000000e+00 -7.730091e-01
    outer loop
      vertex -2.911109e+01 -2.300000e+01  1.433035e+01
      vertex -2.886863e+01 -1.800000e+01  1.413137e+01
      vertex -2.886863e+01 -2.300000e+01  1.413137e+01
    endloop
  endfacet
  facet normal -7.730106e-01  0.000000e+00 -6.343931e-01
    outer loop
      vertex -2.886863e+01 -2.300000e+01  1.413137e+01
      vertex -2.886863e+01 -1.800000e+01  1.413137e+01
      vertex -2.866965e+01 -1.800000e+01  1.388891e+01
    endloop
  endfacet
  facet normal -7.730106e-01  -0.000000e+00 -6.343931e-01
    outer loop
      vertex -2.886863e+01 -2.300000e+01  1.413137e+01
      vertex -2.866965e+01 -1.800000e+01  1.388891e+01
      vertex -2.866965e+01 -2.300000e+01  1.388891e+01
    endloop
  endfacet
  facet normal -8.819215e-01  0.000000e+00 -4.713964e-01
    outer loop
      vertex -2.866965e+01 -2.300000e+01  1.388891e+01
      vertex -2.866965e+01 -1.800000e+01  1.388891e+01
      vertex -2.852179e+01 -1.800000e+01  1.361229e+01
    endloop
  endfacet
  facet normal -8.819215e-01  -0.000000e+00 -4.713964e-01
    outer loop
      vertex -2.866965e+01 -2.300000e+01  1.388891e+01
      vertex -2.852179e+01 -1.800000e+01  1.361229e+01
      vertex -2.852179e+01 -2.300000e+01  1.361229e+01
    endloop
  endfacet
  facet normal -9.569404e-01  0.000000e+00 -2.902847e-01
    outer loop
      vertex -2.852179e+01 -2.300000e+01  1.361229e+01
      vertex -2.852179e+01 -1.800000e+01  1.361229e+01
      vertex -2.843074e+01 -1.800000e+01  1.331214e+01
    endloop
  endfacet
  facet normal -9.569404e-01  -0.000000e+00 -2.902847e-01
    outer loop
      vertex -2.852179e+01 -2.300000e+01  1.361229e+01
      vertex -2.843074e+01 -1.800000e+01  1.331214e+01
      vertex -2.843074e+01 -2.300000e+01  1.331214e+01
    endloop
  endfacet
  facet normal -9.951844e-01  0.000000e+00 -9.802037e-02
    outer loop
      vertex -2.843074e+01 -2.300000e+01  1.331214e+01
      vertex -2.843074e+01 -1.800000e+01  1.331214e+01
      vertex -2.840000e+01 -1.800000e+01  1.300000e+01
    endloop
  endfacet
  facet normal -9.951844e-01  -0.000000e+00 -9.802037e-02
    outer loop
      vertex -2.843074e+01 -2.300000e+01  1.331214e+01
      vertex -2.840000e+01 -1.800000e+01  1.300000e+01
      vertex -2.840000e+01 -2.300000e+01  1.300000e+01
    endloop
  endfacet
  facet normal -9.801707e-02  0.000000e+00 -9.951848e-01
    outer loop
      vertex -2.968785e+01 -1.800000e+01  1.456926e+01
      vertex -3.000000e+01 -2.300000e+01  1.460000e+01
      vertex -3.000000e+01 -1.800000e+01  1.460000e+01
    endloop
  endfacet
  facet normal  9.801707e-02  0.000000e+00 -9.951848e-01
    outer loop
      vertex -3.000000e+01 -1.800000e+01  1.460000e+01
      vertex -3.000000e+01 -2.300000e+01  1.460000e+01
      vertex -3.031215e+01 -2.300000e+01  1.456926e+01
    endloop
  endfacet
  facet normal  9.801707e-02  0.000000e+00 -9.951848e-01
    outer loop
      vertex -3.000000e+01 -1.800000e+01  1.460000e+01
      vertex -3.031215e+01 -2.300000e+01  1.456926e+01
      vertex -3.031215e+01 -1.800000e+01  1.456926e+01
    endloop
  endfacet
  facet normal  2.902855e-01  0.000000e+00 -9.569401e-01
    outer loop
      vertex -3.031215e+01 -1.800000e+01  1.456926e+01
      vertex -3.031215e+01 -2.300000e+01  1.456926e+01
      vertex -3.061229e+01 -2.300000e+01  1.447821e+01
    endloop
  endfacet
  facet normal  2.902855e-01  0.000000e+00 -9.569401e-01
    outer loop
      vertex -3.031215e+01 -1.800000e+01  1.456926e+01
      vertex -3.061229e+01 -2.300000e+01  1.447821e+01
      vertex -3.061229e+01 -1.800000e+01  1.447821e+01
    endloop
  endfacet
  facet normal  4.713964e-01  0.000000e+00 -8.819215e-01
    outer loop
      vertex -3.061229e+01 -1.800000e+01  1.447821e+01
      vertex -3.061229e+01 -2.300000e+01  1.447821e+01
      vertex -3.088891e+01 -2.300000e+01  1.433035e+01
    endloop
  endfacet
  facet normal  4.713964e-01  0.000000e+00 -8.819215e-01
    outer loop
      vertex -3.061229e+01 -1.800000e+01  1.447821e+01
      vertex -3.088891e+01 -2.300000e+01  1.433035e+01
      vertex -3.088891e+01 -1.800000e+01  1.433035e+01
    endloop
  endfacet
  facet normal  6.343949e-01  0.000000e+00 -7.730091e-01
    outer loop
      vertex -3.088891e+01 -1.800000e+01  1.433035e+01
      vertex -3.088891e+01 -2.300000e+01  1.433035e+01
      vertex -3.113137e+01 -2.300000e+01  1.413137e+01
    endloop
  endfacet
  facet normal  6.343949e-01  0.000000e+00 -7.730091e-01
    outer loop
      vertex -3.088891e+01 -1.800000e+01  1.433035e+01
      vertex -3.113137e+01 -2.300000e+01  1.413137e+01
      vertex -3.113137e+01 -1.800000e+01  1.413137e+01
    endloop
  endfacet
  facet normal  7.730106e-01  0.000000e+00 -6.343931e-01
    outer loop
      vertex -3.113137e+01 -1.800000e+01  1.413137e+01
      vertex -3.113137e+01 -2.300000e+01  1.413137e+01
      vertex -3.133035e+01 -2.300000e+01  1.388891e+01
    endloop
  endfacet
  facet normal  7.730106e-01  0.000000e+00 -6.343931e-01
    outer loop
      vertex -3.113137e+01 -1.800000e+01  1.413137e+01
      vertex -3.133035e+01 -2.300000e+01  1.388891e+01
      vertex -3.133035e+01 -1.800000e+01  1.388891e+01
    endloop
  endfacet
  facet normal  8.819215e-01  0.000000e+00 -4.713964e-01
    outer loop
      vertex -3.133035e+01 -1.800000e+01  1.388891e+01
      vertex -3.133035e+01 -2.300000e+01  1.388891e+01
      vertex -3.147821e+01 -2.300000e+01  1.361229e+01
    endloop
  endfacet
  facet normal  8.819215e-01  0.000000e+00 -4.713964e-01
    outer loop
      vertex -3.133035e+01 -1.800000e+01  1.388891e+01
      vertex -3.147821e+01 -2.300000e+01  1.361229e+01
      vertex -3.147821e+01 -1.800000e+01  1.361229e+01
    endloop
  endfacet
  facet normal  9.569404e-01  0.000000e+00 -2.902847e-01
    outer loop
      vertex -3.147821e+01 -1.800000e+01  1.361229e+01
      vertex -3.147821e+01 -2.300000e+01  1.361229e+01
      vertex -3.156926e+01 -2.300000e+01  1.331214e+01
    endloop
  endfacet
  facet normal  9.569404e-01  0.000000e+00 -2.902847e-01
    outer loop
      vertex -3.147821e+01 -1.800000e+01  1.361229e+01
      vertex -3.156926e+01 -2.300000e+01  1.331214e+01
      vertex -3.156926e+01 -1.800000e+01  1.331214e+01
    endloop
  endfacet
  facet normal  9.951844e-01  0.000000e+00 -9.802037e-02
    outer loop
      vertex -3.156926e+01 -1.800000e+01  1.331214e+01
      vertex -3.156926e+01 -2.300000e+01  1.331214e+01
      vertex -3.160000e+01 -2.300000e+01  1.300000e+01
    endloop
  endfacet
  facet normal  9.951844e-01  0.000000e+00 -9.802037e-02
    outer loop
      vertex -3.156926e+01 -1.800000e+01  1.331214e+01
      vertex -3.160000e+01 -2.300000e+01  1.300000e+01
      vertex -3.160000e+01 -1.800000e+01  1.300000e+01
    endloop
  endfacet
  facet normal  6.975697e-02  0.000000e+00 -9.975640e-01
    outer loop
      vertex -3.056712e+01  2.300000e+01  1.624010e+01
      vertex -3.169859e+01 -1.800000e+01  1.616098e+01
      vertex -3.169859e+01  2.300000e+01  1.616098e+01
    endloop
  endfacet
  facet normal  1.391727e-01  0.000000e+00 -9.902682e-01
    outer loop
      vertex -3.169859e+01  2.300000e+01  1.616098e+01
      vertex -3.169859e+01 -1.800000e+01  1.616098e+01
      vertex -3.282178e+01 -1.800000e+01  1.600313e+01
    endloop
  endfacet
  facet normal  1.391727e-01  0.000000e+00 -9.902682e-01
    outer loop
      vertex -3.169859e+01  2.300000e+01  1.616098e+01
      vertex -3.282178e+01 -1.800000e+01  1.600313e+01
      vertex -3.282178e+01  2.300000e+01  1.600313e+01
    endloop
  endfacet
  facet normal  2.079114e-01  0.000000e+00 -9.781477e-01
    outer loop
      vertex -3.282178e+01  2.300000e+01  1.600313e+01
      vertex -3.282178e+01 -1.800000e+01  1.600313e+01
      vertex -3.393123e+01 -1.800000e+01  1.576731e+01
    endloop
  endfacet
  facet normal  2.079114e-01  0.000000e+00 -9.781477e-01
    outer loop
      vertex -3.282178e+01  2.300000e+01  1.600313e+01
      vertex -3.393123e+01 -1.800000e+01  1.576731e+01
      vertex -3.393123e+01  2.300000e+01  1.576731e+01
    endloop
  endfacet
  facet normal  2.756379e-01  0.000000e+00 -9.612616e-01
    outer loop
      vertex -3.393123e+01  2.300000e+01  1.576731e+01
      vertex -3.393123e+01 -1.800000e+01  1.576731e+01
      vertex -3.502153e+01 -1.800000e+01  1.545467e+01
    endloop
  endfacet
  facet normal  2.756379e-01  0.000000e+00 -9.612616e-01
    outer loop
      vertex -3.393123e+01  2.300000e+01  1.576731e+01
      vertex -3.502153e+01 -1.800000e+01  1.545467e+01
      vertex -3.502153e+01  2.300000e+01  1.545467e+01
    endloop
  endfacet
  facet normal  3.420205e-01  0.000000e+00 -9.396925e-01
    outer loop
      vertex -3.502153e+01  2.300000e+01  1.545467e+01
      vertex -3.502153e+01 -1.800000e+01  1.545467e+01
      vertex -3.608736e+01 -1.800000e+01  1.506674e+01
    endloop
  endfacet
  facet normal  3.420205e-01  0.000000e+00 -9.396925e-01
    outer loop
      vertex -3.502153e+01  2.300000e+01  1.545467e+01
      vertex -3.608736e+01 -1.800000e+01  1.506674e+01
      vertex -3.608736e+01  2.300000e+01  1.506674e+01
    endloop
  endfacet
  facet normal  4.067363e-01  0.000000e+00 -9.135455e-01
    outer loop
      vertex -3.608736e+01  2.300000e+01  1.506674e+01
      vertex -3.608736e+01 -1.800000e+01  1.506674e+01
      vertex -3.712353e+01 -1.800000e+01  1.460540e+01
    endloop
  endfacet
  facet normal  4.067363e-01  0.000000e+00 -9.135455e-01
    outer loop
      vertex -3.608736e+01  2.300000e+01  1.506674e+01
      vertex -3.712353e+01 -1.800000e+01  1.460540e+01
      vertex -3.712353e+01  2.300000e+01  1.460540e+01
    endloop
  endfacet
  facet normal  4.694712e-01  0.000000e+00 -8.829477e-01
    outer loop
      vertex -3.712353e+01  2.300000e+01  1.460540e+01
      vertex -3.712353e+01 -1.800000e+01  1.460540e+01
      vertex -3.812500e+01 -1.800000e+01  1.407291e+01
    endloop
  endfacet
  facet normal  4.694712e-01  0.000000e+00 -8.829477e-01
    outer loop
      vertex -3.712353e+01  2.300000e+01  1.460540e+01
      vertex -3.812500e+01 -1.800000e+01  1.407291e+01
      vertex -3.812500e+01  2.300000e+01  1.407291e+01
    endloop
  endfacet
  facet normal  5.299197e-01  0.000000e+00 -8.480478e-01
    outer loop
      vertex -3.812500e+01  2.300000e+01  1.407291e+01
      vertex -3.812500e+01 -1.800000e+01  1.407291e+01
      vertex -3.908688e+01 -1.800000e+01  1.347186e+01
    endloop
  endfacet
  facet normal  5.299197e-01  0.000000e+00 -8.480478e-01
    outer loop
      vertex -3.812500e+01  2.300000e+01  1.407291e+01
      vertex -3.908688e+01 -1.800000e+01  1.347186e+01
      vertex -3.908688e+01  2.300000e+01  1.347186e+01
    endloop
  endfacet
  facet normal  5.877856e-01  0.000000e+00 -8.090168e-01
    outer loop
      vertex -3.908688e+01  2.300000e+01  1.347186e+01
      vertex -3.908688e+01 -1.800000e+01  1.347186e+01
      vertex -4.000450e+01 -1.800000e+01  1.280517e+01
    endloop
  endfacet
  facet normal  5.877856e-01  0.000000e+00 -8.090168e-01
    outer loop
      vertex -3.908688e+01  2.300000e+01  1.347186e+01
      vertex -4.000450e+01 -1.800000e+01  1.280517e+01
      vertex -4.000450e+01  2.300000e+01  1.280517e+01
    endloop
  endfacet
  facet normal  6.427877e-01  0.000000e+00 -7.660444e-01
    outer loop
      vertex -4.000450e+01  2.300000e+01  1.280517e+01
      vertex -4.000450e+01 -1.800000e+01  1.280517e+01
      vertex -4.087337e+01 -1.800000e+01  1.207610e+01
    endloop
  endfacet
  facet normal  6.427877e-01  0.000000e+00 -7.660444e-01
    outer loop
      vertex -4.000450e+01  2.300000e+01  1.280517e+01
      vertex -4.087337e+01 -1.800000e+01  1.207610e+01
      vertex -4.087337e+01  2.300000e+01  1.207610e+01
    endloop
  endfacet
  facet normal  6.946585e-01  0.000000e+00 -7.193397e-01
    outer loop
      vertex -4.087337e+01  2.300000e+01  1.207610e+01
      vertex -4.087337e+01 -1.800000e+01  1.207610e+01
      vertex -4.168927e+01 -1.800000e+01  1.128820e+01
    endloop
  endfacet
  facet normal  6.946585e-01  0.000000e+00 -7.193397e-01
    outer loop
      vertex -4.087337e+01  2.300000e+01  1.207610e+01
      vertex -4.168927e+01 -1.800000e+01  1.128820e+01
      vertex -4.168927e+01  2.300000e+01  1.128820e+01
    endloop
  endfacet
  facet normal  7.431438e-01  0.000000e+00 -6.691317e-01
    outer loop
      vertex -4.168927e+01  2.300000e+01  1.128820e+01
      vertex -4.168927e+01 -1.800000e+01  1.128820e+01
      vertex -4.244822e+01 -1.800000e+01  1.044530e+01
    endloop
  endfacet
  facet normal  7.431438e-01  0.000000e+00 -6.691317e-01
    outer loop
      vertex -4.168927e+01  2.300000e+01  1.128820e+01
      vertex -4.244822e+01 -1.800000e+01  1.044530e+01
      vertex -4.244822e+01  2.300000e+01  1.044530e+01
    endloop
  endfacet
  facet normal  7.880107e-01  0.000000e+00 -6.156614e-01
    outer loop
      vertex -4.244822e+01  2.300000e+01  1.044530e+01
      vertex -4.244822e+01 -1.800000e+01  1.044530e+01
      vertex -4.314653e+01 -1.800000e+01  9.551511e+00
    endloop
  endfacet
  facet normal  7.880107e-01  0.000000e+00 -6.156614e-01
    outer loop
      vertex -4.244822e+01  2.300000e+01  1.044530e+01
      vertex -4.314653e+01 -1.800000e+01  9.551511e+00
      vertex -4.314653e+01  2.300000e+01  9.551511e+00
    endloop
  endfacet
  facet normal  8.290381e-01  0.000000e+00 -5.591921e-01
    outer loop
      vertex -4.314653e+01  2.300000e+01  9.551511e+00
      vertex -4.314653e+01 -1.800000e+01  9.551511e+00
      vertex -4.378078e+01 -1.800000e+01  8.611188e+00
    endloop
  endfacet
  facet normal  8.290381e-01  0.000000e+00 -5.591921e-01
    outer loop
      vertex -4.314653e+01  2.300000e+01  9.551511e+00
      vertex -4.378078e+01 -1.800000e+01  8.611188e+00
      vertex -4.378078e+01  2.300000e+01  8.611188e+00
    endloop
  endfacet
  facet normal  8.660257e-01  0.000000e+00 -4.999993e-01
    outer loop
      vertex -4.378078e+01  2.300000e+01  8.611188e+00
      vertex -4.378078e+01 -1.800000e+01  8.611188e+00
      vertex -4.434790e+01 -1.800000e+01  7.628913e+00
    endloop
  endfacet
  facet normal  8.660257e-01  0.000000e+00 -4.999993e-01
    outer loop
      vertex -4.378078e+01  2.300000e+01  8.611188e+00
      vertex -4.434790e+01 -1.800000e+01  7.628913e+00
      vertex -4.434790e+01  2.300000e+01  7.628913e+00
    endloop
  endfacet
  facet normal  8.987941e-01  0.000000e+00 -4.383711e-01
    outer loop
      vertex -4.434790e+01  2.300000e+01  7.628913e+00
      vertex -4.434790e+01 -1.800000e+01  7.628913e+00
      vertex -4.484511e+01 -1.800000e+01  6.609470e+00
    endloop
  endfacet
  facet normal  8.987941e-01  0.000000e+00 -4.383711e-01
    outer loop
      vertex -4.434790e+01  2.300000e+01  7.628913e+00
      vertex -4.484511e+01 -1.800000e+01  6.609470e+00
      vertex -4.484511e+01  2.300000e+01  6.609470e+00
    endloop
  endfacet
  facet normal  9.271836e-01  0.000000e+00 -3.746074e-01
    outer loop
      vertex -4.484511e+01  2.300000e+01  6.609470e+00
      vertex -4.484511e+01 -1.800000e+01  6.609470e+00
      vertex -4.527000e+01 -1.800000e+01  5.557827e+00
    endloop
  endfacet
  facet normal  9.271836e-01  0.000000e+00 -3.746074e-01
    outer loop
      vertex -4.484511e+01  2.300000e+01  6.609470e+00
      vertex -4.527000e+01 -1.800000e+01  5.557827e+00
      vertex -4.527000e+01  2.300000e+01  5.557827e+00
    endloop
  endfacet
  facet normal  9.510564e-01  0.000000e+00 -3.090175e-01
    outer loop
      vertex -4.527000e+01  2.300000e+01  5.557827e+00
      vertex -4.527000e+01 -1.800000e+01  5.557827e+00
      vertex -4.562050e+01 -1.800000e+01  4.479107e+00
    endloop
  endfacet
  facet normal  9.510564e-01  0.000000e+00 -3.090175e-01
    outer loop
      vertex -4.527000e+01  2.300000e+01  5.557827e+00
      vertex -4.562050e+01 -1.800000e+01  4.479107e+00
      vertex -4.562050e+01  2.300000e+01  4.479107e+00
    endloop
  endfacet
  facet normal  9.702959e-01  0.000000e+00 -2.419211e-01
    outer loop
      vertex -4.562050e+01  2.300000e+01  4.479107e+00
      vertex -4.562050e+01 -1.800000e+01  4.479107e+00
      vertex -4.589490e+01 -1.800000e+01  3.378565e+00
    endloop
  endfacet
  facet normal  9.702959e-01  0.000000e+00 -2.419211e-01
    outer loop
      vertex -4.562050e+01  2.300000e+01  4.479107e+00
      vertex -4.589490e+01 -1.800000e+01  3.378565e+00
      vertex -4.589490e+01  2.300000e+01  3.378565e+00
    endloop
  endfacet
  facet normal  9.848073e-01  0.000000e+00 -1.736506e-01
    outer loop
      vertex -4.589490e+01  2.300000e+01  3.378565e+00
      vertex -4.589490e+01 -1.800000e+01  3.378565e+00
      vertex -4.609186e+01 -1.800000e+01  2.261563e+00
    endloop
  endfacet
  facet normal  9.848073e-01  0.000000e+00 -1.736506e-01
    outer loop
      vertex -4.589490e+01  2.300000e+01  3.378565e+00
      vertex -4.609186e+01 -1.800000e+01  2.261563e+00
      vertex -4.609186e+01  2.300000e+01  2.261563e+00
    endloop
  endfacet
  facet normal  9.945220e-01  0.000000e+00 -1.045261e-01
    outer loop
      vertex -4.609186e+01  2.300000e+01  2.261563e+00
      vertex -4.609186e+01 -1.800000e+01  2.261563e+00
      vertex -4.621041e+01 -1.800000e+01  1.133543e+00
    endloop
  endfacet
  facet normal  9.945220e-01  0.000000e+00 -1.045261e-01
    outer loop
      vertex -4.609186e+01  2.300000e+01  2.261563e+00
      vertex -4.621041e+01 -1.800000e+01  1.133543e+00
      vertex -4.621041e+01  2.300000e+01  1.133543e+00
    endloop
  endfacet
  facet normal  9.993908e-01  0.000000e+00 -3.490032e-02
    outer loop
      vertex -4.621041e+01  2.300000e+01  1.133543e+00
      vertex -4.621041e+01 -1.800000e+01  1.133543e+00
      vertex -4.625000e+01 -1.800000e+01  1.990051e-15
    endloop
  endfacet
  facet normal  9.993908e-01  0.000000e+00 -3.490032e-02
    outer loop
      vertex -4.621041e+01  2.300000e+01  1.133543e+00
      vertex -4.625000e+01 -1.800000e+01  1.990051e-15
      vertex -4.625000e+01  2.300000e+01  1.990051e-15
    endloop
  endfacet
  facet normal  6.975697e-02  0.000000e+00 -9.975640e-01
    outer loop
      vertex -3.169859e+01 -1.800000e+01  1.616098e+01
      vertex -3.056712e+01  2.300000e+01  1.624010e+01
      vertex -3.056712e+01 -1.800000e+01  1.624010e+01
    endloop
  endfacet
  facet normal  0.000000e+00  0.000000e+00 -1.000000e+00
    outer loop
      vertex -3.056712e+01 -1.800000e+01  1.624010e+01
      vertex -3.056712e+01  2.300000e+01  1.624010e+01
      vertex -2.943288e+01  2.300000e+01  1.624010e+01
    endloop
  endfacet
  facet normal  0.000000e+00  -0.000000e+00 -1.000000e+00
    outer loop
      vertex -3.056712e+01 -1.800000e+01  1.624010e+01
      vertex -2.943288e+01  2.300000e+01  1.624010e+01
      vertex -2.943288e+01 -1.800000e+01  1.624010e+01
    endloop
  endfacet
  facet normal -6.975697e-02  0.000000e+00 -9.975640e-01
    outer loop
      vertex -2.943288e+01 -1.800000e+01  1.624010e+01
      vertex -2.943288e+01  2.300000e+01  1.624010e+01
      vertex -2.830141e+01  2.300000e+01  1.616098e+01
    endloop
  endfacet
  facet normal -6.975697e-02  -0.000000e+00 -9.975640e-01
    outer loop
      vertex -2.943288e+01 -1.800000e+01  1.624010e+01
      vertex -2.830141e+01  2.300000e+01  1.616098e+01
      vertex -2.830141e+01 -1.800000e+01  1.616098e+01
    endloop
  endfacet
  facet normal -1.391724e-01  0.000000e+00 -9.902682e-01
    outer loop
      vertex -2.830141e+01 -1.800000e+01  1.616098e+01
      vertex -2.830141e+01  2.300000e+01  1.616098e+01
      vertex -2.717822e+01  2.300000e+01  1.600313e+01
    endloop
  endfacet
  facet normal -1.391724e-01  -0.000000e+00 -9.902682e-01
    outer loop
      vertex -2.830141e+01 -1.800000e+01  1.616098e+01
      vertex -2.717822e+01  2.300000e+01  1.600313e+01
      vertex -2.717822e+01 -1.800000e+01  1.600313e+01
    endloop
  endfacet
  facet normal -2.079120e-01  0.000000e+00 -9.781474e-01
    outer loop
      vertex -2.717822e+01 -1.800000e+01  1.600313e+01
      vertex -2.717822e+01  2.300000e+01  1.600313e+01
      vertex -2.606877e+01  2.300000e+01  1.576731e+01
    endloop
  endfacet
  facet normal -2.079120e-01  -0.000000e+00 -9.781474e-01
    outer loop
      vertex -2.717822e+01 -1.800000e+01  1.600313e+01
      vertex -2.606877e+01  2.300000e+01  1.576731e+01
      vertex -2.606877e+01 -1.800000e+01  1.576731e+01
    endloop
  endfacet
  facet normal -2.756374e-01  0.000000e+00 -9.612617e-01
    outer loop
      vertex -2.606877e+01 -1.800000e+01  1.576731e+01
      vertex -2.606877e+01  2.300000e+01  1.576731e+01
      vertex -2.497847e+01  2.300000e+01  1.545467e+01
    endloop
  endfacet
  facet normal -2.756374e-01  -0.000000e+00 -9.612617e-01
    outer loop
      vertex -2.606877e+01 -1.800000e+01  1.576731e+01
      vertex -2.497847e+01  2.300000e+01  1.545467e+01
      vertex -2.497847e+01 -1.800000e+01  1.545467e+01
    endloop
  endfacet
  facet normal -3.420205e-01  0.000000e+00 -9.396925e-01
    outer loop
      vertex -2.497847e+01 -1.800000e+01  1.545467e+01
      vertex -2.497847e+01  2.300000e+01  1.545467e+01
      vertex -2.391264e+01  2.300000e+01  1.506674e+01
    endloop
  endfacet
  facet normal -3.420205e-01  -0.000000e+00 -9.396925e-01
    outer loop
      vertex -2.497847e+01 -1.800000e+01  1.545467e+01
      vertex -2.391264e+01  2.300000e+01  1.506674e+01
      vertex -2.391264e+01 -1.800000e+01  1.506674e+01
    endloop
  endfacet
  facet normal -4.067363e-01  0.000000e+00 -9.135455e-01
    outer loop
      vertex -2.391264e+01 -1.800000e+01  1.506674e+01
      vertex -2.391264e+01  2.300000e+01  1.506674e+01
      vertex -2.287647e+01  2.300000e+01  1.460540e+01
    endloop
  endfacet
  facet normal -4.067363e-01  -0.000000e+00 -9.135455e-01
    outer loop
      vertex -2.391264e+01 -1.800000e+01  1.506674e+01
      vertex -2.287647e+01  2.300000e+01  1.460540e+01
      vertex -2.287647e+01 -1.800000e+01  1.460540e+01
    endloop
  endfacet
  facet normal -4.694712e-01  0.000000e+00 -8.829477e-01
    outer loop
      vertex -2.287647e+01 -1.800000e+01  1.460540e+01
      vertex -2.287647e+01  2.300000e+01  1.460540e+01
      vertex -2.187500e+01  2.300000e+01  1.407291e+01
    endloop
  endfacet
  facet normal -4.694712e-01  -0.000000e+00 -8.829477e-01
    outer loop
      vertex -2.287647e+01 -1.800000e+01  1.460540e+01
      vertex -2.187500e+01  2.300000e+01  1.407291e+01
      vertex -2.187500e+01 -1.800000e+01  1.407291e+01
    endloop
  endfacet
  facet normal -5.299190e-01  0.000000e+00 -8.480483e-01
    outer loop
      vertex -2.187500e+01 -1.800000e+01  1.407291e+01
      vertex -2.187500e+01  2.300000e+01  1.407291e+01
      vertex -2.091311e+01  2.300000e+01  1.347186e+01
    endloop
  endfacet
  facet normal -5.299190e-01  -0.000000e+00 -8.480483e-01
    outer loop
      vertex -2.187500e+01 -1.800000e+01  1.407291e+01
      vertex -2.091311e+01  2.300000e+01  1.347186e+01
      vertex -2.091311e+01 -1.800000e+01  1.347186e+01
    endloop
  endfacet
  facet normal -5.877856e-01  0.000000e+00 -8.090168e-01
    outer loop
      vertex -2.091311e+01 -1.800000e+01  1.347186e+01
      vertex -2.091311e+01  2.300000e+01  1.347186e+01
      vertex -1.999550e+01  2.300000e+01  1.280517e+01
    endloop
  endfacet
  facet normal -5.877856e-01  -0.000000e+00 -8.090168e-01
    outer loop
      vertex -2.091311e+01 -1.800000e+01  1.347186e+01
      vertex -1.999550e+01  2.300000e+01  1.280517e+01
      vertex -1.999550e+01 -1.800000e+01  1.280517e+01
    endloop
  endfacet
  facet normal -6.427877e-01  0.000000e+00 -7.660444e-01
    outer loop
      vertex -1.999550e+01 -1.800000e+01  1.280517e+01
      vertex -1.999550e+01  2.300000e+01  1.280517e+01
      vertex -1.912663e+01  2.300000e+01  1.207610e+01
    endloop
  endfacet
  facet normal -6.427877e-01  -0.000000e+00 -7.660444e-01
    outer loop
      vertex -1.999550e+01 -1.800000e+01  1.280517e+01
      vertex -1.912663e+01  2.300000e+01  1.207610e+01
      vertex -1.912663e+01 -1.800000e+01  1.207610e+01
    endloop
  endfacet
  facet normal -6.946585e-01  0.000000e+00 -7.193397e-01
    outer loop
      vertex -1.912663e+01 -1.800000e+01  1.207610e+01
      vertex -1.912663e+01  2.300000e+01  1.207610e+01
      vertex -1.831073e+01  2.300000e+01  1.128820e+01
    endloop
  endfacet
  facet normal -6.946585e-01  -0.000000e+00 -7.193397e-01
    outer loop
      vertex -1.912663e+01 -1.800000e+01  1.207610e+01
      vertex -1.831073e+01  2.300000e+01  1.128820e+01
      vertex -1.831073e+01 -1.800000e+01  1.128820e+01
    endloop
  endfacet
  facet normal -7.431446e-01  0.000000e+00 -6.691308e-01
    outer loop
      vertex -1.831073e+01 -1.800000e+01  1.128820e+01
      vertex -1.831073e+01  2.300000e+01  1.128820e+01
      vertex -1.755178e+01  2.300000e+01  1.044530e+01
    endloop
  endfacet
  facet normal -7.431446e-01  -0.000000e+00 -6.691308e-01
    outer loop
      vertex -1.831073e+01 -1.800000e+01  1.128820e+01
      vertex -1.755178e+01  2.300000e+01  1.044530e+01
      vertex -1.755178e+01 -1.800000e+01  1.044530e+01
    endloop
  endfacet
  facet normal -7.880107e-01  0.000000e+00 -6.156614e-01
    outer loop
      vertex -1.755178e+01 -1.800000e+01  1.044530e+01
      vertex -1.755178e+01  2.300000e+01  1.044530e+01
      vertex -1.685347e+01  2.300000e+01  9.551511e+00
    endloop
  endfacet
  facet normal -7.880107e-01  -0.000000e+00 -6.156614e-01
    outer loop
      vertex -1.755178e+01 -1.800000e+01  1.044530e+01
      vertex -1.685347e+01  2.300000e+01  9.551511e+00
      vertex -1.685347e+01 -1.800000e+01  9.551511e+00
    endloop
  endfacet
  facet normal -8.290381e-01  0.000000e+00 -5.591921e-01
    outer loop
      vertex -1.685347e+01 -1.800000e+01  9.551511e+00
      vertex -1.685347e+01  2.300000e+01  9.551511e+00
      vertex -1.621922e+01  2.300000e+01  8.611188e+00
    endloop
  endfacet
  facet normal -8.290381e-01  -0.000000e+00 -5.591921e-01
    outer loop
      vertex -1.685347e+01 -1.800000e+01  9.551511e+00
      vertex -1.621922e+01  2.300000e+01  8.611188e+00
      vertex -1.621922e+01 -1.800000e+01  8.611188e+00
    endloop
  endfacet
  facet normal -8.660251e-01  0.000000e+00 -5.000006e-01
    outer loop
      vertex -1.621922e+01 -1.800000e+01  8.611188e+00
      vertex -1.621922e+01  2.300000e+01  8.611188e+00
      vertex -1.565210e+01  2.300000e+01  7.628913e+00
    endloop
  endfacet
  facet normal -8.660251e-01  -0.000000e+00 -5.000006e-01
    outer loop
      vertex -1.621922e+01 -1.800000e+01  8.611188e+00
      vertex -1.565210e+01  2.300000e+01  7.628913e+00
      vertex -1.565210e+01 -1.800000e+01  7.628913e+00
    endloop
  endfacet
  facet normal -8.987941e-01  0.000000e+00 -4.383711e-01
    outer loop
      vertex -1.565210e+01 -1.800000e+01  7.628913e+00
      vertex -1.565210e+01  2.300000e+01  7.628913e+00
      vertex -1.515489e+01  2.300000e+01  6.609470e+00
    endloop
  endfacet
  facet normal -8.987941e-01  -0.000000e+00 -4.383711e-01
    outer loop
      vertex -1.565210e+01 -1.800000e+01  7.628913e+00
      vertex -1.515489e+01  2.300000e+01  6.609470e+00
      vertex -1.515489e+01 -1.800000e+01  6.609470e+00
    endloop
  endfacet
  facet normal -9.271838e-01  0.000000e+00 -3.746067e-01
    outer loop
      vertex -1.515489e+01 -1.800000e+01  6.609470e+00
      vertex -1.515489e+01  2.300000e+01  6.609470e+00
      vertex -1.472999e+01  2.300000e+01  5.557827e+00
    endloop
  endfacet
  facet normal -9.271838e-01  -0.000000e+00 -3.746067e-01
    outer loop
      vertex -1.515489e+01 -1.800000e+01  6.609470e+00
      vertex -1.472999e+01  2.300000e+01  5.557827e+00
      vertex -1.472999e+01 -1.800000e+01  5.557827e+00
    endloop
  endfacet
  facet normal -9.510567e-01  0.000000e+00 -3.090168e-01
    outer loop
      vertex -1.472999e+01 -1.800000e+01  5.557827e+00
      vertex -1.472999e+01  2.300000e+01  5.557827e+00
      vertex -1.437950e+01  2.300000e+01  4.479107e+00
    endloop
  endfacet
  facet normal -9.510567e-01  -0.000000e+00 -3.090168e-01
    outer loop
      vertex -1.472999e+01 -1.800000e+01  5.557827e+00
      vertex -1.437950e+01  2.300000e+01  4.479107e+00
      vertex -1.437950e+01 -1.800000e+01  4.479107e+00
    endloop
  endfacet
  facet normal -9.702957e-01  0.000000e+00 -2.419219e-01
    outer loop
      vertex -1.437950e+01 -1.800000e+01  4.479107e+00
      vertex -1.437950e+01  2.300000e+01  4.479107e+00
      vertex -1.410510e+01  2.300000e+01  3.378565e+00
    endloop
  endfacet
  facet normal -9.702957e-01  -0.000000e+00 -2.419219e-01
    outer loop
      vertex -1.437950e+01 -1.800000e+01  4.479107e+00
      vertex -1.410510e+01  2.300000e+01  3.378565e+00
      vertex -1.410510e+01 -1.800000e+01  3.378565e+00
    endloop
  endfacet
  facet normal -9.848078e-01  0.000000e+00 -1.736481e-01
    outer loop
      vertex -1.410510e+01 -1.800000e+01  3.378565e+00
      vertex -1.410510e+01  2.300000e+01  3.378565e+00
      vertex -1.390814e+01  2.300000e+01  2.261563e+00
    endloop
  endfacet
  facet normal -9.848078e-01  -0.000000e+00 -1.736481e-01
    outer loop
      vertex -1.410510e+01 -1.800000e+01  3.378565e+00
      vertex -1.390814e+01  2.300000e+01  2.261563e+00
      vertex -1.390814e+01 -1.800000e+01  2.261563e+00
    endloop
  endfacet
  facet normal -9.945219e-01  0.000000e+00 -1.045286e-01
    outer loop
      vertex -1.390814e+01 -1.800000e+01  2.261563e+00
      vertex -1.390814e+01  2.300000e+01  2.261563e+00
      vertex -1.378958e+01  2.300000e+01  1.133543e+00
    endloop
  endfacet
  facet normal -9.945219e-01  -0.000000e+00 -1.045286e-01
    outer loop
      vertex -1.390814e+01 -1.800000e+01  2.261563e+00
      vertex -1.378958e+01  2.300000e+01  1.133543e+00
      vertex -1.378958e+01 -1.800000e+01  1.133543e+00
    endloop
  endfacet
  facet normal -9.993908e-01  0.000000e+00 -3.489947e-02
    outer loop
      vertex -1.378958e+01 -1.800000e+01  1.133543e+00
      vertex -1.378958e+01  2.300000e+01  1.133543e+00
      vertex -1.375000e+01  2.300000e+01  0.000000e+00
    endloop
  endfacet
  facet normal -9.993908e-01  -0.000000e+00 -3.489947e-02
    outer loop
      vertex -1.378958e+01 -1.800000e+01  1.133543e+00
      vertex -1.375000e+01  2.300000e+01  0.000000e+00
      vertex -1.375000e+01 -1.800000e+01  0.000000e+00
    endloop
  endfacet
  facet normal -6.975697e-02  0.000000e+00  9.975640e-01
    outer loop
      vertex -2.943288e+01  2.300000e+01 -1.624010e+01
      vertex -2.830141e+01 -1.800000e+01 -1.616098e+01
      vertex -2.830141e+01  2.300000e+01 -1.616098e+01
    endloop
  endfacet
  facet normal -1.391724e-01  0.000000e+00  9.902682e-01
    outer loop
      vertex -2.830141e+01  2.300000e+01 -1.616098e+01
      vertex -2.830141e+01 -1.800000e+01 -1.616098e+01
      vertex -2.717822e+01 -1.800000e+01 -1.600313e+01
    endloop
  endfacet
  facet normal -1.391724e-01  0.000000e+00  9.902682e-01
    outer loop
      vertex -2.830141e+01  2.300000e+01 -1.616098e+01
      vertex -2.717822e+01 -1.800000e+01 -1.600313e+01
      vertex -2.717822e+01  2.300000e+01 -1.600313e+01
    endloop
  endfacet
  facet normal -2.079120e-01  0.000000e+00  9.781474e-01
    outer loop
      vertex -2.717822e+01  2.300000e+01 -1.600313e+01
      vertex -2.717822e+01 -1.800000e+01 -1.600313e+01
      vertex -2.606877e+01 -1.800000e+01 -1.576731e+01
    endloop
  endfacet
  facet normal -2.079120e-01  0.000000e+00  9.781474e-01
    outer loop
      vertex -2.717822e+01  2.300000e+01 -1.600313e+01
      vertex -2.606877e+01 -1.800000e+01 -1.576731e+01
      vertex -2.606877e+01  2.300000e+01 -1.576731e+01
    endloop
  endfacet
  facet normal -2.756374e-01  0.000000e+00  9.612617e-01
    outer loop
      vertex -2.606877e+01  2.300000e+01 -1.576731e+01
      vertex -2.606877e+01 -1.800000e+01 -1.576731e+01
      vertex -2.497847e+01 -1.800000e+01 -1.545467e+01
    endloop
  endfacet
  facet normal -2.756374e-01  0.000000e+00  9.612617e-01
    outer loop
      vertex -2.606877e+01  2.300000e+01 -1.576731e+01
      vertex -2.497847e+01 -1.800000e+01 -1.545467e+01
      vertex -2.497847e+01  2.300000e+01 -1.545467e+01
    endloop
  endfacet
  facet normal -3.420205e-01  0.000000e+00  9.396925e-01
    outer loop
      vertex -2.497847e+01  2.300000e+01 -1.545467e+01
      vertex -2.497847e+01 -1.800000e+01 -1.545467e+01
      vertex -2.391264e+01 -1.800000e+01 -1.506674e+01
    endloop
  endfacet
  facet normal -3.420205e-01  0.000000e+00  9.396925e-01
    outer loop
      vertex -2.497847e+01  2.300000e+01 -1.545467e+01
      vertex -2.391264e+01 -1.800000e+01 -1.506674e+01
      vertex -2.391264e+01  2.300000e+01 -1.506674e+01
    endloop
  endfacet
  facet normal -4.067363e-01  0.000000e+00  9.135455e-01
    outer loop
      vertex -2.391264e+01  2.300000e+01 -1.506674e+01
      vertex -2.391264e+01 -1.800000e+01 -1.506674e+01
      vertex -2.287647e+01 -1.800000e+01 -1.460540e+01
    endloop
  endfacet
  facet normal -4.067363e-01  0.000000e+00  9.135455e-01
    outer loop
      vertex -2.391264e+01  2.300000e+01 -1.506674e+01
      vertex -2.287647e+01 -1.800000e+01 -1.460540e+01
      vertex -2.287647e+01  2.300000e+01 -1.460540e+01
    endloop
  endfacet
  facet normal -4.694712e-01  0.000000e+00  8.829477e-01
    outer loop
      vertex -2.287647e+01  2.300000e+01 -1.460540e+01
      vertex -2.287647e+01 -1.800000e+01 -1.460540e+01
      vertex -2.187500e+01 -1.800000e+01 -1.407291e+01
    endloop
  endfacet
  facet normal -4.694712e-01  0.000000e+00  8.829477e-01
    outer loop
      vertex -2.287647e+01  2.300000e+01 -1.460540e+01
      vertex -2.187500e+01 -1.800000e+01 -1.407291e+01
      vertex -2.187500e+01  2.300000e+01 -1.407291e+01
    endloop
  endfacet
  facet normal -5.299190e-01  0.000000e+00  8.480483e-01
    outer loop
      vertex -2.187500e+01  2.300000e+01 -1.407291e+01
      vertex -2.187500e+01 -1.800000e+01 -1.407291e+01
      vertex -2.091311e+01 -1.800000e+01 -1.347186e+01
    endloop
  endfacet
  facet normal -5.299190e-01  0.000000e+00  8.480483e-01
    outer loop
      vertex -2.187500e+01  2.300000e+01 -1.407291e+01
      vertex -2.091311e+01 -1.800000e+01 -1.347186e+01
      vertex -2.091311e+01  2.300000e+01 -1.347186e+01
    endloop
  endfacet
  facet normal -5.877856e-01  0.000000e+00  8.090168e-01
    outer loop
      vertex -2.091311e+01  2.300000e+01 -1.347186e+01
      vertex -2.091311e+01 -1.800000e+01 -1.347186e+01
      vertex -1.999550e+01 -1.800000e+01 -1.280517e+01
    endloop
  endfacet
  facet normal -5.877856e-01  0.000000e+00  8.090168e-01
    outer loop
      vertex -2.091311e+01  2.300000e+01 -1.347186e+01
      vertex -1.999550e+01 -1.800000e+01 -1.280517e+01
      vertex -1.999550e+01  2.300000e+01 -1.280517e+01
    endloop
  endfacet
  facet normal -6.427877e-01  0.000000e+00  7.660444e-01
    outer loop
      vertex -1.999550e+01  2.300000e+01 -1.280517e+01
      vertex -1.999550e+01 -1.800000e+01 -1.280517e+01
      vertex -1.912663e+01 -1.800000e+01 -1.207610e+01
    endloop
  endfacet
  facet normal -6.427877e-01  0.000000e+00  7.660444e-01
    outer loop
      vertex -1.999550e+01  2.300000e+01 -1.280517e+01
      vertex -1.912663e+01 -1.800000e+01 -1.207610e+01
      vertex -1.912663e+01  2.300000e+01 -1.207610e+01
    endloop
  endfacet
  facet normal -6.946585e-01  0.000000e+00  7.193397e-01
    outer loop
      vertex -1.912663e+01  2.300000e+01 -1.207610e+01
      vertex -1.912663e+01 -1.800000e+01 -1.207610e+01
      vertex -1.831073e+01 -1.800000e+01 -1.128820e+01
    endloop
  endfacet
  facet normal -6.946585e-01  0.000000e+00  7.193397e-01
    outer loop
      vertex -1.912663e+01  2.300000e+01 -1.207610e+01
      vertex -1.831073e+01 -1.800000e+01 -1.128820e+01
      vertex -1.831073e+01  2.300000e+01 -1.128820e+01
    endloop
  endfacet
  facet normal -7.431446e-01  0.000000e+00  6.691308e-01
    outer loop
      vertex -1.831073e+01  2.300000e+01 -1.128820e+01
      vertex -1.831073e+01 -1.800000e+01 -1.128820e+01
      vertex -1.755178e+01 -1.800000e+01 -1.044530e+01
    endloop
  endfacet
  facet normal -7.431446e-01  0.000000e+00  6.691308e-01
    outer loop
      vertex -1.831073e+01  2.300000e+01 -1.128820e+01
      vertex -1.755178e+01 -1.800000e+01 -1.044530e+01
      vertex -1.755178e+01  2.300000e+01 -1.044530e+01
    endloop
  endfacet
  facet normal -7.880107e-01  0.000000e+00  6.156614e-01
    outer loop
      vertex -1.755178e+01  2.300000e+01 -1.044530e+01
      vertex -1.755178e+01 -1.800000e+01 -1.044530e+01
      vertex -1.685347e+01 -1.800000e+01 -9.551511e+00
    endloop
  endfacet
  facet normal -7.880107e-01  0.000000e+00  6.156614e-01
    outer loop
      vertex -1.755178e+01  2.300000e+01 -1.044530e+01
      vertex -1.685347e+01 -1.800000e+01 -9.551511e+00
      vertex -1.685347e+01  2.300000e+01 -9.551511e+00
    endloop
  endfacet
  facet normal -8.290381e-01  0.000000e+00  5.591921e-01
    outer loop
      vertex -1.685347e+01  2.300000e+01 -9.551511e+00
      vertex -1.685347e+01 -1.800000e+01 -9.551511e+00
      vertex -1.621922e+01 -1.800000e+01 -8.611188e+00
    endloop
  endfacet
  facet normal -8.290381e-01  0.000000e+00  5.591921e-01
    outer loop
      vertex -1.685347e+01  2.300000e+01 -9.551511e+00
      vertex -1.621922e+01 -1.800000e+01 -8.611188e+00
      vertex -1.621922e+01  2.300000e+01 -8.611188e+00
    endloop
  endfacet
  facet normal -8.660251e-01  0.000000e+00  5.000006e-01
    outer loop
      vertex -1.621922e+01  2.300000e+01 -8.611188e+00
      vertex -1.621922e+01 -1.800000e+01 -8.611188e+00
      vertex -1.565210e+01 -1.800000e+01 -7.628913e+00
    endloop
  endfacet
  facet normal -8.660251e-01  0.000000e+00  5.000006e-01
    outer loop
      vertex -1.621922e+01  2.300000e+01 -8.611188e+00
      vertex -1.565210e+01 -1.800000e+01 -7.628913e+00
      vertex -1.565210e+01  2.300000e+01 -7.628913e+00
    endloop
  endfacet
  facet normal -8.987941e-01  0.000000e+00  4.383711e-01
    outer loop
      vertex -1.565210e+01  2.300000e+01 -7.628913e+00
      vertex -1.565210e+01 -1.800000e+01 -7.628913e+00
      vertex -1.515489e+01 -1.800000e+01 -6.609470e+00
    endloop
  endfacet
  facet normal -8.987941e-01  0.000000e+00  4.383711e-01
    outer loop
      vertex -1.565210e+01  2.300000e+01 -7.628913e+00
      vertex -1.515489e+01 -1.800000e+01 -6.609470e+00
      vertex -1.515489e+01  2.300000e+01 -6.609470e+00
    endloop
  endfacet
  facet normal -9.271838e-01  0.000000e+00  3.746067e-01
    outer loop
      vertex -1.515489e+01  2.300000e+01 -6.609470e+00
      vertex -1.515489e+01 -1.800000e+01 -6.609470e+00
      vertex -1.472999e+01 -1.800000e+01 -5.557827e+00
    endloop
  endfacet
  facet normal -9.271838e-01  0.000000e+00  3.746067e-01
    outer loop
      vertex -1.515489e+01  2.300000e+01 -6.609470e+00
      vertex -1.472999e+01 -1.800000e+01 -5.557827e+00
      vertex -1.472999e+01  2.300000e+01 -5.557827e+00
    endloop
  endfacet
  facet normal -9.510567e-01  0.000000e+00  3.090168e-01
    outer loop
      vertex -1.472999e+01  2.300000e+01 -5.557827e+00
      vertex -1.472999e+01 -1.800000e+01 -5.557827e+00
      vertex -1.437950e+01 -1.800000e+01 -4.479107e+00
    endloop
  endfacet
  facet normal -9.510567e-01  0.000000e+00  3.090168e-01
    outer loop
      vertex -1.472999e+01  2.300000e+01 -5.557827e+00
      vertex -1.437950e+01 -1.800000e+01 -4.479107e+00
      vertex -1.437950e+01  2.300000e+01 -4.479107e+00
    endloop
  endfacet
  facet normal -9.702957e-01  0.000000e+00  2.419219e-01
    outer loop
      vertex -1.437950e+01  2.300000e+01 -4.479107e+00
      vertex -1.437950e+01 -1.800000e+01 -4.479107e+00
      vertex -1.410510e+01 -1.800000e+01 -3.378565e+00
    endloop
  endfacet
  facet normal -9.702957e-01  0.000000e+00  2.419219e-01
    outer loop
      vertex -1.437950e+01  2.300000e+01 -4.479107e+00
      vertex -1.410510e+01 -1.800000e+01 -3.378565e+00
      vertex -1.410510e+01  2.300000e+01 -3.378565e+00
    endloop
  endfacet
  facet normal -9.848078e-01  0.000000e+00  1.736481e-01
    outer loop
      vertex -1.410510e+01  2.300000e+01 -3.378565e+00
      vertex -1.410510e+01 -1.800000e+01 -3.378565e+00
      vertex -1.390814e+01 -1.800000e+01 -2.261563e+00
    endloop
  endfacet
  facet normal -9.848078e-01  0.000000e+00  1.736481e-01
    outer loop
      vertex -1.410510e+01  2.300000e+01 -3.378565e+00
      vertex -1.390814e+01 -1.800000e+01 -2.261563e+00
      vertex -1.390814e+01  2.300000e+01 -2.261563e+00
    endloop
  endfacet
  facet normal -9.945219e-01  0.000000e+00  1.045286e-01
    outer loop
      vertex -1.390814e+01  2.300000e+01 -2.261563e+00
      vertex -1.390814e+01 -1.800000e+01 -2.261563e+00
      vertex -1.378958e+01 -1.800000e+01 -1.133543e+00
    endloop
  endfacet
  facet normal -9.945219e-01  0.000000e+00  1.045286e-01
    outer loop
      vertex -1.390814e+01  2.300000e+01 -2.261563e+00
      vertex -1.378958e+01 -1.800000e+01 -1.133543e+00
      vertex -1.378958e+01  2.300000e+01 -1.133543e+00
    endloop
  endfacet
  facet normal -9.993908e-01  0.000000e+00  3.489947e-02
    outer loop
      vertex -1.378958e+01  2.300000e+01 -1.133543e+00
      vertex -1.378958e+01 -1.800000e+01 -1.133543e+00
      vertex -1.375000e+01 -1.800000e+01  0.000000e+00
    endloop
  endfacet
  facet normal -9.993908e-01  0.000000e+00  3.489947e-02
    outer loop
      vertex -1.378958e+01  2.300000e+01 -1.133543e+00
      vertex -1.375000e+01 -1.800000e+01  0.000000e+00
      vertex -1.375000e+01  2.300000e+01  0.000000e+00
    endloop
  endfacet
  facet normal -6.975697e-02  0.000000e+00  9.975640e-01
    outer loop
      vertex -2.830141e+01 -1.800000e+01 -1.616098e+01
      vertex -2.943288e+01  2.300000e+01 -1.624010e+01
      vertex -2.943288e+01 -1.800000e+01 -1.624010e+01
    endloop
  endfacet
  facet normal  0.000000e+00  -0.000000e+00  1.000000e+00
    outer loop
      vertex -2.943288e+01 -1.800000e+01 -1.624010e+01
      vertex -2.943288e+01  2.300000e+01 -1.624010e+01
      vertex -3.056712e+01  2.300000e+01 -1.624010e+01
    endloop
  endfacet
  facet normal  0.000000e+00  0.000000e+00  1.000000e+00
    outer loop
      vertex -2.943288e+01 -1.800000e+01 -1.624010e+01
      vertex -3.056712e+01  2.300000e+01 -1.624010e+01
      vertex -3.056712e+01 -1.800000e+01 -1.624010e+01
    endloop
  endfacet
  facet normal  6.975697e-02  -0.000000e+00  9.975640e-01
    outer loop
      vertex -3.056712e+01 -1.800000e+01 -1.624010e+01
      vertex -3.056712e+01  2.300000e+01 -1.624010e+01
      vertex -3.169859e+01  2.300000e+01 -1.616098e+01
    endloop
  endfacet
  facet normal  6.975697e-02  0.000000e+00  9.975640e-01
    outer loop
      vertex -3.056712e+01 -1.800000e+01 -1.624010e+01
      vertex -3.169859e+01  2.300000e+01 -1.616098e+01
      vertex -3.169859e+01 -1.800000e+01 -1.616098e+01
    endloop
  endfacet
  facet normal  1.391727e-01  -0.000000e+00  9.902682e-01
    outer loop
      vertex -3.169859e+01 -1.800000e+01 -1.616098e+01
      vertex -3.169859e+01  2.300000e+01 -1.616098e+01
      vertex -3.282178e+01  2.300000e+01 -1.600313e+01
    endloop
  endfacet
  facet normal  1.391727e-01  0.000000e+00  9.902682e-01
    outer loop
      vertex -3.169859e+01 -1.800000e+01 -1.616098e+01
      vertex -3.282178e+01  2.300000e+01 -1.600313e+01
      vertex -3.282178e+01 -1.800000e+01 -1.600313e+01
    endloop
  endfacet
  facet normal  2.079114e-01  -0.000000e+00  9.781477e-01
    outer loop
      vertex -3.282178e+01 -1.800000e+01 -1.600313e+01
      vertex -3.282178e+01  2.300000e+01 -1.600313e+01
      vertex -3.393123e+01  2.300000e+01 -1.576731e+01
    endloop
  endfacet
  facet normal  2.079114e-01  0.000000e+00  9.781477e-01
    outer loop
      vertex -3.282178e+01 -1.800000e+01 -1.600313e+01
      vertex -3.393123e+01  2.300000e+01 -1.576731e+01
      vertex -3.393123e+01 -1.800000e+01 -1.576731e+01
    endloop
  endfacet
  facet normal  2.756379e-01  -0.000000e+00  9.612616e-01
    outer loop
      vertex -3.393123e+01 -1.800000e+01 -1.576731e+01
      vertex -3.393123e+01  2.300000e+01 -1.576731e+01
      vertex -3.502153e+01  2.300000e+01 -1.545467e+01
    endloop
  endfacet
  facet normal  2.756379e-01  0.000000e+00  9.612616e-01
    outer loop
      vertex -3.393123e+01 -1.800000e+01 -1.576731e+01
      vertex -3.502153e+01  2.300000e+01 -1.545467e+01
      vertex -3.502153e+01 -1.800000e+01 -1.545467e+01
    endloop
  endfacet
  facet normal  3.420205e-01  -0.000000e+00  9.396925e-01
    outer loop
      vertex -3.502153e+01 -1.800000e+01 -1.545467e+01
      vertex -3.502153e+01  2.300000e+01 -1.545467e+01
      vertex -3.608736e+01  2.300000e+01 -1.506674e+01
    endloop
  endfacet
  facet normal  3.420205e-01  0.000000e+00  9.396925e-01
    outer loop
      vertex -3.502153e+01 -1.800000e+01 -1.545467e+01
      vertex -3.608736e+01  2.300000e+01 -1.506674e+01
      vertex -3.608736e+01 -1.800000e+01 -1.506674e+01
    endloop
  endfacet
  facet normal  4.067363e-01  -0.000000e+00  9.135455e-01
    outer loop
      vertex -3.608736e+01 -1.800000e+01 -1.506674e+01
      vertex -3.608736e+01  2.300000e+01 -1.506674e+01
      vertex -3.712353e+01  2.300000e+01 -1.460540e+01
    endloop
  endfacet
  facet normal  4.067363e-01  0.000000e+00  9.135455e-01
    outer loop
      vertex -3.608736e+01 -1.800000e+01 -1.506674e+01
      vertex -3.712353e+01  2.300000e+01 -1.460540e+01
      vertex -3.712353e+01 -1.800000e+01 -1.460540e+01
    endloop
  endfacet
  facet normal  4.694712e-01  -0.000000e+00  8.829477e-01
    outer loop
      vertex -3.712353e+01 -1.800000e+01 -1.460540e+01
      vertex -3.712353e+01  2.300000e+01 -1.460540e+01
      vertex -3.812500e+01  2.300000e+01 -1.407291e+01
    endloop
  endfacet
  facet normal  4.694712e-01  0.000000e+00  8.829477e-01
    outer loop
      vertex -3.712353e+01 -1.800000e+01 -1.460540e+01
      vertex -3.812500e+01  2.300000e+01 -1.407291e+01
      vertex -3.812500e+01 -1.800000e+01 -1.407291e+01
    endloop
  endfacet
  facet normal  5.299197e-01  -0.000000e+00  8.480478e-01
    outer loop
      vertex -3.812500e+01 -1.800000e+01 -1.407291e+01
      vertex -3.812500e+01  2.300000e+01 -1.407291e+01
      vertex -3.908688e+01  2.300000e+01 -1.347186e+01
    endloop
  endfacet
  facet normal  5.299197e-01  0.000000e+00  8.480478e-01
    outer loop
      vertex -3.812500e+01 -1.800000e+01 -1.407291e+01
      vertex -3.908688e+01  2.300000e+01 -1.347186e+01
      vertex -3.908688e+01 -1.800000e+01 -1.347186e+01
    endloop
  endfacet
  facet normal  5.877856e-01  -0.000000e+00  8.090168e-01
    outer loop
      vertex -3.908688e+01 -1.800000e+01 -1.347186e+01
      vertex -3.908688e+01  2.300000e+01 -1.347186e+01
      vertex -4.000450e+01  2.300000e+01 -1.280517e+01
    endloop
  endfacet
  facet normal  5.877856e-01  0.000000e+00  8.090168e-01
    outer loop
      vertex -3.908688e+01 -1.800000e+01 -1.347186e+01
      vertex -4.000450e+01  2.300000e+01 -1.280517e+01
      vertex -4.000450e+01 -1.800000e+01 -1.280517e+01
    endloop
  endfacet
  facet normal  6.427877e-01  -0.000000e+00  7.660444e-01
    outer loop
      vertex -4.000450e+01 -1.800000e+01 -1.280517e+01
      vertex -4.000450e+01  2.300000e+01 -1.280517e+01
      vertex -4.087337e+01  2.300000e+01 -1.207610e+01
    endloop
  endfacet
  facet normal  6.427877e-01  0.000000e+00  7.660444e-01
    outer loop
      vertex -4.000450e+01 -1.800000e+01 -1.280517e+01
      vertex -4.087337e+01  2.300000e+01 -1.207610e+01
      vertex -4.087337e+01 -1.800000e+01 -1.207610e+01
    endloop
  endfacet
  facet normal  6.946585e-01  -0.000000e+00  7.193397e-01
    outer loop
      vertex -4.087337e+01 -1.800000e+01 -1.207610e+01
      vertex -4.087337e+01  2.300000e+01 -1.207610e+01
      vertex -4.168927e+01  2.300000e+01 -1.128820e+01
    endloop
  endfacet
  facet normal  6.946585e-01  0.000000e+00  7.193397e-01
    outer loop
      vertex -4.087337e+01 -1.800000e+01 -1.207610e+01
      vertex -4.168927e+01  2.300000e+01 -1.128820e+01
      vertex -4.168927e+01 -1.800000e+01 -1.128820e+01
    endloop
  endfacet
  facet normal  7.431438e-01  -0.000000e+00  6.691317e-01
    outer loop
      vertex -4.168927e+01 -1.800000e+01 -1.128820e+01
      vertex -4.168927e+01  2.300000e+01 -1.128820e+01
      vertex -4.244822e+01  2.300000e+01 -1.044530e+01
    endloop
  endfacet
  facet normal  7.431438e-01  0.000000e+00  6.691317e-01
    outer loop
      vertex -4.168927e+01 -1.800000e+01 -1.128820e+01
      vertex -4.244822e+01  2.300000e+01 -1.044530e+01
      vertex -4.244822e+01 -1.800000e+01 -1.044530e+01
    endloop
  endfacet
  facet normal  7.880107e-01  -0.000000e+00  6.156614e-01
    outer loop
      vertex -4.244822e+01 -1.800000e+01 -1.044530e+01
      vertex -4.244822e+01  2.300000e+01 -1.044530e+01
      vertex -4.314653e+01  2.300000e+01 -9.551511e+00
    endloop
  endfacet
  facet normal  7.880107e-01  0.000000e+00  6.156614e-01
    outer loop
      vertex -4.244822e+01 -1.800000e+01 -1.044530e+01
      vertex -4.314653e+01  2.300000e+01 -9.551511e+00
      vertex -4.314653e+01 -1.800000e+01 -9.551511e+00
    endloop
  endfacet
  facet normal  8.290381e-01  -0.000000e+00  5.591921e-01
    outer loop
      vertex -4.314653e+01 -1.800000e+01 -9.551511e+00
      vertex -4.314653e+01  2.300000e+01 -9.551511e+00
      vertex -4.378078e+01  2.300000e+01 -8.611188e+00
    endloop
  endfacet
  facet normal  8.290381e-01  0.000000e+00  5.591921e-01
    outer loop
      vertex -4.314653e+01 -1.800000e+01 -9.551511e+00
      vertex -4.378078e+01  2.300000e+01 -8.611188e+00
      vertex -4.378078e+01 -1.800000e+01 -8.611188e+00
    endloop
  endfacet
  facet normal  8.660257e-01  -0.000000e+00  4.999993e-01
    outer loop
      vertex -4.378078e+01 -1.800000e+01 -8.611188e+00
      vertex -4.378078e+01  2.300000e+01 -8.611188e+00
      vertex -4.434790e+01  2.300000e+01 -7.628913e+00
    endloop
  endfacet
  facet normal  8.660257e-01  0.000000e+00  4.999993e-01
    outer loop
      vertex -4.378078e+01 -1.800000e+01 -8.611188e+00
      vertex -4.434790e+01  2.300000e+01 -7.628913e+00
      vertex -4.434790e+01 -1.800000e+01 -7.628913e+00
    endloop
  endfacet
  facet normal  8.987941e-01  -0.000000e+00  4.383711e-01
    outer loop
      vertex -4.434790e+01 -1.800000e+01 -7.628913e+00
      vertex -4.434790e+01  2.300000e+01 -7.628913e+00
      vertex -4.484511e+01  2.300000e+01 -6.609470e+00
    endloop
  endfacet
  facet normal  8.987941e-01  0.000000e+00  4.383711e-01
    outer loop
      vertex -4.434790e+01 -1.800000e+01 -7.628913e+00
      vertex -4.484511e+01  2.300000e+01 -6.609470e+00
      vertex -4.484511e+01 -1.800000e+01 -6.609470e+00
    endloop
  endfacet
  facet normal  9.271836e-01  -0.000000e+00  3.746074e-01
    outer loop
      vertex -4.484511e+01 -1.800000e+01 -6.609470e+00
      vertex -4.484511e+01  2.300000e+01 -6.609470e+00
      vertex -4.527000e+01  2.300000e+01 -5.557827e+00
    endloop
  endfacet
  facet normal  9.271836e-01  0.000000e+00  3.746074e-01
    outer loop
      vertex -4.484511e+01 -1.800000e+01 -6.609470e+00
      vertex -4.527000e+01  2.300000e+01 -5.557827e+00
      vertex -4.527000e+01 -1.800000e+01 -5.557827e+00
    endloop
  endfacet
  facet normal  9.510564e-01  -0.000000e+00  3.090175e-01
    outer loop
      vertex -4.527000e+01 -1.800000e+01 -5.557827e+00
      vertex -4.527000e+01  2.300000e+01 -5.557827e+00
      vertex -4.562050e+01  2.300000e+01 -4.479107e+00
    endloop
  endfacet
  facet normal  9.510564e-01  0.000000e+00  3.090175e-01
    outer loop
      vertex -4.527000e+01 -1.800000e+01 -5.557827e+00
      vertex -4.562050e+01  2.300000e+01 -4.479107e+00
      vertex -4.562050e+01 -1.800000e+01 -4.479107e+00
    endloop
  endfacet
  facet normal  9.702959e-01  -0.000000e+00  2.419211e-01
    outer loop
      vertex -4.562050e+01 -1.800000e+01 -4.479107e+00
      vertex -4.562050e+01  2.300000e+01 -4.479107e+00
      vertex -4.589490e+01  2.300000e+01 -3.378565e+00
    endloop
  endfacet
  facet normal  9.702959e-01  0.000000e+00  2.419211e-01
    outer loop
      vertex -4.562050e+01 -1.800000e+01 -4.479107e+00
      vertex -4.589490e+01  2.300000e+01 -3.378565e+00
      vertex -4.589490e+01 -1.800000e+01 -3.378565e+00
    endloop
  endfacet
  facet normal  9.848073e-01  -0.000000e+00  1.736506e-01
    outer loop
      vertex -4.589490e+01 -1.800000e+01 -3.378565e+00
      vertex -4.589490e+01  2.300000e+01 -3.378565e+00
      vertex -4.609186e+01  2.300000e+01 -2.261563e+00
    endloop
  endfacet
  facet normal  9.848073e-01  0.000000e+00  1.736506e-01
    outer loop
      vertex -4.589490e+01 -1.800000e+01 -3.378565e+00
      vertex -4.609186e+01  2.300000e+01 -2.261563e+00
      vertex -4.609186e+01 -1.800000e+01 -2.261563e+00
    endloop
  endfacet
  facet normal  9.945220e-01  -0.000000e+00  1.045261e-01
    outer loop
      vertex -4.609186e+01 -1.800000e+01 -2.261563e+00
      vertex -4.609186e+01  2.300000e+01 -2.261563e+00
      vertex -4.621041e+01  2.300000e+01 -1.133543e+00
    endloop
  endfacet
  facet normal  9.945220e-01  0.000000e+00  1.045261e-01
    outer loop
      vertex -4.609186e+01 -1.800000e+01 -2.261563e+00
      vertex -4.621041e+01  2.300000e+01 -1.133543e+00
      vertex -4.621041e+01 -1.800000e+01 -1.133543e+00
    endloop
  endfacet
  facet normal  9.993908e-01  -0.000000e+00  3.490032e-02
    outer loop
      vertex -4.621041e+01 -1.800000e+01 -1.133543e+00
      vertex -4.621041e+01  2.300000e+01 -1.133543e+00
      vertex -4.625000e+01  2.300000e+01  1.990051e-15
    endloop
  endfacet
  facet normal  9.993908e-01  0.000000e+00  3.490032e-02
    outer loop
      vertex -4.621041e+01 -1.800000e+01 -1.133543e+00
      vertex -4.625000e+01  2.300000e+01  1.990051e-15
      vertex -4.625000e+01 -1.800000e+01  1.990051e-15
    endloop
  endfacet
  facet normal  6.975697e-02  0.000000e+00  9.975640e-01
    outer loop
      vertex  2.943288e+01 -2.300000e+01 -1.624010e+01
      vertex  2.830141e+01  2.300000e+01 -1.616098e+01
      vertex  2.830141e+01 -2.300000e+01 -1.616098e+01
    endloop
  endfacet
  facet normal  1.391724e-01  -0.000000e+00  9.902682e-01
    outer loop
      vertex  2.830141e+01 -2.300000e+01 -1.616098e+01
      vertex  2.830141e+01  2.300000e+01 -1.616098e+01
      vertex  2.717822e+01  2.300000e+01 -1.600313e+01
    endloop
  endfacet
  facet normal  1.391724e-01  0.000000e+00  9.902682e-01
    outer loop
      vertex  2.830141e+01 -2.300000e+01 -1.616098e+01
      vertex  2.717822e+01  2.300000e+01 -1.600313e+01
      vertex  2.717822e+01 -2.300000e+01 -1.600313e+01
    endloop
  endfacet
  facet normal  2.079120e-01  -0.000000e+00  9.781475e-01
    outer loop
      vertex  2.717822e+01 -2.300000e+01 -1.600313e+01
      vertex  2.717822e+01  2.300000e+01 -1.600313e+01
      vertex  2.606877e+01  2.300000e+01 -1.576731e+01
    endloop
  endfacet
  facet normal  2.079120e-01  0.000000e+00  9.781475e-01
    outer loop
      vertex  2.717822e+01 -2.300000e+01 -1.600313e+01
      vertex  2.606877e+01  2.300000e+01 -1.576731e+01
      vertex  2.606877e+01 -2.300000e+01 -1.576731e+01
    endloop
  endfacet
  facet normal  2.756374e-01  -0.000000e+00  9.612617e-01
    outer loop
      vertex  2.606877e+01 -2.300000e+01 -1.576731e+01
      vertex  2.606877e+01  2.300000e+01 -1.576731e+01
      vertex  2.497847e+01  2.300000e+01 -1.545467e+01
    endloop
  endfacet
  facet normal  2.756374e-01  0.000000e+00  9.612617e-01
    outer loop
      vertex  2.606877e+01 -2.300000e+01 -1.576731e+01
      vertex  2.497847e+01  2.300000e+01 -1.545467e+01
      vertex  2.497847e+01 -2.300000e+01 -1.545467e+01
    endloop
  endfacet
  facet normal  3.420205e-01  -0.000000e+00  9.396925e-01
    outer loop
      vertex  2.497847e+01 -2.300000e+01 -1.545467e+01
      vertex  2.497847e+01  2.300000e+01 -1.545467e+01
      vertex  2.391264e+01  2.300000e+01 -1.506674e+01
    endloop
  endfacet
  facet normal  3.420205e-01  0.000000e+00  9.396925e-01
    outer loop
      vertex  2.497847e+01 -2.300000e+01 -1.545467e+01
      vertex  2.391264e+01  2.300000e+01 -1.506674e+01
      vertex  2.391264e+01 -2.300000e+01 -1.506674e+01
    endloop
  endfacet
  facet normal  4.067363e-01  -0.000000e+00  9.135456e-01
    outer loop
      vertex  2.391264e+01 -2.300000e+01 -1.506674e+01
      vertex  2.391264e+01  2.300000e+01 -1.506674e+01
      vertex  2.287647e+01  2.300000e+01 -1.460540e+01
    endloop
  endfacet
  facet normal  4.067363e-01  0.000000e+00  9.135456e-01
    outer loop
      vertex  2.391264e+01 -2.300000e+01 -1.506674e+01
      vertex  2.287647e+01  2.300000e+01 -1.460540e+01
      vertex  2.287647e+01 -2.300000e+01 -1.460540e+01
    endloop
  endfacet
  facet normal  4.694712e-01  -0.000000e+00  8.829478e-01
    outer loop
      vertex  2.287647e+01 -2.300000e+01 -1.460540e+01
      vertex  2.287647e+01  2.300000e+01 -1.460540e+01
      vertex  2.187500e+01  2.300000e+01 -1.407291e+01
    endloop
  endfacet
  facet normal  4.694712e-01  0.000000e+00  8.829478e-01
    outer loop
      vertex  2.287647e+01 -2.300000e+01 -1.460540e+01
      vertex  2.187500e+01  2.300000e+01 -1.407291e+01
      vertex  2.187500e+01 -2.300000e+01 -1.407291e+01
    endloop
  endfacet
  facet normal  5.299190e-01  -0.000000e+00  8.480483e-01
    outer loop
      vertex  2.187500e+01 -2.300000e+01 -1.407291e+01
      vertex  2.187500e+01  2.300000e+01 -1.407291e+01
      vertex  2.091311e+01  2.300000e+01 -1.347186e+01
    endloop
  endfacet
  facet normal  5.299190e-01  0.000000e+00  8.480483e-01
    outer loop
      vertex  2.187500e+01 -2.300000e+01 -1.407291e+01
      vertex  2.091311e+01  2.300000e+01 -1.347186e+01
      vertex  2.091311e+01 -2.300000e+01 -1.347186e+01
    endloop
  endfacet
  facet normal  5.877856e-01  -0.000000e+00  8.090169e-01
    outer loop
      vertex  2.091311e+01 -2.300000e+01 -1.347186e+01
      vertex  2.091311e+01  2.300000e+01 -1.347186e+01
      vertex  1.999550e+01  2.300000e+01 -1.280517e+01
    endloop
  endfacet
  facet normal  5.877856e-01  0.000000e+00  8.090169e-01
    outer loop
      vertex  2.091311e+01 -2.300000e+01 -1.347186e+01
      vertex  1.999550e+01  2.300000e+01 -1.280517e+01
      vertex  1.999550e+01 -2.300000e+01 -1.280517e+01
    endloop
  endfacet
  facet normal  6.427876e-01  -0.000000e+00  7.660444e-01
    outer loop
      vertex  1.999550e+01 -2.300000e+01 -1.280517e+01
      vertex  1.999550e+01  2.300000e+01 -1.280517e+01
      vertex  1.912663e+01  2.300000e+01 -1.207610e+01
    endloop
  endfacet
  facet normal  6.427876e-01  0.000000e+00  7.660444e-01
    outer loop
      vertex  1.999550e+01 -2.300000e+01 -1.280517e+01
      vertex  1.912663e+01  2.300000e+01 -1.207610e+01
      vertex  1.912663e+01 -2.300000e+01 -1.207610e+01
    endloop
  endfacet
  facet normal  6.946585e-01  -0.000000e+00  7.193396e-01
    outer loop
      vertex  1.912663e+01 -2.300000e+01 -1.207610e+01
      vertex  1.912663e+01  2.300000e+01 -1.207610e+01
      vertex  1.831073e+01  2.300000e+01 -1.128820e+01
    endloop
  endfacet
  facet normal  6.946585e-01  0.000000e+00  7.193396e-01
    outer loop
      vertex  1.912663e+01 -2.300000e+01 -1.207610e+01
      vertex  1.831073e+01  2.300000e+01 -1.128820e+01
      vertex  1.831073e+01 -2.300000e+01 -1.128820e+01
    endloop
  endfacet
  facet normal  7.431447e-01  -0.000000e+00  6.691308e-01
    outer loop
      vertex  1.831073e+01 -2.300000e+01 -1.128820e+01
      vertex  1.831073e+01  2.300000e+01 -1.128820e+01
      vertex  1.755178e+01  2.300000e+01 -1.044530e+01
    endloop
  endfacet
  facet normal  7.431447e-01  0.000000e+00  6.691308e-01
    outer loop
      vertex  1.831073e+01 -2.300000e+01 -1.128820e+01
      vertex  1.755178e+01  2.300000e+01 -1.044530e+01
      vertex  1.755178e+01 -2.300000e+01 -1.044530e+01
    endloop
  endfacet
  facet normal  7.880108e-01  -0.000000e+00  6.156614e-01
    outer loop
      vertex  1.755178e+01 -2.300000e+01 -1.044530e+01
      vertex  1.755178e+01  2.300000e+01 -1.044530e+01
      vertex  1.685347e+01  2.300000e+01 -9.551511e+00
    endloop
  endfacet
  facet normal  7.880108e-01  0.000000e+00  6.156614e-01
    outer loop
      vertex  1.755178e+01 -2.300000e+01 -1.044530e+01
      vertex  1.685347e+01  2.300000e+01 -9.551511e+00
      vertex  1.685347e+01 -2.300000e+01 -9.551511e+00
    endloop
  endfacet
  facet normal  8.290381e-01  -0.000000e+00  5.591921e-01
    outer loop
      vertex  1.685347e+01 -2.300000e+01 -9.551511e+00
      vertex  1.685347e+01  2.300000e+01 -9.551511e+00
      vertex  1.621922e+01  2.300000e+01 -8.611188e+00
    endloop
  endfacet
  facet normal  8.290381e-01  0.000000e+00  5.591921e-01
    outer loop
      vertex  1.685347e+01 -2.300000e+01 -9.551511e+00
      vertex  1.621922e+01  2.300000e+01 -8.611188e+00
      vertex  1.621922e+01 -2.300000e+01 -8.611188e+00
    endloop
  endfacet
  facet normal  8.660250e-01  -0.000000e+00  5.000006e-01
    outer loop
      vertex  1.621922e+01 -2.300000e+01 -8.611188e+00
      vertex  1.621922e+01  2.300000e+01 -8.611188e+00
      vertex  1.565210e+01  2.300000e+01 -7.628913e+00
    endloop
  endfacet
  facet normal  8.660250e-01  0.000000e+00  5.000006e-01
    outer loop
      vertex  1.621922e+01 -2.300000e+01 -8.611188e+00
      vertex  1.565210e+01  2.300000e+01 -7.628913e+00
      vertex  1.565210e+01 -2.300000e+01 -7.628913e+00
    endloop
  endfacet
  facet normal  8.987940e-01  -0.000000e+00  4.383711e-01
    outer loop
      vertex  1.565210e+01 -2.300000e+01 -7.628913e+00
      vertex  1.565210e+01  2.300000e+01 -7.628913e+00
      vertex  1.515489e+01  2.300000e+01 -6.609470e+00
    endloop
  endfacet
  facet normal  8.987940e-01  0.000000e+00  4.383711e-01
    outer loop
      vertex  1.565210e+01 -2.300000e+01 -7.628913e+00
      vertex  1.515489e+01  2.300000e+01 -6.609470e+00
      vertex  1.515489e+01 -2.300000e+01 -6.609470e+00
    endloop
  endfacet
  facet normal  9.271838e-01  -0.000000e+00  3.746067e-01
    outer loop
      vertex  1.515489e+01 -2.300000e+01 -6.609470e+00
      vertex  1.515489e+01  2.300000e+01 -6.609470e+00
      vertex  1.472999e+01  2.300000e+01 -5.557827e+00
    endloop
  endfacet
  facet normal  9.271838e-01  0.000000e+00  3.746067e-01
    outer loop
      vertex  1.515489e+01 -2.300000e+01 -6.609470e+00
      vertex  1.472999e+01  2.300000e+01 -5.557827e+00
      vertex  1.472999e+01 -2.300000e+01 -5.557827e+00
    endloop
  endfacet
  facet normal  9.510565e-01  -0.000000e+00  3.090167e-01
    outer loop
      vertex  1.472999e+01 -2.300000e+01 -5.557827e+00
      vertex  1.472999e+01  2.300000e+01 -5.557827e+00
      vertex  1.437950e+01  2.300000e+01 -4.479107e+00
    endloop
  endfacet
  facet normal  9.510565e-01  0.000000e+00  3.090167e-01
    outer loop
      vertex  1.472999e+01 -2.300000e+01 -5.557827e+00
      vertex  1.437950e+01  2.300000e+01 -4.479107e+00
      vertex  1.437950e+01 -2.300000e+01 -4.479107e+00
    endloop
  endfacet
  facet normal  9.702958e-01  -0.000000e+00  2.419219e-01
    outer loop
      vertex  1.437950e+01 -2.300000e+01 -4.479107e+00
      vertex  1.437950e+01  2.300000e+01 -4.479107e+00
      vertex  1.410510e+01  2.300000e+01 -3.378565e+00
    endloop
  endfacet
  facet normal  9.702958e-01  0.000000e+00  2.419219e-01
    outer loop
      vertex  1.437950e+01 -2.300000e+01 -4.479107e+00
      vertex  1.410510e+01  2.300000e+01 -3.378565e+00
      vertex  1.410510e+01 -2.300000e+01 -3.378565e+00
    endloop
  endfacet
  facet normal  9.848078e-01  -0.000000e+00  1.736481e-01
    outer loop
      vertex  1.410510e+01 -2.300000e+01 -3.378565e+00
      vertex  1.410510e+01  2.300000e+01 -3.378565e+00
      vertex  1.390814e+01  2.300000e+01 -2.261563e+00
    endloop
  endfacet
  facet normal  9.848078e-01  0.000000e+00  1.736481e-01
    outer loop
      vertex  1.410510e+01 -2.300000e+01 -3.378565e+00
      vertex  1.390814e+01  2.300000e+01 -2.261563e+00
      vertex  1.390814e+01 -2.300000e+01 -2.261563e+00
    endloop
  endfacet
  facet normal  9.945219e-01  -0.000000e+00  1.045286e-01
    outer loop
      vertex  1.390814e+01 -2.300000e+01 -2.261563e+00
      vertex  1.390814e+01  2.300000e+01 -2.261563e+00
      vertex  1.378958e+01  2.300000e+01 -1.133543e+00
    endloop
  endfacet
  facet normal  9.945219e-01  0.000000e+00  1.045286e-01
    outer loop
      vertex  1.390814e+01 -2.300000e+01 -2.261563e+00
      vertex  1.378958e+01  2.300000e+01 -1.133543e+00
      vertex  1.378958e+01 -2.300000e+01 -1.133543e+00
    endloop
  endfacet
  facet normal  9.993908e-01  -0.000000e+00  3.489948e-02
    outer loop
      vertex  1.378958e+01 -2.300000e+01 -1.133543e+00
      vertex  1.378958e+01  2.300000e+01 -1.133543e+00
      vertex  1.375000e+01  2.300000e+01 -8.213980e-14
    endloop
  endfacet
  facet normal  9.993908e-01  0.000000e+00  3.489948e-02
    outer loop
      vertex  1.378958e+01 -2.300000e+01 -1.133543e+00
      vertex  1.375000e+01  2.300000e+01 -8.213980e-14
      vertex  1.375000e+01 -2.300000e+01 -8.213980e-14
    endloop
  endfacet
  facet normal  6.975697e-02  -0.000000e+00  9.975640e-01
    outer loop
      vertex  2.830141e+01  2.300000e+01 -1.616098e+01
      vertex  2.943288e+01 -2.300000e+01 -1.624010e+01
      vertex  2.943288e+01  2.300000e+01 -1.624010e+01
    endloop
  endfacet
  facet normal  0.000000e+00  0.000000e+00  9.999999e-01
    outer loop
      vertex  2.943288e+01  2.300000e+01 -1.624010e+01
      vertex  2.943288e+01 -2.300000e+01 -1.624010e+01
      vertex  3.056712e+01 -2.300000e+01 -1.624010e+01
    endloop
  endfacet
  facet normal  0.000000e+00  -0.000000e+00  9.999999e-01
    outer loop
      vertex  2.943288e+01  2.300000e+01 -1.624010e+01
      vertex  3.056712e+01 -2.300000e+01 -1.624010e+01
      vertex  3.056712e+01  2.300000e+01 -1.624010e+01
    endloop
  endfacet
  facet normal -6.975697e-02  0.000000e+00  9.975640e-01
    outer loop
      vertex  3.056712e+01  2.300000e+01 -1.624010e+01
      vertex  3.056712e+01 -2.300000e+01 -1.624010e+01
      vertex  3.169859e+01 -2.300000e+01 -1.616098e+01
    endloop
  endfacet
  facet normal -6.975697e-02  0.000000e+00  9.975640e-01
    outer loop
      vertex  3.056712e+01  2.300000e+01 -1.624010e+01
      vertex  3.169859e+01 -2.300000e+01 -1.616098e+01
      vertex  3.169859e+01  2.300000e+01 -1.616098e+01
    endloop
  endfacet
  facet normal -1.391727e-01  0.000000e+00  9.902682e-01
    outer loop
      vertex  3.169859e+01  2.300000e+01 -1.616098e+01
      vertex  3.169859e+01 -2.300000e+01 -1.616098e+01
      vertex  3.282178e+01 -2.300000e+01 -1.600313e+01
    endloop
  endfacet
  facet normal -1.391727e-01  0.000000e+00  9.902682e-01
    outer loop
      vertex  3.169859e+01  2.300000e+01 -1.616098e+01
      vertex  3.282178e+01 -2.300000e+01 -1.600313e+01
      vertex  3.282178e+01  2.300000e+01 -1.600313e+01
    endloop
  endfacet
  facet normal -2.079114e-01  0.000000e+00  9.781476e-01
    outer loop
      vertex  3.282178e+01  2.300000e+01 -1.600313e+01
      vertex  3.282178e+01 -2.300000e+01 -1.600313e+01
      vertex  3.393123e+01 -2.300000e+01 -1.576731e+01
    endloop
  endfacet
  facet normal -2.079114e-01  0.000000e+00  9.781476e-01
    outer loop
      vertex  3.282178e+01  2.300000e+01 -1.600313e+01
      vertex  3.393123e+01 -2.300000e+01 -1.576731e+01
      vertex  3.393123e+01  2.300000e+01 -1.576731e+01
    endloop
  endfacet
  facet normal -2.756378e-01  0.000000e+00  9.612615e-01
    outer loop
      vertex  3.393123e+01  2.300000e+01 -1.576731e+01
      vertex  3.393123e+01 -2.300000e+01 -1.576731e+01
      vertex  3.502153e+01 -2.300000e+01 -1.545467e+01
    endloop
  endfacet
  facet normal -2.756378e-01  0.000000e+00  9.612615e-01
    outer loop
      vertex  3.393123e+01  2.300000e+01 -1.576731e+01
      vertex  3.502153e+01 -2.300000e+01 -1.545467e+01
      vertex  3.502153e+01  2.300000e+01 -1.545467e+01
    endloop
  endfacet
  facet normal -3.420205e-01  0.000000e+00  9.396925e-01
    outer loop
      vertex  3.502153e+01  2.300000e+01 -1.545467e+01
      vertex  3.502153e+01 -2.300000e+01 -1.545467e+01
      vertex  3.608736e+01 -2.300000e+01 -1.506674e+01
    endloop
  endfacet
  facet normal -3.420205e-01  0.000000e+00  9.396925e-01
    outer loop
      vertex  3.502153e+01  2.300000e+01 -1.545467e+01
      vertex  3.608736e+01 -2.300000e+01 -1.506674e+01
      vertex  3.608736e+01  2.300000e+01 -1.506674e+01
    endloop
  endfacet
  facet normal -4.067363e-01  0.000000e+00  9.135456e-01
    outer loop
      vertex  3.608736e+01  2.300000e+01 -1.506674e+01
      vertex  3.608736e+01 -2.300000e+01 -1.506674e+01
      vertex  3.712353e+01 -2.300000e+01 -1.460540e+01
    endloop
  endfacet
  facet normal -4.067363e-01  0.000000e+00  9.135456e-01
    outer loop
      vertex  3.608736e+01  2.300000e+01 -1.506674e+01
      vertex  3.712353e+01 -2.300000e+01 -1.460540e+01
      vertex  3.712353e+01  2.300000e+01 -1.460540e+01
    endloop
  endfacet
  facet normal -4.694712e-01  0.000000e+00  8.829478e-01
    outer loop
      vertex  3.712353e+01  2.300000e+01 -1.460540e+01
      vertex  3.712353e+01 -2.300000e+01 -1.460540e+01
      vertex  3.812500e+01 -2.300000e+01 -1.407291e+01
    endloop
  endfacet
  facet normal -4.694712e-01  0.000000e+00  8.829478e-01
    outer loop
      vertex  3.712353e+01  2.300000e+01 -1.460540e+01
      vertex  3.812500e+01 -2.300000e+01 -1.407291e+01
      vertex  3.812500e+01  2.300000e+01 -1.407291e+01
    endloop
  endfacet
  facet normal -5.299197e-01  0.000000e+00  8.480478e-01
    outer loop
      vertex  3.812500e+01  2.300000e+01 -1.407291e+01
      vertex  3.812500e+01 -2.300000e+01 -1.407291e+01
      vertex  3.908688e+01 -2.300000e+01 -1.347186e+01
    endloop
  endfacet
  facet normal -5.299197e-01  0.000000e+00  8.480478e-01
    outer loop
      vertex  3.812500e+01  2.300000e+01 -1.407291e+01
      vertex  3.908688e+01 -2.300000e+01 -1.347186e+01
      vertex  3.908688e+01  2.300000e+01 -1.347186e+01
    endloop
  endfacet
  facet normal -5.877856e-01  0.000000e+00  8.090169e-01
    outer loop
      vertex  3.908688e+01  2.300000e+01 -1.347186e+01
      vertex  3.908688e+01 -2.300000e+01 -1.347186e+01
      vertex  4.000450e+01 -2.300000e+01 -1.280517e+01
    endloop
  endfacet
  facet normal -5.877856e-01  0.000000e+00  8.090169e-01
    outer loop
      vertex  3.908688e+01  2.300000e+01 -1.347186e+01
      vertex  4.000450e+01 -2.300000e+01 -1.280517e+01
      vertex  4.000450e+01  2.300000e+01 -1.280517e+01
    endloop
  endfacet
  facet normal -6.427876e-01  0.000000e+00  7.660444e-01
    outer loop
      vertex  4.000450e+01  2.300000e+01 -1.280517e+01
      vertex  4.000450e+01 -2.300000e+01 -1.280517e+01
      vertex  4.087337e+01 -2.300000e+01 -1.207610e+01
    endloop
  endfacet
  facet normal -6.427876e-01  0.000000e+00  7.660444e-01
    outer loop
      vertex  4.000450e+01  2.300000e+01 -1.280517e+01
      vertex  4.087337e+01 -2.300000e+01 -1.207610e+01
      vertex  4.087337e+01  2.300000e+01 -1.207610e+01
    endloop
  endfacet
  facet normal -6.946585e-01  0.000000e+00  7.193396e-01
    outer loop
      vertex  4.087337e+01  2.300000e+01 -1.207610e+01
      vertex  4.087337e+01 -2.300000e+01 -1.207610e+01
      vertex  4.168927e+01 -2.300000e+01 -1.128820e+01
    endloop
  endfacet
  facet normal -6.946585e-01  0.000000e+00  7.193396e-01
    outer loop
      vertex  4.087337e+01  2.300000e+01 -1.207610e+01
      vertex  4.168927e+01 -2.300000e+01 -1.128820e+01
      vertex  4.168927e+01  2.300000e+01 -1.128820e+01
    endloop
  endfacet
  facet normal -7.431439e-01  0.000000e+00  6.691317e-01
    outer loop
      vertex  4.168927e+01  2.300000e+01 -1.128820e+01
      vertex  4.168927e+01 -2.300000e+01 -1.128820e+01
      vertex  4.244822e+01 -2.300000e+01 -1.044530e+01
    endloop
  endfacet
  facet normal -7.431439e-01  0.000000e+00  6.691317e-01
    outer loop
      vertex  4.168927e+01  2.300000e+01 -1.128820e+01
      vertex  4.244822e+01 -2.300000e+01 -1.044530e+01
      vertex  4.244822e+01  2.300000e+01 -1.044530e+01
    endloop
  endfacet
  facet normal -7.880108e-01  0.000000e+00  6.156614e-01
    outer loop
      vertex  4.244822e+01  2.300000e+01 -1.044530e+01
      vertex  4.244822e+01 -2.300000e+01 -1.044530e+01
      vertex  4.314653e+01 -2.300000e+01 -9.551511e+00
    endloop
  endfacet
  facet normal -7.880108e-01  0.000000e+00  6.156614e-01
    outer loop
      vertex  4.244822e+01  2.300000e+01 -1.044530e+01
      vertex  4.314653e+01 -2.300000e+01 -9.551511e+00
      vertex  4.314653e+01  2.300000e+01 -9.551511e+00
    endloop
  endfacet
  facet normal -8.290381e-01  0.000000e+00  5.591921e-01
    outer loop
      vertex  4.314653e+01  2.300000e+01 -9.551511e+00
      vertex  4.314653e+01 -2.300000e+01 -9.551511e+00
      vertex  4.378078e+01 -2.300000e+01 -8.611188e+00
    endloop
  endfacet
  facet normal -8.290381e-01  0.000000e+00  5.591921e-01
    outer loop
      vertex  4.314653e+01  2.300000e+01 -9.551511e+00
      vertex  4.378078e+01 -2.300000e+01 -8.611188e+00
      vertex  4.378078e+01  2.300000e+01 -8.611188e+00
    endloop
  endfacet
  facet normal -8.660257e-01  0.000000e+00  4.999994e-01
    outer loop
      vertex  4.378078e+01  2.300000e+01 -8.611188e+00
      vertex  4.378078e+01 -2.300000e+01 -8.611188e+00
      vertex  4.434790e+01 -2.300000e+01 -7.628913e+00
    endloop
  endfacet
  facet normal -8.660257e-01  0.000000e+00  4.999994e-01
    outer loop
      vertex  4.378078e+01  2.300000e+01 -8.611188e+00
      vertex  4.434790e+01 -2.300000e+01 -7.628913e+00
      vertex  4.434790e+01  2.300000e+01 -7.628913e+00
    endloop
  endfacet
  facet normal -8.987940e-01  0.000000e+00  4.383711e-01
    outer loop
      vertex  4.434790e+01  2.300000e+01 -7.628913e+00
      vertex  4.434790e+01 -2.300000e+01 -7.628913e+00
      vertex  4.484511e+01 -2.300000e+01 -6.609470e+00
    endloop
  endfacet
  facet normal -8.987940e-01  0.000000e+00  4.383711e-01
    outer loop
      vertex  4.434790e+01  2.300000e+01 -7.628913e+00
      vertex  4.484511e+01 -2.300000e+01 -6.609470e+00
      vertex  4.484511e+01  2.300000e+01 -6.609470e+00
    endloop
  endfacet
  facet normal -9.271835e-01  0.000000e+00  3.746074e-01
    outer loop
      vertex  4.484511e+01  2.300000e+01 -6.609470e+00
      vertex  4.484511e+01 -2.300000e+01 -6.609470e+00
      vertex  4.527000e+01 -2.300000e+01 -5.557827e+00
    endloop
  endfacet
  facet normal -9.271835e-01  0.000000e+00  3.746074e-01
    outer loop
      vertex  4.484511e+01  2.300000e+01 -6.609470e+00
      vertex  4.527000e+01 -2.300000e+01 -5.557827e+00
      vertex  4.527000e+01  2.300000e+01 -5.557827e+00
    endloop
  endfacet
  facet normal -9.510564e-01  0.000000e+00  3.090175e-01
    outer loop
      vertex  4.527000e+01  2.300000e+01 -5.557827e+00
      vertex  4.527000e+01 -2.300000e+01 -5.557827e+00
      vertex  4.562050e+01 -2.300000e+01 -4.479107e+00
    endloop
  endfacet
  facet normal -9.510564e-01  0.000000e+00  3.090175e-01
    outer loop
      vertex  4.527000e+01  2.300000e+01 -5.557827e+00
      vertex  4.562050e+01 -2.300000e+01 -4.479107e+00
      vertex  4.562050e+01  2.300000e+01 -4.479107e+00
    endloop
  endfacet
  facet normal -9.702960e-01  0.000000e+00  2.419212e-01
    outer loop
      vertex  4.562050e+01  2.300000e+01 -4.479107e+00
      vertex  4.562050e+01 -2.300000e+01 -4.479107e+00
      vertex  4.589490e+01 -2.300000e+01 -3.378565e+00
    endloop
  endfacet
  facet normal -9.702960e-01  0.000000e+00  2.419212e-01
    outer loop
      vertex  4.562050e+01  2.300000e+01 -4.479107e+00
      vertex  4.589490e+01 -2.300000e+01 -3.378565e+00
      vertex  4.589490e+01  2.300000e+01 -3.378565e+00
    endloop
  endfacet
  facet normal -9.848073e-01  0.000000e+00  1.736506e-01
    outer loop
      vertex  4.589490e+01  2.300000e+01 -3.378565e+00
      vertex  4.589490e+01 -2.300000e+01 -3.378565e+00
      vertex  4.609186e+01 -2.300000e+01 -2.261563e+00
    endloop
  endfacet
  facet normal -9.848073e-01  0.000000e+00  1.736506e-01
    outer loop
      vertex  4.589490e+01  2.300000e+01 -3.378565e+00
      vertex  4.609186e+01 -2.300000e+01 -2.261563e+00
      vertex  4.609186e+01  2.300000e+01 -2.261563e+00
    endloop
  endfacet
  facet normal -9.945222e-01  0.000000e+00  1.045261e-01
    outer loop
      vertex  4.609186e+01  2.300000e+01 -2.261563e+00
      vertex  4.609186e+01 -2.300000e+01 -2.261563e+00
      vertex  4.621041e+01 -2.300000e+01 -1.133543e+00
    endloop
  endfacet
  facet normal -9.945222e-01  0.000000e+00  1.045261e-01
    outer loop
      vertex  4.609186e+01  2.300000e+01 -2.261563e+00
      vertex  4.621041e+01 -2.300000e+01 -1.133543e+00
      vertex  4.621041e+01  2.300000e+01 -1.133543e+00
    endloop
  endfacet
  facet normal -9.993908e-01  0.000000e+00  3.490032e-02
    outer loop
      vertex  4.621041e+01  2.300000e+01 -1.133543e+00
      vertex  4.621041e+01 -2.300000e+01 -1.133543e+00
      vertex  4.625000e+01 -2.300000e+01 -7.616965e-14
    endloop
  endfacet
  facet normal -9.993908e-01  0.000000e+00  3.490032e-02
    outer loop
      vertex  4.621041e+01  2.300000e+01 -1.133543e+00
      vertex  4.625000e+01 -2.300000e+01 -7.616965e-14
      vertex  4.625000e+01  2.300000e+01 -7.616965e-14
    endloop
  endfacet
  facet normal -6.975697e-02  -0.000000e+00 -9.975640e-01
    outer loop
      vertex  3.056712e+01 -2.300000e+01  1.624010e+01
      vertex  3.169859e+01  2.300000e+01  1.616098e+01
      vertex  3.169859e+01 -2.300000e+01  1.616098e+01
    endloop
  endfacet
  facet normal -1.391727e-01  0.000000e+00 -9.902682e-01
    outer loop
      vertex  3.169859e+01 -2.300000e+01  1.616098e+01
      vertex  3.169859e+01  2.300000e+01  1.616098e+01
      vertex  3.282178e+01  2.300000e+01  1.600313e+01
    endloop
  endfacet
  facet normal -1.391727e-01  -0.000000e+00 -9.902682e-01
    outer loop
      vertex  3.169859e+01 -2.300000e+01  1.616098e+01
      vertex  3.282178e+01  2.300000e+01  1.600313e+01
      vertex  3.282178e+01 -2.300000e+01  1.600313e+01
    endloop
  endfacet
  facet normal -2.079114e-01  0.000000e+00 -9.781476e-01
    outer loop
      vertex  3.282178e+01 -2.300000e+01  1.600313e+01
      vertex  3.282178e+01  2.300000e+01  1.600313e+01
      vertex  3.393123e+01  2.300000e+01  1.576731e+01
    endloop
  endfacet
  facet normal -2.079114e-01  -0.000000e+00 -9.781476e-01
    outer loop
      vertex  3.282178e+01 -2.300000e+01  1.600313e+01
      vertex  3.393123e+01  2.300000e+01  1.576731e+01
      vertex  3.393123e+01 -2.300000e+01  1.576731e+01
    endloop
  endfacet
  facet normal -2.756378e-01  0.000000e+00 -9.612615e-01
    outer loop
      vertex  3.393123e+01 -2.300000e+01  1.576731e+01
      vertex  3.393123e+01  2.300000e+01  1.576731e+01
      vertex  3.502153e+01  2.300000e+01  1.545467e+01
    endloop
  endfacet
  facet normal -2.756378e-01  -0.000000e+00 -9.612615e-01
    outer loop
      vertex  3.393123e+01 -2.300000e+01  1.576731e+01
      vertex  3.502153e+01  2.300000e+01  1.545467e+01
      vertex  3.502153e+01 -2.300000e+01  1.545467e+01
    endloop
  endfacet
  facet normal -3.420205e-01  0.000000e+00 -9.396925e-01
    outer loop
      vertex  3.502153e+01 -2.300000e+01  1.545467e+01
      vertex  3.502153e+01  2.300000e+01  1.545467e+01
      vertex  3.608736e+01  2.300000e+01  1.506674e+01
    endloop
  endfacet
  facet normal -3.420205e-01  -0.000000e+00 -9.396925e-01
    outer loop
      vertex  3.502153e+01 -2.300000e+01  1.545467e+01
      vertex  3.608736e+01  2.300000e+01  1.506674e+01
      vertex  3.608736e+01 -2.300000e+01  1.506674e+01
    endloop
  endfacet
  facet normal -4.067363e-01  0.000000e+00 -9.135456e-01
    outer loop
      vertex  3.608736e+01 -2.300000e+01  1.506674e+01
      vertex  3.608736e+01  2.300000e+01  1.506674e+01
      vertex  3.712353e+01  2.300000e+01  1.460540e+01
    endloop
  endfacet
  facet normal -4.067363e-01  -0.000000e+00 -9.135456e-01
    outer loop
      vertex  3.608736e+01 -2.300000e+01  1.506674e+01
      vertex  3.712353e+01  2.300000e+01  1.460540e+01
      vertex  3.712353e+01 -2.300000e+01  1.460540e+01
    endloop
  endfacet
  facet normal -4.694712e-01  0.000000e+00 -8.829478e-01
    outer loop
      vertex  3.712353e+01 -2.300000e+01  1.460540e+01
      vertex  3.712353e+01  2.300000e+01  1.460540e+01
      vertex  3.812500e+01  2.300000e+01  1.407291e+01
    endloop
  endfacet
  facet normal -4.694712e-01  -0.000000e+00 -8.829478e-01
    outer loop
      vertex  3.712353e+01 -2.300000e+01  1.460540e+01
      vertex  3.812500e+01  2.300000e+01  1.407291e+01
      vertex  3.812500e+01 -2.300000e+01  1.407291e+01
    endloop
  endfacet
  facet normal -5.299197e-01  0.000000e+00 -8.480478e-01
    outer loop
      vertex  3.812500e+01 -2.300000e+01  1.407291e+01
      vertex  3.812500e+01  2.300000e+01  1.407291e+01
      vertex  3.908688e+01  2.300000e+01  1.347186e+01
    endloop
  endfacet
  facet normal -5.299197e-01  -0.000000e+00 -8.480478e-01
    outer loop
      vertex  3.812500e+01 -2.300000e+01  1.407291e+01
      vertex  3.908688e+01  2.300000e+01  1.347186e+01
      vertex  3.908688e+01 -2.300000e+01  1.347186e+01
    endloop
  endfacet
  facet normal -5.877856e-01  0.000000e+00 -8.090169e-01
    outer loop
      vertex  3.908688e+01 -2.300000e+01  1.347186e+01
      vertex  3.908688e+01  2.300000e+01  1.347186e+01
      vertex  4.000450e+01  2.300000e+01  1.280517e+01
    endloop
  endfacet
  facet normal -5.877856e-01  -0.000000e+00 -8.090169e-01
    outer loop
      vertex  3.908688e+01 -2.300000e+01  1.347186e+01
      vertex  4.000450e+01  2.300000e+01  1.280517e+01
      vertex  4.000450e+01 -2.300000e+01  1.280517e+01
    endloop
  endfacet
  facet normal -6.427876e-01  0.000000e+00 -7.660444e-01
    outer loop
      vertex  4.000450e+01 -2.300000e+01  1.280517e+01
      vertex  4.000450e+01  2.300000e+01  1.280517e+01
      vertex  4.087337e+01  2.300000e+01  1.207610e+01
    endloop
  endfacet
  facet normal -6.427876e-01  -0.000000e+00 -7.660444e-01
    outer loop
      vertex  4.000450e+01 -2.300000e+01  1.280517e+01
      vertex  4.087337e+01  2.300000e+01  1.207610e+01
      vertex  4.087337e+01 -2.300000e+01  1.207610e+01
    endloop
  endfacet
  facet normal -6.946585e-01  0.000000e+00 -7.193396e-01
    outer loop
      vertex  4.087337e+01 -2.300000e+01  1.207610e+01
      vertex  4.087337e+01  2.300000e+01  1.207610e+01
      vertex  4.168927e+01  2.300000e+01  1.128820e+01
    endloop
  endfacet
  facet normal -6.946585e-01  -0.000000e+00 -7.193396e-01
    outer loop
      vertex  4.087337e+01 -2.300000e+01  1.207610e+01
      vertex  4.168927e+01  2.300000e+01  1.128820e+01
      vertex  4.168927e+01 -2.300000e+01  1.128820e+01
    endloop
  endfacet
  facet normal -7.431439e-01  0.000000e+00 -6.691317e-01
    outer loop
      vertex  4.168927e+01 -2.300000e+01  1.128820e+01
      vertex  4.168927e+01  2.300000e+01  1.128820e+01
      vertex  4.244822e+01  2.300000e+01  1.044530e+01
    endloop
  endfacet
  facet normal -7.431439e-01  -0.000000e+00 -6.691317e-01
    outer loop
      vertex  4.168927e+01 -2.300000e+01  1.128820e+01
      vertex  4.244822e+01  2.300000e+01  1.044530e+01
      vertex  4.244822e+01 -2.300000e+01  1.044530e+01
    endloop
  endfacet
  facet normal -7.880108e-01  0.000000e+00 -6.156614e-01
    outer loop
      vertex  4.244822e+01 -2.300000e+01  1.044530e+01
      vertex  4.244822e+01  2.300000e+01  1.044530e+01
      vertex  4.314653e+01  2.300000e+01  9.551511e+00
    endloop
  endfacet
  facet normal -7.880108e-01  -0.000000e+00 -6.156614e-01
    outer loop
      vertex  4.244822e+01 -2.300000e+01  1.044530e+01
      vertex  4.314653e+01  2.300000e+01  9.551511e+00
      vertex  4.314653e+01 -2.300000e+01  9.551511e+00
    endloop
  endfacet
  facet normal -8.290381e-01  0.000000e+00 -5.591921e-01
    outer loop
      vertex  4.314653e+01 -2.300000e+01  9.551511e+00
      vertex  4.314653e+01  2.300000e+01  9.551511e+00
      vertex  4.378078e+01  2.300000e+01  8.611188e+00
    endloop
  endfacet
  facet normal -8.290381e-01  -0.000000e+00 -5.591921e-01
    outer loop
      vertex  4.314653e+01 -2.300000e+01  9.551511e+00
      vertex  4.378078e+01  2.300000e+01  8.611188e+00
      vertex  4.378078e+01 -2.300000e+01  8.611188e+00
    endloop
  endfacet
  facet normal -8.660257e-01  0.000000e+00 -4.999994e-01
    outer loop
      vertex  4.378078e+01 -2.300000e+01  8.611188e+00
      vertex  4.378078e+01  2.300000e+01  8.611188e+00
      vertex  4.434790e+01  2.300000e+01  7.628913e+00
    endloop
  endfacet
  facet normal -8.660257e-01  -0.000000e+00 -4.999994e-01
    outer loop
      vertex  4.378078e+01 -2.300000e+01  8.611188e+00
      vertex  4.434790e+01  2.300000e+01  7.628913e+00
      vertex  4.434790e+01 -2.300000e+01  7.628913e+00
    endloop
  endfacet
  facet normal -8.987940e-01  0.000000e+00 -4.383711e-01
    outer loop
      vertex  4.434790e+01 -2.300000e+01  7.628913e+00
      vertex  4.434790e+01  2.300000e+01  7.628913e+00
      vertex  4.484511e+01  2.300000e+01  6.609470e+00
    endloop
  endfacet
  facet normal -8.987940e-01  -0.000000e+00 -4.383711e-01
    outer loop
      vertex  4.434790e+01 -2.300000e+01  7.628913e+00
      vertex  4.484511e+01  2.300000e+01  6.609470e+00
      vertex  4.484511e+01 -2.300000e+01  6.609470e+00
    endloop
  endfacet
  facet normal -9.271835e-01  0.000000e+00 -3.746074e-01
    outer loop
      vertex  4.484511e+01 -2.300000e+01  6.609470e+00
      vertex  4.484511e+01  2.300000e+01  6.609470e+00
      vertex  4.527000e+01  2.300000e+01  5.557827e+00
    endloop
  endfacet
  facet normal -9.271835e-01  -0.000000e+00 -3.746074e-01
    outer loop
      vertex  4.484511e+01 -2.300000e+01  6.609470e+00
      vertex  4.527000e+01  2.300000e+01  5.557827e+00
      vertex  4.527000e+01 -2.300000e+01  5.557827e+00
    endloop
  endfacet
  facet normal -9.510564e-01  0.000000e+00 -3.090175e-01
    outer loop
      vertex  4.527000e+01 -2.300000e+01  5.557827e+00
      vertex  4.527000e+01  2.300000e+01  5.557827e+00
      vertex  4.562050e+01  2.300000e+01  4.479107e+00
    endloop
  endfacet
  facet normal -9.510564e-01  -0.000000e+00 -3.090175e-01
    outer loop
      vertex  4.527000e+01 -2.300000e+01  5.557827e+00
      vertex  4.562050e+01  2.300000e+01  4.479107e+00
      vertex  4.562050e+01 -2.300000e+01  4.479107e+00
    endloop
  endfacet
  facet normal -9.702960e-01  0.000000e+00 -2.419212e-01
    outer loop
      vertex  4.562050e+01 -2.300000e+01  4.479107e+00
      vertex  4.562050e+01  2.300000e+01  4.479107e+00
      vertex  4.589490e+01  2.300000e+01  3.378565e+00
    endloop
  endfacet
  facet normal -9.702960e-01  -0.000000e+00 -2.419212e-01
    outer loop
      vertex  4.562050e+01 -2.300000e+01  4.479107e+00
      vertex  4.589490e+01  2.300000e+01  3.378565e+00
      vertex  4.589490e+01 -2.300000e+01  3.378565e+00
    endloop
  endfacet
  facet normal -9.848073e-01  0.000000e+00 -1.736506e-01
    outer loop
      vertex  4.589490e+01 -2.300000e+01  3.378565e+00
      vertex  4.589490e+01  2.300000e+01  3.378565e+00
      vertex  4.609186e+01  2.300000e+01  2.261563e+00
    endloop
  endfacet
  facet normal -9.848073e-01  -0.000000e+00 -1.736506e-01
    outer loop
      vertex  4.589490e+01 -2.300000e+01  3.378565e+00
      vertex  4.609186e+01  2.300000e+01  2.261563e+00
      vertex  4.609186e+01 -2.300000e+01  2.261563e+00
    endloop
  endfacet
  facet normal -9.945222e-01  0.000000e+00 -1.045261e-01
    outer loop
      vertex  4.609186e+01 -2.300000e+01  2.261563e+00
      vertex  4.609186e+01  2.300000e+01  2.261563e+00
      vertex  4.621041e+01  2.300000e+01  1.133543e+00
    endloop
  endfacet
  facet normal -9.945222e-01  -0.000000e+00 -1.045261e-01
    outer loop
      vertex  4.609186e+01 -2.300000e+01  2.261563e+00
      vertex  4.621041e+01  2.300000e+01  1.133543e+00
      vertex  4.621041e+01 -2.300000e+01  1.133543e+00
    endloop
  endfacet
  facet normal -9.993908e-01  0.000000e+00 -3.490032e-02
    outer loop
      vertex  4.621041e+01 -2.300000e+01  1.133543e+00
      vertex  4.621041e+01  2.300000e+01  1.133543e+00
      vertex  4.625000e+01  2.300000e+01 -7.616965e-14
    endloop
  endfacet
  facet normal -9.993908e-01  -0.000000e+00 -3.490032e-02
    outer loop
      vertex  4.621041e+01 -2.300000e+01  1.133543e+00
      vertex  4.625000e+01  2.300000e+01 -7.616965e-14
      vertex  4.625000e+01 -2.300000e+01 -7.616965e-14
    endloop
  endfacet
  facet normal -6.975697e-02  0.000000e+00 -9.975640e-01
    outer loop
      vertex  3.169859e+01  2.300000e+01  1.616098e+01
      vertex  3.056712e+01 -2.300000e+01  1.624010e+01
      vertex  3.056712e+01  2.300000e+01  1.624010e+01
    endloop
  endfacet
  facet normal  0.000000e+00  -0.000000e+00 -9.999999e-01
    outer loop
      vertex  3.056712e+01  2.300000e+01  1.624010e+01
      vertex  3.056712e+01 -2.300000e+01  1.624010e+01
      vertex  2.943288e+01 -2.300000e+01  1.624010e+01
    endloop
  endfacet
  facet normal  0.000000e+00  0.000000e+00 -9.999999e-01
    outer loop
      vertex  3.056712e+01  2.300000e+01  1.624010e+01
      vertex  2.943288e+01 -2.300000e+01  1.624010e+01
      vertex  2.943288e+01  2.300000e+01  1.624010e+01
    endloop
  endfacet
  facet normal  6.975697e-02  0.000000e+00 -9.975640e-01
    outer loop
      vertex  2.943288e+01  2.300000e+01  1.624010e+01
      vertex  2.943288e+01 -2.300000e+01  1.624010e+01
      vertex  2.830141e+01 -2.300000e+01  1.616098e+01
    endloop
  endfacet
  facet normal  6.975697e-02  0.000000e+00 -9.975640e-01
    outer loop
      vertex  2.943288e+01  2.300000e+01  1.624010e+01
      vertex  2.830141e+01 -2.300000e+01  1.616098e+01
      vertex  2.830141e+01  2.300000e+01  1.616098e+01
    endloop
  endfacet
  facet normal  1.391724e-01  0.000000e+00 -9.902682e-01
    outer loop
      vertex  2.830141e+01  2.300000e+01  1.616098e+01
      vertex  2.830141e+01 -2.300000e+01  1.616098e+01
      vertex  2.717822e+01 -2.300000e+01  1.600313e+01
    endloop
  endfacet
  facet normal  1.391724e-01  0.000000e+00 -9.902682e-01
    outer loop
      vertex  2.830141e+01  2.300000e+01  1.616098e+01
      vertex  2.717822e+01 -2.300000e+01  1.600313e+01
      vertex  2.717822e+01  2.300000e+01  1.600313e+01
    endloop
  endfacet
  facet normal  2.079120e-01  0.000000e+00 -9.781475e-01
    outer loop
      vertex  2.717822e+01  2.300000e+01  1.600313e+01
      vertex  2.717822e+01 -2.300000e+01  1.600313e+01
      vertex  2.606877e+01 -2.300000e+01  1.576731e+01
    endloop
  endfacet
  facet normal  2.079120e-01  0.000000e+00 -9.781475e-01
    outer loop
      vertex  2.717822e+01  2.300000e+01  1.600313e+01
      vertex  2.606877e+01 -2.300000e+01  1.576731e+01
      vertex  2.606877e+01  2.300000e+01  1.576731e+01
    endloop
  endfacet
  facet normal  2.756374e-01  0.000000e+00 -9.612617e-01
    outer loop
      vertex  2.606877e+01  2.300000e+01  1.576731e+01
      vertex  2.606877e+01 -2.300000e+01  1.576731e+01
      vertex  2.497847e+01 -2.300000e+01  1.545467e+01
    endloop
  endfacet
  facet normal  2.756374e-01  0.000000e+00 -9.612617e-01
    outer loop
      vertex  2.606877e+01  2.300000e+01  1.576731e+01
      vertex  2.497847e+01 -2.300000e+01  1.545467e+01
      vertex  2.497847e+01  2.300000e+01  1.545467e+01
    endloop
  endfacet
  facet normal  3.420205e-01  0.000000e+00 -9.396925e-01
    outer loop
      vertex  2.497847e+01  2.300000e+01  1.545467e+01
      vertex  2.497847e+01 -2.300000e+01  1.545467e+01
      vertex  2.391264e+01 -2.300000e+01  1.506674e+01
    endloop
  endfacet
  facet normal  3.420205e-01  0.000000e+00 -9.396925e-01
    outer loop
      vertex  2.497847e+01  2.300000e+01  1.545467e+01
      vertex  2.391264e+01 -2.300000e+01  1.506674e+01
      vertex  2.391264e+01  2.300000e+01  1.506674e+01
    endloop
  endfacet
  facet normal  4.067363e-01  0.000000e+00 -9.135456e-01
    outer loop
      vertex  2.391264e+01  2.300000e+01  1.506674e+01
      vertex  2.391264e+01 -2.300000e+01  1.506674e+01
      vertex  2.287647e+01 -2.300000e+01  1.460540e+01
    endloop
  endfacet
  facet normal  4.067363e-01  0.000000e+00 -9.135456e-01
    outer loop
      vertex  2.391264e+01  2.300000e+01  1.506674e+01
      vertex  2.287647e+01 -2.300000e+01  1.460540e+01
      vertex  2.287647e+01  2.300000e+01  1.460540e+01
    endloop
  endfacet
  facet normal  4.694712e-01  0.000000e+00 -8.829478e-01
    outer loop
      vertex  2.287647e+01  2.300000e+01  1.460540e+01
      vertex  2.287647e+01 -2.300000e+01  1.460540e+01
      vertex  2.187500e+01 -2.300000e+01  1.407291e+01
    endloop
  endfacet
  facet normal  4.694712e-01  0.000000e+00 -8.829478e-01
    outer loop
      vertex  2.287647e+01  2.300000e+01  1.460540e+01
      vertex  2.187500e+01 -2.300000e+01  1.407291e+01
      vertex  2.187500e+01  2.300000e+01  1.407291e+01
    endloop
  endfacet
  facet normal  5.299190e-01  0.000000e+00 -8.480483e-01
    outer loop
      vertex  2.187500e+01  2.300000e+01  1.407291e+01
      vertex  2.187500e+01 -2.300000e+01  1.407291e+01
      vertex  2.091311e+01 -2.300000e+01  1.347186e+01
    endloop
  endfacet
  facet normal  5.299190e-01  0.000000e+00 -8.480483e-01
    outer loop
      vertex  2.187500e+01  2.300000e+01  1.407291e+01
      vertex  2.091311e+01 -2.300000e+01  1.347186e+01
      vertex  2.091311e+01  2.300000e+01  1.347186e+01
    endloop
  endfacet
  facet normal  5.877856e-01  0.000000e+00 -8.090169e-01
    outer loop
      vertex  2.091311e+01  2.300000e+01  1.347186e+01
      vertex  2.091311e+01 -2.300000e+01  1.347186e+01
      vertex  1.999550e+01 -2.300000e+01  1.280517e+01
    endloop
  endfacet
  facet normal  5.877856e-01  0.000000e+00 -8.090169e-01
    outer loop
      vertex  2.091311e+01  2.300000e+01  1.347186e+01
      vertex  1.999550e+01 -2.300000e+01  1.280517e+01
      vertex  1.999550e+01  2.300000e+01  1.280517e+01
    endloop
  endfacet
  facet normal  6.427876e-01  0.000000e+00 -7.660444e-01
    outer loop
      vertex  1.999550e+01  2.300000e+01  1.280517e+01
      vertex  1.999550e+01 -2.300000e+01  1.280517e+01
      vertex  1.912663e+01 -2.300000e+01  1.207610e+01
    endloop
  endfacet
  facet normal  6.427876e-01  0.000000e+00 -7.660444e-01
    outer loop
      vertex  1.999550e+01  2.300000e+01  1.280517e+01
      vertex  1.912663e+01 -2.300000e+01  1.207610e+01
      vertex  1.912663e+01  2.300000e+01  1.207610e+01
    endloop
  endfacet
  facet normal  6.946585e-01  0.000000e+00 -7.193396e-01
    outer loop
      vertex  1.912663e+01  2.300000e+01  1.207610e+01
      vertex  1.912663e+01 -2.300000e+01  1.207610e+01
      vertex  1.831073e+01 -2.300000e+01  1.128820e+01
    endloop
  endfacet
  facet normal  6.946585e-01  0.000000e+00 -7.193396e-01
    outer loop
      vertex  1.912663e+01  2.300000e+01  1.207610e+01
      vertex  1.831073e+01 -2.300000e+01  1.128820e+01
      vertex  1.831073e+01  2.300000e+01  1.128820e+01
    endloop
  endfacet
  facet normal  7.431447e-01  0.000000e+00 -6.691308e-01
    outer loop
      vertex  1.831073e+01  2.300000e+01  1.128820e+01
      vertex  1.831073e+01 -2.300000e+01  1.128820e+01
      vertex  1.755178e+01 -2.300000e+01  1.044530e+01
    endloop
  endfacet
  facet normal  7.431447e-01  0.000000e+00 -6.691308e-01
    outer loop
      vertex  1.831073e+01  2.300000e+01  1.128820e+01
      vertex  1.755178e+01 -2.300000e+01  1.044530e+01
      vertex  1.755178e+01  2.300000e+01  1.044530e+01
    endloop
  endfacet
  facet normal  7.880108e-01  0.000000e+00 -6.156614e-01
    outer loop
      vertex  1.755178e+01  2.300000e+01  1.044530e+01
      vertex  1.755178e+01 -2.300000e+01  1.044530e+01
      vertex  1.685347e+01 -2.300000e+01  9.551511e+00
    endloop
  endfacet
  facet normal  7.880108e-01  0.000000e+00 -6.156614e-01
    outer loop
      vertex  1.755178e+01  2.300000e+01  1.044530e+01
      vertex  1.685347e+01 -2.300000e+01  9.551511e+00
      vertex  1.685347e+01  2.300000e+01  9.551511e+00
    endloop
  endfacet
  facet normal  8.290381e-01  0.000000e+00 -5.591921e-01
    outer loop
      vertex  1.685347e+01  2.300000e+01  9.551511e+00
      vertex  1.685347e+01 -2.300000e+01  9.551511e+00
      vertex  1.621922e+01 -2.300000e+01  8.611188e+00
    endloop
  endfacet
  facet normal  8.290381e-01  0.000000e+00 -5.591921e-01
    outer loop
      vertex  1.685347e+01  2.300000e+01  9.551511e+00
      vertex  1.621922e+01 -2.300000e+01  8.611188e+00
      vertex  1.621922e+01  2.300000e+01  8.611188e+00
    endloop
  endfacet
  facet normal  8.660250e-01  0.000000e+00 -5.000006e-01
    outer loop
      vertex  1.621922e+01  2.300000e+01  8.611188e+00
      vertex  1.621922e+01 -2.300000e+01  8.611188e+00
      vertex  1.565210e+01 -2.300000e+01  7.628913e+00
    endloop
  endfacet
  facet normal  8.660250e-01  0.000000e+00 -5.000006e-01
    outer loop
      vertex  1.621922e+01  2.300000e+01  8.611188e+00
      vertex  1.565210e+01 -2.300000e+01  7.628913e+00
      vertex  1.565210e+01  2.300000e+01  7.628913e+00
    endloop
  endfacet
  facet normal  8.987940e-01  0.000000e+00 -4.383711e-01
    outer loop
      vertex  1.565210e+01  2.300000e+01  7.628913e+00
      vertex  1.565210e+01 -2.300000e+01  7.628913e+00
      vertex  1.515489e+01 -2.300000e+01  6.609470e+00
    endloop
  endfacet
  facet normal  8.987940e-01  0.000000e+00 -4.383711e-01
    outer loop
      vertex  1.565210e+01  2.300000e+01  7.628913e+00
      vertex  1.515489e+01 -2.300000e+01  6.609470e+00
      vertex  1.515489e+01  2.300000e+01  6.609470e+00
    endloop
  endfacet
  facet normal  9.271838e-01  0.000000e+00 -3.746067e-01
    outer loop
      vertex  1.515489e+01  2.300000e+01  6.609470e+00
      vertex  1.515489e+01 -2.300000e+01  6.609470e+00
      vertex  1.472999e+01 -2.300000e+01  5.557827e+00
    endloop
  endfacet
  facet normal  9.271838e-01  0.000000e+00 -3.746067e-01
    outer loop
      vertex  1.515489e+01  2.300000e+01  6.609470e+00
      vertex  1.472999e+01 -2.300000e+01  5.557827e+00
      vertex  1.472999e+01  2.300000e+01  5.557827e+00
    endloop
  endfacet
  facet normal  9.510565e-01  0.000000e+00 -3.090167e-01
    outer loop
      vertex  1.472999e+01  2.300000e+01  5.557827e+00
      vertex  1.472999e+01 -2.300000e+01  5.557827e+00
      vertex  1.437950e+01 -2.300000e+01  4.479107e+00
    endloop
  endfacet
  facet normal  9.510565e-01  0.000000e+00 -3.090167e-01
    outer loop
      vertex  1.472999e+01  2.300000e+01  5.557827e+00
      vertex  1.437950e+01 -2.300000e+01  4.479107e+00
      vertex  1.437950e+01  2.300000e+01  4.479107e+00
    endloop
  endfacet
  facet normal  9.702958e-01  0.000000e+00 -2.419219e-01
    outer loop
      vertex  1.437950e+01  2.300000e+01  4.479107e+00
      vertex  1.437950e+01 -2.300000e+01  4.479107e+00
      vertex  1.410510e+01 -2.300000e+01  3.378565e+00
    endloop
  endfacet
  facet normal  9.702958e-01  0.000000e+00 -2.419219e-01
    outer loop
      vertex  1.437950e+01  2.300000e+01  4.479107e+00
      vertex  1.410510e+01 -2.300000e+01  3.378565e+00
      vertex  1.410510e+01  2.300000e+01  3.378565e+00
    endloop
  endfacet
  facet normal  9.848078e-01  0.000000e+00 -1.736481e-01
    outer loop
      vertex  1.410510e+01  2.300000e+01  3.378565e+00
      vertex  1.410510e+01 -2.300000e+01  3.378565e+00
      vertex  1.390814e+01 -2.300000e+01  2.261563e+00
    endloop
  endfacet
  facet normal  9.848078e-01  0.000000e+00 -1.736481e-01
    outer loop
      vertex  1.410510e+01  2.300000e+01  3.378565e+00
      vertex  1.390814e+01 -2.300000e+01  2.261563e+00
      vertex  1.390814e+01  2.300000e+01  2.261563e+00
    endloop
  endfacet
  facet normal  9.945219e-01  0.000000e+00 -1.045286e-01
    outer loop
      vertex  1.390814e+01  2.300000e+01  2.261563e+00
      vertex  1.390814e+01 -2.300000e+01  2.261563e+00
      vertex  1.378958e+01 -2.300000e+01  1.133543e+00
    endloop
  endfacet
  facet normal  9.945219e-01  0.000000e+00 -1.045286e-01
    outer loop
      vertex  1.390814e+01  2.300000e+01  2.261563e+00
      vertex  1.378958e+01 -2.300000e+01  1.133543e+00
      vertex  1.378958e+01  2.300000e+01  1.133543e+00
    endloop
  endfacet
  facet normal  9.993908e-01  0.000000e+00 -3.489948e-02
    outer loop
      vertex  1.378958e+01  2.300000e+01  1.133543e+00
      vertex  1.378958e+01 -2.300000e+01  1.133543e+00
      vertex  1.375000e+01 -2.300000e+01 -8.213980e-14
    endloop
  endfacet
  facet normal  9.993908e-01  0.000000e+00 -3.489948e-02
    outer loop
      vertex  1.378958e+01  2.300000e+01  1.133543e+00
      vertex  1.375000e+01 -2.300000e+01 -8.213980e-14
      vertex  1.375000e+01  2.300000e+01 -8.213980e-14
    endloop
  endfacet
  facet normal -2.922922e-02  0.000000e+00  9.995727e-01
    outer loop
      vertex -3.000000e+01 -2.300000e+01  2.300000e+01
      vertex -3.000000e+01  2.300000e+01  2.300000e+01
      vertex -3.134400e+01 -2.300000e+01  2.296070e+01
    endloop
  endfacet
  facet normal -2.922922e-02  0.000000e+00  9.995727e-01
    outer loop
      vertex -3.134400e+01 -2.300000e+01  2.296070e+01
      vertex -3.000000e+01  2.300000e+01  2.300000e+01
      vertex -3.134400e+01  2.300000e+01  2.296070e+01
    endloop
  endfacet
  facet normal -8.759118e-02  0.000000e+00  9.961566e-01
    outer loop
      vertex -3.134400e+01 -2.300000e+01  2.296070e+01
      vertex -3.134400e+01  2.300000e+01  2.296070e+01
      vertex -3.268341e+01 -2.300000e+01  2.284293e+01
    endloop
  endfacet
  facet normal -8.759118e-02  0.000000e+00  9.961566e-01
    outer loop
      vertex -3.268341e+01 -2.300000e+01  2.284293e+01
      vertex -3.134400e+01  2.300000e+01  2.296070e+01
      vertex -3.268341e+01  2.300000e+01  2.284293e+01
    endloop
  endfacet
  facet normal -1.456496e-01  0.000000e+00  9.893363e-01
    outer loop
      vertex -3.268341e+01 -2.300000e+01  2.284293e+01
      vertex -3.268341e+01  2.300000e+01  2.284293e+01
      vertex -3.401365e+01 -2.300000e+01  2.264709e+01
    endloop
  endfacet
  facet normal -1.456496e-01  0.000000e+00  9.893363e-01
    outer loop
      vertex -3.401365e+01 -2.300000e+01  2.264709e+01
      vertex -3.268341e+01  2.300000e+01  2.284293e+01
      vertex -3.401365e+01  2.300000e+01  2.264709e+01
    endloop
  endfacet
  facet normal -2.032130e-01  0.000000e+00  9.791346e-01
    outer loop
      vertex -3.401365e+01 -2.300000e+01  2.264709e+01
      vertex -3.401365e+01  2.300000e+01  2.264709e+01
      vertex -3.533017e+01 -2.300000e+01  2.237385e+01
    endloop
  endfacet
  facet normal -2.032130e-01  0.000000e+00  9.791346e-01
    outer loop
      vertex -3.533017e+01 -2.300000e+01  2.237385e+01
      vertex -3.401365e+01  2.300000e+01  2.264709e+01
      vertex -3.533017e+01  2.300000e+01  2.237385e+01
    endloop
  endfacet
  facet normal -2.600824e-01  0.000000e+00  9.655864e-01
    outer loop
      vertex -3.533017e+01 -2.300000e+01  2.237385e+01
      vertex -3.533017e+01  2.300000e+01  2.237385e+01
      vertex -3.662848e+01 -2.300000e+01  2.202415e+01
    endloop
  endfacet
  facet normal -2.600824e-01  0.000000e+00  9.655864e-01
    outer loop
      vertex -3.662848e+01 -2.300000e+01  2.202415e+01
      vertex -3.533017e+01  2.300000e+01  2.237385e+01
      vertex -3.662848e+01  2.300000e+01  2.202415e+01
    endloop
  endfacet
  facet normal -3.160605e-01  0.000000e+00  9.487391e-01
    outer loop
      vertex -3.662848e+01 -2.300000e+01  2.202415e+01
      vertex -3.662848e+01  2.300000e+01  2.202415e+01
      vertex -3.790413e+01 -2.300000e+01  2.159919e+01
    endloop
  endfacet
  facet normal -3.160605e-01  0.000000e+00  9.487391e-01
    outer loop
      vertex -3.790413e+01 -2.300000e+01  2.159919e+01
      vertex -3.662848e+01  2.300000e+01  2.202415e+01
      vertex -3.790413e+01  2.300000e+01  2.159919e+01
    endloop
  endfacet
  facet normal -3.709610e-01  0.000000e+00  9.286485e-01
    outer loop
      vertex -3.790413e+01 -2.300000e+01  2.159919e+01
      vertex -3.790413e+01  2.300000e+01  2.159919e+01
      vertex -3.915276e+01 -2.300000e+01  2.110040e+01
    endloop
  endfacet
  facet normal -3.709610e-01  0.000000e+00  9.286485e-01
    outer loop
      vertex -3.915276e+01 -2.300000e+01  2.110040e+01
      vertex -3.790413e+01  2.300000e+01  2.159919e+01
      vertex -3.915276e+01  2.300000e+01  2.110040e+01
    endloop
  endfacet
  facet normal -4.245922e-01  0.000000e+00  9.053847e-01
    outer loop
      vertex -3.915276e+01 -2.300000e+01  2.110040e+01
      vertex -3.915276e+01  2.300000e+01  2.110040e+01
      vertex -4.037012e+01 -2.300000e+01  2.052950e+01
    endloop
  endfacet
  facet normal -4.245922e-01  0.000000e+00  9.053847e-01
    outer loop
      vertex -4.037012e+01 -2.300000e+01  2.052950e+01
      vertex -3.915276e+01  2.300000e+01  2.110040e+01
      vertex -4.037012e+01  2.300000e+01  2.052950e+01
    endloop
  endfacet
  facet normal -4.767729e-01  0.000000e+00  8.790265e-01
    outer loop
      vertex -4.037012e+01 -2.300000e+01  2.052950e+01
      vertex -4.037012e+01  2.300000e+01  2.052950e+01
      vertex -4.155204e+01 -2.300000e+01  1.988845e+01
    endloop
  endfacet
  facet normal -4.767729e-01  0.000000e+00  8.790265e-01
    outer loop
      vertex -4.155204e+01 -2.300000e+01  1.988845e+01
      vertex -4.037012e+01  2.300000e+01  2.052950e+01
      vertex -4.155204e+01  2.300000e+01  1.988845e+01
    endloop
  endfacet
  facet normal -5.273227e-01  0.000000e+00  8.496651e-01
    outer loop
      vertex -4.155204e+01 -2.300000e+01  1.988845e+01
      vertex -4.155204e+01  2.300000e+01  1.988845e+01
      vertex -4.269448e+01 -2.300000e+01  1.917942e+01
    endloop
  endfacet
  facet normal -5.273227e-01  0.000000e+00  8.496651e-01
    outer loop
      vertex -4.269448e+01 -2.300000e+01  1.917942e+01
      vertex -4.155204e+01  2.300000e+01  1.988845e+01
      vertex -4.269448e+01  2.300000e+01  1.917942e+01
    endloop
  endfacet
  facet normal -5.760728e-01  0.000000e+00  8.173983e-01
    outer loop
      vertex -4.269448e+01 -2.300000e+01  1.917942e+01
      vertex -4.269448e+01  2.300000e+01  1.917942e+01
      vertex -4.379353e+01 -2.300000e+01  1.840485e+01
    endloop
  endfacet
  facet normal -5.760728e-01  0.000000e+00  8.173983e-01
    outer loop
      vertex -4.379353e+01 -2.300000e+01  1.840485e+01
      vertex -4.269448e+01  2.300000e+01  1.917942e+01
      vertex -4.379353e+01  2.300000e+01  1.840485e+01
    endloop
  endfacet
  facet normal -6.228529e-01  0.000000e+00  7.823390e-01
    outer loop
      vertex -4.379353e+01 -2.300000e+01  1.840485e+01
      vertex -4.379353e+01  2.300000e+01  1.840485e+01
      vertex -4.484545e+01 -2.300000e+01  1.756738e+01
    endloop
  endfacet
  facet normal -6.228529e-01  0.000000e+00  7.823390e-01
    outer loop
      vertex -4.484545e+01 -2.300000e+01  1.756738e+01
      vertex -4.379353e+01  2.300000e+01  1.840485e+01
      vertex -4.484545e+01  2.300000e+01  1.756738e+01
    endloop
  endfacet
  facet normal -6.675045e-01  0.000000e+00  7.446056e-01
    outer loop
      vertex -4.484545e+01 -2.300000e+01  1.756738e+01
      vertex -4.484545e+01  2.300000e+01  1.756738e+01
      vertex -4.584663e+01 -2.300000e+01  1.666986e+01
    endloop
  endfacet
  facet normal -6.675045e-01  0.000000e+00  7.446056e-01
    outer loop
      vertex -4.584663e+01 -2.300000e+01  1.666986e+01
      vertex -4.484545e+01  2.300000e+01  1.756738e+01
      vertex -4.584663e+01  2.300000e+01  1.666986e+01
    endloop
  endfacet
  facet normal -7.098739e-01  0.000000e+00  7.043288e-01
    outer loop
      vertex -4.584663e+01 -2.300000e+01  1.666986e+01
      vertex -4.584663e+01  2.300000e+01  1.666986e+01
      vertex -4.679365e+01 -2.300000e+01  1.571538e+01
    endloop
  endfacet
  facet normal -7.098739e-01  0.000000e+00  7.043288e-01
    outer loop
      vertex -4.679365e+01 -2.300000e+01  1.571538e+01
      vertex -4.584663e+01  2.300000e+01  1.666986e+01
      vertex -4.679365e+01  2.300000e+01  1.571538e+01
    endloop
  endfacet
  facet normal  0.000000e+00  0.000000e+00 -1.000000e+00
    outer loop
      vertex  3.000000e+01  2.300000e+01 -2.300000e+01
      vertex  3.000000e+01 -2.300000e+01 -2.300000e+01
      vertex -3.000000e+01  2.300000e+01 -2.300000e+01
    endloop
  endfacet
  facet normal  0.000000e+00  0.000000e+00 -1.000000e+00
    outer loop
      vertex -3.000000e+01  2.300000e+01 -2.300000e+01
      vertex  3.000000e+01 -2.300000e+01 -2.300000e+01
      vertex -3.000000e+01 -2.300000e+01 -2.300000e+01
    endloop
  endfacet
  facet normal  2.887526e-02  0.000000e+00 -9.995830e-01
    outer loop
      vertex  3.000000e+01 -2.300000e+01 -2.300000e+01
      vertex  3.000000e+01  2.300000e+01 -2.300000e+01
      vertex  3.132774e+01 -2.300000e+01 -2.296165e+01
    endloop
  endfacet
  facet normal  2.887526e-02  0.000000e+00 -9.995830e-01
    outer loop
      vertex  3.132774e+01 -2.300000e+01 -2.296165e+01
      vertex  3.000000e+01  2.300000e+01 -2.300000e+01
      vertex  3.132774e+01  2.300000e+01 -2.296165e+01
    endloop
  endfacet
  facet normal  8.653246e-02  0.000000e+00 -9.962490e-01
    outer loop
      vertex  3.132774e+01 -2.300000e+01 -2.296165e+01
      vertex  3.132774e+01  2.300000e+01 -2.296165e+01
      vertex  3.265105e+01 -2.300000e+01 -2.284670e+01
    endloop
  endfacet
  facet normal  8.653246e-02  0.000000e+00 -9.962490e-01
    outer loop
      vertex  3.265105e+01 -2.300000e+01 -2.284670e+01
      vertex  3.132774e+01  2.300000e+01 -2.296165e+01
      vertex  3.265105e+01  2.300000e+01 -2.284670e+01
    endloop
  endfacet
  facet normal  1.438984e-01  0.000000e+00 -9.895925e-01
    outer loop
      vertex  3.265105e+01 -2.300000e+01 -2.284670e+01
      vertex  3.265105e+01  2.300000e+01 -2.284670e+01
      vertex  3.396552e+01 -2.300000e+01 -2.265557e+01
    endloop
  endfacet
  facet normal  1.438984e-01  0.000000e+00 -9.895925e-01
    outer loop
      vertex  3.396552e+01 -2.300000e+01 -2.265557e+01
      vertex  3.265105e+01  2.300000e+01 -2.284670e+01
      vertex  3.396552e+01  2.300000e+01 -2.265557e+01
    endloop
  endfacet
  facet normal  2.007854e-01  0.000000e+00 -9.796352e-01
    outer loop
      vertex  3.396552e+01 -2.300000e+01 -2.265557e+01
      vertex  3.396552e+01  2.300000e+01 -2.265557e+01
      vertex  3.526677e+01 -2.300000e+01 -2.238886e+01
    endloop
  endfacet
  facet normal  2.007854e-01  0.000000e+00 -9.796352e-01
    outer loop
      vertex  3.526677e+01 -2.300000e+01 -2.238886e+01
      vertex  3.396552e+01  2.300000e+01 -2.265557e+01
      vertex  3.526677e+01  2.300000e+01 -2.238886e+01
    endloop
  endfacet
  facet normal  2.570031e-01  0.000000e+00 -9.664106e-01
    outer loop
      vertex  3.526677e+01 -2.300000e+01 -2.238886e+01
      vertex  3.526677e+01  2.300000e+01 -2.238886e+01
      vertex  3.655045e+01 -2.300000e+01 -2.204749e+01
    endloop
  endfacet
  facet normal  2.570031e-01  0.000000e+00 -9.664106e-01
    outer loop
      vertex  3.655045e+01 -2.300000e+01 -2.204749e+01
      vertex  3.526677e+01  2.300000e+01 -2.238886e+01
      vertex  3.655045e+01  2.300000e+01 -2.204749e+01
    endloop
  endfacet
  facet normal  3.123640e-01  0.000000e+00 -9.499624e-01
    outer loop
      vertex  3.655045e+01 -2.300000e+01 -2.204749e+01
      vertex  3.655045e+01  2.300000e+01 -2.204749e+01
      vertex  3.781227e+01 -2.300000e+01 -2.163258e+01
    endloop
  endfacet
  facet normal  3.123640e-01  0.000000e+00 -9.499624e-01
    outer loop
      vertex  3.781227e+01 -2.300000e+01 -2.163258e+01
      vertex  3.655045e+01  2.300000e+01 -2.204749e+01
      vertex  3.781227e+01  2.300000e+01 -2.163258e+01
    endloop
  endfacet
  facet normal  3.666810e-01  0.000000e+00 -9.303468e-01
    outer loop
      vertex  3.781227e+01 -2.300000e+01 -2.163258e+01
      vertex  3.781227e+01  2.300000e+01 -2.163258e+01
      vertex  3.904805e+01 -2.300000e+01 -2.114552e+01
    endloop
  endfacet
  facet normal  3.666810e-01  0.000000e+00 -9.303468e-01
    outer loop
      vertex  3.904805e+01 -2.300000e+01 -2.114552e+01
      vertex  3.781227e+01  2.300000e+01 -2.163258e+01
      vertex  3.904805e+01  2.300000e+01 -2.114552e+01
    endloop
  endfacet
  facet normal  4.197775e-01  0.000000e+00 -9.076270e-01
    outer loop
      vertex  3.904805e+01 -2.300000e+01 -2.114552e+01
      vertex  3.904805e+01  2.300000e+01 -2.114552e+01
      vertex  4.025365e+01 -2.300000e+01 -2.058793e+01
    endloop
  endfacet
  facet normal  4.197775e-01  0.000000e+00 -9.076270e-01
    outer loop
      vertex  4.025365e+01 -2.300000e+01 -2.058793e+01
      vertex  3.904805e+01  2.300000e+01 -2.114552e+01
      vertex  4.025365e+01  2.300000e+01 -2.058793e+01
    endloop
  endfacet
  facet normal  4.714727e-01  0.000000e+00 -8.818807e-01
    outer loop
      vertex  4.025365e+01 -2.300000e+01 -2.058793e+01
      vertex  4.025365e+01  2.300000e+01 -2.058793e+01
      vertex  4.142505e+01 -2.300000e+01 -1.996167e+01
    endloop
  endfacet
  facet normal  4.714727e-01  0.000000e+00 -8.818807e-01
    outer loop
      vertex  4.142505e+01 -2.300000e+01 -1.996167e+01
      vertex  4.025365e+01  2.300000e+01 -2.058793e+01
      vertex  4.142505e+01  2.300000e+01 -1.996167e+01
    endloop
  endfacet
  facet normal  5.215954e-01  0.000000e+00 -8.531929e-01
    outer loop
      vertex  4.142505e+01 -2.300000e+01 -1.996167e+01
      vertex  4.142505e+01  2.300000e+01 -1.996167e+01
      vertex  4.255833e+01 -2.300000e+01 -1.926884e+01
    endloop
  endfacet
  facet normal  5.215954e-01  0.000000e+00 -8.531929e-01
    outer loop
      vertex  4.255833e+01 -2.300000e+01 -1.926884e+01
      vertex  4.142505e+01  2.300000e+01 -1.996167e+01
      vertex  4.255833e+01  2.300000e+01 -1.926884e+01
    endloop
  endfacet
  facet normal  5.699778e-01  0.000000e+00 -8.216601e-01
    outer loop
      vertex  4.255833e+01 -2.300000e+01 -1.926884e+01
      vertex  4.255833e+01  2.300000e+01 -1.926884e+01
      vertex  4.364974e+01 -2.300000e+01 -1.851174e+01
    endloop
  endfacet
  facet normal  5.699778e-01  0.000000e+00 -8.216601e-01
    outer loop
      vertex  4.364974e+01 -2.300000e+01 -1.851174e+01
      vertex  4.255833e+01  2.300000e+01 -1.926884e+01
      vertex  4.364974e+01  2.300000e+01 -1.851174e+01
    endloop
  endfacet
  facet normal  6.164612e-01  0.000000e+00 -7.873853e-01
    outer loop
      vertex  4.364974e+01 -2.300000e+01 -1.851174e+01
      vertex  4.364974e+01  2.300000e+01 -1.851174e+01
      vertex  4.469562e+01 -2.300000e+01 -1.769290e+01
    endloop
  endfacet
  facet normal  6.164612e-01  0.000000e+00 -7.873853e-01
    outer loop
      vertex  4.469562e+01 -2.300000e+01 -1.769290e+01
      vertex  4.364974e+01  2.300000e+01 -1.851174e+01
      vertex  4.469562e+01  2.300000e+01 -1.769290e+01
    endloop
  endfacet
  facet normal  6.608856e-01  0.000000e+00 -7.504867e-01
    outer loop
      vertex  4.469562e+01 -2.300000e+01 -1.769290e+01
      vertex  4.469562e+01  2.300000e+01 -1.769290e+01
      vertex  4.569249e+01 -2.300000e+01 -1.681505e+01
    endloop
  endfacet
  facet normal  6.608856e-01  0.000000e+00 -7.504867e-01
    outer loop
      vertex  4.569249e+01 -2.300000e+01 -1.681505e+01
      vertex  4.469562e+01  2.300000e+01 -1.769290e+01
      vertex  4.569249e+01  2.300000e+01 -1.681505e+01
    endloop
  endfacet
  facet normal  7.031090e-01  0.000000e+00 -7.110820e-01
    outer loop
      vertex  4.569249e+01 -2.300000e+01 -1.681505e+01
      vertex  4.569249e+01  2.300000e+01 -1.681505e+01
      vertex  4.663702e+01 -2.300000e+01 -1.588111e+01
    endloop
  endfacet
  facet normal  7.031090e-01  0.000000e+00 -7.110820e-01
    outer loop
      vertex  4.663702e+01 -2.300000e+01 -1.588111e+01
      vertex  4.569249e+01  2.300000e+01 -1.681505e+01
      vertex  4.663702e+01  2.300000e+01 -1.588111e+01
    endloop
  endfacet
  facet normal  7.429851e-01  0.000000e+00 -6.693079e-01
    outer loop
      vertex  4.663702e+01 -2.300000e+01 -1.588111e+01
      vertex  4.663702e+01  2.300000e+01 -1.588111e+01
      vertex  4.752605e+01 -2.300000e+01 -1.489421e+01
    endloop
  endfacet
  facet normal  7.429851e-01  0.000000e+00 -6.693079e-01
    outer loop
      vertex  4.752605e+01 -2.300000e+01 -1.489421e+01
      vertex  4.663702e+01  2.300000e+01 -1.588111e+01
      vertex  4.752605e+01  2.300000e+01 -1.489421e+01
    endloop
  endfacet
  facet normal  7.803848e-01  0.000000e+00 -6.252998e-01
    outer loop
      vertex  4.752605e+01 -2.300000e+01 -1.489421e+01
      vertex  4.752605e+01  2.300000e+01 -1.489421e+01
      vertex  4.835664e+01 -2.300000e+01 -1.385763e+01
    endloop
  endfacet
  facet normal  7.803848e-01  0.000000e+00 -6.252998e-01
    outer loop
      vertex  4.835664e+01 -2.300000e+01 -1.385763e+01
      vertex  4.752605e+01  2.300000e+01 -1.489421e+01
      vertex  4.835664e+01  2.300000e+01 -1.385763e+01
    endloop
  endfacet
  facet normal  8.151796e-01  0.000000e+00 -5.792084e-01
    outer loop
      vertex  4.835664e+01 -2.300000e+01 -1.385763e+01
      vertex  4.835664e+01  2.300000e+01 -1.385763e+01
      vertex  4.912600e+01 -2.300000e+01 -1.277483e+01
    endloop
  endfacet
  facet normal  8.151796e-01  0.000000e+00 -5.792084e-01
    outer loop
      vertex  4.912600e+01 -2.300000e+01 -1.277483e+01
      vertex  4.835664e+01  2.300000e+01 -1.385763e+01
      vertex  4.912600e+01  2.300000e+01 -1.277483e+01
    endloop
  endfacet
  facet normal  8.472573e-01  0.000000e+00 -5.311826e-01
    outer loop
      vertex  4.912600e+01 -2.300000e+01 -1.277483e+01
      vertex  4.912600e+01  2.300000e+01 -1.277483e+01
      vertex  4.983156e+01 -2.300000e+01 -1.164942e+01
    endloop
  endfacet
  facet normal  8.472573e-01  0.000000e+00 -5.311826e-01
    outer loop
      vertex  4.983156e+01 -2.300000e+01 -1.164942e+01
      vertex  4.912600e+01  2.300000e+01 -1.277483e+01
      vertex  4.983156e+01  2.300000e+01 -1.164942e+01
    endloop
  endfacet
  facet normal  8.765070e-01  0.000000e+00 -4.813890e-01
    outer loop
      vertex  4.983156e+01 -2.300000e+01 -1.164942e+01
      vertex  4.983156e+01  2.300000e+01 -1.164942e+01
      vertex  5.047099e+01 -2.300000e+01 -1.048516e+01
    endloop
  endfacet
  facet normal  8.765070e-01  0.000000e+00 -4.813890e-01
    outer loop
      vertex  5.047099e+01 -2.300000e+01 -1.048516e+01
      vertex  4.983156e+01  2.300000e+01 -1.164942e+01
      vertex  5.047099e+01  2.300000e+01 -1.048516e+01
    endloop
  endfacet
  facet normal  8.900430e-01  0.000000e+00 -4.558766e-01
    outer loop
      vertex  6.250000e+01 -2.300000e+01  1.300000e+01
      vertex  5.047099e+01 -2.300000e+01 -1.048516e+01
      vertex  6.250000e+01  2.300000e+01  1.300000e+01
    endloop
  endfacet
  facet normal  8.900430e-01  0.000000e+00 -4.558766e-01
    outer loop
      vertex  6.250000e+01  2.300000e+01  1.300000e+01
      vertex  5.047099e+01 -2.300000e+01 -1.048516e+01
      vertex  5.047099e+01  2.300000e+01 -1.048516e+01
    endloop
  endfacet
  facet normal  9.999999e-01  0.000000e+00  0.000000e+00
    outer loop
      vertex  8.250000e+01 -2.300000e+01  1.300000e+01
      vertex  8.250000e+01  2.300000e+01  1.300000e+01
      vertex  8.250000e+01 -2.300000e+01  2.300000e+01
    endloop
  endfacet
  facet normal  9.999999e-01  -0.000000e+00  0.000000e+00
    outer loop
      vertex  8.250000e+01 -2.300000e+01  2.300000e+01
      vertex  8.250000e+01  2.300000e+01  1.300000e+01
      vertex  8.250000e+01  2.300000e+01  2.300000e+01
    endloop
  endfacet
  facet normal  1.000000e+00  0.000000e+00  0.000000e+00
    outer loop
      vertex  6.250000e+01 -2.300000e+01  3.100000e+01
      vertex  6.250000e+01 -2.300000e+01  2.300000e+01
      vertex  6.250000e+01  2.300000e+01  3.100000e+01
    endloop
  endfacet
  facet normal  1.000000e+00  0.000000e+00  0.000000e+00
    outer loop
      vertex  6.250000e+01  2.300000e+01  3.100000e+01
      vertex  6.250000e+01 -2.300000e+01  2.300000e+01
      vertex  6.250000e+01  2.300000e+01  2.300000e+01
    endloop
  endfacet
  facet normal  0.000000e+00  0.000000e+00  1.000000e+00
    outer loop
      vertex  6.250000e+01 -2.300000e+01  3.100000e+01
      vertex  6.250000e+01  2.300000e+01  3.100000e+01
      vertex  5.659757e+01 -2.300000e+01  3.100000e+01
    endloop
  endfacet
  facet normal  0.000000e+00  0.000000e+00  1.000000e+00
    outer loop
      vertex  5.659757e+01 -2.300000e+01  3.100000e+01
      vertex  6.250000e+01  2.300000e+01  3.100000e+01
      vertex  5.659757e+01  2.300000e+01  3.100000e+01
    endloop
  endfacet
  facet normal -8.900430e-01  0.000000e+00  4.558766e-01
    outer loop
      vertex  5.250000e+01 -2.300000e+01  2.300000e+01
      vertex  5.659757e+01 -2.300000e+01  3.100000e+01
      vertex  5.250000e+01  2.300000e+01  2.300000e+01
    endloop
  endfacet
  facet normal -8.900430e-01  0.000000e+00  4.558766e-01
    outer loop
      vertex  5.250000e+01  2.300000e+01  2.300000e+01
      vertex  5.659757e+01 -2.300000e+01  3.100000e+01
      vertex  5.659757e+01  2.300000e+01  3.100000e+01
    endloop
  endfacet
  facet normal  0.000000e+00  0.000000e+00  1.000000e+00
    outer loop
      vertex  3.000000e+01  2.300000e+01  2.300000e+01
      vertex  3.000000e+01 -2.300000e+01  2.300000e+01
      vertex  5.250000e+01  2.300000e+01  2.300000e+01
    endloop
  endfacet
  facet normal  0.000000e+00  0.000000e+00  1.000000e+00
    outer loop
      vertex  5.250000e+01  2.300000e+01  2.300000e+01
      vertex  3.000000e+01 -2.300000e+01  2.300000e+01
      vertex  5.250000e+01 -2.300000e+01  2.300000e+01
    endloop
  endfacet
  facet normal  0.000000e+00  0.000000e+00  1.000000e+00
    outer loop
      vertex -3.000000e+01  2.300000e+01  2.300000e+01
      vertex -3.000000e+01 -2.300000e+01  2.300000e+01
      vertex  3.000000e+01  2.300000e+01  2.300000e+01
    endloop
  endfacet
  facet normal  0.000000e+00  0.000000e+00  1.000000e+00
    outer loop
      vertex  3.000000e+01  2.300000e+01  2.300000e+01
      vertex -3.000000e+01 -2.300000e+01  2.300000e+01
      vertex  3.000000e+01 -2.300000e+01  2.300000e+01
    endloop
  endfacet
endsolid CATIA STL
