// 4.24.2 0xaf4201a1 D2 R1 FRGB565 U565 N0 SExtFlashSection
// Generated by imageconverter. Please, do not edit!

#include <touchgfx/hal/Config.hpp>

LOCATION_PRAGMA("ExtFlashSection")
KEEP extern const unsigned char image_image3[] LOCATION_ATTRIBUTE("ExtFlashSection") = { // 320x240 RGB565 pixels.
    0xc5, 0x10, 0xc5, 0x10, 0xc4, 0x10, 0xc5, 0x10, 0xc5, 0x10, 0xc5, 0x10,
    0xc4, 0x10, 0xc5, 0x10, 0xc5, 0x10, 0xc5, 0x10, 0xc5, 0x10, 0xc5, 0x10,
    0xe5, 0x10, 0xc5, 0x10, 0xc4, 0x10, 0xc5, 0x10, 0xc5, 0x10, 0xc5, 0x10,
    0xc5, 0x10, 0xc5, 0x10, 0xc5, 0x10, 0xc5, 0x10, 0xc5, 0x10, 0xc5, 0x10,
    0xe5, 0x10, 0xc5, 0x10, 0xc4, 0x10, 0xc5, 0x10, 0xe4, 0x10, 0xc5, 0x10,
    0xc5, 0x10, 0xc5, 0x10, 0xc5, 0x10, 0xe4, 0x10, 0xc5, 0x10, 0xc5, 0x10,
    0xc4, 0x10, 0xe5, 0x10, 0xc5, 0x10, 0xc5, 0x10, 0xc5, 0x10, 0xc5, 0x10,
    0xc5, 0x10, 0xc5, 0x10, 0xc5, 0x10, 0xe5, 0x10, 0xc5, 0x10, 0xc5, 0x10,
    0xc5, 0x10, 0xc5, 0x10, 0xc5, 0x10, 0xe5, 0x10, 0xc5, 0x10, 0xc5, 0x10,
    0xc4, 0x10, 0xc5, 0x10, 0xc5, 0x10, 0xc5, 0x10, 0xc5, 0x10, 0xc4, 0x10,
    0xc5, 0x10, 0xc5, 0x10, 0xc5, 0x10, 0xc5, 0x10, 0xc5, 0x10, 0xc5, 0x10,
    0xc4, 0x10, 0xe5, 0x10, 0xc5, 0x10, 0xc5, 0x10, 0xc4, 0x10, 0xc5, 0x10,
    0xe5, 0x10, 0xc5, 0x10, 0xc5, 0x10, 0xc5, 0x10, 0xc4, 0x10, 0xc5, 0x10,
    0xc5, 0x10, 0xc5, 0x10, 0xc5, 0x10, 0xc5, 0x10, 0xc5, 0x10, 0xc5, 0x10,
    0xc5, 0x10, 0xc5, 0x10, 0xc4, 0x10, 0xc5, 0x10, 0xc5, 0x10, 0xc4, 0x10,
    0xc5, 0x10, 0xc5, 0x10, 0xc5, 0x10, 0xc5, 0x10, 0xc5, 0x10, 0xc4, 0x10,
    0xe5, 0x10, 0xc5, 0x10, 0xc4, 0x10, 0xc5, 0x10, 0xc5, 0x10, 0xe5, 0x10,
    0xc4, 0x10, 0xc5, 0x10, 0xc5, 0x10, 0xc5, 0x10, 0xc4, 0x10, 0xc5, 0x10,
    0xc5, 0x10, 0xc4, 0x10, 0xc5, 0x10, 0xc5, 0x10, 0xc5, 0x10, 0xc4, 0x10,
    0xc5, 0x10, 0xc5, 0x10, 0xc5, 0x10, 0xc5, 0x10, 0xc4, 0x10, 0xc5, 0x10,
    0xc5, 0x10, 0xc5, 0x10, 0xc4, 0x10, 0xc5, 0x10, 0xc5, 0x10, 0xc5, 0x10,
    0xc5, 0x10, 0xe4, 0x10, 0xc5, 0x10, 0xc5, 0x10, 0xc5, 0x10, 0xc5, 0x10,
    0xc5, 0x10, 0xc5, 0x10, 0xc5, 0x10, 0xc5, 0x10, 0xc5, 0x10, 0xc5, 0x10,
    0xc5, 0x10, 0xc5, 0x10, 0xc5, 0x10, 0xc4, 0x10, 0xc5, 0x10, 0xc5, 0x10,
    0xe4, 0x10, 0xc5, 0x10, 0xc5, 0x10, 0xc4, 0x10, 0xe5, 0x10, 0xc5, 0x10,
    0xc4, 0x10, 0xc5, 0x10, 0xc5, 0x10, 0xc5, 0x10, 0xc4, 0x10, 0xc5, 0x10,
    0xc5, 0x10, 0xc5, 0x10, 0xc4, 0x10, 0xc5, 0x10, 0xc5, 0x10, 0xc5, 0x10,
    0xc4, 0x10, 0xc5, 0x10, 0xc5, 0x10, 0xc4, 0x10, 0xc5, 0x10, 0xe5, 0x10,
    0xc5, 0x10, 0xc4, 0x10, 0xc5, 0x10, 0xc5, 0x10, 0xc4, 0x10, 0xc5, 0x10,
    0xc5, 0x10, 0xc4, 0x10, 0xc5, 0x10, 0xc5, 0x10, 0xc5, 0x10, 0xe5, 0x10,
    0xc5, 0x10, 0xc4, 0x10, 0xc5, 0x10, 0xc5, 0x10, 0xc5, 0x10, 0xc5, 0x10,
    0xc5, 0x10, 0xc5, 0x10, 0xc4, 0x10, 0xc5, 0x10, 0xc5, 0x10, 0xc5, 0x10,
    0xc5, 0x10, 0xc5, 0x10, 0xc5, 0x10, 0xc4, 0x10, 0xe5, 0x10, 0xc5, 0x10,
    0xc5, 0x10, 0xc4, 0x10, 0xc5, 0x10, 0xc5, 0x10, 0xc5, 0x10, 0xc5, 0x10,
    0xc5, 0x10, 0xc5, 0x10, 0xc4, 0x10, 0xe5, 0x10, 0xc5, 0x10, 0xc5, 0x10,
    0xc5, 0x10, 0xc4, 0x10, 0xc5, 0x10, 0xc5, 0x10, 0xc4, 0x10, 0xc5, 0x10,
    0xc5, 0x10, 0xc4, 0x10, 0xc5, 0x10, 0xc5, 0x10, 0xc4, 0x10, 0xc5, 0x10,
    0xc5, 0x10, 0xc4, 0x10, 0xc5, 0x10, 0xc5, 0x10, 0xc5, 0x10, 0xc5, 0x10,
    0xc4, 0x10, 0xc5, 0x10, 0xc5, 0x10, 0xc5, 0x10, 0xc5, 0x10, 0xc5, 0x10,
    0xc4, 0x10, 0xc5, 0x10, 0xc5, 0x10, 0xc4, 0x10, 0xc5, 0x10, 0xe5, 0x10,
    0xc5, 0x10, 0xc5, 0x10, 0xc5, 0x10, 0xc5, 0x08, 0xc5, 0x10, 0xe5, 0x10,
    0xc5, 0x10, 0xc4, 0x10, 0xc5, 0x10, 0xc5, 0x08, 0xc4, 0x10, 0xc5, 0x10,
    0xc5, 0x10, 0xc4, 0x10, 0xe5, 0x08, 0xc5, 0x10, 0xc5, 0x10, 0xc4, 0x10,
    0xc5, 0x10, 0xc4, 0x10, 0xc5, 0x10, 0xe5, 0x10, 0xc4, 0x08, 0xc5, 0x10,
    0xc5, 0x10, 0xc4, 0x10, 0xc5, 0x10, 0xc5, 0x10, 0xc5, 0x10, 0xc5, 0x10,
    0xc5, 0x08, 0xc4, 0x10, 0xc5, 0x10, 0xc5, 0x08, 0xc5, 0x10, 0xc4, 0x10,
    0xc5, 0x10, 0xc5, 0x10, 0xc5, 0x10, 0xc4, 0x10, 0xe5, 0x08, 0xc5, 0x10,
    0xc4, 0x10, 0xc5, 0x10, 0xc5, 0x10, 0xc4, 0x10, 0xe5, 0x10, 0xc5, 0x10,
    0xc4, 0x10, 0xc5, 0x10, 0xc4, 0x10, 0xc5, 0x10, 0xc5, 0x08, 0xc4, 0x10,
    0xc5, 0x10, 0xc5, 0x10, 0xe5, 0x10, 0xc4, 0x10, 0xc5, 0x10, 0xc5, 0x08,
    0xe5, 0x10, 0xc5, 0x10, 0xc4, 0x10, 0xc5, 0x10, 0xc5, 0x08, 0xc5, 0x10,
    0xc5, 0x10, 0xc5, 0x10, 0xc5, 0x10, 0xc5, 0x10, 0xc5, 0x10, 0xc5, 0x10,
    0xc5, 0x08, 0xc5, 0x10, 0xc4, 0x10, 0xe5, 0x10, 0xc5, 0x10, 0xc5, 0x10,
    0xc5, 0x08, 0xc4, 0x10, 0xc5, 0x10, 0xe4, 0x10, 0xc5, 0x10, 0xc5, 0x10,
    0xe4, 0x10, 0xc5, 0x10, 0xc5, 0x10, 0xc4, 0x10, 0xc5, 0x10, 0xc5, 0x10,
    0xe5, 0x10, 0xc5, 0x10, 0xc5, 0x10, 0xe4, 0x08, 0xc5, 0x10, 0xc5, 0x10,
    0xc5, 0x10, 0xc4, 0x10, 0xc5, 0x08, 0xc5, 0x10, 0xc5, 0x10, 0xc4, 0x10,
    0xc5, 0x10, 0xc5, 0x10, 0xc4, 0x08, 0xe5, 0x10, 0xc5, 0x10, 0xc4, 0x10,
    0xc5, 0x10, 0xc5, 0x10, 0xe4, 0x10, 0xc5, 0x10, 0xc5, 0x10, 0xc5, 0x10,
    0xe5, 0x10, 0xc5, 0x10, 0xc4, 0x10, 0xc5, 0x10, 0xc5, 0x10, 0xe5, 0x10,
    0xc5, 0x10, 0xc4, 0x10, 0xe5, 0x10, 0xc5, 0x08, 0xc5, 0x10, 0xc4, 0x10,
    0xc5, 0x10, 0xc5, 0x10, 0xc5, 0x10, 0xc5, 0x10, 0xc4, 0x10, 0xc5, 0x10,
    0xe5, 0x10, 0xc4, 0x10, 0xc5, 0x10, 0xc5, 0x10, 0xe4, 0x10, 0xc5, 0x10,
    0xc4, 0x10, 0xc5, 0x10, 0xc5, 0x10, 0xc5, 0x10, 0xc5, 0x10, 0xc5, 0x10,
    0xc5, 0x08, 0xc5, 0x10, 0xc5, 0x10, 0xc5, 0x10, 0xc5, 0x10, 0xc4, 0x10,
    0xc5, 0x10, 0xc5, 0x10, 0xe4, 0x10, 0xc5, 0x10, 0xc5, 0x10, 0xc5, 0x10,
    0xc5, 0x10, 0xe5, 0x10, 0xc5, 0x10, 0xc4, 0x10, 0xc5, 0x10, 0xe5, 0x10,
    0xc5, 0x08, 0xc4, 0x10, 0xe5, 0x10, 0xc5, 0x10, 0xc4, 0x10, 0xc5, 0x08,
    0xc5, 0x10, 0xc5, 0x10, 0xe5, 0x10, 0xc5, 0x10, 0xc5, 0x10, 0xc5, 0x08,
    0xe5, 0x10, 0xc5, 0x10, 0xc5, 0x10, 0xc5, 0x08, 0xc5, 0x10, 0xc4, 0x10,
    0xe5, 0x10, 0xc5, 0x10, 0xc5, 0x08, 0xc5, 0x10, 0xe4, 0x10, 0xc5, 0x10,
    0xc5, 0x10, 0xe5, 0x10, 0xc5, 0x10, 0xe5, 0x10, 0xc4, 0x10, 0xc5, 0x10,
    0xc5, 0x10, 0xc4, 0x08, 0xc5, 0x10, 0xc5, 0x10, 0xc5, 0x10, 0xc5, 0x10,
    0xc4, 0x10, 0xc5, 0x10, 0xe5, 0x10, 0xc4, 0x10, 0xc5, 0x10, 0xe5, 0x08,
    0xc4, 0x10, 0xc5, 0x10, 0xc5, 0x10, 0xc4, 0x10, 0xc5, 0x08, 0xc5, 0x10,
    0xc5, 0x10, 0xe5, 0x08, 0xc5, 0x10, 0xc5, 0x10, 0xc5, 0x10, 0xe4, 0x10,
    0xe5, 0x10, 0xc5, 0x10, 0xc4, 0x10, 0xe5, 0x10, 0xc5, 0x10, 0xe4, 0x08,
    0xc5, 0x10, 0xc5, 0x10, 0xe5, 0x10, 0xc5, 0x10, 0xc4, 0x10, 0xe5, 0x10,
    0xc5, 0x10, 0xc5, 0x10, 0xc5, 0x10, 0xc4, 0x10, 0xc5, 0x10, 0xe5, 0x08,
    0xc5, 0x10, 0xc4, 0x10, 0xc5, 0x10, 0xc5, 0x10, 0xc4, 0x10, 0xc5, 0x10,
    0xc5, 0x10, 0xc4, 0x10, 0xc5, 0x10, 0xe5, 0x10, 0xe4, 0x10, 0xc4, 0x10,
    0xc5, 0x08, 0xc5, 0x10, 0xe5, 0x10, 0xe4, 0x10, 0xc5, 0x10, 0xe5, 0x10,
    0xc5, 0x10, 0xc5, 0x10, 0xc5, 0x10, 0xe5, 0x10, 0xc4, 0x10, 0xc5, 0x08,
    0xe5, 0x10, 0xe5, 0x10, 0xc4, 0x10, 0xc5, 0x10, 0xe5, 0x10, 0xc5, 0x10,
    0xc4, 0x10, 0xc5, 0x08, 0xc5, 0x10, 0xe5, 0x10, 0xc5, 0x10, 0xc5, 0x10,
    0xe4, 0x10, 0xe5, 0x10, 0xc5, 0x10, 0xc5, 0x10, 0xc5, 0x10, 0xe5, 0x10,
    0xc5, 0x08, 0xc5, 0x10, 0xc4, 0x10, 0xe5, 0x10, 0xc5, 0x10, 0xc4, 0x10,
    0xe5, 0x10, 0xe5, 0x10, 0xc4, 0x08, 0xc5, 0x10, 0xc5, 0x10, 0xc4, 0x10,
    0xe5, 0x10, 0xe5, 0x08, 0xc5, 0x10, 0xc4, 0x10, 0xc5, 0x10, 0xe5, 0x10,
    0xc5, 0x10, 0xe5, 0x08, 0xc4, 0x10, 0xc5, 0x10, 0xc5, 0x10, 0xe5, 0x10,
    0xc4, 0x10, 0xc5, 0x10, 0xe5, 0x10, 0xc4, 0x10, 0xe5, 0x10, 0xe4, 0x10,
    0xc5, 0x10, 0xc5, 0x08, 0xc4, 0x10, 0xe4, 0x10, 0xc5, 0x10, 0xe5, 0x10,
    0xc4, 0x10, 0xc4, 0x10, 0xe5, 0x10, 0xc5, 0x08, 0xc5, 0x10, 0xe5, 0x10,
    0xc4, 0x10, 0xe5, 0x10, 0xc5, 0x08, 0xc5, 0x10, 0xc4, 0x10, 0xe5, 0x10,
    0xc5, 0x10, 0xc5, 0x08, 0xc5, 0x10, 0xe5, 0x10, 0xe5, 0x10, 0xc5, 0x10,
    0xc5, 0x08, 0xe4, 0x10, 0xc4, 0x10, 0xc5, 0x10, 0xe5, 0x10, 0xc5, 0x10,
    0xc5, 0x10, 0xc5, 0x10, 0xe5, 0x10, 0xe5, 0x10, 0xc4, 0x10, 0xc5, 0x08,
    0xc5, 0x10, 0xe5, 0x10, 0xc5, 0x10, 0xc5, 0x10, 0xe5, 0x10, 0xc5, 0x10,
    0xc5, 0x10, 0xe5, 0x08, 0xc5, 0x10, 0xc4, 0x10, 0xe5, 0x10, 0xc5, 0x10,
    0xc5, 0x08, 0xc4, 0x10, 0xe5, 0x10, 0xc5, 0x08, 0xe5, 0x10, 0xc4, 0x10,
    0xc5, 0x08, 0xe5, 0x10, 0xc5, 0x10, 0xc5, 0x10, 0xe4, 0x10, 0xe5, 0x10,
    0xc5, 0x08, 0xc5, 0x10, 0xe4, 0x10, 0xc5, 0x10, 0xc5, 0x10, 0xe4, 0x08,
    0xc5, 0x10, 0xc5, 0x10, 0xc5, 0x10, 0xe4, 0x10, 0xc5, 0x08, 0xc5, 0x10,
    0xe5, 0x10, 0xc4, 0x10, 0xe5, 0x10, 0xe4, 0x08, 0xc5, 0x10, 0xe5, 0x10,
    0xc4, 0x10, 0xc5, 0x10, 0xc5, 0x10, 0xe5, 0x10, 0xc5, 0x10, 0xc5, 0x08,
    0xe5, 0x10, 0xc5, 0x10, 0xc5, 0x08, 0xc5, 0x10, 0xc5, 0x10, 0xe5, 0x10,
    0xe4, 0x10, 0xc4, 0x08, 0xc5, 0x10, 0xc5, 0x10, 0xe4, 0x10, 0xc5, 0x10,
    0xe5, 0x10, 0xc5, 0x10, 0xc5, 0x10, 0xe5, 0x10, 0xc5, 0x10, 0xc5, 0x10,
    0xc4, 0x10, 0xe5, 0x10, 0xc5, 0x08, 0xc4, 0x10, 0xc5, 0x10, 0xe5, 0x10,
    0xc4, 0x10, 0xc5, 0x10, 0xe5, 0x10, 0xe4, 0x10, 0xc4, 0x10, 0xc5, 0x10,
    0xc5, 0x10, 0xc5, 0x10, 0xc4, 0x10, 0xe5, 0x10, 0xc5, 0x10, 0xc4, 0x08,
    0xc5, 0x10, 0xc4, 0x10, 0xc5, 0x08, 0xc5, 0x10, 0xc5, 0x10, 0xc5, 0x10,
    0xe4, 0x10, 0xe5, 0x10, 0xc5, 0x10, 0xe5, 0x10, 0xc4, 0x08, 0xc5, 0x10,
    0xe5, 0x10, 0xc5, 0x08, 0xc5, 0x10, 0xc5, 0x10, 0xe5, 0x10, 0xc4, 0x10,
    0xc5, 0x10, 0xc5, 0x10, 0xe5, 0x10, 0xc5, 0x10, 0xc5, 0x10, 0xe4, 0x10,
    0xe4, 0x10, 0xc5, 0x10, 0xc4, 0x10, 0xe5, 0x10, 0xc5, 0x10, 0xc5, 0x10,
    0xc5, 0x08, 0xc5, 0x10, 0xc5, 0x10, 0xc5, 0x10, 0xc5, 0x10, 0xc5, 0x10,
    0xe5, 0x10, 0xc5, 0x10, 0xc4, 0x08, 0xc5, 0x10, 0xe5, 0x10, 0xc5, 0x08,
    0xc5, 0x10, 0xc4, 0x10, 0xe5, 0x10, 0xc5, 0x10, 0xe4, 0x10, 0xc5, 0x10,
    0xc5, 0x10, 0xc5, 0x10, 0xe5, 0x10, 0xe5, 0x08, 0xc5, 0x10, 0xc5, 0x10,
    0xc5, 0x10, 0xc5, 0x10, 0xe4, 0x10, 0xc5, 0x10, 0xc5, 0x10, 0xc5, 0x10,
    0xc5, 0x10, 0xe5, 0x10, 0xc4, 0x10, 0xc5, 0x10, 0xc5, 0x10, 0xc4, 0x10,
    0xe4, 0x08, 0xc5, 0x10, 0xc5, 0x10, 0xc4, 0x10, 0xe5, 0x10, 0xc5, 0x10,
    0xc5, 0x10, 0xc5, 0x10, 0xc5, 0x08, 0xe4, 0x10, 0xc5, 0x10, 0xc5, 0x10,
    0xe5, 0x10, 0xe5, 0x10, 0xc5, 0x10, 0xc4, 0x08, 0xe4, 0x10, 0xc5, 0x10,
    0xc4, 0x10, 0xc5, 0x10, 0xc5, 0x10, 0xe4, 0x10, 0xe4, 0x10, 0xc5, 0x10,
    0xc5, 0x10, 0xe5, 0x10, 0xc5, 0x10, 0xc5, 0x08, 0xc5, 0x10, 0xc4, 0x10,
    0xc5, 0x10, 0xc5, 0x10, 0xc5, 0x10, 0xe5, 0x10, 0xc5, 0x10, 0xc4, 0x08,
    0xc5, 0x10, 0xc5, 0x10, 0xc5, 0x10, 0xe5, 0x10, 0xe5, 0x10, 0xc5, 0x10,
    0xc4, 0x10, 0xc5, 0x10, 0xc5, 0x10, 0xc5, 0x08, 0xe5, 0x10, 0xc4, 0x10,
    0xc5, 0x10, 0xe5, 0x10, 0xc5, 0x08, 0xc5, 0x10, 0xc5, 0x10, 0xc5, 0x10,
    0xe4, 0x10, 0xc5, 0x10, 0xe5, 0x10, 0xc5, 0x08, 0xc5, 0x10, 0xc5, 0x10,
    0xe5, 0x10, 0xc5, 0x10, 0xc5, 0x10, 0xc5, 0x10, 0xc4, 0x10, 0xe4, 0x10,
    0xc5, 0x10, 0xc5, 0x10, 0xe5, 0x10, 0xc5, 0x10, 0xc5, 0x10, 0xc4, 0x08,
    0xc5, 0x10, 0xc5, 0x10, 0xe4, 0x10, 0xc5, 0x08, 0xc5, 0x10, 0xc4, 0x10,
    0xe5, 0x10, 0xc5, 0x10, 0xc5, 0x10, 0xc5, 0x10, 0xc4, 0x10, 0xc5, 0x08,
    0xe4, 0x10, 0xc5, 0x10, 0xc5, 0x10, 0xc5, 0x10, 0xc5, 0x10, 0xe5, 0x10,
    0xe5, 0x10, 0xc4, 0x10, 0xc5, 0x10, 0xc5, 0x10, 0xc4, 0x10, 0xe5, 0x08,
    0xc4, 0x10, 0xc5, 0x10, 0xc5, 0x10, 0xe5, 0x10, 0xc5, 0x08, 0xc4, 0x10,
    0xc4, 0x10, 0xe5, 0x10, 0xc5, 0x10, 0xe5, 0x10, 0xc4, 0x10, 0xc5, 0x10,
    0xc5, 0x10, 0xc5, 0x10, 0xc4, 0x10, 0xc5, 0x10, 0xc5, 0x10, 0xc5, 0x10,
    0xc5, 0x10, 0xe4, 0x10, 0xc5, 0x10, 0xc5, 0x08, 0xe4, 0x10, 0xc5, 0x10,
    0xc5, 0x10, 0xc5, 0x10, 0xe4, 0x08, 0xc5, 0x10, 0xc5, 0x10, 0xe5, 0x10,
    0xc5, 0x08, 0xc5, 0x10, 0xc5, 0x10, 0xc5, 0x10, 0xc4, 0x10, 0xc5, 0x10,
    0xe4, 0x10, 0xe5, 0x10, 0xc4, 0x10, 0xc4, 0x08, 0xe5, 0x10, 0xc4, 0x10,
    0xc5, 0x10, 0xe5, 0x10, 0xc4, 0x10, 0xc5, 0x10, 0xe4, 0x10, 0xc4, 0x08,
    0xc5, 0x10, 0xc5, 0x10, 0xc5, 0x10, 0xe5, 0x10, 0xc5, 0x08, 0xc5, 0x10,
    0xc4, 0x10, 0xc5, 0x10, 0xc5, 0x08, 0xc4, 0x10, 0xc5, 0x10, 0xe5, 0x10,
    0xe5, 0x10, 0xc4, 0x10, 0xc5, 0x10, 0xc5, 0x10, 0xe4, 0x10, 0xc5, 0x10,
    0xc5, 0x10, 0xc4, 0x08, 0xc5, 0x10, 0xc5, 0x10, 0xc5, 0x10, 0xe5, 0x08,
    0xc5, 0x10, 0xc4, 0x10, 0xe5, 0x10, 0xc4, 0x10, 0xc5, 0x10, 0xc5, 0x10,
    0xe5, 0x10, 0xe5, 0x10, 0xc4, 0x10, 0xc5, 0x10, 0xc5, 0x10, 0xe4, 0x08,
    0xc5, 0x10, 0xc5, 0x10, 0xc5, 0x10, 0xc4, 0x10, 0xe5, 0x10, 0xc5, 0x10,
    0xc5, 0x10, 0xe4, 0x10, 0xc5, 0x10, 0xc5, 0x08, 0xc4, 0x10, 0xc5, 0x10,
    0xe5, 0x10, 0xc5, 0x08, 0xc4, 0x10, 0xe5, 0x10, 0xc5, 0x10, 0xc5, 0x10,
    0xc5, 0x10, 0xc5, 0x10, 0xe5, 0x10, 0xc4, 0x10, 0xc5, 0x08, 0xc5, 0x10,
    0xc4, 0x10, 0xc5, 0x10, 0xe5, 0x10, 0xe4, 0x08, 0xc5, 0x10, 0xc5, 0x10,
    0xc4, 0x10, 0xc5, 0x10, 0xc5, 0x10, 0xe4, 0x10, 0xc5, 0x10, 0xc5, 0x10,
    0xc4, 0x10, 0xe5, 0x08, 0xc5, 0x10, 0xe4, 0x10, 0xc5, 0x08, 0xc5, 0x10,
    0xc4, 0x10, 0xe5, 0x10, 0xc5, 0x10, 0xc4, 0x10, 0xc5, 0x10, 0xe5, 0x10,
    0xc5, 0x10, 0xc5, 0x10, 0xc5, 0x10, 0xc5, 0x08, 0xc4, 0x10, 0xc5, 0x10,
    0xe5, 0x10, 0xc4, 0x10, 0xc5, 0x08, 0xc5, 0x10, 0xc5, 0x10, 0xe5, 0x10,
    0xc5, 0x10, 0xe5, 0x10, 0xc4, 0x10, 0xc5, 0x08, 0xc5, 0x10, 0xe4, 0x10,
    0xc4, 0x10, 0xc5, 0x10, 0xc5, 0x10, 0xc5, 0x10, 0xc5, 0x10, 0xc4, 0x08,
    0xc4, 0x10, 0xc5, 0x10, 0xe5, 0x10, 0xc5, 0x10, 0xc5, 0x10, 0xe5, 0x10,
    0xc5, 0x08, 0xc5, 0x10, 0xc5, 0x10, 0xc5, 0x08, 0xc5, 0x10, 0xc4, 0x10,
    0xe5, 0x10, 0xc4, 0x10, 0xc4, 0x10, 0xe5, 0x10, 0xc5, 0x10, 0xc5, 0x08,
    0xe5, 0x10, 0xc5, 0x10, 0xc4, 0x10, 0xe5, 0x10, 0xc5, 0x10, 0xe5, 0x10,
    0xc5, 0x10, 0xc4, 0x10, 0xc4, 0x10, 0xc5, 0x08, 0xc5, 0x10, 0xc4, 0x10,
    0xc5, 0x10, 0xc4, 0x10, 0xe5, 0x10, 0xc5, 0x10, 0xe4, 0x10, 0xc5, 0x10,
    0xc5, 0x08, 0xc4, 0x10, 0xc4, 0x10, 0xe5, 0x10, 0xc5, 0x10, 0xc5, 0x08,
    0xc5, 0x10, 0xc4, 0x10, 0xc5, 0x10, 0xe5, 0x10, 0xc4, 0x10, 0xc4, 0x08,
    0xc5, 0x10, 0xc5, 0x10, 0xe5, 0x08, 0xc4, 0x10, 0xc5, 0x10, 0xc5, 0x08,
    0xc5, 0x10, 0xc5, 0x10, 0xc4, 0x10, 0xe4, 0x10, 0xe5, 0x10, 0xc5, 0x10,
    0xc5, 0x10, 0xe4, 0x10, 0xc5, 0x10, 0xc4, 0x10, 0xc5, 0x10, 0xc5, 0x10,
    0xc4, 0x10, 0xc5, 0x10, 0xc5, 0x08, 0xe5, 0x10, 0xc5, 0x10, 0xc4, 0x10,
    0xc5, 0x10, 0xe4, 0x08, 0xc5, 0x10, 0xc4, 0x10, 0xc4, 0x08, 0xc5, 0x10,
    0xc5, 0x10, 0xc4, 0x10, 0xe5, 0x08, 0xe5, 0x10, 0xc4, 0x10, 0xc5, 0x10,
    0xc5, 0x10, 0xe4, 0x10, 0xc5, 0x10, 0xc5, 0x10, 0xc5, 0x10, 0xc5, 0x10,
    0xe5, 0x10, 0xc5, 0x10, 0xc5, 0x10, 0xc4, 0x10, 0xc5, 0x10, 0xc5, 0x10,
    0xc5, 0x10, 0xe4, 0x10, 0xc5, 0x10, 0xc5, 0x08, 0xe5, 0x10, 0xc4, 0x10,
    0xc5, 0x10, 0xe4, 0x10, 0xc5, 0x10, 0xc5, 0x10, 0xe5, 0x10, 0xc5, 0x10,
    0xc4, 0x10, 0xc5, 0x10, 0xe5, 0x10, 0xc5, 0x10, 0xc5, 0x10, 0xc4, 0x10,
    0xc4, 0x10, 0xc5, 0x10, 0xe5, 0x10, 0xc5, 0x10, 0xc5, 0x10, 0xc5, 0x10,
    0xc5, 0x08, 0xc5, 0x10, 0xc5, 0x10, 0xc5, 0x10, 0xc5, 0x10, 0xe5, 0x10,
    0xc4, 0x08, 0xc5, 0x10, 0xe5, 0x10, 0xc5, 0x10, 0xc5, 0x10, 0xc5, 0x10,
    0xc5, 0x10, 0xc5, 0x10, 0xe5, 0x10, 0xc4, 0x10, 0xc5, 0x10, 0xc5, 0x10,
    0xc5, 0x10, 0xe4, 0x10, 0xe5, 0x10, 0xc5, 0x10, 0xc4, 0x10, 0xc5, 0x08,
    0xc4, 0x10, 0xc5, 0x10, 0xc5, 0x10, 0xe4, 0x10, 0xc5, 0x08, 0xc5, 0x10,
    0xc4, 0x10, 0xc5, 0x10, 0xe5, 0x10, 0xc5, 0x10, 0xc5, 0x10, 0xe5, 0x10,
    0xc4, 0x10, 0xc5, 0x10, 0xc5, 0x08, 0xc5, 0x10, 0xe5, 0x10, 0xc5, 0x10,
    0xc4, 0x10, 0xc5, 0x10, 0xc5, 0x10, 0xe5, 0x10, 0xe4, 0x10, 0xc5, 0x10,
    0xc5, 0x10, 0xc5, 0x08, 0xc4, 0x10, 0xc5, 0x10, 0xc5, 0x10, 0xc5, 0x10,
    0xe4, 0x10, 0xc5, 0x10, 0xc5, 0x10, 0xc4, 0x10, 0xe5, 0x10, 0xc5, 0x10,
    0xc5, 0x10, 0xe5, 0x10, 0xc4, 0x10, 0xc5, 0x08, 0xc5, 0x10, 0xc4, 0x10,
    0xc5, 0x10, 0xc5, 0x08, 0xc5, 0x10, 0xc5, 0x10, 0xc4, 0x10, 0xe5, 0x10,
    0xe5, 0x10, 0xc4, 0x10, 0xc5, 0x10, 0xc5, 0x10, 0xc4, 0x10, 0xe5, 0x10,
    0xc5, 0x10, 0xc4, 0x08, 0xe5, 0x10, 0xc5, 0x10, 0xc5, 0x10, 0xc4, 0x10,
    0xe5, 0x10, 0xc5, 0x10, 0xc5, 0x10, 0xc5, 0x10, 0xc5, 0x10, 0xc5, 0x10,
    0xe4, 0x08, 0xc5, 0x10, 0xc5, 0x10, 0xc4, 0x10, 0xc5, 0x10, 0xe4, 0x10,
    0xc5, 0x10, 0xc4, 0x10, 0xe5, 0x10, 0xc5, 0x10, 0xc5, 0x10, 0xe4, 0x10,
    0xc5, 0x08, 0xc5, 0x10, 0xc5, 0x10, 0xe5, 0x10, 0xc4, 0x10, 0xc5, 0x08,
    0xc5, 0x10, 0xc4, 0x10, 0xe5, 0x10, 0xc5, 0x10, 0xc5, 0x10, 0xc5, 0x10,
    0xe5, 0x08, 0xc4, 0x10, 0xe5, 0x10, 0xc5, 0x10, 0xc5, 0x10, 0xe5, 0x10,
    0xc5, 0x10, 0xc5, 0x10, 0xc4, 0x10, 0xc5, 0x10, 0xc5, 0x10, 0xc4, 0x10,
    0xe5, 0x10, 0xc5, 0x10, 0xc4, 0x10, 0xe5, 0x10, 0xc5, 0x10, 0xc5, 0x10,
    0xc5, 0x08, 0xc5, 0x10, 0xe5, 0x10, 0xc5, 0x10, 0xc5, 0x10, 0xe4, 0x10,
    0xc5, 0x10, 0xc5, 0x10, 0xc4, 0x08, 0xc5, 0x10, 0xc5, 0x10, 0xc4, 0x10,
    0xe5, 0x10, 0xc5, 0x10, 0xe5, 0x10, 0xc5, 0x10, 0xc4, 0x10, 0xe5, 0x10,
    0xc5, 0x08, 0xe5, 0x10, 0xc5, 0x10, 0xc4, 0x10, 0xc5, 0x10, 0xc5, 0x10,
    0xe5, 0x10, 0xc5, 0x10, 0xc5, 0x10, 0xc5, 0x10, 0xe4, 0x10, 0xc4, 0x10,
    0xc5, 0x10, 0xc5, 0x10, 0xc4, 0x10, 0xc5, 0x10, 0xe5, 0x10, 0xc5, 0x10,
    0xc5, 0x10, 0xe4, 0x10, 0xc5, 0x10, 0xe5, 0x10, 0xc5, 0x10, 0xc5, 0x10,
    0xe4, 0x10, 0xc5, 0x10, 0xc5, 0x08, 0xc5, 0x10, 0xc5, 0x10, 0xc5, 0x10,
    0xe4, 0x10, 0xc5, 0x10, 0xc5, 0x10, 0xc5, 0x10, 0xe4, 0x10, 0xc5, 0x08,
    0xc5, 0x10, 0xe5, 0x10, 0xc4, 0x10, 0xc5, 0x10, 0xe5, 0x10, 0xc5, 0x10,
    0xe5, 0x10, 0xc5, 0x10, 0xc5, 0x10, 0xe5, 0x10, 0xe5, 0x10, 0xc5, 0x10,
    0xc4, 0x10, 0xc5, 0x10, 0xc5, 0x10, 0xc5, 0x10, 0xc5, 0x10, 0xc5, 0x10,
    0xe5, 0x10, 0xc5, 0x10, 0xc4, 0x08, 0xc4, 0x10, 0xe5, 0x10, 0xc4, 0x10,
    0xc5, 0x08, 0xc5, 0x10, 0xc4, 0x10, 0xc5, 0x08, 0xc5, 0x10, 0xe5, 0x10,
    0xe4, 0x08, 0xc5, 0x10, 0xc5, 0x10, 0xe5, 0x10, 0xc4, 0x10, 0xc5, 0x08,
    0xc5, 0x10, 0xc5, 0x10, 0xc5, 0x08, 0xc5, 0x10, 0xc4, 0x10, 0xc5, 0x10,
    0xe5, 0x10, 0xc4, 0x08, 0xc5, 0x10, 0xc4, 0x10, 0xe5, 0x10, 0xc5, 0x10,
    0xc5, 0x10, 0xe5, 0x10, 0xc4, 0x08, 0xc4, 0x10, 0xe5, 0x10, 0xe5, 0x10,
    0xc4, 0x10, 0xc5, 0x10, 0xc5, 0x10, 0xe5, 0x10, 0xc5, 0x10, 0xc4, 0x10,
    0xc5, 0x10, 0xc5, 0x10, 0xc4, 0x10, 0xc5, 0x08, 0xe5, 0x10, 0xc5, 0x10,
    0xc5, 0x10, 0xe4, 0x10, 0xc5, 0x10, 0xc5, 0x08, 0xe4, 0x10, 0xe5, 0x10,
    0xc4, 0x08, 0xc5, 0x10, 0xc5, 0x10, 0xc5, 0x10, 0xe5, 0x10, 0xc5, 0x10,
    0xc5, 0x10, 0xc5, 0x08, 0xe5, 0x10, 0xc5, 0x10, 0xc5, 0x10, 0xe5, 0x10,
    0xe5, 0x10, 0xc5, 0x10, 0xc5, 0x10, 0xc4, 0x10, 0xc4, 0x08, 0xc5, 0x10,
    0xc5, 0x10, 0xe5, 0x10, 0xe5, 0x10, 0xc5, 0x10, 0xc5, 0x10, 0xc4, 0x08,
    0xe5, 0x10, 0xc5, 0x10, 0xc5, 0x08, 0xc4, 0x10, 0xc5, 0x10, 0xc5, 0x10,
    0xc5, 0x10, 0xc4, 0x10, 0xe5, 0x10, 0xe5, 0x10, 0xc5, 0x08, 0xc4, 0x10,
    0xc5, 0x10, 0xc5, 0x08, 0xe4, 0x10, 0xe5, 0x10, 0xc5, 0x10, 0xc4, 0x08,
    0xc4, 0x10, 0xc5, 0x10, 0xc5, 0x10, 0xc5, 0x10, 0xc4, 0x10, 0xe5, 0x08,
    0xe5, 0x10, 0xc4, 0x10, 0xc4, 0x10, 0xe5, 0x10, 0xc5, 0x10, 0xc5, 0x10,
    0xc5, 0x10, 0xc5, 0x10, 0xc4, 0x08, 0xc5, 0x10, 0xc5, 0x10, 0xe4, 0x10,
    0xc5, 0x10, 0xe5, 0x10, 0xc5, 0x10, 0xc5, 0x10, 0xc4, 0x08, 0xe5, 0x10,
    0xc5, 0x10, 0xc5, 0x10, 0xc4, 0x10, 0xc5, 0x10, 0xc5, 0x10, 0xe5, 0x10,
    0xc5, 0x10, 0xc5, 0x10, 0xc5, 0x10, 0xe5, 0x08, 0xc5, 0x10, 0xc5, 0x10,
    0xc5, 0x10, 0xc5, 0x10, 0xc4, 0x10, 0xe5, 0x10, 0xc4, 0x10, 0xc5, 0x10,
    0xe5, 0x10, 0xc5, 0x10, 0xc4, 0x10, 0xc5, 0x10, 0xe5, 0x10, 0xc4, 0x10,
    0xc5, 0x10, 0xc5, 0x08, 0xc5, 0x10, 0xe5, 0x10, 0xc4, 0x10, 0xc5, 0x10,
    0xc5, 0x10, 0xc5, 0x10, 0xc4, 0x10, 0xe5, 0x08, 0xc4, 0x10, 0xc5, 0x10,
    0xe5, 0x10, 0xc5, 0x10, 0xc5, 0x08, 0xe4, 0x10, 0xc5, 0x10, 0xc5, 0x08,
    0xc4, 0x10, 0xc5, 0x10, 0xe5, 0x10, 0xc4, 0x10, 0xc5, 0x10, 0xc5, 0x10,
    0xe4, 0x10, 0xc5, 0x10, 0xc5, 0x10, 0xc4, 0x08, 0xc4, 0x10, 0xc5, 0x10,
    0xe4, 0x10, 0xc5, 0x10, 0xc5, 0x10, 0xe5, 0x10, 0xc4, 0x10, 0xc5, 0x08,
    0xc5, 0x10, 0xc5, 0x10, 0xc5, 0x08, 0xe5, 0x10, 0xc4, 0x10, 0xc5, 0x10,
    0xe5, 0x10, 0xc5, 0x10, 0xc4, 0x10, 0xc5, 0x08, 0xc5, 0x10, 0xc4, 0x10,
    0xc5, 0x10, 0xe5, 0x10, 0xc5, 0x10, 0xc5, 0x08, 0xc5, 0x10, 0xe5, 0x10,
    0xc5, 0x10, 0xe5, 0x10, 0xe5, 0x08, 0xc5, 0x10, 0xc5, 0x10, 0xc5, 0x10,
    0xe4, 0x10, 0xc5, 0x10, 0xc5, 0x10, 0xc4, 0x10, 0xc5, 0x10, 0xe5, 0x10,
    0xc5, 0x10, 0xc5, 0x10, 0xe4, 0x10, 0xc5, 0x10, 0xc5, 0x08, 0xe4, 0x10,
    0xc5, 0x10, 0xc5, 0x08, 0xc5, 0x10, 0xe5, 0x10, 0xc5, 0x10, 0xc5, 0x10,
    0xe5, 0x10, 0xc5, 0x10, 0xc5, 0x10, 0xe4, 0x10, 0xc4, 0x08, 0xc5, 0x10,
    0xc5, 0x10, 0xc5, 0x10, 0xc5, 0x10, 0xc4, 0x10, 0xc5, 0x10, 0xe5, 0x10,
    0xc5, 0x08, 0xe5, 0x10, 0xc4, 0x10, 0xc4, 0x10, 0xc5, 0x10, 0xe5, 0x08,
    0xc4, 0x10, 0xc5, 0x10, 0xc5, 0x10, 0xe5, 0x10, 0xc5, 0x10, 0xc5, 0x10,
    0xe5, 0x10, 0xc4, 0x10, 0xc5, 0x10, 0xe5, 0x10, 0xc5, 0x10, 0xc5, 0x10,
    0xc4, 0x10, 0xc5, 0x10, 0xe5, 0x10, 0xc4, 0x10, 0xc5, 0x10, 0xc5, 0x10,
    0xe5, 0x10, 0xc5, 0x10, 0xc5, 0x10, 0xe4, 0x10, 0xc5, 0x08, 0xc5, 0x10,
    0xc5, 0x10, 0xe5, 0x10, 0xc5, 0x10, 0xc5, 0x10, 0xc4, 0x10, 0xe5, 0x08,
    0xc5, 0x10, 0xc5, 0x10, 0xc5, 0x10, 0xc5, 0x10, 0xc5, 0x08, 0xc4, 0x10,
    0xc5, 0x10, 0xe5, 0x10, 0xe4, 0x10, 0xc4, 0x08, 0xc5, 0x10, 0xc5, 0x10,
    0xc5, 0x10, 0xe5, 0x10, 0xc4, 0x10, 0xc5, 0x10, 0xc4, 0x10, 0xe4, 0x08,
    0xc5, 0x10, 0xc5, 0x10, 0xc4, 0x10, 0xc5, 0x10, 0xc5, 0x10, 0xc5, 0x10,
    0xc5, 0x10, 0xc5, 0x10, 0xc5, 0x10, 0xc4, 0x08, 0xc5, 0x10, 0xe5, 0x10,
    0xc4, 0x10, 0xe5, 0x10, 0xc5, 0x10, 0xc4, 0x10, 0xc5, 0x10, 0xc4, 0x10,
    0xc5, 0x10, 0xe5, 0x08, 0xc4, 0x10, 0xc5, 0x10, 0xe5, 0x10, 0xe4, 0x10,
    0xc5, 0x08, 0xc4, 0x10, 0xc5, 0x10, 0xc4, 0x10, 0xc4, 0x10, 0xe5, 0x10,
    0xc5, 0x10, 0xc5, 0x10, 0xe4, 0x10, 0xc5, 0x10, 0xc5, 0x08, 0xe5, 0x10,
    0xe4, 0x10, 0xc5, 0x10, 0xc5, 0x10, 0xc5, 0x10, 0xc4, 0x10, 0xc5, 0x10,
    0xe5, 0x10, 0xc5, 0x10, 0xc5, 0x10, 0xc5, 0x10, 0xc5, 0x10, 0xc5, 0x10,
    0xe5, 0x10, 0xc5, 0x10, 0xe5, 0x10, 0xe4, 0x10, 0xc5, 0x10, 0xc5, 0x10,
    0xc5, 0x10, 0xc5, 0x10, 0xe5, 0x10, 0xc5, 0x08, 0xe5, 0x10, 0xc4, 0x10,
    0xc4, 0x08, 0xc5, 0x10, 0xe5, 0x10, 0xe5, 0x10, 0xc5, 0x08, 0xc5, 0x10,
    0xc5, 0x10, 0xc5, 0x10, 0xc5, 0x10, 0xc4, 0x10, 0xc5, 0x10, 0xe5, 0x10,
    0xc5, 0x10, 0xc4, 0x08, 0xc5, 0x10, 0xe4, 0x10, 0xe5, 0x08, 0xc4, 0x10,
    0xc4, 0x10, 0xc5, 0x10, 0xe5, 0x10, 0xc4, 0x10, 0xc5, 0x10, 0xe5, 0x10,
    0xc5, 0x10, 0xc5, 0x10, 0xe5, 0x10, 0xc5, 0x08, 0xc5, 0x10, 0xc5, 0x10,
    0xc5, 0x10, 0xe4, 0x10, 0xc5, 0x10, 0xe5, 0x08, 0xc4, 0x10, 0xc5, 0x10,
    0xe5, 0x10, 0xe5, 0x10, 0xc4, 0x10, 0xc5, 0x10, 0xe5, 0x08, 0xc4, 0x10,
    0xc5, 0x10, 0xc5, 0x10, 0xc5, 0x10, 0xc5, 0x10, 0xe5, 0x10, 0xc4, 0x08,
    0xc4, 0x10, 0xc5, 0x10, 0xe4, 0x10, 0xc5, 0x10, 0xe5, 0x10, 0xc5, 0x10,
    0xc5, 0x10, 0xe4, 0x10, 0xc5, 0x08, 0xc5, 0x10, 0xc4, 0x10, 0xe5, 0x08,
    0xc5, 0x10, 0xc4, 0x10, 0xc5, 0x10, 0xe5, 0x10, 0xc5, 0x10, 0xc5, 0x10,
    0xc5, 0x08, 0xe5, 0x10, 0xc4, 0x10, 0xc5, 0x10, 0xe5, 0x10, 0xc5, 0x10,
    0xc5, 0x10, 0xe4, 0x10, 0xc4, 0x10, 0xc5, 0x10, 0xc5, 0x08, 0xc5, 0x10,
    0xc5, 0x10, 0xc4, 0x10, 0xc5, 0x10, 0xe5, 0x10, 0xe5, 0x10, 0xc5, 0x10,
    0xe5, 0x08, 0xc4, 0x10, 0xc4, 0x10, 0xe5, 0x10, 0xc4, 0x10, 0xc5, 0x08,
    0xc4, 0x10, 0xc5, 0x10, 0xc5, 0x10, 0xc4, 0x10, 0xc4, 0x10, 0xe5, 0x08,
    0xc5, 0x10, 0xc5, 0x10, 0xc5, 0x08, 0xc4, 0x10, 0xe5, 0x10, 0xc5, 0x08,
    0xc4, 0x10, 0xc5, 0x10, 0xc5, 0x10, 0xe4, 0x10, 0xc5, 0x10, 0xc5, 0x10,
    0xc5, 0x10, 0xc5, 0x10, 0xe5, 0x10, 0xc4, 0x08, 0xc5, 0x10, 0xe5, 0x10,
    0xc4, 0x10, 0xc4, 0x08, 0xc5, 0x10, 0xc5, 0x10, 0xc5, 0x10, 0xc5, 0x10,
    0xe5, 0x10, 0xc4, 0x08, 0xe4, 0x10, 0xc5, 0x10, 0xc5, 0x08, 0xc5, 0x10,
    0xc4, 0x10, 0xc5, 0x10, 0xe5, 0x08, 0xc5, 0x10, 0xe5, 0x10, 0xc5, 0x10,
    0xc4, 0x10, 0xc5, 0x10, 0xe5, 0x10, 0xc5, 0x10, 0xc4, 0x08, 0xc5, 0x10,
    0xc4, 0x10, 0xe5, 0x10, 0xe5, 0x10, 0xc5, 0x10, 0xe4, 0x10, 0xc5, 0x08,
    0xc5, 0x10, 0xc5, 0x10, 0xc4, 0x08, 0xc5, 0x10, 0xc5, 0x10, 0xe5, 0x10,
    0xc4, 0x10, 0xe4, 0x10, 0xc5, 0x10, 0xc4, 0x10, 0xe5, 0x10, 0xe5, 0x10,
    0xc4, 0x10, 0xc5, 0x10, 0xe5, 0x10, 0xc5, 0x08, 0xc5, 0x10, 0xc4, 0x10,
    0xc5, 0x10, 0xe4, 0x10, 0xc5, 0x10, 0xc5, 0x10, 0xe4, 0x10, 0xc5, 0x10,
    0xc5, 0x10, 0xc5, 0x08, 0xc5, 0x10, 0xc5, 0x10, 0xe4, 0x10, 0xe5, 0x10,
    0xc5, 0x08, 0xc5, 0x10, 0xe5, 0x10, 0xc5, 0x10, 0xe5, 0x10, 0xc5, 0x10,
    0xc5, 0x10, 0xe4, 0x10, 0xc5, 0x08, 0xe5, 0x10, 0xc5, 0x10, 0xc5, 0x10,
    0xc4, 0x10, 0xe5, 0x10, 0xe5, 0x10, 0xc4, 0x10, 0xe5, 0x10, 0xc5, 0x10,
    0xc4, 0x10, 0xc5, 0x10, 0xc4, 0x10, 0xc5, 0x08, 0xe5, 0x10, 0xc5, 0x10,
    0xc4, 0x10, 0xc5, 0x10, 0xe5, 0x10, 0xc5, 0x10, 0xc5, 0x10, 0xc5, 0x10,
    0xc5, 0x10, 0xc5, 0x10, 0xc4, 0x10, 0xc5, 0x08, 0xe5, 0x10, 0xc5, 0x10,
    0xc5, 0x08, 0xc4, 0x10, 0xe5, 0x10, 0xc5, 0x10, 0xc5, 0x10, 0xc4, 0x10,
    0xc5, 0x10, 0xe5, 0x08, 0xc5, 0x10, 0xc4, 0x10, 0xe5, 0x10, 0xe5, 0x10,
    0xc5, 0x10, 0xc4, 0x10, 0xc5, 0x10, 0xc5, 0x08, 0xc4, 0x10, 0xe5, 0x10,
    0xc5, 0x10, 0xc5, 0x10, 0xc4, 0x08, 0xc5, 0x10, 0xe5, 0x10, 0xc5, 0x10,
    0xc5, 0x10, 0xe4, 0x10, 0xc5, 0x10, 0xc4, 0x10, 0xc5, 0x10, 0xe5, 0x10,
    0xc5, 0x10, 0xe5, 0x10, 0xc5, 0x10, 0xc5, 0x10, 0xc4, 0x10, 0xe5, 0x10,
    0xc5, 0x08, 0xc4, 0x10, 0xe4, 0x10, 0xe5, 0x08, 0xc5, 0x10, 0xc5, 0x10,
    0xc4, 0x10, 0xe5, 0x10, 0xe5, 0x10, 0xc5, 0x10, 0xc5, 0x10, 0xc5, 0x10,
    0xc5, 0x10, 0xe5, 0x08, 0xc4, 0x10, 0xc5, 0x10, 0xc4, 0x10, 0xc5, 0x10,
    0xc5, 0x10, 0xc4, 0x10, 0xc5, 0x10, 0xc5, 0x10, 0xc4, 0x10, 0xe5, 0x10,
    0xc4, 0x08, 0xc5, 0x10, 0xc5, 0x10, 0xc5, 0x10, 0xc5, 0x10, 0xc5, 0x10,
    0xc5, 0x10, 0xc4, 0x10, 0xc5, 0x10, 0xc5, 0x10, 0xc4, 0x10, 0xe5, 0x10,
    0xc5, 0x10, 0xe4, 0x08, 0xe5, 0x10, 0xc5, 0x10, 0xc5, 0x10, 0xc5, 0x10,
    0xc5, 0x10, 0xe5, 0x10, 0xc5, 0x10, 0xc5, 0x10, 0xc5, 0x10, 0xc4, 0x08,
    0xe5, 0x10, 0xc5, 0x10, 0xc5, 0x10, 0xc5, 0x10, 0xe5, 0x10, 0xc5, 0x10,
    0xc4, 0x10, 0xc5, 0x10, 0xe5, 0x08, 0xc5, 0x10, 0xe5, 0x10, 0xe5, 0x10,
    0xc5, 0x10, 0xc4, 0x10, 0xe5, 0x10, 0xc5, 0x08, 0xc5, 0x10, 0xc4, 0x10,
    0xe5, 0x10, 0xc5, 0x10, 0xc5, 0x10, 0xc5, 0x10, 0xc5, 0x10, 0xe5, 0x10,
    0xc4, 0x10, 0xc5, 0x08, 0xe5, 0x10, 0xc5, 0x10, 0xc4, 0x10, 0xc5, 0x10,
    0xc5, 0x10, 0xc5, 0x10, 0xe5, 0x10, 0xc5, 0x10, 0xc5, 0x10, 0xc5, 0x10,
    0xc5, 0x10, 0xe4, 0x10, 0xc5, 0x10, 0xc5, 0x10, 0xe5, 0x10, 0xc5, 0x10,
    0xc5, 0x10, 0xc4, 0x10, 0xc5, 0x10, 0xe5, 0x10, 0xc5, 0x10, 0xc5, 0x10,
    0xc4, 0x10, 0xe5, 0x10, 0xc5, 0x08, 0xc5, 0x10, 0xc5, 0x10, 0xc4, 0x08,
    0xe5, 0x10, 0xc4, 0x10, 0xc4, 0x10, 0xe5, 0x10, 0xc4, 0x10, 0xc5, 0x10,
    0xc5, 0x10, 0xc5, 0x10, 0xe5, 0x10, 0xc5, 0x10, 0xc5, 0x10, 0xe5, 0x10,
    0xc4, 0x10, 0xc5, 0x10, 0xc5, 0x10, 0xe5, 0x10, 0xc4, 0x10, 0xc4, 0x10,
    0xc5, 0x10, 0xc5, 0x10, 0xc5, 0x10, 0xc5, 0x10, 0xc5, 0x10, 0xe4, 0x10,
    0xc5, 0x10, 0xc5, 0x08, 0xe5, 0x10, 0xc4, 0x10, 0xc5, 0x10, 0xe5, 0x10,
    0xc5, 0x10, 0xc5, 0x10, 0xc5, 0x08, 0xc4, 0x10, 0xc5, 0x10, 0xe4, 0x10,
    0xc5, 0x10, 0xe5, 0x10, 0xc5, 0x10, 0xc5, 0x10, 0xe4, 0x10, 0xc5, 0x08,
    0xc5, 0x10, 0xc5, 0x10, 0xe5, 0x08, 0xc5, 0x10, 0xc5, 0x10, 0xc5, 0x10,
    0xc4, 0x08, 0xc5, 0x10, 0xc4, 0x10, 0xc4, 0x10, 0xe5, 0x10, 0xc5, 0x10,
    0xc5, 0x08, 0xe5, 0x10, 0xc4, 0x10, 0xc5, 0x10, 0xe5, 0x10, 0xc5, 0x10,
    0xe5, 0x10, 0xc4, 0x10, 0xc5, 0x10, 0xc5, 0x10, 0xc5, 0x10, 0xc5, 0x10,
    0xc4, 0x10, 0xe4, 0x10, 0xc5, 0x10, 0xc5, 0x08, 0xc5, 0x10, 0xc5, 0x10,
    0xc5, 0x10, 0xe5, 0x10, 0xc5, 0x10, 0xc4, 0x10, 0xe4, 0x08, 0xc5, 0x10,
    0xe5, 0x10, 0xc4, 0x10, 0xc5, 0x08, 0xc5, 0x10, 0xc4, 0x10, 0xc5, 0x10,
    0xc5, 0x08, 0xc5, 0x10, 0xe5, 0x10, 0xc5, 0x10, 0xc5, 0x10, 0xe4, 0x08,
    0xc5, 0x10, 0xc5, 0x10, 0xc5, 0x10, 0xe4, 0x08, 0xc5, 0x10, 0xc5, 0x10,
    0xc5, 0x10, 0xe5, 0x10, 0xe5, 0x10, 0xc5, 0x10, 0xc5, 0x10, 0xc5, 0x10,
    0xc4, 0x10, 0xc5, 0x10, 0xc5, 0x10, 0xc5, 0x10, 0xe4, 0x10, 0xc5, 0x10,
    0xc5, 0x10, 0xc5, 0x10, 0xe4, 0x10, 0xc5, 0x10, 0xc5, 0x08, 0xc5, 0x10,
    0xc4, 0x10, 0xc5, 0x08, 0xe4, 0x10, 0xe5, 0x10, 0xc5, 0x10, 0xe4, 0x08,
    0xc5, 0x10, 0xc4, 0x10, 0xc5, 0x10, 0xc5, 0x10, 0xc5, 0x10, 0xe4, 0x08,
    0xc4, 0x10, 0xc5, 0x10, 0xc5, 0x08, 0xc5, 0x10, 0xc4, 0x10, 0xc5, 0x10,
    0xc5, 0x10, 0xc5, 0x10, 0xc4, 0x10, 0xc5, 0x10, 0xc5, 0x10, 0xc4, 0x10,
    0xc5, 0x10, 0xe5, 0x10, 0xc5, 0x10, 0xc5, 0x10, 0xe5, 0x10, 0xc4, 0x10,
    0xc5, 0x08, 0xc5, 0x10, 0xc5, 0x10, 0xc5, 0x10, 0xc4, 0x10, 0xc5, 0x10,
    0xc5, 0x10, 0xc4, 0x10, 0xe5, 0x10, 0xc5, 0x10, 0xc5, 0x10, 0xe5, 0x08,
    0xc5, 0x10, 0xc5, 0x10, 0xe4, 0x10, 0xc5, 0x10, 0xc4, 0x10, 0xe5, 0x10,
    0xc5, 0x10, 0xc5, 0x10, 0xc5, 0x08, 0xe4, 0x10, 0xc5, 0x10, 0xc5, 0x10,
    0xe4, 0x08, 0xc5, 0x10, 0xc5, 0x10, 0xe5, 0x08, 0xc5, 0x10, 0xc5, 0x10,
    0xc5, 0x10, 0xc4, 0x10, 0xc5, 0x10, 0xc4, 0x10, 0xc4, 0x10, 0xc5, 0x10,
    0xe5, 0x10, 0xc5, 0x10, 0xc4, 0x08, 0xc5, 0x10, 0xc5, 0x10, 0xe4, 0x10,
    0xc5, 0x10, 0xc5, 0x10, 0xc5, 0x10, 0xe4, 0x10, 0xc5, 0x10, 0xc5, 0x10,
    0xc5, 0x10, 0xe5, 0x10, 0xc5, 0x10, 0xc4, 0x10, 0xc4, 0x10, 0xc5, 0x08,
    0xc4, 0x10, 0xc5, 0x10, 0xc5, 0x10, 0xc5, 0x10, 0xc4, 0x10, 0xe5, 0x08,
    0xc4, 0x10, 0xc5, 0x10, 0xe5, 0x08, 0xe5, 0x10, 0xc4, 0x10, 0xc4, 0x10,
    0xe5, 0x10, 0xc5, 0x10, 0xc5, 0x10, 0xc4, 0x10, 0xc5, 0x08, 0xc4, 0x10,
    0xe4, 0x10, 0xc5, 0x08, 0xc5, 0x10, 0xc4, 0x10, 0xc5, 0x10, 0xe5, 0x10,
    0xe5, 0x10, 0xc5, 0x10, 0xc4, 0x08, 0xe5, 0x10, 0xc5, 0x10, 0xc5, 0x10,
    0xc4, 0x10, 0xe5, 0x08, 0xe5, 0x10, 0xc5, 0x10, 0xc4, 0x10, 0xc5, 0x10,
    0xc5, 0x10, 0xc5, 0x10, 0xe4, 0x10, 0xc5, 0x10, 0xc5, 0x10, 0xe4, 0x10,
    0xc5, 0x10, 0xc5, 0x10, 0xc5, 0x10, 0xc5, 0x10, 0xc5, 0x10, 0xc4, 0x08,
    0xe5, 0x10, 0xc5, 0x10, 0xc4, 0x10, 0xe5, 0x08, 0xc4, 0x10, 0xc4, 0x10,
    0xe5, 0x08, 0xc5, 0x10, 0xc5, 0x10, 0xc5, 0x10, 0xe5, 0x10, 0xc5, 0x10,
    0xe5, 0x10, 0xe5, 0x10, 0xc4, 0x10, 0xc4, 0x10, 0xc5, 0x08, 0xc5, 0x10,
    0xe5, 0x10, 0xc5, 0x10, 0xc4, 0x10, 0xc5, 0x10, 0xc5, 0x10, 0xe5, 0x10,
    0xc5, 0x08, 0xc4, 0x10, 0xc5, 0x10, 0xc5, 0x10, 0xc5, 0x10, 0xc5, 0x10,
    0xc5, 0x10, 0xc5, 0x10, 0xe4, 0x10, 0xc5, 0x10, 0xc5, 0x10, 0xc4, 0x10,
    0xc5, 0x10, 0xc5, 0x10, 0xc5, 0x10, 0xc4, 0x10, 0xc5, 0x10, 0xc5, 0x10,
    0xc5, 0x10, 0xe5, 0x10, 0xc5, 0x10, 0xc5, 0x10, 0xe5, 0x10, 0xc5, 0x10,
    0xc5, 0x10, 0xc4, 0x10, 0xc5, 0x10, 0xc5, 0x10, 0xc5, 0x08, 0xc4, 0x10,
    0xc5, 0x10, 0xe5, 0x10, 0xc4, 0x10, 0xe5, 0x10, 0xc5, 0x08, 0xc5, 0x10,
    0xc5, 0x10, 0xc5, 0x10, 0xc4, 0x10, 0xc5, 0x10, 0xe4, 0x10, 0xc4, 0x10,
    0xc5, 0x08, 0xc4, 0x10, 0xc5, 0x10, 0xc5, 0x10, 0xc5, 0x10, 0xc5, 0x10,
    0xc4, 0x10, 0xc5, 0x10, 0xc5, 0x10, 0xe5, 0x10, 0xc5, 0x10, 0xc5, 0x10,
    0xe4, 0x10, 0xe5, 0x10, 0xc5, 0x10, 0xe4, 0x10, 0xc5, 0x10, 0xc5, 0x10,
    0xe5, 0x10, 0xc5, 0x10, 0xc4, 0x10, 0xc5, 0x10, 0xc4, 0x10, 0xe5, 0x10,
    0xc4, 0x08, 0xc4, 0x10, 0xc5, 0x10, 0xe5, 0x10, 0xc5, 0x10, 0xe4, 0x10,
    0xc5, 0x10, 0xe5, 0x10, 0xc5, 0x10, 0xc4, 0x08, 0xc5, 0x10, 0xe5, 0x10,
    0xc5, 0x08, 0xc4, 0x10, 0xc5, 0x10, 0xc5, 0x10, 0xc5, 0x10, 0xc4, 0x10,
    0xc5, 0x10, 0xe5, 0x10, 0xc5, 0x10, 0xc4, 0x10, 0xc5, 0x10, 0xc5, 0x10,
    0xc5, 0x10, 0xe5, 0x10, 0xe5, 0x10, 0xc4, 0x10, 0xc5, 0x10, 0xc5, 0x10,
    0xc5, 0x10, 0xc5, 0x10, 0xe5, 0x10, 0xc5, 0x10, 0xe5, 0x10, 0xc5, 0x10,
    0xc4, 0x08, 0xe4, 0x10, 0xc5, 0x10, 0xc4, 0x08, 0xe5, 0x10, 0xe5, 0x10,
    0xc4, 0x10, 0xc5, 0x10, 0xc5, 0x10, 0xc5, 0x10, 0xc4, 0x10, 0xc5, 0x10,
    0xc5, 0x10, 0xe5, 0x10, 0xc5, 0x08, 0xc4, 0x10, 0xe5, 0x10, 0xe4, 0x10,
    0xc5, 0x08, 0xc5, 0x10, 0xc5, 0x10, 0xe5, 0x10, 0xc5, 0x10, 0xc5, 0x10,
    0xc5, 0x10, 0xc5, 0x10, 0xc5, 0x10, 0xe5, 0x08, 0xc5, 0x10, 0xc5, 0x10,
    0xc5, 0x10, 0xc4, 0x10, 0xe5, 0x10, 0xc5, 0x10, 0xc4, 0x10, 0xe5, 0x10,
    0xc5, 0x10, 0xc4, 0x10, 0xc5, 0x10, 0xe5, 0x10, 0xc4, 0x10, 0xc5, 0x10,
    0xc5, 0x08, 0xe5, 0x10, 0xc5, 0x10, 0xc5, 0x10, 0xe5, 0x08, 0xe5, 0x10,
    0xc4, 0x10, 0xc5, 0x10, 0xc5, 0x10, 0xc4, 0x10, 0xe5, 0x10, 0xc5, 0x10,
    0xc5, 0x10, 0xc5, 0x10, 0xe4, 0x08, 0xc5, 0x10, 0xc4, 0x10, 0xc5, 0x08,
    0xe5, 0x10, 0xc4, 0x10, 0xc5, 0x10, 0xc5, 0x10, 0xc5, 0x10, 0xc5, 0x10,
    0xc5, 0x10, 0xe5, 0x10, 0xc5, 0x08, 0xc4, 0x10, 0xe5, 0x10, 0xc5, 0x10,
    0xc5, 0x10, 0xc4, 0x10, 0xc5, 0x10, 0xc4, 0x10, 0xe5, 0x10, 0xc5, 0x08,
    0xc5, 0x10, 0xc5, 0x10, 0xe4, 0x10, 0xc5, 0x10, 0xc5, 0x10, 0xe5, 0x10,
    0xc5, 0x10, 0xc5, 0x10, 0xc4, 0x10, 0xe5, 0x10, 0xc5, 0x10, 0xc4, 0x08,
    0xc4, 0x10, 0xc5, 0x10, 0xc5, 0x10, 0xc5, 0x10, 0xc4, 0x08, 0xc4, 0x10,
    0xe5, 0x10, 0xc5, 0x10, 0xc5, 0x10, 0xc4, 0x08, 0xc5, 0x10, 0xe4, 0x10,
    0xe5, 0x10, 0xc5, 0x08, 0xc4, 0x10, 0xc5, 0x10, 0xe5, 0x10, 0xc5, 0x10,
    0xc5, 0x10, 0xc5, 0x10, 0xe5, 0x08, 0xc5, 0x10, 0xc5, 0x10, 0xe5, 0x10,
    0xc5, 0x10, 0xc4, 0x10, 0xe5, 0x10, 0xc5, 0x10, 0xc5, 0x10, 0xc5, 0x10,
    0xc5, 0x10, 0xc5, 0x10, 0xe4, 0x10, 0xc5, 0x10, 0xc5, 0x08, 0xc5, 0x10,
    0xc5, 0x10, 0xc4, 0x08, 0xc5, 0x10, 0xe5, 0x10, 0xe5, 0x10, 0xc4, 0x10,
    0xc5, 0x10, 0xc5, 0x10, 0xc4, 0x10, 0xe5, 0x08, 0xc5, 0x10, 0xc4, 0x10,
    0xc4, 0x10, 0xc5, 0x10, 0xe4, 0x10, 0xc5, 0x10, 0xe5, 0x10, 0xc5, 0x08,
    0xc4, 0x10, 0xe4, 0x10, 0xc5, 0x08, 0xc5, 0x10, 0xc5, 0x10, 0xe5, 0x10,
    0xe5, 0x10, 0xc4, 0x10, 0xc5, 0x10, 0xc5, 0x10, 0xe4, 0x08, 0xe5, 0x10,
    0xc4, 0x10, 0xe5, 0x10, 0xc5, 0x10, 0xc5, 0x08, 0xc5, 0x10, 0xc4, 0x10,
    0xe5, 0x10, 0xe5, 0x10, 0xc5, 0x08, 0xc5, 0x10, 0xe4, 0x10, 0xc5, 0x10,
    0xc5, 0x08, 0xc4, 0x10, 0xc5, 0x10, 0xc5, 0x10, 0xe4, 0x10, 0xc4, 0x10,
    0xe5, 0x10, 0xc5, 0x08, 0xc5, 0x10, 0xe5, 0x10, 0xc5, 0x10, 0xc5, 0x10,
    0xe5, 0x10, 0xc5, 0x10, 0xc5, 0x10, 0xe5, 0x10, 0xc5, 0x10, 0xc5, 0x10,
    0xe5, 0x08, 0xc5, 0x10, 0xc5, 0x10, 0xc4, 0x10, 0xe5, 0x08, 0xc5, 0x10,
    0xc5, 0x10, 0xc5, 0x10, 0xc4, 0x10, 0xc5, 0x08, 0xc5, 0x10, 0xc4, 0x10,
    0xc5, 0x08, 0xc4, 0x10, 0xe5, 0x10, 0xc5, 0x10, 0xc5, 0x10, 0xc5, 0x10,
    0xe5, 0x10, 0xc5, 0x10, 0xc5, 0x08, 0xc4, 0x10, 0xc4, 0x10, 0xc5, 0x08,
    0xe5, 0x10, 0xc5, 0x10, 0xe4, 0x10, 0xe5, 0x10, 0xc5, 0x10, 0xc5, 0x10,
    0xc4, 0x10, 0xe5, 0x10, 0xc5, 0x08, 0xc5, 0x10, 0xe4, 0x10, 0xe5, 0x10,
    0xc5, 0x10, 0xc5, 0x10, 0xc5, 0x10, 0xc5, 0x10, 0xc5, 0x10, 0xe5, 0x10,
    0xc5, 0x10, 0xc4, 0x08, 0xc5, 0x10, 0xc5, 0x10, 0xe4, 0x08, 0xc5, 0x10,
    0xc5, 0x10, 0xe5, 0x10, 0xc4, 0x10, 0xc4, 0x10, 0xc5, 0x08, 0xe5, 0x10,
    0xc5, 0x10, 0xc5, 0x10, 0xe5, 0x10, 0xc5, 0x10, 0xc5, 0x10, 0xc5, 0x10,
    0xc5, 0x08, 0xc4, 0x10, 0xe5, 0x10, 0xc5, 0x08, 0xc4, 0x10, 0xc5, 0x10,
    0xe5, 0x10, 0xc4, 0x10, 0xc4, 0x10, 0xc5, 0x10, 0xc5, 0x10, 0xc5, 0x10,
    0xe5, 0x10, 0xe5, 0x10, 0xc4, 0x08, 0xc5, 0x10, 0xe4, 0x10, 0xc4, 0x10,
    0xc5, 0x10, 0xc4, 0x10, 0xe5, 0x10, 0xc5, 0x10, 0xc4, 0x10, 0xc5, 0x10,
    0xe4, 0x08, 0xc5, 0x10, 0xe5, 0x10, 0xc4, 0x10, 0xc5, 0x10, 0xc5, 0x08,
    0xe5, 0x10, 0xc5, 0x10, 0xc4, 0x10, 0xc5, 0x10, 0xc5, 0x10, 0xc5, 0x10,
    0xe4, 0x10, 0xc5, 0x10, 0xc5, 0x10, 0xe5, 0x10, 0xc5, 0x10, 0xc5, 0x10,
    0xc5, 0x08, 0xc4, 0x10, 0xe5, 0x10, 0xe5, 0x10, 0xc4, 0x08, 0xc5, 0x10,
    0xc5, 0x10, 0xe4, 0x10, 0xc5, 0x10, 0xc5, 0x10, 0xc5, 0x10, 0xe5, 0x10,
    0xc4, 0x10, 0xc5, 0x10, 0xc4, 0x08, 0xc5, 0x10, 0xe5, 0x10, 0xe5, 0x10,
    0xc4, 0x10, 0xc5, 0x10, 0xe5, 0x10, 0xc4, 0x10, 0xc5, 0x10, 0xc5, 0x10,
    0xc5, 0x10, 0xe5, 0x10, 0xc5, 0x10, 0xc5, 0x10, 0xc5, 0x10, 0xc5, 0x10,
    0xc4, 0x10, 0xe5, 0x10, 0xc5, 0x10, 0xc5, 0x08, 0xe5, 0x10, 0xc5, 0x10,
    0xc5, 0x10, 0xc5, 0x10, 0xe5, 0x10, 0xc5, 0x08, 0xc5, 0x10, 0xc5, 0x10,
    0xc5, 0x10, 0xc5, 0x10, 0xe5, 0x10, 0xe5, 0x10, 0xc5, 0x10, 0xc5, 0x10,
    0xc5, 0x10, 0xc5, 0x10, 0xc4, 0x10, 0xe5, 0x10, 0xc5, 0x10, 0xc5, 0x10,
    0xc5, 0x10, 0xc5, 0x10, 0xc5, 0x10, 0xe5, 0x10, 0xc4, 0x08, 0xc5, 0x10,
    0xc5, 0x10, 0xe4, 0x10, 0xc4, 0x10, 0xc5, 0x10, 0xe4, 0x10, 0xc5, 0x10,
    0xc5, 0x10, 0xc5, 0x08, 0xc5, 0x10, 0xc5, 0x10, 0xc4, 0x10, 0xe5, 0x10,
    0xc5, 0x10, 0xe5, 0x10, 0xc4, 0x08, 0xc5, 0x10, 0xc4, 0x10, 0xc4, 0x10,
    0xe5, 0x10, 0xc5, 0x10, 0xc5, 0x10, 0xc5, 0x10, 0xc5, 0x10, 0xc5, 0x10,
    0xc4, 0x10, 0xc5, 0x08, 0xe5, 0x10, 0xc5, 0x10, 0xc5, 0x10, 0xe5, 0x10,
    0xc5, 0x10, 0xc5, 0x10, 0xe5, 0x10, 0xc4, 0x08, 0xc5, 0x10, 0xe4, 0x10,
    0xc5, 0x10, 0xc5, 0x10, 0xc5, 0x10, 0xe5, 0x10, 0xc4, 0x10, 0xc5, 0x08,
    0xc5, 0x10, 0xc5, 0x10, 0xe4, 0x08, 0xc5, 0x10, 0xc5, 0x10, 0xc5, 0x10,
    0xc5, 0x08, 0xc4, 0x10, 0xc5, 0x10, 0xe4, 0x10, 0xe4, 0x10, 0xc5, 0x08,
    0xc4, 0x10, 0xc5, 0x10, 0xc5, 0x10, 0xe4, 0x10, 0xc5, 0x10, 0xc5, 0x10,
    0xe5, 0x10, 0xc5, 0x10, 0xc5, 0x08, 0xc5, 0x10, 0xc5, 0x10, 0xc5, 0x10,
    0xc4, 0x10, 0xe5, 0x10, 0xc5, 0x10, 0xc5, 0x10, 0xe4, 0x08, 0xc5, 0x10,
    0xc4, 0x10, 0xe5, 0x10, 0xc5, 0x08, 0xc4, 0x10, 0xe4, 0x10, 0xc5, 0x10,
    0xc4, 0x10, 0xe5, 0x10, 0xc5, 0x10, 0xe4, 0x10, 0xc5, 0x10, 0xc5, 0x10,
    0xc4, 0x08, 0xc5, 0x10, 0xc5, 0x10, 0xc5, 0x10, 0xc5, 0x10, 0xe4, 0x10,
    0xc5, 0x10, 0xc5, 0x10, 0xc5, 0x10, 0xe5, 0x08, 0xc5, 0x10, 0xc5, 0x10,
    0xc4, 0x10, 0xe5, 0x10, 0xc5, 0x10, 0xc5, 0x10, 0xc5, 0x10, 0xc5, 0x10,
    0xc5, 0x10, 0xc4, 0x10, 0xc5, 0x08, 0xc5, 0x10, 0xc5, 0x10, 0xc4, 0x10,
    0xc5, 0x10, 0xc5, 0x10, 0xe5, 0x10, 0xc4, 0x10, 0xc5, 0x10, 0xc5, 0x10,
    0xc5, 0x10, 0xc5, 0x08, 0xe4, 0x10, 0xc5, 0x10, 0xe5, 0x08, 0xc4, 0x10,
    0xc4, 0x10, 0xc5, 0x10, 0xc5, 0x10, 0xc5, 0x10, 0xc5, 0x10, 0xe5, 0x10,
    0xc4, 0x10, 0xc5, 0x08, 0xc5, 0x10, 0xc5, 0x10, 0xe5, 0x10, 0xc4, 0x10,
    0xc5, 0x10, 0xe5, 0x08, 0xc5, 0x10, 0xc5, 0x10, 0xc5, 0x10, 0xc4, 0x10,
    0xc5, 0x10, 0xe5, 0x10, 0xc4, 0x10, 0xc5, 0x10, 0xe5, 0x10, 0xe5, 0x10,
    0xc5, 0x08, 0xc5, 0x10, 0xc5, 0x10, 0xe5, 0x10, 0xc5, 0x08, 0xc5, 0x10,
    0xc5, 0x10, 0xc4, 0x10, 0xc5, 0x10, 0xc5, 0x10, 0xc5, 0x08, 0xc5, 0x10,
    0xc5, 0x10, 0xc5, 0x10, 0xc4, 0x10, 0xc5, 0x10, 0xc5, 0x10, 0xe5, 0x10,
    0xc5, 0x10, 0xc5, 0x10, 0xc5, 0x08, 0xc5, 0x10, 0xc5, 0x10, 0xe5, 0x10,
    0xc4, 0x10, 0xc5, 0x10, 0xe5, 0x10, 0xe4, 0x08, 0xc5, 0x10, 0xc5, 0x10,
    0xe5, 0x10, 0xc4, 0x10, 0xc5, 0x10, 0xc4, 0x08, 0xc4, 0x10, 0xc5, 0x10,
    0xc4, 0x10, 0xe5, 0x10, 0xc5, 0x10, 0xc5, 0x10, 0xc5, 0x10, 0xc5, 0x10,
    0xe4, 0x08, 0xc5, 0x10, 0xc5, 0x10, 0xc5, 0x08, 0xe5, 0x10, 0xc4, 0x10,
    0xc5, 0x10, 0xe5, 0x10, 0xe5, 0x10, 0xc5, 0x10, 0xc4, 0x10, 0xc5, 0x08,
    0xc5, 0x10, 0xe4, 0x10, 0xc5, 0x10, 0xc5, 0x10, 0xc5, 0x10, 0xe5, 0x08,
    0xc4, 0x10, 0xc5, 0x10, 0xe5, 0x08, 0xc4, 0x10, 0xc5, 0x10, 0xe5, 0x10,
    0xc4, 0x10, 0xc5, 0x08, 0xc5, 0x10, 0xc4, 0x10, 0xe5, 0x10, 0xc4, 0x10,
    0xc4, 0x08, 0xe5, 0x10, 0xc4, 0x10, 0xc5, 0x10, 0xc5, 0x10, 0xe4, 0x10,
    0xe5, 0x10, 0xc5, 0x08, 0xc4, 0x10, 0xc4, 0x10, 0xe5, 0x10, 0xc5, 0x10,
    0xe5, 0x10, 0xc4, 0x08, 0xc5, 0x10, 0xc5, 0x10, 0xe5, 0x10, 0xc5, 0x08,
    0xc5, 0x10, 0xe4, 0x10, 0xc5, 0x10, 0xc5, 0x10, 0xc5, 0x10, 0xc4, 0x10,
    0xe5, 0x08, 0xc5, 0x10, 0xc5, 0x10, 0xc5, 0x10, 0xc5, 0x08, 0xc4, 0x10,
    0xc5, 0x10, 0xc4, 0x10, 0xe5, 0x10, 0xc5, 0x10, 0xc4, 0x10, 0xe5, 0x08,
    0xc5, 0x10, 0xc4, 0x10, 0xc5, 0x10, 0xc5, 0x10, 0xe5, 0x10, 0xe5, 0x08,
    0xc5, 0x10, 0xc5, 0x10, 0xc4, 0x10, 0xe4, 0x10, 0xc5, 0x08, 0xc4, 0x10,
    0xe5, 0x10, 0xe5, 0x10, 0xc4, 0x10, 0xc5, 0x10, 0xc4, 0x10, 0xc5, 0x10,
    0xe5, 0x08, 0xc5, 0x10, 0xc5, 0x10, 0xc5, 0x10, 0xc5, 0x10, 0xc5, 0x10,
    0xc5, 0x08, 0xe5, 0x10, 0xc4, 0x10, 0xc5, 0x10, 0xe5, 0x10, 0xc4, 0x10,
    0xc5, 0x10, 0xe4, 0x10, 0xc5, 0x10, 0xe5, 0x10, 0xc5, 0x10, 0xc4, 0x10,
    0xc5, 0x10, 0xe5, 0x10, 0xc5, 0x10, 0xc5, 0x10, 0xc5, 0x10, 0xc5, 0x10,
    0xc5, 0x10, 0xc5, 0x10, 0xc4, 0x10, 0xe5, 0x10, 0xc5, 0x10, 0xc5, 0x10,
    0xe4, 0x10, 0xc5, 0x10, 0xe5, 0x10, 0xe4, 0x10, 0xc5, 0x10, 0xc5, 0x08,
    0xe5, 0x10, 0xc5, 0x10, 0xc4, 0x10, 0xc4, 0x10, 0xc5, 0x10, 0xc5, 0x10,
    0xc5, 0x10, 0xc4, 0x10, 0xe5, 0x10, 0xc5, 0x10, 0xc5, 0x08, 0xe5, 0x10,
    0xc5, 0x10, 0xc4, 0x10, 0xc5, 0x08, 0xc5, 0x10, 0xc5, 0x10, 0xc4, 0x10,
    0xe5, 0x10, 0xe5, 0x10, 0xc5, 0x10, 0xe4, 0x10, 0xe5, 0x10, 0xc5, 0x10,
    0xe5, 0x10, 0xc5, 0x10, 0xe4, 0x10, 0xc5, 0x10, 0xc4, 0x10, 0xe4, 0x10,
    0xc5, 0x08, 0xc5, 0x10, 0xe4, 0x10, 0xc5, 0x08, 0xe5, 0x10, 0xe5, 0x10,
    0xc4, 0x10, 0xc5, 0x10, 0xc5, 0x10, 0xc5, 0x10, 0xc5, 0x10, 0xe4, 0x08,
    0xe5, 0x10, 0xc5, 0x10, 0xc5, 0x10, 0xe5, 0x10, 0xc5, 0x08, 0xc4, 0x10,
    0xc4, 0x10, 0xe5, 0x10, 0xc4, 0x10, 0xc5, 0x10, 0xc4, 0x10, 0xe5, 0x10,
    0xc5, 0x10, 0xe5, 0x10, 0xe5, 0x10, 0xc4, 0x10, 0xe5, 0x10, 0xc5, 0x10,
    0xc5, 0x10, 0xc4, 0x10, 0xe5, 0x10, 0xc5, 0x10, 0xc5, 0x10, 0xc5, 0x10,
    0xc4, 0x10, 0xc5, 0x10, 0xc4, 0x10, 0xc4, 0x10, 0xe5, 0x08, 0xe4, 0x10,
    0xc5, 0x10, 0xe5, 0x10, 0xc5, 0x10, 0xc5, 0x10, 0xc4, 0x10, 0xc5, 0x10,
    0xc4, 0x10, 0xe5, 0x10, 0xc5, 0x10, 0xc4, 0x10, 0xe5, 0x10, 0xc4, 0x10,
    0xc4, 0x10, 0xc5, 0x10, 0xc5, 0x10, 0xe5, 0x10, 0xc4, 0x10, 0xc5, 0x10,
    0xc5, 0x10, 0xc5, 0x10, 0xe5, 0x10, 0xc5, 0x08, 0xc4, 0x10, 0xe5, 0x10,
    0xc5, 0x10, 0xc4, 0x10, 0xc5, 0x10, 0xc4, 0x10, 0xe5, 0x10, 0xc5, 0x10,
    0xc4, 0x10, 0xc5, 0x08, 0xc5, 0x10, 0xc5, 0x10, 0xe4, 0x10, 0xc5, 0x10,
    0xc4, 0x08, 0xc5, 0x10, 0xc5, 0x10, 0xe5, 0x10, 0xc5, 0x10, 0xc5, 0x10,
    0xe5, 0x10, 0xc5, 0x10, 0xc5, 0x10, 0xc4, 0x08, 0xe5, 0x10, 0xc5, 0x10,
    0xc5, 0x10, 0xc5, 0x10, 0xc4, 0x10, 0xe5, 0x10, 0xc4, 0x10, 0xc5, 0x10,
    0xc5, 0x08, 0xc5, 0x10, 0xc5, 0x10, 0xc4, 0x10, 0xe5, 0x10, 0xc5, 0x10,
    0xc4, 0x10, 0xc5, 0x10, 0xc5, 0x08, 0xc4, 0x10, 0xe5, 0x10, 0xc5, 0x10,
    0xe4, 0x10, 0xc5, 0x10, 0xc5, 0x10, 0xc4, 0x10, 0xe5, 0x08, 0xc5, 0x10,
    0xc5, 0x10, 0xc5, 0x10, 0xe4, 0x10, 0xc5, 0x10, 0xc5, 0x10, 0xc5, 0x10,
    0xe5, 0x10, 0xc5, 0x10, 0xc5, 0x10, 0xc4, 0x10, 0xe5, 0x10, 0xc5, 0x10,
    0xc5, 0x10, 0xc4, 0x10, 0xc5, 0x10, 0xc5, 0x10, 0xc4, 0x08, 0xc5, 0x10,
    0xc5, 0x10, 0xe4, 0x10, 0xc5, 0x10, 0xe5, 0x10, 0xc5, 0x10, 0xc4, 0x10,
    0xe4, 0x10, 0xc5, 0x10, 0xc4, 0x08, 0xc4, 0x10, 0xe5, 0x10, 0xe5, 0x10,
    0xc4, 0x10, 0xc5, 0x10, 0xe5, 0x10, 0xe5, 0x10, 0xc4, 0x10, 0xe5, 0x10,
    0xe5, 0x10, 0xc5, 0x10, 0xc4, 0x10, 0xe5, 0x08, 0xc5, 0x10, 0xc5, 0x10,
    0xc5, 0x10, 0xc4, 0x10, 0xe5, 0x10, 0xc5, 0x10, 0xc5, 0x10, 0xc5, 0x10,
    0xc5, 0x10, 0xc4, 0x10, 0xe5, 0x08, 0xc5, 0x10, 0xc5, 0x10, 0xe5, 0x10,
    0xc5, 0x10, 0xc5, 0x10, 0xc5, 0x10, 0xe5, 0x10, 0xe5, 0x08, 0xc4, 0x10,
    0xc5, 0x10, 0xc4, 0x10, 0xc4, 0x10, 0xe5, 0x10, 0xc5, 0x10, 0xc5, 0x10,
    0xe4, 0x10, 0xc5, 0x10, 0xc5, 0x10, 0xc4, 0x10, 0xc5, 0x08, 0xc5, 0x10,
    0xe5, 0x10, 0xc5, 0x10, 0xc5, 0x10, 0xc5, 0x10, 0xc4, 0x10, 0xe5, 0x10,
    0xc5, 0x10, 0xc5, 0x10, 0xc5, 0x08, 0xc4, 0x10, 0xc5, 0x10, 0xc5, 0x10,
    0xe5, 0x10, 0xe4, 0x10, 0xc5, 0x08, 0xc5, 0x10, 0xc5, 0x10, 0xc5, 0x08,
    0xc5, 0x10, 0xc4, 0x10, 0xc5, 0x10, 0xc5, 0x10, 0xc4, 0x10, 0xe5, 0x10,
    0xc5, 0x10, 0xc5, 0x10, 0xc5, 0x08, 0xe5, 0x10, 0xc5, 0x10, 0xe5, 0x10,
    0xc5, 0x08, 0xc5, 0x10, 0xc4, 0x10, 0xc5, 0x10, 0xc5, 0x10, 0xc5, 0x10,
    0xc4, 0x10, 0xc5, 0x10, 0xe5, 0x10, 0xc5, 0x10, 0xc4, 0x10, 0xe5, 0x10,
    0xc5, 0x10, 0xc5, 0x10, 0xc4, 0x10, 0xc5, 0x08, 0xc5, 0x10, 0xc5, 0x10,
    0xc4, 0x08, 0xc5, 0x10, 0xc5, 0x10, 0xc5, 0x10, 0xe5, 0x10, 0xc5, 0x10,
    0xc5, 0x10, 0xc5, 0x10, 0xc4, 0x10, 0xc5, 0x10, 0xc4, 0x10, 0xc4, 0x10,
    0xc5, 0x08, 0xe5, 0x10, 0xe4, 0x10, 0xc4, 0x10, 0xe5, 0x10, 0xc5, 0x10,
    0xc5, 0x10, 0xc5, 0x10, 0xc4, 0x08, 0xc4, 0x10, 0xc5, 0x10, 0xe5, 0x10,
    0xe5, 0x08, 0xc5, 0x10, 0xc5, 0x10, 0xc5, 0x10, 0xc5, 0x10, 0xc5, 0x10,
    0xc5, 0x10, 0xc5, 0x08, 0xc4, 0x10, 0xc5, 0x10, 0xc4, 0x08, 0xc4, 0x10,
    0xe5, 0x10, 0xc5, 0x10, 0xc5, 0x10, 0xe4, 0x10, 0xc5, 0x08, 0xc4, 0x10,
    0xe5, 0x10, 0xc5, 0x10, 0xc5, 0x10, 0xe5, 0x10, 0xc5, 0x10, 0xc5, 0x10,
    0xc5, 0x08, 0xc4, 0x10, 0xc5, 0x10, 0xc5, 0x08, 0xe5, 0x10, 0xc5, 0x10,
    0xc5, 0x10, 0xc4, 0x10, 0xc5, 0x10, 0xe5, 0x08, 0xc5, 0x10, 0xc5, 0x10,
    0xe5, 0x10, 0xe5, 0x08, 0xc5, 0x10, 0xc4, 0x10, 0xe5, 0x10, 0xc5, 0x10,
    0xc5, 0x10, 0xc4, 0x10, 0xc5, 0x10, 0xe5, 0x10, 0xc4, 0x10, 0xc5, 0x10,
    0xc4, 0x08, 0xe5, 0x10, 0xe5, 0x10, 0xc5, 0x10, 0xc4, 0x08, 0xc5, 0x10,
    0xc5, 0x10, 0xe5, 0x10, 0xc5, 0x10, 0xc5, 0x10, 0xc5, 0x10, 0xc5, 0x10,
    0xe5, 0x10, 0xc5, 0x10, 0xc4, 0x10, 0xe5, 0x10, 0xc5, 0x10, 0xc5, 0x10,
    0xc4, 0x08, 0xc5, 0x10, 0xc5, 0x10, 0xe4, 0x10, 0xc5, 0x10, 0xc5, 0x10,
    0xe4, 0x10, 0xc5, 0x10, 0xc5, 0x10, 0xc4, 0x10, 0xc5, 0x10, 0xc5, 0x10,
    0xe5, 0x10, 0xc5, 0x10, 0xc4, 0x10, 0xe5, 0x08, 0xc5, 0x10, 0xc5, 0x10,
    0xc5, 0x10, 0xe5, 0x10, 0xc5, 0x10, 0xe5, 0x10, 0xc5, 0x10, 0xc4, 0x10,
    0xc5, 0x10, 0xc5, 0x10, 0xc5, 0x10, 0xe5, 0x10, 0xc5, 0x10, 0xc4, 0x10,
    0xc5, 0x10, 0xe5, 0x10, 0xc5, 0x10, 0xc5, 0x10, 0xc5, 0x08, 0xe4, 0x10,
    0xc5, 0x10, 0xc5, 0x10, 0xc5, 0x08, 0xe5, 0x10, 0xc4, 0x10, 0xc5, 0x08,
    0xc5, 0x10, 0xe5, 0x10, 0xe5, 0x10, 0xc5, 0x10, 0xc5, 0x10, 0xc4, 0x10,
    0xe5, 0x10, 0xc5, 0x10, 0xc5, 0x10, 0xc4, 0x08, 0xc5, 0x10, 0xc5, 0x10,
    0xc5, 0x10, 0xc5, 0x10, 0xe5, 0x10, 0xc5, 0x10, 0xc5, 0x10, 0xc5, 0x10,
    0xc5, 0x10, 0xc5, 0x10, 0xc4, 0x10, 0xc5, 0x08, 0xc5, 0x10, 0xc5, 0x10,
    0xc5, 0x08, 0xe4, 0x10, 0xc5, 0x10, 0xc5, 0x10, 0xc5, 0x10, 0xe5, 0x10,
    0xc4, 0x10, 0xe5, 0x10, 0xc5, 0x08, 0xc5, 0x10, 0xe4, 0x10, 0xc4, 0x10,
    0xc5, 0x10, 0xc5, 0x10, 0xe5, 0x10, 0xc5, 0x10, 0xc5, 0x10, 0xc5, 0x10,
    0xc4, 0x10, 0xc5, 0x08, 0xc4, 0x10, 0xc5, 0x10, 0xc5, 0x10, 0xc5, 0x10,
    0xc5, 0x10, 0xc5, 0x10, 0xe5, 0x10, 0xc5, 0x08, 0xc4, 0x10, 0xe4, 0x10,
    0xc5, 0x10, 0xc5, 0x10, 0xc5, 0x10, 0xe5, 0x10, 0xc5, 0x10, 0xc5, 0x10,
    0xc5, 0x10, 0xc4, 0x10, 0xc5, 0x08, 0xc5, 0x10, 0xc5, 0x10, 0xc5, 0x08,
    0xe4, 0x10, 0xc5, 0x10, 0xc4, 0x10, 0xe5, 0x10, 0xe5, 0x10, 0xc5, 0x08,
    0xc4, 0x10, 0xc5, 0x10, 0xc5, 0x10, 0xc4, 0x10, 0xc4, 0x10, 0xe5, 0x10,
    0xe4, 0x10, 0xc5, 0x10, 0xc5, 0x08, 0xc4, 0x10, 0xc5, 0x10, 0xc5, 0x10,
    0xc4, 0x10, 0xc4, 0x10, 0xe5, 0x10, 0xc5, 0x10, 0xc5, 0x10, 0xc4, 0x10,
    0xe4, 0x10, 0xc5, 0x10, 0xc5, 0x10, 0xe5, 0x10, 0xc4, 0x10, 0xc5, 0x10,
    0xe5, 0x08, 0xc5, 0x10, 0xc5, 0x10, 0xe4, 0x08, 0xc5, 0x10, 0xc5, 0x10,
    0xc5, 0x08, 0xc4, 0x10, 0xc5, 0x10, 0xe5, 0x10, 0xc5, 0x10, 0xc4, 0x10,
    0xc5, 0x10, 0xc4, 0x10, 0xe5, 0x10, 0xc5, 0x08, 0xc4, 0x10, 0xc5, 0x10,
    0xc5, 0x10, 0xe5, 0x10, 0xc5, 0x10, 0xc5, 0x10, 0xe5, 0x10, 0xc5, 0x10,
    0xc5, 0x10, 0xc5, 0x10, 0xc5, 0x08, 0xc5, 0x10, 0xc5, 0x10, 0xc5, 0x10,
    0xc5, 0x10, 0xe4, 0x10, 0xc5, 0x10, 0xc5, 0x10, 0xc5, 0x10, 0xc5, 0x10,
    0xc5, 0x10, 0xc5, 0x10, 0xc4, 0x08, 0xe5, 0x10, 0xe5, 0x10, 0xc4, 0x08,
    0xe5, 0x10, 0xc4, 0x10, 0xc5, 0x10, 0xc5, 0x10, 0xe5, 0x10, 0xc5, 0x10,
    0xc5, 0x08, 0xe5, 0x10, 0xc4, 0x10, 0xc5, 0x10, 0xe5, 0x10, 0xc5, 0x10,
    0xc5, 0x10, 0xe5, 0x08, 0xc4, 0x10, 0xc5, 0x10, 0xc5, 0x10, 0xc5, 0x10,
    0xc5, 0x10, 0xc5, 0x10, 0xc4, 0x10, 0xe5, 0x10, 0xc4, 0x10, 0xc5, 0x08,
    0xe5, 0x10, 0xc5, 0x10, 0xc4, 0x10, 0xc5, 0x10, 0xc4, 0x10, 0xc5, 0x10,
    0xc5, 0x10, 0xc5, 0x10, 0xc4, 0x10, 0xe5, 0x10, 0xc5, 0x08, 0xe5, 0x10,
    0xc5, 0x10, 0xc5, 0x10, 0xe4, 0x10, 0xc5, 0x10, 0xc5, 0x10, 0xc5, 0x10,
    0xc5, 0x10, 0xc5, 0x10, 0xc5, 0x10, 0xc4, 0x10, 0xe5, 0x10, 0xc5, 0x10,
    0xc4, 0x10, 0xe5, 0x10, 0xc4, 0x10, 0xc4, 0x10, 0xc5, 0x08, 0xc5, 0x10,
    0xc4, 0x10, 0xe5, 0x10, 0xc5, 0x08, 0xc4, 0x10, 0xc5, 0x10, 0xe5, 0x10,
    0xe5, 0x10, 0xc4, 0x10, 0xc5, 0x10, 0xc5, 0x10, 0xc5, 0x10, 0xc4, 0x10,
    0xe5, 0x08, 0xc5, 0x10, 0xe5, 0x10, 0xe5, 0x08, 0xc5, 0x10, 0xc5, 0x10,
    0xc4, 0x10, 0xe4, 0x10, 0xc5, 0x10, 0xc5, 0x10, 0xc5, 0x10, 0xc4, 0x08,
    0xe5, 0x10, 0xc5, 0x10, 0xc4, 0x10, 0xc5, 0x10, 0xc5, 0x08, 0xc5, 0x10,
    0xc4, 0x10, 0xc5, 0x08, 0xe5, 0x10, 0xc4, 0x10, 0xc5, 0x10, 0xc5, 0x10,
    0xe4, 0x10, 0xc5, 0x08, 0xc4, 0x10, 0xc5, 0x10, 0xe5, 0x10, 0xc4, 0x10,
    0xc5, 0x10, 0xc4, 0x10, 0xc4, 0x10, 0xe5, 0x10, 0xc5, 0x10, 0xc4, 0x10,
    0xc5, 0x10, 0xc4, 0x08, 0xc5, 0x10, 0xe5, 0x10, 0xe5, 0x10, 0xc5, 0x10,
    0xc5, 0x10, 0xc5, 0x08, 0xc4, 0x10, 0xe5, 0x10, 0xc4, 0x10, 0xc5, 0x10,
    0xe5, 0x08, 0xc5, 0x10, 0xc5, 0x10, 0xe5, 0x08, 0xc5, 0x10, 0xc4, 0x10,
    0xc5, 0x08, 0xe5, 0x10, 0xc5, 0x10, 0xc4, 0x10, 0xc5, 0x10, 0xc5, 0x10,
    0xc5, 0x10, 0xc5, 0x10, 0xc5, 0x10, 0xc5, 0x10, 0xc4, 0x10, 0xc4, 0x10,
    0xc5, 0x08, 0xc5, 0x10, 0xc5, 0x10, 0xc4, 0x10, 0xe5, 0x10, 0xc5, 0x08,
    0xe4, 0x10, 0xc5, 0x10, 0xc5, 0x10, 0xc5, 0x10, 0xc4, 0x10, 0xe4, 0x08,
    0xc5, 0x10, 0xc5, 0x10, 0xe5, 0x10, 0xc4, 0x10, 0xc5, 0x10, 0xc5, 0x10,
    0xe4, 0x10, 0xe5, 0x08, 0xc5, 0x10, 0xc5, 0x10, 0xc5, 0x10, 0xc5, 0x10,
    0xc5, 0x08, 0xc4, 0x10, 0xe4, 0x10, 0xc5, 0x08, 0xe4, 0x10, 0xc5, 0x10,
    0xc4, 0x10, 0xe5, 0x10, 0xc5, 0x10, 0xe4, 0x10, 0xe4, 0x10, 0xc5, 0x10,
    0xc5, 0x10, 0xe4, 0x10, 0xc5, 0x10, 0xc5, 0x10, 0xc5, 0x10, 0xc4, 0x10,
    0xe5, 0x10, 0xc5, 0x10, 0xc5, 0x10, 0xe5, 0x10, 0xc5, 0x08, 0xc5, 0x10,
    0xc5, 0x10, 0xc5, 0x10, 0xe5, 0x10, 0xe5, 0x10, 0xc5, 0x10, 0xe5, 0x08,
    0xc5, 0x10, 0xc5, 0x10, 0xe4, 0x10, 0xc5, 0x10, 0xc4, 0x08, 0xc5, 0x10,
    0xc5, 0x10, 0xe5, 0x10, 0xc5, 0x08, 0xc4, 0x10, 0xe5, 0x10, 0xc5, 0x10,
    0xc5, 0x10, 0xe4, 0x10, 0xc5, 0x10, 0xc5, 0x10, 0xc5, 0x10, 0xe5, 0x10,
    0xc4, 0x10, 0xc5, 0x10, 0xe5, 0x10, 0xc5, 0x10, 0xc4, 0x10, 0xc5, 0x08,
    0xe5, 0x10, 0xe5, 0x10, 0xc5, 0x10, 0xc4, 0x10, 0xc5, 0x10, 0xe5, 0x08,
    0xc4, 0x10, 0xc5, 0x10, 0xe4, 0x08, 0xc5, 0x10, 0xe5, 0x10, 0xc5, 0x10,
    0xc5, 0x10, 0xe4, 0x10, 0xc5, 0x10, 0xc5, 0x10, 0xe4, 0x10, 0xc5, 0x08,
    0xe4, 0x10, 0xc5, 0x10, 0xc5, 0x10, 0xe5, 0x10, 0xe5, 0x10, 0xc4, 0x10,
    0xc4, 0x10, 0xc5, 0x10, 0xe5, 0x10, 0xc5, 0x10, 0xc4, 0x10, 0xc5, 0x10,
    0xc5, 0x10, 0xe5, 0x10, 0xc5, 0x08, 0xe5, 0x10, 0xc5, 0x10, 0xc5, 0x10,
    0xc5, 0x10, 0xc4, 0x10, 0xc5, 0x08, 0xc5, 0x10, 0xc5, 0x10, 0xc4, 0x10,
    0xe5, 0x10, 0xc5, 0x10, 0xc5, 0x10, 0xc5, 0x10, 0xe4, 0x08, 0xc4, 0x10,
    0xe5, 0x10, 0xe4, 0x08, 0xc5, 0x10, 0xe5, 0x10, 0xc5, 0x10, 0xc4, 0x10,
    0xc5, 0x10, 0xe5, 0x08, 0xe5, 0x10, 0xc5, 0x10, 0xc5, 0x10, 0xc4, 0x08,
    0xe5, 0x10, 0xc4, 0x10, 0xc5, 0x10, 0xc5, 0x10, 0xc4, 0x10, 0xc5, 0x10,
    0xc5, 0x10, 0xc5, 0x10, 0xc5, 0x10, 0xc5, 0x08, 0xc4, 0x10, 0xe5, 0x10,
    0xc5, 0x10, 0xe4, 0x10, 0xc5, 0x08, 0xc5, 0x10, 0xc5, 0x10, 0xe5, 0x10,
    0xc5, 0x10, 0xc5, 0x08, 0xc5, 0x10, 0xe5, 0x10, 0xe5, 0x10, 0xc4, 0x10,
    0xe5, 0x10, 0xc5, 0x10, 0xc5, 0x10, 0xe5, 0x10, 0xc4, 0x08, 0xc4, 0x10,
    0xc5, 0x10, 0xe5, 0x10, 0xc4, 0x10, 0xe5, 0x08, 0xc5, 0x10, 0xc4, 0x10,
    0xc5, 0x10, 0xc5, 0x10, 0xc4, 0x10, 0xc5, 0x10, 0xe5, 0x10, 0xc4, 0x10,
    0xe5, 0x08, 0xc5, 0x10, 0xc5, 0x10, 0xc5, 0x10, 0xe4, 0x10, 0xc5, 0x10,
    0xc4, 0x10, 0xe5, 0x10, 0xc5, 0x08, 0xc4, 0x10, 0xe5, 0x10, 0xc4, 0x10,
    0xe5, 0x10, 0xe5, 0x10, 0xc5, 0x10, 0xc4, 0x10, 0xc5, 0x08, 0xe5, 0x10,
    0xc5, 0x10, 0xc5, 0x10, 0xc5, 0x10, 0xe4, 0x10, 0xc5, 0x10, 0xc5, 0x10,
    0xc5, 0x08, 0xc5, 0x10, 0xe5, 0x10, 0xc5, 0x10, 0xc5, 0x10, 0xc5, 0x10,
    0xe5, 0x10, 0xc5, 0x10, 0xc5, 0x10, 0xc4, 0x10, 0xc4, 0x08, 0xc5, 0x10,
    0xc5, 0x10, 0xe4, 0x10, 0xc5, 0x10, 0xc5, 0x10, 0xe5, 0x10, 0xc5, 0x10,
    0xe4, 0x10, 0xc5, 0x10, 0xc4, 0x10, 0xc4, 0x10, 0xc5, 0x10, 0xe5, 0x10,
    0xc4, 0x10, 0xc5, 0x10, 0xe4, 0x10, 0xc5, 0x10, 0xe5, 0x10, 0xe4, 0x10,
    0xc4, 0x10, 0xc5, 0x10, 0xe5, 0x10, 0xc4, 0x08, 0xe5, 0x10, 0xc5, 0x10,
    0xc5, 0x10, 0xe5, 0x10, 0xc4, 0x10, 0xc5, 0x10, 0xc5, 0x10, 0xc5, 0x10,
    0xc5, 0x10, 0xe5, 0x10, 0xc4, 0x08, 0xc5, 0x10, 0xe5, 0x10, 0xc5, 0x10,
    0xc5, 0x10, 0xe5, 0x10, 0xc4, 0x10, 0xe5, 0x10, 0xc4, 0x08, 0xe5, 0x10,
    0xc5, 0x10, 0xc4, 0x10, 0xc5, 0x10, 0xe4, 0x10, 0xe5, 0x10, 0xc5, 0x10,
    0xc5, 0x10, 0xe5, 0x10, 0xc5, 0x10, 0xc5, 0x10, 0xc5, 0x10, 0xc4, 0x08,
    0xe5, 0x10, 0xc5, 0x10, 0xc5, 0x10, 0xc5, 0x10, 0xc5, 0x08, 0xc5, 0x10,
    0xc5, 0x10, 0xc5, 0x10, 0xe5, 0x08, 0xc5, 0x10, 0xc4, 0x10, 0xc5, 0x10,
    0xc5, 0x10, 0xe5, 0x08, 0xc4, 0x10, 0xc5, 0x10, 0xe5, 0x10, 0xc4, 0x10,
    0xc5, 0x08, 0xc5, 0x10, 0xc4, 0x10, 0xc5, 0x10, 0xc5, 0x10, 0xc4, 0x10,
    0xe5, 0x10, 0xc5, 0x08, 0xc5, 0x10, 0xc5, 0x10, 0xe5, 0x10, 0xe5, 0x10,
    0xc5, 0x10, 0xc5, 0x10, 0xe4, 0x10, 0xc5, 0x10, 0xc5, 0x08, 0xe5, 0x10,
    0xc4, 0x10, 0xc5, 0x10, 0xc5, 0x10, 0xc4, 0x10, 0xe5, 0x10, 0xc5, 0x10,
    0xc4, 0x10, 0xe5, 0x10, 0xc5, 0x08, 0xc4, 0x10, 0xc5, 0x10, 0xe5, 0x10,
    0xc5, 0x10, 0xc5, 0x08, 0xc5, 0x10, 0xc4, 0x10, 0xe5, 0x10, 0xc5, 0x10,
    0xc4, 0x10, 0xc5, 0x10, 0xc5, 0x10, 0xc5, 0x10, 0xc4, 0x10, 0xc4, 0x08,
    0xc5, 0x10, 0xe5, 0x10, 0xc4, 0x10, 0xc5, 0x10, 0xc5, 0x10, 0xc4, 0x10,
    0xc5, 0x10, 0xc5, 0x10, 0xc5, 0x08, 0xc4, 0x10, 0xc5, 0x10, 0xc5, 0x08,
    0xe5, 0x10, 0xc5, 0x10, 0xc4, 0x10, 0xc5, 0x10, 0xc5, 0x10, 0xc5, 0x10,
    0xc5, 0x10, 0xc4, 0x10, 0xc5, 0x10, 0xc5, 0x10, 0xe4, 0x10, 0xc4, 0x10,
    0xe5, 0x10, 0xc5, 0x10, 0xc5, 0x10, 0xe5, 0x10, 0xc4, 0x10, 0xc5, 0x08,
    0xc5, 0x10, 0xc4, 0x10, 0xc4, 0x10, 0xe5, 0x10, 0xc5, 0x10, 0xc5, 0x10,
    0xc5, 0x10, 0xc5, 0x10, 0xc5, 0x10, 0xc5, 0x10, 0xc5, 0x10, 0xe5, 0x10,
    0xc4, 0x10, 0xc5, 0x10, 0xc5, 0x10, 0xc5, 0x10, 0xe5, 0x10, 0xe5, 0x10,
    0xc5, 0x10, 0xc5, 0x10, 0xe5, 0x08, 0xc5, 0x10, 0xc5, 0x10, 0xc5, 0x10,
    0xc5, 0x10, 0xc4, 0x10, 0xe5, 0x10, 0xc5, 0x10, 0xc5, 0x10, 0xe4, 0x10,
    0xc5, 0x08, 0xc5, 0x10, 0xe5, 0x10, 0xe4, 0x10, 0xc5, 0x10, 0xc5, 0x08,
    0xe4, 0x10, 0xc5, 0x10, 0xc5, 0x10, 0xc5, 0x10, 0xc5, 0x10, 0xc5, 0x10,
    0xc5, 0x08, 0xc5, 0x10, 0xc4, 0x10, 0xe5, 0x10, 0xc5, 0x10, 0xc5, 0x10,
    0xc5, 0x08, 0xc5, 0x10, 0xc5, 0x10, 0xc5, 0x10, 0xe5, 0x10, 0xc5, 0x10,
    0xe5, 0x10, 0xc5, 0x10, 0xc4, 0x08, 0xc5, 0x10, 0xc5, 0x10, 0xc5, 0x10,
    0xc5, 0x10, 0xc5, 0x10, 0xc5, 0x08, 0xe4, 0x10, 0xc5, 0x10, 0xc5, 0x10,
    0xe5, 0x10, 0xc4, 0x10, 0xc5, 0x10, 0xe5, 0x10, 0xc5, 0x10, 0xc5, 0x08,
    0xc5, 0x10, 0xc4, 0x10, 0xc5, 0x10, 0xc5, 0x10, 0xe5, 0x10, 0xc4, 0x10,
    0xc5, 0x10, 0xc5, 0x10, 0xe4, 0x10, 0xc5, 0x08, 0xc5, 0x10, 0xc4, 0x10,
    0xe5, 0x10, 0xe5, 0x10, 0xc5, 0x08, 0xc5, 0x10, 0xc4, 0x10, 0xe5, 0x08,
    0xc5, 0x10, 0xe4, 0x10, 0xc5, 0x10, 0xc5, 0x10, 0xc5, 0x10, 0xc5, 0x10,
    0xe4, 0x10, 0xc5, 0x10, 0xc5, 0x10, 0xe5, 0x10, 0xc5, 0x08, 0xc4, 0x10,
    0xc5, 0x10, 0xc5, 0x10, 0xe5, 0x10, 0xc5, 0x10, 0xc5, 0x10, 0xc4, 0x10,
    0xe5, 0x10, 0xc5, 0x10, 0xc5, 0x08, 0xc5, 0x10, 0xc5, 0x10, 0xc5, 0x08,
    0xc5, 0x10, 0xe4, 0x10, 0xc5, 0x10, 0xc5, 0x10, 0xc5, 0x10, 0xe5, 0x10,
    0xc4, 0x10, 0xc5, 0x10, 0xe5, 0x10, 0xc5, 0x08, 0xe4, 0x10, 0xc5, 0x10,
    0xc5, 0x10, 0xc4, 0x10, 0xc5, 0x10, 0xc4, 0x10, 0xe5, 0x10, 0xc5, 0x10,
    0xc5, 0x10, 0xc4, 0x10, 0xc5, 0x08, 0xc5, 0x10, 0xc5, 0x10, 0xc5, 0x10,
    0xc5, 0x10, 0xc5, 0x10, 0xc5, 0x10, 0xc5, 0x10, 0xc4, 0x08, 0xc5, 0x10,
    0xe4, 0x10, 0xc5, 0x08, 0xc5, 0x10, 0xc5, 0x10, 0xc5, 0x10, 0xe5, 0x10,
    0xc5, 0x10, 0xc4, 0x08, 0xc4, 0x10, 0xe5, 0x10, 0xc5, 0x10, 0xe5, 0x10,
    0xc4, 0x10, 0xc5, 0x10, 0xc5, 0x10, 0xe4, 0x10, 0xc5, 0x08, 0xe5, 0x10,
    0xc4, 0x10, 0xc5, 0x10, 0xc5, 0x10, 0xe4, 0x10, 0xc5, 0x10, 0xc5, 0x10,
    0xe4, 0x10, 0xe5, 0x10, 0xc5, 0x10, 0xc4, 0x08, 0xc5, 0x10, 0xe5, 0x10,
    0xc4, 0x10, 0xc5, 0x10, 0xe5, 0x10, 0xc5, 0x10, 0xc4, 0x10, 0xc5, 0x10,
    0xc5, 0x08, 0xc4, 0x10, 0xc5, 0x10, 0xc5, 0x10, 0xc5, 0x10, 0xc4, 0x10,
    0xc5, 0x10, 0xc5, 0x10, 0xc5, 0x08, 0xe5, 0x10, 0xc4, 0x10, 0xc5, 0x08,
    0xc5, 0x10, 0xe5, 0x10, 0xc4, 0x10, 0xc5, 0x10, 0xe5, 0x10, 0xc5, 0x10,
    0xc4, 0x10, 0xc4, 0x10, 0xc5, 0x10, 0xe5, 0x10, 0xc5, 0x10, 0xc5, 0x10,
    0xc5, 0x10, 0xe5, 0x08, 0xc5, 0x10, 0xc5, 0x10, 0xe5, 0x10, 0xc5, 0x10,
    0xc5, 0x10, 0xc4, 0x10, 0xc5, 0x08, 0xe5, 0x10, 0xe5, 0x10, 0xc5, 0x10,
    0xc5, 0x10, 0xe4, 0x10, 0xe5, 0x10, 0xc5, 0x10, 0xc4, 0x10, 0xe5, 0x10,
    0xc5, 0x10, 0xc5, 0x10, 0xc5, 0x08, 0xe5, 0x10, 0xc5, 0x10, 0xe4, 0x08,
    0xe4, 0x10, 0xc5, 0x10, 0xc4, 0x10, 0xc5, 0x10, 0xc5, 0x10, 0xc5, 0x08,
    0xc5, 0x10, 0xe4, 0x10, 0xc5, 0x10, 0xc5, 0x10, 0xe4, 0x10, 0xc5, 0x10,
    0xe5, 0x10, 0xc5, 0x08, 0xc5, 0x10, 0xe5, 0x10, 0xc5, 0x10, 0xc5, 0x10,
    0xe5, 0x10, 0xc4, 0x10, 0xc5, 0x10, 0xc4, 0x10, 0xc4, 0x08, 0xe5, 0x10,
    0xc5, 0x10, 0xc4, 0x10, 0xc5, 0x10, 0xc4, 0x08, 0xc4, 0x10, 0xc5, 0x10,
    0xc5, 0x10, 0xc4, 0x10, 0xc5, 0x10, 0xe4, 0x10, 0xc5, 0x08, 0xe5, 0x10,
    0xc5, 0x10, 0xc5, 0x10, 0xc4, 0x10, 0xe5, 0x10, 0xc4, 0x10, 0xc5, 0x10,
    0xc5, 0x10, 0xc5, 0x10, 0xc4, 0x10, 0xc5, 0x10, 0xc5, 0x10, 0xc4, 0x10,
    0xc5, 0x10, 0xc5, 0x10, 0xe4, 0x08, 0xc4, 0x10, 0xc5, 0x10, 0xe4, 0x10,
    0xc5, 0x10, 0xc5, 0x10, 0xc4, 0x10, 0xc5, 0x10, 0xc5, 0x10, 0xc5, 0x10,
    0xe4, 0x10, 0xc5, 0x10, 0xc5, 0x10, 0xe5, 0x10, 0xc4, 0x10, 0xc4, 0x08,
    0xc5, 0x10, 0xe5, 0x10, 0xc5, 0x10, 0xe5, 0x10, 0xc4, 0x10, 0xc4, 0x08,
    0xe5, 0x10, 0xc5, 0x10, 0xc4, 0x10, 0xe5, 0x10, 0xc5, 0x10, 0xc5, 0x08,
    0xc5, 0x10, 0xc5, 0x10, 0xc5, 0x10, 0xc5, 0x10, 0xc4, 0x10, 0xc5, 0x10,
    0xe5, 0x10, 0xc5, 0x10, 0xc5, 0x08, 0xe4, 0x10, 0xc5, 0x10, 0xc5, 0x10,
    0xc4, 0x08, 0xe5, 0x10, 0xc5, 0x10, 0xc5, 0x10, 0xc5, 0x10, 0xe5, 0x10,
    0xc5, 0x10, 0xc4, 0x10, 0xc4, 0x10, 0xc5, 0x10, 0xe5, 0x10, 0xc4, 0x10,
    0xc5, 0x10, 0xc5, 0x10, 0xc4, 0x08, 0xe5, 0x10, 0xe5, 0x10, 0xc5, 0x10,
    0xc5, 0x10, 0xc5, 0x08, 0xc5, 0x10, 0xc5, 0x10, 0xc4, 0x10, 0xc5, 0x10,
    0xc5, 0x08, 0xc5, 0x10, 0xc4, 0x10, 0xe5, 0x08, 0xc5, 0x10, 0xe5, 0x10,
    0xc5, 0x08, 0xc5, 0x10, 0xc4, 0x10, 0xe5, 0x10, 0xc4, 0x10, 0xc5, 0x10,
    0xe5, 0x10, 0xc5, 0x08, 0xc5, 0x10, 0xc5, 0x10, 0xe4, 0x10, 0xc5, 0x08,
    0xe5, 0x10, 0xc5, 0x10, 0xc4, 0x10, 0xc5, 0x10, 0xc5, 0x10, 0xe5, 0x10,
    0xc4, 0x10, 0xc5, 0x08, 0xe5, 0x10, 0xc5, 0x10, 0xc5, 0x10, 0xc4, 0x08,
    0xc5, 0x10, 0xe5, 0x10, 0xc5, 0x10, 0xc5, 0x10, 0xc5, 0x10, 0xe5, 0x10,
    0xc4, 0x10, 0xc5, 0x08, 0xe5, 0x10, 0xc4, 0x10, 0xc5, 0x10, 0xe5, 0x10,
    0xc5, 0x10, 0xc4, 0x10, 0xc5, 0x10, 0xc4, 0x10, 0xe4, 0x10, 0xc5, 0x10,
    0xc5, 0x10, 0xc5, 0x10, 0xe5, 0x10, 0xc5, 0x10, 0xc4, 0x10, 0xc5, 0x10,
    0xe5, 0x08, 0xc4, 0x10, 0xc5, 0x10, 0xc4, 0x10, 0xc5, 0x10, 0xc5, 0x10,
    0xe5, 0x10, 0xc5, 0x10, 0xc4, 0x10, 0xc5, 0x10, 0xc5, 0x08, 0xc5, 0x10,
    0xc5, 0x10, 0xc5, 0x10, 0xc4, 0x10, 0xe5, 0x10, 0xc5, 0x10, 0xc4, 0x10,
    0xc5, 0x10, 0xc5, 0x10, 0xc4, 0x10, 0xc4, 0x08, 0xc5, 0x10, 0xc4, 0x10,
    0xc5, 0x10, 0xe5, 0x10, 0xc5, 0x10, 0xc4, 0x10, 0xe5, 0x10, 0xc5, 0x10,
    0xc5, 0x08, 0xe4, 0x10, 0xe4, 0x10, 0xc5, 0x10, 0xc5, 0x10, 0xc4, 0x10,
    0xc5, 0x10, 0xc5, 0x10, 0xc5, 0x10, 0xe5, 0x10, 0xc5, 0x08, 0xc4, 0x10,
    0xc5, 0x10, 0xe5, 0x10, 0xc5, 0x10, 0xc5, 0x10, 0xe5, 0x08, 0xc4, 0x10,
    0xc4, 0x10, 0xc5, 0x10, 0xe5, 0x10, 0xc4, 0x08, 0xc5, 0x10, 0xe5, 0x10,
    0xc5, 0x10, 0xe5, 0x10, 0xc5, 0x10, 0xc5, 0x10, 0xc4, 0x10, 0xe5, 0x08,
    0xc5, 0x10, 0xc5, 0x10, 0xc5, 0x10, 0xc4, 0x10, 0xe5, 0x08, 0xc5, 0x10,
    0xc4, 0x10, 0xc5, 0x10, 0xe4, 0x10, 0xc4, 0x10, 0xc5, 0x10, 0xc5, 0x10,
    0xc5, 0x10, 0xc5, 0x08, 0xe5, 0x10, 0xe4, 0x10, 0xc5, 0x10, 0xc5, 0x10,
    0xc5, 0x10, 0xc5, 0x10, 0xe4, 0x08, 0xc5, 0x10, 0xc5, 0x10, 0xc5, 0x10,
    0xc4, 0x10, 0xe5, 0x10, 0xc5, 0x10, 0xc5, 0x10, 0xc4, 0x08, 0xe4, 0x10,
    0xc5, 0x10, 0xc4, 0x08, 0xe5, 0x10, 0xe5, 0x10, 0xc5, 0x10, 0xc5, 0x10,
    0xc5, 0x10, 0xc5, 0x08, 0xe5, 0x10, 0xe5, 0x10, 0xc5, 0x10, 0xc5, 0x10,
    0xc4, 0x08, 0xe5, 0x10, 0xc5, 0x10, 0xc5, 0x10, 0xc4, 0x10, 0xc5, 0x10,
    0xc5, 0x10, 0xc5, 0x10, 0xe5, 0x10, 0xc5, 0x08, 0xc5, 0x10, 0xc5, 0x10,
    0xe5, 0x10, 0xc4, 0x10, 0xc5, 0x08, 0xc5, 0x10, 0xc4, 0x10, 0xe5, 0x10,
    0xc5, 0x10, 0xc5, 0x10, 0xc5, 0x10, 0xe5, 0x10, 0xc5, 0x08, 0xc5, 0x10,
    0xe4, 0x10, 0xc5, 0x10, 0xe5, 0x10, 0xe5, 0x08, 0xc5, 0x10, 0xc4, 0x10,
    0xc5, 0x10, 0xe4, 0x10, 0xc5, 0x10, 0xc4, 0x08, 0xc5, 0x10, 0xc5, 0x10,
    0xc5, 0x10, 0xc4, 0x10, 0xc4, 0x10, 0xc5, 0x10, 0xe5, 0x10, 0xc5, 0x10,
    0xc5, 0x10, 0xe4, 0x10, 0xc5, 0x10, 0xc5, 0x10, 0xc5, 0x10, 0xc4, 0x10,
    0xe4, 0x10, 0xc5, 0x10, 0xc4, 0x08, 0xe5, 0x10, 0xc5, 0x10, 0xc4, 0x10,
    0xe5, 0x10, 0xc5, 0x10, 0xe4, 0x10, 0xc5, 0x10, 0xc5, 0x10, 0xc5, 0x10,
    0xe5, 0x10, 0xc5, 0x10, 0xc5, 0x10, 0xc4, 0x10, 0xe5, 0x10, 0xc4, 0x08,
    0xc5, 0x10, 0xc5, 0x10, 0xc5, 0x10, 0xe5, 0x10, 0xc4, 0x10, 0xc5, 0x10,
    0xc5, 0x10, 0xc4, 0x10, 0xc5, 0x10, 0xc5, 0x10, 0xc4, 0x08, 0xe4, 0x10,
    0xc5, 0x10, 0xc4, 0x10, 0xe4, 0x10, 0xc5, 0x10, 0xc5, 0x10, 0xe5, 0x10,
    0xe5, 0x10, 0xc4, 0x10, 0xc5, 0x10, 0xc5, 0x10, 0xc4, 0x10, 0xc5, 0x10,
    0xc5, 0x10, 0xc5, 0x10, 0xe4, 0x10, 0xc5, 0x08, 0xe5, 0x10, 0xc4, 0x10,
    0xc5, 0x10, 0xc5, 0x10, 0xc5, 0x10, 0xe4, 0x10, 0xc5, 0x10, 0xc5, 0x10,
    0xc5, 0x10, 0xc4, 0x08, 0xc5, 0x10, 0xe5, 0x10, 0xc5, 0x08, 0xc4, 0x10,
    0xc5, 0x10, 0xe5, 0x10, 0xc5, 0x10, 0xe5, 0x10, 0xc4, 0x10, 0xc5, 0x10,
    0xe5, 0x10, 0xc5, 0x10, 0xc4, 0x10, 0xe5, 0x10, 0xe4, 0x10, 0xc4, 0x08,
    0xc5, 0x10, 0xe4, 0x10, 0xc5, 0x10, 0xe5, 0x10, 0xc5, 0x10, 0xc5, 0x10,
    0xc5, 0x10, 0xc5, 0x10, 0xe5, 0x10, 0xe5, 0x10, 0xc5, 0x08, 0xc5, 0x10,
    0xc4, 0x10, 0xe5, 0x10, 0xc5, 0x10, 0xc5, 0x10, 0xc5, 0x08, 0xc4, 0x10,
    0xc5, 0x10, 0xe5, 0x10, 0xc5, 0x10, 0xc5, 0x10, 0xc5, 0x10, 0xc4, 0x10,
    0xc5, 0x08, 0xc5, 0x10, 0xe5, 0x10, 0xc5, 0x10, 0xc5, 0x10, 0xe4, 0x10,
    0xc5, 0x10, 0xc5, 0x08, 0xe5, 0x10, 0xc5, 0x10, 0xc5, 0x10, 0xe5, 0x10,
    0xc5, 0x08, 0xc5, 0x10, 0xe5, 0x10, 0xc5, 0x10, 0xe5, 0x10, 0xe5, 0x10,
    0xc5, 0x10, 0xc4, 0x10, 0xe5, 0x10, 0xc5, 0x08, 0xc5, 0x10, 0xe4, 0x10,
    0xc5, 0x10, 0xc5, 0x10, 0xc5, 0x10, 0xc5, 0x08, 0xc5, 0x10, 0xe5, 0x10,
    0xe5, 0x10, 0xc5, 0x08, 0xc4, 0x10, 0xc5, 0x10, 0xc5, 0x10, 0xc5, 0x10,
    0xe5, 0x10, 0xc5, 0x08, 0xc4, 0x10, 0xc4, 0x10, 0xc5, 0x10, 0xe5, 0x10,
    0xe5, 0x10, 0xc4, 0x10, 0xc5, 0x10, 0xe5, 0x10, 0xc4, 0x10, 0xc4, 0x10,
    0xc5, 0x08, 0xc4, 0x10, 0xc5, 0x10, 0xc5, 0x10, 0xc4, 0x10, 0xc5, 0x10,
    0xc5, 0x10, 0xc4, 0x08, 0xc5, 0x10, 0xc5, 0x10, 0xc5, 0x10, 0xc5, 0x10,
    0xc4, 0x10, 0xe5, 0x08, 0xc5, 0x10, 0xc5, 0x10, 0xc5, 0x10, 0xe5, 0x10,
    0xc5, 0x10, 0xc5, 0x10, 0xc5, 0x10, 0xc5, 0x08, 0xc5, 0x10, 0xe4, 0x10,
    0xe5, 0x10, 0xc4, 0x10, 0xc5, 0x10, 0xc5, 0x10, 0xc4, 0x10, 0xc5, 0x08,
    0xe5, 0x10, 0xc4, 0x10, 0xc5, 0x10, 0xc4, 0x10, 0xc5, 0x10, 0xc5, 0x10,
    0xc5, 0x10, 0xc5, 0x10, 0xc5, 0x10, 0xc5, 0x10, 0xc5, 0x10, 0xc5, 0x10,
    0xe4, 0x10, 0xc5, 0x10, 0xc4, 0x10, 0xc5, 0x10, 0xe5, 0x10, 0xc5, 0x10,
    0xc4, 0x10, 0xe5, 0x10, 0xc5, 0x10, 0xc5, 0x10, 0xe5, 0x10, 0xc4, 0x10,
    0xc5, 0x10, 0xc4, 0x10, 0xc5, 0x10, 0xc5, 0x10, 0xc4, 0x10, 0xe5, 0x10,
    0xc5, 0x08, 0xc4, 0x10, 0xe5, 0x10, 0xe5, 0x10, 0xc5, 0x10, 0xc5, 0x08,
    0xe4, 0x10, 0xc4, 0x10, 0xe5, 0x10, 0xc5, 0x10, 0xc4, 0x10, 0xc5, 0x10,
    0xc5, 0x10, 0xc4, 0x08, 0xc5, 0x10, 0xc5, 0x10, 0xe4, 0x10, 0xc5, 0x10,
    0xc5, 0x08, 0xc5, 0x10, 0xc5, 0x10, 0xe5, 0x10, 0xc5, 0x10, 0xe5, 0x10,
    0xe5, 0x10, 0xc5, 0x10, 0xc5, 0x08, 0xc5, 0x10, 0xc5, 0x10, 0xc5, 0x10,
    0xc5, 0x10, 0xc5, 0x10, 0xc4, 0x08, 0xc5, 0x10, 0xc5, 0x10, 0xe5, 0x10,
    0xc5, 0x10, 0xe5, 0x10, 0xc5, 0x10, 0xe4, 0x10, 0xc5, 0x10, 0xc5, 0x08,
    0xc5, 0x10, 0xc4, 0x10, 0xc5, 0x10, 0xc5, 0x10, 0xc5, 0x08, 0xc4, 0x10,
    0xe5, 0x10, 0xc5, 0x10, 0xc4, 0x08, 0xc5, 0x10, 0xc5, 0x10, 0xe5, 0x10,
    0xc4, 0x10, 0xc5, 0x10, 0xe5, 0x08, 0xc5, 0x10, 0xc5, 0x10, 0xc5, 0x08,
    0xe5, 0x10, 0xe5, 0x10, 0xc5, 0x10, 0xc5, 0x10, 0xc5, 0x10, 0xc5, 0x10,
    0xe5, 0x10, 0xc5, 0x10, 0xc5, 0x10, 0xe4, 0x08, 0xc5, 0x10, 0xc5, 0x10,
    0xc5, 0x10, 0xe4, 0x10, 0xe5, 0x10, 0xc5, 0x10, 0xc5, 0x10, 0xe4, 0x10,
    0xc5, 0x10, 0xe4, 0x10, 0xc5, 0x10, 0xc5, 0x10, 0xc5, 0x10, 0xc5, 0x10,
    0xc4, 0x10, 0xe5, 0x10, 0xc4, 0x10, 0xc5, 0x08, 0xc5, 0x10, 0xc5, 0x10,
    0xc4, 0x10, 0xc5, 0x10, 0xe5, 0x10, 0xc5, 0x10, 0xc4, 0x10, 0xc5, 0x10,
    0xe5, 0x10, 0xc5, 0x10, 0xc5, 0x10, 0xc4, 0x08, 0xc5, 0x10, 0xe5, 0x10,
    0xc5, 0x10, 0xc4, 0x10, 0xc5, 0x08, 0xc5, 0x10, 0xc5, 0x10, 0xc5, 0x10,
    0xe5, 0x10, 0xc5, 0x10, 0xc4, 0x10, 0xc5, 0x08, 0xc5, 0x10, 0xc4, 0x10,
    0xe4, 0x08, 0xc5, 0x10, 0xc5, 0x10, 0xc4, 0x10, 0xc5, 0x10, 0xc5, 0x10,
    0xc5, 0x10, 0xe4, 0x08, 0xc5, 0x10, 0xc5, 0x10, 0xe4, 0x10, 0xe5, 0x10,
    0xc5, 0x10, 0xc5, 0x10, 0xe5, 0x10, 0xc5, 0x08, 0xe5, 0x10, 0xe5, 0x10,
    0xc4, 0x10, 0xc5, 0x10, 0xc4, 0x08, 0xe5, 0x10, 0xc5, 0x10, 0xc4, 0x10,
    0xe5, 0x10, 0xc5, 0x10, 0xc4, 0x10, 0xc5, 0x10, 0xc5, 0x08, 0xe4, 0x10,
    0xc5, 0x10, 0xc5, 0x10, 0xe4, 0x10, 0xc5, 0x10, 0xc5, 0x10, 0xc5, 0x08,
    0xc4, 0x10, 0xe5, 0x10, 0xc5, 0x10, 0xc5, 0x10, 0xc4, 0x10, 0xc5, 0x10,
    0xe5, 0x10, 0xc5, 0x10, 0xc5, 0x10, 0xc5, 0x10, 0xe4, 0x10, 0xc5, 0x10,
    0xc5, 0x10, 0xe4, 0x10, 0xc5, 0x10, 0xe5, 0x10, 0xc4, 0x10, 0xc4, 0x10,
    0xe5, 0x10, 0xc5, 0x10, 0xc5, 0x10, 0xe5, 0x10, 0xc5, 0x10, 0xc5, 0x10,
    0xc5, 0x10, 0xc5, 0x08, 0xc4, 0x10, 0xc5, 0x10, 0xc5, 0x10, 0xc5, 0x10,
    0xe5, 0x10, 0xc5, 0x10, 0xe4, 0x10, 0xe5, 0x10, 0xc5, 0x08, 0xc5, 0x10,
    0xe4, 0x10, 0xe5, 0x10, 0xc5, 0x10, 0xc4, 0x10, 0xe5, 0x10, 0xc5, 0x10,
    0xc5, 0x10, 0xe5, 0x10, 0xc5, 0x10, 0xc5, 0x10, 0xc5, 0x08, 0xe4, 0x10,
    0xc4, 0x10, 0xe5, 0x10, 0xc4, 0x10, 0xc5, 0x10, 0xc5, 0x10, 0xc4, 0x10,
    0xc5, 0x08, 0xc5, 0x10, 0xc5, 0x10, 0xe5, 0x10, 0xe5, 0x10, 0xc5, 0x10,
    0xc5, 0x10, 0xc5, 0x10, 0xc5, 0x08, 0xe5, 0x10, 0xc5, 0x10, 0xe5, 0x10,
    0xc5, 0x08, 0xc5, 0x10, 0xe4, 0x10, 0xc5, 0x10, 0xc4, 0x08, 0xe4, 0x10,
    0xc5, 0x10, 0xc5, 0x10, 0xc5, 0x10, 0xc4, 0x10, 0xc5, 0x10, 0xe5, 0x08,
    0xc5, 0x10, 0xc5, 0x10, 0xc4, 0x10, 0xc4, 0x08, 0xc5, 0x10, 0xe5, 0x10,
    0xc5, 0x10, 0xc5, 0x10, 0xe4, 0x10, 0xc5, 0x10, 0xc4, 0x10, 0xe5, 0x10,
    0xc5, 0x10, 0xc5, 0x10, 0xc5, 0x10, 0xc4, 0x10, 0xc5, 0x10, 0xe5, 0x10,
    0xc5, 0x10, 0xc5, 0x08, 0xc5, 0x10, 0xc4, 0x10, 0xe5, 0x10, 0xc5, 0x10,
    0xc5, 0x10, 0xe5, 0x10, 0xc5, 0x10, 0xc5, 0x10, 0xc4, 0x10, 0xc5, 0x10,
    0xe5, 0x10, 0xc5, 0x10, 0xc5, 0x10, 0xe4, 0x10, 0xc5, 0x10, 0xc5, 0x10,
    0xc4, 0x08, 0xc5, 0x10, 0xe5, 0x10, 0xe4, 0x10, 0xc5, 0x10, 0xe4, 0x08,
    0xe5, 0x10, 0xc4, 0x10, 0xc5, 0x10, 0xe5, 0x10, 0xe5, 0x08, 0xc4, 0x10,
    0xc5, 0x10, 0xc5, 0x08, 0xc5, 0x10, 0xc5, 0x10, 0xc5, 0x10, 0xe5, 0x10,
    0xe4, 0x10, 0xc5, 0x08, 0xc5, 0x10, 0xe5, 0x10, 0xc4, 0x10, 0xe5, 0x10,
    0xc5, 0x10, 0xc4, 0x10, 0xe5, 0x10, 0xc5, 0x10, 0xc5, 0x10, 0xc5, 0x10,
    0xc5, 0x10, 0xe5, 0x10, 0xc4, 0x10, 0xc4, 0x10, 0xc5, 0x10, 0xe5, 0x10,
    0xc5, 0x10, 0xc4, 0x08, 0xe5, 0x10, 0xe4, 0x10, 0xc5, 0x10, 0xc5, 0x10,
    0xc5, 0x08, 0xe5, 0x10, 0xc5, 0x10, 0xc5, 0x10, 0xc4, 0x10, 0xc4, 0x10,
    0xc5, 0x08, 0xc5, 0x10, 0xc4, 0x10, 0xc5, 0x08, 0xc5, 0x10, 0xe5, 0x10,
    0xc5, 0x08, 0xc5, 0x10, 0xc5, 0x10, 0xc5, 0x10, 0xc4, 0x10, 0xc5, 0x10,
    0xe5, 0x08, 0xc5, 0x10, 0xc5, 0x10, 0xc5, 0x10, 0xe5, 0x10, 0xc4, 0x10,
    0xe5, 0x10, 0xe5, 0x10, 0xc5, 0x10, 0xc4, 0x10, 0xc5, 0x10, 0xe5, 0x10,
    0xc5, 0x08, 0xc4, 0x10, 0xc4, 0x10, 0xc5, 0x10, 0xe5, 0x10, 0xc5, 0x08,
    0xc4, 0x10, 0xc5, 0x10, 0xe5, 0x10, 0xc5, 0x10, 0xc4, 0x10, 0xc5, 0x10,
    0xc5, 0x10, 0xc5, 0x10, 0xc5, 0x10, 0xc5, 0x10, 0xc4, 0x10, 0xe5, 0x10,
    0xc5, 0x10, 0xe5, 0x10, 0xc4, 0x08, 0xc5, 0x10, 0xc5, 0x10, 0xe5, 0x10,
    0xc4, 0x10, 0xc5, 0x10, 0xc4, 0x10, 0xc5, 0x10, 0xc5, 0x10, 0xc5, 0x10,
    0xc4, 0x10, 0xc5, 0x08, 0xc4, 0x10, 0xc4, 0x10, 0xc5, 0x10, 0xc4, 0x10,
    0xe5, 0x10, 0xc5, 0x10, 0xe5, 0x10, 0xc4, 0x10, 0xc5, 0x10, 0xe5, 0x08,
    0xc5, 0x10, 0xc4, 0x10, 0xc5, 0x10, 0xe5, 0x10, 0xc4, 0x10, 0xc5, 0x10,
    0xe5, 0x10, 0xc4, 0x08, 0xc5, 0x10, 0xc5, 0x10, 0xc5, 0x10, 0xc4, 0x10,
    0xc5, 0x10, 0xc5, 0x10, 0xc5, 0x08, 0xe4, 0x10, 0xe5, 0x10, 0xc5, 0x10,
    0xc5, 0x08, 0xc4, 0x10, 0xe4, 0x10, 0xc5, 0x10, 0xc5, 0x10, 0xc4, 0x10,
    0xc5, 0x08, 0xc5, 0x10, 0xc4, 0x10, 0xc5, 0x08, 0xe5, 0x10, 0xc5, 0x10,
    0xc5, 0x08, 0xc4, 0x10, 0xc5, 0x10, 0xe5, 0x10, 0xc4, 0x08, 0xc4, 0x10,
    0xc5, 0x10, 0xc5, 0x10, 0xe5, 0x10, 0xc5, 0x10, 0xc5, 0x08, 0xe5, 0x10,
    0xc5, 0x10, 0xc4, 0x08, 0xc5, 0x10, 0xc5, 0x10, 0xe4, 0x10, 0xc5, 0x10,
    0xc5, 0x10, 0xc5, 0x10, 0xe5, 0x10, 0xc5, 0x10, 0xc4, 0x08, 0xe5, 0x10,
    0xc5, 0x10, 0xc4, 0x10, 0xc5, 0x10, 0xc4, 0x10, 0xe4, 0x10, 0xc5, 0x10,
    0xc5, 0x08, 0xc5, 0x10, 0xe5, 0x10, 0xc4, 0x10, 0xe5, 0x10, 0xc5, 0x10,
    0xc5, 0x10, 0xe5, 0x10, 0xc5, 0x08, 0xc4, 0x10, 0xc5, 0x10, 0xc5, 0x10,
    0xe4, 0x10, 0xc5, 0x10, 0xc5, 0x10, 0xe4, 0x10, 0xc5, 0x10, 0xc5, 0x10,
    0xe4, 0x10, 0xc4, 0x10, 0xe5, 0x10, 0xc5, 0x10, 0xe5, 0x10, 0xc5, 0x10,
    0xc5, 0x08, 0xe5, 0x10, 0xe5, 0x10, 0xc5, 0x08, 0xc4, 0x10, 0xc5, 0x10,
    0xc4, 0x10, 0xe5, 0x10, 0xe5, 0x10, 0xc5, 0x10, 0xc5, 0x10, 0xc5, 0x10,
    0xc5, 0x10, 0xc5, 0x10, 0xc5, 0x10, 0xe5, 0x08, 0xc5, 0x10, 0xc5, 0x10,
    0xc4, 0x10, 0xe5, 0x10, 0xc5, 0x10, 0xc5, 0x08, 0xc4, 0x10, 0xc5, 0x10,
    0xc5, 0x10, 0xc5, 0x10, 0xe5, 0x10, 0xc5, 0x10, 0xc5, 0x08, 0xe5, 0x10,
    0xc4, 0x10, 0xc5, 0x10, 0xe5, 0x10, 0xc4, 0x10, 0xc5, 0x10, 0xe5, 0x08,
    0xc5, 0x10, 0xe4, 0x10, 0xc4, 0x10, 0xc5, 0x08, 0xc4, 0x10, 0xc5, 0x10,
    0xc5, 0x10, 0xc4, 0x10, 0xc5, 0x10, 0xc5, 0x10, 0xc4, 0x10, 0xc5, 0x10,
    0xc5, 0x10, 0xe5, 0x10, 0xc5, 0x10, 0xc5, 0x10, 0xc4, 0x10, 0xc5, 0x10,
    0xc5, 0x10, 0xc4, 0x10, 0xc4, 0x10, 0xe5, 0x08, 0xc5, 0x10, 0xc4, 0x10,
    0xc5, 0x10, 0xc5, 0x10, 0xe5, 0x10, 0xc4, 0x10, 0xc5, 0x10, 0xc5, 0x10,
    0xc4, 0x08, 0xc5, 0x10, 0xe5, 0x10, 0xc5, 0x10, 0xe4, 0x08, 0xc4, 0x10,
    0xc5, 0x10, 0xc5, 0x08, 0xe5, 0x10, 0xc5, 0x10, 0xc4, 0x10, 0xc5, 0x10,
    0xc4, 0x10, 0xc5, 0x10, 0xc5, 0x10, 0xc5, 0x10, 0xe4, 0x08, 0xc5, 0x10,
    0xc4, 0x10, 0xc4, 0x10, 0xc5, 0x10, 0xc5, 0x10, 0xe5, 0x10, 0xe5, 0x10,
    0xc5, 0x10, 0xc5, 0x10, 0xc5, 0x10, 0xe5, 0x10, 0xc4, 0x10, 0xc5, 0x10,
    0xc5, 0x10, 0xc4, 0x10, 0xe5, 0x10, 0xc5, 0x08, 0xe4, 0x10, 0xe5, 0x10,
    0xc5, 0x10, 0xc4, 0x10, 0xc5, 0x10, 0xe4, 0x10, 0xc4, 0x10, 0xc5, 0x10,
    0xc5, 0x08, 0xc5, 0x10, 0xc4, 0x10, 0xc5, 0x08, 0xe5, 0x10, 0xc5, 0x10,
    0xc4, 0x10, 0xc5, 0x10, 0xc5, 0x10, 0xe5, 0x10, 0xc5, 0x10, 0xc4, 0x10,
    0xe5, 0x10, 0xc5, 0x10, 0xc5, 0x10, 0xe4, 0x10, 0xe5, 0x08, 0xc5, 0x10,
    0xc5, 0x10, 0xe4, 0x08, 0xc5, 0x10, 0xe5, 0x10, 0xe5, 0x08, 0xc5, 0x10,
    0xc5, 0x10, 0xc4, 0x10, 0xc5, 0x10, 0xe5, 0x10, 0xe5, 0x10, 0xc4, 0x10,
    0xe5, 0x08, 0xc5, 0x10, 0xc5, 0x10, 0xe5, 0x10, 0xc4, 0x08, 0xc5, 0x10,
    0xe5, 0x10, 0xc5, 0x10, 0xc5, 0x10, 0xe5, 0x10, 0xc5, 0x10, 0xc5, 0x08,
    0xc5, 0x10, 0xc5, 0x10, 0xc5, 0x10, 0xc5, 0x10, 0xc5, 0x10, 0xc5, 0x10,
    0xc4, 0x10, 0xc5, 0x08, 0xe5, 0x10, 0xc5, 0x10, 0xc4, 0x10, 0xc5, 0x10,
    0xc5, 0x10, 0xc4, 0x10, 0xc5, 0x10, 0xe5, 0x08, 0xc4, 0x10, 0xe5, 0x10,
    0xe5, 0x10, 0xc5, 0x10, 0xc4, 0x10, 0xc5, 0x10, 0xc5, 0x10, 0xc5, 0x10,
    0xc4, 0x10, 0xe5, 0x10, 0xc5, 0x10, 0xc5, 0x08, 0xc4, 0x10, 0xe5, 0x10,
    0xc5, 0x10, 0xc4, 0x10, 0xc5, 0x10, 0xe5, 0x10, 0xc5, 0x10, 0xc5, 0x10,
    0xc5, 0x10, 0xe5, 0x10, 0xc4, 0x10, 0xc5, 0x10, 0xc5, 0x10, 0xc5, 0x10,
    0xe4, 0x10, 0xe5, 0x10, 0xc5, 0x10, 0xc5, 0x10, 0xe4, 0x10, 0xc4, 0x10,
    0xc5, 0x10, 0xc5, 0x10, 0xc5, 0x10, 0xc5, 0x10, 0xc5, 0x10, 0xc5, 0x10,
    0xc5, 0x10, 0xc4, 0x08, 0xc5, 0x10, 0xe4, 0x10, 0xc5, 0x10, 0xc5, 0x10,
    0xe4, 0x10, 0xc5, 0x08, 0xc5, 0x10, 0xe5, 0x10, 0xc5, 0x10, 0xc5, 0x10,
    0xc5, 0x10, 0xc5, 0x10, 0xc5, 0x10, 0xc5, 0x08, 0xc5, 0x10, 0xe4, 0x10,
    0xc5, 0x10, 0xc4, 0x10, 0xe4, 0x10, 0xc5, 0x10, 0xc4, 0x10, 0xc5, 0x08,
    0xc5, 0x10, 0xe4, 0x10, 0xc5, 0x10, 0xc5, 0x10, 0xc4, 0x08, 0xc5, 0x10,
    0xc5, 0x10, 0xc5, 0x10, 0xc5, 0x08, 0xc4, 0x10, 0xc5, 0x10, 0xc5, 0x10,
    0xc5, 0x10, 0xc4, 0x10, 0xc4, 0x10, 0xe5, 0x10, 0xc5, 0x10, 0xc5, 0x10,
    0xc5, 0x10, 0xc5, 0x08, 0xc5, 0x10, 0xe5, 0x10, 0xc5, 0x10, 0xc4, 0x10,
    0xc5, 0x10, 0xc4, 0x10, 0xe5, 0x10, 0xc5, 0x10, 0xc4, 0x10, 0xc5, 0x10,
    0xc5, 0x08, 0xc4, 0x10, 0xe5, 0x10, 0xc4, 0x10, 0xe5, 0x10, 0xc5, 0x10,
    0xc4, 0x10, 0xe4, 0x10, 0xc5, 0x10, 0xc4, 0x10, 0xc5, 0x10, 0xc5, 0x10,
    0xe4, 0x10, 0xc5, 0x08, 0xc5, 0x10, 0xc4, 0x10, 0xe5, 0x10, 0xc5, 0x10,
    0xc4, 0x10, 0xc5, 0x10, 0xc5, 0x10, 0xc5, 0x10, 0xe5, 0x10, 0xc5, 0x10,
    0xe4, 0x10, 0xc5, 0x10, 0xe5, 0x10, 0xc5, 0x10, 0xc5, 0x08, 0xc5, 0x10,
    0xc5, 0x10, 0xc4, 0x10, 0xe5, 0x08, 0xc4, 0x10, 0xc5, 0x10, 0xc5, 0x10,
    0xe5, 0x10, 0xe5, 0x10, 0xc5, 0x10, 0xc5, 0x10, 0xc4, 0x10, 0xc5, 0x10,
    0xc5, 0x10, 0xc5, 0x10, 0xc4, 0x10, 0xc5, 0x08, 0xc5, 0x10, 0xe5, 0x10,
    0xc5, 0x10, 0xc5, 0x10, 0xc4, 0x10, 0xc5, 0x10, 0xc5, 0x10, 0xe5, 0x10,
    0xc5, 0x10, 0xe4, 0x10, 0xc5, 0x10, 0xc5, 0x08, 0xe5, 0x10, 0xe5, 0x10,
    0xc5, 0x10, 0xc4, 0x10, 0xc5, 0x10, 0xc5, 0x10, 0xc5, 0x10, 0xc5, 0x10,
    0xe5, 0x10, 0xc5, 0x08, 0xc4, 0x10, 0xe5, 0x10, 0xc5, 0x10, 0xc5, 0x08,
    0xe5, 0x10, 0xc4, 0x10, 0xe5, 0x10, 0xc5, 0x10, 0xc5, 0x10, 0xc4, 0x08,
    0xc5, 0x10, 0xe5, 0x10, 0xc4, 0x10, 0xc5, 0x10, 0xc5, 0x10, 0xc5, 0x10,
    0xc5, 0x10, 0xc4, 0x10, 0xe5, 0x08, 0xc5, 0x10, 0xc5, 0x10, 0xc5, 0x10,
    0xe5, 0x10, 0xc4, 0x10, 0xc5, 0x10, 0xe5, 0x10, 0xc5, 0x10, 0xc4, 0x10,
    0xc5, 0x10, 0xe5, 0x10, 0xe5, 0x08, 0xc5, 0x10, 0xc4, 0x10, 0xc5, 0x10,
    0xc5, 0x10, 0xc5, 0x10, 0xc4, 0x08, 0xc5, 0x10, 0xc5, 0x10, 0xc5, 0x10,
    0xe4, 0x10, 0xc5, 0x10, 0xc4, 0x10, 0xc5, 0x10, 0xc5, 0x10, 0xc4, 0x10,
    0xc5, 0x10, 0xc5, 0x10, 0xc5, 0x10, 0xc5, 0x10, 0xc4, 0x08, 0xc5, 0x10,
    0xc5, 0x10, 0xe5, 0x10, 0xc5, 0x10, 0xc4, 0x10, 0xe5, 0x10, 0xc5, 0x10,
    0xc5, 0x10, 0xe4, 0x10, 0xc5, 0x10, 0xc5, 0x10, 0xe5, 0x10, 0xc4, 0x10,
    0xc5, 0x10, 0xe4, 0x10, 0xc4, 0x08, 0xc5, 0x10, 0xe5, 0x10, 0xc4, 0x10,
    0xc5, 0x10, 0xe5, 0x10, 0xc5, 0x10, 0xc5, 0x10, 0xc5, 0x08, 0xe5, 0x10,
    0xc5, 0x10, 0xc5, 0x10, 0xe5, 0x10, 0xc5, 0x10, 0xc4, 0x10, 0xc5, 0x10,
    0xc5, 0x08, 0xc4, 0x10, 0xe5, 0x10, 0xc5, 0x10, 0xc5, 0x08, 0xc4, 0x10,
    0xe5, 0x10, 0xc5, 0x10, 0xc5, 0x10, 0xc5, 0x10, 0xe5, 0x10, 0xc5, 0x10,
    0xc5, 0x10, 0xe5, 0x10, 0xc5, 0x10, 0xc5, 0x10, 0xc4, 0x10, 0xc4, 0x10,
    0xe5, 0x10, 0xc4, 0x10, 0xc5, 0x08, 0xe5, 0x10, 0xc5, 0x10, 0xe5, 0x10,
    0xc5, 0x08, 0xc4, 0x10, 0xc5, 0x10, 0xe4, 0x08, 0xc5, 0x10, 0xc5, 0x10,
    0xc5, 0x10, 0xe4, 0x10, 0xe5, 0x10, 0xc5, 0x10, 0xc4, 0x08, 0xe5, 0x10,
    0xe4, 0x10, 0xc5, 0x10, 0xc5, 0x10, 0xc5, 0x10, 0xc5, 0x08, 0xc4, 0x10,
    0xc5, 0x10, 0xc5, 0x10, 0xc5, 0x10, 0xe4, 0x08, 0xc5, 0x10, 0xc5, 0x10,
    0xe5, 0x10, 0xe4, 0x10, 0xc4, 0x10, 0xc5, 0x10, 0xe5, 0x10, 0xc5, 0x08,
    0xc5, 0x10, 0xc5, 0x10, 0xc5, 0x10, 0xc5, 0x10, 0xe5, 0x10, 0xc4, 0x10,
    0xe5, 0x10, 0xc5, 0x10, 0xc4, 0x08, 0xc5, 0x10, 0xc5, 0x10, 0xe4, 0x10,
    0xc5, 0x10, 0xc5, 0x10, 0xe5, 0x10, 0xc5, 0x10, 0xc4, 0x10, 0xe5, 0x10,
    0xc4, 0x10, 0xc5, 0x10, 0xc5, 0x10, 0xc5, 0x10, 0xe5, 0x10, 0xc4, 0x10,
    0xe5, 0x10, 0xc5, 0x10, 0xc4, 0x10, 0xc4, 0x10, 0xe5, 0x08, 0xc5, 0x10,
    0xc5, 0x10, 0xc5, 0x10, 0xc4, 0x10, 0xc5, 0x10, 0xc5, 0x10, 0xe5, 0x10,
    0xc5, 0x10, 0xe5, 0x10, 0xc5, 0x08, 0xc5, 0x10, 0xc5, 0x10, 0xe5, 0x10,
    0xc5, 0x08, 0xc5, 0x10, 0xc5, 0x10, 0xc5, 0x08, 0xe4, 0x10, 0xc5, 0x10,
    0xc5, 0x10, 0xc4, 0x10, 0xc5, 0x10, 0xe5, 0x08, 0xc5, 0x10, 0xc5, 0x10,
    0xc5, 0x10, 0xc5, 0x08, 0xc5, 0x10, 0xe5, 0x10, 0xc5, 0x10, 0xc5, 0x10,
    0xc5, 0x08, 0xe5, 0x10, 0xc5, 0x10, 0xc4, 0x10, 0xe5, 0x10, 0xe5, 0x10,
    0xc4, 0x10, 0xc5, 0x10, 0xc5, 0x10, 0xc5, 0x10, 0xe5, 0x10, 0xc4, 0x10,
    0xc4, 0x08, 0xc5, 0x10, 0xc5, 0x10, 0xe5, 0x10, 0xc5, 0x10, 0xe5, 0x10,
    0xe5, 0x08, 0xc5, 0x10, 0xe4, 0x10, 0xc5, 0x10, 0xc5, 0x10, 0xe5, 0x10,
    0xc4, 0x10, 0xc5, 0x10, 0xe5, 0x08, 0xc4, 0x10, 0xc5, 0x10, 0xc5, 0x10,
    0xc5, 0x10, 0xc5, 0x10, 0xc4, 0x10, 0xc5, 0x10, 0xc5, 0x10, 0xc4, 0x10,
    0xc5, 0x10, 0xe5, 0x08, 0xe4, 0x10, 0xc5, 0x10, 0xc5, 0x10, 0xc4, 0x10,
    0xc5, 0x10, 0xe5, 0x10, 0xc5, 0x10, 0xc5, 0x10, 0xc4, 0x10, 0xc4, 0x10,
    0xc5, 0x10, 0xc5, 0x10, 0xc4, 0x08, 0xc4, 0x10, 0xe5, 0x10, 0xe5, 0x10,
    0xc5, 0x10, 0xc4, 0x08, 0xc5, 0x10, 0xc5, 0x10, 0xe5, 0x08, 0xc4, 0x10,
    0xc5, 0x10, 0xe5, 0x10, 0xc5, 0x10, 0xc5, 0x10, 0xc5, 0x08, 0xe5, 0x10,
    0xc4, 0x10, 0xc5, 0x08, 0xe5, 0x10, 0xc5, 0x10, 0xc4, 0x10, 0xc5, 0x08,
    0xe5, 0x10, 0xc5, 0x10, 0xc4, 0x10, 0xc4, 0x10, 0xc5, 0x10, 0xe5, 0x08,
    0xc5, 0x10, 0xc4, 0x10, 0xe5, 0x10, 0xc5, 0x10, 0xc5, 0x10, 0xe4, 0x08,
    0xc5, 0x10, 0xc5, 0x10, 0xc5, 0x10, 0xe5, 0x10, 0xc4, 0x10, 0xc5, 0x10,
    0xc5, 0x10, 0xe5, 0x08, 0xe4, 0x10, 0xc5, 0x10, 0xc5, 0x10, 0xc4, 0x10,
    0xc5, 0x10, 0xc5, 0x10, 0xc4, 0x08, 0xe5, 0x10, 0xc5, 0x10, 0xc5, 0x10,
    0xc4, 0x08, 0xc5, 0x10, 0xe5, 0x10, 0xc4, 0x08, 0xc5, 0x10, 0xe4, 0x10,
    0xc5, 0x10, 0xc5, 0x10, 0xe5, 0x10, 0xc5, 0x10, 0xc4, 0x08, 0xe5, 0x10,
    0xc5, 0x10, 0xc5, 0x10, 0xe4, 0x10, 0xc4, 0x10, 0xc5, 0x10, 0xe5, 0x10,
    0xc5, 0x08, 0xe4, 0x10, 0xc5, 0x10, 0xc5, 0x10, 0xc5, 0x10, 0xe5, 0x10,
    0xc5, 0x10, 0xc4, 0x10, 0xc5, 0x10, 0xe5, 0x10, 0xc4, 0x10, 0xe5, 0x10,
    0xc5, 0x10, 0xc5, 0x08, 0xc5, 0x10, 0xe4, 0x10, 0xc5, 0x10, 0xc5, 0x10,
    0xe4, 0x08, 0xc5, 0x10, 0xe5, 0x10, 0xc4, 0x08, 0xc5, 0x10, 0xc5, 0x10,
    0xe5, 0x08, 0xc5, 0x10, 0xc5, 0x10, 0xc4, 0x10, 0xc4, 0x10, 0xc5, 0x10,
    0xc5, 0x10, 0xc5, 0x10, 0xc5, 0x10, 0xc5, 0x10, 0xc5, 0x10, 0xc5, 0x10,
    0xe5, 0x08, 0xc5, 0x10, 0xc4, 0x10, 0xe5, 0x10, 0xc4, 0x10, 0xc5, 0x10,
    0xc5, 0x10, 0xc5, 0x10, 0xe4, 0x10, 0xc5, 0x10, 0xe5, 0x10, 0xc5, 0x10,
    0xc5, 0x10, 0xe5, 0x10, 0xc4, 0x10, 0xc5, 0x10, 0xc5, 0x10, 0xc5, 0x10,
    0xc4, 0x08, 0xc5, 0x10, 0xc5, 0x10, 0xc4, 0x10, 0xc5, 0x10, 0xc4, 0x10,
    0xe5, 0x10, 0xc5, 0x10, 0xc5, 0x08, 0xe5, 0x10, 0xc5, 0x10, 0xc5, 0x10,
    0xc5, 0x10, 0xc5, 0x10, 0xe5, 0x10, 0xe5, 0x10, 0xc5, 0x10, 0xc5, 0x10,
    0xe5, 0x08, 0xc4, 0x10, 0xc5, 0x10, 0xe5, 0x10, 0xc5, 0x10, 0xc5, 0x08,
    0xe5, 0x10, 0xe5, 0x10, 0xc5, 0x08, 0xc4, 0x10, 0xc5, 0x10, 0xc5, 0x08,
    0xc4, 0x10, 0xe5, 0x10, 0xc5, 0x10, 0xc5, 0x10, 0xc5, 0x10, 0xc4, 0x10,
    0xc5, 0x10, 0xc5, 0x10, 0xe5, 0x10, 0xc5, 0x08, 0xc4, 0x10, 0xe5, 0x10,
    0xc4, 0x10, 0xc5, 0x10, 0xc5, 0x10, 0xc4, 0x10, 0xe5, 0x10, 0xc4, 0x10,
    0xc5, 0x10, 0xe5, 0x10, 0xc5, 0x10, 0xc4, 0x10, 0xe5, 0x10, 0xc5, 0x10,
    0xc5, 0x08, 0xc5, 0x10, 0xe5, 0x10, 0xc5, 0x10, 0xc5, 0x10, 0xc4, 0x10,
    0xc4, 0x10, 0xe5, 0x10, 0xe4, 0x10, 0xc5, 0x08, 0xc4, 0x10, 0xc4, 0x10,
    0xc5, 0x10, 0xc5, 0x10, 0xc4, 0x08, 0xc5, 0x10, 0xc4, 0x10, 0xc5, 0x08,
    0xe5, 0x10, 0xc5, 0x10, 0xc4, 0x10, 0xe5, 0x10, 0xc5, 0x08, 0xc5, 0x10,
    0xe5, 0x10, 0xc5, 0x10, 0xc4, 0x10, 0xe4, 0x08, 0xc5, 0x10, 0xc4, 0x10,
    0xc4, 0x10, 0xc5, 0x10, 0xc5, 0x10, 0xe5, 0x10, 0xc5, 0x10, 0xc4, 0x08,
    0xc5, 0x10, 0xe5, 0x10, 0xc5, 0x10, 0xc5, 0x10, 0xe5, 0x10, 0xc4, 0x10,
    0xc5, 0x08, 0xe4, 0x10, 0xc5, 0x10, 0xe5, 0x10, 0xc4, 0x10, 0xc5, 0x08,
    0xc5, 0x10, 0xc5, 0x10, 0xc5, 0x10, 0xe4, 0x10, 0xe5, 0x08, 0xc5, 0x10,
    0xe4, 0x10, 0xc5, 0x10, 0xc5, 0x10, 0xc5, 0x08, 0xe5, 0x10, 0xc5, 0x10,
    0xc4, 0x10, 0xc5, 0x10, 0xe5, 0x10, 0xc5, 0x10, 0xc5, 0x10, 0xc5, 0x10,
    0xc5, 0x10, 0xe5, 0x10, 0xc5, 0x10, 0xc5, 0x10, 0xe4, 0x10, 0xc5, 0x10,
    0xe5, 0x08, 0xc5, 0x10, 0xc5, 0x10, 0xc4, 0x10, 0xe4, 0x10, 0xc5, 0x10,
    0xc5, 0x10, 0xc5, 0x10, 0xc5, 0x10, 0xc4, 0x10, 0xc5, 0x10, 0xe5, 0x10,
    0xc5, 0x10, 0xc5, 0x10, 0xc5, 0x10, 0xc5, 0x10, 0xe5, 0x10, 0xc5, 0x10,
    0xe4, 0x10, 0xc5, 0x10, 0xc5, 0x10, 0xe5, 0x10, 0xc5, 0x10, 0xc4, 0x10,
    0xc5, 0x10, 0xc5, 0x10, 0xe5, 0x10, 0xc4, 0x08, 0xc5, 0x10, 0xe5, 0x10,
    0xe5, 0x10, 0xc4, 0x10, 0xc5, 0x10, 0xc5, 0x10, 0xe5, 0x10, 0xc5, 0x10,
    0xe5, 0x10, 0xc4, 0x10, 0xc5, 0x10, 0xc5, 0x10, 0xc5, 0x10, 0xc4, 0x10,
    0xe5, 0x10, 0xc5, 0x10, 0xc4, 0x10, 0xc5, 0x10, 0xc5, 0x10, 0xc5, 0x10,
    0xc5, 0x10, 0xc5, 0x08, 0xc5, 0x10, 0xc5, 0x10, 0xe4, 0x10, 0xc5, 0x10,
    0xc5, 0x10, 0xc4, 0x08, 0xc5, 0x10, 0xe5, 0x10, 0xc4, 0x10, 0xc4, 0x10,
    0xc5, 0x10, 0xc5, 0x10, 0xc4, 0x10, 0xc5, 0x08, 0xc4, 0x10, 0xe5, 0x10,
    0xc5, 0x10, 0xc5, 0x10, 0xc5, 0x08, 0xc5, 0x10, 0xc4, 0x10, 0xc5, 0x10,
    0xc5, 0x10, 0xe5, 0x10, 0xc4, 0x10, 0xc5, 0x08, 0xc4, 0x10, 0xc5, 0x10,
    0xc5, 0x10, 0xc4, 0x10, 0xc5, 0x10, 0xe5, 0x10, 0xc5, 0x10, 0xe5, 0x10,
    0xc5, 0x10, 0xc4, 0x10, 0xc5, 0x10, 0xe5, 0x08, 0xc5, 0x10, 0xc5, 0x10,
    0xe4, 0x10, 0xe5, 0x10, 0xc5, 0x10, 0xc4, 0x10, 0xe5, 0x10, 0xc5, 0x10,
    0xc4, 0x10, 0xc5, 0x10, 0xc5, 0x08, 0xc5, 0x10, 0xe5, 0x10, 0xc5, 0x10,
    0xc5, 0x10, 0xe4, 0x08, 0xc5, 0x10, 0xc5, 0x10, 0xc4, 0x10, 0xe5, 0x10,
    0xc5, 0x10, 0xc5, 0x08, 0xe5, 0x10, 0xc5, 0x10, 0xc4, 0x10, 0xc4, 0x10,
    0xe5, 0x10, 0xc5, 0x10, 0xe5, 0x10, 0xe5, 0x08, 0xc5, 0x10, 0xc5, 0x10,
    0xc4, 0x10, 0xe5, 0x10, 0xc4, 0x10, 0xc5, 0x10, 0xc4, 0x10, 0xc5, 0x08,
    0xe5, 0x10, 0xc4, 0x10, 0xc5, 0x10, 0xc5, 0x10, 0xc4, 0x10, 0xe5, 0x10,
    0xc5, 0x10, 0xc4, 0x10, 0xc5, 0x10, 0xc4, 0x08, 0xe5, 0x10, 0xc5, 0x10,
    0xc4, 0x10, 0xc5, 0x10, 0xc5, 0x10, 0xe5, 0x10, 0xc4, 0x10, 0xc5, 0x10,
    0xe5, 0x10, 0xc4, 0x10, 0xc5, 0x08, 0xe5, 0x10, 0xc5, 0x10, 0xc5, 0x10,
    0xc5, 0x10, 0xc4, 0x10, 0xc5, 0x10, 0xe5, 0x10, 0xc4, 0x10, 0xc5, 0x10,
    0xc5, 0x08, 0xc4, 0x10, 0xe5, 0x10, 0xc4, 0x10, 0xc5, 0x10, 0xc5, 0x08,
    0xc4, 0x10, 0xe5, 0x10, 0xc4, 0x10, 0xc5, 0x10, 0xc5, 0x10, 0xc5, 0x10,
    0xc4, 0x10, 0xe5, 0x10, 0xc5, 0x10, 0xc4, 0x10, 0xc5, 0x10, 0xe5, 0x10,
    0xe5, 0x08, 0xc5, 0x10, 0xc5, 0x10, 0xc4, 0x10, 0xe5, 0x10, 0xc5, 0x10,
    0xe5, 0x10, 0xc4, 0x10, 0xc5, 0x10, 0xe5, 0x10, 0xc5, 0x10, 0xc5, 0x10,
    0xc4, 0x10, 0xc5, 0x10, 0xe5, 0x08, 0xc4, 0x10, 0xc5, 0x10, 0xc5, 0x10,
    0xc5, 0x10, 0xc5, 0x10, 0xc5, 0x10, 0xc5, 0x10, 0xc5, 0x10, 0xc5, 0x10,
    0xc5, 0x10, 0xc4, 0x10, 0xe5, 0x08, 0xc5, 0x10, 0xc4, 0x10, 0xe5, 0x10,
    0xc5, 0x10, 0xc5, 0x10, 0xc4, 0x10, 0xc5, 0x10, 0xe5, 0x08, 0xc4, 0x10,
    0xc5, 0x10, 0xe5, 0x10, 0xc5, 0x08, 0xc5, 0x10, 0xe5, 0x10, 0xc5, 0x10,
    0xe4, 0x10, 0xc5, 0x10, 0xc5, 0x10, 0xc5, 0x10, 0xc5, 0x10, 0xc5, 0x10,
    0xc5, 0x08, 0xc4, 0x10, 0xc5, 0x10, 0xe4, 0x10, 0xc5, 0x10, 0xc5, 0x08,
    0xe5, 0x10, 0xe5, 0x10, 0xc5, 0x10, 0xc5, 0x10, 0xc5, 0x10, 0xc4, 0x08,
    0xc4, 0x10, 0xe5, 0x10, 0xc5, 0x10, 0xc4, 0x10, 0xc5, 0x10, 0xc5, 0x10,
    0xc5, 0x10, 0xc4, 0x10, 0xc5, 0x10, 0xe5, 0x10, 0xc5, 0x10, 0xc5, 0x10,
    0xc4, 0x10, 0xe5, 0x10, 0xc4, 0x10, 0xc5, 0x08, 0xc5, 0x10, 0xe5, 0x10,
    0xc4, 0x10, 0xc4, 0x10, 0xc5, 0x08, 0xe5, 0x10, 0xc5, 0x10, 0xc4, 0x10,
    0xc5, 0x10, 0xe5, 0x10, 0xc5, 0x08, 0xc4, 0x10, 0xc5, 0x10, 0xc5, 0x10,
    0xe5, 0x10, 0xc5, 0x08, 0xc4, 0x10, 0xe5, 0x10, 0xc5, 0x10, 0xc5, 0x08,
    0xc4, 0x10, 0xc5, 0x10, 0xc5, 0x10, 0xe5, 0x08, 0xc4, 0x10, 0xc5, 0x10,
    0xc5, 0x08, 0xe4, 0x10, 0xc5, 0x10, 0xe5, 0x10, 0xc4, 0x10, 0xc5, 0x08,
    0xe5, 0x10, 0xc5, 0x10, 0xc5, 0x10, 0xc5, 0x10, 0xe5, 0x08, 0xc5, 0x10,
    0xc5, 0x10, 0xe4, 0x10, 0xc4, 0x10, 0xc5, 0x10, 0xc5, 0x10, 0xc5, 0x10,
    0xc5, 0x10, 0xe5, 0x10, 0xc5, 0x10, 0xc5, 0x08, 0xc5, 0x10, 0xe5, 0x10,
    0xc4, 0x10, 0xc5, 0x10, 0xe5, 0x10, 0xe5, 0x10, 0xc5, 0x10, 0xc4, 0x10,
    0xc5, 0x08, 0xe4, 0x10, 0xe5, 0x10, 0xc5, 0x10, 0xc5, 0x10, 0xe5, 0x08,
    0xc4, 0x10, 0xc4, 0x10, 0xe5, 0x10, 0xc5, 0x10, 0xc5, 0x10, 0xe4, 0x10,
    0xc5, 0x10, 0xc5, 0x10, 0xc4, 0x08, 0xc5, 0x10, 0xc5, 0x10, 0xc5, 0x10,
    0xc4, 0x10, 0xc5, 0x10, 0xe5, 0x10, 0xc5, 0x10, 0xc5, 0x10, 0xe5, 0x08,
    0xc5, 0x10, 0xc4, 0x10, 0xc5, 0x08, 0xe5, 0x10, 0xc4, 0x10, 0xc5, 0x08,
    0xe5, 0x10, 0xc4, 0x10, 0xc5, 0x10, 0xc5, 0x10, 0xc5, 0x10, 0xc4, 0x08,
    0xe5, 0x10, 0xc5, 0x10, 0xc5, 0x10, 0xc5, 0x10, 0xc5, 0x08, 0xc4, 0x10,
    0xe5, 0x10, 0xc4, 0x10, 0xc4, 0x10, 0xc5, 0x10, 0xe5, 0x08, 0xe5, 0x10,
    0xc5, 0x10, 0xc4, 0x10, 0xc5, 0x10, 0xc5, 0x10, 0xe4, 0x10, 0xc5, 0x10,
    0xc5, 0x08, 0xc5, 0x10, 0xe5, 0x10, 0xc4, 0x10, 0xc5, 0x10, 0xe4, 0x10,
    0xc5, 0x10, 0xc5, 0x08, 0xc4, 0x10, 0xc5, 0x10, 0xc5, 0x08, 0xc4, 0x10,
    0xc5, 0x10, 0xc5, 0x10, 0xe5, 0x10, 0xc5, 0x10, 0xc4, 0x10, 0xc5, 0x10,
    0xc5, 0x08, 0xc4, 0x10, 0xc5, 0x10, 0xc4, 0x08, 0xe5, 0x10, 0xc5, 0x10,
    0xc5, 0x10, 0xc5, 0x10, 0xc5, 0x10, 0xe4, 0x10, 0xc4, 0x08, 0xc5, 0x10,
    0xc5, 0x10, 0xc5, 0x10, 0xe4, 0x10, 0xc5, 0x10, 0xc5, 0x10, 0xc5, 0x10,
    0xe5, 0x10, 0xc5, 0x10, 0xc5, 0x08, 0xc5, 0x10, 0xe5, 0x10, 0xc5, 0x10,
    0xc5, 0x10, 0xc5, 0x10, 0xc5, 0x10, 0xe5, 0x08, 0xe5, 0x10, 0xc4, 0x10,
    0xc5, 0x10, 0xc4, 0x10, 0xe5, 0x10, 0xc5, 0x08, 0xc4, 0x10, 0xc5, 0x10,
    0xc5, 0x10, 0xc5, 0x10, 0xc5, 0x10, 0xc5, 0x10, 0xc5, 0x10, 0xe5, 0x08,
    0xc4, 0x10, 0xe5, 0x10, 0xc5, 0x10, 0xc5, 0x10, 0xe5, 0x10, 0xc4, 0x10,
    0xc5, 0x10, 0xc5, 0x10, 0xc5, 0x10, 0xc5, 0x10, 0xc4, 0x10, 0xe4, 0x10,
    0xe5, 0x10, 0xc4, 0x08, 0xc5, 0x10, 0xe5, 0x10, 0xc5, 0x10, 0xe5, 0x08,
    0xe5, 0x10, 0xc5, 0x10, 0xc5, 0x10, 0xc4, 0x10, 0xc5, 0x10, 0xc5, 0x10,
    0xc5, 0x10, 0xc4, 0x08, 0xe5, 0x10, 0xc4, 0x10, 0xc5, 0x10, 0xc5, 0x10,
    0xc5, 0x10, 0xc5, 0x10, 0xc4, 0x10, 0xc5, 0x10, 0xc4, 0x10, 0xc5, 0x10,
    0xc5, 0x10, 0xe4, 0x10, 0xc5, 0x08, 0xc5, 0x10, 0xc4, 0x10, 0xc4, 0x10,
    0xe5, 0x10, 0xc5, 0x10, 0xc5, 0x10, 0xe5, 0x10, 0xc4, 0x10, 0xc5, 0x10,
    0xc5, 0x10, 0xc5, 0x10, 0xc4, 0x08, 0xe4, 0x10, 0xe5, 0x10, 0xc5, 0x10,
    0xc5, 0x10, 0xc4, 0x10, 0xc5, 0x10, 0xe5, 0x08, 0xe5, 0x10, 0xc5, 0x10,
    0xc4, 0x10, 0xe5, 0x10, 0xc4, 0x10, 0xc5, 0x08, 0xc5, 0x10, 0xc5, 0x10,
    0xe4, 0x08, 0xc5, 0x10, 0xe5, 0x10, 0xe5, 0x10, 0xc5, 0x10, 0xc4, 0x10,
    0xc5, 0x08, 0xc5, 0x10, 0xe4, 0x10, 0xc5, 0x10, 0xc5, 0x10, 0xc4, 0x08,
    0xc5, 0x10, 0xc5, 0x10, 0xc4, 0x10, 0xc5, 0x10, 0xc4, 0x08, 0xe5, 0x10,
    0xc5, 0x10, 0xc4, 0x10, 0xc5, 0x10, 0xc5, 0x10, 0xc5, 0x10, 0xc4, 0x10,
    0xc5, 0x10, 0xc5, 0x10, 0xe5, 0x10, 0xc4, 0x10, 0xc5, 0x10, 0xc4, 0x10,
    0xe5, 0x10, 0xc5, 0x10, 0xc5, 0x08, 0xc5, 0x10, 0xe4, 0x10, 0xc5, 0x10,
    0xc5, 0x10, 0xc4, 0x08, 0xc5, 0x10, 0xe5, 0x10, 0xc4, 0x10, 0xe4, 0x10,
    0xc5, 0x10, 0xc5, 0x10, 0xe5, 0x10, 0xc5, 0x10, 0xe5, 0x08, 0xc5, 0x10,
    0xc4, 0x10, 0xe4, 0x10, 0xc5, 0x10, 0xc5, 0x10, 0xc5, 0x10, 0xc5, 0x10,
    0xc5, 0x08, 0xe5, 0x10, 0xc5, 0x10, 0xc5, 0x10, 0xc4, 0x10, 0xe5, 0x10,
    0xc5, 0x10, 0xc5, 0x10, 0xc4, 0x10, 0xc5, 0x10, 0xe4, 0x10, 0xc5, 0x10,
    0xc5, 0x10, 0xc5, 0x10, 0xc5, 0x10, 0xe5, 0x10, 0xc5, 0x10, 0xc5, 0x08,
    0xe5, 0x10, 0xc5, 0x10, 0xe5, 0x10, 0xc4, 0x10, 0xc4, 0x10, 0xe5, 0x10,
    0xc5, 0x08, 0xc5, 0x10, 0xe5, 0x10, 0xc4, 0x10, 0xc4, 0x10, 0xc5, 0x10,
    0xc4, 0x10, 0xc5, 0x10, 0xe5, 0x10, 0xc4, 0x10, 0xc5, 0x10, 0xc5, 0x10,
    0xc4, 0x10, 0xe5, 0x10, 0xc5, 0x10, 0xe4, 0x10, 0xc4, 0x10, 0xc5, 0x10,
    0xc5, 0x10, 0xc5, 0x10, 0xc4, 0x10, 0xe4, 0x10, 0xe5, 0x10, 0xc5, 0x10,
    0xc5, 0x10, 0xc5, 0x10, 0xc5, 0x10, 0xc5, 0x10, 0xc5, 0x10, 0xc5, 0x10,
    0xc5, 0x08, 0xc5, 0x10, 0xc5, 0x10, 0xc4, 0x10, 0xc5, 0x10, 0xe5, 0x10,
    0xc5, 0x10, 0xc4, 0x10, 0xc5, 0x08, 0xc5, 0x10, 0xe5, 0x10, 0xc5, 0x10,
    0xc4, 0x10, 0xc5, 0x10, 0xe5, 0x10, 0xe5, 0x10, 0xc5, 0x10, 0xe5, 0x10,
    0xc5, 0x08, 0xc4, 0x10, 0xe5, 0x10, 0xc5, 0x10, 0xc5, 0x10, 0xc5, 0x10,
    0xe4, 0x10, 0xe5, 0x10, 0xc5, 0x10, 0xe5, 0x10, 0xc5, 0x10, 0xc5, 0x10,
    0xe4, 0x08, 0xc5, 0x10, 0xc5, 0x10, 0xc5, 0x10, 0xc5, 0x10, 0xc5, 0x10,
    0xc5, 0x10, 0xc5, 0x10, 0xc5, 0x10, 0xc5, 0x08, 0xc4, 0x10, 0xe5, 0x10,
    0xc5, 0x10, 0xc4, 0x10, 0xc5, 0x10, 0xe5, 0x10, 0xc4, 0x10, 0xc5, 0x10,
    0xe5, 0x10, 0xe5, 0x08, 0xc4, 0x10, 0xc5, 0x10, 0xc5, 0x10, 0xe5, 0x10,
    0xc5, 0x08, 0xc5, 0x10, 0xc4, 0x10, 0xe5, 0x10, 0xc5, 0x10, 0xe4, 0x10,
    0xc5, 0x10, 0xc4, 0x10, 0xe4, 0x10, 0xc5, 0x08, 0xc5, 0x10, 0xc5, 0x10,
    0xc5, 0x10, 0xc5, 0x10, 0xe5, 0x08, 0xc5, 0x10, 0xc4, 0x10, 0xe5, 0x08,
    0xc5, 0x10, 0xe5, 0x10, 0xe4, 0x10, 0xc5, 0x10, 0xc5, 0x10, 0xc5, 0x08,
    0xc5, 0x10, 0xe5, 0x10, 0xc4, 0x10, 0xe5, 0x10, 0xc4, 0x10, 0xc4, 0x10,
    0xc5, 0x10, 0xc5, 0x10, 0xe4, 0x10, 0xc5, 0x10, 0xe5, 0x08, 0xc5, 0x10,
    0xc4, 0x10, 0xe5, 0x10, 0xc5, 0x10, 0xc5, 0x10, 0xe5, 0x10, 0xc5, 0x10,
    0xe4, 0x10, 0xc5, 0x10, 0xc5, 0x10, 0xe4, 0x10, 0xc5, 0x10, 0xc5, 0x08,
    0xe5, 0x10, 0xc5, 0x10, 0xc4, 0x10, 0xe5, 0x10, 0xe5, 0x10, 0xc5, 0x10,
    0xc5, 0x10, 0xe5, 0x10, 0xc4, 0x08, 0xc5, 0x10, 0xc5, 0x10, 0xe5, 0x10,
    0xc4, 0x10, 0xc5, 0x10, 0xc5, 0x10, 0xc5, 0x10, 0xc4, 0x10, 0xe5, 0x10,
    0xc5, 0x10, 0xe5, 0x08, 0xc4, 0x10, 0xc5, 0x10, 0xc5, 0x10, 0xc4, 0x10,
    0xe5, 0x08, 0xc5, 0x10, 0xc5, 0x10, 0xe5, 0x10, 0xc4, 0x10, 0xe5, 0x10,
    0xc5, 0x10, 0xc5, 0x10, 0xc5, 0x10, 0xc4, 0x10, 0xc5, 0x10, 0xe5, 0x10,
    0xc5, 0x10, 0xc5, 0x10, 0xe5, 0x10, 0xc4, 0x10, 0xc5, 0x10, 0xc5, 0x10,
    0xe5, 0x10, 0xc4, 0x10, 0xc5, 0x10, 0xe5, 0x10, 0xe5, 0x10, 0xc5, 0x10,
    0xc5, 0x10, 0xc4, 0x10, 0xe5, 0x10, 0xc5, 0x10, 0xc4, 0x10, 0xe5, 0x10,
    0xe5, 0x10, 0xc5, 0x08, 0xc4, 0x10, 0xc5, 0x10, 0xc5, 0x10, 0xe5, 0x10,
    0xc5, 0x10, 0xc5, 0x10, 0xc4, 0x10, 0xc5, 0x10, 0xc5, 0x10, 0xe5, 0x10,
    0xc5, 0x10, 0xc4, 0x10, 0xe5, 0x10, 0xc5, 0x10, 0xc5, 0x10, 0xc5, 0x10,
    0xe4, 0x10, 0xc5, 0x08, 0xc5, 0x10, 0xc5, 0x10, 0xc4, 0x10, 0xe4, 0x10,
    0xc5, 0x10, 0xc5, 0x08, 0xc5, 0x10, 0xc4, 0x10, 0xe4, 0x10, 0xe5, 0x10,
    0xc5, 0x10, 0xc4, 0x10, 0xc4, 0x10, 0xc5, 0x08, 0xe5, 0x10, 0xc5, 0x10,
    0xc5, 0x10, 0xc4, 0x10, 0xc5, 0x10, 0xc5, 0x08, 0xe5, 0x10, 0xc5, 0x10,
    0xc5, 0x10, 0xe5, 0x10, 0xc4, 0x08, 0xc5, 0x10, 0xe4, 0x10, 0xc5, 0x10,
    0xc5, 0x10, 0xc4, 0x10, 0xc5, 0x10, 0xe5, 0x10, 0xc5, 0x08, 0xc5, 0x10,
    0xe4, 0x10, 0xc5, 0x10, 0xc4, 0x08, 0xc5, 0x10, 0xc5, 0x10, 0xe5, 0x10,
    0xc5, 0x10, 0xc5, 0x10, 0xc5, 0x10, 0xc5, 0x10, 0xc5, 0x10, 0xe5, 0x10,
    0xc5, 0x10, 0xc5, 0x10, 0xc5, 0x08, 0xc5, 0x10, 0xe5, 0x10, 0xc5, 0x10,
    0xc5, 0x10, 0xe4, 0x10, 0xc5, 0x10, 0xc5, 0x08, 0xc5, 0x10, 0xc5, 0x10,
    0xc4, 0x10, 0xe5, 0x08, 0xe5, 0x10, 0xc5, 0x10, 0xe4, 0x10, 0xc4, 0x10,
    0xc5, 0x10, 0xe5, 0x10, 0xe4, 0x10, 0xc5, 0x08, 0xc5, 0x10, 0xc5, 0x10,
    0xe4, 0x10, 0xc5, 0x10, 0xc5, 0x10, 0xe5, 0x10, 0xc5, 0x08, 0xc5, 0x10,
    0xc5, 0x10, 0xe5, 0x10, 0xc5, 0x10, 0xc4, 0x10, 0xc4, 0x10, 0xc5, 0x10,
    0xe5, 0x10, 0xc5, 0x10, 0xc5, 0x10, 0xc4, 0x08, 0xc5, 0x10, 0xe5, 0x10,
    0xc5, 0x10, 0xc5, 0x10, 0xc5, 0x10, 0xc4, 0x10, 0xc5, 0x10, 0xc5, 0x10,
    0xc4, 0x10, 0xe5, 0x10, 0xc4, 0x10, 0xe5, 0x10, 0xc5, 0x10, 0xc5, 0x10,
    0xc5, 0x10, 0xc4, 0x10, 0xe5, 0x10, 0xc5, 0x10, 0xc5, 0x10, 0xe4, 0x10,
    0xc5, 0x08, 0xc5, 0x10, 0xe5, 0x10, 0xc4, 0x10, 0xc5, 0x08, 0xc5, 0x10,
    0xc4, 0x10, 0xc4, 0x10, 0xc5, 0x10, 0xc5, 0x10, 0xc4, 0x10, 0xc4, 0x10,
    0xe5, 0x10, 0xc5, 0x10, 0xc5, 0x10, 0xc5, 0x10, 0xc5, 0x10, 0xc5, 0x10,
    0xc5, 0x08, 0xc5, 0x10, 0xe5, 0x10, 0xc5, 0x10, 0xe4, 0x10, 0xc4, 0x10,
    0xc5, 0x10, 0xc5, 0x10, 0xc4, 0x10, 0xc4, 0x10, 0xc5, 0x10, 0xc5, 0x10,
    0xc5, 0x10, 0xc5, 0x10, 0xc4, 0x08, 0xc5, 0x10, 0xe5, 0x10, 0xc5, 0x10,
    0xc4, 0x10, 0xc5, 0x10, 0xc5, 0x10, 0xc5, 0x08, 0xc5, 0x10, 0xc5, 0x10,
    0xc4, 0x10, 0xc5, 0x08, 0xe5, 0x10, 0xc5, 0x10, 0xc5, 0x10, 0xe5, 0x10,
    0xc4, 0x10, 0xc5, 0x10, 0xc5, 0x10, 0xc5, 0x10, 0xc5, 0x08, 0xc4, 0x10,
    0xc5, 0x10, 0xe5, 0x08, 0xc5, 0x10, 0xc5, 0x10, 0xe5, 0x10, 0xc5, 0x10,
    0xc4, 0x10, 0xc5, 0x10, 0xc5, 0x10, 0xc4, 0x10, 0xc5, 0x08, 0xc5, 0x10,
    0xe5, 0x10, 0xc4, 0x10, 0xc5, 0x10, 0xc5, 0x10, 0xc5, 0x10, 0xc4, 0x08,
    0xe5, 0x10, 0xc4, 0x10, 0xe5, 0x10, 0xc5, 0x10, 0xc5, 0x08, 0xc4, 0x10,
    0xc5, 0x10, 0xc5, 0x10, 0xc5, 0x10, 0xc5, 0x10, 0xc4, 0x10, 0xc5, 0x10,
    0xc5, 0x10, 0xc5, 0x10, 0xc5, 0x10, 0xe4, 0x10, 0xc5, 0x10, 0xc5, 0x08,
    0xc5, 0x10, 0xc5, 0x10, 0xc4, 0x10, 0xc5, 0x08, 0xc4, 0x10, 0xc5, 0x10,
    0xe5, 0x10, 0xc5, 0x10, 0xc5, 0x10, 0xc5, 0x08, 0xe4, 0x10, 0xe5, 0x10,
    0xc5, 0x10, 0xe5, 0x08, 0xc5, 0x10, 0xc5, 0x10, 0xc5, 0x10, 0xc5, 0x10,
    0xe4, 0x10, 0xc5, 0x08, 0xc5, 0x10, 0xe4, 0x10, 0xc5, 0x08, 0xc5, 0x10,
    0xc5, 0x10, 0xc4, 0x10, 0xc5, 0x10, 0xe5, 0x10, 0xc5, 0x10, 0xc5, 0x08,
    0xc5, 0x10, 0xc4, 0x10, 0xe5, 0x10, 0xe5, 0x10, 0xc5, 0x10, 0xc5, 0x08,
    0xc4, 0x10, 0xc5, 0x10, 0xe5, 0x10, 0xc4, 0x08, 0xc5, 0x10, 0xc5, 0x10,
    0xc5, 0x10, 0xc5, 0x10, 0xc4, 0x10, 0xe5, 0x10, 0xc5, 0x10, 0xc5, 0x10,
    0xe5, 0x10, 0xc5, 0x10, 0xc5, 0x10, 0xe5, 0x10, 0xc5, 0x08, 0xc4, 0x10,
    0xc5, 0x10, 0xc5, 0x10, 0xe5, 0x10, 0xc5, 0x10, 0xc5, 0x10, 0xc4, 0x10,
    0xc5, 0x08, 0xe5, 0x10, 0xe5, 0x10, 0xc5, 0x10, 0xc4, 0x10, 0xc4, 0x08,
    0xc5, 0x10, 0xe4, 0x10, 0xc5, 0x10, 0xc5, 0x10, 0xc5, 0x10, 0xc4, 0x10,
    0xc5, 0x10, 0xe4, 0x08, 0xc5, 0x10, 0xc5, 0x10, 0xc5, 0x10, 0xc5, 0x10,
    0xc4, 0x10, 0xc5, 0x10, 0xe5, 0x10, 0xc5, 0x10, 0xc5, 0x10, 0xe5, 0x08,
    0xc4, 0x10, 0xc5, 0x10, 0xe5, 0x08, 0xc4, 0x10, 0xc5, 0x10, 0xe5, 0x08,
    0xc4, 0x10, 0xc5, 0x10, 0xe5, 0x10, 0xc4, 0x10, 0xc5, 0x08, 0xc5, 0x10,
    0xe4, 0x10, 0xc5, 0x08, 0xe5, 0x10, 0xc5, 0x10, 0xc5, 0x10, 0xc4, 0x10,
    0xe5, 0x10, 0xc5, 0x10, 0xc4, 0x10, 0xc5, 0x08, 0xc5, 0x10, 0xc5, 0x10,
    0xe5, 0x10, 0xc4, 0x10, 0xc5, 0x10, 0xe5, 0x10, 0xc5, 0x10, 0xc4, 0x10,
    0xc5, 0x08, 0xc5, 0x10, 0xe5, 0x10, 0xc4, 0x10, 0xc4, 0x10, 0xc5, 0x10,
    0xe5, 0x10, 0xc5, 0x08, 0xc4, 0x10, 0xc5, 0x10, 0xc5, 0x08, 0xc5, 0x10,
    0xc4, 0x10, 0xe4, 0x10, 0xc5, 0x10, 0xc5, 0x10, 0xe4, 0x10, 0xc5, 0x10,
    0xc5, 0x08, 0xc4, 0x10, 0xc5, 0x10, 0xe5, 0x08, 0xc4, 0x10, 0xc5, 0x10,
    0xe5, 0x10, 0xc5, 0x10, 0xc5, 0x10, 0xc4, 0x08, 0xe4, 0x10, 0xc5, 0x10,
    0xc5, 0x10, 0xc5, 0x10, 0xc4, 0x10, 0xe5, 0x10, 0xc4, 0x10, 0xc5, 0x10,
    0xc5, 0x10, 0xe5, 0x10, 0xc4, 0x10, 0xc5, 0x10, 0xc5, 0x10, 0xc5, 0x10,
    0xe5, 0x10, 0xc5, 0x10, 0xc5, 0x10, 0xe5, 0x10, 0xc5, 0x08, 0xc5, 0x10,
    0xc5, 0x10, 0xe4, 0x10, 0xc5, 0x08, 0xc5, 0x10, 0xe4, 0x10, 0xc5, 0x10,
    0xe5, 0x10, 0xc4, 0x10, 0xc5, 0x10, 0xc5, 0x10, 0xc5, 0x10, 0xe5, 0x10,
    0xc4, 0x08, 0xe5, 0x10, 0xc5, 0x10, 0xc5, 0x10, 0xe5, 0x10, 0xc5, 0x10,
    0xc4, 0x10, 0xe5, 0x10, 0xc5, 0x10, 0xc5, 0x10, 0xc5, 0x10, 0xe4, 0x10,
    0xc5, 0x10, 0xc5, 0x10, 0xc5, 0x10, 0xe4, 0x10, 0xc5, 0x10, 0xc5, 0x10,
    0xe5, 0x10, 0xc5, 0x10, 0xc5, 0x10, 0xc4, 0x10, 0xc4, 0x10, 0xc5, 0x10,
    0xe5, 0x08, 0xc5, 0x10, 0xe5, 0x10, 0xc4, 0x10, 0xe4, 0x10, 0xc5, 0x10,
    0xc5, 0x10, 0xc5, 0x10, 0xe4, 0x10, 0xc5, 0x08, 0xc5, 0x10, 0xe5, 0x10,
    0xc4, 0x10, 0xc5, 0x10, 0xc5, 0x08, 0xe5, 0x10, 0xc5, 0x10, 0xc4, 0x10,
    0xc4, 0x08, 0xc5, 0x10, 0xc5, 0x10, 0xe5, 0x10, 0xc4, 0x10, 0xe5, 0x10,
    0xc5, 0x10, 0xc5, 0x10, 0xc4, 0x08, 0xe5, 0x10, 0xc5, 0x10, 0xc5, 0x10,
    0xe5, 0x10, 0xc4, 0x10, 0xc5, 0x10, 0xe5, 0x10, 0xe4, 0x08, 0xc5, 0x10,
    0xc5, 0x10, 0xe5, 0x10, 0xc4, 0x08, 0xc5, 0x10, 0xc5, 0x10, 0xc5, 0x10,
    0xe4, 0x10, 0xc4, 0x10, 0xe5, 0x10, 0xe5, 0x10, 0xc5, 0x10, 0xe4, 0x08,
    0xc5, 0x10, 0xc4, 0x10, 0xe4, 0x10, 0xc5, 0x10, 0xc5, 0x10, 0xc5, 0x10,
    0xc5, 0x10, 0xc4, 0x10, 0xe5, 0x10, 0xc5, 0x10, 0xc4, 0x08, 0xc4, 0x10,
    0xc5, 0x10, 0xe5, 0x10, 0xc5, 0x10, 0xc5, 0x10, 0xc5, 0x10, 0xe4, 0x10,
    0xc5, 0x10, 0xc5, 0x10, 0xe5, 0x10, 0xc4, 0x08, 0xc5, 0x10, 0xc4, 0x10,
    0xe4, 0x10, 0xc5, 0x10, 0xc5, 0x08, 0xc5, 0x10, 0xc4, 0x10, 0xc5, 0x10,
    0xe5, 0x10, 0xc4, 0x10, 0xc5, 0x10, 0xc5, 0x10, 0xe4, 0x10, 0xc5, 0x10,
    0xc5, 0x08, 0xc4, 0x10, 0xe5, 0x10, 0xc4, 0x08, 0xc5, 0x10, 0xc5, 0x10,
    0xc5, 0x08, 0xc5, 0x10, 0xe4, 0x10, 0xc5, 0x10, 0xc5, 0x10, 0xc5, 0x10,
    0xc4, 0x10, 0xe5, 0x08, 0xc5, 0x10, 0xc5, 0x10, 0xc4, 0x10, 0xe5, 0x10,
    0xc5, 0x10, 0xc5, 0x10, 0xc4, 0x10, 0xc5, 0x10, 0xc5, 0x10, 0xe5, 0x10,
    0xc5, 0x10, 0xc5, 0x10, 0xc5, 0x10, 0xe5, 0x10, 0xc5, 0x10, 0xc5, 0x08,
    0xe5, 0x10, 0xc5, 0x10, 0xc5, 0x10, 0xc5, 0x10, 0xe4, 0x10, 0xe5, 0x10,
    0xc5, 0x10, 0xc5, 0x10, 0xc5, 0x10, 0xc4, 0x10, 0xe5, 0x10, 0xc4, 0x10,
    0xc5, 0x10, 0xe5, 0x10, 0xc4, 0x10, 0xe5, 0x10, 0xc5, 0x10, 0xc4, 0x10,
    0xc5, 0x10, 0xe5, 0x10, 0xc4, 0x10, 0xc5, 0x10, 0xc5, 0x10, 0xe5, 0x10,
    0xc4, 0x10, 0xc5, 0x10, 0xc5, 0x10, 0xc4, 0x10, 0xe4, 0x08, 0xc5, 0x10,
    0xc5, 0x10, 0xc5, 0x10, 0xc5, 0x10, 0xe4, 0x10, 0xc5, 0x10, 0xc5, 0x10,
    0xc4, 0x08, 0xc5, 0x10, 0xc5, 0x10, 0xc5, 0x10, 0xe4, 0x10, 0xc5, 0x10,
    0xc5, 0x10, 0xe5, 0x10, 0xc4, 0x10, 0xc5, 0x10, 0xc5, 0x10, 0xe4, 0x10,
    0xc4, 0x10, 0xc5, 0x10, 0xc5, 0x10, 0xc5, 0x10, 0xe5, 0x10, 0xe5, 0x10,
    0xc5, 0x10, 0xc5, 0x10, 0xc4, 0x08, 0xe5, 0x10, 0xc5, 0x10, 0xc5, 0x10,
    0xe4, 0x10, 0xc5, 0x10, 0xe5, 0x10, 0xc5, 0x10, 0xc5, 0x10, 0xe5, 0x10,
    0xc4, 0x08, 0xc5, 0x10, 0xc5, 0x10, 0xe5, 0x10, 0xc5, 0x10, 0xc5, 0x10,
    0xc5, 0x10, 0xc5, 0x10, 0xe5, 0x10, 0xc5, 0x08, 0xc5, 0x10, 0xc5, 0x10,
    0xc5, 0x10, 0xc4, 0x10, 0xc5, 0x08, 0xc5, 0x10, 0xe4, 0x10, 0xe4, 0x10,
    0xc5, 0x10, 0xc5, 0x08, 0xe5, 0x10, 0xc5, 0x10, 0xe4, 0x10, 0xc5, 0x10,
    0xc5, 0x10, 0xc5, 0x10, 0xc4, 0x10, 0xe5, 0x10, 0xc5, 0x08, 0xc4, 0x10,
    0xc5, 0x10, 0xe5, 0x10, 0xc4, 0x10, 0xc5, 0x08, 0xc5, 0x10, 0xc5, 0x10,
    0xc5, 0x10, 0xc4, 0x10, 0xe5, 0x10, 0xc5, 0x10, 0xc5, 0x08, 0xe4, 0x10,
    0xc5, 0x10, 0xc4, 0x08, 0xe5, 0x10, 0xe5, 0x10, 0xc4, 0x10, 0xc5, 0x08,
    0xc5, 0x10, 0xe4, 0x10, 0xc5, 0x08, 0xc5, 0x10, 0xe4, 0x10, 0xc5, 0x08,
    0xc5, 0x10, 0xe4, 0x10, 0xc5, 0x10, 0xc5, 0x08, 0xe5, 0x10, 0xc5, 0x10,
    0xc4, 0x10, 0xc5, 0x10, 0xc4, 0x08, 0xe5, 0x10, 0xc5, 0x10, 0xe5, 0x08,
    0xc4, 0x10, 0xc5, 0x10, 0xc5, 0x10, 0xc4, 0x10, 0xc4, 0x10, 0xc5, 0x08,
    0xc5, 0x10, 0xe5, 0x10, 0xe5, 0x10, 0xc4, 0x10, 0xc5, 0x10, 0xc5, 0x10,
    0xe5, 0x10, 0xc5, 0x10, 0xc5, 0x10, 0xe4, 0x10, 0xc5, 0x08, 0xc5, 0x10,
    0xc5, 0x10, 0xc5, 0x10, 0xc5, 0x10, 0xc5, 0x10, 0xe4, 0x10, 0xc5, 0x10,
    0xc5, 0x08, 0xe5, 0x10, 0xc4, 0x10, 0xc5, 0x10, 0xc5, 0x10, 0xc5, 0x10,
    0xe4, 0x10, 0xc5, 0x10, 0xc5, 0x10, 0xc5, 0x10, 0xe4, 0x10, 0xc5, 0x10,
    0xc5, 0x10, 0xc5, 0x08, 0xc5, 0x10, 0xc5, 0x10, 0xc5, 0x10, 0xc5, 0x10,
    0xc5, 0x10, 0xc5, 0x08, 0xe5, 0x10, 0xc5, 0x10, 0xc5, 0x10, 0xc4, 0x08,
    0xc4, 0x10, 0xc5, 0x10, 0xc4, 0x10, 0xc5, 0x10, 0xe5, 0x10, 0xc5, 0x10,
    0xc5, 0x10, 0xc5, 0x10, 0xc5, 0x10, 0xc4, 0x08, 0xe5, 0x10, 0xc5, 0x10,
    0xc5, 0x08, 0xe4, 0x10, 0xc5, 0x10, 0xc5, 0x10, 0xc5, 0x10, 0xe5, 0x10,
    0xc5, 0x10, 0xc5, 0x10, 0xe4, 0x10, 0xc5, 0x10, 0xe5, 0x10, 0xc4, 0x10,
    0xc5, 0x10, 0xe5, 0x08, 0xc5, 0x10, 0xc5, 0x10, 0xe5, 0x10, 0xc5, 0x10,
    0xe4, 0x10, 0xe5, 0x10, 0xc5, 0x10, 0xc5, 0x10, 0xe5, 0x10, 0xc4, 0x10,
    0xc4, 0x10, 0xc5, 0x10, 0xc5, 0x10, 0xc4, 0x08, 0xc5, 0x10, 0xe5, 0x10,
    0xc5, 0x10, 0xc5, 0x10, 0xc4, 0x10, 0xc4, 0x10, 0xe5, 0x08, 0xc5, 0x10,
    0xe5, 0x10, 0xc4, 0x10, 0xc5, 0x08, 0xc5, 0x10, 0xe5, 0x10, 0xc5, 0x10,
    0xc5, 0x10, 0xc4, 0x10, 0xc5, 0x08, 0xc4, 0x10, 0xe4, 0x10, 0xc5, 0x10,
    0xc5, 0x10, 0xc5, 0x10, 0xe4, 0x10, 0xc5, 0x10, 0xc5, 0x08, 0xc4, 0x10,
    0xc5, 0x10, 0xe5, 0x08, 0xc4, 0x10, 0xc5, 0x10, 0xe5, 0x08, 0xc5, 0x10,
    0xc5, 0x10, 0xc5, 0x10, 0xc4, 0x10, 0xc5, 0x10, 0xc5, 0x08, 0xe4, 0x10,
    0xc5, 0x10, 0xc5, 0x08, 0xc5, 0x10, 0xc4, 0x10, 0xe5, 0x10, 0xc5, 0x10,
    0xc5, 0x10, 0xc5, 0x10, 0xc5, 0x10, 0xe5, 0x10, 0xc5, 0x10, 0xc5, 0x10,
    0xc4, 0x08, 0xe5, 0x10, 0xc4, 0x10, 0xc5, 0x10, 0xe5, 0x10, 0xc4, 0x10,
    0xe5, 0x10, 0xc5, 0x10, 0xc5, 0x08, 0xc4, 0x10, 0xc5, 0x10, 0xe5, 0x08,
    0xc4, 0x10, 0xc5, 0x10, 0xc5, 0x10, 0xc5, 0x08, 0xe5, 0x10, 0xc5, 0x10,
    0xc5, 0x08, 0xc5, 0x10, 0xe4, 0x10, 0xe5, 0x10, 0xc5, 0x10, 0xc4, 0x10,
    0xc5, 0x08, 0xc5, 0x10, 0xe5, 0x10, 0xc5, 0x10, 0xc5, 0x10, 0xc4, 0x10,
    0xc5, 0x10, 0xc5, 0x10, 0xc5, 0x08, 0xe4, 0x10, 0xc5, 0x10, 0xc5, 0x10,
    0xc5, 0x10, 0xc4, 0x10, 0xe5, 0x10, 0xc5, 0x10, 0xc5, 0x10, 0xc5, 0x10,
    0xc5, 0x10, 0xc4, 0x10, 0xc5, 0x10, 0xc5, 0x10, 0xc4, 0x10, 0xe5, 0x10,
    0xc4, 0x08, 0xe5, 0x10, 0xe5, 0x10, 0xc5, 0x10, 0xc5, 0x10, 0xc5, 0x08,
    0xc5, 0x10, 0xe5, 0x10, 0xc4, 0x10, 0xc4, 0x10, 0xc5, 0x10, 0xe5, 0x10,
    0xc5, 0x08, 0xc4, 0x10, 0xe5, 0x10, 0xc5, 0x10, 0xc4, 0x10, 0xc5, 0x10,
    0xc5, 0x08, 0xc5, 0x10, 0xe5, 0x10, 0xc4, 0x10, 0xe4, 0x10, 0xc5, 0x10,
    0xc5, 0x10, 0xe5, 0x10, 0xc5, 0x08, 0xc4, 0x10, 0xc4, 0x10, 0xc5, 0x10,
    0xe5, 0x10, 0xc5, 0x10, 0xc4, 0x10, 0xc5, 0x10, 0xc5, 0x10, 0xc4, 0x10,
    0xe5, 0x10, 0xc5, 0x10, 0xc4, 0x10, 0xc5, 0x10, 0xc5, 0x10, 0xe5, 0x10,
    0xc4, 0x10, 0xc5, 0x10, 0xc4, 0x10, 0xc5, 0x10, 0xe5, 0x10, 0xc5, 0x10,
    0xc5, 0x10, 0xc5, 0x10, 0xc5, 0x10, 0xc5, 0x10, 0xc5, 0x10, 0xc5, 0x10,
    0xc5, 0x10, 0xe4, 0x10, 0xc5, 0x10, 0xc5, 0x10, 0xe5, 0x10, 0xc5, 0x10,
    0xc4, 0x10, 0xc5, 0x10, 0xc4, 0x10, 0xc5, 0x10, 0xe5, 0x10, 0xe5, 0x10,
    0xc5, 0x10, 0xc5, 0x10, 0xe4, 0x08, 0xc5, 0x10, 0xc5, 0x10, 0xc5, 0x10,
    0xe5, 0x10, 0xe4, 0x10, 0xc5, 0x10, 0xc5, 0x10, 0xc5, 0x10, 0xe4, 0x10,
    0xc5, 0x10, 0xc5, 0x10, 0xe5, 0x08, 0xc5, 0x10, 0xc5, 0x10, 0xe4, 0x10,
    0xc5, 0x08, 0xc5, 0x10, 0xc4, 0x10, 0xe5, 0x10, 0xc5, 0x08, 0xc4, 0x10,
    0xc5, 0x10, 0xe5, 0x10, 0xc5, 0x10, 0xc5, 0x10, 0xc4, 0x10, 0xe5, 0x10,
    0xc5, 0x10, 0xc4, 0x10, 0xc5, 0x10, 0xc5, 0x10, 0xc4, 0x10, 0xe5, 0x10,
    0xc5, 0x10, 0xe5, 0x10, 0xc5, 0x08, 0xc5, 0x10, 0xe4, 0x10, 0xc5, 0x10,
    0xe5, 0x08, 0xc4, 0x10, 0xc4, 0x10, 0xe5, 0x10, 0xc5, 0x10, 0xc5, 0x10,
    0xe4, 0x10, 0xc5, 0x10, 0xc5, 0x10, 0xc5, 0x10, 0xe4, 0x10, 0xc5, 0x10,
    0xc5, 0x08, 0xc5, 0x10, 0xc5, 0x10, 0xc5, 0x10, 0xc4, 0x08, 0xe5, 0x10,
    0xc5, 0x10, 0xc5, 0x10, 0xc4, 0x10, 0xc5, 0x08, 0xc5, 0x10, 0xc4, 0x10,
    0xc5, 0x10, 0xc5, 0x10, 0xc5, 0x10, 0xc5, 0x10, 0xc5, 0x10, 0xe5, 0x10,
    0xc5, 0x10, 0xe5, 0x10, 0xe4, 0x10, 0xc5, 0x10, 0xc5, 0x10, 0xe4, 0x08,
    0xc5, 0x10, 0xc5, 0x10, 0xe5, 0x10, 0xe5, 0x10, 0xc5, 0x10, 0xc5, 0x10,
    0xc4, 0x10, 0xc5, 0x10, 0xe5, 0x10, 0xe5, 0x10, 0xc4, 0x10, 0xc4, 0x08,
    0xc5, 0x10, 0xe4, 0x10, 0xe5, 0x10, 0xc5, 0x10, 0xc5, 0x10, 0xe5, 0x10,
    0xc4, 0x10, 0xc4, 0x10, 0xc5, 0x08, 0xe5, 0x10, 0xc4, 0x10, 0xc5, 0x10,
    0xc5, 0x10, 0xc5, 0x10, 0xe5, 0x10, 0xc5, 0x10, 0xc5, 0x10, 0xc4, 0x10,
    0xe5, 0x10, 0xc5, 0x08, 0xc5, 0x10, 0xc5, 0x10, 0xe5, 0x10, 0xc5, 0x10,
    0xc5, 0x10, 0xc5, 0x10, 0xe4, 0x10, 0xc5, 0x10, 0xc5, 0x08, 0xc4, 0x10,
    0xc5, 0x10, 0xc5, 0x08, 0xe4, 0x10, 0xc5, 0x10, 0xc5, 0x10, 0xc5, 0x10,
    0xe5, 0x10, 0xc5, 0x10, 0xc5, 0x10, 0xc5, 0x08, 0xc5, 0x10, 0xc5, 0x10,
    0xc5, 0x10, 0xc5, 0x10, 0xe4, 0x10, 0xe5, 0x10, 0xc5, 0x10, 0xc5, 0x10,
    0xe5, 0x10, 0xc5, 0x10, 0xc5, 0x10, 0xe4, 0x10, 0xc5, 0x10, 0xc5, 0x10,
    0xe5, 0x10, 0xc5, 0x10, 0xc5, 0x10, 0xc4, 0x08, 0xc5, 0x10, 0xc5, 0x10,
    0xc4, 0x10, 0xe5, 0x10, 0xc5, 0x10, 0xc5, 0x10, 0xc4, 0x10, 0xc5, 0x08,
    0xe5, 0x10, 0xc5, 0x10, 0xc4, 0x10, 0xc5, 0x10, 0xc4, 0x08, 0xc5, 0x10,
    0xe4, 0x10, 0xc5, 0x10, 0xc5, 0x10, 0xc4, 0x08, 0xc4, 0x10, 0xe5, 0x10,
    0xc5, 0x10, 0xc5, 0x10, 0xe4, 0x10, 0xc5, 0x10, 0xc4, 0x10, 0xe5, 0x10,
    0xc5, 0x10, 0xc5, 0x10, 0xc5, 0x10, 0xc4, 0x10, 0xe5, 0x10, 0xc5, 0x10,
    0xc4, 0x10, 0xc5, 0x10, 0xc5, 0x08, 0xc5, 0x10, 0xc5, 0x10, 0xc5, 0x10,
    0xe4, 0x10, 0xc5, 0x10, 0xc5, 0x10, 0xc5, 0x10, 0xc5, 0x10, 0xe5, 0x10,
    0xe5, 0x10, 0xc4, 0x10, 0xc5, 0x10, 0xc5, 0x10, 0xc5, 0x10, 0xe5, 0x08,
    0xc4, 0x10, 0xc5, 0x10, 0xc5, 0x10, 0xc5, 0x10, 0xe5, 0x10, 0xc5, 0x08,
    0xc5, 0x10, 0xc5, 0x10, 0xc5, 0x10, 0xc5, 0x08, 0xc5, 0x10, 0xe5, 0x10,
    0xc5, 0x10, 0xc5, 0x10, 0xe5, 0x10, 0xe5, 0x10, 0xc5, 0x10, 0xc4, 0x10,
    0xc5, 0x10, 0xc5, 0x08, 0xe5, 0x10, 0xc5, 0x10, 0xc4, 0x08, 0xc5, 0x10,
    0xc4, 0x10, 0xe5, 0x10, 0xe5, 0x10, 0xc4, 0x10, 0xc5, 0x10, 0xc4, 0x10,
    0xc5, 0x10, 0xe5, 0x10, 0xc5, 0x08, 0xc5, 0x10, 0xe5, 0x10, 0xc5, 0x10,
    0xe5, 0x10, 0xc5, 0x10, 0xc5, 0x08, 0xc5, 0x10, 0xc5, 0x10, 0xc4, 0x08,
    0xc4, 0x10, 0xc5, 0x10, 0xc5, 0x10, 0xc5, 0x10, 0xc5, 0x10, 0xe4, 0x10,
    0xc4, 0x10, 0xc5, 0x08, 0xe4, 0x10, 0xc5, 0x10, 0xc5, 0x08, 0xc5, 0x10,
    0xc4, 0x10, 0xc4, 0x10, 0xc5, 0x10, 0xc5, 0x10, 0xe4, 0x10, 0xc5, 0x10,
    0xc5, 0x10, 0xc4, 0x10, 0xe5, 0x10, 0xc5, 0x10, 0xc5, 0x10, 0xe5, 0x10,
    0xc4, 0x10, 0xc5, 0x10, 0xe4, 0x10, 0xc4, 0x08, 0xe5, 0x10, 0xc4, 0x10,
    0xc5, 0x10, 0xe5, 0x10, 0xe4, 0x10, 0xc5, 0x08, 0xc5, 0x10, 0xe5, 0x10,
    0xc5, 0x10, 0xc5, 0x10, 0xe5, 0x10, 0xc5, 0x10, 0xc4, 0x10, 0xc5, 0x10,
    0xc5, 0x10, 0xe5, 0x10, 0xc5, 0x10, 0xc5, 0x10, 0xc5, 0x10, 0xc4, 0x10,
    0xc5, 0x10, 0xc5, 0x10, 0xc5, 0x10, 0xe4, 0x08, 0xc5, 0x10, 0xc4, 0x10,
    0xe5, 0x10, 0xe4, 0x10, 0xc5, 0x10, 0xc5, 0x10, 0xc5, 0x10, 0xc5, 0x10,
    0xc5, 0x10, 0xc4, 0x10, 0xc5, 0x10, 0xe5, 0x10, 0xe4, 0x10, 0xc5, 0x10,
    0xc5, 0x08, 0xc5, 0x10, 0xc5, 0x10, 0xe4, 0x08, 0xc4, 0x10, 0xc5, 0x10,
    0xc5, 0x08, 0xc5, 0x10, 0xc5, 0x10, 0xe5, 0x10, 0xc5, 0x10, 0xc4, 0x10,
    0xc5, 0x10, 0xe5, 0x10, 0xc4, 0x08, 0xc5, 0x10, 0xc5, 0x10, 0xc4, 0x10,
    0xc5, 0x10, 0xc5, 0x08, 0xc5, 0x10, 0xc4, 0x10, 0xc5, 0x10, 0xe5, 0x10,
    0xc5, 0x10, 0xc5, 0x10, 0xc5, 0x10, 0xc5, 0x10, 0xc5, 0x10, 0xc5, 0x08,
    0xe5, 0x10, 0xc5, 0x10, 0xc5, 0x10, 0xc5, 0x10, 0xc5, 0x10, 0xe5, 0x10,
    0xe5, 0x08, 0xc4, 0x10, 0xc4, 0x10, 0xc5, 0x10, 0xe5, 0x10, 0xc4, 0x10,
    0xc5, 0x10, 0xe4, 0x10, 0xc5, 0x10, 0xe5, 0x10, 0xc4, 0x10, 0xc5, 0x10,
    0xc5, 0x10, 0xe4, 0x10, 0xc5, 0x10, 0xe5, 0x10, 0xc5, 0x10, 0xc5, 0x10,
    0xe4, 0x10, 0xe5, 0x10, 0xc5, 0x10, 0xc4, 0x08, 0xc5, 0x10, 0xe4, 0x10,
    0xc5, 0x10, 0xc5, 0x10, 0xe4, 0x10, 0xe5, 0x10, 0xc5, 0x10, 0xe4, 0x08,
    0xc5, 0x10, 0xc5, 0x10, 0xc4, 0x10, 0xc5, 0x10, 0xc5, 0x10, 0xc4, 0x10,
    0xc5, 0x10, 0xc5, 0x10, 0xe4, 0x08, 0xc5, 0x10, 0xc5, 0x10, 0xc4, 0x10,
    0xc4, 0x10, 0xc5, 0x10, 0xe4, 0x10, 0xc5, 0x10, 0xc5, 0x10, 0xc4, 0x10,
    0xe5, 0x10, 0xc5, 0x10, 0xc4, 0x10, 0xc4, 0x08, 0xe5, 0x10, 0xe5, 0x10,
    0xc5, 0x10, 0xc4, 0x10, 0xe5, 0x10, 0xc5, 0x10, 0xc5, 0x10, 0xe5, 0x10,
    0xc5, 0x10, 0xc5, 0x08, 0xc5, 0x10, 0xe5, 0x10, 0xc5, 0x10, 0xc5, 0x10,
    0xc5, 0x10, 0xc5, 0x10, 0xc5, 0x10, 0xe5, 0x08, 0xc5, 0x10, 0xc5, 0x10,
    0xc5, 0x10, 0xc4, 0x10, 0xc5, 0x08, 0xc5, 0x10, 0xc4, 0x10, 0xc5, 0x10,
    0xc5, 0x10, 0xe4, 0x10, 0xc5, 0x10, 0xc5, 0x10, 0xe5, 0x08, 0xc4, 0x10,
    0xc5, 0x10, 0xe5, 0x10, 0xc5, 0x10, 0xe4, 0x08, 0xc4, 0x10, 0xc5, 0x10,
    0xc5, 0x10, 0xc4, 0x10, 0xc5, 0x10, 0xe5, 0x08, 0xc5, 0x10, 0xc5, 0x10,
    0xc4, 0x10, 0xe5, 0x10, 0xc4, 0x10, 0xc5, 0x10, 0xe5, 0x10, 0xc5, 0x10,
    0xc5, 0x10, 0xc4, 0x10, 0xe5, 0x10, 0xe5, 0x10, 0xc4, 0x10, 0xc5, 0x10,
    0xc5, 0x08, 0xc4, 0x10, 0xc5, 0x10, 0xc5, 0x08, 0xc4, 0x10, 0xc5, 0x10,
    0xc5, 0x10, 0xe5, 0x10, 0xc5, 0x10, 0xe5, 0x10, 0xc4, 0x10, 0xc5, 0x10,
    0xe5, 0x10, 0xc5, 0x10, 0xc4, 0x08, 0xc5, 0x10, 0xe5, 0x10, 0xe5, 0x08,
    0xc4, 0x10, 0xc5, 0x10, 0xe5, 0x10, 0xc4, 0x10, 0xc4, 0x10, 0xc5, 0x08,
    0xc4, 0x10, 0xe5, 0x10, 0xc5, 0x10, 0xe4, 0x10, 0xc5, 0x10, 0xc5, 0x10,
    0xe5, 0x10, 0xc4, 0x10, 0xc5, 0x10, 0xe5, 0x10, 0xc4, 0x10, 0xc5, 0x08,
    0xc5, 0x10, 0xc5, 0x10, 0xc5, 0x10, 0xc4, 0x10, 0xe5, 0x10, 0xc5, 0x10,
    0xc5, 0x10, 0xe5, 0x10, 0xc5, 0x10, 0xc4, 0x10, 0xc5, 0x08, 0xc5, 0x10,
    0xc5, 0x10, 0xe5, 0x10, 0xc5, 0x08, 0xc4, 0x10, 0xc5, 0x10, 0xc5, 0x08,
    0xe5, 0x10, 0xc5, 0x10, 0xc5, 0x10, 0xc5, 0x10, 0xc5, 0x10, 0xc5, 0x08,
    0xc5, 0x10, 0xc5, 0x10, 0xc5, 0x10, 0xe5, 0x10, 0xc5, 0x10, 0xc4, 0x10,
    0xc5, 0x08, 0xc4, 0x10, 0xc4, 0x10, 0xc5, 0x10, 0xe5, 0x10, 0xc5, 0x08,
    0xc5, 0x10, 0xc4, 0x10, 0xc5, 0x10, 0xe5, 0x08, 0xc4, 0x10, 0xc5, 0x10,
    0xe5, 0x08, 0xc5, 0x10, 0xe4, 0x10, 0xc5, 0x10, 0xc5, 0x10, 0xc5, 0x10,
    0xc5, 0x10, 0xc5, 0x10, 0xc4, 0x08, 0xe4, 0x10, 0xe5, 0x10, 0xc5, 0x10,
    0xe4, 0x10, 0xe5, 0x08, 0xc5, 0x10, 0xc4, 0x10, 0xc5, 0x10, 0xc5, 0x10,
    0xe5, 0x10, 0xe4, 0x10, 0xc4, 0x10, 0xc5, 0x10, 0xe5, 0x10, 0xc4, 0x10,
    0xe5, 0x10, 0xc4, 0x10, 0xc5, 0x10, 0xc5, 0x08, 0xc5, 0x10, 0xe5, 0x10,
    0xc5, 0x10, 0xc4, 0x10, 0xc5, 0x10, 0xc5, 0x10, 0xc4, 0x10, 0xc5, 0x10,
    0xe5, 0x10, 0xe5, 0x10, 0xc4, 0x10, 0xc5, 0x08, 0xc5, 0x10, 0xc5, 0x10,
    0xc5, 0x10, 0xe5, 0x08, 0xc4, 0x10, 0xe5, 0x10, 0xc4, 0x10, 0xc5, 0x10,
    0xc4, 0x10, 0xe5, 0x10, 0xc5, 0x10, 0xc4, 0x10, 0xe4, 0x10, 0xc5, 0x10,
    0xc4, 0x10, 0xc5, 0x10, 0xc5, 0x10, 0xc4, 0x08, 0xc5, 0x10, 0xc5, 0x10,
    0xc5, 0x08, 0xc5, 0x10, 0xc4, 0x10, 0xc5, 0x10, 0xc5, 0x08, 0xc4, 0x10,
    0xe5, 0x10, 0xc5, 0x08, 0xc5, 0x10, 0xc5, 0x10, 0xe5, 0x10, 0xc4, 0x10,
    0xc5, 0x08, 0xc5, 0x10, 0xc4, 0x10, 0xc5, 0x10, 0xe5, 0x10, 0xc5, 0x10,
    0xc4, 0x08, 0xc5, 0x10, 0xc5, 0x10, 0xc4, 0x10, 0xc5, 0x10, 0xc5, 0x10,
    0xe4, 0x10, 0xc5, 0x10, 0xe5, 0x08, 0xc5, 0x10, 0xc5, 0x10, 0xe4, 0x08,
    0xc5, 0x10, 0xc4, 0x10, 0xe5, 0x10, 0xc5, 0x10, 0xc5, 0x10, 0xc5, 0x08,
    0xe5, 0x10, 0xc5, 0x10, 0xc5, 0x08, 0xe5, 0x10, 0xc5, 0x10, 0xe5, 0x10,
    0xc5, 0x08, 0xc5, 0x10, 0xc5, 0x10, 0xc5, 0x10, 0xc5, 0x10, 0xc5, 0x10,
    0xc4, 0x08, 0xc5, 0x10, 0xe5, 0x10, 0xc5, 0x10, 0xe5, 0x10, 0xc4, 0x10,
    0xc5, 0x10, 0xc5, 0x10, 0xe5, 0x10, 0xc4, 0x10, 0xe5, 0x08, 0xc5, 0x10,
    0xc5, 0x10, 0xc4, 0x10, 0xe5, 0x10, 0xc5, 0x10, 0xc4, 0x10, 0xc5, 0x10,
    0xe4, 0x08, 0xc5, 0x10, 0xe5, 0x10, 0xc4, 0x10, 0xe5, 0x10, 0xc5, 0x08,
    0xc5, 0x10, 0xe5, 0x10, 0xc4, 0x10, 0xc5, 0x10, 0xe5, 0x10, 0xc4, 0x10,
    0xc5, 0x10, 0xc5, 0x08, 0xc5, 0x10, 0xc5, 0x10, 0xe5, 0x10, 0xc5, 0x10,
    0xc4, 0x08, 0xc5, 0x10, 0xe5, 0x10, 0xc5, 0x10, 0xc4, 0x10, 0xc5, 0x10,
    0xe5, 0x10, 0xc5, 0x10, 0xc5, 0x08, 0xe4, 0x10, 0xc5, 0x10, 0xc4, 0x10,
    0xe4, 0x10, 0xc5, 0x10, 0xc4, 0x08, 0xc5, 0x10, 0xc5, 0x10, 0xe4, 0x10,
    0xc5, 0x10, 0xe5, 0x10, 0xc4, 0x10, 0xc5, 0x10, 0xc5, 0x10, 0xe5, 0x08,
    0xe5, 0x10, 0xc4, 0x10, 0xc4, 0x10, 0xc5, 0x10, 0xc5, 0x10, 0xe5, 0x10,
    0xc5, 0x08, 0xc4, 0x10, 0xc5, 0x10, 0xc5, 0x10, 0xc5, 0x10, 0xc5, 0x10,
    0xc5, 0x10, 0xc5, 0x10, 0xc4, 0x10, 0xc5, 0x10, 0xe5, 0x10, 0xc5, 0x10,
    0xc5, 0x10, 0xc4, 0x10, 0xc5, 0x10, 0xc5, 0x10, 0xe4, 0x08, 0xc5, 0x10,
    0xc5, 0x10, 0xc5, 0x10, 0xe4, 0x08, 0xc5, 0x10, 0xc5, 0x10, 0xc5, 0x10,
    0xe5, 0x10, 0xc5, 0x10, 0xc5, 0x10, 0xe5, 0x08, 0xc4, 0x10, 0xe5, 0x10,
    0xc5, 0x08, 0xc5, 0x10, 0xe5, 0x10, 0xc4, 0x10, 0xc5, 0x10, 0xe5, 0x10,
    0xc5, 0x10, 0xe4, 0x10, 0xc5, 0x10, 0xc5, 0x10, 0xe4, 0x10, 0xc5, 0x10,
    0xc5, 0x10, 0xc4, 0x08, 0xc5, 0x10, 0xc5, 0x10, 0xe5, 0x10, 0xc5, 0x10,
    0xe5, 0x10, 0xc4, 0x08, 0xc5, 0x10, 0xc5, 0x10, 0xe4, 0x10, 0xc5, 0x10,
    0xc5, 0x10, 0xe5, 0x10, 0xc5, 0x10, 0xc5, 0x10, 0xc4, 0x10, 0xe5, 0x10,
    0xc4, 0x10, 0xc5, 0x10, 0xc5, 0x10, 0xe5, 0x10, 0xc4, 0x10, 0xc5, 0x10,
    0xe5, 0x10, 0xc5, 0x10, 0xc4, 0x10, 0xc5, 0x10, 0xc5, 0x10, 0xe5, 0x08,
    0xc4, 0x10, 0xc5, 0x10, 0xc5, 0x10, 0xc5, 0x10, 0xc5, 0x08, 0xc4, 0x10,
    0xc5, 0x10, 0xc5, 0x10, 0xe5, 0x10, 0xc5, 0x10, 0xc5, 0x08, 0xc5, 0x10,
    0xc5, 0x10, 0xc5, 0x10, 0xc5, 0x10, 0xc5, 0x10, 0xc5, 0x10, 0xc5, 0x08,
    0xc5, 0x10, 0xe5, 0x10, 0xc4, 0x10, 0xc5, 0x10, 0xc4, 0x10, 0xc4, 0x10,
    0xc5, 0x08, 0xc5, 0x10, 0xe5, 0x10, 0xc5, 0x10, 0xe4, 0x08, 0xe5, 0x10,
    0xc5, 0x10, 0xc5, 0x10, 0xc4, 0x10, 0xe5, 0x10, 0xc5, 0x10, 0xc5, 0x10,
    0xe4, 0x10, 0xc4, 0x10, 0xc5, 0x10, 0xc5, 0x08, 0xe5, 0x10, 0xc4, 0x10,
    0xc5, 0x10, 0xc5, 0x08, 0xe5, 0x10, 0xc5, 0x10, 0xc5, 0x08, 0xc5, 0x10,
    0xc5, 0x10, 0xc5, 0x10, 0xe5, 0x10, 0xe5, 0x10, 0xc5, 0x10, 0xc4, 0x10,
    0xe5, 0x10, 0xc5, 0x10, 0xc5, 0x10, 0xe5, 0x10, 0xc4, 0x10, 0xc5, 0x10,
    0xe5, 0x10, 0xc4, 0x10, 0xc5, 0x10, 0xc5, 0x08, 0xc4, 0x10, 0xe5, 0x10,
    0xc5, 0x10, 0xc5, 0x10, 0xe5, 0x10, 0xc5, 0x10, 0xc5, 0x10, 0xc4, 0x10,
    0xc5, 0x10, 0xe4, 0x10, 0xc5, 0x10, 0xc5, 0x08, 0xc4, 0x10, 0xc5, 0x10,
    0xc5, 0x10, 0xc5, 0x10, 0xc4, 0x10, 0xe5, 0x10, 0xc5, 0x10, 0xc5, 0x10,
    0xe5, 0x10, 0xc5, 0x10, 0xc5, 0x10, 0xc5, 0x10, 0xc4, 0x10, 0xe5, 0x10,
    0xc5, 0x10, 0xc4, 0x10, 0xc5, 0x10, 0xc5, 0x10, 0xc4, 0x10, 0xc5, 0x10,
    0xe5, 0x10, 0xc4, 0x10, 0xe5, 0x10, 0xe5, 0x10, 0xc5, 0x10, 0xc4, 0x10,
    0xc5, 0x10, 0xc5, 0x10, 0xc5, 0x10, 0xc5, 0x10, 0xc4, 0x08, 0xc5, 0x10,
    0xc5, 0x10, 0xe4, 0x10, 0xc4, 0x10, 0xc5, 0x10, 0xc5, 0x10, 0xc5, 0x10,
    0xc5, 0x10, 0xc5, 0x10, 0xc4, 0x10, 0xc5, 0x10, 0xc5, 0x10, 0xe5, 0x10,
    0xc5, 0x10, 0xc5, 0x10, 0xc5, 0x10, 0xe5, 0x10, 0xc5, 0x10, 0xe5, 0x10,
    0xc4, 0x10, 0xc5, 0x08, 0xc5, 0x10, 0xe4, 0x10, 0xc5, 0x10, 0xc5, 0x10,
    0xc5, 0x10, 0xe4, 0x10, 0xc5, 0x10, 0xc5, 0x10, 0xc5, 0x10, 0xc5, 0x10,
    0xe5, 0x10, 0xe5, 0x10, 0xc5, 0x10, 0xc4, 0x10, 0xc5, 0x10, 0xe5, 0x10,
    0xc4, 0x08, 0xc5, 0x10, 0xc5, 0x10, 0xc5, 0x10, 0xc5, 0x10, 0xc5, 0x08,
    0xc5, 0x10, 0xe5, 0x10, 0xc5, 0x10, 0xc5, 0x10, 0xe4, 0x08, 0xc5, 0x10,
    0xc5, 0x10, 0xc4, 0x08, 0xe5, 0x10, 0xc5, 0x10, 0xe5, 0x10, 0xc4, 0x10,
    0xc5, 0x10, 0xc5, 0x10, 0xc5, 0x10, 0xc5, 0x08, 0xe4, 0x10, 0xc5, 0x10,
    0xc4, 0x10, 0xc5, 0x10, 0xe5, 0x10, 0xe5, 0x08, 0xc4, 0x10, 0xc4, 0x10,
    0xc5, 0x10, 0xe5, 0x10, 0xc5, 0x08, 0xc5, 0x10, 0xc5, 0x10, 0xc5, 0x10,
    0xe4, 0x10, 0xc5, 0x08, 0xc4, 0x10, 0xe5, 0x10, 0xc5, 0x10, 0xc4, 0x10,
    0xc5, 0x10, 0xe5, 0x10, 0xc5, 0x10, 0xc5, 0x10, 0xc4, 0x10, 0xe5, 0x10,
    0xc5, 0x10, 0xc4, 0x10, 0xe4, 0x10, 0xc5, 0x10, 0xc5, 0x10, 0xc5, 0x10,
    0xe4, 0x10, 0xc4, 0x10, 0xc5, 0x08, 0xc5, 0x10, 0xe5, 0x10, 0xc5, 0x10,
    0xc4, 0x08, 0xc5, 0x10, 0xc5, 0x10, 0xc5, 0x10, 0xe5, 0x10, 0xc4, 0x10,
    0xc5, 0x10, 0xe5, 0x10, 0xe4, 0x10, 0xc5, 0x10, 0xe5, 0x10, 0xc4, 0x10,
    0xc4, 0x10, 0xe5, 0x10, 0xc4, 0x10, 0xc5, 0x10, 0xc5, 0x08, 0xc5, 0x10,
    0xc5, 0x10, 0xe4, 0x08, 0xc5, 0x10, 0xc5, 0x10, 0xc5, 0x08, 0xc5, 0x10,
    0xe5, 0x10, 0xe4, 0x08, 0xc5, 0x10, 0xc5, 0x10, 0xe5, 0x08, 0xc5, 0x10,
    0xc4, 0x10, 0xc5, 0x10, 0xc5, 0x10, 0xe5, 0x08, 0xc5, 0x10, 0xc4, 0x10,
    0xe5, 0x10, 0xc5, 0x10, 0xc5, 0x10, 0xe5, 0x10, 0xc5, 0x10, 0xc5, 0x10,
    0xc5, 0x10, 0xc5, 0x10, 0xc4, 0x10, 0xc5, 0x10, 0xe5, 0x10, 0xe4, 0x10,
    0xc4, 0x10, 0xc5, 0x10, 0xc5, 0x08, 0xe4, 0x10, 0xc5, 0x10, 0xc5, 0x10,
    0xc4, 0x10, 0xc5, 0x10, 0xc5, 0x10, 0xe5, 0x10, 0xe5, 0x10, 0xc5, 0x10,
    0xc5, 0x10, 0xe5, 0x10, 0xc4, 0x10, 0xc5, 0x10, 0xc5, 0x10, 0xc5, 0x10,
    0xc5, 0x08, 0xc4, 0x10, 0xe5, 0x10, 0xc5, 0x10, 0xc5, 0x10, 0xe4, 0x10,
    0xc5, 0x08, 0xc5, 0x10, 0xc5, 0x10, 0xc5, 0x10, 0xc5, 0x10, 0xe5, 0x10,
    0xc5, 0x10, 0xc5, 0x10, 0xc4, 0x10, 0xc5, 0x10, 0xc5, 0x10, 0xe5, 0x10,
    0xc5, 0x08, 0xe4, 0x10, 0xc5, 0x10, 0xc5, 0x10, 0xe5, 0x10, 0xc5, 0x10,
    0xc5, 0x10, 0xe4, 0x10, 0xc5, 0x10, 0xc5, 0x08, 0xe5, 0x10, 0xc5, 0x10,
    0xc5, 0x10, 0xc5, 0x10, 0xc4, 0x10, 0xe4, 0x10, 0xc5, 0x10, 0xc5, 0x10,
    0xc5, 0x10, 0xe4, 0x10, 0xc5, 0x10, 0xc5, 0x08, 0xe4, 0x10, 0xe5, 0x10,
    0xc5, 0x10, 0xc5, 0x10, 0xe5, 0x10, 0xc5, 0x10, 0xe5, 0x10, 0xe5, 0x10,
    0xc5, 0x10, 0xc4, 0x08, 0xc5, 0x10, 0xc5, 0x10, 0xc4, 0x10, 0xc4, 0x10,
    0xc5, 0x08, 0xc5, 0x10, 0xe4, 0x10, 0xc5, 0x10, 0xc5, 0x08, 0xe4, 0x10,
    0xc5, 0x10, 0xc5, 0x10, 0xe4, 0x10, 0xc5, 0x10, 0xc5, 0x08, 0xe4, 0x10,
    0xc5, 0x10, 0xc5, 0x10, 0xc4, 0x10, 0xc5, 0x08, 0xe4, 0x10, 0xc5, 0x10,
    0xe5, 0x10, 0xe4, 0x10, 0xc4, 0x08, 0xc5, 0x10, 0xc4, 0x10, 0xe5, 0x10,
    0xe5, 0x10, 0xc5, 0x08, 0xc5, 0x10, 0xc5, 0x10, 0xc4, 0x10, 0xe4, 0x10,
    0xc5, 0x10, 0xc5, 0x10, 0xe5, 0x10, 0xc5, 0x08, 0xc4, 0x10, 0xe5, 0x10,
    0xc5, 0x10, 0xc4, 0x10, 0xc5, 0x10, 0xc4, 0x08, 0xc5, 0x10, 0xc5, 0x10,
    0xe4, 0x10, 0xc5, 0x10, 0xc5, 0x10, 0xc5, 0x10, 0xc4, 0x08, 0xc5, 0x10,
    0xe5, 0x10, 0xc4, 0x10, 0xc5, 0x10, 0xe4, 0x10, 0xc4, 0x10, 0xc5, 0x08,
    0xc4, 0x10, 0xc5, 0x10, 0xc5, 0x10, 0xc4, 0x08, 0xe5, 0x10, 0xc5, 0x10,
    0xc5, 0x10, 0xc5, 0x10, 0xc4, 0x10, 0xe5, 0x10, 0xc5, 0x10, 0xc4, 0x10,
    0xe5, 0x10, 0xc5, 0x10, 0xc5, 0x10, 0xc5, 0x10, 0xc5, 0x10, 0xc5, 0x10,
    0xc5, 0x10, 0xc5, 0x10, 0xc5, 0x10, 0xc5, 0x10, 0xc4, 0x10, 0xc5, 0x10,
    0xc4, 0x10, 0xe5, 0x08, 0xc5, 0x10, 0xe5, 0x10, 0xc5, 0x10, 0xc5, 0x10,
    0xc5, 0x10, 0xc5, 0x10, 0xc5, 0x10, 0xc4, 0x10, 0xe5, 0x10, 0xc5, 0x10,
    0xc5, 0x08, 0xe5, 0x10, 0xc4, 0x10, 0xc5, 0x10, 0xe5, 0x08, 0xc4, 0x10,
    0xc5, 0x10, 0xe5, 0x10, 0xc5, 0x10, 0xc5, 0x10, 0xc5, 0x10, 0xc5, 0x10,
    0xe5, 0x08, 0xc4, 0x10, 0xc5, 0x10, 0xc5, 0x10, 0xe5, 0x08, 0xc4, 0x10,
    0xc5, 0x10, 0xc5, 0x08, 0xc5, 0x10, 0xc5, 0x10, 0xc5, 0x10, 0xc5, 0x10,
    0xc5, 0x10, 0xc5, 0x10, 0xc5, 0x10, 0xe4, 0x10, 0xc5, 0x10, 0xc5, 0x10,
    0xc4, 0x10, 0xc5, 0x10, 0xe5, 0x10, 0xc4, 0x10, 0xc5, 0x08, 0xc5, 0x10,
    0xc4, 0x10, 0xc5, 0x10, 0xc5, 0x10, 0xc4, 0x10, 0xc5, 0x08, 0xc5, 0x10,
    0xc5, 0x10, 0xc5, 0x10, 0xc5, 0x10, 0xe4, 0x10, 0xc5, 0x10, 0xc5, 0x10,
    0xe5, 0x10, 0xc4, 0x10, 0xc5, 0x10, 0xe5, 0x10, 0xe4, 0x10, 0xc5, 0x10,
    0xc5, 0x10, 0xc5, 0x10, 0xc5, 0x10, 0xc4, 0x10, 0xc5, 0x10, 0xc5, 0x10,
    0xc5, 0x10, 0xc4, 0x10, 0xe5, 0x10, 0xc5, 0x10, 0xe4, 0x10, 0xc5, 0x10,
    0xc5, 0x10, 0xc5, 0x08, 0xe4, 0x10, 0xc4, 0x10, 0xc5, 0x10, 0xe5, 0x10,
    0xe4, 0x10, 0xc5, 0x08, 0xc5, 0x10, 0xc4, 0x10, 0xc5, 0x10, 0xc5, 0x10,
    0xe5, 0x08, 0xc4, 0x10, 0xc5, 0x10, 0xe5, 0x10, 0xc5, 0x10, 0xe4, 0x10,
    0xe5, 0x10, 0xc5, 0x08, 0xc5, 0x10, 0xc4, 0x10, 0xc5, 0x08, 0xe5, 0x10,
    0xc5, 0x10, 0xc4, 0x10, 0xc5, 0x08, 0xc5, 0x10, 0xe5, 0x10, 0xc5, 0x10,
    0xc4, 0x10, 0xe5, 0x10, 0xc5, 0x10, 0xc5, 0x08, 0xe4, 0x10, 0xc5, 0x10,
    0xc5, 0x10, 0xc5, 0x10, 0xe5, 0x10, 0xe4, 0x10, 0xc4, 0x10, 0xc5, 0x10,
    0xc4, 0x08, 0xe5, 0x10, 0xc5, 0x10, 0xc4, 0x10, 0xe5, 0x10, 0xc4, 0x10,
    0xc4, 0x10, 0xc5, 0x10, 0xc5, 0x10, 0xc4, 0x08, 0xc4, 0x10, 0xe5, 0x10,
    0xc5, 0x08, 0xc4, 0x10, 0xe5, 0x10, 0xc4, 0x10, 0xc5, 0x10, 0xc5, 0x10,
    0xe4, 0x08, 0xc5, 0x10, 0xc5, 0x10, 0xe5, 0x10, 0xc5, 0x10, 0xc5, 0x10,
    0xc4, 0x08, 0xc5, 0x10, 0xc4, 0x10, 0xc5, 0x10, 0xc5, 0x10, 0xc5, 0x10,
    0xc5, 0x08, 0xc5, 0x10, 0xc5, 0x10, 0xc4, 0x10, 0xc5, 0x10, 0xc5, 0x08,
    0xc4, 0x10, 0xe5, 0x10, 0xe5, 0x10, 0xc5, 0x08, 0xc5, 0x10, 0xe5, 0x10,
    0xc5, 0x10, 0xc4, 0x10, 0xc5, 0x10, 0xe5, 0x10, 0xc4, 0x10, 0xc5, 0x10,
    0xc5, 0x10, 0xe5, 0x08, 0xc5, 0x10, 0xc5, 0x10, 0xe4, 0x10, 0xc5, 0x10,
    0xc5, 0x08, 0xc4, 0x10, 0xc5, 0x10, 0xc5, 0x10, 0xc5, 0x10, 0xc5, 0x08,
    0xc5, 0x10, 0xc5, 0x10, 0xe5, 0x10, 0xc5, 0x10, 0xe5, 0x10, 0xc5, 0x10,
    0xc4, 0x10, 0xc5, 0x10, 0xc5, 0x10, 0xc5, 0x10, 0xe5, 0x08, 0xc5, 0x10,
    0xc5, 0x10, 0xc4, 0x10, 0xc5, 0x10, 0xe5, 0x10, 0xc4, 0x10, 0xc5, 0x10,
    0xc4, 0x08, 0xe5, 0x10, 0xe5, 0x10, 0xc5, 0x10, 0xc4, 0x10, 0xc5, 0x10,
    0xc5, 0x10, 0xc5, 0x10, 0xc5, 0x10, 0xe5, 0x10, 0xc5, 0x10, 0xc5, 0x10,
    0xc5, 0x10, 0xc5, 0x08, 0xc5, 0x10, 0xe5, 0x10, 0xc5, 0x10, 0xe5, 0x10,
    0xc5, 0x10, 0xc4, 0x10, 0xc5, 0x10, 0xc5, 0x10, 0xe5, 0x10, 0xc4, 0x10,
    0xc5, 0x10, 0xe5, 0x10, 0xe5, 0x10, 0xc4, 0x10, 0xe5, 0x08, 0xc5, 0x10,
    0xc4, 0x10, 0xc5, 0x10, 0xe4, 0x08, 0xe4, 0x10, 0xc5, 0x10, 0xc5, 0x10,
    0xe4, 0x10, 0xe5, 0x10, 0xc5, 0x10, 0xc4, 0x10, 0xe5, 0x08, 0xc5, 0x10,
    0xc5, 0x10, 0xc4, 0x10, 0xc5, 0x10, 0xc4, 0x10, 0xc5, 0x10, 0xc5, 0x10,
    0xe4, 0x08, 0xe4, 0x10, 0xc5, 0x10, 0xc5, 0x10, 0xc5, 0x10, 0xe5, 0x10,
    0xc4, 0x10, 0xc4, 0x10, 0xc5, 0x10, 0xe4, 0x10, 0xc5, 0x10, 0xc5, 0x10,
    0xc5, 0x10, 0xc5, 0x10, 0xe5, 0x10, 0xc5, 0x08, 0xc4, 0x10, 0xe5, 0x10,
    0xc5, 0x10, 0xc5, 0x10, 0xc4, 0x10, 0xe5, 0x10, 0xc5, 0x10, 0xc5, 0x10,
    0xe4, 0x10, 0xc5, 0x10, 0xe5, 0x10, 0xe5, 0x10, 0xc4, 0x10, 0xe4, 0x08,
    0xc5, 0x10, 0xc5, 0x10, 0xe5, 0x10, 0xc5, 0x10, 0xc4, 0x10, 0xc5, 0x08,
    0xe5, 0x10, 0xe5, 0x10, 0xc4, 0x08, 0xc5, 0x10, 0xc5, 0x10, 0xc5, 0x10,
    0xe5, 0x10, 0xc5, 0x08, 0xc5, 0x10, 0xc5, 0x10, 0xc4, 0x10, 0xc5, 0x10,
    0xe5, 0x08, 0xc5, 0x10, 0xc5, 0x10, 0xc5, 0x08, 0xe4, 0x10, 0xc4, 0x10,
    0xc5, 0x10, 0xe5, 0x10, 0xc5, 0x10, 0xc5, 0x10, 0xc4, 0x10, 0xc5, 0x10,
    0xc4, 0x10, 0xc5, 0x10, 0xc5, 0x10, 0xe5, 0x10, 0xc4, 0x10, 0xc4, 0x10,
    0xe5, 0x10, 0xe5, 0x08, 0xc5, 0x10, 0xc4, 0x10, 0xc5, 0x10, 0xc5, 0x10,
    0xc4, 0x10, 0xe5, 0x10, 0xc5, 0x10, 0xc5, 0x10, 0xc5, 0x08, 0xc4, 0x10,
    0xc5, 0x10, 0xe4, 0x10, 0xc5, 0x10, 0xe5, 0x08, 0xc4, 0x10, 0xc5, 0x10,
    0xc5, 0x10, 0xe5, 0x10, 0xc5, 0x10, 0xc5, 0x08, 0xc4, 0x10, 0xc5, 0x10,
    0xc5, 0x10, 0xc5, 0x10, 0xe4, 0x10, 0xc5, 0x10, 0xc5, 0x10, 0xc4, 0x10,
    0xe4, 0x10, 0xc5, 0x10, 0xe5, 0x10, 0xc5, 0x10, 0xc4, 0x10, 0xc4, 0x10,
    0xc5, 0x10, 0xc5, 0x10, 0xc5, 0x10, 0xc4, 0x10, 0xc5, 0x10, 0xc5, 0x10,
    0xc5, 0x10, 0xe4, 0x10, 0xc5, 0x10, 0xc5, 0x08, 0xc5, 0x10, 0xc5, 0x10,
    0xe5, 0x10, 0xc4, 0x10, 0xc5, 0x10, 0xe5, 0x10, 0xc5, 0x08, 0xc5, 0x10,
    0xc5, 0x10, 0xe5, 0x10, 0xc5, 0x10, 0xc5, 0x10, 0xc5, 0x10, 0xc4, 0x10,
    0xc5, 0x10, 0xc5, 0x10, 0xc5, 0x10, 0xc5, 0x10, 0xc4, 0x10, 0xc5, 0x10,
    0xc4, 0x10, 0xe5, 0x10, 0xc5, 0x10, 0xc5, 0x08, 0xc5, 0x10, 0xc4, 0x10,
    0xe5, 0x10, 0xe5, 0x10, 0xc5, 0x10, 0xe5, 0x10, 0xc5, 0x10, 0xc4, 0x10,
    0xe5, 0x10, 0xe4, 0x10, 0xc4, 0x08, 0xc5, 0x10, 0xe4, 0x10, 0xc5, 0x10,
    0xc5, 0x10, 0xc5, 0x10, 0xc5, 0x10, 0xe4, 0x10, 0xc5, 0x10, 0xc5, 0x10,
    0xe5, 0x10, 0xe5, 0x10, 0xc5, 0x08, 0xc5, 0x10, 0xc5, 0x10, 0xe5, 0x10,
    0xc5, 0x10, 0xc4, 0x10, 0xc5, 0x10, 0xc5, 0x10, 0xc5, 0x10, 0xc5, 0x10,
    0xc5, 0x10, 0xe5, 0x10, 0xe5, 0x10, 0xc4, 0x10, 0xc5, 0x10, 0xe5, 0x10,
    0xc4, 0x10, 0xc5, 0x10, 0xc5, 0x10, 0xc5, 0x10, 0xc5, 0x10, 0xc5, 0x08,
    0xc5, 0x10, 0xc4, 0x10, 0xe5, 0x10, 0xe4, 0x10, 0xc5, 0x10, 0xc5, 0x10,
    0xc5, 0x10, 0xc5, 0x10, 0xe4, 0x10, 0xc5, 0x10, 0xc5, 0x10, 0xc5, 0x10,
    0xc5, 0x10, 0xc5, 0x10, 0xc5, 0x08, 0xc4, 0x10, 0xe5, 0x10, 0xc5, 0x10,
    0xc4, 0x08, 0xe5, 0x10, 0xe4, 0x10, 0xc4, 0x08, 0xc5, 0x10, 0xe5, 0x10,
    0xe4, 0x10, 0xc4, 0x10, 0xc5, 0x10, 0xc5, 0x08, 0xc5, 0x10, 0xc5, 0x10,
    0xe4, 0x10, 0xc5, 0x08, 0xe5, 0x10, 0xc4, 0x10, 0xc5, 0x10, 0xc5, 0x10,
    0xc4, 0x08, 0xc5, 0x10, 0xc4, 0x10, 0xc5, 0x10, 0xc5, 0x10, 0xc5, 0x10,
    0xe5, 0x10, 0xc5, 0x10, 0xc5, 0x10, 0xc5, 0x10, 0xc4, 0x10, 0xe5, 0x10,
    0xc5, 0x08, 0xc4, 0x10, 0xe5, 0x10, 0xc5, 0x10, 0xc5, 0x10, 0xe5, 0x10,
    0xc5, 0x10, 0xe5, 0x10, 0xc5, 0x10, 0xc5, 0x10, 0xe4, 0x08, 0xc5, 0x10,
    0xc5, 0x10, 0xc5, 0x10, 0xe5, 0x10, 0xc5, 0x08, 0xc4, 0x10, 0xc5, 0x10,
    0xe5, 0x10, 0xc5, 0x10, 0xc5, 0x10, 0xe5, 0x10, 0xc5, 0x10, 0xc5, 0x10,
    0xe4, 0x08, 0xc5, 0x10, 0xc4, 0x10, 0xc4, 0x10, 0xe5, 0x10, 0xc4, 0x10,
    0xc5, 0x10, 0xc4, 0x10, 0xe5, 0x10, 0xc5, 0x08, 0xc4, 0x10, 0xc5, 0x10,
    0xc5, 0x10, 0xc5, 0x10, 0xc4, 0x10, 0xc5, 0x08, 0xc5, 0x10, 0xc5, 0x10,
    0xe4, 0x10, 0xc5, 0x10, 0xc5, 0x08, 0xc4, 0x10, 0xc5, 0x10, 0xe5, 0x10,
    0xc4, 0x10, 0xc5, 0x10, 0xc5, 0x10, 0xe5, 0x10, 0xe5, 0x10, 0xc4, 0x10,
    0xc5, 0x10, 0xe5, 0x10, 0xc4, 0x10, 0xe5, 0x10, 0xe5, 0x10, 0xc4, 0x10,
    0xc5, 0x10, 0xe5, 0x10, 0xc4, 0x10, 0xe5, 0x10, 0xc5, 0x10, 0xc5, 0x10,
    0xc5, 0x08, 0xc5, 0x10, 0xc4, 0x10, 0xc5, 0x10, 0xc5, 0x08, 0xc5, 0x10,
    0xe5, 0x10, 0xe4, 0x08, 0xc4, 0x10, 0xc5, 0x10, 0xe5, 0x08, 0xc5, 0x10,
    0xc5, 0x10, 0xc5, 0x10, 0xc4, 0x10, 0xc5, 0x10, 0xc5, 0x10, 0xc5, 0x08,
    0xe5, 0x10, 0xc5, 0x10, 0xc4, 0x10, 0xc5, 0x10, 0xe4, 0x10, 0xc5, 0x10,
    0xc5, 0x10, 0xc5, 0x10, 0xc5, 0x10, 0xc5, 0x10, 0xe5, 0x10, 0xc4, 0x10,
    0xc5, 0x10, 0xc5, 0x10, 0xc5, 0x10, 0xe4, 0x10, 0xc5, 0x10, 0xc5, 0x08,
    0xc5, 0x10, 0xc4, 0x10, 0xc5, 0x08, 0xe5, 0x10, 0xc5, 0x10, 0xc5, 0x08,
    0xc5, 0x10, 0xc5, 0x10, 0xc5, 0x10, 0xe4, 0x10, 0xc5, 0x08, 0xc5, 0x10,
    0xe5, 0x10, 0xe5, 0x10, 0xc4, 0x08, 0xc5, 0x10, 0xe5, 0x10, 0xc5, 0x10,
    0xe4, 0x08, 0xc5, 0x10, 0xc4, 0x10, 0xc5, 0x10, 0xc5, 0x10, 0xe5, 0x10,
    0xc5, 0x10, 0xc5, 0x10, 0xe5, 0x08, 0xc5, 0x10, 0xc4, 0x10, 0xc5, 0x10,
    0xe5, 0x10, 0xc5, 0x08, 0xc4, 0x10, 0xe5, 0x10, 0xe5, 0x08, 0xc5, 0x10,
    0xc5, 0x10, 0xe4, 0x10, 0xc5, 0x08, 0xe5, 0x10, 0xe5, 0x10, 0xc5, 0x08,
    0xc5, 0x10, 0xc5, 0x10, 0xe5, 0x10, 0xc4, 0x10, 0xc5, 0x10, 0xe5, 0x10,
    0xc5, 0x10, 0xc5, 0x10, 0xc5, 0x08, 0xc5, 0x10, 0xe4, 0x10, 0xc5, 0x08,
    0xc5, 0x10, 0xc5, 0x10, 0xc5, 0x10, 0xe5, 0x10, 0xc5, 0x10, 0xc5, 0x10,
    0xe5, 0x10, 0xc4, 0x10, 0xc5, 0x10, 0xc5, 0x10, 0xe4, 0x10, 0xc4, 0x08,
    0xc5, 0x10, 0xc4, 0x10, 0xc5, 0x10, 0xc5, 0x10, 0xe4, 0x08, 0xc5, 0x10,
    0xc5, 0x10, 0xc4, 0x10, 0xe5, 0x10, 0xc5, 0x10, 0xc4, 0x08, 0xe5, 0x10,
    0xc5, 0x10, 0xc4, 0x10, 0xc5, 0x08, 0xe5, 0x10, 0xc4, 0x10, 0xc5, 0x10,
    0xe5, 0x10, 0xc4, 0x10, 0xc5, 0x08, 0xc4, 0x10, 0xe4, 0x10, 0xc5, 0x10,
    0xc4, 0x10, 0xe5, 0x10, 0xc5, 0x10, 0xc5, 0x08, 0xc4, 0x10, 0xc5, 0x10,
    0xc5, 0x10, 0xc5, 0x10, 0xc5, 0x10, 0xc5, 0x08, 0xc4, 0x10, 0xe5, 0x10,
    0xc5, 0x10, 0xe4, 0x10, 0xc5, 0x10, 0xc5, 0x10, 0xc5, 0x10, 0xe5, 0x10,
    0xc5, 0x10, 0xc5, 0x10, 0xc5, 0x10, 0xc5, 0x10, 0xc5, 0x10, 0xc4, 0x10,
    0xc5, 0x08, 0xe5, 0x10, 0xc5, 0x10, 0xe4, 0x10, 0xc4, 0x10, 0xc5, 0x10,
    0xc5, 0x10, 0xe5, 0x10, 0xc5, 0x10, 0xe5, 0x08, 0xc5, 0x10, 0xc5, 0x10,
    0xc5, 0x10, 0xe5, 0x10, 0xc5, 0x08, 0xc5, 0x10, 0xc5, 0x10, 0xe4, 0x08,
    0xc5, 0x10, 0xc4, 0x10, 0xc5, 0x10, 0xc5, 0x10, 0xc5, 0x08, 0xc4, 0x10,
    0xc5, 0x10, 0xc5, 0x10, 0xc5, 0x10, 0xc4, 0x08, 0xe5, 0x10, 0xc5, 0x10,
    0xc4, 0x10, 0xc5, 0x08, 0xe5, 0x10, 0xc4, 0x10, 0xc5, 0x10, 0xe5, 0x10,
    0xc5, 0x10, 0xc5, 0x10, 0xc5, 0x10, 0xe4, 0x10, 0xc5, 0x10, 0xc5, 0x10,
    0xc5, 0x08, 0xc5, 0x10, 0xc5, 0x10, 0xc5, 0x08, 0xc5, 0x10, 0xc4, 0x10,
    0xe5, 0x10, 0xc5, 0x10, 0xc5, 0x10, 0xe5, 0x10, 0xc5, 0x10, 0xc5, 0x08,
    0xc5, 0x10, 0xe5, 0x10, 0xc5, 0x10, 0xc4, 0x10, 0xc5, 0x10, 0xc5, 0x10,
    0xe5, 0x08, 0xc4, 0x10, 0xc5, 0x10, 0xc5, 0x10, 0xc5, 0x10, 0xe5, 0x10,
    0xc5, 0x10, 0xc4, 0x10, 0xe5, 0x10, 0xc5, 0x10, 0xc5, 0x10, 0xc5, 0x10,
    0xc4, 0x10, 0xc5, 0x10, 0xc5, 0x10, 0xc4, 0x10, 0xc5, 0x10, 0xe5, 0x08,
    0xc4, 0x10, 0xc5, 0x10, 0xc4, 0x10, 0xc5, 0x08, 0xc5, 0x10, 0xe5, 0x10,
    0xc4, 0x10, 0xc5, 0x10, 0xc4, 0x10, 0xc5, 0x10, 0xc5, 0x10, 0xc5, 0x10,
    0xe5, 0x10, 0xc4, 0x10, 0xe5, 0x08, 0xc5, 0x10, 0xe4, 0x10, 0xc5, 0x10,
    0xc5, 0x10, 0xc5, 0x10, 0xe5, 0x10, 0xc5, 0x10, 0xc5, 0x10, 0xc5, 0x10,
    0xe5, 0x10, 0xc4, 0x10, 0xc5, 0x10, 0xc5, 0x08, 0xe4, 0x10, 0xe5, 0x10,
    0xc5, 0x10, 0xc4, 0x10, 0xc5, 0x08, 0xe5, 0x10, 0xc5, 0x10, 0xe5, 0x10,
    0xc5, 0x08, 0xc5, 0x10, 0xe4, 0x10, 0xc5, 0x10, 0xc5, 0x10, 0xc5, 0x10,
    0xe5, 0x08, 0xc4, 0x10, 0xc4, 0x10, 0xc5, 0x10, 0xc5, 0x10, 0xe5, 0x10,
    0xe5, 0x10, 0xc4, 0x10, 0xe5, 0x10, 0xc5, 0x10, 0xc4, 0x10, 0xe5, 0x10,
    0xc5, 0x10, 0xc5, 0x10, 0xc4, 0x08, 0xc5, 0x10, 0xe5, 0x10, 0xc5, 0x10,
    0xc5, 0x10, 0xc4, 0x10, 0xc5, 0x10, 0xe5, 0x10, 0xc5, 0x10, 0xc4, 0x10,
    0xc5, 0x10, 0xc5, 0x10, 0xc5, 0x10, 0xe4, 0x10, 0xe5, 0x10, 0xc4, 0x08,
    0xc4, 0x10, 0xc5, 0x10, 0xc5, 0x10, 0xc4, 0x10, 0xc5, 0x10, 0xe5, 0x10,
    0xc4, 0x10, 0xc5, 0x10, 0xc5, 0x10, 0xc4, 0x10, 0xc5, 0x10, 0xc5, 0x10,
    0xe5, 0x10, 0xc5, 0x10, 0xc5, 0x10, 0xc4, 0x10, 0xc5, 0x10, 0xe5, 0x10,
    0xc4, 0x10, 0xc5, 0x10, 0xc5, 0x08, 0xe4, 0x10, 0xc5, 0x10, 0xc5, 0x08,
    0xc4, 0x10, 0xc5, 0x10, 0xc4, 0x10, 0xc4, 0x10, 0xc5, 0x10, 0xc5, 0x10,
    0xc5, 0x10, 0xc4, 0x10, 0xc5, 0x10, 0xc5, 0x10, 0xc5, 0x10, 0xc5, 0x08,
    0xe4, 0x10, 0xc5, 0x10, 0xc4, 0x08, 0xc5, 0x10, 0xc5, 0x10, 0xc5, 0x10,
    0xc5, 0x10, 0xc5, 0x10, 0xc4, 0x10, 0xe5, 0x10, 0xc5, 0x10, 0xc4, 0x10,
    0xc5, 0x10, 0xe5, 0x08, 0xc5, 0x10, 0xc4, 0x10, 0xe5, 0x10, 0xc5, 0x10,
    0xc4, 0x10, 0xc5, 0x10, 0xc5, 0x10, 0xc5, 0x10, 0xe5, 0x10, 0xc4, 0x08,
    0xc5, 0x10, 0xc5, 0x10, 0xe5, 0x10, 0xc5, 0x10, 0xc5, 0x10, 0xe5, 0x10,
    0xc5, 0x10, 0xc5, 0x08, 0xc5, 0x10, 0xc5, 0x10, 0xc5, 0x10, 0xe5, 0x10,
    0xc5, 0x10, 0xc4, 0x10, 0xe5, 0x10, 0xc5, 0x10, 0xc5, 0x10, 0xe4, 0x10,
    0xc5, 0x08, 0xc5, 0x10, 0xe5, 0x10, 0xe4, 0x10, 0xc5, 0x10, 0xc5, 0x08,
    0xe4, 0x10, 0xc5, 0x10, 0xc5, 0x10, 0xc5, 0x10, 0xe5, 0x10, 0xc5, 0x10,
    0xc5, 0x10, 0xc5, 0x10, 0xc5, 0x10, 0xc5, 0x10, 0xe5, 0x10, 0xc4, 0x10,
    0xc5, 0x08, 0xc5, 0x10, 0xc4, 0x10, 0xc5, 0x10, 0xe5, 0x10, 0xc4, 0x10,
    0xe5, 0x10, 0xc5, 0x10, 0xc4, 0x10, 0xe5, 0x10, 0xc5, 0x10, 0xc4, 0x10,
    0xc5, 0x10, 0xc5, 0x10, 0xe4, 0x08, 0xe5, 0x10, 0xc5, 0x10, 0xc5, 0x10,
    0xe5, 0x10, 0xc5, 0x10, 0xc4, 0x10, 0xc5, 0x10, 0xc4, 0x10, 0xc5, 0x10,
    0xc5, 0x10, 0xc4, 0x10, 0xc5, 0x10, 0xe5, 0x10, 0xc5, 0x10, 0xc4, 0x10,
    0xe5, 0x10, 0xc4, 0x08, 0xc4, 0x10, 0xc5, 0x10, 0xc5, 0x10, 0xe5, 0x10,
    0xc4, 0x10, 0xc4, 0x10, 0xe5, 0x10, 0xc4, 0x10, 0xc4, 0x10, 0xe5, 0x10,
    0xc5, 0x10, 0xc5, 0x10, 0xe4, 0x08, 0xc5, 0x10, 0xc5, 0x10, 0xc5, 0x10,
    0xe5, 0x10, 0xc4, 0x08, 0xc5, 0x10, 0xe5, 0x10, 0xc5, 0x10, 0xe5, 0x10,
    0xc4, 0x10, 0xc5, 0x10, 0xe5, 0x10, 0xe4, 0x10, 0xc4, 0x10, 0xc5, 0x10,
    0xc5, 0x08, 0xc5, 0x10, 0xc4, 0x10, 0xe5, 0x10, 0xc5, 0x10, 0xe5, 0x08,
    0xc5, 0x10, 0xc5, 0x10, 0xe5, 0x08, 0xc4, 0x10, 0xc5, 0x10, 0xc5, 0x10,
    0xc5, 0x10, 0xc5, 0x10, 0xe5, 0x10, 0xc5, 0x10, 0xc5, 0x10, 0xc5, 0x10,
    0xc5, 0x08, 0xc5, 0x10, 0xe5, 0x10, 0xc5, 0x08, 0xc5, 0x10, 0xe4, 0x10,
    0xc4, 0x10, 0xc5, 0x10, 0xc5, 0x10, 0xe5, 0x10, 0xc5, 0x10, 0xc5, 0x08,
    0xc4, 0x10, 0xc5, 0x10, 0xc5, 0x08, 0xc5, 0x10, 0xc4, 0x10, 0xe4, 0x08,
    0xc5, 0x10, 0xc5, 0x10, 0xe5, 0x10, 0xe5, 0x10, 0xc5, 0x10, 0xc5, 0x10,
    0xc4, 0x10, 0xc5, 0x10, 0xe5, 0x10, 0xc5, 0x10, 0xc5, 0x10, 0xc4, 0x10,
    0xc5, 0x10, 0xe4, 0x10, 0xc5, 0x10, 0xc5, 0x08, 0xc4, 0x10, 0xe5, 0x10,
    0xc5, 0x10, 0xc5, 0x10, 0xc5, 0x08, 0xe5, 0x10, 0xc4, 0x10, 0xc4, 0x10,
    0xc5, 0x10, 0xc5, 0x10, 0xc5, 0x10, 0xc5, 0x10, 0xc4, 0x10, 0xe5, 0x10,
    0xc5, 0x10, 0xe4, 0x10, 0xe5, 0x10, 0xc5, 0x10, 0xc5, 0x10, 0xe5, 0x08,
    0xc4, 0x10, 0xc5, 0x10, 0xc5, 0x10, 0xc5, 0x10, 0xc4, 0x08, 0xc5, 0x10,
    0xe5, 0x10, 0xc5, 0x10, 0xc5, 0x08, 0xc5, 0x10, 0xc5, 0x10, 0xc5, 0x10,
    0xc5, 0x10, 0xc5, 0x10, 0xe4, 0x10, 0xc5, 0x10, 0xe5, 0x10, 0xc4, 0x10,
    0xc5, 0x08, 0xc5, 0x10, 0xc4, 0x10, 0xe5, 0x10, 0xc5, 0x10, 0xc4, 0x10,
    0xe4, 0x10, 0xc5, 0x08, 0xc5, 0x10, 0xc5, 0x10, 0xc4, 0x10, 0xc5, 0x10,
    0xe5, 0x10, 0xc4, 0x10, 0xc5, 0x10, 0xc5, 0x10, 0xc5, 0x10, 0xe4, 0x10,
    0xc5, 0x10, 0xc5, 0x10, 0xe5, 0x10, 0xe5, 0x10, 0xc5, 0x10, 0xc5, 0x10,
    0xe4, 0x10, 0xe5, 0x10, 0xc5, 0x08, 0xe5, 0x10, 0xc4, 0x10, 0xc4, 0x10,
    0xc5, 0x10, 0xc5, 0x10, 0xe5, 0x10, 0xe5, 0x10, 0xc5, 0x10, 0xc5, 0x10,
    0xe5, 0x10, 0xe4, 0x10, 0xc5, 0x08, 0xc4, 0x10, 0xc5, 0x10, 0xc5, 0x10,
    0xe5, 0x10, 0xc4, 0x10, 0xc5, 0x10, 0xe5, 0x10, 0xc5, 0x10, 0xc5, 0x10,
    0xe4, 0x08, 0xe5, 0x10, 0xc5, 0x10, 0xc4, 0x10, 0xc5, 0x10, 0xc5, 0x10,
    0xc5, 0x10, 0xe5, 0x10, 0xc4, 0x10, 0xe5, 0x10, 0xc5, 0x08, 0xc5, 0x10,
    0xc4, 0x10, 0xe5, 0x10, 0xc4, 0x10, 0xe4, 0x10, 0xc5, 0x10, 0xc5, 0x10,
    0xc5, 0x10, 0xc5, 0x10, 0xc4, 0x10, 0xe5, 0x10, 0xc4, 0x10, 0xc5, 0x10,
    0xc5, 0x10, 0xc5, 0x10, 0xc4, 0x08, 0xc5, 0x10, 0xc5, 0x10, 0xc4, 0x10,
    0xc5, 0x10, 0xc5, 0x10, 0xe4, 0x10, 0xc4, 0x08, 0xc5, 0x10, 0xe4, 0x10,
    0xc5, 0x10, 0xc5, 0x10, 0xc4, 0x10, 0xc5, 0x08, 0xc5, 0x10, 0xc5, 0x10,
    0xe5, 0x10, 0xc4, 0x10, 0xc5, 0x10, 0xc4, 0x10, 0xc5, 0x10, 0xc5, 0x08,
    0xc4, 0x10, 0xe5, 0x10, 0xc5, 0x10, 0xc4, 0x10, 0xe5, 0x10, 0xc5, 0x10,
    0xe5, 0x10, 0xc5, 0x10, 0xc5, 0x10, 0xc5, 0x10, 0xc4, 0x10, 0xe5, 0x10,
    0xc5, 0x10, 0xc4, 0x08, 0xe5, 0x10, 0xe5, 0x10, 0xc5, 0x10, 0xc4, 0x08,
    0xe5, 0x10, 0xe5, 0x10, 0xc5, 0x10, 0xc4, 0x08, 0xc5, 0x10, 0xc5, 0x10,
    0xc5, 0x10, 0xc5, 0x10, 0xe5, 0x10, 0xc5, 0x10, 0xc5, 0x08, 0xc4, 0x10,
    0xe5, 0x10, 0xc5, 0x10, 0xc5, 0x08, 0xe5, 0x10, 0xc5, 0x10, 0xc5, 0x08,
    0xc5, 0x10, 0xc4, 0x10, 0xc5, 0x10, 0xc5, 0x10, 0xc5, 0x10, 0xe4, 0x10,
    0xc4, 0x10, 0xc5, 0x10, 0xc5, 0x10, 0xc5, 0x10, 0xc4, 0x08, 0xc5, 0x10,
    0xe5, 0x10, 0xc5, 0x10, 0xc5, 0x10, 0xc5, 0x08, 0xc5, 0x10, 0xe4, 0x10,
    0xc5, 0x10, 0xc5, 0x10, 0xe5, 0x08, 0xc4, 0x10, 0xc5, 0x10, 0xc4, 0x10,
    0xe4, 0x10, 0xc5, 0x10, 0xc5, 0x10, 0xe5, 0x10, 0xc5, 0x10, 0xc4, 0x10,
    0xc5, 0x10, 0xe5, 0x08, 0xc4, 0x10, 0xe5, 0x10, 0xc4, 0x10, 0xc4, 0x10,
    0xc5, 0x10, 0xe5, 0x10, 0xc4, 0x10, 0xc5, 0x10, 0xe4, 0x10, 0xc5, 0x08,
    0xc5, 0x10, 0xc5, 0x10, 0xc5, 0x10, 0xc4, 0x10, 0xc5, 0x10, 0xe5, 0x10,
    0xe5, 0x10, 0xc4, 0x10, 0xc5, 0x10, 0xe4, 0x10, 0xc5, 0x10, 0xc5, 0x10,
    0xc5, 0x10, 0xc4, 0x10, 0xc4, 0x08, 0xc5, 0x10, 0xc5, 0x10, 0xc4, 0x10,
    0xc5, 0x08, 0xe5, 0x10, 0xc5, 0x10, 0xc4, 0x10, 0xc4, 0x08, 0xc5, 0x10,
    0xe5, 0x10, 0xc5, 0x10, 0xc5, 0x10, 0xc4, 0x10, 0xe5, 0x10, 0xc5, 0x10,
    0xc4, 0x10, 0xe5, 0x10, 0xe5, 0x10, 0xc5, 0x10, 0xc5, 0x10, 0xc5, 0x08,
    0xc5, 0x10, 0xc5, 0x10, 0xe5, 0x08, 0xc4, 0x10, 0xc5, 0x10, 0xc5, 0x08,
    0xc4, 0x10, 0xc5, 0x10, 0xc5, 0x10, 0xc5, 0x10, 0xc4, 0x10, 0xc4, 0x10,
    0xc5, 0x10, 0xe5, 0x08, 0xc5, 0x10, 0xe5, 0x10, 0xc5, 0x10, 0xc4, 0x10,
    0xe5, 0x10, 0xc5, 0x10, 0xe4, 0x10, 0xc5, 0x10, 0xc5, 0x10, 0xe4, 0x10,
    0xc5, 0x10, 0xe5, 0x08, 0xc4, 0x10, 0xc5, 0x10, 0xc5, 0x08, 0xc5, 0x10,
    0xe5, 0x10, 0xe5, 0x10, 0xc5, 0x10, 0xe5, 0x10, 0xc5, 0x08, 0xc5, 0x10,
    0xc5, 0x10, 0xc4, 0x10, 0xe5, 0x10, 0xe4, 0x10, 0xc5, 0x10, 0xc5, 0x08,
    0xc4, 0x10, 0xc5, 0x10, 0xe5, 0x10, 0xc4, 0x10, 0xc5, 0x10, 0xc5, 0x10,
    0xe5, 0x10, 0xc4, 0x08, 0xc5, 0x10, 0xc5, 0x10, 0xe5, 0x08, 0xc4, 0x10,
    0xc5, 0x10, 0xc5, 0x10, 0xc5, 0x10, 0xc4, 0x10, 0xe5, 0x10, 0xc5, 0x10,
    0xe5, 0x10, 0xc5, 0x08, 0xc5, 0x10, 0xc4, 0x10, 0xc5, 0x10, 0xe4, 0x08,
    0xc5, 0x10, 0xc5, 0x10, 0xc5, 0x10, 0xe5, 0x10, 0xe5, 0x10, 0xc5, 0x08,
    0xc4, 0x10, 0xc5, 0x10, 0xc5, 0x10, 0xc5, 0x08, 0xc4, 0x10, 0xc5, 0x10,
    0xc5, 0x10, 0xc5, 0x10, 0xe5, 0x08, 0xc4, 0x10, 0xc5, 0x10, 0xc5, 0x10,
    0xe5, 0x10, 0xc4, 0x08, 0xc5, 0x10, 0xc4, 0x10, 0xc5, 0x10, 0xc5, 0x10,
    0xe4, 0x10, 0xc5, 0x10, 0xc5, 0x10, 0xc5, 0x10, 0xe5, 0x08, 0xc4, 0x10,
    0xc5, 0x10, 0xc5, 0x10, 0xe5, 0x10, 0xc5, 0x08, 0xc5, 0x10, 0xc5, 0x10,
    0xe5, 0x10, 0xc4, 0x10, 0xc5, 0x10, 0xc5, 0x10, 0xc4, 0x10, 0xe5, 0x10,
    0xc5, 0x10, 0xc5, 0x08, 0xc5, 0x10, 0xe5, 0x10, 0xc5, 0x10, 0xc5, 0x10,
    0xe4, 0x08, 0xc5, 0x10, 0xe5, 0x10, 0xe4, 0x10, 0xc5, 0x10, 0xc5, 0x10,
    0xc4, 0x10, 0xe5, 0x10, 0xc5, 0x10, 0xe5, 0x08, 0xc4, 0x10, 0xc5, 0x10,
    0xe5, 0x10, 0xc4, 0x10, 0xc5, 0x08, 0xc5, 0x10, 0xc5, 0x10, 0xc5, 0x08,
    0xc5, 0x10, 0xe4, 0x10, 0xc5, 0x10, 0xc5, 0x10, 0xe5, 0x10, 0xc4, 0x08,
    0xc5, 0x10, 0xc5, 0x10, 0xc5, 0x10, 0xc5, 0x10, 0xe5, 0x10, 0xc5, 0x10,
    0xc5, 0x10, 0xc5, 0x10, 0xc4, 0x10, 0xc5, 0x10, 0xc5, 0x10, 0xe5, 0x08,
    0xc4, 0x10, 0xc5, 0x10, 0xc5, 0x10, 0xe5, 0x10, 0xc4, 0x10, 0xe5, 0x10,
    0xc5, 0x10, 0xc5, 0x10, 0xe5, 0x10, 0xc4, 0x10, 0xc5, 0x10, 0xc5, 0x10,
    0xe4, 0x10, 0xc5, 0x10, 0xe5, 0x10, 0xc5, 0x10, 0xc4, 0x08, 0xe5, 0x10,
    0xc5, 0x10, 0xc5, 0x10, 0xe5, 0x10, 0xc4, 0x10, 0xc5, 0x10, 0xe5, 0x10,
    0xc4, 0x08, 0xc5, 0x10, 0xc4, 0x10, 0xc5, 0x10, 0xc5, 0x10, 0xc5, 0x10,
    0xe4, 0x10, 0xc5, 0x10, 0xc5, 0x10, 0xc5, 0x10, 0xc5, 0x10, 0xc5, 0x10,
    0xc5, 0x10, 0xe5, 0x08, 0xc4, 0x10, 0xc5, 0x10, 0xc5, 0x08, 0xe5, 0x10,
    0xe4, 0x10, 0xc5, 0x10, 0xc5, 0x10, 0xc5, 0x10, 0xc5, 0x10, 0xe5, 0x08,
    0xe5, 0x10, 0xc4, 0x10, 0xc5, 0x10, 0xe5, 0x10, 0xc5, 0x10, 0xc5, 0x10,
    0xe5, 0x10, 0xe5, 0x10, 0xc4, 0x08, 0xc5, 0x10, 0xc4, 0x10, 0xc5, 0x10,
    0xc5, 0x10, 0xe5, 0x10, 0xc5, 0x10, 0xc5, 0x10, 0xe5, 0x10, 0xc5, 0x10,
    0xc5, 0x10, 0xe5, 0x10, 0xc5, 0x10, 0xc5, 0x10, 0xc4, 0x10, 0xc5, 0x10,
    0xe5, 0x10, 0xc5, 0x10, 0xc5, 0x10, 0xc5, 0x10, 0xc5, 0x10, 0xe5, 0x10,
    0xc5, 0x10, 0xc4, 0x08, 0xc5, 0x10, 0xe5, 0x10, 0xc5, 0x10, 0xc5, 0x08,
    0xc5, 0x10, 0xc4, 0x10, 0xc5, 0x10, 0xc4, 0x10, 0xe5, 0x10, 0xe5, 0x10,
    0xc4, 0x10, 0xc4, 0x10, 0xe5, 0x10, 0xc5, 0x10, 0xc5, 0x10, 0xe5, 0x10,
    0xc4, 0x10, 0xc5, 0x10, 0xc5, 0x08, 0xc4, 0x10, 0xe5, 0x10, 0xc5, 0x10,
    0xc5, 0x10, 0xc5, 0x10, 0xe4, 0x10, 0xc4, 0x10, 0xe5, 0x10, 0xc5, 0x10,
    0xc4, 0x08, 0xc5, 0x10, 0xc5, 0x10, 0xe4, 0x10, 0xc5, 0x08, 0xc5, 0x10,
    0xe5, 0x10, 0xc5, 0x10, 0xc5, 0x10, 0xc5, 0x10, 0xe5, 0x10, 0xc4, 0x10,
    0xc5, 0x10, 0xc5, 0x08, 0xc4, 0x10, 0xc5, 0x10, 0xc4, 0x10, 0xc5, 0x10,
    0xe5, 0x10, 0xc5, 0x10, 0xc5, 0x10, 0xc5, 0x08, 0xc5, 0x10, 0xe5, 0x10,
    0xc5, 0x10, 0xc5, 0x10, 0xc5, 0x08, 0xe4, 0x10, 0xc5, 0x10, 0xc5, 0x08,
    0xc4, 0x10, 0xe5, 0x10, 0xc5, 0x10, 0xc5, 0x10, 0xc4, 0x10, 0xe5, 0x10,
    0xc5, 0x08, 0xc5, 0x10, 0xe4, 0x10, 0xc5, 0x10, 0xc5, 0x08, 0xc5, 0x10,
    0xc5, 0x10, 0xc5, 0x10, 0xc4, 0x10, 0xc5, 0x10, 0xc5, 0x10, 0xc5, 0x10,
    0xc4, 0x10, 0xc5, 0x10, 0xc5, 0x10, 0xc5, 0x10, 0xc5, 0x10, 0xe4, 0x10,
    0xc5, 0x10, 0xc5, 0x10, 0xe5, 0x10, 0xc4, 0x10, 0xc5, 0x10, 0xe5, 0x10,
    0xc5, 0x10, 0xc4, 0x10, 0xc5, 0x10, 0xc5, 0x10, 0xe5, 0x10, 0xe5, 0x08,
    0xc4, 0x10, 0xc5, 0x10, 0xc5, 0x10, 0xc5, 0x10, 0xc4, 0x10, 0xe5, 0x10,
    0xc5, 0x08, 0xc5, 0x10, 0xc5, 0x10, 0xc5, 0x10, 0xc5, 0x10, 0xe5, 0x10,
    0xc5, 0x10, 0xc4, 0x10, 0xc5, 0x10, 0xc5, 0x10, 0xc4, 0x10, 0xe5, 0x10,
    0xc5, 0x08, 0xc4, 0x10, 0xe5, 0x10, 0xe5, 0x10, 0xc5, 0x08, 0xc5, 0x10,
    0xe4, 0x10, 0xc4, 0x10, 0xe5, 0x10, 0xc5, 0x10, 0xc4, 0x10, 0xc5, 0x10,
    0xc5, 0x10, 0xc4, 0x10, 0xc5, 0x10, 0xc5, 0x10, 0xe5, 0x10, 0xc4, 0x10,
    0xc5, 0x08, 0xc5, 0x10, 0xc5, 0x10, 0xc5, 0x10, 0xe5, 0x10, 0xc5, 0x10,
    0xc5, 0x10, 0xc5, 0x10, 0xc5, 0x10, 0xe5, 0x10, 0xc4, 0x10, 0xc4, 0x10,
    0xc5, 0x10, 0xc5, 0x10, 0xe4, 0x08, 0xc5, 0x10, 0xc4, 0x10, 0xc5, 0x10,
    0xc5, 0x10, 0xe5, 0x10, 0xc4, 0x10, 0xc5, 0x08, 0xc4, 0x10, 0xe5, 0x10,
    0xc5, 0x10, 0xc4, 0x08, 0xc5, 0x10, 0xe5, 0x10, 0xc5, 0x10, 0xc4, 0x10,
    0xe5, 0x10, 0xc4, 0x10, 0xe5, 0x08, 0xc5, 0x10, 0xc4, 0x10, 0xc5, 0x10,
    0xc5, 0x10, 0xc5, 0x08, 0xc4, 0x10, 0xc5, 0x10, 0xc5, 0x10, 0xe4, 0x10,
    0xc5, 0x10, 0xc5, 0x08, 0xc5, 0x10, 0xe4, 0x10, 0xc5, 0x10, 0xc5, 0x10,
    0xc5, 0x10, 0xc5, 0x08, 0xc4, 0x10, 0xe5, 0x10, 0xc5, 0x10, 0xc5, 0x10,
    0xc4, 0x10, 0xc5, 0x10, 0xe5, 0x10, 0xe4, 0x10, 0xc5, 0x10, 0xe5, 0x10,
    0xc5, 0x08, 0xc5, 0x10, 0xe4, 0x10, 0xc5, 0x10, 0xe5, 0x08, 0xe4, 0x10,
    0xc5, 0x10, 0xc5, 0x10, 0xc5, 0x10, 0xc4, 0x10, 0xe5, 0x10, 0xc4, 0x10,
    0xc5, 0x10, 0xc5, 0x10, 0xc4, 0x10, 0xc5, 0x08, 0xc5, 0x10, 0xc5, 0x10,
    0xc5, 0x10, 0xc5, 0x08, 0xc5, 0x10, 0xc5, 0x10, 0xc4, 0x10, 0xc5, 0x10,
    0xc5, 0x10, 0xc4, 0x10, 0xe5, 0x10, 0xc5, 0x10, 0xe5, 0x10, 0xc5, 0x08,
    0xc4, 0x10, 0xc5, 0x10, 0xc5, 0x08, 0xc4, 0x10, 0xc5, 0x10, 0xe5, 0x08,
    0xc4, 0x10, 0xc5, 0x10, 0xe5, 0x10, 0xc4, 0x10, 0xe5, 0x08, 0xe5, 0x10,
    0xc5, 0x10, 0xc4, 0x10, 0xc4, 0x08, 0xe5, 0x10, 0xe5, 0x10, 0xc5, 0x10,
    0xc4, 0x10, 0xc5, 0x10, 0xe5, 0x10, 0xc5, 0x10, 0xc4, 0x10, 0xc4, 0x10,
    0xe5, 0x10, 0xc5, 0x10, 0xc5, 0x08, 0xc5, 0x10, 0xc4, 0x10, 0xc5, 0x10,
    0xe5, 0x10, 0xc5, 0x10, 0xc5, 0x08, 0xc4, 0x10, 0xe5, 0x10, 0xc5, 0x10,
    0xc5, 0x10, 0xe5, 0x10, 0xe5, 0x10, 0xc5, 0x10, 0xc5, 0x08, 0xe5, 0x10,
    0xc4, 0x10, 0xc5, 0x10, 0xc5, 0x10, 0xc5, 0x08, 0xc5, 0x10, 0xc5, 0x10,
    0xe5, 0x10, 0xc4, 0x10, 0xc5, 0x10, 0xc5, 0x10, 0xc5, 0x10, 0xc4, 0x10,
    0xc5, 0x10, 0xc5, 0x10, 0xc4, 0x10, 0xe5, 0x10, 0xc5, 0x10, 0xc4, 0x10,
    0xc5, 0x10, 0xc5, 0x10, 0xc4, 0x10, 0xe5, 0x10, 0xc5, 0x10, 0xc4, 0x10,
    0xe5, 0x08, 0xc5, 0x10, 0xc5, 0x10, 0xc4, 0x10, 0xc5, 0x10, 0xc5, 0x10,
    0xe4, 0x10, 0xc5, 0x10, 0xe5, 0x10, 0xc5, 0x10, 0xc5, 0x10, 0xe5, 0x10,
    0xc5, 0x10, 0xc5, 0x10, 0xe4, 0x08, 0xc4, 0x10, 0xc5, 0x10, 0xc5, 0x10,
    0xc5, 0x10, 0xe4, 0x10, 0xc5, 0x10, 0xc5, 0x10, 0xc4, 0x10, 0xe5, 0x10,
    0xc4, 0x10, 0xc4, 0x10, 0xe5, 0x10, 0xe5, 0x08, 0xc5, 0x10, 0xe5, 0x10,
    0xc5, 0x10, 0xc4, 0x10, 0xe5, 0x08, 0xc4, 0x10, 0xc4, 0x10, 0xc5, 0x10,
    0xe5, 0x10, 0xc5, 0x08, 0xc4, 0x10, 0xe5, 0x10, 0xc5, 0x10, 0xc5, 0x08,
    0xe4, 0x10, 0xc5, 0x10, 0xc5, 0x10, 0xc5, 0x10, 0xc4, 0x10, 0xc5, 0x10,
    0xc4, 0x10, 0xc5, 0x10, 0xc5, 0x08, 0xe5, 0x10, 0xe5, 0x10, 0xc4, 0x10,
    0xc5, 0x10, 0xc5, 0x10, 0xe4, 0x10, 0xe4, 0x08, 0xc5, 0x10, 0xc4, 0x10,
    0xc5, 0x10, 0xc5, 0x10, 0xe4, 0x10, 0xc5, 0x10, 0xc4, 0x10, 0xe5, 0x10,
    0xc5, 0x10, 0xc5, 0x10, 0xc5, 0x10, 0xc4, 0x10, 0xc5, 0x10, 0xe5, 0x10,
    0xc5, 0x10, 0xc5, 0x10, 0xc5, 0x10, 0xc4, 0x10, 0xe5, 0x08, 0xc5, 0x10,
    0xc5, 0x10, 0xe5, 0x10, 0xc5, 0x08, 0xc5, 0x10, 0xc4, 0x10, 0xc5, 0x10,
    0xe5, 0x10, 0xc5, 0x10, 0xc5, 0x10, 0xe4, 0x10, 0xc5, 0x10, 0xc5, 0x10,
    0xe4, 0x08, 0xc5, 0x10, 0xc5, 0x10, 0xe4, 0x10, 0xc5, 0x10, 0xe5, 0x10,
    0xe4, 0x10, 0xc5, 0x10, 0xc5, 0x10, 0xc5, 0x10, 0xc5, 0x10, 0xe5, 0x10,
    0xc5, 0x10, 0xc4, 0x10, 0xe5, 0x10, 0xc5, 0x10, 0xc5, 0x10, 0xc4, 0x10,
    0xc5, 0x10, 0xe5, 0x10, 0xe5, 0x10, 0xc5, 0x10, 0xc4, 0x10, 0xc5, 0x10,
    0xc5, 0x10, 0xc5, 0x10, 0xc4, 0x10, 0xc5, 0x10, 0xc5, 0x10, 0xe5, 0x10,
    0xc5, 0x10, 0xe4, 0x10, 0xc5, 0x10, 0xc5, 0x10, 0xe4, 0x08, 0xc5, 0x10,
    0xc5, 0x10, 0xc5, 0x10, 0xe4, 0x10, 0xc5, 0x10, 0xc5, 0x10, 0xe5, 0x10,
    0xc4, 0x10, 0xe5, 0x10, 0xc5, 0x10, 0xc4, 0x08, 0xe5, 0x10, 0xc5, 0x10,
    0xc5, 0x10, 0xe5, 0x10, 0xc5, 0x10, 0xc5, 0x08, 0xc5, 0x10, 0xc4, 0x10,
    0xc5, 0x10, 0xc5, 0x10, 0xe5, 0x10, 0xc4, 0x10, 0xc5, 0x10, 0xc5, 0x10,
    0xc4, 0x10, 0xc5, 0x10, 0xe5, 0x10, 0xc5, 0x10, 0xc5, 0x10, 0xc5, 0x10,
    0xc5, 0x08, 0xc5, 0x10, 0xc4, 0x10, 0xe5, 0x10, 0xe4, 0x10, 0xc4, 0x10,
    0xc5, 0x10, 0xc4, 0x10, 0xe5, 0x10, 0xc5, 0x10, 0xc4, 0x10, 0xe5, 0x08,
    0xc5, 0x10, 0xc4, 0x10, 0xc5, 0x10, 0xc5, 0x10, 0xc5, 0x10, 0xe4, 0x10,
    0xc5, 0x10, 0xc4, 0x10, 0xe5, 0x10, 0xc5, 0x10, 0xc4, 0x10, 0xc5, 0x10,
    0xe5, 0x10, 0xc4, 0x10, 0xc5, 0x08, 0xc5, 0x10, 0xc5, 0x10, 0xc5, 0x10,
    0xc4, 0x10, 0xc5, 0x10, 0xe5, 0x10, 0xc4, 0x10, 0xc5, 0x10, 0xc4, 0x08,
    0xc5, 0x10, 0xe5, 0x10, 0xc4, 0x10, 0xc5, 0x08, 0xc5, 0x10, 0xc5, 0x10,
    0xe5, 0x10, 0xc5, 0x10, 0xc5, 0x10, 0xe4, 0x10, 0xc5, 0x10, 0xc5, 0x08,
    0xc5, 0x10, 0xc5, 0x10, 0xe5, 0x10, 0xc5, 0x10, 0xc4, 0x10, 0xc5, 0x08,
    0xc5, 0x10, 0xc4, 0x10, 0xc5, 0x10, 0xc4, 0x10, 0xe5, 0x10, 0xc5, 0x10,
    0xc5, 0x10, 0xe4, 0x08, 0xc5, 0x10, 0xc5, 0x10, 0xc4, 0x10, 0xc5, 0x10,
    0xc5, 0x10, 0xc5, 0x10, 0xe5, 0x10, 0xc5, 0x08, 0xc4, 0x10, 0xe5, 0x10,
    0xc5, 0x10, 0xc4, 0x08, 0xe5, 0x10, 0xc5, 0x10, 0xc4, 0x08, 0xc5, 0x10,
    0xe5, 0x10, 0xe4, 0x10, 0xc5, 0x10, 0xc5, 0x10, 0xe5, 0x08, 0xc5, 0x10,
    0xc5, 0x10, 0xe4, 0x10, 0xc4, 0x10, 0xe5, 0x10, 0xe5, 0x10, 0xc4, 0x10,
    0xc5, 0x10, 0xc5, 0x08, 0xc4, 0x10, 0xc4, 0x10, 0xe5, 0x10, 0xc5, 0x10,
    0xc4, 0x10, 0xc5, 0x10, 0xc5, 0x10, 0xc5, 0x10, 0xe5, 0x10, 0xc5, 0x10,
    0xc4, 0x10, 0xc5, 0x10, 0xc5, 0x08, 0xe5, 0x10, 0xc5, 0x10, 0xc5, 0x10,
    0xe5, 0x10, 0xc5, 0x08, 0xc5, 0x10, 0xc4, 0x10, 0xc4, 0x10, 0xc5, 0x08,
    0xe5, 0x10, 0xc5, 0x10, 0xc5, 0x10, 0xe5, 0x10, 0xc5, 0x08, 0xc5, 0x10,
    0xc5, 0x10, 0xc4, 0x10, 0xe5, 0x10, 0xc5, 0x10, 0xc5, 0x10, 0xe4, 0x10,
    0xc5, 0x10, 0xc5, 0x10, 0xe5, 0x08, 0xe4, 0x10, 0xc5, 0x10, 0xc5, 0x10,
    0xc5, 0x10, 0xe5, 0x10, 0xe5, 0x10, 0xc4, 0x10, 0xc5, 0x08, 0xc5, 0x10,
    0xc5, 0x10, 0xe5, 0x10, 0xc5, 0x10, 0xc5, 0x10, 0xc5, 0x10, 0xc5, 0x10,
    0xc5, 0x10, 0xc5, 0x10, 0xc5, 0x10, 0xe5, 0x08, 0xc5, 0x10, 0xc5, 0x10,
    0xc4, 0x10, 0xe5, 0x10, 0xc5, 0x08, 0xc5, 0x10, 0xc4, 0x10, 0xc5, 0x10,
    0xc5, 0x10, 0xc5, 0x08, 0xe5, 0x10, 0xc5, 0x10, 0xc5, 0x10, 0xe5, 0x10,
    0xc4, 0x10, 0xc5, 0x10, 0xe5, 0x10, 0xc4, 0x10, 0xc5, 0x08, 0xe5, 0x10,
    0xc5, 0x10, 0xe4, 0x10, 0xc4, 0x10, 0xc5, 0x08, 0xc4, 0x10, 0xc5, 0x10,
    0xc5, 0x10, 0xe4, 0x10, 0xc5, 0x10, 0xc5, 0x10, 0xc5, 0x08, 0xc5, 0x10,
    0xc5, 0x10, 0xc5, 0x08, 0xc5, 0x10, 0xc4, 0x10, 0xe5, 0x10, 0xc5, 0x08,
    0xc4, 0x10, 0xe5, 0x10, 0xc5, 0x08, 0xc5, 0x10, 0xe4, 0x10, 0xc5, 0x08,
    0xc4, 0x10, 0xc5, 0x10, 0xc5, 0x10, 0xc4, 0x08, 0xe5, 0x10, 0xe5, 0x10,
    0xc5, 0x08, 0xc5, 0x10, 0xe5, 0x10, 0xc5, 0x10, 0xc4, 0x08, 0xc5, 0x10,
    0xc5, 0x10, 0xc4, 0x10, 0xe5, 0x10, 0xc5, 0x10, 0xc5, 0x10, 0xc5, 0x10,
    0xe5, 0x10, 0xc4, 0x10, 0xc5, 0x10, 0xc5, 0x08, 0xc5, 0x10, 0xc4, 0x10,
    0xc5, 0x08, 0xc5, 0x10, 0xe5, 0x10, 0xc5, 0x10, 0xc4, 0x10, 0xe5, 0x10,
    0xc5, 0x08, 0xc5, 0x10, 0xc4, 0x10, 0xc5, 0x10, 0xc5, 0x10, 0xe5, 0x10,
    0xc4, 0x10, 0xc5, 0x10, 0xc4, 0x08, 0xc5, 0x10, 0xc5, 0x10, 0xc4, 0x10,
    0xc5, 0x08, 0xe5, 0x10, 0xc4, 0x10, 0xc5, 0x08, 0xc5, 0x10, 0xe4, 0x10,
    0xc5, 0x10, 0xe5, 0x10, 0xe5, 0x10, 0xc5, 0x10, 0xc5, 0x10, 0xc5, 0x10,
    0xe5, 0x10, 0xc5, 0x10, 0xc4, 0x10, 0xe5, 0x08, 0xc5, 0x10, 0xc4, 0x10,
    0xe5, 0x10, 0xc5, 0x10, 0xc5, 0x08, 0xe5, 0x10, 0xc4, 0x10, 0xc5, 0x10,
    0xc5, 0x10, 0xe5, 0x08, 0xc4, 0x10, 0xe5, 0x10, 0xc5, 0x10, 0xc5, 0x10,
    0xc4, 0x10, 0xc5, 0x10, 0xc5, 0x10, 0xe5, 0x10, 0xc4, 0x10, 0xc5, 0x10,
    0xc5, 0x08, 0xe5, 0x10, 0xc5, 0x10, 0xc5, 0x10, 0xc5, 0x10, 0xe5, 0x10,
    0xc4, 0x10, 0xc5, 0x10, 0xc5, 0x10, 0xe4, 0x10, 0xe5, 0x10, 0xc5, 0x10,
    0xc4, 0x08, 0xe5, 0x10, 0xc4, 0x10, 0xc5, 0x10, 0xe5, 0x10, 0xc5, 0x10,
    0xc4, 0x10, 0xe4, 0x10, 0xc5, 0x10, 0xc4, 0x10, 0xc5, 0x10, 0xe5, 0x10,
    0xc4, 0x10, 0xe5, 0x08, 0xc5, 0x10, 0xc5, 0x10, 0xc4, 0x10, 0xc5, 0x10,
    0xe4, 0x10, 0xc5, 0x10, 0xc5, 0x10, 0xe4, 0x10, 0xe5, 0x10, 0xc5, 0x08,
    0xe4, 0x10, 0xc5, 0x10, 0xc5, 0x10, 0xe4, 0x10, 0xc5, 0x10, 0xc5, 0x10,
    0xe4, 0x10, 0xc5, 0x10, 0xc5, 0x10, 0xc5, 0x10, 0xe5, 0x10, 0xc5, 0x10,
    0xc5, 0x10, 0xc5, 0x08, 0xc5, 0x10, 0xe5, 0x10, 0xc4, 0x10, 0xc5, 0x10,
    0xc5, 0x10, 0xc5, 0x10, 0xc5, 0x08, 0xc5, 0x10, 0xc4, 0x10, 0xc5, 0x08,
    0xc5, 0x10, 0xc5, 0x10, 0xe5, 0x10, 0xc5, 0x10, 0xc5, 0x10, 0xc4, 0x08,
    0xc5, 0x10, 0xe5, 0x10, 0xc5, 0x10, 0xc5, 0x10, 0xe5, 0x10, 0xc4, 0x08,
    0xc5, 0x10, 0xe5, 0x10, 0xc4, 0x10, 0xc5, 0x10, 0xe5, 0x08, 0xc4, 0x10,
    0xc5, 0x10, 0xe5, 0x10, 0xc5, 0x10, 0xc5, 0x10, 0xc5, 0x10, 0xe4, 0x10,
    0xc5, 0x10, 0xc5, 0x10, 0xe5, 0x10, 0xc4, 0x10, 0xc5, 0x10, 0xe5, 0x10,
    0xc4, 0x10, 0xc5, 0x10, 0xc5, 0x10, 0xc5, 0x08, 0xc4, 0x10, 0xc5, 0x10,
    0xc5, 0x10, 0xc5, 0x10, 0xc4, 0x10, 0xc5, 0x10, 0xe5, 0x10, 0xe5, 0x08,
    0xc4, 0x10, 0xc5, 0x10, 0xc5, 0x10, 0xc4, 0x10, 0xc5, 0x10, 0xe5, 0x10,
    0xc4, 0x10, 0xc4, 0x08, 0xc5, 0x10, 0xc5, 0x10, 0xc5, 0x10, 0xe4, 0x10,
    0xc5, 0x10, 0xc4, 0x10, 0xe5, 0x10, 0xc5, 0x10, 0xc4, 0x10, 0xc5, 0x10,
    0xc5, 0x08, 0xc4, 0x10, 0xe5, 0x10, 0xc4, 0x10, 0xe5, 0x10, 0xc5, 0x08,
    0xc4, 0x10, 0xe4, 0x10, 0xc5, 0x10, 0xc4, 0x10, 0xc5, 0x10, 0xc5, 0x10,
    0xe4, 0x08, 0xc5, 0x10, 0xc5, 0x10, 0xc4, 0x10, 0xe5, 0x10, 0xc5, 0x10,
    0xc4, 0x08, 0xc5, 0x10, 0xc5, 0x10, 0xc5, 0x10, 0xe5, 0x10, 0xc5, 0x10,
    0xe4, 0x10, 0xc5, 0x10, 0xc5, 0x08, 0xe5, 0x10, 0xc4, 0x10, 0xc5, 0x10,
    0xc5, 0x10, 0xc5, 0x10, 0xe4, 0x10, 0xe5, 0x10, 0xc5, 0x10, 0xc4, 0x10,
    0xc5, 0x10, 0xc5, 0x10, 0xc5, 0x10, 0xe4, 0x10, 0xc5, 0x10, 0xc5, 0x10,
    0xe5, 0x10, 0xc5, 0x10, 0xc4, 0x10, 0xc5, 0x10, 0xc5, 0x10, 0xc5, 0x10,
    0xc5, 0x10, 0xc4, 0x10, 0xe5, 0x10, 0xc5, 0x10, 0xe5, 0x10, 0xe4, 0x10,
    0xc5, 0x08, 0xc5, 0x10, 0xc5, 0x10, 0xc5, 0x08, 0xe4, 0x10, 0xc5, 0x10,
    0xc5, 0x08, 0xc4, 0x10, 0xe5, 0x10, 0xc5, 0x10, 0xc5, 0x10, 0xe5, 0x10,
    0xc5, 0x10, 0xc4, 0x10, 0xc4, 0x10, 0xc5, 0x10, 0xc5, 0x10, 0xc5, 0x10,
    0xc4, 0x10, 0xe5, 0x10, 0xc5, 0x10, 0xc4, 0x10, 0xe5, 0x10, 0xc5, 0x08,
    0xc5, 0x10, 0xe5, 0x10, 0xe5, 0x10, 0xc5, 0x10, 0xc5, 0x10, 0xe5, 0x10,
    0xe5, 0x10, 0xc5, 0x10, 0xc4, 0x10, 0xc5, 0x10, 0xe4, 0x10, 0xc5, 0x10,
    0xc5, 0x10, 0xc4, 0x10, 0xc5, 0x10, 0xc5, 0x08, 0xc5, 0x10, 0xe5, 0x10,
    0xc5, 0x08, 0xc4, 0x10, 0xc5, 0x10, 0xc5, 0x10, 0xe5, 0x10, 0xc5, 0x10,
    0xc5, 0x10, 0xc4, 0x10, 0xe5, 0x10, 0xc4, 0x10, 0xc5, 0x08, 0xc5, 0x10,
    0xe5, 0x10, 0xc5, 0x10, 0xc5, 0x10, 0xc5, 0x10, 0xc5, 0x10, 0xe5, 0x08,
    0xc5, 0x10, 0xc5, 0x10, 0xe5, 0x10, 0xc4, 0x10, 0xe5, 0x10, 0xc5, 0x10,
    0xc5, 0x10, 0xc4, 0x10, 0xc5, 0x10, 0xc5, 0x08, 0xe5, 0x10, 0xc5, 0x10,
    0xc5, 0x10, 0xe5, 0x08, 0xc5, 0x10, 0xc5, 0x10, 0xc5, 0x10, 0xc4, 0x10,
    0xc5, 0x10, 0xc5, 0x10, 0xc5, 0x10, 0xe5, 0x08, 0xc5, 0x10, 0xc4, 0x10,
    0xe5, 0x10, 0xc5, 0x10, 0xc5, 0x08, 0xc5, 0x10, 0xe5, 0x10, 0xc4, 0x10,
    0xc5, 0x10, 0xc5, 0x10, 0xe5, 0x10, 0xc4, 0x10, 0xe5, 0x08, 0xc5, 0x10,
    0xc5, 0x10, 0xc5, 0x10, 0xc5, 0x10, 0xc5, 0x10, 0xc5, 0x10, 0xc5, 0x10,
    0xc5, 0x10, 0xe4, 0x08, 0xc5, 0x10, 0xc5, 0x10, 0xe5, 0x10, 0xc5, 0x08,
    0xc5, 0x10, 0xc5, 0x10, 0xe5, 0x08, 0xc5, 0x10, 0xc4, 0x10, 0xc5, 0x10,
    0xe5, 0x10, 0xc4, 0x10, 0xc5, 0x10, 0xc5, 0x10, 0xc4, 0x10, 0xc5, 0x10,
    0xe5, 0x10, 0xc4, 0x10, 0xe5, 0x10, 0xc5, 0x10, 0xc5, 0x10, 0xc5, 0x10,
    0xe5, 0x10, 0xe5, 0x10, 0xc4, 0x10, 0xc5, 0x08, 0xc5, 0x10, 0xe4, 0x10,
    0xc5, 0x10, 0xc5, 0x10, 0xe4, 0x08, 0xc4, 0x10, 0xc5, 0x10, 0xc5, 0x10,
    0xe4, 0x10, 0xc5, 0x10, 0xc5, 0x10, 0xc5, 0x10, 0xc4, 0x10, 0xc5, 0x10,
    0xc4, 0x10, 0xc5, 0x10, 0xc4, 0x10, 0xe5, 0x10, 0xc5, 0x10, 0xc5, 0x10,
    0xc4, 0x10, 0xc5, 0x08, 0xc4, 0x10, 0xc5, 0x10, 0xc5, 0x10, 0xe5, 0x10,
    0xc4, 0x08, 0xe5, 0x10, 0xc5, 0x10, 0xc5, 0x10, 0xc4, 0x10, 0xe5, 0x10,
    0xc5, 0x10, 0xe4, 0x08, 0xc5, 0x10, 0xc5, 0x10, 0xc4, 0x10, 0xc5, 0x10,
    0xc5, 0x10, 0xc5, 0x08, 0xc4, 0x10, 0xc5, 0x10, 0xe5, 0x10, 0xc5, 0x10,
    0xc5, 0x10, 0xe5, 0x10, 0xc4, 0x10, 0xc5, 0x08, 0xe4, 0x10, 0xc5, 0x10,
    0xc5, 0x10, 0xc5, 0x10, 0xc4, 0x10, 0xc5, 0x10, 0xc5, 0x10, 0xe5, 0x10,
    0xc5, 0x10, 0xe5, 0x10, 0xc5, 0x10, 0xc5, 0x10, 0xc5, 0x10, 0xe5, 0x10,
    0xc5, 0x10, 0xc5, 0x10, 0xc5, 0x08, 0xc5, 0x10, 0xe4, 0x10, 0xc5, 0x10,
    0xc5, 0x10, 0xc4, 0x10, 0xc5, 0x10, 0xe5, 0x10, 0xc5, 0x10, 0xc5, 0x10,
    0xc5, 0x10, 0xc5, 0x10, 0xc5, 0x10, 0xe5, 0x10, 0xc5, 0x10, 0xc5, 0x08,
    0xc5, 0x10, 0xc5, 0x10, 0xc5, 0x10, 0xc4, 0x10, 0xc5, 0x10, 0xe5, 0x08,
    0xe4, 0x10, 0xc4, 0x10, 0xc5, 0x10, 0xc5, 0x08, 0xc4, 0x10, 0xc5, 0x10,
    0xc5, 0x10, 0xe4, 0x10, 0xc5, 0x10, 0xc5, 0x10, 0xc5, 0x10, 0xc5, 0x10,
    0xc5, 0x10, 0xe4, 0x08, 0xc5, 0x10, 0xe5, 0x10, 0xc5, 0x08, 0xc4, 0x10,
    0xe4, 0x10, 0xc5, 0x10, 0xc4, 0x08, 0xc5, 0x10, 0xc4, 0x10, 0xc5, 0x10,
    0xe5, 0x10, 0xc5, 0x10, 0xc5, 0x10, 0xe5, 0x10, 0xc4, 0x10, 0xc5, 0x10,
    0xc5, 0x10, 0xe5, 0x10, 0xc5, 0x10, 0xc5, 0x10, 0xe4, 0x10, 0xc4, 0x10,
    0xc5, 0x10, 0xe5, 0x10, 0xc5, 0x10, 0xc5, 0x08, 0xe5, 0x10, 0xc4, 0x10,
    0xc5, 0x10, 0xc4, 0x10, 0xc5, 0x08, 0xe5, 0x10, 0xc4, 0x10, 0xc4, 0x10,
    0xc5, 0x10, 0xc5, 0x10, 0xc4, 0x10, 0xc5, 0x10, 0xe5, 0x08, 0xc4, 0x10,
    0xc5, 0x10, 0xc5, 0x10, 0xc5, 0x08, 0xe5, 0x10, 0xc5, 0x10, 0xc5, 0x08,
    0xc5, 0x10, 0xe5, 0x10, 0xc4, 0x10, 0xc5, 0x10, 0xe4, 0x10, 0xc4, 0x10,
    0xc5, 0x10, 0xe5, 0x10, 0xe5, 0x10, 0xc5, 0x10, 0xc4, 0x10, 0xc5, 0x10,
    0xc5, 0x08, 0xe5, 0x10, 0xc5, 0x10, 0xc5, 0x10, 0xc4, 0x10, 0xe5, 0x10,
    0xc5, 0x10, 0xc4, 0x10, 0xc5, 0x10, 0xc5, 0x08, 0xe4, 0x10, 0xc4, 0x10,
    0xc5, 0x10, 0xe5, 0x10, 0xc4, 0x08, 0xc5, 0x10, 0xc5, 0x10, 0xc5, 0x08,
    0xe4, 0x10, 0xe5, 0x10, 0xc4, 0x10, 0xc5, 0x10, 0xc4, 0x10, 0xc4, 0x10,
    0xc5, 0x10, 0xe5, 0x10, 0xc4, 0x10, 0xc5, 0x10, 0xc5, 0x08, 0xc5, 0x10,
    0xe5, 0x10, 0xc5, 0x10, 0xc4, 0x10, 0xc5, 0x10, 0xc5, 0x10, 0xc5, 0x10,
    0xc5, 0x08, 0xc5, 0x10, 0xc5, 0x10, 0xe4, 0x10, 0xc5, 0x10, 0xc5, 0x08,
    0xc5, 0x10, 0xc5, 0x10, 0xc4, 0x10, 0xc5, 0x10, 0xc5, 0x10, 0xc5, 0x10,
    0xc5, 0x10, 0xe4, 0x08, 0xc5, 0x10, 0xe5, 0x10, 0xc4, 0x08, 0xc5, 0x10,
    0xe4, 0x10, 0xc5, 0x10, 0xc5, 0x10, 0xc4, 0x10, 0xc5, 0x10, 0xc4, 0x10,
    0xc5, 0x10, 0xe5, 0x10, 0xc4, 0x10, 0xc4, 0x10, 0xc5, 0x10, 0xe4, 0x10,
    0xc5, 0x08, 0xc5, 0x10, 0xc4, 0x10, 0xe5, 0x10, 0xc5, 0x08, 0xc5, 0x10,
    0xe4, 0x10, 0xc5, 0x08, 0xc5, 0x10, 0xe5, 0x10, 0xc4, 0x10, 0xe5, 0x10,
    0xc4, 0x10, 0xc4, 0x10, 0xc5, 0x10, 0xc5, 0x10, 0xe5, 0x10, 0xc5, 0x10,
    0xc5, 0x10, 0xe5, 0x10, 0xc5, 0x10, 0xc5, 0x10, 0xc5, 0x10, 0xe5, 0x10,
    0xc5, 0x10, 0xc5, 0x08, 0xc5, 0x10, 0xe4, 0x10, 0xc5, 0x10, 0xc5, 0x10,
    0xe5, 0x10, 0xc5, 0x08, 0xc5, 0x10, 0xc4, 0x10, 0xe5, 0x08, 0xc5, 0x10,
    0xc5, 0x10, 0xe5, 0x10, 0xc5, 0x10, 0xc5, 0x10, 0xc5, 0x08, 0xc4, 0x10,
    0xc5, 0x10, 0xc5, 0x10, 0xe5, 0x10, 0xc4, 0x10, 0xe5, 0x10, 0xc5, 0x08,
    0xc4, 0x10, 0xc5, 0x10, 0xe5, 0x10, 0xc5, 0x10, 0xc5, 0x10, 0xc5, 0x10,
    0xc4, 0x10, 0xe5, 0x10, 0xe5, 0x10, 0xc5, 0x10, 0xc5, 0x08, 0xc4, 0x10,
    0xc5, 0x10, 0xe5, 0x10, 0xc5, 0x10, 0xc5, 0x10, 0xc5, 0x10, 0xc5, 0x10,
    0xc5, 0x10, 0xc5, 0x10, 0xe5, 0x10, 0xc5, 0x08, 0xc4, 0x10, 0xe5, 0x10,
    0xc4, 0x10, 0xc5, 0x10, 0xc5, 0x08, 0xc4, 0x10, 0xe5, 0x10, 0xc4, 0x10,
    0xc5, 0x10, 0xe5, 0x10, 0xc5, 0x10, 0xc4, 0x10, 0xe5, 0x08, 0xc5, 0x10,
    0xc5, 0x10, 0xc5, 0x10, 0xe5, 0x10, 0xc5, 0x08, 0xc5, 0x10, 0xc4, 0x10,
    0xc4, 0x10, 0xe5, 0x10, 0xe4, 0x10, 0xc5, 0x08, 0xc4, 0x10, 0xc4, 0x10,
    0xc5, 0x10, 0xe5, 0x10, 0xc4, 0x10, 0xe5, 0x10, 0xc5, 0x10, 0xc5, 0x10,
    0xc5, 0x10, 0xc5, 0x10, 0xc5, 0x10, 0xc5, 0x10, 0xe5, 0x10, 0xe5, 0x10,
    0xc5, 0x08, 0xc5, 0x10, 0xc5, 0x10, 0xc5, 0x08, 0xe4, 0x10, 0xe5, 0x10,
    0xc4, 0x10, 0xc5, 0x10, 0xc5, 0x10, 0xc4, 0x10, 0xe5, 0x10, 0xc5, 0x10,
    0xc5, 0x10, 0xe5, 0x10, 0xc5, 0x10, 0xc5, 0x10, 0xc5, 0x10, 0xc5, 0x10,
    0xc4, 0x10, 0xe4, 0x10, 0xc5, 0x10, 0xc4, 0x10, 0xc5, 0x10, 0xc5, 0x10,
    0xe4, 0x10, 0xc5, 0x10, 0xc5, 0x10, 0xc4, 0x08, 0xe5, 0x10, 0xc5, 0x10,
    0xc5, 0x08, 0xc5, 0x10, 0xe5, 0x10, 0xc5, 0x10, 0xc4, 0x10, 0xe5, 0x08,
    0xc5, 0x10, 0xe5, 0x10, 0xc5, 0x10, 0xc5, 0x10, 0xe5, 0x10, 0xc5, 0x10,
    0xc5, 0x10, 0xe4, 0x08, 0xc5, 0x10, 0xc5, 0x10, 0xc4, 0x10, 0xc5, 0x10,
    0xc5, 0x10, 0xc4, 0x10, 0xe4, 0x10, 0xc5, 0x10, 0xc5, 0x10, 0xc4, 0x10,
    0xe5, 0x10, 0xc4, 0x08, 0xc5, 0x10, 0xc5, 0x10, 0xc5, 0x10, 0xc5, 0x08,
    0xc5, 0x10, 0xc4, 0x10, 0xc5, 0x08, 0xc5, 0x10, 0xc4, 0x10, 0xc5, 0x10,
    0xe5, 0x10, 0xc4, 0x10, 0xc5, 0x10, 0xc5, 0x10, 0xe5, 0x10, 0xc5, 0x10,
    0xc4, 0x08, 0xc5, 0x10, 0xc4, 0x10, 0xe5, 0x10, 0xc5, 0x10, 0xc5, 0x10,
    0xe5, 0x10, 0xc4, 0x10, 0xc5, 0x10, 0xc5, 0x10, 0xc5, 0x10, 0xe4, 0x10,
    0xc5, 0x10, 0xc5, 0x08, 0xe5, 0x10, 0xc5, 0x10, 0xc5, 0x08, 0xe5, 0x10,
    0xc5, 0x10, 0xc4, 0x10, 0xc5, 0x10, 0xe4, 0x10, 0xe5, 0x10, 0xc4, 0x10,
    0xc5, 0x08, 0xe5, 0x10, 0xc4, 0x10, 0xc5, 0x10, 0xe4, 0x10, 0xc4, 0x10,
    0xe5, 0x10, 0xc5, 0x10, 0xc4, 0x10, 0xe5, 0x10, 0xc5, 0x10, 0xc5, 0x10,
    0xe4, 0x10, 0xe5, 0x10, 0xc5, 0x08, 0xe5, 0x10, 0xc5, 0x10, 0xc4, 0x10,
    0xe4, 0x10, 0xc5, 0x10, 0xc5, 0x10, 0xc4, 0x10, 0xe5, 0x10, 0xc5, 0x10,
    0xc5, 0x10, 0xc5, 0x10, 0xc5, 0x10, 0xe4, 0x10, 0xc5, 0x08, 0xc5, 0x10,
    0xe4, 0x10, 0xc5, 0x10, 0xc5, 0x10, 0xc5, 0x10, 0xe5, 0x10, 0xc5, 0x10,
    0xc4, 0x10, 0xc5, 0x10, 0xe5, 0x10, 0xe5, 0x10, 0xc4, 0x10, 0xc5, 0x10,
    0xc5, 0x10, 0xc5, 0x10, 0xc5, 0x10, 0xc4, 0x08, 0xc5, 0x10, 0xc5, 0x10,
    0xc5, 0x10, 0xc5, 0x08, 0xc5, 0x10, 0xe5, 0x10, 0xc4, 0x10, 0xc4, 0x10,
    0xc5, 0x08, 0xc4, 0x10, 0xc5, 0x10, 0xc5, 0x10, 0xe4, 0x10, 0xc4, 0x08,
    0xc5, 0x10, 0xc5, 0x10, 0xe4, 0x10, 0xc5, 0x10, 0xe5, 0x08, 0xc5, 0x10,
    0xc5, 0x10, 0xe5, 0x10, 0xc4, 0x10, 0xe5, 0x10, 0xc5, 0x10, 0xc4, 0x10,
    0xe5, 0x10, 0xc5, 0x10, 0xe4, 0x10, 0xc4, 0x10, 0xe5, 0x10, 0xe5, 0x10,
    0xc5, 0x10, 0xc5, 0x10, 0xc4, 0x08, 0xc5, 0x10, 0xc5, 0x10, 0xe5, 0x10,
    0xc5, 0x10, 0xc5, 0x10, 0xc4, 0x10, 0xc5, 0x10, 0xe5, 0x08, 0xe4, 0x10,
    0xc5, 0x10, 0xc5, 0x10, 0xc5, 0x10, 0xc4, 0x10, 0xc5, 0x10, 0xe5, 0x10,
    0xc4, 0x08, 0xc5, 0x10, 0xc5, 0x10, 0xe4, 0x10, 0xe5, 0x10, 0xc5, 0x08,
    0xc5, 0x10, 0xc4, 0x10, 0xc5, 0x10, 0xe5, 0x10, 0xc4, 0x10, 0xc5, 0x10,
    0xc5, 0x08, 0xc4, 0x10, 0xe5, 0x10, 0xc4, 0x10, 0xc5, 0x10, 0xc5, 0x08,
    0xc4, 0x10, 0xe5, 0x10, 0xc4, 0x10, 0xc5, 0x10, 0xc5, 0x10, 0xc5, 0x10,
    0xc4, 0x10, 0xe5, 0x08, 0xc5, 0x10, 0xc4, 0x10, 0xc5, 0x10, 0xe5, 0x10,
    0xe5, 0x08, 0xc5, 0x10, 0xc5, 0x10, 0xc4, 0x10, 0xe5, 0x10, 0xc5, 0x10,
    0xe5, 0x10, 0xc4, 0x10, 0xc5, 0x08, 0xc5, 0x10, 0xe4, 0x10, 0xc4, 0x10,
    0xc5, 0x10, 0xe5, 0x10, 0xe5, 0x08, 0xc4, 0x10, 0xc5, 0x10, 0xc5, 0x10,
    0xe4, 0x10, 0xc5, 0x10, 0xc5, 0x10, 0xe4, 0x10, 0xc5, 0x10, 0xc5, 0x08,
    0xc5, 0x10, 0xc5, 0x10, 0xe5, 0x10, 0xc5, 0x10, 0xc5, 0x10, 0xc4, 0x10,
    0xc5, 0x08, 0xc5, 0x10, 0xc5, 0x10, 0xe5, 0x10, 0xe4, 0x10, 0xc5, 0x08,
    0xc5, 0x10, 0xc5, 0x10, 0xc5, 0x08, 0xc5, 0x10, 0xe4, 0x10, 0xc5, 0x08,
    0xe5, 0x10, 0xc4, 0x10, 0xc5, 0x10, 0xc5, 0x10, 0xc5, 0x10, 0xc5, 0x10,
    0xc4, 0x10, 0xe4, 0x10, 0xc5, 0x10, 0xc4, 0x10, 0xe5, 0x10, 0xc5, 0x10,
    0xc5, 0x10, 0xc5, 0x10, 0xe4, 0x10, 0xc5, 0x10, 0xc5, 0x08, 0xc5, 0x10,
    0xc5, 0x10, 0xe5, 0x10, 0xc5, 0x10, 0xc5, 0x10, 0xe4, 0x10, 0xc5, 0x10,
    0xe5, 0x08, 0xc5, 0x10, 0xc5, 0x10, 0xc5, 0x10, 0xe4, 0x10, 0xc5, 0x10,
    0xc5, 0x10, 0xc5, 0x10, 0xc5, 0x10, 0xe4, 0x10, 0xe5, 0x10, 0xc5, 0x10,
    0xe5, 0x10, 0xc5, 0x10, 0xc4, 0x10, 0xc5, 0x10, 0xe5, 0x08, 0xe5, 0x10,
    0xc4, 0x10, 0xc5, 0x10, 0xc5, 0x10, 0xe4, 0x08, 0xc5, 0x10, 0xc5, 0x10,
    0xc5, 0x10, 0xe5, 0x10, 0xe5, 0x10, 0xc4, 0x10, 0xc5, 0x10, 0xc5, 0x10,
    0xc4, 0x10, 0xc5, 0x08, 0xc5, 0x10, 0xc5, 0x10, 0xe4, 0x10, 0xc5, 0x10,
    0xc5, 0x10, 0xc5, 0x10, 0xc5, 0x10, 0xc4, 0x10, 0xe5, 0x10, 0xc5, 0x10,
    0xc4, 0x10, 0xc5, 0x08, 0xc5, 0x10, 0xc5, 0x10, 0xc5, 0x10, 0xc5, 0x10,
    0xe4, 0x10, 0xc5, 0x10, 0xc5, 0x10, 0xe5, 0x08, 0xc5, 0x10, 0xc5, 0x10,
    0xc5, 0x10, 0xe4, 0x10, 0xc5, 0x10, 0xc5, 0x08, 0xc5, 0x10, 0xe4, 0x10,
    0xc5, 0x10, 0xc5, 0x10, 0xc5, 0x10, 0xc4, 0x10, 0xe5, 0x10, 0xc5, 0x10,
    0xc5, 0x08, 0xc5, 0x10, 0xc4, 0x10, 0xc5, 0x10, 0xc5, 0x10, 0xc5, 0x10,
    0xc4, 0x10, 0xe5, 0x08, 0xc5, 0x10, 0xc5, 0x10, 0xe5, 0x10, 0xc5, 0x10,
    0xc5, 0x10, 0xc4, 0x10, 0xc5, 0x08, 0xe5, 0x10, 0xc5, 0x10, 0xc5, 0x08,
    0xe5, 0x10, 0xc5, 0x10, 0xc5, 0x10, 0xc4, 0x08, 0xc5, 0x10, 0xe5, 0x10,
    0xc5, 0x10, 0xc4, 0x10, 0xe5, 0x10, 0xc5, 0x10, 0xc5, 0x10, 0xe5, 0x10,
    0xc4, 0x10, 0xc5, 0x10, 0xe5, 0x10, 0xc4, 0x08, 0xc5, 0x10, 0xc5, 0x10,
    0xe5, 0x10, 0xc5, 0x10, 0xc4, 0x08, 0xe5, 0x10, 0xc5, 0x10, 0xc5, 0x10,
    0xc5, 0x10, 0xe4, 0x10, 0xc5, 0x10, 0xc5, 0x10, 0xc5, 0x10, 0xe4, 0x10,
    0xc4, 0x10, 0xc5, 0x10, 0xc5, 0x10, 0xc5, 0x08, 0xc5, 0x10, 0xc5, 0x10,
    0xc4, 0x10, 0xc5, 0x08, 0xc5, 0x10, 0xc5, 0x10, 0xc5, 0x10, 0xc4, 0x10,
    0xc5, 0x10, 0xe5, 0x10, 0xc4, 0x10, 0xc5, 0x10, 0xe5, 0x10, 0xc5, 0x10,
    0xc4, 0x10, 0xe5, 0x10, 0xc5, 0x08, 0xc5, 0x10, 0xc4, 0x10, 0xc5, 0x10,
    0xc5, 0x10, 0xe5, 0x08, 0xc4, 0x10, 0xc5, 0x10, 0xe4, 0x10, 0xc5, 0x10,
    0xc5, 0x10, 0xe5, 0x10, 0xc4, 0x10, 0xc5, 0x08, 0xc5, 0x10, 0xc4, 0x10,
    0xc5, 0x10, 0xc5, 0x10, 0xe4, 0x10, 0xc5, 0x10, 0xc5, 0x10, 0xc5, 0x10,
    0xe5, 0x10, 0xc5, 0x10, 0xc5, 0x10, 0xc5, 0x10, 0xe5, 0x10, 0xc5, 0x10,
    0xc5, 0x10, 0xc5, 0x08, 0xc5, 0x10, 0xe5, 0x10, 0xe5, 0x10, 0xc4, 0x10,
    0xc5, 0x10, 0xc4, 0x10, 0xe5, 0x10, 0xc5, 0x10, 0xc4, 0x10, 0xc5, 0x10,
    0xc5, 0x10, 0xc5, 0x10, 0xc5, 0x10, 0xc5, 0x10, 0xc5, 0x10, 0xe5, 0x10,
    0xc4, 0x08, 0xc5, 0x10, 0xc5, 0x10, 0xc5, 0x10, 0xc5, 0x10, 0xe5, 0x08,
    0xc5, 0x10, 0xc4, 0x10, 0xc5, 0x10, 0xc5, 0x10, 0xc4, 0x08, 0xc5, 0x10,
    0xc5, 0x10, 0xe4, 0x08, 0xc4, 0x10, 0xc5, 0x10, 0xc5, 0x10, 0xc5, 0x10,
    0xc4, 0x10, 0xe5, 0x10, 0xc5, 0x10, 0xc4, 0x08, 0xc5, 0x10, 0xe5, 0x10,
    0xe5, 0x10, 0xc5, 0x10, 0xc4, 0x10, 0xc4, 0x08, 0xc5, 0x10, 0xe5, 0x10,
    0xc5, 0x10, 0xc5, 0x10, 0xc5, 0x10, 0xe4, 0x10, 0xc5, 0x10, 0xc5, 0x10,
    0xc5, 0x10, 0xc5, 0x10, 0xe5, 0x08, 0xc4, 0x10, 0xe5, 0x10, 0xe5, 0x10,
    0xc5, 0x10, 0xc5, 0x10, 0xc5, 0x08, 0xc5, 0x10, 0xc5, 0x10, 0xc5, 0x10,
    0xc5, 0x10, 0xc4, 0x08, 0xc5, 0x10, 0xc5, 0x10, 0xc4, 0x10, 0xe4, 0x10,
    0xc5, 0x10, 0xc5, 0x10, 0xc4, 0x10, 0xc5, 0x08, 0xe5, 0x10, 0xc5, 0x10,
    0xc5, 0x10, 0xc4, 0x10, 0xe5, 0x10, 0xc5, 0x10, 0xc5, 0x08, 0xe5, 0x10,
    0xc5, 0x10, 0xe4, 0x10, 0xc5, 0x10, 0xc5, 0x10, 0xc5, 0x08, 0xc4, 0x10,
    0xc5, 0x10, 0xe4, 0x10, 0xc5, 0x10, 0xe5, 0x10, 0xc4, 0x10, 0xc5, 0x10,
    0xc5, 0x10, 0xc4, 0x08, 0xe5, 0x10, 0xc5, 0x10, 0xc4, 0x10, 0xc4, 0x10,
    0xe5, 0x10, 0xc5, 0x10, 0xc5, 0x08, 0xc5, 0x10, 0xc5, 0x10, 0xe4, 0x08,
    0xc5, 0x10, 0xc5, 0x10, 0xe5, 0x10, 0xe4, 0x10, 0xc5, 0x08, 0xc5, 0x10,
    0xc5, 0x10, 0xc5, 0x10, 0xc4, 0x10, 0xe5, 0x10, 0xc5, 0x10, 0xc4, 0x10,
    0xc5, 0x10, 0xe5, 0x10, 0xc5, 0x10, 0xe5, 0x10, 0xc5, 0x08, 0xc4, 0x10,
    0xc5, 0x10, 0xc5, 0x10, 0xe4, 0x10, 0xc5, 0x10, 0xc5, 0x10, 0xc5, 0x08,
    0xe5, 0x10, 0xc4, 0x10, 0xc5, 0x10, 0xc5, 0x10, 0xc4, 0x10, 0xc5, 0x10,
    0xc5, 0x10, 0xc5, 0x08, 0xc4, 0x10, 0xc5, 0x10, 0xc5, 0x10, 0xe4, 0x10,
    0xc5, 0x10, 0xc5, 0x10, 0xe5, 0x10, 0xe5, 0x08, 0xc5, 0x10, 0xc4, 0x10,
    0xe5, 0x10, 0xc5, 0x10, 0xc4, 0x10, 0xe4, 0x10, 0xc5, 0x10, 0xc5, 0x10,
    0xe5, 0x08, 0xc5, 0x10, 0xc5, 0x10, 0xe4, 0x10, 0xc5, 0x10, 0xc4, 0x10,
    0xc5, 0x10, 0xc5, 0x10, 0xc4, 0x10, 0xc5, 0x10, 0xc5, 0x10, 0xc5, 0x10,
    0xe4, 0x08, 0xc5, 0x10, 0xc4, 0x10, 0xe5, 0x10, 0xc5, 0x10, 0xc4, 0x08,
    0xe5, 0x10, 0xc5, 0x10, 0xc5, 0x10, 0xc5, 0x10, 0xe5, 0x10, 0xc5, 0x10,
    0xc5, 0x10, 0xe5, 0x10, 0xc5, 0x10, 0xc5, 0x10, 0xc5, 0x10, 0xc5, 0x10,
    0xe5, 0x10, 0xc4, 0x10, 0xc5, 0x08, 0xc5, 0x10, 0xc5, 0x10, 0xc5, 0x10,
    0xc5, 0x08, 0xc4, 0x10, 0xc5, 0x10, 0xe5, 0x10, 0xc5, 0x10, 0xc4, 0x10,
    0xe5, 0x10, 0xc5, 0x10, 0xc5, 0x10, 0xc5, 0x10, 0xe5, 0x08, 0xc5, 0x10,
    0xc4, 0x10, 0xc5, 0x08, 0xe5, 0x10, 0xc5, 0x10, 0xc5, 0x10, 0xc4, 0x08,
    0xc5, 0x10, 0xc5, 0x10, 0xe5, 0x10, 0xc4, 0x10, 0xe5, 0x10, 0xc5, 0x10,
    0xc5, 0x10, 0xc4, 0x10, 0xe5, 0x10, 0xc5, 0x08, 0xc5, 0x10, 0xc5, 0x10,
    0xc5, 0x10, 0xe4, 0x10, 0xc5, 0x10, 0xc5, 0x10, 0xc4, 0x10, 0xc5, 0x10,
    0xc5, 0x10, 0xc5, 0x10, 0xc5, 0x10, 0xc5, 0x08, 0xc4, 0x10, 0xe5, 0x10,
    0xc5, 0x10, 0xc4, 0x10, 0xc5, 0x10, 0xe5, 0x08, 0xc4, 0x10, 0xc5, 0x10,
    0xe5, 0x10, 0xe5, 0x10, 0xc4, 0x10, 0xc5, 0x10, 0xc5, 0x08, 0xe5, 0x10,
    0xc5, 0x10, 0xc5, 0x10, 0xc4, 0x10, 0xe5, 0x10, 0xc5, 0x10, 0xe4, 0x08,
    0xc5, 0x10, 0xc4, 0x10, 0xe4, 0x10, 0xc5, 0x08, 0xc5, 0x10, 0xc5, 0x10,
    0xc5, 0x10, 0xc5, 0x10, 0xe5, 0x10, 0xe4, 0x10, 0xc5, 0x10, 0xc5, 0x10,
    0xc4, 0x10, 0xc5, 0x10, 0xc5, 0x10, 0xe4, 0x10, 0xe5, 0x10, 0xc5, 0x10,
    0xc5, 0x10, 0xc5, 0x10, 0xc5, 0x10, 0xc5, 0x10, 0xe5, 0x10, 0xc4, 0x10,
    0xe5, 0x10, 0xc5, 0x08, 0xc4, 0x10, 0xe5, 0x10, 0xc5, 0x10, 0xc4, 0x10,
    0xc4, 0x10, 0xc5, 0x10, 0xe5, 0x10, 0xc5, 0x10, 0xc5, 0x10, 0xc5, 0x10,
    0xe4, 0x08, 0xe4, 0x10, 0xc5, 0x10, 0xc5, 0x08, 0xc5, 0x10, 0xc5, 0x10,
    0xc4, 0x10, 0xc5, 0x10, 0xe5, 0x10, 0xc4, 0x10, 0xc5, 0x08, 0xc4, 0x10,
    0xc5, 0x10, 0xc5, 0x10, 0xe5, 0x10, 0xc4, 0x10, 0xe5, 0x08, 0xc4, 0x10,
    0xe4, 0x10, 0xe5, 0x10, 0xc5, 0x10, 0xc5, 0x10, 0xe5, 0x10, 0xc5, 0x10,
    0xe5, 0x08, 0xc4, 0x10, 0xc5, 0x10, 0xe5, 0x10, 0xc5, 0x10, 0xc5, 0x10,
    0xc4, 0x10, 0xe5, 0x10, 0xc5, 0x08, 0xc5, 0x10, 0xc4, 0x10, 0xc5, 0x10,
    0xc5, 0x10, 0xc4, 0x08, 0xe5, 0x10, 0xc5, 0x10, 0xc4, 0x10, 0xc5, 0x10,
    0xc5, 0x10, 0xc5, 0x08, 0xc5, 0x10, 0xc5, 0x10, 0xc5, 0x10, 0xc5, 0x10,
    0xe5, 0x10, 0xc5, 0x10, 0xc5, 0x10, 0xc5, 0x10, 0xe5, 0x10, 0xc5, 0x08,
    0xc4, 0x10, 0xc5, 0x10, 0xc4, 0x10, 0xc5, 0x10, 0xe5, 0x10, 0xc5, 0x10,
    0xe5, 0x10, 0xc5, 0x10, 0xc4, 0x10, 0xc5, 0x10, 0xc5, 0x10, 0xc5, 0x10,
    0xe4, 0x10, 0xc4, 0x08, 0xe5, 0x10, 0xc5, 0x10, 0xc5, 0x08, 0xc5, 0x10,
    0xe5, 0x10, 0xc5, 0x10, 0xe4, 0x10, 0xc4, 0x10, 0xc5, 0x10, 0xc5, 0x10,
    0xe5, 0x10, 0xc5, 0x08, 0xc5, 0x10, 0xc5, 0x10, 0xc4, 0x10, 0xe4, 0x10,
    0xc5, 0x10, 0xc5, 0x08, 0xc5, 0x10, 0xe5, 0x10, 0xc4, 0x10, 0xe5, 0x08,
    0xc5, 0x10, 0xc4, 0x10, 0xe5, 0x10, 0xe5, 0x10, 0xc5, 0x08, 0xc5, 0x10,
    0xe5, 0x10, 0xc5, 0x10, 0xc4, 0x10, 0xc5, 0x10, 0xc5, 0x10, 0xe4, 0x08,
    0xc5, 0x10, 0xc5, 0x10, 0xc5, 0x10, 0xc5, 0x08, 0xc5, 0x10, 0xc4, 0x10,
    0xc4, 0x10, 0xe5, 0x10, 0xc5, 0x10, 0xc4, 0x08, 0xc5, 0x10, 0xc5, 0x10,
    0xe4, 0x10, 0xc5, 0x08, 0xe5, 0x10, 0xe5, 0x10, 0xc5, 0x10, 0xe4, 0x10,
    0xc5, 0x10, 0xc5, 0x10, 0xc5, 0x10, 0xc4, 0x08, 0xe5, 0x10, 0xc5, 0x10,
    0xc5, 0x10, 0xc5, 0x10, 0xe4, 0x10, 0xc4, 0x10, 0xc5, 0x10, 0xe5, 0x08,
    0xc4, 0x10, 0xc4, 0x10, 0xe5, 0x10, 0xc5, 0x10, 0xc4, 0x10, 0xe4, 0x08,
    0xc5, 0x10, 0xc5, 0x10, 0xe5, 0x10, 0xc4, 0x10, 0xe4, 0x10, 0xc5, 0x10,
    0xc5, 0x10, 0xe5, 0x10, 0xe5, 0x10, 0xc4, 0x10, 0xc4, 0x10, 0xe5, 0x10,
    0xc5, 0x08, 0xc5, 0x10, 0xe4, 0x10, 0xe4, 0x10, 0xc5, 0x10, 0xc4, 0x10,
    0xc5, 0x10, 0xe5, 0x10, 0xc4, 0x10, 0xc5, 0x10, 0xe5, 0x10, 0xc4, 0x10,
    0xc5, 0x10, 0xc5, 0x10, 0xc4, 0x10, 0xc5, 0x10, 0xc5, 0x10, 0xe5, 0x08,
    0xc4, 0x10, 0xc5, 0x10, 0xc5, 0x10, 0xc5, 0x10, 0xe5, 0x10, 0xc5, 0x10,
    0xc4, 0x08, 0xc5, 0x10, 0xc5, 0x10, 0xc5, 0x10, 0xe5, 0x10, 0xc5, 0x10,
    0xc5, 0x10, 0xc4, 0x10, 0xe5, 0x10, 0xc5, 0x10, 0xc5, 0x10, 0xe4, 0x10,
    0xc5, 0x08, 0xc5, 0x10, 0xe5, 0x10, 0xc4, 0x10, 0xc5, 0x10, 0xc5, 0x10,
    0xc4, 0x10, 0xc4, 0x10, 0xc5, 0x10, 0xc5, 0x10, 0xc4, 0x10, 0xc4, 0x10,
    0xe5, 0x10, 0xc5, 0x08, 0xc5, 0x10, 0xc5, 0x10, 0xc5, 0x10, 0xc5, 0x10,
    0xc5, 0x10, 0xc5, 0x10, 0xe5, 0x10, 0xc5, 0x10, 0xe4, 0x10, 0xc4, 0x10,
    0xc5, 0x10, 0xe5, 0x10, 0xc5, 0x10, 0xc5, 0x10, 0xc4, 0x08, 0xc5, 0x10,
    0xe5, 0x10, 0xe5, 0x10, 0xc5, 0x08, 0xc5, 0x10, 0xc5, 0x10, 0xc5, 0x10,
    0xe4, 0x10, 0xc5, 0x10, 0xc5, 0x10, 0xe5, 0x10, 0xc4, 0x08, 0xc5, 0x10,
    0xc5, 0x10, 0xe4, 0x10, 0xc5, 0x10, 0xc5, 0x10, 0xe5, 0x10, 0xc5, 0x10,
    0xc5, 0x08, 0xc4, 0x10, 0xc5, 0x10, 0xe5, 0x10, 0xc5, 0x10, 0xc4, 0x10,
    0xc5, 0x10, 0xc5, 0x10, 0xc5, 0x10, 0xe4, 0x10, 0xc5, 0x10, 0xe5, 0x10,
    0xe4, 0x08, 0xc5, 0x10, 0xc5, 0x10, 0xc5, 0x10, 0xc5, 0x10, 0xc5, 0x10,
    0xc4, 0x08, 0xe5, 0x10, 0xc5, 0x10, 0xc4, 0x10, 0xc5, 0x10, 0xc5, 0x10,
    0xc5, 0x10, 0xc5, 0x10, 0xc4, 0x10, 0xe4, 0x08, 0xc5, 0x10, 0xc5, 0x10,
    0xc4, 0x10, 0xc5, 0x10, 0xc5, 0x10, 0xe5, 0x10, 0xc4, 0x10, 0xc4, 0x10,
    0xe5, 0x08, 0xc5, 0x10, 0xc5, 0x10, 0xc5, 0x10, 0xe4, 0x10, 0xc5, 0x10,
    0xc5, 0x10, 0xc5, 0x10, 0xc5, 0x10, 0xe4, 0x10, 0xc5, 0x10, 0xe5, 0x10,
    0xe5, 0x10, 0xc4, 0x10, 0xc5, 0x10, 0xc5, 0x10, 0xe4, 0x08, 0xc5, 0x10,
    0xc4, 0x10, 0xc5, 0x10, 0xe5, 0x10, 0xc4, 0x10, 0xc5, 0x10, 0xc5, 0x10,
    0xe5, 0x10, 0xc5, 0x10, 0xc5, 0x10, 0xe4, 0x10, 0xc5, 0x10, 0xc4, 0x10,
    0xc5, 0x10, 0xe5, 0x10, 0xc4, 0x08, 0xc5, 0x10, 0xc5, 0x10, 0xe4, 0x10,
    0xc5, 0x10, 0xe5, 0x10, 0xc5, 0x10, 0xc4, 0x10, 0xc4, 0x10, 0xe5, 0x10,
    0xc5, 0x08, 0xc5, 0x10, 0xc5, 0x10, 0xc5, 0x08, 0xc4, 0x10, 0xe5, 0x10,
    0xc5, 0x10, 0xc5, 0x10, 0xc4, 0x10, 0xe5, 0x10, 0xc5, 0x10, 0xc5, 0x10,
    0xc5, 0x10, 0xc4, 0x10, 0xe5, 0x10, 0xc5, 0x10, 0xc5, 0x10, 0xc5, 0x10,
    0xe5, 0x10, 0xc4, 0x10, 0xc5, 0x10, 0xc5, 0x10, 0xc4, 0x10, 0xc4, 0x10,
    0xc5, 0x08, 0xe5, 0x10, 0xc4, 0x10, 0xc5, 0x10, 0xe5, 0x10, 0xc5, 0x10,
    0xc5, 0x10, 0xc5, 0x10, 0xc4, 0x10, 0xe5, 0x10, 0xc5, 0x10, 0xc5, 0x10,
    0xe5, 0x10, 0xc5, 0x10, 0xc5, 0x10, 0xc5, 0x10, 0xc5, 0x10, 0xe5, 0x10,
    0xc5, 0x10, 0xc5, 0x10, 0xc4, 0x10, 0xc5, 0x08, 0xc4, 0x10, 0xc5, 0x10,
    0xc5, 0x10, 0xc5, 0x10, 0xe5, 0x10, 0xc5, 0x10, 0xc5, 0x10, 0xc4, 0x10,
    0xc5, 0x10, 0xe5, 0x10, 0xc5, 0x08, 0xc5, 0x10, 0xc5, 0x10, 0xc4, 0x10,
    0xc5, 0x10, 0xc5, 0x10, 0xc4, 0x08, 0xe5, 0x10, 0xc5, 0x10, 0xc5, 0x10,
    0xc5, 0x10, 0xc5, 0x10, 0xc5, 0x10, 0xc5, 0x10, 0xc5, 0x08, 0xe4, 0x10,
    0xc5, 0x10, 0xc5, 0x10, 0xc5, 0x10, 0xc5, 0x08, 0xe5, 0x10, 0xc5, 0x10,
    0xc5, 0x10, 0xc4, 0x10, 0xc5, 0x08, 0xc5, 0x10, 0xc5, 0x10, 0xc5, 0x10,
    0xe5, 0x10, 0xc5, 0x10, 0xc5, 0x10, 0xc5, 0x08, 0xe4, 0x10, 0xc5, 0x10,
    0xe5, 0x10, 0xe4, 0x10, 0xc5, 0x08, 0xc5, 0x10, 0xe5, 0x10, 0xc4, 0x10,
    0xc5, 0x10, 0xe5, 0x10, 0xc5, 0x10, 0xc5, 0x10, 0xc4, 0x10, 0xe4, 0x10,
    0xc5, 0x10, 0xe5, 0x10, 0xc5, 0x10, 0xc4, 0x08, 0xe5, 0x10, 0xc5, 0x10,
    0xc5, 0x10, 0xc5, 0x10, 0xc4, 0x10, 0xe5, 0x10, 0xc4, 0x10, 0xc5, 0x10,
    0xc5, 0x10, 0xe5, 0x10, 0xc4, 0x08, 0xc5, 0x10, 0xc5, 0x10, 0xc5, 0x10,
    0xe5, 0x08, 0xc5, 0x10, 0xc5, 0x10, 0xe5, 0x08, 0xc5, 0x10, 0xc5, 0x10,
    0xc5, 0x10, 0xe4, 0x10, 0xc5, 0x10, 0xc5, 0x08, 0xe4, 0x10, 0xc5, 0x10,
    0xe5, 0x10, 0xc4, 0x08, 0xc5, 0x10, 0xc5, 0x10, 0xc5, 0x10, 0xe5, 0x10,
    0xc4, 0x08, 0xc4, 0x10, 0xc5, 0x10, 0xc4, 0x10, 0xe5, 0x10, 0xc5, 0x10,
    0xc5, 0x10, 0xc4, 0x10, 0xc5, 0x10, 0xc4, 0x10, 0xc5, 0x10, 0xc5, 0x10,
    0xe4, 0x08, 0xc5, 0x10, 0xe5, 0x10, 0xc4, 0x10, 0xc5, 0x10, 0xc5, 0x10,
    0xc5, 0x10, 0xc5, 0x10, 0xc5, 0x10, 0xc5, 0x10, 0xc4, 0x08, 0xc5, 0x10,
    0xe5, 0x10, 0xe5, 0x10, 0xc5, 0x10, 0xc4, 0x08, 0xe5, 0x10, 0xc5, 0x10,
    0xc5, 0x10, 0xc5, 0x10, 0xc5, 0x10, 0xe5, 0x10, 0xc4, 0x10, 0xc5, 0x10,
    0xc5, 0x10, 0xc5, 0x10, 0xc5, 0x10, 0xe4, 0x10, 0xc5, 0x10, 0xe5, 0x10,
    0xe5, 0x10, 0xc4, 0x10, 0xc5, 0x10, 0xc5, 0x10, 0xe5, 0x10, 0xc5, 0x10,
    0xc5, 0x10, 0xc5, 0x08, 0xc5, 0x10, 0xe5, 0x10, 0xc5, 0x10, 0xc4, 0x10,
    0xc5, 0x10, 0xe5, 0x10, 0xc5, 0x10, 0xc4, 0x08, 0xc5, 0x10, 0xc5, 0x10,
    0xc5, 0x10, 0xc4, 0x10, 0xc4, 0x10, 0xe5, 0x10, 0xc5, 0x10, 0xc5, 0x10,
    0xe4, 0x08, 0xe5, 0x10, 0xc5, 0x10, 0xc5, 0x10, 0xc5, 0x08, 0xc5, 0x10,
    0xc4, 0x10, 0xc5, 0x10, 0xe5, 0x10, 0xe4, 0x10, 0xc5, 0x10, 0xc5, 0x10,
    0xc5, 0x08, 0xe4, 0x10, 0xc5, 0x10, 0xc5, 0x08, 0xc4, 0x10, 0xe5, 0x10,
    0xc5, 0x10, 0xc4, 0x10, 0xe5, 0x08, 0xc5, 0x10, 0xc5, 0x10, 0xc5, 0x08,
    0xc4, 0x10, 0xc5, 0x10, 0xc5, 0x10, 0xe5, 0x10, 0xe5, 0x10, 0xc5, 0x10,
    0xc5, 0x08, 0xc5, 0x10, 0xc5, 0x10, 0xc5, 0x10, 0xe5, 0x10, 0xc5, 0x10,
    0xc5, 0x10, 0xc4, 0x10, 0xc5, 0x10, 0xc5, 0x10, 0xe5, 0x10, 0xc5, 0x10,
    0xc4, 0x08, 0xc4, 0x10, 0xe5, 0x10, 0xc5, 0x10, 0xc5, 0x08, 0xc5, 0x10,
    0xe5, 0x10, 0xc5, 0x10, 0xe5, 0x10, 0xc4, 0x10, 0xc4, 0x08, 0xc5, 0x10,
    0xc5, 0x10, 0xe5, 0x10, 0xc5, 0x08, 0xc5, 0x10, 0xe5, 0x10, 0xc5, 0x10,
    0xc4, 0x10, 0xc5, 0x10, 0xc5, 0x08, 0xe5, 0x10, 0xc4, 0x10, 0xc5, 0x10,
    0xc5, 0x10, 0xe4, 0x10, 0xe5, 0x08, 0xc5, 0x10, 0xc4, 0x10, 0xe5, 0x10,
    0xc5, 0x08, 0xc4, 0x10, 0xc4, 0x10, 0xe5, 0x10, 0xc5, 0x10, 0xc4, 0x10,
    0xe5, 0x08, 0xc5, 0x10, 0xc4, 0x10, 0xc5, 0x10, 0xc5, 0x10, 0xe5, 0x10,
    0xc5, 0x08, 0xc4, 0x10, 0xe4, 0x10, 0xc5, 0x10, 0xc5, 0x10, 0xc5, 0x10,
    0xe4, 0x08, 0xc4, 0x10, 0xc5, 0x10, 0xc5, 0x10, 0xe5, 0x10, 0xc5, 0x10,
    0xe5, 0x10, 0xc5, 0x10, 0xc5, 0x10, 0xc4, 0x10, 0xe5, 0x10, 0xc5, 0x10,
    0xc5, 0x10, 0xe4, 0x08, 0xc5, 0x10, 0xc5, 0x10, 0xe5, 0x10, 0xc5, 0x10,
    0xc4, 0x08, 0xe5, 0x10, 0xc4, 0x10, 0xc5, 0x10, 0xc5, 0x10, 0xc4, 0x10,
    0xc5, 0x10, 0xc5, 0x10, 0xe5, 0x10, 0xc5, 0x10, 0xc5, 0x10, 0xe4, 0x10,
    0xc5, 0x08, 0xc4, 0x10, 0xc5, 0x10, 0xc5, 0x10, 0xc4, 0x10, 0xc5, 0x08,
    0xc5, 0x10, 0xc5, 0x10, 0xc5, 0x10, 0xe5, 0x10, 0xc4, 0x10, 0xc5, 0x08,
    0xc5, 0x10, 0xc5, 0x10, 0xe4, 0x08, 0xe4, 0x10, 0xc5, 0x10, 0xc5, 0x08,
    0xc5, 0x10, 0xc4, 0x10, 0xe5, 0x10, 0xc5, 0x10, 0xc4, 0x10, 0xc5, 0x08,
    0xc5, 0x10, 0xc5, 0x10, 0xe5, 0x10, 0xc5, 0x08, 0xc5, 0x10, 0xc5, 0x10,
    0xc5, 0x10, 0xc4, 0x10, 0xc5, 0x10, 0xc5, 0x10, 0xe4, 0x10, 0xe4, 0x10,
    0xc5, 0x10, 0xc5, 0x10, 0xe5, 0x10, 0xc5, 0x10, 0xe4, 0x10, 0xc5, 0x10,
    0xc5, 0x08, 0xc5, 0x10, 0xc4, 0x10, 0xe5, 0x10, 0xc5, 0x10, 0xc4, 0x10,
    0xc5, 0x10, 0xe5, 0x10, 0xc4, 0x10, 0xc5, 0x08, 0xc5, 0x10, 0xc5, 0x10,
    0xc5, 0x10, 0xe5, 0x10, 0xc5, 0x08, 0xc5, 0x10, 0xc5, 0x10, 0xe5, 0x08,
    0xc4, 0x10, 0xc5, 0x10, 0xe5, 0x10, 0xe5, 0x10, 0xc4, 0x08, 0xc5, 0x10,
    0xc5, 0x10, 0xc5, 0x10, 0xc4, 0x10, 0xc5, 0x08, 0xc5, 0x10, 0xe5, 0x10,
    0xe5, 0x10, 0xc4, 0x08, 0xc5, 0x10, 0xe5, 0x10, 0xc5, 0x10, 0xc4, 0x10,
    0xc5, 0x10, 0xc5, 0x10, 0xc4, 0x10, 0xc5, 0x10, 0xc5, 0x10, 0xc4, 0x10,
    0xe5, 0x08, 0xe5, 0x10, 0xc4, 0x10, 0xc5, 0x08, 0xc5, 0x10, 0xc4, 0x10,
    0xc5, 0x10, 0xc5, 0x10, 0xe4, 0x10, 0xc5, 0x08, 0xc5, 0x10, 0xc4, 0x10,
    0xc5, 0x10, 0xc5, 0x10, 0xc4, 0x10, 0xe5, 0x08, 0xc5, 0x10, 0xe4, 0x10,
    0xc4, 0x10, 0xe5, 0x10, 0xc5, 0x10, 0xc5, 0x10, 0xc5, 0x10, 0xc5, 0x08,
    0xe5, 0x10, 0xc5, 0x10, 0xc4, 0x10, 0xc5, 0x10, 0xc5, 0x10, 0xe5, 0x10,
    0xe5, 0x10, 0xc5, 0x10, 0xc5, 0x10, 0xe4, 0x10, 0xc5, 0x08, 0xc5, 0x10,
    0xc5, 0x10, 0xc4, 0x10, 0xc5, 0x10, 0xc4, 0x10, 0xe5, 0x10, 0xc5, 0x10,
    0xc4, 0x10, 0xc5, 0x08, 0xc5, 0x10, 0xc5, 0x10, 0xc5, 0x10, 0xc5, 0x10,
    0xe5, 0x10, 0xc5, 0x10, 0xc4, 0x10, 0xc5, 0x10, 0xe5, 0x10, 0xc5, 0x08,
    0xc4, 0x10, 0xc5, 0x10, 0xc5, 0x10, 0xe5, 0x10, 0xc4, 0x10, 0xc5, 0x10,
    0xe5, 0x10, 0xc5, 0x10, 0xc4, 0x10, 0xc5, 0x10, 0xc5, 0x08, 0xc4, 0x10,
    0xc5, 0x10, 0xc5, 0x10, 0xc4, 0x10, 0xe5, 0x08, 0xc5, 0x10, 0xc4, 0x10,
    0xc4, 0x10, 0xc5, 0x10, 0xe4, 0x10, 0xe5, 0x10, 0xc5, 0x10, 0xc4, 0x10,
    0xc5, 0x10, 0xe5, 0x10, 0xc5, 0x10, 0xc5, 0x10, 0xc4, 0x10, 0xe4, 0x10,
    0xc5, 0x10, 0xc4, 0x08, 0xc5, 0x10, 0xc5, 0x10, 0xe5, 0x10, 0xe5, 0x10,
    0xc4, 0x10, 0xc5, 0x10, 0xe5, 0x10, 0xc4, 0x10, 0xc5, 0x10, 0xe5, 0x10,
    0xc5, 0x10, 0xc5, 0x10, 0xc4, 0x10, 0xc5, 0x10, 0xc5, 0x10, 0xc4, 0x08,
    0xe5, 0x10, 0xc4, 0x10, 0xc5, 0x10, 0xc5, 0x10, 0xc4, 0x10, 0xc5, 0x10,
    0xc5, 0x10, 0xc5, 0x10, 0xe5, 0x10, 0xc4, 0x08, 0xc5, 0x10, 0xe5, 0x10,
    0xc4, 0x10, 0xc5, 0x10, 0xe5, 0x10, 0xe5, 0x10, 0xc5, 0x10, 0xc4, 0x10,
    0xe5, 0x10, 0xc5, 0x10, 0xc5, 0x10, 0xc5, 0x08, 0xe4, 0x10, 0xe5, 0x10,
    0xc5, 0x10, 0xc5, 0x10, 0xc5, 0x10, 0xe4, 0x10, 0xc4, 0x10, 0xc5, 0x08,
    0xc4, 0x10, 0xe5, 0x10, 0xc5, 0x10, 0xc5, 0x10, 0xc5, 0x08, 0xe4, 0x10,
    0xc4, 0x10, 0xc5, 0x10, 0xe4, 0x10, 0xc4, 0x10, 0xc5, 0x10, 0xc5, 0x10,
    0xc5, 0x10, 0xc5, 0x10, 0xc5, 0x10, 0xc4, 0x10, 0xe5, 0x10, 0xc5, 0x08,
    0xe5, 0x10, 0xe4, 0x10, 0xc5, 0x10, 0xc5, 0x10, 0xc4, 0x10, 0xc5, 0x08,
    0xc5, 0x10, 0xe5, 0x10, 0xc4, 0x10, 0xe5, 0x10, 0xe5, 0x10, 0xc5, 0x10,
    0xc5, 0x10, 0xc4, 0x10, 0xc5, 0x10, 0xc5, 0x10, 0xc4, 0x10, 0xc5, 0x10,
    0xe5, 0x10, 0xc4, 0x10, 0xc5, 0x10, 0xc5, 0x10, 0xc5, 0x10, 0xc5, 0x10,
    0xe5, 0x10, 0xc5, 0x10, 0xc5, 0x08, 0xe4, 0x10, 0xc5, 0x10, 0xc5, 0x10,
    0xc5, 0x10, 0xc4, 0x10, 0xc5, 0x10, 0xc5, 0x10, 0xc4, 0x10, 0xe5, 0x10,
    0xc4, 0x08, 0xe5, 0x10, 0xe5, 0x10, 0xc5, 0x10, 0xc5, 0x10, 0xc5, 0x08,
    0xc5, 0x10, 0xe5, 0x10, 0xc4, 0x10, 0xc4, 0x10, 0xc5, 0x10, 0xe5, 0x10,
    0xc5, 0x10, 0xc4, 0x10, 0xe5, 0x10, 0xc5, 0x10, 0xc4, 0x10, 0xc5, 0x10,
    0xc5, 0x08, 0xc5, 0x10, 0xe5, 0x10, 0xc4, 0x10, 0xe4, 0x10, 0xc5, 0x10,
    0xc5, 0x10, 0xc5, 0x10, 0xe5, 0x10, 0xc4, 0x10, 0xc5, 0x10, 0xc4, 0x10,
    0xe5, 0x10, 0xc5, 0x10, 0xc5, 0x08, 0xc5, 0x10, 0xe5, 0x10, 0xc4, 0x10,
    0xe5, 0x10, 0xc5, 0x10, 0xc4, 0x10, 0xe5, 0x10, 0xc5, 0x10, 0xc4, 0x10,
    0xc4, 0x10, 0xc5, 0x10, 0xe4, 0x10, 0xc5, 0x10, 0xe4, 0x10, 0xe5, 0x10,
    0xc5, 0x10, 0xc4, 0x08, 0xc5, 0x10, 0xe5, 0x10, 0xc5, 0x10, 0xc5, 0x10,
    0xc4, 0x10, 0xc5, 0x10, 0xc5, 0x10, 0xc4, 0x10, 0xe5, 0x10, 0xc5, 0x10,
    0xe5, 0x08, 0xe4, 0x10, 0xc5, 0x10, 0xc5, 0x10, 0xc5, 0x10, 0xe4, 0x10,
    0xc5, 0x08, 0xc5, 0x10, 0xe5, 0x10, 0xc5, 0x10, 0xc4, 0x10, 0xc5, 0x08,
    0xc5, 0x10, 0xc5, 0x10, 0xe4, 0x10, 0xc4, 0x10, 0xc5, 0x10, 0xe4, 0x10,
    0xc5, 0x10, 0xc5, 0x08, 0xe4, 0x10, 0xe5, 0x10, 0xc5, 0x10, 0xc5, 0x08,
    0xc4, 0x10, 0xc5, 0x10, 0xe5, 0x08, 0xc5, 0x10, 0xc4, 0x10, 0xe5, 0x10,
    0xc5, 0x10, 0xc5, 0x10, 0xc5, 0x10, 0xe5, 0x08, 0xc4, 0x10, 0xe5, 0x10,
    0xc5, 0x10, 0xc5, 0x10, 0xe5, 0x10, 0xc4, 0x08, 0xc5, 0x10, 0xe4, 0x10,
    0xc4, 0x10, 0xc5, 0x10, 0xc5, 0x10, 0xe5, 0x10, 0xc5, 0x10, 0xc4, 0x10,
    0xc5, 0x10, 0xc5, 0x10, 0xe5, 0x10, 0xc4, 0x08, 0xc5, 0x10, 0xc5, 0x10,
    0xe5, 0x10, 0xc5, 0x08, 0xe5, 0x10, 0xc4, 0x10, 0xc5, 0x10, 0xc4, 0x10,
    0xc4, 0x10, 0xe5, 0x10, 0xe5, 0x10, 0xc4, 0x10, 0xc5, 0x10, 0xc5, 0x10,
    0xe5, 0x08, 0xe5, 0x10, 0xc5, 0x10, 0xc4, 0x08, 0xc5, 0x10, 0xc5, 0x10,
    0xe5, 0x10, 0xc5, 0x10, 0xc5, 0x08, 0xc4, 0x10, 0xe5, 0x10, 0xc5, 0x10,
    0xc5, 0x10, 0xc5, 0x10, 0xe4, 0x10, 0xc5, 0x10, 0xc5, 0x10, 0xc5, 0x10,
    0xc5, 0x10, 0xc4, 0x08, 0xc5, 0x10, 0xc5, 0x10, 0xc4, 0x10, 0xc5, 0x08,
    0xe5, 0x10, 0xe4, 0x10, 0xc5, 0x10, 0xc5, 0x10, 0xe5, 0x10, 0xc5, 0x10,
    0xc5, 0x10, 0xc5, 0x10, 0xc5, 0x10, 0xe5, 0x10, 0xc5, 0x08, 0xe5, 0x10,
    0xc4, 0x10, 0xc5, 0x10, 0xe5, 0x10, 0xc5, 0x10, 0xc4, 0x10, 0xc5, 0x10,
    0xc5, 0x10, 0xc5, 0x10, 0xc5, 0x10, 0xc4, 0x08, 0xc5, 0x10, 0xc5, 0x10,
    0xc5, 0x10, 0xc4, 0x10, 0xe5, 0x10, 0xc5, 0x10, 0xc4, 0x10, 0xc5, 0x10,
    0xc5, 0x10, 0xc5, 0x10, 0xe5, 0x10, 0xc5, 0x08, 0xc5, 0x10, 0xc5, 0x10,
    0xc5, 0x10, 0xc4, 0x08, 0xe5, 0x10, 0xc5, 0x10, 0xc5, 0x10, 0xc5, 0x10,
    0xe5, 0x10, 0xc5, 0x10, 0xc5, 0x10, 0xc5, 0x08, 0xe4, 0x10, 0xc5, 0x10,
    0xc5, 0x10, 0xe5, 0x10, 0xc4, 0x08, 0xc5, 0x10, 0xe5, 0x10, 0xc5, 0x10,
    0xc4, 0x10, 0xc5, 0x10, 0xc5, 0x08, 0xc4, 0x10, 0xe5, 0x10, 0xe5, 0x10,
    0xc5, 0x10, 0xc5, 0x10, 0xc5, 0x08, 0xc5, 0x10, 0xc5, 0x10, 0xc5, 0x10,
    0xe4, 0x10, 0xe5, 0x10, 0xc5, 0x08, 0xe4, 0x10, 0xc5, 0x10, 0xc5, 0x10,
    0xe5, 0x10, 0xc5, 0x10, 0xc5, 0x10, 0xc5, 0x10, 0xc5, 0x10, 0xe5, 0x10,
    0xc4, 0x10, 0xc5, 0x10, 0xc5, 0x10, 0xc5, 0x10, 0xc5, 0x10, 0xc5, 0x10,
    0xc5, 0x10, 0xc5, 0x10, 0xe4, 0x10, 0xc5, 0x10, 0xc4, 0x10, 0xe5, 0x10,
    0xc5, 0x10, 0xc5, 0x10, 0xc5, 0x08, 0xc4, 0x10, 0xe5, 0x10, 0xc5, 0x10,
    0xc4, 0x10, 0xc5, 0x10, 0xc5, 0x10, 0xc5, 0x08, 0xc5, 0x10, 0xc5, 0x10,
    0xe4, 0x10, 0xc5, 0x10, 0xc5, 0x10, 0xc5, 0x08, 0xc5, 0x10, 0xe5, 0x10,
    0xe5, 0x10, 0xc4, 0x10, 0xc5, 0x10, 0xc5, 0x10, 0xc5, 0x10, 0xe5, 0x08,
    0xc4, 0x10, 0xe4, 0x10, 0xc5, 0x10, 0xc5, 0x10, 0xe4, 0x10, 0xc5, 0x10,
    0xc5, 0x10, 0xc5, 0x10, 0xc4, 0x10, 0xc4, 0x10, 0xc5, 0x10, 0xc5, 0x10,
    0xc5, 0x10, 0xe5, 0x08, 0xc5, 0x10, 0xc5, 0x10, 0xc5, 0x10, 0xe5, 0x08,
    0xc5, 0x10, 0xc5, 0x10, 0xc5, 0x10, 0xc5, 0x08, 0xc5, 0x10, 0xc5, 0x10,
    0xc5, 0x10, 0xe5, 0x10, 0xc5, 0x10, 0xc5, 0x10, 0xe4, 0x08, 0xc5, 0x10,
    0xe5, 0x10, 0xc5, 0x10, 0xc4, 0x08, 0xe5, 0x10, 0xc5, 0x10, 0xc5, 0x10,
    0xc4, 0x10, 0xc5, 0x10, 0xc5, 0x10, 0xc5, 0x10, 0xe5, 0x10, 0xc5, 0x10,
    0xc5, 0x10, 0xc5, 0x10, 0xc4, 0x10, 0xc5, 0x10, 0xc5, 0x10, 0xc5, 0x10,
    0xe5, 0x10, 0xc4, 0x10, 0xc5, 0x10, 0xc5, 0x08, 0xc5, 0x10, 0xe5, 0x10,
    0xc4, 0x10, 0xc5, 0x10, 0xc5, 0x10, 0xc5, 0x10, 0xe5, 0x10, 0xc4, 0x10,
    0xc5, 0x10, 0xc4, 0x10, 0xc5, 0x10, 0xc5, 0x10, 0xc5, 0x10, 0xe4, 0x10,
    0xc5, 0x10, 0xc5, 0x08, 0xe5, 0x10, 0xc5, 0x10, 0xc5, 0x10, 0xc5, 0x08,
    0xc4, 0x10, 0xe5, 0x10, 0xc5, 0x10, 0xc4, 0x10, 0xc5, 0x10, 0xe5, 0x10,
    0xc5, 0x08, 0xc5, 0x10, 0xe5, 0x10, 0xc5, 0x08, 0xc4, 0x10, 0xc5, 0x10,
    0xe5, 0x08, 0xe5, 0x10, 0xc4, 0x10, 0xc5, 0x10, 0xc5, 0x10, 0xe5, 0x10,
    0xc4, 0x10, 0xc4, 0x10, 0xc5, 0x10, 0xe5, 0x10, 0xc5, 0x10, 0xe5, 0x10,
    0xe5, 0x10, 0xc5, 0x08, 0xc4, 0x10, 0xc5, 0x10, 0xe5, 0x10, 0xc5, 0x10,
    0xc5, 0x10, 0xc5, 0x10, 0xc5, 0x10, 0xc5, 0x10, 0xc5, 0x10, 0xc5, 0x08,
    0xe4, 0x10, 0xc5, 0x10, 0xc4, 0x10, 0xe5, 0x10, 0xc5, 0x10, 0xc5, 0x10,
    0xc5, 0x08, 0xc4, 0x10, 0xe5, 0x10, 0xc5, 0x08, 0xc4, 0x10, 0xc4, 0x10,
    0xc5, 0x10, 0xe5, 0x10, 0xc4, 0x10, 0xc5, 0x10, 0xe5, 0x10, 0xc4, 0x10,
    0xc5, 0x10, 0xc5, 0x10, 0xc5, 0x08, 0xe5, 0x10, 0xc4, 0x10, 0xc5, 0x10,
    0xc5, 0x10, 0xe4, 0x10, 0xc5, 0x08, 0xc5, 0x10, 0xe4, 0x10, 0xc5, 0x10,
    0xe5, 0x10, 0xc4, 0x08, 0xc5, 0x10, 0xc5, 0x10, 0xe5, 0x10, 0xc5, 0x10,
    0xc5, 0x08, 0xe5, 0x10, 0xc4, 0x10, 0xc5, 0x10, 0xe5, 0x10, 0xe5, 0x08,
    0xc4, 0x10, 0xc5, 0x10, 0xc5, 0x08, 0xc5, 0x10, 0xc5, 0x10, 0xc5, 0x10,
    0xc5, 0x08, 0xe4, 0x10, 0xc4, 0x10, 0xc5, 0x10, 0xe5, 0x10, 0xe5, 0x10,
    0xc5, 0x10, 0xc5, 0x10, 0xc4, 0x10, 0xe5, 0x10, 0xc4, 0x10, 0xc5, 0x10,
    0xc5, 0x08, 0xc5, 0x10, 0xc5, 0x10, 0xe5, 0x10, 0xc5, 0x10, 0xc4, 0x10,
    0xe5, 0x08, 0xc4, 0x10, 0xe5, 0x10, 0xc5, 0x10, 0xc5, 0x10, 0xc4, 0x10,
    0xc5, 0x10, 0xc5, 0x10, 0xc4, 0x10, 0xe5, 0x10, 0xc5, 0x10, 0xc5, 0x10,
    0xc4, 0x10, 0xc4, 0x10, 0xe5, 0x10, 0xc4, 0x10, 0xc4, 0x10, 0xc5, 0x08,
    0xc5, 0x10, 0xc5, 0x10, 0xc5, 0x10, 0xc5, 0x10, 0xe5, 0x10, 0xc4, 0x08,
    0xc5, 0x10, 0xc4, 0x10, 0xc5, 0x08, 0xe5, 0x10, 0xe4, 0x10, 0xc4, 0x08,
    0xc5, 0x10, 0xc4, 0x10, 0xe4, 0x10, 0xc5, 0x10, 0xc5, 0x10, 0xe4, 0x08,
    0xc5, 0x10, 0xc5, 0x10, 0xc5, 0x10, 0xe5, 0x08, 0xc5, 0x10, 0xc5, 0x10,
    0xc5, 0x10, 0xc4, 0x10, 0xc5, 0x10, 0xc5, 0x10, 0xc4, 0x10, 0xc5, 0x10,
    0xc5, 0x10, 0xe4, 0x08, 0xc5, 0x10, 0xc5, 0x10, 0xe5, 0x10, 0xc4, 0x10,
    0xc5, 0x08, 0xe5, 0x10, 0xc5, 0x10, 0xe4, 0x10, 0xc4, 0x10, 0xc5, 0x10,
    0xc5, 0x10, 0xc4, 0x10, 0xc5, 0x10, 0xe5, 0x08, 0xc5, 0x10, 0xc5, 0x10,
    0xc5, 0x10, 0xc5, 0x10, 0xc5, 0x08, 0xe5, 0x10, 0xc5, 0x10, 0xc5, 0x08,
    0xc5, 0x10, 0xe4, 0x10, 0xe5, 0x10, 0xc5, 0x10, 0xc5, 0x10, 0xc5, 0x08,
    0xe5, 0x10, 0xc4, 0x10, 0xc4, 0x10, 0xc5, 0x10, 0xe5, 0x10, 0xc4, 0x10,
    0xc5, 0x10, 0xc5, 0x10, 0xe5, 0x10, 0xc5, 0x10, 0xc4, 0x10, 0xc5, 0x08,
    0xc5, 0x10, 0xe4, 0x10, 0xc5, 0x10, 0xc5, 0x10, 0xc4, 0x10, 0xc5, 0x10,
    0xc5, 0x10, 0xe5, 0x10, 0xc5, 0x10, 0xc5, 0x10, 0xc5, 0x08, 0xc4, 0x10,
    0xe5, 0x10, 0xc5, 0x08, 0xc5, 0x10, 0xe4, 0x10, 0xc4, 0x10, 0xc5, 0x08,
    0xc5, 0x10, 0xe4, 0x10, 0xe5, 0x08, 0xc5, 0x10, 0xc4, 0x10, 0xe5, 0x10,
    0xc5, 0x10, 0xc5, 0x10, 0xc5, 0x08, 0xc5, 0x10, 0xe5, 0x10, 0xc5, 0x10,
    0xc5, 0x10, 0xc4, 0x10, 0xc5, 0x10, 0xc5, 0x08, 0xc4, 0x10, 0xc5, 0x10,
    0xe5, 0x10, 0xc5, 0x10, 0xe5, 0x10, 0xc4, 0x10, 0xc5, 0x08, 0xc5, 0x10,
    0xc4, 0x10, 0xc5, 0x10, 0xe4, 0x10, 0xc4, 0x10, 0xc5, 0x10, 0xc5, 0x10,
    0xe5, 0x10, 0xc4, 0x10, 0xc5, 0x10, 0xc5, 0x10, 0xe5, 0x10, 0xc5, 0x10,
    0xc5, 0x10, 0xe5, 0x10, 0xc4, 0x10, 0xc4, 0x10, 0xe5, 0x10, 0xc5, 0x10,
    0xc5, 0x10, 0xc4, 0x10, 0xc5, 0x10, 0xc5, 0x10, 0xe5, 0x10, 0xc4, 0x10,
    0xc5, 0x08, 0xc5, 0x10, 0xc5, 0x10, 0xc5, 0x10, 0xc5, 0x08, 0xc5, 0x10,
    0xc5, 0x10, 0xc5, 0x10, 0xc5, 0x10, 0xc5, 0x10, 0xc5, 0x10, 0xe4, 0x08,
    0xc4, 0x10, 0xc5, 0x10, 0xc4, 0x10, 0xe5, 0x10, 0xe5, 0x10, 0xc4, 0x10,
    0xc5, 0x10, 0xc5, 0x10, 0xe5, 0x10, 0xc5, 0x10, 0xc5, 0x08, 0xc4, 0x10,
    0xe5, 0x10, 0xc5, 0x10, 0xc5, 0x10, 0xc5, 0x10, 0xc5, 0x10, 0xe5, 0x08,
    0xe5, 0x10, 0xc5, 0x10, 0xc5, 0x10, 0xc5, 0x08, 0xe5, 0x10, 0xc5, 0x10,
    0xc5, 0x10, 0xc5, 0x10, 0xe4, 0x10, 0xc5, 0x10, 0xc5, 0x10, 0xc4, 0x08,
    0xe5, 0x10, 0xc5, 0x10, 0xc4, 0x10, 0xc5, 0x10, 0xc5, 0x10, 0xc5, 0x10,
    0xc5, 0x10, 0xc5, 0x10, 0xe5, 0x10, 0xc4, 0x10, 0xc5, 0x08, 0xe5, 0x10,
    0xc4, 0x10, 0xe4, 0x10, 0xc5, 0x10, 0xc5, 0x10, 0xc5, 0x10, 0xc4, 0x10,
    0xc5, 0x10, 0xe5, 0x10, 0xe5, 0x10, 0xc4, 0x10, 0xe4, 0x10, 0xe5, 0x10,
    0xc5, 0x10, 0xc5, 0x10, 0xc5, 0x10, 0xc4, 0x10, 0xc5, 0x10, 0xc4, 0x10,
    0xe4, 0x10, 0xc5, 0x10, 0xc5, 0x10, 0xc5, 0x08, 0xe5, 0x10, 0xc4, 0x10,
    0xc5, 0x10, 0xe4, 0x10, 0xc4, 0x10, 0xc5, 0x10, 0xc5, 0x10, 0xe5, 0x10,
    0xc5, 0x10, 0xc5, 0x10, 0xc5, 0x10, 0xc5, 0x10, 0xc4, 0x10, 0xc5, 0x08,
    0xe5, 0x10, 0xe5, 0x10, 0xc5, 0x10, 0xc5, 0x10, 0xc4, 0x10, 0xc5, 0x08,
    0xc5, 0x10, 0xe5, 0x10, 0xc5, 0x10, 0xc5, 0x10, 0xe5, 0x10, 0xc4, 0x10,
    0xe5, 0x10, 0xc4, 0x10, 0xc5, 0x10, 0xe4, 0x10, 0xc5, 0x10, 0xc5, 0x10,
    0xe5, 0x10, 0xc5, 0x10, 0xe4, 0x10, 0xc5, 0x10, 0xc5, 0x10, 0xc5, 0x10,
    0xc5, 0x10, 0xe5, 0x08, 0xc5, 0x10, 0xc5, 0x10, 0xe4, 0x10, 0xc5, 0x10,
    0xc5, 0x10, 0xc4, 0x10, 0xe5, 0x10, 0xc5, 0x10, 0xc4, 0x10, 0xc5, 0x10,
    0xe4, 0x08, 0xc5, 0x10, 0xe5, 0x10, 0xc4, 0x10, 0xe5, 0x08, 0xc5, 0x10,
    0xc5, 0x10, 0xe5, 0x10, 0xc4, 0x10, 0xc5, 0x10, 0xe5, 0x10, 0xc4, 0x10,
    0xc5, 0x10, 0xc5, 0x10, 0xc5, 0x10, 0xc5, 0x10, 0xe5, 0x10, 0xc5, 0x10,
    0xc4, 0x08, 0xc5, 0x10, 0xe5, 0x10, 0xc5, 0x10, 0xc4, 0x10, 0xc5, 0x10,
    0xe4, 0x10, 0xc5, 0x10, 0xc5, 0x10, 0xc4, 0x10, 0xc5, 0x10, 0xc5, 0x10,
    0xe4, 0x10, 0xc5, 0x10, 0xc5, 0x08, 0xe5, 0x10, 0xc4, 0x10, 0xe5, 0x10,
    0xc4, 0x10, 0xc5, 0x10, 0xc5, 0x10, 0xe5, 0x08, 0xc4, 0x10, 0xc5, 0x10,
    0xc5, 0x10, 0xe5, 0x08, 0xc4, 0x10, 0xe4, 0x10, 0xc5, 0x10, 0xe4, 0x10,
    0xc5, 0x10, 0xc5, 0x10, 0xc4, 0x08, 0xe5, 0x10, 0xc5, 0x10, 0xc5, 0x10,
    0xe5, 0x08, 0xc4, 0x10, 0xc4, 0x10, 0xc5, 0x10, 0xe5, 0x10, 0xc5, 0x10,
    0xc5, 0x10, 0xc5, 0x10, 0xc4, 0x10, 0xc5, 0x10, 0xc5, 0x10, 0xe4, 0x10,
    0xc5, 0x10, 0xc5, 0x10, 0xc5, 0x10, 0xc5, 0x10, 0xe5, 0x10, 0xc4, 0x08,
    0xc5, 0x10, 0xe5, 0x10, 0xe4, 0x10, 0xc5, 0x10, 0xc4, 0x10, 0xc4, 0x10,
    0xc5, 0x08, 0xe5, 0x10, 0xe5, 0x10, 0xc5, 0x10, 0xc4, 0x10, 0xe5, 0x10,
    0xc5, 0x10, 0xc5, 0x08, 0xc4, 0x10, 0xe5, 0x10, 0xc5, 0x10, 0xc5, 0x10,
    0xe5, 0x10, 0xc5, 0x10, 0xc5, 0x10, 0xc5, 0x10, 0xc4, 0x10, 0xe5, 0x10,
    0xc4, 0x10, 0xc5, 0x10, 0xe5, 0x08, 0xc4, 0x10, 0xc5, 0x10, 0xc4, 0x08,
    0xc4, 0x10, 0xc5, 0x10, 0xc5, 0x10, 0xc5, 0x10, 0xc5, 0x10, 0xc5, 0x10,
    0xc4, 0x10, 0xc5, 0x10, 0xc5, 0x10, 0xe5, 0x08, 0xc4, 0x10, 0xc5, 0x10,
    0xc5, 0x10, 0xe5, 0x10, 0xe4, 0x10, 0xc5, 0x10, 0xc4, 0x10, 0xe4, 0x10,
    0xc5, 0x10, 0xc4, 0x10, 0xe5, 0x10, 0xc5, 0x08, 0xc4, 0x10, 0xc5, 0x10,
    0xc5, 0x10, 0xe5, 0x10, 0xc5, 0x08, 0xc4, 0x10, 0xc5, 0x10, 0xc5, 0x10,
    0xe5, 0x10, 0xc5, 0x10, 0xc4, 0x08, 0xc5, 0x10, 0xc5, 0x10, 0xe5, 0x10,
    0xc4, 0x10, 0xe5, 0x10, 0xc5, 0x10, 0xc5, 0x10, 0xe4, 0x10, 0xc5, 0x10,
    0xc5, 0x10, 0xc4, 0x10, 0xe5, 0x10, 0xc5, 0x10, 0xc4, 0x10, 0xc5, 0x10,
    0xc5, 0x08, 0xe4, 0x10, 0xc5, 0x10, 0xc5, 0x10, 0xc4, 0x10, 0xe5, 0x10,
    0xc5, 0x10, 0xc5, 0x10, 0xc5, 0x10, 0xe4, 0x10, 0xc5, 0x10, 0xc5, 0x08,
    0xc4, 0x10, 0xc5, 0x10, 0xc5, 0x10, 0xc5, 0x10, 0xc4, 0x10, 0xc5, 0x10,
    0xc5, 0x10, 0xc5, 0x10, 0xc5, 0x08, 0xe5, 0x10, 0xc4, 0x10, 0xc5, 0x10,
    0xc5, 0x10, 0xc5, 0x10, 0xc4, 0x10, 0xc5, 0x10, 0xc5, 0x10, 0xc5, 0x08,
    0xe4, 0x10, 0xc5, 0x10, 0xc5, 0x10, 0xe5, 0x08, 0xc5, 0x10, 0xc5, 0x10,
    0xc5, 0x08, 0xe5, 0x10, 0xc5, 0x10, 0xc4, 0x10, 0xc5, 0x10, 0xe5, 0x10,
    0xc5, 0x10, 0xc5, 0x10, 0xe5, 0x10, 0xc5, 0x08, 0xc4, 0x10, 0xc5, 0x10,
    0xc5, 0x10, 0xc4, 0x10, 0xc5, 0x10, 0xe5, 0x08, 0xe4, 0x10, 0xc5, 0x10,
    0xc5, 0x10, 0xc5, 0x10, 0xe4, 0x08, 0xc5, 0x10, 0xe5, 0x10, 0xc4, 0x10,
    0xe5, 0x10, 0xc5, 0x08, 0xc5, 0x10, 0xe5, 0x10, 0xc5, 0x08, 0xc5, 0x10,
    0xc5, 0x10, 0xe5, 0x08, 0xc4, 0x10, 0xc5, 0x10, 0xc5, 0x08, 0xc5, 0x10,
    0xc4, 0x10, 0xc5, 0x08, 0xc5, 0x10, 0xc4, 0x10, 0xc5, 0x10, 0xc5, 0x10,
    0xe5, 0x10, 0xc5, 0x10, 0xc5, 0x10, 0xe5, 0x08, 0xc5, 0x10, 0xc5, 0x10,
    0xc5, 0x10, 0xc5, 0x10, 0xc4, 0x10, 0xc5, 0x10, 0xc5, 0x10, 0xe5, 0x10,
    0xc5, 0x10, 0xc5, 0x10, 0xc5, 0x10, 0xe5, 0x10, 0xc5, 0x10, 0xe5, 0x10,
    0xc4, 0x10, 0xc5, 0x10, 0xc5, 0x10, 0xe4, 0x10, 0xc5, 0x08, 0xc5, 0x10,
    0xc5, 0x10, 0xe4, 0x10, 0xc5, 0x08, 0xc5, 0x10, 0xc5, 0x10, 0xc5, 0x10,
    0xe5, 0x10, 0xe5, 0x10, 0xc5, 0x10, 0xc4, 0x10, 0xc5, 0x10, 0xe5, 0x10,
    0xc5, 0x08, 0xe4, 0x10, 0xc5, 0x10, 0xc5, 0x10, 0xe4, 0x10, 0xc5, 0x10,
    0xc5, 0x10, 0xc5, 0x10, 0xc5, 0x10, 0xc4, 0x10, 0xc5, 0x10, 0xc5, 0x10,
    0xc5, 0x10, 0xc5, 0x10, 0xe5, 0x10, 0xc4, 0x10, 0xc5, 0x10, 0xc5, 0x10,
    0xe5, 0x10, 0xc4, 0x10, 0xc5, 0x10, 0xc5, 0x10, 0xc5, 0x10, 0xc5, 0x10,
    0xe4, 0x10, 0xc5, 0x10, 0xc5, 0x10, 0xc4, 0x10, 0xe5, 0x10, 0xc4, 0x10,
    0xc5, 0x10, 0xc5, 0x10, 0xe5, 0x10, 0xc5, 0x10, 0xc4, 0x10, 0xe4, 0x10,
    0xc5, 0x10, 0xc5, 0x10, 0xe5, 0x10, 0xe5, 0x08, 0xc5, 0x10, 0xc5, 0x10,
    0xe5, 0x10, 0xc5, 0x10, 0xc4, 0x10, 0xe5, 0x10, 0xc4, 0x10, 0xc5, 0x10,
    0xc5, 0x10, 0xc4, 0x10, 0xc5, 0x10, 0xe5, 0x10, 0xc5, 0x10, 0xe5, 0x10,
    0xc5, 0x10, 0xc5, 0x10, 0xc4, 0x10, 0xe5, 0x10, 0xc5, 0x10, 0xc5, 0x08,
    0xc5, 0x10, 0xc4, 0x10, 0xe5, 0x10, 0xc5, 0x10, 0xc5, 0x10, 0xe4, 0x10,
    0xc5, 0x10, 0xe4, 0x08, 0xc5, 0x10, 0xc5, 0x10, 0xe5, 0x08, 0xc5, 0x10,
    0xc5, 0x10, 0xc5, 0x10, 0xc5, 0x10, 0xc5, 0x10, 0xe5, 0x10, 0xc5, 0x10,
    0xc5, 0x10, 0xe5, 0x10, 0xc4, 0x10, 0xc5, 0x08, 0xe5, 0x10, 0xc4, 0x10,
    0xe5, 0x08, 0xe5, 0x10, 0xc5, 0x10, 0xc4, 0x10, 0xc5, 0x10, 0xe5, 0x10,
    0xc5, 0x10, 0xc4, 0x10, 0xc5, 0x08, 0xc5, 0x10, 0xe5, 0x10, 0xc5, 0x10,
    0xc5, 0x08, 0xc5, 0x10, 0xe4, 0x10, 0xc5, 0x10, 0xe5, 0x10, 0xc5, 0x10,
    0xc5, 0x10, 0xc5, 0x10, 0xe4, 0x10, 0xc5, 0x10, 0xc4, 0x10, 0xc5, 0x08,
    0xc5, 0x10, 0xc4, 0x10, 0xc5, 0x10, 0xe4, 0x10, 0xe5, 0x10, 0xc4, 0x10,
    0xc5, 0x10, 0xc5, 0x10, 0xe4, 0x08, 0xc4, 0x10, 0xc5, 0x10, 0xc5, 0x10,
    0xc4, 0x10, 0xc5, 0x10, 0xc5, 0x08, 0xe4, 0x10, 0xc5, 0x10, 0xc5, 0x10,
    0xe4, 0x10, 0xc5, 0x10, 0xc5, 0x10, 0xc5, 0x10, 0xe5, 0x08, 0xc5, 0x10,
    0xc4, 0x10, 0xe4, 0x10, 0xc5, 0x08, 0xc5, 0x10, 0xe4, 0x10, 0xc5, 0x10,
    0xe5, 0x10, 0xe4, 0x08, 0xc5, 0x10, 0xc4, 0x10, 0xe5, 0x10, 0xc5, 0x10,
    0xc4, 0x10, 0xe5, 0x10, 0xc5, 0x10, 0xc4, 0x10, 0xe5, 0x10, 0xc5, 0x08,
    0xe5, 0x10, 0xc4, 0x10, 0xc5, 0x08, 0xe5, 0x10, 0xc5, 0x10, 0xc4, 0x10,
    0xc5, 0x10, 0xe4, 0x10, 0xc5, 0x10, 0xc5, 0x10, 0xe4, 0x10, 0xc5, 0x10,
    0xc5, 0x10, 0xc5, 0x10, 0xc4, 0x10, 0xe5, 0x10, 0xc5, 0x10, 0xc5, 0x08,
    0xc5, 0x10, 0xc4, 0x10, 0xc5, 0x10, 0xe5, 0x10, 0xc5, 0x10, 0xc4, 0x10,
    0xe5, 0x08, 0xc5, 0x10, 0xe4, 0x10, 0xc5, 0x10, 0xc5, 0x10, 0xc5, 0x10,
    0xc5, 0x10, 0xc4, 0x10, 0xc5, 0x10, 0xc5, 0x10, 0xc5, 0x10, 0xe5, 0x10,
    0xc4, 0x10, 0xc5, 0x10, 0xc4, 0x10, 0xc4, 0x10, 0xc5, 0x10, 0xc5, 0x10,
    0xc5, 0x10, 0xc5, 0x10, 0xc5, 0x10, 0xc5, 0x10, 0xe5, 0x10, 0xc4, 0x10,
    0xe5, 0x10, 0xc5, 0x10, 0xc5, 0x10, 0xe5, 0x10, 0xc4, 0x08, 0xe5, 0x10,
    0xc5, 0x10, 0xc4, 0x10, 0xc4, 0x10, 0xc5, 0x10, 0xc4, 0x10, 0xc5, 0x10,
    0xc5, 0x10, 0xc5, 0x10, 0xe5, 0x10, 0xc5, 0x08, 0xc4, 0x10, 0xe5, 0x10,
    0xc5, 0x10, 0xc4, 0x10, 0xc5, 0x08, 0xc4, 0x10, 0xc5, 0x10, 0xc5, 0x10,
    0xe4, 0x10, 0xc5, 0x08, 0xc5, 0x10, 0xc5, 0x10, 0xc4, 0x10, 0xc5, 0x10,
    0xe5, 0x10, 0xc4, 0x10, 0xc5, 0x10, 0xe4, 0x10, 0xc4, 0x08, 0xc5, 0x10,
    0xc4, 0x10, 0xc5, 0x10, 0xc5, 0x10, 0xc4, 0x08, 0xe5, 0x10, 0xc5, 0x10,
    0xc5, 0x10, 0xc5, 0x10, 0xc4, 0x10, 0xe5, 0x10, 0xc5, 0x08, 0xc5, 0x10,
    0xc4, 0x10, 0xe5, 0x08, 0xc5, 0x10, 0xc5, 0x10, 0xc5, 0x10, 0xe5, 0x08,
    0xc4, 0x10, 0xc5, 0x10, 0xe5, 0x08, 0xc5, 0x10, 0xc5, 0x10, 0xe5, 0x08,
    0xc4, 0x10, 0xc5, 0x10, 0xc5, 0x10, 0xc5, 0x08, 0xc5, 0x10, 0xc5, 0x10,
    0xc5, 0x10, 0xe5, 0x08, 0xc5, 0x10, 0xe5, 0x10, 0xc5, 0x10, 0xc5, 0x08,
    0xe4, 0x10, 0xc5, 0x10, 0xc5, 0x10, 0xe5, 0x08, 0xc5, 0x10, 0xc5, 0x10,
    0xe5, 0x08, 0xc4, 0x10, 0xc4, 0x10, 0xc5, 0x10, 0xc5, 0x10, 0xc5, 0x08,
    0xc5, 0x10, 0xe4, 0x10, 0xc5, 0x08, 0xc5, 0x10, 0xc5, 0x10, 0xc5, 0x10,
    0xe4, 0x10, 0xc5, 0x10, 0xc5, 0x08, 0xc5, 0x10, 0xc4, 0x10, 0xc5, 0x08,
    0xe5, 0x10, 0xc4, 0x10, 0xc5, 0x08, 0xc4, 0x10, 0xc5, 0x10, 0xc5, 0x10,
    0xe4, 0x10, 0xc5, 0x10, 0xc5, 0x10, 0xc5, 0x10, 0xe4, 0x08, 0xc5, 0x10,
    0xc5, 0x10, 0xc5, 0x10, 0xc4, 0x10, 0xc5, 0x10, 0xe5, 0x10, 0xc5, 0x10,
    0xc4, 0x10, 0xc5, 0x08, 0xe5, 0x10, 0xc4, 0x10, 0xc5, 0x10, 0xe5, 0x10,
    0xc5, 0x10, 0xc5, 0x08, 0xc4, 0x10, 0xe5, 0x10, 0xc5, 0x10, 0xc4, 0x10,
    0xc5, 0x10, 0xc5, 0x10, 0xc4, 0x10, 0xe5, 0x10, 0xc5, 0x10, 0xc5, 0x10,
    0xe5, 0x08, 0xc5, 0x10, 0xc5, 0x10, 0xc4, 0x10, 0xc5, 0x10, 0xc5, 0x10,
    0xc5, 0x10, 0xe4, 0x10, 0xc5, 0x10, 0xc5, 0x10, 0xc5, 0x10, 0xe4, 0x10,
    0xc5, 0x08, 0xe4, 0x10, 0xc5, 0x10, 0xc5, 0x10, 0xe5, 0x10, 0xe5, 0x10,
    0xc4, 0x10, 0xc5, 0x10, 0xe5, 0x10, 0xc5, 0x10, 0xc5, 0x10, 0xc5, 0x10,
    0xc5, 0x08, 0xc5, 0x10, 0xc5, 0x10, 0xc5, 0x10, 0xc5, 0x10, 0xe4, 0x08,
    0xe5, 0x10, 0xc5, 0x10, 0xc4, 0x10, 0xc5, 0x10, 0xc5, 0x08, 0xc4, 0x10,
    0xe5, 0x10, 0xc5, 0x08, 0xc5, 0x10, 0xe5, 0x10, 0xc4, 0x10, 0xc5, 0x10,
    0xc5, 0x10, 0xc5, 0x10, 0xe5, 0x10, 0xc5, 0x10, 0xc5, 0x10, 0xc4, 0x10,
    0xc5, 0x10, 0xc5, 0x10, 0xe5, 0x10, 0xc5, 0x10, 0xc5, 0x08, 0xe5, 0x10,
    0xc5, 0x10, 0xc5, 0x08, 0xc4, 0x10, 0xc5, 0x10, 0xc5, 0x10, 0xc5, 0x10,
    0xc4, 0x10, 0xe5, 0x10, 0xc5, 0x10, 0xc5, 0x10, 0xe4, 0x10, 0xc5, 0x10,
    0xc5, 0x10, 0xc5, 0x08, 0xc5, 0x10, 0xe4, 0x10, 0xc5, 0x08, 0xc5, 0x10,
    0xe4, 0x10, 0xc4, 0x08, 0xc5, 0x10, 0xe5, 0x10, 0xc5, 0x10, 0xc4, 0x10,
    0xe4, 0x10, 0xe5, 0x08, 0xc5, 0x10, 0xc5, 0x10, 0xc4, 0x10, 0xe5, 0x10,
    0xc5, 0x10, 0xc4, 0x10, 0xc5, 0x10, 0xc5, 0x10, 0xc4, 0x10, 0xe5, 0x10,
    0xe5, 0x10, 0xc4, 0x08, 0xc5, 0x10, 0xc4, 0x10, 0xc5, 0x08, 0xc5, 0x10,
    0xc5, 0x10, 0xc5, 0x10, 0xe5, 0x10, 0xc5, 0x10, 0xc4, 0x10, 0xe5, 0x10,
    0xe4, 0x10, 0xc4, 0x10, 0xc5, 0x10, 0xe5, 0x10, 0xc4, 0x10, 0xc5, 0x10,
    0xc5, 0x10, 0xe4, 0x10, 0xc5, 0x10, 0xc5, 0x10, 0xc5, 0x10, 0xc5, 0x10,
    0xe4, 0x08, 0xc5, 0x10, 0xe5, 0x10, 0xc5, 0x10, 0xc5, 0x10, 0xe4, 0x10,
    0xc5, 0x10, 0xc4, 0x10, 0xc5, 0x10, 0xe5, 0x10, 0xc4, 0x10, 0xc5, 0x10,
    0xc4, 0x08, 0xe5, 0x10, 0xe5, 0x10, 0xc5, 0x10, 0xc4, 0x10, 0xc5, 0x08,
    0xc5, 0x10, 0xc5, 0x10, 0xc5, 0x10, 0xe5, 0x10, 0xc5, 0x10, 0xc5, 0x10,
    0xc5, 0x08, 0xc5, 0x10, 0xc5, 0x10, 0xe5, 0x10, 0xc5, 0x10, 0xe5, 0x10,
    0xc5, 0x08, 0xc4, 0x10, 0xc5, 0x10, 0xc5, 0x10, 0xe5, 0x10, 0xc4, 0x10,
    0xc4, 0x10, 0xc5, 0x10, 0xe5, 0x08, 0xc5, 0x10, 0xc5, 0x10, 0xc4, 0x10,
    0xe5, 0x10, 0xc5, 0x10, 0xc4, 0x10, 0xe4, 0x10, 0xe5, 0x10, 0xc5, 0x10,
    0xe5, 0x10, 0xc4, 0x10, 0xc5, 0x10, 0xc4, 0x10, 0xc5, 0x10, 0xc5, 0x10,
    0xc4, 0x10, 0xe5, 0x10, 0xe5, 0x10, 0xc5, 0x10, 0xe4, 0x10, 0xe4, 0x10,
    0xc5, 0x10, 0xc5, 0x10, 0xc4, 0x10, 0xc5, 0x10, 0xc5, 0x10, 0xc5, 0x10,
    0xc5, 0x10, 0xc5, 0x10, 0xc4, 0x10, 0xc4, 0x10, 0xc5, 0x10, 0xc5, 0x10,
    0xc5, 0x10, 0xe5, 0x10, 0xc5, 0x10, 0xc4, 0x10, 0xe5, 0x10, 0xc4, 0x10,
    0xc4, 0x10, 0xc5, 0x10, 0xc5, 0x10, 0xc5, 0x10, 0xe4, 0x10, 0xc5, 0x08,
    0xc5, 0x10, 0xe5, 0x10, 0xc5, 0x10, 0xc4, 0x10, 0xc5, 0x10, 0xc5, 0x10,
    0xc4, 0x10, 0xe5, 0x10, 0xc5, 0x10, 0xc5, 0x10, 0xc5, 0x10, 0xe4, 0x10,
    0xc5, 0x10, 0xe5, 0x10, 0xc5, 0x08, 0xc4, 0x10, 0xc5, 0x10, 0xc5, 0x10,
    0xc5, 0x10, 0xc5, 0x10, 0xc5, 0x10, 0xe4, 0x08, 0xc5, 0x10, 0xc4, 0x10,
    0xc5, 0x10, 0xe5, 0x10, 0xc4, 0x10, 0xe5, 0x10, 0xc5, 0x08, 0xc4, 0x10,
    0xe4, 0x10, 0xc5, 0x10, 0xc5, 0x10, 0xc5, 0x10, 0xe5, 0x08, 0xc5, 0x10,
    0xc5, 0x10, 0xc5, 0x10, 0xe5, 0x10, 0xc5, 0x08, 0xc4, 0x10, 0xc5, 0x10,
    0xc4, 0x10, 0xc4, 0x10, 0xe5, 0x10, 0xc5, 0x10, 0xe4, 0x08, 0xc5, 0x10,
    0xc4, 0x10, 0xe5, 0x10, 0xc5, 0x10, 0xc5, 0x08, 0xc4, 0x10, 0xc5, 0x10,
    0xc5, 0x10, 0xc5, 0x10, 0xc5, 0x10, 0xc5, 0x08, 0xc5, 0x10, 0xc4, 0x10,
    0xe5, 0x10, 0xc5, 0x08, 0xc5, 0x10, 0xc5, 0x10, 0xc4, 0x08, 0xc5, 0x10,
    0xc5, 0x10, 0xe5, 0x10, 0xc4, 0x10, 0xc5, 0x10, 0xe5, 0x10, 0xc5, 0x10,
    0xc5, 0x10, 0xe5, 0x10, 0xc5, 0x10, 0xc5, 0x10, 0xe5, 0x10, 0xc5, 0x10,
    0xc5, 0x10, 0xc5, 0x10, 0xc4, 0x10, 0xe4, 0x10, 0xc5, 0x10, 0xc5, 0x10,
    0xe5, 0x08, 0xc5, 0x10, 0xc5, 0x10, 0xc4, 0x10, 0xc5, 0x08, 0xe5, 0x10,
    0xc5, 0x10, 0xc5, 0x10, 0xc5, 0x10, 0xc4, 0x10, 0xe5, 0x10, 0xc5, 0x10,
    0xc4, 0x10, 0xe5, 0x10, 0xc5, 0x10, 0xe5, 0x08, 0xc5, 0x10, 0xc4, 0x10,
    0xe5, 0x08, 0xc5, 0x10, 0xc5, 0x10, 0xc5, 0x08, 0xc5, 0x10, 0xc5, 0x10,
    0xe5, 0x10, 0xc5, 0x10, 0xc4, 0x10, 0xc5, 0x10, 0xc5, 0x10, 0xc5, 0x10,
    0xe5, 0x10, 0xc5, 0x10, 0xc5, 0x10, 0xc5, 0x08, 0xc4, 0x10, 0xc5, 0x10,
    0xc5, 0x10, 0xc5, 0x10, 0xc5, 0x10, 0xc4, 0x10, 0xe5, 0x08, 0xc5, 0x10,
    0xc5, 0x10, 0xc5, 0x10, 0xc5, 0x08, 0xe5, 0x10, 0xc5, 0x10, 0xc4, 0x08,
    0xc5, 0x10, 0xe5, 0x10, 0xc5, 0x10, 0xe5, 0x10, 0xe4, 0x10, 0xc5, 0x10,
    0xc5, 0x10, 0xe4, 0x08, 0xc5, 0x10, 0xe5, 0x10, 0xc5, 0x08, 0xc5, 0x10,
    0xc5, 0x10, 0xc5, 0x08, 0xe5, 0x10, 0xc4, 0x10, 0xc5, 0x08, 0xc5, 0x10,
    0xc5, 0x10, 0xc5, 0x08, 0xe4, 0x10, 0xc5, 0x10, 0xc5, 0x10, 0xc4, 0x10,
    0xc5, 0x10, 0xc5, 0x10, 0xc5, 0x10, 0xe5, 0x08, 0xc4, 0x10, 0xc5, 0x10,
    0xc5, 0x10, 0xc5, 0x10, 0xe4, 0x10, 0xc5, 0x10, 0xc5, 0x10, 0xc5, 0x10,
    0xc5, 0x10, 0xc5, 0x10, 0xc5, 0x10, 0xc4, 0x10, 0xe5, 0x10, 0xc5, 0x10,
    0xc4, 0x10, 0xe5, 0x10, 0xe4, 0x08, 0xc4, 0x10, 0xc5, 0x10, 0xe5, 0x10,
    0xe4, 0x10, 0xc4, 0x10, 0xc5, 0x10, 0xc5, 0x10, 0xc5, 0x10, 0xc5, 0x10,
    0xe4, 0x10, 0xc5, 0x10, 0xe5, 0x10, 0xc4, 0x10, 0xc5, 0x10, 0xc5, 0x08,
    0xc5, 0x10, 0xe5, 0x10, 0xc5, 0x10, 0xc5, 0x10, 0xc4, 0x10, 0xe5, 0x08,
    0xc5, 0x10, 0xc5, 0x10, 0xc5, 0x10, 0xc5, 0x08, 0xc4, 0x10, 0xc5, 0x10,
    0xc4, 0x10, 0xc5, 0x10, 0xc5, 0x10, 0xc5, 0x10, 0xe4, 0x10, 0xe5, 0x10,
    0xc5, 0x10, 0xc5, 0x08, 0xc5, 0x10, 0xc4, 0x10, 0xc5, 0x08, 0xc5, 0x10,
    0xc5, 0x10, 0xc4, 0x10, 0xc5, 0x10, 0xe5, 0x08, 0xc4, 0x10, 0xc4, 0x10,
    0xe5, 0x10, 0xc5, 0x08, 0xe5, 0x10, 0xc5, 0x10, 0xc4, 0x08, 0xe5, 0x10,
    0xc5, 0x10, 0xc4, 0x10, 0xc5, 0x08, 0xe5, 0x10, 0xc5, 0x10, 0xc5, 0x10,
    0xe5, 0x10, 0xc5, 0x10, 0xc5, 0x10, 0xe4, 0x10, 0xc5, 0x10, 0xc5, 0x10,
    0xc5, 0x10, 0xc4, 0x10, 0xe5, 0x10, 0xc5, 0x10, 0xe5, 0x08, 0xe5, 0x10,
    0xc4, 0x10, 0xc5, 0x10, 0xc5, 0x10, 0xe5, 0x10, 0xe4, 0x10, 0xc5, 0x08,
    0xc5, 0x10, 0xc5, 0x10, 0xc4, 0x10, 0xe5, 0x10, 0xc5, 0x10, 0xc4, 0x10,
    0xc4, 0x08, 0xe5, 0x10, 0xe5, 0x10, 0xc5, 0x10, 0xc5, 0x10, 0xc5, 0x08,
    0xe4, 0x10, 0xc5, 0x10, 0xc5, 0x10, 0xc4, 0x10, 0xc5, 0x10, 0xc5, 0x10,
    0xc5, 0x10, 0xe5, 0x10, 0xc4, 0x10, 0xe5, 0x10, 0xc4, 0x10, 0xc5, 0x10,
    0xe5, 0x10, 0xc4, 0x08, 0xc4, 0x10, 0xc5, 0x10, 0xc5, 0x10, 0xe5, 0x10,
    0xc5, 0x10, 0xe5, 0x10, 0xc5, 0x10, 0xc5, 0x10, 0xc5, 0x10, 0xe5, 0x10,
    0xc5, 0x10, 0xc5, 0x08, 0xc5, 0x10, 0xc4, 0x10, 0xe5, 0x10, 0xc5, 0x10,
    0xc5, 0x10, 0xe4, 0x10, 0xc5, 0x10, 0xe5, 0x10, 0xc4, 0x10, 0xc5, 0x10,
    0xc5, 0x10, 0xc5, 0x10, 0xc5, 0x10, 0xe4, 0x10, 0xc5, 0x10, 0xe5, 0x10,
    0xe4, 0x10, 0xc4, 0x10, 0xe5, 0x08, 0xc5, 0x10, 0xc5, 0x10, 0xc4, 0x10,
    0xc5, 0x10, 0xc5, 0x08, 0xe4, 0x10, 0xc5, 0x10, 0xc4, 0x10, 0xe5, 0x10,
    0xc5, 0x10, 0xc4, 0x10, 0xc5, 0x10, 0xc5, 0x10, 0xc5, 0x08, 0xc4, 0x10,
    0xe4, 0x10, 0xc5, 0x10, 0xc5, 0x10, 0xc4, 0x10, 0xe5, 0x10, 0xc5, 0x10,
    0xe5, 0x10, 0xc4, 0x08, 0xc4, 0x10, 0xc5, 0x10, 0xc4, 0x10, 0xc5, 0x10,
    0xc5, 0x10, 0xe4, 0x10, 0xc5, 0x10, 0xc5, 0x10, 0xe4, 0x10, 0xc5, 0x10,
    0xc5, 0x10, 0xc5, 0x10, 0xc5, 0x10, 0xe4, 0x10, 0xc4, 0x10, 0xc5, 0x10,
    0xe5, 0x08, 0xc4, 0x10, 0xc5, 0x10, 0xe5, 0x10, 0xc5, 0x10, 0xc5, 0x10,
    0xc4, 0x10, 0xc5, 0x10, 0xc5, 0x10, 0xe4, 0x10, 0xc5, 0x10, 0xe5, 0x10,
    0xc5, 0x10, 0xc5, 0x10, 0xc4, 0x10, 0xe5, 0x10, 0xc5, 0x10, 0xc5, 0x10,
    0xc5, 0x10, 0xe4, 0x10, 0xe5, 0x10, 0xc5, 0x10, 0xc4, 0x10, 0xc5, 0x10,
    0xc5, 0x10, 0xc5, 0x10, 0xc5, 0x10, 0xc5, 0x10, 0xc5, 0x10, 0xc4, 0x10,
    0xe5, 0x10, 0xc5, 0x10, 0xc4, 0x10, 0xc5, 0x10, 0xe5, 0x10, 0xc5, 0x10,
    0xc4, 0x10, 0xe5, 0x10, 0xc5, 0x10, 0xc4, 0x10, 0xe5, 0x10, 0xe5, 0x10,
    0xc4, 0x10, 0xc5, 0x10, 0xc5, 0x10, 0xc5, 0x08, 0xe4, 0x10, 0xe5, 0x10,
    0xc5, 0x10, 0xc5, 0x10, 0xc4, 0x10, 0xc5, 0x10, 0xe5, 0x10, 0xc5, 0x10,
    0xc5, 0x10, 0xc5, 0x10, 0xc5, 0x10, 0xc5, 0x08, 0xc4, 0x10, 0xe5, 0x10,
    0xc5, 0x10, 0xe4, 0x10, 0xc5, 0x08, 0xc5, 0x10, 0xc5, 0x10, 0xe5, 0x10,
    0xc5, 0x10, 0xc5, 0x10, 0xc5, 0x10, 0xc5, 0x10, 0xc5, 0x08, 0xc4, 0x10,
    0xc5, 0x10, 0xe5, 0x10, 0xc5, 0x10, 0xe4, 0x08, 0xc4, 0x10, 0xc5, 0x10,
    0xc5, 0x10, 0xe5, 0x10, 0xc5, 0x10, 0xe5, 0x08, 0xc5, 0x10, 0xc5, 0x10,
    0xc5, 0x10, 0xe5, 0x10, 0xc4, 0x10, 0xc4, 0x10, 0xc5, 0x10, 0xe5, 0x10,
    0xc5, 0x10, 0xc4, 0x10, 0xc5, 0x10, 0xe5, 0x10, 0xc5, 0x10, 0xc5, 0x10,
    0xc5, 0x08, 0xc5, 0x10, 0xe5, 0x10, 0xc5, 0x08, 0xc5, 0x10, 0xc4, 0x10,
    0xc5, 0x10, 0xc5, 0x10, 0xc4, 0x10, 0xc5, 0x10, 0xe5, 0x10, 0xc5, 0x10,
    0xc5, 0x08, 0xe4, 0x10, 0xc5, 0x10, 0xc5, 0x10, 0xe5, 0x10, 0xe5, 0x10,
    0xc5, 0x10, 0xc4, 0x10, 0xc5, 0x10, 0xe5, 0x10, 0xc5, 0x10, 0xe4, 0x10,
    0xc5, 0x10, 0xc5, 0x10, 0xc5, 0x10, 0xc5, 0x10, 0xc4, 0x10, 0xe5, 0x08,
    0xc5, 0x10, 0xc5, 0x10, 0xe4, 0x08, 0xc5, 0x10, 0xc5, 0x10, 0xe5, 0x10,
    0xe4, 0x10, 0xc5, 0x08, 0xc5, 0x10, 0xc5, 0x10, 0xc4, 0x10, 0xc5, 0x10,
    0xc5, 0x10, 0xc5, 0x08, 0xc5, 0x10, 0xc4, 0x10, 0xc5, 0x10, 0xc5, 0x10,
    0xc5, 0x10, 0xc4, 0x10, 0xc5, 0x10, 0xc5, 0x10, 0xe5, 0x10, 0xe5, 0x10,
    0xc5, 0x10, 0xc4, 0x10, 0xc5, 0x10, 0xc5, 0x10, 0xc5, 0x10, 0xe5, 0x10,
    0xc5, 0x10, 0xc5, 0x10, 0xc5, 0x08, 0xc5, 0x10, 0xc5, 0x10, 0xe5, 0x10,
    0xc5, 0x10, 0xc5, 0x08, 0xc4, 0x10, 0xc5, 0x10, 0xc5, 0x10, 0xe4, 0x10,
    0xc5, 0x10, 0xc5, 0x10, 0xc5, 0x10, 0xe5, 0x10, 0xc5, 0x10, 0xe4, 0x08,
    0xc5, 0x10, 0xc5, 0x10, 0xc5, 0x08, 0xc4, 0x10, 0xe5, 0x10, 0xc5, 0x10,
    0xc4, 0x10, 0xe5, 0x10, 0xc5, 0x10, 0xc4, 0x10, 0xe5, 0x10, 0xc5, 0x10,
    0xe4, 0x08, 0xc5, 0x10, 0xc5, 0x10, 0xc4, 0x10, 0xe5, 0x10, 0xc5, 0x08,
    0xc4, 0x10, 0xc4, 0x10, 0xe5, 0x10, 0xc4, 0x10, 0xc5, 0x10, 0xc5, 0x10,
    0xc5, 0x10, 0xc5, 0x10, 0xc5, 0x10, 0xc5, 0x10, 0xe4, 0x08, 0xc5, 0x10,
    0xc5, 0x10, 0xc4, 0x10, 0xc5, 0x10, 0xe5, 0x10, 0xc5, 0x08, 0xc4, 0x10,
    0xe5, 0x10, 0xc5, 0x08, 0xe5, 0x10, 0xc5, 0x10, 0xc5, 0x10, 0xe5, 0x10,
    0xc5, 0x10, 0xc4, 0x08, 0xc5, 0x10, 0xe5, 0x10, 0xc5, 0x10, 0xc5, 0x10,
    0xc4, 0x10, 0xc5, 0x10, 0xe5, 0x10, 0xe5, 0x08, 0xc5, 0x10, 0xc4, 0x10,
    0xc5, 0x08, 0xc5, 0x10, 0xc5, 0x10, 0xc4, 0x10, 0xc5, 0x10, 0xc5, 0x10,
    0xe4, 0x10, 0xc4, 0x10, 0xc5, 0x10, 0xe5, 0x10, 0xc5, 0x10, 0xc5, 0x10,
    0xc4, 0x10, 0xc5, 0x10, 0xe5, 0x10, 0xc5, 0x08, 0xc4, 0x10, 0xe4, 0x10,
    0xe5, 0x08, 0xc5, 0x10, 0xc5, 0x10, 0xe5, 0x10, 0xc5, 0x10, 0xc5, 0x10,
    0xe4, 0x08, 0xe5, 0x10, 0xc5, 0x10, 0xc5, 0x08, 0xc5, 0x10, 0xc4, 0x10,
    0xe4, 0x08, 0xc5, 0x10, 0xc4, 0x10, 0xc5, 0x10, 0xe5, 0x10, 0xe5, 0x10,
    0xc4, 0x10, 0xc5, 0x08, 0xc4, 0x10, 0xe4, 0x10, 0xc5, 0x08, 0xc5, 0x10,
    0xc5, 0x10, 0xc5, 0x10, 0xc5, 0x10, 0xc5, 0x08, 0xc4, 0x10, 0xc4, 0x10,
    0xe5, 0x10, 0xc5, 0x10, 0xc5, 0x10, 0xc5, 0x08, 0xc5, 0x10, 0xc5, 0x10,
    0xe4, 0x10, 0xc5, 0x10, 0xc5, 0x10, 0xe4, 0x10, 0xc5, 0x10, 0xc5, 0x10,
    0xc5, 0x08, 0xe4, 0x10, 0xe5, 0x10, 0xc5, 0x10, 0xc4, 0x10, 0xc5, 0x10,
    0xc5, 0x10, 0xc4, 0x10, 0xe5, 0x10, 0xc5, 0x10, 0xc5, 0x10, 0xe4, 0x10,
    0xc5, 0x08, 0xc5, 0x10, 0xe5, 0x10, 0xe4, 0x10, 0xc5, 0x10, 0xc5, 0x08,
    0xe4, 0x10, 0xc5, 0x10, 0xc5, 0x10, 0xc5, 0x10, 0xe5, 0x10, 0xc5, 0x10,
    0xc5, 0x10, 0xc5, 0x08, 0xc5, 0x10, 0xc5, 0x10, 0xe5, 0x10, 0xc4, 0x10,
    0xc5, 0x08, 0xc5, 0x10, 0xc4, 0x10, 0xc5, 0x10, 0xe5, 0x10, 0xc4, 0x10,
    0xe4, 0x10, 0xc5, 0x10, 0xc5, 0x08, 0xc5, 0x10, 0xe5, 0x10, 0xc5, 0x10,
    0xc4, 0x10, 0xe5, 0x10, 0xe4, 0x08, 0xc5, 0x10, 0xc5, 0x10, 0xc4, 0x10,
    0xe5, 0x10, 0xe5, 0x10, 0xc4, 0x10, 0xe4, 0x10, 0xc5, 0x10, 0xc5, 0x08,
    0xc5, 0x10, 0xe4, 0x10, 0xe5, 0x10, 0xc5, 0x10, 0xc5, 0x10, 0xe4, 0x10,
    0xc5, 0x10, 0xc5, 0x10, 0xe5, 0x10, 0xc4, 0x10, 0xc5, 0x10, 0xc5, 0x08,
    0xc5, 0x10, 0xc5, 0x10, 0xc4, 0x10, 0xc5, 0x10, 0xc5, 0x10, 0xc5, 0x10,
    0xc5, 0x08, 0xc4, 0x10, 0xe5, 0x10, 0xe5, 0x10, 0xc4, 0x10, 0xc5, 0x10,
    0xc5, 0x10, 0xc4, 0x10, 0xc5, 0x10, 0xc5, 0x10, 0xc5, 0x08, 0xc4, 0x10,
    0xc5, 0x10, 0xc5, 0x10, 0xc5, 0x10, 0xe4, 0x10, 0xc5, 0x10, 0xc5, 0x10,
    0xc5, 0x10, 0xe5, 0x10, 0xe4, 0x10, 0xc5, 0x08, 0xc5, 0x10, 0xe5, 0x10,
    0xc4, 0x10, 0xe5, 0x08, 0xe5, 0x10, 0xc5, 0x10, 0xc4, 0x08, 0xc5, 0x10,
    0xe5, 0x10, 0xc5, 0x10, 0xc4, 0x08, 0xc5, 0x10, 0xe4, 0x10, 0xc4, 0x10,
    0xc5, 0x10, 0xc5, 0x10, 0xe4, 0x10, 0xe5, 0x10, 0xc5, 0x10, 0xe4, 0x08,
    0xc4, 0x10, 0xc5, 0x10, 0xc5, 0x10, 0xe5, 0x10, 0xc5, 0x08, 0xc5, 0x10,
    0xc4, 0x10, 0xc5, 0x10, 0xe5, 0x10, 0xc5, 0x10, 0xc4, 0x10, 0xc5, 0x10,
    0xc5, 0x10, 0xc4, 0x10, 0xe5, 0x10, 0xc5, 0x10, 0xc4, 0x08, 0xc5, 0x10,
    0xc5, 0x10, 0xc4, 0x10, 0xe5, 0x10, 0xc5, 0x10, 0xc5, 0x08, 0xc5, 0x10,
    0xc5, 0x10, 0xc5, 0x10, 0xc4, 0x08, 0xe5, 0x10, 0xc5, 0x10, 0xc5, 0x10,
    0xe5, 0x10, 0xe5, 0x10, 0xc5, 0x10, 0xc5, 0x08, 0xc5, 0x10, 0xe4, 0x10,
    0xc5, 0x08, 0xc5, 0x10, 0xc5, 0x10, 0xe4, 0x10, 0xc5, 0x10, 0xc5, 0x10,
    0xe5, 0x10, 0xe5, 0x10, 0xc4, 0x10, 0xc5, 0x10, 0xc5, 0x10, 0xc5, 0x10,
    0xc5, 0x10, 0xc4, 0x10, 0xc5, 0x10, 0xe5, 0x10, 0xc4, 0x10, 0xc5, 0x10,
    0xe5, 0x10, 0xc5, 0x10, 0xc4, 0x10, 0xe5, 0x10, 0xc5, 0x08, 0xc4, 0x10,
    0xc5, 0x10, 0xc5, 0x10, 0xc5, 0x10, 0xc5, 0x10, 0xe5, 0x10, 0xc5, 0x10,
    0xe5, 0x10, 0xc5, 0x10, 0xc4, 0x10, 0xe5, 0x08, 0xc5, 0x10, 0xc5, 0x10,
    0xc5, 0x08, 0xe5, 0x10, 0xc4, 0x10, 0xc5, 0x08, 0xc5, 0x10, 0xe5, 0x10,
    0xc5, 0x10, 0xc4, 0x10, 0xc5, 0x10, 0xc5, 0x10, 0xc5, 0x10, 0xc5, 0x10,
    0xc5, 0x10, 0xe5, 0x10, 0xc4, 0x10, 0xc4, 0x08, 0xc5, 0x10, 0xc5, 0x10,
    0xc5, 0x10, 0xc4, 0x10, 0xc5, 0x10, 0xe4, 0x10, 0xc5, 0x10, 0xc5, 0x10,
    0xc5, 0x10, 0xc5, 0x10, 0xc5, 0x10, 0xc5, 0x10, 0xc4, 0x08, 0xc5, 0x10,
    0xe5, 0x10, 0xc5, 0x10, 0xe5, 0x10, 0xc5, 0x10, 0xc5, 0x10, 0xc5, 0x10,
    0xe4, 0x10, 0xc4, 0x08, 0xc5, 0x10, 0xe5, 0x10, 0xc5, 0x10, 0xc5, 0x10,
    0xc5, 0x08, 0xc5, 0x10, 0xc4, 0x10, 0xe4, 0x10, 0xc5, 0x10, 0xc5, 0x10,
    0xc5, 0x08, 0xe5, 0x10, 0xc5, 0x10, 0xc5, 0x10, 0xc5, 0x10, 0xc4, 0x10,
    0xc5, 0x10, 0xc5, 0x10, 0xc5, 0x10, 0xc4, 0x08, 0xc5, 0x10, 0xe5, 0x10,
    0xc5, 0x10, 0xc5, 0x10, 0xc4, 0x10, 0xe5, 0x10, 0xc4, 0x10, 0xc5, 0x10,
    0xc5, 0x10, 0xc5, 0x10, 0xc4, 0x10, 0xc5, 0x10, 0xc5, 0x10, 0xc4, 0x10,
    0xc5, 0x10, 0xc5, 0x08, 0xe4, 0x10, 0xc4, 0x10, 0xc5, 0x10, 0xe4, 0x10,
    0xc5, 0x10, 0xc5, 0x10, 0xc4, 0x10, 0xc5, 0x10, 0xc5, 0x10, 0xc5, 0x10,
    0xe5, 0x10, 0xc4, 0x10, 0xc5, 0x10, 0xc4, 0x10, 0xc5, 0x10, 0xc5, 0x10,
    0xc5, 0x08, 0xc5, 0x10, 0xc4, 0x10, 0xe5, 0x10, 0xc5, 0x10, 0xc4, 0x08,
    0xc5, 0x10, 0xc5, 0x10, 0xc5, 0x10, 0xc5, 0x10, 0xc4, 0x08, 0xe5, 0x10,
    0xc5, 0x10, 0xc4, 0x08, 0xc5, 0x10, 0xc5, 0x10, 0xe5, 0x10, 0xc5, 0x10,
    0xe4, 0x10, 0xc5, 0x10, 0xc5, 0x10, 0xc5, 0x08, 0xe4, 0x10, 0xc5, 0x10,
    0xe5, 0x10, 0xc4, 0x10, 0xc5, 0x10, 0xc5, 0x08, 0xc4, 0x10, 0xc4, 0x10,
    0xc5, 0x10, 0xe5, 0x10, 0xe5, 0x10, 0xc4, 0x08, 0xc5, 0x10, 0xc5, 0x10,
    0xe4, 0x10, 0xc5, 0x10, 0xc4, 0x10, 0xc5, 0x08, 0xc5, 0x10, 0xc5, 0x10,
    0xe4, 0x08, 0xe5, 0x10, 0xc5, 0x10, 0xc5, 0x10, 0xe4, 0x10, 0xc5, 0x10,
    0xc5, 0x10, 0xc5, 0x10, 0xe5, 0x10, 0xc4, 0x08, 0xc5, 0x10, 0xe5, 0x10,
    0xc4, 0x08, 0xc4, 0x10, 0xc5, 0x10, 0xe5, 0x10, 0xc5, 0x10, 0xc4, 0x10,
    0xc5, 0x10, 0xc5, 0x10, 0xc5, 0x10, 0xc5, 0x10, 0xc5, 0x10, 0xc4, 0x10,
    0xc5, 0x10, 0xe5, 0x10, 0xc5, 0x10, 0xc5, 0x10, 0xe5, 0x10, 0xc5, 0x08,
    0xc5, 0x10, 0xe4, 0x10, 0xc5, 0x10, 0xc4, 0x10, 0xc5, 0x10, 0xc5, 0x10,
    0xc5, 0x10, 0xc5, 0x10, 0xe5, 0x10, 0xc4, 0x10, 0xc5, 0x10, 0xc5, 0x10,
    0xe5, 0x10, 0xc4, 0x08, 0xc5, 0x10, 0xc4, 0x10, 0xc5, 0x08, 0xc5, 0x10,
    0xc5, 0x10, 0xe5, 0x10, 0xc4, 0x10, 0xc5, 0x10, 0xe5, 0x10, 0xc4, 0x10,
    0xc5, 0x10, 0xc5, 0x08, 0xc4, 0x10, 0xe5, 0x10, 0xc5, 0x10, 0xc4, 0x10,
    0xc4, 0x10, 0xe5, 0x10, 0xc5, 0x10, 0xc5, 0x10, 0xc5, 0x10, 0xc4, 0x10,
    0xc5, 0x10, 0xc5, 0x08, 0xc5, 0x10, 0xc5, 0x10, 0xe5, 0x10, 0xc4, 0x10,
    0xc5, 0x10, 0xc5, 0x10, 0xe4, 0x10, 0xc5, 0x10, 0xc5, 0x10, 0xc4, 0x10,
    0xc5, 0x10, 0xc4, 0x08, 0xc5, 0x10, 0xc5, 0x10, 0xc4, 0x10, 0xe5, 0x10,
    0xc5, 0x08, 0xc5, 0x10, 0xe4, 0x10, 0xc5, 0x10, 0xc5, 0x08, 0xc4, 0x10,
    0xc5, 0x10, 0xe5, 0x10, 0xc5, 0x10, 0xc5, 0x10, 0xc5, 0x10, 0xc4, 0x10,
    0xe5, 0x10, 0xe5, 0x08, 0xc4, 0x10, 0xc5, 0x10, 0xc4, 0x08, 0xc5, 0x10,
    0xc5, 0x10, 0xe4, 0x10, 0xc5, 0x10, 0xc5, 0x10, 0xe5, 0x10, 0xc4, 0x10,
    0xe5, 0x10, 0xc5, 0x10, 0xc5, 0x10, 0xe4, 0x10, 0xc5, 0x10, 0xc5, 0x08,
    0xe4, 0x10, 0xe5, 0x10, 0xc5, 0x08, 0xc4, 0x10, 0xe5, 0x10, 0xc5, 0x10,
    0xc5, 0x10, 0xc4, 0x10, 0xc5, 0x10, 0xc5, 0x10, 0xe4, 0x10, 0xc5, 0x10,
    0xc4, 0x10, 0xc5, 0x10, 0xc5, 0x08, 0xc5, 0x10, 0xe4, 0x10, 0xc5, 0x10,
    0xc5, 0x10, 0xe5, 0x10, 0xc5, 0x08, 0xe4, 0x10, 0xc5, 0x10, 0xc5, 0x10,
    0xc5, 0x10, 0xc4, 0x10, 0xc5, 0x10, 0xc5, 0x10, 0xe4, 0x10, 0xe5, 0x10,
    0xc5, 0x10, 0xe5, 0x10, 0xc5, 0x10, 0xc4, 0x10, 0xe5, 0x10, 0xc5, 0x10,
    0xc4, 0x10, 0xe5, 0x10, 0xc5, 0x10, 0xc5, 0x10, 0xe5, 0x10, 0xc4, 0x10,
    0xc4, 0x10, 0xc5, 0x10, 0xc5, 0x10, 0xc4, 0x08, 0xe5, 0x10, 0xc5, 0x10,
    0xe5, 0x10, 0xc4, 0x10, 0xc5, 0x10, 0xe5, 0x10, 0xc5, 0x10, 0xc5, 0x10,
    0xc5, 0x10, 0xc5, 0x10, 0xe5, 0x10, 0xc5, 0x08, 0xc5, 0x10, 0xc5, 0x10,
    0xe5, 0x10, 0xc4, 0x10, 0xc5, 0x10, 0xc5, 0x08, 0xc4, 0x10, 0xe5, 0x10,
    0xc5, 0x10, 0xc5, 0x10, 0xc5, 0x10, 0xe5, 0x10, 0xc5, 0x08, 0xc5, 0x10,
    0xe4, 0x10, 0xc5, 0x10, 0xe5, 0x10, 0xe4, 0x10, 0xc5, 0x10, 0xc5, 0x08,
    0xc4, 0x10, 0xe5, 0x10, 0xc5, 0x10, 0xe5, 0x08, 0xc4, 0x10, 0xc5, 0x10,
    0xe5, 0x10, 0xc5, 0x10, 0xc5, 0x10, 0xe5, 0x10, 0xc5, 0x10, 0xc4, 0x10,
    0xe5, 0x10, 0xc5, 0x10, 0xc5, 0x10, 0xc4, 0x10, 0xe5, 0x10, 0xc5, 0x10,
    0xc5, 0x10, 0xc5, 0x10, 0xc5, 0x10, 0xc5, 0x10, 0xc5, 0x10, 0xc4, 0x10,
    0xc5, 0x10, 0xc5, 0x08, 0xc5, 0x10, 0xc4, 0x10, 0xc5, 0x10, 0xc5, 0x10,
    0xc5, 0x08, 0xc5, 0x10, 0xc5, 0x10, 0xe5, 0x10, 0xc5, 0x10, 0xe5, 0x10,
    0xc4, 0x10, 0xc5, 0x08, 0xc5, 0x10, 0xc5, 0x10, 0xe5, 0x10, 0xe4, 0x10,
    0xc5, 0x10, 0xe5, 0x10, 0xc5, 0x10, 0xc5, 0x10, 0xc5, 0x10, 0xe4, 0x10,
    0xc5, 0x10, 0xc5, 0x10, 0xe5, 0x10, 0xc4, 0x10, 0xc5, 0x10, 0xe5, 0x10,
    0xc4, 0x08, 0xe4, 0x10, 0xc5, 0x10, 0xc5, 0x10, 0xc5, 0x10, 0xc4, 0x10,
    0xe5, 0x10, 0xc5, 0x10, 0xc5, 0x10, 0xc5, 0x10, 0xc4, 0x10, 0xc5, 0x10,
    0xe5, 0x08, 0xc4, 0x10, 0xc4, 0x10, 0xc5, 0x10, 0xe4, 0x10, 0xc5, 0x10,
    0xc5, 0x08, 0xc4, 0x10, 0xe5, 0x10, 0xc5, 0x10, 0xc4, 0x10, 0xc5, 0x10,
    0xc5, 0x10, 0xc5, 0x10, 0xc5, 0x08, 0xc5, 0x10, 0xc5, 0x10, 0xc4, 0x10,
    0xe5, 0x10, 0xc5, 0x10, 0xe4, 0x08, 0xc5, 0x10, 0xc5, 0x10, 0xe4, 0x10,
    0xc5, 0x10, 0xc5, 0x10, 0xe5, 0x10, 0xc5, 0x10, 0xe5, 0x10, 0xe4, 0x10,
    0xc4, 0x10, 0xc5, 0x08, 0xc5, 0x10, 0xc5, 0x10, 0xe5, 0x10, 0xc5, 0x10,
    0xe5, 0x10, 0xe5, 0x10, 0xc5, 0x10, 0xc5, 0x10, 0xe4, 0x10, 0xc5, 0x10,
    0xe5, 0x10, 0xc5, 0x10, 0xc5, 0x10, 0xe4, 0x10, 0xc5, 0x08, 0xc5, 0x10,
    0xe4, 0x10, 0xc5, 0x10, 0xc4, 0x10, 0xe4, 0x10, 0xc5, 0x08, 0xc5, 0x10,
    0xc5, 0x10, 0xe4, 0x08, 0xc5, 0x10, 0xc5, 0x10, 0xc5, 0x08, 0xe5, 0x10,
    0xc5, 0x10, 0xc5, 0x10, 0xc5, 0x10, 0xe5, 0x08, 0xe4, 0x10, 0xc5, 0x10,
    0xe5, 0x10, 0xc4, 0x10, 0xc5, 0x10, 0xc5, 0x10, 0xc4, 0x10, 0xe5, 0x10,
    0xc5, 0x10, 0xc4, 0x08, 0xc5, 0x10, 0xe5, 0x10, 0xc4, 0x10, 0xe5, 0x10,
    0xc5, 0x10, 0xc5, 0x10, 0xe4, 0x10, 0xc5, 0x10, 0xc5, 0x10, 0xe4, 0x10,
    0xc5, 0x10, 0xc5, 0x08, 0xc5, 0x10, 0xe4, 0x10, 0xc5, 0x10, 0xc5, 0x10,
    0xc4, 0x10, 0xc5, 0x10, 0xc5, 0x10, 0xc5, 0x10, 0xc5, 0x10, 0xc4, 0x10,
    0xc5, 0x10, 0xc5, 0x10, 0xe5, 0x10, 0xc5, 0x10, 0xc4, 0x08, 0xe4, 0x10,
    0xc5, 0x10, 0xc5, 0x10, 0xc5, 0x08, 0xe5, 0x10, 0xc5, 0x10, 0xc5, 0x08,
    0xe5, 0x10, 0xe5, 0x10, 0xc5, 0x10, 0xe5, 0x10, 0xc5, 0x10, 0xc4, 0x08,
    0xe5, 0x10, 0xc5, 0x10, 0xc4, 0x10, 0xc5, 0x10, 0xe5, 0x10, 0xc5, 0x10,
    0xc4, 0x10, 0xc5, 0x08, 0xe4, 0x10, 0xc5, 0x10, 0xc5, 0x08, 0xc4, 0x10,
    0xc5, 0x10, 0xc5, 0x10, 0xe5, 0x10, 0xc5, 0x10, 0xc4, 0x08, 0xc5, 0x10,
    0xe5, 0x10, 0xc5, 0x10, 0xc4, 0x08, 0xe5, 0x10, 0xc5, 0x10, 0xc5, 0x08,
    0xe5, 0x10, 0xc5, 0x10, 0xc4, 0x10, 0xe5, 0x10, 0xc5, 0x10, 0xc5, 0x08,
    0xc4, 0x10, 0xe5, 0x10, 0xc5, 0x08, 0xc5, 0x10, 0xe4, 0x10, 0xc5, 0x08,
    0xc5, 0x10, 0xc4, 0x10, 0xc5, 0x10, 0xc5, 0x10, 0xc4, 0x10, 0xe5, 0x10,
    0xc5, 0x08, 0xc4, 0x10, 0xe5, 0x10, 0xe5, 0x10, 0xc5, 0x10, 0xc5, 0x10,
    0xe4, 0x10, 0xc4, 0x10, 0xe5, 0x10, 0xc5, 0x10, 0xc4, 0x10, 0xc5, 0x10,
    0xc5, 0x10, 0xc4, 0x08, 0xc5, 0x10, 0xc5, 0x10, 0xe5, 0x10, 0xc4, 0x10,
    0xc5, 0x10, 0xc5, 0x10, 0xc5, 0x10, 0xc5, 0x10, 0xe5, 0x10, 0xc5, 0x10,
    0xc4, 0x10, 0xe5, 0x10, 0xc4, 0x10, 0xc4, 0x10, 0xe5, 0x08, 0xc5, 0x10,
    0xc5, 0x10, 0xe5, 0x10, 0xc4, 0x08, 0xe5, 0x10, 0xc5, 0x10, 0xc5, 0x10,
    0xc5, 0x10, 0xc4, 0x10, 0xe5, 0x10, 0xe5, 0x10, 0xc4, 0x08, 0xc5, 0x10,
    0xc5, 0x10, 0xe5, 0x10, 0xc4, 0x10, 0xe5, 0x10, 0xc5, 0x10, 0xc5, 0x10,
    0xc5, 0x10, 0xc4, 0x10, 0xe5, 0x10, 0xc4, 0x10, 0xc5, 0x10, 0xc5, 0x10,
    0xe5, 0x10, 0xc4, 0x10, 0xc5, 0x10, 0xc5, 0x10, 0xc4, 0x08, 0xc5, 0x10,
    0xc5, 0x10, 0xc5, 0x10, 0xc5, 0x08, 0xe5, 0x10, 0xc4, 0x10, 0xc5, 0x10,
    0xc5, 0x10, 0xc5, 0x10, 0xc4, 0x10, 0xe5, 0x08, 0xc5, 0x10, 0xc5, 0x10,
    0xc5, 0x10, 0xc5, 0x10, 0xc5, 0x10, 0xe5, 0x10, 0xe5, 0x10, 0xc5, 0x10,
    0xc5, 0x10, 0xe5, 0x10, 0xc5, 0x10, 0xc4, 0x08, 0xc5, 0x10, 0xe5, 0x10,
    0xc5, 0x10, 0xe5, 0x10, 0xe5, 0x08, 0xc5, 0x10, 0xc5, 0x10, 0xe5, 0x10,
    0xc5, 0x10, 0xc4, 0x10, 0xc5, 0x10, 0xc5, 0x08, 0xe4, 0x10, 0xc5, 0x10,
    0xe5, 0x10, 0xe4, 0x10, 0xc5, 0x10, 0xc5, 0x10, 0xe4, 0x10, 0xe5, 0x08,
    0xc5, 0x10, 0xc4, 0x10, 0xc5, 0x10, 0xc5, 0x10, 0xc5, 0x10, 0xe4, 0x10,
    0xc5, 0x08, 0xc5, 0x10, 0xe5, 0x10, 0xc4, 0x10, 0xc5, 0x10, 0xc5, 0x10,
    0xc5, 0x10, 0xe5, 0x10, 0xc5, 0x10, 0xc5, 0x10, 0xc4, 0x08, 0xc5, 0x10,
    0xc5, 0x10, 0xc4, 0x10, 0xc5, 0x10, 0xc5, 0x10, 0xc5, 0x08, 0xc5, 0x10,
    0xc5, 0x10, 0xc5, 0x08, 0xc4, 0x10, 0xe5, 0x10, 0xc5, 0x10, 0xe5, 0x10,
    0xc5, 0x10, 0xc5, 0x10, 0xc5, 0x10, 0xc5, 0x10, 0xc5, 0x10, 0xe5, 0x10,
    0xc4, 0x10, 0xc5, 0x10, 0xe5, 0x10, 0xc5, 0x10, 0xc4, 0x10, 0xe5, 0x10,
    0xc5, 0x10, 0xe4, 0x10, 0xc5, 0x10, 0xc5, 0x10, 0xc5, 0x10, 0xc5, 0x10,
    0xc4, 0x10, 0xc5, 0x10, 0xc5, 0x08, 0xe5, 0x10, 0xc5, 0x10, 0xe5, 0x10,
    0xc5, 0x10, 0xc4, 0x10, 0xc5, 0x10, 0xc5, 0x08, 0xc5, 0x10, 0xc5, 0x10,
    0xc5, 0x08, 0xc4, 0x10, 0xc5, 0x10, 0xc5, 0x10, 0xe5, 0x10, 0xc5, 0x10,
    0xc5, 0x10, 0xc4, 0x10, 0xc5, 0x10, 0xc5, 0x10, 0xc5, 0x10, 0xc5, 0x08,
    0xe5, 0x10, 0xc5, 0x10, 0xc4, 0x08, 0xe5, 0x10, 0xc5, 0x10, 0xe5, 0x10,
    0xc5, 0x10, 0xc5, 0x10, 0xc4, 0x10, 0xe5, 0x10, 0xc5, 0x10, 0xc5, 0x10,
    0xc5, 0x10, 0xe5, 0x10, 0xe4, 0x10, 0xc5, 0x10, 0xc5, 0x10, 0xc4, 0x10,
    0xc5, 0x10, 0xc5, 0x10, 0xc4, 0x10, 0xc4, 0x10, 0xc5, 0x10, 0xe5, 0x10,
    0xc5, 0x10, 0xc4, 0x10, 0xc5, 0x10, 0xe5, 0x10, 0xc5, 0x10, 0xc4, 0x08,
    0xe5, 0x10, 0xe5, 0x10, 0xc5, 0x10, 0xc5, 0x10, 0xc5, 0x10, 0xc5, 0x10,
    0xc5, 0x10, 0xc4, 0x08, 0xc4, 0x10, 0xc5, 0x10, 0xc5, 0x10, 0xe5, 0x10,
    0xc5, 0x10, 0xc4, 0x10, 0xc5, 0x10, 0xc5, 0x10, 0xc5, 0x10, 0xc4, 0x10,
    0xc5, 0x10, 0xe5, 0x10, 0xc4, 0x08, 0xc5, 0x10, 0xc5, 0x10, 0xc4, 0x10,
    0xc5, 0x10, 0xc5, 0x10, 0xe5, 0x10, 0xc4, 0x10, 0xc5, 0x10, 0xc4, 0x10,
    0xc5, 0x10, 0xc5, 0x10, 0xe4, 0x10, 0xc5, 0x10, 0xc4, 0x10, 0xe5, 0x10,
    0xc5, 0x10, 0xc5, 0x10, 0xc5, 0x08, 0xc4, 0x10, 0xc5, 0x10, 0xe5, 0x10,
    0xc5, 0x08, 0xc5, 0x10, 0xc5, 0x10, 0xc4, 0x08, 0xe5, 0x10, 0xc5, 0x10,
    0xc5, 0x10, 0xe5, 0x10, 0xc5, 0x10, 0xc5, 0x08, 0xc4, 0x10, 0xc5, 0x10,
    0xe5, 0x10, 0xc5, 0x08, 0xc5, 0x10, 0xe4, 0x10, 0xc5, 0x10, 0xc5, 0x10,
    0xe4, 0x08, 0xc5, 0x10, 0xc5, 0x10, 0xc5, 0x10, 0xc5, 0x10, 0xc5, 0x10,
    0xc5, 0x10, 0xc4, 0x10, 0xc5, 0x10, 0xc5, 0x10, 0xc5, 0x10, 0xe4, 0x10,
    0xe4, 0x08, 0xc5, 0x10, 0xc4, 0x10, 0xc5, 0x10, 0xc4, 0x10, 0xe5, 0x10,
    0xe5, 0x10, 0xc4, 0x10, 0xc5, 0x10, 0xc5, 0x10, 0xe5, 0x08, 0xc4, 0x10,
    0xe4, 0x10, 0xe5, 0x10, 0xc5, 0x08, 0xc5, 0x10, 0xc4, 0x10, 0xe5, 0x08,
    0xc5, 0x10, 0xc5, 0x10, 0xe5, 0x10, 0xe4, 0x10, 0xc5, 0x10, 0xc5, 0x10,
    0xc5, 0x10, 0xc5, 0x10, 0xe4, 0x10, 0xc4, 0x10, 0xc5, 0x10, 0xc5, 0x08,
    0xe5, 0x10, 0xc4, 0x10, 0xc5, 0x10, 0xc5, 0x10, 0xc5, 0x10, 0xc4, 0x10,
    0xc5, 0x10, 0xe5, 0x10, 0xc4, 0x10, 0xc4, 0x08, 0xc5, 0x10, 0xc4, 0x10,
    0xc5, 0x08, 0xc5, 0x10, 0xc4, 0x10, 0xe5, 0x10, 0xe5, 0x10, 0xc5, 0x10,
    0xc4, 0x10, 0xc5, 0x10, 0xc5, 0x10, 0xe5, 0x10, 0xc4, 0x08, 0xc5, 0x10,
    0xc5, 0x10, 0xe5, 0x10, 0xc5, 0x10, 0xc5, 0x10, 0xc5, 0x10, 0xc5, 0x10,
    0xc5, 0x08, 0xc4, 0x10, 0xc5, 0x10, 0xe5, 0x10, 0xc5, 0x10, 0xc5, 0x10,
    0xc5, 0x10, 0xc4, 0x10, 0xc5, 0x10, 0xe5, 0x10, 0xc5, 0x08, 0xc5, 0x10,
    0xc5, 0x10, 0xc5, 0x10, 0xc4, 0x10, 0xc5, 0x08, 0xc5, 0x10, 0xc5, 0x10,
    0xe5, 0x08, 0xc5, 0x10, 0xc4, 0x10, 0xe4, 0x10, 0xe5, 0x10, 0xc4, 0x10,
    0xc5, 0x08, 0xc5, 0x10, 0xc4, 0x10, 0xe5, 0x10, 0xc4, 0x10, 0xc5, 0x10,
    0xe5, 0x10, 0xc4, 0x10, 0xc5, 0x10, 0xc5, 0x10, 0xc4, 0x10, 0xc4, 0x10,
    0xc5, 0x10, 0xc5, 0x08, 0xe4, 0x10, 0xe5, 0x10, 0xc5, 0x10, 0xc4, 0x10,
    0xe5, 0x10, 0xc5, 0x10, 0xc4, 0x10, 0xe5, 0x10, 0xc5, 0x10, 0xc4, 0x10,
    0xc5, 0x08, 0xc5, 0x10, 0xc4, 0x10, 0xe5, 0x10, 0xc5, 0x10, 0xc5, 0x10,
    0xc5, 0x08, 0xc5, 0x10, 0xe5, 0x10, 0xc4, 0x10, 0xc5, 0x10, 0xc5, 0x08,
    0xc5, 0x10, 0xc5, 0x10, 0xe5, 0x10, 0xe4, 0x10, 0xc4, 0x10, 0xc5, 0x10,
    0xe5, 0x10, 0xc5, 0x10, 0xc5, 0x10, 0xe5, 0x10, 0xc4, 0x08, 0xc5, 0x10,
    0xe4, 0x10, 0xe5, 0x10, 0xc5, 0x10, 0xc5, 0x08, 0xe4, 0x10, 0xc4, 0x10,
    0xc5, 0x10, 0xe5, 0x10, 0xc5, 0x10, 0xc4, 0x10, 0xc5, 0x10, 0xc4, 0x08,
    0xe5, 0x10, 0xc5, 0x10, 0xc4, 0x08, 0xc5, 0x10, 0xc5, 0x10, 0xc5, 0x08,
    0xe5, 0x10, 0xc4, 0x10, 0xc5, 0x10, 0xc5, 0x10, 0xc4, 0x10, 0xc5, 0x10,
    0xe5, 0x10, 0xc5, 0x10, 0xc5, 0x08, 0xe5, 0x10, 0xc5, 0x10, 0xc5, 0x10,
    0xc4, 0x10, 0xc5, 0x10, 0xe5, 0x08, 0xc5, 0x10, 0xc4, 0x10, 0xc5, 0x10,
    0xc5, 0x10, 0xc5, 0x10, 0xc5, 0x08, 0xe5, 0x10, 0xe4, 0x10, 0xc5, 0x10,
    0xc5, 0x10, 0xe5, 0x10, 0xc5, 0x10, 0xc5, 0x10, 0xe5, 0x10, 0xc5, 0x10,
    0xc4, 0x08, 0xc5, 0x10, 0xc5, 0x10, 0xe5, 0x10, 0xc4, 0x10, 0xc5, 0x10,
    0xe5, 0x10, 0xc5, 0x10, 0xc5, 0x10, 0xe5, 0x10, 0xc5, 0x10, 0xe5, 0x10,
    0xe5, 0x10, 0xc5, 0x10, 0xc4, 0x10, 0xc5, 0x10, 0xc5, 0x10, 0xe5, 0x10,
    0xc5, 0x10, 0xc5, 0x10, 0xc5, 0x10, 0xe5, 0x08, 0xc5, 0x10, 0xc5, 0x10,
    0xc4, 0x10, 0xe5, 0x10, 0xc5, 0x10, 0xc5, 0x10, 0xc4, 0x10, 0xc5, 0x10,
    0xc5, 0x10, 0xc5, 0x10, 0xe5, 0x10, 0xc5, 0x10, 0xc5, 0x10, 0xe5, 0x10,
    0xc4, 0x08, 0xc5, 0x10, 0xe5, 0x10, 0xc4, 0x10, 0xc5, 0x10, 0xe5, 0x10,
    0xc5, 0x10, 0xe4, 0x10, 0xc4, 0x10, 0xc5, 0x08, 0xc4, 0x10, 0xc5, 0x10,
    0xc5, 0x10, 0xc5, 0x10, 0xc5, 0x08, 0xe5, 0x10, 0xc5, 0x10, 0xc4, 0x08,
    0xe5, 0x10, 0xc5, 0x10, 0xc4, 0x10, 0xe5, 0x10, 0xc5, 0x08, 0xc5, 0x10,
    0xc5, 0x10, 0xc5, 0x10, 0xe5, 0x10, 0xc5, 0x08, 0xc5, 0x10, 0xc5, 0x10,
    0xc5, 0x10, 0xc4, 0x08, 0xc5, 0x10, 0xe5, 0x10, 0xc4, 0x10, 0xc5, 0x10,
    0xc5, 0x10, 0xc5, 0x10, 0xc5, 0x10, 0xe5, 0x10, 0xc5, 0x10, 0xc4, 0x10,
    0xc5, 0x10, 0xc5, 0x08, 0xc4, 0x10, 0xc5, 0x10, 0xc5, 0x10, 0xe5, 0x10,
    0xc4, 0x08, 0xe4, 0x10, 0xc5, 0x10, 0xc5, 0x10, 0xc5, 0x10, 0xe5, 0x10,
    0xc5, 0x10, 0xc4, 0x10, 0xe5, 0x08, 0xc5, 0x10, 0xc5, 0x10, 0xe5, 0x08,
    0xe4, 0x10, 0xc5, 0x10, 0xc5, 0x10, 0xc5, 0x10, 0xc5, 0x10, 0xc5, 0x10,
    0xe4, 0x10, 0xc5, 0x10, 0xc5, 0x10, 0xc4, 0x10, 0xc5, 0x10, 0xc5, 0x10,
    0xc5, 0x08, 0xc4, 0x10, 0xc5, 0x10, 0xc4, 0x10, 0xc5, 0x10, 0xc5, 0x10,
    0xe4, 0x10, 0xc4, 0x08, 0xe5, 0x10, 0xc5, 0x10, 0xe4, 0x10, 0xc5, 0x10,
    0xc4, 0x10, 0xc5, 0x10, 0xc5, 0x10, 0xc5, 0x08, 0xc4, 0x10, 0xc5, 0x10,
    0xc5, 0x10, 0xe5, 0x08, 0xe5, 0x10, 0xc4, 0x10, 0xc5, 0x10, 0xc4, 0x10,
    0xc5, 0x10, 0xe5, 0x10, 0xe4, 0x10, 0xc5, 0x10, 0xc5, 0x10, 0xe4, 0x10,
    0xc4, 0x10, 0xc5, 0x10, 0xc5, 0x08, 0xc5, 0x10, 0xc5, 0x10, 0xc5, 0x10,
    0xe4, 0x10, 0xe5, 0x10, 0xc5, 0x08, 0xc5, 0x10, 0xe5, 0x10, 0xc4, 0x08,
    0xc5, 0x10, 0xe5, 0x10, 0xc4, 0x10, 0xe5, 0x08, 0xc5, 0x10, 0xc5, 0x10,
    0xe5, 0x10, 0xc4, 0x10, 0xc5, 0x10, 0xc5, 0x10, 0xc4, 0x08, 0xc5, 0x10,
    0xc5, 0x10, 0xc5, 0x08, 0xc5, 0x10, 0xc5, 0x10, 0xc4, 0x08, 0xe5, 0x10,
    0xc5, 0x10, 0xc5, 0x10, 0xe5, 0x10, 0xc4, 0x08, 0xc4, 0x10, 0xc5, 0x10,
    0xe4, 0x10, 0xe5, 0x10, 0xc5, 0x10, 0xc4, 0x10, 0xc5, 0x10, 0xc4, 0x10,
    0xe4, 0x10, 0xc5, 0x10, 0xc5, 0x10, 0xc5, 0x10, 0xc5, 0x10, 0xe5, 0x10,
    0xc5, 0x10, 0xc4, 0x10, 0xe5, 0x08, 0xc5, 0x10, 0xc4, 0x10, 0xc5, 0x10,
    0xc5, 0x08, 0xc5, 0x10, 0xc5, 0x10, 0xe4, 0x10, 0xc5, 0x10, 0xc5, 0x10,
    0xe4, 0x08, 0xc4, 0x10, 0xe5, 0x10, 0xc5, 0x10, 0xc5, 0x10, 0xc5, 0x10,
    0xc4, 0x10, 0xe5, 0x10, 0xc5, 0x10, 0xc5, 0x10, 0xe5, 0x10, 0xc4, 0x10,
    0xc4, 0x10, 0xc5, 0x08, 0xc5, 0x10, 0xc4, 0x10, 0xe5, 0x08, 0xe5, 0x10,
    0xc4, 0x10, 0xc4, 0x10, 0xc5, 0x10, 0xc5, 0x10, 0xc5, 0x08, 0xc4, 0x10,
    0xe5, 0x10, 0xc5, 0x10, 0xc5, 0x10, 0xc4, 0x10, 0xc5, 0x10, 0xe5, 0x10,
    0xc5, 0x10, 0xc5, 0x10, 0xc4, 0x10, 0xc4, 0x10, 0xc5, 0x10, 0xe4, 0x08,
    0xc5, 0x10, 0xe4, 0x10, 0xc5, 0x10, 0xe5, 0x08, 0xc4, 0x10, 0xc4, 0x10,
    0xc5, 0x10, 0xe5, 0x10, 0xe5, 0x08, 0xc4, 0x10, 0xe5, 0x10, 0xc5, 0x08,
    0xc5, 0x10, 0xc4, 0x10, 0xc4, 0x10, 0xe5, 0x10, 0xc5, 0x10, 0xc4, 0x08,
    0xc5, 0x10, 0xc5, 0x10, 0xc4, 0x08, 0xc5, 0x10, 0xe5, 0x10, 0xc5, 0x08,
    0xc5, 0x10, 0xc4, 0x10, 0xe5, 0x10, 0xc5, 0x10, 0xc4, 0x10, 0xc5, 0x10,
    0xc5, 0x08, 0xc4, 0x10, 0xe5, 0x10, 0xc4, 0x10, 0xe5, 0x10, 0xc5, 0x08,
    0xc4, 0x10, 0xe4, 0x10, 0xc5, 0x10, 0xc4, 0x10, 0xc5, 0x10, 0xc5, 0x10,
    0xe4, 0x10, 0xc5, 0x10, 0xc5, 0x10, 0xc4, 0x10, 0xe5, 0x10, 0xc5, 0x10,
    0xc4, 0x08, 0xc5, 0x10, 0xc5, 0x10, 0xc5, 0x10, 0xe5, 0x10, 0xc5, 0x10,
    0xe5, 0x10, 0xc4, 0x10, 0xc5, 0x10, 0xe4, 0x10, 0xc4, 0x10, 0xc5, 0x10,
    0xe4, 0x10, 0xc5, 0x10, 0xc5, 0x08, 0xe5, 0x10, 0xc4, 0x10, 0xc5, 0x10,
    0xc5, 0x10, 0xc5, 0x10, 0xc5, 0x10, 0xe5, 0x10, 0xc4, 0x10, 0xc5, 0x10,
    0xc5, 0x10, 0xc5, 0x10, 0xe5, 0x10, 0xc5, 0x10, 0xc5, 0x10, 0xc5, 0x10,
    0xe5, 0x08, 0xc5, 0x10, 0xc4, 0x10, 0xc4, 0x10, 0xc5, 0x10, 0xe5, 0x10,
    0xc5, 0x10, 0xc4, 0x10, 0xe5, 0x10, 0xc5, 0x10, 0xc5, 0x08, 0xc4, 0x10,
    0xe5, 0x10, 0xc5, 0x10, 0xc5, 0x10, 0xc5, 0x08, 0xe5, 0x10, 0xc4, 0x10,
    0xc5, 0x10, 0xc5, 0x10, 0xc5, 0x10, 0xe4, 0x10, 0xc5, 0x10, 0xc4, 0x10,
    0xc5, 0x10, 0xc5, 0x10, 0xe5, 0x08, 0xe5, 0x10, 0xc5, 0x10, 0xc4, 0x10,
    0xe5, 0x10, 0xc5, 0x10, 0xc5, 0x08, 0xe5, 0x10, 0xc4, 0x10, 0xc5, 0x10,
    0xe4, 0x10, 0xe5, 0x10, 0xc5, 0x10, 0xc5, 0x10, 0xc5, 0x10, 0xe5, 0x10,
    0xc5, 0x10, 0xc5, 0x10, 0xc4, 0x10, 0xc5, 0x10, 0xc5, 0x08, 0xc5, 0x10,
    0xe5, 0x10, 0xe4, 0x10, 0xc5, 0x10, 0xe5, 0x10, 0xc4, 0x10, 0xc5, 0x10,
    0xe5, 0x10, 0xc4, 0x10, 0xc5, 0x10, 0xc5, 0x10, 0xc4, 0x10, 0xe5, 0x10,
    0xc4, 0x10, 0xc5, 0x08, 0xc5, 0x10, 0xc5, 0x10, 0xe4, 0x10, 0xc5, 0x10,
    0xc5, 0x10, 0xc5, 0x10, 0xc5, 0x10, 0xe5, 0x10, 0xc5, 0x10, 0xc5, 0x10,
    0xc5, 0x10, 0xc5, 0x10, 0xc5, 0x10, 0xe4, 0x10, 0xc5, 0x10, 0xc5, 0x10,
    0xe5, 0x10, 0xc5, 0x10, 0xc5, 0x10, 0xc5, 0x10, 0xe5, 0x10, 0xc5, 0x10,
    0xc5, 0x08, 0xe5, 0x10, 0xc5, 0x10, 0xc5, 0x10, 0xc4, 0x10, 0xe5, 0x10,
    0xc5, 0x10, 0xc5, 0x10, 0xe4, 0x10, 0xc5, 0x10, 0xc5, 0x10, 0xc5, 0x10,
    0xc5, 0x10, 0xe4, 0x10, 0xc5, 0x10, 0xc5, 0x10, 0xc5, 0x10, 0xe5, 0x10,
    0xc5, 0x10, 0xc4, 0x10, 0xc5, 0x10, 0xc5, 0x10, 0xe5, 0x08, 0xe5, 0x10,
    0xc5, 0x10, 0xe4, 0x10, 0xc5, 0x08, 0xc5, 0x10, 0xc5, 0x10, 0xc4, 0x08,
    0xc4, 0x10, 0xc5, 0x10, 0xc4, 0x10, 0xc5, 0x10, 0xc5, 0x10, 0xe5, 0x10,
    0xc5, 0x10, 0xc4, 0x10, 0xe5, 0x10, 0xc5, 0x10, 0xc5, 0x10, 0xc5, 0x10,
    0xc5, 0x10, 0xc5, 0x10, 0xc5, 0x10, 0xc5, 0x08, 0xe4, 0x10, 0xe5, 0x10,
    0xc5, 0x10, 0xc4, 0x10, 0xc5, 0x10, 0xe5, 0x10, 0xc4, 0x10, 0xc5, 0x10,
    0xc5, 0x10, 0xe5, 0x10, 0xc5, 0x10, 0xe5, 0x10, 0xc5, 0x10, 0xc5, 0x10,
    0xc5, 0x08, 0xe5, 0x10, 0xe4, 0x10, 0xc5, 0x10, 0xc4, 0x10, 0xe5, 0x10,
    0xc5, 0x08, 0xc5, 0x10, 0xc4, 0x10, 0xe5, 0x10, 0xc5, 0x10, 0xc4, 0x08,
    0xe4, 0x10, 0xc5, 0x10, 0xe5, 0x10, 0xc5, 0x10, 0xc5, 0x10, 0xc5, 0x10,
    0xc5, 0x10, 0xc5, 0x10, 0xc5, 0x10, 0xc4, 0x10, 0xc5, 0x10, 0xc5, 0x10,
    0xe5, 0x10, 0xc5, 0x10, 0xc4, 0x10, 0xc5, 0x10, 0xc5, 0x10, 0xe5, 0x10,
    0xc4, 0x10, 0xc5, 0x10, 0xc5, 0x08, 0xc5, 0x10, 0xc4, 0x10, 0xc5, 0x10,
    0xc4, 0x10, 0xc5, 0x10, 0xe5, 0x10, 0xe5, 0x10, 0xc5, 0x10, 0xc4, 0x10,
    0xc5, 0x10, 0xc5, 0x10, 0xc4, 0x10, 0xc5, 0x10, 0xc5, 0x10, 0xe5, 0x10,
    0xc5, 0x10, 0xe5, 0x10, 0xc5, 0x08, 0xc5, 0x10, 0xc5, 0x10, 0xe5, 0x10,
    0xc5, 0x10, 0xc5, 0x10, 0xc5, 0x10, 0xc5, 0x08, 0xe4, 0x10, 0xc5, 0x10,
    0xc5, 0x10, 0xc4, 0x10, 0xc5, 0x10, 0xe5, 0x08, 0xc5, 0x10, 0xc5, 0x10,
    0xc5, 0x10, 0xc5, 0x10, 0xc5, 0x10, 0xe5, 0x10, 0xc5, 0x10, 0xc5, 0x08,
    0xc4, 0x10, 0xe5, 0x10, 0xc5, 0x10, 0xc5, 0x10, 0xe5, 0x10, 0xc5, 0x10,
    0xc5, 0x10, 0xe5, 0x10, 0xc5, 0x10, 0xc4, 0x10, 0xc5, 0x10, 0xc4, 0x10,
    0xe5, 0x10, 0xc4, 0x08, 0xe4, 0x10, 0xc5, 0x10, 0xc5, 0x10, 0xe5, 0x08,
    0xe4, 0x10, 0xc5, 0x10, 0xc5, 0x10, 0xc4, 0x08, 0xc4, 0x10, 0xe5, 0x10,
    0xc5, 0x10, 0xc4, 0x10, 0xc5, 0x10, 0xe5, 0x10, 0xc5, 0x08, 0xc5, 0x10,
    0xe4, 0x10, 0xc5, 0x10, 0xe5, 0x10, 0xc5, 0x10, 0xc5, 0x10, 0xc5, 0x10,
    0xc5, 0x10, 0xc5, 0x10, 0xc5, 0x10, 0xe4, 0x10, 0xc4, 0x10, 0xc5, 0x10,
    0xe4, 0x10, 0xc5, 0x08, 0xe5, 0x10, 0xc4, 0x10, 0xc5, 0x10, 0xc5, 0x10,
    0xc5, 0x10, 0xc5, 0x10, 0xc4, 0x10, 0xc4, 0x10, 0xe5, 0x08, 0xc5, 0x10,
    0xc5, 0x10, 0xc5, 0x10, 0xc4, 0x10, 0xe5, 0x10, 0xc5, 0x08, 0xc5, 0x10,
    0xc5, 0x10, 0xc5, 0x10, 0xc5, 0x10, 0xe4, 0x08, 0xe5, 0x10, 0xc4, 0x10,
    0xc5, 0x08, 0xc5, 0x10, 0xc5, 0x10, 0xc4, 0x10, 0xe5, 0x10, 0xc5, 0x10,
    0xc5, 0x10, 0xc5, 0x08, 0xc4, 0x10, 0xc5, 0x10, 0xe5, 0x10, 0xc5, 0x08,
    0xc4, 0x10, 0xc5, 0x10, 0xc5, 0x10, 0xc5, 0x08, 0xe5, 0x10, 0xc5, 0x10,
    0xe5, 0x10, 0xc4, 0x10, 0xc5, 0x10, 0xe5, 0x10, 0xc5, 0x10, 0xc5, 0x08,
    0xc5, 0x10, 0xe4, 0x10, 0xe4, 0x10, 0xc5, 0x10, 0xc5, 0x10, 0xc4, 0x08,
    0xe5, 0x10, 0xc5, 0x10, 0xc4, 0x10, 0xc5, 0x10, 0xc5, 0x10, 0xc5, 0x10,
    0xc5, 0x10, 0xc4, 0x10, 0xc5, 0x08, 0xc5, 0x10, 0xc4, 0x10, 0xe4, 0x10,
    0xc5, 0x10, 0xc5, 0x10, 0xc4, 0x10, 0xe5, 0x10, 0xc5, 0x10, 0xc5, 0x10,
    0xe5, 0x08, 0xc4, 0x10, 0xc5, 0x10, 0xe5, 0x10, 0xc4, 0x10, 0xc5, 0x10,
    0xe5, 0x10, 0xc4, 0x08, 0xc5, 0x10, 0xc5, 0x10, 0xe5, 0x10, 0xc4, 0x08,
    0xc5, 0x10, 0xc5, 0x10, 0xc4, 0x08, 0xe5, 0x10, 0xc5, 0x10, 0xc5, 0x10,
    0xc5, 0x10, 0xc5, 0x10, 0xc4, 0x10, 0xe4, 0x10, 0xc5, 0x10, 0xe5, 0x10,
    0xe5, 0x10, 0xc5, 0x10, 0xe5, 0x10, 0xc5, 0x10, 0xc5, 0x10, 0xc5, 0x10,
    0xe4, 0x10, 0xc5, 0x10, 0xc5, 0x10, 0xc5, 0x08, 0xc4, 0x10, 0xe5, 0x10,
    0xc5, 0x10, 0xc5, 0x10, 0xc5, 0x10, 0xc4, 0x10, 0xc5, 0x10, 0xc5, 0x10,
    0xc5, 0x10, 0xc5, 0x08, 0xe5, 0x10, 0xc4, 0x10, 0xc5, 0x08, 0xc5, 0x10,
    0xe5, 0x10, 0xc5, 0x10, 0xc5, 0x10, 0xc4, 0x10, 0xc5, 0x10, 0xc4, 0x10,
    0xc5, 0x10, 0xc5, 0x10, 0xc5, 0x10, 0xe5, 0x10, 0xc5, 0x10, 0xc5, 0x10,
    0xc5, 0x10, 0xc4, 0x10, 0xe5, 0x08, 0xc5, 0x10, 0xc5, 0x10, 0xe5, 0x10,
    0xc5, 0x10, 0xc4, 0x10, 0xc5, 0x08, 0xe5, 0x10, 0xc5, 0x10, 0xc5, 0x10,
    0xc4, 0x10, 0xe5, 0x08, 0xc5, 0x10, 0xc5, 0x10, 0xe5, 0x10, 0xc5, 0x08,
    0xc5, 0x10, 0xc4, 0x10, 0xc5, 0x10, 0xc5, 0x10, 0xc5, 0x10, 0xc4, 0x10,
    0xc5, 0x10, 0xe5, 0x10, 0xe5, 0x10, 0xc4, 0x10, 0xc5, 0x10, 0xe5, 0x10,
    0xe5, 0x10, 0xc5, 0x08, 0xc4, 0x10, 0xc5, 0x10, 0xc5, 0x10, 0xc4, 0x10,
    0xc5, 0x10, 0xc5, 0x10, 0xe5, 0x10, 0xc5, 0x08, 0xc4, 0x10, 0xe5, 0x10,
    0xc4, 0x10, 0xc5, 0x10, 0xc5, 0x10, 0xc4, 0x10, 0xe5, 0x10, 0xc4, 0x10,
    0xc5, 0x10, 0xe5, 0x08, 0xc5, 0x10, 0xc4, 0x10, 0xe5, 0x10, 0xc5, 0x10,
    0xc5, 0x08, 0xc5, 0x10, 0xe5, 0x10, 0xc5, 0x10, 0xc5, 0x10, 0xc4, 0x10,
    0xc4, 0x10, 0xe5, 0x10, 0xe4, 0x10, 0xc5, 0x08, 0xc4, 0x10, 0xc4, 0x10,
    0xc5, 0x10, 0xc5, 0x10, 0xc5, 0x08, 0xc4, 0x10, 0xc5, 0x10, 0xc5, 0x08,
    0xc5, 0x10, 0xc5, 0x10, 0xc4, 0x10, 0xe5, 0x10, 0xc5, 0x10, 0xc5, 0x08,
    0xe5, 0x10, 0xc5, 0x10, 0xc5, 0x10, 0xc5, 0x10, 0xc4, 0x10, 0xc5, 0x10,
    0xc5, 0x10, 0xc4, 0x10, 0xc5, 0x10, 0xe5, 0x10, 0xc5, 0x10, 0xc5, 0x10,
    0xc4, 0x10, 0xc5, 0x10, 0xe5, 0x08, 0xc5, 0x10, 0xc5, 0x10, 0xc4, 0x10,
    0xc5, 0x10, 0xc5, 0x08, 0xc5, 0x10, 0xc4, 0x10, 0xe5, 0x10, 0xe4, 0x10,
    0xc5, 0x10, 0xe5, 0x08, 0xc4, 0x10, 0xc5, 0x10, 0xc5, 0x08, 0xc5, 0x10,
    0xc5, 0x10, 0xc5, 0x10, 0xc5, 0x10, 0xc5, 0x08, 0xe5, 0x10, 0xe5, 0x10,
    0xc4, 0x08, 0xe5, 0x10, 0xc5, 0x10, 0xc5, 0x10, 0xc5, 0x10, 0xe4, 0x10,
    0xc5, 0x08, 0xc5, 0x10, 0xe4, 0x10, 0xc5, 0x10, 0xc5, 0x10, 0xc4, 0x10,
    0xe5, 0x08, 0xc5, 0x10, 0xc5, 0x10, 0xc4, 0x10, 0xc5, 0x10, 0xc5, 0x10,
    0xc4, 0x10, 0xc5, 0x10, 0xe5, 0x08, 0xe5, 0x10, 0xc5, 0x10, 0xe4, 0x10,
    0xc4, 0x10, 0xc5, 0x10, 0xc5, 0x10, 0xe5, 0x10, 0xc5, 0x10, 0xc4, 0x10,
    0xe5, 0x10, 0xc5, 0x10, 0xc5, 0x10, 0xe4, 0x10, 0xc5, 0x10, 0xc5, 0x10,
    0xc5, 0x08, 0xe5, 0x10, 0xc5, 0x10, 0xc5, 0x08, 0xc4, 0x10, 0xc5, 0x10,
    0xe5, 0x10, 0xc5, 0x10, 0xc5, 0x08, 0xc4, 0x10, 0xc4, 0x10, 0xe5, 0x10,
    0xc5, 0x10, 0xc4, 0x10, 0xc5, 0x08, 0xe5, 0x10, 0xc4, 0x10, 0xe4, 0x08,
    0xc5, 0x10, 0xc5, 0x10, 0xe4, 0x10, 0xe5, 0x10, 0xc5, 0x08, 0xc5, 0x10,
    0xc5, 0x10, 0xc4, 0x10, 0xe5, 0x10, 0xc5, 0x08, 0xc5, 0x10, 0xe4, 0x10,
    0xc5, 0x10, 0xe4, 0x10, 0xc5, 0x10, 0xc5, 0x10, 0xc5, 0x08, 0xe4, 0x10,
    0xc5, 0x10, 0xc5, 0x10, 0xc5, 0x10, 0xe5, 0x10, 0xc4, 0x10, 0xc5, 0x10,
    0xc5, 0x10, 0xe5, 0x10, 0xc5, 0x10, 0xc5, 0x10, 0xc4, 0x10, 0xc4, 0x10,
    0xc5, 0x10, 0xc5, 0x08, 0xc5, 0x10, 0xe5, 0x10, 0xc5, 0x10, 0xc5, 0x10,
    0xc5, 0x10, 0xc5, 0x10, 0xc5, 0x08, 0xe5, 0x10, 0xc4, 0x10, 0xe4, 0x08,
    0xc5, 0x10, 0xc5, 0x10, 0xc5, 0x10, 0xe4, 0x10, 0xc5, 0x10, 0xc5, 0x10,
    0xe4, 0x08, 0xc4, 0x10, 0xe5, 0x10, 0xe5, 0x10, 0xc5, 0x10, 0xc4, 0x08,
    0xc5, 0x10, 0xe5, 0x10, 0xc5, 0x10, 0xc5, 0x10, 0xc5, 0x10, 0xe5, 0x10,
    0xc4, 0x10, 0xc5, 0x08, 0xc4, 0x10, 0xe5, 0x10, 0xc5, 0x08, 0xc5, 0x10,
    0xe4, 0x10, 0xc5, 0x10, 0xc5, 0x10, 0xc5, 0x08, 0xe4, 0x10, 0xc5, 0x10,
    0xe5, 0x10, 0xc4, 0x10, 0xc5, 0x10, 0xc5, 0x10, 0xc4, 0x10, 0xc5, 0x10,
    0xc5, 0x10, 0xc5, 0x10, 0xc4, 0x10, 0xc5, 0x10, 0xe5, 0x08, 0xc4, 0x10,
    0xe5, 0x10, 0xc4, 0x10, 0xc5, 0x10, 0xe4, 0x10, 0xc5, 0x10, 0xc5, 0x10,
    0xe4, 0x10, 0xc5, 0x10, 0xc5, 0x08, 0xe5, 0x10, 0xe4, 0x10, 0xc5, 0x08,
    0xc5, 0x10, 0xc5, 0x10, 0xc4, 0x10, 0xe5, 0x10, 0xc5, 0x08, 0xc5, 0x10,
    0xc5, 0x10, 0xc5, 0x10, 0xe5, 0x10, 0xc4, 0x10, 0xc5, 0x10, 0xe5, 0x08,
    0xc5, 0x10, 0xc4, 0x10, 0xc5, 0x10, 0xe5, 0x10, 0xc4, 0x10, 0xc5, 0x10,
    0xc5, 0x08, 0xc4, 0x10, 0xe5, 0x10, 0xc4, 0x10, 0xc5, 0x08, 0xc5, 0x10,
    0xc4, 0x10, 0xe5, 0x10, 0xc4, 0x10, 0xc5, 0x10, 0xc5, 0x10, 0xc5, 0x10,
    0xc4, 0x10, 0xe5, 0x10, 0xc5, 0x10, 0xc4, 0x10, 0xc5, 0x10, 0xe5, 0x10,
    0xe5, 0x08, 0xc5, 0x10, 0xc5, 0x10, 0xc4, 0x10, 0xe5, 0x10, 0xc5, 0x10,
    0xe5, 0x10, 0xc5, 0x10, 0xc4, 0x10, 0xe5, 0x10, 0xc5, 0x10, 0xc5, 0x10,
    0xe4, 0x10, 0xc4, 0x10, 0xc5, 0x08, 0xc5, 0x10, 0xe5, 0x10, 0xc5, 0x10,
    0xc5, 0x10, 0xc4, 0x10, 0xc5, 0x10, 0xe5, 0x08, 0xc4, 0x10, 0xe5, 0x10,
    0xc5, 0x10, 0xc5, 0x08, 0xe5, 0x10, 0xc4, 0x10, 0xc5, 0x10, 0xe5, 0x08,
    0xc4, 0x10, 0xc5, 0x10, 0xe5, 0x10, 0xc5, 0x10, 0xc4, 0x10, 0xe5, 0x10,
    0xc5, 0x10, 0xc5, 0x10, 0xe4, 0x10, 0xc5, 0x10, 0xc4, 0x08, 0xc5, 0x10,
    0xc4, 0x10, 0xc5, 0x10, 0xe5, 0x10, 0xc5, 0x10, 0xc5, 0x10, 0xe5, 0x10,
    0xc5, 0x10, 0xc5, 0x10, 0xe4, 0x10, 0xc4, 0x10, 0xc5, 0x10, 0xc5, 0x10,
    0xc5, 0x10, 0xc5, 0x10, 0xe4, 0x10, 0xc5, 0x10, 0xc5, 0x10, 0xc5, 0x10,
    0xc4, 0x10, 0xe5, 0x10, 0xc5, 0x10, 0xc5, 0x10, 0xc5, 0x10, 0xe4, 0x10,
    0xc5, 0x10, 0xc5, 0x10, 0xe4, 0x10, 0xc5, 0x10, 0xc5, 0x10, 0xc5, 0x10,
    0xe5, 0x10, 0xe5, 0x10, 0xc4, 0x10, 0xc5, 0x10, 0xc5, 0x10, 0xc5, 0x08,
    0xc5, 0x10, 0xe5, 0x10, 0xc5, 0x10, 0xc5, 0x08, 0xc4, 0x10, 0xc5, 0x10,
    0xe5, 0x10, 0xc4, 0x08, 0xc5, 0x10, 0xe5, 0x10, 0xc4, 0x10, 0xc5, 0x10,
    0xc4, 0x10, 0xc5, 0x10, 0xc5, 0x10, 0xc4, 0x10, 0xe5, 0x10, 0xc5, 0x10,
    0xc4, 0x10, 0xc5, 0x10, 0xc5, 0x10, 0xc5, 0x10, 0xe5, 0x10, 0xc5, 0x10,
    0xc4, 0x10, 0xc5, 0x10, 0xe5, 0x10, 0xc5, 0x10, 0xc5, 0x10, 0xc5, 0x10,
    0xe4, 0x10, 0xc5, 0x10, 0xc5, 0x10, 0xc4, 0x10, 0xc5, 0x10, 0xc5, 0x10,
    0xc4, 0x10, 0xe5, 0x08, 0xc5, 0x10, 0xc5, 0x10, 0xc4, 0x10, 0xc5, 0x10,
    0xc5, 0x10, 0xc5, 0x10, 0xc5, 0x08, 0xc5, 0x10, 0xe5, 0x10, 0xc5, 0x10,
    0xc4, 0x10, 0xc5, 0x10, 0xe5, 0x10, 0xc4, 0x08, 0xc5, 0x10, 0xc5, 0x10,
    0xe5, 0x10, 0xc4, 0x10, 0xc5, 0x10, 0xc5, 0x10, 0xe5, 0x08, 0xc5, 0x10,
    0xe4, 0x10, 0xe5, 0x10, 0xc5, 0x10, 0xc5, 0x08, 0xc5, 0x10, 0xc4, 0x10,
    0xc4, 0x08, 0xc5, 0x10, 0xe4, 0x10, 0xc4, 0x10, 0xc5, 0x10, 0xc5, 0x10,
    0xc5, 0x10, 0xc5, 0x08, 0xe4, 0x10, 0xc5, 0x10, 0xc5, 0x10, 0xe5, 0x10,
    0xc5, 0x10, 0xc5, 0x10, 0xc4, 0x08, 0xc5, 0x10, 0xe5, 0x10, 0xc5, 0x10,
    0xe4, 0x10, 0xc4, 0x10, 0xc5, 0x08, 0xc4, 0x10, 0xe5, 0x10, 0xc5, 0x10,
    0xc4, 0x10, 0xc5, 0x10, 0xe5, 0x10, 0xc4, 0x10, 0xc5, 0x10, 0xe5, 0x10,
    0xc5, 0x10, 0xe5, 0x08, 0xc4, 0x10, 0xc4, 0x10, 0xc5, 0x10, 0xc4, 0x08,
    0xc5, 0x10, 0xe5, 0x10, 0xc5, 0x10, 0xc5, 0x10, 0xe5, 0x10, 0xc4, 0x08,
    0xc5, 0x10, 0xe5, 0x10, 0xe5, 0x10, 0xc5, 0x10, 0xc4, 0x10, 0xc5, 0x10,
    0xc5, 0x10, 0xc5, 0x10, 0xc5, 0x10, 0xc5, 0x08, 0xc4, 0x10, 0xc5, 0x10,
    0xc4, 0x10, 0xe5, 0x10, 0xc5, 0x10, 0xc5, 0x10, 0xc4, 0x10, 0xc5, 0x10,
    0xe5, 0x10, 0xc5, 0x08, 0xc5, 0x10, 0xc5, 0x10, 0xe5, 0x10, 0xc4, 0x10,
    0xc4, 0x10, 0xc5, 0x10, 0xc4, 0x10, 0xc5, 0x08, 0xc5, 0x10, 0xc5, 0x10,
    0xc5, 0x10, 0xc5, 0x10, 0xe4, 0x10, 0xc5, 0x10, 0xc5, 0x10, 0xc5, 0x10,
    0xe5, 0x10, 0xc5, 0x10, 0xc5, 0x10, 0xc5, 0x10, 0xe5, 0x10, 0xc5, 0x10,
    0xc5, 0x10, 0xc5, 0x10, 0xc5, 0x10, 0xe5, 0x10, 0xe5, 0x08, 0xc4, 0x10,
    0xc5, 0x10, 0xc4, 0x10, 0xe5, 0x08, 0xc5, 0x10, 0xc4, 0x10, 0xc5, 0x10,
    0xc5, 0x10, 0xc5, 0x10, 0xc5, 0x10, 0xc5, 0x10, 0xc5, 0x10, 0xe5, 0x10,
    0xc5, 0x08, 0xe4, 0x10, 0xc5, 0x10, 0xc5, 0x10, 0xe5, 0x10, 0xc4, 0x10,
    0xc5, 0x10, 0xe5, 0x10, 0xe5, 0x10, 0xc5, 0x10, 0xc5, 0x10, 0xe4, 0x10,
    0xc4, 0x10, 0xc5, 0x10, 0xe5, 0x10, 0xc5, 0x10, 0xc5, 0x10, 0xc5, 0x10,
    0xe5, 0x10, 0xc4, 0x10, 0xc5, 0x10, 0xc5, 0x10, 0xc5, 0x10, 0xc5, 0x10,
    0xe5, 0x10, 0xc5, 0x10, 0xc5, 0x10, 0xc4, 0x10, 0xc5, 0x10, 0xc5, 0x08,
    0xe5, 0x10, 0xc4, 0x10, 0xc5, 0x10, 0xc5, 0x10, 0xc5, 0x10, 0xc5, 0x10,
    0xc5, 0x10, 0xc5, 0x10, 0xc5, 0x10, 0xe4, 0x10, 0xc5, 0x10, 0xc4, 0x10,
    0xe4, 0x08, 0xc5, 0x10, 0xc5, 0x10, 0xc5, 0x10, 0xc4, 0x10, 0xc5, 0x10,
    0xc5, 0x10, 0xc4, 0x10, 0xc5, 0x10, 0xe5, 0x08, 0xc5, 0x10, 0xc4, 0x10,
    0xc5, 0x10, 0xc5, 0x10, 0xc5, 0x10, 0xc4, 0x08, 0xe5, 0x10, 0xc5, 0x10,
    0xc5, 0x10, 0xc4, 0x10, 0xc5, 0x10, 0xe5, 0x08, 0xc5, 0x10, 0xe4, 0x10,
    0xc5, 0x08, 0xc5, 0x10, 0xc4, 0x10, 0xc5, 0x10, 0xc5, 0x10, 0xc4, 0x10,
    0xc5, 0x10, 0xc4, 0x10, 0xe4, 0x10, 0xc5, 0x10, 0xc5, 0x10, 0xc5, 0x10,
    0xc5, 0x10, 0xc5, 0x10, 0xe5, 0x10, 0xc4, 0x10, 0xc5, 0x08, 0xc5, 0x10,
    0xe5, 0x10, 0xc4, 0x10, 0xc5, 0x10, 0xe5, 0x10, 0xc4, 0x10, 0xc5, 0x10,
    0xe5, 0x08, 0xc4, 0x10, 0xc5, 0x10, 0xe5, 0x10, 0xc5, 0x08, 0xc5, 0x10,
    0xc5, 0x10, 0xe5, 0x08, 0xc5, 0x10, 0xc4, 0x10, 0xc5, 0x10, 0xc5, 0x10,
    0xc5, 0x10, 0xe5, 0x08, 0xc5, 0x10, 0xc5, 0x10, 0xc4, 0x10, 0xe5, 0x10,
    0xe5, 0x10, 0xc5, 0x10, 0xc5, 0x10, 0xc4, 0x10, 0xe5, 0x10, 0xc5, 0x08,
    0xc5, 0x10, 0xc4, 0x10, 0xc5, 0x10, 0xe4, 0x10, 0xc4, 0x10, 0xc5, 0x10,
    0xc5, 0x08, 0xe5, 0x10, 0xc5, 0x10, 0xc4, 0x10, 0xc5, 0x10, 0xe5, 0x10,
    0xc4, 0x10, 0xc5, 0x08, 0xc5, 0x10, 0xe4, 0x10, 0xc5, 0x10, 0xc5, 0x10,
    0xc5, 0x10, 0xc5, 0x10, 0xc4, 0x10, 0xe4, 0x10, 0xc5, 0x10, 0xe5, 0x10,
    0xe5, 0x10, 0xc5, 0x10, 0xc5, 0x10, 0xc5, 0x08, 0xc5, 0x10, 0xe5, 0x10,
    0xc5, 0x10, 0xe4, 0x10, 0xc5, 0x10, 0xc5, 0x10, 0xc5, 0x08, 0xc4, 0x10,
    0xc5, 0x10, 0xe5, 0x10, 0xc5, 0x10, 0xc4, 0x10, 0xc5, 0x10, 0xc5, 0x10,
    0xc5, 0x10, 0xc5, 0x10, 0xc5, 0x10, 0xe5, 0x10, 0xc4, 0x10, 0xc5, 0x08,
    0xc5, 0x10, 0xe5, 0x10, 0xc5, 0x10, 0xc5, 0x10, 0xe5, 0x10, 0xc4, 0x10,
    0xc5, 0x10, 0xc5, 0x10, 0xc5, 0x10, 0xe5, 0x10, 0xc5, 0x10, 0xc5, 0x10,
    0xc4, 0x10, 0xc5, 0x10, 0xe5, 0x08, 0xc5, 0x10, 0xc4, 0x10, 0xe5, 0x10,
    0xc5, 0x10, 0xc4, 0x08, 0xc5, 0x10, 0xc5, 0x10, 0xc4, 0x10, 0xe5, 0x10,
    0xc5, 0x08, 0xe5, 0x10, 0xe4, 0x10, 0xc5, 0x10, 0xc5, 0x10, 0xe5, 0x10,
    0xc5, 0x08, 0xc5, 0x10, 0xe4, 0x10, 0xc5, 0x08, 0xc5, 0x10, 0xc5, 0x10,
    0xc4, 0x10, 0xe5, 0x10, 0xc5, 0x10, 0xc4, 0x10, 0xc5, 0x10, 0xc5, 0x10,
    0xe5, 0x08, 0xc5, 0x10, 0xe5, 0x10, 0xe5, 0x10, 0xc5, 0x10, 0xe4, 0x10,
    0xc5, 0x10, 0xc5, 0x10, 0xc5, 0x10, 0xc5, 0x08, 0xc4, 0x10, 0xe5, 0x10,
    0xc5, 0x10, 0xc4, 0x10, 0xc5, 0x08, 0xe5, 0x10, 0xc4, 0x10, 0xc5, 0x10,
    0xe5, 0x10, 0xe5, 0x08, 0xc4, 0x10, 0xc5, 0x10, 0xc5, 0x10, 0xe5, 0x10,
    0xc5, 0x10, 0xc5, 0x10, 0xc4, 0x10, 0xe5, 0x10, 0xc5, 0x08, 0xe4, 0x10,
    0xc5, 0x10, 0xc4, 0x10, 0xe4, 0x10, 0xc5, 0x08, 0xc5, 0x10, 0xc5, 0x10,
    0xc4, 0x10, 0xc5, 0x10, 0xe5, 0x10, 0xc5, 0x10, 0xc4, 0x08, 0xe5, 0x10,
    0xc5, 0x10, 0xc5, 0x08, 0xc5, 0x10, 0xc4, 0x10, 0xc4, 0x10, 0xc5, 0x08,
    0xc5, 0x10, 0xe5, 0x10, 0xc5, 0x08, 0xc4, 0x10, 0xc4, 0x10, 0xc5, 0x08,
    0xc5, 0x10, 0xe5, 0x10, 0xc4, 0x10, 0xe5, 0x08, 0xe5, 0x10, 0xc4, 0x10,
    0xc4, 0x10, 0xe5, 0x08, 0xc5, 0x10, 0xe4, 0x10, 0xe5, 0x10, 0xc5, 0x10,
    0xc4, 0x10, 0xe5, 0x10, 0xc5, 0x08, 0xe5, 0x10, 0xe5, 0x10, 0xc5, 0x10,
    0xe5, 0x08, 0xe5, 0x10, 0xc4, 0x10, 0xc5, 0x08, 0xe5, 0x10, 0xc5, 0x10,
    0xc5, 0x10, 0xe4, 0x10, 0xc5, 0x10, 0xe5, 0x08, 0xe5, 0x10, 0xc5, 0x10,
    0xe4, 0x08, 0xe5, 0x10, 0xc5, 0x10, 0xc5, 0x10, 0xe4, 0x10, 0xc5, 0x10,
    0xe5, 0x08, 0xe5, 0x10, 0xc4, 0x10, 0xe5, 0x10, 0xc5, 0x10, 0xc5, 0x10,
    0xe4, 0x08, 0xc5, 0x10, 0xe5, 0x10, 0xc5, 0x10, 0xc5, 0x10, 0xc4, 0x10,
    0xc5, 0x10, 0xc5, 0x10, 0xc5, 0x10, 0xe5, 0x08, 0xc4, 0x10, 0xe5, 0x10,
    0xe5, 0x10, 0xc5, 0x10, 0xc5, 0x08, 0xe5, 0x10, 0xc4, 0x10, 0xe5, 0x08,
    0xe5, 0x10, 0xc4, 0x10, 0xc5, 0x10, 0xc5, 0x10, 0xc5, 0x10, 0xc5, 0x10,
    0xe4, 0x10, 0xc5, 0x10, 0xe5, 0x08, 0xc4, 0x10, 0xc5, 0x10, 0xc5, 0x10,
    0xe5, 0x10, 0xc5, 0x10, 0xc5, 0x10, 0xe4, 0x10, 0xc4, 0x10, 0xc5, 0x10,
    0xe5, 0x10, 0xc4, 0x10, 0xc5, 0x10, 0xc5, 0x10, 0xe4, 0x08, 0xe5, 0x10,
    0xc5, 0x10, 0xc4, 0x10, 0xc5, 0x10, 0xe5, 0x10, 0xc5, 0x08, 0xc5, 0x10,
    0xc5, 0x10, 0xc4, 0x10, 0xc5, 0x10, 0xe4, 0x10, 0xc5, 0x10, 0xe5, 0x10,
    0xc4, 0x10, 0xe5, 0x10, 0xe5, 0x10, 0xc5, 0x10, 0xc5, 0x10, 0xc5, 0x10,
    0xe5, 0x10, 0xc5, 0x10, 0xc4, 0x10, 0xc5, 0x10, 0xc5, 0x10, 0xe4, 0x08,
    0xc5, 0x10, 0xc5, 0x10, 0xe5, 0x10, 0xc5, 0x10, 0xc4, 0x10, 0xc5, 0x10,
    0xe5, 0x08, 0xc5, 0x10, 0xc5, 0x10, 0xc5, 0x10, 0xc4, 0x10, 0xc5, 0x10,
    0xc5, 0x10, 0xc5, 0x10, 0xe4, 0x10, 0xc5, 0x10, 0xc5, 0x10, 0xe5, 0x10,
    0xc4, 0x10, 0xc5, 0x10, 0xc5, 0x10, 0xc4, 0x10, 0xe5, 0x10, 0xc5, 0x10,
    0xc4, 0x10, 0xc5, 0x10, 0xe5, 0x10, 0xc5, 0x10, 0xc4, 0x10, 0xe5, 0x08,
    0xc5, 0x10, 0xc5, 0x10, 0xe4, 0x10, 0xc5, 0x10, 0xc5, 0x10, 0xc4, 0x10,
    0xe5, 0x10, 0xc5, 0x08, 0xc4, 0x10, 0xc5, 0x10, 0xc5, 0x08, 0xc4, 0x10,
    0xc5, 0x10, 0xc5, 0x10, 0xe4, 0x10, 0xc5, 0x10, 0xc5, 0x10, 0xe5, 0x10,
    0xe5, 0x10, 0xc5, 0x10, 0xc4, 0x10, 0xe4, 0x10, 0xc5, 0x10, 0xc5, 0x10,
    0xe5, 0x10, 0xc4, 0x10, 0xc5, 0x10, 0xc5, 0x10, 0xe5, 0x08, 0xc5, 0x10,
    0xc5, 0x10, 0xc4, 0x10, 0xc5, 0x10, 0xe5, 0x10, 0xc5, 0x10, 0xc5, 0x10,
    0xe4, 0x10, 0xc5, 0x10, 0xc5, 0x10, 0xc4, 0x10, 0xe5, 0x10, 0xc5, 0x10,
    0xe4, 0x10, 0xc5, 0x10, 0xc4, 0x10, 0xe5, 0x08, 0xc5, 0x10, 0xc4, 0x10,
    0xe5, 0x10, 0xc5, 0x10, 0xc4, 0x10, 0xc5, 0x10, 0xc5, 0x10, 0xc4, 0x10,
    0xc5, 0x10, 0xc4, 0x10, 0xe5, 0x10, 0xc5, 0x10, 0xc5, 0x10, 0xe4, 0x10,
    0xc5, 0x08, 0xc5, 0x10, 0xe5, 0x10, 0xc4, 0x10, 0xc5, 0x10, 0xc5, 0x08,
    0xc4, 0x10, 0xc4, 0x10, 0xc5, 0x10, 0xc5, 0x10, 0xc4, 0x10, 0xc4, 0x10,
    0xe5, 0x08, 0xc5, 0x10, 0xc5, 0x10, 0xc5, 0x10, 0xc5, 0x10, 0xc5, 0x10,
    0xc5, 0x08, 0xc5, 0x10, 0xe5, 0x10, 0xc5, 0x10, 0xe4, 0x10, 0xc4, 0x10,
    0xc5, 0x10, 0xc5, 0x10, 0xc5, 0x08, 0xc4, 0x10, 0xc5, 0x10, 0xc5, 0x10,
    0xc5, 0x10, 0xc4, 0x10, 0xc5, 0x10, 0xc5, 0x10, 0xe5, 0x10, 0xc5, 0x10,
    0xc5, 0x10, 0xc5, 0x10, 0xc4, 0x10, 0xc5, 0x10, 0xe5, 0x10, 0xe4, 0x10,
    0xc5, 0x10, 0xc5, 0x10, 0xc5, 0x10, 0xc4, 0x10, 0xc5, 0x10, 0xc5, 0x10,
    0xc5, 0x10, 0xc5, 0x10, 0xc4, 0x10, 0xc5, 0x10, 0xc5, 0x10, 0xc4, 0x10,
    0xc5, 0x10, 0xc5, 0x10, 0xc5, 0x10, 0xc4, 0x10, 0xc4, 0x10, 0xc5, 0x10,
    0xc4, 0x10, 0xc4, 0x10, 0xc5, 0x10, 0xc5, 0x10, 0xc5, 0x10, 0xc4, 0x10,
    0xc5, 0x10, 0xc5, 0x10, 0xc4, 0x10, 0xc5, 0x10, 0xc5, 0x10, 0xc4, 0x10,
    0xc5, 0x10, 0xc5, 0x10, 0xc5, 0x10, 0xc4, 0x10, 0xc5, 0x10, 0xc5, 0x10,
    0xc5, 0x10, 0xc4, 0x10, 0xc5, 0x10, 0xc5, 0x10, 0xc5, 0x10, 0xc4, 0x10,
    0xc5, 0x10, 0xc5, 0x10, 0xc4, 0x10, 0xc5, 0x10, 0xc4, 0x10, 0xe5, 0x10,
    0xc5, 0x10, 0xc4, 0x10, 0xe5, 0x10, 0xc5, 0x10, 0xc5, 0x10, 0xc5, 0x10,
    0xc5, 0x10, 0xc5, 0x10, 0xc5, 0x10, 0xc5, 0x10, 0xc4, 0x10, 0xc5, 0x10,
    0xc5, 0x10, 0xc4, 0x10, 0xc5, 0x08, 0xe5, 0x10, 0xc4, 0x10, 0xe5, 0x10,
    0xc5, 0x10, 0xc5, 0x10, 0xc5, 0x10, 0xc5, 0x10, 0xc5, 0x10, 0xc5, 0x10,
    0xc4, 0x10, 0xc5, 0x10, 0xc5, 0x10, 0xc5, 0x10, 0xc5, 0x10, 0xc5, 0x10,
    0xc4, 0x10, 0xc5, 0x10, 0xe5, 0x10, 0xc4, 0x10, 0xc5, 0x10, 0xc5, 0x10,
    0xc4, 0x10, 0xc5, 0x10, 0xe5, 0x10, 0xc4, 0x10, 0xc5, 0x10, 0xe5, 0x10,
    0xc4, 0x10, 0xc5, 0x08, 0xc5, 0x10, 0xc5, 0x10, 0xc5, 0x08, 0xc5, 0x10,
    0xc5, 0x10, 0xc5, 0x10, 0xc4, 0x08, 0xc5, 0x10, 0xe5, 0x10, 0xc5, 0x08,
    0xc4, 0x10, 0xe4, 0x10, 0xc5, 0x08, 0xe5, 0x10, 0xc5, 0x10, 0xc5, 0x10,
    0xc5, 0x10, 0xe4, 0x10, 0xc4, 0x08, 0xc5, 0x10, 0xc5, 0x10, 0xe4, 0x10,
    0xc5, 0x10, 0xc4, 0x10, 0xc5, 0x10, 0xe5, 0x08, 0xc5, 0x10, 0xc4, 0x10,
    0xc5, 0x08, 0xc5, 0x10, 0xc4, 0x10, 0xe5, 0x10, 0xc5, 0x10, 0xc4, 0x10,
    0xc5, 0x08, 0xc5, 0x10, 0xe5, 0x10, 0xc5, 0x08, 0xc5, 0x10, 0xe4, 0x10,
    0xc5, 0x10, 0xc5, 0x08, 0xc4, 0x10, 0xe5, 0x10, 0xc5, 0x10, 0xc4, 0x10,
    0xe5, 0x10, 0xc4, 0x10, 0xc5, 0x08, 0xc5, 0x10, 0xc5, 0x10, 0xe5, 0x10,
    0xc5, 0x10, 0xc5, 0x10, 0xe4, 0x10, 0xc5, 0x10, 0xc5, 0x10, 0xe5, 0x10,
    0xc5, 0x10, 0xe5, 0x08, 0xc4, 0x10, 0xc5, 0x10, 0xc5, 0x08, 0xc4, 0x10,
    0xc5, 0x10, 0xc5, 0x08, 0xc5, 0x10, 0xc5, 0x10, 0xc5, 0x08, 0xc5, 0x10,
    0xc5, 0x10, 0xc5, 0x10, 0xe5, 0x10, 0xe4, 0x10, 0xc5, 0x10, 0xc5, 0x10,
    0xc4, 0x10, 0xc5, 0x10, 0xc5, 0x08, 0xc4, 0x10, 0xc4, 0x10, 0xc5, 0x08,
    0xc5, 0x10, 0xc5, 0x10, 0xc5, 0x10, 0xe5, 0x10, 0xc5, 0x10, 0xc5, 0x10,
    0xc5, 0x08, 0xc5, 0x10, 0xc5, 0x10, 0xe5, 0x10, 0xc5, 0x10, 0xc5, 0x10,
    0xc4, 0x10, 0xc5, 0x10, 0xc5, 0x10, 0xc4, 0x08, 0xc5, 0x10, 0xe5, 0x10,
    0xc5, 0x10, 0xc5, 0x10, 0xc4, 0x10, 0xe5, 0x10, 0xc4, 0x10, 0xc5, 0x10,
    0xc5, 0x10, 0xe5, 0x10, 0xc4, 0x10, 0xc5, 0x10, 0xc5, 0x10, 0xc5, 0x10,
    0xe5, 0x10, 0xc5, 0x10, 0xc5, 0x08, 0xe5, 0x10, 0xc5, 0x10, 0xc5, 0x10,
    0xc5, 0x10, 0xe4, 0x10, 0xc5, 0x10, 0xc5, 0x10, 0xe4, 0x10, 0xc5, 0x10,
    0xe5, 0x10, 0xc4, 0x10, 0xc5, 0x10, 0xc5, 0x10, 0xc5, 0x10, 0xe5, 0x08,
    0xc5, 0x10, 0xe5, 0x10, 0xc4, 0x10, 0xc5, 0x10, 0xe5, 0x10, 0xc5, 0x08,
    0xc4, 0x10, 0xe5, 0x10, 0xe4, 0x10, 0xc5, 0x08, 0xc5, 0x10, 0xe5, 0x10,
    0xc4, 0x10, 0xc5, 0x10, 0xe5, 0x10, 0xc5, 0x10, 0xc5, 0x10, 0xc5, 0x10,
    0xc4, 0x10, 0xc5, 0x10, 0xc5, 0x10, 0xc5, 0x10, 0xc4, 0x10, 0xc5, 0x10,
    0xc5, 0x10, 0xc5, 0x10, 0xc5, 0x10, 0xc5, 0x10, 0xc5, 0x10, 0xc5, 0x10,
    0xc5, 0x10, 0xc5, 0x10, 0xc4, 0x10, 0xc5, 0x10, 0xc5, 0x10, 0xc5, 0x10,
    0xc5, 0x10, 0xc5, 0x10, 0xc5, 0x10, 0xc5, 0x10, 0xc4, 0x10, 0xc5, 0x10,
    0xc5, 0x10, 0xc5, 0x10, 0xc5, 0x10, 0xc5, 0x10, 0xc4, 0x10, 0xc5, 0x10,
    0xc5, 0x10, 0xc5, 0x10, 0xc4, 0x10, 0xc5, 0x10, 0xc5, 0x10, 0xc5, 0x10,
    0xc4, 0x10, 0xc5, 0x10, 0xc5, 0x10, 0xc5, 0x10, 0xc4, 0x10, 0xc5, 0x10,
    0xc5, 0x10, 0xc5, 0x10, 0xc5, 0x10, 0xc5, 0x10, 0xc5, 0x10, 0xc4, 0x10,
    0xc5, 0x10, 0xc5, 0x10, 0xc4, 0x10, 0xc5, 0x10, 0xc4, 0x10, 0xc5, 0x10,
    0xc4, 0x10, 0xc4, 0x10, 0xc5, 0x10, 0xc5, 0x10, 0xc5, 0x10, 0xc5, 0x10,
    0xc5, 0x10, 0xc5, 0x10, 0xe5, 0x10, 0xc5, 0x10, 0xc5, 0x10, 0xc5, 0x10,
    0xc5, 0x10, 0xc5, 0x10, 0xc5, 0x10, 0xe4, 0x10, 0xe5, 0x10, 0xc5, 0x10,
    0xe5, 0x10, 0xe5, 0x10, 0xc5, 0x10, 0xe5, 0x10, 0xe5, 0x10, 0xe5, 0x10,
    0xc5, 0x10, 0xc5, 0x10, 0xc5, 0x10, 0xe5, 0x10, 0xc5, 0x10, 0xc5, 0x10,
    0xc5, 0x10, 0xc5, 0x10, 0xc4, 0x10, 0xc5, 0x10, 0xc5, 0x10, 0xc4, 0x10,
    0xe5, 0x10, 0xc5, 0x10, 0xe5, 0x10, 0xe5, 0x10, 0xc5, 0x10, 0xc4, 0x10,
    0xc4, 0x10, 0xe5, 0x10, 0xc5, 0x10, 0xc4, 0x10, 0xc5, 0x10, 0xc4, 0x10,
    0xc5, 0x10, 0xc5, 0x10, 0xc5, 0x10, 0xc5, 0x10, 0xe5, 0x10, 0xc4, 0x10,
    0xc5, 0x10, 0xc5, 0x10, 0xc5, 0x10, 0xc5, 0x10, 0xe5, 0x08, 0xc5, 0x10,
    0xc5, 0x10, 0xc5, 0x10, 0xe4, 0x10, 0xc5, 0x10, 0xc5, 0x10, 0xe5, 0x10,
    0xe4, 0x10, 0xc5, 0x10, 0xc5, 0x08, 0xc5, 0x10, 0xc5, 0x10, 0xc4, 0x10,
    0xc5, 0x10, 0xe5, 0x10, 0xc4, 0x10, 0xc5, 0x10, 0xe5, 0x10, 0xc5, 0x10,
    0xc5, 0x10, 0xe4, 0x10, 0xc5, 0x10, 0xc5, 0x08, 0xc5, 0x10, 0xc5, 0x10,
    0xc5, 0x10, 0xe5, 0x10, 0xc5, 0x10, 0xc5, 0x10, 0xe4, 0x08, 0xc5, 0x10,
    0xc5, 0x10, 0xc4, 0x10, 0xc5, 0x10, 0xc5, 0x10, 0xe4, 0x10, 0xc4, 0x10,
    0xc5, 0x10, 0xc5, 0x10, 0xc5, 0x10, 0xe5, 0x10, 0xe5, 0x10, 0xc4, 0x10,
    0xc5, 0x10, 0xc5, 0x10, 0xe4, 0x10, 0xc5, 0x10, 0xc5, 0x10, 0xe5, 0x10,
    0xc4, 0x10, 0xc4, 0x08, 0xc5, 0x10, 0xc5, 0x10, 0xc4, 0x10, 0xc5, 0x10,
    0xe5, 0x10, 0xe4, 0x10, 0xc5, 0x10, 0xc5, 0x10, 0xe5, 0x10, 0xc5, 0x10,
    0xc4, 0x10, 0xe5, 0x10, 0xc4, 0x08, 0xc5, 0x10, 0xc5, 0x10, 0xc4, 0x10,
    0xe4, 0x10, 0xc5, 0x10, 0xc5, 0x10, 0xc4, 0x10, 0xc5, 0x10, 0xe4, 0x10,
    0xc5, 0x08, 0xc5, 0x10, 0xe5, 0x10, 0xe5, 0x10, 0xc4, 0x10, 0xc5, 0x10,
    0xc5, 0x10, 0xc5, 0x10, 0xe5, 0x10, 0xc5, 0x08, 0xc5, 0x10, 0xc5, 0x10,
    0xc5, 0x10, 0xc4, 0x10, 0xc5, 0x08, 0xc5, 0x10, 0xe4, 0x10, 0xe4, 0x10,
    0xc5, 0x10, 0xc5, 0x10, 0xe5, 0x10, 0xc5, 0x10, 0xe4, 0x08, 0xc5, 0x10,
    0xc5, 0x10, 0xc5, 0x10, 0xc4, 0x10, 0xe5, 0x08, 0xc5, 0x10, 0xc4, 0x10,
    0xc5, 0x10, 0xe5, 0x10, 0xc4, 0x10, 0xc5, 0x08, 0xc5, 0x10, 0xc5, 0x10,
    0xc4, 0x10, 0xc5, 0x10, 0xe5, 0x10, 0xc5, 0x10, 0xc5, 0x10, 0xe4, 0x10,
    0xc5, 0x10, 0xc5, 0x10, 0xc5, 0x10, 0xc5, 0x10, 0xe4, 0x10, 0xc5, 0x08,
    0xc5, 0x10, 0xe4, 0x10, 0xc5, 0x08, 0xe4, 0x10, 0xc5, 0x10, 0xc5, 0x08,
    0x26, 0x19, 0x18, 0xc6, 0x7a, 0xce, 0x7a, 0xce, 0x7a, 0xce, 0x7a, 0xce,
    0x79, 0xce, 0x7a, 0xce, 0x79, 0xce, 0x7a, 0xce, 0x7a, 0xce, 0x79, 0xce,
    0x7a, 0xce, 0x7a, 0xce, 0x7a, 0xce, 0x7a, 0xce, 0x7a, 0xce, 0x79, 0xce,
    0x7a, 0xce, 0x7a, 0xce, 0x79, 0xce, 0x7a, 0xce, 0x7a, 0xce, 0x7a, 0xce,
    0x7a, 0xce, 0x79, 0xce, 0x7a, 0xce, 0x7a, 0xce, 0x7a, 0xce, 0x7a, 0xce,
    0x7a, 0xce, 0x79, 0xce, 0x7a, 0xce, 0x7a, 0xce, 0x7a, 0xce, 0x79, 0xce,
    0x7a, 0xce, 0x7a, 0xce, 0x7a, 0xce, 0x79, 0xce, 0x7a, 0xce, 0x7a, 0xce,
    0x7a, 0xce, 0x7a, 0xce, 0x79, 0xce, 0x7a, 0xce, 0x7a, 0xce, 0x7a, 0xce,
    0x7a, 0xce, 0x7a, 0xce, 0x7a, 0xce, 0x7a, 0xce, 0x7a, 0xce, 0x7a, 0xce,
    0x7a, 0xce, 0x7a, 0xce, 0x79, 0xce, 0x79, 0xce, 0x5a, 0xce, 0x79, 0xce,
    0x7a, 0xce, 0x59, 0xce, 0x59, 0xce, 0x5a, 0xce, 0x59, 0xc6, 0x59, 0xc6,
    0x59, 0xce, 0x59, 0xc6, 0x39, 0xc6, 0x39, 0xc6, 0x39, 0xc6, 0x18, 0xc6,
    0x18, 0xbe, 0xf8, 0xbd, 0xd7, 0xbd, 0xb7, 0xb5, 0x76, 0xad, 0x15, 0xa5,
    0x93, 0x8c, 0xd0, 0x73, 0xed, 0x5a, 0x2a, 0x42, 0x87, 0x21, 0xe5, 0x10,
    0xe5, 0x10, 0xc5, 0x10, 0xc5, 0x10, 0xe5, 0x10, 0xc5, 0x10, 0xc5, 0x10,
    0xc5, 0x10, 0xc5, 0x10, 0xc4, 0x10, 0xc4, 0x10, 0xc5, 0x10, 0xe5, 0x10,
    0xe5, 0x10, 0xc5, 0x08, 0xc5, 0x10, 0xc5, 0x10, 0xe5, 0x10, 0xc5, 0x10,
    0xe5, 0x10, 0xc5, 0x10, 0xc5, 0x10, 0xe4, 0x10, 0xc4, 0x10, 0xc5, 0x08,
    0xc5, 0x10, 0xe5, 0x10, 0xc5, 0x10, 0xc5, 0x10, 0xe4, 0x10, 0xc5, 0x10,
    0xc5, 0x10, 0xe5, 0x08, 0xc5, 0x10, 0xc4, 0x10, 0xc5, 0x10, 0xc5, 0x10,
    0xc5, 0x10, 0xc5, 0x10, 0xe4, 0x10, 0xc5, 0x10, 0xc4, 0x10, 0xe5, 0x08,
    0xe5, 0x10, 0xc5, 0x10, 0xc4, 0x10, 0xc5, 0x10, 0xc5, 0x10, 0xc4, 0x08,
    0xe5, 0x10, 0xc5, 0x10, 0xc5, 0x10, 0xc5, 0x10, 0xe4, 0x10, 0xe5, 0x08,
    0xc5, 0x10, 0xc4, 0x10, 0xc4, 0x10, 0xe5, 0x10, 0xc5, 0x10, 0xc4, 0x10,
    0xc5, 0x10, 0xe5, 0x08, 0xc5, 0x10, 0xc5, 0x10, 0xc5, 0x08, 0xc5, 0x10,
    0xc5, 0x10, 0xe4, 0x10, 0xc4, 0x10, 0xc5, 0x08, 0xc5, 0x10, 0xc5, 0x10,
    0xe5, 0x10, 0xc4, 0x10, 0xc5, 0x10, 0xe5, 0x10, 0xc4, 0x10, 0xc4, 0x10,
    0xe5, 0x10, 0xc5, 0x10, 0xe5, 0x10, 0xc5, 0x10, 0xc5, 0x08, 0xe5, 0x10,
    0xc5, 0x10, 0xc5, 0x08, 0xe5, 0x10, 0xc5, 0x10, 0xc5, 0x10, 0xe5, 0x10,
    0xc4, 0x10, 0xc5, 0x10, 0xe5, 0x10, 0xc4, 0x10, 0xc5, 0x08, 0xe5, 0x10,
    0xc5, 0x10, 0xc5, 0x10, 0xe4, 0x10, 0xe5, 0x08, 0xc5, 0x10, 0xc5, 0x10,
    0xe5, 0x10, 0xc5, 0x10, 0xc4, 0x10, 0xc5, 0x10, 0xc5, 0x10, 0xe5, 0x08,
    0xc5, 0x10, 0xc4, 0x10, 0xc5, 0x10, 0xc5, 0x10, 0xc4, 0x10, 0xe5, 0x10,
    0xc4, 0x08, 0xe5, 0x10, 0xe5, 0x10, 0xc5, 0x10, 0xc5, 0x10, 0xc5, 0x08,
    0xc5, 0x10, 0xe5, 0x10, 0xc4, 0x10, 0xc4, 0x10, 0xc5, 0x10, 0xe5, 0x10,
    0xc5, 0x10, 0xc4, 0x08, 0xe5, 0x10, 0xc5, 0x10, 0xc4, 0x10, 0xc5, 0x10,
    0xc5, 0x08, 0xc5, 0x10, 0xe5, 0x10, 0xc4, 0x10, 0xe4, 0x10, 0xc5, 0x10,
    0xc5, 0x10, 0xe4, 0x10, 0xc5, 0x08, 0xc5, 0x10, 0xc4, 0x10, 0xc5, 0x10,
    0xc5, 0x10, 0xe5, 0x10, 0xc5, 0x08, 0xc5, 0x10, 0xc4, 0x10, 0xc5, 0x10,
    0xe5, 0x10, 0xc5, 0x10, 0xc5, 0x10, 0xc5, 0x10, 0xc4, 0x10, 0xe5, 0x10,
    0x6f, 0x63, 0xff, 0xff, 0xff, 0xff, 0xff, 0xff, 0xff, 0xff, 0xff, 0xff,
    0xff, 0xff, 0xff, 0xff, 0xff, 0xff, 0xff, 0xff, 0xff, 0xff, 0xff, 0xff,
    0xff, 0xff, 0xff, 0xff, 0xff, 0xff, 0xff, 0xff, 0xff, 0xff, 0xff, 0xff,
    0xff, 0xff, 0xff, 0xff, 0xff, 0xff, 0xff, 0xff, 0xff, 0xff, 0xff, 0xff,
    0xff, 0xff, 0xff, 0xff, 0xff, 0xff, 0xff, 0xff, 0xff, 0xff, 0xff, 0xff,
    0xff, 0xff, 0xff, 0xff, 0xff, 0xff, 0xff, 0xff, 0xff, 0xff, 0xff, 0xff,
    0xff, 0xff, 0xff, 0xff, 0xff, 0xff, 0xff, 0xff, 0xff, 0xff, 0xff, 0xff,
    0xff, 0xff, 0xff, 0xff, 0xff, 0xff, 0xff, 0xff, 0xff, 0xff, 0xff, 0xff,
    0xff, 0xff, 0xff, 0xff, 0xff, 0xff, 0xff, 0xff, 0xff, 0xff, 0xff, 0xff,
    0xff, 0xff, 0xff, 0xff, 0xff, 0xff, 0xff, 0xff, 0xff, 0xff, 0xff, 0xff,
    0xff, 0xff, 0xff, 0xff, 0xff, 0xff, 0xff, 0xff, 0xff, 0xff, 0xff, 0xff,
    0xff, 0xff, 0xff, 0xff, 0xff, 0xff, 0xff, 0xff, 0xff, 0xff, 0xff, 0xff,
    0xff, 0xff, 0xff, 0xff, 0xff, 0xff, 0xff, 0xff, 0xff, 0xff, 0xff, 0xff,
    0xff, 0xff, 0xff, 0xff, 0xdf, 0xff, 0x9e, 0xf7, 0x5d, 0xef, 0xdb, 0xde,
    0xd7, 0xb5, 0x93, 0x8c, 0x4e, 0x63, 0x2a, 0x42, 0x26, 0x19, 0xe5, 0x10,
    0xc5, 0x10, 0xc5, 0x10, 0xc5, 0x10, 0xc5, 0x10, 0xc5, 0x10, 0xc4, 0x10,
    0xc5, 0x10, 0xc5, 0x10, 0xc4, 0x10, 0xe5, 0x10, 0xc5, 0x10, 0xc4, 0x08,
    0xc5, 0x10, 0xe5, 0x10, 0xc4, 0x08, 0xc5, 0x10, 0xc5, 0x10, 0xc5, 0x10,
    0xe4, 0x10, 0xc4, 0x08, 0xe5, 0x10, 0xc5, 0x10, 0xc4, 0x10, 0xc5, 0x10,
    0xe4, 0x10, 0xc4, 0x10, 0xc5, 0x10, 0xe5, 0x08, 0xe4, 0x10, 0xc5, 0x10,
    0xc5, 0x08, 0xe5, 0x10, 0xc5, 0x10, 0xe5, 0x10, 0xc5, 0x10, 0xc5, 0x10,
    0xc4, 0x10, 0xc5, 0x08, 0xc5, 0x10, 0xe5, 0x10, 0xc4, 0x10, 0xc5, 0x10,
    0xc5, 0x10, 0xc5, 0x10, 0xc4, 0x10, 0xe5, 0x10, 0xc5, 0x10, 0xc4, 0x10,
    0xc5, 0x10, 0xc5, 0x10, 0xe5, 0x08, 0xc5, 0x10, 0xc4, 0x10, 0xc5, 0x10,
    0xe5, 0x10, 0xc4, 0x10, 0xe5, 0x10, 0xe5, 0x10, 0xc4, 0x10, 0xc5, 0x10,
    0xe5, 0x08, 0xc5, 0x10, 0xc5, 0x10, 0xc4, 0x10, 0xc5, 0x10, 0xc4, 0x10,
    0xc5, 0x10, 0xe5, 0x08, 0xc4, 0x10, 0xc5, 0x10, 0xc5, 0x08, 0xc5, 0x10,
    0xc5, 0x10, 0xc5, 0x10, 0xc5, 0x10, 0xe4, 0x10, 0xc5, 0x10, 0xc5, 0x10,
    0xc4, 0x10, 0xc5, 0x10, 0xc5, 0x10, 0xe4, 0x10, 0xc4, 0x08, 0xc5, 0x10,
    0xe5, 0x10, 0xc5, 0x08, 0xc5, 0x10, 0xe5, 0x10, 0xc4, 0x10, 0xc5, 0x10,
    0xe5, 0x10, 0xc5, 0x08, 0xc5, 0x10, 0xc5, 0x10, 0xc5, 0x10, 0xc4, 0x10,
    0xc5, 0x10, 0xc5, 0x10, 0xe4, 0x08, 0xc5, 0x10, 0xc5, 0x10, 0xc5, 0x10,
    0xc5, 0x10, 0xc5, 0x10, 0xe4, 0x10, 0xc5, 0x10, 0xc4, 0x10, 0xe5, 0x10,
    0xc5, 0x10, 0xc5, 0x10, 0xc5, 0x10, 0xc4, 0x10, 0xe5, 0x10, 0xc5, 0x10,
    0xc4, 0x10, 0xc5, 0x08, 0xc5, 0x10, 0xc5, 0x10, 0xc5, 0x10, 0xc5, 0x10,
    0xe4, 0x10, 0xc5, 0x10, 0xc5, 0x10, 0xc5, 0x10, 0xc5, 0x10, 0xe5, 0x10,
    0xe5, 0x10, 0xc4, 0x10, 0xc5, 0x10, 0xc5, 0x10, 0xc5, 0x10, 0xe5, 0x10,
    0xc5, 0x08, 0xc5, 0x10, 0xc4, 0x10, 0xe5, 0x10, 0xc5, 0x10, 0xc5, 0x08,
    0xe5, 0x10, 0xc4, 0x10, 0xc4, 0x10, 0xc5, 0x10, 0xe5, 0x10, 0xc5, 0x10,
    0xc4, 0x10, 0xc5, 0x10, 0xc5, 0x10, 0xc5, 0x10, 0xc5, 0x10, 0xe5, 0x10,
    0x59, 0xce, 0xff, 0xff, 0xff, 0xff, 0xff, 0xff, 0xff, 0xff, 0xff, 0xff,
    0xff, 0xff, 0xff, 0xff, 0xff, 0xff, 0xff, 0xff, 0xff, 0xff, 0xff, 0xff,
    0xff, 0xff, 0xff, 0xff, 0xff, 0xff, 0xff, 0xff, 0xff, 0xff, 0xff, 0xff,
    0xff, 0xff, 0xff, 0xff, 0xff, 0xff, 0xff, 0xff, 0xff, 0xff, 0xff, 0xff,
    0xff, 0xff, 0xff, 0xff, 0xff, 0xff, 0xff, 0xff, 0xff, 0xff, 0xff, 0xff,
    0xff, 0xff, 0xff, 0xff, 0xff, 0xff, 0xff, 0xff, 0xff, 0xff, 0xff, 0xff,
    0xff, 0xff, 0xff, 0xff, 0xff, 0xff, 0xff, 0xff, 0xff, 0xff, 0xff, 0xff,
    0xff, 0xff, 0xff, 0xff, 0xff, 0xff, 0xff, 0xff, 0xff, 0xff, 0xff, 0xff,
    0xff, 0xff, 0xff, 0xff, 0xff, 0xff, 0xff, 0xff, 0xff, 0xff, 0xff, 0xff,
    0xff, 0xff, 0xff, 0xff, 0xff, 0xff, 0xff, 0xff, 0xff, 0xff, 0xff, 0xff,
    0xff, 0xff, 0xff, 0xff, 0xff, 0xff, 0xff, 0xff, 0xff, 0xff, 0xff, 0xff,
    0xff, 0xff, 0xff, 0xff, 0xff, 0xff, 0xff, 0xff, 0xff, 0xff, 0xff, 0xff,
    0xff, 0xff, 0xff, 0xff, 0xff, 0xff, 0xff, 0xff, 0xff, 0xff, 0xff, 0xff,
    0xff, 0xff, 0xff, 0xff, 0xff, 0xff, 0xff, 0xff, 0xff, 0xff, 0xff, 0xff,
    0xff, 0xff, 0xff, 0xff, 0xdf, 0xff, 0x9e, 0xf7, 0x1c, 0xe7, 0xf8, 0xbd,
    0x72, 0x8c, 0xcc, 0x52, 0xa8, 0x29, 0xe5, 0x10, 0xc5, 0x10, 0xc5, 0x10,
    0xc5, 0x10, 0xc5, 0x10, 0xc5, 0x10, 0xc4, 0x10, 0xe5, 0x10, 0xc5, 0x10,
    0xc4, 0x10, 0xc5, 0x10, 0xc5, 0x10, 0xe5, 0x10, 0xc5, 0x10, 0xe5, 0x10,
    0xc5, 0x10, 0xc5, 0x10, 0xc4, 0x10, 0xe5, 0x10, 0xc5, 0x08, 0xc5, 0x10,
    0xc5, 0x10, 0xc5, 0x10, 0xc5, 0x10, 0xc5, 0x10, 0xc5, 0x10, 0xc4, 0x10,
    0xe5, 0x10, 0xc4, 0x10, 0xc4, 0x10, 0xc5, 0x08, 0xe5, 0x10, 0xc4, 0x10,
    0xc5, 0x10, 0xc5, 0x10, 0xe5, 0x10, 0xc4, 0x08, 0xe5, 0x10, 0xc5, 0x10,
    0xc5, 0x10, 0xe4, 0x10, 0xc5, 0x08, 0xc5, 0x10, 0xc4, 0x10, 0xc5, 0x10,
    0xc5, 0x10, 0xe5, 0x10, 0xc5, 0x10, 0xc5, 0x10, 0xc5, 0x10, 0xe5, 0x08,
    0xc5, 0x10, 0xc5, 0x10, 0xc4, 0x08, 0xc5, 0x10, 0xc5, 0x10, 0xe5, 0x10,
    0xc4, 0x10, 0xc5, 0x10, 0xe5, 0x10, 0xe5, 0x10, 0xc5, 0x10, 0xc5, 0x08,
    0xe5, 0x10, 0xc5, 0x10, 0xc5, 0x10, 0xc5, 0x10, 0xe5, 0x10, 0xe5, 0x10,
    0xc5, 0x08, 0xc4, 0x10, 0xc4, 0x10, 0xc5, 0x08, 0xc4, 0x10, 0xc5, 0x10,
    0xe5, 0x10, 0xc4, 0x10, 0xc5, 0x10, 0xc5, 0x10, 0xc5, 0x10, 0xc5, 0x10,
    0xc5, 0x10, 0xc4, 0x10, 0xc5, 0x10, 0xc5, 0x10, 0xc5, 0x10, 0xc5, 0x10,
    0xc4, 0x10, 0xc5, 0x10, 0xc4, 0x10, 0xc4, 0x10, 0xc5, 0x08, 0xe5, 0x10,
    0xc4, 0x10, 0xc5, 0x10, 0xc5, 0x10, 0xe5, 0x10, 0xc5, 0x10, 0xc4, 0x10,
    0xc5, 0x10, 0xc5, 0x10, 0xc5, 0x10, 0xe5, 0x08, 0xc5, 0x10, 0xc5, 0x10,
    0xc5, 0x10, 0xc4, 0x10, 0xc5, 0x10, 0xc5, 0x08, 0xc4, 0x10, 0xc5, 0x10,
    0xc5, 0x10, 0xe4, 0x10, 0xc5, 0x10, 0xc5, 0x10, 0xe5, 0x08, 0xc4, 0x10,
    0xc5, 0x10, 0xe5, 0x10, 0xc5, 0x10, 0xe4, 0x10, 0xc4, 0x10, 0xc5, 0x08,
    0xc5, 0x10, 0xc4, 0x10, 0xc5, 0x10, 0xe5, 0x08, 0xc5, 0x10, 0xc4, 0x10,
    0xc5, 0x10, 0xe5, 0x10, 0xc5, 0x10, 0xc4, 0x10, 0xc5, 0x10, 0xe5, 0x10,
    0xc4, 0x10, 0xc5, 0x10, 0xc5, 0x10, 0xe5, 0x10, 0xc5, 0x10, 0xc4, 0x08,
    0xc5, 0x10, 0xe4, 0x10, 0xc5, 0x08, 0xe4, 0x10, 0xe5, 0x10, 0x4a, 0x42,
    0xdf, 0xff, 0xff, 0xff, 0xff, 0xff, 0x76, 0xad, 0x6f, 0x6b, 0x8f, 0x6b,
    0x8f, 0x6b, 0x8f, 0x6b, 0x8f, 0x6b, 0x8f, 0x6b, 0x8f, 0x73, 0xaf, 0x73,
    0xaf, 0x6b, 0xaf, 0x73, 0xaf, 0x73, 0xb0, 0x73, 0xb0, 0x73, 0xd0, 0x73,
    0xd0, 0x73, 0xcf, 0x73, 0xd0, 0x73, 0xd0, 0x73, 0xd0, 0x73, 0xf0, 0x7b,
    0xf0, 0x73, 0xf0, 0x7b, 0xf0, 0x7b, 0xf1, 0x7b, 0x10, 0x7c, 0x11, 0x7c,
    0x11, 0x7c, 0x11, 0x7c, 0x11, 0x7c, 0x11, 0x7c, 0x11, 0x84, 0x31, 0x84,
    0x31, 0x7c, 0x31, 0x84, 0xd7, 0xb5, 0xff, 0xff, 0xff, 0xff, 0x7a, 0xce,
    0x11, 0x7c, 0xd0, 0x73, 0xaf, 0x73, 0x8f, 0x6b, 0x8f, 0x6b, 0x8f, 0x6b,
    0x8f, 0x6b, 0x8f, 0x6b, 0xaf, 0x73, 0xaf, 0x73, 0xaf, 0x6b, 0xb0, 0x73,
    0xd0, 0x73, 0xd0, 0x73, 0xd0, 0x73, 0xd0, 0x73, 0xd0, 0x73, 0xf0, 0x7b,
    0xf0, 0x7b, 0xf0, 0x7b, 0x11, 0x7c, 0x11, 0x7c, 0x31, 0x84, 0x31, 0x84,
    0x52, 0x84, 0x72, 0x84, 0x72, 0x8c, 0x93, 0x8c, 0xb3, 0x94, 0xd3, 0x94,
    0xf4, 0x9c, 0x14, 0x9d, 0x55, 0xa5, 0x96, 0xad, 0xd7, 0xb5, 0x19, 0xc6,
    0x7a, 0xce, 0xfb, 0xde, 0xdf, 0xff, 0xff, 0xff, 0xff, 0xff, 0xff, 0xff,
    0xff, 0xff, 0xff, 0xff, 0xff, 0xff, 0xff, 0xff, 0xff, 0xff, 0xff, 0xff,
    0xff, 0xff, 0xbf, 0xf7, 0x3d, 0xe7, 0x18, 0xc6, 0x52, 0x84, 0x8b, 0x4a,
    0x46, 0x21, 0xe5, 0x10, 0xc5, 0x10, 0xc5, 0x10, 0xc5, 0x10, 0xc4, 0x10,
    0xe5, 0x10, 0xc5, 0x10, 0xc4, 0x10, 0xe5, 0x10, 0xc5, 0x08, 0xc4, 0x10,
    0xc5, 0x10, 0xc5, 0x10, 0xc5, 0x10, 0xc4, 0x10, 0xc5, 0x10, 0xc5, 0x10,
    0xe5, 0x10, 0xc5, 0x08, 0xe4, 0x10, 0xc5, 0x10, 0xc5, 0x10, 0xc5, 0x10,
    0xc5, 0x10, 0xc5, 0x10, 0xc5, 0x10, 0xc4, 0x10, 0xc5, 0x10, 0xc5, 0x10,
    0xe5, 0x10, 0xe5, 0x10, 0xc4, 0x10, 0xc5, 0x10, 0xc5, 0x10, 0xc5, 0x10,
    0xe4, 0x08, 0xc5, 0x10, 0xc5, 0x10, 0xc5, 0x10, 0xe5, 0x10, 0xc5, 0x08,
    0xe5, 0x10, 0xc4, 0x10, 0xc4, 0x10, 0xc5, 0x10, 0xe4, 0x10, 0xc5, 0x10,
    0xc5, 0x10, 0xc4, 0x10, 0xc5, 0x10, 0xc5, 0x10, 0xe4, 0x10, 0xc5, 0x10,
    0xc5, 0x10, 0xc4, 0x10, 0xc5, 0x08, 0xc5, 0x10, 0xe4, 0x10, 0xc5, 0x10,
    0xc5, 0x10, 0xc4, 0x10, 0xe5, 0x08, 0xc5, 0x10, 0xc4, 0x10, 0xc4, 0x10,
    0xc5, 0x10, 0xe5, 0x10, 0xe5, 0x10, 0xc5, 0x10, 0xc5, 0x10, 0xe4, 0x08,
    0xc5, 0x10, 0xc5, 0x10, 0xe5, 0x10, 0xc4, 0x08, 0xc5, 0x10, 0xe5, 0x10,
    0xc4, 0x10, 0xc5, 0x10, 0xe5, 0x10, 0xc4, 0x10, 0xc5, 0x08, 0xe5, 0x10,
    0xc4, 0x10, 0xc5, 0x10, 0xe5, 0x10, 0xe5, 0x10, 0xc5, 0x10, 0xc5, 0x10,
    0xe5, 0x08, 0xc4, 0x10, 0xe5, 0x10, 0xc5, 0x10, 0xc4, 0x10, 0xe5, 0x08,
    0xc5, 0x10, 0xc4, 0x10, 0xe5, 0x10, 0xc5, 0x10, 0xc4, 0x10, 0xc5, 0x10,
    0xe4, 0x08, 0xc5, 0x10, 0xe5, 0x10, 0xc4, 0x10, 0xe5, 0x10, 0xc5, 0x10,
    0xc5, 0x10, 0xe5, 0x10, 0xc4, 0x10, 0xc5, 0x10, 0xe5, 0x10, 0xc4, 0x10,
    0xc5, 0x10, 0xc5, 0x08, 0xc5, 0x10, 0xc5, 0x10, 0xe5, 0x10, 0xc5, 0x10,
    0xc4, 0x10, 0xc5, 0x10, 0xe5, 0x10, 0xc5, 0x10, 0xc4, 0x10, 0xc5, 0x10,
    0xe4, 0x10, 0xc5, 0x10, 0xc5, 0x10, 0xc5, 0x10, 0xe4, 0x08, 0xc5, 0x10,
    0xc5, 0x10, 0xc5, 0x10, 0xe5, 0x08, 0xc5, 0x10, 0xc4, 0x10, 0xc5, 0x10,
    0xe5, 0x10, 0xc5, 0x10, 0xc5, 0x10, 0xc5, 0x10, 0xe5, 0x10, 0x35, 0xa5,
    0xff, 0xff, 0xff, 0xff, 0xbf, 0xf7, 0xe9, 0x31, 0xe5, 0x10, 0xe5, 0x10,
    0xe5, 0x10, 0xe5, 0x10, 0xe5, 0x10, 0xe5, 0x10, 0xe5, 0x10, 0xe5, 0x10,
    0xe5, 0x10, 0xe5, 0x10, 0xe5, 0x10, 0xe5, 0x10, 0xe5, 0x10, 0xe5, 0x10,
    0xe5, 0x10, 0xe5, 0x10, 0xc5, 0x10, 0xe5, 0x10, 0xe5, 0x10, 0xe5, 0x10,
    0xc5, 0x10, 0xe5, 0x10, 0xe5, 0x10, 0xe5, 0x10, 0xe5, 0x10, 0xc5, 0x10,
    0xe5, 0x10, 0xe5, 0x10, 0xe5, 0x10, 0xe5, 0x10, 0xe5, 0x10, 0xe5, 0x10,
    0xe5, 0x10, 0xe5, 0x10, 0xac, 0x52, 0xdf, 0xff, 0xff, 0xff, 0x18, 0xc6,
    0xe5, 0x18, 0xe5, 0x10, 0xc5, 0x10, 0xe5, 0x10, 0xe5, 0x10, 0xe5, 0x10,
    0xe5, 0x10, 0xe5, 0x10, 0xe5, 0x10, 0xe5, 0x10, 0xe5, 0x10, 0xc5, 0x10,
    0xe5, 0x10, 0xe5, 0x10, 0xe5, 0x10, 0xc5, 0x10, 0xe5, 0x10, 0xe5, 0x10,
    0xe5, 0x10, 0xe5, 0x10, 0xe5, 0x10, 0xe5, 0x10, 0xe5, 0x10, 0xc5, 0x10,
    0xe5, 0x10, 0xe5, 0x10, 0xc4, 0x10, 0xc5, 0x10, 0xc5, 0x10, 0xc5, 0x10,
    0xc5, 0x10, 0xc5, 0x10, 0xe5, 0x10, 0xe5, 0x10, 0x05, 0x11, 0x06, 0x19,
    0x46, 0x19, 0x87, 0x29, 0xd0, 0x73, 0xdf, 0xff, 0xff, 0xff, 0x7e, 0xef,
    0x97, 0xb5, 0x79, 0xce, 0x5d, 0xe7, 0xff, 0xff, 0xff, 0xff, 0xff, 0xff,
    0xff, 0xff, 0xff, 0xff, 0xff, 0xff, 0xff, 0xff, 0xff, 0xff, 0x9e, 0xf7,
    0xdb, 0xde, 0xf4, 0x9c, 0xed, 0x52, 0x67, 0x21, 0xc5, 0x10, 0xc5, 0x10,
    0xc5, 0x10, 0xc5, 0x10, 0xc5, 0x10, 0xc4, 0x10, 0xc5, 0x10, 0xc5, 0x10,
    0xe4, 0x10, 0xc5, 0x08, 0xe5, 0x10, 0xc5, 0x10, 0xc5, 0x10, 0xe4, 0x10,
    0xc4, 0x10, 0xc5, 0x10, 0xc5, 0x10, 0xe4, 0x10, 0xc5, 0x10, 0xc5, 0x08,
    0xe4, 0x10, 0xc5, 0x10, 0xc5, 0x08, 0xe5, 0x10, 0xc5, 0x10, 0xc5, 0x10,
    0xc4, 0x08, 0xc5, 0x10, 0xc5, 0x10, 0xc5, 0x10, 0xc5, 0x10, 0xe4, 0x10,
    0xc5, 0x10, 0xc5, 0x10, 0xc5, 0x10, 0xe4, 0x10, 0xc5, 0x10, 0xc5, 0x10,
    0xc4, 0x10, 0xc5, 0x10, 0xe5, 0x08, 0xc5, 0x10, 0xc5, 0x10, 0xc4, 0x10,
    0xc5, 0x10, 0xe5, 0x10, 0xe5, 0x10, 0xc5, 0x10, 0xc4, 0x10, 0xc5, 0x08,
    0xc5, 0x10, 0xe5, 0x10, 0xc4, 0x10, 0xc5, 0x10, 0xc5, 0x10, 0xe4, 0x10,
    0xc5, 0x10, 0xc5, 0x10, 0xc4, 0x10, 0xe5, 0x10, 0xc5, 0x10, 0xc5, 0x10,
    0xc5, 0x10, 0xc5, 0x10, 0xc5, 0x10, 0xc5, 0x10, 0xe5, 0x10, 0xc5, 0x10,
    0xc5, 0x10, 0xc5, 0x10, 0xc4, 0x10, 0xe5, 0x10, 0xc5, 0x10, 0xc4, 0x10,
    0xe5, 0x10, 0xc5, 0x08, 0xc5, 0x10, 0xe5, 0x10, 0xc4, 0x10, 0xc5, 0x10,
    0xe5, 0x10, 0xc5, 0x08, 0xc5, 0x10, 0xc5, 0x10, 0xc5, 0x10, 0xe4, 0x10,
    0xc5, 0x10, 0xc5, 0x10, 0xc5, 0x10, 0xc4, 0x08, 0xc5, 0x10, 0xc5, 0x10,
    0xc5, 0x10, 0xc5, 0x10, 0xc4, 0x10, 0xc5, 0x10, 0xc5, 0x10, 0xe5, 0x10,
    0xc5, 0x10, 0xc5, 0x10, 0xc5, 0x08, 0xe5, 0x10, 0xc5, 0x10, 0xe5, 0x10,
    0xc4, 0x08, 0xc5, 0x10, 0xc5, 0x10, 0xe4, 0x08, 0xc5, 0x10, 0xc5, 0x10,
    0xc5, 0x10, 0xe4, 0x10, 0xc5, 0x10, 0xc5, 0x08, 0xc5, 0x10, 0xc5, 0x10,
    0xe5, 0x10, 0xe5, 0x08, 0xc5, 0x10, 0xc4, 0x10, 0xc5, 0x10, 0xe5, 0x10,
    0xc5, 0x08, 0xc4, 0x10, 0xc5, 0x10, 0xe5, 0x10, 0xc5, 0x10, 0xc5, 0x10,
    0xc5, 0x10, 0xe4, 0x10, 0xc5, 0x10, 0xc4, 0x10, 0xc5, 0x08, 0xe5, 0x10,
    0xc5, 0x10, 0xc5, 0x10, 0xc4, 0x10, 0xc5, 0x10, 0x87, 0x21, 0x9e, 0xf7,
    0xff, 0xff, 0xff, 0xff, 0xb7, 0xb5, 0x05, 0x19, 0xc5, 0x10, 0xc5, 0x10,
    0xc5, 0x10, 0xc4, 0x10, 0xc4, 0x10, 0xc5, 0x10, 0xc5, 0x10, 0xc4, 0x10,
    0xc5, 0x10, 0xc5, 0x10, 0xc5, 0x10, 0xc5, 0x10, 0xc4, 0x10, 0xc5, 0x10,
    0xc5, 0x10, 0xc5, 0x10, 0xc5, 0x10, 0xc4, 0x10, 0xe5, 0x10, 0xc5, 0x10,
    0xc4, 0x10, 0xc5, 0x10, 0xc5, 0x10, 0xc5, 0x10, 0xc4, 0x10, 0xc5, 0x10,
    0xc5, 0x10, 0xc5, 0x10, 0xc4, 0x10, 0xc5, 0x10, 0xc5, 0x10, 0xc5, 0x10,
    0xc4, 0x10, 0xc5, 0x10, 0xa8, 0x29, 0xfc, 0xde, 0xff, 0xff, 0x3c, 0xe7,
    0xc8, 0x31, 0xc5, 0x10, 0xc5, 0x10, 0xc5, 0x10, 0xc5, 0x10, 0xc4, 0x10,
    0xe5, 0x10, 0xc5, 0x10, 0xc4, 0x10, 0xc5, 0x10, 0xc5, 0x10, 0xc5, 0x10,
    0xc5, 0x10, 0xc5, 0x10, 0xc4, 0x10, 0xc5, 0x10, 0xe5, 0x10, 0xc5, 0x10,
    0xc5, 0x10, 0xc5, 0x10, 0xc5, 0x10, 0xc4, 0x10, 0xc5, 0x10, 0xc5, 0x10,
    0xc5, 0x10, 0xc5, 0x10, 0xc5, 0x10, 0xc4, 0x10, 0xc5, 0x10, 0xc5, 0x10,
    0xc5, 0x10, 0xe5, 0x10, 0xc4, 0x10, 0xc5, 0x10, 0xc5, 0x10, 0xc5, 0x10,
    0xc5, 0x10, 0xe5, 0x10, 0x67, 0x21, 0x7e, 0xf7, 0xff, 0xff, 0x3d, 0xef,
    0xa8, 0x29, 0x46, 0x21, 0xc8, 0x31, 0xcc, 0x52, 0x52, 0x84, 0xf8, 0xbd,
    0x1c, 0xe7, 0xdf, 0xff, 0xff, 0xff, 0xff, 0xff, 0xff, 0xff, 0xff, 0xff,
    0xff, 0xff, 0xff, 0xff, 0xbf, 0xff, 0xfc, 0xde, 0xf4, 0x9c, 0xac, 0x52,
    0x26, 0x19, 0xe5, 0x10, 0xc5, 0x10, 0xc5, 0x10, 0xc5, 0x10, 0xe4, 0x10,
    0xc5, 0x10, 0xc5, 0x10, 0xc4, 0x10, 0xe5, 0x10, 0xc5, 0x08, 0xc5, 0x10,
    0xe5, 0x10, 0xc5, 0x10, 0xc5, 0x10, 0xc5, 0x08, 0xc4, 0x10, 0xe5, 0x10,
    0xc5, 0x10, 0xe4, 0x10, 0xc5, 0x10, 0xe5, 0x10, 0xc5, 0x10, 0xe4, 0x10,
    0xc5, 0x10, 0xc5, 0x10, 0xc4, 0x10, 0xc5, 0x08, 0xe5, 0x10, 0xc4, 0x10,
    0xc5, 0x10, 0xc5, 0x10, 0xe4, 0x10, 0xc5, 0x08, 0xc4, 0x10, 0xc5, 0x10,
    0xe5, 0x10, 0xc5, 0x10, 0xc5, 0x10, 0xc5, 0x10, 0xe4, 0x08, 0xc5, 0x10,
    0xc4, 0x10, 0xc5, 0x08, 0xc5, 0x10, 0xc5, 0x10, 0xc5, 0x10, 0xe5, 0x10,
    0xc5, 0x10, 0xc5, 0x10, 0xe5, 0x10, 0xc5, 0x10, 0xc5, 0x10, 0xc5, 0x08,
    0xc4, 0x10, 0xe5, 0x10, 0xc5, 0x10, 0xc5, 0x10, 0xc4, 0x10, 0xe5, 0x10,
    0xe5, 0x08, 0xc4, 0x10, 0xc4, 0x10, 0xc5, 0x08, 0xe4, 0x10, 0xc5, 0x10,
    0xc5, 0x08, 0xc4, 0x10, 0xe5, 0x10, 0xc5, 0x10, 0xc5, 0x10, 0xe5, 0x08,
    0xc5, 0x10, 0xc4, 0x10, 0xe4, 0x10, 0xc5, 0x10, 0xc5, 0x10, 0xe5, 0x10,
    0xc5, 0x10, 0xc5, 0x10, 0xe4, 0x10, 0xc4, 0x08, 0xc5, 0x10, 0xc4, 0x10,
    0xc5, 0x10, 0xc5, 0x10, 0xe4, 0x10, 0xc5, 0x10, 0xc5, 0x10, 0xe5, 0x10,
    0xc5, 0x10, 0xc5, 0x10, 0xe5, 0x10, 0xc5, 0x08, 0xc4, 0x10, 0xe5, 0x10,
    0xc5, 0x10, 0xc4, 0x10, 0xc5, 0x10, 0xc4, 0x10, 0xc5, 0x10, 0xc5, 0x10,
    0xe4, 0x10, 0xc5, 0x10, 0xc5, 0x10, 0xc5, 0x10, 0xc4, 0x10, 0xc5, 0x10,
    0xe5, 0x08, 0xc4, 0x10, 0xc5, 0x10, 0xe4, 0x10, 0xc4, 0x10, 0xc5, 0x10,
    0xc4, 0x10, 0xc5, 0x10, 0xc5, 0x10, 0xc4, 0x08, 0xe5, 0x10, 0xc5, 0x10,
    0xc5, 0x10, 0xc5, 0x10, 0xe5, 0x08, 0xc4, 0x10, 0xc5, 0x10, 0xc5, 0x10,
    0xe4, 0x08, 0xc5, 0x10, 0xc4, 0x10, 0xc5, 0x10, 0xe5, 0x10, 0xc5, 0x10,
    0xc4, 0x10, 0xc4, 0x08, 0xe5, 0x10, 0xe5, 0x10, 0xf0, 0x7b, 0xff, 0xff,
    0xff, 0xff, 0xff, 0xff, 0xed, 0x5a, 0xc5, 0x10, 0xc5, 0x10, 0xc5, 0x10,
    0xc5, 0x10, 0xc5, 0x10, 0xc5, 0x10, 0xc5, 0x10, 0xc5, 0x10, 0xc5, 0x10,
    0xc5, 0x10, 0xc5, 0x10, 0xc5, 0x10, 0xc5, 0x10, 0xc5, 0x10, 0xc5, 0x10,
    0xc5, 0x10, 0xc5, 0x10, 0xe5, 0x10, 0xc5, 0x10, 0xc5, 0x10, 0xc5, 0x10,
    0xc5, 0x10, 0xc5, 0x10, 0xe5, 0x10, 0xc5, 0x10, 0xc5, 0x10, 0xe5, 0x10,
    0xc5, 0x10, 0xc5, 0x10, 0xc5, 0x10, 0xc5, 0x10, 0xc5, 0x10, 0xc5, 0x10,
    0xc5, 0x10, 0xc5, 0x10, 0xe5, 0x10, 0xb7, 0xb5, 0xff, 0xff, 0xdf, 0xff,
    0x0d, 0x5b, 0xc5, 0x10, 0xc5, 0x10, 0xe4, 0x10, 0xc5, 0x10, 0xc5, 0x10,
    0xc4, 0x10, 0xc5, 0x10, 0xc5, 0x10, 0xc5, 0x10, 0xc4, 0x10, 0xe5, 0x10,
    0xc5, 0x10, 0xc4, 0x10, 0xc5, 0x10, 0xe5, 0x10, 0xc4, 0x08, 0xc5, 0x10,
    0xc5, 0x10, 0xc5, 0x08, 0xc4, 0x10, 0xc5, 0x10, 0xc5, 0x10, 0xe4, 0x08,
    0xc4, 0x10, 0xc5, 0x10, 0xe5, 0x10, 0xc5, 0x08, 0xe4, 0x10, 0xe5, 0x10,
    0xc5, 0x08, 0xc4, 0x10, 0xc5, 0x10, 0xe5, 0x10, 0xc5, 0x10, 0xc5, 0x10,
    0xe4, 0x10, 0xc5, 0x10, 0xe5, 0x10, 0x18, 0xbe, 0xff, 0xff, 0xff, 0xff,
    0xac, 0x52, 0xc5, 0x10, 0xc5, 0x10, 0xc5, 0x10, 0xe5, 0x10, 0x05, 0x19,
    0xa8, 0x29, 0xcc, 0x52, 0x93, 0x8c, 0x59, 0xce, 0x7e, 0xef, 0xff, 0xff,
    0xff, 0xff, 0xff, 0xff, 0xff, 0xff, 0xff, 0xff, 0xff, 0xff, 0xbe, 0xf7,
    0x7a, 0xce, 0x31, 0x84, 0xe9, 0x39, 0xe5, 0x10, 0xc5, 0x10, 0xc5, 0x10,
    0xc5, 0x10, 0xc5, 0x10, 0xe4, 0x10, 0xc5, 0x10, 0xc4, 0x10, 0xc5, 0x10,
    0xc5, 0x08, 0xe4, 0x10, 0xc4, 0x10, 0xc5, 0x10, 0xe5, 0x10, 0xc4, 0x10,
    0xc5, 0x08, 0xc5, 0x10, 0xc5, 0x10, 0xc4, 0x10, 0xc4, 0x08, 0xc5, 0x10,
    0xe5, 0x10, 0xc5, 0x10, 0xe5, 0x10, 0xe4, 0x10, 0xc5, 0x10, 0xc5, 0x10,
    0xc5, 0x08, 0xe4, 0x10, 0xc5, 0x10, 0xc5, 0x10, 0xc5, 0x10, 0xe5, 0x08,
    0xc4, 0x10, 0xc5, 0x10, 0xc5, 0x10, 0xe4, 0x10, 0xc5, 0x10, 0xe5, 0x10,
    0xc5, 0x10, 0xe5, 0x10, 0xc4, 0x10, 0xc4, 0x10, 0xe5, 0x08, 0xc5, 0x10,
    0xc4, 0x10, 0xe4, 0x10, 0xc5, 0x08, 0xc5, 0x10, 0xe4, 0x10, 0xc5, 0x10,
    0xc5, 0x10, 0xc5, 0x08, 0xe5, 0x10, 0xc4, 0x10, 0xc5, 0x08, 0xc5, 0x10,
    0xc4, 0x10, 0xc5, 0x10, 0xe5, 0x10, 0xc5, 0x10, 0xc5, 0x10, 0xc4, 0x10,
    0xe5, 0x10, 0xc5, 0x10, 0xc5, 0x08, 0xc5, 0x10, 0xc5, 0x10, 0xc4, 0x10,
    0xc5, 0x10, 0xc5, 0x10, 0xc5, 0x10, 0xc5, 0x10, 0xc5, 0x08, 0xc5, 0x10,
    0xc4, 0x10, 0xc5, 0x10, 0xc5, 0x10, 0xc5, 0x10, 0xe5, 0x10, 0xc5, 0x10,
    0xc5, 0x08, 0xe4, 0x10, 0xc5, 0x10, 0xc5, 0x10, 0xe5, 0x10, 0xc4, 0x10,
    0xc5, 0x10, 0xc4, 0x10, 0xc5, 0x10, 0xe5, 0x10, 0xc4, 0x10, 0xc5, 0x10,
    0xc4, 0x08, 0xe5, 0x10, 0xe5, 0x10, 0xc5, 0x10, 0xc4, 0x10, 0xc5, 0x08,
    0xc5, 0x10, 0xc5, 0x10, 0xc5, 0x10, 0xe5, 0x10, 0xc5, 0x10, 0xc5, 0x10,
    0xc5, 0x10, 0xc5, 0x10, 0xc5, 0x10, 0xe5, 0x10, 0xc5, 0x10, 0xe5, 0x10,
    0xc5, 0x08, 0xc4, 0x10, 0xc5, 0x10, 0xc5, 0x10, 0xe5, 0x10, 0xc5, 0x10,
    0xc4, 0x10, 0xe5, 0x10, 0xc4, 0x10, 0xc5, 0x10, 0xc5, 0x10, 0xe4, 0x10,
    0xc5, 0x10, 0xc5, 0x10, 0xc5, 0x10, 0xe5, 0x10, 0xc5, 0x10, 0xc5, 0x10,
    0xc5, 0x10, 0xe5, 0x10, 0xc5, 0x10, 0x26, 0x19, 0xdb, 0xd6, 0xff, 0xff,
    0xff, 0xff, 0xdb, 0xde, 0x26, 0x19, 0xc5, 0x10, 0xc5, 0x10, 0x4b, 0x22,
    0xf3, 0x3b, 0xf4, 0x3b, 0xf4, 0x3b, 0xf4, 0x3b, 0xf3, 0x3b, 0xf4, 0x3b,
    0xf4, 0x3b, 0x14, 0x3c, 0x14, 0x3c, 0x14, 0x3c, 0x14, 0x3c, 0x14, 0x3c,
    0x14, 0x3c, 0x14, 0x3c, 0x15, 0x3c, 0x14, 0x3c, 0x15, 0x3c, 0x35, 0x3c,
    0x34, 0x3c, 0x15, 0x3c, 0x15, 0x3c, 0x14, 0x3c, 0x14, 0x3c, 0x14, 0x3c,
    0x14, 0x3c, 0x14, 0x3c, 0xf4, 0x3b, 0xf3, 0x3b, 0xd3, 0x3b, 0x6c, 0x22,
    0xc5, 0x10, 0xc5, 0x10, 0xe5, 0x10, 0xd0, 0x73, 0xff, 0xff, 0xff, 0xff,
    0xb3, 0x94, 0xc5, 0x10, 0xc5, 0x10, 0xc5, 0x10, 0xc4, 0x10, 0xc5, 0x08,
    0xc5, 0x10, 0xc5, 0x10, 0xe5, 0x10, 0xe4, 0x10, 0xc5, 0x08, 0xc5, 0x10,
    0xc4, 0x10, 0xe5, 0x08, 0xc5, 0x10, 0xc4, 0x10, 0xc5, 0x10, 0xc5, 0x10,
    0xe4, 0x10, 0xc4, 0x10, 0xc5, 0x10, 0xe5, 0x10, 0xc5, 0x10, 0xc5, 0x10,
    0xe5, 0x10, 0xc4, 0x10, 0xc5, 0x10, 0xc5, 0x10, 0xc5, 0x10, 0xc4, 0x10,
    0xe5, 0x10, 0xc5, 0x10, 0xc5, 0x08, 0xc5, 0x10, 0xc5, 0x10, 0xe4, 0x10,
    0xc5, 0x08, 0xc5, 0x10, 0xc4, 0x10, 0x11, 0x7c, 0xff, 0xff, 0xff, 0xff,
    0x72, 0x8c, 0xc5, 0x10, 0xc5, 0x10, 0xc5, 0x10, 0xc4, 0x10, 0x09, 0x3a,
    0x8b, 0x4a, 0x67, 0x21, 0xe5, 0x10, 0x26, 0x19, 0x09, 0x3a, 0xb0, 0x73,
    0xb7, 0xb5, 0x3d, 0xe7, 0xff, 0xff, 0xff, 0xff, 0xff, 0xff, 0xff, 0xff,
    0xff, 0xff, 0xff, 0xff, 0x3d, 0xe7, 0x56, 0xad, 0xab, 0x4a, 0x06, 0x19,
    0xc5, 0x10, 0xc5, 0x10, 0xc5, 0x10, 0xc5, 0x10, 0xe5, 0x10, 0xe4, 0x10,
    0xc5, 0x10, 0xc5, 0x10, 0xc5, 0x10, 0xe5, 0x10, 0xc5, 0x10, 0xc5, 0x10,
    0xc5, 0x10, 0xc5, 0x10, 0xc5, 0x10, 0xe5, 0x10, 0xc5, 0x10, 0xc5, 0x10,
    0xc4, 0x10, 0xc5, 0x08, 0xc4, 0x10, 0xc5, 0x10, 0xc5, 0x10, 0xc4, 0x10,
    0xe5, 0x10, 0xc5, 0x10, 0xc5, 0x10, 0xc5, 0x10, 0xe5, 0x10, 0xc5, 0x10,
    0xc5, 0x10, 0xc4, 0x10, 0xe5, 0x08, 0xc5, 0x10, 0xc5, 0x10, 0xc5, 0x08,
    0xc5, 0x10, 0xc5, 0x10, 0xc5, 0x10, 0xe5, 0x10, 0xc4, 0x10, 0xc5, 0x10,
    0xc5, 0x10, 0xc5, 0x10, 0xc5, 0x10, 0xc4, 0x10, 0xc5, 0x10, 0xe5, 0x10,
    0xc5, 0x10, 0xc5, 0x10, 0xc4, 0x10, 0xc5, 0x10, 0xe5, 0x10, 0xc5, 0x10,
    0xc5, 0x10, 0xe5, 0x10, 0xc5, 0x10, 0xc5, 0x10, 0xc4, 0x10, 0xe5, 0x10,
    0xc5, 0x10, 0xe4, 0x10, 0xc5, 0x10, 0xc4, 0x10, 0xe4, 0x10, 0xc5, 0x10,
    0xc5, 0x10, 0xe5, 0x10, 0xc5, 0x08, 0xc5, 0x10, 0xc4, 0x10, 0xe4, 0x10,
    0xc5, 0x10, 0xe4, 0x08, 0xc5, 0x10, 0xc5, 0x10, 0xc5, 0x10, 0xe4, 0x10,
    0xc5, 0x10, 0xc5, 0x10, 0xc5, 0x10, 0xe5, 0x08, 0xc4, 0x10, 0xc5, 0x10,
    0xc5, 0x10, 0xc5, 0x10, 0xe4, 0x10, 0xc5, 0x10, 0xc5, 0x10, 0xc5, 0x10,
    0xc5, 0x10, 0xc5, 0x10, 0xc5, 0x08, 0xc4, 0x10, 0xe5, 0x10, 0xc5, 0x10,
    0xc4, 0x10, 0xe5, 0x10, 0xe4, 0x10, 0xc4, 0x08, 0xc5, 0x10, 0xe5, 0x10,
    0xe4, 0x10, 0xc4, 0x10, 0xc5, 0x10, 0xc5, 0x08, 0xc5, 0x10, 0xc5, 0x10,
    0xe4, 0x10, 0xc5, 0x10, 0xe5, 0x10, 0xc4, 0x10, 0xc5, 0x10, 0xc5, 0x08,
    0xc4, 0x10, 0xe5, 0x10, 0xc5, 0x10, 0xc5, 0x10, 0xe5, 0x10, 0xc5, 0x08,
    0xc5, 0x10, 0xc5, 0x10, 0xe5, 0x10, 0xc5, 0x08, 0xc4, 0x10, 0xc4, 0x10,
    0xe5, 0x08, 0xc5, 0x10, 0xc5, 0x10, 0xec, 0x52, 0xff, 0xff, 0xff, 0xff,
    0xff, 0xff, 0x31, 0x84, 0xe5, 0x10, 0xc5, 0x10, 0xe5, 0x10, 0x76, 0x44,
    0x9b, 0x55, 0x9c, 0x55, 0x9b, 0x55, 0x9b, 0x55, 0x9b, 0x55, 0x9b, 0x55,
    0x9b, 0x55, 0x9b, 0x55, 0x9b, 0x55, 0x9b, 0x55, 0x9b, 0x55, 0x9b, 0x55,
    0x9b, 0x55, 0x9b, 0x55, 0x9b, 0x55, 0x9b, 0x55, 0x9b, 0x55, 0x9b, 0x55,
    0x9b, 0x55, 0x9b, 0x55, 0x9b, 0x55, 0x9b, 0x55, 0x9b, 0x55, 0x9b, 0x55,
    0x9c, 0x55, 0x9b, 0x55, 0x9b, 0x55, 0x9b, 0x55, 0x9b, 0x55, 0x56, 0x3c,
    0x06, 0x11, 0xc5, 0x10, 0xc5, 0x10, 0x4a, 0x42, 0x9e, 0xf7, 0xff, 0xff,
    0x7a, 0xce, 0x05, 0x19, 0xc5, 0x10, 0xc5, 0x10, 0xc5, 0x10, 0xe5, 0x10,
    0xe5, 0x10, 0xc4, 0x10, 0xc5, 0x08, 0xc5, 0x10, 0xc5, 0x10, 0xc5, 0x10,
    0xe5, 0x10, 0xc4, 0x10, 0xc5, 0x10, 0xc5, 0x10, 0xe5, 0x10, 0xc5, 0x10,
    0xc5, 0x10, 0xe5, 0x10, 0xc5, 0x10, 0xc5, 0x08, 0xe4, 0x10, 0xc5, 0x10,
    0xc5, 0x10, 0xc5, 0x08, 0xc4, 0x10, 0xe5, 0x10, 0xc5, 0x08, 0xc5, 0x10,
    0xc4, 0x10, 0xc5, 0x10, 0xe4, 0x10, 0xc5, 0x10, 0xc4, 0x10, 0xc5, 0x10,
    0xc5, 0x10, 0xc4, 0x10, 0xe5, 0x10, 0x4a, 0x42, 0xbe, 0xf7, 0xff, 0xff,
    0x18, 0xbe, 0x26, 0x19, 0xc5, 0x10, 0xc5, 0x10, 0xe5, 0x10, 0x72, 0x8c,
    0x9e, 0xf7, 0x9b, 0xd6, 0xd4, 0x9c, 0xcc, 0x52, 0x87, 0x29, 0xe5, 0x10,
    0x05, 0x19, 0xe9, 0x31, 0x8f, 0x6b, 0xd7, 0xbd, 0x5d, 0xef, 0xff, 0xff,
    0xff, 0xff, 0xff, 0xff, 0xff, 0xff, 0xff, 0xff, 0xbe, 0xf7, 0x18, 0xc6,
    0x2e, 0x5b, 0x26, 0x21, 0xc5, 0x10, 0xc5, 0x10, 0xc5, 0x10, 0xc5, 0x10,
    0xc5, 0x10, 0xc5, 0x10, 0xe5, 0x10, 0xc5, 0x08, 0xc4, 0x10, 0xc5, 0x10,
    0xe5, 0x10, 0xe4, 0x10, 0xc4, 0x10, 0xc5, 0x08, 0xe5, 0x10, 0xc5, 0x10,
    0xc5, 0x10, 0xe5, 0x10, 0xc5, 0x10, 0xc5, 0x10, 0xc5, 0x08, 0xe5, 0x10,
    0xc5, 0x10, 0xc5, 0x10, 0xc4, 0x08, 0xc5, 0x10, 0xe4, 0x10, 0xc4, 0x10,
    0xc5, 0x10, 0xe5, 0x10, 0xc5, 0x10, 0xc4, 0x10, 0xc5, 0x10, 0xc5, 0x10,
    0xe4, 0x10, 0xc4, 0x10, 0xe5, 0x08, 0xc5, 0x10, 0xc5, 0x10, 0xc4, 0x10,
    0xc5, 0x10, 0xe5, 0x08, 0xc4, 0x10, 0xc5, 0x10, 0xe5, 0x10, 0xc4, 0x08,
    0xc4, 0x10, 0xe5, 0x10, 0xc5, 0x08, 0xc5, 0x10, 0xe5, 0x10, 0xc5, 0x10,
    0xc4, 0x10, 0xc5, 0x10, 0xc5, 0x08, 0xc4, 0x10, 0xe5, 0x10, 0xc5, 0x08,
    0xc5, 0x10, 0xc4, 0x10, 0xe5, 0x10, 0xc5, 0x10, 0xc5, 0x10, 0xe5, 0x08,
    0xc5, 0x10, 0xc4, 0x10, 0xe4, 0x10, 0xc5, 0x10, 0xe5, 0x10, 0xc5, 0x10,
    0xc5, 0x10, 0xc5, 0x10, 0xe5, 0x10, 0xe4, 0x10, 0xc5, 0x08, 0xc5, 0x10,
    0xc5, 0x10, 0xe5, 0x10, 0xc4, 0x10, 0xc5, 0x10, 0xc5, 0x10, 0xc5, 0x10,
    0xc5, 0x10, 0xc5, 0x10, 0xc5, 0x10, 0xc5, 0x08, 0xc4, 0x10, 0xe5, 0x10,
    0xc5, 0x10, 0xe4, 0x10, 0xc5, 0x10, 0xc5, 0x10, 0xc5, 0x10, 0xe5, 0x10,
    0xc5, 0x10, 0xc5, 0x08, 0xc5, 0x10, 0xc5, 0x10, 0xc5, 0x10, 0xc4, 0x10,
    0xc5, 0x08, 0xe5, 0x10, 0xc5, 0x10, 0xe4, 0x10, 0xc4, 0x10, 0xc5, 0x10,
    0xc5, 0x10, 0xe5, 0x10, 0xc5, 0x10, 0xe5, 0x08, 0xc5, 0x10, 0xc4, 0x10,
    0xc5, 0x10, 0xc5, 0x10, 0xc5, 0x08, 0xe4, 0x10, 0xc4, 0x10, 0xc5, 0x10,
    0xc4, 0x10, 0xe5, 0x10, 0xc4, 0x10, 0xc5, 0x10, 0xc5, 0x10, 0xe5, 0x10,
    0xc4, 0x10, 0xc5, 0x10, 0xe5, 0x10, 0xb7, 0xb5, 0xff, 0xff, 0xff, 0xff,
    0xbe, 0xf7, 0xa8, 0x31, 0xc5, 0x10, 0xc5, 0x10, 0xea, 0x21, 0x5a, 0x4d,
    0x9b, 0x55, 0x9c, 0x55, 0x9b, 0x55, 0xbc, 0x55, 0x9c, 0x55, 0x9c, 0x55,
    0x9c, 0x55, 0x9c, 0x55, 0x9c, 0x55, 0x9b, 0x55, 0x9c, 0x55, 0x9c, 0x55,
    0x9c, 0x55, 0x9c, 0x55, 0x9c, 0x55, 0xbc, 0x55, 0x9c, 0x55, 0x9c, 0x55,
    0x9c, 0x55, 0x9c, 0x55, 0xbc, 0x55, 0x9c, 0x55, 0x9c, 0x55, 0x9c, 0x55,
    0xbc, 0x55, 0x9c, 0x55, 0x9c, 0x55, 0x9c, 0x55, 0x9b, 0x55, 0x3a, 0x4d,
    0x88, 0x19, 0xc5, 0x10, 0xc5, 0x10, 0x46, 0x21, 0x9a, 0xce, 0xff, 0xff,
    0x5d, 0xef, 0x09, 0x3a, 0xc5, 0x10, 0xc5, 0x10, 0xe5, 0x10, 0xc5, 0x10,
    0xc4, 0x10, 0xc5, 0x10, 0xe5, 0x10, 0xc5, 0x10, 0xc4, 0x10, 0xe5, 0x08,
    0xc4, 0x10, 0xc5, 0x10, 0xc5, 0x10, 0xe5, 0x08, 0xc4, 0x10, 0xc4, 0x10,
    0xe5, 0x08, 0xc5, 0x10, 0xc4, 0x10, 0xe5, 0x10, 0xc5, 0x10, 0xc4, 0x10,
    0xc5, 0x10, 0xc5, 0x10, 0xe5, 0x10, 0xc5, 0x10, 0xe4, 0x10, 0xc5, 0x10,
    0xc5, 0x10, 0xe5, 0x10, 0xc5, 0x10, 0xe4, 0x10, 0xc5, 0x10, 0xc5, 0x08,
    0xe5, 0x10, 0xc5, 0x10, 0xc5, 0x10, 0x05, 0x19, 0xfc, 0xde, 0xff, 0xff,
    0x5d, 0xef, 0xa8, 0x29, 0xc5, 0x10, 0xe5, 0x10, 0xe5, 0x10, 0xb3, 0x94,
    0xff, 0xff, 0xff, 0xff, 0xff, 0xff, 0xdf, 0xff, 0xdb, 0xd6, 0xf4, 0x9c,
    0x8c, 0x4a, 0x26, 0x19, 0xc5, 0x10, 0x05, 0x19, 0x09, 0x3a, 0x11, 0x7c,
    0x7a, 0xce, 0xdf, 0xff, 0xff, 0xff, 0xff, 0xff, 0xff, 0xff, 0xff, 0xff,
    0xdf, 0xff, 0x59, 0xc6, 0x4e, 0x63, 0x46, 0x21, 0xc5, 0x10, 0xc5, 0x10,
    0xc5, 0x10, 0xe4, 0x10, 0xc4, 0x10, 0xc5, 0x10, 0xc5, 0x10, 0xc4, 0x10,
    0xc5, 0x08, 0xc5, 0x10, 0xe5, 0x10, 0xc4, 0x10, 0xc5, 0x10, 0xc4, 0x08,
    0xe5, 0x10, 0xc5, 0x10, 0xe4, 0x10, 0xc5, 0x10, 0xe5, 0x10, 0xc4, 0x10,
    0xc5, 0x10, 0xe4, 0x10, 0xe5, 0x10, 0xc5, 0x10, 0xc5, 0x10, 0xc5, 0x08,
    0xc5, 0x10, 0xe5, 0x10, 0xc4, 0x10, 0xc5, 0x10, 0xe5, 0x10, 0xe4, 0x10,
    0xc5, 0x10, 0xc5, 0x10, 0xc4, 0x10, 0xc5, 0x10, 0xc5, 0x08, 0xe5, 0x10,
    0xe5, 0x10, 0xc4, 0x10, 0xe5, 0x10, 0xc5, 0x10, 0xc5, 0x10, 0xc5, 0x10,
    0xc5, 0x10, 0xe4, 0x10, 0xc5, 0x10, 0xc4, 0x10, 0xc5, 0x10, 0xc4, 0x10,
    0xe5, 0x08, 0xc4, 0x10, 0xc5, 0x10, 0xe5, 0x10, 0xc5, 0x10, 0xc5, 0x10,
    0xc5, 0x10, 0xc5, 0x10, 0xc5, 0x08, 0xc5, 0x10, 0xe5, 0x10, 0xc4, 0x10,
    0xc5, 0x10, 0xe5, 0x10, 0xc5, 0x10, 0xc4, 0x10, 0xc5, 0x10, 0xe5, 0x08,
    0xc5, 0x10, 0xc5, 0x10, 0xc4, 0x10, 0xc5, 0x10, 0xc5, 0x10, 0xc4, 0x10,
    0xe5, 0x08, 0xc4, 0x10, 0xc5, 0x10, 0xc5, 0x10, 0xe4, 0x10, 0xc5, 0x10,
    0xc5, 0x10, 0xc4, 0x10, 0xe5, 0x10, 0xc5, 0x10, 0xc5, 0x10, 0xe4, 0x10,
    0xc5, 0x08, 0xc5, 0x10, 0xe5, 0x10, 0xe4, 0x10, 0xc5, 0x08, 0xc5, 0x10,
    0xe4, 0x10, 0xc5, 0x10, 0xc5, 0x10, 0xc5, 0x10, 0xe5, 0x10, 0xc5, 0x10,
    0xc5, 0x10, 0xc5, 0x10, 0xc5, 0x10, 0xc5, 0x10, 0xe5, 0x10, 0xc4, 0x10,
    0xc5, 0x08, 0xc5, 0x10, 0xc4, 0x10, 0xc5, 0x10, 0xe5, 0x10, 0xc5, 0x10,
    0xe5, 0x10, 0xc5, 0x10, 0xc4, 0x10, 0xc5, 0x10, 0xc5, 0x10, 0xc5, 0x10,
    0xe5, 0x10, 0xc4, 0x08, 0xc5, 0x10, 0xc4, 0x10, 0xe5, 0x10, 0xc5, 0x10,
    0xc5, 0x10, 0xc5, 0x10, 0x09, 0x32, 0xde, 0xff, 0xff, 0xff, 0xff, 0xff,
    0x76, 0xad, 0xe5, 0x10, 0xc5, 0x10, 0xc5, 0x10, 0xb2, 0x3b, 0x9b, 0x55,
    0x9c, 0x55, 0x9c, 0x55, 0x9c, 0x55, 0x9c, 0x55, 0xbc, 0x55, 0x9b, 0x55,
    0x9c, 0x55, 0xbc, 0x55, 0x9c, 0x55, 0x9c, 0x55, 0xbc, 0x55, 0x9c, 0x55,
    0x9c, 0x55, 0x9c, 0x55, 0xbc, 0x55, 0x9c, 0x55, 0x9b, 0x55, 0x9c, 0x55,
    0xbc, 0x55, 0x9c, 0x55, 0x9c, 0x55, 0xbc, 0x55, 0x9c, 0x55, 0xbb, 0x55,
    0x9c, 0x55, 0x9c, 0x55, 0xbc, 0x55, 0x9c, 0x55, 0x9c, 0x55, 0x9b, 0x55,
    0x6c, 0x22, 0xe5, 0x10, 0xc5, 0x10, 0xe5, 0x10, 0xf4, 0x9c, 0xff, 0xff,
    0xff, 0xff, 0x6f, 0x6b, 0xc5, 0x10, 0xc5, 0x10, 0xc4, 0x10, 0xc4, 0x08,
    0xc5, 0x10, 0xc5, 0x10, 0xc5, 0x10, 0xc4, 0x10, 0xe5, 0x10, 0xc5, 0x10,
    0xc5, 0x10, 0xc5, 0x10, 0xe5, 0x10, 0xc4, 0x10, 0xc5, 0x10, 0xc5, 0x10,
    0xc5, 0x10, 0xc4, 0x10, 0xc5, 0x10, 0xc5, 0x10, 0xc4, 0x10, 0xc5, 0x08,
    0xe5, 0x10, 0xe4, 0x10, 0xc5, 0x10, 0xc5, 0x10, 0xc4, 0x10, 0xc5, 0x10,
    0xe5, 0x10, 0xc5, 0x08, 0xc5, 0x10, 0xc5, 0x10, 0xc5, 0x10, 0xe5, 0x10,
    0xc4, 0x10, 0xc5, 0x10, 0xe5, 0x08, 0xe5, 0x10, 0x35, 0xa5, 0xff, 0xff,
    0xff, 0xff, 0xed, 0x5a, 0xc5, 0x10, 0xc5, 0x10, 0xe5, 0x10, 0xd3, 0x94,
    0xff, 0xff, 0xff, 0xff, 0xff, 0xff, 0xff, 0xff, 0xff, 0xff, 0xff, 0xff,
    0xbe, 0xf7, 0xb7, 0xb5, 0xa8, 0x31, 0xc5, 0x10, 0xc5, 0x10, 0xe5, 0x10,
    0x26, 0x19, 0xec, 0x52, 0xb7, 0xb5, 0x7e, 0xef, 0xff, 0xff, 0xff, 0xff,
    0xff, 0xff, 0xff, 0xff, 0xdf, 0xff, 0x59, 0xce, 0x2e, 0x63, 0x26, 0x19,
    0xc5, 0x10, 0xc5, 0x10, 0xc5, 0x10, 0xc5, 0x10, 0xe4, 0x10, 0xe5, 0x10,
    0xc5, 0x10, 0xc5, 0x10, 0xc5, 0x10, 0xc5, 0x10, 0xc5, 0x10, 0xe5, 0x10,
    0xc4, 0x10, 0xc5, 0x10, 0xc5, 0x08, 0xc4, 0x10, 0xc5, 0x10, 0xc5, 0x10,
    0xc5, 0x10, 0xc5, 0x08, 0xc5, 0x10, 0xc5, 0x10, 0xe4, 0x10, 0xc5, 0x10,
    0xc4, 0x10, 0xc5, 0x10, 0xc5, 0x08, 0xc5, 0x10, 0xc4, 0x10, 0xc5, 0x08,
    0xc5, 0x10, 0xc5, 0x10, 0xc5, 0x10, 0xe5, 0x10, 0xc4, 0x10, 0xc5, 0x10,
    0xc5, 0x10, 0xc5, 0x10, 0xc5, 0x10, 0xc5, 0x08, 0xe4, 0x10, 0xc5, 0x10,
    0xc5, 0x10, 0xc5, 0x10, 0xc5, 0x10, 0xe5, 0x10, 0xe4, 0x10, 0xc5, 0x10,
    0xc5, 0x10, 0xe5, 0x10, 0xc4, 0x10, 0xc5, 0x08, 0xc4, 0x10, 0xc5, 0x10,
    0xc4, 0x10, 0xe4, 0x10, 0xc5, 0x10, 0xc5, 0x10, 0xc4, 0x10, 0xc5, 0x10,
    0xc5, 0x10, 0xc5, 0x10, 0xc5, 0x08, 0xc5, 0x10, 0xc4, 0x10, 0xc5, 0x10,
    0xe5, 0x10, 0xc4, 0x08, 0xc5, 0x10, 0xc5, 0x10, 0xc5, 0x10, 0xe4, 0x10,
    0xc5, 0x10, 0xc5, 0x10, 0xc5, 0x10, 0xe5, 0x08, 0xc5, 0x10, 0xc5, 0x10,
    0xc5, 0x10, 0xc5, 0x10, 0xc4, 0x10, 0xe5, 0x10, 0xc4, 0x10, 0xc5, 0x10,
    0xc5, 0x10, 0xc5, 0x10, 0xc4, 0x10, 0xc5, 0x10, 0xc5, 0x10, 0xc4, 0x10,
    0xc5, 0x10, 0xc5, 0x10, 0xe4, 0x10, 0xc4, 0x10, 0xc5, 0x08, 0xe4, 0x10,
    0xc5, 0x10, 0xc5, 0x10, 0xc4, 0x08, 0xc5, 0x10, 0xc5, 0x10, 0xc5, 0x10,
    0xe5, 0x10, 0xc4, 0x10, 0xc5, 0x10, 0xc4, 0x10, 0xc5, 0x10, 0xc5, 0x10,
    0xc4, 0x08, 0xe5, 0x10, 0xc5, 0x10, 0xe5, 0x10, 0xc5, 0x10, 0xc5, 0x08,
    0xe5, 0x10, 0xc5, 0x10, 0xc5, 0x10, 0xc5, 0x10, 0xe4, 0x10, 0xc5, 0x08,
    0xc5, 0x10, 0xe5, 0x10, 0x93, 0x8c, 0xff, 0xff, 0xff, 0xff, 0xff, 0xff,
    0x8b, 0x4a, 0xc5, 0x10, 0xc5, 0x10, 0x47, 0x11, 0x19, 0x4d, 0x9c, 0x55,
    0x9c, 0x55, 0x9c, 0x55, 0x9c, 0x55, 0x9b, 0x55, 0x9c, 0x55, 0xbc, 0x55,
    0x9b, 0x55, 0x9c, 0x55, 0x9c, 0x55, 0xbc, 0x55, 0x9c, 0x55, 0x9b, 0x55,
    0xbc, 0x55, 0xbc, 0x55, 0x9c, 0x55, 0x9b, 0x55, 0x9c, 0x55, 0xbc, 0x55,
    0x9c, 0x55, 0x9b, 0x55, 0x9b, 0x55, 0x9c, 0x55, 0x9c, 0x55, 0x9c, 0x55,
    0x9c, 0x55, 0x9b, 0x55, 0x9c, 0x55, 0x9b, 0x55, 0x9b, 0x55, 0xd8, 0x44,
    0xca, 0x21, 0xe5, 0x10, 0xc5, 0x10, 0xe5, 0x10, 0x2d, 0x5b, 0xff, 0xff,
    0xff, 0xff, 0x55, 0xa5, 0xc5, 0x10, 0xc5, 0x10, 0xe5, 0x10, 0xc5, 0x10,
    0xe5, 0x10, 0xe5, 0x10, 0xc4, 0x08, 0xc5, 0x10, 0xc5, 0x10, 0xc5, 0x10,
    0xc4, 0x10, 0xc5, 0x10, 0xe5, 0x08, 0xc5, 0x10, 0xc5, 0x10, 0xc5, 0x10,
    0xe5, 0x10, 0xc5, 0x10, 0xe5, 0x08, 0xc5, 0x10, 0xc5, 0x10, 0xe5, 0x10,
    0xc5, 0x10, 0xc4, 0x10, 0xc5, 0x10, 0xc5, 0x08, 0xc5, 0x10, 0xe5, 0x10,
    0xc5, 0x10, 0xc4, 0x10, 0xc4, 0x10, 0xc5, 0x10, 0xe5, 0x08, 0xc4, 0x10,
    0xc5, 0x10, 0xc4, 0x10, 0xc5, 0x10, 0xc4, 0x10, 0x4e, 0x63, 0xdf, 0xff,
    0xff, 0xff, 0xd3, 0x94, 0xc5, 0x10, 0xc5, 0x10, 0xe5, 0x10, 0xd4, 0x94,
    0xff, 0xff, 0xff, 0xff, 0xff, 0xff, 0xff, 0xff, 0xff, 0xff, 0xff, 0xff,
    0xff, 0xff, 0xff, 0xff, 0xf0, 0x7b, 0xc5, 0x10, 0xc5, 0x10, 0xc5, 0x10,
    0xc4, 0x10, 0xc5, 0x10, 0xe5, 0x10, 0x4a, 0x42, 0x14, 0x9d, 0x5d, 0xef,
    0xff, 0xff, 0xff, 0xff, 0xff, 0xff, 0xff, 0xff, 0xdf, 0xff, 0x18, 0xbe,
    0xcc, 0x52, 0x06, 0x19, 0xc5, 0x10, 0xc5, 0x10, 0xc5, 0x10, 0xc5, 0x10,
    0xe4, 0x10, 0xc4, 0x10, 0xc5, 0x10, 0xc5, 0x08, 0xe4, 0x10, 0xc5, 0x10,
    0xc5, 0x10, 0xc4, 0x10, 0xc5, 0x10, 0xe5, 0x10, 0xc5, 0x10, 0xc4, 0x10,
    0xe5, 0x10, 0xc5, 0x10, 0xc4, 0x10, 0xc4, 0x08, 0xc5, 0x10, 0xc5, 0x10,
    0xe5, 0x10, 0xe4, 0x10, 0xc5, 0x10, 0xc5, 0x10, 0xe5, 0x10, 0xc5, 0x10,
    0xc5, 0x10, 0xe4, 0x08, 0xe5, 0x10, 0xc5, 0x10, 0xe4, 0x10, 0xc5, 0x10,
    0xc5, 0x08, 0xc4, 0x10, 0xc5, 0x10, 0xe5, 0x10, 0xc5, 0x10, 0xc4, 0x10,
    0xe5, 0x10, 0xe5, 0x08, 0xc5, 0x10, 0xc5, 0x10, 0xc5, 0x08, 0xc5, 0x10,
    0xc5, 0x10, 0xc5, 0x10, 0xe5, 0x10, 0xc5, 0x10, 0xc5, 0x10, 0xe5, 0x10,
    0xe5, 0x08, 0xc5, 0x10, 0xe5, 0x10, 0xc4, 0x10, 0xe5, 0x08, 0xc5, 0x10,
    0xe4, 0x10, 0xc4, 0x10, 0xc5, 0x10, 0xe5, 0x10, 0xe5, 0x10, 0xc5, 0x10,
    0xc4, 0x10, 0xc5, 0x10, 0xe5, 0x10, 0xe5, 0x10, 0xc5, 0x08, 0xc5, 0x10,
    0xc5, 0x10, 0xc5, 0x10, 0xe4, 0x10, 0xc4, 0x10, 0xc5, 0x10, 0xc4, 0x10,
    0xc5, 0x10, 0xc5, 0x10, 0xe5, 0x10, 0xc5, 0x08, 0xc5, 0x10, 0xc5, 0x10,
    0xe5, 0x10, 0xc4, 0x10, 0xc5, 0x08, 0xc5, 0x10, 0xc4, 0x10, 0xe5, 0x10,
    0xc5, 0x10, 0xc5, 0x08, 0xc5, 0x10, 0xe5, 0x10, 0xc5, 0x10, 0xc5, 0x10,
    0xe4, 0x10, 0xc5, 0x10, 0xe5, 0x10, 0xe4, 0x10, 0xc5, 0x08, 0xc5, 0x10,
    0xc4, 0x10, 0xe5, 0x10, 0xc5, 0x10, 0xe5, 0x08, 0xc5, 0x10, 0xc4, 0x10,
    0xe5, 0x10, 0xc5, 0x10, 0xc5, 0x08, 0xc4, 0x10, 0xe5, 0x10, 0xc4, 0x10,
    0xc4, 0x10, 0xc5, 0x10, 0xe5, 0x08, 0xc5, 0x10, 0xc5, 0x10, 0xc5, 0x10,
    0xc4, 0x10, 0x67, 0x21, 0x1c, 0xe7, 0xff, 0xff, 0xff, 0xff, 0xbb, 0xd6,
    0x05, 0x19, 0xc5, 0x10, 0xe5, 0x10, 0xce, 0x2a, 0x9b, 0x55, 0x9c, 0x55,
    0x9c, 0x55, 0x9c, 0x55, 0xbb, 0x55, 0xbc, 0x55, 0x9c, 0x55, 0x9c, 0x55,
    0x9c, 0x55, 0x9c, 0x55, 0xbb, 0x55, 0x9b, 0x55, 0x9c, 0x55, 0x9c, 0x55,
    0x9c, 0x55, 0x9b, 0x55, 0x9b, 0x55, 0xbc, 0x55, 0x9c, 0x55, 0xbc, 0x55,
    0x9b, 0x55, 0x9c, 0x55, 0xbc, 0x55, 0x9b, 0x55, 0x9c, 0x55, 0xbc, 0x55,
    0x9c, 0x55, 0x9b, 0x55, 0x9c, 0x55, 0x7b, 0x4d, 0x14, 0x3c, 0x88, 0x19,
    0xc5, 0x10, 0xc5, 0x10, 0xc5, 0x10, 0xe5, 0x10, 0xc8, 0x31, 0x3d, 0xe7,
    0xff, 0xff, 0xdb, 0xde, 0x26, 0x21, 0xc5, 0x10, 0xc5, 0x10, 0xc5, 0x10,
    0xc5, 0x10, 0xc4, 0x10, 0xe5, 0x10, 0xc5, 0x10, 0xc4, 0x10, 0xe5, 0x08,
    0xe5, 0x10, 0xc4, 0x10, 0xc5, 0x10, 0xc4, 0x10, 0xe5, 0x08, 0xe5, 0x10,
    0xc4, 0x10, 0xc4, 0x10, 0xc5, 0x10, 0xe5, 0x10, 0xc4, 0x10, 0xc5, 0x10,
    0xc5, 0x10, 0xc5, 0x08, 0xc5, 0x10, 0xc5, 0x10, 0xe4, 0x10, 0xc5, 0x10,
    0xc4, 0x08, 0xc5, 0x10, 0xc5, 0x10, 0xe5, 0x10, 0xc4, 0x10, 0xc5, 0x10,
    0xc5, 0x10, 0xc5, 0x10, 0xe5, 0x10, 0xe5, 0x10, 0xc8, 0x31, 0x7e, 0xef,
    0xff, 0xff, 0x59, 0xce, 0x46, 0x21, 0xc5, 0x10, 0xe5, 0x10, 0xd4, 0x9c,
    0xff, 0xff, 0xff, 0xff, 0xff, 0xff, 0xff, 0xff, 0xff, 0xff, 0xff, 0xff,
    0xff, 0xff, 0xff, 0xff, 0xf0, 0x7b, 0xc5, 0x10, 0xc5, 0x08, 0xe4, 0x10,
    0xc5, 0x10, 0xe5, 0x10, 0xe5, 0x10, 0xc4, 0x10, 0xc5, 0x10, 0x09, 0x32,
    0xd3, 0x94, 0x3d, 0xef, 0xff, 0xff, 0xff, 0xff, 0xff, 0xff, 0xff, 0xff,
    0xbe, 0xf7, 0x56, 0xad, 0x09, 0x3a, 0xe5, 0x10, 0xc5, 0x10, 0xc5, 0x10,
    0xc5, 0x10, 0xc5, 0x10, 0xe5, 0x10, 0xe4, 0x10, 0xc5, 0x10, 0xc5, 0x10,
    0xc5, 0x08, 0xc5, 0x10, 0xe5, 0x10, 0xc5, 0x10, 0xe4, 0x08, 0xc5, 0x10,
    0xc4, 0x10, 0xe5, 0x10, 0xc5, 0x10, 0xc5, 0x10, 0xe5, 0x10, 0xc5, 0x10,
    0xc5, 0x08, 0xc5, 0x10, 0xc5, 0x10, 0xe4, 0x10, 0xc5, 0x10, 0xc5, 0x10,
    0xc5, 0x10, 0xc5, 0x10, 0xc4, 0x10, 0xc5, 0x10, 0xc5, 0x08, 0xc5, 0x10,
    0xe5, 0x10, 0xc4, 0x10, 0xe4, 0x10, 0xc5, 0x10, 0xc5, 0x10, 0xc5, 0x08,
    0xc4, 0x10, 0xc5, 0x10, 0xc4, 0x10, 0xc4, 0x10, 0xc5, 0x10, 0xe5, 0x10,
    0xc4, 0x08, 0xc4, 0x10, 0xc5, 0x10, 0xe5, 0x10, 0xc5, 0x10, 0xc4, 0x10,
    0xc5, 0x10, 0xc5, 0x10, 0xc5, 0x10, 0xc5, 0x10, 0xc4, 0x10, 0xc5, 0x10,
    0xc5, 0x08, 0xe5, 0x10, 0xc5, 0x10, 0xc4, 0x10, 0xc5, 0x08, 0xc5, 0x10,
    0xc4, 0x10, 0xc5, 0x10, 0xc5, 0x10, 0xc4, 0x10, 0xc4, 0x10, 0xe5, 0x10,
    0xc5, 0x10, 0xc4, 0x08, 0xe5, 0x10, 0xc5, 0x10, 0xc5, 0x10, 0xc5, 0x10,
    0xc5, 0x10, 0xc4, 0x10, 0xc5, 0x10, 0xc5, 0x10, 0xc4, 0x10, 0xe5, 0x10,
    0xc5, 0x08, 0xc4, 0x10, 0xe5, 0x10, 0xe5, 0x10, 0xc5, 0x10, 0xc5, 0x08,
    0xe4, 0x10, 0xc4, 0x10, 0xe5, 0x10, 0xc5, 0x10, 0xc4, 0x10, 0xc5, 0x10,
    0xc5, 0x08, 0xc4, 0x10, 0xc5, 0x10, 0xc5, 0x10, 0xe5, 0x10, 0xc4, 0x10,
    0xc5, 0x08, 0xc5, 0x10, 0xc5, 0x10, 0xc5, 0x10, 0xe4, 0x10, 0xc5, 0x10,
    0xc5, 0x10, 0xc5, 0x10, 0xc4, 0x10, 0xc5, 0x10, 0xc5, 0x10, 0xc5, 0x10,
    0xc5, 0x10, 0xe5, 0x10, 0xc4, 0x10, 0xc4, 0x10, 0xe5, 0x10, 0xc5, 0x10,
    0xe5, 0x10, 0x6f, 0x6b, 0xff, 0xff, 0xff, 0xff, 0xff, 0xff, 0xd0, 0x73,
    0xc5, 0x10, 0xc5, 0x10, 0xe5, 0x10, 0x97, 0x44, 0x9b, 0x55, 0x9b, 0x55,
    0x9c, 0x55, 0x9b, 0x55, 0x9c, 0x55, 0x9c, 0x55, 0x9c, 0x55, 0x9b, 0x55,
    0x9c, 0x55, 0xbc, 0x55, 0x9c, 0x55, 0x9c, 0x55, 0x9c, 0x55, 0x9b, 0x55,
    0xbc, 0x55, 0x9c, 0x55, 0x9c, 0x55, 0x9c, 0x55, 0x9c, 0x55, 0x9b, 0x55,
    0x9c, 0x55, 0x9c, 0x55, 0xbc, 0x55, 0x9c, 0x55, 0x9b, 0x55, 0x9b, 0x55,
    0x9c, 0x55, 0x9b, 0x55, 0x19, 0x4d, 0xce, 0x2a, 0xe5, 0x10, 0xc5, 0x10,
    0xc5, 0x10, 0xc5, 0x10, 0xc4, 0x10, 0xc5, 0x08, 0x26, 0x19, 0x18, 0xc6,
    0xff, 0xff, 0x9e, 0xf7, 0x6b, 0x42, 0xc5, 0x10, 0xc4, 0x10, 0xe4, 0x10,
    0xc5, 0x08, 0xc5, 0x10, 0xc5, 0x10, 0xe5, 0x10, 0xc5, 0x10, 0xc5, 0x10,
    0xc4, 0x10, 0xc5, 0x10, 0xe5, 0x10, 0xc5, 0x10, 0xc4, 0x10, 0xc5, 0x10,
    0xc5, 0x08, 0xc5, 0x10, 0xe5, 0x10, 0xc4, 0x10, 0xc5, 0x08, 0xc5, 0x10,
    0xe4, 0x10, 0xc4, 0x10, 0xe5, 0x10, 0xe5, 0x10, 0xc4, 0x10, 0xc5, 0x10,
    0xc5, 0x10, 0xe5, 0x10, 0xe5, 0x08, 0xc4, 0x10, 0xc5, 0x10, 0xc5, 0x10,
    0xe5, 0x10, 0xe5, 0x08, 0xc4, 0x10, 0xc5, 0x10, 0xe5, 0x10, 0x7a, 0xce,
    0xff, 0xff, 0x9e, 0xf7, 0xe9, 0x31, 0xc5, 0x10, 0xe5, 0x10, 0xd4, 0x9c,
    0xff, 0xff, 0xff, 0xff, 0xff, 0xff, 0xff, 0xff, 0xff, 0xff, 0xff, 0xff,
    0xff, 0xff, 0xff, 0xff, 0xf0, 0x7b, 0xc5, 0x10, 0xc5, 0x10, 0xc5, 0x10,
    0xc5, 0x10, 0xc5, 0x10, 0xc5, 0x10, 0xc5, 0x10, 0xc5, 0x08, 0xc5, 0x10,
    0xe5, 0x10, 0xe9, 0x31, 0xd4, 0x94, 0x5d, 0xef, 0xff, 0xff, 0xff, 0xff,
    0xff, 0xff, 0xff, 0xff, 0x5d, 0xef, 0x31, 0x84, 0x67, 0x21, 0xc5, 0x10,
    0xc5, 0x10, 0xc5, 0x10, 0xc4, 0x10, 0xc5, 0x10, 0xc5, 0x10, 0xc5, 0x10,
    0xe4, 0x10, 0xe5, 0x10, 0xc5, 0x10, 0xc4, 0x10, 0xc5, 0x10, 0xe5, 0x10,
    0xc5, 0x08, 0xc5, 0x10, 0xc5, 0x10, 0xe5, 0x10, 0xc5, 0x10, 0xc4, 0x10,
    0xc4, 0x10, 0xc5, 0x10, 0xc5, 0x10, 0xc5, 0x10, 0xe4, 0x08, 0xc5, 0x10,
    0xc4, 0x10, 0xe5, 0x10, 0xc5, 0x10, 0xc5, 0x10, 0xc5, 0x10, 0xe4, 0x10,
    0xc5, 0x10, 0xc5, 0x10, 0xc5, 0x08, 0xc5, 0x10, 0xc4, 0x10, 0xe5, 0x10,
    0xc5, 0x10, 0xc5, 0x10, 0xe5, 0x08, 0xe5, 0x10, 0xc5, 0x10, 0xc4, 0x10,
    0xe5, 0x10, 0xc5, 0x10, 0xc5, 0x10, 0xc4, 0x08, 0xe4, 0x10, 0xc5, 0x10,
    0xc4, 0x10, 0xc4, 0x10, 0xc5, 0x10, 0xc5, 0x08, 0xe5, 0x10, 0xc5, 0x10,
    0xc5, 0x10, 0xc5, 0x10, 0xe5, 0x10, 0xc4, 0x10, 0xc5, 0x10, 0xc5, 0x10,
    0xe5, 0x10, 0xe5, 0x08, 0xc5, 0x10, 0xc5, 0x10, 0xc5, 0x10, 0xe4, 0x10,
    0xc5, 0x10, 0xc5, 0x10, 0xc5, 0x10, 0xc5, 0x08, 0xe5, 0x10, 0xc5, 0x10,
    0xc5, 0x10, 0xc5, 0x10, 0xe4, 0x10, 0xc5, 0x10, 0xc4, 0x10, 0xe5, 0x10,
    0xc5, 0x10, 0xc5, 0x10, 0xc5, 0x10, 0xc4, 0x10, 0xc5, 0x10, 0xe5, 0x10,
    0xc5, 0x10, 0xc5, 0x10, 0xc5, 0x08, 0xc4, 0x10, 0xe5, 0x10, 0xc5, 0x10,
    0xc5, 0x10, 0xe5, 0x10, 0xc5, 0x10, 0xc5, 0x10, 0xc4, 0x10, 0xc5, 0x10,
    0xe5, 0x10, 0xc5, 0x10, 0xc5, 0x10, 0xe4, 0x10, 0xc5, 0x10, 0xc5, 0x08,
    0xe5, 0x10, 0xc4, 0x10, 0xe5, 0x10, 0xe5, 0x10, 0xc5, 0x10, 0xc4, 0x08,
    0xe5, 0x10, 0xc5, 0x10, 0xc5, 0x10, 0xe5, 0x10, 0xc5, 0x08, 0xc4, 0x10,
    0x26, 0x19, 0x39, 0xc6, 0xff, 0xff, 0xff, 0xff, 0x7e, 0xf7, 0x67, 0x21,
    0xc4, 0x10, 0xc5, 0x10, 0x0a, 0x22, 0x7b, 0x4d, 0x9c, 0x55, 0x9c, 0x55,
    0x9c, 0x55, 0x9c, 0x55, 0xbb, 0x55, 0x9c, 0x55, 0x9c, 0x55, 0xbb, 0x55,
    0xbc, 0x55, 0x9c, 0x55, 0x9b, 0x55, 0x9c, 0x55, 0xbc, 0x55, 0xbb, 0x55,
    0x9c, 0x55, 0x9c, 0x55, 0x9c, 0x55, 0xbc, 0x55, 0x9b, 0x55, 0x9c, 0x55,
    0x9c, 0x55, 0x9c, 0x55, 0x9c, 0x55, 0x9c, 0x55, 0x9c, 0x55, 0x9c, 0x55,
    0x9b, 0x55, 0x97, 0x44, 0xc9, 0x19, 0xe5, 0x10, 0xc5, 0x10, 0xc5, 0x10,
    0xe5, 0x10, 0xe4, 0x10, 0xc5, 0x10, 0xe4, 0x10, 0xc5, 0x10, 0x52, 0x84,
    0xff, 0xff, 0xff, 0xff, 0x11, 0x7c, 0xc5, 0x10, 0xc5, 0x10, 0xc5, 0x10,
    0xe4, 0x10, 0xc5, 0x10, 0xc5, 0x10, 0xc5, 0x10, 0xe4, 0x08, 0xc5, 0x10,
    0xc5, 0x10, 0xc5, 0x10, 0xc5, 0x08, 0xc4, 0x10, 0xc5, 0x10, 0xc5, 0x10,
    0xc5, 0x10, 0xe5, 0x10, 0xc5, 0x10, 0xc4, 0x10, 0xc5, 0x10, 0xe5, 0x10,
    0xc5, 0x10, 0xc5, 0x10, 0xc4, 0x10, 0xc5, 0x10, 0xc5, 0x08, 0xc5, 0x10,
    0xc5, 0x10, 0xc4, 0x10, 0xc5, 0x10, 0xc5, 0x10, 0xe5, 0x10, 0xc5, 0x08,
    0xc4, 0x10, 0xc4, 0x10, 0xc5, 0x10, 0xc5, 0x10, 0xc4, 0x10, 0x93, 0x8c,
    0xff, 0xff, 0xff, 0xff, 0x6e, 0x6b, 0xc5, 0x10, 0xe5, 0x10, 0xd4, 0x9c,
    0xff, 0xff, 0xff, 0xff, 0xff, 0xff, 0xff, 0xff, 0xff, 0xff, 0xff, 0xff,
    0xff, 0xff, 0xff, 0xff, 0xf0, 0x73, 0xc5, 0x10, 0xc5, 0x10, 0xe4, 0x10,
    0xc5, 0x08, 0xc4, 0x10, 0xc4, 0x10, 0xc5, 0x10, 0xe5, 0x10, 0xe5, 0x10,
    0x09, 0x3a, 0x05, 0x19, 0xc5, 0x10, 0xe9, 0x39, 0x15, 0x9d, 0x7e, 0xef,
    0xff, 0xff, 0xff, 0xff, 0xff, 0xff, 0xff, 0xff, 0x7a, 0xce, 0xcc, 0x52,
    0x05, 0x19, 0xe5, 0x10, 0xc5, 0x10, 0xc5, 0x10, 0xe5, 0x10, 0xc4, 0x10,
    0xc5, 0x10, 0xc5, 0x10, 0xc4, 0x08, 0xc5, 0x10, 0xc5, 0x10, 0xc5, 0x10,
    0xc5, 0x10, 0xc5, 0x10, 0xe4, 0x10, 0xc4, 0x08, 0xc5, 0x10, 0xc5, 0x10,
    0xe5, 0x10, 0xe4, 0x10, 0xc4, 0x08, 0xe5, 0x10, 0xc5, 0x10, 0xc5, 0x10,
    0xe5, 0x10, 0xc4, 0x08, 0xc5, 0x10, 0xc5, 0x10, 0xe4, 0x10, 0xc5, 0x10,
    0xc5, 0x10, 0xc5, 0x10, 0xe5, 0x10, 0xc4, 0x10, 0xc5, 0x10, 0xc5, 0x10,
    0xe5, 0x10, 0xc4, 0x10, 0xc5, 0x10, 0xc5, 0x10, 0xc5, 0x10, 0xc5, 0x10,
    0xc5, 0x10, 0xe5, 0x10, 0xc5, 0x10, 0xc5, 0x10, 0xc5, 0x10, 0xc5, 0x10,
    0xe5, 0x08, 0xc5, 0x10, 0xe5, 0x10, 0xe4, 0x10, 0xc5, 0x10, 0xe5, 0x10,
    0xc4, 0x10, 0xc4, 0x10, 0xc5, 0x10, 0xc5, 0x08, 0xe5, 0x10, 0xc4, 0x10,
    0xc4, 0x10, 0xc5, 0x10, 0xe4, 0x10, 0xc5, 0x10, 0xc5, 0x08, 0xc5, 0x10,
    0xc5, 0x10, 0xe5, 0x10, 0xe4, 0x10, 0xc5, 0x10, 0xc4, 0x10, 0xe4, 0x10,
    0xc5, 0x10, 0xc5, 0x10, 0xc5, 0x10, 0xe5, 0x08, 0xc5, 0x10, 0xc5, 0x10,
    0xc4, 0x10, 0xe5, 0x10, 0xc5, 0x08, 0xc5, 0x10, 0xc4, 0x10, 0xc5, 0x10,
    0xc5, 0x10, 0xc5, 0x10, 0xe5, 0x10, 0xc5, 0x10, 0xc5, 0x08, 0xe5, 0x10,
    0xc4, 0x10, 0xc5, 0x10, 0xe5, 0x10, 0xc4, 0x08, 0xc5, 0x10, 0xe5, 0x10,
    0xc5, 0x10, 0xe4, 0x10, 0xc4, 0x10, 0xc5, 0x08, 0xc5, 0x10, 0xc5, 0x10,
    0xe4, 0x10, 0xc5, 0x10, 0xc5, 0x08, 0xc5, 0x10, 0xc4, 0x10, 0xe5, 0x10,
    0xc5, 0x10, 0xc5, 0x08, 0xc4, 0x10, 0xc5, 0x10, 0xc5, 0x10, 0xe5, 0x10,
    0x6a, 0x42, 0xdf, 0xff, 0xff, 0xff, 0xff, 0xff, 0x35, 0xa5, 0xc5, 0x10,
    0xc5, 0x10, 0xc5, 0x10, 0xd3, 0x3b, 0x9b, 0x55, 0x9c, 0x55, 0x9c, 0x55,
    0x9c, 0x55, 0xbc, 0x55, 0x9c, 0x55, 0x9b, 0x55, 0xbc, 0x55, 0x9c, 0x55,
    0x9b, 0x55, 0x9c, 0x55, 0x9c, 0x55, 0xbc, 0x55, 0x9c, 0x55, 0x9c, 0x55,
    0x9c, 0x55, 0x9b, 0x55, 0xbb, 0x55, 0x9c, 0x55, 0x9c, 0x55, 0xbc, 0x55,
    0x9c, 0x55, 0x9b, 0x55, 0x9b, 0x55, 0x9c, 0x55, 0x9c, 0x55, 0x7b, 0x4d,
    0xd3, 0x3b, 0x47, 0x11, 0xc5, 0x10, 0xc5, 0x10, 0xc5, 0x10, 0xc5, 0x10,
    0xc4, 0x10, 0xc5, 0x08, 0xc5, 0x10, 0xc5, 0x10, 0xc4, 0x08, 0x8b, 0x4a,
    0xdf, 0xff, 0xff, 0xff, 0xd8, 0xbd, 0xe5, 0x10, 0xc5, 0x10, 0xc5, 0x10,
    0xc5, 0x10, 0xe5, 0x10, 0xc4, 0x10, 0xc4, 0x10, 0xc5, 0x10, 0xc5, 0x10,
    0xe5, 0x10, 0xe4, 0x10, 0xc5, 0x10, 0xe5, 0x10, 0xc5, 0x10, 0xe5, 0x10,
    0xc4, 0x10, 0xc4, 0x10, 0xc5, 0x08, 0xc5, 0x10, 0xe5, 0x10, 0xc4, 0x10,
    0xc5, 0x08, 0xe5, 0x10, 0xc5, 0x10, 0xc5, 0x10, 0xe5, 0x10, 0xe5, 0x10,
    0xc4, 0x10, 0xe5, 0x10, 0xc5, 0x10, 0xc5, 0x10, 0xc4, 0x10, 0xe5, 0x10,
    0xc5, 0x10, 0xc5, 0x10, 0xe5, 0x10, 0xc5, 0x10, 0xc5, 0x08, 0xec, 0x52,
    0xbf, 0xff, 0xff, 0xff, 0x55, 0xa5, 0xe5, 0x10, 0xc5, 0x10, 0xd4, 0x9c,
    0xff, 0xff, 0xff, 0xff, 0xff, 0xff, 0xff, 0xff, 0xff, 0xff, 0xff, 0xff,
    0xff, 0xff, 0xff, 0xff, 0xd0, 0x7b, 0xc5, 0x10, 0xc5, 0x10, 0xc4, 0x10,
    0xc5, 0x10, 0xe5, 0x10, 0xe5, 0x10, 0xc5, 0x08, 0xc4, 0x10, 0x46, 0x21,
    0x3d, 0xe7, 0x15, 0xa5, 0xc9, 0x31, 0xe5, 0x10, 0xe5, 0x10, 0x6b, 0x42,
    0xd7, 0xbd, 0xbf, 0xff, 0xff, 0xff, 0xff, 0xff, 0xff, 0xff, 0xbe, 0xf7,
    0xd4, 0x9c, 0x88, 0x29, 0xc5, 0x10, 0xc5, 0x10, 0xc5, 0x10, 0xc4, 0x10,
    0xe5, 0x10, 0xc5, 0x10, 0xc5, 0x10, 0xc5, 0x10, 0xe5, 0x10, 0xc5, 0x10,
    0xc4, 0x10, 0xe4, 0x10, 0xc5, 0x10, 0xc5, 0x10, 0xc5, 0x10, 0xe5, 0x08,
    0xc5, 0x10, 0xc5, 0x10, 0xc5, 0x10, 0xc5, 0x10, 0xc5, 0x10, 0xc4, 0x10,
    0xe5, 0x10, 0xc5, 0x10, 0xc5, 0x10, 0xe4, 0x10, 0xc5, 0x08, 0xc5, 0x10,
    0xc5, 0x10, 0xe4, 0x08, 0xc5, 0x10, 0xe5, 0x10, 0xc5, 0x10, 0xe5, 0x08,
    0xc4, 0x10, 0xc5, 0x10, 0xc5, 0x10, 0xc4, 0x10, 0xe5, 0x10, 0xe4, 0x08,
    0xc5, 0x10, 0xc5, 0x10, 0xe4, 0x08, 0xc5, 0x10, 0xc5, 0x10, 0xe5, 0x10,
    0xc5, 0x10, 0xc5, 0x10, 0xc5, 0x10, 0xc5, 0x10, 0xc4, 0x10, 0xc5, 0x10,
    0xc5, 0x08, 0xe5, 0x10, 0xc5, 0x10, 0xc5, 0x10, 0xc5, 0x10, 0xe5, 0x08,
    0xc5, 0x10, 0xc5, 0x10, 0xc5, 0x10, 0xe4, 0x10, 0xc5, 0x10, 0xe5, 0x10,
    0xc5, 0x10, 0xc4, 0x08, 0xc5, 0x10, 0xc5, 0x10, 0xc5, 0x08, 0xc5, 0x10,
    0xc5, 0x10, 0xc4, 0x10, 0xe5, 0x10, 0xc5, 0x10, 0xc4, 0x10, 0xc5, 0x10,
    0xc5, 0x08, 0xc4, 0x10, 0xe5, 0x10, 0xc4, 0x10, 0xe5, 0x10, 0xc5, 0x08,
    0xc4, 0x10, 0xe4, 0x10, 0xc5, 0x10, 0xc4, 0x10, 0xc5, 0x10, 0xc5, 0x10,
    0xe4, 0x10, 0xc5, 0x08, 0xc5, 0x10, 0xc4, 0x10, 0xe5, 0x10, 0xc5, 0x10,
    0xc4, 0x08, 0xc5, 0x10, 0xc5, 0x10, 0xc5, 0x10, 0xe5, 0x10, 0xc4, 0x10,
    0xc5, 0x10, 0xc5, 0x10, 0xc5, 0x10, 0xc4, 0x10, 0xc5, 0x10, 0xe5, 0x10,
    0xc5, 0x10, 0xc4, 0x10, 0xc5, 0x10, 0xe5, 0x10, 0xc4, 0x10, 0xe5, 0x10,
    0x35, 0xa5, 0xff, 0xff, 0xff, 0xff, 0xdf, 0xff, 0x4a, 0x42, 0xe5, 0x10,
    0xc5, 0x10, 0x47, 0x19, 0x3a, 0x4d, 0x9b, 0x55, 0x9c, 0x55, 0x9c, 0x55,
    0x9b, 0x55, 0xbb, 0x55, 0x9c, 0x55, 0x9c, 0x55, 0x9c, 0x55, 0x9c, 0x55,
    0x9c, 0x55, 0xbb, 0x55, 0x9c, 0x55, 0x9c, 0x55, 0x9b, 0x55, 0x9b, 0x55,
    0xbc, 0x55, 0x9c, 0x55, 0x9c, 0x55, 0x9c, 0x55, 0x9c, 0x55, 0x9b, 0x55,
    0x9b, 0x55, 0xf8, 0x4c, 0x14, 0x3c, 0x9b, 0x55, 0x7b, 0x55, 0x71, 0x33,
    0xe5, 0x10, 0xc5, 0x10, 0xc5, 0x10, 0xc4, 0x10, 0xe5, 0x10, 0xc5, 0x10,
    0xc5, 0x10, 0xc5, 0x10, 0xc5, 0x10, 0xe5, 0x10, 0xe5, 0x10, 0x87, 0x29,
    0xfb, 0xde, 0xff, 0xff, 0x3d, 0xe7, 0x87, 0x29, 0xc5, 0x10, 0xc5, 0x10,
    0xc5, 0x10, 0xc5, 0x10, 0xc5, 0x08, 0xe5, 0x10, 0xc5, 0x10, 0xc5, 0x10,
    0xc4, 0x10, 0xc5, 0x08, 0xc5, 0x10, 0xc5, 0x10, 0xe4, 0x10, 0xc5, 0x08,
    0xc5, 0x10, 0xc5, 0x10, 0xe5, 0x10, 0xc4, 0x10, 0xe5, 0x10, 0xc5, 0x10,
    0xc4, 0x10, 0xc5, 0x10, 0xe5, 0x08, 0xc5, 0x10, 0xc4, 0x10, 0xc4, 0x08,
    0xc5, 0x10, 0xc5, 0x10, 0xe5, 0x08, 0xc4, 0x10, 0xc5, 0x10, 0xc5, 0x10,
    0xc5, 0x10, 0xe5, 0x10, 0xc5, 0x08, 0xc4, 0x10, 0xe5, 0x10, 0x87, 0x21,
    0x3d, 0xef, 0xff, 0xff, 0xbb, 0xd6, 0x67, 0x21, 0xe5, 0x10, 0xd4, 0x9c,
    0xff, 0xff, 0xff, 0xff, 0xff, 0xff, 0xff, 0xff, 0xff, 0xff, 0xff, 0xff,
    0xff, 0xff, 0xff, 0xff, 0xf0, 0x7b, 0xc5, 0x10, 0xc5, 0x10, 0xe5, 0x10,
    0xc5, 0x10, 0xc5, 0x10, 0xc5, 0x10, 0xc5, 0x10, 0xe5, 0x10, 0x87, 0x29,
    0x9e, 0xf7, 0xff, 0xff, 0x5d, 0xef, 0x31, 0x84, 0x67, 0x21, 0xe5, 0x10,
    0x05, 0x19, 0x2e, 0x63, 0xbb, 0xd6, 0xff, 0xff, 0xff, 0xff, 0xff, 0xff,
    0xff, 0xff, 0xbb, 0xd6, 0xec, 0x52, 0xe5, 0x10, 0xc5, 0x10, 0xc5, 0x10,
    0xc5, 0x10, 0xc4, 0x10, 0xe5, 0x10, 0xe5, 0x10, 0xc4, 0x10, 0xc4, 0x08,
    0xe5, 0x10, 0xc5, 0x10, 0xc5, 0x08, 0xc5, 0x10, 0xe4, 0x10, 0xc4, 0x10,
    0xc5, 0x10, 0xc5, 0x10, 0xe5, 0x10, 0xc5, 0x10, 0xc4, 0x10, 0xc5, 0x08,
    0xc5, 0x10, 0xc5, 0x10, 0xc4, 0x10, 0xe5, 0x10, 0xc5, 0x10, 0xc5, 0x10,
    0xe4, 0x10, 0xc5, 0x10, 0xc4, 0x10, 0xc5, 0x10, 0xc5, 0x10, 0xc4, 0x10,
    0xc5, 0x10, 0xe5, 0x10, 0xe4, 0x08, 0xc5, 0x10, 0xc5, 0x10, 0xc5, 0x10,
    0xc4, 0x10, 0xc5, 0x10, 0xc5, 0x10, 0xc4, 0x10, 0xe5, 0x08, 0xc4, 0x10,
    0xc4, 0x10, 0xc5, 0x10, 0xe4, 0x10, 0xc5, 0x08, 0xc5, 0x10, 0xc5, 0x10,
    0xe4, 0x10, 0xc5, 0x10, 0xe5, 0x10, 0xe4, 0x10, 0xc4, 0x10, 0xc5, 0x10,
    0xe5, 0x10, 0xc5, 0x10, 0xc5, 0x08, 0xc5, 0x10, 0xc4, 0x10, 0xc5, 0x10,
    0xc4, 0x10, 0xc5, 0x10, 0xc5, 0x10, 0xc5, 0x10, 0xe4, 0x10, 0xc5, 0x10,
    0xc5, 0x10, 0xc5, 0x10, 0xc4, 0x10, 0xc5, 0x10, 0xc5, 0x10, 0xe5, 0x10,
    0xc5, 0x10, 0xe5, 0x10, 0xc5, 0x10, 0xc5, 0x10, 0xc5, 0x10, 0xe5, 0x10,
    0xc5, 0x10, 0xc5, 0x08, 0xc5, 0x10, 0xc5, 0x10, 0xe4, 0x10, 0xc5, 0x10,
    0xc5, 0x10, 0xc4, 0x10, 0xc5, 0x10, 0xe5, 0x10, 0xc5, 0x10, 0xc5, 0x10,
    0xc5, 0x10, 0xc5, 0x10, 0xc5, 0x10, 0xe4, 0x10, 0xc5, 0x10, 0xc5, 0x10,
    0xc5, 0x08, 0xc5, 0x10, 0xe4, 0x10, 0xe5, 0x10, 0xc5, 0x08, 0xc5, 0x10,
    0xc4, 0x10, 0xc5, 0x10, 0xe5, 0x10, 0xc5, 0x10, 0xc5, 0x08, 0xa8, 0x29,
    0x5d, 0xef, 0xff, 0xff, 0xff, 0xff, 0x7a, 0xce, 0xc5, 0x10, 0xc5, 0x10,
    0xc5, 0x10, 0xef, 0x2a, 0x9b, 0x55, 0x9c, 0x55, 0x9c, 0x55, 0x9c, 0x55,
    0x9c, 0x55, 0x9c, 0x55, 0x9c, 0x55, 0x9c, 0x55, 0xbb, 0x55, 0x9c, 0x55,
    0x9c, 0x55, 0x9c, 0x55, 0x9b, 0x55, 0xbc, 0x55, 0x9c, 0x55, 0x9c, 0x55,
    0x9c, 0x55, 0xbc, 0x55, 0x9c, 0x55, 0x9c, 0x55, 0x9b, 0x55, 0x7b, 0x55,
    0x35, 0x3c, 0x47, 0x19, 0xae, 0x2a, 0x7b, 0x4d, 0x30, 0x33, 0xe5, 0x10,
    0xc5, 0x10, 0xc5, 0x10, 0xe5, 0x10, 0xc5, 0x10, 0xc5, 0x10, 0x26, 0x19,
    0xc8, 0x31, 0xe5, 0x10, 0xc5, 0x10, 0xc4, 0x10, 0xc5, 0x10, 0xe5, 0x10,
    0x96, 0xad, 0xff, 0xff, 0xbf, 0xff, 0xcc, 0x52, 0xc5, 0x10, 0xc5, 0x10,
    0xe4, 0x10, 0xc4, 0x10, 0xc5, 0x10, 0xc5, 0x10, 0xe5, 0x08, 0xe4, 0x10,
    0xc5, 0x10, 0xc5, 0x10, 0xc5, 0x10, 0xc4, 0x10, 0xc5, 0x10, 0xc5, 0x10,
    0xc4, 0x10, 0xe5, 0x10, 0xc5, 0x10, 0xc5, 0x10, 0xc5, 0x08, 0xc5, 0x10,
    0xc5, 0x10, 0xc5, 0x10, 0xc4, 0x10, 0xc4, 0x10, 0xc5, 0x10, 0xc5, 0x10,
    0xc5, 0x10, 0xc5, 0x10, 0xc4, 0x10, 0xe5, 0x10, 0xc5, 0x10, 0xc5, 0x08,
    0xc4, 0x10, 0xc4, 0x10, 0xc5, 0x10, 0xc5, 0x10, 0xc4, 0x10, 0xe5, 0x10,
    0xf8, 0xbd, 0xff, 0xff, 0xdf, 0xff, 0x4a, 0x42, 0xe5, 0x10, 0xd4, 0x9c,
    0xff, 0xff, 0xff, 0xff, 0xff, 0xff, 0xff, 0xff, 0xff, 0xff, 0xff, 0xff,
    0xff, 0xff, 0xff, 0xff, 0xd0, 0x73, 0xc5, 0x10, 0xc5, 0x10, 0xe4, 0x10,
    0xc5, 0x08, 0xc5, 0x10, 0xc4, 0x10, 0xc4, 0x10, 0xe5, 0x10, 0xa8, 0x29,
    0x9e, 0xf7, 0xff, 0xff, 0xff, 0xff, 0xff, 0xff, 0xdb, 0xd6, 0x2e, 0x63,
    0x26, 0x19, 0xe5, 0x10, 0x67, 0x21, 0xb3, 0x94, 0x9e, 0xf7, 0xff, 0xff,
    0xff, 0xff, 0xff, 0xff, 0xbf, 0xff, 0xb3, 0x94, 0x46, 0x21, 0xc5, 0x10,
    0xc5, 0x10, 0xc5, 0x10, 0xc4, 0x10, 0xc5, 0x10, 0xc5, 0x10, 0xc5, 0x10,
    0xc5, 0x10, 0xc5, 0x10, 0xc5, 0x10, 0xe5, 0x10, 0xc5, 0x10, 0xc5, 0x10,
    0xc4, 0x10, 0xc5, 0x10, 0xc4, 0x08, 0xe4, 0x10, 0xc5, 0x10, 0xe5, 0x10,
    0xe5, 0x10, 0xc4, 0x10, 0xc5, 0x10, 0xc5, 0x08, 0xc5, 0x10, 0xc4, 0x10,
    0xc5, 0x10, 0xc5, 0x10, 0xc5, 0x10, 0xc5, 0x08, 0xc4, 0x10, 0xe5, 0x10,
    0xc5, 0x10, 0xc5, 0x10, 0xc5, 0x10, 0xc5, 0x10, 0xc5, 0x10, 0xc4, 0x10,
    0xc5, 0x10, 0xe4, 0x10, 0xc5, 0x10, 0xc5, 0x10, 0xc5, 0x10, 0xc5, 0x10,
    0xc5, 0x10, 0xe5, 0x08, 0xc5, 0x10, 0xc4, 0x10, 0xc5, 0x10, 0xe4, 0x10,
    0xc5, 0x10, 0xc5, 0x10, 0xc4, 0x08, 0xc5, 0x10, 0xc5, 0x10, 0xc4, 0x10,
    0xc5, 0x10, 0xc4, 0x10, 0xe4, 0x10, 0xc5, 0x10, 0xc5, 0x08, 0xe5, 0x10,
    0xe5, 0x10, 0xc5, 0x10, 0xe5, 0x10, 0xe4, 0x10, 0xc5, 0x10, 0xc5, 0x10,
    0xc5, 0x10, 0xc5, 0x10, 0xe5, 0x10, 0xc5, 0x08, 0xc4, 0x10, 0xe5, 0x10,
    0xc4, 0x10, 0xc5, 0x10, 0xc5, 0x10, 0xc4, 0x08, 0xe5, 0x10, 0xc4, 0x10,
    0xc5, 0x10, 0xe5, 0x10, 0xc5, 0x10, 0xc4, 0x10, 0xe5, 0x08, 0xc5, 0x10,
    0xc5, 0x10, 0xc5, 0x10, 0xe5, 0x10, 0xc5, 0x10, 0xc5, 0x10, 0xc4, 0x08,
    0xc4, 0x10, 0xe5, 0x10, 0xe5, 0x10, 0xc5, 0x08, 0xc4, 0x10, 0xc5, 0x10,
    0xe5, 0x10, 0xc4, 0x10, 0xc5, 0x10, 0xc5, 0x10, 0xc5, 0x10, 0xe5, 0x10,
    0xc4, 0x10, 0xc5, 0x08, 0xe5, 0x10, 0xc4, 0x10, 0xe5, 0x10, 0xf1, 0x7b,
    0xff, 0xff, 0xff, 0xff, 0xff, 0xff, 0x8f, 0x6b, 0xc5, 0x10, 0xc4, 0x10,
    0xe5, 0x10, 0xd8, 0x44, 0x9b, 0x55, 0x9c, 0x55, 0x9c, 0x55, 0xbb, 0x55,
    0x9b, 0x55, 0xbc, 0x55, 0x9b, 0x55, 0x9c, 0x55, 0xbc, 0x55, 0x9b, 0x55,
    0x9c, 0x55, 0xbc, 0x55, 0x9c, 0x55, 0x9b, 0x55, 0xbc, 0x55, 0x9c, 0x55,
    0xbb, 0x55, 0x9c, 0x55, 0x9b, 0x55, 0x9b, 0x55, 0x7b, 0x4d, 0xb3, 0x33,
    0x05, 0x11, 0xc5, 0x10, 0xce, 0x2a, 0x0f, 0x33, 0xe5, 0x10, 0xc5, 0x10,
    0xc5, 0x10, 0xc4, 0x10, 0xc5, 0x10, 0xe5, 0x10, 0x4a, 0x42, 0x18, 0xbe,
    0xaf, 0x73, 0xc5, 0x10, 0xc5, 0x10, 0xc4, 0x10, 0xc5, 0x08, 0xe5, 0x10,
    0xaf, 0x73, 0xff, 0xff, 0xff, 0xff, 0xb3, 0x94, 0xe5, 0x10, 0xc5, 0x10,
    0xc5, 0x10, 0xe5, 0x10, 0xc4, 0x10, 0xc5, 0x10, 0xc5, 0x10, 0xc4, 0x10,
    0xe5, 0x10, 0xc5, 0x10, 0xe4, 0x10, 0xe5, 0x10, 0xc5, 0x08, 0xc5, 0x10,
    0xe4, 0x10, 0xc5, 0x08, 0xc5, 0x10, 0xc4, 0x10, 0xe5, 0x10, 0xc4, 0x10,
    0xe5, 0x10, 0xe5, 0x10, 0xc5, 0x10, 0xe5, 0x10, 0xe5, 0x10, 0xc5, 0x10,
    0xe5, 0x10, 0xe4, 0x10, 0xc5, 0x10, 0xc5, 0x10, 0xe5, 0x10, 0xc4, 0x10,
    0xe5, 0x10, 0xe5, 0x10, 0xc5, 0x10, 0xc5, 0x10, 0xe5, 0x10, 0xe5, 0x10,
    0x11, 0x7c, 0xff, 0xff, 0xff, 0xff, 0xf1, 0x7b, 0xe5, 0x10, 0xd4, 0x9c,
    0xff, 0xff, 0xff, 0xff, 0xff, 0xff, 0xff, 0xff, 0xff, 0xff, 0xff, 0xff,
    0xff, 0xff, 0xff, 0xff, 0xd0, 0x73, 0xc4, 0x10, 0xc5, 0x10, 0xc5, 0x10,
    0xc4, 0x10, 0xc5, 0x10, 0xe5, 0x08, 0xe5, 0x10, 0xe5, 0x10, 0xa8, 0x29,
    0x9e, 0xf7, 0xff, 0xff, 0xff, 0xff, 0xff, 0xff, 0xff, 0xff, 0xff, 0xff,
    0xf8, 0xbd, 0x6b, 0x42, 0xe5, 0x18, 0xe5, 0x10, 0x8b, 0x4a, 0x7a, 0xce,
    0xff, 0xff, 0xff, 0xff, 0xff, 0xff, 0xff, 0xff, 0x7a, 0xce, 0x09, 0x3a,
    0xe5, 0x10, 0xc5, 0x10, 0xc5, 0x10, 0xc4, 0x10, 0xe5, 0x10, 0xe5, 0x10,
    0xc5, 0x10, 0xc4, 0x10, 0xe5, 0x10, 0xc4, 0x10, 0xc5, 0x10, 0xc5, 0x08,
    0xe5, 0x10, 0xc5, 0x10, 0xc5, 0x10, 0xc5, 0x10, 0xc5, 0x10, 0xc5, 0x10,
    0xc4, 0x10, 0xe5, 0x08, 0xc5, 0x10, 0xc5, 0x10, 0xc4, 0x10, 0xe5, 0x10,
    0xe5, 0x08, 0xc5, 0x10, 0xc5, 0x10, 0xe4, 0x10, 0xe5, 0x10, 0xc5, 0x08,
    0xc5, 0x10, 0xc4, 0x10, 0xc5, 0x10, 0xc5, 0x10, 0xe4, 0x08, 0xe5, 0x10,
    0xc5, 0x10, 0xc5, 0x08, 0xe5, 0x10, 0xc5, 0x10, 0xe5, 0x10, 0xc4, 0x10,
    0xc5, 0x10, 0xe5, 0x10, 0xc5, 0x10, 0xc5, 0x10, 0xe5, 0x10, 0xc5, 0x08,
    0xc5, 0x10, 0xc5, 0x10, 0xc5, 0x10, 0xc5, 0x10, 0xc5, 0x10, 0xe5, 0x08,
    0xc5, 0x10, 0xc5, 0x10, 0xc5, 0x10, 0xe5, 0x10, 0xc5, 0x10, 0xc4, 0x10,
    0xc5, 0x10, 0xc4, 0x08, 0xc5, 0x10, 0xc5, 0x10, 0xc5, 0x08, 0xe5, 0x10,
    0xc5, 0x10, 0xc4, 0x10, 0xc5, 0x10, 0xe5, 0x10, 0xc4, 0x10, 0xc5, 0x10,
    0xc5, 0x08, 0xc4, 0x10, 0xe5, 0x10, 0xc4, 0x10, 0xc5, 0x10, 0xc5, 0x10,
    0xc4, 0x10, 0xe5, 0x10, 0xc4, 0x10, 0xc5, 0x10, 0xc5, 0x10, 0xc5, 0x10,
    0xc4, 0x10, 0xe5, 0x08, 0xc5, 0x10, 0xc4, 0x10, 0xc5, 0x10, 0xe5, 0x10,
    0xe5, 0x10, 0xc4, 0x10, 0xc5, 0x10, 0xc4, 0x10, 0xc5, 0x10, 0xe5, 0x10,
    0xc4, 0x10, 0xe5, 0x10, 0xc5, 0x08, 0xc5, 0x10, 0xc4, 0x10, 0xc5, 0x10,
    0xe5, 0x10, 0xc5, 0x10, 0xc5, 0x10, 0xc5, 0x10, 0x46, 0x21, 0x9a, 0xce,
    0xff, 0xff, 0xff, 0xff, 0x3d, 0xef, 0x26, 0x21, 0xc5, 0x10, 0xe5, 0x10,
    0x0b, 0x22, 0x7b, 0x55, 0x9b, 0x55, 0x9c, 0x55, 0x9c, 0x55, 0x9c, 0x55,
    0x9c, 0x55, 0x9c, 0x55, 0x9c, 0x55, 0xbb, 0x55, 0x9c, 0x55, 0x9c, 0x55,
    0xbb, 0x55, 0x9c, 0x55, 0x9c, 0x55, 0xbc, 0x55, 0x9c, 0x55, 0x9b, 0x55,
    0x9c, 0x55, 0x9c, 0x55, 0x9b, 0x55, 0x9b, 0x55, 0xb3, 0x3b, 0xe5, 0x10,
    0xc5, 0x10, 0xc5, 0x10, 0x47, 0x11, 0xe5, 0x10, 0xc5, 0x10, 0xc5, 0x10,
    0xc5, 0x10, 0xc5, 0x10, 0x46, 0x21, 0x92, 0x8c, 0xbf, 0xf7, 0x5a, 0xce,
    0x46, 0x21, 0xc5, 0x10, 0xc5, 0x10, 0xe5, 0x10, 0xe5, 0x10, 0xc5, 0x10,
    0x09, 0x3a, 0xbe, 0xf7, 0xff, 0xff, 0x7a, 0xce, 0xe5, 0x10, 0xc5, 0x10,
    0xc5, 0x10, 0xc5, 0x10, 0xc5, 0x10, 0xe4, 0x10, 0xc5, 0x10, 0xc5, 0x10,
    0xc5, 0x10, 0xc4, 0x08, 0xc5, 0x10, 0xc5, 0x10, 0xc5, 0x10, 0xe5, 0x10,
    0xc5, 0x10, 0xc5, 0x10, 0xc5, 0x10, 0xe4, 0x10, 0xc5, 0x10, 0xc5, 0x10,
    0xc4, 0x10, 0xc5, 0x08, 0xc4, 0x10, 0xc5, 0x10, 0xc5, 0x08, 0xc4, 0x10,
    0xc4, 0x10, 0xc5, 0x08, 0xc5, 0x10, 0xc4, 0x10, 0xc5, 0x08, 0xc5, 0x10,
    0xc5, 0x10, 0xc5, 0x10, 0xc4, 0x08, 0xe4, 0x10, 0xc5, 0x10, 0xc5, 0x10,
    0x6b, 0x42, 0xbe, 0xf7, 0xff, 0xff, 0xd7, 0xb5, 0x05, 0x19, 0xd0, 0x73,
    0xff, 0xff, 0xff, 0xff, 0xff, 0xff, 0xff, 0xff, 0xff, 0xff, 0xff, 0xff,
    0xff, 0xff, 0xff, 0xff, 0xd0, 0x73, 0xc5, 0x10, 0xc4, 0x10, 0xe5, 0x10,
    0xe5, 0x10, 0xc5, 0x10, 0xc4, 0x10, 0xc5, 0x10, 0xe5, 0x10, 0xa8, 0x29,
    0x9e, 0xf7, 0xff, 0xff, 0xff, 0xff, 0xff, 0xff, 0xff, 0xff, 0xff, 0xff,
    0xff, 0xff, 0xbf, 0xff, 0x93, 0x8c, 0xe5, 0x10, 0xe5, 0x10, 0x26, 0x19,
    0x93, 0x8c, 0xbe, 0xf7, 0xff, 0xff, 0xff, 0xff, 0xff, 0xff, 0x7e, 0xef,
    0x8f, 0x6b, 0xe5, 0x10, 0xc5, 0x10, 0xc5, 0x10, 0xc5, 0x10, 0xc4, 0x10,
    0xc5, 0x10, 0xe5, 0x10, 0xc4, 0x08, 0xc5, 0x10, 0xc4, 0x10, 0xe5, 0x10,
    0xc5, 0x10, 0xe5, 0x10, 0xe4, 0x10, 0xc5, 0x10, 0xe5, 0x08, 0xc4, 0x10,
    0xc5, 0x10, 0xc5, 0x10, 0xc5, 0x10, 0xe4, 0x10, 0xc5, 0x10, 0xc5, 0x10,
    0xc5, 0x10, 0xe5, 0x10, 0xc4, 0x10, 0xc5, 0x10, 0xc5, 0x10, 0xc5, 0x10,
    0xc4, 0x10, 0xe5, 0x10, 0xe4, 0x08, 0xc5, 0x10, 0xc5, 0x10, 0xc5, 0x10,
    0xe5, 0x10, 0xc5, 0x10, 0xc5, 0x10, 0xc4, 0x10, 0xc4, 0x08, 0xe5, 0x10,
    0xc5, 0x10, 0xc4, 0x10, 0xc4, 0x10, 0xc5, 0x10, 0xe5, 0x10, 0xc5, 0x10,
    0xc4, 0x10, 0xc5, 0x10, 0xe5, 0x10, 0xe4, 0x10, 0xc5, 0x10, 0xc5, 0x10,
    0xe4, 0x10, 0xc5, 0x10, 0xe5, 0x08, 0xc5, 0x10, 0xc4, 0x10, 0xc5, 0x10,
    0xc5, 0x10, 0xc5, 0x10, 0xe4, 0x10, 0xc5, 0x10, 0xc4, 0x10, 0xc5, 0x10,
    0xc5, 0x10, 0xc5, 0x10, 0xe4, 0x10, 0xc5, 0x10, 0xc5, 0x10, 0xc5, 0x10,
    0xe5, 0x10, 0xc5, 0x10, 0xc5, 0x08, 0xc5, 0x10, 0xe5, 0x10, 0xc5, 0x10,
    0xc5, 0x08, 0xc5, 0x10, 0xc5, 0x10, 0xe5, 0x08, 0xe5, 0x10, 0xc4, 0x10,
    0xc5, 0x10, 0xc4, 0x10, 0xe5, 0x10, 0xc5, 0x08, 0xc4, 0x10, 0xc5, 0x10,
    0xc5, 0x10, 0xc5, 0x08, 0xc5, 0x10, 0xc5, 0x10, 0xe5, 0x10, 0xc5, 0x10,
    0xc4, 0x08, 0xc5, 0x10, 0xc5, 0x10, 0xe4, 0x10, 0xc5, 0x10, 0xe4, 0x08,
    0xc5, 0x10, 0xc5, 0x10, 0xe4, 0x10, 0xe5, 0x10, 0xcc, 0x52, 0xff, 0xff,
    0xff, 0xff, 0xff, 0xff, 0xb3, 0x94, 0xc5, 0x10, 0xc5, 0x10, 0xc5, 0x10,
    0x14, 0x3c, 0x9b, 0x55, 0x9c, 0x55, 0x9c, 0x55, 0x9b, 0x55, 0x9c, 0x55,
    0xbc, 0x55, 0x9c, 0x55, 0x9c, 0x55, 0xbc, 0x55, 0x9c, 0x55, 0x9c, 0x55,
    0x9c, 0x55, 0x9b, 0x55, 0x9c, 0x55, 0x9c, 0x55, 0x9c, 0x55, 0x9c, 0x55,
    0xbc, 0x55, 0x9c, 0x55, 0x9b, 0x55, 0x55, 0x3c, 0xe6, 0x10, 0xc5, 0x10,
    0xe5, 0x10, 0xc5, 0x10, 0xc4, 0x08, 0xe5, 0x10, 0xc5, 0x10, 0xc5, 0x10,
    0xe5, 0x10, 0xe8, 0x31, 0x7a, 0xce, 0xff, 0xff, 0xbf, 0xff, 0xec, 0x52,
    0xc5, 0x10, 0xc5, 0x10, 0xc5, 0x10, 0xc4, 0x10, 0xc5, 0x10, 0xc5, 0x10,
    0x46, 0x21, 0x7a, 0xce, 0xff, 0xff, 0x7e, 0xef, 0xe9, 0x31, 0xe5, 0x10,
    0xc4, 0x10, 0xc5, 0x10, 0xe5, 0x10, 0xc5, 0x10, 0xc5, 0x08, 0xc4, 0x10,
    0xc5, 0x10, 0xc5, 0x10, 0xc5, 0x10, 0xc5, 0x10, 0xc4, 0x10, 0xc4, 0x10,
    0xc5, 0x10, 0xc5, 0x10, 0xc4, 0x10, 0xc5, 0x10, 0xc5, 0x08, 0xc5, 0x10,
    0xc5, 0x10, 0xc5, 0x10, 0xc5, 0x10, 0xc5, 0x10, 0xc5, 0x10, 0xc5, 0x10,
    0xc5, 0x10, 0xc5, 0x10, 0xc5, 0x10, 0xc5, 0x10, 0xc5, 0x10, 0xc4, 0x10,
    0xc5, 0x10, 0xc5, 0x10, 0xc5, 0x10, 0xc5, 0x10, 0xe5, 0x10, 0xc5, 0x10,
    0x46, 0x19, 0xfc, 0xe6, 0xff, 0xff, 0x1c, 0xe7, 0xa8, 0x29, 0x2a, 0x42,
    0x9e, 0xf7, 0xff, 0xff, 0xff, 0xff, 0xff, 0xff, 0xff, 0xff, 0xff, 0xff,
    0xff, 0xff, 0xff, 0xff, 0xd0, 0x73, 0xc5, 0x10, 0xc5, 0x10, 0xc5, 0x10,
    0xc5, 0x10, 0xc4, 0x10, 0xc5, 0x10, 0xc5, 0x10, 0xe5, 0x10, 0xc8, 0x31,
    0x9e, 0xf7, 0xff, 0xff, 0xff, 0xff, 0xff, 0xff, 0xff, 0xff, 0xff, 0xff,
    0xff, 0xff, 0xff, 0xff, 0x5a, 0xce, 0x06, 0x19, 0xc5, 0x10, 0xc4, 0x10,
    0xe5, 0x10, 0xab, 0x4a, 0xfc, 0xde, 0xff, 0xff, 0xff, 0xff, 0xff, 0xff,
    0xff, 0xff, 0x15, 0xa5, 0x26, 0x19, 0xc5, 0x10, 0xc5, 0x10, 0xc4, 0x10,
    0xe5, 0x10, 0xc5, 0x10, 0xc5, 0x10, 0xc5, 0x10, 0xe5, 0x10, 0xc4, 0x10,
    0xc5, 0x10, 0xc4, 0x08, 0xc5, 0x10, 0xc5, 0x10, 0xc5, 0x10, 0xe5, 0x10,
    0xc5, 0x10, 0xc4, 0x10, 0xe5, 0x10, 0xc5, 0x10, 0xe5, 0x08, 0xc5, 0x10,
    0xc4, 0x10, 0xc4, 0x10, 0xe5, 0x08, 0xc5, 0x10, 0xc5, 0x10, 0xc4, 0x10,
    0xe5, 0x10, 0xc5, 0x10, 0xc5, 0x10, 0xe5, 0x10, 0xc5, 0x10, 0xc4, 0x08,
    0xc5, 0x10, 0xc4, 0x10, 0xc4, 0x10, 0xe5, 0x10, 0xc5, 0x10, 0xc5, 0x10,
    0xc5, 0x10, 0xc5, 0x08, 0xe5, 0x10, 0xc5, 0x10, 0xc4, 0x08, 0xc4, 0x10,
    0xe5, 0x10, 0xc5, 0x10, 0xc4, 0x08, 0xc5, 0x10, 0xc5, 0x10, 0xc4, 0x10,
    0xc5, 0x10, 0xc5, 0x10, 0xc4, 0x10, 0xc4, 0x10, 0xc5, 0x10, 0xe5, 0x08,
    0xe5, 0x10, 0xc5, 0x10, 0xc5, 0x08, 0xe5, 0x10, 0xc5, 0x10, 0xc4, 0x10,
    0xc5, 0x10, 0xc5, 0x10, 0xc5, 0x10, 0xc5, 0x08, 0xc4, 0x10, 0xe5, 0x10,
    0xc5, 0x10, 0xc4, 0x10, 0xc5, 0x10, 0xe5, 0x10, 0xc4, 0x10, 0xc5, 0x10,
    0xe5, 0x10, 0xe5, 0x10, 0xc4, 0x10, 0xc5, 0x10, 0xc5, 0x10, 0xe5, 0x10,
    0xc5, 0x08, 0xc5, 0x10, 0xc4, 0x10, 0xe5, 0x10, 0xc5, 0x10, 0xe4, 0x10,
    0xc5, 0x10, 0xc5, 0x10, 0xe5, 0x10, 0xe4, 0x08, 0xc5, 0x10, 0xc5, 0x10,
    0xc5, 0x10, 0xc5, 0x10, 0xe4, 0x10, 0xc5, 0x10, 0xc5, 0x10, 0xc5, 0x10,
    0xc4, 0x10, 0xc5, 0x10, 0xc5, 0x10, 0x05, 0x11, 0x97, 0xad, 0xff, 0xff,
    0xff, 0xff, 0xbf, 0xf7, 0x29, 0x3a, 0xe5, 0x10, 0xc5, 0x10, 0x47, 0x11,
    0x7b, 0x55, 0x9b, 0x55, 0x9c, 0x55, 0x9c, 0x55, 0xbc, 0x55, 0x9b, 0x55,
    0x9c, 0x55, 0xbb, 0x55, 0x9b, 0x55, 0x9c, 0x55, 0x9b, 0x55, 0x9c, 0x55,
    0xbc, 0x55, 0x9c, 0x55, 0x9b, 0x55, 0xbb, 0x55, 0x9c, 0x55, 0x9c, 0x55,
    0x9b, 0x55, 0x9c, 0x55, 0xb8, 0x44, 0x47, 0x19, 0xc5, 0x10, 0xc4, 0x10,
    0xc5, 0x10, 0xc5, 0x10, 0xc5, 0x10, 0xc5, 0x10, 0xc4, 0x10, 0xe5, 0x10,
    0x8b, 0x4a, 0x3d, 0xe7, 0xff, 0xff, 0xff, 0xff, 0xb7, 0xb5, 0x06, 0x19,
    0xe5, 0x10, 0xc5, 0x10, 0xc4, 0x10, 0xe5, 0x10, 0xc5, 0x10, 0xc4, 0x10,
    0xe5, 0x10, 0xf4, 0x9c, 0xff, 0xff, 0xdf, 0xff, 0x6e, 0x6b, 0xc5, 0x10,
    0xc5, 0x10, 0xc4, 0x10, 0xc5, 0x10, 0xc5, 0x10, 0xe5, 0x10, 0xc5, 0x10,
    0xe5, 0x10, 0xe5, 0x10, 0xe5, 0x10, 0xe5, 0x10, 0xe5, 0x10, 0xc5, 0x10,
    0xe5, 0x10, 0xe5, 0x10, 0xc5, 0x10, 0xe5, 0x10, 0xe5, 0x10, 0xe5, 0x10,
    0xe5, 0x10, 0xe5, 0x10, 0xe5, 0x10, 0xe5, 0x10, 0xe5, 0x10, 0xe5, 0x10,
    0xe5, 0x10, 0xe5, 0x10, 0xe5, 0x10, 0xe5, 0x10, 0xe5, 0x10, 0xe5, 0x10,
    0xe5, 0x10, 0xe5, 0x10, 0xc5, 0x10, 0xc5, 0x10, 0xc5, 0x10, 0xc4, 0x08,
    0xe5, 0x10, 0x76, 0xad, 0xff, 0xff, 0xff, 0xff, 0xcc, 0x52, 0x46, 0x21,
    0x9b, 0xd6, 0xff, 0xff, 0xff, 0xff, 0xff, 0xff, 0xff, 0xff, 0xff, 0xff,
    0xff, 0xff, 0xff, 0xff, 0xd0, 0x73, 0xc4, 0x10, 0xc5, 0x10, 0xc5, 0x10,
    0xc4, 0x08, 0xc5, 0x10, 0xe5, 0x10, 0xe5, 0x10, 0xc5, 0x10, 0xc8, 0x31,
    0x9e, 0xf7, 0xff, 0xff, 0xff, 0xff, 0xff, 0xff, 0xff, 0xff, 0xff, 0xff,
    0xff, 0xff, 0xff, 0xff, 0x59, 0xce, 0x05, 0x19, 0xc5, 0x10, 0xc5, 0x10,
    0xe5, 0x10, 0xe5, 0x10, 0x67, 0x21, 0x96, 0xb5, 0xff, 0xff, 0xff, 0xff,
    0xff, 0xff, 0xff, 0xff, 0x9a, 0xd6, 0xa8, 0x29, 0xe5, 0x10, 0xc5, 0x10,
    0xc5, 0x10, 0xc4, 0x10, 0xc5, 0x10, 0xe5, 0x10, 0xc5, 0x08, 0xc5, 0x10,
    0xc5, 0x10, 0xc5, 0x10, 0xc5, 0x10, 0xc5, 0x10, 0xc4, 0x10, 0xc4, 0x10,
    0xc5, 0x08, 0xe5, 0x10, 0xc4, 0x10, 0xc5, 0x10, 0xc5, 0x10, 0xe4, 0x10,
    0xc5, 0x10, 0xc5, 0x10, 0xc5, 0x10, 0xc5, 0x10, 0xe4, 0x10, 0xc5, 0x08,
    0xc5, 0x10, 0xc5, 0x10, 0xc5, 0x10, 0xc5, 0x10, 0xe4, 0x10, 0xc5, 0x10,
    0xc5, 0x10, 0xc5, 0x10, 0xe5, 0x08, 0xc5, 0x10, 0xc5, 0x10, 0xc5, 0x10,
    0xc5, 0x10, 0xe4, 0x10, 0xc5, 0x10, 0xc5, 0x10, 0xc5, 0x10, 0xe5, 0x10,
    0xc5, 0x10, 0xe4, 0x10, 0xc5, 0x10, 0xc5, 0x10, 0xe4, 0x08, 0xe5, 0x10,
    0xc5, 0x10, 0xc5, 0x08, 0xe5, 0x10, 0xc5, 0x10, 0xe5, 0x10, 0xc5, 0x10,
    0xc4, 0x10, 0xc4, 0x10, 0xe5, 0x10, 0xc5, 0x10, 0xc5, 0x10, 0xe5, 0x10,
    0xc5, 0x10, 0xc4, 0x10, 0xe5, 0x10, 0xc5, 0x10, 0xc5, 0x10, 0xe4, 0x10,
    0xc5, 0x08, 0xc5, 0x10, 0xe5, 0x10, 0xc4, 0x10, 0xc5, 0x10, 0xc5, 0x08,
    0xc4, 0x10, 0xc4, 0x10, 0xc5, 0x10, 0xc5, 0x10, 0xc4, 0x10, 0xc4, 0x10,
    0xe5, 0x10, 0xc5, 0x10, 0xc5, 0x10, 0xc5, 0x10, 0xc5, 0x10, 0xc5, 0x10,
    0xc5, 0x08, 0xc4, 0x10, 0xc4, 0x10, 0xc5, 0x10, 0xc5, 0x10, 0xc4, 0x10,
    0xc4, 0x10, 0xe5, 0x10, 0xc5, 0x10, 0xc5, 0x08, 0xc5, 0x10, 0xe5, 0x10,
    0xc5, 0x10, 0xe5, 0x08, 0xc4, 0x10, 0xe9, 0x39, 0x9e, 0xf7, 0xff, 0xff,
    0xff, 0xff, 0xf8, 0xbd, 0xe5, 0x10, 0xc5, 0x10, 0xc5, 0x10, 0x30, 0x33,
    0x9b, 0x55, 0x9c, 0x55, 0x9c, 0x55, 0x9c, 0x55, 0x9c, 0x55, 0x9c, 0x55,
    0x9c, 0x55, 0x9c, 0x55, 0x9c, 0x55, 0xbc, 0x55, 0x9c, 0x55, 0x9b, 0x55,
    0xbc, 0x55, 0x9c, 0x55, 0x9c, 0x55, 0xbc, 0x55, 0x9c, 0x55, 0x9b, 0x55,
    0x9b, 0x55, 0x3a, 0x4d, 0xc9, 0x19, 0xc5, 0x10, 0xc5, 0x10, 0xc4, 0x10,
    0xe5, 0x10, 0xc5, 0x10, 0xe4, 0x10, 0xc5, 0x10, 0xc5, 0x10, 0x6e, 0x63,
    0xbe, 0xf7, 0xff, 0xff, 0xff, 0xff, 0xdf, 0xff, 0x8b, 0x4a, 0xc5, 0x10,
    0xc5, 0x10, 0xc5, 0x10, 0xe5, 0x10, 0xc5, 0x10, 0xc5, 0x10, 0xe5, 0x10,
    0xe5, 0x10, 0x0d, 0x5b, 0xff, 0xff, 0xff, 0xff, 0x56, 0xad, 0xe5, 0x10,
    0xc5, 0x10, 0xc5, 0x10, 0xe5, 0x10, 0xf3, 0x3b, 0x97, 0x44, 0x97, 0x44,
    0x97, 0x44, 0xb7, 0x44, 0xb7, 0x44, 0xb8, 0x44, 0xb8, 0x4c, 0xd8, 0x44,
    0xd8, 0x44, 0xd8, 0x4c, 0xd8, 0x44, 0xd8, 0x4c, 0xd8, 0x4c, 0xd8, 0x44,
    0xd8, 0x4c, 0xd8, 0x44, 0xd8, 0x4c, 0xd8, 0x44, 0xd8, 0x4c, 0xd8, 0x44,
    0xf8, 0x4c, 0xd8, 0x44, 0xd8, 0x4c, 0xd8, 0x4c, 0xd8, 0x44, 0xd8, 0x4c,
    0xd8, 0x44, 0xd8, 0x44, 0xc9, 0x21, 0xc5, 0x10, 0xc5, 0x10, 0xe4, 0x10,
    0xc5, 0x10, 0x8f, 0x6b, 0xff, 0xff, 0xff, 0xff, 0xb3, 0x94, 0xe5, 0x10,
    0x15, 0x9d, 0xff, 0xff, 0xff, 0xff, 0xff, 0xff, 0xff, 0xff, 0xff, 0xff,
    0xff, 0xff, 0xff, 0xff, 0xd0, 0x73, 0xc5, 0x10, 0xc4, 0x10, 0xe5, 0x10,
    0xe5, 0x10, 0xc5, 0x10, 0xc5, 0x08, 0xc4, 0x10, 0xe5, 0x10, 0xe9, 0x31,
    0x9e, 0xf7, 0xff, 0xff, 0xff, 0xff, 0xff, 0xff, 0xff, 0xff, 0xff, 0xff,
    0xff, 0xff, 0xff, 0xff, 0x5a, 0xce, 0x05, 0x19, 0xe5, 0x10, 0xc5, 0x10,
    0xc5, 0x10, 0xc5, 0x10, 0xc4, 0x10, 0x05, 0x11, 0x11, 0x7c, 0xbf, 0xf7,
    0xff, 0xff, 0xff, 0xff, 0xff, 0xff, 0x5d, 0xef, 0x8c, 0x4a, 0xc5, 0x10,
    0xc5, 0x10, 0xc5, 0x10, 0xc4, 0x10, 0xe5, 0x10, 0xc4, 0x10, 0xc5, 0x10,
    0xe5, 0x10, 0xe4, 0x10, 0xc4, 0x10, 0xe5, 0x08, 0xe5, 0x10, 0xc5, 0x10,
    0xc5, 0x10, 0xc5, 0x10, 0xc5, 0x08, 0xc4, 0x10, 0xc5, 0x10, 0xc5, 0x10,
    0xc5, 0x08, 0xe5, 0x10, 0xc4, 0x10, 0xc5, 0x10, 0xe5, 0x10, 0xc5, 0x10,
    0xc4, 0x10, 0xe5, 0x10, 0xc4, 0x08, 0xc4, 0x10, 0xc5, 0x10, 0xc5, 0x10,
    0xe5, 0x10, 0xe4, 0x10, 0xc5, 0x10, 0xc5, 0x10, 0xc5, 0x10, 0xe4, 0x08,
    0xe4, 0x10, 0xc5, 0x10, 0xc5, 0x10, 0xc5, 0x10, 0xe4, 0x10, 0xc5, 0x10,
    0xc5, 0x08, 0xc5, 0x10, 0xe5, 0x10, 0xc5, 0x10, 0xc5, 0x10, 0xc5, 0x10,
    0xc5, 0x10, 0xe4, 0x10, 0xc5, 0x10, 0xc5, 0x10, 0xc4, 0x08, 0xc5, 0x10,
    0xc5, 0x10, 0xc5, 0x10, 0xc5, 0x10, 0xc4, 0x10, 0xc4, 0x10, 0xc5, 0x08,
    0xc5, 0x10, 0xc5, 0x10, 0xc4, 0x10, 0xe5, 0x10, 0xc4, 0x10, 0xc5, 0x10,
    0xc5, 0x10, 0xe5, 0x10, 0xc4, 0x08, 0xc5, 0x10, 0xc5, 0x10, 0xc5, 0x10,
    0xe5, 0x10, 0xc5, 0x10, 0xc5, 0x10, 0xe5, 0x08, 0xc5, 0x10, 0xc5, 0x10,
    0xc5, 0x10, 0xe4, 0x10, 0xc5, 0x10, 0xc5, 0x08, 0xe4, 0x10, 0xc5, 0x10,
    0xe5, 0x10, 0xc5, 0x10, 0xe5, 0x10, 0xc5, 0x10, 0xc5, 0x10, 0xe5, 0x10,
    0xe5, 0x08, 0xc5, 0x10, 0xc5, 0x10, 0xc4, 0x10, 0xe5, 0x10, 0xc4, 0x10,
    0xc5, 0x10, 0xc5, 0x10, 0xe5, 0x10, 0x92, 0x8c, 0xff, 0xff, 0xff, 0xff,
    0xdf, 0xff, 0x2e, 0x63, 0xc5, 0x10, 0xc5, 0x10, 0xe5, 0x10, 0xf8, 0x4c,
    0x9b, 0x55, 0x9c, 0x55, 0x9c, 0x55, 0x9b, 0x55, 0x9b, 0x55, 0x9c, 0x55,
    0xbb, 0x55, 0x9c, 0x55, 0x9c, 0x55, 0x9c, 0x55, 0x9c, 0x55, 0xbc, 0x55,
    0x9b, 0x55, 0x9c, 0x55, 0xbc, 0x55, 0x9c, 0x55, 0x9b, 0x55, 0x9c, 0x55,
    0x7b, 0x4d, 0xce, 0x2a, 0xe5, 0x10, 0xc5, 0x10, 0xc5, 0x10, 0xe5, 0x10,
    0xc5, 0x10, 0xc4, 0x08, 0xc5, 0x10, 0xe5, 0x10, 0xaf, 0x73, 0xdf, 0xff,
    0xff, 0xff, 0xff, 0xff, 0xff, 0xff, 0xf8, 0xbd, 0x26, 0x19, 0xc5, 0x10,
    0xc5, 0x10, 0xe5, 0x10, 0xe9, 0x31, 0x87, 0x29, 0xc5, 0x10, 0xc5, 0x10,
    0xc4, 0x10, 0xa8, 0x29, 0x5d, 0xef, 0xff, 0xff, 0x1c, 0xe7, 0x06, 0x19,
    0xc5, 0x10, 0xc5, 0x10, 0xe5, 0x10, 0xd3, 0x3b, 0x7b, 0x55, 0x9c, 0x55,
    0x9b, 0x55, 0x9b, 0x55, 0x9c, 0x55, 0x9c, 0x55, 0x9b, 0x55, 0x9b, 0x55,
    0x9c, 0x55, 0x9c, 0x55, 0x9b, 0x55, 0x9b, 0x55, 0x9c, 0x55, 0x9b, 0x55,
    0x9b, 0x55, 0x9b, 0x55, 0x9b, 0x55, 0x9b, 0x55, 0x9c, 0x55, 0x9b, 0x55,
    0x9b, 0x55, 0x9c, 0x55, 0x9b, 0x55, 0x9c, 0x55, 0x9b, 0x55, 0x9c, 0x55,
    0x9b, 0x55, 0x9b, 0x55, 0x71, 0x33, 0xe5, 0x10, 0xc5, 0x10, 0xc5, 0x10,
    0xe5, 0x10, 0x29, 0x3a, 0x7e, 0xef, 0xff, 0xff, 0x5a, 0xce, 0x26, 0x21,
    0x4e, 0x63, 0xff, 0xff, 0xff, 0xff, 0xff, 0xff, 0xff, 0xff, 0xff, 0xff,
    0xff, 0xff, 0xff, 0xff, 0xb0, 0x73, 0xc5, 0x10, 0xc5, 0x10, 0xc5, 0x10,
    0xc4, 0x10, 0xc5, 0x10, 0xe5, 0x10, 0xc4, 0x10, 0xe5, 0x10, 0xe9, 0x31,
    0x9e, 0xf7, 0xff, 0xff, 0xff, 0xff, 0xff, 0xff, 0xff, 0xff, 0xff, 0xff,
    0xff, 0xff, 0xff, 0xff, 0x5a, 0xce, 0x06, 0x19, 0xc5, 0x10, 0xc5, 0x08,
    0xe4, 0x10, 0xc5, 0x10, 0xc5, 0x10, 0xe5, 0x10, 0xe5, 0x10, 0xab, 0x4a,
    0x3d, 0xe7, 0xff, 0xff, 0xff, 0xff, 0xff, 0xff, 0xdf, 0xff, 0xf0, 0x7b,
    0xe5, 0x10, 0xc5, 0x10, 0xc5, 0x10, 0xc5, 0x10, 0xc5, 0x10, 0xc4, 0x10,
    0xc5, 0x08, 0xc5, 0x10, 0xc5, 0x10, 0xc5, 0x10, 0xc5, 0x10, 0xe5, 0x10,
    0xc4, 0x10, 0xc4, 0x10, 0xe5, 0x10, 0xc5, 0x10, 0xe5, 0x10, 0xc5, 0x10,
    0xc4, 0x10, 0xe5, 0x10, 0xc5, 0x10, 0xc5, 0x08, 0xc4, 0x10, 0xc5, 0x10,
    0xe5, 0x10, 0xc5, 0x10, 0xc5, 0x10, 0xe5, 0x10, 0xc5, 0x10, 0xc5, 0x08,
    0xc4, 0x10, 0xc5, 0x10, 0xc5, 0x10, 0xc5, 0x10, 0xe4, 0x10, 0xc5, 0x10,
    0xc5, 0x10, 0xc5, 0x10, 0xc5, 0x08, 0xe4, 0x10, 0xc5, 0x10, 0xc5, 0x10,
    0xc5, 0x10, 0xc4, 0x10, 0xc5, 0x10, 0xc5, 0x10, 0xc4, 0x10, 0xc5, 0x10,
    0xc5, 0x10, 0xc5, 0x10, 0xc4, 0x10, 0xc5, 0x10, 0xe5, 0x10, 0xc4, 0x10,
    0xc5, 0x10, 0xe5, 0x10, 0xe5, 0x08, 0xc5, 0x10, 0xc5, 0x10, 0xe5, 0x10,
    0xc5, 0x10, 0xc5, 0x10, 0xe5, 0x10, 0xc5, 0x08, 0xc5, 0x10, 0xc5, 0x10,
    0xc5, 0x10, 0xc4, 0x10, 0xc5, 0x10, 0xc5, 0x10, 0xe4, 0x10, 0xe4, 0x10,
    0xc5, 0x10, 0xc5, 0x08, 0xe5, 0x10, 0xc5, 0x10, 0xe4, 0x10, 0xc5, 0x10,
    0xc5, 0x08, 0xc5, 0x10, 0xc4, 0x10, 0xe5, 0x10, 0xc5, 0x10, 0xc4, 0x10,
    0xc5, 0x10, 0xe5, 0x10, 0xc5, 0x10, 0xc5, 0x08, 0xe4, 0x10, 0xc5, 0x10,
    0xc5, 0x10, 0xc5, 0x10, 0xc4, 0x10, 0xe5, 0x10, 0xc5, 0x10, 0xc5, 0x08,
    0xc4, 0x10, 0xc5, 0x10, 0x87, 0x21, 0xdb, 0xde, 0xff, 0xff, 0xff, 0xff,
    0xfc, 0xde, 0x26, 0x19, 0xc5, 0x10, 0xc5, 0x10, 0x4b, 0x22, 0x9c, 0x55,
    0x9c, 0x55, 0x9c, 0x55, 0x9c, 0x55, 0x9c, 0x55, 0xbc, 0x55, 0xbc, 0x55,
    0x9c, 0x55, 0xbb, 0x55, 0x9c, 0x55, 0x9b, 0x55, 0xbb, 0x55, 0x9c, 0x55,
    0x9c, 0x55, 0x9b, 0x55, 0x9c, 0x55, 0x9b, 0x55, 0x9b, 0x55, 0x9c, 0x55,
    0xf4, 0x3b, 0xe5, 0x10, 0xc5, 0x10, 0xc5, 0x10, 0xe4, 0x10, 0xc4, 0x10,
    0xc5, 0x10, 0xc5, 0x10, 0xe5, 0x10, 0x8f, 0x6b, 0xdf, 0xff, 0xff, 0xff,
    0xff, 0xff, 0xff, 0xff, 0xff, 0xff, 0x4e, 0x63, 0xe5, 0x10, 0xc5, 0x10,
    0x6a, 0x42, 0xd7, 0xb5, 0xbf, 0xf7, 0x76, 0xad, 0xe5, 0x10, 0xc4, 0x10,
    0xc5, 0x10, 0x26, 0x19, 0xf8, 0xbd, 0xff, 0xff, 0xbe, 0xf7, 0x6b, 0x42,
    0xc5, 0x10, 0xe4, 0x10, 0xe4, 0x10, 0x6c, 0x22, 0x9b, 0x55, 0x9c, 0x55,
    0x9c, 0x55, 0x9c, 0x55, 0x9c, 0x55, 0x9c, 0x55, 0x9c, 0x55, 0x9c, 0x55,
    0x9c, 0x55, 0x9c, 0x55, 0x9c, 0x55, 0x9c, 0x55, 0x9c, 0x55, 0x9c, 0x55,
    0x9c, 0x55, 0xbc, 0x55, 0x9c, 0x55, 0x9c, 0x55, 0x9c, 0x55, 0x9c, 0x55,
    0x9c, 0x55, 0x9c, 0x55, 0x9c, 0x55, 0x9c, 0x55, 0x9c, 0x55, 0x9c, 0x55,
    0x9c, 0x55, 0x9c, 0x55, 0x97, 0x44, 0xe6, 0x10, 0xc5, 0x10, 0xc4, 0x10,
    0xc5, 0x10, 0x05, 0x11, 0x9b, 0xd6, 0xff, 0xff, 0x9e, 0xf7, 0x2a, 0x3a,
    0xe9, 0x39, 0x5d, 0xef, 0xff, 0xff, 0xff, 0xff, 0xff, 0xff, 0xff, 0xff,
    0xff, 0xff, 0xff, 0xff, 0xaf, 0x73, 0xc5, 0x10, 0xe5, 0x10, 0xc5, 0x08,
    0xc5, 0x10, 0xe4, 0x10, 0xc5, 0x10, 0xc5, 0x10, 0xe5, 0x10, 0xe9, 0x31,
    0xbe, 0xf7, 0xff, 0xff, 0xff, 0xff, 0xff, 0xff, 0xff, 0xff, 0xff, 0xff,
    0xff, 0xff, 0xff, 0xff, 0x59, 0xce, 0x05, 0x19, 0xe5, 0x10, 0xc5, 0x10,
    0xc5, 0x10, 0xc4, 0x10, 0xc5, 0x08, 0xc5, 0x10, 0xc5, 0x10, 0xe5, 0x10,
    0xc8, 0x31, 0x59, 0xce, 0xff, 0xff, 0xff, 0xff, 0xff, 0xff, 0xff, 0xff,
    0xd4, 0x94, 0x05, 0x19, 0xc5, 0x10, 0xc5, 0x10, 0xc4, 0x10, 0xe5, 0x10,
    0xc5, 0x10, 0xc5, 0x10, 0xe5, 0x10, 0xc4, 0x10, 0xc4, 0x10, 0xc5, 0x08,
    0xc5, 0x10, 0xe5, 0x10, 0xc5, 0x10, 0xc5, 0x10, 0xc5, 0x08, 0xe4, 0x10,
    0xc5, 0x10, 0xc5, 0x10, 0xc5, 0x10, 0xc4, 0x10, 0xe5, 0x10, 0xc5, 0x10,
    0xc5, 0x08, 0xc4, 0x10, 0xc5, 0x10, 0xc5, 0x10, 0xe4, 0x10, 0xc5, 0x10,
    0xe5, 0x10, 0xc5, 0x08, 0xc4, 0x10, 0xe4, 0x10, 0xc5, 0x08, 0xc5, 0x10,
    0xc5, 0x10, 0xc5, 0x10, 0xe4, 0x10, 0xc5, 0x10, 0xc5, 0x08, 0xc5, 0x10,
    0xc4, 0x10, 0xe5, 0x08, 0xc5, 0x10, 0xc4, 0x10, 0xe5, 0x08, 0xe4, 0x10,
    0xc5, 0x10, 0xc4, 0x08, 0xe5, 0x10, 0xc5, 0x10, 0xc5, 0x10, 0xe5, 0x10,
    0xc4, 0x08, 0xc5, 0x10, 0xc4, 0x10, 0xc5, 0x10, 0xe5, 0x10, 0xc5, 0x10,
    0xc5, 0x10, 0xc4, 0x10, 0xc5, 0x10, 0xc5, 0x10, 0xc4, 0x10, 0xe5, 0x10,
    0xc4, 0x08, 0xe5, 0x10, 0xe5, 0x10, 0xc5, 0x10, 0xc5, 0x08, 0xc5, 0x10,
    0xc5, 0x10, 0xe5, 0x10, 0xc4, 0x10, 0xc4, 0x10, 0xc5, 0x10, 0xe5, 0x10,
    0xc5, 0x10, 0xc4, 0x10, 0xe5, 0x10, 0xc5, 0x10, 0xc4, 0x10, 0xc5, 0x10,
    0xc5, 0x08, 0xc4, 0x10, 0xc4, 0x10, 0xc5, 0x10, 0xc5, 0x10, 0xc4, 0x10,
    0xc5, 0x10, 0xc4, 0x10, 0xe5, 0x08, 0xc5, 0x10, 0xc5, 0x10, 0xc4, 0x10,
    0xe5, 0x10, 0xe5, 0x10, 0x4e, 0x63, 0xff, 0xff, 0xff, 0xff, 0xff, 0xff,
    0x72, 0x8c, 0xc5, 0x10, 0xc4, 0x10, 0xe5, 0x10, 0x35, 0x3c, 0x9b, 0x55,
    0x9c, 0x55, 0x9c, 0x55, 0x9c, 0x55, 0xbb, 0x55, 0x9c, 0x55, 0x9c, 0x55,
    0x9c, 0x55, 0x9c, 0x55, 0x9c, 0x55, 0xbc, 0x55, 0x9c, 0x55, 0x9c, 0x55,
    0x9c, 0x55, 0x9c, 0x55, 0xbc, 0x55, 0x9c, 0x55, 0x9c, 0x55, 0xf9, 0x4c,
    0x68, 0x19, 0xc4, 0x10, 0xc5, 0x10, 0xc5, 0x10, 0xc5, 0x10, 0xc5, 0x10,
    0xc5, 0x10, 0xe5, 0x10, 0xcc, 0x52, 0xbf, 0xf7, 0xff, 0xff, 0xff, 0xff,
    0xff, 0xff, 0xff, 0xff, 0xfc, 0xde, 0x87, 0x29, 0x67, 0x21, 0xd4, 0x9c,
    0x9e, 0xf7, 0xff, 0xff, 0xff, 0xff, 0xfc, 0xde, 0xa8, 0x29, 0xc5, 0x10,
    0xc5, 0x10, 0xe5, 0x10, 0x51, 0x84, 0xff, 0xff, 0xff, 0xff, 0x11, 0x84,
    0xc5, 0x10, 0xc5, 0x10, 0xc5, 0x10, 0x47, 0x11, 0x7b, 0x55, 0x7b, 0x55,
    0x9b, 0x55, 0x9b, 0x55, 0x9b, 0x55, 0x9b, 0x55, 0x9b, 0x55, 0x9b, 0x55,
    0x9b, 0x55, 0x9b, 0x55, 0x9b, 0x55, 0x9b, 0x55, 0x9c, 0x55, 0x9c, 0x55,
    0x9b, 0x55, 0x9c, 0x55, 0x9c, 0x55, 0x9c, 0x55, 0x9b, 0x55, 0x9b, 0x55,
    0x9c, 0x55, 0x9b, 0x55, 0x9b, 0x55, 0x9b, 0x55, 0x9b, 0x55, 0x9b, 0x55,
    0x9b, 0x55, 0x9b, 0x55, 0x7b, 0x55, 0x47, 0x19, 0xc5, 0x10, 0xe5, 0x10,
    0xc5, 0x08, 0xe5, 0x10, 0xf4, 0x9c, 0xff, 0xff, 0xff, 0xff, 0xd0, 0x73,
    0x06, 0x19, 0x59, 0xc6, 0xff, 0xff, 0xff, 0xff, 0xff, 0xff, 0xff, 0xff,
    0xff, 0xff, 0xff, 0xff, 0xb0, 0x73, 0xc5, 0x10, 0xc4, 0x10, 0xe4, 0x10,
    0xc5, 0x10, 0xc5, 0x10, 0xc4, 0x08, 0xc5, 0x10, 0xe5, 0x10, 0xe9, 0x31,
    0x9e, 0xf7, 0xff, 0xff, 0xff, 0xff, 0xff, 0xff, 0xff, 0xff, 0xff, 0xff,
    0xff, 0xff, 0xff, 0xff, 0x5a, 0xce, 0x05, 0x19, 0xe5, 0x10, 0xc5, 0x10,
    0xc5, 0x10, 0xe5, 0x10, 0xe4, 0x10, 0xc5, 0x10, 0xc5, 0x10, 0xc4, 0x10,
    0xc5, 0x10, 0x26, 0x19, 0x35, 0xa5, 0xff, 0xff, 0xff, 0xff, 0xff, 0xff,
    0xff, 0xff, 0xb7, 0xb5, 0x67, 0x21, 0xc5, 0x10, 0xc5, 0x10, 0xc5, 0x10,
    0xe4, 0x10, 0xc4, 0x10, 0xc5, 0x08, 0xe5, 0x10, 0xc5, 0x10, 0xc5, 0x10,
    0xe5, 0x10, 0xc5, 0x10, 0xc5, 0x08, 0xc4, 0x10, 0xe4, 0x10, 0xc5, 0x10,
    0xc5, 0x10, 0xc5, 0x08, 0xe4, 0x10, 0xc5, 0x10, 0xe5, 0x10, 0xc5, 0x10,
    0xc4, 0x10, 0xe5, 0x10, 0xc4, 0x10, 0xe5, 0x08, 0xc5, 0x10, 0xc5, 0x10,
    0xc4, 0x10, 0xe5, 0x10, 0xc5, 0x10, 0xc5, 0x10, 0xc5, 0x10, 0xc5, 0x10,
    0xe4, 0x08, 0xe4, 0x10, 0xc5, 0x10, 0xc5, 0x10, 0xc5, 0x10, 0xe4, 0x10,
    0xe5, 0x10, 0xc5, 0x10, 0xe4, 0x10, 0xc5, 0x10, 0xc5, 0x10, 0xc5, 0x10,
    0xc5, 0x10, 0xe5, 0x10, 0xc5, 0x10, 0xe5, 0x08, 0xc4, 0x10, 0xc5, 0x10,
    0xc5, 0x10, 0xe5, 0x10, 0xc5, 0x10, 0xc4, 0x08, 0xc4, 0x10, 0xc5, 0x10,
    0xc5, 0x10, 0xc5, 0x10, 0xe4, 0x10, 0xc5, 0x10, 0xc4, 0x10, 0xe5, 0x10,
    0xc5, 0x10, 0xc5, 0x10, 0xc5, 0x10, 0xc4, 0x10, 0xe5, 0x10, 0xc5, 0x10,
    0xc4, 0x10, 0xc5, 0x10, 0xc5, 0x10, 0xc5, 0x10, 0xc5, 0x08, 0xc5, 0x10,
    0xe4, 0x10, 0xc5, 0x10, 0xc5, 0x08, 0xc5, 0x10, 0xc5, 0x10, 0xe5, 0x10,
    0xe5, 0x10, 0xc5, 0x10, 0xc5, 0x10, 0xc5, 0x10, 0xe4, 0x10, 0xc5, 0x08,
    0xc5, 0x10, 0xe5, 0x10, 0xc5, 0x10, 0xc4, 0x10, 0xc5, 0x10, 0xe5, 0x10,
    0xc5, 0x10, 0x26, 0x19, 0xf8, 0xbd, 0xff, 0xff, 0xff, 0xff, 0x7e, 0xef,
    0xe9, 0x31, 0xc5, 0x10, 0xc5, 0x10, 0x88, 0x19, 0x7b, 0x55, 0x9b, 0x55,
    0x9c, 0x55, 0x9b, 0x55, 0x9b, 0x55, 0x9c, 0x55, 0x9c, 0x55, 0x9b, 0x55,
    0x9b, 0x55, 0x9c, 0x55, 0xbb, 0x55, 0x9c, 0x55, 0x9c, 0x55, 0xbc, 0x55,
    0x9b, 0x55, 0xbc, 0x55, 0x9b, 0x55, 0x9b, 0x55, 0x7b, 0x4d, 0xce, 0x2a,
    0xc5, 0x10, 0xe5, 0x10, 0xc5, 0x10, 0x67, 0x21, 0xe5, 0x10, 0xc5, 0x10,
    0xc5, 0x10, 0xc8, 0x31, 0x5d, 0xef, 0xff, 0xff, 0xff, 0xff, 0xff, 0xff,
    0xff, 0xff, 0xff, 0xff, 0x56, 0xa5, 0xec, 0x5a, 0xbb, 0xd6, 0xff, 0xff,
    0xff, 0xff, 0xff, 0xff, 0xff, 0xff, 0xbf, 0xff, 0xac, 0x52, 0xc5, 0x10,
    0xc4, 0x10, 0xe5, 0x10, 0x6b, 0x42, 0xdf, 0xff, 0xff, 0xff, 0x18, 0xc6,
    0xc5, 0x10, 0xc5, 0x10, 0xc5, 0x10, 0xc5, 0x10, 0x92, 0x33, 0x76, 0x44,
    0x97, 0x44, 0x97, 0x44, 0x97, 0x44, 0x97, 0x44, 0x97, 0x44, 0x97, 0x44,
    0x97, 0x44, 0x97, 0x44, 0x97, 0x44, 0xd8, 0x4c, 0x7b, 0x55, 0x9c, 0x55,
    0x9c, 0x55, 0x9b, 0x55, 0x7b, 0x55, 0xf8, 0x4c, 0xb8, 0x44, 0xb7, 0x44,
    0x97, 0x44, 0x97, 0x44, 0x97, 0x44, 0x97, 0x44, 0x97, 0x44, 0x97, 0x44,
    0x96, 0x44, 0x76, 0x44, 0x76, 0x44, 0xc9, 0x21, 0xc5, 0x10, 0xe5, 0x10,
    0xc5, 0x10, 0xc4, 0x10, 0x2d, 0x5b, 0xdf, 0xff, 0xff, 0xff, 0xb7, 0xb5,
    0xe5, 0x10, 0x93, 0x94, 0xff, 0xff, 0xff, 0xff, 0xff, 0xff, 0xff, 0xff,
    0xff, 0xff, 0xff, 0xff, 0xaf, 0x73, 0xc5, 0x10, 0xc5, 0x10, 0xc5, 0x10,
    0xc5, 0x10, 0xc5, 0x10, 0xe5, 0x10, 0xc5, 0x10, 0xe5, 0x10, 0x09, 0x3a,
    0x9e, 0xf7, 0xff, 0xff, 0xff, 0xff, 0xff, 0xff, 0xff, 0xff, 0xff, 0xff,
    0xff, 0xff, 0xff, 0xff, 0x5a, 0xce, 0x06, 0x19, 0xc5, 0x10, 0xc4, 0x08,
    0xc4, 0x10, 0xc5, 0x10, 0xc5, 0x10, 0xe4, 0x10, 0xc5, 0x10, 0xe5, 0x10,
    0x09, 0x32, 0xe5, 0x10, 0x06, 0x19, 0x32, 0x84, 0xdf, 0xff, 0xff, 0xff,
    0xff, 0xff, 0xff, 0xff, 0x5a, 0xce, 0xc8, 0x31, 0xe5, 0x10, 0xc5, 0x10,
    0xc5, 0x10, 0xc5, 0x10, 0xc5, 0x10, 0xc5, 0x10, 0xe5, 0x10, 0xc5, 0x10,
    0xc4, 0x10, 0xc4, 0x10, 0xc5, 0x10, 0xe5, 0x10, 0xc5, 0x10, 0xc5, 0x10,
    0xc5, 0x10, 0xe4, 0x10, 0xc5, 0x10, 0xc5, 0x10, 0xc5, 0x08, 0xc4, 0x10,
    0xe5, 0x10, 0xc5, 0x10, 0xc5, 0x10, 0xc5, 0x10, 0xc5, 0x10, 0xc4, 0x10,
    0xc5, 0x10, 0xc5, 0x10, 0xc5, 0x10, 0xc5, 0x10, 0xe5, 0x10, 0xc4, 0x10,
    0xc5, 0x10, 0xc5, 0x10, 0xc5, 0x10, 0xc5, 0x10, 0xe4, 0x10, 0xc5, 0x10,
    0xc5, 0x10, 0xc5, 0x10, 0xc5, 0x10, 0xe5, 0x10, 0xc5, 0x10, 0xc5, 0x10,
    0xe5, 0x10, 0xc4, 0x10, 0xc5, 0x10, 0xc5, 0x10, 0xc4, 0x10, 0xc5, 0x10,
    0xc5, 0x10, 0xc4, 0x10, 0xe5, 0x10, 0xc5, 0x10, 0xe5, 0x10, 0xc5, 0x10,
    0xc5, 0x10, 0xc5, 0x10, 0xc5, 0x10, 0xe5, 0x08, 0xc5, 0x10, 0xc5, 0x10,
    0xc5, 0x10, 0xc4, 0x10, 0xc5, 0x08, 0xc5, 0x10, 0xc4, 0x10, 0xc5, 0x10,
    0xc5, 0x10, 0xe4, 0x08, 0xc5, 0x10, 0xc5, 0x10, 0xe5, 0x10, 0xc4, 0x10,
    0xc5, 0x10, 0xe5, 0x10, 0xc5, 0x10, 0xe4, 0x10, 0xc4, 0x08, 0xc5, 0x10,
    0xc4, 0x10, 0xc5, 0x10, 0xe5, 0x10, 0xe5, 0x08, 0xc5, 0x10, 0xe5, 0x10,
    0xc5, 0x10, 0xc4, 0x10, 0xc5, 0x10, 0xe5, 0x10, 0xc5, 0x08, 0xc4, 0x10,
    0xc5, 0x10, 0x4a, 0x42, 0xbe, 0xf7, 0xff, 0xff, 0xff, 0xff, 0x97, 0xb5,
    0xe5, 0x10, 0xc5, 0x10, 0xe5, 0x10, 0x50, 0x33, 0x9b, 0x55, 0x9c, 0x55,
    0x9c, 0x55, 0x9c, 0x55, 0x9c, 0x55, 0xbc, 0x55, 0x9c, 0x55, 0x9c, 0x55,
    0xbc, 0x55, 0xbc, 0x55, 0x9c, 0x55, 0x9b, 0x55, 0x9c, 0x55, 0x9c, 0x55,
    0x9b, 0x55, 0x9c, 0x55, 0x9c, 0x55, 0x9b, 0x55, 0x76, 0x44, 0x26, 0x11,
    0xc5, 0x10, 0xc5, 0x10, 0x26, 0x19, 0xb7, 0xb5, 0x87, 0x29, 0xe5, 0x10,
    0x26, 0x19, 0x7a, 0xce, 0xff, 0xff, 0xff, 0xff, 0xff, 0xff, 0xff, 0xff,
    0xff, 0xff, 0xff, 0xff, 0xdb, 0xde, 0x9e, 0xf7, 0xff, 0xff, 0xff, 0xff,
    0xff, 0xff, 0xff, 0xff, 0xff, 0xff, 0xff, 0xff, 0x52, 0x84, 0xe5, 0x10,
    0xc5, 0x10, 0xc4, 0x10, 0x67, 0x21, 0xfc, 0xde, 0xff, 0xff, 0x7d, 0xef,
    0x67, 0x21, 0xc5, 0x10, 0xe4, 0x10, 0xe5, 0x10, 0xe5, 0x10, 0x06, 0x11,
    0x06, 0x11, 0x26, 0x11, 0x06, 0x11, 0x26, 0x11, 0x26, 0x11, 0x26, 0x11,
    0x26, 0x11, 0x26, 0x11, 0x26, 0x11, 0x88, 0x19, 0xd8, 0x4c, 0x9c, 0x55,
    0x9c, 0x55, 0x9c, 0x55, 0x19, 0x4d, 0xa9, 0x19, 0x06, 0x11, 0x26, 0x11,
    0x26, 0x11, 0x26, 0x11, 0x06, 0x11, 0x26, 0x11, 0x06, 0x11, 0x06, 0x11,
    0x06, 0x11, 0x06, 0x11, 0x06, 0x11, 0xe5, 0x10, 0xc5, 0x10, 0xc5, 0x10,
    0xc4, 0x10, 0xc5, 0x10, 0xc8, 0x31, 0x5d, 0xef, 0xff, 0xff, 0xfc, 0xe6,
    0xa8, 0x29, 0xcc, 0x52, 0xdf, 0xff, 0xff, 0xff, 0xff, 0xff, 0xff, 0xff,
    0xff, 0xff, 0xff, 0xff, 0xb0, 0x73, 0xc5, 0x10, 0xe5, 0x10, 0xc5, 0x08,
    0xc5, 0x10, 0xe4, 0x10, 0xc5, 0x10, 0xc5, 0x10, 0xe5, 0x10, 0xe9, 0x31,
    0xbe, 0xf7, 0xff, 0xff, 0xff, 0xff, 0xff, 0xff, 0xff, 0xff, 0xff, 0xff,
    0xff, 0xff, 0xff, 0xff, 0x5a, 0xce, 0x05, 0x19, 0xe5, 0x10, 0xc5, 0x10,
    0xe5, 0x10, 0xc5, 0x10, 0xc5, 0x08, 0xc5, 0x10, 0xe5, 0x10, 0x05, 0x11,
    0x76, 0xad, 0xf4, 0x9c, 0x46, 0x21, 0xe5, 0x10, 0x2d, 0x63, 0x7e, 0xf7,
    0xff, 0xff, 0xff, 0xff, 0xff, 0xff, 0x9b, 0xd6, 0x09, 0x3a, 0xc5, 0x10,
    0xc5, 0x10, 0xe5, 0x10, 0xe4, 0x10, 0xc4, 0x10, 0xc5, 0x10, 0xc4, 0x08,
    0xc5, 0x10, 0xe5, 0x10, 0xc5, 0x10, 0xc4, 0x10, 0xc5, 0x10, 0xc5, 0x08,
    0xe4, 0x10, 0xc5, 0x10, 0xc5, 0x10, 0xc5, 0x10, 0xc4, 0x10, 0xc5, 0x10,
    0xc5, 0x10, 0xc5, 0x08, 0xc5, 0x10, 0xe5, 0x10, 0xc4, 0x10, 0xe5, 0x08,
    0xe5, 0x10, 0xc5, 0x10, 0xc4, 0x10, 0xe4, 0x08, 0xc5, 0x10, 0xe5, 0x10,
    0xc5, 0x10, 0xc5, 0x10, 0xc5, 0x10, 0xc4, 0x08, 0xc5, 0x10, 0xc5, 0x10,
    0xc5, 0x08, 0xc4, 0x10, 0xc5, 0x10, 0xc5, 0x08, 0xe4, 0x10, 0xc4, 0x10,
    0xc5, 0x08, 0xc5, 0x10, 0xc4, 0x10, 0xc5, 0x10, 0xc5, 0x10, 0xe5, 0x10,
    0xe5, 0x08, 0xc4, 0x10, 0xc5, 0x10, 0xc5, 0x10, 0xc5, 0x10, 0xe5, 0x08,
    0xc5, 0x10, 0xc4, 0x10, 0xe5, 0x10, 0xc5, 0x10, 0xc4, 0x10, 0xc5, 0x10,
    0xe4, 0x08, 0xc5, 0x10, 0xe5, 0x10, 0xc4, 0x10, 0xe5, 0x10, 0xc5, 0x08,
    0xc5, 0x10, 0xe5, 0x10, 0xc4, 0x10, 0xc5, 0x10, 0xe5, 0x10, 0xc4, 0x10,
    0xc5, 0x08, 0xc5, 0x10, 0xc5, 0x10, 0xc5, 0x10, 0xe5, 0x10, 0xc5, 0x10,
    0xc5, 0x08, 0xc4, 0x10, 0xc5, 0x10, 0xc4, 0x10, 0xc5, 0x10, 0xc5, 0x10,
    0xc4, 0x08, 0xe5, 0x10, 0xc5, 0x10, 0xc5, 0x10, 0xe4, 0x10, 0xc5, 0x10,
    0xe5, 0x10, 0xf4, 0x9c, 0xff, 0xff, 0xff, 0xff, 0xbf, 0xf7, 0xec, 0x5a,
    0xc5, 0x10, 0xc5, 0x10, 0x26, 0x11, 0xf9, 0x4c, 0x9b, 0x55, 0x9c, 0x55,
    0x9c, 0x55, 0x9c, 0x55, 0xbc, 0x55, 0x9c, 0x55, 0x9c, 0x55, 0xbb, 0x55,
    0x9c, 0x55, 0x9c, 0x55, 0x9c, 0x55, 0x9c, 0x55, 0x9b, 0x55, 0xbc, 0x55,
    0x9c, 0x55, 0x9c, 0x55, 0x9b, 0x55, 0x7b, 0x4d, 0x4c, 0x22, 0xc5, 0x10,
    0xc5, 0x10, 0xe5, 0x10, 0xaf, 0x73, 0x9e, 0xf7, 0x09, 0x3a, 0xe5, 0x10,
    0x73, 0x8c, 0xff, 0xff, 0xff, 0xff, 0xff, 0xff, 0xff, 0xff, 0xff, 0xff,
    0xff, 0xff, 0xff, 0xff, 0xff, 0xff, 0xff, 0xff, 0xff, 0xff, 0xff, 0xff,
    0xff, 0xff, 0xff, 0xff, 0xff, 0xff, 0xff, 0xff, 0xd7, 0xb5, 0xe5, 0x10,
    0xc5, 0x10, 0xc5, 0x10, 0x05, 0x11, 0x76, 0xad, 0xff, 0xff, 0xdf, 0xff,
    0xed, 0x5a, 0xc5, 0x10, 0xc4, 0x10, 0xc5, 0x10, 0xe5, 0x10, 0xc4, 0x10,
    0xc5, 0x10, 0xc5, 0x10, 0xc5, 0x10, 0xe4, 0x10, 0xc5, 0x10, 0xc5, 0x10,
    0xc5, 0x10, 0xc5, 0x10, 0xc4, 0x10, 0xe5, 0x10, 0x14, 0x3c, 0x9b, 0x55,
    0x9c, 0x55, 0x9b, 0x55, 0x7b, 0x4d, 0x2b, 0x22, 0xc5, 0x10, 0xc5, 0x10,
    0xc5, 0x10, 0xc5, 0x10, 0xc5, 0x10, 0xc4, 0x10, 0xe5, 0x10, 0xc5, 0x10,
    0xe5, 0x10, 0xc5, 0x10, 0xc4, 0x10, 0xc5, 0x10, 0xc5, 0x10, 0xe4, 0x10,
    0xc5, 0x08, 0xe5, 0x10, 0xe5, 0x10, 0x39, 0xc6, 0xff, 0xff, 0xdf, 0xff,
    0xcc, 0x52, 0xa8, 0x29, 0x1c, 0xe7, 0xff, 0xff, 0xff, 0xff, 0xff, 0xff,
    0xff, 0xff, 0xff, 0xff, 0xb0, 0x73, 0xc5, 0x10, 0xc4, 0x10, 0xc4, 0x10,
    0xe5, 0x10, 0xc5, 0x10, 0xc4, 0x08, 0xc5, 0x10, 0xe5, 0x10, 0x09, 0x3a,
    0x9e, 0xf7, 0xff, 0xff, 0xff, 0xff, 0xff, 0xff, 0xff, 0xff, 0xff, 0xff,
    0xff, 0xff, 0xff, 0xff, 0x5a, 0xce, 0x05, 0x19, 0xc5, 0x10, 0xc5, 0x10,
    0xc5, 0x10, 0xe5, 0x10, 0xc4, 0x10, 0xc5, 0x10, 0xc5, 0x10, 0x05, 0x19,
    0xd8, 0xbd, 0xff, 0xff, 0x39, 0xc6, 0x88, 0x29, 0xe5, 0x10, 0x8b, 0x4a,
    0x1c, 0xe7, 0xff, 0xff, 0xff, 0xff, 0xff, 0xff, 0xdb, 0xde, 0x4a, 0x42,
    0xc5, 0x10, 0xc5, 0x10, 0xc5, 0x10, 0xc5, 0x10, 0xc5, 0x10, 0xc5, 0x10,
    0xe5, 0x10, 0xc5, 0x10, 0xc4, 0x08, 0xc5, 0x10, 0xe5, 0x10, 0xc4, 0x10,
    0xe5, 0x10, 0xc5, 0x10, 0xc5, 0x08, 0xe4, 0x10, 0xe5, 0x10, 0xc5, 0x10,
    0xe5, 0x10, 0xc5, 0x10, 0xc4, 0x10, 0xe4, 0x10, 0xc5, 0x10, 0xc5, 0x10,
    0xc4, 0x10, 0xc5, 0x08, 0xe5, 0x10, 0xc5, 0x10, 0xc5, 0x10, 0xc4, 0x10,
    0xc5, 0x08, 0xe5, 0x10, 0xc4, 0x10, 0xe5, 0x10, 0xe5, 0x10, 0xc5, 0x10,
    0xc4, 0x10, 0xe5, 0x10, 0xe4, 0x10, 0xc5, 0x10, 0xc5, 0x10, 0xc5, 0x10,
    0xc5, 0x10, 0xe4, 0x10, 0xc5, 0x10, 0xe5, 0x08, 0xe5, 0x10, 0xc4, 0x10,
    0xc5, 0x10, 0xc5, 0x10, 0xc5, 0x08, 0xc5, 0x10, 0xe4, 0x10, 0xc5, 0x10,
    0xc5, 0x10, 0xc5, 0x10, 0xc4, 0x10, 0xc5, 0x10, 0xc5, 0x10, 0xe5, 0x10,
    0xc5, 0x10, 0xc5, 0x10, 0xc5, 0x10, 0xe5, 0x10, 0xc5, 0x10, 0xe5, 0x10,
    0xc4, 0x10, 0xc5, 0x10, 0xc5, 0x08, 0xe4, 0x10, 0xc5, 0x10, 0xc5, 0x10,
    0xc5, 0x10, 0xe4, 0x10, 0xc5, 0x10, 0xc5, 0x10, 0xc5, 0x10, 0xc5, 0x10,
    0xe4, 0x10, 0xe5, 0x10, 0xc5, 0x10, 0xc5, 0x10, 0xc4, 0x10, 0xc5, 0x10,
    0xe5, 0x10, 0xc5, 0x10, 0xc5, 0x08, 0xc4, 0x10, 0xc5, 0x10, 0xc5, 0x10,
    0xa8, 0x29, 0x1c, 0xe7, 0xff, 0xff, 0xff, 0xff, 0x9b, 0xd6, 0x26, 0x19,
    0xe5, 0x10, 0xc4, 0x10, 0x6c, 0x22, 0x9b, 0x55, 0x9c, 0x55, 0x9c, 0x55,
    0x9c, 0x55, 0xbb, 0x55, 0x9b, 0x55, 0x9c, 0x55, 0x9b, 0x55, 0x9c, 0x55,
    0x9c, 0x55, 0x9b, 0x55, 0x9b, 0x55, 0xbc, 0x55, 0xbc, 0x55, 0x9c, 0x55,
    0xbb, 0x55, 0x9b, 0x55, 0x9c, 0x55, 0x76, 0x44, 0x06, 0x11, 0xc5, 0x10,
    0xc4, 0x10, 0x87, 0x29, 0xfc, 0xde, 0xbf, 0xf7, 0x8b, 0x4a, 0x4a, 0x42,
    0xbf, 0xff, 0xff, 0xff, 0xff, 0xff, 0xff, 0xff, 0xff, 0xff, 0xff, 0xff,
    0xff, 0xff, 0xff, 0xff, 0xff, 0xff, 0xff, 0xff, 0xff, 0xff, 0xff, 0xff,
    0xff, 0xff, 0xff, 0xff, 0xff, 0xff, 0xff, 0xff, 0xdb, 0xde, 0x47, 0x21,
    0xc5, 0x10, 0xc5, 0x10, 0xe5, 0x10, 0x8f, 0x6b, 0xff, 0xff, 0xff, 0xff,
    0xd4, 0x9c, 0xc5, 0x10, 0xc5, 0x10, 0xc5, 0x10, 0xc4, 0x10, 0xc5, 0x10,
    0xc5, 0x10, 0xc5, 0x10, 0xc4, 0x10, 0xc5, 0x10, 0xc5, 0x10, 0xc5, 0x10,
    0xc4, 0x10, 0xc5, 0x10, 0xc5, 0x10, 0xc5, 0x10, 0xce, 0x2a, 0x9c, 0x55,
    0x9c, 0x55, 0x9b, 0x55, 0x9b, 0x55, 0x30, 0x33, 0xc5, 0x10, 0xc5, 0x10,
    0xc5, 0x10, 0xc5, 0x10, 0xc4, 0x10, 0xc5, 0x10, 0xc5, 0x10, 0xc5, 0x10,
    0xc4, 0x10, 0xc5, 0x10, 0xc5, 0x10, 0xc5, 0x10, 0xc4, 0x10, 0xc5, 0x10,
    0xc5, 0x10, 0xc5, 0x10, 0xe5, 0x10, 0x72, 0x84, 0xff, 0xff, 0xff, 0xff,
    0x93, 0x94, 0xe5, 0x10, 0xd7, 0xbd, 0xff, 0xff, 0xff, 0xff, 0xff, 0xff,
    0xff, 0xff, 0xff, 0xff, 0x8f, 0x73, 0xc5, 0x10, 0xc5, 0x10, 0xe5, 0x10,
    0xc5, 0x10, 0xc4, 0x10, 0xc5, 0x10, 0xe5, 0x10, 0xe5, 0x10, 0x09, 0x3a,
    0x9e, 0xf7, 0xff, 0xff, 0xff, 0xff, 0xff, 0xff, 0xff, 0xff, 0xff, 0xff,
    0xff, 0xff, 0xff, 0xff, 0x5a, 0xce, 0x05, 0x19, 0xe5, 0x10, 0xc5, 0x10,
    0xc4, 0x08, 0xc5, 0x10, 0xe5, 0x10, 0xc4, 0x10, 0xc5, 0x08, 0x06, 0x11,
    0xf8, 0xbd, 0xff, 0xff, 0xff, 0xff, 0xdb, 0xd6, 0x2a, 0x3a, 0xe5, 0x10,
    0x2a, 0x3a, 0xdb, 0xde, 0xff, 0xff, 0xff, 0xff, 0xff, 0xff, 0x1c, 0xe7,
    0x6b, 0x4a, 0xc5, 0x10, 0xc5, 0x10, 0xc5, 0x10, 0xe4, 0x10, 0xe5, 0x10,
    0xc5, 0x10, 0xc5, 0x10, 0xc5, 0x10, 0xe5, 0x10, 0xc5, 0x10, 0xc4, 0x10,
    0xc5, 0x10, 0xc5, 0x10, 0xc4, 0x10, 0xc5, 0x10, 0xc5, 0x10, 0xc5, 0x08,
    0xc4, 0x10, 0xe4, 0x10, 0xc5, 0x10, 0xc5, 0x08, 0xc5, 0x10, 0xc5, 0x10,
    0xc5, 0x10, 0xe5, 0x10, 0xc4, 0x10, 0xc5, 0x10, 0xc5, 0x10, 0xc4, 0x10,
    0xe5, 0x10, 0xc5, 0x10, 0xc4, 0x10, 0xc5, 0x10, 0xc5, 0x10, 0xc4, 0x08,
    0xe5, 0x10, 0xc5, 0x10, 0xc5, 0x10, 0xc4, 0x10, 0xc5, 0x08, 0xc5, 0x10,
    0xe5, 0x10, 0xc5, 0x10, 0xc5, 0x10, 0xc5, 0x10, 0xc4, 0x10, 0xc5, 0x10,
    0xc5, 0x10, 0xc5, 0x10, 0xe5, 0x10, 0xc4, 0x10, 0xc5, 0x10, 0xc4, 0x10,
    0xc5, 0x10, 0xc5, 0x10, 0xe5, 0x10, 0xc5, 0x08, 0xc4, 0x10, 0xe5, 0x10,
    0xc5, 0x10, 0xc4, 0x10, 0xc5, 0x08, 0xc4, 0x10, 0xc5, 0x10, 0xc5, 0x10,
    0xe4, 0x10, 0xc5, 0x10, 0xc5, 0x10, 0xc5, 0x10, 0xc4, 0x08, 0xc5, 0x10,
    0xe5, 0x10, 0xc4, 0x10, 0xc5, 0x10, 0xe4, 0x08, 0xc4, 0x10, 0xc5, 0x10,
    0xc5, 0x10, 0xc5, 0x10, 0xe5, 0x10, 0xc5, 0x08, 0xc5, 0x10, 0xe4, 0x10,
    0xc5, 0x10, 0xc5, 0x10, 0xc4, 0x10, 0xe5, 0x10, 0xc5, 0x10, 0xe5, 0x10,
    0xaf, 0x73, 0xff, 0xff, 0xff, 0xff, 0xff, 0xff, 0x11, 0x7c, 0xc5, 0x10,
    0xc5, 0x10, 0xe5, 0x10, 0x35, 0x3c, 0x9b, 0x55, 0x9c, 0x55, 0x9c, 0x55,
    0x9b, 0x55, 0x9c, 0x55, 0x9c, 0x55, 0x9c, 0x55, 0xbc, 0x55, 0xbb, 0x55,
    0x9c, 0x55, 0x9c, 0x55, 0xbc, 0x55, 0x9c, 0x55, 0x9c, 0x55, 0x9c, 0x55,
    0x9c, 0x55, 0x9c, 0x55, 0x7b, 0x4d, 0x8d, 0x2a, 0xc5, 0x10, 0xc5, 0x10,
    0xe5, 0x10, 0x10, 0x7c, 0xff, 0xff, 0xdf, 0xff, 0x6f, 0x6b, 0x39, 0xc6,
    0xff, 0xff, 0xff, 0xff, 0xff, 0xff, 0xff, 0xff, 0xff, 0xff, 0xff, 0xff,
    0xff, 0xff, 0xff, 0xff, 0xff, 0xff, 0xff, 0xff, 0xff, 0xff, 0xff, 0xff,
    0xff, 0xff, 0xff, 0xff, 0xff, 0xff, 0xff, 0xff, 0xd8, 0xb5, 0x06, 0x19,
    0xc5, 0x10, 0xc4, 0x10, 0xc5, 0x10, 0xe9, 0x31, 0xbe, 0xff, 0xff, 0xff,
    0x9b, 0xd6, 0xe5, 0x10, 0xe5, 0x10, 0xc5, 0x10, 0xc5, 0x10, 0xc5, 0x10,
    0xe5, 0x10, 0xe5, 0x10, 0xc5, 0x10, 0xe5, 0x10, 0xc5, 0x10, 0xe5, 0x10,
    0xe5, 0x10, 0xc5, 0x10, 0xc5, 0x10, 0xc5, 0x10, 0xea, 0x21, 0x5a, 0x4d,
    0x9c, 0x55, 0x9b, 0x55, 0x9b, 0x55, 0x35, 0x44, 0xc5, 0x10, 0xe5, 0x10,
    0xc5, 0x10, 0xe5, 0x10, 0xe5, 0x10, 0xc5, 0x10, 0xc5, 0x10, 0xe5, 0x10,
    0xc5, 0x10, 0xc5, 0x10, 0xe5, 0x10, 0xe5, 0x10, 0xc5, 0x10, 0xe5, 0x10,
    0xc5, 0x10, 0xc4, 0x10, 0xc5, 0x10, 0xab, 0x4a, 0xbe, 0xf7, 0xff, 0xff,
    0x59, 0xce, 0x26, 0x19, 0x11, 0x7c, 0xff, 0xff, 0xff, 0xff, 0xff, 0xff,
    0xff, 0xff, 0xff, 0xff, 0x8f, 0x6b, 0xc5, 0x10, 0xe5, 0x10, 0xc5, 0x10,
    0xc5, 0x10, 0xc5, 0x08, 0xc5, 0x10, 0xc4, 0x10, 0xe5, 0x10, 0x09, 0x3a,
    0xbe, 0xf7, 0xff, 0xff, 0xff, 0xff, 0xff, 0xff, 0xff, 0xff, 0xff, 0xff,
    0xff, 0xff, 0xff, 0xff, 0x5a, 0xce, 0x06, 0x19, 0xc5, 0x10, 0xc5, 0x10,
    0xe4, 0x10, 0xc5, 0x10, 0xc4, 0x10, 0xc5, 0x10, 0xe5, 0x10, 0x05, 0x19,
    0x18, 0xc6, 0xff, 0xff, 0xff, 0xff, 0xff, 0xff, 0x5d, 0xef, 0xac, 0x52,
    0xe5, 0x10, 0xc8, 0x31, 0x7a, 0xce, 0xff, 0xff, 0xff, 0xff, 0xff, 0xff,
    0x1c, 0xe7, 0xab, 0x4a, 0xe5, 0x10, 0xc5, 0x10, 0xc5, 0x10, 0xc4, 0x10,
    0xc4, 0x10, 0xc5, 0x08, 0xe5, 0x10, 0xc4, 0x10, 0xc5, 0x08, 0xc5, 0x10,
    0xe5, 0x10, 0xc5, 0x08, 0xe5, 0x10, 0xc5, 0x10, 0xc4, 0x10, 0xc5, 0x10,
    0xe5, 0x10, 0xc5, 0x10, 0xc5, 0x10, 0xc5, 0x10, 0xc5, 0x10, 0xe4, 0x10,
    0xe5, 0x10, 0xc5, 0x10, 0xc5, 0x10, 0xc5, 0x10, 0xc5, 0x08, 0xe5, 0x10,
    0xc5, 0x10, 0xc5, 0x10, 0xc5, 0x08, 0xe5, 0x10, 0xc5, 0x10, 0xc4, 0x10,
    0xc5, 0x10, 0xc5, 0x08, 0xc5, 0x10, 0xc5, 0x10, 0xe5, 0x10, 0xe4, 0x10,
    0xc4, 0x10, 0xc5, 0x08, 0xc5, 0x10, 0xe4, 0x10, 0xc5, 0x10, 0xc5, 0x08,
    0xe5, 0x10, 0xe4, 0x10, 0xc4, 0x10, 0xe5, 0x10, 0xc5, 0x10, 0xc5, 0x08,
    0xc5, 0x10, 0xc4, 0x10, 0xc5, 0x10, 0xe5, 0x10, 0xc4, 0x10, 0xc5, 0x10,
    0xc4, 0x08, 0xe5, 0x10, 0xe5, 0x10, 0xc5, 0x10, 0xc4, 0x10, 0xc5, 0x08,
    0xc5, 0x10, 0xc5, 0x10, 0xc5, 0x10, 0xe5, 0x10, 0xc5, 0x10, 0xc5, 0x10,
    0xc5, 0x10, 0xc5, 0x08, 0xc5, 0x10, 0xe5, 0x10, 0xc5, 0x10, 0xe5, 0x10,
    0xc4, 0x08, 0xc5, 0x10, 0xc4, 0x10, 0xc4, 0x10, 0xe5, 0x10, 0xc5, 0x08,
    0xc5, 0x10, 0xc4, 0x10, 0xe5, 0x10, 0xc5, 0x10, 0xc5, 0x10, 0x46, 0x19,
    0x59, 0xc6, 0xff, 0xff, 0xff, 0xff, 0x3d, 0xef, 0xc8, 0x31, 0xc5, 0x10,
    0xc5, 0x10, 0xa9, 0x19, 0x7b, 0x55, 0x9c, 0x55, 0x9c, 0x55, 0x9c, 0x55,
    0x9c, 0x55, 0xbc, 0x55, 0x9c, 0x55, 0x9c, 0x55, 0x9b, 0x55, 0x9c, 0x55,
    0xbc, 0x55, 0x9c, 0x55, 0x9c, 0x55, 0x9c, 0x55, 0x9b, 0x55, 0x9b, 0x55,
    0x9c, 0x55, 0x9b, 0x55, 0x97, 0x44, 0x26, 0x11, 0xc5, 0x10, 0xc5, 0x10,
    0x67, 0x21, 0xdb, 0xde, 0xff, 0xff, 0xff, 0xff, 0x1c, 0xe7, 0xff, 0xff,
    0xff, 0xff, 0xff, 0xff, 0xff, 0xff, 0xff, 0xff, 0xff, 0xff, 0xff, 0xff,
    0xff, 0xff, 0xff, 0xff, 0xff, 0xff, 0xff, 0xff, 0xff, 0xff, 0xff, 0xff,
    0xff, 0xff, 0xff, 0xff, 0xff, 0xff, 0x3c, 0xe7, 0x2a, 0x42, 0xc5, 0x10,
    0xc4, 0x10, 0xe5, 0x10, 0xe5, 0x10, 0x26, 0x19, 0x9a, 0xce, 0xff, 0xff,
    0xbe, 0xf7, 0xc8, 0x31, 0xc5, 0x10, 0xe5, 0x10, 0xc4, 0x10, 0xc9, 0x19,
    0xb2, 0x3b, 0xd3, 0x3b, 0xf4, 0x3b, 0xf4, 0x3b, 0xf4, 0x3b, 0xf4, 0x3b,
    0xf4, 0x3b, 0x14, 0x3c, 0x14, 0x3c, 0x35, 0x3c, 0x97, 0x44, 0x7b, 0x55,
    0x9c, 0x55, 0x9c, 0x55, 0x9c, 0x55, 0x5a, 0x4d, 0x14, 0x3c, 0xf4, 0x3b,
    0x14, 0x3c, 0x14, 0x3c, 0xf4, 0x3b, 0x14, 0x3c, 0x14, 0x3c, 0xf4, 0x3b,
    0x14, 0x3c, 0x14, 0x3c, 0x14, 0x3c, 0xf4, 0x3b, 0x10, 0x33, 0xe5, 0x10,
    0xc5, 0x10, 0xe4, 0x10, 0xc5, 0x08, 0x87, 0x29, 0xfc, 0xde, 0xff, 0xff,
    0x5d, 0xef, 0xe9, 0x39, 0x6b, 0x42, 0xbe, 0xf7, 0xff, 0xff, 0xff, 0xff,
    0xff, 0xff, 0xff, 0xff, 0x8f, 0x6b, 0xc5, 0x10, 0xc5, 0x10, 0xc4, 0x10,
    0xe4, 0x10, 0xc5, 0x10, 0xe5, 0x10, 0xc5, 0x10, 0xc5, 0x10, 0x09, 0x3a,
    0x9e, 0xf7, 0xff, 0xff, 0xff, 0xff, 0xff, 0xff, 0xff, 0xff, 0xff, 0xff,
    0xff, 0xff, 0xff, 0xff, 0x5a, 0xce, 0x05, 0x19, 0xc5, 0x10, 0xc5, 0x10,
    0xe5, 0x10, 0xc5, 0x10, 0xc5, 0x10, 0xe5, 0x08, 0xc5, 0x10, 0x05, 0x19,
    0x39, 0xc6, 0xff, 0xff, 0xff, 0xff, 0xff, 0xff, 0xff, 0xff, 0x7e, 0xef,
    0xed, 0x5a, 0xe5, 0x10, 0xa8, 0x29, 0x19, 0xc6, 0xff, 0xff, 0xff, 0xff,
    0xff, 0xff, 0x1d, 0xe7, 0xcc, 0x52, 0xc5, 0x10, 0xc5, 0x10, 0xc5, 0x10,
    0xc5, 0x10, 0xe5, 0x10, 0xc4, 0x10, 0xc5, 0x10, 0xc5, 0x10, 0xc5, 0x10,
    0xe5, 0x10, 0xc4, 0x10, 0xc4, 0x10, 0xe5, 0x08, 0xe5, 0x10, 0xc4, 0x10,
    0xc5, 0x10, 0xc5, 0x08, 0xc5, 0x10, 0xe5, 0x10, 0xc4, 0x10, 0xc5, 0x10,
    0xc4, 0x10, 0xc4, 0x08, 0xc5, 0x10, 0xe5, 0x10, 0xe4, 0x10, 0xc4, 0x10,
    0xc5, 0x10, 0xc5, 0x10, 0xc4, 0x10, 0xe5, 0x10, 0xc5, 0x10, 0xc5, 0x10,
    0xe5, 0x10, 0xc5, 0x10, 0xe4, 0x10, 0xc5, 0x10, 0xc5, 0x10, 0xc5, 0x10,
    0xc5, 0x10, 0xe5, 0x10, 0xc4, 0x10, 0xc5, 0x10, 0xc5, 0x10, 0xc5, 0x10,
    0xc4, 0x10, 0xc5, 0x10, 0xc5, 0x08, 0xc5, 0x10, 0xe5, 0x10, 0xc5, 0x10,
    0xc5, 0x10, 0xc5, 0x10, 0xe4, 0x10, 0xc5, 0x10, 0xc5, 0x10, 0xc5, 0x10,
    0xc5, 0x10, 0xc5, 0x10, 0xc5, 0x10, 0xc4, 0x10, 0xe5, 0x10, 0xc5, 0x10,
    0xc4, 0x10, 0xe5, 0x08, 0xe4, 0x10, 0xc4, 0x10, 0xc5, 0x10, 0xe5, 0x10,
    0xe4, 0x10, 0xc4, 0x10, 0xc5, 0x10, 0xc5, 0x10, 0xc5, 0x10, 0xc5, 0x10,
    0xe4, 0x10, 0xc5, 0x10, 0xc5, 0x10, 0xe5, 0x10, 0xc5, 0x10, 0xc5, 0x10,
    0xc4, 0x10, 0xe5, 0x10, 0xc5, 0x08, 0xc4, 0x10, 0xe5, 0x10, 0xac, 0x52,
    0xbe, 0xf7, 0xff, 0xff, 0xff, 0xff, 0x56, 0xad, 0xe5, 0x10, 0xc5, 0x10,
    0xe5, 0x10, 0x71, 0x33, 0x9b, 0x55, 0x9b, 0x55, 0x9c, 0x55, 0x9c, 0x55,
    0xbb, 0x55, 0x9c, 0x55, 0x9c, 0x55, 0xbb, 0x55, 0x9c, 0x55, 0x9c, 0x55,
    0x9c, 0x55, 0x9b, 0x55, 0x9b, 0x55, 0xbc, 0x55, 0x9c, 0x55, 0xbc, 0x55,
    0x9b, 0x55, 0x9b, 0x55, 0x0f, 0x2b, 0xc5, 0x10, 0xc5, 0x10, 0xc5, 0x10,
    0x6e, 0x6b, 0xff, 0xff, 0xff, 0xff, 0xff, 0xff, 0xff, 0xff, 0xff, 0xff,
    0xff, 0xff, 0xff, 0xff, 0xff, 0xff, 0xff, 0xff, 0xff, 0xff, 0xff, 0xff,
    0xff, 0xff, 0xff, 0xff, 0xff, 0xff, 0xff, 0xff, 0xff, 0xff, 0xff, 0xff,
    0xff, 0xff, 0xff, 0xff, 0xbf, 0xff, 0xaf, 0x73, 0xe5, 0x10, 0xc5, 0x10,
    0xc5, 0x10, 0xc5, 0x10, 0xc5, 0x10, 0xe5, 0x10, 0xd4, 0x94, 0xff, 0xff,
    0xff, 0xff, 0x6f, 0x6b, 0xc5, 0x10, 0xc4, 0x10, 0xe5, 0x10, 0xa9, 0x19,
    0x5b, 0x4d, 0x9b, 0x55, 0x9b, 0x55, 0x9b, 0x55, 0x9b, 0x55, 0x9b, 0x55,
    0x9b, 0x55, 0x9b, 0x55, 0x9b, 0x55, 0x9b, 0x55, 0x9b, 0x55, 0x9c, 0x55,
    0x9b, 0x55, 0x9c, 0x55, 0x9b, 0x55, 0x9b, 0x55, 0x9b, 0x55, 0x9c, 0x55,
    0x9b, 0x55, 0x9b, 0x55, 0x9c, 0x55, 0x9b, 0x55, 0x9b, 0x55, 0x9c, 0x55,
    0x9b, 0x55, 0x9b, 0x55, 0x9c, 0x55, 0x7b, 0x55, 0xf9, 0x4c, 0x27, 0x11,
    0xc5, 0x10, 0xc5, 0x10, 0xe5, 0x10, 0xe5, 0x10, 0xb7, 0xb5, 0xff, 0xff,
    0xff, 0xff, 0x6e, 0x6b, 0x67, 0x21, 0xbb, 0xd6, 0xff, 0xff, 0xff, 0xff,
    0xff, 0xff, 0xff, 0xff, 0x8f, 0x6b, 0xc5, 0x10, 0xe5, 0x10, 0xc5, 0x10,
    0xc5, 0x10, 0xe4, 0x10, 0xc5, 0x10, 0xe5, 0x10, 0xe5, 0x10, 0x29, 0x3a,
    0xbe, 0xf7, 0xff, 0xff, 0xff, 0xff, 0xff, 0xff, 0xff, 0xff, 0xff, 0xff,
    0xff, 0xff, 0xff, 0xff, 0x5a, 0xce, 0x05, 0x19, 0xe5, 0x10, 0xc5, 0x10,
    0xc4, 0x08, 0xc5, 0x10, 0xc5, 0x10, 0xc4, 0x10, 0xc5, 0x10, 0x06, 0x19,
    0x39, 0xc6, 0xff, 0xff, 0xff, 0xff, 0xff, 0xff, 0xff, 0xff, 0xff, 0xff,
    0x9e, 0xf7, 0x0d, 0x5b, 0xe5, 0x10, 0x67, 0x29, 0xf8, 0xbd, 0xff, 0xff,
    0xff, 0xff, 0xff, 0xff, 0x1c, 0xe7, 0xac, 0x52, 0xe5, 0x10, 0xc5, 0x10,
    0xc5, 0x10, 0xe4, 0x10, 0xc5, 0x10, 0xc5, 0x10, 0xe5, 0x10, 0xc4, 0x10,
    0xc5, 0x10, 0xc5, 0x10, 0xc5, 0x10, 0xc5, 0x10, 0xc5, 0x10, 0xc5, 0x10,
    0xe4, 0x10, 0xc5, 0x10, 0xc4, 0x10, 0xe4, 0x10, 0xc5, 0x08, 0xc5, 0x10,
    0xc5, 0x10, 0xc5, 0x10, 0xe5, 0x10, 0xc4, 0x10, 0xc5, 0x10, 0xc5, 0x10,
    0xe5, 0x08, 0xe4, 0x10, 0xc5, 0x10, 0xc5, 0x10, 0xc4, 0x08, 0xc4, 0x10,
    0xe5, 0x10, 0xc5, 0x10, 0xc4, 0x10, 0xe5, 0x10, 0xc5, 0x08, 0xc4, 0x10,
    0xc5, 0x10, 0xc4, 0x10, 0xe5, 0x10, 0xc5, 0x08, 0xe5, 0x10, 0xc4, 0x10,
    0xe5, 0x10, 0xc5, 0x10, 0xc5, 0x10, 0xc5, 0x10, 0xc4, 0x10, 0xc4, 0x10,
    0xc5, 0x10, 0xc5, 0x10, 0xc5, 0x10, 0xc5, 0x08, 0xc4, 0x10, 0xe5, 0x10,
    0xc5, 0x10, 0xe4, 0x10, 0xc5, 0x10, 0xc5, 0x08, 0xc5, 0x10, 0xe5, 0x10,
    0xc5, 0x10, 0xc5, 0x10, 0xc5, 0x10, 0xc5, 0x10, 0xc5, 0x08, 0xc4, 0x10,
    0xc5, 0x10, 0xe5, 0x10, 0xc5, 0x10, 0xe4, 0x10, 0xc4, 0x10, 0xc5, 0x08,
    0xc5, 0x10, 0xc5, 0x10, 0xe5, 0x10, 0xc5, 0x08, 0xc5, 0x10, 0xc4, 0x10,
    0xe5, 0x10, 0xc5, 0x10, 0xc5, 0x10, 0xc5, 0x10, 0xe5, 0x10, 0x55, 0xa5,
    0xff, 0xff, 0xff, 0xff, 0xbe, 0xf7, 0xac, 0x52, 0xc5, 0x10, 0xc5, 0x10,
    0x47, 0x11, 0xf9, 0x4c, 0x9b, 0x55, 0x9c, 0x55, 0x9c, 0x55, 0x9b, 0x55,
    0xbc, 0x55, 0x9b, 0x55, 0x9c, 0x55, 0x9c, 0x55, 0xbc, 0x55, 0x9c, 0x55,
    0x9b, 0x55, 0x9c, 0x55, 0xbc, 0x55, 0x9c, 0x55, 0x9b, 0x55, 0x9c, 0x55,
    0x9c, 0x55, 0x19, 0x4d, 0xa9, 0x19, 0xc5, 0x10, 0xc5, 0x10, 0x26, 0x19,
    0x18, 0xc6, 0xff, 0xff, 0xff, 0xff, 0xff, 0xff, 0xff, 0xff, 0xff, 0xff,
    0xff, 0xff, 0xff, 0xff, 0xff, 0xff, 0xff, 0xff, 0xff, 0xff, 0xff, 0xff,
    0xff, 0xff, 0xff, 0xff, 0xff, 0xff, 0xff, 0xff, 0xff, 0xff, 0xff, 0xff,
    0xff, 0xff, 0xff, 0xff, 0xf4, 0x9c, 0x06, 0x19, 0xc5, 0x10, 0xe5, 0x10,
    0xc5, 0x10, 0xc4, 0x10, 0xc5, 0x10, 0xe5, 0x10, 0xed, 0x5a, 0xff, 0xff,
    0xff, 0xff, 0x76, 0xad, 0xc5, 0x10, 0xc5, 0x10, 0xc5, 0x10, 0xe5, 0x10,
    0xd8, 0x4c, 0x9c, 0x55, 0x9c, 0x55, 0x9c, 0x55, 0x9c, 0x55, 0x9c, 0x55,
    0x9c, 0x55, 0x9c, 0x55, 0x9c, 0x55, 0x9c, 0x55, 0x9c, 0x55, 0x9c, 0x55,
    0x9c, 0x55, 0x9c, 0x55, 0x9c, 0x55, 0x9c, 0x55, 0x9c, 0x55, 0x9c, 0x55,
    0x9c, 0x55, 0x9c, 0x55, 0x9c, 0x55, 0x9c, 0x55, 0x9c, 0x55, 0x9c, 0x55,
    0x9c, 0x55, 0x9c, 0x55, 0x9c, 0x55, 0x9c, 0x55, 0x9b, 0x55, 0xea, 0x21,
    0xc5, 0x10, 0xe5, 0x10, 0xc5, 0x10, 0xc5, 0x10, 0xd0, 0x73, 0xff, 0xff,
    0xff, 0xff, 0x35, 0xa5, 0xe5, 0x10, 0x56, 0xad, 0xff, 0xff, 0xff, 0xff,
    0xff, 0xff, 0xff, 0xff, 0x8f, 0x6b, 0xc5, 0x10, 0xc4, 0x10, 0xc5, 0x10,
    0xc5, 0x10, 0xc5, 0x08, 0xc4, 0x10, 0xc5, 0x10, 0xe5, 0x10, 0x2a, 0x3a,
    0x9e, 0xf7, 0xff, 0xff, 0xff, 0xff, 0xff, 0xff, 0xff, 0xff, 0xff, 0xff,
    0xff, 0xff, 0xff, 0xff, 0x5a, 0xce, 0x05, 0x19, 0xc5, 0x10, 0xc5, 0x10,
    0xe5, 0x10, 0xc5, 0x10, 0xc4, 0x10, 0xe5, 0x10, 0xc5, 0x10, 0x25, 0x19,
    0x39, 0xc6, 0xff, 0xff, 0xff, 0xff, 0xff, 0xff, 0xff, 0xff, 0xff, 0xff,
    0xff, 0xff, 0x9e, 0xf7, 0x0d, 0x5b, 0xe5, 0x10, 0x87, 0x29, 0xf8, 0xbd,
    0xdf, 0xff, 0xff, 0xff, 0xff, 0xff, 0x1c, 0xe7, 0x8b, 0x4a, 0xc5, 0x10,
    0xc4, 0x10, 0xc5, 0x10, 0xc5, 0x10, 0xe5, 0x08, 0xc4, 0x10, 0xc5, 0x10,
    0xc4, 0x08, 0xe5, 0x10, 0xc5, 0x10, 0xc5, 0x10, 0xc4, 0x10, 0xc5, 0x10,
    0xc5, 0x08, 0xe5, 0x10, 0xc5, 0x10, 0xc5, 0x10, 0xc5, 0x10, 0xe5, 0x10,
    0xe5, 0x10, 0xc5, 0x10, 0xc5, 0x10, 0xc5, 0x08, 0xc5, 0x10, 0xc5, 0x10,
    0xc4, 0x10, 0xc5, 0x10, 0xc5, 0x10, 0xe5, 0x10, 0xe5, 0x10, 0xc5, 0x10,
    0xc4, 0x10, 0xc5, 0x08, 0xc5, 0x10, 0xc5, 0x10, 0xc4, 0x10, 0xe5, 0x10,
    0xc5, 0x08, 0xc5, 0x10, 0xc5, 0x10, 0xc5, 0x10, 0xc5, 0x10, 0xe4, 0x08,
    0xc5, 0x10, 0xc5, 0x10, 0xc5, 0x10, 0xe4, 0x10, 0xc5, 0x10, 0xc5, 0x08,
    0xc5, 0x10, 0xc4, 0x10, 0xe5, 0x10, 0xc5, 0x10, 0xc5, 0x10, 0xe4, 0x10,
    0xc5, 0x08, 0xc5, 0x10, 0xe5, 0x10, 0xe4, 0x10, 0xc5, 0x10, 0xc5, 0x10,
    0xe4, 0x10, 0xc5, 0x10, 0xc5, 0x10, 0xc5, 0x10, 0xe5, 0x10, 0xc5, 0x10,
    0xc5, 0x10, 0xc5, 0x08, 0xc5, 0x10, 0xc5, 0x10, 0xe5, 0x10, 0xc5, 0x10,
    0xc4, 0x10, 0xe5, 0x10, 0xc5, 0x10, 0xc4, 0x10, 0xc4, 0x10, 0xe5, 0x10,
    0xc5, 0x08, 0xc5, 0x10, 0xc4, 0x10, 0xc5, 0x10, 0xe9, 0x31, 0x3d, 0xe7,
    0xff, 0xff, 0xff, 0xff, 0x59, 0xce, 0x26, 0x19, 0xc5, 0x10, 0xc5, 0x10,
    0x8d, 0x2a, 0x9b, 0x55, 0x9c, 0x55, 0x9c, 0x55, 0xbc, 0x55, 0x9c, 0x55,
    0x9c, 0x55, 0x9c, 0x55, 0x9c, 0x55, 0xbc, 0x55, 0x9b, 0x55, 0x9c, 0x55,
    0xbc, 0x55, 0xbc, 0x55, 0x9c, 0x55, 0x9b, 0x55, 0x9c, 0x55, 0x9c, 0x55,
    0x9b, 0x55, 0x35, 0x3c, 0xe5, 0x10, 0xc5, 0x10, 0xc5, 0x10, 0x6a, 0x42,
    0xbf, 0xf7, 0xff, 0xff, 0xff, 0xff, 0xff, 0xff, 0xff, 0xff, 0xff, 0xff,
    0xff, 0xff, 0xff, 0xff, 0xff, 0xff, 0xff, 0xff, 0xff, 0xff, 0xff, 0xff,
    0xff, 0xff, 0xff, 0xff, 0xff, 0xff, 0xff, 0xff, 0xff, 0xff, 0xff, 0xff,
    0xff, 0xff, 0xbe, 0xf7, 0xd4, 0x94, 0x73, 0x8c, 0xf4, 0x9c, 0xd4, 0x94,
    0xc8, 0x31, 0xc5, 0x10, 0xe4, 0x10, 0xc5, 0x10, 0x87, 0x21, 0x7d, 0xef,
    0xff, 0xff, 0x3d, 0xe7, 0x06, 0x19, 0xc5, 0x10, 0xc5, 0x10, 0xe5, 0x10,
    0xb2, 0x33, 0x9b, 0x55, 0x9c, 0x55, 0x9c, 0x55, 0x9c, 0x55, 0x9c, 0x55,
    0x9c, 0x55, 0x9c, 0x55, 0x9b, 0x55, 0x9c, 0x55, 0x9c, 0x55, 0x9b, 0x55,
    0x9c, 0x55, 0x9c, 0x55, 0x9b, 0x55, 0x9c, 0x55, 0x9c, 0x55, 0x9c, 0x55,
    0x9c, 0x55, 0x9c, 0x55, 0x9b, 0x55, 0x9c, 0x55, 0x9c, 0x55, 0x9b, 0x55,
    0x9c, 0x55, 0x9c, 0x55, 0x9c, 0x55, 0x9b, 0x55, 0x9b, 0x55, 0x10, 0x33,
    0xc5, 0x10, 0xc4, 0x10, 0xc5, 0x08, 0xc4, 0x10, 0x4a, 0x42, 0x7e, 0xef,
    0xff, 0xff, 0xbb, 0xd6, 0x47, 0x21, 0x8f, 0x6b, 0xff, 0xff, 0xff, 0xff,
    0xff, 0xff, 0xff, 0xff, 0x6f, 0x6b, 0xc5, 0x10, 0xe5, 0x10, 0xc4, 0x10,
    0xe5, 0x10, 0xc5, 0x10, 0xc5, 0x10, 0xc4, 0x08, 0xe5, 0x10, 0x2a, 0x3a,
    0x9e, 0xf7, 0xff, 0xff, 0xff, 0xff, 0xff, 0xff, 0xff, 0xff, 0xff, 0xff,
    0xff, 0xff, 0xff, 0xff, 0x5a, 0xce, 0x05, 0x19, 0xc5, 0x10, 0xc5, 0x10,
    0xc4, 0x10, 0xe5, 0x10, 0xe5, 0x10, 0xc5, 0x08, 0xc5, 0x10, 0x25, 0x19,
    0x59, 0xc6, 0xff, 0xff, 0xff, 0xff, 0xff, 0xff, 0xff, 0xff, 0xff, 0xff,
    0xff, 0xff, 0xff, 0xff, 0xfc, 0xde, 0x46, 0x21, 0xe5, 0x10, 0x87, 0x29,
    0xf8, 0xbd, 0xff, 0xff, 0xff, 0xff, 0xff, 0xff, 0xfc, 0xde, 0x6b, 0x42,
    0xc5, 0x10, 0xc5, 0x10, 0xe5, 0x10, 0xc4, 0x10, 0xc5, 0x10, 0xc5, 0x10,
    0xe5, 0x10, 0xc4, 0x10, 0xc5, 0x10, 0xe5, 0x08, 0xe4, 0x10, 0xc5, 0x10,
    0xe5, 0x10, 0xc5, 0x10, 0xc4, 0x08, 0xe5, 0x10, 0xc5, 0x10, 0xc5, 0x08,
    0xc4, 0x10, 0xc4, 0x10, 0xe5, 0x10, 0xc5, 0x10, 0xc4, 0x10, 0xe5, 0x10,
    0xc5, 0x10, 0xc5, 0x10, 0xc5, 0x08, 0xc4, 0x10, 0xc5, 0x10, 0xc5, 0x10,
    0xc5, 0x10, 0xc5, 0x10, 0xe4, 0x10, 0xc5, 0x10, 0xc5, 0x10, 0xc4, 0x10,
    0xe5, 0x10, 0xe5, 0x10, 0xc4, 0x10, 0xc4, 0x10, 0xc5, 0x10, 0xc5, 0x10,
    0xc5, 0x10, 0xc5, 0x10, 0xe4, 0x08, 0xc5, 0x10, 0xe5, 0x10, 0xc5, 0x10,
    0xc5, 0x10, 0xc5, 0x10, 0xc4, 0x10, 0xe5, 0x10, 0xc4, 0x10, 0xc5, 0x10,
    0xc5, 0x10, 0xc5, 0x10, 0xc4, 0x08, 0xc5, 0x10, 0xc5, 0x10, 0xc4, 0x10,
    0xc5, 0x08, 0xc5, 0x10, 0xe4, 0x10, 0xc4, 0x08, 0xc5, 0x10, 0xe4, 0x10,
    0xc5, 0x10, 0xc5, 0x10, 0xc4, 0x10, 0xc5, 0x08, 0xc5, 0x10, 0xc5, 0x10,
    0xe5, 0x10, 0xc4, 0x08, 0xc5, 0x10, 0xc5, 0x10, 0xe5, 0x10, 0xc5, 0x10,
    0xc5, 0x10, 0xe5, 0x10, 0xe4, 0x10, 0xe5, 0x10, 0x31, 0x84, 0xff, 0xff,
    0xff, 0xff, 0xff, 0xff, 0xd0, 0x73, 0xe5, 0x10, 0xc5, 0x10, 0x06, 0x11,
    0x55, 0x44, 0x7b, 0x55, 0x9c, 0x55, 0x9c, 0x55, 0x9b, 0x55, 0x9c, 0x55,
    0x9c, 0x55, 0xbc, 0x55, 0x9c, 0x55, 0x9b, 0x55, 0x9c, 0x55, 0x9c, 0x55,
    0x9b, 0x55, 0x9c, 0x55, 0x9c, 0x55, 0x9c, 0x55, 0x9c, 0x55, 0x9b, 0x55,
    0x9b, 0x55, 0xae, 0x2a, 0xc5, 0x10, 0xc5, 0x10, 0xe5, 0x10, 0xd3, 0x94,
    0xff, 0xff, 0xff, 0xff, 0xff, 0xff, 0xff, 0xff, 0xff, 0xff, 0xff, 0xff,
    0xff, 0xff, 0xff, 0xff, 0xff, 0xff, 0xff, 0xff, 0xff, 0xff, 0xff, 0xff,
    0xff, 0xff, 0xff, 0xff, 0xff, 0xff, 0xff, 0xff, 0xff, 0xff, 0xff, 0xff,
    0xff, 0xff, 0xff, 0xff, 0xff, 0xff, 0xff, 0xff, 0xff, 0xff, 0xff, 0xff,
    0x93, 0x8c, 0xc5, 0x10, 0xc5, 0x10, 0xc4, 0x10, 0x06, 0x19, 0x18, 0xbe,
    0xff, 0xff, 0xdf, 0xff, 0x4b, 0x42, 0xe5, 0x10, 0xc4, 0x10, 0xc4, 0x10,
    0x2b, 0x22, 0x97, 0x44, 0x97, 0x44, 0xb7, 0x44, 0x97, 0x44, 0xb7, 0x44,
    0xb7, 0x44, 0x97, 0x4c, 0x97, 0x44, 0xb7, 0x44, 0xb7, 0x44, 0x97, 0x44,
    0xb7, 0x4c, 0x97, 0x44, 0x97, 0x44, 0xb7, 0x44, 0xb7, 0x44, 0x97, 0x4c,
    0x97, 0x44, 0x97, 0x44, 0x97, 0x44, 0x97, 0x44, 0x97, 0x44, 0x97, 0x44,
    0x76, 0x44, 0x76, 0x44, 0x76, 0x44, 0x55, 0x44, 0x35, 0x3c, 0xef, 0x2a,
    0xe5, 0x10, 0xc5, 0x10, 0xc5, 0x10, 0xe5, 0x10, 0x46, 0x19, 0x9a, 0xd6,
    0xff, 0xff, 0x9e, 0xf7, 0x4a, 0x42, 0x09, 0x3a, 0x9e, 0xf7, 0xff, 0xff,
    0xff, 0xff, 0xff, 0xff, 0x6f, 0x6b, 0xc5, 0x10, 0xc5, 0x10, 0xc5, 0x10,
    0xc5, 0x08, 0xe4, 0x10, 0xc5, 0x10, 0xe5, 0x10, 0xe5, 0x10, 0x29, 0x3a,
    0x9e, 0xf7, 0xff, 0xff, 0xff, 0xff, 0xff, 0xff, 0xff, 0xff, 0xff, 0xff,
    0xff, 0xff, 0xff, 0xff, 0x5a, 0xce, 0x05, 0x19, 0xe5, 0x10, 0xc5, 0x10,
    0xc5, 0x08, 0xc5, 0x10, 0xc5, 0x10, 0xc4, 0x10, 0xc5, 0x10, 0x26, 0x19,
    0x59, 0xc6, 0xff, 0xff, 0xff, 0xff, 0xff, 0xff, 0xff, 0xff, 0xff, 0xff,
    0xff, 0xff, 0xff, 0xff, 0x3d, 0xe7, 0x67, 0x21, 0xc4, 0x10, 0xe5, 0x10,
    0xa8, 0x29, 0x18, 0xc6, 0xff, 0xff, 0xff, 0xff, 0xff, 0xff, 0xdb, 0xde,
    0x2a, 0x42, 0xc5, 0x10, 0xc5, 0x10, 0xc4, 0x10, 0xc5, 0x10, 0xe5, 0x10,
    0xc5, 0x10, 0xc5, 0x10, 0xc4, 0x10, 0xc5, 0x10, 0xc5, 0x10, 0xc5, 0x10,
    0xc5, 0x10, 0xc4, 0x10, 0xc5, 0x10, 0xc5, 0x10, 0xc4, 0x10, 0xc4, 0x10,
    0xc5, 0x10, 0xc5, 0x08, 0xc5, 0x10, 0xe4, 0x10, 0xc5, 0x10, 0xc5, 0x08,
    0xe5, 0x10, 0xc4, 0x10, 0xe5, 0x10, 0xc5, 0x10, 0xc4, 0x10, 0xc5, 0x08,
    0xe5, 0x10, 0xe5, 0x10, 0xc5, 0x10, 0xe5, 0x08, 0xc5, 0x10, 0xc5, 0x10,
    0xc5, 0x10, 0xc4, 0x10, 0xc5, 0x10, 0xe5, 0x08, 0xe5, 0x10, 0xc4, 0x10,
    0xc5, 0x10, 0xe5, 0x10, 0xc4, 0x10, 0xc5, 0x10, 0xc5, 0x10, 0xe4, 0x10,
    0xc5, 0x10, 0xc5, 0x10, 0xe5, 0x10, 0xc5, 0x08, 0xc5, 0x10, 0xc5, 0x10,
    0xe5, 0x10, 0xc4, 0x10, 0xc5, 0x10, 0xc5, 0x10, 0xc4, 0x10, 0xe5, 0x10,
    0xc5, 0x10, 0xc5, 0x10, 0xc5, 0x10, 0xe5, 0x10, 0xc5, 0x10, 0xc5, 0x10,
    0xe4, 0x08, 0xc5, 0x10, 0xe5, 0x10, 0xe4, 0x10, 0xc5, 0x10, 0xc4, 0x10,
    0xc5, 0x10, 0xc5, 0x10, 0xc4, 0x10, 0xe5, 0x10, 0xc5, 0x08, 0xc5, 0x10,
    0xc4, 0x10, 0xc5, 0x10, 0xc5, 0x10, 0x67, 0x21, 0x9a, 0xce, 0xff, 0xff,
    0xff, 0xff, 0x1c, 0xe7, 0xa8, 0x29, 0xc5, 0x10, 0xc5, 0x10, 0xe9, 0x19,
    0x7b, 0x55, 0x9b, 0x55, 0x9c, 0x55, 0x9c, 0x55, 0x9b, 0x55, 0x9c, 0x55,
    0xbc, 0x55, 0x9b, 0x55, 0xbb, 0x55, 0x9c, 0x55, 0x9c, 0x55, 0xbc, 0x55,
    0x9c, 0x55, 0x9b, 0x55, 0x9c, 0x55, 0x9b, 0x55, 0x7b, 0x4d, 0x7b, 0x4d,
    0x19, 0x4d, 0x88, 0x19, 0xc5, 0x10, 0xc5, 0x10, 0x87, 0x21, 0xdb, 0xde,
    0xff, 0xff, 0xff, 0xff, 0xff, 0xff, 0xff, 0xff, 0xff, 0xff, 0xff, 0xff,
    0xff, 0xff, 0xff, 0xff, 0xff, 0xff, 0xff, 0xff, 0xff, 0xff, 0xff, 0xff,
    0xff, 0xff, 0xff, 0xff, 0xff, 0xff, 0xff, 0xff, 0xff, 0xff, 0xff, 0xff,
    0xff, 0xff, 0xff, 0xff, 0xff, 0xff, 0xff, 0xff, 0xff, 0xff, 0xff, 0xff,
    0x7a, 0xce, 0x06, 0x19, 0xc5, 0x10, 0xe5, 0x10, 0xe5, 0x10, 0x31, 0x84,
    0xff, 0xff, 0xff, 0xff, 0x31, 0x84, 0xc5, 0x10, 0xc5, 0x10, 0xc5, 0x10,
    0xe5, 0x10, 0x06, 0x11, 0xe5, 0x10, 0x05, 0x11, 0x05, 0x11, 0xe5, 0x10,
    0x05, 0x11, 0x05, 0x11, 0xe6, 0x10, 0x05, 0x11, 0xe5, 0x10, 0x06, 0x11,
    0x05, 0x11, 0x05, 0x11, 0x05, 0x11, 0x05, 0x11, 0x05, 0x11, 0xe5, 0x10,
    0x05, 0x11, 0x05, 0x11, 0x05, 0x11, 0x05, 0x11, 0x05, 0x11, 0xe5, 0x10,
    0xe5, 0x10, 0xe5, 0x10, 0xe5, 0x10, 0xe5, 0x10, 0xe5, 0x10, 0xc5, 0x10,
    0xc5, 0x10, 0xc5, 0x10, 0xe4, 0x10, 0xc5, 0x10, 0xe5, 0x10, 0x14, 0x9d,
    0xff, 0xff, 0xff, 0xff, 0xf0, 0x7b, 0x46, 0x21, 0x7a, 0xce, 0xff, 0xff,
    0xff, 0xff, 0xff, 0xff, 0x6f, 0x6b, 0xc5, 0x10, 0xe4, 0x10, 0xc5, 0x10,
    0xc5, 0x10, 0xc4, 0x10, 0xc5, 0x10, 0xc5, 0x10, 0xe5, 0x10, 0x2a, 0x3a,
    0xbe, 0xf7, 0xff, 0xff, 0xff, 0xff, 0xff, 0xff, 0xff, 0xff, 0xff, 0xff,
    0xff, 0xff, 0xff, 0xff, 0x5a, 0xce, 0x05, 0x19, 0xc5, 0x10, 0xe5, 0x10,
    0xc5, 0x10, 0xc5, 0x10, 0xc4, 0x10, 0xc5, 0x10, 0xc5, 0x10, 0x26, 0x19,
    0x59, 0xce, 0xff, 0xff, 0xff, 0xff, 0xff, 0xff, 0xff, 0xff, 0xff, 0xff,
    0xff, 0xff, 0xff, 0xff, 0x3d, 0xe7, 0x47, 0x21, 0xc5, 0x10, 0xc5, 0x10,
    0xe5, 0x10, 0xc8, 0x31, 0x7a, 0xce, 0xff, 0xff, 0xff, 0xff, 0xff, 0xff,
    0x9a, 0xd6, 0xe9, 0x31, 0xc5, 0x10, 0xc5, 0x10, 0xc5, 0x10, 0xe5, 0x10,
    0xc4, 0x08, 0xc5, 0x10, 0xc5, 0x10, 0xe5, 0x10, 0xc5, 0x10, 0xc4, 0x10,
    0xe5, 0x08, 0xc4, 0x10, 0xc5, 0x10, 0xe5, 0x10, 0xc5, 0x10, 0xe5, 0x10,
    0xe5, 0x10, 0xc5, 0x10, 0xe4, 0x10, 0xc5, 0x10, 0xc5, 0x10, 0xe5, 0x10,
    0xc4, 0x10, 0xc5, 0x10, 0xc5, 0x10, 0xe4, 0x10, 0xc5, 0x10, 0xe5, 0x10,
    0xc4, 0x10, 0xc4, 0x10, 0xc5, 0x10, 0xc5, 0x10, 0xe4, 0x10, 0xc5, 0x10,
    0xc5, 0x08, 0xc5, 0x10, 0xc5, 0x10, 0xc5, 0x10, 0xc5, 0x10, 0xc5, 0x10,
    0xe4, 0x08, 0xc5, 0x10, 0xc5, 0x10, 0xc5, 0x10, 0xc5, 0x08, 0xc4, 0x10,
    0xc5, 0x10, 0xc4, 0x10, 0xc5, 0x10, 0xc5, 0x10, 0xc4, 0x10, 0xe5, 0x10,
    0xc5, 0x08, 0xc4, 0x10, 0xe5, 0x10, 0xe5, 0x10, 0xc5, 0x10, 0xc5, 0x08,
    0xe4, 0x10, 0xc4, 0x10, 0xe5, 0x10, 0xc5, 0x10, 0xc4, 0x10, 0xc5, 0x10,
    0xc5, 0x10, 0xc4, 0x10, 0xc5, 0x10, 0xc5, 0x10, 0xe5, 0x10, 0xc5, 0x10,
    0xe4, 0x08, 0xc5, 0x10, 0xc5, 0x10, 0xe5, 0x10, 0xc4, 0x10, 0xc5, 0x10,
    0xe5, 0x10, 0xc4, 0x08, 0xc5, 0x10, 0x0d, 0x5b, 0xdf, 0xff, 0xff, 0xff,
    0xff, 0xff, 0x15, 0xa5, 0xe5, 0x10, 0xc5, 0x10, 0xe5, 0x10, 0x92, 0x33,
    0x9c, 0x55, 0x9c, 0x55, 0x9c, 0x55, 0x9c, 0x55, 0xbc, 0x55, 0xbc, 0x55,
    0x9b, 0x55, 0x9c, 0x55, 0x9c, 0x55, 0x9c, 0x55, 0xbb, 0x55, 0x9c, 0x55,
    0x9c, 0x55, 0x9c, 0x55, 0x9b, 0x55, 0xb7, 0x44, 0x8d, 0x2a, 0x35, 0x44,
    0x35, 0x44, 0xe5, 0x10, 0xc5, 0x10, 0xe5, 0x10, 0xec, 0x5a, 0xdf, 0xff,
    0xff, 0xff, 0xff, 0xff, 0xff, 0xff, 0xff, 0xff, 0xff, 0xff, 0xff, 0xff,
    0xff, 0xff, 0xff, 0xff, 0xff, 0xff, 0xff, 0xff, 0xff, 0xff, 0xff, 0xff,
    0xff, 0xff, 0xff, 0xff, 0xff, 0xff, 0xff, 0xff, 0xff, 0xff, 0xff, 0xff,
    0xff, 0xff, 0xff, 0xff, 0xff, 0xff, 0xff, 0xff, 0xff, 0xff, 0xff, 0xff,
    0x5d, 0xef, 0x09, 0x3a, 0xc5, 0x10, 0xc5, 0x10, 0xc4, 0x10, 0x6a, 0x42,
    0xff, 0xff, 0xff, 0xff, 0x19, 0xbe, 0xc5, 0x10, 0xc5, 0x10, 0xe5, 0x10,
    0xc5, 0x10, 0xe4, 0x10, 0xc5, 0x10, 0xc5, 0x10, 0xc5, 0x10, 0xc5, 0x10,
    0xc5, 0x10, 0xc5, 0x10, 0xe5, 0x10, 0xe5, 0x10, 0xc5, 0x10, 0xc5, 0x10,
    0xc5, 0x10, 0xc5, 0x10, 0xc5, 0x10, 0xc5, 0x10, 0xc5, 0x10, 0xe5, 0x10,
    0xc5, 0x10, 0xc5, 0x10, 0xc5, 0x10, 0xc5, 0x10, 0xe5, 0x10, 0xc5, 0x10,
    0xc5, 0x10, 0xc5, 0x10, 0xe5, 0x10, 0xc5, 0x10, 0xc5, 0x10, 0xc5, 0x10,
    0xc4, 0x10, 0xe5, 0x10, 0xc5, 0x10, 0xc4, 0x10, 0xc5, 0x10, 0x2e, 0x63,
    0xdf, 0xff, 0xff, 0xff, 0xb7, 0xb5, 0xe5, 0x10, 0xd4, 0x94, 0xff, 0xff,
    0xff, 0xff, 0xdf, 0xff, 0x4e, 0x6b, 0xc5, 0x10, 0xe5, 0x10, 0xc4, 0x10,
    0xe5, 0x10, 0xc5, 0x10, 0xc5, 0x10, 0xe5, 0x08, 0xe4, 0x10, 0x2a, 0x42,
    0xbe, 0xf7, 0xff, 0xff, 0xff, 0xff, 0xff, 0xff, 0xff, 0xff, 0xff, 0xff,
    0xff, 0xff, 0xff, 0xff, 0x5a, 0xce, 0x05, 0x19, 0xc5, 0x10, 0xc5, 0x10,
    0xe4, 0x10, 0xc4, 0x10, 0xe5, 0x10, 0xe5, 0x08, 0xc5, 0x10, 0x26, 0x19,
    0x59, 0xc6, 0xff, 0xff, 0xff, 0xff, 0xff, 0xff, 0xff, 0xff, 0xff, 0xff,
    0xff, 0xff, 0xff, 0xff, 0x3d, 0xe7, 0x46, 0x21, 0xc5, 0x10, 0xc5, 0x10,
    0xc5, 0x10, 0xe5, 0x10, 0x09, 0x3a, 0xbb, 0xd6, 0xff, 0xff, 0xff, 0xff,
    0xff, 0xff, 0x59, 0xc6, 0xa8, 0x29, 0xe5, 0x10, 0xc5, 0x10, 0xc5, 0x10,
    0xc4, 0x10, 0xe5, 0x10, 0xe5, 0x10, 0xc4, 0x08, 0xc4, 0x10, 0xc5, 0x10,
    0xe5, 0x10, 0xc5, 0x10, 0xc5, 0x10, 0xe5, 0x10, 0xc4, 0x08, 0xc5, 0x10,
    0xc5, 0x10, 0xc4, 0x10, 0xc5, 0x10, 0xc5, 0x10, 0xc5, 0x08, 0xc4, 0x10,
    0xc5, 0x10, 0xc5, 0x08, 0xc5, 0x10, 0xc5, 0x10, 0xc5, 0x08, 0xc5, 0x10,
    0xc5, 0x10, 0xc5, 0x08, 0xc4, 0x10, 0xc5, 0x10, 0xc5, 0x10, 0xe4, 0x10,
    0xc5, 0x10, 0xe5, 0x10, 0xe4, 0x10, 0xc5, 0x10, 0xc4, 0x10, 0xe5, 0x10,
    0xc5, 0x10, 0xc5, 0x10, 0xc4, 0x10, 0xc5, 0x10, 0xe4, 0x10, 0xc5, 0x10,
    0xc5, 0x10, 0xc5, 0x10, 0xe4, 0x10, 0xc5, 0x10, 0xc4, 0x10, 0xe5, 0x10,
    0xc5, 0x10, 0xc5, 0x10, 0xc5, 0x08, 0xc4, 0x10, 0xc5, 0x10, 0xe5, 0x10,
    0xc5, 0x10, 0xc5, 0x10, 0xc5, 0x10, 0xc4, 0x08, 0xe5, 0x10, 0xc5, 0x10,
    0xc5, 0x10, 0xe5, 0x10, 0xc5, 0x10, 0xc5, 0x08, 0xc4, 0x10, 0xc5, 0x10,
    0xc5, 0x10, 0xe5, 0x10, 0xc5, 0x10, 0xc4, 0x08, 0xc5, 0x10, 0xc4, 0x10,
    0xe5, 0x10, 0xc5, 0x10, 0xe5, 0x10, 0xb7, 0xb5, 0xff, 0xff, 0xff, 0xff,
    0x9e, 0xf7, 0x8b, 0x4a, 0xc5, 0x10, 0xc4, 0x10, 0x47, 0x19, 0xf9, 0x4c,
    0x9b, 0x55, 0x9c, 0x55, 0x9c, 0x55, 0x9b, 0x55, 0x9b, 0x55, 0x9c, 0x55,
    0x9c, 0x55, 0x9c, 0x55, 0x9c, 0x55, 0x9c, 0x55, 0x9c, 0x55, 0x9b, 0x55,
    0x9b, 0x55, 0x5a, 0x4d, 0x92, 0x33, 0x47, 0x19, 0x06, 0x11, 0x77, 0x44,
    0xef, 0x2a, 0xe5, 0x10, 0xc5, 0x10, 0xe5, 0x10, 0x35, 0xa5, 0xff, 0xff,
    0xff, 0xff, 0xff, 0xff, 0xff, 0xff, 0xff, 0xff, 0xff, 0xff, 0xff, 0xff,
    0xff, 0xff, 0xff, 0xff, 0xff, 0xff, 0xff, 0xff, 0xff, 0xff, 0xff, 0xff,
    0xff, 0xff, 0xff, 0xff, 0xff, 0xff, 0xff, 0xff, 0xff, 0xff, 0xff, 0xff,
    0xff, 0xff, 0xff, 0xff, 0xff, 0xff, 0xff, 0xff, 0xff, 0xff, 0xff, 0xff,
    0xdf, 0xff, 0x8f, 0x6b, 0xc5, 0x10, 0xc4, 0x10, 0xe5, 0x10, 0x46, 0x21,
    0x1c, 0xe7, 0xff, 0xff, 0x9e, 0xf7, 0x46, 0x21, 0xc5, 0x10, 0xc5, 0x10,
    0xc4, 0x10, 0xc5, 0x10, 0xc5, 0x10, 0xc5, 0x10, 0xe5, 0x10, 0x26, 0x11,
    0x68, 0x19, 0xa9, 0x19, 0xea, 0x21, 0xea, 0x21, 0x47, 0x19, 0xc5, 0x10,
    0xc5, 0x10, 0xc5, 0x10, 0xc5, 0x10, 0xc5, 0x08, 0xc5, 0x10, 0xc5, 0x10,
    0xe5, 0x10, 0xc5, 0x10, 0xc5, 0x10, 0x47, 0x11, 0x4c, 0x22, 0x4c, 0x22,
    0x0b, 0x22, 0x88, 0x19, 0x27, 0x11, 0xe5, 0x10, 0xc5, 0x10, 0xc5, 0x10,
    0xc4, 0x10, 0xc5, 0x10, 0xc5, 0x10, 0xc5, 0x10, 0xe5, 0x08, 0xe9, 0x31,
    0x3d, 0xe7, 0xff, 0xff, 0xfc, 0xe6, 0x87, 0x29, 0x0d, 0x5b, 0xff, 0xff,
    0xff, 0xff, 0xdf, 0xff, 0x6f, 0x63, 0xc5, 0x10, 0xc5, 0x10, 0xc5, 0x10,
    0xc5, 0x08, 0xe5, 0x10, 0xc4, 0x10, 0xc5, 0x10, 0xe5, 0x10, 0x2a, 0x3a,
    0xbe, 0xf7, 0xff, 0xff, 0xff, 0xff, 0xff, 0xff, 0xff, 0xff, 0xff, 0xff,
    0xff, 0xff, 0xff, 0xff, 0x5a, 0xce, 0x05, 0x19, 0xc5, 0x10, 0xc5, 0x10,
    0xc5, 0x08, 0xc5, 0x10, 0xc5, 0x10, 0xc5, 0x10, 0xc4, 0x10, 0x26, 0x19,
    0x59, 0xc6, 0xff, 0xff, 0xff, 0xff, 0xff, 0xff, 0xff, 0xff, 0xff, 0xff,
    0xff, 0xff, 0xff, 0xff, 0x3d, 0xe7, 0x47, 0x21, 0xc4, 0x10, 0xe4, 0x10,
    0xc5, 0x10, 0xc5, 0x10, 0xe5, 0x10, 0x4a, 0x42, 0xdb, 0xde, 0xff, 0xff,
    0xff, 0xff, 0xff, 0xff, 0xd7, 0xb5, 0x47, 0x21, 0xc5, 0x10, 0xc4, 0x10,
    0xc5, 0x10, 0xc5, 0x10, 0xc5, 0x10, 0xc5, 0x10, 0xc5, 0x10, 0xe5, 0x10,
    0xc5, 0x10, 0xc5, 0x10, 0xc5, 0x08, 0xc4, 0x10, 0xc5, 0x10, 0xc5, 0x10,
    0xc5, 0x10, 0xc5, 0x08, 0xe5, 0x10, 0xc5, 0x10, 0xc4, 0x10, 0xe5, 0x10,
    0xc5, 0x10, 0xe5, 0x10, 0xe4, 0x10, 0xc5, 0x10, 0xc5, 0x10, 0xe4, 0x10,
    0xc5, 0x10, 0xc5, 0x10, 0xe5, 0x10, 0xe4, 0x10, 0xc5, 0x08, 0xc5, 0x10,
    0xc5, 0x10, 0xc4, 0x10, 0xc5, 0x08, 0xc5, 0x10, 0xe5, 0x10, 0xc4, 0x08,
    0xc5, 0x10, 0xc5, 0x10, 0xe5, 0x08, 0xe5, 0x10, 0xc5, 0x10, 0xe5, 0x10,
    0xc5, 0x10, 0xc5, 0x10, 0xc5, 0x10, 0xe5, 0x08, 0xc5, 0x10, 0xc5, 0x10,
    0xc4, 0x10, 0xe5, 0x10, 0xc5, 0x10, 0xc5, 0x10, 0xc4, 0x10, 0xc5, 0x10,
    0xc5, 0x10, 0xc5, 0x08, 0xe5, 0x10, 0xc5, 0x10, 0xc5, 0x10, 0xe5, 0x10,
    0xc4, 0x08, 0xc5, 0x10, 0xe5, 0x10, 0xc4, 0x10, 0xc5, 0x10, 0xc5, 0x10,
    0xe5, 0x10, 0xc5, 0x10, 0xc4, 0x10, 0xc5, 0x10, 0xc5, 0x10, 0xe5, 0x10,
    0xc5, 0x10, 0xc5, 0x10, 0x2a, 0x3a, 0x5d, 0xef, 0xff, 0xff, 0xff, 0xff,
    0x39, 0xc6, 0x26, 0x19, 0xc5, 0x10, 0xe5, 0x10, 0xce, 0x2a, 0x9b, 0x55,
    0x9c, 0x55, 0x9c, 0x55, 0x9c, 0x55, 0x9c, 0x55, 0xbc, 0x55, 0x9c, 0x55,
    0x9c, 0x55, 0xbb, 0x55, 0x9c, 0x55, 0x9b, 0x55, 0x9c, 0x55, 0x9c, 0x55,
    0xd8, 0x44, 0x6c, 0x22, 0xe5, 0x10, 0xe5, 0x10, 0x47, 0x11, 0x96, 0x44,
    0xc9, 0x19, 0xc5, 0x10, 0xc5, 0x10, 0x05, 0x11, 0x8f, 0x6b, 0xd4, 0x9c,
    0x14, 0x9d, 0x15, 0xa5, 0x35, 0xa5, 0x35, 0xa5, 0x56, 0xa5, 0xb7, 0xb5,
    0x18, 0xbe, 0xdb, 0xde, 0x5d, 0xef, 0xdf, 0xf7, 0xff, 0xff, 0xff, 0xff,
    0xff, 0xff, 0xff, 0xff, 0xff, 0xff, 0xff, 0xff, 0xff, 0xff, 0xff, 0xff,
    0xff, 0xff, 0xff, 0xff, 0xff, 0xff, 0xff, 0xff, 0xff, 0xff, 0xff, 0xff,
    0xff, 0xff, 0x56, 0xad, 0xe5, 0x10, 0xc5, 0x10, 0xc5, 0x10, 0xe5, 0x10,
    0x76, 0xad, 0xff, 0xff, 0xff, 0xff, 0xcc, 0x52, 0xe5, 0x10, 0xc5, 0x10,
    0xc5, 0x10, 0xc5, 0x10, 0xc5, 0x10, 0xe5, 0x10, 0x6d, 0x22, 0x96, 0x44,
    0x3a, 0x4d, 0x7b, 0x55, 0x7b, 0x55, 0x7b, 0x4d, 0xb3, 0x3b, 0xe5, 0x10,
    0xc5, 0x10, 0xc4, 0x10, 0xe4, 0x10, 0xc5, 0x10, 0xc4, 0x10, 0xc5, 0x10,
    0xc5, 0x10, 0xe4, 0x10, 0xc5, 0x10, 0x2b, 0x22, 0x9b, 0x55, 0x9b, 0x55,
    0x7b, 0x55, 0x5a, 0x4d, 0x97, 0x44, 0x51, 0x33, 0xa9, 0x19, 0xc5, 0x10,
    0xc5, 0x10, 0xe5, 0x10, 0xc4, 0x10, 0xc5, 0x10, 0xc5, 0x10, 0x05, 0x11,
    0x39, 0xc6, 0xff, 0xff, 0xbe, 0xf7, 0xcc, 0x52, 0xc8, 0x31, 0x5d, 0xef,
    0xff, 0xff, 0xff, 0xff, 0x4e, 0x63, 0xc5, 0x10, 0xc4, 0x10, 0xc5, 0x10,
    0xc5, 0x10, 0xc4, 0x10, 0xe5, 0x10, 0xc5, 0x10, 0xc5, 0x10, 0x2a, 0x42,
    0xbe, 0xf7, 0xff, 0xff, 0xff, 0xff, 0xff, 0xff, 0xff, 0xff, 0xff, 0xff,
    0xff, 0xff, 0xff, 0xff, 0x5a, 0xce, 0x05, 0x19, 0xc5, 0x10, 0xe5, 0x10,
    0xc5, 0x10, 0xc5, 0x10, 0xe5, 0x10, 0xc4, 0x10, 0xc5, 0x10, 0x26, 0x19,
    0x7a, 0xce, 0xff, 0xff, 0xff, 0xff, 0xff, 0xff, 0xff, 0xff, 0xff, 0xff,
    0xff, 0xff, 0xff, 0xff, 0x3c, 0xe7, 0x47, 0x21, 0xc5, 0x10, 0xe5, 0x10,
    0xc5, 0x10, 0xc5, 0x10, 0xc5, 0x10, 0xc4, 0x10, 0x8b, 0x4a, 0x1c, 0xe7,
    0xff, 0xff, 0xff, 0xff, 0xdf, 0xff, 0x15, 0xa5, 0x06, 0x19, 0xc5, 0x10,
    0xc5, 0x10, 0xe5, 0x10, 0xc4, 0x10, 0xc5, 0x10, 0xe5, 0x10, 0xc5, 0x08,
    0xc4, 0x10, 0xe4, 0x10, 0xe5, 0x10, 0xc5, 0x10, 0xc4, 0x10, 0xe5, 0x10,
    0xe5, 0x10, 0xc4, 0x10, 0xc5, 0x10, 0xe5, 0x10, 0xc4, 0x10, 0xe5, 0x10,
    0xc5, 0x10, 0xc4, 0x10, 0xc5, 0x10, 0xc4, 0x10, 0xe5, 0x10, 0xc5, 0x10,
    0xc4, 0x10, 0xe5, 0x10, 0xc5, 0x10, 0xc5, 0x10, 0xc5, 0x10, 0xc5, 0x10,
    0xc4, 0x10, 0xe5, 0x10, 0xc5, 0x10, 0xc5, 0x10, 0xc5, 0x10, 0xc5, 0x10,
    0xc5, 0x10, 0xe4, 0x10, 0xc5, 0x10, 0xc5, 0x10, 0xc4, 0x10, 0xc5, 0x10,
    0xc5, 0x10, 0xc4, 0x10, 0xe5, 0x10, 0xc5, 0x10, 0xc4, 0x10, 0xc5, 0x10,
    0xc5, 0x08, 0xc4, 0x10, 0xe5, 0x10, 0xc4, 0x10, 0xe5, 0x08, 0xc5, 0x10,
    0xc4, 0x10, 0xe4, 0x10, 0xc5, 0x10, 0xc4, 0x10, 0xc5, 0x10, 0xc5, 0x10,
    0xe4, 0x10, 0xc5, 0x10, 0xc5, 0x10, 0xc4, 0x10, 0xe5, 0x10, 0xc5, 0x10,
    0xc4, 0x08, 0xc4, 0x10, 0xc5, 0x10, 0xe5, 0x10, 0xc5, 0x10, 0xc5, 0x08,
    0xc4, 0x10, 0xe5, 0x10, 0x72, 0x8c, 0xff, 0xff, 0xff, 0xff, 0xff, 0xff,
    0xaf, 0x73, 0xc5, 0x10, 0xc5, 0x10, 0x06, 0x11, 0x76, 0x44, 0x9b, 0x55,
    0x9c, 0x55, 0x9c, 0x55, 0x9c, 0x55, 0x9b, 0x55, 0x9c, 0x55, 0x9c, 0x55,
    0x9b, 0x55, 0xbc, 0x55, 0x9c, 0x55, 0x9b, 0x55, 0x9b, 0x55, 0x76, 0x44,
    0x88, 0x19, 0xc5, 0x10, 0xc5, 0x10, 0xc5, 0x10, 0x26, 0x11, 0x8d, 0x2a,
    0x05, 0x11, 0xc5, 0x10, 0xc5, 0x10, 0xe5, 0x10, 0xe5, 0x10, 0xe5, 0x10,
    0xe5, 0x10, 0xe5, 0x10, 0xe5, 0x10, 0xe5, 0x10, 0xe5, 0x10, 0xe5, 0x10,
    0xc4, 0x10, 0x06, 0x19, 0xc8, 0x31, 0xec, 0x52, 0x92, 0x8c, 0x59, 0xce,
    0x7e, 0xef, 0xff, 0xff, 0xff, 0xff, 0xff, 0xff, 0xff, 0xff, 0xff, 0xff,
    0xff, 0xff, 0xff, 0xff, 0xff, 0xff, 0xff, 0xff, 0xff, 0xff, 0xff, 0xff,
    0xff, 0xff, 0xfc, 0xde, 0x47, 0x21, 0xc5, 0x10, 0xc4, 0x10, 0xc5, 0x10,
    0x8f, 0x6b, 0xff, 0xff, 0xff, 0xff, 0xd4, 0x94, 0xc5, 0x10, 0xc5, 0x10,
    0xe4, 0x10, 0xe5, 0x10, 0xe5, 0x10, 0x0f, 0x2b, 0x7b, 0x55, 0x9b, 0x55,
    0x9b, 0x55, 0x9c, 0x55, 0x9b, 0x55, 0x9b, 0x55, 0xb8, 0x44, 0x47, 0x11,
    0xc5, 0x10, 0xc5, 0x10, 0xe5, 0x10, 0xc5, 0x10, 0xe5, 0x10, 0xe4, 0x10,
    0xc5, 0x08, 0xc4, 0x10, 0xe5, 0x10, 0x26, 0x11, 0x5a, 0x4d, 0x9c, 0x55,
    0x9c, 0x55, 0x9b, 0x55, 0x9c, 0x55, 0x9b, 0x55, 0x3a, 0x4d, 0xef, 0x2a,
    0x06, 0x11, 0xc5, 0x10, 0xc5, 0x10, 0xe4, 0x10, 0xe5, 0x10, 0xe5, 0x10,
    0x72, 0x8c, 0xff, 0xff, 0xff, 0xff, 0x72, 0x8c, 0x06, 0x19, 0x18, 0xc6,
    0xff, 0xff, 0xdf, 0xff, 0x4e, 0x63, 0xc5, 0x10, 0xe5, 0x10, 0xe5, 0x10,
    0xc4, 0x10, 0xc5, 0x10, 0xc5, 0x10, 0xe5, 0x08, 0xe5, 0x10, 0x4a, 0x42,
    0xbe, 0xf7, 0xff, 0xff, 0xff, 0xff, 0xff, 0xff, 0xff, 0xff, 0xff, 0xff,
    0xff, 0xff, 0xff, 0xff, 0x5a, 0xce, 0x05, 0x19, 0xc5, 0x10, 0xc5, 0x10,
    0xe4, 0x10, 0xc5, 0x10, 0xc4, 0x08, 0xe5, 0x10, 0xc5, 0x10, 0x26, 0x19,
    0x79, 0xce, 0xff, 0xff, 0xff, 0xff, 0xff, 0xff, 0xff, 0xff, 0xff, 0xff,
    0xff, 0xff, 0xff, 0xff, 0x3d, 0xe7, 0x47, 0x21, 0xc5, 0x10, 0xc5, 0x10,
    0xc5, 0x10, 0xe4, 0x10, 0xe4, 0x10, 0xc5, 0x10, 0xc5, 0x10, 0xec, 0x52,
    0x5d, 0xef, 0xff, 0xff, 0xff, 0xff, 0xdf, 0xff, 0x72, 0x8c, 0x05, 0x11,
    0xc5, 0x10, 0xc5, 0x10, 0xc5, 0x10, 0xc4, 0x10, 0xc5, 0x10, 0xc4, 0x10,
    0xc5, 0x10, 0xc5, 0x10, 0xc5, 0x10, 0xc4, 0x10, 0xc5, 0x10, 0xc5, 0x10,
    0xc4, 0x08, 0xc5, 0x10, 0xc4, 0x10, 0xc5, 0x10, 0xc5, 0x08, 0xc5, 0x10,
    0xc5, 0x10, 0xc5, 0x08, 0xc5, 0x10, 0xc5, 0x10, 0xe4, 0x08, 0xc5, 0x10,
    0xc5, 0x10, 0xc5, 0x08, 0xc4, 0x10, 0xc5, 0x10, 0xc5, 0x10, 0xe4, 0x10,
    0xc5, 0x08, 0xc5, 0x10, 0xe5, 0x10, 0xc4, 0x10, 0xc4, 0x10, 0xe5, 0x10,
    0xc5, 0x10, 0xc5, 0x10, 0xc4, 0x10, 0xc5, 0x10, 0xc5, 0x08, 0xc4, 0x10,
    0xc5, 0x10, 0xc5, 0x10, 0xc4, 0x10, 0xc5, 0x10, 0xc5, 0x10, 0xe5, 0x10,
    0xc5, 0x10, 0xe5, 0x10, 0xc5, 0x10, 0xc5, 0x10, 0xc5, 0x10, 0xe5, 0x10,
    0xc5, 0x10, 0xc5, 0x10, 0xc5, 0x10, 0xc5, 0x10, 0xe4, 0x08, 0xc5, 0x10,
    0xc5, 0x10, 0xc4, 0x10, 0xc5, 0x08, 0xe5, 0x10, 0xc5, 0x10, 0xe4, 0x10,
    0xc5, 0x10, 0xc5, 0x10, 0xe5, 0x08, 0xc5, 0x10, 0xc5, 0x10, 0xe4, 0x10,
    0xc5, 0x10, 0x67, 0x21, 0xbb, 0xd6, 0xff, 0xff, 0xff, 0xff, 0xfc, 0xde,
    0xa8, 0x29, 0xc5, 0x10, 0xc4, 0x10, 0xea, 0x21, 0x7b, 0x55, 0x9b, 0x55,
    0x9c, 0x55, 0x9c, 0x55, 0x9b, 0x55, 0x9c, 0x55, 0x9c, 0x55, 0x9c, 0x55,
    0x9c, 0x55, 0x9c, 0x55, 0x9c, 0x55, 0x7b, 0x55, 0x14, 0x3c, 0x47, 0x11,
    0xc5, 0x10, 0xc5, 0x10, 0xc4, 0x10, 0xc5, 0x10, 0xc5, 0x10, 0xc5, 0x10,
    0xc5, 0x10, 0xe5, 0x10, 0xc4, 0x10, 0xc4, 0x10, 0xc5, 0x08, 0xc5, 0x10,
    0xc4, 0x10, 0xc5, 0x10, 0xc5, 0x10, 0xc4, 0x10, 0xc5, 0x10, 0xc5, 0x10,
    0xc5, 0x10, 0xc5, 0x10, 0xe5, 0x10, 0xc5, 0x10, 0xe5, 0x10, 0xe5, 0x10,
    0x09, 0x3a, 0xf0, 0x7b, 0x7a, 0xce, 0xbe, 0xf7, 0xff, 0xff, 0xff, 0xff,
    0xff, 0xff, 0xff, 0xff, 0xff, 0xff, 0xff, 0xff, 0xff, 0xff, 0xff, 0xff,
    0xff, 0xff, 0x9e, 0xf7, 0x8b, 0x4a, 0xc5, 0x10, 0xc5, 0x10, 0xe5, 0x10,
    0xc8, 0x31, 0xdf, 0xff, 0xff, 0xff, 0xbb, 0xd6, 0xe5, 0x10, 0xc5, 0x10,
    0xc5, 0x10, 0xc4, 0x10, 0xca, 0x21, 0x5a, 0x4d, 0x9b, 0x55, 0x9c, 0x55,
    0x9c, 0x55, 0x9c, 0x55, 0x9c, 0x55, 0x9c, 0x55, 0x5a, 0x55, 0xea, 0x21,
    0xc5, 0x10, 0xc5, 0x10, 0xc5, 0x10, 0xc4, 0x08, 0xc5, 0x10, 0xc5, 0x10,
    0xc5, 0x10, 0xc5, 0x10, 0xc5, 0x08, 0xe5, 0x10, 0x56, 0x44, 0x9b, 0x55,
    0x9c, 0x55, 0x9c, 0x55, 0x9c, 0x55, 0x9c, 0x55, 0x9b, 0x55, 0x7b, 0x55,
    0x92, 0x33, 0x06, 0x11, 0xc5, 0x10, 0xc5, 0x10, 0xc5, 0x10, 0xc4, 0x10,
    0xac, 0x4a, 0xdf, 0xff, 0xff, 0xff, 0x19, 0xc6, 0x05, 0x11, 0x52, 0x84,
    0xff, 0xff, 0xdf, 0xff, 0x2e, 0x63, 0xc5, 0x10, 0xc5, 0x10, 0xc4, 0x10,
    0xe5, 0x08, 0xc5, 0x10, 0xc5, 0x10, 0xc4, 0x10, 0xe5, 0x10, 0x2a, 0x3a,
    0xbe, 0xf7, 0xff, 0xff, 0xff, 0xff, 0xff, 0xff, 0xff, 0xff, 0xff, 0xff,
    0xff, 0xff, 0xff, 0xff, 0x5a, 0xce, 0x05, 0x19, 0xc5, 0x10, 0xe5, 0x08,
    0xc5, 0x10, 0xc4, 0x10, 0xc5, 0x10, 0xc5, 0x10, 0xe5, 0x10, 0x26, 0x19,
    0x59, 0xce, 0xff, 0xff, 0xff, 0xff, 0xff, 0xff, 0xff, 0xff, 0xff, 0xff,
    0xff, 0xff, 0xff, 0xff, 0x3d, 0xe7, 0x47, 0x21, 0xc4, 0x10, 0xe4, 0x10,
    0xc5, 0x10, 0xc5, 0x10, 0xc5, 0x10, 0xc5, 0x10, 0xe5, 0x10, 0xe5, 0x10,
    0x4e, 0x63, 0x9e, 0xf7, 0xff, 0xff, 0xff, 0xff, 0xbf, 0xf7, 0x8f, 0x6b,
    0xe5, 0x10, 0xc5, 0x10, 0xc4, 0x10, 0xe5, 0x10, 0xe5, 0x10, 0xc5, 0x10,
    0xe5, 0x10, 0xc5, 0x08, 0xc5, 0x10, 0xe5, 0x10, 0xe5, 0x08, 0xc4, 0x10,
    0xc5, 0x10, 0xe5, 0x10, 0xe5, 0x10, 0xc5, 0x10, 0xc5, 0x10, 0xc5, 0x10,
    0xc4, 0x10, 0xe4, 0x10, 0xe5, 0x10, 0xc5, 0x10, 0xc5, 0x10, 0xc5, 0x10,
    0xc5, 0x10, 0xe4, 0x10, 0xc5, 0x10, 0xe4, 0x08, 0xe5, 0x10, 0xc5, 0x10,
    0xe5, 0x10, 0xc5, 0x10, 0xc4, 0x10, 0xc5, 0x10, 0xe5, 0x08, 0xc4, 0x10,
    0xc5, 0x10, 0xc4, 0x08, 0xe5, 0x10, 0xc5, 0x10, 0xe4, 0x10, 0xe5, 0x10,
    0xc5, 0x10, 0xc5, 0x10, 0xe5, 0x10, 0xc5, 0x08, 0xc4, 0x10, 0xe5, 0x10,
    0xc4, 0x10, 0xc5, 0x10, 0xc5, 0x08, 0xc4, 0x10, 0xe5, 0x10, 0xc4, 0x10,
    0xc5, 0x10, 0xe5, 0x08, 0xc5, 0x10, 0xc4, 0x10, 0xe5, 0x10, 0xc5, 0x10,
    0xc5, 0x10, 0xc5, 0x10, 0xe5, 0x10, 0xc5, 0x10, 0xc5, 0x08, 0xc5, 0x10,
    0xc5, 0x10, 0xe5, 0x10, 0xc5, 0x10, 0xc4, 0x10, 0xe4, 0x10, 0xc5, 0x10,
    0xc5, 0x10, 0x4e, 0x63, 0xdf, 0xff, 0xff, 0xff, 0xff, 0xff, 0x93, 0x94,
    0xc5, 0x10, 0xc5, 0x10, 0xe5, 0x10, 0x92, 0x33, 0x9b, 0x55, 0x9b, 0x55,
    0x7b, 0x4d, 0x5b, 0x4d, 0x5a, 0x4d, 0x7b, 0x55, 0x9b, 0x55, 0x9b, 0x55,
    0x9c, 0x55, 0x9b, 0x55, 0x9b, 0x55, 0xf4, 0x3b, 0x06, 0x11, 0xc5, 0x10,
    0xc5, 0x10, 0xe5, 0x10, 0xc5, 0x10, 0xe5, 0x10, 0xc5, 0x10, 0xc5, 0x10,
    0xc5, 0x10, 0xc5, 0x10, 0xc5, 0x10, 0xc5, 0x10, 0xe5, 0x10, 0xc4, 0x10,
    0xc5, 0x10, 0xc5, 0x10, 0xc5, 0x10, 0xc5, 0x10, 0xc5, 0x10, 0xc5, 0x10,
    0xc4, 0x10, 0xc5, 0x10, 0xe5, 0x10, 0xc5, 0x10, 0xc5, 0x10, 0xc4, 0x10,
    0xe5, 0x10, 0xe5, 0x10, 0x05, 0x11, 0x8b, 0x4a, 0x56, 0xad, 0x7e, 0xef,
    0xff, 0xff, 0xff, 0xff, 0xff, 0xff, 0xff, 0xff, 0xff, 0xff, 0xff, 0xff,
    0xff, 0xff, 0xff, 0xff, 0x31, 0x84, 0xe5, 0x10, 0xc5, 0x10, 0xc5, 0x10,
    0x05, 0x19, 0x9a, 0xd6, 0xff, 0xff, 0xff, 0xff, 0xa8, 0x29, 0xc5, 0x10,
    0xc5, 0x10, 0xc5, 0x10, 0xef, 0x2a, 0x9b, 0x55, 0x9c, 0x55, 0x9c, 0x55,
    0x9c, 0x55, 0x9b, 0x55, 0x7b, 0x4d, 0x5a, 0x4d, 0x5a, 0x4d, 0xce, 0x2a,
    0xc5, 0x10, 0xc5, 0x10, 0xe4, 0x10, 0xc5, 0x10, 0xc5, 0x10, 0xc5, 0x10,
    0xc5, 0x10, 0xe4, 0x10, 0xc5, 0x10, 0xc5, 0x10, 0x30, 0x33, 0x5a, 0x4d,
    0x5a, 0x4d, 0x5a, 0x4d, 0x7b, 0x55, 0x9b, 0x55, 0x9c, 0x55, 0x9c, 0x55,
    0x7b, 0x55, 0xce, 0x2a, 0xc5, 0x10, 0xc5, 0x10, 0xc5, 0x10, 0xc5, 0x10,
    0x87, 0x29, 0xfc, 0xde, 0xff, 0xff, 0x3d, 0xe7, 0xc8, 0x31, 0x8b, 0x4a,
    0xff, 0xff, 0xdf, 0xff, 0x2e, 0x63, 0xc5, 0x10, 0xc4, 0x10, 0xc5, 0x10,
    0xc5, 0x10, 0xe5, 0x10, 0xc4, 0x10, 0xc5, 0x10, 0xe5, 0x10, 0x2a, 0x42,
    0xbe, 0xf7, 0xff, 0xff, 0xff, 0xff, 0xff, 0xff, 0xff, 0xff, 0xff, 0xff,
    0xff, 0xff, 0xff, 0xff, 0x5a, 0xce, 0x05, 0x19, 0xc5, 0x10, 0xc5, 0x10,
    0xc5, 0x10, 0xc5, 0x10, 0xe5, 0x10, 0xc5, 0x10, 0xc4, 0x10, 0x26, 0x19,
    0x7a, 0xce, 0xff, 0xff, 0xff, 0xff, 0xff, 0xff, 0xff, 0xff, 0xff, 0xff,
    0xff, 0xff, 0xff, 0xff, 0x3c, 0xe7, 0x47, 0x21, 0xc5, 0x10, 0xe5, 0x10,
    0xc5, 0x10, 0xc4, 0x10, 0xc5, 0x10, 0xc5, 0x10, 0xc4, 0x08, 0xe5, 0x10,
    0xe5, 0x10, 0xf0, 0x7b, 0xdf, 0xff, 0xff, 0xff, 0xff, 0xff, 0x7e, 0xef,
    0xab, 0x4a, 0xc5, 0x10, 0xc5, 0x10, 0xc5, 0x10, 0xc5, 0x10, 0xc4, 0x10,
    0xc5, 0x10, 0xe5, 0x10, 0xc4, 0x10, 0xc4, 0x10, 0xc5, 0x10, 0xe5, 0x10,
    0xc5, 0x10, 0xc5, 0x10, 0xc5, 0x08, 0xc5, 0x10, 0xe4, 0x10, 0xe5, 0x10,
    0xc5, 0x08, 0xc5, 0x10, 0xc5, 0x10, 0xc4, 0x10, 0xe5, 0x10, 0xc5, 0x08,
    0xe4, 0x10, 0xc5, 0x10, 0xc5, 0x10, 0xc5, 0x10, 0xc4, 0x10, 0xc5, 0x10,
    0xc5, 0x10, 0xc5, 0x10, 0xc5, 0x08, 0xe5, 0x10, 0xc5, 0x10, 0xc5, 0x10,
    0xc5, 0x10, 0xe5, 0x10, 0xc5, 0x10, 0xc5, 0x10, 0xc5, 0x10, 0xc5, 0x10,
    0xc5, 0x10, 0xc4, 0x10, 0xc5, 0x10, 0xe5, 0x10, 0xc4, 0x10, 0xc5, 0x10,
    0xc5, 0x08, 0xc4, 0x10, 0xe5, 0x10, 0xc4, 0x10, 0xc5, 0x10, 0xc5, 0x08,
    0xc4, 0x10, 0xe5, 0x10, 0xc4, 0x10, 0xc5, 0x10, 0xc5, 0x10, 0xc5, 0x10,
    0xc4, 0x08, 0xe5, 0x10, 0xc5, 0x10, 0xc4, 0x10, 0xc5, 0x10, 0xc4, 0x10,
    0xe5, 0x10, 0xc5, 0x10, 0xc4, 0x10, 0xc5, 0x10, 0xc5, 0x08, 0xc5, 0x10,
    0xe5, 0x10, 0xd7, 0xb5, 0xff, 0xff, 0xff, 0xff, 0xb7, 0xb5, 0x46, 0x21,
    0xc5, 0x10, 0xe5, 0x10, 0x47, 0x11, 0x96, 0x44, 0x35, 0x3c, 0x0f, 0x33,
    0x4b, 0x22, 0xea, 0x21, 0xea, 0x19, 0x2b, 0x22, 0xef, 0x2a, 0x14, 0x3c,
    0x39, 0x4d, 0x7b, 0x55, 0x35, 0x44, 0x26, 0x11, 0xc5, 0x10, 0xc4, 0x10,
    0xc5, 0x10, 0xc4, 0x10, 0xc5, 0x10, 0xc5, 0x10, 0x05, 0x11, 0x88, 0x19,
    0x26, 0x11, 0xc5, 0x10, 0xc5, 0x10, 0xe5, 0x10, 0xc5, 0x10, 0xc5, 0x10,
    0xc5, 0x10, 0xe5, 0x10, 0xe5, 0x10, 0x05, 0x11, 0x06, 0x11, 0x05, 0x11,
    0xe5, 0x10, 0xc5, 0x10, 0xc4, 0x10, 0xc4, 0x10, 0xc5, 0x10, 0xc5, 0x10,
    0xc5, 0x08, 0xc5, 0x10, 0xc5, 0x10, 0xe5, 0x10, 0xe5, 0x10, 0x09, 0x3a,
    0x55, 0xa5, 0xdf, 0xff, 0xff, 0xff, 0xff, 0xff, 0xff, 0xff, 0xff, 0xff,
    0xff, 0xff, 0xff, 0xff, 0x19, 0xc6, 0xe5, 0x10, 0xc5, 0x10, 0xc4, 0x10,
    0xe5, 0x10, 0xd4, 0x94, 0xff, 0xff, 0xff, 0xff, 0x6f, 0x6b, 0xc5, 0x10,
    0xc4, 0x10, 0xe5, 0x10, 0x50, 0x33, 0x9c, 0x55, 0x9c, 0x55, 0x9c, 0x55,
    0x9b, 0x55, 0x55, 0x44, 0x0b, 0x22, 0xca, 0x19, 0xea, 0x21, 0x67, 0x19,
    0xc5, 0x10, 0xc5, 0x10, 0xc5, 0x10, 0xc5, 0x10, 0xe5, 0x10, 0xe4, 0x08,
    0xc4, 0x10, 0xe5, 0x10, 0xc5, 0x10, 0xe4, 0x10, 0x26, 0x11, 0xea, 0x19,
    0xca, 0x21, 0xea, 0x21, 0xad, 0x2a, 0xb8, 0x44, 0x9b, 0x55, 0x9b, 0x55,
    0x9b, 0x4d, 0x19, 0x4d, 0x68, 0x19, 0xc5, 0x10, 0xe4, 0x10, 0xc5, 0x10,
    0xe5, 0x10, 0x97, 0xb5, 0xff, 0xff, 0xdf, 0xff, 0x2d, 0x5b, 0x67, 0x29,
    0xfc, 0xde, 0xdf, 0xff, 0x0d, 0x5b, 0xc5, 0x10, 0xe5, 0x10, 0xc5, 0x10,
    0xc5, 0x10, 0xc4, 0x10, 0xc5, 0x10, 0xe5, 0x08, 0xe5, 0x10, 0x4a, 0x42,
    0xbe, 0xf7, 0xff, 0xff, 0xff, 0xff, 0xff, 0xff, 0xff, 0xff, 0xff, 0xff,
    0xff, 0xff, 0xff, 0xff, 0x5a, 0xce, 0x05, 0x19, 0xc5, 0x10, 0xe5, 0x10,
    0xc4, 0x10, 0xc5, 0x10, 0xe5, 0x08, 0xc4, 0x10, 0xc5, 0x10, 0x26, 0x19,
    0x79, 0xce, 0xff, 0xff, 0xff, 0xff, 0xff, 0xff, 0xff, 0xff, 0xff, 0xff,
    0xff, 0xff, 0xff, 0xff, 0x3d, 0xe7, 0x67, 0x21, 0xc4, 0x10, 0xc5, 0x10,
    0xc5, 0x10, 0xc5, 0x10, 0xe5, 0x10, 0xc5, 0x10, 0xc5, 0x10, 0xc5, 0x10,
    0xc5, 0x10, 0x05, 0x19, 0x93, 0x8c, 0xff, 0xff, 0xff, 0xff, 0xff, 0xff,
    0xfc, 0xde, 0xe9, 0x39, 0xc5, 0x10, 0xc4, 0x10, 0xc5, 0x10, 0xc5, 0x10,
    0xc4, 0x10, 0xc5, 0x10, 0xc5, 0x10, 0xc5, 0x10, 0xc5, 0x10, 0xc5, 0x10,
    0xc4, 0x10, 0xc5, 0x10, 0xc4, 0x10, 0xc4, 0x10, 0xc5, 0x10, 0xc4, 0x10,
    0xc5, 0x10, 0xe5, 0x10, 0xc5, 0x08, 0xc5, 0x10, 0xc4, 0x10, 0xc5, 0x10,
    0xc5, 0x10, 0xe5, 0x10, 0xc5, 0x10, 0xc5, 0x10, 0xc5, 0x10, 0xc4, 0x08,
    0xc4, 0x10, 0xc5, 0x10, 0xe5, 0x10, 0xc4, 0x10, 0xc5, 0x10, 0xc5, 0x08,
    0xe5, 0x10, 0xc4, 0x10, 0xc5, 0x10, 0xc4, 0x08, 0xe5, 0x10, 0xc5, 0x10,
    0xc5, 0x10, 0xc5, 0x10, 0xe4, 0x10, 0xc5, 0x10, 0xc5, 0x10, 0xc5, 0x10,
    0xe5, 0x10, 0xc5, 0x10, 0xc5, 0x10, 0xc5, 0x10, 0xe5, 0x10, 0xc5, 0x10,
    0xc5, 0x10, 0xc5, 0x10, 0xc5, 0x08, 0xe5, 0x10, 0xe5, 0x10, 0xc4, 0x10,
    0xc5, 0x10, 0xc4, 0x10, 0xe5, 0x10, 0xc5, 0x10, 0xc4, 0x10, 0xe5, 0x10,
    0xc5, 0x08, 0xc4, 0x10, 0xc5, 0x10, 0xe5, 0x10, 0xc5, 0x10, 0xc5, 0x10,
    0x2a, 0x3a, 0x7d, 0xef, 0xff, 0xff, 0xf8, 0xbd, 0x47, 0x21, 0xc5, 0x10,
    0xc4, 0x10, 0xc5, 0x10, 0xe5, 0x10, 0x26, 0x11, 0xc5, 0x10, 0xc5, 0x10,
    0xc5, 0x10, 0xe5, 0x10, 0xc5, 0x10, 0xc5, 0x10, 0xc5, 0x10, 0xc4, 0x10,
    0x47, 0x11, 0xae, 0x2a, 0x26, 0x11, 0xc5, 0x10, 0xc5, 0x10, 0xc5, 0x10,
    0xc5, 0x10, 0xe5, 0x10, 0x26, 0x11, 0x6d, 0x22, 0x35, 0x44, 0xb7, 0x44,
    0x47, 0x19, 0xc5, 0x10, 0xe5, 0x10, 0x06, 0x11, 0x68, 0x19, 0x4c, 0x22,
    0x30, 0x33, 0xd3, 0x3b, 0x15, 0x3c, 0x56, 0x44, 0x76, 0x44, 0x35, 0x3c,
    0xef, 0x2a, 0xc5, 0x10, 0xe5, 0x10, 0xc5, 0x10, 0xe5, 0x10, 0xe5, 0x10,
    0xc4, 0x10, 0xc5, 0x10, 0xc5, 0x10, 0xc4, 0x10, 0x46, 0x21, 0xd0, 0x73,
    0x15, 0x9d, 0x9e, 0xf7, 0xff, 0xff, 0xff, 0xff, 0xff, 0xff, 0xff, 0xff,
    0xff, 0xff, 0xff, 0xff, 0x5d, 0xef, 0xa8, 0x29, 0xc5, 0x10, 0xc5, 0x10,
    0xe5, 0x10, 0xec, 0x52, 0xff, 0xff, 0xff, 0xff, 0x76, 0xad, 0xe5, 0x10,
    0xc5, 0x10, 0xc4, 0x10, 0xef, 0x2a, 0x9c, 0x55, 0x9b, 0x55, 0x9c, 0x55,
    0x9b, 0x55, 0x4c, 0x22, 0xc5, 0x10, 0xe5, 0x10, 0xe5, 0x10, 0xc5, 0x10,
    0xc5, 0x10, 0xc5, 0x10, 0xe4, 0x08, 0xc5, 0x10, 0xc4, 0x10, 0xc5, 0x10,
    0xc5, 0x10, 0xc5, 0x10, 0xc5, 0x08, 0xc5, 0x10, 0xc5, 0x10, 0xe5, 0x10,
    0xe5, 0x10, 0xc5, 0x10, 0xc5, 0x10, 0x88, 0x19, 0x3a, 0x4d, 0x9c, 0x55,
    0x9c, 0x55, 0x9c, 0x55, 0xce, 0x2a, 0xc5, 0x10, 0xc5, 0x10, 0xc4, 0x10,
    0xe5, 0x10, 0xd0, 0x73, 0xff, 0xff, 0xff, 0xff, 0xf4, 0x9c, 0xe5, 0x10,
    0x97, 0xb5, 0xdf, 0xff, 0x0d, 0x5b, 0xc5, 0x10, 0xc5, 0x10, 0xe4, 0x10,
    0xc5, 0x08, 0xc5, 0x10, 0xe5, 0x10, 0xc5, 0x10, 0xc5, 0x10, 0x4a, 0x42,
    0xbe, 0xf7, 0xff, 0xff, 0xff, 0xff, 0xff, 0xff, 0xff, 0xff, 0xff, 0xff,
    0xff, 0xff, 0xff, 0xff, 0x5a, 0xce, 0x05, 0x19, 0xc5, 0x10, 0xc5, 0x08,
    0xe5, 0x10, 0xc4, 0x10, 0xc5, 0x10, 0xc5, 0x10, 0xc5, 0x10, 0x26, 0x19,
    0x7a, 0xce, 0xff, 0xff, 0xff, 0xff, 0xff, 0xff, 0xff, 0xff, 0xff, 0xff,
    0xff, 0xff, 0xff, 0xff, 0x3c, 0xe7, 0x47, 0x21, 0xc5, 0x10, 0xe5, 0x10,
    0xc4, 0x10, 0xc5, 0x10, 0xe5, 0x10, 0xc4, 0x10, 0xe4, 0x10, 0xc5, 0x10,
    0x05, 0x19, 0x06, 0x11, 0x26, 0x19, 0x56, 0xad, 0xff, 0xff, 0xff, 0xff,
    0xff, 0xff, 0x7a, 0xce, 0x67, 0x21, 0xc5, 0x10, 0xc5, 0x10, 0xe4, 0x10,
    0xe5, 0x10, 0xc5, 0x10, 0xe5, 0x10, 0xe5, 0x08, 0xc5, 0x10, 0xc4, 0x10,
    0xe5, 0x08, 0xe5, 0x10, 0xc5, 0x10, 0xc5, 0x10, 0xe5, 0x10, 0xc5, 0x08,
    0xc5, 0x10, 0xe4, 0x10, 0xc5, 0x10, 0xc4, 0x10, 0xe5, 0x10, 0xc5, 0x10,
    0xc4, 0x10, 0xc5, 0x10, 0xc5, 0x08, 0xe4, 0x10, 0xe5, 0x10, 0xc5, 0x10,
    0xe5, 0x10, 0xe5, 0x10, 0xc4, 0x10, 0xc5, 0x10, 0xc5, 0x10, 0xe4, 0x10,
    0xc4, 0x10, 0xc5, 0x10, 0xc5, 0x10, 0xe5, 0x10, 0xc4, 0x10, 0xc5, 0x10,
    0xc5, 0x10, 0xc5, 0x10, 0xc5, 0x10, 0xc5, 0x08, 0xc4, 0x10, 0xe5, 0x10,
    0xc5, 0x10, 0xc4, 0x10, 0xc5, 0x08, 0xe5, 0x10, 0xc4, 0x10, 0xc5, 0x10,
    0xe5, 0x10, 0xe5, 0x10, 0xc4, 0x10, 0xc5, 0x10, 0xc5, 0x08, 0xe5, 0x10,
    0xc5, 0x10, 0xc5, 0x10, 0xc4, 0x10, 0xe5, 0x08, 0xc5, 0x10, 0xc5, 0x10,
    0xc5, 0x10, 0xe5, 0x10, 0xc5, 0x08, 0xc5, 0x10, 0xe4, 0x10, 0xe5, 0x10,
    0x92, 0x8c, 0xff, 0xff, 0x7a, 0xce, 0x87, 0x29, 0xc5, 0x10, 0xc5, 0x10,
    0xc5, 0x10, 0xc4, 0x08, 0xc5, 0x10, 0xc4, 0x10, 0xc5, 0x10, 0xc5, 0x10,
    0xe5, 0x10, 0xc5, 0x10, 0xc5, 0x10, 0xc5, 0x10, 0xc5, 0x10, 0xc5, 0x10,
    0xe5, 0x10, 0xc4, 0x10, 0xc5, 0x10, 0xe5, 0x10, 0xc5, 0x10, 0xe5, 0x10,
    0x47, 0x11, 0x10, 0x33, 0xf8, 0x4c, 0x9b, 0x55, 0x9b, 0x4d, 0x71, 0x33,
    0x68, 0x19, 0x8d, 0x2a, 0xd3, 0x3b, 0xd8, 0x4c, 0x7b, 0x55, 0x9b, 0x4d,
    0x9b, 0x55, 0x9c, 0x55, 0x9b, 0x55, 0x7b, 0x55, 0x7b, 0x4d, 0x6d, 0x2a,
    0xe5, 0x10, 0xc5, 0x10, 0xc5, 0x10, 0xc5, 0x10, 0xc5, 0x10, 0xc4, 0x10,
    0xc5, 0x10, 0xe5, 0x10, 0xc4, 0x10, 0xe5, 0x08, 0x05, 0x11, 0x6b, 0x4a,
    0x31, 0x7c, 0xf8, 0xbd, 0x7d, 0xef, 0xdf, 0xff, 0xff, 0xff, 0xff, 0xff,
    0xff, 0xff, 0xff, 0xff, 0xdf, 0xff, 0x2d, 0x5b, 0xc5, 0x10, 0xc5, 0x10,
    0xe5, 0x10, 0x46, 0x21, 0x9e, 0xf7, 0xff, 0xff, 0x3d, 0xe7, 0x06, 0x19,
    0xc5, 0x10, 0xc5, 0x10, 0x4b, 0x22, 0x7b, 0x55, 0x9c, 0x55, 0x9b, 0x55,
    0x9c, 0x55, 0xef, 0x2a, 0xe5, 0x10, 0xc5, 0x10, 0xc5, 0x10, 0xc5, 0x10,
    0xc5, 0x10, 0xc5, 0x10, 0xc5, 0x10, 0xc5, 0x10, 0xc5, 0x10, 0xc5, 0x10,
    0xc5, 0x10, 0xc5, 0x10, 0xc4, 0x10, 0xc5, 0x10, 0xc5, 0x10, 0xc5, 0x10,
    0xc4, 0x08, 0xc5, 0x10, 0xc5, 0x10, 0xe5, 0x10, 0x35, 0x44, 0x9b, 0x55,
    0x9c, 0x55, 0x9b, 0x4d, 0x35, 0x44, 0xe6, 0x10, 0xc5, 0x10, 0xe5, 0x10,
    0xe5, 0x10, 0x2a, 0x3a, 0x9e, 0xf7, 0xff, 0xff, 0x9a, 0xd6, 0x06, 0x19,
    0xd0, 0x73, 0xdf, 0xff, 0x0d, 0x5b, 0xc5, 0x10, 0xc4, 0x10, 0xc5, 0x10,
    0xc5, 0x10, 0xe4, 0x10, 0xc5, 0x10, 0xc5, 0x10, 0xe5, 0x10, 0x4a, 0x42,
    0xbe, 0xf7, 0xff, 0xff, 0xff, 0xff, 0xff, 0xff, 0xff, 0xff, 0xff, 0xff,
    0xff, 0xff, 0xff, 0xff, 0x5a, 0xce, 0x05, 0x19, 0xc5, 0x10, 0xe5, 0x10,
    0xc5, 0x10, 0xc5, 0x10, 0xc5, 0x10, 0xc4, 0x10, 0xe5, 0x08, 0x26, 0x19,
    0x7a, 0xce, 0xff, 0xff, 0xff, 0xff, 0xff, 0xff, 0xff, 0xff, 0xff, 0xff,
    0xff, 0xff, 0xff, 0xff, 0x3c, 0xe7, 0x47, 0x21, 0xc5, 0x10, 0xc4, 0x10,
    0xe5, 0x10, 0xc4, 0x10, 0xc5, 0x10, 0xc5, 0x08, 0xc5, 0x10, 0xe5, 0x10,
    0x8b, 0x4a, 0x72, 0x8c, 0xe5, 0x10, 0x47, 0x21, 0x19, 0xc6, 0xff, 0xff,
    0xff, 0xff, 0xff, 0xff, 0x76, 0xad, 0xe5, 0x10, 0xc5, 0x10, 0xc5, 0x10,
    0xc5, 0x10, 0xc5, 0x10, 0xc4, 0x10, 0xc4, 0x10, 0xe5, 0x10, 0xc5, 0x10,
    0xc5, 0x10, 0xc5, 0x10, 0xe4, 0x08, 0xc5, 0x10, 0xc5, 0x10, 0xc5, 0x10,
    0xc4, 0x10, 0xc5, 0x10, 0xc5, 0x10, 0xe5, 0x10, 0xc5, 0x10, 0xc5, 0x08,
    0xe4, 0x10, 0xc5, 0x10, 0xc5, 0x10, 0xc4, 0x10, 0xc5, 0x10, 0xc5, 0x10,
    0xc5, 0x10, 0xc4, 0x10, 0xc5, 0x08, 0xc5, 0x10, 0xe5, 0x10, 0xc5, 0x10,
    0xc5, 0x10, 0xc5, 0x08, 0xe5, 0x10, 0xc5, 0x10, 0xc5, 0x10, 0xc4, 0x08,
    0xc5, 0x10, 0xc4, 0x10, 0xe5, 0x10, 0xc5, 0x10, 0xc5, 0x10, 0xe4, 0x10,
    0xc5, 0x08, 0xc5, 0x10, 0xe5, 0x10, 0xc4, 0x10, 0xc5, 0x10, 0xc5, 0x08,
    0xc4, 0x10, 0xc4, 0x10, 0xc5, 0x10, 0xc5, 0x10, 0xc4, 0x10, 0xc4, 0x10,
    0xe5, 0x10, 0xc5, 0x08, 0xc5, 0x10, 0xc5, 0x10, 0xc5, 0x10, 0xe4, 0x10,
    0xc4, 0x10, 0xc5, 0x10, 0xe4, 0x10, 0xc5, 0x10, 0xc5, 0x10, 0x46, 0x21,
    0xdb, 0xde, 0xdb, 0xde, 0xc9, 0x31, 0xe5, 0x10, 0xc4, 0x10, 0xc5, 0x10,
    0xe5, 0x10, 0xe5, 0x10, 0xc5, 0x10, 0xc5, 0x10, 0xc5, 0x10, 0xe5, 0x10,
    0xe5, 0x10, 0xe5, 0x10, 0xe5, 0x10, 0xc5, 0x10, 0xc5, 0x10, 0xe5, 0x10,
    0xc5, 0x10, 0xc5, 0x10, 0xc5, 0x10, 0xe5, 0x10, 0x26, 0x11, 0x0f, 0x2b,
    0x1a, 0x4d, 0x9b, 0x55, 0x9b, 0x55, 0x9c, 0x55, 0x9c, 0x55, 0x3a, 0x4d,
    0x7b, 0x55, 0x9b, 0x55, 0x7b, 0x55, 0x5a, 0x4d, 0x19, 0x4d, 0xf9, 0x4c,
    0x3a, 0x4d, 0x7b, 0x4d, 0x9b, 0x55, 0x9c, 0x55, 0x9c, 0x55, 0x5a, 0x4d,
    0x15, 0x3c, 0xcf, 0x2a, 0x88, 0x19, 0xe5, 0x10, 0xc5, 0x10, 0xc5, 0x10,
    0xc5, 0x10, 0xc4, 0x10, 0xe5, 0x10, 0xc5, 0x10, 0xc5, 0x10, 0xe5, 0x10,
    0xc5, 0x10, 0xe5, 0x10, 0x46, 0x21, 0xec, 0x52, 0xf4, 0x9c, 0x1c, 0xe7,
    0xff, 0xff, 0xff, 0xff, 0xff, 0xff, 0xf4, 0x9c, 0xe5, 0x10, 0xc5, 0x10,
    0xc4, 0x10, 0xe5, 0x10, 0x18, 0xbe, 0xff, 0xff, 0xff, 0xff, 0x2a, 0x42,
    0xe5, 0x10, 0xc5, 0x10, 0x06, 0x11, 0xf8, 0x4c, 0x9c, 0x55, 0x9c, 0x55,
    0x9b, 0x55, 0x19, 0x4d, 0x0b, 0x22, 0xe5, 0x10, 0xe5, 0x10, 0xe5, 0x10,
    0xe5, 0x10, 0xe5, 0x10, 0xe5, 0x10, 0xe5, 0x10, 0xe5, 0x10, 0xe5, 0x10,
    0xe5, 0x10, 0xe5, 0x10, 0xe5, 0x10, 0xe5, 0x10, 0xe5, 0x10, 0xe5, 0x10,
    0xe5, 0x10, 0xe5, 0x10, 0xe5, 0x10, 0x47, 0x11, 0xf8, 0x4c, 0x9c, 0x55,
    0x9c, 0x55, 0x9b, 0x55, 0xd8, 0x44, 0x47, 0x19, 0xc5, 0x10, 0xc5, 0x10,
    0xc4, 0x10, 0x46, 0x21, 0x9a, 0xd6, 0xff, 0xff, 0x7d, 0xef, 0x2a, 0x3a,
    0x0a, 0x3a, 0x9e, 0xf7, 0xed, 0x5a, 0xc5, 0x10, 0xc5, 0x10, 0xc5, 0x10,
    0xe5, 0x10, 0xc5, 0x10, 0xc4, 0x10, 0xe5, 0x08, 0xe5, 0x10, 0x4a, 0x42,
    0xbe, 0xf7, 0xff, 0xff, 0xff, 0xff, 0xff, 0xff, 0xff, 0xff, 0xff, 0xff,
    0xff, 0xff, 0xff, 0xff, 0x5a, 0xce, 0x05, 0x19, 0xc5, 0x10, 0xc5, 0x10,
    0xc4, 0x10, 0xc5, 0x08, 0xe5, 0x10, 0xe4, 0x10, 0xc5, 0x10, 0x26, 0x19,
    0x7a, 0xce, 0xff, 0xff, 0xff, 0xff, 0xff, 0xff, 0xff, 0xff, 0xff, 0xff,
    0xff, 0xff, 0xff, 0xff, 0x3d, 0xef, 0x67, 0x21, 0xc4, 0x10, 0xc5, 0x10,
    0xc5, 0x10, 0xc5, 0x10, 0xe4, 0x10, 0xc5, 0x10, 0xc5, 0x10, 0xc5, 0x10,
    0xab, 0x4a, 0xbe, 0xf7, 0xd0, 0x73, 0xe5, 0x10, 0xa8, 0x31, 0xdb, 0xde,
    0xff, 0xff, 0xff, 0xff, 0xdf, 0xff, 0x52, 0x84, 0xe5, 0x10, 0xc5, 0x10,
    0xc5, 0x10, 0xc4, 0x10, 0xc5, 0x10, 0xc5, 0x10, 0xc4, 0x10, 0xc5, 0x10,
    0xc5, 0x10, 0xc4, 0x10, 0xc5, 0x10, 0xe5, 0x10, 0xc5, 0x10, 0xc4, 0x10,
    0xe5, 0x10, 0xc5, 0x10, 0xc5, 0x08, 0xc4, 0x10, 0xc5, 0x10, 0xc5, 0x10,
    0xe5, 0x10, 0xc5, 0x10, 0xe4, 0x10, 0xc5, 0x10, 0xc5, 0x10, 0xc5, 0x08,
    0xe4, 0x10, 0xc5, 0x10, 0xc5, 0x10, 0xe5, 0x10, 0xc4, 0x08, 0xc5, 0x10,
    0xc5, 0x10, 0xe5, 0x10, 0xc4, 0x10, 0xc4, 0x10, 0xc5, 0x10, 0xe5, 0x10,
    0xc5, 0x10, 0xc5, 0x10, 0xc4, 0x10, 0xe5, 0x10, 0xc4, 0x10, 0xc5, 0x10,
    0xc5, 0x10, 0xe5, 0x10, 0xc4, 0x10, 0xc5, 0x10, 0xc5, 0x10, 0xc5, 0x10,
    0xe5, 0x10, 0xc5, 0x08, 0xc5, 0x10, 0xe5, 0x10, 0xc5, 0x10, 0xc5, 0x10,
    0xc5, 0x10, 0xe4, 0x10, 0xc5, 0x10, 0xc5, 0x10, 0xe4, 0x10, 0xc5, 0x08,
    0xc5, 0x10, 0xc5, 0x10, 0xc5, 0x10, 0xc4, 0x10, 0xc5, 0x10, 0x2d, 0x5b,
    0xfc, 0xde, 0x0a, 0x3a, 0xe5, 0x10, 0xc5, 0x10, 0xc5, 0x10, 0xc5, 0x10,
    0xc4, 0x10, 0xc5, 0x10, 0xc5, 0x10, 0x47, 0x11, 0xef, 0x2a, 0x35, 0x44,
    0xd8, 0x4c, 0x19, 0x4d, 0xb7, 0x44, 0xb3, 0x3b, 0x4c, 0x22, 0xe5, 0x10,
    0xc5, 0x10, 0xc5, 0x10, 0xc5, 0x10, 0x4c, 0x22, 0xd8, 0x4c, 0x9b, 0x55,
    0x9c, 0x55, 0x9c, 0x55, 0x9c, 0x55, 0x9c, 0x55, 0x7b, 0x55, 0x9b, 0x4d,
    0xb8, 0x44, 0x10, 0x33, 0xca, 0x19, 0x06, 0x11, 0xc5, 0x10, 0xc5, 0x10,
    0x05, 0x11, 0x67, 0x19, 0x4c, 0x22, 0xd3, 0x3b, 0x5a, 0x4d, 0x9b, 0x55,
    0x7b, 0x55, 0x9c, 0x55, 0x9b, 0x55, 0xb7, 0x44, 0x30, 0x33, 0x88, 0x19,
    0xc5, 0x10, 0xc5, 0x10, 0xc5, 0x10, 0xc5, 0x10, 0xc4, 0x10, 0xe5, 0x10,
    0xc5, 0x10, 0xc5, 0x10, 0xc5, 0x10, 0xe5, 0x10, 0xc5, 0x10, 0x05, 0x11,
    0x6b, 0x42, 0xd3, 0x94, 0xfc, 0xde, 0xbb, 0xd6, 0xe5, 0x10, 0xc5, 0x10,
    0xc5, 0x10, 0xe4, 0x10, 0x31, 0x7c, 0xff, 0xff, 0xff, 0xff, 0x31, 0x84,
    0xc5, 0x10, 0xc5, 0x10, 0xe4, 0x10, 0xce, 0x2a, 0x7b, 0x4d, 0x9c, 0x55,
    0x9b, 0x55, 0x9c, 0x55, 0x7b, 0x55, 0xf8, 0x4c, 0x97, 0x44, 0x76, 0x44,
    0x56, 0x44, 0x56, 0x44, 0x56, 0x3c, 0x56, 0x44, 0x56, 0x3c, 0x56, 0x44,
    0x56, 0x3c, 0x56, 0x44, 0x56, 0x44, 0x56, 0x44, 0x56, 0x44, 0x56, 0x44,
    0x76, 0x44, 0x76, 0x44, 0x97, 0x44, 0x3a, 0x4d, 0x9c, 0x55, 0x9b, 0x55,
    0x9c, 0x55, 0x9b, 0x55, 0xb8, 0x44, 0x27, 0x11, 0xc5, 0x10, 0xc4, 0x10,
    0xc5, 0x10, 0xe5, 0x10, 0x15, 0x9d, 0xff, 0xff, 0xff, 0xff, 0x8f, 0x6b,
    0x46, 0x21, 0x7a, 0xce, 0xcc, 0x52, 0xc5, 0x10, 0xc5, 0x10, 0xe4, 0x10,
    0xc4, 0x08, 0xc5, 0x10, 0xc5, 0x10, 0xc4, 0x10, 0xe5, 0x10, 0x4a, 0x42,
    0xbe, 0xf7, 0xff, 0xff, 0xff, 0xff, 0xff, 0xff, 0xff, 0xff, 0xff, 0xff,
    0xff, 0xff, 0xff, 0xff, 0x5a, 0xce, 0x05, 0x19, 0xc5, 0x10, 0xe5, 0x08,
    0xc4, 0x10, 0xc5, 0x10, 0xc5, 0x10, 0xc5, 0x10, 0xc5, 0x10, 0x26, 0x19,
    0x7a, 0xce, 0xff, 0xff, 0xff, 0xff, 0xff, 0xff, 0xff, 0xff, 0xff, 0xff,
    0xff, 0xff, 0xff, 0xff, 0x3c, 0xe7, 0x47, 0x21, 0xc5, 0x10, 0xe5, 0x10,
    0xc5, 0x10, 0xc5, 0x10, 0xc5, 0x10, 0xc5, 0x10, 0xe4, 0x10, 0xc4, 0x10,
    0xac, 0x4a, 0xff, 0xff, 0x9e, 0xf7, 0xac, 0x52, 0xe5, 0x10, 0x4a, 0x42,
    0x7e, 0xef, 0xff, 0xff, 0xff, 0xff, 0xff, 0xff, 0x0d, 0x5b, 0xc5, 0x10,
    0xc5, 0x10, 0xe5, 0x10, 0xe5, 0x10, 0xc5, 0x10, 0xc5, 0x10, 0xe4, 0x08,
    0xe5, 0x10, 0xc5, 0x10, 0xc5, 0x10, 0xc5, 0x10, 0xe4, 0x10, 0xc5, 0x08,
    0xc5, 0x10, 0xe5, 0x10, 0xc4, 0x10, 0xe5, 0x10, 0xc5, 0x10, 0xc4, 0x10,
    0xc4, 0x10, 0xc5, 0x08, 0xc5, 0x10, 0xe5, 0x10, 0xc5, 0x10, 0xe4, 0x10,
    0xc5, 0x10, 0xc5, 0x10, 0xc5, 0x10, 0xe4, 0x10, 0xc5, 0x10, 0xc4, 0x10,
    0xe5, 0x10, 0xc4, 0x10, 0xc5, 0x10, 0xc5, 0x10, 0xe5, 0x08, 0xc5, 0x10,
    0xc5, 0x10, 0xc5, 0x10, 0xe5, 0x10, 0xc5, 0x08, 0xc5, 0x10, 0xc5, 0x10,
    0xc5, 0x10, 0xc4, 0x10, 0xc5, 0x10, 0xc5, 0x08, 0xe4, 0x10, 0xe4, 0x10,
    0xc5, 0x10, 0xc5, 0x10, 0xe5, 0x10, 0xc5, 0x10, 0xe4, 0x08, 0xc5, 0x10,
    0xc5, 0x10, 0xc5, 0x10, 0xc4, 0x10, 0xe5, 0x10, 0xc5, 0x10, 0xc5, 0x10,
    0xc5, 0x10, 0xe5, 0x10, 0xc5, 0x08, 0xc5, 0x10, 0xe5, 0x10, 0xf4, 0x9c,
    0x4a, 0x42, 0xe5, 0x10, 0xc5, 0x10, 0xc5, 0x10, 0xc5, 0x10, 0xe5, 0x08,
    0xc5, 0x10, 0xe5, 0x10, 0xad, 0x2a, 0x3a, 0x4d, 0x9b, 0x55, 0x9b, 0x55,
    0xb7, 0x44, 0x2b, 0x22, 0x26, 0x11, 0xae, 0x2a, 0x9b, 0x55, 0xd8, 0x44,
    0x2b, 0x22, 0xe5, 0x10, 0xb3, 0x3b, 0x9b, 0x55, 0x9b, 0x55, 0x9c, 0x55,
    0x9c, 0x55, 0x9b, 0x55, 0x9b, 0x55, 0x7b, 0x55, 0x55, 0x44, 0x2b, 0x22,
    0xe5, 0x10, 0xc5, 0x10, 0xe5, 0x10, 0xc5, 0x10, 0xc5, 0x10, 0xc5, 0x10,
    0xc5, 0x10, 0xc4, 0x10, 0xc5, 0x10, 0xe5, 0x10, 0x26, 0x11, 0xef, 0x2a,
    0x19, 0x4d, 0x9b, 0x55, 0x9c, 0x55, 0x9c, 0x55, 0x9c, 0x55, 0x7b, 0x4d,
    0x35, 0x3c, 0x0b, 0x22, 0xe5, 0x10, 0xc5, 0x10, 0xc5, 0x10, 0xc4, 0x10,
    0xc5, 0x10, 0xc4, 0x10, 0xe5, 0x08, 0xc5, 0x10, 0xc5, 0x10, 0xc5, 0x10,
    0xe5, 0x10, 0xe5, 0x10, 0xe5, 0x10, 0xe9, 0x39, 0xe5, 0x10, 0xc5, 0x10,
    0xe5, 0x10, 0xe5, 0x10, 0x4a, 0x42, 0xff, 0xff, 0xff, 0xff, 0xf8, 0xc5,
    0x05, 0x19, 0xc5, 0x10, 0xc5, 0x10, 0xe5, 0x10, 0x14, 0x3c, 0x9c, 0x55,
    0x9b, 0x55, 0x9c, 0x55, 0x9c, 0x55, 0x9b, 0x55, 0x9b, 0x55, 0x9b, 0x4d,
    0x9c, 0x55, 0x9b, 0x55, 0x9b, 0x55, 0x9b, 0x55, 0x9b, 0x55, 0x9b, 0x55,
    0x9b, 0x55, 0x9b, 0x55, 0x9b, 0x55, 0x9b, 0x4d, 0x9b, 0x55, 0x9c, 0x55,
    0x9b, 0x55, 0x9b, 0x4d, 0x9c, 0x55, 0x9c, 0x55, 0x9b, 0x55, 0x9c, 0x55,
    0x9c, 0x55, 0x9b, 0x55, 0xf4, 0x3b, 0xe5, 0x10, 0xc4, 0x10, 0xc5, 0x10,
    0xe5, 0x10, 0xc5, 0x10, 0x2e, 0x5b, 0xff, 0xff, 0xff, 0xff, 0x56, 0xad,
    0xe5, 0x10, 0xf4, 0x9c, 0xec, 0x52, 0xc5, 0x10, 0xc5, 0x10, 0xc5, 0x10,
    0xc5, 0x10, 0xc5, 0x10, 0xe5, 0x10, 0xc5, 0x10, 0xc5, 0x10, 0x4a, 0x42,
    0xbf, 0xf7, 0xff, 0xff, 0xff, 0xff, 0xff, 0xff, 0xff, 0xff, 0xff, 0xff,
    0xff, 0xff, 0xff, 0xff, 0x5a, 0xce, 0x06, 0x19, 0xc5, 0x10, 0xc5, 0x10,
    0xe5, 0x10, 0xc5, 0x10, 0xe4, 0x10, 0xc5, 0x08, 0xc5, 0x10, 0x26, 0x19,
    0x7a, 0xce, 0xff, 0xff, 0xff, 0xff, 0xff, 0xff, 0xff, 0xff, 0xff, 0xff,
    0xff, 0xff, 0xff, 0xff, 0x3c, 0xe7, 0x67, 0x21, 0xc5, 0x10, 0xc5, 0x10,
    0xe5, 0x10, 0xe4, 0x10, 0xc5, 0x10, 0xc5, 0x08, 0xc5, 0x10, 0xe5, 0x10,
    0xab, 0x4a, 0xff, 0xff, 0xff, 0xff, 0xfc, 0xde, 0xa8, 0x31, 0xe5, 0x10,
    0x2e, 0x63, 0xdf, 0xff, 0xff, 0xff, 0xff, 0xff, 0x7d, 0xef, 0xc8, 0x31,
    0xc5, 0x10, 0xc5, 0x10, 0xc4, 0x10, 0xe5, 0x10, 0xc5, 0x10, 0xc5, 0x10,
    0xc4, 0x10, 0xe5, 0x10, 0xc4, 0x08, 0xc5, 0x10, 0xc5, 0x10, 0xe4, 0x10,
    0xc5, 0x10, 0xc5, 0x10, 0xc5, 0x10, 0xc5, 0x10, 0xe5, 0x08, 0xc5, 0x10,
    0xe5, 0x10, 0xc5, 0x10, 0xc5, 0x10, 0xc4, 0x08, 0xc5, 0x10, 0xc5, 0x10,
    0xc4, 0x10, 0xe5, 0x08, 0xc5, 0x10, 0xc5, 0x10, 0xc5, 0x10, 0xc5, 0x10,
    0xe5, 0x08, 0xc5, 0x10, 0xc5, 0x10, 0xe5, 0x10, 0xc5, 0x10, 0xc4, 0x10,
    0xc5, 0x10, 0xc4, 0x10, 0xc5, 0x10, 0xc5, 0x10, 0xc4, 0x10, 0xe5, 0x10,
    0xc4, 0x08, 0xe5, 0x10, 0xe5, 0x10, 0xc5, 0x10, 0xc5, 0x10, 0xc5, 0x10,
    0xc5, 0x10, 0xe5, 0x10, 0xc4, 0x10, 0xc4, 0x10, 0xc5, 0x10, 0xe5, 0x10,
    0xc5, 0x10, 0xc4, 0x08, 0xe5, 0x10, 0xc5, 0x10, 0xc5, 0x08, 0xc4, 0x10,
    0xe5, 0x10, 0xc4, 0x10, 0xe4, 0x10, 0xc5, 0x10, 0x26, 0x19, 0xe8, 0x31,
    0xe5, 0x10, 0xc5, 0x10, 0xc5, 0x10, 0xc4, 0x10, 0xc4, 0x10, 0xc5, 0x10,
    0x05, 0x11, 0x51, 0x33, 0x7b, 0x4d, 0x9b, 0x55, 0x9c, 0x55, 0x7b, 0x55,
    0x8d, 0x22, 0xc5, 0x10, 0xc5, 0x10, 0xc9, 0x19, 0xa9, 0x19, 0x05, 0x11,
    0xe5, 0x10, 0xc5, 0x10, 0xa9, 0x19, 0x71, 0x33, 0x3a, 0x4d, 0x9b, 0x55,
    0x5a, 0x4d, 0xf3, 0x3b, 0xef, 0x2a, 0xa9, 0x19, 0xe5, 0x10, 0xc5, 0x10,
    0xe5, 0x10, 0xa8, 0x19, 0x8d, 0x2a, 0x10, 0x2b, 0x0f, 0x33, 0x6d, 0x2a,
    0x88, 0x19, 0xc5, 0x10, 0xc5, 0x10, 0xe5, 0x10, 0xc4, 0x10, 0xe5, 0x10,
    0x06, 0x11, 0xce, 0x2a, 0xd8, 0x44, 0x9b, 0x55, 0x9b, 0x55, 0x7c, 0x55,
    0x7b, 0x55, 0x7b, 0x55, 0x76, 0x44, 0x4c, 0x22, 0xe5, 0x10, 0xc5, 0x10,
    0xc5, 0x10, 0xc5, 0x10, 0xc4, 0x10, 0xc5, 0x10, 0xc4, 0x10, 0xc4, 0x10,
    0xc5, 0x10, 0xe5, 0x10, 0xc5, 0x10, 0xe5, 0x10, 0xc5, 0x10, 0xc5, 0x10,
    0xc4, 0x10, 0xc5, 0x10, 0x05, 0x11, 0x3d, 0xe7, 0xff, 0xff, 0x9e, 0xf7,
    0x47, 0x21, 0xc5, 0x10, 0xc5, 0x10, 0xc4, 0x10, 0x26, 0x11, 0xd3, 0x3b,
    0x7b, 0x4d, 0x9c, 0x55, 0x9c, 0x55, 0x9c, 0x55, 0x9c, 0x55, 0x9c, 0x55,
    0x9c, 0x55, 0x9c, 0x55, 0x9c, 0x55, 0x9c, 0x55, 0x9c, 0x55, 0x9c, 0x55,
    0x9c, 0x55, 0x9c, 0x55, 0x9c, 0x55, 0x9c, 0x55, 0x9c, 0x55, 0x9c, 0x55,
    0x9c, 0x55, 0x9c, 0x55, 0x9c, 0x55, 0x9c, 0x55, 0x9c, 0x55, 0x9c, 0x55,
    0x9b, 0x55, 0x5a, 0x4d, 0xea, 0x21, 0xc5, 0x10, 0xc5, 0x10, 0xe5, 0x10,
    0xc5, 0x10, 0xc4, 0x08, 0xe8, 0x31, 0x5d, 0xef, 0xff, 0xff, 0xfb, 0xde,
    0x26, 0x21, 0xed, 0x5a, 0xac, 0x52, 0xe5, 0x10, 0xc5, 0x10, 0xe5, 0x10,
    0xc5, 0x10, 0xc4, 0x10, 0xe5, 0x08, 0xc5, 0x10, 0xe5, 0x10, 0x4a, 0x42,
    0xbe, 0xf7, 0xff, 0xff, 0xff, 0xff, 0xff, 0xff, 0xff, 0xff, 0xff, 0xff,
    0xff, 0xff, 0xff, 0xff, 0x59, 0xce, 0x05, 0x19, 0xc5, 0x10, 0xe5, 0x10,
    0xc4, 0x10, 0xc5, 0x10, 0xc5, 0x10, 0xe4, 0x10, 0xc5, 0x10, 0x26, 0x19,
    0x7a, 0xce, 0xff, 0xff, 0xff, 0xff, 0xff, 0xff, 0xff, 0xff, 0xff, 0xff,
    0xff, 0xff, 0xff, 0xff, 0x3d, 0xe7, 0x47, 0x21, 0xc4, 0x10, 0xc4, 0x10,
    0xc5, 0x10, 0xc4, 0x10, 0xc5, 0x10, 0xe5, 0x10, 0xc4, 0x10, 0xc5, 0x10,
    0xab, 0x4a, 0xff, 0xff, 0xff, 0xff, 0xff, 0xff, 0xf8, 0xbd, 0x26, 0x19,
    0x05, 0x19, 0x93, 0x94, 0xff, 0xff, 0xff, 0xff, 0xff, 0xff, 0xbb, 0xd6,
    0x26, 0x19, 0xc5, 0x10, 0xc5, 0x10, 0xc4, 0x10, 0xc5, 0x10, 0xc5, 0x10,
    0xc5, 0x10, 0xc5, 0x10, 0xe5, 0x10, 0xc4, 0x10, 0xc5, 0x10, 0xc5, 0x10,
    0xc5, 0x10, 0xc4, 0x08, 0xe4, 0x10, 0xc5, 0x10, 0xc4, 0x10, 0xc5, 0x10,
    0xc5, 0x10, 0xe5, 0x10, 0xc4, 0x10, 0xc5, 0x10, 0xc5, 0x10, 0xe5, 0x10,
    0xc5, 0x10, 0xc5, 0x10, 0xe4, 0x10, 0xc4, 0x08, 0xc5, 0x10, 0xc5, 0x10,
    0xc5, 0x10, 0xc4, 0x10, 0xe5, 0x08, 0xc5, 0x10, 0xc4, 0x10, 0xc5, 0x10,
    0xc5, 0x10, 0xc5, 0x10, 0xe4, 0x10, 0xc5, 0x10, 0xc4, 0x10, 0xe5, 0x10,
    0xc5, 0x10, 0xc5, 0x10, 0xc5, 0x08, 0xc4, 0x10, 0xe5, 0x10, 0xc5, 0x10,
    0xc4, 0x08, 0xc5, 0x10, 0xc5, 0x10, 0xc5, 0x08, 0xc5, 0x10, 0xc5, 0x10,
    0xe4, 0x10, 0xc5, 0x10, 0xc5, 0x10, 0xc5, 0x10, 0xc4, 0x10, 0xe5, 0x10,
    0xc5, 0x08, 0xc5, 0x10, 0xc5, 0x10, 0xe5, 0x10, 0xc5, 0x10, 0xc4, 0x08,
    0xc5, 0x10, 0xc5, 0x10, 0xc5, 0x10, 0xc5, 0x10, 0x26, 0x19, 0xee, 0x3a,
    0xb7, 0x44, 0x9b, 0x55, 0x9c, 0x55, 0x9c, 0x55, 0x9c, 0x55, 0x9b, 0x55,
    0x8d, 0x2a, 0xc5, 0x10, 0xc5, 0x10, 0xc5, 0x10, 0xc5, 0x10, 0xe5, 0x10,
    0xe5, 0x10, 0xc5, 0x10, 0xc5, 0x10, 0xe5, 0x10, 0x67, 0x19, 0x51, 0x33,
    0xea, 0x21, 0xe5, 0x10, 0xc5, 0x10, 0xc5, 0x10, 0xc5, 0x10, 0x88, 0x19,
    0x35, 0x3c, 0x7b, 0x55, 0x9b, 0x55, 0x9c, 0x55, 0x5b, 0x4d, 0x92, 0x33,
    0xc9, 0x19, 0xc5, 0x10, 0xe5, 0x10, 0xc4, 0x10, 0xc5, 0x10, 0xc5, 0x10,
    0xc5, 0x10, 0xe5, 0x10, 0x05, 0x11, 0x4c, 0x22, 0xd3, 0x3b, 0x76, 0x44,
    0xf9, 0x4c, 0x5a, 0x4d, 0x7b, 0x55, 0x5b, 0x4d, 0x35, 0x3c, 0x47, 0x19,
    0xc5, 0x10, 0xe5, 0x10, 0xe5, 0x10, 0xc5, 0x10, 0xe5, 0x10, 0xe5, 0x10,
    0xc5, 0x10, 0xc5, 0x10, 0xc4, 0x08, 0xe5, 0x10, 0xc5, 0x10, 0xc4, 0x10,
    0xe5, 0x10, 0xc5, 0x10, 0xe5, 0x10, 0x96, 0xad, 0xff, 0xff, 0xff, 0xff,
    0xcc, 0x52, 0xe5, 0x10, 0xc5, 0x10, 0xe5, 0x10, 0xe5, 0x10, 0xe5, 0x10,
    0x8d, 0x2a, 0xd8, 0x44, 0x9b, 0x55, 0x9b, 0x55, 0x9c, 0x55, 0x9c, 0x55,
    0x9c, 0x55, 0x9b, 0x55, 0x9b, 0x55, 0x9c, 0x55, 0x9c, 0x55, 0x9b, 0x55,
    0x9c, 0x55, 0x9b, 0x55, 0x9b, 0x55, 0x9c, 0x55, 0x9b, 0x55, 0x9b, 0x55,
    0x9b, 0x55, 0x9c, 0x55, 0x9b, 0x55, 0x9b, 0x55, 0x9c, 0x55, 0x9b, 0x55,
    0x3a, 0x4d, 0x6d, 0x22, 0xe5, 0x10, 0xc5, 0x10, 0xc5, 0x10, 0xc5, 0x10,
    0xc4, 0x10, 0xc5, 0x10, 0x26, 0x19, 0x19, 0xc6, 0xff, 0xff, 0x9e, 0xf7,
    0x6b, 0x42, 0x05, 0x19, 0x26, 0x19, 0xc5, 0x10, 0xc4, 0x10, 0xc4, 0x08,
    0xe5, 0x10, 0xc5, 0x10, 0xc4, 0x10, 0xc5, 0x10, 0xe5, 0x10, 0x4a, 0x42,
    0xbe, 0xf7, 0xff, 0xff, 0xff, 0xff, 0xff, 0xff, 0xff, 0xff, 0xff, 0xff,
    0xff, 0xff, 0xff, 0xff, 0x5a, 0xce, 0x05, 0x19, 0xc5, 0x10, 0xc5, 0x08,
    0xc4, 0x10, 0xc5, 0x10, 0xc5, 0x08, 0xc5, 0x10, 0xc4, 0x10, 0x26, 0x19,
    0x7a, 0xce, 0xff, 0xff, 0xff, 0xff, 0xff, 0xff, 0xff, 0xff, 0xff, 0xff,
    0xff, 0xff, 0xff, 0xff, 0x3c, 0xe7, 0x67, 0x21, 0xc5, 0x10, 0xc5, 0x10,
    0xc5, 0x10, 0xc5, 0x10, 0xc5, 0x10, 0xe4, 0x10, 0xc5, 0x10, 0xc5, 0x10,
    0xab, 0x4a, 0xff, 0xff, 0xff, 0xff, 0xff, 0xff, 0xdf, 0xff, 0x93, 0x8c,
    0xe5, 0x10, 0x26, 0x19, 0xf8, 0xbd, 0xff, 0xff, 0xff, 0xff, 0xff, 0xff,
    0x15, 0xa5, 0xe5, 0x10, 0xc5, 0x10, 0xc5, 0x10, 0xe4, 0x10, 0xe5, 0x10,
    0xc5, 0x08, 0xc5, 0x10, 0xc5, 0x10, 0xe5, 0x10, 0xc5, 0x08, 0xc5, 0x10,
    0xc5, 0x10, 0xe5, 0x10, 0xc5, 0x10, 0xc5, 0x10, 0xc5, 0x10, 0xc4, 0x08,
    0xe5, 0x10, 0xc4, 0x10, 0xc5, 0x10, 0xe5, 0x10, 0xe5, 0x10, 0xc4, 0x08,
    0xc5, 0x10, 0xc5, 0x10, 0xc5, 0x10, 0xc5, 0x10, 0xe5, 0x10, 0xe4, 0x10,
    0xc4, 0x10, 0xc5, 0x10, 0xc5, 0x10, 0xc4, 0x10, 0xc5, 0x10, 0xe5, 0x10,
    0xc5, 0x10, 0xc5, 0x10, 0xc5, 0x10, 0xe5, 0x08, 0xc5, 0x10, 0xc5, 0x10,
    0xc5, 0x10, 0xc4, 0x10, 0xc5, 0x10, 0xc5, 0x10, 0xc4, 0x10, 0xc5, 0x10,
    0xc5, 0x10, 0xe4, 0x10, 0xc5, 0x10, 0xc5, 0x10, 0xe5, 0x10, 0xc4, 0x10,
    0xc5, 0x08, 0xe5, 0x10, 0xc5, 0x10, 0xc4, 0x10, 0xe5, 0x10, 0xc5, 0x10,
    0xc4, 0x10, 0xc5, 0x10, 0xc5, 0x10, 0xc4, 0x10, 0xc5, 0x10, 0xc5, 0x10,
    0xc5, 0x10, 0xc5, 0x10, 0xe4, 0x10, 0x67, 0x21, 0x97, 0xad, 0xfc, 0x75,
    0x9b, 0x55, 0x9c, 0x55, 0x9b, 0x55, 0x9c, 0x55, 0x9c, 0x55, 0x9b, 0x55,
    0xf4, 0x3b, 0xc5, 0x10, 0xc5, 0x10, 0xe5, 0x10, 0xc5, 0x10, 0x87, 0x29,
    0x8b, 0x4a, 0xac, 0x4a, 0x47, 0x21, 0xc5, 0x10, 0xc5, 0x10, 0xe5, 0x10,
    0xc5, 0x10, 0xc5, 0x10, 0xc5, 0x10, 0xc5, 0x10, 0xc5, 0x10, 0x92, 0x33,
    0x7b, 0x55, 0x9c, 0x55, 0x9b, 0x55, 0x9c, 0x55, 0x92, 0x33, 0xe5, 0x10,
    0xc5, 0x10, 0xc5, 0x10, 0xc5, 0x10, 0xc5, 0x10, 0xc5, 0x10, 0xe5, 0x10,
    0xc5, 0x10, 0xc5, 0x10, 0xc5, 0x10, 0xc5, 0x10, 0xe5, 0x10, 0x05, 0x11,
    0x06, 0x11, 0x26, 0x11, 0x47, 0x11, 0x67, 0x19, 0x26, 0x11, 0xe5, 0x10,
    0xc5, 0x10, 0xc4, 0x10, 0xc5, 0x08, 0xc5, 0x10, 0xc5, 0x10, 0xc5, 0x10,
    0xc5, 0x10, 0xc5, 0x10, 0xc5, 0x10, 0xc5, 0x10, 0xc4, 0x10, 0xc5, 0x10,
    0xe5, 0x10, 0xc5, 0x10, 0xc5, 0x08, 0x6f, 0x6b, 0xff, 0xff, 0xff, 0xff,
    0xd3, 0x94, 0xc5, 0x10, 0xc5, 0x10, 0xc5, 0x10, 0xc4, 0x10, 0xc5, 0x10,
    0xe5, 0x10, 0x26, 0x11, 0x6c, 0x22, 0x50, 0x33, 0xb2, 0x3b, 0xd3, 0x3b,
    0xf3, 0x3b, 0xf4, 0x3b, 0x14, 0x3c, 0x14, 0x3c, 0x14, 0x3c, 0x14, 0x3c,
    0x15, 0x3c, 0x35, 0x3c, 0x35, 0x3c, 0x35, 0x44, 0x35, 0x3c, 0x35, 0x3c,
    0x35, 0x44, 0x35, 0x3c, 0x35, 0x3c, 0x14, 0x3c, 0xd3, 0x3b, 0x10, 0x33,
    0x88, 0x19, 0xe5, 0x10, 0xc4, 0x10, 0xc5, 0x10, 0xc4, 0x08, 0xe4, 0x10,
    0xc5, 0x10, 0xe5, 0x10, 0xe5, 0x10, 0x72, 0x8c, 0xff, 0xff, 0xff, 0xff,
    0x11, 0x7c, 0xc5, 0x10, 0xc5, 0x10, 0xc5, 0x10, 0xc5, 0x10, 0xc5, 0x10,
    0xc5, 0x10, 0xe5, 0x10, 0xc5, 0x10, 0xc4, 0x10, 0xe5, 0x10, 0x4a, 0x42,
    0xbf, 0xf7, 0xff, 0xff, 0xff, 0xff, 0xff, 0xff, 0xff, 0xff, 0xff, 0xff,
    0xff, 0xff, 0xff, 0xff, 0x5a, 0xce, 0x06, 0x19, 0xc5, 0x10, 0xe5, 0x10,
    0xc5, 0x10, 0xe5, 0x10, 0xe4, 0x10, 0xc5, 0x10, 0xc5, 0x10, 0x26, 0x19,
    0x7a, 0xce, 0xff, 0xff, 0xff, 0xff, 0xff, 0xff, 0xff, 0xff, 0xff, 0xff,
    0xff, 0xff, 0xff, 0xff, 0x3c, 0xef, 0x67, 0x21, 0xc5, 0x10, 0xc5, 0x10,
    0xe5, 0x10, 0xe4, 0x10, 0xc5, 0x10, 0xc5, 0x08, 0xc4, 0x10, 0xc5, 0x10,
    0xab, 0x4a, 0xff, 0xff, 0xff, 0xff, 0xff, 0xff, 0xff, 0xff, 0x9f, 0xf7,
    0x0d, 0x5b, 0xe5, 0x10, 0xc8, 0x31, 0x3d, 0xe7, 0xff, 0xff, 0xff, 0xff,
    0xff, 0xff, 0x8f, 0x6b, 0xe5, 0x10, 0xc5, 0x10, 0xc5, 0x10, 0xc4, 0x10,
    0xc5, 0x10, 0xe4, 0x10, 0xc4, 0x10, 0xc5, 0x10, 0xe4, 0x10, 0xc5, 0x10,
    0xe4, 0x10, 0xc5, 0x10, 0xc5, 0x08, 0xe5, 0x10, 0xe5, 0x10, 0xc5, 0x10,
    0xc5, 0x10, 0xc5, 0x10, 0xc4, 0x08, 0xc5, 0x10, 0xc5, 0x10, 0xc4, 0x10,
    0xc5, 0x10, 0xe5, 0x10, 0xc4, 0x10, 0xc5, 0x10, 0xc5, 0x10, 0xc5, 0x08,
    0xe5, 0x10, 0xc5, 0x10, 0xe4, 0x10, 0xc5, 0x10, 0xc5, 0x10, 0xe5, 0x08,
    0xc5, 0x10, 0xc4, 0x10, 0xe5, 0x10, 0xc5, 0x10, 0xc4, 0x10, 0xc5, 0x10,
    0xe4, 0x08, 0xc5, 0x10, 0xe5, 0x10, 0xc4, 0x10, 0xe5, 0x10, 0xc5, 0x08,
    0xc5, 0x10, 0xe5, 0x10, 0xc4, 0x10, 0xc5, 0x10, 0xe5, 0x10, 0xc4, 0x10,
    0xc5, 0x10, 0xc5, 0x10, 0xc5, 0x10, 0xe5, 0x08, 0xc5, 0x10, 0xc5, 0x10,
    0xc5, 0x10, 0xe4, 0x10, 0xe5, 0x10, 0xc5, 0x08, 0xc4, 0x10, 0xe5, 0x10,
    0xe5, 0x10, 0xc5, 0x10, 0x26, 0x19, 0x96, 0xad, 0xdd, 0xbe, 0x9b, 0x55,
    0x9c, 0x55, 0x9c, 0x55, 0x9c, 0x55, 0x9c, 0x55, 0xbb, 0x55, 0x9b, 0x55,
    0x5a, 0x4d, 0xc9, 0x19, 0xc5, 0x10, 0xc5, 0x10, 0x46, 0x21, 0x5d, 0xef,
    0xdf, 0xff, 0xdf, 0xff, 0x3d, 0xe7, 0x4e, 0x63, 0xe5, 0x10, 0xc5, 0x10,
    0xc5, 0x10, 0x0b, 0x22, 0xcf, 0x2a, 0xce, 0x2a, 0x0a, 0x22, 0xa9, 0x19,
    0xd8, 0x4c, 0x9b, 0x55, 0x9b, 0x55, 0x9c, 0x55, 0xce, 0x2a, 0xc5, 0x10,
    0x05, 0x19, 0x4e, 0x63, 0xf1, 0x7b, 0xd0, 0x73, 0x0d, 0x5b, 0x2a, 0x3a,
    0x05, 0x19, 0xc5, 0x10, 0xc5, 0x10, 0xc5, 0x10, 0xc5, 0x10, 0xc4, 0x10,
    0xc5, 0x10, 0xc5, 0x10, 0xc4, 0x10, 0xe5, 0x10, 0xc5, 0x10, 0xc5, 0x10,
    0xc4, 0x10, 0xc5, 0x10, 0xc5, 0x10, 0x6c, 0x22, 0x14, 0x3c, 0x35, 0x44,
    0x14, 0x3c, 0xb2, 0x3b, 0x8d, 0x2a, 0x47, 0x11, 0xc5, 0x10, 0xc5, 0x10,
    0xc5, 0x10, 0xc4, 0x10, 0xe5, 0x10, 0xa8, 0x29, 0xdf, 0xff, 0xff, 0xff,
    0x9a, 0xd6, 0x06, 0x19, 0xc5, 0x10, 0xc4, 0x10, 0xc5, 0x10, 0xc5, 0x10,
    0xc5, 0x10, 0xc5, 0x10, 0xc5, 0x10, 0xc5, 0x10, 0xc5, 0x10, 0xe5, 0x10,
    0xe5, 0x10, 0xe5, 0x10, 0xe5, 0x10, 0xe5, 0x10, 0xe5, 0x10, 0xe5, 0x10,
    0xe5, 0x10, 0xe5, 0x10, 0xe5, 0x10, 0xe5, 0x10, 0xe5, 0x10, 0xe5, 0x10,
    0xe5, 0x10, 0xe5, 0x10, 0xe5, 0x10, 0xe5, 0x10, 0xe5, 0x10, 0xc5, 0x10,
    0xc5, 0x10, 0xc5, 0x10, 0xc5, 0x10, 0xc5, 0x10, 0xe5, 0x10, 0xc5, 0x10,
    0xc5, 0x10, 0xc5, 0x08, 0xc4, 0x10, 0xab, 0x4a, 0xdf, 0xff, 0xff, 0xff,
    0xd7, 0xbd, 0xe5, 0x10, 0xc5, 0x10, 0xc5, 0x10, 0xe5, 0x10, 0xe5, 0x10,
    0xc4, 0x10, 0xc4, 0x10, 0xc5, 0x08, 0xe5, 0x10, 0xe5, 0x10, 0x4a, 0x42,
    0xbe, 0xf7, 0xff, 0xff, 0xff, 0xff, 0xff, 0xff, 0xff, 0xff, 0xff, 0xff,
    0xff, 0xff, 0xff, 0xff, 0x59, 0xce, 0x05, 0x19, 0xc5, 0x10, 0xc5, 0x10,
    0xc5, 0x10, 0xc5, 0x10, 0xc4, 0x10, 0xc5, 0x10, 0xe5, 0x08, 0x26, 0x19,
    0x7a, 0xce, 0xff, 0xff, 0xff, 0xff, 0xff, 0xff, 0xff, 0xff, 0xff, 0xff,
    0xff, 0xff, 0xff, 0xff, 0x3d, 0xe7, 0x47, 0x21, 0xc4, 0x10, 0xc5, 0x10,
    0xc5, 0x10, 0xc5, 0x10, 0xc5, 0x10, 0xc5, 0x10, 0xe5, 0x10, 0xc5, 0x10,
    0xab, 0x4a, 0xff, 0xff, 0xff, 0xff, 0xff, 0xff, 0xff, 0xff, 0xff, 0xff,
    0x1c, 0xe7, 0xa8, 0x31, 0xe5, 0x10, 0xcc, 0x52, 0xdf, 0xff, 0xff, 0xff,
    0xff, 0xff, 0x7e, 0xf7, 0x09, 0x3a, 0xc5, 0x10, 0xc5, 0x10, 0xc5, 0x10,
    0xe5, 0x10, 0xc5, 0x10, 0xc5, 0x08, 0xc5, 0x10, 0xc5, 0x10, 0xc4, 0x08,
    0xc5, 0x10, 0xe4, 0x10, 0xc5, 0x10, 0xc4, 0x10, 0xc4, 0x10, 0xc5, 0x10,
    0xc5, 0x10, 0xe5, 0x10, 0xe5, 0x10, 0xc4, 0x10, 0xc5, 0x10, 0xc5, 0x10,
    0xe5, 0x10, 0xc4, 0x10, 0xc5, 0x08, 0xe5, 0x10, 0xc5, 0x10, 0xc4, 0x10,
    0xc5, 0x10, 0xc5, 0x10, 0xc5, 0x08, 0xe5, 0x10, 0xc5, 0x10, 0xc4, 0x10,
    0xc5, 0x10, 0xc5, 0x10, 0xc4, 0x10, 0xc5, 0x10, 0xc5, 0x10, 0xe5, 0x10,
    0xc5, 0x10, 0xc5, 0x10, 0xc5, 0x08, 0xe5, 0x10, 0xc5, 0x10, 0xe5, 0x10,
    0xc4, 0x10, 0xc5, 0x10, 0xc5, 0x10, 0xe4, 0x08, 0xc5, 0x10, 0xc5, 0x10,
    0xc5, 0x10, 0xe4, 0x10, 0xc5, 0x10, 0xc4, 0x10, 0xe4, 0x10, 0xc5, 0x10,
    0xc5, 0x08, 0xc5, 0x10, 0xc5, 0x10, 0xc5, 0x10, 0xe5, 0x10, 0xc4, 0x10,
    0xc4, 0x08, 0xc5, 0x10, 0x11, 0x7c, 0xbf, 0xf7, 0x1c, 0x7e, 0x9c, 0x55,
    0x9b, 0x55, 0x9c, 0x55, 0x9c, 0x55, 0x9b, 0x55, 0x9c, 0x55, 0x9b, 0x55,
    0x9c, 0x55, 0x56, 0x44, 0xe5, 0x10, 0xc5, 0x10, 0xe5, 0x10, 0x31, 0x7c,
    0x52, 0x84, 0xf0, 0x7b, 0xd7, 0xb5, 0xbe, 0xf7, 0xcc, 0x52, 0xc5, 0x10,
    0x6c, 0x2a, 0x5a, 0x4d, 0x5a, 0x4d, 0x30, 0x33, 0x71, 0x33, 0xd8, 0x44,
    0x5b, 0x55, 0x9c, 0x55, 0x9c, 0x55, 0x9b, 0x55, 0x72, 0x33, 0xc5, 0x10,
    0x26, 0x19, 0x59, 0xce, 0xff, 0xff, 0xff, 0xff, 0xdf, 0xff, 0x9e, 0xf7,
    0xdb, 0xde, 0xb3, 0x94, 0x09, 0x3a, 0xc5, 0x10, 0xc5, 0x10, 0xe5, 0x10,
    0xc5, 0x10, 0xc5, 0x10, 0xe5, 0x10, 0xc5, 0x10, 0xc5, 0x10, 0xc4, 0x10,
    0xe5, 0x10, 0xc5, 0x10, 0xe4, 0x10, 0x05, 0x11, 0x68, 0x19, 0x6d, 0x2a,
    0x14, 0x3c, 0x5b, 0x4d, 0x7b, 0x55, 0xf9, 0x4c, 0xce, 0x2a, 0x05, 0x11,
    0xc5, 0x10, 0xc5, 0x10, 0xe4, 0x10, 0xe5, 0x10, 0xbb, 0xd6, 0xff, 0xff,
    0xdf, 0xff, 0xc8, 0x31, 0xc5, 0x10, 0xe5, 0x10, 0xe5, 0x10, 0xc5, 0x08,
    0xe5, 0x10, 0xc5, 0x10, 0xc5, 0x10, 0xe5, 0x10, 0xc5, 0x10, 0xc5, 0x10,
    0xc5, 0x10, 0xc5, 0x10, 0xc5, 0x10, 0xc5, 0x10, 0xc5, 0x10, 0xc5, 0x10,
    0xc5, 0x10, 0xc5, 0x10, 0xc5, 0x10, 0xc5, 0x10, 0xc5, 0x10, 0xc5, 0x10,
    0xe5, 0x10, 0xc5, 0x10, 0xc5, 0x10, 0xc5, 0x10, 0xc5, 0x10, 0xc5, 0x10,
    0xe5, 0x10, 0xc4, 0x10, 0xc5, 0x10, 0xc5, 0x10, 0xc5, 0x10, 0xc5, 0x10,
    0xc5, 0x10, 0xe5, 0x10, 0xc5, 0x10, 0xa8, 0x29, 0xfc, 0xde, 0xff, 0xff,
    0x3d, 0xe7, 0x67, 0x29, 0xc5, 0x10, 0xc4, 0x10, 0xc4, 0x10, 0xc5, 0x10,
    0xc5, 0x10, 0xc5, 0x10, 0xe5, 0x10, 0xc5, 0x10, 0xe5, 0x10, 0x4a, 0x42,
    0xbe, 0xf7, 0xff, 0xff, 0xff, 0xff, 0xff, 0xff, 0xff, 0xff, 0xff, 0xff,
    0xff, 0xff, 0xff, 0xff, 0x5a, 0xce, 0x06, 0x19, 0xc5, 0x10, 0xe4, 0x08,
    0xc4, 0x10, 0xc5, 0x10, 0xc5, 0x08, 0xe5, 0x10, 0xc5, 0x10, 0x26, 0x19,
    0x79, 0xce, 0xff, 0xff, 0xff, 0xff, 0xff, 0xff, 0xff, 0xff, 0xff, 0xff,
    0xff, 0xff, 0xff, 0xff, 0x3c, 0xe7, 0x67, 0x21, 0xc5, 0x10, 0xc4, 0x10,
    0xe4, 0x10, 0xc5, 0x10, 0xc5, 0x10, 0xe4, 0x10, 0xc5, 0x10, 0xc5, 0x10,
    0xab, 0x4a, 0xff, 0xff, 0xff, 0xff, 0xff, 0xff, 0xff, 0xff, 0xff, 0xff,
    0xff, 0xff, 0xd8, 0xbd, 0x06, 0x19, 0xe5, 0x10, 0x93, 0x94, 0xff, 0xff,
    0xff, 0xff, 0xff, 0xff, 0x7a, 0xce, 0x26, 0x19, 0xc5, 0x10, 0xe5, 0x10,
    0xc4, 0x10, 0xc5, 0x10, 0xc5, 0x10, 0xe5, 0x10, 0xc5, 0x10, 0xc5, 0x10,
    0xc5, 0x10, 0xc5, 0x10, 0xc5, 0x10, 0xc5, 0x10, 0xc5, 0x10, 0xc5, 0x08,
    0xe4, 0x10, 0xc4, 0x10, 0xc5, 0x10, 0xc5, 0x10, 0xe5, 0x08, 0xe5, 0x10,
    0xc4, 0x10, 0xc5, 0x10, 0xc5, 0x10, 0xc5, 0x10, 0xe4, 0x10, 0xc5, 0x10,
    0xc5, 0x10, 0xc5, 0x10, 0xe4, 0x10, 0xc5, 0x10, 0xc5, 0x10, 0xe4, 0x10,
    0xc5, 0x10, 0xc5, 0x10, 0xe5, 0x10, 0xc5, 0x08, 0xc4, 0x10, 0xe5, 0x10,
    0xc5, 0x10, 0xc4, 0x10, 0xc5, 0x10, 0xc4, 0x10, 0xc5, 0x10, 0xc5, 0x10,
    0xe4, 0x10, 0xc5, 0x08, 0xc5, 0x10, 0xc5, 0x10, 0xc4, 0x10, 0xc5, 0x10,
    0xe5, 0x08, 0xc4, 0x10, 0xc5, 0x10, 0xc5, 0x10, 0xc5, 0x10, 0xc5, 0x10,
    0xc4, 0x10, 0xe5, 0x10, 0xc5, 0x10, 0xc4, 0x10, 0xc5, 0x10, 0xc5, 0x10,
    0xc5, 0x10, 0x09, 0x3a, 0x3c, 0xe7, 0x7e, 0xdf, 0x9c, 0x5d, 0x9c, 0x55,
    0x9c, 0x55, 0x9b, 0x55, 0x9c, 0x55, 0xbc, 0x55, 0xbc, 0x55, 0x9c, 0x55,
    0x9c, 0x55, 0x7b, 0x55, 0xae, 0x2a, 0xc5, 0x10, 0xc5, 0x10, 0xe5, 0x10,
    0xe5, 0x10, 0xc5, 0x10, 0x06, 0x19, 0x93, 0x8c, 0x8f, 0x6b, 0xe5, 0x10,
    0xd3, 0x3b, 0x7b, 0x55, 0x97, 0x44, 0x26, 0x11, 0xe5, 0x10, 0x92, 0x3b,
    0x9b, 0x55, 0x9c, 0x55, 0x9c, 0x55, 0x9b, 0x55, 0xb7, 0x44, 0x06, 0x11,
    0xe5, 0x10, 0x72, 0x8c, 0xff, 0xff, 0xff, 0xff, 0xff, 0xff, 0xff, 0xff,
    0xff, 0xff, 0xff, 0xff, 0x7e, 0xef, 0x72, 0x8c, 0x46, 0x21, 0xc5, 0x10,
    0xc4, 0x10, 0xe5, 0x10, 0xc5, 0x10, 0xc5, 0x08, 0xc5, 0x10, 0xc5, 0x10,
    0xc5, 0x10, 0xc5, 0x10, 0xc5, 0x10, 0xe5, 0x10, 0xe5, 0x10, 0xc5, 0x10,
    0x05, 0x11, 0x0b, 0x22, 0xb7, 0x44, 0x9b, 0x55, 0x7b, 0x55, 0xd4, 0x3b,
    0x06, 0x11, 0xc5, 0x10, 0xc5, 0x10, 0xc4, 0x10, 0xd4, 0x94, 0xff, 0xff,
    0xff, 0xff, 0x6e, 0x6b, 0xc5, 0x10, 0xc5, 0x10, 0xc4, 0x10, 0xa8, 0x19,
    0x92, 0x33, 0xb2, 0x33, 0xb2, 0x33, 0x51, 0x33, 0x26, 0x11, 0xc5, 0x10,
    0xc5, 0x10, 0xc5, 0x10, 0xe4, 0x10, 0xc5, 0x10, 0xc5, 0x10, 0xe5, 0x10,
    0x06, 0x11, 0x26, 0x11, 0x26, 0x11, 0x06, 0x11, 0xe5, 0x10, 0xc5, 0x10,
    0xc5, 0x10, 0xc5, 0x10, 0xc5, 0x10, 0xe5, 0x10, 0xe4, 0x10, 0xc5, 0x10,
    0x4c, 0x22, 0x76, 0x44, 0x76, 0x44, 0x55, 0x44, 0x51, 0x33, 0x06, 0x11,
    0xc5, 0x10, 0xc4, 0x10, 0xc4, 0x10, 0x05, 0x11, 0x97, 0xb5, 0xff, 0xff,
    0xbe, 0xf7, 0xcc, 0x52, 0xe5, 0x10, 0xc5, 0x10, 0xc5, 0x10, 0xc5, 0x10,
    0xc5, 0x08, 0xe5, 0x10, 0xc5, 0x10, 0xc4, 0x10, 0xe5, 0x10, 0x4a, 0x42,
    0xbf, 0xf7, 0xff, 0xff, 0xff, 0xff, 0xff, 0xff, 0xff, 0xff, 0xff, 0xff,
    0xff, 0xff, 0xff, 0xff, 0x5a, 0xce, 0x05, 0x19, 0xe5, 0x10, 0xc5, 0x10,
    0xe5, 0x10, 0xc5, 0x10, 0xe5, 0x10, 0xc4, 0x10, 0xc5, 0x10, 0x26, 0x19,
    0x7a, 0xce, 0xff, 0xff, 0xff, 0xff, 0xff, 0xff, 0xff, 0xff, 0xff, 0xff,
    0xff, 0xff, 0xff, 0xff, 0x3c, 0xe7, 0x67, 0x21, 0xc5, 0x10, 0xc5, 0x10,
    0xc5, 0x10, 0xc4, 0x10, 0xe5, 0x10, 0xc5, 0x08, 0xc4, 0x10, 0xc5, 0x10,
    0xab, 0x4a, 0xff, 0xff, 0xff, 0xff, 0xff, 0xff, 0xff, 0xff, 0xff, 0xff,
    0xff, 0xff, 0xdf, 0xff, 0xf1, 0x7b, 0xe5, 0x10, 0x26, 0x19, 0x59, 0xce,
    0xff, 0xff, 0xff, 0xff, 0xff, 0xff, 0x72, 0x8c, 0xe5, 0x10, 0xc5, 0x10,
    0xc5, 0x10, 0xc4, 0x10, 0xe5, 0x10, 0xc4, 0x10, 0xc4, 0x10, 0xe5, 0x10,
    0xe5, 0x10, 0xc5, 0x10, 0xc4, 0x08, 0xe5, 0x10, 0xe5, 0x10, 0xc5, 0x10,
    0xc5, 0x10, 0xc5, 0x08, 0xc5, 0x10, 0xc5, 0x10, 0xc5, 0x10, 0xc4, 0x10,
    0xc5, 0x08, 0xe5, 0x10, 0xe5, 0x10, 0xc4, 0x10, 0xc5, 0x08, 0xe5, 0x10,
    0xc5, 0x10, 0xe4, 0x08, 0xc5, 0x10, 0xc4, 0x10, 0xc5, 0x08, 0xc5, 0x10,
    0xc5, 0x10, 0xc4, 0x10, 0xc5, 0x10, 0xe5, 0x10, 0xc4, 0x10, 0xc5, 0x10,
    0xc4, 0x08, 0xe5, 0x10, 0xe5, 0x10, 0xc5, 0x10, 0xc4, 0x08, 0xc5, 0x10,
    0xc5, 0x10, 0xc5, 0x10, 0xc5, 0x10, 0xe5, 0x10, 0xc5, 0x10, 0xc5, 0x10,
    0xc5, 0x10, 0xc5, 0x10, 0xc5, 0x08, 0xe5, 0x10, 0xc5, 0x10, 0xe4, 0x08,
    0xe5, 0x10, 0xc5, 0x10, 0xc4, 0x08, 0xc5, 0x10, 0xe5, 0x10, 0xc5, 0x10,
    0xc5, 0x10, 0xd4, 0x94, 0xff, 0xff, 0x1d, 0xcf, 0x9b, 0x55, 0x9c, 0x55,
    0x9c, 0x55, 0x9c, 0x55, 0x9c, 0x55, 0x9c, 0x55, 0x9b, 0x55, 0xbc, 0x55,
    0x9b, 0x55, 0x9b, 0x55, 0x19, 0x4d, 0x67, 0x11, 0xc5, 0x10, 0xe5, 0x10,
    0x6a, 0x42, 0xb0, 0x73, 0xe5, 0x10, 0x06, 0x19, 0x05, 0x19, 0xe5, 0x10,
    0xb2, 0x3b, 0x7b, 0x55, 0xd8, 0x44, 0x47, 0x19, 0xc5, 0x10, 0xca, 0x21,
    0x3a, 0x4d, 0x9b, 0x55, 0x9c, 0x55, 0x9c, 0x55, 0x5a, 0x4d, 0xea, 0x21,
    0xc5, 0x10, 0x8c, 0x4a, 0xff, 0xff, 0xff, 0xff, 0xff, 0xff, 0xbe, 0xf7,
    0x3d, 0xef, 0xbb, 0xd6, 0x18, 0xbe, 0x35, 0xa5, 0x4a, 0x42, 0xc5, 0x10,
    0xc5, 0x10, 0xe4, 0x08, 0xc5, 0x10, 0xc4, 0x10, 0x46, 0x19, 0x8f, 0x6b,
    0x31, 0x84, 0x52, 0x84, 0x52, 0x84, 0x52, 0x84, 0xf1, 0x7b, 0xac, 0x52,
    0x06, 0x19, 0xe5, 0x10, 0x68, 0x19, 0x97, 0x44, 0x9b, 0x55, 0x9b, 0x55,
    0x51, 0x33, 0xc5, 0x10, 0xc5, 0x10, 0xe5, 0x10, 0xec, 0x52, 0xdf, 0xff,
    0xff, 0xff, 0x56, 0xad, 0xe5, 0x10, 0xc5, 0x10, 0xc5, 0x10, 0x68, 0x19,
    0x19, 0x4d, 0x9b, 0x55, 0x9b, 0x55, 0x5a, 0x4d, 0xca, 0x19, 0xc5, 0x10,
    0xc4, 0x10, 0xe4, 0x10, 0xc5, 0x10, 0xc5, 0x08, 0xe4, 0x10, 0x06, 0x11,
    0x14, 0x3c, 0x19, 0x4d, 0xf9, 0x4c, 0xf9, 0x4c, 0x50, 0x33, 0xc5, 0x10,
    0xc5, 0x10, 0xe4, 0x10, 0xc5, 0x10, 0xc4, 0x10, 0xc5, 0x10, 0xc5, 0x08,
    0x2b, 0x22, 0x7b, 0x4d, 0x9b, 0x55, 0x7b, 0x55, 0x19, 0x4d, 0x68, 0x19,
    0xc5, 0x10, 0xe5, 0x10, 0xc5, 0x10, 0xe5, 0x10, 0xd0, 0x73, 0xff, 0xff,
    0xff, 0xff, 0x73, 0x8c, 0xc5, 0x10, 0xc5, 0x10, 0xe5, 0x10, 0xe5, 0x10,
    0xc4, 0x10, 0xc4, 0x10, 0xc5, 0x10, 0xc5, 0x10, 0xe5, 0x10, 0x4a, 0x42,
    0xbe, 0xf7, 0xff, 0xff, 0xff, 0xff, 0xff, 0xff, 0xff, 0xff, 0xff, 0xff,
    0xff, 0xff, 0xff, 0xff, 0x59, 0xce, 0x05, 0x19, 0xc5, 0x10, 0xc5, 0x10,
    0xc5, 0x10, 0xc5, 0x10, 0xc4, 0x10, 0xc5, 0x10, 0xc5, 0x10, 0x26, 0x19,
    0x7a, 0xce, 0xff, 0xff, 0xff, 0xff, 0xff, 0xff, 0xff, 0xff, 0xff, 0xff,
    0xff, 0xff, 0xff, 0xff, 0x3d, 0xef, 0x47, 0x21, 0xc5, 0x10, 0xc5, 0x10,
    0xe5, 0x10, 0xc5, 0x10, 0xc4, 0x10, 0xc5, 0x10, 0xc5, 0x10, 0xc5, 0x10,
    0xab, 0x4a, 0xff, 0xff, 0xff, 0xff, 0xff, 0xff, 0xff, 0xff, 0xff, 0xff,
    0xff, 0xff, 0xff, 0xff, 0x7e, 0xf7, 0x2a, 0x3a, 0xe5, 0x10, 0x09, 0x3a,
    0x9e, 0xf7, 0xff, 0xff, 0xff, 0xff, 0xbf, 0xff, 0x8c, 0x4a, 0xe5, 0x10,
    0xc5, 0x10, 0xc5, 0x10, 0xe5, 0x10, 0xc5, 0x10, 0xc5, 0x08, 0xc5, 0x10,
    0xc5, 0x10, 0xe4, 0x10, 0xc5, 0x10, 0xc4, 0x10, 0xc5, 0x10, 0xc4, 0x10,
    0xe5, 0x10, 0xc5, 0x10, 0xc4, 0x10, 0xe4, 0x10, 0xc5, 0x10, 0xc5, 0x10,
    0xc5, 0x10, 0xc5, 0x10, 0xc4, 0x10, 0xc5, 0x10, 0xc5, 0x10, 0xc5, 0x10,
    0xc4, 0x10, 0xc5, 0x10, 0xc5, 0x10, 0xc5, 0x10, 0xe5, 0x10, 0xc4, 0x10,
    0xc5, 0x10, 0xc5, 0x10, 0xe4, 0x10, 0xc5, 0x10, 0xc5, 0x10, 0xc5, 0x10,
    0xc5, 0x10, 0xc5, 0x10, 0xc5, 0x10, 0xc4, 0x10, 0xe5, 0x10, 0xc5, 0x10,
    0xc4, 0x10, 0xe5, 0x10, 0xe4, 0x10, 0xc4, 0x10, 0xc5, 0x08, 0xe5, 0x10,
    0xe4, 0x10, 0xc4, 0x10, 0xc5, 0x10, 0xe5, 0x10, 0xc4, 0x10, 0xc5, 0x10,
    0xc5, 0x10, 0xc4, 0x10, 0xc5, 0x10, 0xe5, 0x10, 0xc5, 0x10, 0xe5, 0x10,
    0x87, 0x29, 0xfc, 0xde, 0xff, 0xff, 0xdd, 0xb6, 0x9c, 0x55, 0x9c, 0x55,
    0x9b, 0x55, 0x9c, 0x55, 0x9c, 0x55, 0x9b, 0x55, 0x9c, 0x55, 0x9c, 0x55,
    0x9c, 0x55, 0x9b, 0x55, 0x9b, 0x55, 0xb3, 0x3b, 0xc5, 0x10, 0xc5, 0x10,
    0x05, 0x19, 0xa8, 0x29, 0xc5, 0x10, 0xc4, 0x10, 0xc5, 0x10, 0xe5, 0x10,
    0x71, 0x33, 0x9b, 0x55, 0x7b, 0x55, 0xcf, 0x2a, 0xe5, 0x10, 0x06, 0x11,
    0x76, 0x44, 0x9c, 0x55, 0x9c, 0x55, 0x9b, 0x55, 0x7b, 0x55, 0x0f, 0x2b,
    0xc5, 0x10, 0x87, 0x29, 0x7e, 0xef, 0xdf, 0xff, 0x8f, 0x6b, 0xe9, 0x39,
    0xa8, 0x29, 0x67, 0x21, 0x06, 0x19, 0xe5, 0x10, 0xc5, 0x10, 0xc5, 0x10,
    0xc5, 0x10, 0xc5, 0x10, 0xc5, 0x10, 0xc5, 0x10, 0x05, 0x11, 0x2d, 0x63,
    0xf8, 0xbd, 0x9e, 0xf7, 0xff, 0xff, 0xff, 0xff, 0xff, 0xff, 0xbe, 0xf7,
    0x76, 0xad, 0x47, 0x21, 0xc5, 0x10, 0xea, 0x21, 0x5b, 0x55, 0x9b, 0x55,
    0x5a, 0x4d, 0x2b, 0x22, 0xe5, 0x10, 0xc5, 0x10, 0x46, 0x21, 0x9e, 0xf7,
    0xff, 0xff, 0xfc, 0xde, 0x47, 0x21, 0xc5, 0x10, 0xe5, 0x10, 0xe5, 0x10,
    0x56, 0x44, 0x9c, 0x55, 0x9c, 0x55, 0x7b, 0x55, 0xcf, 0x2a, 0xe5, 0x10,
    0xc5, 0x10, 0xc5, 0x10, 0xc5, 0x10, 0xc5, 0x10, 0xc5, 0x10, 0xe5, 0x10,
    0xd3, 0x3b, 0x9b, 0x55, 0x9c, 0x55, 0x9b, 0x55, 0xb8, 0x44, 0xc5, 0x10,
    0xc5, 0x10, 0xc5, 0x10, 0xe4, 0x10, 0xc5, 0x08, 0xc5, 0x10, 0xe5, 0x10,
    0x67, 0x19, 0x19, 0x4d, 0x9c, 0x55, 0x9b, 0x55, 0x7b, 0x4d, 0x4c, 0x22,
    0xc5, 0x10, 0xc5, 0x10, 0xe5, 0x10, 0xc5, 0x10, 0x2a, 0x3a, 0xbe, 0xf7,
    0xff, 0xff, 0x5a, 0xce, 0xe5, 0x10, 0xc5, 0x10, 0xc4, 0x10, 0xc5, 0x10,
    0xc5, 0x10, 0xe5, 0x08, 0xc4, 0x10, 0xc5, 0x10, 0xe5, 0x10, 0x4a, 0x42,
    0xbe, 0xf7, 0xff, 0xff, 0xff, 0xff, 0xff, 0xff, 0xff, 0xff, 0xff, 0xff,
    0xff, 0xff, 0xff, 0xff, 0x5a, 0xce, 0x06, 0x19, 0xc5, 0x10, 0xc5, 0x10,
    0xc4, 0x10, 0xc4, 0x10, 0xe5, 0x08, 0xc5, 0x10, 0xc5, 0x10, 0x26, 0x19,
    0x7a, 0xce, 0xff, 0xff, 0xff, 0xff, 0xff, 0xff, 0xff, 0xff, 0xff, 0xff,
    0xff, 0xff, 0xff, 0xff, 0x3c, 0xe7, 0x67, 0x21, 0xc4, 0x10, 0xc4, 0x10,
    0xc5, 0x10, 0xe5, 0x10, 0xc5, 0x10, 0xe5, 0x10, 0xe5, 0x10, 0xc4, 0x10,
    0xac, 0x4a, 0xff, 0xff, 0xff, 0xff, 0xff, 0xff, 0xff, 0xff, 0xff, 0xff,
    0xff, 0xff, 0xff, 0xff, 0xff, 0xff, 0x35, 0xa5, 0xc5, 0x10, 0xe5, 0x10,
    0xd0, 0x73, 0xff, 0xff, 0xff, 0xff, 0xff, 0xff, 0x9a, 0xd6, 0x67, 0x21,
    0xe5, 0x10, 0xc5, 0x10, 0xc4, 0x10, 0xc5, 0x10, 0xe5, 0x10, 0xc4, 0x10,
    0xc4, 0x08, 0xc5, 0x10, 0xe5, 0x10, 0xc5, 0x10, 0xc5, 0x10, 0xc5, 0x08,
    0xc4, 0x10, 0xe5, 0x10, 0xc5, 0x08, 0xc5, 0x10, 0xe5, 0x10, 0xe4, 0x10,
    0xc5, 0x10, 0xc5, 0x08, 0xc4, 0x10, 0xc5, 0x10, 0xe5, 0x10, 0xc4, 0x10,
    0xc5, 0x10, 0xe5, 0x10, 0xc5, 0x10, 0xc5, 0x10, 0xe5, 0x10, 0xc5, 0x10,
    0xc5, 0x10, 0xc5, 0x10, 0xc5, 0x10, 0xc5, 0x08, 0xc4, 0x10, 0xe5, 0x10,
    0xc5, 0x10, 0xe4, 0x10, 0xc5, 0x08, 0xc5, 0x10, 0xc5, 0x10, 0xe5, 0x10,
    0xc5, 0x10, 0xc5, 0x08, 0xc5, 0x10, 0xc5, 0x10, 0xc5, 0x10, 0xc4, 0x10,
    0xc5, 0x10, 0xe5, 0x10, 0xc5, 0x10, 0xc4, 0x10, 0xc5, 0x10, 0xc5, 0x10,
    0xc5, 0x10, 0xc5, 0x10, 0xc5, 0x10, 0xe5, 0x10, 0xe8, 0x31, 0x4e, 0x63,
    0x76, 0xad, 0xdf, 0xff, 0xff, 0xff, 0xbf, 0xef, 0xfd, 0xbe, 0x9d, 0xa6,
    0x1c, 0x7e, 0xbb, 0x65, 0x9c, 0x55, 0x9c, 0x55, 0x9c, 0x55, 0x9b, 0x55,
    0x9c, 0x55, 0x9c, 0x55, 0x9b, 0x55, 0x5b, 0x4d, 0xc9, 0x19, 0xc5, 0x10,
    0xc5, 0x10, 0xc5, 0x10, 0xc4, 0x10, 0xc5, 0x10, 0xe5, 0x08, 0xc5, 0x10,
    0xae, 0x2a, 0x9b, 0x55, 0x9c, 0x55, 0x3a, 0x4d, 0xad, 0x2a, 0xe5, 0x10,
    0xef, 0x2a, 0x9b, 0x55, 0x9c, 0x55, 0x9c, 0x55, 0x9b, 0x55, 0x14, 0x3c,
    0xc5, 0x10, 0x46, 0x21, 0xbb, 0xde, 0xff, 0xff, 0xb7, 0xb5, 0x26, 0x19,
    0xc5, 0x10, 0xc5, 0x10, 0xe5, 0x10, 0xc5, 0x10, 0xc4, 0x10, 0xc5, 0x10,
    0xe4, 0x10, 0xc5, 0x10, 0xc5, 0x10, 0xe4, 0x10, 0xc5, 0x08, 0xe5, 0x10,
    0x26, 0x19, 0x6a, 0x42, 0x14, 0x9d, 0x5d, 0xef, 0xff, 0xff, 0xff, 0xff,
    0xdf, 0xff, 0x8f, 0x6b, 0xe5, 0x10, 0x06, 0x11, 0x76, 0x44, 0x9c, 0x55,
    0x9c, 0x55, 0x97, 0x44, 0xe6, 0x10, 0xc5, 0x10, 0xe5, 0x10, 0x18, 0xc6,
    0xff, 0xff, 0xff, 0xff, 0x4a, 0x42, 0xc5, 0x10, 0xc5, 0x10, 0xc5, 0x10,
    0x50, 0x33, 0x9b, 0x55, 0x9c, 0x55, 0x9b, 0x55, 0xf4, 0x3b, 0xe5, 0x10,
    0xc5, 0x10, 0xc5, 0x10, 0xe4, 0x10, 0xc5, 0x10, 0xe4, 0x10, 0xc5, 0x10,
    0xae, 0x2a, 0x9b, 0x55, 0x9c, 0x55, 0x9b, 0x55, 0x7b, 0x4d, 0x67, 0x19,
    0xc5, 0x10, 0xc5, 0x10, 0xc5, 0x10, 0xc5, 0x10, 0xe5, 0x10, 0xc4, 0x10,
    0xe5, 0x10, 0x56, 0x44, 0x9b, 0x55, 0x9c, 0x55, 0x9c, 0x55, 0x71, 0x33,
    0xc5, 0x10, 0xc5, 0x10, 0xc4, 0x10, 0xc4, 0x10, 0x67, 0x21, 0x9a, 0xd6,
    0xff, 0xff, 0x7d, 0xef, 0xc8, 0x31, 0xc5, 0x10, 0xc5, 0x10, 0xc4, 0x10,
    0xc5, 0x10, 0xc5, 0x10, 0xe5, 0x10, 0xc4, 0x10, 0xe5, 0x10, 0x4a, 0x42,
    0xbf, 0xf7, 0xff, 0xff, 0xff, 0xff, 0xff, 0xff, 0xff, 0xff, 0xff, 0xff,
    0xff, 0xff, 0xff, 0xff, 0x5a, 0xce, 0x05, 0x19, 0xe5, 0x10, 0xc5, 0x10,
    0xe5, 0x08, 0xe5, 0x10, 0xc5, 0x10, 0xe5, 0x10, 0xc4, 0x10, 0x26, 0x19,
    0x7a, 0xce, 0xff, 0xff, 0xff, 0xff, 0xff, 0xff, 0xff, 0xff, 0xff, 0xff,
    0xff, 0xff, 0xff, 0xff, 0x3c, 0xe7, 0x67, 0x21, 0xc5, 0x10, 0xc5, 0x10,
    0xe5, 0x10, 0xc4, 0x10, 0xc5, 0x10, 0xc5, 0x08, 0xc4, 0x10, 0xe5, 0x10,
    0xab, 0x4a, 0xff, 0xff, 0xff, 0xff, 0xff, 0xff, 0xff, 0xff, 0xff, 0xff,
    0xff, 0xff, 0xff, 0xff, 0xff, 0xff, 0xb7, 0xb5, 0xc5, 0x10, 0xc5, 0x10,
    0x05, 0x19, 0xd7, 0xbd, 0xff, 0xff, 0xff, 0xff, 0xff, 0xff, 0x93, 0x8c,
    0xe5, 0x10, 0xc5, 0x10, 0xe5, 0x10, 0xc4, 0x10, 0xc5, 0x10, 0xe5, 0x10,
    0xc5, 0x10, 0xc5, 0x10, 0xc5, 0x08, 0xc5, 0x10, 0xe5, 0x10, 0xc4, 0x10,
    0xc5, 0x10, 0xc5, 0x10, 0xe5, 0x10, 0xc5, 0x10, 0xc5, 0x08, 0xc5, 0x10,
    0xc4, 0x10, 0xe5, 0x10, 0xe5, 0x10, 0xc5, 0x10, 0xc5, 0x08, 0xe4, 0x10,
    0xc5, 0x10, 0xc5, 0x08, 0xe5, 0x10, 0xc4, 0x10, 0xc4, 0x08, 0xc5, 0x10,
    0xc5, 0x10, 0xc4, 0x10, 0xe5, 0x10, 0xc5, 0x10, 0xc5, 0x10, 0xe4, 0x10,
    0xc5, 0x08, 0xc5, 0x10, 0xe5, 0x10, 0xe4, 0x10, 0xc5, 0x10, 0xc5, 0x08,
    0xe4, 0x10, 0xc5, 0x10, 0xc5, 0x10, 0xc5, 0x10, 0xe5, 0x10, 0xc5, 0x10,
    0xc5, 0x08, 0xc5, 0x10, 0xc4, 0x10, 0xc5, 0x08, 0xc5, 0x10, 0xe5, 0x10,
    0xe5, 0x10, 0x26, 0x19, 0x0d, 0x5b, 0xd7, 0xb5, 0x3d, 0xe7, 0xdf, 0xff,
    0xff, 0xff, 0xff, 0xff, 0xff, 0xff, 0xff, 0xff, 0xff, 0xff, 0xff, 0xff,
    0xdf, 0xff, 0x9f, 0xe7, 0xfd, 0xc6, 0x1c, 0x86, 0x9b, 0x55, 0x9c, 0x55,
    0x9c, 0x55, 0x9c, 0x55, 0x9b, 0x55, 0x9c, 0x55, 0x14, 0x3c, 0xc5, 0x10,
    0xc5, 0x10, 0xc5, 0x10, 0xe5, 0x10, 0xc5, 0x10, 0xc5, 0x10, 0xc5, 0x10,
    0x47, 0x11, 0xf8, 0x4c, 0x9b, 0x55, 0x9c, 0x55, 0x5b, 0x4d, 0x92, 0x33,
    0x0b, 0x22, 0x19, 0x4d, 0x9b, 0x55, 0x9c, 0x55, 0x9c, 0x55, 0xd8, 0x4c,
    0x06, 0x11, 0x26, 0x19, 0x39, 0xc6, 0xff, 0xff, 0xff, 0xff, 0xd4, 0x9c,
    0xe5, 0x18, 0xc5, 0x10, 0xc4, 0x10, 0xc5, 0x10, 0xe5, 0x10, 0xc5, 0x10,
    0xc5, 0x10, 0xe4, 0x08, 0xc5, 0x10, 0xc5, 0x10, 0xe5, 0x10, 0xc5, 0x10,
    0xc5, 0x10, 0xc5, 0x10, 0xe5, 0x10, 0x09, 0x3a, 0x93, 0x8c, 0x1c, 0xe7,
    0xff, 0xff, 0xd4, 0x94, 0xe5, 0x10, 0x05, 0x11, 0x35, 0x44, 0x9b, 0x55,
    0x9c, 0x55, 0x7b, 0x55, 0x6c, 0x22, 0xc5, 0x10, 0xc5, 0x10, 0x31, 0x7c,
    0xff, 0xff, 0xff, 0xff, 0x31, 0x84, 0xc5, 0x10, 0xc5, 0x10, 0xe4, 0x10,
    0x2b, 0x22, 0x5b, 0x4d, 0x9c, 0x55, 0x9b, 0x55, 0xd8, 0x44, 0x47, 0x19,
    0xc5, 0x10, 0xc5, 0x10, 0xc5, 0x10, 0xc5, 0x08, 0xc5, 0x10, 0xc5, 0x10,
    0xa8, 0x19, 0x7b, 0x4d, 0x9c, 0x55, 0x9c, 0x55, 0x9b, 0x4d, 0x6d, 0x2a,
    0xc5, 0x10, 0xc4, 0x10, 0xc5, 0x10, 0xc5, 0x10, 0xc4, 0x10, 0xc5, 0x10,
    0xc5, 0x08, 0x30, 0x33, 0x9b, 0x55, 0x9c, 0x55, 0x9b, 0x55, 0x76, 0x44,
    0x06, 0x11, 0xc5, 0x10, 0xc5, 0x10, 0xe5, 0x08, 0xe5, 0x10, 0xf4, 0x9c,
    0xff, 0xff, 0xdf, 0xff, 0x2e, 0x63, 0xc5, 0x10, 0xc5, 0x10, 0xe5, 0x10,
    0xe4, 0x10, 0xc5, 0x10, 0xc5, 0x10, 0xe5, 0x10, 0xc5, 0x10, 0x4a, 0x42,
    0xbe, 0xf7, 0xff, 0xff, 0xff, 0xff, 0xff, 0xff, 0xff, 0xff, 0xff, 0xff,
    0xff, 0xff, 0xff, 0xff, 0x59, 0xce, 0x05, 0x19, 0xc5, 0x10, 0xc5, 0x10,
    0xc4, 0x10, 0xc5, 0x10, 0xc5, 0x10, 0xc5, 0x10, 0xc4, 0x08, 0x26, 0x19,
    0x7a, 0xce, 0xff, 0xff, 0xff, 0xff, 0xff, 0xff, 0xff, 0xff, 0xff, 0xff,
    0xff, 0xff, 0xff, 0xff, 0x3d, 0xef, 0x47, 0x21, 0xc5, 0x10, 0xc5, 0x10,
    0xc4, 0x10, 0xc5, 0x10, 0xc5, 0x10, 0xc4, 0x10, 0xc5, 0x10, 0xc5, 0x08,
    0xab, 0x4a, 0xff, 0xff, 0xff, 0xff, 0xff, 0xff, 0xff, 0xff, 0xff, 0xff,
    0xff, 0xff, 0xff, 0xff, 0xff, 0xff, 0x97, 0xb5, 0xe5, 0x10, 0xc5, 0x10,
    0xc5, 0x10, 0xe9, 0x31, 0x5d, 0xef, 0xff, 0xff, 0xff, 0xff, 0x9e, 0xf7,
    0x6b, 0x4a, 0xc5, 0x10, 0xc5, 0x10, 0xc5, 0x10, 0xc5, 0x10, 0xc5, 0x10,
    0xc5, 0x10, 0xe5, 0x10, 0xc4, 0x10, 0xc4, 0x10, 0xc5, 0x10, 0xe5, 0x10,
    0xe5, 0x10, 0xc5, 0x10, 0xc4, 0x10, 0xc4, 0x10, 0xc5, 0x10, 0xc4, 0x10,
    0xc5, 0x10, 0xc5, 0x10, 0xc4, 0x10, 0xc5, 0x10, 0xe5, 0x10, 0xc5, 0x10,
    0xc5, 0x10, 0xe4, 0x10, 0xc4, 0x10, 0xc5, 0x10, 0xe5, 0x10, 0xc5, 0x10,
    0xc5, 0x10, 0xc5, 0x10, 0xc4, 0x10, 0xe5, 0x10, 0xc4, 0x10, 0xc5, 0x10,
    0xc5, 0x10, 0xc5, 0x10, 0xc4, 0x10, 0xc5, 0x10, 0xc5, 0x10, 0xc4, 0x10,
    0xc5, 0x10, 0xc5, 0x10, 0xe4, 0x08, 0xc4, 0x10, 0xc5, 0x10, 0xe4, 0x10,
    0xc5, 0x10, 0xc5, 0x10, 0xe5, 0x10, 0xe5, 0x10, 0xc5, 0x10, 0xc4, 0x10,
    0x6a, 0x42, 0xf8, 0xbd, 0xbf, 0xff, 0xff, 0xff, 0xff, 0xff, 0xff, 0xff,
    0xff, 0xff, 0xff, 0xff, 0xff, 0xff, 0xff, 0xff, 0xff, 0xff, 0xff, 0xff,
    0xff, 0xff, 0xff, 0xff, 0xff, 0xff, 0xdf, 0xff, 0x3e, 0xcf, 0x1c, 0x7e,
    0x9b, 0x55, 0x9c, 0x55, 0x9c, 0x55, 0x9c, 0x55, 0x7b, 0x55, 0x68, 0x19,
    0xc4, 0x10, 0xe4, 0x10, 0xc5, 0x10, 0xc5, 0x10, 0xe5, 0x10, 0x2b, 0x22,
    0xd3, 0x3b, 0x5a, 0x4d, 0x9c, 0x55, 0x9b, 0x55, 0x9b, 0x55, 0x9b, 0x55,
    0xf9, 0x4c, 0x7b, 0x4d, 0x9b, 0x55, 0x9c, 0x55, 0x9b, 0x55, 0x19, 0x4d,
    0x68, 0x19, 0x06, 0x19, 0xf8, 0xbd, 0xff, 0xff, 0xff, 0xff, 0xdf, 0xff,
    0x11, 0x7c, 0xc5, 0x10, 0xc5, 0x10, 0xc4, 0x10, 0xc5, 0x10, 0xc5, 0x08,
    0xe5, 0x10, 0xc5, 0x10, 0xc4, 0x10, 0xc5, 0x10, 0xc5, 0x10, 0xc4, 0x10,
    0xc5, 0x10, 0xc5, 0x10, 0xe5, 0x10, 0xc5, 0x10, 0x06, 0x19, 0xd0, 0x73,
    0xbf, 0xf7, 0x56, 0xad, 0xc5, 0x10, 0xe5, 0x10, 0x14, 0x44, 0x9c, 0x55,
    0x9b, 0x55, 0x9b, 0x55, 0x76, 0x44, 0xe5, 0x10, 0xe5, 0x10, 0x4a, 0x42,
    0xdf, 0xff, 0xff, 0xff, 0xf8, 0xbd, 0x06, 0x19, 0xc5, 0x10, 0xc5, 0x10,
    0x67, 0x11, 0xf9, 0x4c, 0x9c, 0x55, 0x9b, 0x55, 0x5b, 0x4d, 0x0a, 0x22,
    0xc5, 0x10, 0xe5, 0x10, 0xc5, 0x10, 0xc5, 0x10, 0xe5, 0x10, 0xc5, 0x10,
    0x26, 0x11, 0xb8, 0x44, 0x9c, 0x55, 0x9b, 0x55, 0x9b, 0x55, 0xb3, 0x33,
    0xc5, 0x10, 0xc5, 0x10, 0xe5, 0x10, 0xe5, 0x10, 0xe5, 0x10, 0xc5, 0x10,
    0xe5, 0x10, 0x0b, 0x22, 0x5b, 0x4d, 0x9c, 0x55, 0x9b, 0x55, 0x3a, 0x4d,
    0xa9, 0x19, 0xc5, 0x10, 0xe5, 0x10, 0xc5, 0x10, 0xe5, 0x10, 0x2d, 0x5b,
    0xff, 0xff, 0xff, 0xff, 0x15, 0x9d, 0xe5, 0x10, 0xc5, 0x10, 0xc5, 0x10,
    0xc5, 0x10, 0xc5, 0x08, 0xc4, 0x10, 0xc5, 0x10, 0xe5, 0x10, 0x4b, 0x42,
    0xbe, 0xf7, 0xff, 0xff, 0xff, 0xff, 0xff, 0xff, 0xff, 0xff, 0xff, 0xff,
    0xff, 0xff, 0xff, 0xff, 0x59, 0xce, 0x06, 0x19, 0xc5, 0x10, 0xc4, 0x10,
    0xe5, 0x10, 0xc5, 0x10, 0xc4, 0x10, 0xc5, 0x10, 0xe5, 0x10, 0x26, 0x19,
    0x7a, 0xce, 0xff, 0xff, 0xff, 0xff, 0xff, 0xff, 0xff, 0xff, 0xff, 0xff,
    0xff, 0xff, 0xff, 0xff, 0x3c, 0xe7, 0x67, 0x21, 0xc5, 0x10, 0xc4, 0x10,
    0xe5, 0x10, 0xc5, 0x10, 0xe4, 0x10, 0xe5, 0x10, 0xc5, 0x10, 0xc5, 0x10,
    0xab, 0x4a, 0xff, 0xff, 0xff, 0xff, 0xff, 0xff, 0xff, 0xff, 0xff, 0xff,
    0xff, 0xff, 0xff, 0xff, 0xff, 0xff, 0xb7, 0xb5, 0xc5, 0x10, 0xc5, 0x10,
    0xc5, 0x10, 0xc4, 0x10, 0xd0, 0x73, 0xff, 0xff, 0xff, 0xff, 0xff, 0xff,
    0x39, 0xc6, 0x46, 0x21, 0xc5, 0x10, 0xc5, 0x10, 0xe5, 0x10, 0xc4, 0x08,
    0xc4, 0x10, 0xc5, 0x10, 0xe5, 0x10, 0xe5, 0x10, 0xc4, 0x10, 0xc5, 0x08,
    0xc5, 0x10, 0xc4, 0x10, 0xc5, 0x08, 0xc5, 0x10, 0xe5, 0x10, 0xe5, 0x10,
    0xc5, 0x08, 0xe5, 0x10, 0xc5, 0x10, 0xc4, 0x08, 0xc5, 0x10, 0xc4, 0x10,
    0xc5, 0x10, 0xc5, 0x10, 0xc5, 0x10, 0xc5, 0x08, 0xe5, 0x10, 0xc4, 0x10,
    0xc5, 0x10, 0xc5, 0x10, 0xe5, 0x10, 0xc5, 0x08, 0xc5, 0x10, 0xc5, 0x10,
    0xe5, 0x10, 0xc4, 0x10, 0xc5, 0x08, 0xc5, 0x10, 0xc4, 0x10, 0xe5, 0x10,
    0xc5, 0x10, 0xc5, 0x10, 0xc5, 0x10, 0xe5, 0x10, 0xc5, 0x08, 0xc5, 0x10,
    0xe4, 0x10, 0xc5, 0x08, 0xc4, 0x10, 0xc5, 0x10, 0xc5, 0x10, 0x2d, 0x5b,
    0x5d, 0xef, 0xff, 0xff, 0xff, 0xff, 0xff, 0xff, 0xff, 0xff, 0xff, 0xff,
    0xff, 0xff, 0xff, 0xff, 0xff, 0xff, 0xff, 0xff, 0xff, 0xff, 0xff, 0xff,
    0xff, 0xff, 0xff, 0xff, 0xff, 0xff, 0xbf, 0xf7, 0x5e, 0xd7, 0x9d, 0xa6,
    0x9b, 0x55, 0x9b, 0x55, 0x5a, 0x4d, 0xce, 0x2a, 0x4c, 0x22, 0x06, 0x11,
    0xc5, 0x10, 0xc5, 0x10, 0xc5, 0x10, 0x67, 0x11, 0xb3, 0x33, 0x5a, 0x4d,
    0x9c, 0x55, 0x9c, 0x55, 0x9c, 0x55, 0x9c, 0x55, 0x9c, 0x55, 0x9c, 0x55,
    0x9b, 0x55, 0x9c, 0x55, 0x9c, 0x55, 0x9c, 0x55, 0x9c, 0x55, 0x3a, 0x4d,
    0xc9, 0x19, 0x06, 0x19, 0xb7, 0xb5, 0xff, 0xff, 0xbe, 0xf7, 0x76, 0xad,
    0x6b, 0x42, 0xc5, 0x10, 0xe4, 0x10, 0xe5, 0x10, 0xc5, 0x10, 0xc4, 0x10,
    0xc4, 0x10, 0xc5, 0x10, 0xc5, 0x10, 0xe4, 0x08, 0xc5, 0x10, 0xc5, 0x10,
    0xe4, 0x10, 0xc5, 0x10, 0xc5, 0x10, 0xe5, 0x10, 0x72, 0x8c, 0xbe, 0xf7,
    0xff, 0xff, 0xb7, 0xb5, 0xc5, 0x10, 0xe5, 0x10, 0x14, 0x3c, 0x9c, 0x55,
    0x9c, 0x55, 0x9c, 0x55, 0x7b, 0x55, 0xa9, 0x19, 0xc5, 0x10, 0x05, 0x19,
    0x3c, 0xe7, 0xff, 0xff, 0x5d, 0xef, 0x87, 0x29, 0xc5, 0x10, 0xc5, 0x10,
    0xe5, 0x10, 0x35, 0x44, 0x9b, 0x55, 0x9c, 0x55, 0x9c, 0x55, 0x55, 0x44,
    0x72, 0x33, 0x71, 0x33, 0x51, 0x33, 0x51, 0x33, 0x30, 0x33, 0x51, 0x33,
    0x51, 0x33, 0xf8, 0x4c, 0x9b, 0x55, 0x9c, 0x55, 0x9b, 0x55, 0x19, 0x4d,
    0x10, 0x2b, 0x10, 0x33, 0x10, 0x2b, 0x0f, 0x33, 0x10, 0x2b, 0x30, 0x33,
    0x50, 0x33, 0xb3, 0x3b, 0x7b, 0x4d, 0x9b, 0x55, 0x9c, 0x55, 0x7b, 0x55,
    0x8d, 0x2a, 0xc5, 0x10, 0xc4, 0x10, 0xc4, 0x10, 0xc5, 0x10, 0xc8, 0x31,
    0x5d, 0xef, 0xff, 0xff, 0xdb, 0xd6, 0x06, 0x19, 0xc5, 0x10, 0xc4, 0x10,
    0xc5, 0x10, 0xc5, 0x10, 0xe5, 0x10, 0xc4, 0x10, 0xe5, 0x10, 0x6a, 0x42,
    0xbf, 0xf7, 0xff, 0xff, 0xff, 0xff, 0xff, 0xff, 0xff, 0xff, 0xff, 0xff,
    0xff, 0xff, 0xff, 0xff, 0x5a, 0xce, 0x06, 0x19, 0xe5, 0x10, 0xe5, 0x10,
    0xc5, 0x10, 0xc5, 0x10, 0xc5, 0x08, 0xe4, 0x10, 0xc5, 0x10, 0x26, 0x19,
    0x7a, 0xce, 0xff, 0xff, 0xff, 0xff, 0xff, 0xff, 0xff, 0xff, 0xff, 0xff,
    0xff, 0xff, 0xff, 0xff, 0x3c, 0xe7, 0x67, 0x21, 0xc5, 0x10, 0xc5, 0x10,
    0xe5, 0x10, 0xc5, 0x10, 0xc5, 0x10, 0xc5, 0x08, 0xc4, 0x10, 0xe5, 0x10,
    0xab, 0x4a, 0xff, 0xff, 0xff, 0xff, 0xff, 0xff, 0xff, 0xff, 0xff, 0xff,
    0xff, 0xff, 0xff, 0xff, 0xff, 0xff, 0x97, 0xb5, 0xc5, 0x10, 0xe5, 0x10,
    0xe4, 0x10, 0xc5, 0x10, 0x05, 0x19, 0xf8, 0xbd, 0xff, 0xff, 0xff, 0xff,
    0xdf, 0xff, 0xd0, 0x73, 0xe5, 0x10, 0xc5, 0x10, 0xc4, 0x10, 0xe5, 0x10,
    0xe5, 0x10, 0xc5, 0x10, 0xc5, 0x08, 0xc5, 0x10, 0xc5, 0x10, 0xc5, 0x10,
    0xc4, 0x10, 0xc5, 0x10, 0xe5, 0x10, 0xe5, 0x10, 0xc5, 0x10, 0xc4, 0x10,
    0xc5, 0x10, 0xc4, 0x10, 0xc5, 0x10, 0xc5, 0x10, 0xe5, 0x10, 0xc5, 0x10,
    0xc5, 0x08, 0xe5, 0x10, 0xc5, 0x10, 0xc5, 0x10, 0xc4, 0x10, 0xc5, 0x10,
    0xc5, 0x10, 0xc4, 0x10, 0xc5, 0x10, 0xc5, 0x10, 0xc4, 0x10, 0xe5, 0x10,
    0xc5, 0x08, 0xc4, 0x10, 0xe5, 0x10, 0xe5, 0x10, 0xc5, 0x10, 0xc5, 0x08,
    0xe4, 0x10, 0xc4, 0x10, 0xe5, 0x10, 0xc5, 0x10, 0xc4, 0x10, 0xc5, 0x10,
    0xc5, 0x10, 0xc5, 0x10, 0xc5, 0x10, 0xc5, 0x10, 0x2d, 0x5b, 0x7e, 0xef,
    0xff, 0xff, 0x9e, 0xf7, 0xdb, 0xde, 0x3d, 0xe7, 0xff, 0xff, 0xff, 0xff,
    0xff, 0xff, 0xff, 0xff, 0xff, 0xff, 0xff, 0xff, 0xff, 0xff, 0xff, 0xff,
    0xff, 0xff, 0xff, 0xff, 0x5e, 0xdf, 0x3c, 0x8e, 0x9b, 0x5d, 0x9b, 0x55,
    0x9c, 0x55, 0x9c, 0x55, 0x9b, 0x55, 0xb7, 0x44, 0x6d, 0x22, 0xc5, 0x10,
    0xc5, 0x10, 0xc5, 0x10, 0xe4, 0x10, 0xd3, 0x3b, 0x7b, 0x55, 0x9b, 0x55,
    0x9c, 0x55, 0x9c, 0x55, 0x9b, 0x55, 0x9c, 0x55, 0x9b, 0x55, 0x9c, 0x55,
    0x9c, 0x55, 0x9b, 0x55, 0x9c, 0x55, 0x9c, 0x55, 0x9b, 0x55, 0x5a, 0x4d,
    0xca, 0x21, 0x05, 0x11, 0x97, 0xb5, 0xff, 0xff, 0xf8, 0xbd, 0x06, 0x19,
    0xc5, 0x10, 0xc5, 0x10, 0xc5, 0x10, 0xc5, 0x10, 0xe5, 0x10, 0xc5, 0x10,
    0xe5, 0x10, 0xc5, 0x10, 0xc5, 0x10, 0xe5, 0x10, 0xc5, 0x10, 0xe5, 0x10,
    0x68, 0x19, 0xc9, 0x19, 0x47, 0x19, 0xe5, 0x10, 0xd0, 0x73, 0xbe, 0xf7,
    0xff, 0xff, 0xf8, 0xbd, 0xe5, 0x10, 0xe5, 0x10, 0xf4, 0x3b, 0x9c, 0x55,
    0x9c, 0x55, 0x9b, 0x55, 0x9c, 0x55, 0x30, 0x33, 0xc5, 0x10, 0xe5, 0x10,
    0x76, 0xad, 0xff, 0xff, 0xff, 0xff, 0xed, 0x5a, 0xe5, 0x10, 0xc5, 0x10,
    0xc5, 0x10, 0x0f, 0x2b, 0x9b, 0x55, 0x9c, 0x55, 0x9c, 0x55, 0x9b, 0x55,
    0x9b, 0x55, 0x9b, 0x55, 0x9b, 0x55, 0x9b, 0x55, 0x9b, 0x55, 0x9b, 0x55,
    0x9b, 0x55, 0x9c, 0x55, 0x9c, 0x55, 0x9c, 0x55, 0x9c, 0x55, 0xbb, 0x55,
    0x9b, 0x55, 0x9b, 0x55, 0x9b, 0x55, 0x9c, 0x55, 0x9b, 0x55, 0x9b, 0x55,
    0x9b, 0x55, 0x9c, 0x4d, 0x9b, 0x55, 0x9c, 0x55, 0x9b, 0x55, 0x9c, 0x55,
    0xb3, 0x3b, 0xc5, 0x10, 0xc5, 0x10, 0xe5, 0x10, 0xe5, 0x10, 0x26, 0x19,
    0x18, 0xc6, 0xff, 0xff, 0x9e, 0xf7, 0x2a, 0x42, 0xc5, 0x10, 0xe5, 0x10,
    0xe4, 0x10, 0xc5, 0x10, 0xc4, 0x10, 0xe5, 0x08, 0xc5, 0x10, 0x4a, 0x42,
    0xbf, 0xf7, 0xff, 0xff, 0xff, 0xff, 0xff, 0xff, 0xff, 0xff, 0xff, 0xff,
    0xff, 0xff, 0xff, 0xff, 0x59, 0xce, 0x05, 0x19, 0xc5, 0x10, 0xc5, 0x10,
    0xc4, 0x10, 0xc5, 0x10, 0xe4, 0x10, 0xc5, 0x10, 0xc5, 0x08, 0x26, 0x19,
    0x7a, 0xce, 0xff, 0xff, 0xff, 0xff, 0xff, 0xff, 0xff, 0xff, 0xff, 0xff,
    0xff, 0xff, 0xff, 0xff, 0x3c, 0xef, 0x47, 0x21, 0xc5, 0x10, 0xc4, 0x10,
    0xc5, 0x10, 0xc5, 0x10, 0xc4, 0x10, 0xc5, 0x10, 0xe5, 0x10, 0xc5, 0x10,
    0xab, 0x4a, 0xff, 0xff, 0xff, 0xff, 0xff, 0xff, 0xff, 0xff, 0xff, 0xff,
    0xff, 0xff, 0xff, 0xff, 0xff, 0xff, 0xb7, 0xb5, 0xc5, 0x10, 0xc5, 0x10,
    0xc5, 0x10, 0xc5, 0x10, 0xe5, 0x10, 0x2a, 0x3a, 0x7d, 0xef, 0xff, 0xff,
    0xff, 0xff, 0x1c, 0xe7, 0xc9, 0x31, 0xc5, 0x10, 0xc5, 0x10, 0xc5, 0x10,
    0xc5, 0x10, 0xc4, 0x10, 0xc4, 0x10, 0xc5, 0x10, 0xc5, 0x10, 0xe4, 0x10,
    0xe5, 0x10, 0xc5, 0x10, 0xc5, 0x10, 0xc5, 0x10, 0xc4, 0x10, 0xc5, 0x08,
    0xe5, 0x10, 0xc5, 0x10, 0xc4, 0x10, 0xe5, 0x10, 0xc5, 0x10, 0xc4, 0x10,
    0xe5, 0x10, 0xc4, 0x10, 0xe4, 0x10, 0xc5, 0x10, 0xe5, 0x10, 0xc5, 0x10,
    0xc5, 0x10, 0xc5, 0x10, 0xe4, 0x10, 0xc5, 0x10, 0xc4, 0x10, 0xe5, 0x10,
    0xc5, 0x10, 0xc5, 0x10, 0xc5, 0x10, 0xc4, 0x10, 0xc5, 0x10, 0xe5, 0x10,
    0xc5, 0x10, 0xc5, 0x08, 0xc5, 0x10, 0xc4, 0x10, 0xe5, 0x10, 0xc5, 0x10,
    0xc5, 0x10, 0xe4, 0x10, 0xe5, 0x10, 0x4a, 0x42, 0xdb, 0xde, 0x19, 0xc6,
    0x11, 0x7c, 0x6b, 0x4a, 0xed, 0x5a, 0xba, 0xd6, 0xff, 0xff, 0xff, 0xff,
    0xff, 0xff, 0xff, 0xff, 0xff, 0xff, 0xff, 0xff, 0xff, 0xff, 0xff, 0xff,
    0xff, 0xff, 0xff, 0xff, 0xff, 0xff, 0xbf, 0xf7, 0x3e, 0xcf, 0xfc, 0x7d,
    0x9c, 0x55, 0x9c, 0x55, 0x9b, 0x55, 0x7c, 0x55, 0x5b, 0x4d, 0x2b, 0x22,
    0xc5, 0x10, 0xe5, 0x10, 0xe5, 0x10, 0x35, 0x3c, 0x7b, 0x55, 0x9c, 0x55,
    0x9b, 0x55, 0x9b, 0x55, 0x9c, 0x55, 0x9c, 0x55, 0x9b, 0x55, 0x7b, 0x55,
    0xf9, 0x4c, 0x5b, 0x4d, 0x9b, 0x55, 0x9c, 0x55, 0x9b, 0x55, 0x3a, 0x4d,
    0xc9, 0x19, 0x05, 0x19, 0x97, 0xb5, 0xff, 0xff, 0xbf, 0xf7, 0x8f, 0x73,
    0xe5, 0x10, 0xc5, 0x10, 0xc4, 0x10, 0xc5, 0x10, 0xc5, 0x10, 0xc4, 0x08,
    0xc5, 0x10, 0xe5, 0x10, 0xc4, 0x10, 0xc5, 0x10, 0x47, 0x11, 0x92, 0x33,
    0xf9, 0x4c, 0x5a, 0x4d, 0x76, 0x44, 0x47, 0x19, 0x05, 0x19, 0x8f, 0x6b,
    0xbf, 0xff, 0x19, 0xc6, 0xc5, 0x10, 0xe5, 0x10, 0x14, 0x3c, 0x9c, 0x55,
    0x9b, 0x55, 0x9b, 0x55, 0x9b, 0x55, 0x97, 0x44, 0xc5, 0x10, 0xc5, 0x10,
    0x8f, 0x6b, 0xdf, 0xff, 0xff, 0xff, 0xb4, 0x94, 0xe5, 0x10, 0xc5, 0x10,
    0xc4, 0x10, 0x0a, 0x22, 0x5b, 0x4d, 0x9c, 0x55, 0x9b, 0x55, 0x9c, 0x55,
    0x9c, 0x55, 0x9c, 0x55, 0x9c, 0x55, 0x9c, 0x55, 0x9c, 0x55, 0x9c, 0x55,
    0x9c, 0x55, 0x9c, 0x55, 0x9c, 0x55, 0x9c, 0x55, 0x9c, 0x55, 0x9c, 0x55,
    0x9c, 0x55, 0x9c, 0x55, 0x9c, 0x55, 0x9c, 0x55, 0x9c, 0x55, 0x9c, 0x55,
    0x9c, 0x55, 0x9c, 0x55, 0x9c, 0x55, 0x9c, 0x55, 0x9c, 0x55, 0x9b, 0x55,
    0xb7, 0x44, 0x27, 0x11, 0xc5, 0x10, 0xc5, 0x10, 0xc5, 0x10, 0xe5, 0x10,
    0x72, 0x8c, 0xff, 0xff, 0xff, 0xff, 0xf0, 0x7b, 0xc5, 0x10, 0xc5, 0x10,
    0xc5, 0x08, 0xc5, 0x10, 0xe5, 0x10, 0xc5, 0x10, 0xe5, 0x10, 0x4a, 0x42,
    0xbf, 0xf7, 0xff, 0xff, 0xff, 0xff, 0xff, 0xff, 0xff, 0xff, 0xff, 0xff,
    0xff, 0xff, 0xff, 0xff, 0x59, 0xce, 0x06, 0x19, 0xc5, 0x10, 0xc4, 0x10,
    0xc5, 0x10, 0xe5, 0x08, 0xc5, 0x10, 0xc5, 0x10, 0xc5, 0x10, 0x26, 0x19,
    0x7a, 0xce, 0xff, 0xff, 0xff, 0xff, 0xff, 0xff, 0xff, 0xff, 0xff, 0xff,
    0xff, 0xff, 0xff, 0xff, 0x3c, 0xe7, 0x67, 0x21, 0xc5, 0x10, 0xc5, 0x10,
    0xe5, 0x10, 0xc4, 0x10, 0xc5, 0x10, 0xe5, 0x10, 0xc5, 0x10, 0xc4, 0x08,
    0xab, 0x4a, 0xff, 0xff, 0xff, 0xff, 0xff, 0xff, 0xff, 0xff, 0xff, 0xff,
    0xff, 0xff, 0xff, 0xff, 0xff, 0xff, 0xb7, 0xb5, 0xc5, 0x10, 0xc5, 0x10,
    0xc5, 0x10, 0xc4, 0x10, 0xc5, 0x10, 0xe5, 0x10, 0x72, 0x8c, 0xff, 0xff,
    0xff, 0xff, 0xff, 0xff, 0xf5, 0x9c, 0x05, 0x19, 0xc5, 0x10, 0xc5, 0x10,
    0xc5, 0x10, 0xc5, 0x08, 0xe5, 0x10, 0xe4, 0x10, 0xc5, 0x10, 0xc5, 0x08,
    0xc5, 0x10, 0xc5, 0x10, 0xc4, 0x08, 0xc4, 0x10, 0xc5, 0x10, 0xe5, 0x10,
    0xc5, 0x10, 0xc5, 0x10, 0xe5, 0x08, 0xc5, 0x10, 0xc4, 0x10, 0xe5, 0x08,
    0xc5, 0x10, 0xc5, 0x10, 0xc5, 0x10, 0xc5, 0x08, 0xc5, 0x10, 0xc4, 0x10,
    0xc5, 0x10, 0xc5, 0x10, 0xc5, 0x10, 0xe5, 0x08, 0xc5, 0x10, 0xc5, 0x10,
    0xc4, 0x10, 0xe5, 0x10, 0xc5, 0x10, 0xc5, 0x08, 0xc4, 0x10, 0xc5, 0x10,
    0xc5, 0x10, 0xc5, 0x10, 0xe5, 0x10, 0xc5, 0x10, 0xc5, 0x08, 0xe5, 0x10,
    0xc4, 0x10, 0xc5, 0x08, 0xc5, 0x10, 0x6a, 0x42, 0x2a, 0x3a, 0x06, 0x19,
    0x05, 0x11, 0x8f, 0x6b, 0x5d, 0xef, 0xff, 0xff, 0xff, 0xff, 0xff, 0xff,
    0xff, 0xff, 0xff, 0xff, 0xff, 0xff, 0xff, 0xff, 0xff, 0xff, 0xff, 0xff,
    0xff, 0xff, 0xff, 0xff, 0xff, 0xff, 0xff, 0xff, 0x3e, 0xcf, 0xbc, 0x6d,
    0x9b, 0x55, 0x9c, 0x55, 0x9c, 0x55, 0x9b, 0x55, 0x9b, 0x55, 0x30, 0x33,
    0xc5, 0x10, 0xc5, 0x10, 0xe5, 0x10, 0xb7, 0x44, 0x9b, 0x55, 0x3a, 0x4d,
    0x51, 0x33, 0x3a, 0x4d, 0x9c, 0x55, 0x9c, 0x55, 0xf8, 0x4c, 0xce, 0x2a,
    0x4c, 0x22, 0x3a, 0x4d, 0x9b, 0x55, 0x9c, 0x55, 0x9c, 0x55, 0x39, 0x4d,
    0x88, 0x19, 0x06, 0x19, 0x97, 0xb5, 0xff, 0xff, 0xff, 0xff, 0xbe, 0xf7,
    0x2d, 0x5b, 0xc5, 0x10, 0xc5, 0x10, 0xe4, 0x10, 0xc5, 0x10, 0xc5, 0x10,
    0xe5, 0x10, 0xc4, 0x08, 0xc5, 0x10, 0x26, 0x11, 0x35, 0x3c, 0x7b, 0x55,
    0x9c, 0x55, 0x9b, 0x55, 0x19, 0x4d, 0x89, 0x19, 0xe5, 0x10, 0x11, 0x7c,
    0xdf, 0xff, 0x39, 0xc6, 0xc5, 0x10, 0xe5, 0x10, 0xf4, 0x3b, 0x9c, 0x55,
    0x9c, 0x55, 0x9c, 0x55, 0x9b, 0x55, 0x7b, 0x4d, 0x26, 0x11, 0xc5, 0x10,
    0xe9, 0x31, 0xbe, 0xf7, 0xff, 0xff, 0x7a, 0xce, 0x26, 0x21, 0xc5, 0x10,
    0xc5, 0x10, 0x47, 0x11, 0xd8, 0x4c, 0x9c, 0x55, 0x9c, 0x55, 0x9c, 0x55,
    0x9b, 0x55, 0x9c, 0x55, 0x9c, 0x55, 0x9c, 0x55, 0x9c, 0x55, 0x9c, 0x55,
    0x9b, 0x55, 0x9b, 0x55, 0x9b, 0x55, 0x9b, 0x55, 0x9b, 0x55, 0x9c, 0x55,
    0x9b, 0x55, 0x9c, 0x55, 0x9b, 0x55, 0x9b, 0x55, 0x9c, 0x55, 0x9b, 0x55,
    0x9b, 0x55, 0x9b, 0x55, 0x9c, 0x55, 0x9c, 0x55, 0x9b, 0x55, 0x9b, 0x55,
    0x3a, 0x4d, 0xc9, 0x19, 0xc5, 0x10, 0xc4, 0x10, 0xc5, 0x10, 0xe5, 0x10,
    0x8b, 0x4a, 0xff, 0xff, 0xff, 0xff, 0xd7, 0xb5, 0xc5, 0x10, 0xc5, 0x10,
    0xc5, 0x10, 0xc5, 0x10, 0xc4, 0x10, 0xc5, 0x10, 0xe5, 0x10, 0x6a, 0x42,
    0xbf, 0xf7, 0xff, 0xff, 0xff, 0xff, 0xff, 0xff, 0xff, 0xff, 0xff, 0xff,
    0xff, 0xff, 0xff, 0xff, 0x59, 0xce, 0x06, 0x19, 0xe5, 0x10, 0xc5, 0x10,
    0xe5, 0x10, 0xc5, 0x10, 0xc4, 0x10, 0xe5, 0x10, 0xc4, 0x10, 0x26, 0x19,
    0x7a, 0xce, 0xff, 0xff, 0xff, 0xff, 0xff, 0xff, 0xff, 0xff, 0xff, 0xff,
    0xff, 0xff, 0xff, 0xff, 0x3c, 0xe7, 0x67, 0x21, 0xc5, 0x10, 0xc5, 0x10,
    0xe5, 0x10, 0xc4, 0x10, 0xc5, 0x10, 0xc5, 0x08, 0xc4, 0x10, 0xe5, 0x10,
    0xab, 0x4a, 0xff, 0xff, 0xff, 0xff, 0xff, 0xff, 0xff, 0xff, 0xff, 0xff,
    0xff, 0xff, 0xff, 0xff, 0xff, 0xff, 0xb8, 0xb5, 0xc5, 0x10, 0xe5, 0x10,
    0xe4, 0x10, 0xc5, 0x10, 0xe5, 0x10, 0xc5, 0x10, 0x46, 0x19, 0x9a, 0xd6,
    0xff, 0xff, 0xff, 0xff, 0x9e, 0xf7, 0x8b, 0x4a, 0xc5, 0x10, 0xc5, 0x10,
    0xe4, 0x10, 0xc5, 0x10, 0xc5, 0x10, 0xc5, 0x10, 0xc5, 0x10, 0xe5, 0x10,
    0xc4, 0x10, 0xc5, 0x10, 0xe5, 0x10, 0xe5, 0x10, 0xc5, 0x10, 0xc5, 0x10,
    0xc4, 0x10, 0xe4, 0x10, 0xc5, 0x10, 0xc5, 0x10, 0xc5, 0x10, 0xc5, 0x10,
    0xc5, 0x10, 0xc4, 0x10, 0xc5, 0x10, 0xc5, 0x10, 0xe4, 0x10, 0xc5, 0x10,
    0xc5, 0x10, 0xc4, 0x10, 0xe5, 0x10, 0xc5, 0x10, 0xc4, 0x10, 0xc5, 0x10,
    0xc5, 0x08, 0xc4, 0x10, 0xe5, 0x10, 0xc4, 0x10, 0xe5, 0x10, 0xc5, 0x10,
    0xc4, 0x10, 0xe4, 0x10, 0xc5, 0x10, 0xc4, 0x10, 0xc5, 0x10, 0xc5, 0x10,
    0xe4, 0x10, 0xc5, 0x10, 0xc5, 0x10, 0xc4, 0x08, 0xe5, 0x10, 0x05, 0x11,
    0x11, 0x84, 0xbf, 0xff, 0xff, 0xff, 0xff, 0xff, 0xff, 0xff, 0xff, 0xff,
    0xff, 0xff, 0xff, 0xff, 0xff, 0xff, 0xff, 0xff, 0xff, 0xff, 0xff, 0xff,
    0xff, 0xff, 0xff, 0xff, 0xff, 0xff, 0xdd, 0xbe, 0x9c, 0x5d, 0x9b, 0x55,
    0x9b, 0x55, 0x9b, 0x55, 0x19, 0x4d, 0x51, 0x33, 0xae, 0x2a, 0xa9, 0x19,
    0xc5, 0x10, 0xc5, 0x10, 0x67, 0x19, 0x3a, 0x4d, 0x5a, 0x4d, 0x2c, 0x22,
    0x8d, 0x2a, 0x7b, 0x55, 0x9b, 0x55, 0x97, 0x44, 0xa9, 0x19, 0xe5, 0x10,
    0xb2, 0x3b, 0x9c, 0x55, 0x9c, 0x55, 0x9c, 0x55, 0x9c, 0x55, 0xf9, 0x4c,
    0x26, 0x11, 0x06, 0x19, 0xd7, 0xb5, 0xff, 0xff, 0xff, 0xff, 0xdb, 0xde,
    0xac, 0x52, 0xc5, 0x10, 0xc5, 0x10, 0xc5, 0x10, 0xe4, 0x10, 0xc5, 0x10,
    0xc5, 0x10, 0xc5, 0x10, 0xc5, 0x10, 0xae, 0x2a, 0x7b, 0x55, 0x9b, 0x55,
    0x9c, 0x55, 0x9c, 0x55, 0x14, 0x3c, 0xe6, 0x10, 0x4a, 0x42, 0x7d, 0xef,
    0xff, 0xff, 0x7a, 0xce, 0xe5, 0x10, 0xe5, 0x10, 0xf4, 0x3b, 0x9c, 0x55,
    0x9c, 0x55, 0x9c, 0x55, 0x9c, 0x55, 0x9b, 0x55, 0xea, 0x21, 0xe5, 0x10,
    0xe5, 0x10, 0xba, 0xd6, 0xff, 0xff, 0xbe, 0xf7, 0xe9, 0x31, 0xc5, 0x10,
    0xc5, 0x10, 0xe5, 0x10, 0xb2, 0x3b, 0xf8, 0x4c, 0xf9, 0x4c, 0xf8, 0x4c,
    0xf8, 0x4c, 0xf9, 0x4c, 0xf8, 0x4c, 0xf8, 0x4c, 0xf8, 0x4c, 0xf9, 0x4c,
    0xf8, 0x4c, 0xf9, 0x4c, 0xf9, 0x4c, 0xf8, 0x4c, 0xf9, 0x4c, 0xf8, 0x4c,
    0xf8, 0x4c, 0xf9, 0x4c, 0xf9, 0x4c, 0xf9, 0x4c, 0x19, 0x4d, 0xf9, 0x4c,
    0xf9, 0x4c, 0xf9, 0x4c, 0x19, 0x4d, 0xf9, 0x4c, 0xf9, 0x4c, 0x19, 0x4d,
    0xf9, 0x4c, 0x6d, 0x2a, 0xe5, 0x10, 0xc5, 0x10, 0xe4, 0x10, 0xc5, 0x10,
    0x87, 0x21, 0x1c, 0xe7, 0xff, 0xff, 0x5d, 0xef, 0x47, 0x21, 0xc5, 0x10,
    0xe4, 0x10, 0xe4, 0x10, 0xc5, 0x08, 0xc5, 0x10, 0xe5, 0x10, 0x4a, 0x42,
    0xbf, 0xf7, 0xff, 0xff, 0xff, 0xff, 0xff, 0xff, 0xff, 0xff, 0xff, 0xff,
    0xff, 0xff, 0xff, 0xff, 0x59, 0xce, 0x06, 0x19, 0xc5, 0x10, 0xe4, 0x10,
    0xc5, 0x10, 0xc5, 0x10, 0xc4, 0x10, 0xc5, 0x10, 0xc5, 0x08, 0x26, 0x19,
    0x7a, 0xce, 0xff, 0xff, 0xff, 0xff, 0xff, 0xff, 0xff, 0xff, 0xff, 0xff,
    0xff, 0xff, 0xff, 0xff, 0x3c, 0xef, 0x47, 0x21, 0xc5, 0x10, 0xc4, 0x10,
    0xc5, 0x10, 0xc5, 0x10, 0xe5, 0x10, 0xe4, 0x10, 0xc5, 0x10, 0xc5, 0x10,
    0xab, 0x4a, 0xff, 0xff, 0xff, 0xff, 0xff, 0xff, 0xff, 0xff, 0xff, 0xff,
    0xff, 0xff, 0xff, 0xff, 0xff, 0xff, 0xb7, 0xb5, 0xe5, 0x10, 0xc5, 0x10,
    0xc5, 0x10, 0xc5, 0x10, 0xc5, 0x10, 0xc4, 0x10, 0xe5, 0x10, 0x0d, 0x5b,
    0xbe, 0xf7, 0xff, 0xff, 0xff, 0xff, 0xd8, 0xbd, 0x26, 0x19, 0xc5, 0x10,
    0xc5, 0x10, 0xe4, 0x10, 0xc5, 0x10, 0xc5, 0x08, 0xc4, 0x10, 0xc5, 0x10,
    0xe5, 0x08, 0xc4, 0x10, 0xc5, 0x10, 0xc5, 0x08, 0xc5, 0x10, 0xe4, 0x10,
    0xc5, 0x10, 0xc5, 0x08, 0xc5, 0x10, 0xc4, 0x10, 0xe4, 0x10, 0xc5, 0x10,
    0xc4, 0x10, 0xe5, 0x08, 0xe5, 0x10, 0xc4, 0x10, 0xe5, 0x10, 0xc5, 0x10,
    0xc5, 0x10, 0xc5, 0x10, 0xc4, 0x10, 0xc5, 0x10, 0xc5, 0x10, 0xe5, 0x10,
    0xc5, 0x10, 0xe5, 0x10, 0xc5, 0x08, 0xc5, 0x10, 0xc5, 0x10, 0xe5, 0x10,
    0xc5, 0x08, 0xc5, 0x10, 0xc5, 0x10, 0xc5, 0x08, 0xe4, 0x10, 0xc5, 0x10,
    0xc5, 0x10, 0xc5, 0x10, 0xe4, 0x10, 0xc5, 0x10, 0xe5, 0x10, 0xd0, 0x7b,
    0xdf, 0xff, 0xff, 0xff, 0xff, 0xff, 0xff, 0xff, 0xff, 0xff, 0xff, 0xff,
    0xff, 0xff, 0xff, 0xff, 0xff, 0xff, 0xff, 0xff, 0xff, 0xff, 0xff, 0xff,
    0xff, 0xff, 0xff, 0xff, 0xdd, 0xb6, 0x9b, 0x55, 0x9c, 0x55, 0x9c, 0x55,
    0x9c, 0x55, 0x9b, 0x55, 0x19, 0x4d, 0xef, 0x2a, 0x26, 0x11, 0xc5, 0x10,
    0xc5, 0x10, 0xe5, 0x10, 0xea, 0x21, 0x5a, 0x4d, 0xae, 0x2a, 0x06, 0x11,
    0x76, 0x44, 0x9c, 0x55, 0x1a, 0x4d, 0xc9, 0x19, 0xc5, 0x10, 0x88, 0x19,
    0x19, 0x4d, 0x9b, 0x55, 0x9b, 0x55, 0x9c, 0x55, 0x9b, 0x55, 0x76, 0x44,
    0xe5, 0x10, 0x06, 0x19, 0x18, 0xc6, 0xff, 0xff, 0xf8, 0xbd, 0x88, 0x29,
    0xe5, 0x10, 0xc5, 0x10, 0xc5, 0x10, 0xc5, 0x10, 0xc5, 0x08, 0xe4, 0x10,
    0xc4, 0x10, 0xc5, 0x10, 0xe5, 0x10, 0x14, 0x3c, 0x5a, 0x4d, 0x19, 0x4d,
    0x19, 0x4d, 0x3a, 0x4d, 0x0b, 0x22, 0xe5, 0x10, 0x0d, 0x5b, 0xbf, 0xff,
    0xff, 0xff, 0xdb, 0xd6, 0x06, 0x19, 0xe5, 0x10, 0xb2, 0x3b, 0x9b, 0x55,
    0x9b, 0x55, 0x9c, 0x55, 0x9b, 0x55, 0x9c, 0x55, 0x6c, 0x22, 0xc5, 0x10,
    0xc5, 0x10, 0xd4, 0x9c, 0xff, 0xff, 0xff, 0xff, 0x6f, 0x6b, 0xe5, 0x10,
    0xc4, 0x10, 0xc5, 0x10, 0x05, 0x11, 0x26, 0x11, 0x26, 0x11, 0x27, 0x11,
    0x27, 0x19, 0x26, 0x11, 0x27, 0x11, 0x26, 0x11, 0x26, 0x11, 0x27, 0x11,
    0x47, 0x11, 0x46, 0x11, 0x47, 0x11, 0x47, 0x11, 0x47, 0x11, 0x47, 0x11,
    0x47, 0x19, 0x47, 0x11, 0x67, 0x11, 0x47, 0x11, 0x47, 0x11, 0x47, 0x19,
    0x67, 0x11, 0x67, 0x19, 0x67, 0x11, 0x67, 0x11, 0x67, 0x19, 0x67, 0x11,
    0x68, 0x11, 0x26, 0x11, 0xc5, 0x10, 0xc5, 0x10, 0xc5, 0x10, 0xe5, 0x08,
    0xe5, 0x10, 0x97, 0xb5, 0xff, 0xff, 0xbf, 0xff, 0xcc, 0x52, 0xc5, 0x10,
    0xc5, 0x10, 0xc5, 0x10, 0xc5, 0x10, 0xe5, 0x10, 0xe5, 0x10, 0x4a, 0x42,
    0xbf, 0xf7, 0xff, 0xff, 0xff, 0xff, 0xff, 0xff, 0xff, 0xff, 0xff, 0xff,
    0xff, 0xff, 0xff, 0xff, 0x59, 0xce, 0x06, 0x19, 0xc5, 0x10, 0xc4, 0x10,
    0xc5, 0x10, 0xc5, 0x08, 0xe5, 0x10, 0xc5, 0x10, 0xc5, 0x10, 0x26, 0x19,
    0x7a, 0xce, 0xff, 0xff, 0xff, 0xff, 0xff, 0xff, 0xff, 0xff, 0xff, 0xff,
    0xff, 0xff, 0xff, 0xff, 0x3c, 0xe7, 0x67, 0x21, 0xc5, 0x10, 0xc5, 0x10,
    0xe5, 0x10, 0xc4, 0x10, 0xc5, 0x10, 0xc5, 0x10, 0xc5, 0x10, 0xc5, 0x10,
    0xab, 0x4a, 0xff, 0xff, 0xff, 0xff, 0xff, 0xff, 0xff, 0xff, 0xff, 0xff,
    0xff, 0xff, 0xff, 0xff, 0xff, 0xff, 0xb8, 0xb5, 0xc5, 0x10, 0xc5, 0x10,
    0xc4, 0x10, 0xc5, 0x10, 0xe5, 0x10, 0xc4, 0x10, 0xc5, 0x10, 0x05, 0x11,
    0x76, 0xad, 0xff, 0xff, 0xff, 0xff, 0xdf, 0xff, 0x4e, 0x63, 0xc5, 0x10,
    0xc5, 0x10, 0xc5, 0x10, 0xe5, 0x10, 0xc4, 0x10, 0xe5, 0x10, 0xc4, 0x10,
    0xc5, 0x10, 0xe5, 0x10, 0xc5, 0x10, 0xc4, 0x10, 0xe5, 0x10, 0xc5, 0x10,
    0xc5, 0x10, 0xc5, 0x10, 0xe5, 0x10, 0xc5, 0x10, 0xc5, 0x08, 0xe5, 0x10,
    0xc5, 0x10, 0xc5, 0x10, 0xc5, 0x10, 0xc4, 0x10, 0xc5, 0x10, 0xc5, 0x08,
    0xc5, 0x10, 0xc5, 0x10, 0xe5, 0x10, 0xc5, 0x08, 0xc4, 0x10, 0xe5, 0x10,
    0xc4, 0x10, 0xc5, 0x10, 0xc5, 0x10, 0xc4, 0x10, 0xe5, 0x10, 0xc4, 0x10,
    0xc5, 0x10, 0xe5, 0x10, 0xc5, 0x10, 0xc4, 0x10, 0xe5, 0x10, 0xc5, 0x10,
    0xc5, 0x08, 0xc5, 0x10, 0xc5, 0x10, 0xc5, 0x10, 0xec, 0x52, 0xbe, 0xf7,
    0xff, 0xff, 0xff, 0xff, 0xff, 0xff, 0xff, 0xff, 0xff, 0xff, 0xff, 0xff,
    0xff, 0xff, 0xff, 0xff, 0xff, 0xff, 0xff, 0xff, 0xff, 0xff, 0xff, 0xff,
    0xff, 0xff, 0x1e, 0xc7, 0x9b, 0x5d, 0x9c, 0x55, 0x9c, 0x55, 0x9c, 0x55,
    0x9c, 0x55, 0x9c, 0x55, 0x9b, 0x55, 0x9c, 0x55, 0x56, 0x44, 0x06, 0x11,
    0xc5, 0x10, 0xc4, 0x10, 0x05, 0x11, 0xce, 0x2a, 0xe5, 0x10, 0xc9, 0x19,
    0x5a, 0x4d, 0x9c, 0x55, 0xd3, 0x3b, 0xe5, 0x10, 0xc5, 0x10, 0xce, 0x2a,
    0x7b, 0x55, 0x9c, 0x55, 0x9c, 0x55, 0x9b, 0x55, 0x9b, 0x55, 0x92, 0x33,
    0xe5, 0x10, 0x47, 0x21, 0xbb, 0xd6, 0xff, 0xff, 0x15, 0x9d, 0x05, 0x19,
    0xc5, 0x10, 0xc5, 0x10, 0xe5, 0x10, 0xe4, 0x10, 0xc5, 0x10, 0xc5, 0x10,
    0xc5, 0x10, 0xe5, 0x08, 0xe5, 0x10, 0xce, 0x2a, 0x0b, 0x22, 0x67, 0x19,
    0xea, 0x21, 0xd8, 0x44, 0xd3, 0x3b, 0x06, 0x11, 0x05, 0x19, 0xf0, 0x7b,
    0xdf, 0xff, 0x1c, 0xe7, 0x46, 0x21, 0xc5, 0x10, 0x10, 0x33, 0x9c, 0x55,
    0x9c, 0x55, 0x9c, 0x55, 0x9b, 0x55, 0x9b, 0x55, 0xae, 0x2a, 0xc5, 0x10,
    0xc5, 0x10, 0x0d, 0x5b, 0xdf, 0xff, 0xff, 0xff, 0x56, 0xa5, 0xe5, 0x10,
    0xc5, 0x10, 0xc5, 0x10, 0xc5, 0x10, 0xc5, 0x10, 0xe5, 0x10, 0xc5, 0x10,
    0xc5, 0x10, 0xc5, 0x10, 0xc5, 0x10, 0xc5, 0x10, 0xc5, 0x10, 0xc5, 0x10,
    0xc5, 0x10, 0xc5, 0x10, 0xc5, 0x10, 0xc5, 0x10, 0xc5, 0x10, 0xc5, 0x10,
    0xc5, 0x10, 0xc5, 0x10, 0xc5, 0x10, 0xc5, 0x10, 0xc5, 0x10, 0xc5, 0x10,
    0xc5, 0x10, 0xc5, 0x10, 0xc5, 0x10, 0xc5, 0x10, 0xc5, 0x10, 0xc5, 0x10,
    0xc5, 0x10, 0xc5, 0x10, 0xc4, 0x10, 0xc4, 0x10, 0xc5, 0x10, 0xc5, 0x10,
    0xe5, 0x10, 0xd0, 0x73, 0xff, 0xff, 0xff, 0xff, 0xb3, 0x94, 0xc5, 0x10,
    0xc5, 0x10, 0xc5, 0x10, 0xc5, 0x10, 0xc4, 0x10, 0xe5, 0x10, 0x4a, 0x42,
    0xbf, 0xf7, 0xff, 0xff, 0xff, 0xff, 0xff, 0xff, 0xff, 0xff, 0xff, 0xff,
    0xff, 0xff, 0xff, 0xff, 0x59, 0xce, 0x06, 0x19, 0xe5, 0x10, 0xc5, 0x10,
    0xc5, 0x10, 0xe4, 0x10, 0xc5, 0x10, 0xe5, 0x10, 0xc4, 0x10, 0x26, 0x19,
    0x7a, 0xce, 0xff, 0xff, 0xff, 0xff, 0xff, 0xff, 0xff, 0xff, 0xff, 0xff,
    0xff, 0xff, 0xff, 0xff, 0x3c, 0xe7, 0x67, 0x21, 0xc5, 0x10, 0xc5, 0x10,
    0xe5, 0x10, 0xc5, 0x10, 0xc5, 0x10, 0xc5, 0x08, 0xc4, 0x10, 0xe5, 0x10,
    0xab, 0x4a, 0xff, 0xff, 0xff, 0xff, 0xff, 0xff, 0xff, 0xff, 0xff, 0xff,
    0xff, 0xff, 0xff, 0xff, 0xff, 0xff, 0xb8, 0xb5, 0xe5, 0x10, 0xc5, 0x10,
    0xc5, 0x10, 0xe4, 0x10, 0xc5, 0x10, 0xc5, 0x10, 0xc4, 0x10, 0xc5, 0x10,
    0x09, 0x3a, 0x5d, 0xef, 0xff, 0xff, 0xff, 0xff, 0x7a, 0xce, 0x67, 0x21,
    0xc5, 0x10, 0xc5, 0x10, 0xc4, 0x10, 0xc5, 0x10, 0xc5, 0x10, 0xe5, 0x10,
    0xc5, 0x10, 0xc5, 0x10, 0xc4, 0x10, 0xc5, 0x10, 0xc5, 0x10, 0xc5, 0x08,
    0xc4, 0x10, 0xe5, 0x10, 0xc4, 0x10, 0xc5, 0x10, 0xe5, 0x10, 0xc5, 0x10,
    0xc5, 0x10, 0xc4, 0x10, 0xc5, 0x10, 0xc5, 0x08, 0xe5, 0x10, 0xc5, 0x10,
    0xc5, 0x10, 0xc4, 0x10, 0xc5, 0x10, 0xe5, 0x10, 0xc4, 0x10, 0xc5, 0x10,
    0xc5, 0x08, 0xc4, 0x10, 0xe5, 0x10, 0xc4, 0x10, 0xc5, 0x10, 0xc5, 0x08,
    0xc4, 0x10, 0xe5, 0x10, 0xc4, 0x10, 0xc5, 0x10, 0xc5, 0x10, 0xc5, 0x10,
    0xc4, 0x10, 0xe4, 0x10, 0xe5, 0x10, 0xe9, 0x31, 0x5d, 0xef, 0xff, 0xff,
    0xff, 0xff, 0xff, 0xff, 0xff, 0xff, 0xff, 0xff, 0xff, 0xff, 0xff, 0xff,
    0xff, 0xff, 0xff, 0xff, 0xff, 0xff, 0xff, 0xff, 0xff, 0xff, 0xff, 0xff,
    0x9e, 0xe7, 0xbc, 0x65, 0x9c, 0x55, 0x9c, 0x55, 0x9b, 0x55, 0x9b, 0x55,
    0x9c, 0x55, 0x9b, 0x55, 0x9b, 0x55, 0x9b, 0x55, 0x7b, 0x4d, 0xad, 0x2a,
    0xc5, 0x10, 0xc5, 0x10, 0xc4, 0x08, 0xc5, 0x10, 0xc5, 0x10, 0x4c, 0x22,
    0x7b, 0x55, 0x9b, 0x55, 0x0f, 0x2b, 0xc5, 0x10, 0x26, 0x11, 0x97, 0x44,
    0x9c, 0x55, 0x9c, 0x55, 0x9c, 0x55, 0x9c, 0x55, 0x7b, 0x4d, 0x6d, 0x22,
    0xc5, 0x10, 0xa8, 0x31, 0x9e, 0xf7, 0xff, 0xff, 0xdf, 0xff, 0x31, 0x84,
    0xe5, 0x10, 0xc5, 0x10, 0xc5, 0x10, 0xc4, 0x10, 0xc5, 0x10, 0xc5, 0x10,
    0xe5, 0x10, 0xc5, 0x10, 0xe4, 0x10, 0xe5, 0x10, 0x06, 0x11, 0xef, 0x2a,
    0x19, 0x4d, 0x9c, 0x55, 0xf3, 0x3b, 0xe6, 0x10, 0x26, 0x21, 0x73, 0x8c,
    0xdf, 0xff, 0x3d, 0xe7, 0xa8, 0x29, 0xc5, 0x10, 0x2b, 0x22, 0x9b, 0x55,
    0x9c, 0x55, 0x9c, 0x55, 0x9b, 0x55, 0x9c, 0x55, 0xef, 0x2a, 0xc5, 0x10,
    0xc5, 0x10, 0x87, 0x21, 0x7e, 0xef, 0xff, 0xff, 0xdb, 0xde, 0x67, 0x21,
    0xc5, 0x10, 0xc5, 0x10, 0xe4, 0x10, 0xa9, 0x19, 0x4c, 0x22, 0x6c, 0x22,
    0x6c, 0x22, 0xea, 0x21, 0xc5, 0x10, 0xc5, 0x10, 0xe5, 0x10, 0xe4, 0x10,
    0xc5, 0x10, 0xc5, 0x10, 0xe5, 0x10, 0xc5, 0x10, 0xc5, 0x10, 0xc5, 0x10,
    0xe4, 0x10, 0xe5, 0x10, 0xc5, 0x10, 0xe5, 0x10, 0xe5, 0x10, 0xc4, 0x10,
    0xe5, 0x10, 0xe5, 0x10, 0xc5, 0x10, 0xc4, 0x10, 0xc5, 0x10, 0xe5, 0x10,
    0xc5, 0x10, 0xc5, 0x10, 0xc5, 0x10, 0xe5, 0x10, 0xe5, 0x10, 0xc4, 0x10,
    0xe4, 0x10, 0x09, 0x3a, 0xbf, 0xff, 0xff, 0xff, 0x9a, 0xce, 0xe5, 0x10,
    0xc5, 0x10, 0xe5, 0x10, 0xe4, 0x08, 0xc5, 0x10, 0xe5, 0x10, 0x6a, 0x42,
    0xbf, 0xf7, 0xff, 0xff, 0xff, 0xff, 0xff, 0xff, 0xff, 0xff, 0xff, 0xff,
    0xff, 0xff, 0xff, 0xff, 0x59, 0xce, 0x06, 0x19, 0xc5, 0x10, 0xc4, 0x10,
    0xe5, 0x10, 0xc5, 0x10, 0xc4, 0x10, 0xc5, 0x10, 0xc5, 0x08, 0x26, 0x19,
    0x7a, 0xce, 0xff, 0xff, 0xff, 0xff, 0xff, 0xff, 0xff, 0xff, 0xff, 0xff,
    0xff, 0xff, 0xff, 0xff, 0x3c, 0xef, 0x47, 0x21, 0xc5, 0x10, 0xc4, 0x10,
    0xc4, 0x10, 0xc5, 0x10, 0xc5, 0x10, 0xe4, 0x10, 0xc5, 0x10, 0xe5, 0x10,
    0xab, 0x4a, 0xff, 0xff, 0xff, 0xff, 0xff, 0xff, 0xff, 0xff, 0xff, 0xff,
    0xff, 0xff, 0xff, 0xff, 0xff, 0xff, 0xb7, 0xb5, 0xe5, 0x10, 0xc5, 0x10,
    0xc4, 0x10, 0xc5, 0x10, 0xc5, 0x10, 0xe5, 0x10, 0xc5, 0x10, 0xc4, 0x10,
    0xe5, 0x10, 0x93, 0x8c, 0xff, 0xff, 0xff, 0xff, 0xff, 0xff, 0xf0, 0x7b,
    0xe5, 0x10, 0xc5, 0x10, 0xc5, 0x10, 0xc5, 0x10, 0xc5, 0x10, 0xc5, 0x08,
    0xc5, 0x10, 0xc4, 0x10, 0xe5, 0x08, 0xe5, 0x10, 0xc5, 0x10, 0xc4, 0x10,
    0xe5, 0x10, 0xc5, 0x08, 0xc5, 0x10, 0xc4, 0x10, 0xc5, 0x10, 0xc4, 0x10,
    0xe4, 0x08, 0xe5, 0x10, 0xc5, 0x10, 0xe5, 0x10, 0xc5, 0x10, 0xc4, 0x10,
    0xc5, 0x10, 0xc5, 0x10, 0xe4, 0x10, 0xc5, 0x10, 0xc5, 0x10, 0xc5, 0x10,
    0xe5, 0x10, 0xc5, 0x10, 0xc5, 0x08, 0xc5, 0x10, 0xe5, 0x10, 0xc5, 0x10,
    0xc5, 0x10, 0xc5, 0x10, 0xc5, 0x10, 0xe5, 0x08, 0xe5, 0x10, 0xc4, 0x10,
    0xc5, 0x10, 0xc5, 0x10, 0x05, 0x19, 0x39, 0xc6, 0xff, 0xff, 0xff, 0xff,
    0xff, 0xff, 0xff, 0xff, 0xff, 0xff, 0xff, 0xff, 0xff, 0xff, 0xff, 0xff,
    0xff, 0xff, 0xff, 0xff, 0xff, 0xff, 0xff, 0xff, 0xff, 0xff, 0xdf, 0xff,
    0x5c, 0x8e, 0x9c, 0x55, 0x9b, 0x55, 0x9b, 0x55, 0xdc, 0x6d, 0x1c, 0x86,
    0x9b, 0x55, 0x9c, 0x55, 0x9c, 0x55, 0x9c, 0x55, 0x9b, 0x55, 0xf4, 0x3b,
    0xc5, 0x10, 0xc5, 0x10, 0xe5, 0x10, 0xc5, 0x10, 0xc4, 0x10, 0x2b, 0x22,
    0x7b, 0x4d, 0x9c, 0x55, 0x30, 0x33, 0x06, 0x11, 0xcf, 0x2a, 0x7b, 0x55,
    0x9b, 0x55, 0x9c, 0x55, 0x9c, 0x55, 0x9b, 0x55, 0x19, 0x4d, 0x88, 0x19,
    0xe5, 0x10, 0x0d, 0x5b, 0xff, 0xff, 0xff, 0xff, 0xff, 0xff, 0x9e, 0xf7,
    0x2a, 0x3a, 0xc5, 0x10, 0xc5, 0x10, 0xc5, 0x10, 0xc5, 0x10, 0xe5, 0x08,
    0xc4, 0x10, 0xc5, 0x10, 0xc5, 0x10, 0x68, 0x19, 0x35, 0x3c, 0x7b, 0x55,
    0x9b, 0x55, 0x3a, 0x4d, 0xca, 0x19, 0xc5, 0x10, 0xaf, 0x6b, 0xdf, 0xff,
    0xff, 0xff, 0x7e, 0xef, 0x2a, 0x3a, 0xe5, 0x10, 0x67, 0x19, 0x5a, 0x55,
    0x9c, 0x55, 0x9c, 0x55, 0x9c, 0x55, 0x9b, 0x55, 0xef, 0x2a, 0xc5, 0x10,
    0xe4, 0x10, 0xc4, 0x10, 0x18, 0xc6, 0xff, 0xff, 0xdf, 0xff, 0x4a, 0x42,
    0xc5, 0x10, 0xc5, 0x10, 0xc5, 0x10, 0x71, 0x33, 0x9b, 0x55, 0x9c, 0x55,
    0x9b, 0x55, 0x97, 0x44, 0xe5, 0x10, 0xc5, 0x10, 0xc5, 0x10, 0xc5, 0x10,
    0xc5, 0x10, 0xe4, 0x10, 0xc4, 0x10, 0xc5, 0x10, 0xe4, 0x10, 0xc4, 0x08,
    0xc5, 0x10, 0xc5, 0x10, 0xc5, 0x10, 0xc4, 0x08, 0xc4, 0x10, 0xc5, 0x10,
    0xc5, 0x10, 0xc5, 0x08, 0xc4, 0x10, 0xe5, 0x10, 0xc5, 0x10, 0xc4, 0x10,
    0xc5, 0x10, 0xe4, 0x08, 0xe5, 0x10, 0xc5, 0x10, 0xc5, 0x08, 0xc5, 0x10,
    0xc5, 0x10, 0x46, 0x19, 0x9a, 0xd6, 0xff, 0xff, 0xbe, 0xf7, 0xc8, 0x31,
    0xc5, 0x10, 0xc5, 0x10, 0xc4, 0x10, 0xc5, 0x10, 0xe5, 0x10, 0x4a, 0x42,
    0xbf, 0xf7, 0xff, 0xff, 0xff, 0xff, 0xff, 0xff, 0xff, 0xff, 0xff, 0xff,
    0xff, 0xff, 0xff, 0xff, 0x59, 0xce, 0x06, 0x19, 0xc5, 0x10, 0xc4, 0x10,
    0xc5, 0x10, 0xc5, 0x08, 0xc5, 0x10, 0xc4, 0x10, 0xc5, 0x10, 0x26, 0x19,
    0x7a, 0xce, 0xff, 0xff, 0xff, 0xff, 0xff, 0xff, 0xff, 0xff, 0xff, 0xff,
    0xff, 0xff, 0xff, 0xff, 0x3c, 0xe7, 0x67, 0x21, 0xc5, 0x10, 0xc5, 0x10,
    0xe5, 0x10, 0xc5, 0x10, 0xe4, 0x10, 0xc5, 0x10, 0xc5, 0x10, 0xc5, 0x10,
    0xab, 0x4a, 0xff, 0xff, 0xff, 0xff, 0xff, 0xff, 0xff, 0xff, 0xff, 0xff,
    0xff, 0xff, 0xff, 0xff, 0xff, 0xff, 0xb8, 0xb5, 0xc5, 0x10, 0xc5, 0x10,
    0xe5, 0x10, 0xe5, 0x10, 0xc5, 0x10, 0xc4, 0x10, 0xe5, 0x08, 0xc5, 0x10,
    0xc5, 0x10, 0x87, 0x21, 0xdb, 0xde, 0xff, 0xff, 0xff, 0xff, 0xfc, 0xde,
    0xc8, 0x31, 0xc5, 0x10, 0xc5, 0x10, 0xe4, 0x10, 0xe5, 0x10, 0xc4, 0x10,
    0xe4, 0x10, 0xc5, 0x10, 0xc5, 0x10, 0xc5, 0x10, 0xc4, 0x10, 0xe5, 0x10,
    0xc5, 0x10, 0xc5, 0x10, 0xc5, 0x10, 0xc5, 0x10, 0xe5, 0x08, 0xc5, 0x10,
    0xc5, 0x10, 0xc5, 0x10, 0xc4, 0x10, 0xc4, 0x10, 0xc5, 0x10, 0xc5, 0x10,
    0xc5, 0x10, 0xc5, 0x10, 0xc5, 0x10, 0xc5, 0x08, 0xc4, 0x10, 0xe5, 0x10,
    0xc5, 0x10, 0xc4, 0x10, 0xc5, 0x10, 0xe5, 0x10, 0xc4, 0x10, 0xc5, 0x10,
    0xe5, 0x10, 0xe5, 0x08, 0xc4, 0x10, 0xc5, 0x10, 0xc5, 0x10, 0xe5, 0x08,
    0xc5, 0x10, 0xe5, 0x10, 0xcf, 0x73, 0xff, 0xff, 0xff, 0xff, 0xff, 0xff,
    0xff, 0xff, 0xff, 0xff, 0xff, 0xff, 0xff, 0xff, 0xff, 0xff, 0xff, 0xff,
    0xff, 0xff, 0xff, 0xff, 0xff, 0xff, 0xff, 0xff, 0xff, 0xff, 0x1e, 0xcf,
    0x9b, 0x55, 0x9b, 0x5d, 0x1c, 0x86, 0x1e, 0xcf, 0xbf, 0xf7, 0x5c, 0x96,
    0x9c, 0x55, 0x9c, 0x55, 0x9c, 0x55, 0x9c, 0x55, 0x9b, 0x55, 0xd4, 0x3b,
    0xe5, 0x10, 0xc5, 0x10, 0xe5, 0x10, 0xc5, 0x10, 0xc5, 0x10, 0xa8, 0x19,
    0x39, 0x4d, 0x9c, 0x55, 0x19, 0x4d, 0x56, 0x44, 0x5b, 0x55, 0x9b, 0x55,
    0x9b, 0x55, 0x9c, 0x55, 0x9b, 0x55, 0x9b, 0x55, 0x56, 0x44, 0xe5, 0x10,
    0xe5, 0x10, 0x35, 0xa5, 0xff, 0xff, 0xff, 0xff, 0x5d, 0xef, 0x0d, 0x5b,
    0xc5, 0x10, 0xc5, 0x10, 0xe5, 0x10, 0xe4, 0x10, 0xc5, 0x10, 0xc5, 0x10,
    0xc4, 0x10, 0xc5, 0x10, 0x47, 0x19, 0x76, 0x44, 0x9b, 0x55, 0x9c, 0x55,
    0x9c, 0x55, 0x7b, 0x55, 0x51, 0x33, 0xe5, 0x10, 0x67, 0x21, 0x39, 0xc6,
    0xff, 0xff, 0xbf, 0xff, 0xcc, 0x52, 0xc5, 0x10, 0x06, 0x11, 0x97, 0x44,
    0x9c, 0x55, 0x9c, 0x55, 0x9b, 0x55, 0x9c, 0x55, 0xef, 0x2a, 0xc5, 0x10,
    0xc5, 0x10, 0xe5, 0x10, 0x52, 0x84, 0xff, 0xff, 0xff, 0xff, 0xf1, 0x7b,
    0xe5, 0x10, 0xc5, 0x10, 0xc5, 0x10, 0x4c, 0x22, 0x7b, 0x55, 0x9c, 0x55,
    0x9c, 0x55, 0x19, 0x4d, 0xa9, 0x19, 0xc5, 0x10, 0xc5, 0x10, 0xc4, 0x10,
    0xc5, 0x08, 0xc5, 0x10, 0xc5, 0x10, 0xc5, 0x08, 0xc5, 0x10, 0xc5, 0x10,
    0xc5, 0x10, 0xc4, 0x10, 0xc5, 0x10, 0xc5, 0x10, 0xc5, 0x10, 0xc5, 0x10,
    0xc5, 0x10, 0xc4, 0x10, 0xc5, 0x10, 0xc5, 0x10, 0xc5, 0x08, 0xc5, 0x10,
    0xc5, 0x10, 0xc5, 0x10, 0xc4, 0x10, 0xc5, 0x10, 0xc4, 0x10, 0xc5, 0x10,
    0xc5, 0x10, 0xe5, 0x10, 0x14, 0x9d, 0xff, 0xff, 0xdf, 0xff, 0x6f, 0x6b,
    0xc5, 0x10, 0xc5, 0x10, 0xc5, 0x10, 0xc5, 0x10, 0xe5, 0x10, 0x4a, 0x42,
    0xbf, 0xf7, 0xff, 0xff, 0xff, 0xff, 0xff, 0xff, 0xff, 0xff, 0xff, 0xff,
    0xff, 0xff, 0xff, 0xff, 0x59, 0xce, 0x06, 0x19, 0xe5, 0x10, 0xe5, 0x10,
    0xc5, 0x10, 0xc5, 0x10, 0xe5, 0x10, 0xe5, 0x10, 0xc5, 0x10, 0x26, 0x19,
    0x7a, 0xce, 0xff, 0xff, 0xff, 0xff, 0xff, 0xff, 0xff, 0xff, 0xff, 0xff,
    0xff, 0xff, 0xff, 0xff, 0x3c, 0xe7, 0x67, 0x21, 0xc5, 0x10, 0xc5, 0x10,
    0xc5, 0x10, 0xc4, 0x10, 0xc5, 0x10, 0xe5, 0x08, 0xc5, 0x10, 0xc4, 0x10,
    0xab, 0x4a, 0xff, 0xff, 0xff, 0xff, 0xff, 0xff, 0xff, 0xff, 0xff, 0xff,
    0xff, 0xff, 0xff, 0xff, 0xff, 0xff, 0xb7, 0xb5, 0xe5, 0x10, 0xc5, 0x10,
    0xc4, 0x10, 0xc5, 0x10, 0xc5, 0x10, 0xc4, 0x10, 0xc5, 0x10, 0xe5, 0x10,
    0xc4, 0x10, 0xc4, 0x10, 0x8f, 0x6b, 0xdf, 0xff, 0xff, 0xff, 0xff, 0xff,
    0x73, 0x8c, 0xe5, 0x10, 0xc4, 0x10, 0xc5, 0x10, 0xc5, 0x10, 0xc5, 0x10,
    0xc5, 0x10, 0xe5, 0x10, 0xc5, 0x10, 0xc4, 0x10, 0xe5, 0x08, 0xc5, 0x10,
    0xc4, 0x10, 0xc4, 0x10, 0xe5, 0x10, 0xe5, 0x10, 0xc4, 0x10, 0xc5, 0x10,
    0xc5, 0x10, 0xc5, 0x10, 0xc5, 0x08, 0xe5, 0x10, 0xc4, 0x10, 0xc5, 0x10,
    0xc5, 0x10, 0xc4, 0x10, 0xe5, 0x10, 0xc5, 0x10, 0xc5, 0x10, 0xe4, 0x10,
    0xc5, 0x08, 0xc5, 0x10, 0xe5, 0x10, 0xc4, 0x10, 0xc5, 0x08, 0xc5, 0x10,
    0xc4, 0x10, 0xc4, 0x10, 0xc5, 0x10, 0xc5, 0x10, 0xc4, 0x10, 0xc4, 0x10,
    0xc5, 0x10, 0x67, 0x21, 0x5d, 0xef, 0xff, 0xff, 0xff, 0xff, 0xff, 0xff,
    0xff, 0xff, 0xff, 0xff, 0xff, 0xff, 0xff, 0xff, 0xff, 0xff, 0xff, 0xff,
    0xff, 0xff, 0xff, 0xff, 0xff, 0xff, 0xff, 0xff, 0xdf, 0xf7, 0x1c, 0x7e,
    0x1c, 0x86, 0x5e, 0xd7, 0xff, 0xff, 0xff, 0xff, 0x3e, 0xcf, 0x9b, 0x55,
    0x9b, 0x55, 0x9b, 0x55, 0x9c, 0x55, 0x9b, 0x55, 0x7b, 0x4d, 0x6c, 0x22,
    0xc5, 0x10, 0xc5, 0x10, 0xc4, 0x10, 0xc5, 0x10, 0xc5, 0x10, 0xe5, 0x10,
    0x0f, 0x2b, 0x5a, 0x4d, 0x7b, 0x55, 0x9b, 0x55, 0x9c, 0x55, 0x9c, 0x55,
    0x9c, 0x55, 0x9c, 0x55, 0x9c, 0x55, 0x9b, 0x55, 0xef, 0x2a, 0xc5, 0x10,
    0x67, 0x29, 0x1c, 0xdf, 0xff, 0xff, 0x1c, 0xe7, 0x2a, 0x42, 0xe5, 0x10,
    0xc5, 0x10, 0xc5, 0x10, 0xc4, 0x10, 0xc5, 0x10, 0xc4, 0x10, 0xe5, 0x10,
    0xc5, 0x10, 0xe5, 0x10, 0x14, 0x3c, 0x9b, 0x55, 0x9c, 0x55, 0x9c, 0x55,
    0x9b, 0x55, 0x9b, 0x55, 0x19, 0x4d, 0x88, 0x19, 0xc5, 0x10, 0x2a, 0x42,
    0x5d, 0xef, 0xff, 0xff, 0xd0, 0x73, 0xc5, 0x10, 0xe5, 0x10, 0xd3, 0x3b,
    0x9b, 0x55, 0x9b, 0x55, 0x9c, 0x55, 0x9b, 0x55, 0x8d, 0x2a, 0xc5, 0x10,
    0xc5, 0x10, 0xc5, 0x10, 0x8b, 0x4a, 0xbe, 0xf7, 0xff, 0xff, 0xd8, 0xb5,
    0x05, 0x19, 0xc5, 0x10, 0xc4, 0x10, 0x88, 0x19, 0x19, 0x4d, 0x9b, 0x55,
    0x9c, 0x55, 0x7b, 0x4d, 0x8d, 0x2a, 0xe5, 0x10, 0xc5, 0x10, 0xe5, 0x10,
    0xe5, 0x10, 0xc5, 0x10, 0xe5, 0x10, 0xe5, 0x10, 0xc5, 0x10, 0xe5, 0x10,
    0xe5, 0x10, 0xc5, 0x08, 0xe5, 0x10, 0xe5, 0x10, 0xe5, 0x10, 0xc5, 0x08,
    0xe5, 0x10, 0xe5, 0x10, 0xc5, 0x10, 0xc5, 0x10, 0xe5, 0x10, 0xe5, 0x10,
    0xc5, 0x10, 0xc5, 0x10, 0xc5, 0x10, 0xc5, 0x10, 0xc5, 0x10, 0xe4, 0x10,
    0xe5, 0x10, 0xe5, 0x10, 0x0d, 0x5b, 0xff, 0xff, 0xff, 0xff, 0x76, 0xad,
    0xc5, 0x10, 0xc5, 0x10, 0xe5, 0x10, 0xe5, 0x08, 0xc5, 0x10, 0x6a, 0x42,
    0xbf, 0xf7, 0xff, 0xff, 0xff, 0xff, 0xff, 0xff, 0xff, 0xff, 0xff, 0xff,
    0xff, 0xff, 0xff, 0xff, 0x59, 0xce, 0x06, 0x19, 0xc5, 0x10, 0xc4, 0x10,
    0xe5, 0x10, 0xc4, 0x10, 0xc4, 0x10, 0xc5, 0x08, 0xc5, 0x10, 0x26, 0x19,
    0x7a, 0xce, 0xff, 0xff, 0xff, 0xff, 0xff, 0xff, 0xff, 0xff, 0xff, 0xff,
    0xff, 0xff, 0xff, 0xff, 0x3c, 0xe7, 0x47, 0x21, 0xc5, 0x10, 0xc4, 0x10,
    0xe5, 0x10, 0xc5, 0x10, 0xc5, 0x10, 0xc5, 0x10, 0xc4, 0x10, 0xe5, 0x10,
    0xab, 0x4a, 0xff, 0xff, 0xff, 0xff, 0xff, 0xff, 0xff, 0xff, 0xff, 0xff,
    0xff, 0xff, 0xff, 0xff, 0xff, 0xff, 0xb8, 0xb5, 0xe5, 0x10, 0xc5, 0x10,
    0xc5, 0x10, 0xc4, 0x10, 0xe5, 0x10, 0xc5, 0x10, 0xc5, 0x10, 0xc5, 0x10,
    0xc5, 0x10, 0xc5, 0x10, 0x26, 0x19, 0x59, 0xc6, 0xff, 0xff, 0xff, 0xff,
    0x3d, 0xe7, 0xe9, 0x31, 0xc5, 0x10, 0xc5, 0x10, 0xc5, 0x10, 0xc4, 0x10,
    0xc5, 0x08, 0xc5, 0x10, 0xe4, 0x10, 0xc5, 0x10, 0xc5, 0x10, 0xc5, 0x10,
    0xc5, 0x10, 0xe5, 0x08, 0xc4, 0x10, 0xc5, 0x10, 0xc5, 0x10, 0xe4, 0x10,
    0xe5, 0x10, 0xc4, 0x10, 0xc5, 0x10, 0xe5, 0x10, 0xc5, 0x10, 0xc5, 0x08,
    0xc5, 0x10, 0xc5, 0x10, 0xc4, 0x10, 0xe5, 0x10, 0xc4, 0x10, 0xc5, 0x10,
    0xc5, 0x10, 0xe5, 0x10, 0xc4, 0x10, 0xc5, 0x10, 0xc5, 0x10, 0xc5, 0x10,
    0xe5, 0x10, 0xc5, 0x10, 0xc5, 0x10, 0xe5, 0x10, 0xc5, 0x10, 0xc5, 0x10,
    0xe5, 0x10, 0x31, 0x7c, 0xff, 0xff, 0xff, 0xff, 0xff, 0xff, 0xff, 0xff,
    0xff, 0xff, 0xff, 0xff, 0xff, 0xff, 0xff, 0xff, 0xff, 0xff, 0xff, 0xff,
    0xff, 0xff, 0xff, 0xff, 0xff, 0xff, 0xff, 0xff, 0xbf, 0xf7, 0x7e, 0xdf,
    0xff, 0xff, 0xff, 0xff, 0xff, 0xff, 0xbf, 0xf7, 0xdc, 0x6d, 0x9c, 0x55,
    0x9c, 0x55, 0x9c, 0x55, 0x9c, 0x55, 0x9b, 0x55, 0x56, 0x44, 0xe5, 0x10,
    0xc5, 0x10, 0xc5, 0x10, 0xc4, 0x10, 0xc5, 0x10, 0xe5, 0x10, 0xc4, 0x10,
    0xc5, 0x10, 0xa9, 0x19, 0xad, 0x2a, 0x10, 0x2b, 0x97, 0x44, 0x9b, 0x55,
    0x9c, 0x55, 0x9c, 0x55, 0x9b, 0x55, 0x3a, 0x4d, 0xa9, 0x19, 0xc5, 0x10,
    0x2d, 0x5b, 0xff, 0xff, 0xff, 0xff, 0x76, 0xad, 0xe9, 0x39, 0x06, 0x11,
    0xc5, 0x10, 0xc5, 0x10, 0xc5, 0x10, 0xc5, 0x10, 0xc5, 0x10, 0xc4, 0x10,
    0xe5, 0x10, 0x4c, 0x22, 0x7b, 0x4d, 0x9b, 0x55, 0x9c, 0x55, 0x9c, 0x55,
    0x9b, 0x55, 0x1a, 0x4d, 0x6d, 0x2a, 0xe5, 0x10, 0xc5, 0x10, 0x05, 0x11,
    0xf4, 0x9c, 0xff, 0xff, 0xb3, 0x94, 0xe5, 0x10, 0xc5, 0x10, 0x0f, 0x33,
    0x9c, 0x55, 0x9c, 0x55, 0x9c, 0x55, 0x9b, 0x55, 0xea, 0x19, 0xc5, 0x10,
    0xc4, 0x10, 0xc5, 0x10, 0x26, 0x19, 0x1c, 0xe7, 0xff, 0xff, 0x1c, 0xe7,
    0x88, 0x29, 0xc5, 0x10, 0xc5, 0x10, 0x05, 0x11, 0x76, 0x44, 0x9c, 0x55,
    0x9c, 0x55, 0x9b, 0x55, 0x14, 0x3c, 0x0b, 0x22, 0x0b, 0x22, 0x0b, 0x22,
    0x0b, 0x22, 0x0a, 0x22, 0x0b, 0x22, 0x0b, 0x22, 0x0a, 0x22, 0x0b, 0x22,
    0x0b, 0x22, 0x0b, 0x22, 0x0b, 0x22, 0x0a, 0x22, 0x0b, 0x22, 0x0b, 0x22,
    0x0a, 0x22, 0x0b, 0x22, 0x0b, 0x22, 0x0a, 0x22, 0xea, 0x21, 0xea, 0x19,
    0xea, 0x21, 0xca, 0x19, 0xa9, 0x19, 0x26, 0x11, 0xc5, 0x10, 0xc5, 0x10,
    0xc5, 0x10, 0xc5, 0x10, 0xa7, 0x29, 0x9e, 0xf7, 0xff, 0xff, 0x3d, 0xe7,
    0x05, 0x19, 0xc5, 0x10, 0xc4, 0x10, 0xc4, 0x10, 0xe5, 0x10, 0x4a, 0x42,
    0xbf, 0xf7, 0xff, 0xff, 0xff, 0xff, 0xff, 0xff, 0xff, 0xff, 0xff, 0xff,
    0xff, 0xff, 0xff, 0xff, 0x59, 0xce, 0x06, 0x19, 0xc5, 0x10, 0xc4, 0x10,
    0xc5, 0x08, 0xe5, 0x10, 0xc5, 0x10, 0xc5, 0x10, 0xc4, 0x10, 0x26, 0x19,
    0x7a, 0xce, 0xff, 0xff, 0xff, 0xff, 0xff, 0xff, 0xff, 0xff, 0xff, 0xff,
    0xff, 0xff, 0xff, 0xff, 0x3c, 0xe7, 0x67, 0x21, 0xc5, 0x10, 0xc4, 0x10,
    0xc5, 0x10, 0xe5, 0x10, 0xc4, 0x10, 0xc5, 0x10, 0xc5, 0x10, 0xc5, 0x10,
    0xab, 0x4a, 0xff, 0xff, 0xff, 0xff, 0xff, 0xff, 0xff, 0xff, 0xff, 0xff,
    0xff, 0xff, 0xff, 0xff, 0xff, 0xff, 0xd7, 0xbd, 0xc5, 0x10, 0xc5, 0x10,
    0xc4, 0x10, 0xe5, 0x10, 0xc5, 0x10, 0xc5, 0x10, 0xe4, 0x08, 0xc5, 0x10,
    0x26, 0x19, 0x26, 0x19, 0xc5, 0x10, 0x0d, 0x5b, 0xbf, 0xff, 0xff, 0xff,
    0xff, 0xff, 0xf4, 0x9c, 0xe5, 0x10, 0xc5, 0x10, 0xc5, 0x10, 0xe4, 0x10,
    0xe5, 0x10, 0xc5, 0x10, 0xc4, 0x08, 0xc5, 0x10, 0xc5, 0x10, 0xe4, 0x10,
    0xc5, 0x10, 0xc5, 0x10, 0xc5, 0x10, 0xc5, 0x10, 0xc5, 0x08, 0xc5, 0x10,
    0xc5, 0x10, 0xe5, 0x08, 0xc4, 0x10, 0xc5, 0x10, 0xc5, 0x10, 0xe5, 0x10,
    0xc5, 0x10, 0xc5, 0x10, 0xe5, 0x10, 0xc5, 0x08, 0xc5, 0x10, 0xc5, 0x10,
    0xc5, 0x10, 0xc4, 0x10, 0xc5, 0x08, 0xc5, 0x10, 0xe4, 0x10, 0xe4, 0x10,
    0xc5, 0x10, 0xc5, 0x08, 0xe5, 0x10, 0xc5, 0x10, 0xe4, 0x08, 0xc5, 0x10,
    0x26, 0x19, 0xfc, 0xde, 0xff, 0xff, 0xff, 0xff, 0xff, 0xff, 0xff, 0xff,
    0xff, 0xff, 0xff, 0xff, 0xff, 0xff, 0xff, 0xff, 0xff, 0xff, 0xff, 0xff,
    0xff, 0xff, 0xff, 0xff, 0xff, 0xff, 0xff, 0xff, 0xff, 0xff, 0xff, 0xff,
    0xff, 0xff, 0xff, 0xff, 0xff, 0xff, 0x7d, 0xa6, 0x9b, 0x55, 0x9b, 0x55,
    0x9c, 0x55, 0x9c, 0x55, 0x9b, 0x55, 0x19, 0x4d, 0x67, 0x19, 0xc5, 0x10,
    0xc5, 0x10, 0xe5, 0x10, 0x09, 0x32, 0xe5, 0x10, 0xc5, 0x10, 0xc5, 0x10,
    0xc5, 0x10, 0xe5, 0x10, 0xc5, 0x10, 0xc9, 0x19, 0x19, 0x4d, 0x9b, 0x55,
    0x9c, 0x55, 0x9c, 0x55, 0x9b, 0x55, 0x35, 0x3c, 0xe5, 0x10, 0x05, 0x19,
    0x97, 0xad, 0xff, 0xff, 0xff, 0xff, 0xff, 0xff, 0xdf, 0xff, 0x59, 0xce,
    0x11, 0x7c, 0xe9, 0x31, 0xe5, 0x10, 0xe5, 0x10, 0xc5, 0x10, 0xc5, 0x10,
    0xc5, 0x10, 0xd3, 0x3b, 0x9b, 0x55, 0x9c, 0x55, 0x7c, 0x55, 0x7b, 0x4d,
    0xf4, 0x3b, 0x88, 0x19, 0xe5, 0x10, 0x26, 0x19, 0x0d, 0x5b, 0x39, 0xc6,
    0xdf, 0xff, 0xff, 0xff, 0x15, 0xa5, 0xc5, 0x10, 0xc5, 0x10, 0x6c, 0x22,
    0x9b, 0x55, 0x9c, 0x55, 0x7b, 0x55, 0x3a, 0x4d, 0x06, 0x11, 0xc5, 0x10,
    0xc5, 0x10, 0xe4, 0x10, 0xe5, 0x10, 0x96, 0xad, 0xff, 0xff, 0xff, 0xff,
    0xac, 0x52, 0xe5, 0x10, 0xc5, 0x10, 0xc5, 0x10, 0x51, 0x33, 0x9b, 0x55,
    0x9b, 0x55, 0x9b, 0x55, 0x9b, 0x4d, 0x9b, 0x55, 0x9b, 0x55, 0x9b, 0x4d,
    0x9b, 0x55, 0x9b, 0x55, 0x9b, 0x4d, 0x9b, 0x55, 0x9b, 0x55, 0x9b, 0x4d,
    0x9b, 0x55, 0x9b, 0x55, 0x9b, 0x4d, 0x9b, 0x55, 0x9b, 0x55, 0x9b, 0x55,
    0x9b, 0x4d, 0x9b, 0x55, 0x9b, 0x4d, 0x9b, 0x4d, 0x9b, 0x55, 0x9c, 0x55,
    0x9b, 0x55, 0x7c, 0x55, 0x9b, 0x55, 0x14, 0x3c, 0xe5, 0x10, 0xc5, 0x10,
    0xc4, 0x10, 0xc5, 0x08, 0x26, 0x19, 0x38, 0xc6, 0xff, 0xff, 0xdf, 0xff,
    0x4b, 0x42, 0xe5, 0x10, 0xc5, 0x10, 0xc5, 0x10, 0xe5, 0x10, 0x4a, 0x42,
    0xbf, 0xf7, 0xff, 0xff, 0xff, 0xff, 0xff, 0xff, 0xff, 0xff, 0xff, 0xff,
    0xff, 0xff, 0xff, 0xff, 0x5a, 0xce, 0x05, 0x19, 0xe5, 0x10, 0xc5, 0x10,
    0xc5, 0x10, 0xc5, 0x10, 0xc5, 0x10, 0xe5, 0x10, 0xc5, 0x10, 0x26, 0x19,
    0x7a, 0xce, 0xff, 0xff, 0xff, 0xff, 0xff, 0xff, 0xff, 0xff, 0xff, 0xff,
    0xff, 0xff, 0xff, 0xff, 0x3d, 0xef, 0x67, 0x21, 0xc5, 0x10, 0xc5, 0x10,
    0xe5, 0x10, 0xc4, 0x10, 0xc5, 0x10, 0xe5, 0x08, 0xe4, 0x10, 0xc5, 0x10,
    0xab, 0x4a, 0xff, 0xff, 0xff, 0xff, 0xff, 0xff, 0xff, 0xff, 0xff, 0xff,
    0xff, 0xff, 0xff, 0xff, 0xff, 0xff, 0xd8, 0xbd, 0xe5, 0x10, 0xc5, 0x10,
    0xc5, 0x10, 0xc5, 0x10, 0xc4, 0x08, 0xe5, 0x10, 0xc5, 0x10, 0xc4, 0x10,
    0x8b, 0x4a, 0x52, 0x84, 0xe5, 0x10, 0x05, 0x19, 0xf8, 0xbd, 0xff, 0xff,
    0xff, 0xff, 0x5d, 0xef, 0x09, 0x3a, 0xc5, 0x10, 0xc5, 0x10, 0xc5, 0x10,
    0xc5, 0x10, 0xc5, 0x10, 0xc5, 0x10, 0xc5, 0x10, 0xe5, 0x10, 0xc5, 0x08,
    0xc4, 0x10, 0xc5, 0x10, 0xe5, 0x10, 0xc5, 0x10, 0xe4, 0x10, 0xc5, 0x10,
    0xc5, 0x10, 0xc4, 0x10, 0xc5, 0x10, 0xc5, 0x08, 0xe4, 0x10, 0xc4, 0x10,
    0xc5, 0x10, 0xc4, 0x10, 0xc5, 0x10, 0xc5, 0x10, 0xc4, 0x10, 0xe5, 0x10,
    0xc4, 0x08, 0xe5, 0x10, 0xe5, 0x10, 0xc5, 0x10, 0xc5, 0x10, 0xc5, 0x08,
    0xc5, 0x10, 0xe5, 0x10, 0xc4, 0x10, 0xc4, 0x10, 0xc5, 0x10, 0xe5, 0x10,
    0xcc, 0x52, 0xff, 0xff, 0xff, 0xff, 0xff, 0xff, 0xff, 0xff, 0xff, 0xff,
    0xff, 0xff, 0xff, 0xff, 0xff, 0xff, 0xff, 0xff, 0xff, 0xff, 0xff, 0xff,
    0xff, 0xff, 0xff, 0xff, 0xff, 0xff, 0xff, 0xff, 0xff, 0xff, 0xff, 0xff,
    0xff, 0xff, 0xff, 0xff, 0x5e, 0xdf, 0x9b, 0x55, 0x9c, 0x55, 0x9b, 0x55,
    0x9c, 0x55, 0x9b, 0x55, 0x5a, 0x4d, 0xea, 0x19, 0xc5, 0x10, 0xc5, 0x10,
    0xc5, 0x10, 0x4a, 0x42, 0xdf, 0xff, 0x76, 0xad, 0x06, 0x19, 0xc5, 0x10,
    0xc4, 0x10, 0xc5, 0x10, 0x06, 0x11, 0x76, 0x44, 0x9b, 0x55, 0x9c, 0x55,
    0x9c, 0x55, 0x9c, 0x55, 0x9b, 0x55, 0xce, 0x2a, 0xc5, 0x10, 0xa8, 0x31,
    0x5d, 0xef, 0xff, 0xff, 0xff, 0xff, 0xff, 0xff, 0xff, 0xff, 0xff, 0xff,
    0xff, 0xff, 0xff, 0xff, 0x9b, 0xd6, 0xb3, 0x94, 0xe8, 0x31, 0xc5, 0x10,
    0xc5, 0x10, 0x55, 0x3c, 0x9b, 0x55, 0x9b, 0x55, 0x55, 0x44, 0xea, 0x19,
    0xe5, 0x10, 0x26, 0x21, 0xd0, 0x73, 0xdb, 0xde, 0xff, 0xff, 0xff, 0xff,
    0xff, 0xff, 0xff, 0xff, 0x56, 0xa5, 0xc5, 0x10, 0xc5, 0x10, 0x0a, 0x22,
    0x9b, 0x55, 0x9c, 0x55, 0x9b, 0x55, 0xb3, 0x33, 0xe5, 0x10, 0x88, 0x19,
    0xc5, 0x10, 0xc5, 0x10, 0xc4, 0x10, 0xaf, 0x73, 0xff, 0xff, 0xff, 0xff,
    0x73, 0x8c, 0xc5, 0x10, 0xc4, 0x10, 0xe5, 0x10, 0x2b, 0x22, 0x7b, 0x55,
    0x9c, 0x55, 0x9c, 0x55, 0x9c, 0x55, 0x9c, 0x55, 0x9c, 0x55, 0x9c, 0x55,
    0x9c, 0x55, 0x9c, 0x55, 0x9c, 0x55, 0x9c, 0x55, 0x9c, 0x55, 0x9c, 0x55,
    0x9c, 0x55, 0x9c, 0x55, 0x9c, 0x55, 0x9c, 0x55, 0x9c, 0x55, 0x9b, 0x55,
    0x9c, 0x55, 0x9c, 0x55, 0x9c, 0x55, 0x9b, 0x55, 0x9c, 0x55, 0x9c, 0x55,
    0x9b, 0x55, 0x9c, 0x55, 0x9c, 0x55, 0xf9, 0x4c, 0x68, 0x19, 0xc5, 0x10,
    0xc5, 0x10, 0xe4, 0x10, 0xc5, 0x10, 0x52, 0x84, 0xff, 0xff, 0xff, 0xff,
    0x31, 0x84, 0xc5, 0x10, 0xc5, 0x10, 0xc5, 0x10, 0xe5, 0x10, 0x6a, 0x42,
    0xbf, 0xf7, 0xff, 0xff, 0xff, 0xff, 0xff, 0xff, 0xff, 0xff, 0xff, 0xff,
    0xff, 0xff, 0xff, 0xff, 0x59, 0xce, 0x06, 0x19, 0xc5, 0x10, 0xc4, 0x10,
    0xe5, 0x10, 0xc5, 0x10, 0xc4, 0x08, 0xc4, 0x10, 0xe5, 0x10, 0x26, 0x19,
    0x7a, 0xce, 0xff, 0xff, 0xff, 0xff, 0xff, 0xff, 0xff, 0xff, 0xff, 0xff,
    0xff, 0xff, 0xff, 0xff, 0x3c, 0xe7, 0x47, 0x21, 0xc5, 0x10, 0xc4, 0x10,
    0xc5, 0x10, 0xc5, 0x10, 0xc5, 0x10, 0xc5, 0x10, 0xc5, 0x10, 0xe4, 0x10,
    0xac, 0x4a, 0xff, 0xff, 0xff, 0xff, 0xff, 0xff, 0xff, 0xff, 0xff, 0xff,
    0xff, 0xff, 0xff, 0xff, 0xff, 0xff, 0xd8, 0xbd, 0xc5, 0x10, 0xc5, 0x10,
    0xe4, 0x10, 0xe5, 0x10, 0xc5, 0x10, 0xc4, 0x10, 0xc5, 0x10, 0xc5, 0x10,
    0xab, 0x4a, 0x3d, 0xe7, 0x09, 0x3a, 0xc5, 0x10, 0xac, 0x4a, 0x9e, 0xf7,
    0xff, 0xff, 0xff, 0xff, 0x35, 0xa5, 0xe5, 0x10, 0xc5, 0x10, 0xe4, 0x10,
    0xc5, 0x10, 0xc4, 0x10, 0xe4, 0x10, 0xe5, 0x10, 0xc5, 0x10, 0xc4, 0x10,
    0xc5, 0x10, 0xe5, 0x10, 0xc4, 0x10, 0xc4, 0x08, 0xc5, 0x10, 0xe4, 0x10,
    0xc5, 0x10, 0xc5, 0x10, 0xc5, 0x10, 0xe5, 0x10, 0xc5, 0x10, 0xc5, 0x10,
    0xc5, 0x10, 0xc5, 0x10, 0xe4, 0x10, 0xc5, 0x10, 0xc4, 0x10, 0xe5, 0x10,
    0xc5, 0x10, 0xc5, 0x10, 0xc5, 0x10, 0xc4, 0x10, 0xe5, 0x10, 0xc5, 0x10,
    0xc4, 0x10, 0xc5, 0x10, 0xc5, 0x08, 0xc5, 0x10, 0xc5, 0x10, 0xe5, 0x10,
    0xf4, 0x9c, 0xff, 0xff, 0xff, 0xff, 0xff, 0xff, 0xff, 0xff, 0xff, 0xff,
    0xff, 0xff, 0xff, 0xff, 0xff, 0xff, 0xff, 0xff, 0xff, 0xff, 0xff, 0xff,
    0xff, 0xff, 0xff, 0xff, 0xff, 0xff, 0xff, 0xff, 0xff, 0xff, 0xff, 0xff,
    0xff, 0xff, 0xdf, 0xff, 0x1c, 0x7e, 0x9b, 0x55, 0x9c, 0x55, 0x9c, 0x55,
    0x9c, 0x55, 0x7b, 0x55, 0x6d, 0x22, 0xe5, 0x10, 0xc5, 0x10, 0xc5, 0x10,
    0xe5, 0x10, 0xc5, 0x10, 0xcc, 0x52, 0x7e, 0xef, 0xf0, 0x7b, 0xe5, 0x10,
    0xc5, 0x10, 0xe5, 0x10, 0x2b, 0x22, 0x5a, 0x4d, 0x9c, 0x55, 0x9c, 0x55,
    0x9b, 0x55, 0x9b, 0x55, 0x5a, 0x4d, 0xca, 0x19, 0xc5, 0x10, 0x0d, 0x5b,
    0xff, 0xff, 0xff, 0xff, 0xff, 0xff, 0xff, 0xff, 0xff, 0xff, 0xff, 0xff,
    0xff, 0xff, 0xff, 0xff, 0x7e, 0xf7, 0x93, 0x8c, 0x67, 0x21, 0xc5, 0x10,
    0xe5, 0x10, 0xf4, 0x3b, 0x9b, 0x55, 0xf4, 0x3b, 0xe5, 0x10, 0xc5, 0x10,
    0x4a, 0x42, 0x1c, 0xe7, 0xff, 0xff, 0xff, 0xff, 0xff, 0xff, 0xff, 0xff,
    0xff, 0xff, 0xff, 0xff, 0xf4, 0x9c, 0xe5, 0x10, 0xc5, 0x10, 0x4b, 0x22,
    0x9c, 0x55, 0x9c, 0x55, 0x7b, 0x55, 0xca, 0x21, 0x72, 0x33, 0xf8, 0x4c,
    0xe6, 0x10, 0xc5, 0x10, 0xe5, 0x10, 0x2a, 0x3a, 0x9e, 0xf7, 0xff, 0xff,
    0x39, 0xc6, 0x26, 0x19, 0xc5, 0x10, 0xc5, 0x10, 0x68, 0x19, 0xf9, 0x4c,
    0x9c, 0x55, 0x9c, 0x55, 0x9c, 0x55, 0x9c, 0x55, 0x9c, 0x55, 0x9c, 0x55,
    0x9c, 0x55, 0x9c, 0x55, 0x9c, 0x55, 0x9c, 0x55, 0x9c, 0x55, 0x9c, 0x55,
    0x9c, 0x55, 0x9c, 0x55, 0x9c, 0x55, 0x9c, 0x55, 0x9c, 0x55, 0x9c, 0x55,
    0x9c, 0x55, 0x9c, 0x55, 0x9c, 0x55, 0x9c, 0x55, 0x9c, 0x55, 0x9c, 0x55,
    0x9c, 0x55, 0x9b, 0x55, 0x9b, 0x55, 0x5b, 0x4d, 0x2b, 0x22, 0xc5, 0x10,
    0xc4, 0x10, 0xe5, 0x10, 0xe5, 0x10, 0x6b, 0x4a, 0xff, 0xff, 0xff, 0xff,
    0x39, 0xc6, 0xc5, 0x10, 0xc5, 0x10, 0xc4, 0x10, 0xe5, 0x10, 0x4a, 0x42,
    0xbf, 0xf7, 0xff, 0xff, 0xff, 0xff, 0xff, 0xff, 0xff, 0xff, 0xff, 0xff,
    0xff, 0xff, 0xff, 0xff, 0x59, 0xce, 0x06, 0x19, 0xc5, 0x10, 0xc5, 0x08,
    0xc5, 0x10, 0xe4, 0x10, 0xc5, 0x10, 0xe5, 0x10, 0xc5, 0x10, 0x26, 0x19,
    0x7a, 0xce, 0xff, 0xff, 0xff, 0xff, 0xff, 0xff, 0xff, 0xff, 0xff, 0xff,
    0xff, 0xff, 0xff, 0xff, 0x3c, 0xe7, 0x67, 0x21, 0xc5, 0x10, 0xc4, 0x10,
    0xe5, 0x10, 0xc5, 0x10, 0xe4, 0x10, 0xc5, 0x10, 0xc4, 0x10, 0xc5, 0x10,
    0xab, 0x4a, 0xff, 0xff, 0xff, 0xff, 0xff, 0xff, 0xff, 0xff, 0xff, 0xff,
    0xff, 0xff, 0xff, 0xff, 0xff, 0xff, 0xd8, 0xbd, 0xe5, 0x10, 0xc4, 0x10,
    0xc5, 0x10, 0xc5, 0x10, 0xc5, 0x10, 0xc5, 0x10, 0xe5, 0x10, 0xc5, 0x08,
    0xcc, 0x52, 0xbf, 0xff, 0x56, 0xad, 0x05, 0x19, 0xe5, 0x10, 0x96, 0xb5,
    0xff, 0xff, 0xff, 0xff, 0x7e, 0xef, 0x2a, 0x42, 0xc5, 0x10, 0xc5, 0x10,
    0xc5, 0x10, 0xe5, 0x10, 0xc5, 0x08, 0xc4, 0x10, 0xc5, 0x10, 0xc5, 0x10,
    0xe5, 0x10, 0xc5, 0x08, 0xc5, 0x10, 0xc5, 0x10, 0xe5, 0x10, 0xc5, 0x10,
    0xc4, 0x08, 0xe5, 0x10, 0xe5, 0x10, 0xc5, 0x10, 0xc4, 0x10, 0xc5, 0x10,
    0xc5, 0x10, 0xc5, 0x10, 0xc5, 0x10, 0xe5, 0x08, 0xc5, 0x10, 0xc5, 0x10,
    0xc5, 0x10, 0xc4, 0x10, 0xc5, 0x08, 0xc5, 0x10, 0xc4, 0x10, 0xc5, 0x10,
    0xc5, 0x10, 0xe4, 0x10, 0xc5, 0x10, 0xc5, 0x10, 0xe5, 0x10, 0x05, 0x19,
    0x39, 0xc6, 0xff, 0xff, 0xff, 0xff, 0xff, 0xff, 0xff, 0xff, 0xff, 0xff,
    0xff, 0xff, 0xff, 0xff, 0xff, 0xff, 0xff, 0xff, 0xff, 0xff, 0xff, 0xff,
    0xff, 0xff, 0xff, 0xff, 0xff, 0xff, 0xff, 0xff, 0xff, 0xff, 0xff, 0xff,
    0xff, 0xff, 0xfe, 0xc6, 0x9b, 0x55, 0x9c, 0x55, 0x9c, 0x55, 0x9c, 0x55,
    0x7b, 0x4d, 0x30, 0x33, 0xe5, 0x10, 0xc5, 0x10, 0xc5, 0x10, 0xe4, 0x10,
    0x59, 0xc6, 0x4e, 0x63, 0xe5, 0x10, 0xec, 0x52, 0x9a, 0xd6, 0x47, 0x21,
    0xc5, 0x10, 0xc4, 0x10, 0xad, 0x2a, 0x9c, 0x55, 0x9c, 0x55, 0x9c, 0x55,
    0x9c, 0x55, 0x9c, 0x55, 0x19, 0x4d, 0x88, 0x19, 0xe5, 0x10, 0x8b, 0x4a,
    0xbe, 0xf7, 0xff, 0xff, 0xff, 0xff, 0xff, 0xff, 0xff, 0xff, 0xdf, 0xff,
    0x5a, 0xce, 0xf0, 0x73, 0x67, 0x21, 0xe5, 0x10, 0xc5, 0x10, 0xc4, 0x10,
    0xc5, 0x10, 0x6c, 0x22, 0x7b, 0x55, 0x3a, 0x4d, 0x2b, 0x22, 0xc5, 0x10,
    0x06, 0x19, 0x8f, 0x6b, 0x7a, 0xce, 0xff, 0xff, 0xff, 0xff, 0xff, 0xff,
    0xff, 0xff, 0xff, 0xff, 0xb0, 0x73, 0xc5, 0x10, 0xe5, 0x10, 0x30, 0x33,
    0x9b, 0x55, 0x9b, 0x55, 0x5b, 0x4d, 0xb7, 0x44, 0x7b, 0x55, 0xb8, 0x44,
    0x05, 0x11, 0xc5, 0x10, 0xc5, 0x10, 0x05, 0x11, 0xbb, 0xd6, 0xff, 0xff,
    0x5d, 0xef, 0xc9, 0x31, 0xc5, 0x10, 0xc4, 0x10, 0xe5, 0x10, 0x55, 0x3c,
    0x9b, 0x55, 0x9c, 0x55, 0x9c, 0x55, 0x9c, 0x55, 0x9b, 0x55, 0x9b, 0x55,
    0x9b, 0x4d, 0x9c, 0x55, 0x9b, 0x55, 0x9c, 0x4d, 0x9b, 0x55, 0x9c, 0x55,
    0x9b, 0x55, 0x9b, 0x55, 0x9c, 0x4d, 0x9b, 0x55, 0x9b, 0x55, 0x9c, 0x55,
    0x9b, 0x55, 0x9b, 0x55, 0x9b, 0x55, 0x9c, 0x55, 0x9b, 0x55, 0x9b, 0x55,
    0x9b, 0x55, 0x9c, 0x55, 0x9b, 0x55, 0x9c, 0x55, 0x0f, 0x2b, 0xc5, 0x10,
    0xc5, 0x10, 0xc5, 0x10, 0xc5, 0x08, 0x46, 0x21, 0x3c, 0xe7, 0xff, 0xff,
    0xbe, 0xf7, 0x47, 0x21, 0xc5, 0x10, 0xe5, 0x10, 0xe5, 0x10, 0x4a, 0x42,
    0xbf, 0xf7, 0xff, 0xff, 0xff, 0xff, 0xff, 0xff, 0xff, 0xff, 0xff, 0xff,
    0xff, 0xff, 0xff, 0xff, 0x5a, 0xce, 0x05, 0x19, 0xe5, 0x10, 0xe5, 0x10,
    0xc4, 0x10, 0xc5, 0x10, 0xc5, 0x10, 0xc5, 0x10, 0xc4, 0x08, 0x26, 0x19,
    0x7a, 0xce, 0xff, 0xff, 0xff, 0xff, 0xff, 0xff, 0xff, 0xff, 0xff, 0xff,
    0xff, 0xff, 0xff, 0xff, 0x3c, 0xe7, 0x47, 0x21, 0xc5, 0x10, 0xc5, 0x10,
    0xe5, 0x10, 0xc4, 0x10, 0xc5, 0x10, 0xe5, 0x08, 0xc5, 0x10, 0xc5, 0x10,
    0xab, 0x4a, 0xff, 0xff, 0xff, 0xff, 0xff, 0xff, 0xff, 0xff, 0xff, 0xff,
    0xff, 0xff, 0xff, 0xff, 0xff, 0xff, 0xd8, 0xbd, 0xe5, 0x10, 0xc4, 0x10,
    0xc5, 0x10, 0xc5, 0x10, 0xc4, 0x08, 0xe5, 0x10, 0xc5, 0x10, 0xe4, 0x10,
    0xec, 0x52, 0xbf, 0xf7, 0xbe, 0xf7, 0x6b, 0x4a, 0xc5, 0x10, 0x6b, 0x4a,
    0x9e, 0xf7, 0xff, 0xff, 0xff, 0xff, 0x35, 0xa5, 0xe5, 0x10, 0xc5, 0x10,
    0xc5, 0x10, 0xc5, 0x10, 0xc5, 0x10, 0xc5, 0x10, 0xe5, 0x08, 0xc4, 0x10,
    0xc5, 0x10, 0xc5, 0x10, 0xe4, 0x10, 0xc5, 0x10, 0xc5, 0x10, 0xc5, 0x10,
    0xc5, 0x10, 0xc5, 0x10, 0xc4, 0x10, 0xc4, 0x08, 0xc5, 0x10, 0xc5, 0x10,
    0xc5, 0x10, 0xc4, 0x10, 0xe5, 0x10, 0xc5, 0x10, 0xc4, 0x10, 0xc5, 0x10,
    0xe4, 0x08, 0xc5, 0x10, 0xe5, 0x10, 0xc4, 0x10, 0xe5, 0x10, 0xc5, 0x08,
    0xc5, 0x10, 0xe5, 0x10, 0xc4, 0x10, 0xc5, 0x10, 0xe5, 0x10, 0x26, 0x19,
    0x1c, 0xe7, 0xff, 0xff, 0xff, 0xff, 0xff, 0xff, 0xff, 0xff, 0xff, 0xff,
    0xff, 0xff, 0xff, 0xff, 0xff, 0xff, 0xff, 0xff, 0xff, 0xff, 0xff, 0xff,
    0xff, 0xff, 0xff, 0xff, 0xff, 0xff, 0xff, 0xff, 0xff, 0xff, 0xff, 0xff,
    0xdf, 0xf7, 0xfc, 0x75, 0x9c, 0x55, 0x9b, 0x55, 0x9c, 0x55, 0x9b, 0x55,
    0xf4, 0x3b, 0xe5, 0x10, 0xc5, 0x10, 0xc5, 0x10, 0xc4, 0x10, 0xc5, 0x10,
    0xe9, 0x31, 0x66, 0x21, 0xc5, 0x10, 0xc5, 0x10, 0x9a, 0xd6, 0x09, 0x3a,
    0xc5, 0x10, 0xc5, 0x10, 0x6c, 0x22, 0x7b, 0x55, 0x9c, 0x55, 0x9b, 0x55,
    0xbc, 0x55, 0x9b, 0x55, 0xf8, 0x4c, 0x47, 0x19, 0xc5, 0x10, 0xe5, 0x10,
    0x4a, 0x42, 0x8f, 0x6b, 0xaf, 0x73, 0x6f, 0x6b, 0xac, 0x52, 0x87, 0x29,
    0xe5, 0x18, 0xe5, 0x10, 0xc5, 0x10, 0xc5, 0x10, 0xc4, 0x10, 0xc5, 0x10,
    0xe5, 0x10, 0xe5, 0x10, 0x8d, 0x22, 0xb7, 0x44, 0x19, 0x4d, 0x2b, 0x22,
    0xc5, 0x10, 0xe5, 0x10, 0x05, 0x19, 0x2a, 0x3a, 0x52, 0x8c, 0x59, 0xce,
    0x7d, 0xef, 0xf8, 0xbd, 0x67, 0x21, 0xc5, 0x10, 0x06, 0x11, 0x97, 0x44,
    0x9b, 0x55, 0x9c, 0x55, 0x9b, 0x55, 0x9b, 0x4d, 0x9c, 0x55, 0xf4, 0x3b,
    0xe5, 0x10, 0xc5, 0x10, 0xc5, 0x10, 0xe5, 0x10, 0x14, 0x9d, 0xff, 0xff,
    0xff, 0xff, 0x4e, 0x63, 0xe5, 0x10, 0xc5, 0x10, 0xe5, 0x10, 0x30, 0x33,
    0x9b, 0x55, 0x9c, 0x55, 0x9b, 0x55, 0x5a, 0x4d, 0xae, 0x2a, 0x0b, 0x22,
    0x0b, 0x22, 0x0a, 0x22, 0xea, 0x21, 0x0a, 0x22, 0xea, 0x21, 0x0a, 0x22,
    0x0a, 0x1a, 0xea, 0x21, 0xea, 0x21, 0xea, 0x19, 0xea, 0x21, 0xea, 0x19,
    0xea, 0x21, 0xea, 0x19, 0xea, 0x21, 0xea, 0x19, 0xea, 0x19, 0xea, 0x19,
    0xea, 0x19, 0xca, 0x19, 0xc9, 0x19, 0xa8, 0x19, 0x06, 0x11, 0xc5, 0x10,
    0xc5, 0x10, 0xe5, 0x10, 0xc4, 0x10, 0x05, 0x11, 0x97, 0xad, 0xff, 0xff,
    0xff, 0xff, 0x0d, 0x5b, 0xc5, 0x10, 0xc4, 0x10, 0xe5, 0x10, 0x6a, 0x42,
    0xbe, 0xf7, 0xff, 0xff, 0xff, 0xff, 0xff, 0xff, 0xff, 0xff, 0xff, 0xff,
    0xff, 0xff, 0xff, 0xff, 0x59, 0xce, 0x06, 0x19, 0xc5, 0x10, 0xc4, 0x10,
    0xc5, 0x10, 0xc5, 0x10, 0xe5, 0x08, 0xc4, 0x10, 0xc5, 0x10, 0x26, 0x19,
    0x7a, 0xce, 0xff, 0xff, 0xff, 0xff, 0xff, 0xff, 0xff, 0xff, 0xff, 0xff,
    0xff, 0xff, 0xff, 0xff, 0x3d, 0xef, 0x67, 0x21, 0xc5, 0x10, 0xc4, 0x10,
    0xc5, 0x10, 0xc5, 0x10, 0xc5, 0x10, 0xc5, 0x10, 0xc4, 0x10, 0xe5, 0x10,
    0xac, 0x4a, 0xff, 0xff, 0xff, 0xff, 0xff, 0xff, 0xff, 0xff, 0xff, 0xff,
    0xff, 0xff, 0xff, 0xff, 0xff, 0xff, 0xd8, 0xbd, 0xc5, 0x10, 0xc5, 0x10,
    0xe5, 0x10, 0xc5, 0x10, 0xe4, 0x10, 0xc5, 0x10, 0xc4, 0x10, 0xc5, 0x10,
    0xec, 0x52, 0xbf, 0xff, 0xff, 0xff, 0x96, 0xad, 0x06, 0x19, 0xe5, 0x10,
    0x76, 0xad, 0xff, 0xff, 0xff, 0xff, 0x5d, 0xef, 0x2a, 0x3a, 0xc5, 0x10,
    0xc4, 0x10, 0xe4, 0x10, 0xc5, 0x10, 0xc5, 0x10, 0xc4, 0x10, 0xe5, 0x10,
    0xc5, 0x10, 0xc4, 0x10, 0xc5, 0x10, 0xc5, 0x10, 0xe5, 0x08, 0xc4, 0x10,
    0xc5, 0x10, 0xe5, 0x10, 0xc5, 0x10, 0xc5, 0x10, 0xe5, 0x10, 0xe5, 0x10,
    0xc5, 0x10, 0xc5, 0x10, 0xc4, 0x10, 0xc5, 0x10, 0xc5, 0x10, 0xe5, 0x10,
    0xc5, 0x10, 0xc5, 0x10, 0xc5, 0x10, 0xe5, 0x10, 0xc5, 0x10, 0xe5, 0x10,
    0xc4, 0x10, 0xc5, 0x08, 0xc5, 0x10, 0xe4, 0x10, 0xc5, 0x08, 0x67, 0x21,
    0x9e, 0xf7, 0xff, 0xff, 0xff, 0xff, 0xff, 0xff, 0xff, 0xff, 0xff, 0xff,
    0xff, 0xff, 0xff, 0xff, 0xff, 0xff, 0xff, 0xff, 0xff, 0xff, 0xff, 0xff,
    0xff, 0xff, 0xff, 0xff, 0xff, 0xff, 0xff, 0xff, 0xff, 0xff, 0xff, 0xff,
    0x1d, 0xc7, 0x9b, 0x55, 0x9c, 0x55, 0x9c, 0x55, 0x9b, 0x55, 0xd8, 0x4c,
    0x47, 0x19, 0xc5, 0x10, 0xc5, 0x10, 0xc5, 0x10, 0xc5, 0x10, 0xc5, 0x10,
    0xe5, 0x10, 0xc5, 0x10, 0xc5, 0x10, 0xe5, 0x10, 0x7a, 0xce, 0xab, 0x4a,
    0xe5, 0x10, 0xc5, 0x10, 0xc9, 0x19, 0x3a, 0x4d, 0x9c, 0x55, 0x9c, 0x55,
    0x9b, 0x55, 0x9c, 0x55, 0xf8, 0x4c, 0x47, 0x11, 0xc5, 0x10, 0xc5, 0x10,
    0xe5, 0x10, 0xe5, 0x10, 0xe5, 0x10, 0xe5, 0x10, 0xe5, 0x10, 0xc5, 0x10,
    0xc5, 0x10, 0xc5, 0x10, 0xc5, 0x10, 0xc5, 0x10, 0xc5, 0x08, 0xc5, 0x10,
    0xe4, 0x10, 0xc5, 0x10, 0xe5, 0x10, 0x06, 0x11, 0xc9, 0x19, 0x4c, 0x22,
    0xe5, 0x10, 0xc5, 0x10, 0xc5, 0x10, 0xc5, 0x10, 0xe5, 0x10, 0x05, 0x19,
    0x26, 0x19, 0x06, 0x19, 0xc5, 0x10, 0xc5, 0x10, 0x4c, 0x22, 0x9b, 0x55,
    0x9c, 0x55, 0x9c, 0x55, 0x9c, 0x55, 0x9b, 0x55, 0x9c, 0x55, 0xae, 0x2a,
    0xc5, 0x10, 0xc4, 0x10, 0xe4, 0x10, 0xc5, 0x10, 0x2d, 0x5b, 0xdf, 0xff,
    0xff, 0xff, 0x15, 0xa5, 0xe5, 0x10, 0xc5, 0x10, 0xc5, 0x10, 0x0a, 0x22,
    0x7b, 0x4d, 0x9c, 0x55, 0x9b, 0x55, 0x7b, 0x55, 0xad, 0x2a, 0xe5, 0x10,
    0xc5, 0x10, 0xe5, 0x10, 0xe5, 0x10, 0xc5, 0x08, 0xe5, 0x10, 0xe5, 0x10,
    0xc5, 0x08, 0xe5, 0x10, 0xe5, 0x10, 0xe5, 0x10, 0xe5, 0x10, 0xe5, 0x10,
    0xe5, 0x10, 0xe5, 0x10, 0xe5, 0x10, 0xe5, 0x10, 0xe5, 0x10, 0xe5, 0x10,
    0xc5, 0x10, 0xc5, 0x10, 0xc5, 0x10, 0xc5, 0x10, 0xc4, 0x10, 0xc5, 0x10,
    0xe5, 0x10, 0xc4, 0x10, 0xc5, 0x10, 0xc5, 0x10, 0xaf, 0x73, 0xff, 0xff,
    0xff, 0xff, 0xf4, 0x9c, 0xc5, 0x10, 0xc5, 0x10, 0xe5, 0x10, 0x6b, 0x42,
    0xbf, 0xff, 0xff, 0xff, 0xff, 0xff, 0xff, 0xff, 0xff, 0xff, 0xff, 0xff,
    0xff, 0xff, 0xff, 0xff, 0x59, 0xce, 0x06, 0x19, 0xc5, 0x10, 0xc5, 0x08,
    0xe5, 0x10, 0xc5, 0x10, 0xc4, 0x10, 0xe5, 0x10, 0xc5, 0x10, 0x26, 0x19,
    0x7a, 0xce, 0xff, 0xff, 0xff, 0xff, 0xff, 0xff, 0xff, 0xff, 0xff, 0xff,
    0xff, 0xff, 0xff, 0xff, 0x3c, 0xe7, 0x47, 0x21, 0xc5, 0x10, 0xe4, 0x10,
    0xc5, 0x10, 0xc5, 0x10, 0xe4, 0x10, 0xc5, 0x10, 0xc5, 0x10, 0xc4, 0x10,
    0xab, 0x4a, 0xff, 0xff, 0xff, 0xff, 0xff, 0xff, 0xff, 0xff, 0xff, 0xff,
    0xff, 0xff, 0xff, 0xff, 0xff, 0xff, 0xd8, 0xbd, 0xe5, 0x10, 0xc4, 0x10,
    0xc5, 0x10, 0xe5, 0x10, 0xc5, 0x10, 0xc5, 0x10, 0xc5, 0x10, 0xc5, 0x08,
    0xed, 0x5a, 0xdf, 0xff, 0xff, 0xff, 0xbe, 0xf7, 0x8b, 0x4a, 0xc5, 0x10,
    0x6b, 0x4a, 0x9e, 0xf7, 0xff, 0xff, 0xff, 0xff, 0x15, 0x9d, 0xe5, 0x10,
    0xc5, 0x10, 0xc5, 0x10, 0xe4, 0x10, 0xc5, 0x10, 0xe5, 0x10, 0xc5, 0x10,
    0xc5, 0x10, 0xe5, 0x08, 0xc4, 0x10, 0xc5, 0x10, 0xe5, 0x10, 0xc4, 0x10,
    0xc5, 0x08, 0xe5, 0x10, 0xc4, 0x10, 0xc5, 0x10, 0xc5, 0x10, 0xc4, 0x10,
    0xc5, 0x10, 0xc5, 0x10, 0xe5, 0x10, 0xc5, 0x08, 0xc4, 0x10, 0xe5, 0x10,
    0xc5, 0x10, 0xc4, 0x10, 0xc5, 0x10, 0xc4, 0x08, 0xc5, 0x10, 0xc5, 0x10,
    0xe4, 0x10, 0xc5, 0x10, 0xc5, 0x10, 0xc5, 0x10, 0xc4, 0x10, 0xa8, 0x29,
    0xdf, 0xff, 0xff, 0xff, 0xff, 0xff, 0xff, 0xff, 0xff, 0xff, 0xff, 0xff,
    0xff, 0xff, 0x3d, 0xef, 0xdf, 0xff, 0xff, 0xff, 0xff, 0xff, 0xff, 0xff,
    0xff, 0xff, 0xff, 0xff, 0xff, 0xff, 0xff, 0xff, 0xff, 0xff, 0xff, 0xff,
    0x1c, 0x86, 0x9b, 0x55, 0x9c, 0x55, 0x9b, 0x55, 0x5a, 0x4d, 0x4c, 0x22,
    0xc5, 0x10, 0xc5, 0x10, 0xe4, 0x10, 0x05, 0x11, 0xe5, 0x10, 0xe5, 0x10,
    0xc5, 0x10, 0xc5, 0x10, 0xc5, 0x10, 0x8b, 0x4a, 0x7e, 0xf7, 0x09, 0x3a,
    0xc5, 0x10, 0xc5, 0x10, 0x05, 0x11, 0x97, 0x44, 0x9c, 0x55, 0x9c, 0x55,
    0x9c, 0x55, 0x9c, 0x55, 0x3a, 0x4d, 0xca, 0x19, 0xc5, 0x10, 0xc5, 0x10,
    0x66, 0x21, 0xb3, 0x94, 0xd4, 0x9c, 0xb3, 0x94, 0x52, 0x84, 0x67, 0x21,
    0xc5, 0x10, 0xc5, 0x10, 0xe5, 0x10, 0xe4, 0x10, 0xc4, 0x10, 0xe5, 0x10,
    0xc5, 0x08, 0xc5, 0x10, 0xc5, 0x10, 0xc4, 0x10, 0xc5, 0x10, 0xe5, 0x10,
    0xc5, 0x10, 0x26, 0x19, 0x51, 0x84, 0xd0, 0x73, 0x2a, 0x3a, 0xe5, 0x10,
    0xc5, 0x10, 0xc5, 0x10, 0xc5, 0x10, 0x06, 0x11, 0x97, 0x44, 0x9b, 0x55,
    0x9b, 0x55, 0x9c, 0x55, 0x9c, 0x55, 0x9c, 0x55, 0x7b, 0x4d, 0x47, 0x19,
    0xc5, 0x10, 0xc5, 0x10, 0xc5, 0x10, 0xe5, 0x10, 0xc8, 0x31, 0x5d, 0xef,
    0xff, 0xff, 0x9a, 0xd6, 0x47, 0x21, 0xc5, 0x10, 0xc4, 0x10, 0x67, 0x11,
    0xd8, 0x4c, 0x9c, 0x55, 0x9c, 0x55, 0x7c, 0x55, 0xd3, 0x3b, 0xc5, 0x10,
    0xc5, 0x10, 0xe4, 0x10, 0xc5, 0x10, 0xc5, 0x10, 0xc5, 0x10, 0xc5, 0x10,
    0xc5, 0x10, 0xc5, 0x10, 0xc5, 0x10, 0xc4, 0x10, 0xc5, 0x10, 0xc5, 0x10,
    0xc5, 0x10, 0xe5, 0x10, 0xc5, 0x10, 0xc4, 0x10, 0xc5, 0x10, 0xc5, 0x10,
    0xc5, 0x10, 0xc4, 0x10, 0xc5, 0x10, 0xc5, 0x10, 0xc5, 0x10, 0xe5, 0x10,
    0xc5, 0x10, 0xc4, 0x08, 0xc5, 0x10, 0xe5, 0x10, 0xe9, 0x31, 0xdf, 0xff,
    0xff, 0xff, 0xdb, 0xde, 0xe5, 0x10, 0xc5, 0x10, 0xe5, 0x10, 0x6b, 0x4a,
    0xbe, 0xff, 0xff, 0xff, 0xff, 0xff, 0xff, 0xff, 0xff, 0xff, 0xff, 0xff,
    0xff, 0xff, 0xff, 0xff, 0x5a, 0xce, 0x05, 0x19, 0xe5, 0x10, 0xc5, 0x10,
    0xc4, 0x10, 0xe5, 0x10, 0xc5, 0x10, 0xc5, 0x10, 0xc5, 0x10, 0x26, 0x19,
    0x7a, 0xce, 0xff, 0xff, 0xff, 0xff, 0xff, 0xff, 0xff, 0xff, 0xff, 0xff,
    0xff, 0xff, 0xff, 0xff, 0x3c, 0xe7, 0x67, 0x21, 0xc5, 0x10, 0xc5, 0x10,
    0xe5, 0x10, 0xc5, 0x10, 0xc5, 0x10, 0xe5, 0x08, 0xc4, 0x10, 0xe5, 0x10,
    0xab, 0x4a, 0xff, 0xff, 0xff, 0xff, 0xff, 0xff, 0xff, 0xff, 0xff, 0xff,
    0xff, 0xff, 0xff, 0xff, 0xff, 0xff, 0xd8, 0xbd, 0xe5, 0x10, 0xc4, 0x10,
    0xc5, 0x10, 0xc5, 0x10, 0xc4, 0x10, 0xc5, 0x10, 0xc5, 0x10, 0xe4, 0x10,
    0xed, 0x52, 0xdf, 0xff, 0xff, 0xff, 0xff, 0xff, 0x76, 0xad, 0x05, 0x11,
    0x06, 0x19, 0x96, 0xad, 0xff, 0xff, 0xff, 0xff, 0x5d, 0xef, 0xe9, 0x39,
    0xc5, 0x10, 0xc5, 0x10, 0xc5, 0x10, 0xc5, 0x08, 0xc5, 0x10, 0xc4, 0x10,
    0xc5, 0x10, 0xe4, 0x10, 0xc5, 0x10, 0xc5, 0x10, 0xc4, 0x10, 0xc5, 0x10,
    0xe5, 0x10, 0xc4, 0x10, 0xc5, 0x10, 0xc5, 0x08, 0xe4, 0x10, 0xc5, 0x10,
    0xc5, 0x10, 0xc4, 0x10, 0xc5, 0x10, 0xe5, 0x10, 0xc4, 0x10, 0xc5, 0x10,
    0xc4, 0x08, 0xe5, 0x10, 0xe5, 0x10, 0xc5, 0x10, 0xc4, 0x10, 0xc5, 0x10,
    0xc5, 0x10, 0xc5, 0x10, 0xc5, 0x10, 0xe5, 0x10, 0xc5, 0x10, 0xe8, 0x31,
    0xff, 0xff, 0xff, 0xff, 0xff, 0xff, 0xff, 0xff, 0xff, 0xff, 0xff, 0xff,
    0x9e, 0xf7, 0x4e, 0x63, 0x9e, 0xf7, 0xff, 0xff, 0xff, 0xff, 0xff, 0xff,
    0xff, 0xff, 0xff, 0xff, 0xff, 0xff, 0xff, 0xff, 0xff, 0xff, 0x9f, 0xe7,
    0xbc, 0x5d, 0x9c, 0x55, 0x9c, 0x55, 0x9b, 0x55, 0xf4, 0x3b, 0xe5, 0x10,
    0xc5, 0x10, 0xc5, 0x10, 0xe5, 0x10, 0x51, 0x84, 0x76, 0xad, 0xc8, 0x31,
    0xc5, 0x10, 0xe5, 0x10, 0x8b, 0x4a, 0xfc, 0xde, 0x39, 0xc6, 0x26, 0x19,
    0xc5, 0x10, 0xc5, 0x10, 0xe4, 0x10, 0xce, 0x2a, 0x7b, 0x55, 0x9c, 0x55,
    0x9c, 0x55, 0x9b, 0x55, 0x9b, 0x55, 0x92, 0x33, 0xe5, 0x10, 0xc5, 0x10,
    0x05, 0x19, 0x93, 0x8c, 0x3d, 0xe7, 0xdb, 0xde, 0x8f, 0x6b, 0xe5, 0x10,
    0xc5, 0x10, 0xc4, 0x10, 0xc4, 0x10, 0xc5, 0x10, 0xc5, 0x10, 0xc5, 0x10,
    0xe5, 0x10, 0xc4, 0x10, 0xc5, 0x10, 0xc5, 0x10, 0xe5, 0x08, 0xc5, 0x10,
    0x06, 0x19, 0xf4, 0x9c, 0xff, 0xff, 0xdf, 0xff, 0x9e, 0xf7, 0x10, 0x7c,
    0xc5, 0x10, 0xc5, 0x10, 0xe5, 0x10, 0x30, 0x33, 0x9b, 0x55, 0x9c, 0x55,
    0x9c, 0x55, 0x9c, 0x55, 0x9b, 0x55, 0x9b, 0x55, 0x14, 0x3c, 0xe5, 0x10,
    0xc5, 0x10, 0xc5, 0x10, 0xe5, 0x10, 0xc5, 0x10, 0xe5, 0x10, 0x59, 0xc6,
    0xff, 0xff, 0x9e, 0xf7, 0x2a, 0x42, 0xc5, 0x10, 0xc5, 0x10, 0xe5, 0x10,
    0x14, 0x3c, 0x9b, 0x55, 0x9b, 0x55, 0x9b, 0x4d, 0xd8, 0x44, 0x06, 0x11,
    0xc5, 0x10, 0xc5, 0x10, 0xc5, 0x10, 0xc4, 0x10, 0xc5, 0x10, 0xc4, 0x10,
    0xe5, 0x10, 0xc4, 0x10, 0xc5, 0x10, 0xc5, 0x10, 0xc4, 0x08, 0xc5, 0x10,
    0xc5, 0x10, 0xc4, 0x10, 0xc5, 0x10, 0xc5, 0x10, 0xc4, 0x10, 0xc5, 0x10,
    0xc4, 0x10, 0xc5, 0x10, 0xc5, 0x10, 0xe5, 0x10, 0xc5, 0x10, 0xc5, 0x10,
    0xc5, 0x10, 0xc5, 0x10, 0xe5, 0x10, 0xc4, 0x10, 0x26, 0x19, 0xbb, 0xd6,
    0xff, 0xff, 0xff, 0xff, 0xe9, 0x31, 0xc5, 0x10, 0xe5, 0x10, 0x6a, 0x42,
    0xbf, 0xf7, 0xff, 0xff, 0xff, 0xff, 0xff, 0xff, 0xff, 0xff, 0xff, 0xff,
    0xff, 0xff, 0xff, 0xff, 0x59, 0xce, 0x06, 0x19, 0xc5, 0x10, 0xe4, 0x10,
    0xc5, 0x10, 0xc5, 0x10, 0xc4, 0x08, 0xc5, 0x10, 0xe4, 0x10, 0x26, 0x19,
    0x7a, 0xce, 0xff, 0xff, 0xff, 0xff, 0xff, 0xff, 0xff, 0xff, 0xff, 0xff,
    0xff, 0xff, 0xff, 0xff, 0x3d, 0xef, 0x47, 0x21, 0xc4, 0x10, 0xc4, 0x10,
    0xc5, 0x10, 0xc5, 0x10, 0xe4, 0x10, 0xc5, 0x10, 0xc5, 0x10, 0xc5, 0x10,
    0xac, 0x4a, 0xff, 0xff, 0xff, 0xff, 0xff, 0xff, 0xff, 0xff, 0xff, 0xff,
    0xff, 0xff, 0xff, 0xff, 0xff, 0xff, 0xd8, 0xbd, 0xc5, 0x10, 0xc5, 0x10,
    0xc5, 0x10, 0xc4, 0x10, 0xc5, 0x10, 0xe5, 0x10, 0xe4, 0x08, 0xc5, 0x10,
    0x0d, 0x5b, 0xdf, 0xff, 0xff, 0xff, 0xff, 0xff, 0x9e, 0xf7, 0x4a, 0x42,
    0xc5, 0x10, 0x8b, 0x4a, 0x9e, 0xf7, 0xff, 0xff, 0xff, 0xff, 0x93, 0x94,
    0xe5, 0x10, 0xc5, 0x10, 0xc5, 0x10, 0xc5, 0x10, 0xe4, 0x10, 0xc5, 0x10,
    0xc5, 0x08, 0xc5, 0x10, 0xc5, 0x10, 0xe5, 0x10, 0xc5, 0x08, 0xc5, 0x10,
    0xc5, 0x10, 0xc4, 0x10, 0xc5, 0x10, 0xe5, 0x10, 0xc5, 0x10, 0xc5, 0x10,
    0xc5, 0x10, 0xc5, 0x10, 0xe4, 0x10, 0xc5, 0x10, 0xc5, 0x10, 0xc5, 0x10,
    0xc5, 0x10, 0xc5, 0x10, 0xc5, 0x08, 0xc4, 0x10, 0xe5, 0x10, 0xc5, 0x10,
    0xc4, 0x08, 0xe5, 0x10, 0xe4, 0x10, 0xc4, 0x08, 0xc5, 0x10, 0xe9, 0x31,
    0xff, 0xff, 0xff, 0xff, 0xff, 0xff, 0xff, 0xff, 0xff, 0xff, 0xff, 0xff,
    0x11, 0x7c, 0x6e, 0x6b, 0xdf, 0xff, 0xff, 0xff, 0xff, 0xff, 0xff, 0xff,
    0xff, 0xff, 0xff, 0xff, 0xff, 0xff, 0xff, 0xff, 0xff, 0xff, 0xfd, 0xc6,
    0x9b, 0x55, 0x9c, 0x55, 0x9c, 0x55, 0x3a, 0x4d, 0xc9, 0x19, 0xc5, 0x10,
    0xc5, 0x10, 0xc5, 0x10, 0xc8, 0x31, 0x7e, 0xef, 0xff, 0xff, 0x5d, 0xef,
    0x39, 0xc6, 0x18, 0xc6, 0x9e, 0xf7, 0x9e, 0xf7, 0xac, 0x52, 0xe5, 0x10,
    0xc5, 0x10, 0xc4, 0x10, 0xe5, 0x10, 0x26, 0x11, 0x76, 0x44, 0x9b, 0x55,
    0x9c, 0x55, 0x9b, 0x55, 0x9b, 0x55, 0x1a, 0x4d, 0xca, 0x19, 0xc5, 0x10,
    0xc5, 0x10, 0xe5, 0x10, 0x67, 0x21, 0x46, 0x21, 0xe5, 0x10, 0xc5, 0x10,
    0xc5, 0x10, 0xe5, 0x10, 0xc5, 0x10, 0xc5, 0x08, 0xc5, 0x10, 0xc4, 0x10,
    0xc5, 0x10, 0xc5, 0x10, 0xc4, 0x10, 0xe5, 0x10, 0xc5, 0x10, 0xe5, 0x10,
    0x72, 0x8c, 0xdf, 0xff, 0x9e, 0xf7, 0xf8, 0xbd, 0x4e, 0x63, 0x06, 0x19,
    0xc5, 0x10, 0xe5, 0x10, 0xad, 0x2a, 0x5b, 0x55, 0x9c, 0x55, 0x9b, 0x55,
    0x9c, 0x55, 0x9c, 0x55, 0x9b, 0x55, 0x9b, 0x55, 0xeb, 0x19, 0xc5, 0x10,
    0xe5, 0x10, 0xc4, 0x10, 0xc4, 0x10, 0xc5, 0x08, 0xe5, 0x10, 0x92, 0x8c,
    0xff, 0xff, 0xff, 0xff, 0xd0, 0x73, 0xe5, 0x10, 0xc5, 0x10, 0xc5, 0x10,
    0xc9, 0x19, 0x30, 0x33, 0x51, 0x33, 0x50, 0x33, 0xce, 0x2a, 0x06, 0x11,
    0xc5, 0x10, 0xc5, 0x10, 0xe5, 0x10, 0xe5, 0x08, 0xc5, 0x10, 0xe5, 0x10,
    0xc4, 0x08, 0xc5, 0x10, 0xe5, 0x10, 0xe5, 0x10, 0xc5, 0x10, 0xe5, 0x10,
    0xc4, 0x10, 0xc5, 0x10, 0xc5, 0x10, 0xe5, 0x10, 0xc5, 0x10, 0xc5, 0x10,
    0xe5, 0x10, 0xe5, 0x10, 0x05, 0x19, 0xc8, 0x31, 0x8b, 0x4a, 0xed, 0x5a,
    0x05, 0x19, 0xc5, 0x10, 0xe5, 0x10, 0xc5, 0x10, 0xe5, 0x10, 0xf4, 0x9c,
    0xff, 0xff, 0xff, 0xff, 0xb0, 0x73, 0xc5, 0x10, 0xe5, 0x10, 0x6b, 0x4a,
    0xbe, 0xff, 0xff, 0xff, 0xff, 0xff, 0xff, 0xff, 0xff, 0xff, 0xff, 0xff,
    0xff, 0xff, 0xff, 0xff, 0x5a, 0xce, 0x05, 0x19, 0xc5, 0x10, 0xc5, 0x08,
    0xc5, 0x10, 0xc5, 0x10, 0xc5, 0x10, 0xe5, 0x10, 0xc5, 0x08, 0x26, 0x19,
    0x7a, 0xce, 0xff, 0xff, 0xff, 0xff, 0xff, 0xff, 0xff, 0xff, 0xff, 0xff,
    0xff, 0xff, 0xff, 0xff, 0x3c, 0xe7, 0x67, 0x21, 0xc5, 0x10, 0xc5, 0x10,
    0xc5, 0x10, 0xc4, 0x10, 0xc5, 0x10, 0xc5, 0x10, 0xc5, 0x10, 0xe4, 0x10,
    0xab, 0x4a, 0xff, 0xff, 0xff, 0xff, 0xff, 0xff, 0xff, 0xff, 0xff, 0xff,
    0xff, 0xff, 0xff, 0xff, 0xff, 0xff, 0xf8, 0xbd, 0xe5, 0x10, 0xc4, 0x10,
    0xe5, 0x10, 0xe5, 0x10, 0xc5, 0x10, 0xc5, 0x10, 0xc5, 0x10, 0xc5, 0x10,
    0x0d, 0x5b, 0xdf, 0xff, 0xff, 0xff, 0xff, 0xff, 0xff, 0xff, 0x35, 0xa5,
    0x05, 0x11, 0x06, 0x19, 0x18, 0xc6, 0xff, 0xff, 0xff, 0xff, 0xfc, 0xde,
    0x87, 0x21, 0xc5, 0x10, 0xc4, 0x10, 0xe4, 0x10, 0xc5, 0x10, 0xc5, 0x10,
    0xe5, 0x10, 0xe4, 0x10, 0xc5, 0x10, 0xc5, 0x10, 0xe4, 0x10, 0xc5, 0x10,
    0xe5, 0x10, 0xc5, 0x08, 0xe5, 0x10, 0xc4, 0x10, 0xc5, 0x10, 0xc5, 0x08,
    0xc5, 0x10, 0xc5, 0x10, 0xc5, 0x10, 0xc5, 0x08, 0xc4, 0x10, 0xe5, 0x10,
    0xc5, 0x10, 0xe4, 0x10, 0xc5, 0x10, 0xc5, 0x10, 0xc5, 0x10, 0xe5, 0x10,
    0xc5, 0x10, 0xc5, 0x10, 0xc5, 0x10, 0xc5, 0x10, 0xc5, 0x10, 0xe9, 0x31,
    0xff, 0xff, 0xff, 0xff, 0xff, 0xff, 0xff, 0xff, 0xff, 0xff, 0x9a, 0xd6,
    0x26, 0x19, 0xb3, 0x94, 0xff, 0xff, 0xff, 0xff, 0xff, 0xff, 0xff, 0xff,
    0xff, 0xff, 0xff, 0xff, 0xff, 0xff, 0xff, 0xff, 0xff, 0xff, 0x9d, 0xa6,
    0x9b, 0x55, 0x9c, 0x55, 0x9b, 0x55, 0xf4, 0x3b, 0xc5, 0x10, 0xc5, 0x10,
    0xc5, 0x10, 0xc4, 0x10, 0x09, 0x32, 0x1c, 0xe7, 0xff, 0xff, 0xff, 0xff,
    0xff, 0xff, 0xff, 0xff, 0x5d, 0xef, 0x2e, 0x63, 0xe5, 0x10, 0xc5, 0x10,
    0xc4, 0x10, 0xc5, 0x10, 0xc5, 0x10, 0xc5, 0x10, 0xea, 0x21, 0x3a, 0x4d,
    0x9c, 0x55, 0x9c, 0x55, 0x9c, 0x55, 0x9b, 0x55, 0x56, 0x44, 0x26, 0x11,
    0xc5, 0x10, 0xc5, 0x10, 0xc5, 0x10, 0xe4, 0x10, 0xe5, 0x10, 0xc5, 0x10,
    0xc5, 0x10, 0xc4, 0x10, 0xe5, 0x10, 0xc5, 0x10, 0xe4, 0x10, 0xe5, 0x10,
    0xc5, 0x08, 0xc5, 0x10, 0xe5, 0x10, 0xc4, 0x08, 0xc4, 0x10, 0x46, 0x19,
    0xb0, 0x73, 0x0d, 0x5b, 0xc8, 0x31, 0x26, 0x19, 0xc5, 0x10, 0xc5, 0x10,
    0xe5, 0x10, 0x0f, 0x2b, 0x5a, 0x4d, 0x9c, 0x55, 0x9b, 0x55, 0x9c, 0x55,
    0x9c, 0x55, 0x9c, 0x55, 0x9b, 0x55, 0x15, 0x3c, 0xe5, 0x10, 0xc5, 0x10,
    0xc5, 0x10, 0xc5, 0x10, 0xe5, 0x10, 0xc5, 0x10, 0xc4, 0x10, 0xcc, 0x52,
    0xbf, 0xf7, 0xff, 0xff, 0x97, 0xb5, 0xe5, 0x10, 0xc4, 0x10, 0xc5, 0x10,
    0xe5, 0x10, 0xc5, 0x10, 0xc5, 0x10, 0xc5, 0x10, 0xc5, 0x10, 0xc5, 0x10,
    0xe4, 0x10, 0xc4, 0x10, 0xc5, 0x10, 0xc4, 0x10, 0xc5, 0x10, 0xc5, 0x10,
    0xc5, 0x10, 0xc5, 0x10, 0xc4, 0x10, 0xc5, 0x10, 0xc5, 0x10, 0xc5, 0x10,
    0xe5, 0x10, 0xe5, 0x10, 0x05, 0x11, 0xa8, 0x29, 0x6b, 0x4a, 0x6e, 0x6b,
    0x93, 0x8c, 0xb7, 0xb5, 0xbb, 0xd6, 0x5d, 0xef, 0xbe, 0xf7, 0x7e, 0xef,
    0x4a, 0x42, 0xc5, 0x10, 0xc5, 0x10, 0xc4, 0x10, 0xe5, 0x10, 0x0d, 0x5b,
    0xff, 0xff, 0xff, 0xff, 0xb7, 0xb5, 0xe5, 0x10, 0xe5, 0x10, 0x6b, 0x4a,
    0xbe, 0xf7, 0xff, 0xff, 0xff, 0xff, 0xff, 0xff, 0xff, 0xff, 0xff, 0xff,
    0xff, 0xff, 0xff, 0xff, 0x59, 0xce, 0x06, 0x19, 0xe5, 0x10, 0xc5, 0x10,
    0xe4, 0x10, 0xc4, 0x10, 0xe5, 0x10, 0xc4, 0x10, 0xc5, 0x10, 0x26, 0x19,
    0x7a, 0xce, 0xff, 0xff, 0xff, 0xff, 0xff, 0xff, 0xff, 0xff, 0xff, 0xff,
    0xff, 0xff, 0xff, 0xff, 0x3c, 0xe7, 0x47, 0x21, 0xc5, 0x10, 0xe5, 0x10,
    0xe4, 0x10, 0xc5, 0x10, 0xc5, 0x10, 0xe5, 0x08, 0xc4, 0x10, 0xc5, 0x10,
    0xab, 0x4a, 0xff, 0xff, 0xff, 0xff, 0xff, 0xff, 0xff, 0xff, 0xff, 0xff,
    0xff, 0xff, 0xff, 0xff, 0xff, 0xff, 0xf8, 0xbd, 0xc5, 0x10, 0xc5, 0x10,
    0xc5, 0x10, 0xc5, 0x10, 0xe4, 0x10, 0xc5, 0x10, 0xc4, 0x10, 0xe5, 0x10,
    0x0d, 0x5b, 0xdf, 0xff, 0xff, 0xff, 0xff, 0xff, 0xff, 0xff, 0x39, 0xc6,
    0x26, 0x19, 0x47, 0x21, 0x7a, 0xce, 0xff, 0xff, 0xff, 0xff, 0xfc, 0xe6,
    0x87, 0x29, 0xc5, 0x10, 0xc5, 0x10, 0xe5, 0x10, 0xc5, 0x08, 0xc5, 0x10,
    0xc4, 0x10, 0xc5, 0x10, 0xc5, 0x08, 0xc4, 0x10, 0xc5, 0x10, 0xc5, 0x10,
    0xc4, 0x10, 0xe5, 0x10, 0xc5, 0x10, 0xc5, 0x10, 0xc4, 0x10, 0xe5, 0x10,
    0xc5, 0x10, 0xc4, 0x10, 0xe5, 0x10, 0xc5, 0x10, 0xc5, 0x10, 0xe4, 0x10,
    0xc5, 0x08, 0xc5, 0x10, 0xe5, 0x10, 0xe4, 0x10, 0xc5, 0x10, 0xc5, 0x08,
    0xe4, 0x10, 0xc5, 0x10, 0xc5, 0x10, 0xc5, 0x10, 0xe5, 0x10, 0xc8, 0x29,
    0xdf, 0xff, 0xff, 0xff, 0xff, 0xff, 0xff, 0xff, 0xff, 0xff, 0x2d, 0x63,
    0xe5, 0x10, 0x56, 0xa5, 0xff, 0xff, 0xff, 0xff, 0xff, 0xff, 0xff, 0xff,
    0xff, 0xff, 0xff, 0xff, 0xff, 0xff, 0xff, 0xff, 0xff, 0xff, 0x5c, 0x8e,
    0x9b, 0x55, 0x9c, 0x55, 0x7b, 0x55, 0x8d, 0x2a, 0xc5, 0x10, 0xc5, 0x10,
    0xc4, 0x10, 0xe5, 0x10, 0xe4, 0x08, 0xa8, 0x29, 0xd0, 0x73, 0xb7, 0xb5,
    0xb7, 0xb5, 0x52, 0x8c, 0xe9, 0x31, 0xe5, 0x10, 0xc4, 0x10, 0xc5, 0x10,
    0xc5, 0x10, 0x47, 0x19, 0x47, 0x11, 0xc5, 0x10, 0xe5, 0x10, 0xae, 0x2a,
    0x5a, 0x4d, 0x9b, 0x55, 0x9c, 0x55, 0x9b, 0x55, 0x7b, 0x55, 0xf4, 0x3b,
    0x26, 0x11, 0xc5, 0x10, 0xc5, 0x10, 0xc5, 0x10, 0xc5, 0x10, 0xc5, 0x10,
    0xc4, 0x10, 0xe5, 0x10, 0xc5, 0x10, 0xc5, 0x10, 0xc5, 0x10, 0xc5, 0x10,
    0xc5, 0x10, 0xc4, 0x10, 0xc5, 0x10, 0xe5, 0x10, 0xc5, 0x10, 0xc5, 0x10,
    0xe5, 0x10, 0xe5, 0x10, 0xc4, 0x10, 0xc5, 0x10, 0xe5, 0x10, 0xc9, 0x19,
    0x14, 0x3c, 0x7b, 0x55, 0x9b, 0x55, 0x9c, 0x55, 0x9c, 0x55, 0x9c, 0x55,
    0x9b, 0x55, 0x9b, 0x55, 0x5a, 0x4d, 0xa8, 0x19, 0xc5, 0x10, 0xc5, 0x10,
    0xc5, 0x10, 0xe4, 0x10, 0xc5, 0x08, 0xc5, 0x10, 0xc5, 0x10, 0x87, 0x21,
    0x1c, 0xe7, 0xff, 0xff, 0xfc, 0xde, 0x88, 0x29, 0xc5, 0x10, 0xc4, 0x10,
    0xc5, 0x10, 0xc4, 0x10, 0xc5, 0x10, 0xe4, 0x10, 0xc5, 0x10, 0xc5, 0x10,
    0xc5, 0x10, 0xc5, 0x10, 0xc5, 0x10, 0xc5, 0x10, 0xc5, 0x10, 0xc4, 0x10,
    0xe5, 0x10, 0xc5, 0x10, 0xe5, 0x10, 0x87, 0x29, 0x4a, 0x42, 0x2e, 0x5b,
    0x52, 0x84, 0x96, 0xad, 0x9a, 0xd6, 0x3d, 0xe7, 0x9e, 0xf7, 0xdf, 0xff,
    0xff, 0xff, 0xff, 0xff, 0xff, 0xff, 0xff, 0xff, 0xff, 0xff, 0xff, 0xff,
    0x11, 0x7c, 0xe5, 0x10, 0xc5, 0x10, 0xc4, 0x10, 0xc5, 0x10, 0x67, 0x21,
    0x9e, 0xf7, 0xff, 0xff, 0x5d, 0xef, 0x26, 0x19, 0xc5, 0x10, 0x6b, 0x4a,
    0xbf, 0xf7, 0xff, 0xff, 0xff, 0xff, 0xff, 0xff, 0xff, 0xff, 0xff, 0xff,
    0xff, 0xff, 0xff, 0xff, 0x79, 0xce, 0x06, 0x19, 0xc5, 0x10, 0xc4, 0x10,
    0xc5, 0x10, 0xe5, 0x08, 0xc5, 0x10, 0xc5, 0x10, 0xc4, 0x10, 0x26, 0x19,
    0x7a, 0xce, 0xff, 0xff, 0xff, 0xff, 0xff, 0xff, 0xff, 0xff, 0xff, 0xff,
    0xff, 0xff, 0xff, 0xff, 0x3d, 0xe7, 0x67, 0x21, 0xc5, 0x10, 0xc4, 0x10,
    0xc5, 0x10, 0xc5, 0x10, 0xe5, 0x10, 0xc4, 0x10, 0xc5, 0x10, 0xc5, 0x10,
    0xab, 0x4a, 0xff, 0xff, 0xff, 0xff, 0xff, 0xff, 0xff, 0xff, 0xff, 0xff,
    0xff, 0xff, 0xff, 0xff, 0xdf, 0xff, 0xf8, 0xbd, 0xc5, 0x10, 0xc5, 0x10,
    0xc5, 0x10, 0xc4, 0x10, 0xc5, 0x10, 0xe5, 0x10, 0xc5, 0x10, 0xc4, 0x10,
    0x0d, 0x5b, 0xdf, 0xff, 0xff, 0xff, 0xff, 0xff, 0xdf, 0xff, 0x6e, 0x63,
    0xc5, 0x10, 0xcc, 0x52, 0xbf, 0xf7, 0xff, 0xff, 0xff, 0xff, 0xb3, 0x94,
    0xe5, 0x10, 0xc5, 0x10, 0xc5, 0x10, 0xc5, 0x10, 0xc5, 0x10, 0xc5, 0x10,
    0xe4, 0x10, 0xc5, 0x10, 0xc5, 0x10, 0xe4, 0x10, 0xc5, 0x10, 0xc5, 0x08,
    0xc5, 0x10, 0xc4, 0x10, 0xc5, 0x10, 0xc4, 0x08, 0xe5, 0x10, 0xc5, 0x10,
    0xc5, 0x10, 0xc5, 0x10, 0xc4, 0x10, 0xe5, 0x10, 0xc4, 0x10, 0xc5, 0x10,
    0xc5, 0x10, 0xc5, 0x10, 0xc4, 0x08, 0xc5, 0x10, 0xc5, 0x10, 0xc4, 0x10,
    0xc5, 0x10, 0xc5, 0x10, 0xe4, 0x10, 0xc4, 0x08, 0xc5, 0x10, 0x47, 0x21,
    0x9e, 0xf7, 0xff, 0xff, 0xff, 0xff, 0xff, 0xff, 0x1c, 0xe7, 0x26, 0x19,
    0xc5, 0x10, 0x96, 0xb5, 0xff, 0xff, 0xff, 0xff, 0xff, 0xff, 0xff, 0xff,
    0xff, 0xff, 0xff, 0xff, 0xff, 0xff, 0xff, 0xff, 0xff, 0xff, 0x1c, 0x86,
    0x9c, 0x55, 0x9c, 0x55, 0x3a, 0x4d, 0xca, 0x19, 0xc5, 0x10, 0xc4, 0x10,
    0xe5, 0x10, 0xc5, 0x10, 0xc5, 0x10, 0xc5, 0x10, 0xe5, 0x10, 0xe5, 0x10,
    0x05, 0x19, 0xe5, 0x10, 0xc5, 0x10, 0xc5, 0x10, 0xe5, 0x10, 0x47, 0x19,
    0xc5, 0x10, 0xce, 0x2a, 0xd3, 0x3b, 0xe5, 0x10, 0xc5, 0x10, 0xe5, 0x10,
    0xce, 0x2a, 0x5b, 0x4d, 0x9c, 0x55, 0x9c, 0x55, 0x9c, 0x55, 0x7b, 0x4d,
    0x55, 0x44, 0xa9, 0x19, 0xc5, 0x10, 0xc5, 0x10, 0xc5, 0x10, 0xc4, 0x10,
    0xe5, 0x10, 0xc5, 0x10, 0xc5, 0x08, 0xc4, 0x10, 0xe4, 0x10, 0xc5, 0x08,
    0xe5, 0x10, 0xe4, 0x10, 0xc5, 0x10, 0xc5, 0x10, 0xc5, 0x10, 0xc5, 0x10,
    0xc5, 0x10, 0xc5, 0x10, 0x06, 0x11, 0x0a, 0x22, 0xb3, 0x3b, 0x3a, 0x4d,
    0x9b, 0x55, 0x9c, 0x55, 0x9c, 0x55, 0x9c, 0x55, 0x9c, 0x55, 0x9b, 0x55,
    0x9c, 0x55, 0x7b, 0x55, 0xef, 0x2a, 0xc5, 0x10, 0xc5, 0x10, 0xc5, 0x10,
    0xe4, 0x10, 0xc5, 0x10, 0xc5, 0x10, 0xc5, 0x10, 0xe4, 0x10, 0xe5, 0x10,
    0xd7, 0xb5, 0xff, 0xff, 0xdf, 0xff, 0xac, 0x4a, 0xc5, 0x10, 0xc5, 0x10,
    0xe5, 0x10, 0xc5, 0x10, 0xc5, 0x10, 0xc5, 0x10, 0xc5, 0x10, 0xc5, 0x10,
    0xe5, 0x10, 0xe5, 0x10, 0xe5, 0x10, 0x87, 0x29, 0x2a, 0x3a, 0x0d, 0x5b,
    0x31, 0x84, 0x56, 0xa5, 0x7a, 0xce, 0x1c, 0xe7, 0x9e, 0xf7, 0xdf, 0xff,
    0xff, 0xff, 0xff, 0xff, 0xff, 0xff, 0xff, 0xff, 0xff, 0xff, 0xff, 0xff,
    0xff, 0xff, 0xff, 0xff, 0xff, 0xff, 0xff, 0xff, 0xff, 0xff, 0xff, 0xff,
    0xb7, 0xb5, 0xc5, 0x10, 0xc5, 0x10, 0xe5, 0x10, 0xc5, 0x10, 0x05, 0x11,
    0x39, 0xc6, 0xff, 0xff, 0xff, 0xff, 0x6b, 0x4a, 0xe5, 0x10, 0x6b, 0x4a,
    0xbe, 0xf7, 0xff, 0xff, 0xff, 0xff, 0xff, 0xff, 0xff, 0xff, 0xff, 0xff,
    0xff, 0xff, 0xff, 0xff, 0x5a, 0xce, 0x05, 0x19, 0xc5, 0x10, 0xc5, 0x08,
    0xc5, 0x10, 0xc5, 0x10, 0xc5, 0x10, 0xe5, 0x10, 0xc5, 0x08, 0x26, 0x19,
    0x7a, 0xce, 0xff, 0xff, 0xff, 0xff, 0xff, 0xff, 0xff, 0xff, 0xff, 0xff,
    0xff, 0xff, 0xff, 0xff, 0x3c, 0xe7, 0x47, 0x21, 0xc5, 0x10, 0xc5, 0x10,
    0xc5, 0x10, 0xe5, 0x10, 0xc4, 0x10, 0xc5, 0x10, 0xc5, 0x10, 0xe5, 0x10,
    0xab, 0x4a, 0xff, 0xff, 0xff, 0xff, 0xff, 0xff, 0xff, 0xff, 0xff, 0xff,
    0xff, 0xff, 0xff, 0xff, 0xff, 0xff, 0xf8, 0xbd, 0xc5, 0x10, 0xe5, 0x10,
    0xe4, 0x10, 0xc5, 0x10, 0xc5, 0x10, 0xc5, 0x10, 0xc4, 0x10, 0xc5, 0x10,
    0x0d, 0x5b, 0xdf, 0xff, 0xff, 0xff, 0xff, 0xff, 0x59, 0xce, 0x47, 0x21,
    0x05, 0x19, 0x76, 0xad, 0xff, 0xff, 0xff, 0xff, 0x5d, 0xef, 0x29, 0x3a,
    0xc5, 0x10, 0xc5, 0x10, 0xc4, 0x10, 0xe4, 0x10, 0xc5, 0x10, 0xe4, 0x10,
    0xc5, 0x10, 0xc5, 0x08, 0xe5, 0x10, 0xc5, 0x10, 0xc5, 0x10, 0xe5, 0x10,
    0xe4, 0x10, 0xc5, 0x10, 0xc5, 0x10, 0xe5, 0x10, 0xc5, 0x10, 0xc5, 0x10,
    0xc5, 0x10, 0xc5, 0x10, 0xe5, 0x10, 0xc5, 0x08, 0xc5, 0x10, 0xc5, 0x10,
    0xe5, 0x10, 0xc4, 0x10, 0xc5, 0x10, 0xc5, 0x10, 0xc4, 0x10, 0xe5, 0x10,
    0xc5, 0x10, 0xc5, 0x08, 0xc5, 0x10, 0xe5, 0x10, 0xc5, 0x10, 0x26, 0x19,
    0xbb, 0xd6, 0xff, 0xff, 0xff, 0xff, 0xff, 0xff, 0xd4, 0x94, 0xe5, 0x10,
    0xc5, 0x10, 0xb7, 0xb5, 0xff, 0xff, 0xff, 0xff, 0xff, 0xff, 0xff, 0xff,
    0xff, 0xff, 0xff, 0xff, 0xff, 0xff, 0xff, 0xff, 0xff, 0xff, 0x3c, 0x8e,
    0x9c, 0x55, 0x9b, 0x55, 0x19, 0x4d, 0x68, 0x19, 0xc5, 0x10, 0xc5, 0x10,
    0xc5, 0x10, 0xc5, 0x10, 0xc5, 0x10, 0xe5, 0x10, 0xc5, 0x10, 0xc4, 0x10,
    0xc5, 0x10, 0xc5, 0x10, 0xc5, 0x10, 0x06, 0x11, 0xef, 0x2a, 0x14, 0x3c,
    0x06, 0x11, 0xd3, 0x3b, 0x5b, 0x55, 0xad, 0x2a, 0xe5, 0x10, 0xc5, 0x10,
    0xe5, 0x10, 0x8d, 0x2a, 0x3a, 0x4d, 0x9b, 0x55, 0x9c, 0x55, 0x9c, 0x55,
    0x9b, 0x55, 0xf9, 0x4c, 0x0f, 0x2b, 0x47, 0x19, 0xc5, 0x10, 0xc5, 0x10,
    0xc5, 0x10, 0xc5, 0x10, 0xc4, 0x10, 0xe5, 0x10, 0xc5, 0x10, 0xc4, 0x10,
    0xc5, 0x10, 0xc5, 0x10, 0xc5, 0x08, 0xc5, 0x10, 0x05, 0x11, 0x88, 0x19,
    0x2b, 0x22, 0x51, 0x33, 0x97, 0x44, 0x5a, 0x4d, 0x9b, 0x55, 0x9c, 0x55,
    0x9b, 0x55, 0x9c, 0x55, 0x9c, 0x55, 0x9c, 0x55, 0x9b, 0x55, 0x9c, 0x55,
    0x9b, 0x55, 0xf4, 0x3b, 0xe6, 0x10, 0xc5, 0x10, 0xc5, 0x10, 0xe4, 0x10,
    0xc5, 0x10, 0xc5, 0x10, 0xc5, 0x10, 0xe4, 0x10, 0xc5, 0x10, 0xe5, 0x10,
    0x10, 0x7c, 0xff, 0xff, 0xff, 0xff, 0x72, 0x8c, 0xe5, 0x10, 0xc5, 0x10,
    0xc5, 0x10, 0xc5, 0x10, 0xe5, 0x10, 0x46, 0x21, 0xe9, 0x31, 0xcc, 0x52,
    0xf0, 0x7b, 0x15, 0x9d, 0x39, 0xc6, 0x1c, 0xe7, 0x7e, 0xef, 0xdf, 0xff,
    0xff, 0xff, 0xff, 0xff, 0xff, 0xff, 0xff, 0xff, 0xff, 0xff, 0xff, 0xff,
    0xff, 0xff, 0xff, 0xff, 0xff, 0xff, 0xff, 0xff, 0xff, 0xff, 0xff, 0xff,
    0xff, 0xff, 0xff, 0xff, 0xff, 0xff, 0xff, 0xff, 0xff, 0xff, 0xbe, 0xf7,
    0xf8, 0xbd, 0xe5, 0x10, 0xc5, 0x10, 0xc5, 0x10, 0xe5, 0x10, 0xe5, 0x10,
    0x52, 0x84, 0xff, 0xff, 0xff, 0xff, 0x72, 0x8c, 0xe5, 0x10, 0x6b, 0x4a,
    0xbf, 0xf7, 0xff, 0xff, 0xff, 0xff, 0xff, 0xff, 0xff, 0xff, 0xff, 0xff,
    0xff, 0xff, 0xff, 0xff, 0x59, 0xce, 0x06, 0x19, 0xc5, 0x10, 0xe5, 0x10,
    0xe4, 0x10, 0xc5, 0x10, 0xc4, 0x10, 0xc4, 0x10, 0xe5, 0x10, 0x26, 0x19,
    0x7a, 0xce, 0xff, 0xff, 0xff, 0xff, 0xff, 0xff, 0xff, 0xff, 0xff, 0xff,
    0xff, 0xff, 0xff, 0xff, 0x3d, 0xe7, 0x67, 0x21, 0xc4, 0x10, 0xc4, 0x10,
    0xe5, 0x10, 0xc5, 0x10, 0xc4, 0x10, 0xc5, 0x08, 0xe5, 0x10, 0xc5, 0x10,
    0xab, 0x4a, 0xff, 0xff, 0xff, 0xff, 0xff, 0xff, 0xff, 0xff, 0xff, 0xff,
    0xff, 0xff, 0xff, 0xff, 0xff, 0xff, 0xf8, 0xbd, 0xc5, 0x10, 0xc5, 0x10,
    0xc4, 0x10, 0xc5, 0x10, 0xe5, 0x10, 0xc4, 0x10, 0xc5, 0x10, 0xe5, 0x08,
    0x0d, 0x5b, 0xdf, 0xff, 0xff, 0xff, 0xdf, 0xff, 0x6e, 0x6b, 0xe5, 0x10,
    0x6b, 0x42, 0x7e, 0xf7, 0xff, 0xff, 0xff, 0xff, 0x35, 0xa5, 0xe5, 0x10,
    0xc5, 0x10, 0xc5, 0x10, 0xe5, 0x10, 0xc5, 0x10, 0xc5, 0x08, 0xc5, 0x10,
    0xc5, 0x10, 0xc5, 0x10, 0xe4, 0x10, 0xc5, 0x10, 0xc5, 0x08, 0xc4, 0x10,
    0xc5, 0x10, 0xc5, 0x08, 0xe5, 0x10, 0xc4, 0x10, 0xc5, 0x10, 0xc5, 0x10,
    0xc5, 0x10, 0xc4, 0x10, 0xc5, 0x10, 0xc5, 0x10, 0xc4, 0x10, 0xe5, 0x10,
    0xc5, 0x08, 0xc4, 0x10, 0xe5, 0x10, 0xe5, 0x10, 0xc5, 0x08, 0xc5, 0x10,
    0xe4, 0x10, 0xc4, 0x10, 0xe5, 0x10, 0xc5, 0x10, 0xc4, 0x10, 0xe5, 0x10,
    0x76, 0xad, 0xff, 0xff, 0xff, 0xff, 0xff, 0xff, 0xed, 0x5a, 0xe5, 0x10,
    0xe5, 0x10, 0xd7, 0xbd, 0xff, 0xff, 0xff, 0xff, 0xff, 0xff, 0xff, 0xff,
    0xff, 0xff, 0xff, 0xff, 0xff, 0xff, 0xff, 0xff, 0xff, 0xff, 0x9d, 0xa6,
    0x9b, 0x55, 0x9b, 0x55, 0x19, 0x4d, 0x68, 0x19, 0xc5, 0x10, 0x26, 0x11,
    0x30, 0x33, 0x06, 0x11, 0xc4, 0x10, 0xc5, 0x10, 0x06, 0x11, 0x26, 0x11,
    0x26, 0x11, 0x68, 0x19, 0x6c, 0x22, 0x56, 0x44, 0x7b, 0x4d, 0x5a, 0x4d,
    0xa9, 0x19, 0x97, 0x44, 0x9b, 0x55, 0x3a, 0x4d, 0x4c, 0x22, 0xe5, 0x10,
    0xc5, 0x10, 0xe5, 0x10, 0x0a, 0x22, 0x97, 0x44, 0x7b, 0x55, 0x9b, 0x55,
    0x9c, 0x55, 0x9c, 0x55, 0x7b, 0x4d, 0xb8, 0x44, 0xcf, 0x2a, 0x67, 0x19,
    0xe5, 0x10, 0xc5, 0x10, 0xc5, 0x10, 0xc5, 0x10, 0xc5, 0x10, 0xc5, 0x10,
    0xc5, 0x10, 0xc4, 0x10, 0xc5, 0x10, 0x2b, 0x22, 0x14, 0x3c, 0xf9, 0x4c,
    0x7b, 0x55, 0x9c, 0x55, 0x9b, 0x55, 0x9c, 0x55, 0x9c, 0x55, 0x9c, 0x55,
    0x9b, 0x55, 0xbc, 0x55, 0x9c, 0x55, 0x9b, 0x55, 0x9c, 0x55, 0x9b, 0x55,
    0x76, 0x44, 0x26, 0x11, 0xc5, 0x10, 0xc5, 0x10, 0x47, 0x19, 0xc5, 0x10,
    0xc5, 0x10, 0xc5, 0x10, 0xe4, 0x08, 0xc5, 0x10, 0xc5, 0x10, 0xc5, 0x08,
    0x6b, 0x42, 0x9e, 0xf7, 0xff, 0xff, 0x19, 0xc6, 0x06, 0x19, 0xc4, 0x10,
    0xc4, 0x10, 0x05, 0x11, 0x72, 0x8c, 0xbb, 0xd6, 0x5d, 0xef, 0xdf, 0xff,
    0xff, 0xff, 0xff, 0xff, 0xff, 0xff, 0xff, 0xff, 0xff, 0xff, 0xff, 0xff,
    0xff, 0xff, 0xff, 0xff, 0xff, 0xff, 0xff, 0xff, 0xff, 0xff, 0xff, 0xff,
    0xff, 0xff, 0xff, 0xff, 0xff, 0xff, 0xff, 0xff, 0xff, 0xff, 0xff, 0xff,
    0xff, 0xff, 0x3d, 0xe7, 0x96, 0xad, 0x52, 0x8c, 0x4e, 0x63, 0x4a, 0x3a,
    0x87, 0x29, 0xc5, 0x10, 0xc4, 0x10, 0xc4, 0x10, 0xc5, 0x10, 0xe4, 0x10,
    0x6a, 0x42, 0xff, 0xff, 0xff, 0xff, 0x59, 0xc6, 0x06, 0x19, 0x6b, 0x4a,
    0xbf, 0xf7, 0xff, 0xff, 0xff, 0xff, 0xff, 0xff, 0xff, 0xff, 0xff, 0xff,
    0xff, 0xff, 0xff, 0xff, 0x59, 0xce, 0x06, 0x19, 0xc5, 0x10, 0xc4, 0x10,
    0xc5, 0x10, 0xc5, 0x10, 0xe5, 0x10, 0xc5, 0x08, 0xc5, 0x10, 0x26, 0x19,
    0x7a, 0xce, 0xff, 0xff, 0xff, 0xff, 0xff, 0xff, 0xff, 0xff, 0xff, 0xff,
    0xff, 0xff, 0xff, 0xff, 0x3d, 0xe7, 0x67, 0x21, 0xc5, 0x10, 0xc5, 0x10,
    0xc5, 0x10, 0xc4, 0x10, 0xc5, 0x10, 0xe5, 0x10, 0xc5, 0x10, 0xc4, 0x10,
    0xac, 0x4a, 0xff, 0xff, 0xff, 0xff, 0xff, 0xff, 0xff, 0xff, 0xff, 0xff,
    0xff, 0xff, 0xff, 0xff, 0xff, 0xff, 0xf8, 0xbd, 0xc5, 0x10, 0xc5, 0x10,
    0xc5, 0x10, 0xc5, 0x10, 0xe5, 0x10, 0xc5, 0x10, 0xe5, 0x10, 0xc5, 0x10,
    0x0d, 0x5b, 0xdf, 0xff, 0xff, 0xff, 0x7a, 0xce, 0x67, 0x21, 0x05, 0x19,
    0x35, 0xa5, 0xff, 0xff, 0xff, 0xff, 0x7e, 0xef, 0x6b, 0x4a, 0xc5, 0x10,
    0xc5, 0x10, 0xc4, 0x10, 0xc5, 0x10, 0xc5, 0x10, 0xc5, 0x10, 0xe5, 0x10,
    0xc4, 0x10, 0xc5, 0x10, 0xc5, 0x10, 0xc4, 0x10, 0xc5, 0x10, 0xe5, 0x10,
    0xc5, 0x10, 0xc5, 0x10, 0xe4, 0x10, 0xc5, 0x10, 0xc5, 0x08, 0xe4, 0x10,
    0xc5, 0x10, 0xc5, 0x10, 0xe4, 0x10, 0xc5, 0x10, 0xc4, 0x10, 0xe5, 0x10,
    0xc5, 0x10, 0xc5, 0x10, 0xc5, 0x10, 0xc4, 0x10, 0xc5, 0x10, 0xe5, 0x10,
    0xc5, 0x10, 0xc5, 0x10, 0xc5, 0x10, 0xc4, 0x10, 0xe5, 0x08, 0xe5, 0x10,
    0xb0, 0x73, 0xff, 0xff, 0xff, 0xff, 0xff, 0xff, 0xa8, 0x29, 0xc4, 0x10,
    0xc5, 0x10, 0xd7, 0xb5, 0xff, 0xff, 0xff, 0xff, 0xff, 0xff, 0xff, 0xff,
    0xff, 0xff, 0xff, 0xff, 0xff, 0xff, 0xff, 0xff, 0xff, 0xff, 0x1e, 0xcf,
    0x9b, 0x55, 0x9c, 0x55, 0x3a, 0x4d, 0x89, 0x19, 0xc5, 0x10, 0x47, 0x19,
    0x3a, 0x4d, 0x71, 0x33, 0x06, 0x11, 0xe5, 0x10, 0x35, 0x44, 0xd8, 0x44,
    0xd8, 0x44, 0xf9, 0x4c, 0x7b, 0x55, 0x9b, 0x55, 0x9c, 0x55, 0x9b, 0x55,
    0x97, 0x44, 0x5a, 0x4d, 0x9c, 0x55, 0x9b, 0x55, 0x19, 0x4d, 0x8d, 0x2a,
    0xe5, 0x10, 0xc5, 0x10, 0xc5, 0x10, 0x47, 0x11, 0x50, 0x33, 0x19, 0x4d,
    0x9b, 0x55, 0x9b, 0x55, 0x9b, 0x55, 0x9c, 0x55, 0x7b, 0x55, 0xf9, 0x4c,
    0xb3, 0x33, 0x4c, 0x22, 0x88, 0x19, 0x06, 0x11, 0xc5, 0x10, 0xe5, 0x10,
    0xe5, 0x10, 0xc5, 0x10, 0xe5, 0x10, 0x06, 0x11, 0x88, 0x19, 0x6c, 0x2a,
    0xd3, 0x3b, 0x7b, 0x55, 0x9c, 0x55, 0x9b, 0x55, 0x9c, 0x55, 0x9c, 0x55,
    0x9c, 0x55, 0x9c, 0x55, 0x9c, 0x55, 0x9b, 0x55, 0x9c, 0x55, 0xd8, 0x44,
    0x88, 0x19, 0xe5, 0x10, 0xa9, 0x19, 0x71, 0x33, 0x92, 0x33, 0xe5, 0x10,
    0xc5, 0x10, 0xe4, 0x10, 0xc5, 0x10, 0xc5, 0x10, 0xc5, 0x10, 0xc4, 0x10,
    0x46, 0x19, 0xdb, 0xde, 0xff, 0xff, 0x3d, 0xe7, 0xc9, 0x31, 0xc5, 0x10,
    0xe5, 0x10, 0xe5, 0x10, 0x56, 0xa5, 0xff, 0xff, 0xff, 0xff, 0xff, 0xff,
    0xff, 0xff, 0xff, 0xff, 0xff, 0xff, 0xff, 0xff, 0xff, 0xff, 0xff, 0xff,
    0xff, 0xff, 0xff, 0xff, 0xff, 0xff, 0xbf, 0xff, 0x5d, 0xef, 0xdb, 0xde,
    0x19, 0xc6, 0x55, 0xa5, 0x52, 0x84, 0x5a, 0xce, 0xff, 0xff, 0xff, 0xff,
    0xff, 0xff, 0x76, 0xad, 0xe5, 0x10, 0xc5, 0x10, 0xe5, 0x10, 0xc5, 0x10,
    0xc5, 0x10, 0xc5, 0x10, 0xc5, 0x10, 0xe5, 0x10, 0xc5, 0x10, 0xc5, 0x10,
    0x06, 0x19, 0x5d, 0xef, 0xff, 0xff, 0xbe, 0xf7, 0x87, 0x29, 0xe9, 0x31,
    0x56, 0xad, 0x76, 0xad, 0x76, 0xad, 0x76, 0xad, 0x76, 0xad, 0x76, 0xad,
    0x76, 0xad, 0x76, 0xad, 0x72, 0x84, 0xe5, 0x10, 0xc5, 0x10, 0xe5, 0x10,
    0xc5, 0x10, 0xc5, 0x08, 0xe4, 0x10, 0xc5, 0x10, 0xc5, 0x10, 0x05, 0x11,
    0x93, 0x8c, 0x76, 0xad, 0x76, 0xad, 0x76, 0xad, 0x76, 0xad, 0x76, 0xad,
    0x76, 0xad, 0x76, 0xad, 0x14, 0x9d, 0x26, 0x19, 0xc5, 0x10, 0xc5, 0x10,
    0xe5, 0x10, 0xc5, 0x08, 0xc5, 0x10, 0xe5, 0x10, 0xc4, 0x10, 0xc5, 0x10,
    0xcc, 0x52, 0xff, 0xff, 0xff, 0xff, 0xff, 0xff, 0xff, 0xff, 0xff, 0xff,
    0xff, 0xff, 0xff, 0xff, 0xff, 0xff, 0xf8, 0xbd, 0xc5, 0x10, 0xc5, 0x10,
    0xe5, 0x10, 0xc5, 0x10, 0xc4, 0x10, 0xc4, 0x10, 0xc5, 0x10, 0xc4, 0x10,
    0x0d, 0x5b, 0xdf, 0xff, 0xdf, 0xff, 0x8f, 0x6b, 0xe5, 0x10, 0x4a, 0x42,
    0x7e, 0xef, 0xff, 0xff, 0xff, 0xff, 0x76, 0xad, 0xe5, 0x10, 0xc5, 0x10,
    0xe5, 0x10, 0xc4, 0x10, 0xe5, 0x10, 0xc5, 0x08, 0xc4, 0x10, 0xe4, 0x10,
    0xc5, 0x10, 0xe4, 0x08, 0xc5, 0x10, 0xc5, 0x10, 0xe5, 0x10, 0xc4, 0x10,
    0xc5, 0x10, 0xc5, 0x10, 0xc5, 0x10, 0xc5, 0x10, 0xc5, 0x10, 0xc4, 0x10,
    0xc5, 0x10, 0xc5, 0x10, 0xc5, 0x10, 0xe5, 0x08, 0xc5, 0x10, 0xc5, 0x10,
    0xc4, 0x10, 0xe5, 0x10, 0xc5, 0x08, 0xc5, 0x10, 0xc4, 0x10, 0xc5, 0x10,
    0xc5, 0x10, 0xc5, 0x08, 0xe5, 0x10, 0xc5, 0x10, 0xc5, 0x10, 0xe5, 0x10,
    0xe8, 0x31, 0xdf, 0xff, 0xff, 0xff, 0x9e, 0xf7, 0x06, 0x19, 0xc5, 0x10,
    0xe5, 0x10, 0xb7, 0xb5, 0xff, 0xff, 0xff, 0xff, 0xff, 0xff, 0xff, 0xff,
    0xff, 0xff, 0xff, 0xff, 0xff, 0xff, 0xff, 0xff, 0xff, 0xff, 0xbf, 0xf7,
    0xdc, 0x6d, 0x9b, 0x55, 0x7b, 0x55, 0x4c, 0x22, 0xc5, 0x10, 0x26, 0x11,
    0xf9, 0x4c, 0x7b, 0x55, 0xb3, 0x3b, 0x47, 0x11, 0xf4, 0x3b, 0x9c, 0x55,
    0x9b, 0x55, 0x9b, 0x55, 0x9c, 0x55, 0x9c, 0x55, 0x9b, 0x55, 0x9b, 0x55,
    0x9c, 0x55, 0x9b, 0x55, 0x9b, 0x55, 0x9c, 0x55, 0x9c, 0x55, 0x5a, 0x4d,
    0x30, 0x33, 0x26, 0x11, 0xc5, 0x10, 0xc5, 0x10, 0xe5, 0x10, 0xa9, 0x19,
    0x51, 0x33, 0xb8, 0x4c, 0x7b, 0x55, 0x9b, 0x55, 0x9b, 0x55, 0x9c, 0x55,
    0x9b, 0x55, 0x7b, 0x55, 0x19, 0x4d, 0x97, 0x44, 0xf3, 0x3b, 0x51, 0x33,
    0xef, 0x2a, 0xce, 0x2a, 0xcf, 0x2a, 0x30, 0x2b, 0x92, 0x33, 0x35, 0x3c,
    0xb7, 0x44, 0x7b, 0x55, 0x9c, 0x55, 0x9c, 0x55, 0x9c, 0x55, 0x9b, 0x55,
    0x9c, 0x55, 0x9c, 0x55, 0x9c, 0x55, 0x9b, 0x55, 0x7b, 0x55, 0xce, 0x2a,
    0x6d, 0x22, 0x14, 0x3c, 0x3a, 0x4d, 0x5b, 0x55, 0xa9, 0x19, 0xc5, 0x10,
    0xe4, 0x10, 0xc5, 0x10, 0xc5, 0x10, 0xc5, 0x10, 0xe4, 0x10, 0xc5, 0x10,
    0xe5, 0x10, 0x55, 0xa5, 0xff, 0xff, 0xff, 0xff, 0x2e, 0x63, 0xc5, 0x10,
    0xc5, 0x10, 0xe5, 0x10, 0xaf, 0x73, 0xff, 0xff, 0xff, 0xff, 0xff, 0xff,
    0xff, 0xff, 0xff, 0xff, 0xff, 0xff, 0xdf, 0xff, 0xfc, 0xde, 0x7a, 0xce,
    0x96, 0xb5, 0x93, 0x8c, 0x8f, 0x6b, 0x6b, 0x4a, 0xe9, 0x31, 0x67, 0x21,
    0x05, 0x19, 0xc5, 0x10, 0xe5, 0x10, 0x4e, 0x63, 0xdf, 0xff, 0xff, 0xff,
    0xff, 0xff, 0x9a, 0xd6, 0x46, 0x21, 0xc5, 0x10, 0xc5, 0x10, 0xc5, 0x10,
    0xc4, 0x10, 0xc5, 0x10, 0xc5, 0x10, 0xe5, 0x08, 0xc5, 0x10, 0xc4, 0x10,
    0xe5, 0x10, 0x96, 0xad, 0xff, 0xff, 0xff, 0xff, 0x0d, 0x5b, 0xc5, 0x10,
    0xc5, 0x10, 0xc5, 0x10, 0xc5, 0x10, 0xc5, 0x10, 0xc5, 0x10, 0xe5, 0x10,
    0xc5, 0x10, 0xc5, 0x10, 0xe5, 0x10, 0xc5, 0x10, 0xc5, 0x10, 0xc5, 0x10,
    0xc5, 0x10, 0xc5, 0x10, 0xc5, 0x10, 0xc5, 0x10, 0xc5, 0x10, 0xc5, 0x10,
    0xe5, 0x10, 0xc5, 0x10, 0xc5, 0x10, 0xe5, 0x10, 0xc5, 0x10, 0xc5, 0x10,
    0xe5, 0x10, 0xc5, 0x10, 0xc5, 0x10, 0xc5, 0x10, 0xc5, 0x10, 0xe5, 0x10,
    0xc5, 0x10, 0xc5, 0x10, 0xc5, 0x10, 0xc5, 0x10, 0xc5, 0x10, 0xc5, 0x10,
    0xac, 0x4a, 0xff, 0xff, 0xff, 0xff, 0xff, 0xff, 0xff, 0xff, 0xff, 0xff,
    0xff, 0xff, 0xff, 0xff, 0xff, 0xff, 0xf8, 0xbd, 0xc5, 0x10, 0xe5, 0x10,
    0xc4, 0x10, 0xc5, 0x10, 0xe5, 0x10, 0xc5, 0x10, 0xc5, 0x10, 0xe5, 0x08,
    0x0d, 0x5b, 0xdf, 0xff, 0x7a, 0xce, 0x67, 0x21, 0xe5, 0x10, 0x56, 0xad,
    0xff, 0xff, 0xff, 0xff, 0x9e, 0xf7, 0x8b, 0x4a, 0xc5, 0x10, 0xc5, 0x10,
    0xc5, 0x10, 0xe5, 0x10, 0xc5, 0x10, 0xe4, 0x10, 0xc5, 0x10, 0xc5, 0x10,
    0xc5, 0x10, 0xc5, 0x10, 0xe5, 0x10, 0xc5, 0x08, 0xc4, 0x10, 0xc5, 0x10,
    0xc5, 0x10, 0xe4, 0x08, 0xe4, 0x10, 0xc5, 0x10, 0xc5, 0x10, 0xe5, 0x10,
    0xc5, 0x10, 0xc4, 0x10, 0xe5, 0x10, 0xc5, 0x10, 0xc4, 0x10, 0xc5, 0x10,
    0xc5, 0x08, 0xc4, 0x10, 0xe5, 0x10, 0xc4, 0x10, 0xe5, 0x10, 0xc5, 0x08,
    0xc4, 0x10, 0xe4, 0x10, 0xc5, 0x10, 0xc4, 0x10, 0xc5, 0x10, 0xc5, 0x10,
    0x05, 0x11, 0x7a, 0xce, 0xff, 0xff, 0xfc, 0xde, 0xe5, 0x10, 0xc5, 0x10,
    0xe5, 0x10, 0x76, 0xad, 0xff, 0xff, 0xff, 0xff, 0xff, 0xff, 0xff, 0xff,
    0xff, 0xff, 0xff, 0xff, 0xff, 0xff, 0xff, 0xff, 0xff, 0xff, 0xff, 0xff,
    0xbd, 0xae, 0x9b, 0x55, 0x9b, 0x55, 0xb3, 0x3b, 0xe5, 0x10, 0x06, 0x11,
    0x76, 0x44, 0x9c, 0x55, 0x9b, 0x55, 0xb7, 0x44, 0x76, 0x44, 0x9c, 0x55,
    0x9b, 0x55, 0x9c, 0x55, 0x9c, 0x55, 0x9b, 0x55, 0x9c, 0x55, 0x9c, 0x55,
    0xbb, 0x55, 0x9c, 0x55, 0x9c, 0x55, 0xbc, 0x55, 0x9b, 0x55, 0x9b, 0x55,
    0x7b, 0x55, 0x56, 0x3c, 0xea, 0x21, 0xe5, 0x10, 0xc5, 0x10, 0xc5, 0x10,
    0xe5, 0x10, 0x47, 0x11, 0x2b, 0x22, 0x71, 0x33, 0x56, 0x44, 0xd8, 0x4c,
    0x19, 0x4d, 0x5a, 0x4d, 0x7b, 0x55, 0x7b, 0x55, 0x9b, 0x55, 0x9c, 0x55,
    0x9c, 0x55, 0x9b, 0x55, 0x9b, 0x55, 0x9b, 0x55, 0x9c, 0x55, 0x9c, 0x55,
    0x9b, 0x55, 0x9c, 0x55, 0x9c, 0x55, 0x9c, 0x55, 0x9b, 0x55, 0x9c, 0x55,
    0x9b, 0x55, 0x9c, 0x55, 0x9b, 0x55, 0x9b, 0x55, 0x9b, 0x55, 0x3a, 0x4d,
    0x7b, 0x55, 0x9b, 0x55, 0x7c, 0x55, 0x30, 0x33, 0xe5, 0x10, 0xc5, 0x10,
    0xc5, 0x10, 0xc5, 0x10, 0xc5, 0x08, 0xe4, 0x10, 0xc5, 0x10, 0xe5, 0x08,
    0xc5, 0x10, 0x6f, 0x6b, 0xff, 0xff, 0xff, 0xff, 0xf4, 0x9c, 0xe5, 0x10,
    0xc5, 0x10, 0xc4, 0x10, 0x09, 0x3a, 0xbe, 0xf7, 0xff, 0xff, 0xff, 0xff,
    0xff, 0xff, 0xff, 0xff, 0xff, 0xff, 0x9e, 0xf7, 0x56, 0xad, 0xd0, 0x73,
    0xac, 0x52, 0xe9, 0x39, 0x87, 0x29, 0x26, 0x19, 0xe5, 0x10, 0xe5, 0x10,
    0xc5, 0x10, 0xc5, 0x10, 0xc5, 0x10, 0x09, 0x3a, 0x5d, 0xef, 0xff, 0xff,
    0xff, 0xff, 0x7e, 0xef, 0x2a, 0x42, 0xc5, 0x10, 0xc5, 0x10, 0xc4, 0x10,
    0xe5, 0x10, 0xe5, 0x10, 0xc4, 0x10, 0xc4, 0x10, 0xc5, 0x10, 0xc5, 0x08,
    0xe5, 0x10, 0x8f, 0x6b, 0xff, 0xff, 0xff, 0xff, 0x55, 0xad, 0x0a, 0x3a,
    0x09, 0x3a, 0x09, 0x3a, 0x09, 0x3a, 0x0a, 0x3a, 0x0a, 0x3a, 0x09, 0x3a,
    0x0a, 0x3a, 0x09, 0x3a, 0x0a, 0x3a, 0x09, 0x3a, 0x09, 0x3a, 0x09, 0x3a,
    0x09, 0x3a, 0x0a, 0x3a, 0x09, 0x3a, 0x09, 0x3a, 0x09, 0x3a, 0x09, 0x3a,
    0x09, 0x3a, 0x09, 0x3a, 0x0a, 0x3a, 0x09, 0x3a, 0x09, 0x3a, 0x09, 0x3a,
    0x09, 0x3a, 0x0a, 0x3a, 0x09, 0x3a, 0x29, 0x3a, 0x09, 0x3a, 0x09, 0x3a,
    0x09, 0x3a, 0x09, 0x3a, 0x09, 0x3a, 0x0a, 0x3a, 0x67, 0x21, 0xc5, 0x10,
    0xab, 0x4a, 0xff, 0xff, 0xff, 0xff, 0xff, 0xff, 0xff, 0xff, 0xff, 0xff,
    0xff, 0xff, 0xff, 0xff, 0xff, 0xff, 0xf8, 0xbd, 0xc5, 0x10, 0xc5, 0x10,
    0xe5, 0x10, 0xc4, 0x10, 0xc5, 0x10, 0xc5, 0x10, 0xe5, 0x10, 0xc4, 0x10,
    0xed, 0x52, 0xbf, 0xf7, 0x6e, 0x6b, 0xe5, 0x10, 0x8b, 0x4a, 0x7e, 0xf7,
    0xff, 0xff, 0xff, 0xff, 0x76, 0xad, 0x05, 0x19, 0xc5, 0x10, 0xc5, 0x10,
    0xc4, 0x10, 0xc5, 0x10, 0xc5, 0x08, 0xc5, 0x10, 0xc5, 0x10, 0xe5, 0x08,
    0xc5, 0x10, 0xc5, 0x10, 0xc5, 0x10, 0xe4, 0x10, 0xc5, 0x10, 0xe5, 0x08,
    0xc5, 0x10, 0xc5, 0x10, 0xc5, 0x10, 0xc4, 0x10, 0xe5, 0x08, 0xc4, 0x10,
    0xc5, 0x10, 0xc5, 0x10, 0xc4, 0x10, 0xc5, 0x10, 0xc5, 0x10, 0xe5, 0x10,
    0xc5, 0x10, 0xe5, 0x10, 0xc5, 0x10, 0xc5, 0x10, 0xc5, 0x10, 0xe5, 0x10,
    0xc5, 0x10, 0xc5, 0x10, 0xc5, 0x08, 0xc5, 0x10, 0xe4, 0x10, 0xc5, 0x10,
    0xe5, 0x10, 0xf0, 0x7b, 0xff, 0xff, 0x9a, 0xd6, 0xe5, 0x10, 0xc5, 0x10,
    0xe5, 0x10, 0xf4, 0x9c, 0xff, 0xff, 0xff, 0xff, 0xff, 0xff, 0xff, 0xff,
    0xff, 0xff, 0xff, 0xff, 0xff, 0xff, 0xff, 0xff, 0xff, 0xff, 0xff, 0xff,
    0xbf, 0xf7, 0xfc, 0x75, 0x9c, 0x55, 0x3a, 0x4d, 0xca, 0x19, 0xe5, 0x10,
    0xd3, 0x3b, 0x9c, 0x55, 0x9c, 0x55, 0x9b, 0x55, 0x9b, 0x55, 0x9c, 0x55,
    0x9c, 0x55, 0xbc, 0x55, 0x9c, 0x55, 0x9c, 0x55, 0xbc, 0x55, 0x9c, 0x55,
    0x9c, 0x55, 0x9c, 0x55, 0x9c, 0x55, 0x9c, 0x55, 0x9b, 0x55, 0x9b, 0x55,
    0x9c, 0x55, 0x9c, 0x55, 0x3a, 0x4d, 0xb2, 0x33, 0xca, 0x19, 0x06, 0x11,
    0xc5, 0x10, 0xc5, 0x10, 0xc5, 0x10, 0xc5, 0x10, 0xe5, 0x10, 0x47, 0x11,
    0xa9, 0x19, 0xea, 0x21, 0x0b, 0x22, 0x4c, 0x22, 0xce, 0x2a, 0x19, 0x4d,
    0x9b, 0x55, 0x9c, 0x55, 0x9c, 0x55, 0x9b, 0x55, 0x9c, 0x55, 0x9c, 0x55,
    0x9b, 0x55, 0x9c, 0x55, 0x9b, 0x55, 0x9b, 0x55, 0xbc, 0x65, 0x5c, 0x8e,
    0x3c, 0x96, 0x9b, 0x55, 0x9c, 0x55, 0x9c, 0x55, 0x9c, 0x55, 0x9c, 0x55,
    0x9c, 0x55, 0x9b, 0x55, 0x55, 0x3c, 0x06, 0x11, 0xc5, 0x10, 0xc5, 0x10,
    0xc4, 0x10, 0xc5, 0x10, 0xe5, 0x10, 0xc4, 0x10, 0xc5, 0x10, 0xc5, 0x10,
    0xe4, 0x10, 0x09, 0x3a, 0x5d, 0xef, 0xff, 0xff, 0x9a, 0xce, 0x46, 0x21,
    0xc5, 0x10, 0xc5, 0x10, 0x46, 0x19, 0x7a, 0xce, 0xff, 0xff, 0xff, 0xff,
    0xff, 0xff, 0xff, 0xff, 0xff, 0xff, 0xff, 0xff, 0xff, 0xff, 0xff, 0xff,
    0xff, 0xff, 0x7e, 0xef, 0xdb, 0xde, 0x59, 0xce, 0x76, 0xad, 0x72, 0x8c,
    0x6e, 0x6b, 0x8b, 0x4a, 0xe9, 0x31, 0xa8, 0x29, 0x9b, 0xd6, 0xff, 0xff,
    0xff, 0xff, 0xff, 0xff, 0xf0, 0x7b, 0xc5, 0x10, 0xc5, 0x10, 0xc5, 0x10,
    0xc5, 0x10, 0xc5, 0x10, 0xc5, 0x10, 0xc5, 0x10, 0xc4, 0x10, 0xe5, 0x10,
    0xc5, 0x10, 0xa8, 0x29, 0xff, 0xff, 0xff, 0xff, 0xdf, 0xff, 0x9e, 0xf7,
    0x9e, 0xf7, 0x9e, 0xf7, 0x9e, 0xf7, 0x9e, 0xf7, 0x9e, 0xf7, 0x9e, 0xf7,
    0x9e, 0xf7, 0x9e, 0xf7, 0x9e, 0xf7, 0x9e, 0xf7, 0x9e, 0xf7, 0x9e, 0xf7,
    0x9e, 0xf7, 0x9e, 0xf7, 0x9e, 0xf7, 0x9e, 0xf7, 0x9e, 0xf7, 0x9e, 0xf7,
    0x9e, 0xef, 0x9e, 0xf7, 0x9e, 0xf7, 0x9e, 0xf7, 0x9e, 0xf7, 0x9e, 0xf7,
    0x9e, 0xf7, 0x9e, 0xf7, 0x9e, 0xf7, 0x9e, 0xf7, 0x9e, 0xf7, 0x9e, 0xf7,
    0x9e, 0xf7, 0x9e, 0xf7, 0x9e, 0xf7, 0x9e, 0xf7, 0x52, 0x84, 0xe5, 0x10,
    0xab, 0x4a, 0xff, 0xff, 0xff, 0xff, 0xff, 0xff, 0xff, 0xff, 0xff, 0xff,
    0xff, 0xff, 0xff, 0xff, 0xff, 0xff, 0x18, 0xc6, 0xc5, 0x10, 0xc5, 0x10,
    0xc5, 0x10, 0xc5, 0x10, 0xc5, 0x10, 0xe4, 0x08, 0xc5, 0x10, 0xc5, 0x10,
    0xed, 0x52, 0x18, 0xc6, 0x46, 0x21, 0x06, 0x19, 0x97, 0xb5, 0xff, 0xff,
    0xff, 0xff, 0x7e, 0xef, 0x6b, 0x4a, 0xc5, 0x10, 0xc5, 0x10, 0xe5, 0x10,
    0xe5, 0x10, 0xc4, 0x10, 0xc5, 0x10, 0xc4, 0x10, 0xc5, 0x10, 0xc5, 0x10,
    0xe4, 0x10, 0xc4, 0x10, 0xc5, 0x10, 0xc4, 0x10, 0xc5, 0x10, 0xc5, 0x10,
    0xe4, 0x10, 0xc5, 0x10, 0xc5, 0x10, 0xc5, 0x10, 0xe5, 0x10, 0xc5, 0x10,
    0xc5, 0x10, 0xc5, 0x10, 0xe5, 0x10, 0xc5, 0x08, 0xc4, 0x10, 0xe5, 0x10,
    0xc4, 0x10, 0xc5, 0x10, 0xc5, 0x08, 0xc4, 0x10, 0xe5, 0x10, 0xc4, 0x10,
    0xc5, 0x10, 0xe5, 0x10, 0xc5, 0x10, 0xc4, 0x10, 0xe5, 0x08, 0xc5, 0x10,
    0xc5, 0x10, 0x87, 0x21, 0x9e, 0xf7, 0x39, 0xc6, 0xe5, 0x10, 0xc5, 0x10,
    0xc5, 0x10, 0x11, 0x7c, 0xff, 0xff, 0xff, 0xff, 0xff, 0xff, 0xff, 0xff,
    0xff, 0xff, 0xff, 0xff, 0xff, 0xff, 0xff, 0xff, 0xff, 0xff, 0xff, 0xff,
    0xff, 0xff, 0x5e, 0xd7, 0xbb, 0x65, 0x9b, 0x55, 0x76, 0x44, 0x47, 0x19,
    0xae, 0x2a, 0x9b, 0x55, 0x9b, 0x55, 0x9c, 0x55, 0x9c, 0x55, 0x9c, 0x55,
    0x9c, 0x55, 0x9b, 0x55, 0x9b, 0x55, 0x9c, 0x55, 0x9b, 0x55, 0x9c, 0x55,
    0x9c, 0x55, 0x9b, 0x55, 0xbc, 0x55, 0x9c, 0x55, 0x9c, 0x55, 0x9c, 0x55,
    0x9c, 0x55, 0x9b, 0x55, 0x9b, 0x55, 0x9b, 0x55, 0x5a, 0x4d, 0x56, 0x44,
    0x30, 0x33, 0x4c, 0x22, 0xa9, 0x19, 0x68, 0x19, 0x47, 0x19, 0x47, 0x19,
    0x67, 0x19, 0x88, 0x19, 0x0b, 0x22, 0x51, 0x33, 0x97, 0x44, 0x7b, 0x55,
    0x9c, 0x55, 0x9c, 0x55, 0x9c, 0x55, 0x9c, 0x55, 0x9b, 0x55, 0x9c, 0x55,
    0x9b, 0x55, 0x9c, 0x5d, 0x1c, 0x7e, 0xdd, 0xbe, 0x9f, 0xe7, 0xfd, 0xc6,
    0xbb, 0x65, 0xbc, 0x5d, 0xbc, 0x5d, 0x9c, 0x55, 0x9c, 0x55, 0x9c, 0x55,
    0x9c, 0x55, 0xb7, 0x44, 0x47, 0x19, 0xe5, 0x10, 0xc5, 0x10, 0xc4, 0x10,
    0xe5, 0x10, 0xc5, 0x10, 0xc5, 0x10, 0xc5, 0x10, 0xc5, 0x10, 0xc5, 0x10,
    0xc4, 0x10, 0x26, 0x19, 0x7a, 0xce, 0xff, 0xff, 0x7e, 0xef, 0x2a, 0x42,
    0xc5, 0x10, 0xc5, 0x10, 0xe5, 0x10, 0x72, 0x84, 0xdf, 0xff, 0xff, 0xff,
    0xff, 0xff, 0xff, 0xff, 0xff, 0xff, 0xff, 0xff, 0xff, 0xff, 0xff, 0xff,
    0xff, 0xff, 0xff, 0xff, 0xff, 0xff, 0xff, 0xff, 0xff, 0xff, 0xff, 0xff,
    0xff, 0xff, 0xdf, 0xff, 0x7e, 0xef, 0xdb, 0xde, 0xbe, 0xf7, 0xff, 0xff,
    0xff, 0xff, 0xff, 0xff, 0x5a, 0xce, 0x2a, 0x3a, 0xa8, 0x29, 0x46, 0x21,
    0xe5, 0x10, 0xc5, 0x10, 0xe5, 0x10, 0xc5, 0x10, 0xc5, 0x10, 0xe5, 0x10,
    0xc4, 0x10, 0xe5, 0x10, 0xbb, 0xd6, 0xff, 0xff, 0xff, 0xff, 0xff, 0xff,
    0xff, 0xff, 0xff, 0xff, 0xff, 0xff, 0xff, 0xff, 0xff, 0xff, 0xff, 0xff,
    0xff, 0xff, 0xff, 0xff, 0xff, 0xff, 0xff, 0xff, 0xff, 0xff, 0xff, 0xff,
    0xff, 0xff, 0xff, 0xff, 0xff, 0xff, 0xff, 0xff, 0xff, 0xff, 0xff, 0xff,
    0xff, 0xff, 0xff, 0xff, 0xff, 0xff, 0xff, 0xff, 0xff, 0xff, 0xff, 0xff,
    0xff, 0xff, 0xff, 0xff, 0xff, 0xff, 0xff, 0xff, 0xff, 0xff, 0xff, 0xff,
    0xff, 0xff, 0xff, 0xff, 0xff, 0xff, 0xff, 0xff, 0x72, 0x8c, 0xe5, 0x10,
    0xac, 0x4a, 0xdf, 0xff, 0xff, 0xff, 0xff, 0xff, 0xff, 0xff, 0xff, 0xff,
    0xff, 0xff, 0xff, 0xff, 0xff, 0xff, 0x18, 0xc6, 0xe5, 0x10, 0xc5, 0x10,
    0xc5, 0x10, 0xc5, 0x10, 0xe4, 0x10, 0xc5, 0x10, 0xc5, 0x10, 0xc4, 0x10,
    0xcc, 0x52, 0xec, 0x52, 0xe5, 0x10, 0xec, 0x5a, 0x9e, 0xf7, 0xff, 0xff,
    0xff, 0xff, 0x35, 0xa5, 0x05, 0x11, 0xc5, 0x10, 0xc5, 0x10, 0xc4, 0x10,
    0xc5, 0x08, 0xc5, 0x10, 0xe5, 0x10, 0xe5, 0x10, 0xc4, 0x10, 0xe5, 0x10,
    0xc5, 0x10, 0xc5, 0x08, 0xe5, 0x10, 0xc5, 0x10, 0xc5, 0x10, 0xc5, 0x10,
    0xc4, 0x10, 0xe5, 0x10, 0xc5, 0x08, 0xc5, 0x10, 0xc5, 0x10, 0xc4, 0x10,
    0xc5, 0x10, 0xc4, 0x10, 0xc5, 0x10, 0xe5, 0x10, 0xc4, 0x10, 0xc5, 0x10,
    0xc5, 0x08, 0xc4, 0x10, 0xe5, 0x10, 0xc4, 0x10, 0xc5, 0x10, 0xc5, 0x08,
    0xc4, 0x10, 0xe5, 0x10, 0xc4, 0x10, 0xc5, 0x10, 0xc5, 0x10, 0xc5, 0x10,
    0xc4, 0x10, 0xe5, 0x10, 0x35, 0x9d, 0xf8, 0xbd, 0xe5, 0x10, 0xc5, 0x10,
    0xc5, 0x10, 0xec, 0x52, 0xdf, 0xff, 0xff, 0xff, 0xff, 0xff, 0xff, 0xff,
    0xff, 0xff, 0xff, 0xff, 0xff, 0xff, 0xff, 0xff, 0xff, 0xff, 0xff, 0xff,
    0xff, 0xff, 0xff, 0xff, 0x3e, 0xcf, 0xbc, 0x65, 0x9b, 0x55, 0x55, 0x44,
    0x4c, 0x22, 0x7b, 0x55, 0x9c, 0x55, 0x9c, 0x55, 0x9c, 0x55, 0x9c, 0x55,
    0x9c, 0x55, 0x9c, 0x55, 0x9c, 0x55, 0xbc, 0x6d, 0xbc, 0x65, 0x9b, 0x55,
    0x9c, 0x55, 0x9c, 0x55, 0x9b, 0x55, 0x9b, 0x55, 0x9c, 0x55, 0x9c, 0x55,
    0x9b, 0x55, 0x9c, 0x55, 0x9c, 0x55, 0x9c, 0x55, 0x9b, 0x55, 0x9b, 0x55,
    0x9b, 0x55, 0x9c, 0x55, 0x5a, 0x4d, 0x19, 0x4d, 0xf8, 0x4c, 0xd8, 0x44,
    0xf9, 0x4c, 0x3a, 0x4d, 0x7b, 0x55, 0x9c, 0x55, 0x9b, 0x55, 0x9c, 0x55,
    0x9c, 0x55, 0x9b, 0x4d, 0x9c, 0x55, 0x9b, 0x55, 0xbc, 0x65, 0x1c, 0x7e,
    0xbd, 0xae, 0x7e, 0xdf, 0xdf, 0xff, 0xff, 0xff, 0xdf, 0xf7, 0xdd, 0xbe,
    0x1e, 0xcf, 0x5e, 0xdf, 0x3c, 0x8e, 0x9b, 0x55, 0x9b, 0x55, 0x9b, 0x55,
    0xd8, 0x4c, 0xa9, 0x19, 0xc5, 0x10, 0xc5, 0x10, 0xc4, 0x10, 0xc5, 0x08,
    0xc5, 0x10, 0x05, 0x11, 0xce, 0x2a, 0x06, 0x11, 0xc5, 0x10, 0xe5, 0x10,
    0xc5, 0x10, 0xe5, 0x10, 0xb3, 0x94, 0xff, 0xff, 0xff, 0xff, 0xd0, 0x73,
    0xe5, 0x10, 0xc4, 0x10, 0xc4, 0x10, 0x46, 0x21, 0xec, 0x52, 0x31, 0x84,
    0x76, 0xad, 0x7a, 0xce, 0x3d, 0xe7, 0x9e, 0xf7, 0xdf, 0xff, 0xff, 0xff,
    0xff, 0xff, 0xff, 0xff, 0xff, 0xff, 0xff, 0xff, 0xff, 0xff, 0xff, 0xff,
    0xff, 0xff, 0xff, 0xff, 0xff, 0xff, 0xff, 0xff, 0xff, 0xff, 0xff, 0xff,
    0xff, 0xff, 0xff, 0xff, 0xff, 0xff, 0xbe, 0xf7, 0xfc, 0xe6, 0x5a, 0xce,
    0x96, 0xad, 0x72, 0x8c, 0xcc, 0x52, 0xe5, 0x10, 0xc5, 0x10, 0xc5, 0x10,
    0xc5, 0x08, 0xe5, 0x10, 0xd3, 0x94, 0xff, 0xff, 0xff, 0xff, 0xff, 0xff,
    0xff, 0xff, 0xff, 0xff, 0xff, 0xff, 0xff, 0xff, 0xff, 0xff, 0xff, 0xff,
    0xff, 0xff, 0xff, 0xff, 0xff, 0xff, 0xff, 0xff, 0xff, 0xff, 0xff, 0xff,
    0xff, 0xff, 0xff, 0xff, 0xff, 0xff, 0xff, 0xff, 0xff, 0xff, 0xff, 0xff,
    0xff, 0xff, 0xff, 0xff, 0xff, 0xff, 0xff, 0xff, 0xff, 0xff, 0xff, 0xff,
    0xff, 0xff, 0xff, 0xff, 0xff, 0xff, 0xff, 0xff, 0xff, 0xff, 0xff, 0xff,
    0xff, 0xff, 0xff, 0xff, 0xff, 0xff, 0xff, 0xff, 0x73, 0x8c, 0xe5, 0x10,
    0xab, 0x4a, 0xff, 0xff, 0xff, 0xff, 0xff, 0xff, 0xff, 0xff, 0xff, 0xff,
    0xff, 0xff, 0xff, 0xff, 0xff, 0xff, 0xf8, 0xc5, 0xc5, 0x10, 0xc5, 0x10,
    0xe5, 0x10, 0xe4, 0x10, 0xc5, 0x10, 0xc5, 0x10, 0xc5, 0x10, 0xe5, 0x10,
    0x05, 0x19, 0xe5, 0x10, 0x26, 0x19, 0x39, 0xc6, 0xff, 0xff, 0xff, 0xff,
    0x7d, 0xef, 0x4a, 0x42, 0xc5, 0x10, 0xc5, 0x10, 0xe5, 0x10, 0xc4, 0x10,
    0xc5, 0x10, 0xc5, 0x10, 0xc4, 0x10, 0xc5, 0x10, 0xc5, 0x08, 0xc5, 0x10,
    0xc4, 0x10, 0xc5, 0x10, 0xe5, 0x10, 0xc5, 0x10, 0xe5, 0x10, 0xe4, 0x08,
    0xc5, 0x10, 0xc5, 0x10, 0xe4, 0x10, 0xc4, 0x10, 0xe5, 0x10, 0xc5, 0x10,
    0xc5, 0x10, 0xc5, 0x10, 0xe4, 0x10, 0xc5, 0x10, 0xc5, 0x10, 0xc5, 0x10,
    0xe5, 0x10, 0xc5, 0x10, 0xc5, 0x10, 0xc5, 0x10, 0xe5, 0x10, 0xc5, 0x10,
    0xc5, 0x10, 0xc5, 0x08, 0xc5, 0x10, 0xe5, 0x10, 0xe5, 0x10, 0xc4, 0x10,
    0xc5, 0x10, 0xc4, 0x10, 0x09, 0x3a, 0x56, 0xa5, 0xe5, 0x10, 0xc5, 0x10,
    0xe4, 0x10, 0xa7, 0x29, 0x7e, 0xef, 0xff, 0xff, 0xff, 0xff, 0xff, 0xff,
    0xff, 0xff, 0xff, 0xff, 0xff, 0xff, 0xff, 0xff, 0xff, 0xff, 0xff, 0xff,
    0xff, 0xff, 0xff, 0xff, 0xff, 0xff, 0x5e, 0xdf, 0xfc, 0x7d, 0x9c, 0x55,
    0x5b, 0x4d, 0x9c, 0x55, 0x9c, 0x55, 0x9c, 0x55, 0x9b, 0x55, 0x9b, 0x55,
    0x9c, 0x55, 0x9b, 0x55, 0xfc, 0x75, 0x7e, 0xe7, 0x7e, 0xdf, 0xdc, 0x6d,
    0x9b, 0x55, 0x9c, 0x55, 0x9c, 0x55, 0x9c, 0x55, 0x9c, 0x55, 0xbb, 0x5d,
    0x9b, 0x55, 0x9c, 0x55, 0x9c, 0x55, 0x9c, 0x55, 0x9c, 0x55, 0x9c, 0x55,
    0x9c, 0x55, 0x9b, 0x55, 0x9b, 0x55, 0x9c, 0x55, 0x9b, 0x55, 0x9c, 0x55,
    0x9c, 0x55, 0x9b, 0x55, 0xbc, 0x5d, 0xbb, 0x6d, 0xfc, 0x75, 0x1c, 0x86,
    0x5c, 0x96, 0x9d, 0xa6, 0xfd, 0xbe, 0x3e, 0xd7, 0x9f, 0xef, 0xff, 0xff,
    0xff, 0xff, 0xff, 0xff, 0xff, 0xff, 0xff, 0xff, 0xff, 0xff, 0xff, 0xff,
    0xdf, 0xff, 0x7d, 0x9e, 0x9b, 0x55, 0x9c, 0x55, 0x7b, 0x55, 0xb7, 0x44,
    0xa9, 0x19, 0xe5, 0x10, 0xc5, 0x10, 0xc5, 0x10, 0xe5, 0x10, 0xc5, 0x10,
    0xe5, 0x10, 0x51, 0x33, 0x7b, 0x4d, 0xca, 0x21, 0xc5, 0x10, 0xc4, 0x10,
    0xe5, 0x10, 0xc5, 0x10, 0xed, 0x5a, 0xdf, 0xff, 0xff, 0xff, 0x97, 0xb5,
    0xe5, 0x10, 0xc5, 0x10, 0xe5, 0x10, 0xc5, 0x08, 0xc5, 0x10, 0xe5, 0x10,
    0xe5, 0x10, 0xe5, 0x10, 0x87, 0x29, 0x6a, 0x42, 0x4e, 0x63, 0x72, 0x84,
    0x76, 0xad, 0x7a, 0xce, 0x3c, 0xe7, 0x7e, 0xf7, 0xdf, 0xff, 0xff, 0xff,
    0xff, 0xff, 0xff, 0xff, 0xff, 0xff, 0xff, 0xff, 0xff, 0xff, 0xff, 0xff,
    0xff, 0xff, 0xff, 0xff, 0xff, 0xff, 0xff, 0xff, 0xff, 0xff, 0xff, 0xff,
    0xff, 0xff, 0xff, 0xff, 0x5d, 0xef, 0x67, 0x21, 0xc5, 0x10, 0xc4, 0x10,
    0xe5, 0x10, 0xc5, 0x10, 0xcc, 0x52, 0xff, 0xff, 0xff, 0xff, 0xff, 0xff,
    0xff, 0xff, 0xff, 0xff, 0xff, 0xff, 0xff, 0xff, 0xbe, 0xf7, 0xdf, 0xff,
    0xff, 0xff, 0xff, 0xff, 0xff, 0xff, 0xff, 0xff, 0xff, 0xff, 0xff, 0xff,
    0xbe, 0xf7, 0xff, 0xff, 0xff, 0xff, 0xff, 0xff, 0xff, 0xff, 0xff, 0xff,
    0xff, 0xff, 0xff, 0xff, 0xff, 0xff, 0xff, 0xff, 0xff, 0xff, 0xff, 0xff,
    0xff, 0xff, 0xff, 0xff, 0xff, 0xff, 0xff, 0xff, 0xff, 0xff, 0xff, 0xff,
    0xff, 0xff, 0xff, 0xff, 0xff, 0xff, 0xff, 0xff, 0x72, 0x8c, 0xe5, 0x10,
    0xac, 0x4a, 0xff, 0xff, 0xff, 0xff, 0xff, 0xff, 0xff, 0xff, 0xff, 0xff,
    0xff, 0xff, 0xff, 0xff, 0xff, 0xff, 0x18, 0xc6, 0xc5, 0x10, 0xc5, 0x10,
    0xc5, 0x10, 0xc5, 0x10, 0xc5, 0x10, 0xc5, 0x08, 0xe4, 0x10, 0xc5, 0x10,
    0xc5, 0x08, 0xe5, 0x10, 0x8f, 0x6b, 0xdf, 0xff, 0xff, 0xff, 0xff, 0xff,
    0xd4, 0x9c, 0xe5, 0x10, 0xc5, 0x10, 0xc5, 0x10, 0xc5, 0x10, 0xe5, 0x10,
    0xc5, 0x10, 0xe5, 0x10, 0xc4, 0x08, 0xc5, 0x10, 0xe5, 0x10, 0xc4, 0x10,
    0xc5, 0x10, 0xc5, 0x10, 0xc4, 0x08, 0xc4, 0x10, 0xc5, 0x10, 0xc5, 0x10,
    0xc5, 0x10, 0xc5, 0x10, 0xc5, 0x10, 0xc5, 0x10, 0xc4, 0x08, 0xc5, 0x10,
    0xc5, 0x10, 0xc5, 0x10, 0xc5, 0x10, 0xc5, 0x08, 0xc4, 0x10, 0xe5, 0x10,
    0xc5, 0x10, 0xc4, 0x10, 0xc5, 0x10, 0xe5, 0x08, 0xc4, 0x10, 0xc5, 0x10,
    0xe5, 0x10, 0xe5, 0x10, 0xc4, 0x10, 0xc5, 0x10, 0xc5, 0x08, 0xe5, 0x10,
    0xc5, 0x10, 0xc5, 0x10, 0xe4, 0x10, 0x09, 0x32, 0xc5, 0x10, 0xc5, 0x10,
    0xc5, 0x10, 0xe5, 0x10, 0x18, 0xc6, 0xff, 0xff, 0xff, 0xff, 0x9e, 0xf7,
    0x7a, 0xce, 0xff, 0xff, 0xff, 0xff, 0xff, 0xff, 0xff, 0xff, 0xff, 0xff,
    0xff, 0xff, 0xff, 0xff, 0xff, 0xff, 0xff, 0xff, 0xdf, 0xf7, 0xdd, 0xbe,
    0xfc, 0x75, 0x9b, 0x55, 0x9c, 0x55, 0x9b, 0x55, 0x9c, 0x55, 0x9c, 0x55,
    0xbb, 0x5d, 0x7c, 0x9e, 0xbf, 0xf7, 0xff, 0xff, 0xff, 0xff, 0x7e, 0xe7,
    0xfc, 0x75, 0x9c, 0x55, 0x9c, 0x55, 0x9b, 0x55, 0x9b, 0x55, 0xbd, 0xb6,
    0xbd, 0xae, 0xdc, 0x75, 0x9b, 0x55, 0x9b, 0x55, 0x9c, 0x55, 0x9c, 0x55,
    0x9c, 0x55, 0x9c, 0x55, 0x9c, 0x55, 0x9c, 0x55, 0x9c, 0x55, 0x9c, 0x55,
    0x9c, 0x55, 0x9c, 0x55, 0xbb, 0x65, 0xbd, 0xae, 0x7f, 0xe7, 0xdf, 0xff,
    0xff, 0xff, 0xff, 0xff, 0xff, 0xff, 0xff, 0xff, 0xff, 0xff, 0xff, 0xff,
    0xff, 0xff, 0xff, 0xff, 0xff, 0xff, 0xff, 0xff, 0xff, 0xff, 0xdf, 0xf7,
    0x7d, 0x9e, 0x9c, 0x55, 0x9b, 0x55, 0x7b, 0x55, 0x35, 0x3c, 0x67, 0x19,
    0xc5, 0x10, 0xc5, 0x10, 0xc5, 0x10, 0xc4, 0x10, 0xc5, 0x10, 0xe5, 0x10,
    0x30, 0x33, 0x9b, 0x4d, 0x9b, 0x55, 0x0f, 0x2b, 0xc5, 0x10, 0xc5, 0x10,
    0xc4, 0x10, 0xc5, 0x08, 0xc8, 0x29, 0x1c, 0xe7, 0xff, 0xff, 0xfc, 0xde,
    0x87, 0x29, 0xc5, 0x10, 0xc5, 0x10, 0xc5, 0x10, 0xc5, 0x10, 0xc5, 0x10,
    0xe4, 0x10, 0xc5, 0x10, 0xc5, 0x10, 0xe5, 0x10, 0xc5, 0x10, 0xe5, 0x10,
    0xe5, 0x10, 0xe5, 0x10, 0x67, 0x21, 0x2a, 0x42, 0xed, 0x5a, 0x10, 0x7c,
    0x15, 0xa5, 0x39, 0xc6, 0x1c, 0xdf, 0x7d, 0xef, 0xbf, 0xff, 0xff, 0xff,
    0xff, 0xff, 0xff, 0xff, 0xff, 0xff, 0xff, 0xff, 0xff, 0xff, 0xff, 0xff,
    0xff, 0xff, 0xff, 0xff, 0xdf, 0xff, 0xed, 0x5a, 0xc5, 0x10, 0xe5, 0x10,
    0xc4, 0x10, 0xc5, 0x10, 0x46, 0x19, 0x9e, 0xf7, 0xff, 0xff, 0xff, 0xff,
    0xff, 0xff, 0xff, 0xff, 0xff, 0xff, 0xff, 0xff, 0x15, 0x9d, 0x76, 0xad,
    0xff, 0xff, 0xff, 0xff, 0xff, 0xff, 0x7e, 0xf7, 0x59, 0xce, 0x52, 0x84,
    0x6f, 0x6b, 0x7e, 0xf7, 0xff, 0xff, 0xff, 0xff, 0xff, 0xff, 0xff, 0xff,
    0xff, 0xff, 0xff, 0xff, 0xff, 0xff, 0xff, 0xff, 0xff, 0xff, 0xff, 0xff,
    0xff, 0xff, 0xff, 0xff, 0xff, 0xff, 0xff, 0xff, 0xff, 0xff, 0xff, 0xff,
    0xff, 0xff, 0xff, 0xff, 0xff, 0xff, 0xff, 0xff, 0x72, 0x8c, 0xe5, 0x10,
    0xac, 0x4a, 0xdf, 0xff, 0xff, 0xff, 0xff, 0xff, 0xff, 0xff, 0xff, 0xff,
    0xff, 0xff, 0xff, 0xff, 0xff, 0xff, 0x18, 0xc6, 0xc5, 0x10, 0xc5, 0x10,
    0xe5, 0x10, 0xc4, 0x10, 0xc5, 0x10, 0xe5, 0x10, 0xc4, 0x10, 0xc5, 0x10,
    0xc5, 0x10, 0x67, 0x21, 0xbb, 0xd6, 0xff, 0xff, 0xff, 0xff, 0x1c, 0xe7,
    0xc9, 0x31, 0xc5, 0x10, 0xe5, 0x10, 0xc5, 0x10, 0xe4, 0x10, 0xc4, 0x08,
    0xc5, 0x10, 0xc5, 0x10, 0xe5, 0x10, 0xc5, 0x10, 0xc5, 0x10, 0xe5, 0x08,
    0xc5, 0x10, 0xe5, 0x10, 0xe5, 0x10, 0xc5, 0x10, 0xc5, 0x10, 0xc4, 0x10,
    0xc5, 0x10, 0xe4, 0x08, 0xc5, 0x10, 0xc5, 0x10, 0xe5, 0x10, 0xe4, 0x10,
    0xc5, 0x10, 0xc4, 0x10, 0xe5, 0x10, 0xc5, 0x10, 0xc5, 0x10, 0xe4, 0x10,
    0xc5, 0x08, 0xc5, 0x10, 0xe5, 0x10, 0xc4, 0x10, 0xc5, 0x10, 0xc5, 0x10,
    0xc4, 0x10, 0xc4, 0x10, 0xc5, 0x10, 0xc5, 0x10, 0xc4, 0x10, 0xc4, 0x10,
    0xe5, 0x10, 0xc5, 0x08, 0xc5, 0x10, 0xc5, 0x10, 0xc4, 0x10, 0xc5, 0x10,
    0xc5, 0x10, 0xc5, 0x08, 0xd0, 0x73, 0xff, 0xff, 0xff, 0xff, 0x9b, 0xd6,
    0x2e, 0x63, 0xbe, 0xf7, 0xff, 0xff, 0xff, 0xff, 0xff, 0xff, 0xff, 0xff,
    0xff, 0xff, 0xff, 0xff, 0xff, 0xff, 0xff, 0xff, 0xff, 0xff, 0xff, 0xff,
    0xdf, 0xff, 0x5e, 0xd7, 0xdd, 0xb6, 0x7c, 0x9e, 0x7c, 0xa6, 0xfe, 0xc6,
    0xbf, 0xef, 0xff, 0xff, 0xff, 0xff, 0xff, 0xff, 0xff, 0xff, 0xff, 0xff,
    0x9f, 0xef, 0x1c, 0x86, 0x9b, 0x55, 0x9c, 0x55, 0x9c, 0x55, 0xfc, 0x75,
    0xdf, 0xf7, 0xdf, 0xff, 0x3e, 0xcf, 0x7c, 0x9e, 0xdc, 0x6d, 0xbb, 0x55,
    0x9b, 0x55, 0x9c, 0x55, 0x9b, 0x55, 0x9c, 0x55, 0x9c, 0x55, 0x9c, 0x55,
    0x9b, 0x55, 0x9b, 0x55, 0x9c, 0x55, 0x9b, 0x4d, 0xbb, 0x65, 0x1d, 0xcf,
    0xff, 0xff, 0xff, 0xff, 0xff, 0xff, 0xff, 0xff, 0xff, 0xff, 0xff, 0xff,
    0xff, 0xff, 0xff, 0xff, 0xff, 0xff, 0xff, 0xff, 0xbf, 0xef, 0x5c, 0x96,
    0x9b, 0x55, 0x9b, 0x55, 0x3a, 0x4d, 0xef, 0x2a, 0x06, 0x11, 0xe5, 0x10,
    0xc5, 0x10, 0xc5, 0x10, 0xc4, 0x08, 0xe5, 0x10, 0xe5, 0x10, 0xef, 0x2a,
    0x7b, 0x55, 0x9c, 0x55, 0x9c, 0x55, 0x35, 0x3c, 0xe6, 0x10, 0xc5, 0x10,
    0xc5, 0x10, 0xe4, 0x10, 0xe5, 0x10, 0xf8, 0xbd, 0xff, 0xff, 0xbe, 0xff,
    0xac, 0x52, 0xc5, 0x10, 0xc5, 0x10, 0xe4, 0x10, 0xe5, 0x10, 0xc5, 0x08,
    0xc5, 0x10, 0xc5, 0x10, 0xc4, 0x10, 0xc5, 0x10, 0xc5, 0x10, 0xc4, 0x10,
    0xc5, 0x10, 0xc5, 0x10, 0xc4, 0x10, 0xc5, 0x10, 0xc5, 0x10, 0xc5, 0x10,
    0xe5, 0x10, 0xc5, 0x10, 0x26, 0x19, 0xe8, 0x31, 0xab, 0x4a, 0xaf, 0x6b,
    0xb3, 0x94, 0xd7, 0xbd, 0xdb, 0xde, 0x7e, 0xef, 0x9e, 0xf7, 0xdf, 0xff,
    0xff, 0xff, 0xff, 0xff, 0xff, 0xff, 0xd4, 0x94, 0xc5, 0x10, 0xc4, 0x10,
    0xc5, 0x10, 0xc5, 0x08, 0xe5, 0x10, 0xf8, 0xbd, 0xff, 0xff, 0xff, 0xff,
    0xff, 0xff, 0xff, 0xff, 0xbf, 0xff, 0x9e, 0xf7, 0xf0, 0x73, 0x11, 0x7c,
    0xbe, 0xff, 0x7a, 0xce, 0x32, 0x84, 0x29, 0x3a, 0xe5, 0x10, 0xe5, 0x10,
    0x92, 0x8c, 0xff, 0xff, 0xff, 0xff, 0xff, 0xff, 0xff, 0xff, 0xff, 0xff,
    0xff, 0xff, 0xff, 0xff, 0xff, 0xff, 0xff, 0xff, 0xff, 0xff, 0xff, 0xff,
    0xff, 0xff, 0xff, 0xff, 0xff, 0xff, 0xff, 0xff, 0xff, 0xff, 0xff, 0xff,
    0xff, 0xff, 0xff, 0xff, 0xff, 0xff, 0xff, 0xff, 0x73, 0x8c, 0xe5, 0x10,
    0xab, 0x4a, 0xff, 0xff, 0xff, 0xff, 0xff, 0xff, 0xff, 0xff, 0xff, 0xff,
    0xff, 0xff, 0xff, 0xff, 0xff, 0xff, 0x18, 0xc6, 0xc5, 0x10, 0xc5, 0x10,
    0xe5, 0x10, 0xc5, 0x10, 0xe4, 0x10, 0xc5, 0x10, 0xc5, 0x10, 0xc5, 0x10,
    0xe5, 0x10, 0x51, 0x84, 0xff, 0xff, 0xff, 0xff, 0xff, 0xff, 0x31, 0x84,
    0xc5, 0x10, 0xc5, 0x10, 0xc5, 0x10, 0xc4, 0x10, 0xc5, 0x10, 0xc5, 0x10,
    0xc5, 0x10, 0xe4, 0x10, 0xc4, 0x10, 0xc5, 0x10, 0xc5, 0x10, 0xc4, 0x10,
    0xc5, 0x10, 0xc4, 0x10, 0xc5, 0x10, 0xc5, 0x10, 0xe4, 0x08, 0xe5, 0x10,
    0xc5, 0x10, 0xc5, 0x10, 0xe4, 0x10, 0xc5, 0x10, 0xc5, 0x10, 0xc5, 0x10,
    0xc5, 0x10, 0xc5, 0x10, 0xc4, 0x10, 0xe5, 0x10, 0xc4, 0x10, 0xc5, 0x10,
    0xc5, 0x10, 0xe5, 0x10, 0xc4, 0x08, 0xc5, 0x10, 0xc5, 0x10, 0xc5, 0x10,
    0xe5, 0x08, 0xc5, 0x10, 0xc5, 0x10, 0xe5, 0x08, 0xc5, 0x10, 0xc5, 0x10,
    0xc5, 0x10, 0xe4, 0x10, 0xc5, 0x10, 0xc5, 0x10, 0xe5, 0x10, 0xc5, 0x10,
    0xe4, 0x10, 0xc4, 0x10, 0xa8, 0x29, 0x5d, 0xef, 0xff, 0xff, 0xf8, 0xbd,
    0x67, 0x29, 0x9a, 0xd6, 0xff, 0xff, 0xff, 0xff, 0xff, 0xff, 0xff, 0xff,
    0xff, 0xff, 0xff, 0xff, 0xff, 0xff, 0xff, 0xff, 0xff, 0xff, 0xff, 0xff,
    0xff, 0xff, 0xff, 0xff, 0xff, 0xff, 0xff, 0xff, 0xff, 0xff, 0xff, 0xff,
    0xff, 0xff, 0xff, 0xff, 0xff, 0xff, 0xff, 0xff, 0xff, 0xff, 0xff, 0xff,
    0xff, 0xff, 0xdf, 0xff, 0xbd, 0xae, 0xbb, 0x5d, 0x9c, 0x55, 0x9c, 0x55,
    0x9d, 0xa6, 0xff, 0xff, 0xff, 0xff, 0xff, 0xff, 0xdf, 0xff, 0x7e, 0xe7,
    0x1e, 0xc7, 0xdd, 0xb6, 0x7c, 0xa6, 0x5c, 0x96, 0x5d, 0x96, 0x5c, 0x96,
    0x5c, 0x9e, 0x7c, 0xa6, 0xdd, 0xae, 0xfe, 0xc6, 0x9f, 0xe7, 0xff, 0xff,
    0xff, 0xff, 0xff, 0xff, 0xff, 0xff, 0xff, 0xff, 0xff, 0xff, 0xff, 0xff,
    0xff, 0xff, 0xff, 0xff, 0xff, 0xff, 0x7f, 0xe7, 0xfc, 0x7d, 0x9b, 0x55,
    0x7b, 0x55, 0x56, 0x44, 0xc9, 0x19, 0xc5, 0x10, 0xc5, 0x10, 0xc5, 0x10,
    0xc5, 0x10, 0xe5, 0x10, 0xc5, 0x10, 0xe5, 0x10, 0x0f, 0x2b, 0x9b, 0x55,
    0x9c, 0x55, 0x9b, 0x55, 0x9b, 0x55, 0x19, 0x4d, 0x47, 0x19, 0xc5, 0x10,
    0xe5, 0x10, 0xc5, 0x10, 0xe5, 0x10, 0x11, 0x7c, 0xff, 0xff, 0xff, 0xff,
    0x72, 0x8c, 0xe5, 0x10, 0xc5, 0x10, 0xc4, 0x10, 0xc5, 0x10, 0xc4, 0x10,
    0xc5, 0x10, 0xe5, 0x10, 0xc5, 0x10, 0xc5, 0x10, 0xe5, 0x10, 0xe5, 0x10,
    0xc5, 0x10, 0xe5, 0x10, 0xe5, 0x10, 0xc5, 0x10, 0xe5, 0x10, 0xe5, 0x10,
    0xc5, 0x10, 0xc5, 0x10, 0xc5, 0x10, 0xe5, 0x10, 0xc5, 0x10, 0xc5, 0x10,
    0xe5, 0x10, 0xe5, 0x10, 0xe5, 0x10, 0x87, 0x29, 0x6a, 0x42, 0x4e, 0x63,
    0x72, 0x8c, 0x96, 0xad, 0x9a, 0xd6, 0xd8, 0xbd, 0xc5, 0x10, 0xe5, 0x10,
    0xc5, 0x10, 0xc5, 0x10, 0xe4, 0x10, 0x10, 0x7c, 0xff, 0xff, 0xff, 0xff,
    0xff, 0xff, 0x5d, 0xef, 0x6e, 0x63, 0x0a, 0x3a, 0xf8, 0xbd, 0x39, 0xc6,
    0xac, 0x52, 0x06, 0x19, 0xe5, 0x10, 0xc5, 0x10, 0xc5, 0x10, 0xc5, 0x10,
    0x09, 0x3a, 0xb7, 0xb5, 0xff, 0xff, 0xff, 0xff, 0xff, 0xff, 0xff, 0xff,
    0xff, 0xff, 0xff, 0xff, 0xff, 0xff, 0xff, 0xff, 0xff, 0xff, 0xff, 0xff,
    0xff, 0xff, 0xff, 0xff, 0xff, 0xff, 0xff, 0xff, 0xff, 0xff, 0xff, 0xff,
    0xff, 0xff, 0xff, 0xff, 0xff, 0xff, 0xff, 0xff, 0x72, 0x8c, 0xe5, 0x10,
    0xac, 0x52, 0xff, 0xff, 0xff, 0xff, 0xff, 0xff, 0xff, 0xff, 0xff, 0xff,
    0xff, 0xff, 0xff, 0xff, 0xff, 0xff, 0x18, 0xc6, 0xc5, 0x10, 0xc5, 0x10,
    0xc5, 0x10, 0xc5, 0x10, 0xc5, 0x10, 0xc4, 0x08, 0xc5, 0x10, 0xc4, 0x10,
    0xe9, 0x31, 0x5d, 0xef, 0xff, 0xff, 0xff, 0xff, 0xba, 0xd6, 0x87, 0x29,
    0xc5, 0x10, 0xe5, 0x10, 0xc4, 0x10, 0xc5, 0x08, 0xe5, 0x10, 0xc5, 0x10,
    0xc5, 0x10, 0xc5, 0x10, 0xc5, 0x08, 0xc5, 0x10, 0xe4, 0x10, 0xc5, 0x10,
    0xc5, 0x10, 0xe5, 0x08, 0xc4, 0x10, 0xc5, 0x10, 0xc5, 0x10, 0xc5, 0x10,
    0xc5, 0x10, 0xe4, 0x10, 0xc5, 0x10, 0xc5, 0x08, 0xc4, 0x10, 0xc5, 0x10,
    0xc5, 0x10, 0xc5, 0x10, 0xe5, 0x10, 0xc5, 0x08, 0xc5, 0x10, 0xc5, 0x10,
    0xc5, 0x10, 0xc4, 0x10, 0xc5, 0x10, 0xc5, 0x10, 0xe4, 0x10, 0xe4, 0x10,
    0xc5, 0x10, 0xc5, 0x10, 0xe5, 0x10, 0xc5, 0x10, 0xe4, 0x10, 0xc5, 0x10,
    0xc5, 0x08, 0xc5, 0x10, 0xc4, 0x10, 0xe5, 0x10, 0xc5, 0x08, 0xc4, 0x10,
    0xc5, 0x10, 0xe5, 0x10, 0xe5, 0x10, 0x14, 0x9d, 0xff, 0xff, 0x56, 0xa5,
    0xc5, 0x10, 0xf0, 0x7b, 0xff, 0xff, 0xff, 0xff, 0xff, 0xff, 0xff, 0xff,
    0xff, 0xff, 0xff, 0xff, 0xff, 0xff, 0xff, 0xff, 0xff, 0xff, 0xff, 0xff,
    0xff, 0xff, 0xff, 0xff, 0xff, 0xff, 0xff, 0xff, 0xff, 0xff, 0xff, 0xff,
    0xff, 0xff, 0xff, 0xff, 0xff, 0xff, 0xff, 0xff, 0xff, 0xff, 0xff, 0xff,
    0xff, 0xff, 0xff, 0xff, 0xff, 0xff, 0x9f, 0xe7, 0x5c, 0x96, 0x9b, 0x5d,
    0x9b, 0x5d, 0x1e, 0xcf, 0xff, 0xff, 0xff, 0xff, 0xff, 0xff, 0xff, 0xff,
    0xff, 0xff, 0xff, 0xff, 0xff, 0xff, 0xff, 0xff, 0xff, 0xff, 0xff, 0xff,
    0xff, 0xff, 0xff, 0xff, 0xff, 0xff, 0xff, 0xff, 0xff, 0xff, 0xff, 0xff,
    0xff, 0xff, 0xff, 0xff, 0xff, 0xff, 0xff, 0xff, 0xff, 0xff, 0xff, 0xff,
    0xff, 0xff, 0xdf, 0xff, 0xfd, 0xbe, 0xbc, 0x5d, 0x9b, 0x55, 0x3a, 0x4d,
    0xcf, 0x2a, 0x05, 0x11, 0xc5, 0x10, 0xc5, 0x10, 0xc5, 0x10, 0xc4, 0x10,
    0xc4, 0x10, 0xc5, 0x10, 0xe5, 0x10, 0x51, 0x33, 0x9b, 0x55, 0x9b, 0x55,
    0x9c, 0x55, 0x9c, 0x55, 0x9b, 0x55, 0x9c, 0x55, 0x4c, 0x22, 0xc5, 0x10,
    0xc4, 0x10, 0xc5, 0x10, 0xc5, 0x10, 0x8b, 0x42, 0x9e, 0xf7, 0xff, 0xff,
    0x39, 0xc6, 0x05, 0x19, 0xc5, 0x10, 0xc5, 0x10, 0xc5, 0x10, 0xc5, 0x10,
    0xe4, 0x10, 0xc5, 0x10, 0x05, 0x11, 0xc8, 0x31, 0x6b, 0x42, 0x8b, 0x4a,
    0xac, 0x52, 0xac, 0x52, 0xac, 0x4a, 0xab, 0x4a, 0xab, 0x4a, 0x8b, 0x4a,
    0x4a, 0x42, 0x88, 0x29, 0xe5, 0x18, 0xc5, 0x10, 0xc5, 0x10, 0xc5, 0x10,
    0xc5, 0x10, 0xc5, 0x10, 0xc5, 0x10, 0xc5, 0x10, 0xe5, 0x10, 0xc4, 0x10,
    0xc5, 0x10, 0xe5, 0x10, 0xe5, 0x10, 0x26, 0x19, 0xc5, 0x10, 0xc4, 0x10,
    0xe5, 0x10, 0xc5, 0x10, 0xe5, 0x10, 0x2a, 0x3a, 0xdf, 0xff, 0xff, 0xff,
    0xff, 0xff, 0xdf, 0xff, 0xbb, 0xd6, 0x96, 0xb5, 0xd4, 0x9c, 0x55, 0xa5,
    0xf4, 0x9c, 0x6b, 0x4a, 0x26, 0x19, 0xe5, 0x10, 0xc5, 0x10, 0xe5, 0x10,
    0x2e, 0x63, 0x9a, 0xd6, 0xff, 0xff, 0xff, 0xff, 0xff, 0xff, 0xff, 0xff,
    0xff, 0xff, 0xff, 0xff, 0xff, 0xff, 0xff, 0xff, 0xff, 0xff, 0xff, 0xff,
    0xff, 0xff, 0xff, 0xff, 0xff, 0xff, 0xff, 0xff, 0xff, 0xff, 0xff, 0xff,
    0xff, 0xff, 0xff, 0xff, 0xff, 0xff, 0xff, 0xff, 0x72, 0x8c, 0xe5, 0x10,
    0xac, 0x4a, 0xdf, 0xff, 0xff, 0xff, 0xff, 0xff, 0xff, 0xff, 0xff, 0xff,
    0xff, 0xff, 0xff, 0xff, 0xff, 0xff, 0x18, 0xc6, 0xc5, 0x10, 0xc5, 0x10,
    0xe4, 0x10, 0xc4, 0x10, 0xc5, 0x10, 0xe5, 0x10, 0xc5, 0x10, 0xe5, 0x10,
    0x56, 0xad, 0xff, 0xff, 0xff, 0xff, 0xff, 0xff, 0x4e, 0x63, 0xc5, 0x10,
    0xc5, 0x10, 0xc4, 0x10, 0xe5, 0x10, 0xc5, 0x10, 0xc5, 0x10, 0xe5, 0x10,
    0xc4, 0x10, 0xe5, 0x10, 0xc5, 0x10, 0xc4, 0x10, 0xe5, 0x08, 0xc5, 0x10,
    0xe5, 0x10, 0xc4, 0x10, 0xc5, 0x10, 0xc5, 0x10, 0xe5, 0x10, 0xc4, 0x10,
    0xc5, 0x08, 0xc5, 0x10, 0xc5, 0x10, 0xc5, 0x10, 0xe5, 0x10, 0xe4, 0x10,
    0xc5, 0x10, 0xc4, 0x10, 0xc5, 0x10, 0xc5, 0x10, 0xc4, 0x10, 0xe5, 0x10,
    0xc4, 0x08, 0xe5, 0x10, 0xe5, 0x10, 0xc5, 0x10, 0xc5, 0x10, 0xc5, 0x08,
    0xc5, 0x10, 0xe5, 0x10, 0xc4, 0x10, 0xc4, 0x10, 0xc5, 0x10, 0xe5, 0x10,
    0xc5, 0x10, 0xc4, 0x10, 0xe5, 0x10, 0xc5, 0x10, 0xc4, 0x10, 0xc5, 0x10,
    0xc5, 0x08, 0xc5, 0x10, 0xe5, 0x10, 0x2a, 0x3a, 0x9e, 0xf7, 0xd3, 0x94,
    0xc5, 0x10, 0xa8, 0x29, 0x1c, 0xe7, 0xff, 0xff, 0xff, 0xff, 0xff, 0xff,
    0xff, 0xff, 0xff, 0xff, 0xff, 0xff, 0xff, 0xff, 0xff, 0xff, 0xff, 0xff,
    0xff, 0xff, 0xff, 0xff, 0xff, 0xff, 0xff, 0xff, 0xff, 0xff, 0xff, 0xff,
    0xff, 0xff, 0xff, 0xff, 0xff, 0xff, 0xff, 0xff, 0xff, 0xff, 0xff, 0xff,
    0xff, 0xff, 0xff, 0xff, 0xff, 0xff, 0xff, 0xff, 0xff, 0xff, 0x7e, 0xe7,
    0x7d, 0x9e, 0xdc, 0x75, 0x7e, 0xe7, 0xff, 0xff, 0xff, 0xff, 0xff, 0xff,
    0xff, 0xff, 0xff, 0xff, 0xff, 0xff, 0xff, 0xff, 0xff, 0xff, 0xff, 0xff,
    0xff, 0xff, 0xff, 0xff, 0xff, 0xff, 0xff, 0xff, 0xff, 0xff, 0xff, 0xff,
    0xff, 0xff, 0xff, 0xff, 0xff, 0xff, 0xff, 0xff, 0xff, 0xff, 0xff, 0xff,
    0x5e, 0xdf, 0x1c, 0x86, 0x9b, 0x55, 0x7b, 0x55, 0x14, 0x3c, 0x88, 0x19,
    0xc5, 0x10, 0xe5, 0x10, 0xc4, 0x10, 0xc5, 0x10, 0xe5, 0x10, 0xc5, 0x10,
    0xc5, 0x10, 0x26, 0x11, 0xf4, 0x3b, 0x9b, 0x55, 0x9b, 0x55, 0x9c, 0x55,
    0x9c, 0x55, 0x9b, 0x55, 0x9c, 0x55, 0x9c, 0x55, 0x71, 0x33, 0xc5, 0x10,
    0xc5, 0x10, 0xe4, 0x10, 0xc5, 0x10, 0x67, 0x21, 0xdb, 0xde, 0xff, 0xff,
    0x3d, 0xe7, 0xe9, 0x31, 0xc5, 0x10, 0xc4, 0x10, 0xe5, 0x10, 0xc5, 0x10,
    0xc5, 0x10, 0x87, 0x29, 0x97, 0xad, 0xdf, 0xff, 0xff, 0xff, 0xff, 0xff,
    0xff, 0xff, 0xff, 0xff, 0xff, 0xff, 0xff, 0xff, 0xff, 0xff, 0xff, 0xff,
    0xff, 0xff, 0xbe, 0xf7, 0x76, 0xad, 0x09, 0x3a, 0xe5, 0x10, 0xc5, 0x10,
    0xc4, 0x10, 0xc4, 0x10, 0xe5, 0x10, 0xc5, 0x10, 0xc5, 0x10, 0xe5, 0x10,
    0xc5, 0x08, 0xc5, 0x10, 0xc5, 0x10, 0xc5, 0x10, 0xc5, 0x10, 0xc4, 0x10,
    0xc5, 0x08, 0xc4, 0x10, 0xc5, 0x10, 0xe5, 0x10, 0x1c, 0xe7, 0xff, 0xff,
    0xff, 0xff, 0xff, 0xff, 0xff, 0xff, 0xdf, 0xff, 0x6b, 0x42, 0x8b, 0x4a,
    0x9e, 0xf7, 0xdf, 0xff, 0xbb, 0xd6, 0x72, 0x8c, 0x4a, 0x42, 0x06, 0x19,
    0xf0, 0x73, 0xff, 0xff, 0xff, 0xff, 0xff, 0xff, 0xff, 0xff, 0xff, 0xff,
    0xff, 0xff, 0xdf, 0xff, 0xff, 0xff, 0xff, 0xff, 0xff, 0xff, 0xff, 0xff,
    0xff, 0xff, 0xff, 0xff, 0xdf, 0xff, 0xff, 0xff, 0xff, 0xff, 0xff, 0xff,
    0xff, 0xff, 0xff, 0xff, 0xff, 0xff, 0xff, 0xff, 0x72, 0x8c, 0xe5, 0x10,
    0xac, 0x4a, 0xff, 0xff, 0xff, 0xff, 0xff, 0xff, 0xff, 0xff, 0xff, 0xff,
    0xff, 0xff, 0xff, 0xff, 0xff, 0xff, 0x18, 0xc6, 0xc5, 0x10, 0xc5, 0x10,
    0xe5, 0x10, 0xc5, 0x10, 0xe5, 0x10, 0xc5, 0x10, 0xc5, 0x10, 0xac, 0x4a,
    0xbe, 0xf7, 0xff, 0xff, 0xff, 0xff, 0xd8, 0xbd, 0x26, 0x19, 0xc5, 0x10,
    0xc5, 0x10, 0xc5, 0x10, 0xc5, 0x10, 0xc5, 0x10, 0xe4, 0x10, 0xc4, 0x08,
    0xc5, 0x10, 0xc4, 0x10, 0xe5, 0x10, 0xc5, 0x10, 0xc5, 0x10, 0xc5, 0x10,
    0xc4, 0x10, 0xc5, 0x10, 0xc5, 0x10, 0xe5, 0x10, 0xc4, 0x08, 0xc5, 0x10,
    0xe5, 0x10, 0xc5, 0x10, 0xc4, 0x10, 0xe5, 0x10, 0xc4, 0x10, 0xc5, 0x10,
    0xc5, 0x10, 0xc5, 0x10, 0xe4, 0x10, 0xc5, 0x10, 0xc4, 0x10, 0xe5, 0x10,
    0xc5, 0x10, 0xc5, 0x10, 0xc5, 0x08, 0xc4, 0x10, 0xe5, 0x10, 0xc5, 0x10,
    0xc4, 0x10, 0xc5, 0x10, 0xc5, 0x10, 0xc5, 0x08, 0xc5, 0x10, 0xc5, 0x10,
    0xe4, 0x10, 0xc5, 0x10, 0xc5, 0x10, 0xc5, 0x08, 0xc5, 0x10, 0xe5, 0x10,
    0xe5, 0x10, 0xc5, 0x10, 0xc4, 0x10, 0xc5, 0x10, 0x56, 0xa5, 0x51, 0x84,
    0xe5, 0x10, 0xc5, 0x10, 0x92, 0x8c, 0xff, 0xff, 0xff, 0xff, 0xff, 0xff,
    0xff, 0xff, 0xff, 0xff, 0xff, 0xff, 0xff, 0xff, 0xff, 0xff, 0xff, 0xff,
    0xff, 0xff, 0xff, 0xff, 0xff, 0xff, 0xff, 0xff, 0xff, 0xff, 0xff, 0xff,
    0xff, 0xff, 0xff, 0xff, 0xff, 0xff, 0xff, 0xff, 0xff, 0xff, 0xff, 0xff,
    0xff, 0xff, 0xff, 0xff, 0xff, 0xff, 0xff, 0xff, 0xff, 0xff, 0xff, 0xff,
    0xff, 0xff, 0xdf, 0xf7, 0xbf, 0xf7, 0xff, 0xff, 0xff, 0xff, 0xff, 0xff,
    0xff, 0xff, 0xff, 0xff, 0xff, 0xff, 0xff, 0xff, 0xff, 0xff, 0xff, 0xff,
    0xff, 0xff, 0xff, 0xff, 0xff, 0xff, 0xff, 0xff, 0xff, 0xff, 0xff, 0xff,
    0xff, 0xff, 0xff, 0xff, 0xff, 0xff, 0xff, 0xff, 0x7f, 0xe7, 0x5c, 0x96,
    0x9b, 0x55, 0x9c, 0x55, 0xf9, 0x4c, 0x8d, 0x22, 0xe5, 0x10, 0xc5, 0x10,
    0xc5, 0x10, 0xc5, 0x10, 0xe5, 0x10, 0xc5, 0x10, 0xc5, 0x08, 0xe5, 0x10,
    0xea, 0x21, 0xd8, 0x44, 0x7b, 0x55, 0x9c, 0x55, 0x9c, 0x55, 0x9c, 0x55,
    0x9c, 0x55, 0x9c, 0x55, 0x9b, 0x55, 0x9c, 0x55, 0x97, 0x44, 0x26, 0x11,
    0xc5, 0x10, 0xc5, 0x10, 0xc5, 0x10, 0xe5, 0x10, 0x76, 0xad, 0xff, 0xff,
    0xdf, 0xff, 0x4e, 0x63, 0xc5, 0x10, 0xc5, 0x10, 0xe5, 0x10, 0xc4, 0x10,
    0x26, 0x19, 0x59, 0xce, 0xff, 0xff, 0xff, 0xff, 0xff, 0xff, 0xff, 0xff,
    0xff, 0xff, 0xff, 0xff, 0xff, 0xff, 0xff, 0xff, 0xff, 0xff, 0xff, 0xff,
    0xff, 0xff, 0xff, 0xff, 0xff, 0xff, 0x7e, 0xf7, 0x2e, 0x63, 0xe5, 0x10,
    0xc5, 0x10, 0xc5, 0x10, 0xc4, 0x10, 0xe5, 0x08, 0xc5, 0x10, 0xc5, 0x10,
    0xc5, 0x10, 0xc5, 0x10, 0xe5, 0x08, 0xc4, 0x10, 0xe5, 0x10, 0xe5, 0x10,
    0xc5, 0x10, 0xc5, 0x10, 0xc4, 0x10, 0xe5, 0x10, 0x55, 0xa5, 0xff, 0xff,
    0xff, 0xff, 0xff, 0xff, 0xff, 0xff, 0xff, 0xff, 0x15, 0x9d, 0xb3, 0x94,
    0xff, 0xff, 0xff, 0xff, 0xff, 0xff, 0xff, 0xff, 0xff, 0xff, 0xdb, 0xde,
    0x56, 0xad, 0x9e, 0xf7, 0xff, 0xff, 0xff, 0xff, 0xff, 0xff, 0xff, 0xff,
    0x5d, 0xef, 0x6e, 0x63, 0xff, 0xff, 0xff, 0xff, 0xff, 0xff, 0xff, 0xff,
    0x9e, 0xf7, 0x97, 0xb5, 0x6e, 0x6b, 0xb7, 0xb5, 0xff, 0xff, 0xff, 0xff,
    0xff, 0xff, 0xff, 0xff, 0xff, 0xff, 0xff, 0xff, 0x72, 0x8c, 0xe5, 0x10,
    0xac, 0x52, 0xff, 0xff, 0xff, 0xff, 0xff, 0xff, 0xff, 0xff, 0xff, 0xff,
    0xff, 0xff, 0xff, 0xff, 0xff, 0xff, 0x19, 0xc6, 0xe5, 0x10, 0xc5, 0x10,
    0xc5, 0x10, 0xc5, 0x10, 0xc5, 0x10, 0xc4, 0x10, 0x26, 0x19, 0x7a, 0xce,
    0xff, 0xff, 0xff, 0xff, 0x9e, 0xf7, 0x6b, 0x42, 0xe5, 0x10, 0xc4, 0x10,
    0xc5, 0x10, 0xe5, 0x10, 0xc4, 0x08, 0xc5, 0x10, 0xc5, 0x10, 0xc5, 0x10,
    0xc5, 0x10, 0xe5, 0x08, 0xc5, 0x10, 0xc5, 0x10, 0xe4, 0x10, 0xc5, 0x10,
    0xc5, 0x10, 0xe5, 0x08, 0xc5, 0x10, 0xc4, 0x10, 0xe5, 0x10, 0xc5, 0x10,
    0xc5, 0x10, 0xe4, 0x08, 0xc5, 0x10, 0xc5, 0x10, 0xc5, 0x08, 0xc5, 0x10,
    0xc5, 0x10, 0xc5, 0x10, 0xc5, 0x10, 0xe5, 0x08, 0xc5, 0x10, 0xc5, 0x10,
    0xc5, 0x10, 0xc4, 0x10, 0xc5, 0x10, 0xc5, 0x10, 0xc4, 0x10, 0xc5, 0x10,
    0xc5, 0x10, 0xe4, 0x08, 0xc5, 0x10, 0xc5, 0x10, 0xe5, 0x10, 0xc4, 0x10,
    0xc5, 0x08, 0xe5, 0x10, 0xc5, 0x10, 0xe4, 0x10, 0xc4, 0x10, 0xc5, 0x10,
    0xc4, 0x10, 0xc4, 0x10, 0xc5, 0x10, 0xe5, 0x08, 0x4a, 0x42, 0x0d, 0x5b,
    0xe5, 0x10, 0xc5, 0x10, 0xa8, 0x29, 0x1c, 0xe7, 0xff, 0xff, 0xff, 0xff,
    0xff, 0xff, 0xff, 0xff, 0xff, 0xff, 0xff, 0xff, 0xff, 0xff, 0xff, 0xff,
    0xff, 0xff, 0xff, 0xff, 0xff, 0xff, 0xff, 0xff, 0xff, 0xff, 0xff, 0xff,
    0xff, 0xff, 0xff, 0xff, 0xff, 0xff, 0xff, 0xff, 0xff, 0xff, 0xff, 0xff,
    0xff, 0xff, 0xff, 0xff, 0xff, 0xff, 0xff, 0xff, 0xff, 0xff, 0xff, 0xff,
    0xff, 0xff, 0xff, 0xff, 0xff, 0xff, 0xff, 0xff, 0xff, 0xff, 0xff, 0xff,
    0xff, 0xff, 0xff, 0xff, 0xff, 0xff, 0xff, 0xff, 0xff, 0xff, 0xff, 0xff,
    0xff, 0xff, 0xff, 0xff, 0xff, 0xff, 0xff, 0xff, 0xff, 0xff, 0xff, 0xff,
    0xff, 0xff, 0xff, 0xff, 0x3e, 0xd7, 0x3c, 0x8e, 0x9b, 0x55, 0x9b, 0x55,
    0x7b, 0x55, 0x92, 0x33, 0x47, 0x11, 0xc5, 0x10, 0xc4, 0x10, 0xe5, 0x10,
    0xc5, 0x10, 0xc4, 0x08, 0xc5, 0x10, 0xc5, 0x10, 0x05, 0x11, 0x71, 0x33,
    0x5a, 0x4d, 0x19, 0x4d, 0x76, 0x44, 0x3a, 0x4d, 0x9c, 0x55, 0x9c, 0x55,
    0x9b, 0x55, 0xbc, 0x55, 0x9c, 0x55, 0x9b, 0x55, 0x5b, 0x4d, 0x88, 0x19,
    0xc5, 0x10, 0xc5, 0x10, 0xe5, 0x10, 0xe5, 0x10, 0x8f, 0x6b, 0xff, 0xff,
    0xff, 0xff, 0x15, 0x9d, 0xe5, 0x10, 0xc4, 0x10, 0xc5, 0x10, 0xe5, 0x10,
    0x6b, 0x4a, 0xff, 0xff, 0xff, 0xff, 0xff, 0xff, 0xff, 0xff, 0xff, 0xff,
    0xff, 0xff, 0xff, 0xff, 0xff, 0xff, 0xff, 0xff, 0xff, 0xff, 0xff, 0xff,
    0xff, 0xff, 0xff, 0xff, 0xff, 0xff, 0xff, 0xff, 0x9e, 0xf7, 0xcc, 0x52,
    0xe5, 0x10, 0xc5, 0x10, 0xc5, 0x10, 0xc5, 0x10, 0xc4, 0x10, 0xc4, 0x10,
    0xc5, 0x10, 0xe4, 0x10, 0xc4, 0x10, 0xc5, 0x10, 0xc4, 0x10, 0xc5, 0x10,
    0xc5, 0x10, 0xe5, 0x10, 0xe5, 0x08, 0xc5, 0x10, 0x4e, 0x63, 0xff, 0xff,
    0xff, 0xff, 0xff, 0xff, 0xff, 0xff, 0xff, 0xff, 0xbe, 0xf7, 0xbf, 0xff,
    0xff, 0xff, 0xff, 0xff, 0xff, 0xff, 0xff, 0xff, 0xff, 0xff, 0xff, 0xff,
    0xff, 0xff, 0xff, 0xff, 0xff, 0xff, 0xff, 0xff, 0xff, 0xff, 0xff, 0xff,
    0xdb, 0xde, 0x06, 0x19, 0x1c, 0xe7, 0x9e, 0xf7, 0x97, 0xb5, 0x0d, 0x5b,
    0x26, 0x19, 0xe5, 0x10, 0xe9, 0x31, 0x7e, 0xef, 0xff, 0xff, 0xff, 0xff,
    0xff, 0xff, 0xff, 0xff, 0xff, 0xff, 0xff, 0xff, 0x72, 0x8c, 0xe5, 0x10,
    0xac, 0x4a, 0xdf, 0xff, 0xff, 0xff, 0xff, 0xff, 0xff, 0xff, 0xff, 0xff,
    0xff, 0xff, 0xff, 0xff, 0xff, 0xff, 0x39, 0xc6, 0xe5, 0x10, 0xc5, 0x10,
    0xc4, 0x10, 0xc4, 0x10, 0xc5, 0x10, 0xe5, 0x10, 0x10, 0x7c, 0xdf, 0xff,
    0xff, 0xff, 0xff, 0xff, 0xf4, 0x9c, 0xe5, 0x10, 0xc5, 0x10, 0xc5, 0x10,
    0xe4, 0x10, 0xc5, 0x10, 0xe5, 0x10, 0xc4, 0x10, 0xc5, 0x10, 0xe5, 0x10,
    0xc5, 0x10, 0xc5, 0x10, 0xc5, 0x10, 0xc4, 0x10, 0xc5, 0x08, 0xc5, 0x10,
    0xe5, 0x10, 0xc4, 0x10, 0xc5, 0x10, 0xe4, 0x10, 0xc5, 0x10, 0xc5, 0x10,
    0xc4, 0x10, 0xc5, 0x10, 0xc5, 0x10, 0xc5, 0x10, 0xe4, 0x10, 0xc5, 0x10,
    0xc5, 0x10, 0xc4, 0x10, 0xe5, 0x10, 0xc5, 0x10, 0xc4, 0x10, 0xc5, 0x10,
    0xe4, 0x08, 0xc5, 0x10, 0xe5, 0x10, 0xc4, 0x10, 0xe5, 0x08, 0xc5, 0x10,
    0xc5, 0x10, 0xe5, 0x10, 0xc4, 0x10, 0xc5, 0x10, 0xe5, 0x10, 0xc4, 0x10,
    0xc5, 0x10, 0xc5, 0x10, 0xc5, 0x10, 0xc5, 0x10, 0xe5, 0x10, 0xc5, 0x10,
    0xc5, 0x08, 0xc5, 0x10, 0xe5, 0x10, 0xc5, 0x10, 0xc5, 0x10, 0xc4, 0x10,
    0xc5, 0x10, 0xe4, 0x10, 0xe5, 0x10, 0x6e, 0x63, 0xdf, 0xff, 0xff, 0xff,
    0xff, 0xff, 0xff, 0xff, 0xff, 0xff, 0xff, 0xff, 0xff, 0xff, 0xff, 0xff,
    0xff, 0xff, 0xff, 0xff, 0xff, 0xff, 0xff, 0xff, 0xff, 0xff, 0xff, 0xff,
    0xff, 0xff, 0xff, 0xff, 0xff, 0xff, 0xff, 0xff, 0xff, 0xff, 0xff, 0xff,
    0xff, 0xff, 0xff, 0xff, 0xff, 0xff, 0xff, 0xff, 0xff, 0xff, 0xff, 0xff,
    0xff, 0xff, 0xff, 0xff, 0xff, 0xff, 0xff, 0xff, 0xff, 0xff, 0xff, 0xff,
    0xff, 0xff, 0xff, 0xff, 0xff, 0xff, 0xff, 0xff, 0xff, 0xff, 0xff, 0xff,
    0xff, 0xff, 0xff, 0xff, 0xff, 0xff, 0xff, 0xff, 0xdf, 0xf7, 0x3e, 0xd7,
    0x7c, 0x9e, 0xbb, 0x6d, 0x9c, 0x55, 0x9c, 0x55, 0x9b, 0x55, 0x76, 0x44,
    0xea, 0x21, 0xc5, 0x10, 0xc5, 0x10, 0xc4, 0x10, 0xc5, 0x10, 0xc5, 0x10,
    0xe5, 0x10, 0xc4, 0x10, 0xc5, 0x10, 0xc4, 0x10, 0xe5, 0x10, 0x47, 0x11,
    0x06, 0x11, 0xc5, 0x10, 0x88, 0x19, 0x3a, 0x4d, 0x9c, 0x55, 0x9c, 0x55,
    0xbc, 0x55, 0x9b, 0x55, 0x9c, 0x55, 0x9b, 0x55, 0x9b, 0x55, 0xae, 0x2a,
    0xe5, 0x10, 0xc5, 0x10, 0xc4, 0x10, 0xc5, 0x10, 0x09, 0x3a, 0x7d, 0xef,
    0xff, 0xff, 0xbb, 0xd6, 0x26, 0x19, 0xc5, 0x10, 0xc5, 0x10, 0xe5, 0x10,
    0xec, 0x52, 0xff, 0xff, 0xff, 0xff, 0xff, 0xff, 0xff, 0xff, 0xff, 0xff,
    0xff, 0xff, 0x9e, 0xf7, 0x9e, 0xf7, 0x7e, 0xf7, 0x9e, 0xf7, 0xbf, 0xf7,
    0xff, 0xff, 0xff, 0xff, 0xff, 0xff, 0xff, 0xff, 0xff, 0xff, 0x9a, 0xce,
    0x47, 0x21, 0xc5, 0x10, 0xe5, 0x10, 0xc5, 0x10, 0xc5, 0x10, 0xe5, 0x08,
    0xe5, 0x10, 0xc5, 0x10, 0xc5, 0x10, 0xc5, 0x10, 0xc5, 0x10, 0xc5, 0x08,
    0xc4, 0x10, 0xc4, 0x10, 0xc5, 0x10, 0xe5, 0x10, 0xa8, 0x29, 0x9e, 0xf7,
    0xff, 0xff, 0xff, 0xff, 0xff, 0xff, 0xff, 0xff, 0xff, 0xff, 0xff, 0xff,
    0xff, 0xff, 0xff, 0xff, 0xff, 0xff, 0xff, 0xff, 0xff, 0xff, 0xff, 0xff,
    0xff, 0xff, 0xff, 0xff, 0xff, 0xff, 0xdf, 0xff, 0xf4, 0x9c, 0xe9, 0x39,
    0xd0, 0x73, 0xdb, 0xde, 0x31, 0x84, 0x46, 0x21, 0xe5, 0x10, 0xc5, 0x10,
    0xc5, 0x10, 0xc5, 0x10, 0x26, 0x19, 0x72, 0x8c, 0xdf, 0xff, 0xff, 0xff,
    0xff, 0xff, 0xff, 0xff, 0xff, 0xff, 0xff, 0xff, 0x73, 0x8c, 0xe5, 0x10,
    0xab, 0x4a, 0xff, 0xff, 0xff, 0xff, 0xff, 0xff, 0xff, 0xff, 0xff, 0xff,
    0xff, 0xff, 0xff, 0xff, 0xff, 0xff, 0x19, 0xc6, 0xc5, 0x10, 0xc4, 0x10,
    0xc5, 0x10, 0xe5, 0x10, 0xe5, 0x10, 0xa8, 0x29, 0x5d, 0xef, 0xff, 0xff,
    0xff, 0xff, 0xfc, 0xe6, 0x87, 0x29, 0xc5, 0x10, 0xc5, 0x10, 0xe5, 0x10,
    0xc5, 0x10, 0xc4, 0x10, 0xc5, 0x10, 0xc5, 0x10, 0xe5, 0x08, 0xc4, 0x10,
    0xc5, 0x10, 0xc4, 0x10, 0xe4, 0x10, 0xc5, 0x10, 0xe5, 0x10, 0xc5, 0x10,
    0xc4, 0x10, 0xc5, 0x08, 0xc5, 0x10, 0xc5, 0x10, 0xc5, 0x08, 0xc5, 0x10,
    0xe4, 0x10, 0xc5, 0x10, 0xc5, 0x10, 0xe5, 0x10, 0xc4, 0x10, 0xe5, 0x10,
    0xc5, 0x10, 0xc5, 0x10, 0xc4, 0x10, 0xc5, 0x10, 0xc5, 0x10, 0xe5, 0x10,
    0xc5, 0x10, 0xc5, 0x10, 0xc5, 0x10, 0xe5, 0x10, 0xc5, 0x10, 0xe5, 0x10,
    0xc4, 0x10, 0xc5, 0x10, 0xc5, 0x10, 0xe4, 0x10, 0xc5, 0x08, 0xc5, 0x10,
    0xc5, 0x10, 0xe4, 0x10, 0xc5, 0x08, 0xc5, 0x10, 0xc5, 0x10, 0xc5, 0x10,
    0xe4, 0x10, 0xe5, 0x10, 0xc5, 0x10, 0xc4, 0x10, 0xe5, 0x10, 0xc5, 0x10,
    0xc5, 0x08, 0xc5, 0x10, 0xc4, 0x10, 0x06, 0x11, 0x76, 0xad, 0xff, 0xff,
    0xff, 0xff, 0xff, 0xff, 0xff, 0xff, 0xff, 0xff, 0xbf, 0xf7, 0xff, 0xff,
    0xff, 0xff, 0xff, 0xff, 0xff, 0xff, 0xff, 0xff, 0xff, 0xff, 0xff, 0xff,
    0xff, 0xff, 0xff, 0xff, 0xff, 0xff, 0xff, 0xff, 0xff, 0xff, 0xff, 0xff,
    0xff, 0xff, 0xff, 0xff, 0xff, 0xff, 0xff, 0xff, 0xff, 0xff, 0xff, 0xff,
    0xff, 0xff, 0xff, 0xff, 0xff, 0xff, 0xff, 0xff, 0xff, 0xff, 0xff, 0xff,
    0xff, 0xff, 0xff, 0xff, 0xff, 0xff, 0xff, 0xff, 0xff, 0xff, 0xff, 0xff,
    0xff, 0xff, 0xff, 0xff, 0xff, 0xff, 0xff, 0xff, 0xfd, 0xc6, 0x1c, 0x86,
    0xbb, 0x65, 0x9b, 0x55, 0x7b, 0x55, 0x3a, 0x4d, 0xef, 0x2a, 0x06, 0x11,
    0xc5, 0x10, 0xc5, 0x10, 0xc5, 0x10, 0xe5, 0x10, 0xc5, 0x10, 0xc5, 0x10,
    0xc5, 0x10, 0xe5, 0x10, 0xc5, 0x10, 0xe5, 0x10, 0xe4, 0x10, 0xc5, 0x10,
    0xe5, 0x10, 0x67, 0x19, 0xd8, 0x4c, 0x9c, 0x55, 0x9b, 0x55, 0x9c, 0x55,
    0xbb, 0x55, 0x9c, 0x55, 0x9c, 0x55, 0x9b, 0x55, 0x9c, 0x55, 0xf4, 0x3b,
    0xe5, 0x10, 0xc5, 0x10, 0xc5, 0x10, 0xc4, 0x10, 0x26, 0x19, 0x7a, 0xce,
    0xff, 0xff, 0x9e, 0xf7, 0x4a, 0x42, 0xc5, 0x10, 0xc5, 0x10, 0xe5, 0x10,
    0x8b, 0x4a, 0xff, 0xff, 0xff, 0xff, 0xff, 0xff, 0xff, 0xff, 0xd4, 0x94,
    0x67, 0x21, 0x05, 0x19, 0xe5, 0x10, 0x05, 0x19, 0x26, 0x19, 0x46, 0x21,
    0xa8, 0x29, 0xaf, 0x73, 0x9e, 0xf7, 0xff, 0xff, 0xff, 0xff, 0xff, 0xff,
    0x4e, 0x63, 0xc5, 0x10, 0xc4, 0x10, 0xe4, 0x10, 0xc5, 0x10, 0xc5, 0x10,
    0xc4, 0x10, 0xc5, 0x10, 0xe5, 0x08, 0xe5, 0x10, 0xc5, 0x10, 0xe5, 0x10,
    0xe5, 0x10, 0xc5, 0x10, 0xc5, 0x10, 0xc4, 0x10, 0xc5, 0x10, 0x7a, 0xce,
    0xff, 0xff, 0xff, 0xff, 0xff, 0xff, 0xff, 0xff, 0xff, 0xff, 0xff, 0xff,
    0xff, 0xff, 0xff, 0xff, 0xff, 0xff, 0xff, 0xff, 0xff, 0xff, 0xff, 0xff,
    0xff, 0xff, 0xff, 0xff, 0xff, 0xff, 0xff, 0xff, 0x3d, 0xe7, 0x55, 0xa5,
    0xd8, 0xbd, 0x93, 0x8c, 0x97, 0xb5, 0xac, 0x4a, 0xe5, 0x10, 0xe5, 0x10,
    0xc5, 0x10, 0xc5, 0x10, 0x46, 0x21, 0x35, 0xa5, 0xdf, 0xff, 0xff, 0xff,
    0xff, 0xff, 0xff, 0xff, 0xff, 0xff, 0xff, 0xff, 0x72, 0x8c, 0xe5, 0x10,
    0xac, 0x52, 0xff, 0xff, 0xff, 0xff, 0xff, 0xff, 0xff, 0xff, 0xff, 0xff,
    0xff, 0xff, 0xff, 0xff, 0xff, 0xff, 0x19, 0xc6, 0xe5, 0x10, 0xc5, 0x10,
    0xc5, 0x10, 0xc5, 0x10, 0xc4, 0x10, 0xb7, 0xb5, 0xff, 0xff, 0xff, 0xff,
    0xff, 0xff, 0x4e, 0x63, 0xe5, 0x10, 0xc5, 0x10, 0xc5, 0x10, 0xc4, 0x10,
    0xc5, 0x10, 0xc5, 0x10, 0xc5, 0x08, 0xe5, 0x10, 0xc4, 0x10, 0xc5, 0x10,
    0xc5, 0x10, 0xe5, 0x08, 0xc5, 0x10, 0xc5, 0x10, 0xc5, 0x10, 0xe4, 0x10,
    0xc5, 0x10, 0xe5, 0x10, 0xc5, 0x10, 0xe4, 0x10, 0xc5, 0x10, 0xc5, 0x10,
    0xe5, 0x08, 0xc5, 0x10, 0xe4, 0x10, 0xc5, 0x08, 0xc5, 0x10, 0xc5, 0x10,
    0xc5, 0x10, 0xc5, 0x10, 0xe5, 0x10, 0xc5, 0x08, 0xc4, 0x10, 0xe5, 0x10,
    0xc5, 0x10, 0xc4, 0x10, 0xc5, 0x08, 0xc4, 0x10, 0xc5, 0x10, 0xc5, 0x10,
    0xe4, 0x10, 0xc5, 0x08, 0xc5, 0x10, 0xc5, 0x10, 0xc4, 0x10, 0xc5, 0x10,
    0xe5, 0x10, 0xc4, 0x10, 0xc5, 0x10, 0xe4, 0x10, 0xc4, 0x08, 0xc5, 0x10,
    0xc5, 0x10, 0xc5, 0x10, 0xc5, 0x10, 0xc4, 0x10, 0xc5, 0x10, 0xc5, 0x10,
    0xe5, 0x10, 0xc5, 0x10, 0xc5, 0x10, 0xc4, 0x10, 0x87, 0x21, 0x7a, 0xce,
    0xff, 0xff, 0xff, 0xff, 0xff, 0xff, 0xff, 0xff, 0xd4, 0x94, 0xf4, 0x9c,
    0xff, 0xff, 0xff, 0xff, 0xff, 0xff, 0xff, 0xff, 0xff, 0xff, 0xff, 0xff,
    0xff, 0xff, 0xff, 0xff, 0xff, 0xff, 0xff, 0xff, 0xff, 0xff, 0xff, 0xff,
    0xff, 0xff, 0xff, 0xff, 0xff, 0xff, 0xff, 0xff, 0xff, 0xff, 0xff, 0xff,
    0xff, 0xff, 0xff, 0xff, 0xff, 0xff, 0xff, 0xff, 0xff, 0xff, 0xff, 0xff,
    0xff, 0xff, 0xff, 0xff, 0xff, 0xff, 0xff, 0xff, 0xff, 0xff, 0xff, 0xff,
    0xff, 0xff, 0xff, 0xff, 0xff, 0xff, 0xff, 0xff, 0xff, 0xff, 0xff, 0xff,
    0xdf, 0xff, 0xbf, 0xf7, 0x9f, 0xe7, 0xfc, 0xd6, 0xf8, 0xbd, 0xf8, 0xbd,
    0xf8, 0xbd, 0xd7, 0xbd, 0x2e, 0x63, 0xc5, 0x10, 0xc4, 0x10, 0xe4, 0x10,
    0xc5, 0x08, 0xc4, 0x10, 0xc5, 0x10, 0xc5, 0x08, 0xc5, 0x10, 0xc5, 0x10,
    0x47, 0x11, 0xb7, 0x44, 0x9c, 0x55, 0x9c, 0x55, 0x9c, 0x55, 0x9c, 0x55,
    0x9c, 0x55, 0x9c, 0x55, 0x9c, 0x55, 0xbc, 0x55, 0x9b, 0x55, 0xd8, 0x44,
    0x47, 0x11, 0xc5, 0x10, 0xc5, 0x10, 0xe5, 0x10, 0xc4, 0x10, 0xd4, 0x94,
    0xff, 0xff, 0xff, 0xff, 0xd0, 0x73, 0xe5, 0x10, 0xc5, 0x10, 0xc4, 0x10,
    0xc8, 0x31, 0xdf, 0xff, 0xff, 0xff, 0xff, 0xff, 0xdf, 0xff, 0xac, 0x4a,
    0xe5, 0x10, 0xc5, 0x10, 0xc5, 0x10, 0xc5, 0x10, 0xc5, 0x10, 0xc5, 0x10,
    0xc4, 0x10, 0xe5, 0x10, 0xd3, 0x94, 0xff, 0xff, 0xff, 0xff, 0xff, 0xff,
    0xd8, 0xbd, 0xe5, 0x18, 0xc5, 0x10, 0xc5, 0x10, 0xc4, 0x10, 0xe5, 0x10,
    0xc5, 0x10, 0xc4, 0x10, 0xc5, 0x10, 0xc4, 0x10, 0xc4, 0x10, 0xc5, 0x10,
    0xc4, 0x10, 0xe5, 0x10, 0xc5, 0x08, 0xe5, 0x10, 0xc4, 0x10, 0x93, 0x8c,
    0xff, 0xff, 0xff, 0xff, 0xff, 0xff, 0xff, 0xff, 0xff, 0xff, 0xff, 0xff,
    0xff, 0xff, 0xff, 0xff, 0xff, 0xff, 0xff, 0xff, 0xff, 0xff, 0xff, 0xff,
    0xff, 0xff, 0xff, 0xff, 0xff, 0xff, 0xff, 0xff, 0xff, 0xff, 0xff, 0xff,
    0x97, 0xb5, 0x05, 0x19, 0x7a, 0xce, 0xdf, 0xff, 0x1c, 0xe7, 0xd4, 0x94,
    0xac, 0x4a, 0x26, 0x19, 0xa8, 0x29, 0x5d, 0xef, 0xff, 0xff, 0xff, 0xff,
    0xff, 0xff, 0xff, 0xff, 0xff, 0xff, 0xff, 0xff, 0x72, 0x8c, 0xe5, 0x10,
    0xac, 0x4a, 0xff, 0xff, 0xff, 0xff, 0xff, 0xff, 0xff, 0xff, 0xff, 0xff,
    0xff, 0xff, 0xff, 0xff, 0xff, 0xff, 0x39, 0xc6, 0xe5, 0x10, 0xc4, 0x10,
    0xc5, 0x10, 0xe5, 0x10, 0x4e, 0x63, 0xdf, 0xff, 0xff, 0xff, 0xff, 0xff,
    0xb7, 0xb5, 0x26, 0x19, 0xc5, 0x10, 0xc5, 0x10, 0xc5, 0x10, 0xe4, 0x08,
    0xc5, 0x10, 0xc5, 0x10, 0xe5, 0x10, 0xc4, 0x10, 0xc5, 0x10, 0xc5, 0x10,
    0xe5, 0x10, 0xc4, 0x10, 0xc5, 0x10, 0xc5, 0x10, 0xc4, 0x08, 0xc5, 0x10,
    0xc5, 0x10, 0xc5, 0x10, 0xe4, 0x10, 0xc5, 0x10, 0xc5, 0x10, 0xc4, 0x10,
    0xc4, 0x10, 0xc5, 0x10, 0xc5, 0x10, 0xc4, 0x10, 0xc5, 0x10, 0xc5, 0x10,
    0xc5, 0x10, 0xc4, 0x10, 0xc5, 0x10, 0xe5, 0x10, 0xc4, 0x10, 0xc5, 0x10,
    0xc4, 0x08, 0xe5, 0x10, 0xe5, 0x10, 0xc5, 0x10, 0xc4, 0x10, 0xc5, 0x08,
    0xc5, 0x10, 0xc5, 0x10, 0xc5, 0x10, 0xe5, 0x10, 0xc5, 0x10, 0xc5, 0x10,
    0xc5, 0x08, 0xc5, 0x10, 0xc5, 0x10, 0xe5, 0x10, 0xc5, 0x10, 0xe5, 0x10,
    0xc4, 0x08, 0xa8, 0x29, 0xc9, 0x31, 0xe5, 0x10, 0xc5, 0x10, 0xc5, 0x10,
    0xc4, 0x10, 0xe4, 0x10, 0xc5, 0x10, 0xc5, 0x10, 0xc5, 0x10, 0x29, 0x3a,
    0x1c, 0xe7, 0xff, 0xff, 0xff, 0xff, 0xff, 0xff, 0xd7, 0xbd, 0x26, 0x19,
    0x14, 0x9d, 0xff, 0xff, 0xff, 0xff, 0xff, 0xff, 0xff, 0xff, 0xff, 0xff,
    0xff, 0xff, 0xff, 0xff, 0x9e, 0xf7, 0xff, 0xff, 0xff, 0xff, 0xff, 0xff,
    0xff, 0xff, 0xff, 0xff, 0xff, 0xff, 0xff, 0xff, 0xff, 0xff, 0xff, 0xff,
    0xff, 0xff, 0xff, 0xff, 0xff, 0xff, 0xff, 0xff, 0xff, 0xff, 0xff, 0xff,
    0xff, 0xff, 0xff, 0xff, 0xff, 0xff, 0xff, 0xff, 0xff, 0xff, 0xff, 0xff,
    0xff, 0xff, 0xff, 0xff, 0xff, 0xff, 0xff, 0xff, 0xff, 0xff, 0xff, 0xff,
    0xff, 0xff, 0xff, 0xff, 0xff, 0xff, 0xff, 0xff, 0xff, 0xff, 0xff, 0xff,
    0xbb, 0xd6, 0x0d, 0x5b, 0x05, 0x19, 0xc5, 0x10, 0xc5, 0x08, 0xe5, 0x10,
    0xc5, 0x10, 0xc5, 0x10, 0xc5, 0x10, 0xc4, 0x10, 0xc5, 0x10, 0x68, 0x19,
    0xb7, 0x44, 0x9b, 0x55, 0x9c, 0x55, 0x9b, 0x55, 0x9c, 0x55, 0x9c, 0x55,
    0xbb, 0x55, 0x9c, 0x55, 0x9b, 0x55, 0xbc, 0x55, 0x9b, 0x55, 0x7b, 0x55,
    0x0b, 0x22, 0xc5, 0x10, 0xc4, 0x10, 0xc5, 0x10, 0xe5, 0x10, 0x0d, 0x5b,
    0xdf, 0xff, 0xff, 0xff, 0xb7, 0xb5, 0xc5, 0x10, 0xc5, 0x10, 0xc5, 0x10,
    0x46, 0x21, 0xfc, 0xde, 0xff, 0xff, 0xff, 0xff, 0xff, 0xff, 0x4e, 0x63,
    0xc5, 0x10, 0xc5, 0x10, 0xc5, 0x10, 0xc4, 0x10, 0xc5, 0x10, 0xc5, 0x10,
    0xc5, 0x10, 0xc5, 0x10, 0x8b, 0x4a, 0x9e, 0xf7, 0xff, 0xff, 0xff, 0xff,
    0x3d, 0xe7, 0xe9, 0x31, 0xc5, 0x10, 0xc5, 0x10, 0xc5, 0x10, 0xc5, 0x10,
    0xc5, 0x10, 0xc5, 0x10, 0xc5, 0x10, 0xc5, 0x10, 0xc5, 0x10, 0xc5, 0x10,
    0xc5, 0x10, 0xc4, 0x10, 0xc5, 0x10, 0xc4, 0x10, 0xe5, 0x10, 0xac, 0x4a,
    0xbf, 0xff, 0xff, 0xff, 0xff, 0xff, 0xff, 0xff, 0xff, 0xff, 0xff, 0xff,
    0xff, 0xff, 0xff, 0xff, 0xff, 0xff, 0xff, 0xff, 0xff, 0xff, 0xff, 0xff,
    0xff, 0xff, 0xff, 0xff, 0xff, 0xff, 0xff, 0xff, 0xff, 0xff, 0xff, 0xff,
    0x7e, 0xf7, 0x2d, 0x63, 0xdf, 0xff, 0xff, 0xff, 0xff, 0xff, 0xff, 0xff,
    0xdf, 0xff, 0x1c, 0xe7, 0x35, 0xa5, 0x7a, 0xd6, 0xff, 0xff, 0xff, 0xff,
    0xff, 0xff, 0xff, 0xff, 0xff, 0xff, 0xff, 0xff, 0x72, 0x8c, 0xe5, 0x10,
    0x8c, 0x4a, 0xdf, 0xff, 0xff, 0xff, 0xff, 0xff, 0xff, 0xff, 0xff, 0xff,
    0xff, 0xff, 0xff, 0xff, 0xff, 0xff, 0x19, 0xc6, 0xc5, 0x10, 0xc5, 0x10,
    0xc5, 0x10, 0x67, 0x21, 0x3c, 0xe7, 0xff, 0xff, 0xff, 0xff, 0x7e, 0xf7,
    0x09, 0x3a, 0xe5, 0x10, 0xc5, 0x10, 0xc4, 0x10, 0xe5, 0x10, 0xc5, 0x10,
    0xc5, 0x10, 0xe5, 0x10, 0xc4, 0x10, 0xc5, 0x10, 0xc5, 0x10, 0xe5, 0x08,
    0xc4, 0x10, 0xc5, 0x10, 0xc5, 0x10, 0xe4, 0x10, 0xe5, 0x10, 0xc5, 0x10,
    0xc4, 0x10, 0xc5, 0x08, 0xc5, 0x10, 0xc5, 0x10, 0xe5, 0x08, 0xe5, 0x10,
    0xc5, 0x10, 0xc5, 0x08, 0xc5, 0x10, 0xe5, 0x10, 0xc4, 0x10, 0xe5, 0x10,
    0xc5, 0x10, 0xc5, 0x10, 0xe4, 0x10, 0xc5, 0x10, 0xc5, 0x10, 0xc5, 0x10,
    0xc5, 0x10, 0xc5, 0x10, 0xc5, 0x10, 0xc4, 0x10, 0xe5, 0x10, 0xc5, 0x10,
    0xc4, 0x10, 0xe5, 0x10, 0xe4, 0x08, 0xc4, 0x10, 0xc5, 0x10, 0xe5, 0x10,
    0xe4, 0x10, 0xc4, 0x10, 0xc5, 0x10, 0xc5, 0x10, 0xc5, 0x10, 0xc5, 0x10,
    0xe4, 0x10, 0x67, 0x21, 0x9a, 0xd6, 0x31, 0x84, 0x26, 0x19, 0xc5, 0x10,
    0xc5, 0x10, 0xc5, 0x10, 0xe5, 0x10, 0xc5, 0x10, 0xc4, 0x10, 0xe5, 0x10,
    0xab, 0x4a, 0x5d, 0xef, 0xff, 0xff, 0xff, 0xff, 0x3d, 0xe7, 0x67, 0x21,
    0x26, 0x19, 0xb3, 0x94, 0xff, 0xff, 0xff, 0xff, 0xff, 0xff, 0xff, 0xff,
    0xff, 0xff, 0xff, 0xff, 0xf8, 0xbd, 0x93, 0x8c, 0xdf, 0xff, 0xff, 0xff,
    0xff, 0xff, 0xff, 0xff, 0xff, 0xff, 0xff, 0xff, 0xff, 0xff, 0xff, 0xff,
    0xff, 0xff, 0xff, 0xff, 0xff, 0xff, 0xff, 0xff, 0xff, 0xff, 0xff, 0xff,
    0xff, 0xff, 0xff, 0xff, 0xff, 0xff, 0xff, 0xff, 0xff, 0xff, 0xff, 0xff,
    0xff, 0xff, 0xff, 0xff, 0xff, 0xff, 0xff, 0xff, 0xff, 0xff, 0xff, 0xff,
    0xff, 0xff, 0xff, 0xff, 0xff, 0xff, 0xff, 0xff, 0xfc, 0xde, 0xd0, 0x73,
    0x46, 0x21, 0xe5, 0x10, 0xc5, 0x10, 0xc5, 0x10, 0xc5, 0x10, 0xc5, 0x10,
    0xc4, 0x10, 0xc5, 0x10, 0xe5, 0x10, 0xe5, 0x10, 0xc9, 0x19, 0xb8, 0x44,
    0x9b, 0x55, 0x9c, 0x55, 0x9b, 0x55, 0x9c, 0x55, 0x9c, 0x55, 0xbb, 0x55,
    0x9c, 0x55, 0x9c, 0x55, 0xbc, 0x55, 0x9b, 0x55, 0x9c, 0x55, 0x9b, 0x55,
    0x51, 0x33, 0xc5, 0x10, 0xc5, 0x10, 0xe5, 0x10, 0xc5, 0x08, 0xc8, 0x31,
    0x1c, 0xe7, 0xff, 0xff, 0x1c, 0xe7, 0x87, 0x21, 0xc5, 0x10, 0xc5, 0x10,
    0x05, 0x11, 0xb7, 0xb5, 0xff, 0xff, 0xff, 0xff, 0xff, 0xff, 0xf4, 0x9c,
    0xe5, 0x10, 0xc5, 0x10, 0xc5, 0x10, 0xc5, 0x10, 0xe5, 0x10, 0xe4, 0x10,
    0xc5, 0x10, 0xc5, 0x10, 0x46, 0x21, 0xfc, 0xde, 0xff, 0xff, 0xff, 0xff,
    0xff, 0xff, 0x4e, 0x63, 0xc5, 0x10, 0xe5, 0x10, 0xe5, 0x10, 0xc5, 0x10,
    0xe4, 0x10, 0xe5, 0x10, 0xe5, 0x10, 0xc5, 0x10, 0xe5, 0x10, 0xe5, 0x10,
    0xc5, 0x10, 0xc5, 0x10, 0xc5, 0x10, 0xc5, 0x10, 0xc5, 0x10, 0x46, 0x19,
    0x5d, 0xef, 0xff, 0xff, 0xff, 0xff, 0xff, 0xff, 0xff, 0xff, 0xff, 0xff,
    0xff, 0xff, 0xff, 0xff, 0xff, 0xff, 0xff, 0xff, 0xff, 0xff, 0xff, 0xff,
    0xff, 0xff, 0xff, 0xff, 0xff, 0xff, 0xff, 0xff, 0xff, 0xff, 0xff, 0xff,
    0xff, 0xff, 0xdf, 0xff, 0xff, 0xff, 0xff, 0xff, 0xff, 0xff, 0xff, 0xff,
    0xff, 0xff, 0xff, 0xff, 0xff, 0xff, 0xff, 0xff, 0xff, 0xff, 0xff, 0xff,
    0xff, 0xff, 0xff, 0xff, 0xff, 0xff, 0xff, 0xff, 0x73, 0x8c, 0xe5, 0x10,
    0x8b, 0x4a, 0xff, 0xff, 0xff, 0xff, 0xff, 0xff, 0xff, 0xff, 0xff, 0xff,
    0xff, 0xff, 0xff, 0xff, 0xff, 0xff, 0x39, 0xc6, 0xe5, 0x10, 0xc4, 0x10,
    0xe5, 0x10, 0x56, 0xad, 0xff, 0xff, 0xff, 0xff, 0xff, 0xff, 0x11, 0x7c,
    0xe5, 0x10, 0xc5, 0x10, 0xc5, 0x10, 0xc4, 0x10, 0xe5, 0x10, 0xc5, 0x10,
    0xc4, 0x10, 0xe5, 0x08, 0xc4, 0x10, 0xc5, 0x10, 0xe5, 0x10, 0xc4, 0x10,
    0xc5, 0x10, 0xe5, 0x10, 0xc5, 0x08, 0xc5, 0x10, 0xc5, 0x10, 0xc5, 0x10,
    0xe5, 0x10, 0xe5, 0x10, 0xc4, 0x10, 0xc5, 0x10, 0xc5, 0x10, 0xc4, 0x10,
    0xe5, 0x10, 0xe5, 0x10, 0xc4, 0x10, 0xc5, 0x10, 0xe5, 0x08, 0xc5, 0x10,
    0xc5, 0x10, 0xc5, 0x10, 0xc5, 0x10, 0xc5, 0x08, 0xc4, 0x10, 0xe5, 0x10,
    0xc5, 0x10, 0xe4, 0x10, 0xc5, 0x08, 0xc5, 0x10, 0xc5, 0x10, 0xe5, 0x10,
    0xc5, 0x10, 0xc5, 0x10, 0xc5, 0x10, 0xc5, 0x10, 0xc5, 0x08, 0xc4, 0x10,
    0xc5, 0x10, 0xe5, 0x10, 0xc5, 0x10, 0xe4, 0x08, 0xc4, 0x10, 0xc5, 0x10,
    0xc5, 0x10, 0xe5, 0x10, 0x14, 0x9d, 0xdf, 0xff, 0x59, 0xce, 0x6b, 0x42,
    0xe5, 0x10, 0xc5, 0x10, 0xc5, 0x10, 0xc4, 0x10, 0xe5, 0x10, 0xc5, 0x10,
    0xe5, 0x10, 0xac, 0x52, 0x5d, 0xef, 0xff, 0xff, 0xbf, 0xff, 0x0d, 0x5b,
    0xe5, 0x10, 0x06, 0x19, 0xaf, 0x73, 0x9e, 0xf7, 0xff, 0xff, 0xff, 0xff,
    0xff, 0xff, 0xff, 0xff, 0xdb, 0xde, 0x47, 0x21, 0x11, 0x7c, 0xdf, 0xff,
    0xff, 0xff, 0xff, 0xff, 0xff, 0xff, 0xff, 0xff, 0xff, 0xff, 0xff, 0xff,
    0xff, 0xff, 0xff, 0xff, 0xff, 0xff, 0xff, 0xff, 0xff, 0xff, 0xff, 0xff,
    0xff, 0xff, 0xff, 0xff, 0xff, 0xff, 0xff, 0xff, 0xff, 0xff, 0xff, 0xff,
    0xff, 0xff, 0xff, 0xff, 0xff, 0xff, 0xff, 0xff, 0xff, 0xff, 0xff, 0xff,
    0xff, 0xff, 0xdf, 0xff, 0x39, 0xc6, 0x8f, 0x6b, 0x67, 0x21, 0xe5, 0x10,
    0xc5, 0x10, 0xc5, 0x10, 0xc5, 0x10, 0xe4, 0x10, 0xc4, 0x10, 0xe5, 0x10,
    0xc5, 0x10, 0xc5, 0x10, 0xe5, 0x10, 0xef, 0x2a, 0x3a, 0x4d, 0x9b, 0x55,
    0x9b, 0x55, 0x9c, 0x55, 0x9c, 0x55, 0x9c, 0x55, 0x9c, 0x55, 0xbc, 0x55,
    0x9c, 0x55, 0x9c, 0x55, 0x9c, 0x55, 0x9c, 0x55, 0x9b, 0x55, 0x9c, 0x55,
    0x76, 0x44, 0x06, 0x11, 0xc5, 0x10, 0xc5, 0x10, 0xc4, 0x10, 0x05, 0x11,
    0xf8, 0xbd, 0xff, 0xff, 0xbe, 0xf7, 0xcc, 0x52, 0xc5, 0x10, 0xc5, 0x10,
    0xe4, 0x10, 0xf0, 0x7b, 0xff, 0xff, 0xff, 0xff, 0xff, 0xff, 0xbf, 0xf7,
    0xdb, 0xde, 0x9a, 0xd6, 0x9a, 0xce, 0x7a, 0xce, 0x7a, 0xce, 0x7a, 0xce,
    0x7a, 0xce, 0x9a, 0xd6, 0xdb, 0xde, 0xdf, 0xff, 0xff, 0xff, 0xff, 0xff,
    0xff, 0xff, 0x3d, 0xe7, 0x59, 0xce, 0x59, 0xce, 0x59, 0xc6, 0x39, 0xc6,
    0x19, 0xc6, 0x18, 0xbe, 0xf8, 0xbd, 0xf8, 0xbd, 0xd7, 0xbd, 0xb7, 0xb5,
    0x4e, 0x63, 0xc5, 0x10, 0xe5, 0x10, 0xe4, 0x10, 0xc5, 0x10, 0xe5, 0x10,
    0xd7, 0xb5, 0xff, 0xff, 0xff, 0xff, 0xff, 0xff, 0xff, 0xff, 0xff, 0xff,
    0xff, 0xff, 0xff, 0xff, 0xff, 0xff, 0xff, 0xff, 0xff, 0xff, 0xff, 0xff,
    0xff, 0xff, 0xff, 0xff, 0xff, 0xff, 0xff, 0xff, 0xff, 0xff, 0xff, 0xff,
    0xff, 0xff, 0xff, 0xff, 0xff, 0xff, 0xff, 0xff, 0xff, 0xff, 0xff, 0xff,
    0xff, 0xff, 0xff, 0xff, 0xff, 0xff, 0xff, 0xff, 0xff, 0xff, 0xff, 0xff,
    0xff, 0xff, 0xff, 0xff, 0xff, 0xff, 0xff, 0xff, 0x72, 0x8c, 0xe5, 0x10,
    0x8b, 0x4a, 0xdf, 0xff, 0xff, 0xff, 0xff, 0xff, 0xff, 0xff, 0xff, 0xff,
    0xff, 0xff, 0xff, 0xff, 0xff, 0xff, 0x19, 0xc6, 0xc5, 0x10, 0xe5, 0x10,
    0x2d, 0x63, 0xdf, 0xff, 0xff, 0xff, 0xff, 0xff, 0x39, 0xc6, 0x46, 0x21,
    0xc5, 0x10, 0xc5, 0x10, 0xc5, 0x10, 0xc5, 0x08, 0xc5, 0x10, 0xc4, 0x10,
    0xc5, 0x10, 0xc5, 0x10, 0xc5, 0x10, 0xc5, 0x08, 0xe5, 0x10, 0xc5, 0x10,
    0xc5, 0x10, 0xc5, 0x10, 0xe4, 0x10, 0xc4, 0x10, 0xc5, 0x10, 0xc5, 0x08,
    0xc4, 0x10, 0xc5, 0x10, 0xc5, 0x10, 0xe4, 0x10, 0xc5, 0x10, 0xc5, 0x10,
    0xc5, 0x10, 0xc5, 0x10, 0xc4, 0x10, 0xc5, 0x10, 0xc5, 0x10, 0xc5, 0x10,
    0xc5, 0x10, 0xc4, 0x10, 0xe5, 0x10, 0xc5, 0x10, 0xc5, 0x10, 0xe4, 0x10,
    0xc5, 0x08, 0xc5, 0x10, 0xe5, 0x10, 0xe4, 0x10, 0xc5, 0x10, 0xc5, 0x08,
    0xe4, 0x10, 0xc5, 0x10, 0xc5, 0x10, 0xc5, 0x10, 0xe5, 0x10, 0xc5, 0x10,
    0xc5, 0x10, 0xc5, 0x08, 0xc5, 0x10, 0xc5, 0x10, 0xe5, 0x10, 0xc5, 0x10,
    0xc4, 0x08, 0xc5, 0x10, 0x6b, 0x42, 0xbe, 0xf7, 0xff, 0xff, 0x7e, 0xef,
    0x8f, 0x6b, 0xc5, 0x10, 0xc5, 0x10, 0xe5, 0x10, 0xc5, 0x10, 0xc5, 0x08,
    0xe5, 0x10, 0xe5, 0x10, 0x6a, 0x42, 0xbb, 0xd6, 0xff, 0xff, 0x76, 0xad,
    0xc5, 0x10, 0xc4, 0x10, 0xe5, 0x10, 0x2a, 0x3a, 0x18, 0xbe, 0xff, 0xff,
    0xff, 0xff, 0xff, 0xff, 0xdf, 0xff, 0xe9, 0x39, 0xe5, 0x18, 0x4e, 0x63,
    0x3d, 0xef, 0xff, 0xff, 0xff, 0xff, 0xff, 0xff, 0xff, 0xff, 0xff, 0xff,
    0xff, 0xff, 0xff, 0xff, 0xff, 0xff, 0xff, 0xff, 0x55, 0xad, 0xf1, 0x7b,
    0xb7, 0xb5, 0xdb, 0xde, 0xbf, 0xf7, 0xff, 0xff, 0xff, 0xff, 0xff, 0xff,
    0xff, 0xff, 0xff, 0xff, 0xff, 0xff, 0xdf, 0xff, 0x1c, 0xdf, 0xd7, 0xbd,
    0x11, 0x7c, 0x09, 0x3a, 0x26, 0x19, 0xe5, 0x10, 0xc5, 0x10, 0xc5, 0x10,
    0xc5, 0x10, 0xe4, 0x10, 0xc5, 0x10, 0xc5, 0x08, 0xc5, 0x10, 0xc5, 0x10,
    0xe5, 0x10, 0xc9, 0x19, 0x35, 0x3c, 0x7b, 0x55, 0x9b, 0x55, 0x9c, 0x55,
    0x9c, 0x55, 0x9c, 0x55, 0x9c, 0x55, 0x9b, 0x55, 0xbc, 0x55, 0x9b, 0x55,
    0x9c, 0x55, 0x9b, 0x55, 0xbb, 0x55, 0x9c, 0x55, 0x9c, 0x55, 0x9b, 0x55,
    0x3a, 0x4d, 0x88, 0x19, 0xc5, 0x10, 0xe5, 0x10, 0xc5, 0x10, 0xe5, 0x10,
    0x31, 0x84, 0xff, 0xff, 0xff, 0xff, 0x72, 0x8c, 0xe5, 0x10, 0xc5, 0x10,
    0xc5, 0x10, 0x09, 0x3a, 0xdf, 0xff, 0xff, 0xff, 0xff, 0xff, 0xff, 0xff,
    0xff, 0xff, 0xff, 0xff, 0xff, 0xff, 0xff, 0xff, 0xff, 0xff, 0xff, 0xff,
    0xff, 0xff, 0xff, 0xff, 0xff, 0xff, 0xff, 0xff, 0xff, 0xff, 0xff, 0xff,
    0xff, 0xff, 0xff, 0xff, 0xff, 0xff, 0xff, 0xff, 0xff, 0xff, 0xff, 0xff,
    0xff, 0xff, 0xff, 0xff, 0xff, 0xff, 0xff, 0xff, 0xff, 0xff, 0xff, 0xff,
    0xf8, 0xbd, 0xc5, 0x10, 0xc4, 0x10, 0xc5, 0x10, 0xc5, 0x10, 0xc4, 0x10,
    0xd0, 0x73, 0xff, 0xff, 0xff, 0xff, 0xff, 0xff, 0xff, 0xff, 0xff, 0xff,
    0xff, 0xff, 0xff, 0xff, 0xff, 0xff, 0xff, 0xff, 0xff, 0xff, 0xff, 0xff,
    0xff, 0xff, 0xff, 0xff, 0xff, 0xff, 0xff, 0xff, 0xff, 0xff, 0xff, 0xff,
    0xff, 0xff, 0xff, 0xff, 0xff, 0xff, 0xff, 0xff, 0xff, 0xff, 0xff, 0xff,
    0xff, 0xff, 0xff, 0xff, 0xff, 0xff, 0xff, 0xff, 0xff, 0xff, 0xff, 0xff,
    0xff, 0xff, 0xff, 0xff, 0xff, 0xff, 0xff, 0xff, 0x72, 0x8c, 0xe5, 0x10,
    0x8b, 0x4a, 0xdf, 0xff, 0xff, 0xff, 0xff, 0xff, 0xff, 0xff, 0xff, 0xff,
    0xff, 0xff, 0xff, 0xff, 0xdf, 0xff, 0x8f, 0x6b, 0xe5, 0x10, 0x88, 0x29,
    0x3d, 0xe7, 0xff, 0xff, 0xff, 0xff, 0x9e, 0xf7, 0x4a, 0x42, 0xe5, 0x10,
    0xc5, 0x10, 0xc5, 0x10, 0xe4, 0x10, 0xc4, 0x10, 0xe5, 0x10, 0xc5, 0x08,
    0xc5, 0x10, 0xe5, 0x10, 0xc4, 0x10, 0xc5, 0x10, 0xc4, 0x10, 0xc4, 0x10,
    0xc5, 0x08, 0xc5, 0x10, 0xc5, 0x10, 0xc5, 0x10, 0xe5, 0x10, 0xe4, 0x10,
    0xc5, 0x10, 0xc5, 0x08, 0xc4, 0x10, 0xc5, 0x10, 0xe4, 0x08, 0xc5, 0x10,
    0xc5, 0x10, 0xc4, 0x08, 0xc5, 0x10, 0xe5, 0x10, 0xc5, 0x10, 0xc4, 0x10,
    0xc5, 0x10, 0xc5, 0x10, 0xc4, 0x10, 0xe5, 0x10, 0xc4, 0x10, 0xc5, 0x10,
    0xc5, 0x10, 0xc5, 0x10, 0xc4, 0x10, 0xc5, 0x10, 0xc5, 0x10, 0xc4, 0x10,
    0xc5, 0x10, 0xc5, 0x08, 0xe4, 0x10, 0xc4, 0x10, 0xc5, 0x10, 0xe4, 0x10,
    0xc5, 0x10, 0xc5, 0x10, 0xc4, 0x10, 0xc5, 0x10, 0xc5, 0x10, 0xc5, 0x10,
    0xe5, 0x10, 0xc4, 0x10, 0xe5, 0x10, 0x39, 0xc6, 0xff, 0xff, 0xff, 0xff,
    0xdb, 0xde, 0x87, 0x29, 0xc5, 0x10, 0xc5, 0x10, 0xc4, 0x10, 0xc4, 0x10,
    0xc5, 0x10, 0xc5, 0x10, 0xe5, 0x10, 0xc8, 0x29, 0xd8, 0xbd, 0x7e, 0xef,
    0xe9, 0x31, 0xc5, 0x10, 0xc5, 0x10, 0xe5, 0x10, 0x26, 0x19, 0x4e, 0x63,
    0xba, 0xd6, 0xff, 0xff, 0xff, 0xff, 0x31, 0x84, 0xe5, 0x10, 0xe5, 0x10,
    0x2a, 0x3a, 0x18, 0xc6, 0xff, 0xff, 0xff, 0xff, 0xff, 0xff, 0xff, 0xff,
    0xff, 0xff, 0xff, 0xff, 0xff, 0xff, 0xff, 0xff, 0xfc, 0xde, 0xc8, 0x31,
    0x06, 0x19, 0x67, 0x21, 0xe9, 0x31, 0xcc, 0x52, 0x4e, 0x63, 0xaf, 0x6b,
    0xaf, 0x73, 0x4e, 0x63, 0xac, 0x52, 0xe9, 0x31, 0x67, 0x21, 0x05, 0x19,
    0xe5, 0x10, 0xc5, 0x10, 0xc4, 0x10, 0xc5, 0x10, 0xc4, 0x10, 0xc5, 0x10,
    0xe4, 0x10, 0xc5, 0x10, 0xc5, 0x10, 0xc5, 0x10, 0xe5, 0x10, 0x88, 0x19,
    0x92, 0x33, 0x3a, 0x4d, 0x9b, 0x55, 0x9b, 0x55, 0x9c, 0x55, 0x9c, 0x55,
    0x9c, 0x55, 0x9c, 0x55, 0xbb, 0x55, 0x9c, 0x55, 0x9c, 0x55, 0x9c, 0x55,
    0x9c, 0x55, 0xbc, 0x55, 0x9c, 0x55, 0x9c, 0x55, 0x9c, 0x55, 0x9b, 0x55,
    0x9b, 0x55, 0xae, 0x2a, 0xc5, 0x10, 0xc5, 0x10, 0xc4, 0x10, 0xc5, 0x08,
    0x8b, 0x4a, 0xbf, 0xff, 0xff, 0xff, 0x39, 0xc6, 0xe5, 0x10, 0xc5, 0x10,
    0xc5, 0x10, 0x26, 0x19, 0xbb, 0xd6, 0xff, 0xff, 0xff, 0xff, 0xff, 0xff,
    0xff, 0xff, 0xff, 0xff, 0xff, 0xff, 0xff, 0xff, 0xff, 0xff, 0xff, 0xff,
    0xff, 0xff, 0xff, 0xff, 0xff, 0xff, 0xff, 0xff, 0xff, 0xff, 0xff, 0xff,
    0xff, 0xff, 0xff, 0xff, 0xff, 0xff, 0xff, 0xff, 0xff, 0xff, 0xff, 0xff,
    0xff, 0xff, 0xff, 0xff, 0xff, 0xff, 0xff, 0xff, 0xff, 0xff, 0xff, 0xff,
    0x7e, 0xf7, 0x26, 0x19, 0xc5, 0x10, 0xc5, 0x10, 0xe5, 0x10, 0xe5, 0x10,
    0x2a, 0x3a, 0x9e, 0xf7, 0xff, 0xff, 0xff, 0xff, 0xff, 0xff, 0xff, 0xff,
    0xff, 0xff, 0xff, 0xff, 0xbe, 0xf7, 0xff, 0xff, 0xff, 0xff, 0xff, 0xff,
    0xff, 0xff, 0xff, 0xff, 0xff, 0xff, 0xff, 0xff, 0xdf, 0xff, 0xff, 0xff,
    0xff, 0xff, 0xff, 0xff, 0xff, 0xff, 0xff, 0xff, 0xff, 0xff, 0xff, 0xff,
    0xff, 0xff, 0xff, 0xff, 0xff, 0xff, 0xff, 0xff, 0xff, 0xff, 0xff, 0xff,
    0xff, 0xff, 0xff, 0xff, 0xff, 0xff, 0xff, 0xff, 0x73, 0x8c, 0xe5, 0x10,
    0x8b, 0x4a, 0xdf, 0xff, 0xff, 0xff, 0xff, 0xff, 0xff, 0xff, 0xff, 0xff,
    0xff, 0xff, 0xff, 0xff, 0x96, 0xad, 0x06, 0x19, 0xe5, 0x18, 0xd8, 0xbd,
    0xff, 0xff, 0xff, 0xff, 0xff, 0xff, 0x31, 0x84, 0xe5, 0x10, 0xc5, 0x10,
    0xc4, 0x10, 0xc5, 0x10, 0xe5, 0x10, 0xc5, 0x10, 0xc5, 0x10, 0xc5, 0x10,
    0xe4, 0x10, 0xe5, 0x10, 0xc5, 0x10, 0xe5, 0x10, 0xc5, 0x10, 0xc5, 0x10,
    0xe5, 0x10, 0xe4, 0x10, 0xc5, 0x10, 0xc5, 0x08, 0xc4, 0x10, 0xc5, 0x10,
    0xe5, 0x10, 0xc5, 0x10, 0xe5, 0x10, 0xc5, 0x10, 0xc5, 0x10, 0xc4, 0x10,
    0xe5, 0x10, 0xe5, 0x10, 0xc5, 0x10, 0xc5, 0x08, 0xe4, 0x10, 0xc5, 0x10,
    0xc5, 0x10, 0xc5, 0x10, 0xe5, 0x10, 0xc5, 0x08, 0xc5, 0x10, 0xc5, 0x10,
    0xe5, 0x10, 0xc4, 0x10, 0xc5, 0x10, 0xc5, 0x08, 0xc4, 0x10, 0xe5, 0x10,
    0xc5, 0x10, 0xc5, 0x10, 0xc5, 0x10, 0xe5, 0x10, 0xc5, 0x08, 0xc5, 0x10,
    0xe4, 0x10, 0xc5, 0x10, 0xe5, 0x10, 0xe4, 0x10, 0xc5, 0x10, 0xc4, 0x08,
    0xc5, 0x10, 0xe5, 0x10, 0xc4, 0x10, 0x8f, 0x6b, 0xdf, 0xff, 0xff, 0xff,
    0xff, 0xff, 0x8f, 0x6b, 0xc5, 0x10, 0xc5, 0x10, 0xe5, 0x10, 0xe5, 0x10,
    0xc5, 0x10, 0xc4, 0x10, 0xe5, 0x10, 0xc5, 0x10, 0x46, 0x21, 0x31, 0x84,
    0x11, 0x7c, 0xe5, 0x10, 0xc5, 0x10, 0xe4, 0x10, 0xc5, 0x10, 0xe5, 0x10,
    0x67, 0x21, 0x6f, 0x6b, 0x59, 0xc6, 0x7a, 0xce, 0x26, 0x19, 0xc5, 0x10,
    0xc5, 0x10, 0x46, 0x19, 0xf1, 0x7b, 0x3c, 0xe7, 0xff, 0xff, 0xff, 0xff,
    0xff, 0xff, 0xff, 0xff, 0xff, 0xff, 0xff, 0xff, 0xff, 0xff, 0xd7, 0xbd,
    0x46, 0x21, 0xc5, 0x10, 0xc5, 0x10, 0xe5, 0x10, 0xe5, 0x10, 0xe5, 0x10,
    0xe5, 0x10, 0xc5, 0x10, 0xe5, 0x10, 0xc5, 0x10, 0xc4, 0x10, 0xe5, 0x10,
    0xc5, 0x10, 0xc5, 0x10, 0xc5, 0x10, 0xe5, 0x10, 0xc5, 0x10, 0xc5, 0x10,
    0xc5, 0x10, 0xc5, 0x10, 0xe5, 0x10, 0xea, 0x21, 0xb2, 0x33, 0x19, 0x4d,
    0x9b, 0x55, 0x9b, 0x55, 0x9c, 0x55, 0x9c, 0x55, 0x9c, 0x55, 0x9b, 0x55,
    0x9c, 0x55, 0x9c, 0x55, 0x9c, 0x55, 0x9c, 0x55, 0x9b, 0x55, 0x9c, 0x55,
    0x9c, 0x55, 0x9b, 0x55, 0x9c, 0x55, 0x9c, 0x55, 0x9b, 0x55, 0x9c, 0x55,
    0x9c, 0x55, 0xf3, 0x3b, 0xe5, 0x10, 0xc5, 0x10, 0xc5, 0x10, 0xe5, 0x10,
    0x87, 0x21, 0xdb, 0xde, 0xff, 0xff, 0x5d, 0xef, 0xc9, 0x31, 0xe5, 0x10,
    0xc4, 0x10, 0xe5, 0x10, 0x14, 0x9d, 0xff, 0xff, 0xff, 0xff, 0xff, 0xff,
    0xff, 0xff, 0xff, 0xff, 0xff, 0xff, 0xff, 0xff, 0xff, 0xff, 0xff, 0xff,
    0xff, 0xff, 0xff, 0xff, 0xff, 0xff, 0xff, 0xff, 0xff, 0xff, 0xff, 0xff,
    0xff, 0xff, 0xff, 0xff, 0xff, 0xff, 0xff, 0xff, 0xff, 0xff, 0xff, 0xff,
    0xff, 0xff, 0xff, 0xff, 0xff, 0xff, 0xff, 0xff, 0xff, 0xff, 0xff, 0xff,
    0xdf, 0xff, 0xcc, 0x52, 0xe5, 0x10, 0xc5, 0x10, 0xc4, 0x10, 0xc5, 0x10,
    0x05, 0x11, 0xdb, 0xde, 0xff, 0xff, 0xff, 0xff, 0xff, 0xff, 0xff, 0xff,
    0xff, 0xff, 0xff, 0xff, 0xf1, 0x7b, 0x39, 0xce, 0xff, 0xff, 0xff, 0xff,
    0xff, 0xff, 0x7e, 0xef, 0xf8, 0xbd, 0xf0, 0x7b, 0xd0, 0x73, 0xff, 0xff,
    0xff, 0xff, 0xff, 0xff, 0xff, 0xff, 0xff, 0xff, 0xff, 0xff, 0xff, 0xff,
    0xff, 0xff, 0xff, 0xff, 0xff, 0xff, 0xff, 0xff, 0xff, 0xff, 0xff, 0xff,
    0xff, 0xff, 0xff, 0xff, 0xff, 0xff, 0xff, 0xff, 0x72, 0x8c, 0xe5, 0x10,
    0x6b, 0x4a, 0xdf, 0xff, 0xff, 0xff, 0xff, 0xff, 0xff, 0xff, 0xff, 0xff,
    0xff, 0xff, 0xfc, 0xde, 0xa8, 0x31, 0xe5, 0x10, 0xd0, 0x73, 0xff, 0xff,
    0xff, 0xff, 0xff, 0xff, 0x19, 0xc6, 0x26, 0x19, 0xc5, 0x10, 0xe5, 0x10,
    0xc5, 0x10, 0xc4, 0x10, 0xc5, 0x08, 0xc5, 0x10, 0xc5, 0x10, 0xc4, 0x10,
    0xc5, 0x10, 0xc5, 0x08, 0xc5, 0x10, 0xc4, 0x10, 0xe5, 0x10, 0xc5, 0x08,
    0xc5, 0x10, 0xc5, 0x10, 0xc4, 0x10, 0xe5, 0x10, 0xc5, 0x10, 0xc5, 0x10,
    0xc5, 0x10, 0xc4, 0x10, 0xc5, 0x10, 0xe5, 0x10, 0xc5, 0x10, 0xc5, 0x10,
    0xc5, 0x10, 0xc4, 0x10, 0xe5, 0x10, 0xc4, 0x10, 0xc5, 0x10, 0xe5, 0x10,
    0xc5, 0x10, 0xc4, 0x10, 0xc5, 0x10, 0xc5, 0x10, 0xc4, 0x10, 0xe5, 0x10,
    0xc5, 0x08, 0xc4, 0x10, 0xe5, 0x10, 0xe5, 0x10, 0xc5, 0x10, 0xc5, 0x10,
    0xe4, 0x10, 0xc4, 0x10, 0xe5, 0x10, 0xc5, 0x10, 0xc4, 0x10, 0xc5, 0x10,
    0xc5, 0x10, 0xc4, 0x08, 0xc5, 0x10, 0xc5, 0x10, 0xe5, 0x10, 0xc5, 0x10,
    0xc4, 0x10, 0xc5, 0x10, 0xc5, 0x10, 0x67, 0x21, 0x1c, 0xdf, 0xff, 0xff,
    0xff, 0xff, 0x59, 0xce, 0x46, 0x21, 0xc5, 0x10, 0xc5, 0x10, 0xc5, 0x10,
    0xc5, 0x10, 0xc5, 0x08, 0xc5, 0x10, 0xc4, 0x10, 0xc4, 0x10, 0xe5, 0x10,
    0x67, 0x21, 0xc4, 0x10, 0xc5, 0x10, 0xc5, 0x10, 0xc4, 0x10, 0xc5, 0x10,
    0xc5, 0x10, 0xe5, 0x10, 0x46, 0x19, 0x4a, 0x42, 0x05, 0x11, 0xc5, 0x10,
    0xc4, 0x10, 0xe5, 0x10, 0xe5, 0x10, 0xe9, 0x31, 0xd4, 0x94, 0x5d, 0xef,
    0xff, 0xff, 0xff, 0xff, 0xff, 0xff, 0xff, 0xff, 0xff, 0xff, 0xff, 0xff,
    0x15, 0xa5, 0x06, 0x19, 0xc5, 0x10, 0xc5, 0x10, 0xc5, 0x10, 0xc5, 0x10,
    0xc5, 0x10, 0xc5, 0x10, 0xe5, 0x10, 0xc4, 0x10, 0xc5, 0x10, 0xc5, 0x10,
    0xc5, 0x10, 0xc5, 0x10, 0xc5, 0x10, 0xc5, 0x10, 0xc5, 0x10, 0xe5, 0x10,
    0x2a, 0x3a, 0x2e, 0x5b, 0x55, 0x4c, 0x3a, 0x4d, 0x9b, 0x55, 0x9c, 0x55,
    0x9c, 0x55, 0x9c, 0x55, 0x9c, 0x55, 0x9c, 0x55, 0x9c, 0x55, 0x9c, 0x55,
    0x9b, 0x55, 0x9b, 0x55, 0x5a, 0x4d, 0x3a, 0x4d, 0x19, 0x4d, 0x19, 0x4d,
    0x3a, 0x4d, 0x5a, 0x4d, 0x7b, 0x55, 0x9b, 0x55, 0x9b, 0x55, 0x9c, 0x55,
    0x7b, 0x55, 0xd8, 0x4c, 0x47, 0x11, 0xc5, 0x10, 0xe5, 0x10, 0xc4, 0x10,
    0xe5, 0x10, 0x76, 0xad, 0xff, 0xff, 0xdf, 0xff, 0x2e, 0x63, 0xc5, 0x10,
    0xc5, 0x10, 0xe4, 0x10, 0x09, 0x3a, 0xd0, 0x73, 0xd0, 0x73, 0xd0, 0x73,
    0xd0, 0x73, 0xf0, 0x73, 0xf0, 0x7b, 0xf0, 0x7b, 0xf0, 0x7b, 0xf0, 0x7b,
    0x11, 0x7c, 0x11, 0x7c, 0x11, 0x7c, 0x11, 0x7c, 0x11, 0x84, 0x11, 0x84,
    0x31, 0x84, 0x31, 0x7c, 0x31, 0x84, 0x31, 0x84, 0x32, 0x84, 0x51, 0x84,
    0x31, 0x84, 0x52, 0x84, 0x31, 0x84, 0x31, 0x84, 0x52, 0x84, 0x51, 0x84,
    0x52, 0x84, 0x4a, 0x42, 0xc5, 0x10, 0xc5, 0x10, 0xc4, 0x10, 0xe5, 0x08,
    0xe5, 0x10, 0x15, 0x9d, 0xff, 0xff, 0xff, 0xff, 0xff, 0xff, 0xff, 0xff,
    0xdf, 0xff, 0x7e, 0xef, 0x4e, 0x63, 0xb3, 0x94, 0x9e, 0xf7, 0xf8, 0xbd,
    0xb0, 0x73, 0xe9, 0x31, 0x25, 0x19, 0x05, 0x19, 0x76, 0xad, 0xff, 0xff,
    0xff, 0xff, 0xff, 0xff, 0xff, 0xff, 0xff, 0xff, 0xff, 0xff, 0xff, 0xff,
    0xff, 0xff, 0xff, 0xff, 0xff, 0xff, 0xff, 0xff, 0xff, 0xff, 0xff, 0xff,
    0xff, 0xff, 0xff, 0xff, 0xff, 0xff, 0xff, 0xff, 0x72, 0x8c, 0xe5, 0x10,
    0x8b, 0x4a, 0xdf, 0xff, 0xff, 0xff, 0xff, 0xff, 0xff, 0xff, 0xff, 0xff,
    0x9e, 0xf7, 0xed, 0x52, 0xe5, 0x10, 0x4a, 0x42, 0x9e, 0xf7, 0xff, 0xff,
    0xff, 0xff, 0x9e, 0xf7, 0x0a, 0x3a, 0xe5, 0x10, 0xc5, 0x10, 0xc5, 0x10,
    0xc5, 0x10, 0xe5, 0x10, 0xe5, 0x10, 0xc4, 0x10, 0xc4, 0x10, 0xe5, 0x08,
    0xc5, 0x10, 0xc5, 0x10, 0xc4, 0x10, 0xc5, 0x10, 0xc4, 0x10, 0xe5, 0x10,
    0xc5, 0x10, 0xc4, 0x08, 0xc5, 0x10, 0xc5, 0x10, 0xe5, 0x10, 0xc4, 0x10,
    0xc5, 0x08, 0xc5, 0x10, 0xc4, 0x10, 0xc5, 0x08, 0xc4, 0x10, 0xe5, 0x10,
    0xc5, 0x08, 0xc4, 0x10, 0xc5, 0x10, 0xc5, 0x10, 0xc5, 0x10, 0xc4, 0x10,
    0xc5, 0x10, 0xc5, 0x10, 0xe4, 0x10, 0xc5, 0x10, 0xc4, 0x10, 0xe5, 0x10,
    0xc5, 0x10, 0xc5, 0x10, 0xc5, 0x08, 0xc4, 0x10, 0xc5, 0x10, 0xe5, 0x10,
    0xc5, 0x08, 0xc5, 0x10, 0xc5, 0x10, 0xc4, 0x08, 0xe5, 0x10, 0xc5, 0x10,
    0xc5, 0x10, 0xe5, 0x10, 0xc5, 0x10, 0xc5, 0x08, 0xc4, 0x10, 0xc5, 0x10,
    0xe5, 0x10, 0xc5, 0x08, 0xc5, 0x10, 0xe4, 0x10, 0xb3, 0x94, 0xff, 0xff,
    0xff, 0xff, 0xdf, 0xf7, 0xcc, 0x52, 0xc5, 0x10, 0xc5, 0x10, 0xc4, 0x10,
    0xc4, 0x10, 0xe5, 0x10, 0xc5, 0x10, 0xc5, 0x10, 0xc5, 0x10, 0xe5, 0x10,
    0xc5, 0x10, 0xc5, 0x10, 0xc4, 0x10, 0xc5, 0x10, 0xc5, 0x10, 0xe5, 0x10,
    0xc4, 0x10, 0xc4, 0x08, 0xc5, 0x10, 0xc5, 0x10, 0xc5, 0x10, 0xc5, 0x10,
    0xc5, 0x10, 0xc4, 0x10, 0xc5, 0x10, 0xc5, 0x10, 0xe5, 0x10, 0x09, 0x3a,
    0x92, 0x8c, 0xbb, 0xd6, 0xdf, 0xff, 0xff, 0xff, 0xff, 0xff, 0xff, 0xff,
    0xdf, 0xff, 0xb3, 0x94, 0x05, 0x19, 0xc5, 0x10, 0xc5, 0x10, 0xc4, 0x08,
    0xe4, 0x10, 0xc5, 0x10, 0xc5, 0x10, 0xc5, 0x08, 0xc5, 0x10, 0xe5, 0x10,
    0xc4, 0x10, 0xe5, 0x10, 0xe5, 0x10, 0xa8, 0x31, 0x6e, 0x63, 0xd7, 0xb5,
    0x5d, 0xef, 0xdf, 0xff, 0x9f, 0xe7, 0xdd, 0xb6, 0xfc, 0x7d, 0x9b, 0x55,
    0x9c, 0x55, 0x9c, 0x55, 0x9b, 0x55, 0x9c, 0x55, 0x9c, 0x55, 0x9b, 0x55,
    0x5b, 0x4d, 0x0f, 0x2b, 0xa9, 0x19, 0x68, 0x19, 0x88, 0x19, 0x68, 0x19,
    0x88, 0x19, 0x88, 0x19, 0xc9, 0x19, 0x4c, 0x22, 0xef, 0x2a, 0xd3, 0x3b,
    0xb7, 0x44, 0x3a, 0x4d, 0x0a, 0x22, 0xc5, 0x10, 0xc5, 0x10, 0xc5, 0x10,
    0xe5, 0x10, 0x8f, 0x6b, 0xff, 0xff, 0xff, 0xff, 0x14, 0x9d, 0xe5, 0x10,
    0xc5, 0x10, 0xc5, 0x10, 0xc5, 0x10, 0xe5, 0x10, 0xe5, 0x10, 0xe5, 0x10,
    0xc5, 0x10, 0xe5, 0x10, 0xe5, 0x10, 0xc5, 0x10, 0xc5, 0x10, 0xe5, 0x10,
    0xe5, 0x10, 0xe5, 0x10, 0xc5, 0x10, 0xe4, 0x10, 0xe5, 0x10, 0xe5, 0x10,
    0xe5, 0x10, 0xc5, 0x10, 0xe5, 0x10, 0xe5, 0x10, 0xe5, 0x10, 0xe5, 0x10,
    0xc5, 0x10, 0xe5, 0x10, 0xe5, 0x10, 0xe5, 0x10, 0xe5, 0x10, 0xc5, 0x10,
    0xc5, 0x10, 0xc5, 0x10, 0xc4, 0x10, 0xc5, 0x10, 0xe5, 0x10, 0xc5, 0x10,
    0xc4, 0x10, 0x2d, 0x5b, 0xdf, 0xff, 0xff, 0xff, 0xff, 0xff, 0x7a, 0xce,
    0xec, 0x5a, 0x6b, 0x4a, 0x7a, 0xce, 0xd7, 0xb5, 0x2a, 0x42, 0x26, 0x19,
    0xe5, 0x10, 0xc5, 0x10, 0xc5, 0x10, 0xe5, 0x10, 0x8b, 0x4a, 0x9a, 0xd6,
    0xff, 0xff, 0xff, 0xff, 0xff, 0xff, 0xff, 0xff, 0xff, 0xff, 0xff, 0xff,
    0xff, 0xff, 0xff, 0xff, 0xff, 0xff, 0xff, 0xff, 0xff, 0xff, 0xff, 0xff,
    0xff, 0xff, 0xff, 0xff, 0xff, 0xff, 0xff, 0xff, 0x73, 0x8c, 0xe5, 0x10,
    0x6b, 0x4a, 0xdf, 0xff, 0xff, 0xff, 0xff, 0xff, 0xff, 0xff, 0xdf, 0xff,
    0x72, 0x8c, 0xe5, 0x10, 0x67, 0x29, 0x9a, 0xd6, 0xff, 0xff, 0xff, 0xff,
    0xff, 0xff, 0x8f, 0x6b, 0xe5, 0x10, 0xc5, 0x10, 0xc5, 0x10, 0xc4, 0x10,
    0xc4, 0x10, 0xc5, 0x10, 0xc5, 0x10, 0xe5, 0x10, 0xc5, 0x10, 0xc5, 0x10,
    0xe5, 0x10, 0xc4, 0x10, 0xe5, 0x08, 0xe5, 0x10, 0xc5, 0x10, 0xc4, 0x10,
    0xc5, 0x10, 0xe5, 0x10, 0xe5, 0x10, 0xc5, 0x10, 0xc4, 0x08, 0xe5, 0x10,
    0xc5, 0x10, 0xe4, 0x10, 0xe5, 0x10, 0xc5, 0x10, 0xc5, 0x10, 0xc4, 0x10,
    0xe5, 0x10, 0xc5, 0x10, 0xc5, 0x10, 0xc5, 0x08, 0xe4, 0x10, 0xc5, 0x10,
    0xc5, 0x10, 0xc5, 0x10, 0xc5, 0x10, 0xe5, 0x08, 0xc5, 0x10, 0xc5, 0x10,
    0xc4, 0x10, 0xe5, 0x10, 0xc5, 0x10, 0xc5, 0x10, 0xc4, 0x10, 0xc5, 0x10,
    0xc5, 0x10, 0xc5, 0x10, 0xe5, 0x10, 0xc5, 0x10, 0xc5, 0x10, 0xe5, 0x10,
    0xc4, 0x08, 0xc5, 0x10, 0xe5, 0x10, 0xc4, 0x10, 0xc5, 0x10, 0xe5, 0x10,
    0xc5, 0x10, 0xe5, 0x10, 0xc4, 0x10, 0xc5, 0x08, 0x4a, 0x42, 0x7e, 0xf7,
    0xff, 0xff, 0xff, 0xff, 0x56, 0xad, 0x05, 0x11, 0xc5, 0x10, 0xc5, 0x10,
    0xe5, 0x10, 0x26, 0x11, 0x6c, 0x22, 0x06, 0x11, 0xc5, 0x10, 0xc5, 0x10,
    0xc5, 0x10, 0xc5, 0x10, 0xe5, 0x10, 0xe5, 0x10, 0xc5, 0x08, 0xc5, 0x10,
    0xe5, 0x10, 0xc5, 0x10, 0xc4, 0x10, 0xc5, 0x10, 0xe5, 0x10, 0xc5, 0x10,
    0xc5, 0x10, 0xe5, 0x10, 0xc5, 0x10, 0xc5, 0x10, 0xc4, 0x08, 0xe5, 0x10,
    0xe5, 0x10, 0x87, 0x21, 0xcc, 0x52, 0xb3, 0x94, 0x39, 0xc6, 0x1c, 0xe7,
    0xbf, 0xff, 0xdf, 0xff, 0xf1, 0x7b, 0xc5, 0x10, 0xc4, 0x10, 0xe5, 0x10,
    0xc5, 0x10, 0xc4, 0x10, 0xc5, 0x10, 0xc4, 0x10, 0xe5, 0x10, 0xc5, 0x10,
    0xa7, 0x29, 0xf0, 0x73, 0xd7, 0xb5, 0x1c, 0xe7, 0xdf, 0xff, 0xff, 0xff,
    0xff, 0xff, 0xff, 0xff, 0xff, 0xff, 0xff, 0xff, 0xdf, 0xf7, 0x1e, 0xcf,
    0x1c, 0x86, 0x9b, 0x5d, 0x9c, 0x55, 0x9c, 0x55, 0x9b, 0x55, 0x9b, 0x55,
    0x9c, 0x55, 0x3a, 0x4d, 0x76, 0x44, 0xef, 0x2a, 0x68, 0x19, 0xe5, 0x10,
    0xc5, 0x10, 0xc5, 0x10, 0xc5, 0x10, 0xc5, 0x10, 0xe5, 0x10, 0xe5, 0x10,
    0x26, 0x11, 0xa9, 0x19, 0x47, 0x19, 0xc5, 0x10, 0xc5, 0x10, 0xe4, 0x10,
    0xc5, 0x10, 0x09, 0x3a, 0x7e, 0xef, 0xff, 0xff, 0xbb, 0xd6, 0x06, 0x19,
    0xc4, 0x10, 0xc5, 0x10, 0xc5, 0x10, 0xc5, 0x10, 0xc4, 0x10, 0xc5, 0x10,
    0xc5, 0x10, 0xc4, 0x10, 0xc5, 0x10, 0xc5, 0x10, 0xc4, 0x10, 0xc5, 0x10,
    0xc5, 0x10, 0xc5, 0x10, 0xc5, 0x10, 0xc5, 0x10, 0xc5, 0x10, 0xc5, 0x10,
    0xc5, 0x10, 0xc4, 0x10, 0xc5, 0x10, 0xc5, 0x10, 0xc5, 0x10, 0xc5, 0x10,
    0xc5, 0x10, 0xc5, 0x10, 0xc5, 0x10, 0xc5, 0x10, 0xc5, 0x10, 0xc5, 0x10,
    0xc4, 0x10, 0xc5, 0x10, 0xc5, 0x10, 0xe4, 0x10, 0xc5, 0x10, 0xc5, 0x10,
    0xc5, 0x10, 0xa8, 0x29, 0x5d, 0xef, 0xff, 0xff, 0xff, 0xff, 0x7e, 0xf7,
    0x39, 0xc6, 0x96, 0xad, 0x72, 0x8c, 0xb7, 0xb5, 0xf4, 0x9c, 0x6b, 0x4a,
    0x26, 0x19, 0xe5, 0x10, 0xc5, 0x10, 0xe5, 0x10, 0x6f, 0x6b, 0x3c, 0xe7,
    0xff, 0xff, 0xff, 0xff, 0xff, 0xff, 0xff, 0xff, 0xff, 0xff, 0xff, 0xff,
    0xff, 0xff, 0xff, 0xff, 0xff, 0xff, 0xff, 0xff, 0xff, 0xff, 0xff, 0xff,
    0xff, 0xff, 0xff, 0xff, 0xff, 0xff, 0xff, 0xff, 0x72, 0x8c, 0xe5, 0x10,
    0x6b, 0x4a, 0xdf, 0xff, 0xff, 0xff, 0xff, 0xff, 0xff, 0xff, 0xb7, 0xb5,
    0x26, 0x19, 0x06, 0x19, 0x55, 0xad, 0xff, 0xff, 0xff, 0xff, 0xff, 0xff,
    0x76, 0xad, 0x05, 0x19, 0xc5, 0x10, 0xe4, 0x10, 0xc5, 0x10, 0xc5, 0x08,
    0xe5, 0x10, 0xc5, 0x10, 0xc4, 0x08, 0xc5, 0x10, 0xe5, 0x10, 0xc5, 0x10,
    0xc5, 0x10, 0xc4, 0x10, 0xc5, 0x10, 0xc5, 0x10, 0xc5, 0x08, 0xc5, 0x10,
    0xc4, 0x10, 0xc5, 0x10, 0xc5, 0x10, 0xc4, 0x10, 0xc5, 0x10, 0xc5, 0x10,
    0xc5, 0x10, 0xc5, 0x08, 0xc5, 0x10, 0xe5, 0x10, 0xc5, 0x08, 0xe5, 0x10,
    0xc5, 0x10, 0xc5, 0x10, 0xe4, 0x10, 0xe5, 0x10, 0xc5, 0x10, 0xe5, 0x10,
    0xc5, 0x10, 0xc4, 0x10, 0xe5, 0x10, 0xc5, 0x10, 0xc4, 0x10, 0xc5, 0x10,
    0xc5, 0x08, 0xc4, 0x10, 0xe5, 0x10, 0xc4, 0x10, 0xe5, 0x10, 0xc5, 0x08,
    0xc4, 0x10, 0xe4, 0x10, 0xc5, 0x10, 0xc4, 0x10, 0xc5, 0x10, 0xc5, 0x10,
    0xe4, 0x10, 0xc5, 0x10, 0xc5, 0x10, 0xc4, 0x10, 0xe5, 0x10, 0xc5, 0x10,
    0xc4, 0x08, 0xc4, 0x10, 0xc5, 0x10, 0xc5, 0x10, 0x05, 0x11, 0xd8, 0xbd,
    0xff, 0xff, 0xff, 0xff, 0x5d, 0xef, 0x09, 0x3a, 0xc5, 0x10, 0xc5, 0x10,
    0xc5, 0x10, 0x06, 0x11, 0x35, 0x3c, 0x55, 0x44, 0x0b, 0x22, 0xe5, 0x10,
    0xc5, 0x10, 0xc5, 0x10, 0xc5, 0x10, 0xc5, 0x10, 0xc4, 0x10, 0xe4, 0x10,
    0xc5, 0x10, 0xc5, 0x10, 0xc5, 0x10, 0xe5, 0x10, 0xc5, 0x10, 0xc4, 0x10,
    0xe4, 0x10, 0xc5, 0x08, 0xc4, 0x10, 0xe5, 0x10, 0xe5, 0x10, 0xc5, 0x10,
    0xc4, 0x10, 0xc5, 0x08, 0xc5, 0x10, 0xe5, 0x10, 0x26, 0x19, 0xc8, 0x29,
    0x6a, 0x42, 0x4e, 0x63, 0x6e, 0x63, 0xe5, 0x10, 0xc5, 0x10, 0xc5, 0x10,
    0xc5, 0x10, 0xc5, 0x08, 0xe5, 0x10, 0xe5, 0x10, 0xc4, 0x10, 0xc5, 0x08,
    0x4e, 0x63, 0xdb, 0xde, 0xbf, 0xf7, 0xff, 0xff, 0xff, 0xff, 0xff, 0xff,
    0xff, 0xff, 0xff, 0xff, 0xff, 0xff, 0xff, 0xff, 0xff, 0xff, 0xff, 0xff,
    0xff, 0xff, 0x3e, 0xd7, 0x3c, 0x8e, 0x9b, 0x55, 0x9c, 0x55, 0x9c, 0x55,
    0x9b, 0x55, 0x9b, 0x55, 0x9b, 0x55, 0x9c, 0x55, 0xf9, 0x4c, 0x71, 0x33,
    0x88, 0x19, 0xc5, 0x10, 0xc5, 0x10, 0xc4, 0x10, 0xc5, 0x10, 0xc5, 0x10,
    0xe4, 0x10, 0xc5, 0x10, 0xc5, 0x10, 0xc5, 0x10, 0xe5, 0x10, 0xc4, 0x08,
    0xc5, 0x10, 0x46, 0x19, 0x7a, 0xce, 0xff, 0xff, 0x7e, 0xf7, 0x2a, 0x42,
    0xc5, 0x10, 0xe4, 0x10, 0xc5, 0x10, 0xc5, 0x08, 0xe5, 0x10, 0xc5, 0x10,
    0xe5, 0x10, 0xe5, 0x10, 0xc5, 0x10, 0xe5, 0x10, 0xe5, 0x10, 0xe5, 0x10,
    0xc5, 0x10, 0xc5, 0x10, 0xe5, 0x10, 0xc5, 0x10, 0xe5, 0x10, 0xc5, 0x10,
    0xc5, 0x10, 0xe5, 0x10, 0xc5, 0x10, 0xe5, 0x10, 0xc5, 0x10, 0xe5, 0x10,
    0xe5, 0x10, 0xe5, 0x10, 0xc5, 0x10, 0xc5, 0x10, 0xe5, 0x10, 0xe5, 0x10,
    0xe5, 0x10, 0xc5, 0x10, 0xc5, 0x10, 0xc5, 0x10, 0xc5, 0x10, 0xc4, 0x10,
    0xe5, 0x08, 0xe5, 0x10, 0x19, 0xc6, 0xff, 0xff, 0xff, 0xff, 0xff, 0xff,
    0xff, 0xff, 0x5d, 0xef, 0x09, 0x3a, 0x6f, 0x6b, 0xff, 0xff, 0x9e, 0xf7,
    0x39, 0xc6, 0x11, 0x7c, 0x0a, 0x3a, 0x26, 0x21, 0xd4, 0x9c, 0xff, 0xff,
    0xff, 0xff, 0xff, 0xff, 0xff, 0xff, 0xff, 0xff, 0xff, 0xff, 0xdf, 0xff,
    0xff, 0xff, 0xff, 0xff, 0xff, 0xff, 0xff, 0xff, 0xff, 0xff, 0xff, 0xff,
    0xff, 0xff, 0xff, 0xff, 0xff, 0xff, 0xff, 0xff, 0x72, 0x8c, 0xe5, 0x10,
    0x4b, 0x42, 0xdf, 0xff, 0xff, 0xff, 0xff, 0xff, 0xdb, 0xde, 0xc9, 0x31,
    0xe5, 0x10, 0xd0, 0x73, 0xdf, 0xff, 0xff, 0xff, 0xff, 0xff, 0xfc, 0xde,
    0x67, 0x21, 0xc5, 0x10, 0xc5, 0x10, 0xc5, 0x10, 0xe4, 0x10, 0xc5, 0x10,
    0xc5, 0x10, 0xe4, 0x10, 0xc5, 0x10, 0xc4, 0x10, 0xc5, 0x10, 0xc5, 0x08,
    0xc4, 0x10, 0xe5, 0x10, 0xc5, 0x10, 0xc5, 0x10, 0xc4, 0x10, 0xe5, 0x10,
    0xe5, 0x10, 0xc5, 0x08, 0xc4, 0x10, 0xc5, 0x10, 0xe5, 0x10, 0xc5, 0x10,
    0xc5, 0x10, 0xe4, 0x10, 0xc5, 0x10, 0xc4, 0x10, 0xc4, 0x10, 0xc5, 0x10,
    0xc5, 0x10, 0xc4, 0x08, 0xc5, 0x10, 0xc5, 0x10, 0xc5, 0x10, 0xc4, 0x08,
    0xc5, 0x10, 0xc5, 0x10, 0xc4, 0x10, 0xc5, 0x10, 0xc5, 0x10, 0xe5, 0x10,
    0xc5, 0x10, 0xe5, 0x10, 0xc5, 0x08, 0xc5, 0x10, 0xc5, 0x10, 0xe5, 0x10,
    0xc5, 0x10, 0xc5, 0x10, 0xc5, 0x10, 0xc5, 0x08, 0xe4, 0x10, 0xc5, 0x10,
    0xc5, 0x10, 0xc4, 0x10, 0xc5, 0x10, 0xe5, 0x08, 0xc5, 0x10, 0xc4, 0x10,
    0xc5, 0x10, 0xc5, 0x10, 0xc5, 0x10, 0xe5, 0x10, 0xc5, 0x10, 0x2d, 0x5b,
    0xdf, 0xff, 0xff, 0xff, 0xff, 0xff, 0x52, 0x84, 0xe5, 0x10, 0xc5, 0x10,
    0xc4, 0x10, 0xc5, 0x10, 0xae, 0x2a, 0x9b, 0x55, 0x5a, 0x4d, 0xf4, 0x3b,
    0x0a, 0x22, 0xe5, 0x10, 0xc5, 0x10, 0xc5, 0x10, 0xc5, 0x10, 0xc5, 0x10,
    0xce, 0x2a, 0xa9, 0x19, 0xe5, 0x10, 0xc5, 0x10, 0xc4, 0x10, 0xe5, 0x10,
    0xc5, 0x10, 0xc5, 0x10, 0xc5, 0x10, 0xc4, 0x10, 0xc5, 0x10, 0xc5, 0x10,
    0xc5, 0x10, 0xc5, 0x10, 0xc5, 0x10, 0xc4, 0x10, 0xc5, 0x10, 0xc5, 0x10,
    0xc5, 0x10, 0xe5, 0x10, 0xe5, 0x10, 0xc5, 0x10, 0xc5, 0x10, 0xc4, 0x10,
    0xe5, 0x10, 0xc5, 0x10, 0xc4, 0x10, 0xc5, 0x10, 0xc5, 0x10, 0xc5, 0x10,
    0xe5, 0x10, 0x87, 0x29, 0x8c, 0x4a, 0x97, 0xb5, 0xff, 0xff, 0xff, 0xff,
    0xff, 0xff, 0xff, 0xff, 0xff, 0xff, 0xff, 0xff, 0xff, 0xff, 0xff, 0xff,
    0xff, 0xff, 0xff, 0xff, 0xff, 0xff, 0x3e, 0xd7, 0x1c, 0x86, 0x9c, 0x55,
    0x9c, 0x55, 0x9b, 0x55, 0x9c, 0x55, 0x9b, 0x55, 0x9b, 0x55, 0x9b, 0x55,
    0x19, 0x4d, 0x10, 0x33, 0x47, 0x11, 0xc5, 0x10, 0xc5, 0x10, 0xc5, 0x10,
    0xc5, 0x10, 0xc5, 0x10, 0xe4, 0x10, 0xc4, 0x10, 0xc5, 0x10, 0xc5, 0x10,
    0xc5, 0x10, 0xe5, 0x10, 0xd3, 0x94, 0xff, 0xff, 0xff, 0xff, 0xd0, 0x73,
    0xc5, 0x10, 0xc5, 0x10, 0xe4, 0x10, 0x26, 0x19, 0x35, 0xa5, 0x35, 0xa5,
    0x35, 0xa5, 0x35, 0xa5, 0x35, 0xa5, 0x15, 0xa5, 0x15, 0x9d, 0x15, 0x9d,
    0x14, 0x9d, 0x14, 0xa5, 0x14, 0x9d, 0xf4, 0x9c, 0xf4, 0x9c, 0xf4, 0x9c,
    0xf4, 0x9c, 0xf4, 0x9c, 0xd4, 0x94, 0xd4, 0x94, 0xd3, 0x94, 0xb3, 0x94,
    0xb3, 0x94, 0xb3, 0x94, 0xb3, 0x94, 0xb3, 0x94, 0x93, 0x94, 0x93, 0x94,
    0x93, 0x8c, 0x93, 0x8c, 0x6e, 0x6b, 0xc5, 0x10, 0xc5, 0x10, 0xc4, 0x10,
    0xc5, 0x10, 0xe5, 0x10, 0x51, 0x84, 0xff, 0xff, 0xff, 0xff, 0xff, 0xff,
    0xff, 0xff, 0xff, 0xff, 0x32, 0x84, 0xb7, 0xb5, 0xff, 0xff, 0xff, 0xff,
    0xff, 0xff, 0xff, 0xff, 0x7d, 0xef, 0x39, 0xc6, 0x56, 0xad, 0xff, 0xff,
    0xff, 0xff, 0xff, 0xff, 0xff, 0xff, 0xff, 0xff, 0xbb, 0xd6, 0x52, 0x84,
    0xff, 0xff, 0xff, 0xff, 0xff, 0xff, 0xdf, 0xff, 0x1c, 0xe7, 0x76, 0xad,
    0x8f, 0x6b, 0xbb, 0xd6, 0xff, 0xff, 0xff, 0xff, 0x72, 0x8c, 0xe5, 0x10,
    0x4a, 0x42, 0xbf, 0xff, 0xff, 0xff, 0x5d, 0xef, 0xcc, 0x52, 0xe5, 0x10,
    0x8b, 0x4a, 0x7e, 0xf7, 0xff, 0xff, 0xff, 0xff, 0x9e, 0xf7, 0xac, 0x4a,
    0xe5, 0x10, 0xc5, 0x10, 0xc5, 0x10, 0xc5, 0x10, 0xc5, 0x10, 0xc5, 0x10,
    0xe4, 0x10, 0xc5, 0x10, 0xe5, 0x10, 0xc5, 0x10, 0xc4, 0x10, 0xc5, 0x10,
    0xe4, 0x10, 0xc5, 0x08, 0xc5, 0x10, 0xe5, 0x10, 0xc4, 0x10, 0xc5, 0x10,
    0xc5, 0x10, 0xe5, 0x10, 0xc5, 0x10, 0xc5, 0x10, 0xe4, 0x08, 0xc4, 0x10,
    0xc5, 0x10, 0xc4, 0x10, 0xc5, 0x10, 0xc5, 0x10, 0xc5, 0x10, 0xe5, 0x10,
    0xc4, 0x10, 0xc5, 0x10, 0xe5, 0x10, 0xc5, 0x10, 0xc4, 0x10, 0xc5, 0x10,
    0xc5, 0x10, 0xc5, 0x10, 0xe5, 0x10, 0xc5, 0x08, 0xc4, 0x10, 0xe5, 0x10,
    0xc4, 0x10, 0xc5, 0x10, 0xc5, 0x10, 0xc4, 0x10, 0xe5, 0x10, 0xc4, 0x10,
    0xc5, 0x10, 0xe5, 0x08, 0xc5, 0x10, 0xc4, 0x10, 0xe5, 0x10, 0xc5, 0x10,
    0xc5, 0x08, 0xc5, 0x10, 0xe5, 0x10, 0xc5, 0x10, 0xc5, 0x10, 0xc5, 0x10,
    0xc5, 0x10, 0xe5, 0x10, 0xe5, 0x10, 0xc4, 0x08, 0xc5, 0x10, 0x46, 0x21,
    0xbb, 0xd6, 0xff, 0xff, 0xff, 0xff, 0xbb, 0xd6, 0x67, 0x29, 0xc5, 0x10,
    0xe5, 0x10, 0xe5, 0x10, 0x67, 0x19, 0xf9, 0x4c, 0x9c, 0x55, 0x9b, 0x55,
    0x5a, 0x4d, 0xf4, 0x3b, 0x0b, 0x22, 0x05, 0x11, 0xc5, 0x10, 0xc5, 0x10,
    0xf9, 0x4c, 0x19, 0x4d, 0xae, 0x2a, 0xe5, 0x10, 0xc5, 0x10, 0xc5, 0x10,
    0xc5, 0x10, 0xc5, 0x10, 0xc5, 0x10, 0xe5, 0x08, 0xc4, 0x10, 0xc5, 0x10,
    0xe5, 0x10, 0xc4, 0x10, 0xe5, 0x10, 0xc5, 0x10, 0xc4, 0x10, 0xc5, 0x10,
    0xc5, 0x10, 0xc5, 0x10, 0xc4, 0x10, 0xc5, 0x10, 0xc4, 0x10, 0xe5, 0x10,
    0xc5, 0x10, 0xc4, 0x10, 0xc5, 0x10, 0xc5, 0x10, 0xc5, 0x10, 0xc5, 0x10,
    0x05, 0x19, 0x4a, 0x42, 0x35, 0xa5, 0x7e, 0xef, 0xff, 0xff, 0xff, 0xff,
    0xff, 0xff, 0xff, 0xff, 0xff, 0xff, 0xff, 0xff, 0xff, 0xff, 0xff, 0xff,
    0xff, 0xff, 0xff, 0xff, 0xff, 0xff, 0xff, 0xff, 0xdf, 0xff, 0xfd, 0xc6,
    0xdc, 0x6d, 0x9c, 0x55, 0x9c, 0x55, 0x9c, 0x55, 0x9c, 0x55, 0x9c, 0x55,
    0x9c, 0x55, 0x9c, 0x55, 0x97, 0x44, 0x2b, 0x22, 0xe5, 0x10, 0xc5, 0x10,
    0xc4, 0x10, 0xe5, 0x10, 0xc5, 0x10, 0xc5, 0x08, 0xc5, 0x10, 0xe4, 0x10,
    0xc5, 0x10, 0xc5, 0x10, 0x0d, 0x53, 0xff, 0xff, 0xff, 0xff, 0x96, 0xb5,
    0xc5, 0x10, 0xc5, 0x10, 0xc5, 0x10, 0x06, 0x19, 0x3d, 0xe7, 0xff, 0xff,
    0xff, 0xff, 0xff, 0xff, 0xff, 0xff, 0xff, 0xff, 0xff, 0xff, 0xff, 0xff,
    0xff, 0xff, 0xff, 0xff, 0xff, 0xff, 0xff, 0xff, 0xff, 0xff, 0xff, 0xff,
    0xff, 0xff, 0xff, 0xff, 0xff, 0xff, 0xff, 0xff, 0xff, 0xff, 0xff, 0xff,
    0xff, 0xff, 0xff, 0xff, 0xff, 0xff, 0xff, 0xff, 0xff, 0xff, 0xff, 0xff,
    0xff, 0xff, 0xff, 0xff, 0xfc, 0xde, 0x05, 0x19, 0xc5, 0x10, 0xc5, 0x10,
    0xe5, 0x10, 0xc5, 0x10, 0x8b, 0x4a, 0x9e, 0xf7, 0xff, 0xff, 0xff, 0xff,
    0xff, 0xff, 0xff, 0xff, 0xbe, 0xf7, 0xbf, 0xff, 0xff, 0xff, 0xff, 0xff,
    0xff, 0xff, 0xff, 0xff, 0xff, 0xff, 0xff, 0xff, 0xff, 0xff, 0xff, 0xff,
    0xff, 0xff, 0xff, 0xff, 0xff, 0xff, 0x9e, 0xf7, 0x96, 0xad, 0x09, 0x3a,
    0xbe, 0xf7, 0x3d, 0xe7, 0x96, 0xb5, 0x4e, 0x63, 0xc8, 0x31, 0xe5, 0x10,
    0x6b, 0x4a, 0x9e, 0xf7, 0xff, 0xff, 0xff, 0xff, 0x73, 0x8c, 0xe5, 0x10,
    0x2a, 0x42, 0xbe, 0xf7, 0xdf, 0xff, 0xf1, 0x7b, 0xe5, 0x10, 0xc8, 0x31,
    0xbb, 0xd6, 0xff, 0xff, 0xff, 0xff, 0xdf, 0xff, 0x11, 0x7c, 0xc5, 0x10,
    0xc4, 0x10, 0xc5, 0x10, 0xe5, 0x10, 0xe4, 0x10, 0xc5, 0x10, 0xc5, 0x08,
    0xc5, 0x10, 0xc5, 0x10, 0xc5, 0x08, 0xc5, 0x10, 0xe5, 0x10, 0xe5, 0x10,
    0xc5, 0x10, 0xc5, 0x10, 0xc5, 0x10, 0xc4, 0x10, 0xe5, 0x08, 0xc5, 0x10,
    0xc5, 0x10, 0xc4, 0x10, 0xe4, 0x10, 0xc5, 0x10, 0xc5, 0x10, 0xc5, 0x10,
    0xe5, 0x10, 0xe5, 0x08, 0xc5, 0x10, 0xc5, 0x10, 0xe5, 0x08, 0xc4, 0x10,
    0xc5, 0x10, 0xe5, 0x10, 0xc5, 0x10, 0xc4, 0x08, 0xc5, 0x10, 0xe5, 0x10,
    0xc5, 0x10, 0xc4, 0x10, 0xc5, 0x10, 0xe5, 0x10, 0xc4, 0x10, 0xc5, 0x10,
    0xc5, 0x08, 0xc4, 0x10, 0xe5, 0x10, 0xc4, 0x10, 0xc5, 0x08, 0xc5, 0x10,
    0xc4, 0x10, 0xe5, 0x10, 0xc4, 0x10, 0xc5, 0x10, 0xc5, 0x10, 0xc5, 0x10,
    0xc4, 0x10, 0xe5, 0x10, 0xc5, 0x10, 0xc4, 0x10, 0xc5, 0x10, 0xe4, 0x10,
    0xe5, 0x08, 0xc5, 0x10, 0xc4, 0x10, 0xc5, 0x10, 0xe4, 0x10, 0xe5, 0x10,
    0x52, 0x84, 0xff, 0xff, 0xff, 0xff, 0xdf, 0xff, 0x6e, 0x6b, 0xc5, 0x10,
    0xc5, 0x10, 0xc4, 0x10, 0xe5, 0x10, 0xb2, 0x33, 0x9b, 0x55, 0x9c, 0x55,
    0x7c, 0x55, 0x9c, 0x55, 0x5a, 0x4d, 0x35, 0x3c, 0x4c, 0x22, 0x27, 0x19,
    0x5a, 0x4d, 0x9b, 0x55, 0x7b, 0x4d, 0xb2, 0x33, 0x27, 0x11, 0xc5, 0x10,
    0xc5, 0x10, 0xe4, 0x10, 0xe4, 0x10, 0xc5, 0x10, 0xc5, 0x10, 0xc5, 0x10,
    0xc4, 0x08, 0xe5, 0x10, 0xc5, 0x10, 0xe5, 0x08, 0xc5, 0x10, 0xe5, 0x10,
    0xe5, 0x10, 0xc5, 0x10, 0xc5, 0x10, 0xc5, 0x10, 0xc5, 0x10, 0xc5, 0x10,
    0xc5, 0x10, 0xe5, 0x10, 0xe5, 0x10, 0xe5, 0x10, 0x87, 0x29, 0xec, 0x52,
    0x96, 0xad, 0x7e, 0xf7, 0xff, 0xff, 0xff, 0xff, 0xff, 0xff, 0xff, 0xff,
    0xff, 0xff, 0xff, 0xff, 0xff, 0xff, 0xff, 0xff, 0xff, 0xff, 0xff, 0xff,
    0xff, 0xff, 0xff, 0xff, 0xff, 0xff, 0xff, 0xff, 0xdf, 0xf7, 0x7f, 0xe7,
    0x3e, 0xcf, 0xbb, 0x6d, 0x9c, 0x55, 0xbc, 0x55, 0x9c, 0x55, 0x9b, 0x55,
    0x9b, 0x55, 0x9b, 0x55, 0x9b, 0x55, 0x5a, 0x4d, 0x10, 0x33, 0x06, 0x11,
    0xc5, 0x10, 0xc5, 0x10, 0xc5, 0x10, 0xc5, 0x10, 0xe5, 0x10, 0xc5, 0x10,
    0xc4, 0x10, 0xc5, 0x10, 0xa8, 0x29, 0x3d, 0xe7, 0xff, 0xff, 0x1c, 0xe7,
    0x46, 0x21, 0xc5, 0x10, 0xc5, 0x10, 0xe5, 0x10, 0xf8, 0xbd, 0xff, 0xff,
    0xff, 0xff, 0xff, 0xff, 0xff, 0xff, 0xff, 0xff, 0xff, 0xff, 0xff, 0xff,
    0xff, 0xff, 0xff, 0xff, 0xff, 0xff, 0xff, 0xff, 0xff, 0xff, 0xff, 0xff,
    0xff, 0xff, 0xff, 0xff, 0xff, 0xff, 0xff, 0xff, 0xff, 0xff, 0xff, 0xff,
    0xff, 0xff, 0xff, 0xff, 0xff, 0xff, 0xff, 0xff, 0xff, 0xff, 0xff, 0xff,
    0xff, 0xff, 0xff, 0xff, 0xff, 0xff, 0xe9, 0x31, 0xc5, 0x10, 0xc4, 0x10,
    0xc5, 0x10, 0xc5, 0x10, 0x46, 0x19, 0xfc, 0xde, 0xff, 0xff, 0xff, 0xff,
    0xff, 0xff, 0xff, 0xff, 0xff, 0xff, 0xff, 0xff, 0xff, 0xff, 0xff, 0xff,
    0xff, 0xff, 0xff, 0xff, 0xff, 0xff, 0xff, 0xff, 0xff, 0xff, 0xff, 0xff,
    0xff, 0xff, 0xbf, 0xff, 0x52, 0x84, 0x4a, 0x42, 0x15, 0xa5, 0xbb, 0xd6,
    0x72, 0x8c, 0xc9, 0x31, 0xe5, 0x10, 0xc5, 0x10, 0xc5, 0x10, 0xc5, 0x10,
    0xa8, 0x29, 0xd7, 0xb5, 0xff, 0xff, 0xff, 0xff, 0x72, 0x8c, 0xe5, 0x10,
    0x0a, 0x3a, 0x7e, 0xf7, 0x35, 0xa5, 0x26, 0x19, 0x67, 0x21, 0xd7, 0xbd,
    0xff, 0xff, 0xff, 0xff, 0xff, 0xff, 0x76, 0xad, 0x05, 0x19, 0xc5, 0x10,
    0xc5, 0x10, 0xc5, 0x10, 0xc4, 0x10, 0xc5, 0x10, 0xc4, 0x10, 0xe5, 0x10,
    0xc5, 0x10, 0xc4, 0x10, 0xc5, 0x10, 0xc4, 0x10, 0xc5, 0x08, 0xc5, 0x10,
    0xc4, 0x10, 0xe5, 0x10, 0xe5, 0x10, 0xc4, 0x10, 0xc5, 0x10, 0xe5, 0x10,
    0xc4, 0x08, 0xc5, 0x10, 0xc5, 0x10, 0xc5, 0x08, 0xe5, 0x10, 0xc5, 0x10,
    0xc5, 0x10, 0xc4, 0x10, 0xc5, 0x10, 0xe5, 0x10, 0xc4, 0x10, 0xc5, 0x10,
    0xc5, 0x10, 0xc5, 0x08, 0xe4, 0x10, 0xc5, 0x10, 0xc5, 0x10, 0xe5, 0x10,
    0xc5, 0x10, 0xc5, 0x10, 0xe4, 0x10, 0xc5, 0x10, 0xc5, 0x10, 0xc5, 0x10,
    0xe5, 0x10, 0xc5, 0x10, 0xc5, 0x10, 0xc5, 0x10, 0xe5, 0x10, 0xc5, 0x10,
    0xc5, 0x10, 0xc5, 0x10, 0xc5, 0x10, 0xe5, 0x10, 0xe5, 0x08, 0xc4, 0x10,
    0xc5, 0x10, 0xc4, 0x10, 0xe5, 0x08, 0xc5, 0x10, 0xc4, 0x10, 0xc5, 0x10,
    0xc5, 0x10, 0xc4, 0x10, 0xc5, 0x10, 0xc5, 0x10, 0xc5, 0x10, 0xe5, 0x10,
    0x09, 0x32, 0x5d, 0xef, 0xff, 0xff, 0xff, 0xff, 0x39, 0xc6, 0x26, 0x19,
    0xc5, 0x10, 0xc5, 0x10, 0xc5, 0x10, 0x0a, 0x22, 0x7b, 0x55, 0x9c, 0x55,
    0x9b, 0x55, 0x9b, 0x55, 0x9b, 0x55, 0x9b, 0x55, 0x7b, 0x55, 0xb8, 0x44,
    0x9b, 0x55, 0x9c, 0x55, 0x9b, 0x55, 0x9c, 0x55, 0x14, 0x3c, 0x47, 0x19,
    0xc5, 0x10, 0xc5, 0x10, 0xc5, 0x10, 0xc5, 0x10, 0xc5, 0x10, 0xe4, 0x10,
    0xc5, 0x10, 0xc5, 0x10, 0xc5, 0x10, 0xc4, 0x10, 0x67, 0x21, 0x6f, 0x6b,
    0xec, 0x52, 0x8b, 0x4a, 0x4a, 0x42, 0x2a, 0x3a, 0x2a, 0x3a, 0x4a, 0x42,
    0xab, 0x4a, 0x2e, 0x63, 0x31, 0x84, 0x96, 0xad, 0xdb, 0xde, 0xdf, 0xff,
    0xff, 0xff, 0xff, 0xff, 0xff, 0xff, 0xff, 0xff, 0xff, 0xff, 0xff, 0xff,
    0xff, 0xff, 0xff, 0xff, 0xff, 0xff, 0xff, 0xff, 0xff, 0xff, 0xff, 0xff,
    0xdf, 0xff, 0x9e, 0xe7, 0xdd, 0xbe, 0x5c, 0x8e, 0xdc, 0x6d, 0x9b, 0x5d,
    0x9c, 0x55, 0x9b, 0x55, 0x9c, 0x55, 0x9b, 0x55, 0x9c, 0x55, 0x7b, 0x4d,
    0x3a, 0x4d, 0x3a, 0x4d, 0x3a, 0x4d, 0x5a, 0x4d, 0x5b, 0x55, 0xb3, 0x3b,
    0x47, 0x11, 0xc5, 0x10, 0xc4, 0x10, 0xe4, 0x10, 0xc5, 0x10, 0xc4, 0x08,
    0xc5, 0x10, 0xe5, 0x10, 0x05, 0x19, 0xf8, 0xbd, 0xff, 0xff, 0xbe, 0xf7,
    0x8b, 0x4a, 0xc5, 0x10, 0xe5, 0x10, 0xe4, 0x10, 0x10, 0x7c, 0xff, 0xff,
    0xff, 0xff, 0xff, 0xff, 0xff, 0xff, 0xff, 0xff, 0xff, 0xff, 0xff, 0xff,
    0xff, 0xff, 0xff, 0xff, 0xff, 0xff, 0xff, 0xff, 0xff, 0xff, 0xff, 0xff,
    0xff, 0xff, 0xff, 0xff, 0xff, 0xff, 0xff, 0xff, 0xff, 0xff, 0xff, 0xff,
    0xff, 0xff, 0xff, 0xff, 0xff, 0xff, 0xff, 0xff, 0xff, 0xff, 0xff, 0xff,
    0xff, 0xff, 0xff, 0xff, 0xff, 0xff, 0x6f, 0x6b, 0xc5, 0x10, 0xc5, 0x10,
    0xc4, 0x10, 0xc5, 0x08, 0xe5, 0x10, 0x76, 0xad, 0xff, 0xff, 0xff, 0xff,
    0xff, 0xff, 0xff, 0xff, 0xff, 0xff, 0xff, 0xff, 0xff, 0xff, 0xff, 0xff,
    0xff, 0xff, 0xff, 0xff, 0xff, 0xff, 0xff, 0xff, 0xff, 0xff, 0xff, 0xff,
    0xff, 0xff, 0xff, 0xff, 0x59, 0xce, 0xb3, 0x94, 0x97, 0xb5, 0x35, 0xa5,
    0x35, 0xa5, 0x6b, 0x42, 0x46, 0x21, 0xc5, 0x10, 0xc5, 0x10, 0xc5, 0x10,
    0x09, 0x3a, 0xd7, 0xbd, 0xff, 0xff, 0xff, 0xff, 0x72, 0x8c, 0xe5, 0x10,
    0x09, 0x3a, 0xd8, 0xbd, 0x67, 0x21, 0x06, 0x19, 0xd3, 0x94, 0xff, 0xff,
    0xff, 0xff, 0xff, 0xff, 0x7a, 0xce, 0x47, 0x21, 0xc5, 0x10, 0xc5, 0x10,
    0xe5, 0x10, 0xe4, 0x08, 0xc5, 0x10, 0xc5, 0x10, 0xc5, 0x08, 0xc5, 0x10,
    0xe4, 0x10, 0xc5, 0x10, 0xe5, 0x10, 0xe5, 0x10, 0xc4, 0x10, 0xc5, 0x10,
    0xc5, 0x10, 0xc4, 0x08, 0xc5, 0x10, 0xc5, 0x10, 0xc5, 0x10, 0xc5, 0x10,
    0xc5, 0x10, 0xe5, 0x10, 0xc5, 0x10, 0xc5, 0x10, 0xe4, 0x10, 0xc4, 0x10,
    0xc5, 0x08, 0xc5, 0x10, 0xc4, 0x10, 0xe5, 0x10, 0xc5, 0x10, 0xc5, 0x10,
    0xe5, 0x10, 0xc4, 0x10, 0xc5, 0x10, 0xe5, 0x10, 0xc5, 0x08, 0xc4, 0x10,
    0xc5, 0x10, 0xc5, 0x10, 0xc5, 0x10, 0xc5, 0x08, 0xc4, 0x10, 0xe5, 0x10,
    0xc5, 0x10, 0xc4, 0x10, 0xc5, 0x08, 0xe5, 0x10, 0xc4, 0x10, 0xc5, 0x10,
    0xe5, 0x10, 0xe5, 0x08, 0xc4, 0x10, 0xc5, 0x10, 0xc5, 0x10, 0xe5, 0x10,
    0xc5, 0x10, 0xc5, 0x10, 0xc4, 0x10, 0xe5, 0x10, 0xc5, 0x08, 0xe5, 0x10,
    0xc5, 0x10, 0xc5, 0x10, 0xe5, 0x10, 0xc5, 0x08, 0xc5, 0x10, 0xc4, 0x10,
    0xe5, 0x10, 0x76, 0xad, 0xff, 0xff, 0xff, 0xff, 0xbf, 0xf7, 0xcc, 0x52,
    0xc5, 0x10, 0xe5, 0x10, 0xc5, 0x10, 0x06, 0x11, 0x76, 0x44, 0x9b, 0x55,
    0x9c, 0x55, 0x9c, 0x55, 0x9c, 0x55, 0x9c, 0x55, 0x9b, 0x55, 0x9b, 0x55,
    0x9c, 0x55, 0x9b, 0x55, 0x9c, 0x55, 0x9b, 0x55, 0x9c, 0x55, 0x14, 0x3c,
    0x26, 0x11, 0xc5, 0x10, 0xc5, 0x10, 0xe5, 0x10, 0xc4, 0x10, 0xc5, 0x08,
    0xe5, 0x10, 0xc5, 0x10, 0xc4, 0x10, 0xc5, 0x10, 0x87, 0x29, 0xfb, 0xde,
    0xff, 0xff, 0xff, 0xff, 0xdf, 0xff, 0xdf, 0xff, 0xdf, 0xff, 0xdf, 0xff,
    0xff, 0xff, 0xff, 0xff, 0xff, 0xff, 0xff, 0xff, 0xff, 0xff, 0xff, 0xff,
    0xff, 0xff, 0xff, 0xff, 0xff, 0xff, 0xff, 0xff, 0xff, 0xff, 0xff, 0xff,
    0xff, 0xff, 0xff, 0xff, 0xff, 0xff, 0xff, 0xff, 0xff, 0xff, 0x1e, 0xc7,
    0x1c, 0x7e, 0x9b, 0x5d, 0x9c, 0x55, 0x9c, 0x55, 0x9c, 0x55, 0x9b, 0x55,
    0x9b, 0x55, 0x9b, 0x55, 0x9c, 0x55, 0x9c, 0x55, 0x9b, 0x55, 0xf4, 0x3b,
    0x0b, 0x22, 0xc9, 0x19, 0xc9, 0x19, 0xea, 0x21, 0x0b, 0x22, 0x8d, 0x2a,
    0xc9, 0x19, 0xc5, 0x10, 0xc5, 0x10, 0xe5, 0x10, 0xc5, 0x10, 0xc5, 0x10,
    0xe5, 0x10, 0xc5, 0x10, 0xe5, 0x10, 0x31, 0x7c, 0xff, 0xff, 0xff, 0xff,
    0x52, 0x84, 0xc5, 0x10, 0xc5, 0x10, 0xc5, 0x10, 0x09, 0x32, 0x39, 0xc6,
    0x39, 0xc6, 0x59, 0xc6, 0x59, 0xce, 0x59, 0xce, 0x5a, 0xce, 0x79, 0xce,
    0x7a, 0xce, 0x7a, 0xce, 0x7a, 0xce, 0x7a, 0xce, 0x9a, 0xd6, 0x9a, 0xd6,
    0x9a, 0xd6, 0x9a, 0xd6, 0x9a, 0xd6, 0x9b, 0xd6, 0xbb, 0xd6, 0xbb, 0xd6,
    0xbb, 0xd6, 0xbb, 0xd6, 0xba, 0xd6, 0xbb, 0xd6, 0xbb, 0xd6, 0x9b, 0xd6,
    0x9a, 0xd6, 0x9a, 0xd6, 0x9a, 0xd6, 0xd0, 0x73, 0xe5, 0x10, 0xc4, 0x10,
    0xe5, 0x10, 0xc5, 0x10, 0xe5, 0x10, 0x8f, 0x6b, 0xdf, 0xff, 0xff, 0xff,
    0xff, 0xff, 0xff, 0xff, 0xff, 0xff, 0xff, 0xff, 0xff, 0xff, 0xff, 0xff,
    0xff, 0xff, 0xff, 0xff, 0xff, 0xff, 0xff, 0xff, 0xff, 0xff, 0xff, 0xff,
    0xff, 0xff, 0xff, 0xff, 0xff, 0xff, 0xff, 0xff, 0xd4, 0x94, 0x47, 0x21,
    0x9e, 0xf7, 0xbf, 0xff, 0x79, 0xce, 0x52, 0x84, 0x2a, 0x42, 0x46, 0x21,
    0xec, 0x52, 0x9e, 0xf7, 0xff, 0xff, 0xff, 0xff, 0x73, 0x8c, 0xe5, 0x10,
    0x26, 0x19, 0xa8, 0x29, 0xe5, 0x10, 0xb0, 0x73, 0xbf, 0xff, 0xff, 0xff,
    0xff, 0xff, 0x3d, 0xe7, 0x09, 0x3a, 0xe5, 0x10, 0xc5, 0x10, 0xc5, 0x10,
    0xc4, 0x10, 0xc5, 0x10, 0xe5, 0x10, 0xc5, 0x10, 0xe5, 0x10, 0xc4, 0x10,
    0xc5, 0x08, 0xc5, 0x10, 0xc5, 0x10, 0xc4, 0x10, 0xe5, 0x10, 0xc5, 0x10,
    0xe5, 0x10, 0xc5, 0x10, 0xc4, 0x10, 0xc5, 0x08, 0xe5, 0x10, 0xc4, 0x10,
    0xc4, 0x10, 0xe5, 0x10, 0xc4, 0x10, 0xc5, 0x10, 0xc5, 0x10, 0xc5, 0x10,
    0xc5, 0x10, 0xe4, 0x10, 0xc5, 0x10, 0xc5, 0x10, 0xc4, 0x08, 0xc5, 0x10,
    0xe5, 0x10, 0xc5, 0x10, 0xc5, 0x10, 0xc4, 0x10, 0xe5, 0x10, 0xc5, 0x10,
    0xc5, 0x10, 0xc4, 0x10, 0xe5, 0x10, 0xc5, 0x10, 0xc5, 0x10, 0xe4, 0x10,
    0xc5, 0x08, 0xc5, 0x10, 0xe5, 0x10, 0xc4, 0x10, 0xc5, 0x10, 0xc5, 0x08,
    0xc4, 0x10, 0xc4, 0x10, 0xc5, 0x10, 0xc5, 0x10, 0xc4, 0x10, 0xc4, 0x10,
    0xe5, 0x08, 0xc5, 0x10, 0xc5, 0x10, 0xc5, 0x10, 0xc5, 0x10, 0xc4, 0x10,
    0xc4, 0x08, 0xc5, 0x10, 0xe4, 0x10, 0xc5, 0x10, 0xe4, 0x10, 0xc5, 0x10,
    0xc5, 0x10, 0xcc, 0x52, 0xbe, 0xf7, 0xff, 0xff, 0xff, 0xff, 0x76, 0xad,
    0xe5, 0x10, 0xc5, 0x10, 0xe4, 0x10, 0xc5, 0x10, 0xce, 0x2a, 0x9b, 0x55,
    0x9c, 0x55, 0x9c, 0x55, 0x9c, 0x55, 0xbc, 0x55, 0x9c, 0x55, 0xbc, 0x55,
    0x9c, 0x55, 0x9c, 0x55, 0x9b, 0x55, 0x9c, 0x55, 0x9b, 0x55, 0x9c, 0x55,
    0x92, 0x33, 0xe5, 0x10, 0xc5, 0x10, 0xc4, 0x10, 0xc5, 0x10, 0xc5, 0x10,
    0xc5, 0x10, 0xc4, 0x10, 0xe5, 0x08, 0xe5, 0x10, 0xe5, 0x10, 0x15, 0x9d,
    0xff, 0xff, 0xff, 0xff, 0xff, 0xff, 0xff, 0xff, 0xff, 0xff, 0xff, 0xff,
    0xff, 0xff, 0xff, 0xff, 0xff, 0xff, 0xff, 0xff, 0xff, 0xff, 0xff, 0xff,
    0xff, 0xff, 0xff, 0xff, 0xff, 0xff, 0xff, 0xff, 0xff, 0xff, 0xff, 0xff,
    0xff, 0xff, 0xff, 0xff, 0xff, 0xff, 0xff, 0xff, 0xff, 0xff, 0x3e, 0xd7,
    0x7c, 0x9e, 0xdc, 0x6d, 0x9b, 0x55, 0x9c, 0x55, 0x9c, 0x55, 0x9c, 0x55,
    0x9c, 0x55, 0x9c, 0x55, 0x9c, 0x55, 0x9b, 0x55, 0x9b, 0x55, 0x9b, 0x55,
    0x56, 0x44, 0x0a, 0x22, 0xe5, 0x10, 0xc5, 0x10, 0xc5, 0x10, 0xc5, 0x10,
    0xc5, 0x10, 0xe4, 0x10, 0xc5, 0x10, 0xc5, 0x08, 0xc5, 0x10, 0xc4, 0x10,
    0xe5, 0x08, 0xc5, 0x10, 0xc4, 0x10, 0x6b, 0x42, 0xdf, 0xff, 0xff, 0xff,
    0x19, 0xc6, 0xe5, 0x10, 0xc5, 0x10, 0xc4, 0x10, 0xc5, 0x10, 0xe5, 0x10,
    0xe5, 0x10, 0xe5, 0x10, 0xe5, 0x10, 0xe5, 0x10, 0xe5, 0x10, 0xe5, 0x10,
    0xe5, 0x10, 0xe5, 0x10, 0xe5, 0x10, 0xe5, 0x10, 0xe5, 0x10, 0xe5, 0x10,
    0x05, 0x11, 0x05, 0x11, 0x05, 0x11, 0x05, 0x11, 0x05, 0x19, 0x05, 0x19,
    0x05, 0x11, 0x05, 0x11, 0x05, 0x19, 0x05, 0x11, 0x05, 0x11, 0xe5, 0x18,
    0x05, 0x11, 0x05, 0x11, 0xe5, 0x10, 0xe5, 0x10, 0xc5, 0x10, 0xc5, 0x10,
    0xc5, 0x10, 0xe4, 0x10, 0xe5, 0x10, 0x09, 0x3a, 0x5d, 0xef, 0xff, 0xff,
    0xff, 0xff, 0xff, 0xff, 0xff, 0xff, 0xff, 0xff, 0xff, 0xff, 0xff, 0xff,
    0xff, 0xff, 0xff, 0xff, 0xff, 0xff, 0xff, 0xff, 0xff, 0xff, 0xff, 0xff,
    0xff, 0xff, 0xff, 0xff, 0xff, 0xff, 0xff, 0xff, 0xfc, 0xde, 0x4e, 0x63,
    0xdf, 0xff, 0xff, 0xff, 0xff, 0xff, 0xff, 0xff, 0xbf, 0xff, 0x7a, 0xce,
    0x93, 0x8c, 0xbb, 0xd6, 0xff, 0xff, 0xff, 0xff, 0x72, 0x8c, 0xe5, 0x10,
    0xc5, 0x10, 0xe5, 0x10, 0xed, 0x5a, 0x9e, 0xf7, 0xff, 0xff, 0xff, 0xff,
    0x9e, 0xf7, 0x0d, 0x5b, 0xe5, 0x10, 0xc5, 0x10, 0xc5, 0x10, 0xe4, 0x10,
    0xc5, 0x10, 0xc5, 0x10, 0xc5, 0x10, 0xc5, 0x10, 0xc4, 0x10, 0xe5, 0x10,
    0xc5, 0x10, 0xe4, 0x10, 0xc5, 0x10, 0xc5, 0x10, 0xc5, 0x08, 0xc5, 0x10,
    0xc4, 0x10, 0xe5, 0x10, 0xe5, 0x10, 0xc5, 0x10, 0xc5, 0x10, 0xe5, 0x10,
    0xc5, 0x08, 0xc5, 0x10, 0xc5, 0x10, 0xe4, 0x08, 0xe5, 0x10, 0xc5, 0x10,
    0xc5, 0x10, 0xe5, 0x10, 0xc5, 0x08, 0xc5, 0x10, 0xe4, 0x10, 0xc5, 0x10,
    0xc4, 0x10, 0xc4, 0x08, 0xc5, 0x10, 0xc5, 0x10, 0xc4, 0x10, 0xc5, 0x10,
    0xc5, 0x10, 0xc5, 0x10, 0xc4, 0x10, 0xe5, 0x10, 0xc4, 0x10, 0xc5, 0x10,
    0xc5, 0x10, 0xe5, 0x10, 0xc4, 0x10, 0xc5, 0x10, 0xc5, 0x10, 0xc5, 0x10,
    0xe5, 0x10, 0xc5, 0x10, 0xc5, 0x08, 0xe5, 0x10, 0xc5, 0x10, 0xc5, 0x10,
    0xc5, 0x10, 0xe4, 0x10, 0xc5, 0x10, 0xc5, 0x10, 0xe4, 0x10, 0xc5, 0x10,
    0xe5, 0x10, 0xc5, 0x10, 0xc5, 0x10, 0xc4, 0x10, 0xc5, 0x10, 0xe5, 0x08,
    0xc5, 0x10, 0x26, 0x19, 0x39, 0xc6, 0xff, 0xff, 0xff, 0xff, 0x5d, 0xef,
    0x0a, 0x3a, 0xc5, 0x10, 0xc5, 0x10, 0xc5, 0x10, 0x67, 0x19, 0x19, 0x4d,
    0x7c, 0x55, 0x9c, 0x55, 0x9b, 0x55, 0x9b, 0x55, 0x9c, 0x55, 0x9b, 0x55,
    0x9c, 0x55, 0x9c, 0x55, 0xbc, 0x55, 0x9c, 0x55, 0x9b, 0x55, 0x9b, 0x55,
    0x7b, 0x4d, 0x8d, 0x22, 0xc5, 0x10, 0xc5, 0x10, 0xe5, 0x10, 0xe5, 0x10,
    0xc4, 0x10, 0xc5, 0x10, 0xc5, 0x10, 0xc5, 0x10, 0xc4, 0x10, 0xcc, 0x52,
    0xdf, 0xff, 0xff, 0xff, 0xff, 0xff, 0xff, 0xff, 0xff, 0xff, 0xff, 0xff,
    0xff, 0xff, 0xff, 0xff, 0xff, 0xff, 0xff, 0xff, 0xff, 0xff, 0xff, 0xff,
    0xff, 0xff, 0xff, 0xff, 0xff, 0xff, 0xff, 0xff, 0xff, 0xff, 0xff, 0xff,
    0xff, 0xff, 0xff, 0xff, 0xff, 0xff, 0xff, 0xff, 0xff, 0xff, 0xff, 0xff,
    0xff, 0xff, 0xdf, 0xf7, 0x1e, 0xcf, 0x3c, 0x8e, 0x9b, 0x5d, 0x9c, 0x55,
    0x9c, 0x55, 0x9c, 0x55, 0x9c, 0x55, 0x9c, 0x55, 0x9b, 0x55, 0x9c, 0x55,
    0x9b, 0x55, 0x7b, 0x4d, 0xb2, 0x3b, 0x47, 0x19, 0xe5, 0x10, 0xc5, 0x10,
    0xc5, 0x10, 0xc5, 0x10, 0xc5, 0x10, 0xe4, 0x10, 0xc5, 0x10, 0xc5, 0x10,
    0xc4, 0x10, 0xc5, 0x10, 0xe5, 0x10, 0x67, 0x21, 0xdb, 0xde, 0xff, 0xff,
    0x5d, 0xef, 0x87, 0x29, 0xc5, 0x10, 0xe5, 0x10, 0xc5, 0x10, 0xc4, 0x10,
    0xc5, 0x10, 0xc5, 0x10, 0xc5, 0x10, 0xc5, 0x10, 0xc5, 0x10, 0xe5, 0x10,
    0xc5, 0x10, 0xc4, 0x10, 0xc5, 0x10, 0xc5, 0x10, 0xe5, 0x10, 0xc5, 0x10,
    0xc5, 0x10, 0xc5, 0x10, 0xc5, 0x10, 0xc5, 0x10, 0xc5, 0x10, 0xc4, 0x10,
    0xc5, 0x10, 0xc5, 0x10, 0xc5, 0x10, 0xc4, 0x10, 0xc5, 0x10, 0xc5, 0x10,
    0xc5, 0x10, 0xe5, 0x10, 0xc5, 0x10, 0xc5, 0x10, 0xc5, 0x10, 0xc4, 0x10,
    0xc5, 0x08, 0xc5, 0x10, 0xc4, 0x10, 0xe5, 0x10, 0x7a, 0xce, 0xff, 0xff,
    0xff, 0xff, 0xff, 0xff, 0xff, 0xff, 0xff, 0xff, 0xff, 0xff, 0xff, 0xff,
    0xff, 0xff, 0xff, 0xff, 0xff, 0xff, 0xff, 0xff, 0xff, 0xff, 0xff, 0xff,
    0xff, 0xff, 0xff, 0xff, 0xff, 0xff, 0xff, 0xff, 0xff, 0xff, 0xbe, 0xf7,
    0xff, 0xff, 0xff, 0xff, 0xff, 0xff, 0xff, 0xff, 0xff, 0xff, 0xff, 0xff,
    0xff, 0xff, 0xff, 0xff, 0xff, 0xff, 0xff, 0xff, 0x72, 0x8c, 0xe5, 0x10,
    0xe5, 0x10, 0x2a, 0x42, 0x3d, 0xe7, 0xff, 0xff, 0xff, 0xff, 0xdf, 0xff,
    0x31, 0x84, 0xc5, 0x10, 0xc5, 0x10, 0xc5, 0x10, 0xc5, 0x10, 0xc4, 0x10,
    0xe5, 0x08, 0xc5, 0x10, 0xc4, 0x10, 0xc4, 0x08, 0xc5, 0x10, 0xc5, 0x10,
    0xc5, 0x10, 0xc5, 0x10, 0xe5, 0x08, 0xc4, 0x10, 0xc5, 0x10, 0xc5, 0x10,
    0xc4, 0x10, 0xc5, 0x08, 0xc5, 0x10, 0xc4, 0x10, 0xc4, 0x10, 0xc5, 0x10,
    0xc5, 0x10, 0xc5, 0x10, 0xc5, 0x10, 0xc5, 0x10, 0xc4, 0x10, 0xc5, 0x08,
    0xe5, 0x10, 0xc4, 0x10, 0xc5, 0x10, 0xe5, 0x10, 0xc5, 0x10, 0xc5, 0x10,
    0xe5, 0x10, 0xc5, 0x10, 0xe5, 0x10, 0xe5, 0x10, 0xc5, 0x08, 0xc5, 0x10,
    0xc5, 0x10, 0xc5, 0x10, 0xe5, 0x10, 0xc5, 0x08, 0xc5, 0x10, 0xc5, 0x10,
    0xc5, 0x10, 0xc4, 0x10, 0xc5, 0x08, 0xc5, 0x10, 0xe4, 0x10, 0xe4, 0x10,
    0xc5, 0x10, 0xc5, 0x10, 0xe5, 0x10, 0xc5, 0x10, 0xe4, 0x08, 0xc5, 0x10,
    0xc5, 0x10, 0xc5, 0x10, 0xc4, 0x10, 0xe5, 0x08, 0xc5, 0x10, 0xc5, 0x10,
    0xc5, 0x10, 0xe5, 0x10, 0xc5, 0x10, 0xc5, 0x08, 0xc5, 0x10, 0xc4, 0x10,
    0xc4, 0x10, 0xe5, 0x10, 0x6e, 0x63, 0xdf, 0xff, 0xff, 0xff, 0xff, 0xff,
    0x72, 0x8c, 0xc5, 0x10, 0xc4, 0x10, 0xe5, 0x10, 0xe5, 0x10, 0x92, 0x33,
    0x9b, 0x55, 0x9c, 0x55, 0x9c, 0x55, 0x9c, 0x55, 0x9c, 0x55, 0x9c, 0x55,
    0x9b, 0x55, 0xbc, 0x55, 0x9c, 0x55, 0x9c, 0x55, 0x9c, 0x55, 0x9b, 0x55,
    0x9c, 0x55, 0xf9, 0x4c, 0x88, 0x19, 0xc5, 0x10, 0xc5, 0x10, 0xc4, 0x10,
    0xc5, 0x10, 0xc5, 0x10, 0xe5, 0x10, 0xc4, 0x10, 0xc5, 0x10, 0x67, 0x21,
    0xbb, 0xd6, 0xff, 0xff, 0xff, 0xff, 0xff, 0xff, 0xff, 0xff, 0xff, 0xff,
    0xff, 0xff, 0xff, 0xff, 0xff, 0xff, 0xff, 0xff, 0xff, 0xff, 0xff, 0xff,
    0xff, 0xff, 0xff, 0xff, 0xff, 0xff, 0xff, 0xff, 0xff, 0xff, 0xff, 0xff,
    0xff, 0xff, 0xff, 0xff, 0xff, 0xff, 0xff, 0xff, 0xff, 0xff, 0xff, 0xff,
    0xff, 0xff, 0xff, 0xff, 0xff, 0xff, 0xff, 0xff, 0x7e, 0xe7, 0x5c, 0x96,
    0x9c, 0x5d, 0x9b, 0x55, 0x9b, 0x55, 0x9c, 0x55, 0x9c, 0x55, 0x9c, 0x55,
    0x9b, 0x55, 0x9c, 0x55, 0x9c, 0x55, 0xf9, 0x4c, 0x6d, 0x22, 0x05, 0x11,
    0xc5, 0x10, 0xc5, 0x10, 0xc4, 0x10, 0xc5, 0x10, 0xe5, 0x10, 0xc4, 0x10,
    0xe5, 0x10, 0xc5, 0x10, 0xc4, 0x10, 0xe5, 0x10, 0x76, 0xad, 0xff, 0xff,
    0xdf, 0xff, 0x0d, 0x5b, 0xc5, 0x10, 0xc5, 0x10, 0xe5, 0x10, 0xc5, 0x10,
    0xe5, 0x10, 0xe5, 0x10, 0xe5, 0x10, 0xe5, 0x10, 0xc5, 0x10, 0xc5, 0x10,
    0xc5, 0x10, 0xc5, 0x10, 0xc5, 0x10, 0xe5, 0x10, 0xc5, 0x10, 0xc5, 0x10,
    0xc5, 0x10, 0xc5, 0x10, 0xc5, 0x10, 0xc5, 0x10, 0xc5, 0x10, 0xc5, 0x10,
    0xc5, 0x10, 0xe5, 0x10, 0xc5, 0x10, 0xc5, 0x10, 0xc5, 0x10, 0xe5, 0x10,
    0xc5, 0x08, 0xc5, 0x10, 0xc5, 0x10, 0xc5, 0x10, 0xc4, 0x10, 0xe5, 0x10,
    0xe5, 0x10, 0xc5, 0x10, 0xe5, 0x10, 0xe5, 0x10, 0x93, 0x94, 0xff, 0xff,
    0xff, 0xff, 0xff, 0xff, 0xff, 0xff, 0xff, 0xff, 0xff, 0xff, 0xff, 0xff,
    0xff, 0xff, 0xff, 0xff, 0xff, 0xff, 0xff, 0xff, 0xff, 0xff, 0xff, 0xff,
    0xff, 0xff, 0xff, 0xff, 0xff, 0xff, 0xff, 0xff, 0xff, 0xff, 0xff, 0xff,
    0xff, 0xff, 0xff, 0xff, 0xff, 0xff, 0xff, 0xff, 0xff, 0xff, 0xff, 0xff,
    0xff, 0xff, 0xff, 0xff, 0xff, 0xff, 0x5d, 0xef, 0x8b, 0x4a, 0xc5, 0x10,
    0xa8, 0x31, 0x9a, 0xd6, 0xff, 0xff, 0xff, 0xff, 0xff, 0xff, 0x55, 0xa5,
    0x05, 0x11, 0xc5, 0x10, 0xc5, 0x10, 0xe5, 0x10, 0xe4, 0x10, 0xc5, 0x10,
    0xc5, 0x10, 0xe5, 0x10, 0xc5, 0x10, 0xe5, 0x10, 0xe5, 0x10, 0xc5, 0x08,
    0xc4, 0x10, 0xc5, 0x10, 0xc5, 0x10, 0xe5, 0x10, 0xc4, 0x10, 0xe5, 0x10,
    0xe5, 0x10, 0xc5, 0x10, 0xc5, 0x10, 0xc5, 0x10, 0xe5, 0x08, 0xc4, 0x10,
    0xc5, 0x10, 0xe4, 0x10, 0xc4, 0x10, 0xe5, 0x10, 0xc5, 0x10, 0xc4, 0x10,
    0xc5, 0x10, 0xc5, 0x10, 0xc4, 0x10, 0xc5, 0x10, 0xc4, 0x10, 0xc5, 0x08,
    0xe5, 0x10, 0xc5, 0x10, 0xc5, 0x10, 0xc4, 0x10, 0xc5, 0x10, 0xe5, 0x10,
    0xc5, 0x10, 0xc4, 0x10, 0xc5, 0x10, 0xc5, 0x10, 0xc4, 0x10, 0xe5, 0x10,
    0xc4, 0x08, 0xe5, 0x10, 0xe5, 0x10, 0xc5, 0x10, 0xc5, 0x10, 0xc5, 0x08,
    0xc5, 0x10, 0xe5, 0x10, 0xc4, 0x10, 0xc4, 0x10, 0xc5, 0x10, 0xe5, 0x10,
    0xc5, 0x10, 0xc4, 0x08, 0xe5, 0x10, 0xc5, 0x10, 0xc5, 0x10, 0xc4, 0x10,
    0xc5, 0x08, 0xc4, 0x10, 0xe4, 0x10, 0xc5, 0x10, 0xe5, 0x10, 0xc5, 0x10,
    0xc5, 0x10, 0xc5, 0x10, 0x67, 0x21, 0xbb, 0xd6, 0xff, 0xff, 0xff, 0xff,
    0xdb, 0xd6, 0x67, 0x21, 0xc5, 0x10, 0xc4, 0x10, 0xe5, 0x10, 0xc9, 0x19,
    0x7b, 0x4d, 0x9b, 0x55, 0x9c, 0x55, 0x9c, 0x55, 0xbc, 0x55, 0xbc, 0x55,
    0x9c, 0x55, 0x9b, 0x55, 0x9c, 0x55, 0x9b, 0x55, 0x9c, 0x55, 0x9c, 0x55,
    0x9b, 0x55, 0x9b, 0x55, 0xb3, 0x3b, 0xe5, 0x10, 0xc5, 0x10, 0xc5, 0x10,
    0x47, 0x11, 0x06, 0x11, 0xc4, 0x10, 0xc5, 0x10, 0xe5, 0x10, 0xe5, 0x10,
    0x93, 0x8c, 0xff, 0xff, 0xff, 0xff, 0xff, 0xff, 0xff, 0xff, 0xff, 0xff,
    0xff, 0xff, 0xff, 0xff, 0xff, 0xff, 0xff, 0xff, 0xff, 0xff, 0xff, 0xff,
    0xff, 0xff, 0xff, 0xff, 0xff, 0xff, 0xff, 0xff, 0xff, 0xff, 0xff, 0xff,
    0xff, 0xff, 0xff, 0xff, 0xff, 0xff, 0xff, 0xff, 0xff, 0xff, 0xff, 0xff,
    0xff, 0xff, 0xff, 0xff, 0xff, 0xff, 0xff, 0xff, 0xff, 0xff, 0xff, 0xff,
    0x5e, 0xdf, 0x1c, 0x86, 0x9c, 0x55, 0x9c, 0x55, 0x9b, 0x55, 0x9c, 0x55,
    0x9c, 0x55, 0x9b, 0x55, 0x9b, 0x55, 0x9b, 0x55, 0x7b, 0x55, 0xb3, 0x3b,
    0x47, 0x11, 0xe5, 0x10, 0xc5, 0x10, 0xc5, 0x10, 0xc5, 0x10, 0xc5, 0x08,
    0xc5, 0x10, 0xc5, 0x10, 0xc4, 0x10, 0xe5, 0x10, 0x8f, 0x6b, 0xff, 0xff,
    0xff, 0xff, 0xd4, 0x9c, 0xc5, 0x10, 0xc4, 0x10, 0xc4, 0x10, 0xe5, 0x10,
    0xf4, 0x94, 0x76, 0xad, 0x96, 0xb5, 0x76, 0xad, 0x87, 0x29, 0xc5, 0x10,
    0xc5, 0x10, 0xe4, 0x10, 0xe5, 0x10, 0xc4, 0x10, 0xc4, 0x10, 0xc5, 0x10,
    0x46, 0x19, 0x67, 0x21, 0x67, 0x29, 0x46, 0x21, 0xe5, 0x10, 0xc5, 0x10,
    0xc5, 0x10, 0xc4, 0x10, 0xc5, 0x10, 0xc5, 0x10, 0xe5, 0x10, 0xc4, 0x10,
    0xc5, 0x10, 0xc4, 0x10, 0xe4, 0x10, 0xc5, 0x10, 0xc5, 0x08, 0xc5, 0x10,
    0xc5, 0x10, 0xc4, 0x10, 0xc5, 0x08, 0xe5, 0x10, 0xec, 0x52, 0xdf, 0xf7,
    0xff, 0xff, 0xff, 0xff, 0xff, 0xff, 0xff, 0xff, 0xff, 0xff, 0xff, 0xff,
    0xff, 0xff, 0xff, 0xff, 0xff, 0xff, 0xff, 0xff, 0xff, 0xff, 0xff, 0xff,
    0xff, 0xff, 0xff, 0xff, 0xff, 0xff, 0xff, 0xff, 0xff, 0xff, 0xff, 0xff,
    0xff, 0xff, 0xff, 0xff, 0xff, 0xff, 0xff, 0xff, 0xff, 0xff, 0xff, 0xff,
    0xff, 0xff, 0xff, 0xff, 0xbf, 0xf7, 0x8f, 0x6b, 0xe5, 0x10, 0x67, 0x29,
    0x18, 0xbe, 0xff, 0xff, 0xff, 0xff, 0xff, 0xff, 0x18, 0xc6, 0x47, 0x21,
    0xc5, 0x10, 0xc5, 0x10, 0xc5, 0x10, 0xc4, 0x10, 0xc5, 0x08, 0xc5, 0x10,
    0xc5, 0x10, 0xc5, 0x10, 0xc4, 0x10, 0xc5, 0x10, 0xc4, 0x10, 0xc5, 0x10,
    0xe5, 0x10, 0xe4, 0x10, 0xc5, 0x10, 0xc4, 0x10, 0xc5, 0x10, 0xc5, 0x08,
    0xc4, 0x10, 0xc5, 0x10, 0xe4, 0x10, 0xe5, 0x10, 0xc5, 0x10, 0xe5, 0x10,
    0xc5, 0x10, 0xc5, 0x08, 0xe5, 0x10, 0xc5, 0x10, 0xc5, 0x10, 0xc5, 0x10,
    0xe4, 0x10, 0xc5, 0x08, 0xc5, 0x10, 0xe5, 0x10, 0xc5, 0x10, 0xc5, 0x10,
    0xc4, 0x10, 0xc4, 0x10, 0xc5, 0x08, 0xc5, 0x10, 0xc4, 0x10, 0xe5, 0x10,
    0xc5, 0x10, 0xc5, 0x10, 0xe4, 0x10, 0xc5, 0x10, 0xc4, 0x10, 0xe5, 0x10,
    0xc5, 0x10, 0xc5, 0x10, 0xc5, 0x10, 0xc4, 0x10, 0xe5, 0x10, 0xc5, 0x10,
    0xc4, 0x10, 0xc5, 0x08, 0xc5, 0x10, 0xc5, 0x10, 0xc5, 0x10, 0xc5, 0x10,
    0xe4, 0x10, 0xc5, 0x10, 0xc5, 0x10, 0xc5, 0x10, 0xc4, 0x10, 0xe5, 0x10,
    0xe5, 0x10, 0xc5, 0x10, 0xc5, 0x10, 0xc5, 0x10, 0xc4, 0x10, 0xe5, 0x10,
    0xc5, 0x08, 0xe5, 0x10, 0xe5, 0x10, 0x52, 0x84, 0xff, 0xff, 0xff, 0xff,
    0xdf, 0xff, 0x4e, 0x63, 0xc5, 0x10, 0xc5, 0x10, 0xc5, 0x10, 0x06, 0x11,
    0x55, 0x44, 0x9c, 0x55, 0x9c, 0x55, 0x9c, 0x55, 0x9b, 0x55, 0x9b, 0x55,
    0x9c, 0x55, 0xbc, 0x55, 0xbc, 0x55, 0x9c, 0x55, 0xbb, 0x55, 0xbc, 0x55,
    0x9c, 0x55, 0x9b, 0x55, 0x5b, 0x4d, 0xea, 0x19, 0xc5, 0x10, 0xe5, 0x10,
    0x30, 0x33, 0x4c, 0x22, 0xc5, 0x10, 0xc5, 0x10, 0xc5, 0x10, 0xc4, 0x10,
    0x2a, 0x3a, 0xdf, 0xff, 0xff, 0xff, 0xff, 0xff, 0xff, 0xff, 0xff, 0xff,
    0xff, 0xff, 0xff, 0xff, 0xff, 0xff, 0xff, 0xff, 0xff, 0xff, 0xff, 0xff,
    0xff, 0xff, 0xff, 0xff, 0xff, 0xff, 0xff, 0xff, 0xff, 0xff, 0xff, 0xff,
    0xff, 0xff, 0xff, 0xff, 0xff, 0xff, 0xff, 0xff, 0xff, 0xff, 0xff, 0xff,
    0xff, 0xff, 0xff, 0xff, 0xff, 0xff, 0xff, 0xff, 0xff, 0xff, 0xff, 0xff,
    0xff, 0xff, 0xff, 0xff, 0xfd, 0xbe, 0xbb, 0x5d, 0x9c, 0x55, 0x9c, 0x55,
    0x9b, 0x55, 0x9c, 0x55, 0x9c, 0x55, 0x9b, 0x55, 0x9b, 0x55, 0x9c, 0x55,
    0xb8, 0x44, 0xea, 0x21, 0xe5, 0x10, 0xc5, 0x10, 0xc5, 0x10, 0xe4, 0x10,
    0xc5, 0x10, 0xc5, 0x10, 0xe5, 0x08, 0xc5, 0x10, 0xe9, 0x31, 0xbe, 0xf7,
    0xff, 0xff, 0xbb, 0xd6, 0xe5, 0x10, 0xc5, 0x10, 0xc5, 0x10, 0xe5, 0x10,
    0x9a, 0xd6, 0xff, 0xff, 0xff, 0xff, 0xff, 0xff, 0x4e, 0x63, 0xc5, 0x10,
    0xc5, 0x10, 0xc5, 0x10, 0xc5, 0x08, 0xc5, 0x10, 0xc5, 0x10, 0x46, 0x21,
    0x59, 0xc6, 0xbe, 0xf7, 0x9e, 0xf7, 0x1c, 0xe7, 0x2a, 0x3a, 0xc5, 0x10,
    0xe4, 0x10, 0xc5, 0x10, 0xc5, 0x10, 0xe4, 0x10, 0xc4, 0x08, 0xc5, 0x10,
    0xc5, 0x10, 0xe5, 0x10, 0xc5, 0x10, 0xc5, 0x10, 0xe4, 0x10, 0xc5, 0x10,
    0xc5, 0x10, 0xc4, 0x10, 0xc5, 0x10, 0xc5, 0x10, 0x87, 0x29, 0x1c, 0xe7,
    0xff, 0xff, 0xff, 0xff, 0xff, 0xff, 0xff, 0xff, 0xff, 0xff, 0xff, 0xff,
    0xdf, 0xff, 0xff, 0xff, 0xff, 0xff, 0xff, 0xff, 0xff, 0xff, 0xff, 0xff,
    0xff, 0xff, 0xff, 0xff, 0xdf, 0xff, 0xff, 0xff, 0xff, 0xff, 0xff, 0xff,
    0xff, 0xff, 0xff, 0xff, 0xff, 0xff, 0xff, 0xff, 0xff, 0xff, 0xff, 0xff,
    0xff, 0xff, 0xff, 0xff, 0x72, 0x8c, 0xe5, 0x18, 0x47, 0x21, 0x96, 0xb5,
    0xff, 0xff, 0xff, 0xff, 0xff, 0xff, 0xbb, 0xde, 0xa8, 0x29, 0xc5, 0x10,
    0xc5, 0x10, 0xc5, 0x10, 0xc4, 0x10, 0xe5, 0x10, 0xc5, 0x10, 0xe5, 0x10,
    0xc4, 0x10, 0xc4, 0x10, 0xe5, 0x08, 0xc5, 0x10, 0xc5, 0x10, 0xc4, 0x10,
    0xc5, 0x10, 0xc5, 0x10, 0xc5, 0x08, 0xc5, 0x10, 0xe5, 0x10, 0xc5, 0x10,
    0xc5, 0x10, 0xc5, 0x10, 0xc5, 0x10, 0xc4, 0x08, 0xc5, 0x10, 0xc5, 0x10,
    0xe5, 0x10, 0xc4, 0x10, 0xc5, 0x10, 0xc4, 0x10, 0xc5, 0x10, 0xe5, 0x08,
    0xc5, 0x10, 0xe5, 0x10, 0xc5, 0x10, 0xe5, 0x08, 0xc4, 0x10, 0xe5, 0x10,
    0xc5, 0x10, 0xc5, 0x10, 0xe5, 0x10, 0xe4, 0x10, 0xc5, 0x10, 0xc5, 0x10,
    0xc5, 0x10, 0xc5, 0x10, 0xc5, 0x10, 0xe5, 0x08, 0xc5, 0x10, 0xc5, 0x10,
    0xc5, 0x10, 0xc4, 0x10, 0xc5, 0x10, 0xc5, 0x08, 0xc4, 0x10, 0xc5, 0x10,
    0xc5, 0x10, 0xe4, 0x10, 0xc5, 0x10, 0xc5, 0x10, 0xe5, 0x08, 0xc4, 0x10,
    0xc5, 0x10, 0xe5, 0x10, 0xc5, 0x10, 0xe4, 0x10, 0xc5, 0x10, 0xc5, 0x08,
    0xc5, 0x10, 0xc4, 0x10, 0xc5, 0x10, 0xe5, 0x08, 0xc5, 0x10, 0xc4, 0x10,
    0xc5, 0x10, 0xc4, 0x10, 0xc5, 0x10, 0xe9, 0x31, 0x5d, 0xef, 0xff, 0xff,
    0xff, 0xff, 0xf8, 0xbd, 0xe5, 0x18, 0xc5, 0x10, 0xc4, 0x10, 0xc5, 0x10,
    0x8d, 0x2a, 0x9b, 0x4d, 0x9c, 0x55, 0x9c, 0x55, 0x9c, 0x55, 0x9c, 0x55,
    0x9c, 0x55, 0x9c, 0x55, 0x9c, 0x55, 0x9b, 0x55, 0x9c, 0x55, 0x9c, 0x55,
    0x9b, 0x55, 0x9c, 0x55, 0x9b, 0x55, 0xf3, 0x3b, 0xe6, 0x10, 0x06, 0x11,
    0x76, 0x44, 0xf4, 0x3b, 0xe5, 0x10, 0xc5, 0x10, 0xc4, 0x10, 0xc5, 0x10,
    0x26, 0x19, 0x39, 0xc6, 0xff, 0xff, 0xff, 0xff, 0xff, 0xff, 0xff, 0xff,
    0xff, 0xff, 0xff, 0xff, 0xff, 0xff, 0xff, 0xff, 0xff, 0xff, 0xff, 0xff,
    0xff, 0xff, 0xff, 0xff, 0xff, 0xff, 0xff, 0xff, 0xff, 0xff, 0xff, 0xff,
    0xff, 0xff, 0xff, 0xff, 0xff, 0xff, 0xff, 0xff, 0xff, 0xff, 0xff, 0xff,
    0xff, 0xff, 0xff, 0xff, 0xff, 0xff, 0xff, 0xff, 0xff, 0xff, 0xff, 0xff,
    0xff, 0xff, 0xff, 0xff, 0xff, 0xff, 0x9f, 0xef, 0xfc, 0x7d, 0x9b, 0x55,
    0x9c, 0x55, 0x9c, 0x55, 0x9c, 0x55, 0x9c, 0x55, 0x9c, 0x55, 0x9c, 0x55,
    0x9b, 0x55, 0x5a, 0x4d, 0x8d, 0x2a, 0xe5, 0x10, 0xc5, 0x10, 0xc5, 0x10,
    0xe4, 0x10, 0xc5, 0x10, 0xc5, 0x10, 0xe4, 0x10, 0x46, 0x19, 0x7a, 0xce,
    0xff, 0xff, 0x9e, 0xf7, 0xe9, 0x39, 0xe5, 0x10, 0xc5, 0x10, 0xc5, 0x10,
    0xd4, 0x94, 0xff, 0xff, 0xff, 0xff, 0xff, 0xff, 0x15, 0xa5, 0xe5, 0x10,
    0xc5, 0x10, 0xe4, 0x10, 0xc5, 0x10, 0xc5, 0x10, 0xe5, 0x10, 0x05, 0x11,
    0x39, 0xc6, 0xff, 0xff, 0xff, 0xff, 0xff, 0xff, 0xf1, 0x7b, 0xc5, 0x10,
    0xc4, 0x10, 0xe5, 0x10, 0xc5, 0x10, 0xc5, 0x10, 0xc5, 0x10, 0xe5, 0x10,
    0xc5, 0x10, 0xc4, 0x08, 0xc5, 0x10, 0xc5, 0x10, 0xc5, 0x10, 0xe4, 0x10,
    0xc5, 0x10, 0xe5, 0x08, 0xe5, 0x10, 0xc4, 0x10, 0xe5, 0x10, 0xb7, 0xb5,
    0xff, 0xff, 0xff, 0xff, 0xff, 0xff, 0xff, 0xff, 0xff, 0xff, 0xbf, 0xff,
    0x52, 0x84, 0x5d, 0xef, 0xff, 0xff, 0xff, 0xff, 0xff, 0xff, 0xbf, 0xf7,
    0x7a, 0xce, 0x31, 0x84, 0x72, 0x8c, 0xff, 0xff, 0xff, 0xff, 0xff, 0xff,
    0xff, 0xff, 0xff, 0xff, 0xff, 0xff, 0xff, 0xff, 0xff, 0xff, 0xff, 0xff,
    0xff, 0xff, 0x14, 0x9d, 0x26, 0x19, 0x06, 0x19, 0x15, 0x9d, 0xff, 0xff,
    0xff, 0xff, 0xff, 0xff, 0x5d, 0xef, 0x6b, 0x42, 0xe5, 0x10, 0xc5, 0x10,
    0xc5, 0x10, 0xc4, 0x08, 0xe5, 0x10, 0xc5, 0x10, 0xc5, 0x10, 0xc4, 0x10,
    0xe5, 0x08, 0xc5, 0x10, 0xc5, 0x10, 0xe5, 0x10, 0xc5, 0x10, 0xc5, 0x08,
    0xe5, 0x10, 0xc5, 0x10, 0xc4, 0x10, 0xe5, 0x10, 0xc5, 0x10, 0xc4, 0x10,
    0xe5, 0x10, 0xe5, 0x08, 0xc4, 0x10, 0xc5, 0x10, 0xc5, 0x10, 0xc4, 0x08,
    0xc4, 0x10, 0xc5, 0x10, 0xc5, 0x08, 0xc5, 0x10, 0xe4, 0x10, 0xc5, 0x10,
    0xc5, 0x10, 0xc4, 0x10, 0xc4, 0x10, 0xc5, 0x10, 0xc5, 0x10, 0xc4, 0x10,
    0xe5, 0x08, 0xc5, 0x10, 0xc5, 0x10, 0xc5, 0x10, 0xc5, 0x10, 0xe5, 0x10,
    0xc5, 0x10, 0xc4, 0x10, 0xe5, 0x10, 0xc5, 0x10, 0xc4, 0x10, 0xc5, 0x10,
    0xe4, 0x08, 0xc5, 0x10, 0xe5, 0x10, 0xc4, 0x10, 0xe5, 0x10, 0xc5, 0x10,
    0xc5, 0x10, 0xe5, 0x10, 0xc4, 0x10, 0xc5, 0x10, 0xe5, 0x10, 0xc4, 0x10,
    0xc5, 0x10, 0xc5, 0x08, 0xc5, 0x10, 0xc5, 0x10, 0xe5, 0x10, 0xc5, 0x10,
    0xc4, 0x10, 0xc5, 0x10, 0xe5, 0x10, 0xc4, 0x10, 0xc5, 0x10, 0xc5, 0x10,
    0xe5, 0x10, 0xc5, 0x10, 0xc4, 0x10, 0xe5, 0x10, 0x76, 0xad, 0xff, 0xff,
    0xff, 0xff, 0x7e, 0xef, 0x4a, 0x42, 0xc5, 0x10, 0xc5, 0x10, 0xe5, 0x10,
    0x26, 0x11, 0xf9, 0x4c, 0x9b, 0x55, 0x9c, 0x55, 0x9b, 0x55, 0x9c, 0x55,
    0xbc, 0x55, 0x9b, 0x55, 0x9c, 0x55, 0xbc, 0x55, 0x9c, 0x55, 0x9c, 0x55,
    0x9b, 0x55, 0x9b, 0x55, 0x9c, 0x55, 0x3a, 0x4d, 0x88, 0x19, 0xc9, 0x19,
    0x3a, 0x4d, 0xf9, 0x4c, 0x88, 0x19, 0xc5, 0x10, 0xc5, 0x10, 0xe5, 0x10,
    0xc5, 0x10, 0xb0, 0x73, 0xff, 0xff, 0xff, 0xff, 0xff, 0xff, 0xb7, 0xb5,
    0xdf, 0xff, 0xff, 0xff, 0xff, 0xff, 0xff, 0xff, 0xff, 0xff, 0xff, 0xff,
    0xff, 0xff, 0xff, 0xff, 0xff, 0xff, 0xff, 0xff, 0xff, 0xff, 0xff, 0xff,
    0xff, 0xff, 0xff, 0xff, 0xff, 0xff, 0xff, 0xff, 0xff, 0xff, 0xff, 0xff,
    0xff, 0xff, 0xff, 0xff, 0xff, 0xff, 0xff, 0xff, 0xff, 0xff, 0xff, 0xff,
    0xff, 0xff, 0xff, 0xff, 0xff, 0xff, 0xff, 0xff, 0xff, 0xff, 0x9d, 0xa6,
    0x9b, 0x55, 0x9c, 0x55, 0x9c, 0x55, 0x9c, 0x55, 0x9b, 0x55, 0x9b, 0x55,
    0x9b, 0x55, 0x9b, 0x55, 0x7b, 0x4d, 0x30, 0x33, 0xe6, 0x10, 0xc5, 0x10,
    0xc5, 0x10, 0xe5, 0x10, 0xc4, 0x10, 0xc5, 0x10, 0xe5, 0x10, 0xd4, 0x94,
    0xff, 0xff, 0xff, 0xff, 0x8f, 0x6b, 0xc5, 0x10, 0xc5, 0x10, 0xe4, 0x10,
    0xec, 0x52, 0xff, 0xff, 0xff, 0xff, 0xff, 0xff, 0xbb, 0xd6, 0x46, 0x21,
    0xc5, 0x10, 0xc5, 0x10, 0xc4, 0x10, 0xe5, 0x10, 0xc4, 0x10, 0xe5, 0x10,
    0x93, 0x8c, 0xff, 0xff, 0xff, 0xff, 0xff, 0xff, 0xd8, 0xbd, 0xe5, 0x10,
    0xc5, 0x10, 0xc5, 0x10, 0xc5, 0x10, 0xe4, 0x10, 0xc5, 0x10, 0xc5, 0x10,
    0xe4, 0x10, 0xc5, 0x10, 0xe5, 0x10, 0xe4, 0x10, 0xc5, 0x08, 0xc5, 0x10,
    0xc5, 0x10, 0xc4, 0x10, 0xc5, 0x10, 0xc5, 0x10, 0xe5, 0x10, 0xf0, 0x73,
    0xff, 0xff, 0xff, 0xff, 0xff, 0xff, 0xff, 0xff, 0xdf, 0xff, 0x1c, 0xe7,
    0x09, 0x3a, 0x97, 0xb5, 0xdf, 0xff, 0x9b, 0xd6, 0x31, 0x84, 0x09, 0x3a,
    0xe5, 0x10, 0x05, 0x19, 0x7a, 0xce, 0xff, 0xff, 0xff, 0xff, 0xff, 0xff,
    0xff, 0xff, 0xff, 0xff, 0xff, 0xff, 0xff, 0xff, 0xff, 0xff, 0xff, 0xff,
    0x76, 0xad, 0x26, 0x19, 0xe5, 0x18, 0x93, 0x8c, 0xff, 0xff, 0xff, 0xff,
    0xff, 0xff, 0x9e, 0xf7, 0x0d, 0x5b, 0xe5, 0x10, 0xc5, 0x10, 0xc5, 0x10,
    0xe5, 0x10, 0xe4, 0x10, 0xc5, 0x10, 0xc5, 0x08, 0xc4, 0x10, 0xc5, 0x10,
    0xc5, 0x10, 0xe5, 0x10, 0xc5, 0x10, 0xc4, 0x10, 0xe4, 0x10, 0xc5, 0x10,
    0xc4, 0x10, 0xc5, 0x10, 0xe5, 0x10, 0xc4, 0x10, 0xc5, 0x08, 0xc5, 0x10,
    0xc4, 0x10, 0xc5, 0x10, 0xe5, 0x10, 0xc5, 0x10, 0xc5, 0x10, 0xe5, 0x10,
    0xc5, 0x10, 0xc5, 0x10, 0xe5, 0x10, 0xe5, 0x10, 0xc5, 0x10, 0xc5, 0x10,
    0xc4, 0x10, 0xc5, 0x10, 0xc5, 0x10, 0xe4, 0x10, 0xc5, 0x10, 0xc5, 0x10,
    0xc5, 0x10, 0xc4, 0x10, 0xc5, 0x10, 0xc5, 0x08, 0xc4, 0x10, 0xe5, 0x10,
    0xc5, 0x10, 0xc5, 0x10, 0xc4, 0x10, 0xc5, 0x10, 0xc5, 0x10, 0xe5, 0x10,
    0xc5, 0x10, 0xc5, 0x10, 0xc5, 0x08, 0xe5, 0x10, 0xc5, 0x10, 0xe5, 0x10,
    0xc4, 0x08, 0xc5, 0x10, 0xc5, 0x10, 0xe4, 0x08, 0xc5, 0x10, 0xc5, 0x10,
    0xc5, 0x10, 0xe4, 0x10, 0xc5, 0x10, 0xc4, 0x08, 0xc4, 0x10, 0xc5, 0x10,
    0xe5, 0x10, 0xe5, 0x08, 0xc5, 0x10, 0xc5, 0x10, 0xc4, 0x10, 0xe5, 0x10,
    0xc5, 0x08, 0xe4, 0x10, 0xc5, 0x10, 0xc5, 0x10, 0xcc, 0x52, 0xdf, 0xff,
    0xff, 0xff, 0xff, 0xff, 0xd3, 0x94, 0xe5, 0x10, 0xc5, 0x10, 0xc5, 0x10,
    0xe5, 0x10, 0x71, 0x33, 0x9b, 0x55, 0x9c, 0x55, 0x9c, 0x55, 0x9b, 0x55,
    0x9c, 0x55, 0xbc, 0x55, 0x9b, 0x55, 0x9c, 0x55, 0xbc, 0x55, 0x9c, 0x55,
    0x9c, 0x55, 0xbc, 0x55, 0x9c, 0x55, 0x9b, 0x55, 0xce, 0x2a, 0x31, 0x33,
    0x9b, 0x55, 0x9b, 0x55, 0xce, 0x2a, 0xc5, 0x10, 0xc5, 0x10, 0xc4, 0x10,
    0xc5, 0x10, 0xa7, 0x29, 0x5d, 0xef, 0xff, 0xff, 0xdf, 0xff, 0xed, 0x52,
    0x76, 0xad, 0xff, 0xff, 0xff, 0xff, 0xff, 0xff, 0xff, 0xff, 0xff, 0xff,
    0xff, 0xff, 0xff, 0xff, 0xff, 0xff, 0xff, 0xff, 0xff, 0xff, 0xff, 0xff,
    0xff, 0xff, 0xff, 0xff, 0xff, 0xff, 0xff, 0xff, 0xff, 0xff, 0xff, 0xff,
    0xff, 0xff, 0xff, 0xff, 0xff, 0xff, 0xff, 0xff, 0xff, 0xff, 0xff, 0xff,
    0xff, 0xff, 0xff, 0xff, 0xff, 0xff, 0xff, 0xff, 0xff, 0xff, 0xff, 0xff,
    0x1d, 0xc7, 0x9b, 0x5d, 0x9c, 0x55, 0x9b, 0x55, 0x9c, 0x55, 0x9c, 0x55,
    0x9c, 0x55, 0x9c, 0x55, 0x9b, 0x55, 0x9b, 0x55, 0xb2, 0x33, 0x06, 0x11,
    0xc5, 0x10, 0xc4, 0x10, 0xc5, 0x10, 0xc5, 0x10, 0xe5, 0x10, 0xed, 0x5a,
    0xff, 0xff, 0xff, 0xff, 0x76, 0xad, 0xc5, 0x10, 0xc5, 0x10, 0xc5, 0x10,
    0x46, 0x21, 0xbe, 0xf7, 0xff, 0xff, 0xff, 0xff, 0xdf, 0xff, 0xe9, 0x39,
    0xc5, 0x10, 0xc5, 0x10, 0xc5, 0x10, 0xc5, 0x10, 0xc5, 0x10, 0xc5, 0x10,
    0xec, 0x52, 0xdf, 0xff, 0xff, 0xff, 0xff, 0xff, 0x3c, 0xe7, 0x88, 0x29,
    0xc5, 0x10, 0xc5, 0x10, 0xc4, 0x10, 0xc5, 0x10, 0xc5, 0x10, 0xc5, 0x10,
    0xc4, 0x10, 0xc5, 0x10, 0xc5, 0x10, 0xc4, 0x10, 0xc5, 0x10, 0xc5, 0x10,
    0xe4, 0x10, 0xc5, 0x10, 0xc5, 0x10, 0xe5, 0x10, 0xc5, 0x10, 0x4a, 0x42,
    0x9e, 0xf7, 0xff, 0xff, 0xff, 0xff, 0x18, 0xbe, 0xac, 0x4a, 0x2e, 0x63,
    0x59, 0xce, 0xd7, 0xb5, 0x6b, 0x42, 0xe5, 0x10, 0xc5, 0x10, 0xc5, 0x10,
    0xc5, 0x10, 0xe5, 0x10, 0x8f, 0x6b, 0x3d, 0xef, 0xff, 0xff, 0xff, 0xff,
    0xff, 0xff, 0xff, 0xff, 0xff, 0xff, 0xff, 0xff, 0xff, 0xff, 0xb7, 0xb5,
    0x26, 0x19, 0xc5, 0x10, 0x31, 0x84, 0xdf, 0xff, 0xff, 0xff, 0xff, 0xff,
    0xbf, 0xf7, 0xaf, 0x73, 0xc5, 0x10, 0xc5, 0x10, 0xc4, 0x10, 0xc5, 0x10,
    0xc4, 0x10, 0xc5, 0x10, 0xc5, 0x10, 0xc5, 0x10, 0xe5, 0x10, 0xe5, 0x10,
    0xc5, 0x10, 0xc4, 0x10, 0xc5, 0x10, 0xc5, 0x08, 0xc5, 0x10, 0xe5, 0x10,
    0xc5, 0x10, 0xc4, 0x10, 0xc5, 0x08, 0xc5, 0x10, 0xe5, 0x10, 0xc4, 0x10,
    0xc5, 0x10, 0xc5, 0x10, 0xc4, 0x10, 0xc5, 0x10, 0xe5, 0x10, 0xc4, 0x10,
    0xe5, 0x10, 0xc5, 0x10, 0xc4, 0x10, 0xc4, 0x10, 0xc5, 0x10, 0xc5, 0x08,
    0xe5, 0x10, 0xe5, 0x10, 0xc5, 0x08, 0xc5, 0x10, 0xc5, 0x10, 0xe5, 0x08,
    0xc4, 0x10, 0xc5, 0x10, 0xe5, 0x10, 0xe4, 0x10, 0xc5, 0x10, 0xc5, 0x08,
    0xc5, 0x10, 0xc5, 0x10, 0xe5, 0x10, 0xc5, 0x08, 0xc4, 0x10, 0xe5, 0x10,
    0xc5, 0x10, 0xc4, 0x10, 0xc5, 0x10, 0xc4, 0x10, 0xc5, 0x10, 0xc5, 0x10,
    0xe4, 0x10, 0xc5, 0x10, 0xc5, 0x10, 0xc5, 0x10, 0xc4, 0x10, 0xc5, 0x10,
    0xe5, 0x08, 0xc4, 0x10, 0xc5, 0x10, 0xe5, 0x10, 0xc5, 0x10, 0xc5, 0x10,
    0xc5, 0x10, 0xc4, 0x10, 0xc5, 0x10, 0xc5, 0x08, 0xe5, 0x10, 0xc5, 0x10,
    0xc4, 0x10, 0xc5, 0x10, 0xc5, 0x08, 0xe5, 0x10, 0x46, 0x19, 0x7a, 0xce,
    0xff, 0xff, 0xff, 0xff, 0x1c, 0xe7, 0x67, 0x29, 0xc5, 0x10, 0xc4, 0x10,
    0xc5, 0x10, 0x88, 0x19, 0x7b, 0x4d, 0x9c, 0x55, 0x9c, 0x55, 0x9c, 0x55,
    0x9b, 0x55, 0x9c, 0x55, 0x9c, 0x55, 0x9b, 0x55, 0x9c, 0x55, 0xbb, 0x55,
    0x9b, 0x55, 0x9c, 0x55, 0x9b, 0x55, 0x9b, 0x55, 0xb7, 0x44, 0x19, 0x4d,
    0x9c, 0x55, 0x9c, 0x55, 0x97, 0x44, 0x06, 0x11, 0xc5, 0x10, 0xc5, 0x10,
    0xc4, 0x10, 0xe5, 0x10, 0xd4, 0x94, 0xff, 0xff, 0xdf, 0xff, 0x2a, 0x42,
    0xe9, 0x31, 0xdf, 0xff, 0xff, 0xff, 0xff, 0xff, 0xff, 0xff, 0xff, 0xff,
    0xff, 0xff, 0xff, 0xff, 0xff, 0xff, 0xff, 0xff, 0xff, 0xff, 0xff, 0xff,
    0xff, 0xff, 0xff, 0xff, 0xff, 0xff, 0xff, 0xff, 0xff, 0xff, 0xff, 0xff,
    0xff, 0xff, 0xff, 0xff, 0xff, 0xff, 0xff, 0xff, 0xff, 0xff, 0xff, 0xff,
    0xff, 0xff, 0xff, 0xff, 0xff, 0xff, 0xff, 0xff, 0xff, 0xff, 0xff, 0xff,
    0xff, 0xff, 0x5e, 0xdf, 0xbc, 0x65, 0x9c, 0x55, 0x9c, 0x55, 0x9c, 0x55,
    0x9c, 0x55, 0x9b, 0x55, 0x9b, 0x55, 0x9c, 0x55, 0x9c, 0x55, 0xf4, 0x3b,
    0x06, 0x11, 0xc5, 0x10, 0xc5, 0x10, 0xe5, 0x10, 0xc4, 0x10, 0x87, 0x21,
    0x7d, 0xef, 0xff, 0xff, 0x3d, 0xe7, 0x05, 0x19, 0xc5, 0x10, 0xc5, 0x10,
    0xe5, 0x10, 0x39, 0xc6, 0xff, 0xff, 0xff, 0xff, 0xff, 0xff, 0xaf, 0x73,
    0xe5, 0x10, 0xe5, 0x10, 0xc5, 0x10, 0xe5, 0x10, 0xe5, 0x10, 0xc5, 0x10,
    0xc9, 0x31, 0x3d, 0xe7, 0xff, 0xff, 0xff, 0xff, 0xbf, 0xff, 0xcc, 0x52,
    0xc5, 0x10, 0xe5, 0x10, 0xe5, 0x10, 0xc5, 0x10, 0xe5, 0x10, 0xc5, 0x10,
    0xc5, 0x10, 0xc5, 0x10, 0xc5, 0x10, 0xc5, 0x10, 0xc5, 0x10, 0xe5, 0x10,
    0xc5, 0x10, 0xc5, 0x10, 0xe5, 0x10, 0xc4, 0x08, 0xc4, 0x10, 0x26, 0x19,
    0xbb, 0xd6, 0xff, 0xff, 0xff, 0xff, 0x7e, 0xf7, 0x76, 0xad, 0x35, 0xa5,
    0xf4, 0x9c, 0xd7, 0xb5, 0x2e, 0x63, 0x26, 0x21, 0xc5, 0x10, 0xe5, 0x10,
    0xc5, 0x10, 0xe5, 0x10, 0x11, 0x7c, 0x7e, 0xf7, 0xff, 0xff, 0xff, 0xff,
    0xff, 0xff, 0xff, 0xff, 0xff, 0xff, 0xff, 0xff, 0x73, 0x8c, 0x06, 0x19,
    0xe5, 0x10, 0xf0, 0x7b, 0xbf, 0xff, 0xff, 0xff, 0xff, 0xff, 0xdf, 0xff,
    0x31, 0x84, 0xe5, 0x10, 0xc5, 0x10, 0xc5, 0x10, 0xe5, 0x10, 0xc5, 0x10,
    0xc5, 0x08, 0xc5, 0x10, 0xc5, 0x10, 0xe4, 0x10, 0xc4, 0x10, 0xc5, 0x10,
    0xc5, 0x08, 0xc5, 0x10, 0xe4, 0x10, 0xc5, 0x10, 0xc5, 0x10, 0xc5, 0x08,
    0xe5, 0x10, 0xe5, 0x10, 0xc5, 0x10, 0xc5, 0x10, 0xc5, 0x10, 0xe5, 0x10,
    0xe5, 0x10, 0xc5, 0x08, 0xc4, 0x10, 0xe5, 0x10, 0xc5, 0x08, 0xc4, 0x10,
    0xc5, 0x10, 0xc5, 0x10, 0xe5, 0x08, 0xc5, 0x10, 0xc4, 0x10, 0xc5, 0x10,
    0xc5, 0x10, 0xc4, 0x10, 0xe5, 0x10, 0xc5, 0x10, 0xc5, 0x10, 0xc4, 0x10,
    0xe5, 0x10, 0xc5, 0x08, 0xc4, 0x10, 0xc5, 0x10, 0xc5, 0x10, 0xe5, 0x10,
    0xc5, 0x10, 0xc4, 0x10, 0xc5, 0x10, 0xe5, 0x10, 0xc4, 0x10, 0xc5, 0x10,
    0xc4, 0x08, 0xe5, 0x10, 0xe5, 0x10, 0xc5, 0x10, 0xc4, 0x10, 0xc5, 0x08,
    0xc5, 0x10, 0xc5, 0x10, 0xc5, 0x10, 0xe5, 0x10, 0xc5, 0x10, 0xc5, 0x10,
    0xc5, 0x10, 0xc5, 0x10, 0xc5, 0x10, 0xe5, 0x10, 0xc5, 0x10, 0xe5, 0x10,
    0xc4, 0x08, 0xc5, 0x10, 0xc5, 0x10, 0xc4, 0x10, 0xe5, 0x10, 0xc5, 0x10,
    0xc5, 0x10, 0xc5, 0x10, 0xe5, 0x10, 0xc4, 0x10, 0xe5, 0x10, 0x11, 0x7c,
    0xff, 0xff, 0xff, 0xff, 0xdf, 0xff, 0x6f, 0x6b, 0xc5, 0x10, 0xc5, 0x10,
    0xc4, 0x10, 0xe5, 0x10, 0x35, 0x3c, 0x9c, 0x55, 0x9b, 0x55, 0x9c, 0x55,
    0x9c, 0x55, 0x9c, 0x55, 0xbc, 0x55, 0xbc, 0x55, 0x9c, 0x55, 0x9c, 0x55,
    0xbc, 0x55, 0x9c, 0x55, 0x9c, 0x55, 0x9b, 0x55, 0x9c, 0x55, 0x9b, 0x55,
    0x9c, 0x55, 0x9b, 0x55, 0x7b, 0x4d, 0x4c, 0x22, 0xc5, 0x10, 0xc5, 0x10,
    0xe5, 0x10, 0xc5, 0x10, 0xe8, 0x31, 0x9e, 0xf7, 0xbf, 0xff, 0x09, 0x3a,
    0xe5, 0x10, 0x35, 0xa5, 0xff, 0xff, 0xff, 0xff, 0xff, 0xff, 0xff, 0xff,
    0xff, 0xff, 0xff, 0xff, 0xff, 0xff, 0xff, 0xff, 0xff, 0xff, 0xff, 0xff,
    0xff, 0xff, 0xff, 0xff, 0xff, 0xff, 0xff, 0xff, 0xff, 0xff, 0xff, 0xff,
    0xff, 0xff, 0xff, 0xff, 0xff, 0xff, 0xff, 0xff, 0xff, 0xff, 0xff, 0xff,
    0xff, 0xff, 0xff, 0xff, 0xff, 0xff, 0xff, 0xff, 0xff, 0xff, 0xff, 0xff,
    0xff, 0xff, 0xff, 0xff, 0x7f, 0xe7, 0xdb, 0x6d, 0x9b, 0x55, 0x9c, 0x55,
    0x9c, 0x55, 0x9c, 0x55, 0x9c, 0x55, 0x9c, 0x55, 0x9b, 0x55, 0x9c, 0x55,
    0xb3, 0x33, 0xe5, 0x10, 0xc5, 0x10, 0xc5, 0x10, 0xe4, 0x10, 0x06, 0x19,
    0xf8, 0xbd, 0xff, 0xff, 0xbf, 0xff, 0x6b, 0x42, 0xe5, 0x10, 0xc4, 0x10,
    0xc4, 0x10, 0x52, 0x84, 0xff, 0xff, 0xff, 0xff, 0xff, 0xff, 0xdc, 0xde,
    0x56, 0xad, 0x35, 0xa5, 0x35, 0xa5, 0xf4, 0x9c, 0xf4, 0x9c, 0xf4, 0x9c,
    0x55, 0xa5, 0x9e, 0xf7, 0xff, 0xff, 0xff, 0xff, 0xff, 0xff, 0x9a, 0xd6,
    0x56, 0xa5, 0x35, 0xa5, 0x15, 0xa5, 0xf4, 0x9c, 0xf4, 0x9c, 0xb3, 0x94,
    0xb3, 0x94, 0x93, 0x8c, 0x72, 0x8c, 0x31, 0x84, 0x11, 0x7c, 0x11, 0x7c,
    0xc8, 0x31, 0xc5, 0x10, 0xc5, 0x10, 0xc5, 0x10, 0xc5, 0x10, 0xe5, 0x10,
    0xf4, 0x9c, 0xff, 0xff, 0xff, 0xff, 0xff, 0xff, 0xff, 0xff, 0xfc, 0xde,
    0x47, 0x21, 0x72, 0x8c, 0xff, 0xff, 0x7e, 0xef, 0x96, 0xad, 0x2d, 0x5b,
    0x26, 0x21, 0x05, 0x19, 0x7a, 0xce, 0xff, 0xff, 0xff, 0xff, 0xff, 0xff,
    0xff, 0xff, 0xff, 0xff, 0xff, 0xff, 0x11, 0x7c, 0xe5, 0x18, 0xc5, 0x10,
    0xf0, 0x7b, 0xbf, 0xf7, 0xff, 0xff, 0xff, 0xff, 0xdf, 0xff, 0x72, 0x8c,
    0xe5, 0x10, 0xc5, 0x10, 0xc5, 0x10, 0xc4, 0x08, 0xc5, 0x10, 0xc5, 0x10,
    0xe5, 0x10, 0xe4, 0x10, 0xc5, 0x10, 0xc5, 0x08, 0xc5, 0x10, 0xc5, 0x10,
    0xc4, 0x10, 0xe5, 0x10, 0xc5, 0x10, 0xe4, 0x10, 0xc5, 0x10, 0xc4, 0x10,
    0xc4, 0x10, 0xc5, 0x10, 0xc5, 0x10, 0xe4, 0x10, 0xc4, 0x10, 0xc5, 0x08,
    0xc5, 0x10, 0xc5, 0x10, 0xe5, 0x10, 0xc5, 0x10, 0xc5, 0x10, 0xc5, 0x10,
    0xc5, 0x08, 0xe4, 0x10, 0xc5, 0x10, 0xc5, 0x10, 0xe5, 0x10, 0xe5, 0x10,
    0xc4, 0x10, 0xc5, 0x08, 0xc5, 0x10, 0xe4, 0x10, 0xe4, 0x10, 0xc5, 0x10,
    0xc5, 0x10, 0xe5, 0x10, 0xc5, 0x10, 0xc5, 0x10, 0xc5, 0x10, 0xc5, 0x10,
    0xc5, 0x10, 0xc5, 0x10, 0xe4, 0x10, 0xc5, 0x10, 0xc5, 0x10, 0xc5, 0x10,
    0xc5, 0x10, 0xc5, 0x10, 0xc5, 0x08, 0xc4, 0x10, 0xe5, 0x10, 0xc5, 0x10,
    0xc4, 0x10, 0xe5, 0x10, 0xe4, 0x10, 0xc4, 0x08, 0xc5, 0x10, 0xe5, 0x10,
    0xe4, 0x10, 0xc4, 0x10, 0xc5, 0x10, 0xc5, 0x08, 0xc4, 0x10, 0xc4, 0x10,
    0xe5, 0x10, 0xc5, 0x10, 0xe4, 0x10, 0xc5, 0x10, 0xc4, 0x10, 0xc5, 0x08,
    0xc5, 0x10, 0xe4, 0x10, 0xc5, 0x10, 0xc5, 0x10, 0xc5, 0x10, 0xe8, 0x31,
    0x3d, 0xe7, 0xff, 0xff, 0xff, 0xff, 0x39, 0xc6, 0x05, 0x19, 0xc5, 0x10,
    0xe5, 0x10, 0xc5, 0x10, 0x4b, 0x22, 0x9b, 0x55, 0x9c, 0x55, 0x9c, 0x55,
    0x9c, 0x55, 0x9b, 0x55, 0x9c, 0x55, 0x9c, 0x55, 0x9c, 0x55, 0x9b, 0x55,
    0x9c, 0x55, 0x9c, 0x55, 0x9b, 0x55, 0xbc, 0x55, 0x9c, 0x55, 0x9c, 0x55,
    0x9b, 0x55, 0x9b, 0x55, 0x9b, 0x55, 0x55, 0x3c, 0x05, 0x11, 0xc5, 0x10,
    0xc5, 0x10, 0xc5, 0x10, 0xe5, 0x10, 0xf4, 0x9c, 0xbf, 0xf7, 0xe8, 0x31,
    0xe5, 0x10, 0xa8, 0x29, 0x9e, 0xf7, 0xff, 0xff, 0xff, 0xff, 0xff, 0xff,
    0xff, 0xff, 0xff, 0xff, 0xff, 0xff, 0xff, 0xff, 0xff, 0xff, 0xff, 0xff,
    0xff, 0xff, 0xff, 0xff, 0xff, 0xff, 0xff, 0xff, 0xff, 0xff, 0xff, 0xff,
    0xff, 0xff, 0xff, 0xff, 0xff, 0xff, 0xff, 0xff, 0xff, 0xff, 0xff, 0xff,
    0xff, 0xff, 0xff, 0xff, 0xff, 0xff, 0xff, 0xff, 0xff, 0xff, 0xff, 0xff,
    0xff, 0xff, 0xff, 0xff, 0xff, 0xff, 0x9f, 0xef, 0xfc, 0x75, 0x9b, 0x55,
    0x9b, 0x55, 0x9c, 0x55, 0x9c, 0x55, 0x9c, 0x55, 0xbb, 0x55, 0x9b, 0x55,
    0x19, 0x4d, 0x88, 0x19, 0xc5, 0x10, 0xc5, 0x10, 0xc5, 0x10, 0xe5, 0x10,
    0x31, 0x7c, 0xff, 0xff, 0xff, 0xff, 0x31, 0x84, 0xc5, 0x10, 0xc5, 0x10,
    0xe5, 0x10, 0x6b, 0x42, 0xdf, 0xff, 0xff, 0xff, 0xff, 0xff, 0xff, 0xff,
    0xff, 0xff, 0xff, 0xff, 0xff, 0xff, 0xff, 0xff, 0xff, 0xff, 0xff, 0xff,
    0xff, 0xff, 0xff, 0xff, 0xff, 0xff, 0xff, 0xff, 0xff, 0xff, 0xff, 0xff,
    0xff, 0xff, 0xff, 0xff, 0xff, 0xff, 0xff, 0xff, 0xff, 0xff, 0xff, 0xff,
    0xff, 0xff, 0xff, 0xff, 0xff, 0xff, 0xff, 0xff, 0xff, 0xff, 0xff, 0xff,
    0xb3, 0x94, 0xc5, 0x10, 0xc5, 0x10, 0xe4, 0x10, 0xe5, 0x10, 0xc5, 0x08,
    0x2d, 0x5b, 0xdf, 0xff, 0xff, 0xff, 0xff, 0xff, 0xff, 0xff, 0xbf, 0xff,
    0xaf, 0x73, 0x9a, 0xd6, 0xff, 0xff, 0xff, 0xff, 0xff, 0xff, 0xdf, 0xff,
    0x7e, 0xef, 0x97, 0xad, 0x35, 0xa5, 0xff, 0xff, 0xff, 0xff, 0xff, 0xff,
    0xff, 0xff, 0xdf, 0xff, 0xd0, 0x73, 0x05, 0x11, 0xe5, 0x10, 0xf0, 0x7b,
    0xbe, 0xf7, 0xff, 0xff, 0xff, 0xff, 0xff, 0xff, 0xb3, 0x94, 0x05, 0x19,
    0xc5, 0x10, 0xc5, 0x10, 0xc4, 0x10, 0xe5, 0x10, 0xc5, 0x10, 0xc4, 0x10,
    0xc4, 0x10, 0xc5, 0x10, 0xc4, 0x10, 0xe5, 0x10, 0xc5, 0x10, 0xc5, 0x10,
    0xe5, 0x10, 0xc4, 0x10, 0xc5, 0x08, 0xc5, 0x10, 0xe5, 0x10, 0xc5, 0x10,
    0xc5, 0x10, 0xc5, 0x10, 0xc4, 0x08, 0xe5, 0x10, 0xc5, 0x10, 0xc4, 0x10,
    0xc5, 0x10, 0xc4, 0x10, 0xc4, 0x08, 0xc5, 0x10, 0xc4, 0x10, 0xc4, 0x10,
    0xe5, 0x10, 0xc5, 0x10, 0xc4, 0x10, 0xc5, 0x10, 0xc5, 0x08, 0xc4, 0x10,
    0xe5, 0x10, 0xc5, 0x10, 0xc5, 0x10, 0xc5, 0x10, 0xc5, 0x08, 0xc5, 0x10,
    0xc5, 0x10, 0xc4, 0x10, 0xc5, 0x10, 0xe5, 0x10, 0xe4, 0x08, 0xc4, 0x10,
    0xc5, 0x10, 0xc5, 0x10, 0xc5, 0x10, 0xc5, 0x08, 0xc4, 0x10, 0xe5, 0x10,
    0xc5, 0x10, 0xe4, 0x10, 0xc5, 0x10, 0xc5, 0x10, 0xc5, 0x10, 0xe5, 0x10,
    0xc5, 0x10, 0xc5, 0x08, 0xc5, 0x10, 0xc5, 0x10, 0xc5, 0x10, 0xc4, 0x10,
    0xc5, 0x08, 0xe5, 0x10, 0xc5, 0x10, 0xe4, 0x10, 0xc5, 0x10, 0xc5, 0x10,
    0xc5, 0x10, 0xe5, 0x10, 0xc5, 0x10, 0xe5, 0x08, 0xc5, 0x10, 0xc5, 0x10,
    0xc4, 0x10, 0xe5, 0x10, 0xc5, 0x08, 0xc5, 0x10, 0xc5, 0x10, 0xe5, 0x10,
    0x55, 0xa5, 0xff, 0xff, 0xff, 0xff, 0x9e, 0xf7, 0x6b, 0x4a, 0xc5, 0x10,
    0xc5, 0x10, 0xe5, 0x10, 0x06, 0x11, 0xd8, 0x4c, 0x9b, 0x55, 0x9c, 0x55,
    0x9b, 0x55, 0x9c, 0x55, 0x9c, 0x55, 0x9b, 0x55, 0x9b, 0x55, 0xbc, 0x55,
    0x9c, 0x55, 0x9c, 0x55, 0xbc, 0x55, 0x9c, 0x55, 0x9c, 0x55, 0xbc, 0x55,
    0x9c, 0x55, 0xbc, 0x55, 0x9c, 0x55, 0x5b, 0x4d, 0x4c, 0x22, 0xc5, 0x10,
    0xc5, 0x10, 0xe4, 0x10, 0xc5, 0x10, 0xc8, 0x31, 0x1c, 0xe7, 0xa8, 0x29,
    0xe5, 0x10, 0xe5, 0x10, 0x93, 0x8c, 0xff, 0xff, 0xff, 0xff, 0xff, 0xff,
    0xff, 0xff, 0xff, 0xff, 0xff, 0xff, 0xff, 0xff, 0xff, 0xff, 0xff, 0xff,
    0xff, 0xff, 0xff, 0xff, 0xff, 0xff, 0xff, 0xff, 0xff, 0xff, 0xff, 0xff,
    0xff, 0xff, 0xff, 0xff, 0xff, 0xff, 0xff, 0xff, 0xff, 0xff, 0xff, 0xff,
    0xff, 0xff, 0xff, 0xff, 0xff, 0xff, 0xff, 0xff, 0xff, 0xff, 0xff, 0xff,
    0xff, 0xff, 0xff, 0xff, 0xff, 0xff, 0xff, 0xff, 0x9f, 0xef, 0xfc, 0x75,
    0x9c, 0x55, 0x9b, 0x55, 0x9c, 0x55, 0x9c, 0x55, 0x9b, 0x55, 0x9c, 0x55,
    0x7b, 0x55, 0x6c, 0x22, 0xc5, 0x10, 0xc5, 0x10, 0xc4, 0x10, 0xe5, 0x10,
    0x6a, 0x42, 0xff, 0xff, 0xff, 0xff, 0x19, 0xc6, 0xc5, 0x10, 0xc5, 0x10,
    0xe5, 0x10, 0x05, 0x11, 0x3d, 0xef, 0xff, 0xff, 0xff, 0xff, 0xff, 0xff,
    0xff, 0xff, 0xff, 0xff, 0xff, 0xff, 0xff, 0xff, 0xff, 0xff, 0xff, 0xff,
    0xff, 0xff, 0xff, 0xff, 0xff, 0xff, 0xff, 0xff, 0xff, 0xff, 0xff, 0xff,
    0xff, 0xff, 0xff, 0xff, 0xff, 0xff, 0xff, 0xff, 0xff, 0xff, 0xff, 0xff,
    0xff, 0xff, 0xff, 0xff, 0xff, 0xff, 0xff, 0xff, 0xff, 0xff, 0xff, 0xff,
    0x59, 0xce, 0x26, 0x19, 0xc5, 0x10, 0xc5, 0x10, 0xc5, 0x10, 0xe5, 0x10,
    0xc8, 0x31, 0x3d, 0xe7, 0xff, 0xff, 0xff, 0xff, 0xff, 0xff, 0xff, 0xff,
    0xdf, 0xff, 0xff, 0xff, 0xff, 0xff, 0xff, 0xff, 0xff, 0xff, 0xff, 0xff,
    0xff, 0xff, 0xff, 0xff, 0xff, 0xff, 0xff, 0xff, 0xff, 0xff, 0xff, 0xff,
    0xbf, 0xff, 0x8f, 0x73, 0x05, 0x19, 0xc5, 0x10, 0x11, 0x7c, 0xbf, 0xf7,
    0xff, 0xff, 0xff, 0xff, 0xdf, 0xff, 0xd4, 0x94, 0x26, 0x19, 0xc5, 0x10,
    0xc5, 0x10, 0xe5, 0x10, 0xc5, 0x10, 0xc5, 0x10, 0xe5, 0x10, 0xc5, 0x10,
    0xe5, 0x08, 0xc5, 0x10, 0xc5, 0x10, 0xc5, 0x10, 0xe4, 0x10, 0xc4, 0x10,
    0xe5, 0x08, 0xc5, 0x10, 0xc5, 0x10, 0xc5, 0x10, 0xc4, 0x10, 0xc5, 0x08,
    0xe5, 0x10, 0xe5, 0x10, 0xc5, 0x10, 0xc5, 0x10, 0xc5, 0x10, 0xc5, 0x10,
    0xe5, 0x10, 0xe5, 0x10, 0xc5, 0x10, 0xe5, 0x10, 0xe5, 0x10, 0xc5, 0x10,
    0xc5, 0x10, 0xc5, 0x10, 0xc5, 0x10, 0xe5, 0x10, 0xc4, 0x10, 0xc5, 0x10,
    0xc5, 0x10, 0xe5, 0x10, 0xc4, 0x10, 0xc5, 0x10, 0xc5, 0x10, 0xc4, 0x10,
    0xe5, 0x10, 0xc5, 0x08, 0xc4, 0x10, 0xc5, 0x10, 0xc5, 0x10, 0xc5, 0x10,
    0xc5, 0x10, 0xc4, 0x10, 0xe5, 0x10, 0xc5, 0x10, 0xc5, 0x10, 0xe4, 0x10,
    0xc5, 0x08, 0xc5, 0x10, 0xe5, 0x10, 0xe4, 0x10, 0xc5, 0x08, 0xc5, 0x10,
    0xe4, 0x10, 0xc5, 0x10, 0xc5, 0x10, 0xc5, 0x10, 0xe5, 0x10, 0xc5, 0x10,
    0xc5, 0x10, 0xc5, 0x10, 0xc4, 0x10, 0xc5, 0x10, 0xe5, 0x10, 0xc5, 0x10,
    0xc5, 0x08, 0xc4, 0x10, 0xc5, 0x10, 0xc5, 0x10, 0xe5, 0x10, 0xc4, 0x10,
    0xe5, 0x10, 0xc5, 0x10, 0xc4, 0x10, 0xc4, 0x10, 0xe5, 0x10, 0xc5, 0x10,
    0xac, 0x4a, 0xdf, 0xff, 0xff, 0xff, 0xff, 0xff, 0x14, 0x9d, 0xc5, 0x10,
    0xc5, 0x10, 0xc4, 0x10, 0xe5, 0x10, 0x0f, 0x2b, 0x9c, 0x55, 0x9c, 0x55,
    0x9c, 0x55, 0x9c, 0x55, 0xbc, 0x55, 0xbc, 0x55, 0x9c, 0x55, 0x9c, 0x55,
    0xbc, 0x55, 0x9b, 0x55, 0x9b, 0x55, 0x9c, 0x55, 0x9b, 0x55, 0xbc, 0x55,
    0x9c, 0x55, 0x9b, 0x55, 0x9c, 0x55, 0x9c, 0x55, 0x76, 0x44, 0x06, 0x11,
    0xe5, 0x10, 0xc5, 0x10, 0xc4, 0x10, 0xe5, 0x10, 0x4e, 0x63, 0x67, 0x21,
    0xc5, 0x10, 0xc4, 0x10, 0x46, 0x21, 0x1c, 0xe7, 0xff, 0xff, 0xff, 0xff,
    0xff, 0xff, 0xff, 0xff, 0xff, 0xff, 0xff, 0xff, 0xff, 0xff, 0xff, 0xff,
    0xff, 0xff, 0xff, 0xff, 0xff, 0xff, 0xff, 0xff, 0xff, 0xff, 0xff, 0xff,
    0xff, 0xff, 0xff, 0xff, 0xff, 0xff, 0xff, 0xff, 0xff, 0xff, 0xff, 0xff,
    0xff, 0xff, 0xff, 0xff, 0xff, 0xff, 0xff, 0xff, 0xff, 0xff, 0xff, 0xff,
    0xff, 0xff, 0xff, 0xff, 0xff, 0xff, 0xff, 0xff, 0xff, 0xff, 0x9f, 0xe7,
    0xfc, 0x75, 0x9c, 0x55, 0x9b, 0x55, 0x9c, 0x55, 0x9c, 0x55, 0x9b, 0x55,
    0x9c, 0x55, 0xb2, 0x3b, 0xc5, 0x10, 0xc5, 0x10, 0xe5, 0x10, 0xc4, 0x10,
    0x47, 0x21, 0xfc, 0xde, 0xff, 0xff, 0x9e, 0xf7, 0x47, 0x21, 0xc4, 0x10,
    0xc5, 0x10, 0xe5, 0x10, 0x96, 0xad, 0xff, 0xff, 0xff, 0xff, 0xff, 0xff,
    0xff, 0xff, 0xff, 0xff, 0xff, 0xff, 0xff, 0xff, 0xff, 0xff, 0xff, 0xff,
    0xff, 0xff, 0xff, 0xff, 0xff, 0xff, 0xff, 0xff, 0xff, 0xff, 0xff, 0xff,
    0xff, 0xff, 0xff, 0xff, 0xff, 0xff, 0xff, 0xff, 0xff, 0xff, 0xff, 0xff,
    0xff, 0xff, 0xff, 0xff, 0xff, 0xff, 0xff, 0xff, 0xff, 0xff, 0xff, 0xff,
    0x9e, 0xf7, 0xa8, 0x29, 0xc5, 0x10, 0xc5, 0x10, 0xc5, 0x10, 0xe4, 0x10,
    0x05, 0x11, 0x18, 0xbe, 0xff, 0xff, 0xff, 0xff, 0xff, 0xff, 0xff, 0xff,
    0xff, 0xff, 0xff, 0xff, 0xff, 0xff, 0xff, 0xff, 0xff, 0xff, 0xff, 0xff,
    0xff, 0xff, 0xff, 0xff, 0xff, 0xff, 0xff, 0xff, 0xff, 0xff, 0xbe, 0xf7,
    0x4e, 0x63, 0xe5, 0x10, 0xe5, 0x10, 0x72, 0x8c, 0xbf, 0xff, 0xff, 0xff,
    0xff, 0xff, 0xdf, 0xff, 0x93, 0x8c, 0x26, 0x19, 0xc5, 0x10, 0xc4, 0x10,
    0xc5, 0x10, 0xc5, 0x10, 0xc4, 0x08, 0xc5, 0x10, 0xc4, 0x10, 0xc5, 0x10,
    0xc5, 0x10, 0xe5, 0x10, 0xc5, 0x10, 0xc5, 0x08, 0xc5, 0x10, 0xc5, 0x10,
    0xc5, 0x10, 0xc5, 0x10, 0xc5, 0x10, 0xe4, 0x10, 0xc5, 0x10, 0xc5, 0x10,
    0xc4, 0x10, 0xc4, 0x10, 0xc5, 0x10, 0xc5, 0x10, 0xe5, 0x10, 0xc5, 0x08,
    0xc5, 0x10, 0xc4, 0x10, 0xc5, 0x10, 0xc5, 0x10, 0xc5, 0x10, 0xe5, 0x08,
    0xc5, 0x10, 0xc4, 0x10, 0xc5, 0x08, 0xc5, 0x10, 0xe4, 0x10, 0xc5, 0x10,
    0xc5, 0x08, 0xc4, 0x10, 0xc5, 0x10, 0xe4, 0x08, 0xe5, 0x10, 0xc5, 0x10,
    0xe4, 0x10, 0xc5, 0x10, 0xc5, 0x10, 0xe4, 0x10, 0xc5, 0x10, 0xc5, 0x10,
    0xc5, 0x10, 0xc5, 0x10, 0xc4, 0x10, 0xe5, 0x10, 0xc4, 0x10, 0xc5, 0x10,
    0xc5, 0x10, 0xc5, 0x10, 0xc4, 0x10, 0xc5, 0x10, 0xc5, 0x10, 0xc4, 0x10,
    0xc5, 0x10, 0xc5, 0x10, 0xe4, 0x10, 0xc4, 0x10, 0xc5, 0x08, 0xe4, 0x10,
    0xc5, 0x10, 0xc5, 0x10, 0xc5, 0x08, 0xc5, 0x10, 0xc5, 0x10, 0xc5, 0x10,
    0xe4, 0x10, 0xc5, 0x10, 0xc4, 0x10, 0xc5, 0x10, 0xc4, 0x10, 0xc5, 0x10,
    0xc5, 0x08, 0xc5, 0x10, 0xc5, 0x10, 0xe5, 0x10, 0xc4, 0x10, 0xc5, 0x10,
    0x46, 0x19, 0x59, 0xce, 0xff, 0xff, 0xff, 0xff, 0x3d, 0xe7, 0xa8, 0x29,
    0xc5, 0x10, 0xc4, 0x10, 0xe5, 0x10, 0x67, 0x11, 0x5a, 0x4d, 0x9c, 0x55,
    0x9c, 0x55, 0x9b, 0x55, 0x9c, 0x55, 0x9b, 0x55, 0x9c, 0x55, 0xbc, 0x55,
    0x9b, 0x55, 0x9c, 0x55, 0x9c, 0x55, 0xbc, 0x55, 0x9c, 0x55, 0x9b, 0x55,
    0x9c, 0x55, 0x9c, 0x55, 0xbb, 0x55, 0x9b, 0x55, 0x7b, 0x4d, 0xef, 0x2a,
    0xc5, 0x10, 0xc5, 0x10, 0xc5, 0x10, 0xc5, 0x10, 0xe5, 0x10, 0xc5, 0x10,
    0xc5, 0x10, 0xc5, 0x10, 0xc5, 0x10, 0x2d, 0x5b, 0xdf, 0xff, 0xff, 0xff,
    0xff, 0xff, 0xff, 0xff, 0xff, 0xff, 0xff, 0xff, 0xff, 0xff, 0xff, 0xff,
    0xff, 0xff, 0xff, 0xff, 0xff, 0xff, 0xff, 0xff, 0xff, 0xff, 0xff, 0xff,
    0xff, 0xff, 0xff, 0xff, 0xff, 0xff, 0xff, 0xff, 0xff, 0xff, 0xff, 0xff,
    0xff, 0xff, 0xff, 0xff, 0xff, 0xff, 0xff, 0xff, 0xff, 0xff, 0xff, 0xff,
    0xff, 0xff, 0xff, 0xff, 0xff, 0xff, 0xff, 0xff, 0xff, 0xff, 0xff, 0xff,
    0x7e, 0xe7, 0xdc, 0x6d, 0x9c, 0x55, 0x9b, 0x55, 0x9c, 0x55, 0x9c, 0x55,
    0x9b, 0x55, 0xb8, 0x44, 0x26, 0x11, 0xc5, 0x10, 0xc5, 0x10, 0xc5, 0x10,
    0xe5, 0x10, 0x76, 0xad, 0xff, 0xff, 0xff, 0xff, 0xed, 0x5a, 0xc5, 0x10,
    0xe4, 0x10, 0xc5, 0x10, 0x0d, 0x5b, 0x3c, 0xe7, 0x3c, 0xe7, 0x3d, 0xe7,
    0x3c, 0xe7, 0x3c, 0xe7, 0x3d, 0xe7, 0x3d, 0xef, 0x3c, 0xe7, 0x3c, 0xe7,
    0x3c, 0xe7, 0x3c, 0xe7, 0x3d, 0xef, 0x3c, 0xe7, 0x3c, 0xe7, 0x3d, 0xe7,
    0x3c, 0xe7, 0x3d, 0xe7, 0x1c, 0xe7, 0x3c, 0xe7, 0x1c, 0xe7, 0x1c, 0xe7,
    0x1c, 0xe7, 0xfc, 0xe6, 0xfc, 0xde, 0xfc, 0xde, 0xfb, 0xde, 0xdb, 0xde,
    0xbb, 0xd6, 0x4a, 0x42, 0xe5, 0x10, 0xc5, 0x10, 0xe4, 0x10, 0xc5, 0x10,
    0xe5, 0x10, 0x31, 0x84, 0xff, 0xff, 0xff, 0xff, 0xff, 0xff, 0xff, 0xff,
    0xff, 0xff, 0xff, 0xff, 0xff, 0xff, 0xff, 0xff, 0xff, 0xff, 0xff, 0xff,
    0xff, 0xff, 0xff, 0xff, 0xff, 0xff, 0xff, 0xff, 0x7e, 0xef, 0xcc, 0x52,
    0xe5, 0x10, 0x06, 0x19, 0xf4, 0x9c, 0xdf, 0xff, 0xff, 0xff, 0xff, 0xff,
    0xdf, 0xff, 0x72, 0x8c, 0x26, 0x19, 0xc5, 0x10, 0xc4, 0x10, 0xe5, 0x10,
    0xc5, 0x10, 0xc4, 0x10, 0xe5, 0x10, 0xe5, 0x10, 0xc5, 0x10, 0xc4, 0x08,
    0xe5, 0x10, 0xc4, 0x10, 0xc4, 0x10, 0xe5, 0x10, 0xc4, 0x10, 0xc5, 0x10,
    0xe5, 0x10, 0xc4, 0x10, 0xc4, 0x10, 0xe5, 0x08, 0xc5, 0x10, 0xc5, 0x10,
    0xe5, 0x10, 0xc5, 0x08, 0xc4, 0x10, 0xe5, 0x10, 0xc4, 0x10, 0xc4, 0x10,
    0xe5, 0x10, 0xc5, 0x10, 0xc4, 0x08, 0xc5, 0x10, 0xc4, 0x10, 0xc4, 0x10,
    0xe5, 0x10, 0xe5, 0x10, 0xc4, 0x10, 0xe5, 0x10, 0xc5, 0x10, 0xc5, 0x10,
    0xe5, 0x10, 0xc5, 0x10, 0xc5, 0x10, 0xc5, 0x10, 0xc5, 0x10, 0xc5, 0x08,
    0xc5, 0x10, 0xc5, 0x10, 0xe5, 0x10, 0xc5, 0x08, 0xc4, 0x10, 0xe5, 0x10,
    0xc5, 0x10, 0xc5, 0x10, 0xe5, 0x10, 0xc5, 0x08, 0xc5, 0x10, 0xc5, 0x10,
    0xe5, 0x10, 0xc4, 0x10, 0xc5, 0x08, 0xc5, 0x10, 0xc4, 0x10, 0xe5, 0x10,
    0xc5, 0x10, 0xc5, 0x08, 0xc5, 0x10, 0xe5, 0x10, 0xc5, 0x10, 0xc5, 0x10,
    0xe4, 0x10, 0xc5, 0x10, 0xe4, 0x10, 0xe5, 0x10, 0xc4, 0x08, 0xc4, 0x10,
    0xc5, 0x10, 0xe5, 0x10, 0xc5, 0x10, 0xe5, 0x08, 0xc5, 0x10, 0xc5, 0x10,
    0xe5, 0x10, 0xc4, 0x10, 0xc5, 0x10, 0xe5, 0x10, 0xc5, 0x08, 0xc5, 0x10,
    0xe5, 0x10, 0xd0, 0x73, 0xff, 0xff, 0xff, 0xff, 0xdf, 0xff, 0xd0, 0x73,
    0xc5, 0x10, 0xc5, 0x10, 0xc5, 0x10, 0xe5, 0x10, 0xd3, 0x3b, 0x9c, 0x55,
    0x9b, 0x55, 0x9c, 0x55, 0x9c, 0x55, 0x9c, 0x55, 0x9b, 0x55, 0x9c, 0x55,
    0x9c, 0x55, 0x9c, 0x55, 0xbc, 0x55, 0x9c, 0x55, 0x9b, 0x55, 0x9c, 0x55,
    0xbb, 0x55, 0x9c, 0x55, 0x9c, 0x55, 0x9b, 0x55, 0x9b, 0x55, 0x19, 0x4d,
    0xa9, 0x19, 0xc5, 0x10, 0xc5, 0x10, 0xe5, 0x10, 0xc5, 0x10, 0xc4, 0x10,
    0xc4, 0x10, 0xc5, 0x10, 0xc5, 0x10, 0xe5, 0x10, 0x15, 0x9d, 0xff, 0xff,
    0xff, 0xff, 0xff, 0xff, 0xff, 0xff, 0xff, 0xff, 0xff, 0xff, 0xff, 0xff,
    0xff, 0xff, 0xff, 0xff, 0xff, 0xff, 0xff, 0xff, 0xff, 0xff, 0xff, 0xff,
    0xff, 0xff, 0xff, 0xff, 0xff, 0xff, 0xff, 0xff, 0xff, 0xff, 0xff, 0xff,
    0xff, 0xff, 0xff, 0xff, 0xff, 0xff, 0xff, 0xff, 0xff, 0xff, 0xff, 0xff,
    0xff, 0xff, 0xff, 0xff, 0xff, 0xff, 0xff, 0xff, 0xff, 0xff, 0xff, 0xff,
    0xff, 0xff, 0x7e, 0xdf, 0xbc, 0x65, 0x9c, 0x55, 0x9b, 0x55, 0x9c, 0x55,
    0x9b, 0x55, 0x3a, 0x4d, 0xca, 0x21, 0xc5, 0x10, 0xc4, 0x10, 0xe5, 0x10,
    0xe5, 0x10, 0x8f, 0x6b, 0xff, 0xff, 0xff, 0xff, 0xf4, 0x9c, 0xc5, 0x10,
    0xc5, 0x10, 0xc4, 0x10, 0x05, 0x11, 0x67, 0x21, 0x67, 0x21, 0x67, 0x21,
    0x67, 0x21, 0x67, 0x21, 0x67, 0x21, 0x67, 0x21, 0x67, 0x21, 0x67, 0x21,
    0x67, 0x21, 0x67, 0x21, 0x67, 0x21, 0x67, 0x21, 0x67, 0x21, 0x67, 0x21,
    0x67, 0x21, 0x67, 0x21, 0x67, 0x21, 0x67, 0x21, 0x67, 0x21, 0x67, 0x21,
    0x67, 0x21, 0x67, 0x21, 0x67, 0x21, 0x66, 0x21, 0x47, 0x21, 0x46, 0x21,
    0x46, 0x21, 0xe5, 0x10, 0xc5, 0x10, 0xc5, 0x10, 0xc5, 0x10, 0xc5, 0x08,
    0xc5, 0x10, 0x8b, 0x4a, 0xbe, 0xf7, 0xff, 0xff, 0xff, 0xff, 0xff, 0xff,
    0xff, 0xff, 0xff, 0xff, 0xff, 0xff, 0xff, 0xff, 0xff, 0xff, 0xff, 0xff,
    0xff, 0xff, 0xff, 0xff, 0xff, 0xff, 0x1d, 0xe7, 0x6b, 0x4a, 0xe5, 0x10,
    0x67, 0x21, 0xb7, 0xb5, 0xff, 0xff, 0xff, 0xff, 0xff, 0xff, 0xbf, 0xff,
    0x11, 0x84, 0x05, 0x19, 0xc5, 0x10, 0xc5, 0x10, 0xc5, 0x10, 0xc5, 0x10,
    0xc5, 0x08, 0xe5, 0x10, 0xc5, 0x10, 0xc5, 0x10, 0xe5, 0x10, 0xc5, 0x10,
    0xc5, 0x10, 0xc5, 0x08, 0xc5, 0x10, 0xc5, 0x10, 0xe5, 0x10, 0xc5, 0x10,
    0xc4, 0x08, 0xe5, 0x10, 0xc5, 0x10, 0xc5, 0x10, 0xc4, 0x10, 0xe4, 0x10,
    0xc5, 0x10, 0xc5, 0x10, 0xe5, 0x10, 0xc5, 0x08, 0xc5, 0x10, 0xe5, 0x10,
    0xc4, 0x10, 0xc5, 0x10, 0xe5, 0x10, 0xe5, 0x10, 0xc5, 0x10, 0xc5, 0x08,
    0xc5, 0x10, 0xc4, 0x10, 0xc5, 0x10, 0xc5, 0x10, 0xc5, 0x08, 0xc5, 0x10,
    0xc4, 0x10, 0xe4, 0x10, 0xc5, 0x10, 0xc5, 0x10, 0xc4, 0x10, 0xc4, 0x10,
    0xe5, 0x10, 0xc4, 0x10, 0xc5, 0x10, 0xe5, 0x10, 0xc5, 0x10, 0xc5, 0x10,
    0xc5, 0x10, 0xc4, 0x10, 0xc5, 0x10, 0xc5, 0x10, 0xc4, 0x10, 0xe5, 0x10,
    0xc5, 0x08, 0xc4, 0x10, 0xe5, 0x10, 0xe5, 0x10, 0xc5, 0x10, 0xc5, 0x08,
    0xe4, 0x10, 0xc4, 0x10, 0xe5, 0x10, 0xc5, 0x10, 0xc4, 0x10, 0xc5, 0x10,
    0xc5, 0x08, 0xc5, 0x10, 0xc5, 0x10, 0xc5, 0x10, 0xe5, 0x10, 0xc5, 0x10,
    0xc5, 0x08, 0xc5, 0x10, 0xc5, 0x10, 0xc4, 0x10, 0xe5, 0x10, 0xc4, 0x10,
    0xc5, 0x10, 0xe5, 0x10, 0xc4, 0x08, 0xc5, 0x10, 0xe5, 0x10, 0xc5, 0x10,
    0xc4, 0x10, 0xc8, 0x31, 0x3d, 0xe7, 0xff, 0xff, 0xff, 0xff, 0x7a, 0xce,
    0x05, 0x19, 0xc5, 0x10, 0xc5, 0x10, 0xc5, 0x10, 0xea, 0x21, 0x9b, 0x55,
    0x9c, 0x55, 0x9c, 0x55, 0x9c, 0x55, 0xbc, 0x55, 0xbc, 0x55, 0x9c, 0x55,
    0x9b, 0x55, 0xbc, 0x55, 0x9c, 0x55, 0x9b, 0x55, 0x9c, 0x55, 0xbc, 0x55,
    0x9c, 0x55, 0x9c, 0x55, 0x9c, 0x55, 0xbc, 0x55, 0x9c, 0x55, 0x9b, 0x55,
    0x35, 0x3c, 0x06, 0x11, 0xe5, 0x10, 0xc5, 0x10, 0xc4, 0x10, 0xe5, 0x10,
    0xc5, 0x10, 0xe4, 0x08, 0xe5, 0x10, 0xc5, 0x10, 0x46, 0x19, 0x39, 0xc6,
    0xff, 0xff, 0xff, 0xff, 0xff, 0xff, 0xff, 0xff, 0xff, 0xff, 0xff, 0xff,
    0xff, 0xff, 0xff, 0xff, 0xff, 0xff, 0xff, 0xff, 0xff, 0xff, 0xff, 0xff,
    0xff, 0xff, 0xff, 0xff, 0xff, 0xff, 0xff, 0xff, 0xff, 0xff, 0xff, 0xff,
    0xff, 0xff, 0xff, 0xff, 0xff, 0xff, 0xff, 0xff, 0xff, 0xff, 0xff, 0xff,
    0xff, 0xff, 0xff, 0xff, 0xff, 0xff, 0xff, 0xff, 0xff, 0xff, 0xff, 0xff,
    0xff, 0xff, 0xff, 0xff, 0x3e, 0xd7, 0xbc, 0x65, 0x9c, 0x55, 0x9c, 0x55,
    0x9b, 0x55, 0x9b, 0x55, 0xef, 0x2a, 0xc5, 0x10, 0xc5, 0x10, 0xc4, 0x10,
    0xc5, 0x10, 0xc8, 0x31, 0xdf, 0xff, 0xff, 0xff, 0xdb, 0xd6, 0xe5, 0x10,
    0xc5, 0x10, 0xc5, 0x10, 0xe5, 0x10, 0xc5, 0x10, 0xc5, 0x10, 0xc5, 0x10,
    0xc4, 0x10, 0xe5, 0x10, 0xc5, 0x10, 0xc4, 0x10, 0xc5, 0x10, 0xc5, 0x10,
    0xc5, 0x10, 0xc5, 0x10, 0xc4, 0x10, 0xc5, 0x10, 0xc5, 0x10, 0xc5, 0x10,
    0xc5, 0x10, 0xc4, 0x10, 0xc5, 0x10, 0xc5, 0x10, 0xc5, 0x10, 0xc5, 0x10,
    0xe5, 0x10, 0xc4, 0x10, 0xc5, 0x10, 0xe5, 0x10, 0xc5, 0x10, 0xc5, 0x10,
    0xc5, 0x10, 0xc5, 0x10, 0xe5, 0x10, 0xc4, 0x10, 0xc5, 0x10, 0xe5, 0x10,
    0xc4, 0x10, 0x67, 0x21, 0xdb, 0xde, 0xff, 0xff, 0xff, 0xff, 0xff, 0xff,
    0xff, 0xff, 0xff, 0xff, 0xff, 0xff, 0xff, 0xff, 0xff, 0xff, 0xff, 0xff,
    0xff, 0xff, 0xff, 0xff, 0x7a, 0xce, 0x09, 0x3a, 0xe5, 0x10, 0xa8, 0x31,
    0x59, 0xc6, 0xff, 0xff, 0xff, 0xff, 0xff, 0xff, 0x9e, 0xf7, 0xaf, 0x6b,
    0xe5, 0x10, 0xc5, 0x10, 0xc5, 0x10, 0xc4, 0x10, 0xe5, 0x10, 0xc5, 0x10,
    0xc5, 0x10, 0xc4, 0x10, 0xc5, 0x10, 0xc4, 0x08, 0xc4, 0x10, 0xc5, 0x10,
    0xc5, 0x10, 0xe4, 0x10, 0xc5, 0x10, 0xe4, 0x10, 0xc5, 0x08, 0xc5, 0x10,
    0xe5, 0x10, 0xc5, 0x10, 0xc5, 0x10, 0xe5, 0x10, 0xc5, 0x10, 0xc5, 0x08,
    0xc5, 0x10, 0xc5, 0x10, 0xc5, 0x10, 0xc4, 0x10, 0xc5, 0x10, 0xc5, 0x08,
    0xc5, 0x10, 0xc5, 0x10, 0xc5, 0x10, 0xc4, 0x10, 0xe5, 0x10, 0xc5, 0x10,
    0xc5, 0x10, 0xc5, 0x10, 0xc5, 0x08, 0xe5, 0x10, 0xc4, 0x10, 0xc5, 0x10,
    0xe5, 0x10, 0xc5, 0x10, 0xc5, 0x08, 0xe4, 0x10, 0xe5, 0x10, 0xc5, 0x10,
    0xc5, 0x10, 0xc5, 0x10, 0xc4, 0x08, 0xc5, 0x10, 0xc5, 0x10, 0xc5, 0x10,
    0xc5, 0x10, 0xc5, 0x10, 0xe4, 0x10, 0xc5, 0x10, 0xc4, 0x10, 0xe5, 0x10,
    0xc5, 0x10, 0xc5, 0x10, 0xc5, 0x10, 0xc4, 0x10, 0xc5, 0x10, 0xe5, 0x10,
    0xc5, 0x10, 0xc5, 0x10, 0xc5, 0x08, 0xc4, 0x10, 0xe5, 0x10, 0xc5, 0x10,
    0xc5, 0x10, 0xe4, 0x10, 0xc5, 0x10, 0xc4, 0x10, 0xc5, 0x10, 0xc5, 0x10,
    0xe5, 0x10, 0xc5, 0x10, 0xc4, 0x10, 0xe5, 0x10, 0xc5, 0x10, 0xc5, 0x08,
    0xe4, 0x10, 0xc5, 0x10, 0xc5, 0x10, 0xc5, 0x10, 0xc4, 0x10, 0xc4, 0x08,
    0xc5, 0x10, 0xe5, 0x10, 0x14, 0x9d, 0xff, 0xff, 0xff, 0xff, 0xbe, 0xf7,
    0xcc, 0x52, 0xe5, 0x10, 0xc5, 0x10, 0xc4, 0x10, 0xe5, 0x10, 0xb7, 0x44,
    0x9c, 0x55, 0x9c, 0x55, 0x9b, 0x55, 0x9b, 0x55, 0x9c, 0x55, 0x9c, 0x55,
    0xbc, 0x55, 0x9b, 0x55, 0x9c, 0x55, 0x9c, 0x55, 0xbc, 0x55, 0x9c, 0x55,
    0x9c, 0x55, 0x9c, 0x55, 0xbb, 0x55, 0x9c, 0x55, 0x9b, 0x55, 0x9c, 0x55,
    0x7b, 0x4d, 0x51, 0x33, 0xe5, 0x10, 0xc5, 0x10, 0xc5, 0x10, 0xc5, 0x10,
    0xc5, 0x10, 0xc5, 0x10, 0xc5, 0x10, 0xc4, 0x10, 0xe5, 0x10, 0xc8, 0x31,
    0xbb, 0xd6, 0xff, 0xff, 0xff, 0xff, 0xff, 0xff, 0xff, 0xff, 0xff, 0xff,
    0xff, 0xff, 0xdf, 0xff, 0xdf, 0xff, 0xff, 0xff, 0xff, 0xff, 0xff, 0xff,
    0xff, 0xff, 0xff, 0xff, 0xff, 0xff, 0xff, 0xff, 0xff, 0xff, 0xff, 0xff,
    0xff, 0xff, 0xff, 0xff, 0xff, 0xff, 0xff, 0xff, 0xff, 0xff, 0xff, 0xff,
    0xff, 0xff, 0xff, 0xff, 0xff, 0xff, 0xff, 0xff, 0xff, 0xff, 0xff, 0xff,
    0xff, 0xff, 0xff, 0xff, 0xff, 0xff, 0xfd, 0xc6, 0x9b, 0x55, 0x9c, 0x55,
    0x9c, 0x55, 0x9b, 0x55, 0x15, 0x3c, 0xe5, 0x10, 0xc5, 0x10, 0xc5, 0x10,
    0xc5, 0x10, 0x26, 0x19, 0x9a, 0xd6, 0xff, 0xff, 0xdf, 0xff, 0xc8, 0x31,
    0xc5, 0x10, 0xc5, 0x10, 0xc4, 0x10, 0xc5, 0x10, 0xe5, 0x10, 0xc5, 0x10,
    0xc5, 0x10, 0xc4, 0x10, 0xc5, 0x10, 0xc5, 0x10, 0xe4, 0x10, 0xc5, 0x10,
    0xc5, 0x10, 0xe5, 0x10, 0xc5, 0x10, 0xc5, 0x10, 0xe4, 0x10, 0xc5, 0x10,
    0xc5, 0x10, 0xe5, 0x10, 0xc5, 0x10, 0xe5, 0x10, 0xe5, 0x10, 0xc5, 0x10,
    0xc4, 0x10, 0xc5, 0x10, 0xc5, 0x10, 0xc5, 0x10, 0xc4, 0x10, 0xc5, 0x10,
    0xe5, 0x10, 0xc4, 0x10, 0xc5, 0x10, 0xc5, 0x10, 0xe4, 0x08, 0xc5, 0x10,
    0xe5, 0x10, 0xe5, 0x10, 0x56, 0xa5, 0xff, 0xff, 0xff, 0xff, 0xff, 0xff,
    0xff, 0xff, 0xff, 0xff, 0xff, 0xff, 0xff, 0xff, 0xff, 0xff, 0xff, 0xff,
    0xff, 0xff, 0x56, 0xad, 0x67, 0x21, 0xe5, 0x10, 0x6b, 0x4a, 0xfb, 0xde,
    0xff, 0xff, 0xff, 0xff, 0xff, 0xff, 0x7d, 0xf7, 0x2e, 0x63, 0xe5, 0x10,
    0xc5, 0x10, 0xc5, 0x10, 0xe5, 0x10, 0xc5, 0x10, 0xc4, 0x08, 0xe4, 0x10,
    0xc5, 0x10, 0xc4, 0x10, 0xe5, 0x10, 0xc5, 0x10, 0xc5, 0x10, 0xc5, 0x10,
    0xe4, 0x10, 0xc5, 0x10, 0xc5, 0x10, 0xc5, 0x10, 0xc4, 0x10, 0xc5, 0x10,
    0xc4, 0x10, 0xc5, 0x08, 0xc5, 0x10, 0xe4, 0x10, 0xc5, 0x10, 0xc5, 0x10,
    0xe4, 0x10, 0xe4, 0x10, 0xc5, 0x10, 0xc5, 0x10, 0xe4, 0x10, 0xc5, 0x10,
    0xc5, 0x10, 0xe4, 0x10, 0xc5, 0x08, 0xc5, 0x10, 0xc4, 0x10, 0xc5, 0x10,
    0xe4, 0x10, 0xe5, 0x10, 0xc5, 0x10, 0xc4, 0x10, 0xe5, 0x10, 0xc4, 0x10,
    0xc5, 0x08, 0xc5, 0x10, 0xc5, 0x10, 0xc5, 0x10, 0xc5, 0x10, 0xe5, 0x08,
    0xc5, 0x10, 0xc5, 0x10, 0xe5, 0x10, 0xc4, 0x10, 0xc5, 0x08, 0xe4, 0x10,
    0xc5, 0x10, 0xc5, 0x10, 0xc5, 0x10, 0xe5, 0x08, 0xc5, 0x10, 0xc5, 0x10,
    0xc4, 0x10, 0xe5, 0x10, 0xc5, 0x08, 0xc5, 0x10, 0xc4, 0x10, 0xc5, 0x10,
    0xc5, 0x10, 0xc5, 0x10, 0xe5, 0x10, 0xc5, 0x10, 0xc5, 0x08, 0xe5, 0x10,
    0xc4, 0x10, 0xc5, 0x10, 0xe5, 0x10, 0xc5, 0x08, 0xc4, 0x10, 0xe5, 0x10,
    0xc4, 0x10, 0xe4, 0x10, 0xc5, 0x10, 0xc5, 0x08, 0xc5, 0x10, 0xc5, 0x10,
    0xc5, 0x10, 0xc5, 0x10, 0xc5, 0x10, 0xe5, 0x10, 0xc5, 0x10, 0xc5, 0x10,
    0xe5, 0x10, 0xc5, 0x10, 0x8b, 0x4a, 0xdf, 0xff, 0xff, 0xff, 0xff, 0xff,
    0x56, 0xad, 0xc5, 0x10, 0xc5, 0x10, 0xc5, 0x10, 0xc5, 0x08, 0xae, 0x2a,
    0x9b, 0x55, 0x9c, 0x55, 0x9c, 0x55, 0x9c, 0x55, 0x9b, 0x55, 0xbc, 0x55,
    0x9c, 0x55, 0x9c, 0x55, 0x9c, 0x55, 0xbc, 0x55, 0x9b, 0x55, 0x9c, 0x55,
    0x9b, 0x55, 0xbb, 0x55, 0x9c, 0x55, 0x9b, 0x55, 0x9c, 0x55, 0x9b, 0x55,
    0x9b, 0x55, 0x5a, 0x4d, 0x8d, 0x2a, 0xc5, 0x10, 0xc5, 0x10, 0xe4, 0x10,
    0xc5, 0x10, 0xe5, 0x10, 0xc5, 0x10, 0xc5, 0x10, 0xe4, 0x10, 0xe5, 0x10,
    0x2a, 0x3a, 0xfc, 0xde, 0xff, 0xff, 0xff, 0xff, 0xff, 0xff, 0xff, 0xff,
    0xff, 0xff, 0xfb, 0xde, 0xaf, 0x73, 0xfc, 0xde, 0xff, 0xff, 0xff, 0xff,
    0xff, 0xff, 0xff, 0xff, 0xff, 0xff, 0xff, 0xff, 0xff, 0xff, 0xff, 0xff,
    0xff, 0xff, 0xff, 0xff, 0xff, 0xff, 0xff, 0xff, 0xff, 0xff, 0xff, 0xff,
    0xff, 0xff, 0xff, 0xff, 0xff, 0xff, 0xff, 0xff, 0xff, 0xff, 0xff, 0xff,
    0xff, 0xff, 0xff, 0xff, 0xff, 0xff, 0xff, 0xff, 0xbd, 0xae, 0x9c, 0x55,
    0x9c, 0x55, 0x9b, 0x55, 0xf9, 0x4c, 0x47, 0x19, 0xc5, 0x10, 0xe5, 0x10,
    0xe5, 0x10, 0xe5, 0x10, 0xd4, 0x94, 0xff, 0xff, 0xff, 0xff, 0xaf, 0x6b,
    0xc5, 0x10, 0xc5, 0x10, 0xe5, 0x10, 0xc5, 0x10, 0xc4, 0x10, 0xe4, 0x08,
    0xc5, 0x10, 0xc5, 0x10, 0xe5, 0x08, 0xc5, 0x10, 0xc5, 0x10, 0xe5, 0x08,
    0xc5, 0x10, 0xc4, 0x10, 0xe5, 0x10, 0xc5, 0x10, 0xc5, 0x10, 0xc4, 0x10,
    0xe5, 0x10, 0xc5, 0x08, 0xc4, 0x10, 0xc5, 0x10, 0xc4, 0x10, 0xc4, 0x08,
    0xc5, 0x10, 0xe5, 0x10, 0xc5, 0x10, 0xc4, 0x10, 0xc5, 0x08, 0xe5, 0x10,
    0xc4, 0x10, 0xc5, 0x08, 0xc5, 0x10, 0xe5, 0x10, 0xc5, 0x10, 0xc5, 0x10,
    0xc4, 0x10, 0xc5, 0x10, 0x6e, 0x6b, 0xff, 0xff, 0xff, 0xff, 0xff, 0xff,
    0xff, 0xff, 0xff, 0xff, 0xff, 0xff, 0xff, 0xff, 0xff, 0xff, 0x9e, 0xf7,
    0x31, 0x84, 0x26, 0x19, 0xe5, 0x10, 0x2e, 0x63, 0x7e, 0xef, 0xff, 0xff,
    0xff, 0xff, 0xff, 0xff, 0x3d, 0xe7, 0xcc, 0x52, 0xe5, 0x10, 0xc5, 0x10,
    0xc5, 0x10, 0xe4, 0x10, 0xc5, 0x10, 0xc5, 0x10, 0xe5, 0x10, 0xc5, 0x10,
    0xc5, 0x10, 0xe5, 0x10, 0xc5, 0x08, 0xc5, 0x10, 0xe5, 0x10, 0xe5, 0x10,
    0xc4, 0x10, 0xc5, 0x08, 0xc5, 0x10, 0xe5, 0x10, 0xc5, 0x10, 0xc5, 0x10,
    0xe5, 0x10, 0xc4, 0x10, 0xc5, 0x10, 0xc5, 0x08, 0xc4, 0x10, 0xc5, 0x10,
    0xc5, 0x10, 0xc5, 0x10, 0xc4, 0x08, 0xe5, 0x10, 0xc5, 0x10, 0xe5, 0x10,
    0xc4, 0x10, 0xc5, 0x10, 0xe5, 0x10, 0xc5, 0x10, 0xc5, 0x10, 0xc5, 0x08,
    0xc5, 0x10, 0xc4, 0x10, 0xc4, 0x10, 0xe5, 0x10, 0xc5, 0x10, 0xc5, 0x10,
    0xe5, 0x10, 0xc4, 0x10, 0xe5, 0x10, 0xc5, 0x10, 0xc4, 0x10, 0xc5, 0x10,
    0xe4, 0x10, 0xc4, 0x10, 0xc5, 0x10, 0xe5, 0x10, 0xc4, 0x10, 0xe5, 0x10,
    0xc5, 0x10, 0xc4, 0x10, 0xe5, 0x10, 0xc5, 0x10, 0xc4, 0x10, 0xc5, 0x10,
    0xc5, 0x08, 0xc4, 0x10, 0xe5, 0x10, 0xc4, 0x10, 0xe5, 0x10, 0xc5, 0x08,
    0xc4, 0x10, 0xe4, 0x10, 0xc5, 0x10, 0xc4, 0x10, 0xc5, 0x10, 0xc5, 0x10,
    0xe4, 0x10, 0xc5, 0x08, 0xc5, 0x10, 0xc5, 0x10, 0xe5, 0x10, 0xc5, 0x10,
    0xc5, 0x08, 0xc5, 0x10, 0xc5, 0x10, 0xc4, 0x10, 0xe4, 0x10, 0xc5, 0x10,
    0xe5, 0x10, 0xc4, 0x10, 0xc4, 0x08, 0xe5, 0x10, 0xc4, 0x10, 0xc5, 0x10,
    0xe5, 0x10, 0xc5, 0x10, 0x26, 0x19, 0x39, 0xc6, 0xff, 0xff, 0xff, 0xff,
    0x7d, 0xef, 0xa8, 0x31, 0xc5, 0x10, 0xe4, 0x10, 0xe5, 0x10, 0x26, 0x11,
    0x3a, 0x4d, 0x9b, 0x55, 0x9c, 0x55, 0x9c, 0x55, 0xbc, 0x55, 0x9c, 0x55,
    0x9b, 0x55, 0x9c, 0x55, 0xbc, 0x55, 0x9b, 0x55, 0x9c, 0x55, 0x9c, 0x55,
    0xbc, 0x55, 0x9c, 0x55, 0x9c, 0x55, 0x9c, 0x55, 0xbc, 0x55, 0x9c, 0x55,
    0x9b, 0x55, 0x9c, 0x55, 0x3a, 0x4d, 0x4c, 0x22, 0xe5, 0x10, 0xc5, 0x10,
    0xc5, 0x10, 0xce, 0x2a, 0x05, 0x11, 0xc5, 0x10, 0xc5, 0x10, 0xc5, 0x10,
    0xc5, 0x10, 0x6a, 0x42, 0xfb, 0xde, 0xff, 0xff, 0xff, 0xff, 0xff, 0xff,
    0xff, 0xff, 0xbf, 0xff, 0xcc, 0x52, 0x0a, 0x3a, 0x19, 0xc6, 0xff, 0xff,
    0xff, 0xff, 0xff, 0xff, 0xff, 0xff, 0xff, 0xff, 0xff, 0xff, 0xff, 0xff,
    0xff, 0xff, 0xff, 0xff, 0xff, 0xff, 0xff, 0xff, 0xff, 0xff, 0xff, 0xff,
    0xff, 0xff, 0xff, 0xff, 0xff, 0xff, 0xff, 0xff, 0xff, 0xff, 0xff, 0xff,
    0xff, 0xff, 0xff, 0xff, 0xff, 0xff, 0xff, 0xff, 0xdf, 0xff, 0x7c, 0x96,
    0x9b, 0x55, 0x9c, 0x55, 0x5b, 0x55, 0x2b, 0x22, 0xc5, 0x10, 0xc5, 0x10,
    0xc4, 0x10, 0xe5, 0x10, 0xed, 0x52, 0xff, 0xff, 0xff, 0xff, 0x97, 0xb5,
    0xe5, 0x10, 0xc5, 0x10, 0xc4, 0x10, 0xc5, 0x10, 0xc5, 0x10, 0xc5, 0x10,
    0xc5, 0x10, 0xe5, 0x10, 0xc4, 0x10, 0xc5, 0x10, 0xc5, 0x10, 0xc5, 0x10,
    0xc4, 0x10, 0xe5, 0x10, 0xc4, 0x10, 0xc4, 0x10, 0xe5, 0x08, 0xc5, 0x10,
    0xc5, 0x10, 0xe4, 0x10, 0xc5, 0x10, 0xc5, 0x10, 0xc5, 0x10, 0xc5, 0x10,
    0xe5, 0x10, 0xc5, 0x10, 0xc4, 0x08, 0xe5, 0x10, 0xe5, 0x10, 0xc5, 0x10,
    0xc5, 0x10, 0xc5, 0x10, 0xe5, 0x10, 0xc4, 0x10, 0xc5, 0x10, 0xc5, 0x10,
    0xc5, 0x08, 0xc5, 0x10, 0x09, 0x3a, 0x5d, 0xef, 0xff, 0xff, 0xff, 0xff,
    0xff, 0xff, 0xff, 0xff, 0xff, 0xff, 0xff, 0xff, 0xdb, 0xde, 0xcc, 0x52,
    0xe5, 0x10, 0xe5, 0x18, 0xf1, 0x7b, 0xbe, 0xf7, 0xff, 0xff, 0xff, 0xff,
    0xff, 0xff, 0x9a, 0xce, 0x2a, 0x3a, 0xe5, 0x10, 0xc4, 0x10, 0xc5, 0x10,
    0xc5, 0x10, 0xc5, 0x10, 0xc4, 0x10, 0xc5, 0x10, 0xc5, 0x10, 0xc5, 0x10,
    0xe5, 0x08, 0xc4, 0x10, 0xc5, 0x10, 0xc5, 0x10, 0xc4, 0x10, 0xc5, 0x08,
    0xc5, 0x10, 0xc5, 0x10, 0xc4, 0x10, 0xe4, 0x10, 0xc5, 0x08, 0xc5, 0x10,
    0xe5, 0x10, 0xc5, 0x10, 0xc4, 0x10, 0xe5, 0x10, 0xc5, 0x10, 0xe5, 0x10,
    0xc5, 0x08, 0xc5, 0x10, 0xe5, 0x10, 0xc5, 0x10, 0xc5, 0x10, 0xc4, 0x08,
    0xc5, 0x10, 0xe5, 0x10, 0xc5, 0x10, 0xc4, 0x10, 0xe5, 0x10, 0xe5, 0x10,
    0xc5, 0x10, 0xc5, 0x10, 0xc5, 0x08, 0xc5, 0x10, 0xc5, 0x10, 0xc5, 0x08,
    0xe4, 0x10, 0xc5, 0x10, 0xc5, 0x10, 0xe4, 0x08, 0xc5, 0x10, 0xc5, 0x10,
    0xc5, 0x10, 0xc5, 0x08, 0xc5, 0x10, 0xc5, 0x10, 0xc5, 0x10, 0xc5, 0x10,
    0xc5, 0x10, 0xc5, 0x10, 0xc4, 0x10, 0xc5, 0x10, 0xc5, 0x10, 0xe5, 0x10,
    0xc5, 0x10, 0xe5, 0x10, 0xc5, 0x10, 0xc5, 0x10, 0xc5, 0x10, 0xe5, 0x10,
    0xc5, 0x10, 0xc5, 0x08, 0xc5, 0x10, 0xc5, 0x10, 0xe4, 0x10, 0xc5, 0x10,
    0xc5, 0x10, 0xc5, 0x10, 0xc4, 0x10, 0xe4, 0x10, 0xc5, 0x10, 0xc4, 0x10,
    0xc5, 0x10, 0xc5, 0x10, 0xc5, 0x10, 0xe5, 0x10, 0xc5, 0x10, 0xc4, 0x10,
    0xc5, 0x08, 0xe5, 0x10, 0xc5, 0x10, 0xc5, 0x10, 0xe5, 0x10, 0xc4, 0x08,
    0xc5, 0x10, 0xe4, 0x10, 0xe5, 0x10, 0x8f, 0x6b, 0xff, 0xff, 0xff, 0xff,
    0xff, 0xff, 0x31, 0x84, 0xc5, 0x10, 0xc5, 0x10, 0xc5, 0x10, 0xc4, 0x10,
    0x92, 0x33, 0x9b, 0x55, 0x9c, 0x55, 0x9c, 0x55, 0x9c, 0x55, 0x9c, 0x55,
    0x9c, 0x55, 0xbb, 0x55, 0x9b, 0x55, 0x9c, 0x55, 0x9c, 0x55, 0xbc, 0x55,
    0x9b, 0x55, 0x9c, 0x55, 0x9c, 0x55, 0xbc, 0x55, 0x9b, 0x55, 0x9c, 0x55,
    0x9c, 0x55, 0x9b, 0x55, 0x9c, 0x55, 0x3a, 0x4d, 0x4c, 0x22, 0xc5, 0x10,
    0xe5, 0x10, 0x92, 0x33, 0x92, 0x33, 0xe5, 0x10, 0xc5, 0x10, 0xc5, 0x10,
    0xc4, 0x10, 0xe4, 0x10, 0x4a, 0x42, 0xdb, 0xde, 0xff, 0xff, 0xff, 0xff,
    0xff, 0xff, 0xff, 0xff, 0x76, 0xad, 0x05, 0x19, 0x67, 0x29, 0xb3, 0x94,
    0xbe, 0xf7, 0xff, 0xff, 0xff, 0xff, 0xff, 0xff, 0xff, 0xff, 0xff, 0xff,
    0xff, 0xff, 0xff, 0xff, 0xff, 0xff, 0xff, 0xff, 0xff, 0xff, 0xff, 0xff,
    0xff, 0xff, 0xff, 0xff, 0xff, 0xff, 0xff, 0xff, 0xff, 0xff, 0xff, 0xff,
    0xff, 0xff, 0xff, 0xff, 0xff, 0xff, 0xff, 0xff, 0xff, 0xff, 0xbf, 0xf7,
    0x1c, 0x86, 0x9b, 0x55, 0x9b, 0x55, 0x51, 0x33, 0xc5, 0x10, 0xc5, 0x10,
    0xc5, 0x10, 0xc5, 0x10, 0x67, 0x21, 0x9e, 0xf7, 0xff, 0xff, 0x5d, 0xef,
    0x05, 0x19, 0xc5, 0x10, 0xc5, 0x10, 0xe4, 0x10, 0xc5, 0x10, 0xc5, 0x10,
    0xe5, 0x10, 0xc4, 0x10, 0xc5, 0x10, 0xc5, 0x10, 0xe4, 0x10, 0xc4, 0x10,
    0xc5, 0x10, 0xc5, 0x10, 0xc5, 0x08, 0xc5, 0x10, 0xc5, 0x10, 0xc5, 0x10,
    0xc4, 0x10, 0xc5, 0x10, 0xc5, 0x10, 0xe5, 0x08, 0xe4, 0x10, 0xc5, 0x10,
    0xc5, 0x10, 0xc4, 0x10, 0xc5, 0x10, 0xc5, 0x10, 0xc4, 0x10, 0xc5, 0x08,
    0xc4, 0x10, 0xe5, 0x10, 0xc5, 0x10, 0xc4, 0x08, 0xc5, 0x10, 0xe5, 0x10,
    0xe4, 0x10, 0xc5, 0x10, 0x26, 0x19, 0x39, 0xc6, 0xff, 0xff, 0xff, 0xff,
    0xff, 0xff, 0xff, 0xff, 0xdf, 0xff, 0x55, 0xa5, 0xa8, 0x31, 0xc5, 0x10,
    0x47, 0x21, 0x15, 0x9d, 0xdf, 0xff, 0xff, 0xff, 0xff, 0xff, 0xff, 0xff,
    0xd7, 0xbd, 0xa8, 0x29, 0xe5, 0x10, 0xc5, 0x10, 0xc5, 0x10, 0xc5, 0x10,
    0xc5, 0x08, 0xe4, 0x10, 0xc5, 0x10, 0xc5, 0x08, 0xe4, 0x10, 0xc4, 0x10,
    0xc5, 0x10, 0xc5, 0x10, 0xc4, 0x10, 0xe5, 0x10, 0xc5, 0x10, 0xc4, 0x10,
    0xe5, 0x10, 0xe5, 0x10, 0xc5, 0x10, 0xc5, 0x10, 0xe5, 0x10, 0xc4, 0x10,
    0xc4, 0x08, 0xc5, 0x10, 0xc5, 0x10, 0xe5, 0x10, 0xc5, 0x10, 0xc4, 0x10,
    0xe4, 0x10, 0xc5, 0x10, 0xc5, 0x10, 0xc5, 0x10, 0xc4, 0x10, 0xc5, 0x10,
    0xc5, 0x10, 0xc5, 0x08, 0xc4, 0x10, 0xc5, 0x10, 0xc4, 0x08, 0xc4, 0x10,
    0xe5, 0x10, 0xc5, 0x10, 0xc5, 0x10, 0xe5, 0x10, 0xc5, 0x10, 0xc4, 0x10,
    0xc5, 0x10, 0xc5, 0x10, 0xc4, 0x10, 0xc5, 0x10, 0xc5, 0x10, 0xe5, 0x10,
    0xc4, 0x10, 0xc5, 0x10, 0xe5, 0x10, 0xc4, 0x10, 0xc5, 0x08, 0xe5, 0x10,
    0xc5, 0x10, 0xc5, 0x10, 0xe5, 0x10, 0xc5, 0x08, 0xc4, 0x10, 0xe5, 0x10,
    0xc4, 0x10, 0xc5, 0x10, 0xc5, 0x10, 0xc4, 0x08, 0xe5, 0x10, 0xc4, 0x10,
    0xc5, 0x10, 0xe5, 0x10, 0xc5, 0x10, 0xc4, 0x10, 0xe5, 0x08, 0xc5, 0x10,
    0xc5, 0x10, 0xc5, 0x10, 0xe5, 0x10, 0xc5, 0x10, 0xc5, 0x10, 0xc5, 0x08,
    0xc4, 0x10, 0xe5, 0x10, 0xe4, 0x10, 0xc5, 0x08, 0xc5, 0x10, 0xc5, 0x10,
    0xc4, 0x10, 0xc5, 0x10, 0xc5, 0x10, 0xc5, 0x10, 0xc4, 0x10, 0xc5, 0x10,
    0xc5, 0x10, 0xc5, 0x10, 0xc4, 0x10, 0xa8, 0x29, 0x1c, 0xe7, 0xff, 0xff,
    0xff, 0xff, 0xdb, 0xde, 0x06, 0x19, 0xc5, 0x10, 0xc4, 0x10, 0xc5, 0x10,
    0xa9, 0x19, 0x7b, 0x4d, 0x9b, 0x55, 0x9c, 0x55, 0x9b, 0x55, 0x9b, 0x55,
    0x9c, 0x55, 0xbc, 0x55, 0x9c, 0x55, 0x9c, 0x55, 0xbc, 0x55, 0x9b, 0x55,
    0x9c, 0x55, 0x9c, 0x55, 0xbc, 0x55, 0x9b, 0x55, 0x9c, 0x55, 0x9c, 0x55,
    0x9b, 0x55, 0x9c, 0x55, 0x9b, 0x55, 0x9b, 0x55, 0x3a, 0x4d, 0x8d, 0x2a,
    0xe5, 0x10, 0xce, 0x2a, 0x7b, 0x55, 0xef, 0x2a, 0xc5, 0x10, 0xc5, 0x10,
    0xc5, 0x10, 0xc5, 0x10, 0xc5, 0x10, 0x29, 0x3a, 0x7a, 0xce, 0xff, 0xff,
    0xff, 0xff, 0xff, 0xff, 0x7e, 0xef, 0x4a, 0x42, 0xe5, 0x10, 0x05, 0x11,
    0x0d, 0x5b, 0xbb, 0xd6, 0xff, 0xff, 0xff, 0xff, 0xff, 0xff, 0xff, 0xff,
    0xff, 0xff, 0xff, 0xff, 0xff, 0xff, 0xff, 0xff, 0xff, 0xff, 0xff, 0xff,
    0xff, 0xff, 0xff, 0xff, 0xff, 0xff, 0xff, 0xff, 0xff, 0xff, 0xff, 0xff,
    0xff, 0xff, 0xff, 0xff, 0xff, 0xff, 0xff, 0xff, 0xff, 0xff, 0xff, 0xff,
    0x9f, 0xe7, 0xdc, 0x6d, 0x9c, 0x55, 0x76, 0x44, 0xe5, 0x10, 0xe5, 0x10,
    0xc5, 0x10, 0xc4, 0x10, 0x05, 0x11, 0x18, 0xc6, 0xff, 0xff, 0xff, 0xff,
    0x6b, 0x42, 0xe5, 0x10, 0xc5, 0x10, 0xc5, 0x10, 0xc5, 0x10, 0xe4, 0x10,
    0xc4, 0x08, 0xc5, 0x10, 0xc5, 0x10, 0xe5, 0x10, 0xc5, 0x08, 0xc5, 0x10,
    0xe5, 0x10, 0xc5, 0x10, 0xc5, 0x10, 0xe5, 0x10, 0xc5, 0x10, 0xc4, 0x10,
    0xe5, 0x08, 0xc5, 0x10, 0xc5, 0x10, 0xc4, 0x10, 0xc5, 0x10, 0xc5, 0x08,
    0xe5, 0x10, 0xc5, 0x10, 0xe5, 0x10, 0xc5, 0x10, 0xc5, 0x10, 0xc5, 0x10,
    0xe5, 0x10, 0xc4, 0x10, 0xc5, 0x10, 0xc5, 0x10, 0xe5, 0x10, 0xc4, 0x10,
    0xc5, 0x10, 0xe5, 0x10, 0xe5, 0x10, 0x72, 0x8c, 0xff, 0xff, 0xff, 0xff,
    0xff, 0xff, 0x1c, 0xe7, 0x8f, 0x6b, 0x06, 0x19, 0xe5, 0x10, 0xe9, 0x39,
    0x18, 0xc6, 0xff, 0xff, 0xff, 0xff, 0xff, 0xff, 0xdf, 0xff, 0x14, 0x9d,
    0x47, 0x21, 0xc5, 0x10, 0xc4, 0x10, 0xc5, 0x10, 0xc5, 0x10, 0xe4, 0x10,
    0xe5, 0x10, 0xc5, 0x10, 0xc5, 0x10, 0xe5, 0x10, 0xc5, 0x10, 0xc5, 0x10,
    0xc5, 0x10, 0xe4, 0x10, 0xc5, 0x10, 0xc5, 0x10, 0xe4, 0x08, 0xc5, 0x10,
    0xc5, 0x10, 0xc5, 0x10, 0xc4, 0x08, 0xc5, 0x10, 0xc5, 0x10, 0xe5, 0x10,
    0xc5, 0x10, 0xc5, 0x10, 0xe5, 0x10, 0xc4, 0x08, 0xc5, 0x10, 0xc5, 0x10,
    0xc5, 0x10, 0xc4, 0x10, 0xc5, 0x10, 0xe4, 0x08, 0xc5, 0x10, 0xe5, 0x10,
    0xe5, 0x10, 0xc4, 0x10, 0xc5, 0x10, 0xe5, 0x10, 0xc5, 0x10, 0xc5, 0x10,
    0xc4, 0x10, 0xe5, 0x08, 0xc4, 0x10, 0xe4, 0x10, 0xc5, 0x10, 0xe4, 0x10,
    0xc5, 0x10, 0xc5, 0x08, 0xe5, 0x10, 0xc5, 0x10, 0xc5, 0x10, 0xc4, 0x08,
    0xe5, 0x10, 0xc5, 0x10, 0xc5, 0x10, 0xe4, 0x10, 0xc5, 0x10, 0xc5, 0x10,
    0xc5, 0x10, 0xc4, 0x10, 0xc5, 0x10, 0xe5, 0x10, 0xc4, 0x10, 0xc5, 0x10,
    0xc5, 0x08, 0xc4, 0x10, 0xe5, 0x10, 0xc4, 0x10, 0xc5, 0x10, 0xc5, 0x10,
    0xc4, 0x10, 0xe5, 0x10, 0xc4, 0x10, 0xc5, 0x10, 0xc5, 0x10, 0xc5, 0x10,
    0xc4, 0x10, 0xe5, 0x08, 0xc4, 0x10, 0xc5, 0x10, 0xc5, 0x10, 0xe5, 0x10,
    0xe5, 0x10, 0xc5, 0x10, 0xc5, 0x10, 0xc4, 0x10, 0xe5, 0x10, 0xc5, 0x10,
    0xe5, 0x10, 0xc5, 0x10, 0xc4, 0x10, 0xe5, 0x10, 0xc5, 0x08, 0xc5, 0x10,
    0xe5, 0x10, 0xc5, 0x10, 0xc5, 0x08, 0xe5, 0x10, 0xd4, 0x94, 0xff, 0xff,
    0xff, 0xff, 0xdf, 0xff, 0xed, 0x5a, 0xe5, 0x10, 0xc5, 0x10, 0xc5, 0x10,
    0xe5, 0x10, 0x76, 0x44, 0x9b, 0x55, 0x9c, 0x55, 0x9c, 0x55, 0xbc, 0x55,
    0x9c, 0x55, 0x9c, 0x55, 0x9c, 0x55, 0x9c, 0x55, 0xbc, 0x55, 0x9b, 0x55,
    0x9c, 0x55, 0x9c, 0x55, 0xbb, 0x55, 0x9c, 0x55, 0x9c, 0x55, 0xbc, 0x55,
    0xbc, 0x55, 0x9c, 0x55, 0x9c, 0x55, 0x9b, 0x55, 0x9b, 0x55, 0x5a, 0x4d,
    0x0f, 0x2b, 0xea, 0x19, 0x7b, 0x55, 0x5b, 0x4d, 0xce, 0x2a, 0xe5, 0x10,
    0xc5, 0x10, 0xc5, 0x10, 0xc5, 0x10, 0xe5, 0x10, 0xa8, 0x29, 0xb7, 0xb5,
    0xdf, 0xff, 0xff, 0xff, 0xff, 0xff, 0x35, 0xa5, 0xe5, 0x10, 0xc5, 0x10,
    0xe5, 0x10, 0xa8, 0x29, 0xf4, 0x9c, 0x9e, 0xf7, 0xff, 0xff, 0xff, 0xff,
    0xff, 0xff, 0xff, 0xff, 0xff, 0xff, 0xff, 0xff, 0xff, 0xff, 0xff, 0xff,
    0xff, 0xff, 0xff, 0xff, 0xff, 0xff, 0xff, 0xff, 0xff, 0xff, 0xff, 0xff,
    0xff, 0xff, 0xff, 0xff, 0xff, 0xff, 0xff, 0xff, 0xff, 0xff, 0xff, 0xff,
    0xff, 0xff, 0x5e, 0xd7, 0xbb, 0x65, 0x1a, 0x4d, 0x88, 0x19, 0xc5, 0x10,
    0xc5, 0x10, 0xe5, 0x08, 0xe5, 0x10, 0x31, 0x84, 0xff, 0xff, 0xff, 0xff,
    0x52, 0x84, 0xc5, 0x10, 0xc5, 0x10, 0xc5, 0x10, 0xe5, 0x10, 0xc5, 0x10,
    0xc5, 0x10, 0xc5, 0x10, 0xe5, 0x08, 0xc4, 0x10, 0xc5, 0x10, 0xe5, 0x10,
    0xc5, 0x10, 0xe4, 0x08, 0xc4, 0x10, 0xc5, 0x10, 0xe4, 0x10, 0xc5, 0x10,
    0xc5, 0x10, 0xe5, 0x10, 0xc5, 0x10, 0xe5, 0x10, 0xc5, 0x10, 0xc4, 0x10,
    0xe4, 0x10, 0xc5, 0x10, 0xc5, 0x08, 0xe4, 0x10, 0xc5, 0x10, 0xe5, 0x10,
    0xc4, 0x10, 0xc5, 0x10, 0xc5, 0x08, 0xc4, 0x10, 0xc5, 0x10, 0xc5, 0x10,
    0xc4, 0x08, 0xc5, 0x10, 0xe5, 0x10, 0xab, 0x4a, 0xbf, 0xff, 0xbf, 0xff,
    0x96, 0xad, 0x09, 0x3a, 0xc5, 0x10, 0xe5, 0x10, 0x0d, 0x5b, 0xfc, 0xde,
    0xff, 0xff, 0xff, 0xff, 0xff, 0xff, 0x7e, 0xf7, 0xd0, 0x73, 0x05, 0x11,
    0xc5, 0x10, 0xc5, 0x10, 0xc5, 0x10, 0xc4, 0x10, 0xc5, 0x10, 0xc5, 0x10,
    0xc4, 0x10, 0xc5, 0x10, 0xe5, 0x10, 0xc5, 0x10, 0xc4, 0x10, 0xc5, 0x08,
    0xe5, 0x10, 0xc5, 0x10, 0xc5, 0x08, 0xe5, 0x10, 0xc5, 0x10, 0xc5, 0x10,
    0xc5, 0x10, 0xc4, 0x10, 0xc5, 0x10, 0xe5, 0x10, 0xc5, 0x10, 0xc4, 0x10,
    0xc5, 0x10, 0xe5, 0x10, 0xc4, 0x10, 0xc5, 0x10, 0xc5, 0x10, 0xe5, 0x10,
    0xc5, 0x08, 0xc5, 0x10, 0xe5, 0x10, 0xc5, 0x10, 0xc4, 0x10, 0xc5, 0x10,
    0xc4, 0x10, 0xe5, 0x10, 0xc5, 0x10, 0xc5, 0x10, 0xe5, 0x10, 0xc5, 0x10,
    0xc5, 0x10, 0xc5, 0x10, 0xc5, 0x10, 0xc5, 0x10, 0xc5, 0x08, 0xc5, 0x10,
    0xe5, 0x10, 0xc5, 0x10, 0xe4, 0x10, 0xc5, 0x10, 0xc5, 0x10, 0xe5, 0x10,
    0xc4, 0x10, 0xe5, 0x10, 0xc5, 0x10, 0xc5, 0x08, 0xc5, 0x10, 0xe4, 0x10,
    0xc5, 0x10, 0xc5, 0x10, 0xe4, 0x10, 0xc5, 0x10, 0xc5, 0x10, 0xc5, 0x10,
    0xe5, 0x10, 0xc5, 0x10, 0xc5, 0x08, 0xc5, 0x10, 0xe5, 0x10, 0xc5, 0x10,
    0xc5, 0x08, 0xc5, 0x10, 0xc5, 0x10, 0xe5, 0x08, 0xe5, 0x10, 0xc4, 0x10,
    0xc5, 0x10, 0xc4, 0x10, 0xe5, 0x10, 0xc5, 0x08, 0xc4, 0x10, 0xc4, 0x10,
    0xc5, 0x10, 0xc5, 0x08, 0xc5, 0x10, 0xc5, 0x10, 0xc5, 0x10, 0xe4, 0x10,
    0xc5, 0x08, 0xe5, 0x10, 0xc5, 0x10, 0xc4, 0x10, 0xe5, 0x10, 0xc5, 0x10,
    0xc4, 0x10, 0xe4, 0x10, 0xe5, 0x10, 0xc5, 0x10, 0x4a, 0x42, 0xbf, 0xf7,
    0xff, 0xff, 0xff, 0xff, 0xd7, 0xb5, 0xe5, 0x10, 0xc5, 0x10, 0xc4, 0x10,
    0xe5, 0x10, 0x8d, 0x2a, 0x7b, 0x55, 0x9c, 0x55, 0x9c, 0x55, 0x9c, 0x55,
    0xbb, 0x55, 0x9c, 0x55, 0x9b, 0x55, 0x9c, 0x55, 0x9b, 0x55, 0x9c, 0x55,
    0xbc, 0x55, 0x9b, 0x55, 0x9c, 0x55, 0x9c, 0x55, 0x9c, 0x55, 0x9b, 0x55,
    0x9c, 0x55, 0xbc, 0x55, 0x9b, 0x55, 0x9c, 0x55, 0x9c, 0x55, 0x9c, 0x55,
    0x9b, 0x55, 0x56, 0x44, 0x7b, 0x55, 0x9b, 0x55, 0x7b, 0x4d, 0x51, 0x33,
    0x26, 0x11, 0xc5, 0x10, 0xc5, 0x10, 0xc5, 0x10, 0xc5, 0x10, 0x26, 0x19,
    0x51, 0x84, 0x5d, 0xef, 0xff, 0xff, 0x7e, 0xf7, 0x8b, 0x4a, 0xc5, 0x10,
    0xc5, 0x10, 0xc5, 0x10, 0xe5, 0x10, 0xcc, 0x52, 0x59, 0xce, 0xdf, 0xff,
    0xff, 0xff, 0xff, 0xff, 0xff, 0xff, 0xff, 0xff, 0xff, 0xff, 0xff, 0xff,
    0xff, 0xff, 0xff, 0xff, 0xff, 0xff, 0xff, 0xff, 0xff, 0xff, 0xff, 0xff,
    0xff, 0xff, 0xff, 0xff, 0xff, 0xff, 0xff, 0xff, 0xff, 0xff, 0xff, 0xff,
    0xff, 0xff, 0xff, 0xff, 0xdd, 0xbe, 0x7b, 0x55, 0x6d, 0x2a, 0xc5, 0x10,
    0xc5, 0x10, 0xc5, 0x10, 0xe5, 0x10, 0x4a, 0x42, 0xff, 0xff, 0xff, 0xff,
    0x59, 0xc6, 0xe5, 0x10, 0xc5, 0x10, 0xe4, 0x10, 0xc4, 0x10, 0xc5, 0x10,
    0xc5, 0x10, 0xe5, 0x10, 0xc4, 0x10, 0xc5, 0x10, 0xc4, 0x10, 0xc5, 0x10,
    0xc4, 0x10, 0xc5, 0x10, 0xe5, 0x10, 0xc5, 0x10, 0xc5, 0x08, 0xe5, 0x10,
    0xc4, 0x10, 0xc5, 0x10, 0xc4, 0x08, 0xc4, 0x10, 0xc5, 0x10, 0xc5, 0x10,
    0xc5, 0x10, 0xc4, 0x10, 0xc5, 0x10, 0xc5, 0x10, 0xe4, 0x10, 0xc5, 0x08,
    0xc5, 0x10, 0xc5, 0x10, 0xc5, 0x10, 0xe5, 0x10, 0xe5, 0x10, 0xc5, 0x10,
    0xc5, 0x10, 0xc5, 0x10, 0xc4, 0x10, 0x87, 0x21, 0x96, 0xad, 0x6f, 0x6b,
    0x26, 0x19, 0xc5, 0x10, 0x47, 0x21, 0x72, 0x8c, 0x9e, 0xf7, 0xff, 0xff,
    0xff, 0xff, 0xff, 0xff, 0xfc, 0xe6, 0xcc, 0x52, 0xc5, 0x10, 0xc5, 0x10,
    0xc5, 0x10, 0xc5, 0x10, 0xe5, 0x10, 0xc5, 0x10, 0xe4, 0x10, 0xc5, 0x08,
    0xc5, 0x10, 0xc4, 0x10, 0xc5, 0x08, 0xc4, 0x10, 0xc5, 0x10, 0xe5, 0x10,
    0xc5, 0x10, 0xc4, 0x10, 0xc5, 0x10, 0xc5, 0x10, 0xc4, 0x10, 0xc5, 0x10,
    0xe5, 0x10, 0xe4, 0x08, 0xc5, 0x10, 0xe5, 0x10, 0xc4, 0x10, 0xc5, 0x10,
    0xc5, 0x08, 0xc4, 0x10, 0xc5, 0x10, 0xc5, 0x10, 0xe4, 0x10, 0xc4, 0x10,
    0xc5, 0x10, 0xe5, 0x10, 0xc5, 0x08, 0xc5, 0x10, 0xe5, 0x10, 0xc5, 0x10,
    0xc5, 0x10, 0xc5, 0x08, 0xc5, 0x10, 0xe4, 0x10, 0xc4, 0x08, 0xe5, 0x10,
    0xc5, 0x10, 0xc5, 0x10, 0xc4, 0x10, 0xe5, 0x10, 0xc5, 0x10, 0xc5, 0x10,
    0xc5, 0x10, 0xc4, 0x10, 0xc5, 0x10, 0xc5, 0x08, 0xe4, 0x10, 0xc5, 0x10,
    0xc5, 0x10, 0xc5, 0x08, 0xc4, 0x10, 0xc4, 0x10, 0xe5, 0x10, 0xc5, 0x10,
    0xc5, 0x10, 0xc5, 0x10, 0xc5, 0x10, 0xc5, 0x08, 0xc4, 0x10, 0xe5, 0x10,
    0xc5, 0x10, 0xc4, 0x10, 0xc5, 0x10, 0xe5, 0x10, 0xc4, 0x10, 0xc5, 0x10,
    0xe5, 0x10, 0xe5, 0x10, 0xc4, 0x10, 0xc5, 0x10, 0xc5, 0x10, 0xe5, 0x10,
    0xc5, 0x08, 0xc5, 0x10, 0xc5, 0x10, 0xe5, 0x10, 0xc5, 0x10, 0xe5, 0x10,
    0xc5, 0x10, 0xc4, 0x10, 0xe4, 0x10, 0xc5, 0x08, 0xc5, 0x10, 0xc5, 0x10,
    0xc4, 0x10, 0xc5, 0x10, 0xe4, 0x08, 0xc5, 0x10, 0xc5, 0x10, 0xe4, 0x08,
    0xc5, 0x10, 0xc5, 0x10, 0xc5, 0x10, 0xc5, 0x10, 0x26, 0x19, 0x18, 0xbe,
    0xff, 0xff, 0xff, 0xff, 0x9e, 0xf7, 0xe9, 0x31, 0xc5, 0x10, 0xc5, 0x10,
    0xc5, 0x10, 0x06, 0x11, 0xf9, 0x4c, 0x9b, 0x55, 0x9c, 0x55, 0x9b, 0x55,
    0x9c, 0x55, 0xbc, 0x55, 0x9c, 0x55, 0xbb, 0x55, 0xbc, 0x55, 0x9c, 0x55,
    0x9c, 0x55, 0xbc, 0x55, 0x9c, 0x55, 0x9b, 0x55, 0xbc, 0x55, 0x9c, 0x55,
    0x9b, 0x55, 0x9c, 0x55, 0xbc, 0x55, 0x9c, 0x55, 0x9c, 0x55, 0x9b, 0x55,
    0x9c, 0x55, 0x9b, 0x55, 0x9b, 0x55, 0x9c, 0x55, 0x9b, 0x55, 0x9c, 0x55,
    0x35, 0x3c, 0xc9, 0x19, 0xe5, 0x10, 0xc5, 0x10, 0xc5, 0x10, 0xc5, 0x10,
    0xe5, 0x10, 0x6b, 0x4a, 0x18, 0xbe, 0xdf, 0xff, 0xd7, 0xb5, 0x26, 0x19,
    0xc5, 0x10, 0xc4, 0x10, 0xc5, 0x10, 0xe5, 0x10, 0x47, 0x21, 0xd0, 0x73,
    0xfc, 0xde, 0xff, 0xff, 0xff, 0xff, 0xff, 0xff, 0xff, 0xff, 0xff, 0xff,
    0xff, 0xff, 0xff, 0xff, 0xff, 0xff, 0xff, 0xff, 0xff, 0xff, 0xff, 0xff,
    0xff, 0xff, 0xff, 0xff, 0xff, 0xff, 0xff, 0xff, 0xff, 0xff, 0xff, 0xff,
    0xff, 0xff, 0xff, 0xff, 0xff, 0xff, 0x7c, 0x9e, 0xb2, 0x3b, 0xc5, 0x10,
    0xc5, 0x10, 0xe4, 0x10, 0xc5, 0x10, 0x26, 0x19, 0x3c, 0xe7, 0xff, 0xff,
    0xbf, 0xf7, 0x67, 0x29, 0xc5, 0x10, 0xc5, 0x10, 0xc5, 0x10, 0xc4, 0x10,
    0xe5, 0x10, 0xc4, 0x10, 0xc5, 0x10, 0xc5, 0x10, 0xe5, 0x10, 0xc5, 0x08,
    0xc5, 0x10, 0xc5, 0x10, 0xc5, 0x10, 0xc5, 0x10, 0xc4, 0x10, 0xc5, 0x10,
    0xc5, 0x10, 0xc5, 0x10, 0xe5, 0x10, 0xc5, 0x10, 0xc5, 0x10, 0xe5, 0x08,
    0xe5, 0x10, 0xc5, 0x10, 0xc4, 0x10, 0xc5, 0x10, 0xc5, 0x10, 0xc4, 0x10,
    0xe5, 0x10, 0xe5, 0x10, 0xc5, 0x10, 0xc4, 0x10, 0xc5, 0x08, 0xc4, 0x10,
    0xe5, 0x10, 0xe5, 0x08, 0xc5, 0x10, 0xe5, 0x10, 0x05, 0x19, 0xc5, 0x10,
    0xe5, 0x10, 0x29, 0x3a, 0xf8, 0xbd, 0xff, 0xff, 0xff, 0xff, 0xff, 0xff,
    0xff, 0xff, 0xf8, 0xbd, 0xc8, 0x31, 0xe5, 0x10, 0xc5, 0x10, 0xe4, 0x10,
    0xc5, 0x10, 0xc4, 0x10, 0xe4, 0x08, 0xc5, 0x10, 0xc5, 0x10, 0xe5, 0x10,
    0xc5, 0x10, 0xe5, 0x10, 0xc5, 0x10, 0xc5, 0x10, 0xc4, 0x10, 0xe5, 0x10,
    0xc5, 0x10, 0xc4, 0x10, 0xc5, 0x10, 0xe5, 0x10, 0xc4, 0x08, 0xe5, 0x10,
    0xc5, 0x10, 0xc5, 0x10, 0xc5, 0x10, 0xc5, 0x10, 0xc4, 0x08, 0xc5, 0x10,
    0xe5, 0x10, 0xe5, 0x10, 0xc5, 0x10, 0xc5, 0x08, 0xc5, 0x10, 0xc5, 0x10,
    0xe4, 0x10, 0xc5, 0x10, 0xc4, 0x10, 0xc4, 0x10, 0xc5, 0x10, 0xe5, 0x08,
    0xc5, 0x10, 0xc4, 0x10, 0xc5, 0x10, 0xc5, 0x10, 0xc5, 0x10, 0xc5, 0x10,
    0xc4, 0x10, 0xe4, 0x08, 0xc5, 0x10, 0xc5, 0x10, 0xc4, 0x10, 0xe4, 0x10,
    0xc5, 0x08, 0xc5, 0x10, 0xe4, 0x10, 0xc5, 0x10, 0xc5, 0x10, 0xc4, 0x10,
    0xc5, 0x10, 0xc5, 0x10, 0xc5, 0x10, 0xe5, 0x10, 0xc5, 0x10, 0xc5, 0x10,
    0xc5, 0x10, 0xc4, 0x10, 0xe5, 0x10, 0xc5, 0x10, 0xc5, 0x10, 0xe4, 0x10,
    0xc5, 0x08, 0xc5, 0x10, 0xe5, 0x10, 0xc4, 0x10, 0xc5, 0x10, 0xc5, 0x08,
    0xc4, 0x10, 0xc4, 0x10, 0xc5, 0x10, 0xc5, 0x10, 0xc4, 0x10, 0xc4, 0x10,
    0xe5, 0x10, 0xc5, 0x10, 0xc5, 0x10, 0xc4, 0x10, 0xc5, 0x10, 0xc5, 0x10,
    0xc5, 0x08, 0xc5, 0x10, 0xe5, 0x10, 0xc4, 0x10, 0xe5, 0x10, 0xc5, 0x10,
    0xc5, 0x10, 0xc5, 0x10, 0xc5, 0x10, 0xc5, 0x10, 0xc5, 0x10, 0xc5, 0x10,
    0xc5, 0x10, 0xc5, 0x10, 0xc5, 0x08, 0xc4, 0x10, 0xe4, 0x10, 0x6e, 0x63,
    0xff, 0xff, 0xff, 0xff, 0xff, 0xff, 0x93, 0x94, 0xc5, 0x10, 0xc5, 0x10,
    0xe4, 0x10, 0xc5, 0x10, 0x51, 0x33, 0x9b, 0x55, 0x9c, 0x55, 0x9c, 0x55,
    0x9c, 0x55, 0x9b, 0x55, 0x9c, 0x55, 0x9c, 0x55, 0x9c, 0x55, 0x9c, 0x55,
    0x9c, 0x55, 0x9b, 0x55, 0xbc, 0x55, 0x9c, 0x55, 0x9b, 0x55, 0xbc, 0x55,
    0x9c, 0x55, 0x9b, 0x55, 0x9c, 0x55, 0x9c, 0x55, 0xbb, 0x55, 0x9b, 0x55,
    0xbc, 0x55, 0x9c, 0x55, 0x9c, 0x55, 0x9c, 0x55, 0x9b, 0x55, 0x9b, 0x55,
    0x9b, 0x55, 0x1a, 0x4d, 0xef, 0x2a, 0x47, 0x19, 0xe5, 0x10, 0xc5, 0x10,
    0xc5, 0x10, 0xc5, 0x10, 0x46, 0x19, 0xd0, 0x73, 0x9a, 0xd6, 0x6f, 0x6b,
    0xc5, 0x10, 0xe5, 0x10, 0x26, 0x11, 0xc5, 0x10, 0xe5, 0x10, 0xc5, 0x10,
    0xa8, 0x29, 0x93, 0x94, 0x3d, 0xef, 0xff, 0xff, 0xff, 0xff, 0xff, 0xff,
    0xff, 0xff, 0xff, 0xff, 0xff, 0xff, 0xff, 0xff, 0xff, 0xff, 0xff, 0xff,
    0xff, 0xff, 0xff, 0xff, 0xff, 0xff, 0xff, 0xff, 0xff, 0xff, 0xff, 0xff,
    0xff, 0xff, 0xff, 0xff, 0xff, 0xff, 0xbf, 0xf7, 0x18, 0x6d, 0x06, 0x11,
    0xc5, 0x10, 0xc5, 0x10, 0xe5, 0x10, 0xe5, 0x10, 0x76, 0xad, 0xff, 0xff,
    0xff, 0xff, 0x0d, 0x5b, 0xe5, 0x10, 0xc5, 0x10, 0xc5, 0x10, 0xe5, 0x10,
    0xc5, 0x10, 0xc5, 0x08, 0xe5, 0x10, 0xc5, 0x10, 0xc5, 0x10, 0xe5, 0x10,
    0xc4, 0x10, 0xe5, 0x10, 0xc5, 0x08, 0xc4, 0x10, 0xe5, 0x10, 0xc5, 0x10,
    0xc5, 0x10, 0xe4, 0x08, 0xc5, 0x10, 0xe5, 0x10, 0xc4, 0x10, 0xc4, 0x10,
    0xc5, 0x10, 0xc5, 0x10, 0xe5, 0x08, 0xe5, 0x10, 0xc5, 0x10, 0xc5, 0x10,
    0xc5, 0x10, 0xc4, 0x10, 0xe4, 0x08, 0xc5, 0x10, 0xc5, 0x10, 0xc5, 0x10,
    0xc4, 0x10, 0xc5, 0x10, 0xc4, 0x10, 0xc5, 0x10, 0xe5, 0x10, 0x26, 0x19,
    0xb0, 0x73, 0x3d, 0xe7, 0xff, 0xff, 0xff, 0xff, 0xff, 0xff, 0x9e, 0xf7,
    0x93, 0x8c, 0x26, 0x19, 0xc5, 0x10, 0xc5, 0x10, 0xc5, 0x10, 0xc4, 0x10,
    0xe5, 0x10, 0xc5, 0x10, 0xc5, 0x10, 0xc5, 0x10, 0xc5, 0x10, 0xc5, 0x10,
    0xc4, 0x10, 0xc5, 0x08, 0xe5, 0x10, 0xe4, 0x10, 0xc5, 0x10, 0xc5, 0x08,
    0xc4, 0x10, 0xe5, 0x10, 0xe5, 0x08, 0xc4, 0x10, 0xc5, 0x10, 0xc5, 0x10,
    0xc4, 0x10, 0xc4, 0x10, 0xc5, 0x10, 0xc5, 0x10, 0xe5, 0x10, 0xc5, 0x10,
    0xc5, 0x10, 0xc4, 0x10, 0xc5, 0x10, 0xe4, 0x10, 0xe5, 0x10, 0xc5, 0x08,
    0xc5, 0x10, 0xc5, 0x10, 0xc5, 0x10, 0xe5, 0x10, 0xc5, 0x10, 0xc4, 0x10,
    0xc4, 0x10, 0xe5, 0x10, 0xe4, 0x08, 0xc5, 0x10, 0xc5, 0x10, 0xc5, 0x10,
    0xe5, 0x10, 0xc5, 0x10, 0xe5, 0x10, 0xc5, 0x08, 0xc5, 0x10, 0xc5, 0x10,
    0xe5, 0x10, 0xc4, 0x10, 0xc5, 0x10, 0xc5, 0x10, 0xc5, 0x10, 0xe5, 0x08,
    0xc5, 0x10, 0xe4, 0x10, 0xe5, 0x10, 0xc5, 0x10, 0xc5, 0x10, 0xc4, 0x08,
    0xc5, 0x10, 0xc5, 0x10, 0xc4, 0x10, 0xe5, 0x10, 0xc4, 0x10, 0xc5, 0x10,
    0xc5, 0x10, 0xe5, 0x10, 0xc4, 0x08, 0xc5, 0x10, 0xc5, 0x10, 0xc5, 0x10,
    0xe5, 0x10, 0xc5, 0x10, 0xc5, 0x10, 0xe5, 0x08, 0xc5, 0x10, 0xc5, 0x10,
    0xc5, 0x10, 0xe4, 0x10, 0xc4, 0x10, 0xc5, 0x08, 0xe4, 0x10, 0xc5, 0x10,
    0xe4, 0x10, 0xc5, 0x10, 0xc5, 0x10, 0xc5, 0x10, 0xc5, 0x10, 0xe4, 0x08,
    0xc5, 0x10, 0xe5, 0x10, 0xc4, 0x10, 0xc5, 0x10, 0xe5, 0x10, 0xc4, 0x10,
    0xc5, 0x10, 0xe5, 0x10, 0xe4, 0x10, 0xc5, 0x10, 0xc5, 0x10, 0x67, 0x21,
    0xfc, 0xde, 0xff, 0xff, 0xff, 0xff, 0x1c, 0xe7, 0x26, 0x19, 0xc5, 0x10,
    0xc5, 0x10, 0xe5, 0x10, 0xa8, 0x19, 0x5a, 0x4d, 0x9c, 0x55, 0x9c, 0x55,
    0x9b, 0x55, 0x9c, 0x55, 0x9c, 0x55, 0xbc, 0x55, 0x9c, 0x55, 0x9b, 0x55,
    0xbb, 0x55, 0x9c, 0x55, 0x9c, 0x55, 0x9c, 0x55, 0x9c, 0x55, 0x9c, 0x55,
    0xbc, 0x55, 0x9c, 0x55, 0x9c, 0x55, 0x9b, 0x55, 0x9c, 0x55, 0x9c, 0x55,
    0x9c, 0x55, 0x9c, 0x55, 0xbc, 0x55, 0xbb, 0x55, 0x9c, 0x55, 0x9c, 0x55,
    0x9b, 0x55, 0x9c, 0x55, 0x9b, 0x55, 0xb7, 0x44, 0x0f, 0x2b, 0x88, 0x19,
    0xe6, 0x10, 0xc5, 0x10, 0xc5, 0x10, 0xc5, 0x10, 0xa8, 0x29, 0xac, 0x52,
    0xe5, 0x10, 0x47, 0x11, 0xf3, 0x3b, 0xef, 0x32, 0x88, 0x19, 0xe5, 0x10,
    0xc5, 0x10, 0xe5, 0x10, 0xe9, 0x31, 0x93, 0x94, 0x1c, 0xe7, 0xff, 0xff,
    0xff, 0xff, 0xff, 0xff, 0xff, 0xff, 0xff, 0xff, 0xff, 0xff, 0xff, 0xff,
    0xff, 0xff, 0xff, 0xff, 0xff, 0xff, 0xff, 0xff, 0xff, 0xff, 0xff, 0xff,
    0xff, 0xff, 0xff, 0xff, 0xff, 0xff, 0xff, 0xff, 0xfd, 0xce, 0xa9, 0x21,
    0xc5, 0x10, 0xc4, 0x10, 0xc5, 0x10, 0xc5, 0x10, 0x8f, 0x6b, 0xff, 0xff,
    0xff, 0xff, 0x15, 0x9d, 0xe5, 0x10, 0xc4, 0x10, 0xe5, 0x10, 0xc5, 0x10,
    0xc5, 0x10, 0xc4, 0x10, 0xc5, 0x10, 0xc4, 0x08, 0xe4, 0x10, 0xc5, 0x10,
    0xc4, 0x10, 0xc5, 0x10, 0xe5, 0x10, 0xc4, 0x10, 0xe5, 0x08, 0xc5, 0x10,
    0xe4, 0x10, 0xc5, 0x10, 0xc4, 0x10, 0xc5, 0x10, 0xe5, 0x08, 0xc5, 0x10,
    0xc5, 0x10, 0xc4, 0x10, 0xc5, 0x10, 0xc5, 0x10, 0xc4, 0x10, 0xe5, 0x08,
    0xc5, 0x10, 0xc5, 0x10, 0xc5, 0x10, 0xc5, 0x10, 0xe5, 0x10, 0xc4, 0x10,
    0xe5, 0x10, 0xc5, 0x10, 0xc5, 0x10, 0xe5, 0x10, 0x2a, 0x3a, 0xd7, 0xbd,
    0xdf, 0xff, 0xff, 0xff, 0xff, 0xff, 0xff, 0xff, 0xfc, 0xde, 0x0d, 0x5b,
    0xe5, 0x10, 0xc5, 0x10, 0xc5, 0x10, 0xc4, 0x10, 0xc5, 0x10, 0xc5, 0x10,
    0xc5, 0x08, 0xe5, 0x10, 0xc5, 0x10, 0xc5, 0x10, 0xc4, 0x08, 0xe5, 0x10,
    0xe5, 0x10, 0xc4, 0x10, 0xc5, 0x10, 0xc5, 0x10, 0xc5, 0x10, 0xe5, 0x10,
    0xc5, 0x10, 0xc5, 0x10, 0xc5, 0x10, 0xc5, 0x10, 0xc5, 0x10, 0xc5, 0x08,
    0xe5, 0x10, 0xc5, 0x10, 0xe4, 0x10, 0xe5, 0x08, 0xc4, 0x10, 0xc5, 0x10,
    0xe5, 0x10, 0xc4, 0x08, 0xc5, 0x10, 0xc5, 0x10, 0xc4, 0x10, 0xc5, 0x10,
    0xc5, 0x10, 0xe5, 0x10, 0xc4, 0x08, 0xc5, 0x10, 0xe5, 0x10, 0xc5, 0x10,
    0xc5, 0x10, 0xc5, 0x10, 0xc5, 0x10, 0xe5, 0x10, 0xc4, 0x10, 0xe5, 0x08,
    0xc4, 0x10, 0xc5, 0x10, 0xc5, 0x10, 0xc5, 0x10, 0xe4, 0x10, 0xc5, 0x10,
    0xc5, 0x10, 0xe5, 0x10, 0xc5, 0x08, 0xc5, 0x10, 0xe4, 0x10, 0xc5, 0x10,
    0xc5, 0x10, 0xc4, 0x10, 0xc5, 0x10, 0xc5, 0x08, 0xc4, 0x10, 0xe5, 0x10,
    0xc5, 0x10, 0xc5, 0x10, 0xe5, 0x10, 0xc5, 0x08, 0xc5, 0x10, 0xc5, 0x10,
    0xc5, 0x10, 0xc4, 0x10, 0xc5, 0x10, 0xc5, 0x10, 0xe4, 0x10, 0xe4, 0x10,
    0xc5, 0x10, 0xc5, 0x08, 0xe5, 0x10, 0xc5, 0x10, 0xe4, 0x10, 0xc5, 0x10,
    0xc5, 0x08, 0xc5, 0x10, 0xc5, 0x10, 0xe5, 0x10, 0xc5, 0x10, 0xc5, 0x10,
    0xc5, 0x10, 0xe4, 0x10, 0xc5, 0x10, 0xc5, 0x08, 0xc4, 0x10, 0xc5, 0x10,
    0xc5, 0x10, 0xc4, 0x10, 0xe5, 0x08, 0xc4, 0x10, 0xc5, 0x10, 0xe5, 0x08,
    0xc4, 0x10, 0xc5, 0x10, 0xc5, 0x10, 0xc5, 0x10, 0xe5, 0x10, 0xe5, 0x10,
    0xb3, 0x8c, 0xff, 0xff, 0xff, 0xff, 0xff, 0xff, 0x4e, 0x63, 0xc5, 0x10,
    0xc5, 0x10, 0xc5, 0x10, 0xc5, 0x10, 0x35, 0x3c, 0x9b, 0x55, 0x9c, 0x55,
    0x9c, 0x55, 0x9c, 0x55, 0xbc, 0x55, 0x9b, 0x55, 0x9c, 0x55, 0x9c, 0x55,
    0xbc, 0x55, 0x9c, 0x55, 0x9c, 0x55, 0xbb, 0x55, 0xbc, 0x55, 0x9c, 0x55,
    0x9b, 0x55, 0xbc, 0x55, 0x9c, 0x55, 0xbc, 0x55, 0xbc, 0x55, 0x9c, 0x55,
    0x9c, 0x55, 0x9c, 0x55, 0x9b, 0x55, 0x9c, 0x55, 0xbc, 0x55, 0x9c, 0x55,
    0x9c, 0x55, 0x9b, 0x55, 0x9b, 0x55, 0x9c, 0x55, 0x9b, 0x55, 0x3a, 0x4d,
    0x14, 0x3c, 0x8d, 0x2a, 0x68, 0x19, 0xe5, 0x10, 0xe5, 0x10, 0xc5, 0x10,
    0xc5, 0x10, 0xe5, 0x10, 0x8d, 0x2a, 0x7b, 0x55, 0x19, 0x4d, 0x92, 0x33,
    0xc9, 0x19, 0x06, 0x11, 0xe5, 0x10, 0xe5, 0x10, 0x88, 0x29, 0xaf, 0x6b,
    0x39, 0xc6, 0x7e, 0xf7, 0xff, 0xff, 0xff, 0xff, 0xff, 0xff, 0xff, 0xff,
    0xff, 0xff, 0xff, 0xff, 0xff, 0xff, 0xff, 0xff, 0xff, 0xff, 0xff, 0xff,
    0xff, 0xff, 0xff, 0xff, 0xff, 0xff, 0xff, 0xff, 0xdf, 0xff, 0xaf, 0x6b,
    0xc5, 0x10, 0xc5, 0x10, 0xc5, 0x10, 0xc4, 0x10, 0xc8, 0x29, 0xdf, 0xff,
    0xff, 0xff, 0xdb, 0xde, 0x06, 0x19, 0xc5, 0x10, 0xc4, 0x10, 0xc5, 0x10,
    0xc4, 0x10, 0xe5, 0x10, 0xc5, 0x10, 0xc5, 0x10, 0xc5, 0x10, 0xc5, 0x10,
    0xc5, 0x08, 0xc5, 0x10, 0xc4, 0x10, 0xc5, 0x10, 0xc5, 0x10, 0xc4, 0x10,
    0xc5, 0x10, 0xc5, 0x10, 0xc5, 0x10, 0xc5, 0x10, 0xc5, 0x10, 0xc5, 0x10,
    0xe5, 0x08, 0xc5, 0x10, 0xe4, 0x10, 0xc5, 0x10, 0xc5, 0x10, 0xc4, 0x10,
    0xe5, 0x10, 0xc4, 0x10, 0xc5, 0x10, 0xe5, 0x10, 0xc4, 0x10, 0xc5, 0x10,
    0xc5, 0x08, 0xc5, 0x10, 0x67, 0x21, 0x31, 0x7c, 0x5d, 0xef, 0xff, 0xff,
    0xff, 0xff, 0xff, 0xff, 0xbf, 0xff, 0x96, 0xb5, 0xc8, 0x29, 0xe5, 0x10,
    0xc5, 0x10, 0xc5, 0x10, 0xc4, 0x10, 0xc5, 0x10, 0xe5, 0x10, 0xe5, 0x10,
    0xc4, 0x10, 0xc5, 0x10, 0xe4, 0x10, 0xe4, 0x10, 0xc5, 0x10, 0xc4, 0x10,
    0xc5, 0x10, 0xc5, 0x10, 0xc5, 0x10, 0xc4, 0x10, 0xc5, 0x08, 0xc5, 0x10,
    0xc4, 0x10, 0xc5, 0x10, 0xc5, 0x10, 0xc4, 0x10, 0xe5, 0x10, 0xe4, 0x10,
    0xc5, 0x10, 0xc5, 0x10, 0xc5, 0x10, 0xc5, 0x10, 0xc5, 0x10, 0xe4, 0x10,
    0xc5, 0x10, 0xc5, 0x10, 0xe5, 0x10, 0xc5, 0x10, 0xc5, 0x10, 0xc5, 0x10,
    0xe4, 0x10, 0xc4, 0x10, 0xc5, 0x10, 0xc5, 0x10, 0xc4, 0x10, 0xc5, 0x08,
    0xe5, 0x10, 0xc5, 0x10, 0xc5, 0x10, 0xc5, 0x10, 0xc5, 0x10, 0xc4, 0x10,
    0xc5, 0x10, 0xc5, 0x10, 0xc5, 0x10, 0xc4, 0x10, 0xc5, 0x10, 0xe5, 0x08,
    0xc5, 0x10, 0xc4, 0x10, 0xc5, 0x10, 0xe5, 0x10, 0xc4, 0x10, 0xc5, 0x10,
    0xc5, 0x10, 0xe5, 0x08, 0xc5, 0x10, 0xc4, 0x10, 0xe5, 0x10, 0xc5, 0x10,
    0xc5, 0x10, 0xc4, 0x10, 0xc5, 0x10, 0xc5, 0x10, 0xc4, 0x10, 0xe5, 0x10,
    0xc4, 0x08, 0xe5, 0x10, 0xe5, 0x10, 0xc5, 0x10, 0xc5, 0x08, 0xc5, 0x10,
    0xc5, 0x10, 0xe5, 0x10, 0xc4, 0x10, 0xc4, 0x10, 0xc5, 0x10, 0xe5, 0x10,
    0xc5, 0x10, 0xc4, 0x10, 0xe5, 0x10, 0xc5, 0x10, 0xc5, 0x10, 0xc4, 0x10,
    0xc5, 0x08, 0xc5, 0x10, 0xe5, 0x10, 0xc4, 0x10, 0xe5, 0x10, 0xc5, 0x10,
    0xc4, 0x10, 0xe5, 0x10, 0xc5, 0x10, 0xc5, 0x10, 0xc4, 0x10, 0xc5, 0x10,
    0xc5, 0x10, 0xe5, 0x10, 0xc5, 0x08, 0xc4, 0x10, 0xc5, 0x10, 0xe5, 0x10,
    0x09, 0x3a, 0xbe, 0xf7, 0xff, 0xff, 0xff, 0xff, 0x39, 0xc6, 0xe5, 0x10,
    0xc5, 0x10, 0xc4, 0x10, 0xe5, 0x10, 0x4c, 0x22, 0x7b, 0x55, 0x9c, 0x55,
    0x9c, 0x55, 0x9b, 0x55, 0x9b, 0x55, 0x9c, 0x55, 0x9b, 0x55, 0xbc, 0x55,
    0x9c, 0x55, 0x9b, 0x55, 0x9c, 0x55, 0x9c, 0x55, 0x9b, 0x55, 0x9c, 0x55,
    0x9c, 0x55, 0x9b, 0x55, 0x9c, 0x55, 0x9b, 0x55, 0x9c, 0x55, 0x9c, 0x55,
    0xbb, 0x55, 0xbb, 0x55, 0x9c, 0x55, 0x9c, 0x55, 0x9c, 0x55, 0xbc, 0x55,
    0x9b, 0x55, 0x9c, 0x55, 0x9c, 0x55, 0x9c, 0x55, 0x9c, 0x55, 0x9b, 0x55,
    0x9b, 0x55, 0x9c, 0x55, 0x19, 0x4d, 0x14, 0x3c, 0xae, 0x2a, 0x88, 0x19,
    0x06, 0x11, 0xe5, 0x10, 0x06, 0x11, 0x35, 0x3c, 0x7b, 0x55, 0x9b, 0x55,
    0x5b, 0x4d, 0x35, 0x3c, 0x6d, 0x2a, 0x27, 0x11, 0xe5, 0x10, 0xe5, 0x10,
    0xe5, 0x18, 0x4a, 0x42, 0x52, 0x84, 0x7a, 0xce, 0x7e, 0xef, 0xdf, 0xff,
    0xff, 0xff, 0xff, 0xff, 0xff, 0xff, 0xff, 0xff, 0xff, 0xff, 0xff, 0xff,
    0xff, 0xff, 0xff, 0xff, 0xff, 0xff, 0xff, 0xff, 0xff, 0xff, 0x39, 0xc6,
    0xe5, 0x10, 0xc5, 0x10, 0xc5, 0x10, 0xe5, 0x10, 0xe5, 0x10, 0xbb, 0xd6,
    0xff, 0xff, 0xdf, 0xff, 0x09, 0x3a, 0xc5, 0x10, 0xc5, 0x10, 0xe5, 0x10,
    0xc5, 0x08, 0xc4, 0x10, 0xe5, 0x10, 0xe5, 0x10, 0xc5, 0x10, 0xc5, 0x10,
    0xe4, 0x10, 0xe5, 0x10, 0xc5, 0x10, 0xc5, 0x10, 0xe5, 0x10, 0xc5, 0x10,
    0xc5, 0x10, 0xe5, 0x08, 0xc5, 0x10, 0xe5, 0x10, 0xc4, 0x10, 0xc4, 0x10,
    0xc5, 0x10, 0xe4, 0x10, 0xc5, 0x10, 0xc5, 0x08, 0xc4, 0x10, 0xe5, 0x10,
    0xc5, 0x10, 0xc5, 0x08, 0xe5, 0x10, 0xc5, 0x10, 0xc5, 0x10, 0xe5, 0x10,
    0x06, 0x19, 0xec, 0x52, 0x79, 0xce, 0xff, 0xff, 0xff, 0xff, 0xff, 0xff,
    0xff, 0xff, 0x3d, 0xe7, 0xaf, 0x73, 0x06, 0x19, 0xc5, 0x10, 0xc5, 0x10,
    0xc5, 0x10, 0xc4, 0x10, 0xc5, 0x10, 0xe5, 0x10, 0xc5, 0x10, 0xc4, 0x08,
    0xc5, 0x10, 0xc5, 0x10, 0xc5, 0x08, 0xc5, 0x10, 0xc5, 0x10, 0xc5, 0x10,
    0xc5, 0x10, 0xc5, 0x08, 0xe4, 0x10, 0xe5, 0x10, 0xc5, 0x10, 0xe4, 0x10,
    0xe5, 0x10, 0xc4, 0x10, 0xe5, 0x08, 0xc5, 0x10, 0xc5, 0x10, 0xc5, 0x10,
    0xc4, 0x10, 0xc5, 0x08, 0xe5, 0x10, 0xc5, 0x10, 0xc5, 0x10, 0xc5, 0x10,
    0xc4, 0x08, 0xc5, 0x10, 0xe5, 0x10, 0xc4, 0x10, 0xc5, 0x08, 0xe5, 0x10,
    0xc5, 0x10, 0xc5, 0x08, 0xc5, 0x10, 0xe5, 0x10, 0xc4, 0x10, 0xc5, 0x10,
    0xc5, 0x10, 0xe4, 0x10, 0xc4, 0x08, 0xc5, 0x10, 0xc5, 0x10, 0xe5, 0x10,
    0xc5, 0x10, 0xc4, 0x10, 0xe4, 0x08, 0xe5, 0x10, 0xc5, 0x10, 0xc5, 0x10,
    0xc4, 0x10, 0xc5, 0x10, 0xe4, 0x10, 0xc5, 0x10, 0xc5, 0x08, 0xc5, 0x10,
    0xe4, 0x10, 0xc4, 0x10, 0xc5, 0x10, 0xc5, 0x10, 0xc5, 0x10, 0xc5, 0x10,
    0xc5, 0x10, 0xc5, 0x10, 0xe4, 0x10, 0xc5, 0x10, 0xc4, 0x10, 0xe5, 0x10,
    0xc5, 0x10, 0xc5, 0x10, 0xc5, 0x10, 0xc4, 0x10, 0xe5, 0x10, 0xc5, 0x10,
    0xc4, 0x10, 0xc5, 0x10, 0xc5, 0x10, 0xc5, 0x10, 0xc5, 0x08, 0xc5, 0x10,
    0xe5, 0x10, 0xc4, 0x10, 0xc5, 0x08, 0xc5, 0x10, 0xc4, 0x10, 0xe5, 0x10,
    0xe5, 0x10, 0xc5, 0x10, 0xc4, 0x10, 0xc5, 0x10, 0xc5, 0x10, 0xe5, 0x10,
    0xc5, 0x08, 0xc5, 0x10, 0xc5, 0x10, 0xe5, 0x10, 0xc5, 0x10, 0xc5, 0x10,
    0xe5, 0x10, 0xc5, 0x10, 0xc4, 0x10, 0xc5, 0x10, 0xe5, 0x10, 0xc4, 0x10,
    0x05, 0x11, 0xd8, 0xbd, 0xff, 0xff, 0xff, 0xff, 0xdf, 0xff, 0x09, 0x3a,
    0xc5, 0x10, 0xc5, 0x10, 0xc5, 0x10, 0x05, 0x11, 0xd8, 0x44, 0x9b, 0x55,
    0x9c, 0x55, 0x9c, 0x55, 0x9c, 0x55, 0xbc, 0x55, 0x9c, 0x55, 0x9b, 0x55,
    0x9c, 0x55, 0x9c, 0x55, 0xbb, 0x55, 0x9c, 0x55, 0x9c, 0x55, 0xbc, 0x55,
    0x9b, 0x55, 0x9c, 0x55, 0xbc, 0x55, 0x9c, 0x55, 0x9b, 0x55, 0x9c, 0x55,
    0x9c, 0x55, 0x9c, 0x55, 0xbc, 0x55, 0x9c, 0x55, 0x9b, 0x55, 0x9b, 0x55,
    0x9c, 0x55, 0xbc, 0x55, 0x9c, 0x55, 0x9c, 0x55, 0xbb, 0x55, 0x9c, 0x55,
    0x9b, 0x55, 0x9c, 0x55, 0x9b, 0x55, 0x9c, 0x55, 0x9b, 0x55, 0x5a, 0x4d,
    0x97, 0x44, 0xf4, 0x3b, 0x51, 0x33, 0xb3, 0x3b, 0x9b, 0x55, 0x9c, 0x55,
    0x9b, 0x55, 0x9c, 0x55, 0x9b, 0x55, 0xf9, 0x4c, 0x92, 0x33, 0x0a, 0x22,
    0x26, 0x11, 0xe5, 0x10, 0xc5, 0x10, 0xe5, 0x10, 0xe9, 0x39, 0x4e, 0x63,
    0xf4, 0x9c, 0x59, 0xce, 0x3d, 0xe7, 0x9e, 0xf7, 0xdf, 0xff, 0xdf, 0xff,
    0xff, 0xff, 0xff, 0xff, 0xff, 0xff, 0xff, 0xff, 0xff, 0xff, 0x7e, 0xf7,
    0x29, 0x3a, 0xe5, 0x10, 0xc5, 0x10, 0xc4, 0x10, 0xe5, 0x10, 0xd4, 0x94,
    0xff, 0xff, 0xff, 0xff, 0xd0, 0x73, 0xc5, 0x10, 0xc5, 0x10, 0xc5, 0x10,
    0xe5, 0x10, 0xc5, 0x10, 0xc4, 0x10, 0xc5, 0x08, 0xc4, 0x10, 0xe5, 0x10,
    0xc5, 0x10, 0xc5, 0x10, 0xc5, 0x10, 0xe4, 0x08, 0xc5, 0x10, 0xc4, 0x10,
    0xe5, 0x10, 0xc5, 0x10, 0xc4, 0x10, 0xc4, 0x10, 0xe5, 0x08, 0xc5, 0x10,
    0xc5, 0x10, 0xc5, 0x10, 0xc5, 0x10, 0xc5, 0x10, 0xe5, 0x10, 0xc5, 0x10,
    0xc5, 0x10, 0xc4, 0x10, 0xc5, 0x10, 0xc5, 0x10, 0xe5, 0x10, 0x2a, 0x42,
    0xb7, 0xb5, 0xdf, 0xff, 0xff, 0xff, 0xff, 0xff, 0xff, 0xff, 0xbf, 0xff,
    0xb7, 0xb5, 0x09, 0x32, 0xe5, 0x10, 0xc4, 0x10, 0xc5, 0x10, 0xe5, 0x10,
    0xc4, 0x10, 0xc5, 0x10, 0xe5, 0x10, 0xc5, 0x08, 0xc4, 0x10, 0xc5, 0x10,
    0xe5, 0x10, 0xc5, 0x10, 0xc4, 0x10, 0xc5, 0x10, 0xc5, 0x10, 0xe5, 0x08,
    0xe5, 0x10, 0xc4, 0x10, 0xc5, 0x10, 0xc5, 0x10, 0xc5, 0x10, 0xc5, 0x10,
    0xc5, 0x08, 0xc5, 0x10, 0xc5, 0x10, 0xe4, 0x10, 0xc5, 0x08, 0xc5, 0x10,
    0xc5, 0x10, 0xe4, 0x10, 0xc5, 0x10, 0xc4, 0x08, 0xc4, 0x10, 0xe5, 0x10,
    0xc5, 0x10, 0xc5, 0x10, 0xc5, 0x10, 0xc4, 0x10, 0xe5, 0x10, 0xc5, 0x10,
    0xc4, 0x10, 0xc5, 0x10, 0xe5, 0x10, 0xc5, 0x08, 0xe5, 0x10, 0xc5, 0x10,
    0xe4, 0x10, 0xc5, 0x10, 0xc5, 0x10, 0xe4, 0x10, 0xe4, 0x08, 0xc5, 0x10,
    0xe5, 0x10, 0xc5, 0x10, 0xc5, 0x10, 0xc5, 0x10, 0xc5, 0x10, 0xc4, 0x10,
    0xc5, 0x10, 0xe5, 0x08, 0xc5, 0x10, 0xc4, 0x10, 0xc5, 0x10, 0xe5, 0x10,
    0xc5, 0x10, 0xc5, 0x10, 0xc5, 0x10, 0xe5, 0x10, 0xe4, 0x08, 0xc5, 0x10,
    0xc5, 0x10, 0xc5, 0x10, 0xc5, 0x10, 0xe5, 0x08, 0xc5, 0x10, 0xc5, 0x10,
    0xc5, 0x10, 0xc4, 0x10, 0xc5, 0x08, 0xc5, 0x10, 0xc4, 0x10, 0xc5, 0x10,
    0xc5, 0x10, 0xe4, 0x08, 0xc5, 0x10, 0xc5, 0x10, 0xe4, 0x10, 0xc4, 0x10,
    0xc5, 0x10, 0xe5, 0x10, 0xc5, 0x10, 0xe5, 0x10, 0xc4, 0x08, 0xc5, 0x10,
    0xc5, 0x10, 0xc4, 0x10, 0xc5, 0x10, 0xe5, 0x08, 0xc5, 0x10, 0xc5, 0x10,
    0xc4, 0x10, 0xe5, 0x10, 0xc5, 0x10, 0xc4, 0x10, 0xc5, 0x08, 0xe5, 0x10,
    0xc4, 0x10, 0xc4, 0x08, 0xc5, 0x10, 0xe5, 0x10, 0xc5, 0x10, 0xc5, 0x08,
    0xc5, 0x10, 0x0d, 0x5b, 0xff, 0xff, 0xff, 0xff, 0xff, 0xff, 0xd4, 0x9c,
    0xc5, 0x10, 0xc5, 0x10, 0xe4, 0x10, 0xc5, 0x10, 0x0f, 0x2b, 0x9b, 0x55,
    0x9c, 0x55, 0x9c, 0x55, 0x9c, 0x55, 0x9c, 0x55, 0x9c, 0x55, 0xbc, 0x55,
    0x9c, 0x55, 0x9c, 0x55, 0x9c, 0x55, 0xbc, 0x55, 0x9c, 0x55, 0x9c, 0x55,
    0xbc, 0x55, 0x9c, 0x55, 0x9c, 0x55, 0xbc, 0x55, 0x9c, 0x55, 0xbb, 0x55,
    0x9c, 0x55, 0x9c, 0x55, 0x9c, 0x55, 0x9c, 0x55, 0xbc, 0x55, 0x9c, 0x55,
    0x9c, 0x55, 0x9c, 0x55, 0xbb, 0x55, 0x9b, 0x55, 0x9c, 0x55, 0x9c, 0x55,
    0x9c, 0x55, 0x9c, 0x55, 0x9b, 0x55, 0xbb, 0x55, 0x9c, 0x55, 0x9b, 0x55,
    0x9c, 0x55, 0x9b, 0x55, 0x9b, 0x55, 0x9b, 0x55, 0x9c, 0x55, 0x9c, 0x55,
    0x9c, 0x55, 0x9b, 0x55, 0x9b, 0x55, 0x9b, 0x55, 0x9c, 0x55, 0x9b, 0x55,
    0xb8, 0x44, 0x72, 0x33, 0x0b, 0x22, 0x27, 0x11, 0xe5, 0x10, 0xe5, 0x10,
    0xc5, 0x10, 0xe5, 0x10, 0x46, 0x21, 0x09, 0x3a, 0xcc, 0x52, 0x6f, 0x6b,
    0x31, 0x84, 0xb3, 0x94, 0x14, 0x9d, 0x56, 0xad, 0x97, 0xb5, 0x76, 0xad,
    0xe9, 0x39, 0xc5, 0x10, 0xc5, 0x10, 0xc4, 0x10, 0xe5, 0x10, 0xcc, 0x52,
    0xff, 0xff, 0xff, 0xff, 0xb7, 0xb5, 0x05, 0x19, 0xc5, 0x10, 0xc4, 0x10,
    0xc4, 0x10, 0xc5, 0x10, 0xc5, 0x10, 0xc5, 0x10, 0xc5, 0x10, 0xc4, 0x10,
    0xc5, 0x08, 0xc5, 0x10, 0xc4, 0x10, 0xc5, 0x10, 0xe5, 0x10, 0xc5, 0x08,
    0xc4, 0x10, 0xc5, 0x10, 0xc5, 0x10, 0xe5, 0x10, 0xc5, 0x10, 0xc5, 0x10,
    0xe5, 0x10, 0xc4, 0x08, 0xc5, 0x10, 0xe5, 0x10, 0xc4, 0x10, 0xc5, 0x10,
    0xc5, 0x10, 0xe4, 0x10, 0xe5, 0x10, 0xc8, 0x31, 0xf4, 0x9c, 0x9e, 0xf7,
    0xff, 0xff, 0xff, 0xff, 0xff, 0xff, 0xff, 0xff, 0xfc, 0xde, 0x6e, 0x63,
    0x05, 0x19, 0xc5, 0x10, 0xc5, 0x10, 0xc5, 0x10, 0xc4, 0x10, 0xc5, 0x08,
    0xc5, 0x10, 0xc5, 0x10, 0xe5, 0x10, 0xc4, 0x10, 0xc5, 0x10, 0xe5, 0x10,
    0xc5, 0x10, 0xc4, 0x10, 0xe5, 0x10, 0xe5, 0x10, 0xc5, 0x10, 0xc4, 0x10,
    0xc4, 0x10, 0xc5, 0x10, 0xe5, 0x10, 0xc4, 0x08, 0xc4, 0x10, 0xc5, 0x10,
    0xc5, 0x10, 0xc5, 0x10, 0xe4, 0x10, 0xc5, 0x10, 0xc4, 0x10, 0xe5, 0x10,
    0xc5, 0x10, 0xc5, 0x10, 0xc5, 0x10, 0xc5, 0x10, 0xe5, 0x10, 0xc5, 0x10,
    0xc5, 0x10, 0xe4, 0x10, 0xe5, 0x10, 0xc5, 0x08, 0xc5, 0x10, 0xc4, 0x10,
    0xc5, 0x10, 0xe5, 0x10, 0xc4, 0x10, 0xc5, 0x10, 0xc4, 0x10, 0xc5, 0x10,
    0xc5, 0x08, 0xc5, 0x10, 0xc5, 0x10, 0xc5, 0x10, 0xc5, 0x10, 0xc5, 0x10,
    0xc4, 0x08, 0xe5, 0x10, 0xc5, 0x10, 0xc5, 0x10, 0xe4, 0x08, 0xe5, 0x10,
    0xc5, 0x10, 0xc5, 0x10, 0xc5, 0x10, 0xc5, 0x10, 0xe5, 0x10, 0xc5, 0x10,
    0xc4, 0x10, 0xc5, 0x08, 0xe5, 0x10, 0xc4, 0x10, 0xc5, 0x10, 0xc5, 0x10,
    0xc5, 0x10, 0xc4, 0x10, 0xe5, 0x10, 0xc5, 0x10, 0xc4, 0x10, 0xc5, 0x10,
    0xe4, 0x08, 0xc5, 0x10, 0xe5, 0x10, 0xc4, 0x10, 0xe5, 0x10, 0xc5, 0x08,
    0xc5, 0x10, 0xe5, 0x10, 0xc4, 0x10, 0xc5, 0x10, 0xe5, 0x10, 0xc5, 0x10,
    0xc4, 0x08, 0xc5, 0x10, 0xc5, 0x10, 0xc4, 0x10, 0xe5, 0x10, 0xc5, 0x10,
    0xc4, 0x08, 0xc5, 0x10, 0xe5, 0x10, 0xc5, 0x10, 0xc4, 0x10, 0xc4, 0x10,
    0xe5, 0x10, 0xc4, 0x10, 0xc5, 0x08, 0xc4, 0x10, 0xe5, 0x10, 0xc4, 0x10,
    0xc5, 0x10, 0xc5, 0x10, 0xe5, 0x10, 0xc4, 0x10, 0xc4, 0x10, 0xc5, 0x10,
    0xe5, 0x10, 0x46, 0x19, 0xfb, 0xde, 0xff, 0xff, 0xff, 0xff, 0x7e, 0xef,
    0x26, 0x21, 0xc5, 0x10, 0xe5, 0x10, 0xc4, 0x10, 0x88, 0x19, 0x3a, 0x4d,
    0x9c, 0x55, 0x9c, 0x55, 0x9b, 0x55, 0x9b, 0x55, 0xbc, 0x55, 0x9c, 0x55,
    0xbb, 0x55, 0x9c, 0x55, 0xbc, 0x55, 0x9b, 0x55, 0x9b, 0x55, 0x9c, 0x55,
    0x9b, 0x55, 0xbc, 0x55, 0x9b, 0x55, 0x9b, 0x55, 0x9c, 0x55, 0x9c, 0x55,
    0xbb, 0x55, 0x9c, 0x55, 0x9b, 0x55, 0x9b, 0x55, 0x9c, 0x55, 0xbc, 0x55,
    0x9c, 0x55, 0xbb, 0x55, 0x9c, 0x55, 0x9c, 0x55, 0x9c, 0x55, 0xbc, 0x55,
    0x9b, 0x55, 0x9c, 0x55, 0x9c, 0x55, 0x9c, 0x55, 0x9c, 0x55, 0x9b, 0x55,
    0x9c, 0x55, 0xbc, 0x55, 0x9c, 0x55, 0x9c, 0x55, 0xbb, 0x55, 0x9c, 0x55,
    0x9c, 0x55, 0x9c, 0x55, 0x9c, 0x55, 0x9c, 0x55, 0x9b, 0x55, 0x9b, 0x55,
    0x9c, 0x55, 0x9b, 0x55, 0x9b, 0x55, 0xf8, 0x4c, 0x92, 0x33, 0x0b, 0x22,
    0x26, 0x11, 0xe5, 0x10, 0xc5, 0x10, 0xc5, 0x10, 0xc5, 0x10, 0xc5, 0x10,
    0xc5, 0x10, 0xc5, 0x10, 0xe5, 0x10, 0xc5, 0x10, 0xe5, 0x10, 0xe5, 0x10,
    0xc5, 0x10, 0xc5, 0x10, 0xe5, 0x10, 0xc5, 0x10, 0xc5, 0x10, 0x26, 0x19,
    0x9e, 0xf7, 0xff, 0xff, 0x5d, 0xef, 0x46, 0x21, 0xc5, 0x10, 0xe5, 0x10,
    0xc5, 0x10, 0xc5, 0x10, 0xe5, 0x08, 0xe4, 0x10, 0xc5, 0x10, 0xe5, 0x10,
    0xc5, 0x10, 0xc4, 0x10, 0xe5, 0x10, 0xc5, 0x10, 0xc5, 0x10, 0xc5, 0x10,
    0xc5, 0x10, 0xe4, 0x08, 0xc5, 0x10, 0xc5, 0x10, 0xc5, 0x10, 0xc5, 0x10,
    0xe4, 0x10, 0xc5, 0x10, 0xe5, 0x10, 0xc4, 0x10, 0xc5, 0x10, 0xc5, 0x10,
    0xe5, 0x10, 0xa8, 0x29, 0xb3, 0x94, 0x7e, 0xef, 0xff, 0xff, 0xff, 0xff,
    0xff, 0xff, 0xff, 0xff, 0x9e, 0xf7, 0xd4, 0x94, 0x87, 0x29, 0xc5, 0x10,
    0xc5, 0x10, 0xc5, 0x10, 0xc5, 0x10, 0xc5, 0x10, 0xc5, 0x10, 0xe4, 0x10,
    0xc5, 0x10, 0xe5, 0x08, 0xc4, 0x10, 0xc5, 0x10, 0xc5, 0x10, 0xc5, 0x08,
    0xc4, 0x10, 0xc5, 0x10, 0xc5, 0x08, 0xc5, 0x10, 0xe4, 0x10, 0xc5, 0x10,
    0xc5, 0x10, 0xc5, 0x10, 0xc5, 0x10, 0xe5, 0x10, 0xc5, 0x10, 0xe5, 0x10,
    0xe5, 0x10, 0xc4, 0x10, 0xc5, 0x10, 0xc5, 0x10, 0xc5, 0x10, 0xc4, 0x10,
    0xe5, 0x08, 0xc5, 0x10, 0xe5, 0x10, 0xc4, 0x10, 0xc5, 0x10, 0xe5, 0x08,
    0xc4, 0x10, 0xc5, 0x10, 0xc4, 0x10, 0xc5, 0x10, 0xc5, 0x10, 0xe4, 0x10,
    0xe5, 0x10, 0xc5, 0x08, 0xc4, 0x10, 0xc5, 0x10, 0xc5, 0x10, 0xc5, 0x10,
    0xe5, 0x10, 0xc4, 0x10, 0xe5, 0x10, 0xc5, 0x10, 0xc5, 0x10, 0xc5, 0x10,
    0xc5, 0x10, 0xc4, 0x10, 0xe5, 0x10, 0xc4, 0x10, 0xc5, 0x10, 0xc5, 0x10,
    0xc4, 0x10, 0xe5, 0x10, 0xc4, 0x10, 0xc5, 0x08, 0xe5, 0x10, 0xc4, 0x10,
    0xc5, 0x10, 0xe5, 0x10, 0xc4, 0x10, 0xc5, 0x10, 0xc5, 0x10, 0xe5, 0x10,
    0xc5, 0x10, 0xc5, 0x10, 0xc4, 0x10, 0xc5, 0x10, 0xc5, 0x10, 0xe5, 0x10,
    0xc5, 0x10, 0xc5, 0x10, 0xc5, 0x10, 0xe5, 0x10, 0xc5, 0x10, 0xe5, 0x10,
    0xc4, 0x10, 0xc5, 0x10, 0xc5, 0x08, 0xe5, 0x10, 0xc5, 0x10, 0xc5, 0x10,
    0xc5, 0x10, 0xe5, 0x10, 0xc5, 0x10, 0xc5, 0x10, 0xc5, 0x10, 0xc5, 0x10,
    0xe5, 0x10, 0xe5, 0x10, 0xc5, 0x10, 0xc5, 0x10, 0xc5, 0x10, 0xe5, 0x08,
    0xc5, 0x10, 0xc5, 0x10, 0xc5, 0x10, 0xe5, 0x10, 0xc5, 0x10, 0xc5, 0x08,
    0xc5, 0x10, 0xe5, 0x10, 0xc5, 0x10, 0xc5, 0x08, 0xc5, 0x10, 0xe5, 0x10,
    0xc4, 0x10, 0xe5, 0x10, 0x72, 0x8c, 0xff, 0xff, 0xff, 0xff, 0xff, 0xff,
    0x6f, 0x6b, 0xc5, 0x10, 0xc5, 0x10, 0xc5, 0x10, 0xe5, 0x10, 0xd3, 0x3b,
    0x9b, 0x55, 0x9c, 0x55, 0x9c, 0x55, 0xbc, 0x55, 0x9c, 0x55, 0x9b, 0x55,
    0x9c, 0x55, 0x9b, 0x55, 0x9c, 0x55, 0x9c, 0x55, 0x9c, 0x55, 0xbc, 0x55,
    0x9c, 0x55, 0x9c, 0x55, 0x9c, 0x55, 0x9c, 0x55, 0xbc, 0x55, 0x9c, 0x55,
    0x9c, 0x55, 0x9c, 0x55, 0xbc, 0x55, 0xbc, 0x55, 0x9c, 0x55, 0x9b, 0x55,
    0x9c, 0x55, 0x9c, 0x55, 0x9c, 0x55, 0xbc, 0x55, 0x9c, 0x55, 0x9b, 0x55,
    0x9c, 0x55, 0xbc, 0x55, 0xbc, 0x55, 0x9c, 0x55, 0x9c, 0x55, 0xbc, 0x55,
    0x9c, 0x55, 0x9c, 0x55, 0x9c, 0x55, 0x9c, 0x55, 0x9c, 0x55, 0xbb, 0x55,
    0x9c, 0x55, 0x9c, 0x55, 0xbb, 0x55, 0x9c, 0x55, 0x9c, 0x55, 0x9c, 0x55,
    0x9b, 0x55, 0x9c, 0x55, 0x9b, 0x55, 0x9b, 0x55, 0x9c, 0x55, 0x9c, 0x55,
    0xf9, 0x4c, 0x92, 0x33, 0x0b, 0x22, 0x26, 0x11, 0x06, 0x11, 0x06, 0x11,
    0x06, 0x11, 0x05, 0x11, 0xe6, 0x10, 0x06, 0x11, 0xe5, 0x10, 0xe5, 0x10,
    0xe5, 0x10, 0xc5, 0x10, 0xc4, 0x10, 0xe4, 0x10, 0xc5, 0x10, 0xe5, 0x10,
    0xf8, 0xbd, 0xff, 0xff, 0xff, 0xff, 0xac, 0x4a, 0xc5, 0x10, 0xc5, 0x10,
    0xe5, 0x10, 0xc5, 0x10, 0xc4, 0x10, 0xc5, 0x10, 0xc5, 0x08, 0xc5, 0x10,
    0xe4, 0x10, 0xc5, 0x08, 0xc5, 0x10, 0xe4, 0x10, 0xc4, 0x10, 0xc5, 0x10,
    0xe5, 0x10, 0xc5, 0x10, 0xc4, 0x10, 0xe5, 0x10, 0xc4, 0x08, 0xc4, 0x10,
    0xc5, 0x10, 0xc5, 0x10, 0xc5, 0x10, 0xc5, 0x10, 0xe5, 0x10, 0xa8, 0x29,
    0xb3, 0x94, 0x7e, 0xef, 0xff, 0xff, 0xff, 0xff, 0xff, 0xff, 0xff, 0xff,
    0xdf, 0xff, 0xd7, 0xbd, 0x4a, 0x42, 0xe5, 0x10, 0xc4, 0x10, 0xc5, 0x10,
    0xc5, 0x10, 0xe5, 0x10, 0xc4, 0x10, 0xc4, 0x08, 0xe5, 0x10, 0xc5, 0x10,
    0xc5, 0x10, 0xc4, 0x10, 0xc5, 0x10, 0xc5, 0x10, 0xe5, 0x10, 0xe4, 0x10,
    0xc5, 0x10, 0xe5, 0x10, 0xc5, 0x10, 0xc4, 0x10, 0xc5, 0x10, 0xc5, 0x08,
    0xe5, 0x10, 0xc5, 0x10, 0xe4, 0x08, 0xc5, 0x10, 0xc5, 0x10, 0xc4, 0x10,
    0xc4, 0x08, 0xe5, 0x10, 0xc5, 0x10, 0xc5, 0x08, 0xc5, 0x10, 0xe5, 0x10,
    0xc5, 0x10, 0xc4, 0x10, 0xc4, 0x10, 0xe5, 0x08, 0xc5, 0x10, 0xc4, 0x10,
    0xc5, 0x10, 0xc5, 0x08, 0xc5, 0x10, 0xc5, 0x10, 0xe5, 0x08, 0xc5, 0x10,
    0xc5, 0x10, 0xc5, 0x10, 0xc5, 0x10, 0xc5, 0x10, 0xe5, 0x08, 0xe5, 0x10,
    0xc4, 0x10, 0xc5, 0x10, 0xc5, 0x10, 0xe4, 0x08, 0xc4, 0x10, 0xe5, 0x10,
    0xe4, 0x10, 0xc5, 0x10, 0xc5, 0x10, 0xc5, 0x08, 0xc5, 0x10, 0xc5, 0x10,
    0xc5, 0x08, 0xc5, 0x10, 0xe5, 0x10, 0xc4, 0x10, 0xc5, 0x10, 0xc5, 0x08,
    0xe4, 0x10, 0xc5, 0x10, 0xc5, 0x10, 0xc5, 0x08, 0xe5, 0x10, 0xc4, 0x10,
    0xc5, 0x10, 0xc5, 0x10, 0xe5, 0x10, 0xc5, 0x08, 0xc4, 0x10, 0xe5, 0x10,
    0xc5, 0x10, 0xc4, 0x10, 0xc5, 0x08, 0xc4, 0x10, 0xc5, 0x10, 0xc5, 0x10,
    0xe4, 0x10, 0xc5, 0x10, 0xc5, 0x10, 0xc4, 0x10, 0xc4, 0x08, 0xc5, 0x10,
    0xe5, 0x10, 0xc4, 0x10, 0xc5, 0x10, 0xe4, 0x08, 0xc5, 0x10, 0xc5, 0x10,
    0xc4, 0x10, 0xc5, 0x10, 0xc4, 0x10, 0xc4, 0x08, 0xe5, 0x10, 0xc5, 0x10,
    0xc5, 0x10, 0xc5, 0x10, 0xe5, 0x10, 0xc4, 0x10, 0xc5, 0x10, 0xc5, 0x10,
    0xe4, 0x10, 0xc5, 0x10, 0xc4, 0x10, 0xc5, 0x10, 0xe5, 0x10, 0xc5, 0x08,
    0xc5, 0x10, 0xc5, 0x10, 0xc8, 0x29, 0xbe, 0xf7, 0xff, 0xff, 0xff, 0xff,
    0x59, 0xce, 0x05, 0x19, 0xc5, 0x10, 0xc5, 0x10, 0xc5, 0x10, 0x0a, 0x22,
    0x5a, 0x4d, 0x9c, 0x55, 0x9c, 0x55, 0x9c, 0x55, 0x9b, 0x55, 0x9c, 0x55,
    0x9c, 0x55, 0xbc, 0x55, 0x9b, 0x55, 0x9c, 0x55, 0xbc, 0x55, 0x9b, 0x55,
    0x9c, 0x55, 0x9c, 0x55, 0x9b, 0x55, 0xbc, 0x55, 0x9c, 0x55, 0x9b, 0x55,
    0x9c, 0x55, 0xbb, 0x55, 0x9c, 0x55, 0x9c, 0x55, 0x9b, 0x55, 0x9c, 0x55,
    0x9c, 0x55, 0xbb, 0x55, 0x9c, 0x55, 0x9c, 0x55, 0xbb, 0x55, 0x9c, 0x55,
    0xbc, 0x55, 0x9b, 0x55, 0x9b, 0x55, 0x9c, 0x55, 0x9b, 0x55, 0x9c, 0x55,
    0x9c, 0x55, 0x9b, 0x55, 0xbb, 0x55, 0x9c, 0x55, 0x9c, 0x55, 0x9c, 0x55,
    0x9c, 0x55, 0xbb, 0x55, 0x9c, 0x55, 0x9c, 0x55, 0x9c, 0x55, 0xbb, 0x55,
    0x9c, 0x55, 0x9c, 0x55, 0x9c, 0x55, 0x9b, 0x55, 0x9c, 0x55, 0x9b, 0x55,
    0x9b, 0x55, 0x9b, 0x55, 0x7b, 0x55, 0x5a, 0x4d, 0x3a, 0x4d, 0x19, 0x4d,
    0xf9, 0x4c, 0xf9, 0x4c, 0xd8, 0x4c, 0xb8, 0x44, 0xb7, 0x44, 0x97, 0x44,
    0x51, 0x33, 0xc5, 0x10, 0xc5, 0x10, 0xc5, 0x10, 0xe5, 0x10, 0xc4, 0x10,
    0x11, 0x7c, 0xff, 0xff, 0xff, 0xff, 0x93, 0x8c, 0xc5, 0x10, 0xc5, 0x10,
    0xc4, 0x10, 0xe4, 0x10, 0xc5, 0x10, 0xc5, 0x10, 0xc5, 0x10, 0xe4, 0x10,
    0xc5, 0x10, 0xc5, 0x10, 0xe5, 0x10, 0xc5, 0x10, 0xc5, 0x08, 0xe4, 0x10,
    0xc5, 0x10, 0xc5, 0x10, 0xe5, 0x10, 0xc5, 0x10, 0xc5, 0x10, 0xc5, 0x10,
    0xc5, 0x10, 0xc5, 0x10, 0xe5, 0x10, 0x29, 0x3a, 0x35, 0xa5, 0x9e, 0xf7,
    0xff, 0xff, 0xff, 0xff, 0xff, 0xff, 0xff, 0xff, 0xff, 0xff, 0x7a, 0xd6,
    0xed, 0x5a, 0xe5, 0x10, 0xe5, 0x10, 0xc5, 0x10, 0xc5, 0x10, 0xc5, 0x10,
    0xe5, 0x10, 0xc4, 0x10, 0xe5, 0x10, 0xc5, 0x10, 0xc5, 0x10, 0xe5, 0x10,
    0xc4, 0x10, 0xc5, 0x10, 0xe5, 0x10, 0xc5, 0x10, 0xc4, 0x08, 0xc5, 0x10,
    0xc5, 0x10, 0xc5, 0x10, 0xe4, 0x10, 0xc5, 0x10, 0xc5, 0x10, 0xe5, 0x10,
    0xc4, 0x10, 0xc5, 0x10, 0xc5, 0x10, 0xc4, 0x10, 0xc5, 0x10, 0xc5, 0x10,
    0xc5, 0x10, 0xc5, 0x10, 0xc5, 0x10, 0xe5, 0x10, 0xe4, 0x10, 0xc5, 0x10,
    0xc5, 0x10, 0xc5, 0x10, 0xc5, 0x10, 0xc5, 0x10, 0xc5, 0x10, 0xc5, 0x10,
    0xc5, 0x10, 0xe5, 0x10, 0xe5, 0x10, 0xc5, 0x10, 0xc4, 0x10, 0xc4, 0x10,
    0xc5, 0x10, 0xc5, 0x10, 0xe4, 0x10, 0xe5, 0x10, 0xc4, 0x10, 0xc4, 0x10,
    0xc5, 0x08, 0xc5, 0x10, 0xc5, 0x10, 0xc5, 0x10, 0xc5, 0x10, 0xc5, 0x10,
    0xc5, 0x08, 0xc5, 0x10, 0xc5, 0x10, 0xc4, 0x10, 0xe5, 0x10, 0xe4, 0x10,
    0xc5, 0x10, 0xe5, 0x10, 0xc4, 0x10, 0xc5, 0x10, 0xc5, 0x10, 0xc4, 0x10,
    0xc5, 0x10, 0xc5, 0x10, 0xc5, 0x10, 0xc4, 0x10, 0xc5, 0x10, 0xc5, 0x10,
    0xc5, 0x10, 0xc4, 0x10, 0xc5, 0x10, 0xe5, 0x10, 0xc4, 0x10, 0xc5, 0x10,
    0xc4, 0x08, 0xe5, 0x10, 0xe5, 0x10, 0xc5, 0x10, 0xc4, 0x10, 0xc5, 0x08,
    0xc5, 0x10, 0xc5, 0x10, 0xc5, 0x10, 0xe5, 0x10, 0xc5, 0x10, 0xc4, 0x10,
    0xc5, 0x10, 0xc5, 0x08, 0xc4, 0x10, 0xe5, 0x10, 0xc4, 0x10, 0xe5, 0x10,
    0xc5, 0x08, 0xc5, 0x10, 0xc5, 0x10, 0xc5, 0x10, 0xe4, 0x10, 0xc5, 0x10,
    0xc4, 0x10, 0xe4, 0x10, 0xc5, 0x08, 0xc5, 0x10, 0xc5, 0x10, 0xe4, 0x10,
    0xc5, 0x10, 0xc5, 0x10, 0xc5, 0x08, 0xe4, 0x10, 0xc5, 0x10, 0xc5, 0x10,
    0xc4, 0x10, 0xe5, 0x10, 0xe5, 0x10, 0x97, 0xb5, 0xff, 0xff, 0xff, 0xff,
    0xff, 0xff, 0x4a, 0x42, 0xc5, 0x10, 0xc5, 0x10, 0xc4, 0x10, 0xe5, 0x10,
    0x97, 0x44, 0x9b, 0x55, 0x9c, 0x55, 0x9c, 0x55, 0xbc, 0x55, 0x9c, 0x55,
    0xbc, 0x55, 0x9c, 0x55, 0x9c, 0x55, 0xbc, 0x55, 0x9b, 0x55, 0x9c, 0x55,
    0xbc, 0x55, 0x9b, 0x55, 0xbc, 0x55, 0x9c, 0x55, 0x9b, 0x55, 0xbc, 0x55,
    0x9c, 0x55, 0x9c, 0x55, 0x9b, 0x55, 0x9c, 0x55, 0xbc, 0x55, 0x9c, 0x55,
    0xbc, 0x55, 0x9b, 0x55, 0x9c, 0x55, 0x9c, 0x55, 0x9b, 0x55, 0x9c, 0x55,
    0x9c, 0x55, 0x9c, 0x55, 0x9c, 0x55, 0xbc, 0x55, 0x9c, 0x55, 0xbb, 0x55,
    0x9c, 0x55, 0xbc, 0x55, 0x9c, 0x55, 0x9c, 0x55, 0xbb, 0x55, 0x9c, 0x55,
    0x9c, 0x55, 0xbc, 0x55, 0x9c, 0x55, 0x9c, 0x55, 0xbc, 0x55, 0x9c, 0x55,
    0x9c, 0x55, 0x9c, 0x55, 0x9c, 0x55, 0x9c, 0x55, 0x9c, 0x55, 0x9c, 0x55,
    0x9c, 0x55, 0x9b, 0x55, 0x9c, 0x55, 0x9b, 0x55, 0x9c, 0x55, 0x9b, 0x55,
    0x9b, 0x55, 0x9b, 0x55, 0x7c, 0x55, 0x9b, 0x55, 0x9b, 0x55, 0x9c, 0x55,
    0xf9, 0x4c, 0x06, 0x11, 0xe5, 0x10, 0xc5, 0x10, 0xc5, 0x10, 0xe5, 0x10,
    0x29, 0x3a, 0xdf, 0xff, 0xff, 0xff, 0x59, 0xce, 0x26, 0x19, 0xc5, 0x10,
    0xc5, 0x10, 0xc5, 0x10, 0xc5, 0x10, 0xe5, 0x10, 0xc4, 0x10, 0xc5, 0x10,
    0xc5, 0x10, 0xc5, 0x10, 0xc4, 0x10, 0xc5, 0x10, 0xc5, 0x10, 0xc5, 0x10,
    0xc4, 0x10, 0xc5, 0x08, 0xc5, 0x10, 0xc4, 0x10, 0xc5, 0x10, 0xe5, 0x10,
    0x05, 0x11, 0xec, 0x52, 0xf8, 0xbd, 0xdf, 0xff, 0xff, 0xff, 0xff, 0xff,
    0xff, 0xff, 0xff, 0xff, 0xff, 0xff, 0xdb, 0xd6, 0x4e, 0x63, 0x05, 0x19,
    0xe5, 0x10, 0xc5, 0x10, 0xc5, 0x10, 0xc5, 0x08, 0xc5, 0x10, 0xe5, 0x10,
    0xc4, 0x10, 0xc5, 0x08, 0xc5, 0x10, 0xe5, 0x10, 0xc5, 0x10, 0xc4, 0x10,
    0xc5, 0x08, 0xe5, 0x10, 0xc5, 0x10, 0xc4, 0x10, 0xc5, 0x10, 0xc5, 0x10,
    0xc5, 0x10, 0xc4, 0x08, 0xc5, 0x10, 0xc5, 0x10, 0xe5, 0x08, 0xc4, 0x10,
    0xc5, 0x10, 0xc5, 0x10, 0xe4, 0x10, 0xc5, 0x10, 0xe5, 0x08, 0xe5, 0x10,
    0xc5, 0x10, 0xc5, 0x10, 0xc4, 0x08, 0xc4, 0x10, 0xc5, 0x10, 0xc4, 0x10,
    0xc4, 0x08, 0xe5, 0x10, 0xe5, 0x10, 0xc5, 0x10, 0xe5, 0x10, 0xe4, 0x10,
    0xc5, 0x10, 0xc4, 0x10, 0xc4, 0x10, 0xc5, 0x10, 0xe5, 0x10, 0xc5, 0x10,
    0xc5, 0x10, 0xe4, 0x08, 0xc5, 0x10, 0xc5, 0x10, 0xc5, 0x10, 0xc5, 0x10,
    0xc5, 0x10, 0xe5, 0x10, 0xe5, 0x10, 0xc4, 0x10, 0xe5, 0x10, 0xc5, 0x10,
    0xc4, 0x10, 0xc5, 0x10, 0xe5, 0x10, 0xe4, 0x10, 0xc5, 0x10, 0xc5, 0x10,
    0xc4, 0x10, 0xc5, 0x10, 0xc5, 0x08, 0xc5, 0x10, 0xe5, 0x10, 0xc5, 0x10,
    0xe5, 0x10, 0xe5, 0x10, 0xc4, 0x08, 0xe5, 0x10, 0xe5, 0x10, 0xc4, 0x10,
    0xc5, 0x10, 0xc5, 0x10, 0xe4, 0x10, 0xc5, 0x10, 0xc5, 0x10, 0xc5, 0x10,
    0xc5, 0x10, 0xc5, 0x10, 0xc5, 0x10, 0xc4, 0x10, 0xe5, 0x10, 0xc5, 0x10,
    0xc4, 0x10, 0xe5, 0x08, 0xe4, 0x10, 0xc5, 0x10, 0xc5, 0x10, 0xe5, 0x10,
    0xe5, 0x10, 0xc5, 0x10, 0xc5, 0x10, 0xc5, 0x10, 0xc5, 0x10, 0xc4, 0x10,
    0xe5, 0x10, 0xc4, 0x10, 0xe5, 0x10, 0xc5, 0x10, 0xc5, 0x10, 0xc5, 0x10,
    0xc5, 0x08, 0xe5, 0x10, 0xc5, 0x10, 0xc4, 0x10, 0xe5, 0x10, 0xc5, 0x08,
    0xc5, 0x10, 0xc5, 0x10, 0xe4, 0x10, 0xc5, 0x10, 0xc5, 0x10, 0xc4, 0x10,
    0xe5, 0x10, 0xc5, 0x10, 0xe5, 0x10, 0xcc, 0x52, 0xff, 0xff, 0xff, 0xff,
    0xff, 0xff, 0xf4, 0x9c, 0xe5, 0x10, 0xc5, 0x10, 0xe5, 0x10, 0xc5, 0x10,
    0xae, 0x2a, 0x7b, 0x55, 0x9b, 0x55, 0x9c, 0x55, 0x9c, 0x55, 0x9c, 0x55,
    0x9c, 0x55, 0x9b, 0x55, 0x9c, 0x55, 0x9c, 0x55, 0x9c, 0x55, 0x9c, 0x55,
    0x9c, 0x55, 0x9c, 0x55, 0x9c, 0x55, 0x9c, 0x55, 0x9c, 0x55, 0x9c, 0x55,
    0x9c, 0x55, 0x9c, 0x55, 0x9c, 0x55, 0x9c, 0x55, 0x9c, 0x55, 0x9c, 0x55,
    0x9c, 0x55, 0x9c, 0x55, 0x9c, 0x55, 0x9c, 0x55, 0x9c, 0x55, 0x9c, 0x55,
    0x9c, 0x55, 0x9c, 0x55, 0x9c, 0x55, 0x9c, 0x55, 0x9c, 0x55, 0x9c, 0x55,
    0x9c, 0x55, 0x9c, 0x55, 0x9c, 0x55, 0x9c, 0x55, 0x9c, 0x55, 0x9b, 0x55,
    0x9c, 0x55, 0x9b, 0x55, 0x9b, 0x55, 0x9c, 0x55, 0x9c, 0x55, 0x9c, 0x55,
    0x9b, 0x55, 0x9c, 0x55, 0x9c, 0x55, 0x9c, 0x55, 0x9c, 0x55, 0x9c, 0x55,
    0x9b, 0x55, 0x9c, 0x55, 0x9c, 0x55, 0x9c, 0x55, 0x9b, 0x55, 0x9b, 0x55,
    0x9c, 0x55, 0x9c, 0x55, 0x9b, 0x55, 0x9c, 0x55, 0x9c, 0x55, 0x7c, 0x55,
    0x5a, 0x4d, 0xc9, 0x19, 0xc5, 0x10, 0xc4, 0x10, 0xc5, 0x10, 0xc5, 0x10,
    0xe5, 0x10, 0x1c, 0xe7, 0xff, 0xff, 0xdf, 0xff, 0xa8, 0x29, 0xc5, 0x10,
    0xe5, 0x10, 0xc5, 0x10, 0xc5, 0x10, 0xc5, 0x10, 0xe4, 0x08, 0xc5, 0x10,
    0xc5, 0x10, 0xc5, 0x08, 0xe5, 0x10, 0xc4, 0x10, 0xc5, 0x10, 0xe5, 0x10,
    0xc5, 0x10, 0xc5, 0x10, 0xc4, 0x10, 0xe5, 0x10, 0xa8, 0x29, 0x31, 0x84,
    0xfc, 0xde, 0xff, 0xff, 0xff, 0xff, 0xff, 0xff, 0xff, 0xff, 0xff, 0xff,
    0xff, 0xff, 0xdb, 0xde, 0x6f, 0x6b, 0x05, 0x11, 0xc5, 0x10, 0xc5, 0x10,
    0xc5, 0x10, 0xc5, 0x10, 0xc5, 0x10, 0xe4, 0x10, 0xc4, 0x10, 0xc5, 0x10,
    0xc4, 0x10, 0xc5, 0x10, 0xc5, 0x10, 0xc5, 0x08, 0xc4, 0x10, 0xc5, 0x10,
    0xe5, 0x10, 0xc5, 0x10, 0xc4, 0x08, 0xe5, 0x10, 0xe5, 0x10, 0xc5, 0x10,
    0xe4, 0x10, 0xe5, 0x10, 0xc5, 0x10, 0xc5, 0x10, 0xc4, 0x10, 0xc5, 0x10,
    0xc5, 0x10, 0xc5, 0x08, 0xe5, 0x10, 0xc5, 0x10, 0xc4, 0x10, 0xc4, 0x10,
    0xe5, 0x10, 0xc4, 0x10, 0xe5, 0x10, 0xc5, 0x10, 0xc5, 0x10, 0xe5, 0x10,
    0xc5, 0x10, 0xc5, 0x10, 0xc4, 0x10, 0xc4, 0x08, 0xc5, 0x10, 0xc4, 0x10,
    0xe5, 0x08, 0xc5, 0x10, 0xc5, 0x10, 0xc5, 0x08, 0xc4, 0x10, 0xe5, 0x10,
    0xc5, 0x10, 0xc5, 0x10, 0xc4, 0x10, 0xc5, 0x10, 0xc5, 0x08, 0xe5, 0x10,
    0xc5, 0x10, 0xc4, 0x08, 0xc4, 0x10, 0xc5, 0x10, 0xc5, 0x08, 0xe5, 0x10,
    0xc4, 0x10, 0xe5, 0x10, 0xc5, 0x08, 0xc5, 0x10, 0xc5, 0x10, 0xc5, 0x08,
    0xc5, 0x10, 0xe4, 0x10, 0xc5, 0x10, 0xc5, 0x10, 0xe5, 0x10, 0xc4, 0x08,
    0xc5, 0x10, 0xc5, 0x10, 0xc5, 0x10, 0xc5, 0x10, 0xc5, 0x10, 0xc5, 0x08,
    0xc5, 0x10, 0xc5, 0x10, 0xc5, 0x10, 0xc5, 0x08, 0xc4, 0x10, 0xe5, 0x10,
    0xc5, 0x10, 0xe4, 0x10, 0xc5, 0x10, 0xc5, 0x08, 0xc5, 0x10, 0xe5, 0x10,
    0xc5, 0x10, 0xc5, 0x10, 0xc5, 0x10, 0xc4, 0x10, 0xc5, 0x08, 0xc5, 0x10,
    0xc4, 0x10, 0xe4, 0x10, 0xc5, 0x10, 0xe5, 0x10, 0xc5, 0x10, 0xc5, 0x08,
    0xc5, 0x10, 0xe5, 0x10, 0xc4, 0x10, 0xe5, 0x08, 0xc5, 0x10, 0xc5, 0x10,
    0xc4, 0x10, 0xc5, 0x10, 0xc5, 0x10, 0xe4, 0x10, 0xc5, 0x10, 0xc5, 0x10,
    0xc4, 0x10, 0xe5, 0x10, 0xc5, 0x10, 0xc5, 0x10, 0xc4, 0x10, 0xe5, 0x08,
    0xc5, 0x10, 0xc5, 0x10, 0xc5, 0x08, 0x05, 0x11, 0xdb, 0xde, 0xff, 0xff,
    0xff, 0xff, 0x7e, 0xef, 0x67, 0x21, 0xc5, 0x10, 0xc4, 0x10, 0xe5, 0x10,
    0x47, 0x11, 0xd8, 0x4c, 0x5b, 0x4d, 0x5a, 0x4d, 0x5a, 0x55, 0x5a, 0x4d,
    0x5a, 0x4d, 0x5b, 0x55, 0x5a, 0x4d, 0x5b, 0x4d, 0x5a, 0x55, 0x5a, 0x4d,
    0x5b, 0x4d, 0x5a, 0x55, 0x5a, 0x4d, 0x5a, 0x55, 0x5b, 0x4d, 0x5a, 0x4d,
    0x5a, 0x55, 0x7a, 0x4d, 0x5b, 0x55, 0x5a, 0x4d, 0x5a, 0x4d, 0x5a, 0x55,
    0x5b, 0x4d, 0x5a, 0x55, 0x7a, 0x4d, 0x5a, 0x4d, 0x5b, 0x55, 0x5a, 0x4d,
    0x7a, 0x55, 0x5a, 0x4d, 0x5a, 0x4d, 0x5a, 0x55, 0x5a, 0x4d, 0x5b, 0x55,
    0x5a, 0x4d, 0x5a, 0x55, 0x5a, 0x4d, 0x5b, 0x55, 0x5a, 0x4d, 0x5a, 0x4d,
    0x5b, 0x55, 0x5a, 0x4d, 0x5a, 0x4d, 0x5a, 0x55, 0x5a, 0x4d, 0x5a, 0x4d,
    0x5a, 0x4d, 0x5a, 0x4d, 0x5a, 0x4d, 0x5a, 0x55, 0x5a, 0x4d, 0x3a, 0x4d,
    0x5a, 0x4d, 0x3a, 0x4d, 0x3a, 0x4d, 0x3a, 0x4d, 0x3a, 0x4d, 0x3a, 0x4d,
    0x3a, 0x4d, 0x3a, 0x4d, 0x39, 0x4d, 0x19, 0x4d, 0x19, 0x4d, 0x19, 0x4d,
    0xf9, 0x4c, 0x4c, 0x22, 0xc5, 0x10, 0xc5, 0x10, 0xe4, 0x10, 0xe5, 0x10,
    0xe5, 0x10, 0x55, 0xa5, 0xff, 0xff, 0xff, 0xff, 0x8f, 0x6b, 0xc5, 0x10,
    0xc5, 0x10, 0xe4, 0x10, 0xc4, 0x10, 0xe5, 0x10, 0xc5, 0x10, 0xc5, 0x10,
    0xe4, 0x10, 0xe4, 0x10, 0xc5, 0x10, 0xc5, 0x10, 0xe5, 0x10, 0xc4, 0x10,
    0xe5, 0x10, 0x47, 0x21, 0x4e, 0x63, 0xf8, 0xbd, 0xbf, 0xf7, 0xff, 0xff,
    0xff, 0xff, 0xff, 0xff, 0xff, 0xff, 0xff, 0xff, 0xff, 0xff, 0x5a, 0xce,
    0x4e, 0x63, 0x05, 0x11, 0xe5, 0x10, 0xc5, 0x10, 0xc5, 0x10, 0xe5, 0x10,
    0xc4, 0x10, 0xc5, 0x10, 0xe4, 0x10, 0xc5, 0x10, 0xc5, 0x08, 0xc5, 0x10,
    0xe5, 0x10, 0xc5, 0x10, 0xe5, 0x10, 0xc4, 0x10, 0xc5, 0x10, 0xe5, 0x10,
    0xc4, 0x10, 0xc5, 0x10, 0xc4, 0x10, 0xc5, 0x10, 0xc5, 0x10, 0xc5, 0x08,
    0xc4, 0x10, 0xc5, 0x10, 0xe5, 0x10, 0xc5, 0x10, 0xc4, 0x10, 0xe5, 0x10,
    0xe5, 0x10, 0xc5, 0x10, 0xc4, 0x10, 0xc5, 0x10, 0xc5, 0x10, 0xc5, 0x10,
    0xc5, 0x08, 0xc5, 0x10, 0xc5, 0x10, 0xe5, 0x10, 0xc5, 0x08, 0xc5, 0x10,
    0xe5, 0x10, 0xc5, 0x10, 0xc5, 0x10, 0xc5, 0x10, 0xc5, 0x10, 0xc5, 0x10,
    0xc5, 0x10, 0xc5, 0x10, 0xe5, 0x10, 0xc5, 0x10, 0xe4, 0x10, 0xc5, 0x08,
    0xc5, 0x10, 0xe5, 0x10, 0xc5, 0x10, 0xc5, 0x10, 0xe4, 0x10, 0xc4, 0x10,
    0xe5, 0x10, 0xc5, 0x10, 0xc5, 0x10, 0xc5, 0x10, 0xc5, 0x10, 0xc4, 0x10,
    0xc5, 0x10, 0xc5, 0x10, 0xc4, 0x10, 0xc4, 0x10, 0xc5, 0x10, 0xe5, 0x10,
    0xc5, 0x10, 0xc5, 0x10, 0xe4, 0x10, 0xc5, 0x10, 0xc4, 0x10, 0xc5, 0x10,
    0xc5, 0x10, 0xc4, 0x10, 0xe4, 0x10, 0xc5, 0x10, 0xc4, 0x10, 0xc5, 0x10,
    0xc5, 0x10, 0xc4, 0x10, 0xe5, 0x10, 0xc5, 0x10, 0xc5, 0x10, 0xe4, 0x10,
    0xc5, 0x08, 0xc5, 0x10, 0xe5, 0x10, 0xe4, 0x10, 0xc5, 0x10, 0xc5, 0x10,
    0xe4, 0x10, 0xc5, 0x10, 0xc5, 0x10, 0xc5, 0x10, 0xe5, 0x10, 0xc4, 0x10,
    0xc5, 0x10, 0xc5, 0x08, 0xc5, 0x10, 0xc4, 0x10, 0xe4, 0x10, 0xc5, 0x10,
    0xc5, 0x10, 0xc5, 0x10, 0xc5, 0x10, 0xc4, 0x10, 0xe5, 0x10, 0xc4, 0x10,
    0xe5, 0x10, 0xc5, 0x10, 0xc5, 0x10, 0xc5, 0x10, 0xc5, 0x08, 0xc5, 0x10,
    0xe5, 0x10, 0xc4, 0x10, 0xc5, 0x08, 0xc5, 0x10, 0xe5, 0x10, 0xc5, 0x10,
    0xc5, 0x10, 0xc4, 0x10, 0xe4, 0x10, 0xe5, 0x10, 0x11, 0x7c, 0xff, 0xff,
    0xff, 0xff, 0xff, 0xff, 0x8f, 0x73, 0xc5, 0x10, 0xc5, 0x10, 0xc4, 0x10,
    0xe5, 0x10, 0xe5, 0x10, 0x05, 0x11, 0x06, 0x11, 0x05, 0x11, 0x06, 0x11,
    0x05, 0x11, 0x05, 0x11, 0x06, 0x11, 0x05, 0x11, 0x05, 0x11, 0x06, 0x11,
    0x05, 0x11, 0x05, 0x11, 0x06, 0x11, 0x05, 0x11, 0x05, 0x11, 0x05, 0x11,
    0x06, 0x11, 0x05, 0x11, 0x05, 0x11, 0x05, 0x11, 0x06, 0x11, 0x05, 0x11,
    0x05, 0x11, 0x05, 0x11, 0x06, 0x11, 0x05, 0x11, 0x05, 0x11, 0x05, 0x11,
    0x06, 0x11, 0x06, 0x11, 0x05, 0x11, 0x06, 0x11, 0x05, 0x11, 0x05, 0x11,
    0x05, 0x11, 0x06, 0x11, 0x05, 0x11, 0x05, 0x11, 0x05, 0x11, 0x06, 0x11,
    0x05, 0x11, 0x06, 0x11, 0x06, 0x11, 0x05, 0x11, 0x05, 0x11, 0x05, 0x11,
    0x06, 0x11, 0x05, 0x11, 0x05, 0x11, 0x05, 0x11, 0x05, 0x11, 0xe5, 0x10,
    0x06, 0x11, 0x05, 0x11, 0x05, 0x11, 0x05, 0x11, 0xe5, 0x10, 0xe5, 0x10,
    0xe5, 0x10, 0xe5, 0x10, 0xe5, 0x10, 0xe5, 0x10, 0x05, 0x11, 0xe5, 0x10,
    0xe5, 0x10, 0xe5, 0x10, 0xe5, 0x10, 0xc5, 0x10, 0xc5, 0x10, 0xc5, 0x08,
    0xc5, 0x10, 0x2e, 0x63, 0xdf, 0xff, 0xff, 0xff, 0x76, 0xad, 0xe5, 0x10,
    0xc5, 0x10, 0xc5, 0x10, 0xc5, 0x10, 0xc5, 0x10, 0xc4, 0x10, 0xc5, 0x10,
    0xc5, 0x10, 0xc5, 0x10, 0xc5, 0x10, 0xe5, 0x10, 0xa8, 0x29, 0x6f, 0x6b,
    0xd7, 0xb5, 0x9e, 0xf7, 0xff, 0xff, 0xff, 0xff, 0xff, 0xff, 0xff, 0xff,
    0xff, 0xff, 0xff, 0xff, 0xbf, 0xff, 0xb7, 0xb5, 0xab, 0x4a, 0x05, 0x19,
    0xc5, 0x10, 0xc4, 0x10, 0xe5, 0x10, 0xc5, 0x10, 0xc5, 0x10, 0xc4, 0x10,
    0xe5, 0x10, 0xc5, 0x08, 0xc5, 0x10, 0xc5, 0x10, 0xc5, 0x10, 0xe5, 0x10,
    0xc5, 0x08, 0xc4, 0x10, 0xc5, 0x10, 0xe4, 0x10, 0xc5, 0x10, 0xc5, 0x10,
    0xc5, 0x08, 0xc5, 0x10, 0xe5, 0x10, 0xc5, 0x10, 0xc5, 0x10, 0xe4, 0x10,
    0xc5, 0x10, 0xc5, 0x10, 0xc5, 0x08, 0xe4, 0x10, 0xc5, 0x10, 0xc5, 0x10,
    0xc5, 0x08, 0xc4, 0x10, 0xc5, 0x10, 0xe5, 0x08, 0xc5, 0x10, 0xe5, 0x10,
    0xc5, 0x10, 0xc4, 0x10, 0xe5, 0x10, 0xc5, 0x10, 0xc4, 0x10, 0xc4, 0x10,
    0xc5, 0x10, 0xe5, 0x08, 0xc4, 0x10, 0xe5, 0x10, 0xe5, 0x08, 0xc5, 0x10,
    0xc5, 0x10, 0xe4, 0x08, 0xc4, 0x10, 0xc5, 0x10, 0xc5, 0x10, 0xc5, 0x10,
    0xc4, 0x10, 0xe4, 0x10, 0xc5, 0x08, 0xc5, 0x10, 0xc5, 0x10, 0xc5, 0x10,
    0xc4, 0x10, 0xe5, 0x10, 0xc5, 0x10, 0xe5, 0x10, 0xe4, 0x10, 0xc5, 0x10,
    0xc5, 0x10, 0xc5, 0x08, 0xe5, 0x10, 0xc5, 0x10, 0xe5, 0x10, 0xc4, 0x10,
    0xc4, 0x08, 0xe5, 0x10, 0xc5, 0x10, 0xc5, 0x10, 0xe5, 0x08, 0xc4, 0x10,
    0xc5, 0x10, 0xe5, 0x08, 0xc5, 0x10, 0xc5, 0x10, 0xe5, 0x08, 0xe4, 0x10,
    0xc5, 0x10, 0xc5, 0x10, 0xc4, 0x10, 0xe5, 0x10, 0xc4, 0x10, 0xc5, 0x10,
    0xc5, 0x10, 0xc5, 0x10, 0xc4, 0x08, 0xc5, 0x10, 0xc5, 0x10, 0xc4, 0x10,
    0xc5, 0x08, 0xc5, 0x10, 0xe4, 0x10, 0xc5, 0x08, 0xc5, 0x10, 0xe5, 0x10,
    0xc5, 0x10, 0xc5, 0x10, 0xc5, 0x10, 0xc5, 0x08, 0xc5, 0x10, 0xc5, 0x10,
    0xe4, 0x10, 0xc4, 0x08, 0xc5, 0x10, 0xc5, 0x10, 0xc5, 0x10, 0xc5, 0x10,
    0xc4, 0x08, 0xe5, 0x10, 0xc5, 0x10, 0xe4, 0x10, 0xc5, 0x10, 0xc4, 0x10,
    0xe5, 0x10, 0xc5, 0x10, 0xc4, 0x10, 0xe5, 0x10, 0xc5, 0x08, 0xc4, 0x10,
    0xc5, 0x10, 0xe5, 0x10, 0xc5, 0x10, 0xc5, 0x10, 0x67, 0x21, 0xbe, 0xf7,
    0xff, 0xff, 0xff, 0xff, 0x59, 0xce, 0x06, 0x19, 0xc5, 0x10, 0xc5, 0x10,
    0xc5, 0x10, 0xc4, 0x10, 0xc5, 0x10, 0xe5, 0x10, 0xc5, 0x10, 0xc5, 0x10,
    0xc5, 0x10, 0xc5, 0x10, 0xe5, 0x10, 0xc4, 0x10, 0xc5, 0x10, 0xc5, 0x10,
    0xc5, 0x10, 0xc5, 0x10, 0xe5, 0x10, 0xc5, 0x10, 0xc5, 0x10, 0xc5, 0x10,
    0xc5, 0x10, 0xc5, 0x10, 0xc5, 0x10, 0xe5, 0x10, 0xc5, 0x10, 0xc5, 0x10,
    0xc5, 0x10, 0xc5, 0x10, 0xc5, 0x10, 0xc5, 0x10, 0xc5, 0x10, 0xc5, 0x10,
    0xc5, 0x10, 0xc4, 0x10, 0xc5, 0x10, 0xc5, 0x10, 0xc5, 0x10, 0xe5, 0x10,
    0xc5, 0x10, 0xc5, 0x10, 0xc5, 0x10, 0xc5, 0x10, 0xc5, 0x10, 0xc5, 0x10,
    0xc5, 0x10, 0xe4, 0x10, 0xc5, 0x10, 0xc5, 0x10, 0xc5, 0x10, 0xc5, 0x10,
    0xc5, 0x10, 0xc5, 0x10, 0xc5, 0x10, 0xc5, 0x10, 0xc5, 0x10, 0xc5, 0x10,
    0xc5, 0x10, 0xc5, 0x10, 0xc5, 0x10, 0xc5, 0x10, 0xe5, 0x10, 0xc4, 0x10,
    0xe5, 0x10, 0xc5, 0x10, 0xc5, 0x10, 0xc5, 0x10, 0xc5, 0x10, 0xc5, 0x10,
    0xc5, 0x10, 0xc5, 0x10, 0xc4, 0x10, 0xc5, 0x10, 0xe5, 0x10, 0xc4, 0x10,
    0xe5, 0x10, 0x87, 0x29, 0xbe, 0xf7, 0xff, 0xff, 0x1c, 0xe7, 0x67, 0x21,
    0xc5, 0x10, 0xc5, 0x10, 0xe5, 0x10, 0xc5, 0x10, 0xc5, 0x10, 0xc5, 0x10,
    0x47, 0x21, 0xac, 0x4a, 0x92, 0x8c, 0x5a, 0xce, 0x9e, 0xf7, 0xff, 0xff,
    0xff, 0xff, 0xff, 0xff, 0xff, 0xff, 0xff, 0xff, 0xff, 0xff, 0xff, 0xff,
    0xfb, 0xde, 0x72, 0x8c, 0xc8, 0x31, 0xe5, 0x10, 0xe5, 0x10, 0xc5, 0x10,
    0xc5, 0x10, 0xc5, 0x10, 0xc5, 0x10, 0xc5, 0x10, 0xc4, 0x08, 0xc5, 0x10,
    0xc5, 0x10, 0xe5, 0x10, 0xc4, 0x10, 0xc5, 0x10, 0xe5, 0x10, 0xc4, 0x10,
    0xc4, 0x10, 0xc5, 0x10, 0xc5, 0x10, 0xc5, 0x08, 0xe5, 0x10, 0xc5, 0x10,
    0xc4, 0x10, 0xc5, 0x10, 0xc5, 0x10, 0xe5, 0x10, 0xc4, 0x08, 0xc5, 0x10,
    0xe5, 0x10, 0xc5, 0x10, 0xc4, 0x10, 0xc5, 0x10, 0xe5, 0x10, 0xc5, 0x10,
    0xc4, 0x10, 0xc5, 0x10, 0xe5, 0x10, 0xc4, 0x10, 0xc4, 0x10, 0xc5, 0x10,
    0xe5, 0x10, 0xc4, 0x10, 0xc5, 0x08, 0xc5, 0x10, 0xc5, 0x10, 0xe5, 0x10,
    0xc4, 0x10, 0xc4, 0x10, 0xc5, 0x10, 0xc5, 0x10, 0xc4, 0x10, 0xe4, 0x10,
    0xc5, 0x10, 0xc5, 0x10, 0xc5, 0x10, 0xc5, 0x10, 0xe5, 0x10, 0xc5, 0x10,
    0xc5, 0x10, 0xc5, 0x10, 0xc5, 0x10, 0xe4, 0x10, 0xe5, 0x10, 0xc5, 0x10,
    0xc5, 0x08, 0xc5, 0x10, 0xc4, 0x10, 0xc5, 0x08, 0xc5, 0x10, 0xc5, 0x10,
    0xe5, 0x10, 0xe5, 0x10, 0xc4, 0x10, 0xc5, 0x08, 0xc5, 0x10, 0xe5, 0x10,
    0xc5, 0x10, 0xc5, 0x10, 0xc5, 0x10, 0xc5, 0x10, 0xc4, 0x10, 0xe5, 0x10,
    0xc5, 0x10, 0xc5, 0x10, 0xc5, 0x10, 0xc5, 0x10, 0xc5, 0x10, 0xc5, 0x10,
    0xc5, 0x10, 0xc5, 0x10, 0xe5, 0x10, 0xc5, 0x08, 0xc5, 0x10, 0xc5, 0x10,
    0xe5, 0x10, 0xc4, 0x10, 0xc5, 0x10, 0xc5, 0x10, 0xc4, 0x10, 0xe5, 0x10,
    0xc5, 0x10, 0xc5, 0x10, 0xc5, 0x10, 0xe4, 0x10, 0xc5, 0x10, 0xc5, 0x10,
    0xe4, 0x08, 0xc5, 0x10, 0xe4, 0x10, 0xe5, 0x10, 0xc5, 0x10, 0xc5, 0x10,
    0xc5, 0x10, 0xe5, 0x10, 0xc5, 0x10, 0xe5, 0x08, 0xc5, 0x10, 0xc5, 0x10,
    0xe5, 0x10, 0xc4, 0x10, 0xc5, 0x08, 0xc4, 0x10, 0xe5, 0x10, 0xc5, 0x10,
    0xc4, 0x08, 0xc5, 0x10, 0xe5, 0x10, 0xc5, 0x10, 0xc4, 0x10, 0xc5, 0x10,
    0xe5, 0x08, 0xc5, 0x10, 0xc5, 0x10, 0xc5, 0x08, 0xe5, 0x10, 0x55, 0xa5,
    0xff, 0xff, 0xff, 0xff, 0xdf, 0xff, 0x6b, 0x42, 0xe5, 0x10, 0xc5, 0x10,
    0xc5, 0x10, 0xc5, 0x10, 0xc5, 0x10, 0xc5, 0x10, 0xc5, 0x10, 0xc5, 0x10,
    0xc5, 0x10, 0xc5, 0x10, 0xc5, 0x10, 0xc5, 0x10, 0xc5, 0x10, 0xc5, 0x10,
    0xc5, 0x10, 0xc5, 0x10, 0xc5, 0x10, 0xc5, 0x10, 0xc5, 0x10, 0xc5, 0x10,
    0xc5, 0x10, 0xc5, 0x10, 0xc5, 0x10, 0xc5, 0x10, 0xc5, 0x10, 0xc5, 0x10,
    0xc5, 0x10, 0xc5, 0x10, 0xc5, 0x10, 0xc5, 0x10, 0xc5, 0x10, 0xc5, 0x10,
    0xc5, 0x10, 0xc5, 0x10, 0xc5, 0x10, 0xc5, 0x10, 0xc5, 0x10, 0xc5, 0x10,
    0xc5, 0x10, 0xc5, 0x10, 0xc5, 0x10, 0xc5, 0x10, 0xc5, 0x10, 0xc5, 0x10,
    0xc5, 0x10, 0xc5, 0x10, 0xc5, 0x10, 0xc5, 0x10, 0xc5, 0x10, 0xc5, 0x10,
    0xc4, 0x10, 0xc5, 0x10, 0xc5, 0x10, 0xc5, 0x10, 0xc5, 0x10, 0xc5, 0x10,
    0xc4, 0x10, 0xc5, 0x10, 0xc5, 0x10, 0xc5, 0x10, 0xc5, 0x10, 0xc5, 0x10,
    0xc5, 0x10, 0xe5, 0x10, 0xc5, 0x10, 0xc5, 0x10, 0xc5, 0x10, 0xc5, 0x10,
    0xc5, 0x10, 0xc5, 0x10, 0xc5, 0x10, 0xc5, 0x10, 0xc4, 0x10, 0xc5, 0x10,
    0xc5, 0x10, 0xe5, 0x10, 0x59, 0xce, 0xff, 0xff, 0xff, 0xff, 0xac, 0x4a,
    0xe5, 0x10, 0xe5, 0x10, 0xa8, 0x29, 0xcc, 0x52, 0x72, 0x8c, 0x18, 0xbe,
    0x7d, 0xef, 0xdf, 0xff, 0xff, 0xff, 0xff, 0xff, 0xff, 0xff, 0xff, 0xff,
    0xff, 0xff, 0xff, 0xff, 0xff, 0xff, 0x3d, 0xe7, 0x56, 0xad, 0xec, 0x52,
    0x26, 0x19, 0xe5, 0x10, 0xc5, 0x10, 0xc5, 0x10, 0xc5, 0x10, 0xc5, 0x10,
    0xe5, 0x10, 0xc5, 0x08, 0xc5, 0x10, 0xc4, 0x10, 0xe5, 0x10, 0xe5, 0x10,
    0xc5, 0x10, 0xc4, 0x10, 0xc5, 0x10, 0xe4, 0x08, 0xc5, 0x10, 0xc5, 0x10,
    0xe5, 0x10, 0xe5, 0x10, 0xc5, 0x10, 0xc5, 0x10, 0xc5, 0x10, 0xe4, 0x10,
    0xe5, 0x10, 0xc5, 0x10, 0xe4, 0x08, 0xc4, 0x10, 0xc5, 0x10, 0xc5, 0x10,
    0xc5, 0x08, 0xe4, 0x10, 0xc5, 0x10, 0xc5, 0x08, 0xc5, 0x10, 0xc4, 0x10,
    0xe5, 0x10, 0xe5, 0x10, 0xc5, 0x10, 0xc5, 0x10, 0xc5, 0x10, 0xc4, 0x10,
    0xc5, 0x08, 0xc5, 0x10, 0xe5, 0x10, 0xc4, 0x10, 0xc5, 0x10, 0xe5, 0x10,
    0xc5, 0x08, 0xc5, 0x10, 0xe5, 0x10, 0xc5, 0x10, 0xc5, 0x10, 0xc5, 0x10,
    0xc4, 0x10, 0xc5, 0x10, 0xe5, 0x10, 0xc5, 0x10, 0xc4, 0x08, 0xe4, 0x10,
    0xc5, 0x10, 0xe5, 0x08, 0xc5, 0x10, 0xc5, 0x10, 0xc4, 0x08, 0xc5, 0x10,
    0xe5, 0x10, 0xc4, 0x10, 0xc5, 0x10, 0xe5, 0x10, 0xc4, 0x10, 0xc4, 0x08,
    0xc5, 0x10, 0xc4, 0x10, 0xc5, 0x10, 0xc5, 0x10, 0xc4, 0x10, 0xc5, 0x10,
    0xc5, 0x10, 0xc5, 0x10, 0xe4, 0x08, 0xc5, 0x10, 0xe5, 0x10, 0xc5, 0x10,
    0xc4, 0x10, 0xe4, 0x10, 0xc5, 0x10, 0xe4, 0x10, 0xc4, 0x10, 0xc5, 0x10,
    0xc5, 0x10, 0xc4, 0x10, 0xc5, 0x10, 0xc5, 0x10, 0xc4, 0x10, 0xe5, 0x10,
    0xc5, 0x08, 0xc4, 0x10, 0xe5, 0x10, 0xe5, 0x10, 0xc5, 0x10, 0xc5, 0x08,
    0xe4, 0x10, 0xc4, 0x10, 0xe5, 0x10, 0xc5, 0x10, 0xc5, 0x10, 0xc4, 0x10,
    0xc5, 0x10, 0xc5, 0x10, 0xc5, 0x10, 0xc4, 0x10, 0xe5, 0x10, 0xc4, 0x10,
    0xc5, 0x08, 0xc5, 0x10, 0xc4, 0x10, 0xc5, 0x10, 0xe4, 0x10, 0xc4, 0x10,
    0xc5, 0x10, 0xc5, 0x10, 0xc5, 0x10, 0xc5, 0x10, 0xc5, 0x10, 0xc5, 0x10,
    0xc5, 0x10, 0xe5, 0x10, 0xc5, 0x10, 0xc4, 0x10, 0xc5, 0x10, 0xe5, 0x10,
    0xc5, 0x10, 0xc4, 0x10, 0xc4, 0x10, 0xe5, 0x10, 0xe5, 0x10, 0x6b, 0x42,
    0xff, 0xff, 0xff, 0xff, 0xff, 0xff, 0xf4, 0x9c, 0xe5, 0x10, 0xc5, 0x10,
    0xe5, 0x10, 0xe5, 0x10, 0xc5, 0x10, 0xe5, 0x10, 0xe5, 0x10, 0xc5, 0x10,
    0xe5, 0x10, 0xe5, 0x10, 0xc5, 0x10, 0xe5, 0x10, 0xe5, 0x10, 0xc5, 0x10,
    0xe5, 0x10, 0xe5, 0x10, 0xc5, 0x10, 0xe5, 0x10, 0xe5, 0x10, 0xc5, 0x10,
    0xe5, 0x10, 0xe5, 0x10, 0xe5, 0x10, 0xc5, 0x10, 0xe5, 0x10, 0xe5, 0x10,
    0xc5, 0x10, 0xe5, 0x10, 0xe5, 0x10, 0xe5, 0x10, 0xe5, 0x10, 0xe5, 0x10,
    0xc5, 0x10, 0xe5, 0x10, 0xe5, 0x10, 0xe5, 0x10, 0xe5, 0x10, 0xc5, 0x10,
    0xe5, 0x10, 0xe5, 0x10, 0xe5, 0x10, 0xc5, 0x10, 0xe5, 0x10, 0xe5, 0x10,
    0xe5, 0x10, 0xc5, 0x10, 0xe5, 0x10, 0xe5, 0x10, 0xe5, 0x10, 0xe5, 0x10,
    0xe5, 0x10, 0xe5, 0x10, 0xe5, 0x10, 0xe5, 0x10, 0xe5, 0x10, 0xe5, 0x10,
    0xe5, 0x10, 0xe5, 0x10, 0xe5, 0x10, 0xe5, 0x10, 0xe5, 0x10, 0xe5, 0x10,
    0xe5, 0x10, 0xe5, 0x10, 0x05, 0x11, 0x05, 0x19, 0x05, 0x19, 0x05, 0x19,
    0x05, 0x19, 0x06, 0x11, 0x06, 0x19, 0x06, 0x19, 0x26, 0x19, 0x26, 0x19,
    0x46, 0x21, 0x67, 0x29, 0x35, 0xa5, 0xff, 0xff, 0xff, 0xff, 0x7a, 0xce,
    0xb7, 0xb5, 0xdb, 0xde, 0x7e, 0xf7, 0xdf, 0xff, 0xff, 0xff, 0xff, 0xff,
    0xff, 0xff, 0xff, 0xff, 0xff, 0xff, 0xff, 0xff, 0xff, 0xff, 0xff, 0xff,
    0x1c, 0xe7, 0x76, 0xad, 0x2d, 0x63, 0x67, 0x21, 0xe5, 0x10, 0xe5, 0x10,
    0xc4, 0x10, 0xc5, 0x10, 0xc5, 0x10, 0xc5, 0x10, 0xe5, 0x10, 0xc4, 0x10,
    0xc4, 0x10, 0xe5, 0x10, 0xc5, 0x10, 0xe4, 0x10, 0xc5, 0x10, 0xc5, 0x10,
    0xc5, 0x08, 0xc5, 0x10, 0xe5, 0x10, 0xc5, 0x10, 0xc4, 0x10, 0xc5, 0x10,
    0xc5, 0x08, 0xc5, 0x10, 0xe4, 0x10, 0xc4, 0x10, 0xc5, 0x10, 0xc4, 0x10,
    0xc5, 0x08, 0xc5, 0x10, 0xc5, 0x10, 0xc5, 0x10, 0xc5, 0x10, 0xe5, 0x10,
    0xc4, 0x10, 0xc5, 0x10, 0xe5, 0x10, 0xc5, 0x10, 0xc4, 0x10, 0xc5, 0x10,
    0xc5, 0x08, 0xc5, 0x10, 0xc4, 0x10, 0xc5, 0x08, 0xe5, 0x10, 0xe5, 0x10,
    0xc5, 0x10, 0xc4, 0x10, 0xc5, 0x10, 0xe5, 0x08, 0xc4, 0x10, 0xc5, 0x10,
    0xc5, 0x10, 0xc5, 0x10, 0xc5, 0x10, 0xe4, 0x08, 0xc5, 0x10, 0xc5, 0x10,
    0xc5, 0x10, 0xe4, 0x08, 0xc5, 0x10, 0xc4, 0x10, 0xc5, 0x10, 0xc5, 0x10,
    0xc4, 0x10, 0xc5, 0x10, 0xc5, 0x10, 0xc4, 0x10, 0xc5, 0x10, 0xc5, 0x10,
    0xc4, 0x10, 0xe5, 0x08, 0xc5, 0x10, 0xc5, 0x10, 0xc5, 0x10, 0xc5, 0x10,
    0xe5, 0x10, 0xc5, 0x10, 0xc4, 0x10, 0xe5, 0x10, 0xe5, 0x10, 0xc4, 0x08,
    0xc4, 0x10, 0xe5, 0x10, 0xc5, 0x10, 0xc4, 0x10, 0xc5, 0x10, 0xc5, 0x10,
    0xc5, 0x08, 0xe5, 0x10, 0xc5, 0x10, 0xc5, 0x08, 0xe5, 0x10, 0xc5, 0x10,
    0xc5, 0x10, 0xc5, 0x10, 0xe4, 0x10, 0xc5, 0x10, 0xc4, 0x10, 0xe5, 0x10,
    0xc5, 0x10, 0xc5, 0x10, 0xc5, 0x08, 0xc4, 0x10, 0xc5, 0x10, 0xe5, 0x10,
    0xc5, 0x10, 0xc5, 0x10, 0xc5, 0x10, 0xc5, 0x08, 0xe4, 0x10, 0xc5, 0x10,
    0xc5, 0x10, 0xe5, 0x10, 0xc4, 0x10, 0xc5, 0x08, 0xc5, 0x10, 0xc5, 0x10,
    0xe4, 0x10, 0xc5, 0x10, 0xc5, 0x10, 0xe4, 0x10, 0xc5, 0x10, 0xc5, 0x08,
    0xe5, 0x10, 0xc5, 0x10, 0xe5, 0x10, 0xe5, 0x10, 0xc5, 0x10, 0xc4, 0x08,
    0xe5, 0x10, 0xc5, 0x10, 0xc4, 0x10, 0xc5, 0x08, 0xe5, 0x10, 0xc5, 0x10,
    0xc4, 0x10, 0xc5, 0x10, 0xe5, 0x10, 0xc5, 0x10, 0xc5, 0x10, 0xe5, 0x10,
    0x9a, 0xd6, 0xff, 0xff, 0xff, 0xff, 0xbf, 0xf7, 0x9a, 0xd6, 0x9a, 0xd6,
    0x9a, 0xd6, 0x9a, 0xd6, 0x9a, 0xce, 0x9a, 0xd6, 0x9a, 0xd6, 0x9a, 0xce,
    0x9a, 0xd6, 0x9a, 0xce, 0x9a, 0xd6, 0x9a, 0xd6, 0x9a, 0xce, 0x9a, 0xd6,
    0x9a, 0xd6, 0x9a, 0xce, 0x9a, 0xd6, 0x9a, 0xce, 0x9a, 0xd6, 0x9a, 0xd6,
    0x9a, 0xce, 0x9a, 0xd6, 0x9a, 0xce, 0x9a, 0xd6, 0x9a, 0xce, 0x9a, 0xd6,
    0x9a, 0xd6, 0x9a, 0xce, 0x9a, 0xd6, 0x9a, 0xce, 0x9a, 0xd6, 0x9a, 0xce,
    0x9a, 0xd6, 0x9a, 0xce, 0x9a, 0xce, 0x9a, 0xd6, 0x9a, 0xce, 0x9a, 0xd6,
    0x9a, 0xce, 0x9a, 0xd6, 0x9a, 0xce, 0x9a, 0xd6, 0x9a, 0xd6, 0x9a, 0xce,
    0x9a, 0xd6, 0x9a, 0xce, 0x9a, 0xd6, 0x9b, 0xd6, 0x9a, 0xd6, 0x9a, 0xd6,
    0x9b, 0xd6, 0x9a, 0xd6, 0xba, 0xd6, 0xbb, 0xd6, 0xbb, 0xd6, 0xbb, 0xd6,
    0xbb, 0xd6, 0xbb, 0xd6, 0xbb, 0xde, 0xdb, 0xde, 0xdb, 0xde, 0xdb, 0xde,
    0xdb, 0xde, 0xdb, 0xde, 0xdc, 0xde, 0xfc, 0xde, 0xfc, 0xde, 0xfc, 0xde,
    0x1c, 0xe7, 0x1c, 0xe7, 0x1c, 0xe7, 0x3c, 0xe7, 0x3d, 0xe7, 0x3d, 0xe7,
    0x5d, 0xef, 0x7d, 0xef, 0xbf, 0xff, 0xff, 0xff, 0xff, 0xff, 0xff, 0xff,
    0xff, 0xff, 0xff, 0xff, 0xff, 0xff, 0xff, 0xff, 0xff, 0xff, 0xff, 0xff,
    0xff, 0xff, 0xff, 0xff, 0x9e, 0xf7, 0x5a, 0xce, 0xb3, 0x94, 0xcc, 0x52,
    0x67, 0x21, 0x05, 0x11, 0xe5, 0x10, 0xc5, 0x10, 0xc5, 0x10, 0xc5, 0x10,
    0xc5, 0x10, 0xc4, 0x10, 0xc5, 0x10, 0xe5, 0x10, 0xc4, 0x10, 0xc5, 0x08,
    0xc5, 0x10, 0xc4, 0x10, 0xc5, 0x10, 0xc5, 0x08, 0xc5, 0x10, 0xc5, 0x10,
    0xc4, 0x10, 0xe4, 0x10, 0xc5, 0x10, 0xc5, 0x10, 0xc5, 0x10, 0xe5, 0x10,
    0xc4, 0x10, 0xc5, 0x10, 0xc5, 0x10, 0xe5, 0x08, 0xc5, 0x10, 0xc5, 0x10,
    0xc5, 0x10, 0xc5, 0x10, 0xe4, 0x10, 0xc5, 0x10, 0xc5, 0x10, 0xe4, 0x10,
    0xc5, 0x10, 0xc5, 0x10, 0xc5, 0x10, 0xc4, 0x10, 0xe5, 0x10, 0xe5, 0x10,
    0xc4, 0x10, 0xc5, 0x10, 0xc5, 0x10, 0xe4, 0x10, 0xc5, 0x10, 0xc5, 0x10,
    0xe4, 0x10, 0xc5, 0x10, 0xe5, 0x10, 0xc5, 0x10, 0xc5, 0x10, 0xc5, 0x10,
    0xe4, 0x10, 0xc4, 0x10, 0xe5, 0x10, 0xc5, 0x10, 0xc4, 0x10, 0xe5, 0x08,
    0xe5, 0x10, 0xc5, 0x10, 0xc5, 0x10, 0xe5, 0x10, 0xe5, 0x10, 0xc5, 0x10,
    0xe5, 0x10, 0xc4, 0x10, 0xc5, 0x10, 0xe5, 0x10, 0xe5, 0x10, 0xc5, 0x10,
    0xe5, 0x10, 0xc5, 0x10, 0xc5, 0x10, 0xe4, 0x10, 0xc5, 0x10, 0xc5, 0x10,
    0xe5, 0x10, 0xc5, 0x08, 0xc5, 0x10, 0xc5, 0x10, 0xc5, 0x10, 0xe5, 0x10,
    0xc5, 0x10, 0xc4, 0x10, 0xc5, 0x10, 0xc5, 0x10, 0xe5, 0x08, 0xc4, 0x10,
    0xc5, 0x10, 0xc5, 0x10, 0xc4, 0x10, 0xc5, 0x10, 0xc5, 0x10, 0xc5, 0x10,
    0xc5, 0x10, 0xc5, 0x10, 0xc5, 0x10, 0xe5, 0x08, 0xc5, 0x10, 0xc5, 0x10,
    0xc4, 0x10, 0xe5, 0x10, 0xc5, 0x10, 0xc5, 0x10, 0xc4, 0x10, 0xc5, 0x10,
    0xc5, 0x10, 0xc5, 0x08, 0xe5, 0x10, 0xc4, 0x10, 0xc5, 0x10, 0xe5, 0x10,
    0xc4, 0x08, 0xc5, 0x10, 0xe5, 0x10, 0xc5, 0x10, 0xc5, 0x10, 0xe4, 0x10,
    0xc5, 0x10, 0xe5, 0x10, 0xc5, 0x10, 0xc5, 0x08, 0xc5, 0x10, 0xc5, 0x10,
    0xe4, 0x10, 0xc5, 0x10, 0xc4, 0x08, 0xc4, 0x10, 0xc5, 0x10, 0xe5, 0x10,
    0xc4, 0x10, 0xc5, 0x10, 0xc5, 0x10, 0xe5, 0x10, 0xc5, 0x10, 0xc4, 0x10,
    0xc5, 0x08, 0xe5, 0x10, 0xc5, 0x10, 0xc5, 0x08, 0xc4, 0x10, 0xe4, 0x10,
    0xaf, 0x6b, 0xff, 0xff, 0xff, 0xff, 0xff, 0xff, 0xff, 0xff, 0xff, 0xff,
    0xff, 0xff, 0xff, 0xff, 0xff, 0xff, 0xff, 0xff, 0xff, 0xff, 0xff, 0xff,
    0xff, 0xff, 0xff, 0xff, 0xff, 0xff, 0xff, 0xff, 0xff, 0xff, 0xff, 0xff,
    0xff, 0xff, 0xff, 0xff, 0xff, 0xff, 0xff, 0xff, 0xff, 0xff, 0xff, 0xff,
    0xff, 0xff, 0xff, 0xff, 0xff, 0xff, 0xff, 0xff, 0xff, 0xff, 0xff, 0xff,
    0xff, 0xff, 0xff, 0xff, 0xff, 0xff, 0xff, 0xff, 0xff, 0xff, 0xff, 0xff,
    0xff, 0xff, 0xff, 0xff, 0xff, 0xff, 0xff, 0xff, 0xff, 0xff, 0xff, 0xff,
    0xff, 0xff, 0xff, 0xff, 0xff, 0xff, 0xff, 0xff, 0xff, 0xff, 0xff, 0xff,
    0xff, 0xff, 0xff, 0xff, 0xff, 0xff, 0xff, 0xff, 0xff, 0xff, 0xff, 0xff,
    0xff, 0xff, 0xff, 0xff, 0xff, 0xff, 0xff, 0xff, 0xff, 0xff, 0xff, 0xff,
    0xff, 0xff, 0xff, 0xff, 0xff, 0xff, 0xff, 0xff, 0xff, 0xff, 0xff, 0xff,
    0xff, 0xff, 0xff, 0xff, 0xff, 0xff, 0xff, 0xff, 0xff, 0xff, 0xff, 0xff,
    0xff, 0xff, 0xff, 0xff, 0xff, 0xff, 0xff, 0xff, 0xff, 0xff, 0xff, 0xff,
    0xff, 0xff, 0xff, 0xff, 0xff, 0xff, 0xff, 0xff, 0xff, 0xff, 0xff, 0xff,
    0xff, 0xff, 0xff, 0xff, 0xff, 0xff, 0xdf, 0xff, 0x1c, 0xe7, 0x39, 0xc6,
    0xd3, 0x94, 0x2e, 0x63, 0xe8, 0x31, 0x26, 0x19, 0xe5, 0x10, 0xe5, 0x10,
    0xc5, 0x10, 0xc5, 0x10, 0xc5, 0x10, 0xc5, 0x10, 0xc5, 0x10, 0xe5, 0x10,
    0xc5, 0x10, 0xc5, 0x10, 0xe4, 0x08, 0xc5, 0x10, 0xc5, 0x10, 0xc5, 0x10,
    0xe5, 0x10, 0xc5, 0x10, 0xc4, 0x10, 0xe5, 0x10, 0xc4, 0x10, 0xc5, 0x10,
    0xe5, 0x10, 0xc5, 0x10, 0xc5, 0x08, 0xc4, 0x10, 0xc5, 0x10, 0xc5, 0x08,
    0xe5, 0x10, 0xc4, 0x10, 0xc5, 0x10, 0xc5, 0x10, 0xc5, 0x10, 0xe4, 0x10,
    0xe5, 0x10, 0xc5, 0x10, 0xc4, 0x10, 0xe5, 0x08, 0xc4, 0x10, 0xc5, 0x10,
    0xc5, 0x08, 0xc5, 0x10, 0xe4, 0x10, 0xc5, 0x08, 0xc5, 0x10, 0xc5, 0x10,
    0xc5, 0x10, 0xe4, 0x10, 0xc5, 0x08, 0xc5, 0x10, 0xc5, 0x10, 0xc4, 0x10,
    0xc5, 0x08, 0xc5, 0x10, 0xc5, 0x10, 0xc4, 0x10, 0xe5, 0x10, 0xc5, 0x10,
    0xc5, 0x08, 0xc5, 0x10, 0xc5, 0x10, 0xc4, 0x10, 0xc5, 0x10, 0xc5, 0x10,
    0xc4, 0x10, 0xc5, 0x10, 0xc5, 0x10, 0xc4, 0x10, 0xc5, 0x08, 0xc5, 0x10,
    0xc5, 0x10, 0xe5, 0x08, 0xc4, 0x10, 0xc5, 0x10, 0xc5, 0x08, 0xc4, 0x10,
    0xc5, 0x10, 0xc5, 0x10, 0xc5, 0x10, 0xc5, 0x10, 0xe4, 0x08, 0xc5, 0x10,
    0xc4, 0x10, 0xc4, 0x10, 0xe5, 0x10, 0xc5, 0x08, 0xc4, 0x10, 0xc5, 0x10,
    0xe5, 0x10, 0xc5, 0x08, 0xe5, 0x10, 0xc5, 0x10, 0xc5, 0x10, 0xc5, 0x10,
    0xe4, 0x10, 0xc5, 0x08, 0xc5, 0x10, 0xe4, 0x10, 0xc5, 0x10, 0xc4, 0x08,
    0xc5, 0x10, 0xc4, 0x10, 0xe5, 0x10, 0xc5, 0x10, 0xc4, 0x10, 0xc5, 0x10,
    0xc5, 0x08, 0xc4, 0x10, 0xe5, 0x10, 0xc4, 0x10, 0xe5, 0x08, 0xc5, 0x10,
    0xc4, 0x10, 0xe4, 0x10, 0xc5, 0x10, 0xc5, 0x10, 0xc5, 0x10, 0xc5, 0x10,
    0xe5, 0x10, 0xc5, 0x10, 0xc5, 0x10, 0xc4, 0x10, 0xe5, 0x10, 0xc5, 0x10,
    0xc5, 0x08, 0xc5, 0x10, 0xc4, 0x10, 0xc5, 0x10, 0xe5, 0x10, 0xc4, 0x10,
    0xc5, 0x10, 0xc5, 0x10, 0xc5, 0x10, 0xc5, 0x10, 0xc5, 0x10, 0xe4, 0x10,
    0xc5, 0x10, 0xc5, 0x08, 0xc4, 0x10, 0xe5, 0x10, 0xc4, 0x10, 0xc5, 0x10,
    0xc5, 0x10, 0xc5, 0x10, 0xc4, 0x10, 0xe5, 0x10, 0xc5, 0x10, 0xc5, 0x10,
    0x67, 0x21, 0x5d, 0xef, 0xff, 0xff, 0xff, 0xff, 0xff, 0xff, 0xff, 0xff,
    0xff, 0xff, 0xff, 0xff, 0xff, 0xff, 0xff, 0xff, 0xff, 0xff, 0xff, 0xff,
    0xff, 0xff, 0xff, 0xff, 0xff, 0xff, 0xff, 0xff, 0xff, 0xff, 0xff, 0xff,
    0xff, 0xff, 0xff, 0xff, 0xff, 0xff, 0xff, 0xff, 0xff, 0xff, 0xff, 0xff,
    0xff, 0xff, 0xff, 0xff, 0xff, 0xff, 0xff, 0xff, 0xff, 0xff, 0xff, 0xff,
    0xff, 0xff, 0xff, 0xff, 0xff, 0xff, 0xff, 0xff, 0xff, 0xff, 0xff, 0xff,
    0xff, 0xff, 0xff, 0xff, 0xff, 0xff, 0xff, 0xff, 0xff, 0xff, 0xff, 0xff,
    0xff, 0xff, 0xff, 0xff, 0xff, 0xff, 0xff, 0xff, 0xff, 0xff, 0xff, 0xff,
    0xff, 0xff, 0xff, 0xff, 0xff, 0xff, 0xff, 0xff, 0xff, 0xff, 0xff, 0xff,
    0xff, 0xff, 0xff, 0xff, 0xff, 0xff, 0xff, 0xff, 0xff, 0xff, 0xff, 0xff,
    0xff, 0xff, 0xff, 0xff, 0xff, 0xff, 0xff, 0xff, 0xff, 0xff, 0xff, 0xff,
    0xff, 0xff, 0xff, 0xff, 0xff, 0xff, 0xff, 0xff, 0xff, 0xff, 0xff, 0xff,
    0xff, 0xff, 0xff, 0xff, 0xff, 0xff, 0xff, 0xff, 0xff, 0xff, 0xff, 0xff,
    0xff, 0xff, 0xff, 0xff, 0xff, 0xff, 0xdf, 0xff, 0x5d, 0xef, 0xbb, 0xd6,
    0xf8, 0xbd, 0xb3, 0x94, 0x6e, 0x63, 0x2a, 0x42, 0x87, 0x29, 0x26, 0x19,
    0xe5, 0x10, 0xc5, 0x10, 0xc5, 0x10, 0xe5, 0x10, 0xc5, 0x10, 0xc5, 0x10,
    0xc4, 0x10, 0xc5, 0x10, 0xc4, 0x10, 0xe5, 0x10, 0xc4, 0x10, 0xc4, 0x08,
    0xc5, 0x10, 0xe5, 0x10, 0xc5, 0x10, 0xc5, 0x10, 0xe5, 0x10, 0xc4, 0x10,
    0xc5, 0x10, 0xe5, 0x08, 0xc5, 0x10, 0xc5, 0x10, 0xe5, 0x10, 0xc4, 0x08,
    0xc5, 0x10, 0xc5, 0x10, 0xe5, 0x10, 0xe5, 0x10, 0xc4, 0x10, 0xe5, 0x10,
    0xc4, 0x10, 0xc5, 0x10, 0xe5, 0x08, 0xc4, 0x10, 0xc5, 0x10, 0xc5, 0x10,
    0xc4, 0x08, 0xc5, 0x10, 0xe5, 0x10, 0xc5, 0x10, 0xc5, 0x10, 0xc5, 0x10,
    0xe5, 0x10, 0xc5, 0x10, 0xc5, 0x10, 0xe5, 0x10, 0xc4, 0x10, 0xc5, 0x08,
    0xe5, 0x10, 0xc5, 0x10, 0xc5, 0x10, 0xc5, 0x10, 0xe4, 0x10, 0xc5, 0x10,
    0xc5, 0x10, 0xc5, 0x10, 0xe4, 0x10, 0xc5, 0x08, 0xc5, 0x10, 0xe5, 0x10,
    0xc4, 0x10, 0xe5, 0x10, 0xc5, 0x08, 0xc5, 0x10, 0xe5, 0x10, 0xc5, 0x10,
    0xc4, 0x10, 0xc5, 0x10, 0xe5, 0x08, 0xc4, 0x10, 0xc5, 0x10, 0xc4, 0x10,
    0xc4, 0x10, 0xc5, 0x10, 0xe5, 0x10, 0xc5, 0x10, 0xc4, 0x10, 0xc5, 0x10,
    0xe4, 0x08, 0xc4, 0x10, 0xc5, 0x10, 0xe4, 0x10, 0xc5, 0x10, 0xc5, 0x10,
    0xe5, 0x10, 0xc5, 0x10, 0xc4, 0x10, 0xe5, 0x10, 0xc5, 0x10, 0xc4, 0x10,
    0xc5, 0x10, 0xc5, 0x10, 0xc5, 0x10, 0xe4, 0x10, 0xc4, 0x10, 0xc5, 0x10,
    0xc5, 0x10, 0xe5, 0x10, 0xc5, 0x10, 0xc5, 0x10, 0xe5, 0x10, 0xc5, 0x10,
    0xc5, 0x10, 0xc5, 0x10, 0xc4, 0x10, 0xc5, 0x10, 0xc5, 0x10, 0xe5, 0x10,
    0xc5, 0x10, 0xe5, 0x10, 0xc5, 0x10, 0xc5, 0x10, 0xc5, 0x10, 0xe5, 0x10,
    0xc5, 0x10, 0xc5, 0x10, 0xc5, 0x10, 0xc4, 0x10, 0xe5, 0x08, 0xc5, 0x10,
    0xc4, 0x10, 0xc5, 0x10, 0xc4, 0x08, 0xe5, 0x10, 0xc5, 0x10, 0xc4, 0x10,
    0xc5, 0x10, 0xc5, 0x10, 0xc4, 0x10, 0xe5, 0x10, 0xc5, 0x10, 0xc5, 0x10,
    0xc5, 0x08, 0xc5, 0x10, 0xe4, 0x10, 0xe5, 0x10, 0xc5, 0x10, 0xc5, 0x08,
    0xc5, 0x10, 0xc5, 0x10, 0xe4, 0x10, 0xc5, 0x10, 0xc5, 0x10, 0xc5, 0x08,
    0xe5, 0x10, 0xe5, 0x10, 0xc5, 0x10, 0xc4, 0x10, 0xc5, 0x10, 0xc5, 0x10,
    0xe5, 0x10, 0xaf, 0x6b, 0x15, 0x9d, 0x55, 0xa5, 0x76, 0xad, 0x96, 0xad,
    0xb7, 0xb5, 0xb7, 0xb5, 0xb7, 0xbd, 0xd8, 0xbd, 0xf8, 0xbd, 0xd8, 0xbd,
    0xf8, 0xbd, 0xf8, 0xbd, 0xf8, 0xbd, 0x18, 0xbe, 0x18, 0xbe, 0x18, 0xbe,
    0x18, 0xc6, 0x19, 0xc6, 0x18, 0xc6, 0x18, 0xc6, 0x19, 0xbe, 0x18, 0xc6,
    0x38, 0xc6, 0x19, 0xbe, 0x18, 0xc6, 0x19, 0xc6, 0x19, 0xbe, 0x38, 0xc6,
    0x18, 0xbe, 0x19, 0xc6, 0x18, 0xc6, 0x18, 0xbe, 0x19, 0xc6, 0x19, 0xc6,
    0x39, 0xc6, 0x18, 0xc6, 0x18, 0xc6, 0x39, 0xc6, 0x19, 0xc6, 0x18, 0xc6,
    0x39, 0xc6, 0x18, 0xbe, 0x18, 0xc6, 0x18, 0xbe, 0x19, 0xc6, 0x39, 0xbe,
    0x18, 0xc6, 0x18, 0xc6, 0x19, 0xbe, 0x18, 0xc6, 0x18, 0xbe, 0x19, 0xc6,
    0x38, 0xbe, 0x19, 0xc6, 0x19, 0xc6, 0x18, 0xc6, 0x18, 0xbe, 0x19, 0xbe,
    0x18, 0xc6, 0x18, 0xbe, 0x18, 0xbe, 0xf8, 0xbd, 0xf8, 0xbd, 0xf8, 0xbd,
    0xd8, 0xbd, 0xd8, 0xbd, 0xb7, 0xb5, 0xb7, 0xb5, 0x97, 0xb5, 0x96, 0xad,
    0x76, 0xad, 0x35, 0xa5, 0x15, 0x9d, 0xf4, 0x9c, 0xb3, 0x94, 0x72, 0x84,
    0xf1, 0x7b, 0x6f, 0x6b, 0xec, 0x52, 0x4a, 0x42, 0xa8, 0x29, 0x67, 0x21,
    0x05, 0x19, 0xe5, 0x10, 0xe5, 0x10, 0xc5, 0x10, 0xe5, 0x10, 0xc5, 0x08,
    0xc5, 0x10, 0xc4, 0x10, 0xc5, 0x08, 0xc4, 0x10, 0xe5, 0x10, 0xc5, 0x10,
    0xc5, 0x10, 0xc5, 0x10, 0xe5, 0x08, 0xc5, 0x10, 0xc5, 0x10, 0xe5, 0x10,
    0xc4, 0x10, 0xc5, 0x10, 0xe5, 0x10, 0xc5, 0x10, 0xc4, 0x10, 0xc5, 0x08,
    0xc5, 0x10, 0xc4, 0x10, 0xe5, 0x10, 0xc5, 0x10, 0xc5, 0x10, 0xc5, 0x10,
    0xe5, 0x10, 0xc4, 0x10, 0xc4, 0x10, 0xc5, 0x10, 0xc5, 0x10, 0xc5, 0x10,
    0xc5, 0x10, 0xc5, 0x10, 0xe5, 0x10, 0xc4, 0x10, 0xe5, 0x10, 0xc5, 0x10,
    0xc5, 0x10, 0xc5, 0x10, 0xc4, 0x10, 0xc5, 0x10, 0xc5, 0x10, 0xe4, 0x08,
    0xc5, 0x10, 0xc4, 0x10, 0xe4, 0x10, 0xc5, 0x10, 0xc5, 0x10, 0xe5, 0x10,
    0xc4, 0x10, 0xc5, 0x10, 0xc5, 0x10, 0xe4, 0x10, 0xc5, 0x10, 0xc5, 0x08,
    0xe5, 0x10, 0xe4, 0x10, 0xc5, 0x10, 0xc5, 0x10, 0xc4, 0x10, 0xc4, 0x10,
    0xc5, 0x10, 0xc5, 0x10, 0xe5, 0x10, 0xc4, 0x10, 0xc5, 0x10, 0xe5, 0x08,
    0xe5, 0x10, 0xc5, 0x10, 0xc5, 0x10, 0xe5, 0x10, 0xc5, 0x10, 0xe5, 0x08,
    0xe5, 0x10, 0xc5, 0x10, 0xc5, 0x10, 0xc4, 0x10, 0xe5, 0x10, 0xc5, 0x10,
    0xc5, 0x10, 0xe5, 0x10, 0xc5, 0x10, 0xc5, 0x08, 0xc5, 0x10, 0xc4, 0x10,
    0xc5, 0x08, 0xc5, 0x10, 0xc5, 0x10, 0xc5, 0x10, 0xc5, 0x10, 0xe5, 0x10,
    0xc5, 0x08, 0xc4, 0x10, 0xc4, 0x10, 0xc5, 0x10, 0xe5, 0x08, 0xe5, 0x10,
    0xc5, 0x10, 0xc4, 0x10, 0xe4, 0x10, 0xc5, 0x10, 0xc5, 0x08, 0xe5, 0x10,
    0xc5, 0x10, 0xc5, 0x10, 0xe5, 0x10, 0xc5, 0x08, 0xc4, 0x10, 0xe5, 0x10,
    0xc4, 0x10, 0xc5, 0x10, 0xc5, 0x08, 0xc4, 0x10, 0xe5, 0x10, 0xc4, 0x10,
    0xc5, 0x10, 0xe5, 0x08, 0xc4, 0x10, 0xc5, 0x10, 0xe5, 0x10, 0xc4, 0x10,
    0xc5, 0x10, 0xc5, 0x10, 0xe5, 0x10, 0xc5, 0x10, 0xc5, 0x08, 0xc5, 0x10,
    0xc4, 0x10, 0xe5, 0x10, 0xe5, 0x10, 0xc5, 0x08, 0xc4, 0x10, 0xc4, 0x10,
    0xe5, 0x10, 0xc4, 0x10, 0xc5, 0x08, 0xc5, 0x10, 0xc4, 0x10, 0xe5, 0x10,
    0xc5, 0x10, 0xc5, 0x10, 0xe5, 0x08, 0xc5, 0x10, 0xc5, 0x10, 0xe4, 0x10,
    0xc4, 0x10, 0xc5, 0x10, 0xc4, 0x08, 0xc5, 0x10, 0xe5, 0x10, 0xe4, 0x10,
    0xc4, 0x10, 0xc5, 0x10, 0xc5, 0x10, 0xe5, 0x10, 0xe5, 0x10, 0xe5, 0x10,
    0xe5, 0x10, 0x05, 0x11, 0x05, 0x11, 0x05, 0x11, 0x05, 0x19, 0x05, 0x11,
    0x05, 0x11, 0x05, 0x11, 0x05, 0x19, 0x06, 0x19, 0x05, 0x19, 0x05, 0x19,
    0x06, 0x19, 0x06, 0x11, 0x05, 0x11, 0x06, 0x19, 0x05, 0x11, 0x06, 0x19,
    0x06, 0x19, 0x05, 0x11, 0x06, 0x19, 0x05, 0x19, 0x05, 0x19, 0x06, 0x19,
    0x05, 0x19, 0x06, 0x19, 0x05, 0x19, 0x06, 0x19, 0x06, 0x19, 0x05, 0x19,
    0x05, 0x19, 0x06, 0x11, 0x26, 0x19, 0x06, 0x19, 0x05, 0x19, 0x06, 0x11,
    0x05, 0x19, 0x05, 0x19, 0x06, 0x19, 0x06, 0x19, 0x05, 0x19, 0x05, 0x19,
    0x06, 0x19, 0x05, 0x19, 0x06, 0x19, 0x05, 0x19, 0x06, 0x19, 0x06, 0x19,
    0x06, 0x19, 0x05, 0x11, 0x05, 0x19, 0x05, 0x11, 0x06, 0x19, 0x06, 0x19,
    0x05, 0x19, 0x05, 0x11, 0x06, 0x19, 0x05, 0x19, 0x05, 0x11, 0x05, 0x11,
    0x05, 0x19, 0x05, 0x11, 0x05, 0x11, 0xe5, 0x10, 0xe5, 0x10, 0xe5, 0x10,
    0xe5, 0x10, 0xe5, 0x10, 0xc5, 0x10, 0xc5, 0x10, 0xe5, 0x10, 0xe5, 0x10,
    0xe5, 0x10, 0xe5, 0x10, 0xe5, 0x10, 0xc5, 0x10, 0xc5, 0x10, 0xc4, 0x10,
    0xc4, 0x10, 0xc5, 0x10, 0xc5, 0x10, 0xc5, 0x10, 0xc4, 0x10, 0xe5, 0x10,
    0xc5, 0x10, 0xe5, 0x10, 0xc5, 0x10, 0xc5, 0x10, 0xc5, 0x10, 0xc4, 0x08,
    0xe4, 0x10, 0xc5, 0x10, 0xc5, 0x10, 0xc4, 0x10, 0xc5, 0x10, 0xe5, 0x10,
    0xc5, 0x10, 0xc5, 0x10, 0xc4, 0x08, 0xc4, 0x10, 0xc5, 0x10, 0xe5, 0x10,
    0xe5, 0x10, 0xc4, 0x10, 0xc5, 0x08, 0xc4, 0x10, 0xc4, 0x10, 0xe5, 0x10,
    0xc5, 0x10, 0xc5, 0x10, 0xc5, 0x08, 0xc5, 0x10, 0xc5, 0x10, 0xe5, 0x08,
    0xc4, 0x10, 0xc5, 0x10, 0xc5, 0x10, 0xc5, 0x10, 0xc5, 0x10, 0xe4, 0x08,
    0xe5, 0x10, 0xc5, 0x10, 0xe5, 0x08, 0xc4, 0x10, 0xc5, 0x10, 0xe5, 0x10,
    0xc4, 0x10, 0xc5, 0x08, 0xc5, 0x10, 0xc5, 0x10, 0xc5, 0x10, 0xc4, 0x10,
    0xc5, 0x10, 0xc4, 0x10, 0xe5, 0x08, 0xc5, 0x10, 0xc5, 0x10, 0xc5, 0x10,
    0xc4, 0x10, 0xc5, 0x08, 0xc5, 0x10, 0xc5, 0x10, 0xe5, 0x10, 0xc5, 0x08,
    0xc5, 0x10, 0xc5, 0x10, 0xc4, 0x10, 0xe5, 0x10, 0xc5, 0x10, 0xc4, 0x10,
    0xc4, 0x10, 0xc5, 0x10, 0xc5, 0x10, 0xc4, 0x10, 0xc5, 0x10, 0xc5, 0x10,
    0xc5, 0x10, 0xc5, 0x10, 0xc4, 0x10, 0xe5, 0x08, 0xc5, 0x10, 0xc5, 0x10,
    0xe5, 0x10, 0xc5, 0x10, 0xc5, 0x10, 0xe4, 0x10, 0xc5, 0x10, 0xe5, 0x10,
    0xc4, 0x10, 0xc5, 0x10, 0xe5, 0x10, 0xc5, 0x08, 0xc4, 0x10, 0xe5, 0x10,
    0xc5, 0x10, 0xe5, 0x10, 0xe5, 0x10, 0xc5, 0x10, 0xc5, 0x10, 0xc4, 0x10,
    0xc5, 0x10, 0xc5, 0x08, 0xc5, 0x10, 0xc5, 0x10, 0xc4, 0x10, 0xc4, 0x10,
    0xc5, 0x10, 0xc4, 0x10, 0xc5, 0x10, 0xe5, 0x10, 0xc4, 0x10, 0xc5, 0x10,
    0xc5, 0x08, 0xc4, 0x10, 0xe5, 0x10, 0xc4, 0x10, 0xc5, 0x10, 0xc5, 0x08,
    0xc4, 0x10, 0xe5, 0x10, 0xc5, 0x10, 0xc5, 0x10, 0xc5, 0x10, 0xc5, 0x10,
    0xc4, 0x08, 0xe5, 0x10, 0xc5, 0x10, 0xc4, 0x10, 0xc5, 0x10, 0xe4, 0x10,
    0xe5, 0x08, 0xc5, 0x10, 0xc4, 0x10, 0xc5, 0x10, 0xc5, 0x10, 0xe5, 0x10,
    0xc5, 0x10, 0xe5, 0x10, 0xc5, 0x10, 0xc5, 0x10, 0xc4, 0x10, 0xc5, 0x10,
    0xe4, 0x10, 0xc4, 0x10, 0xc5, 0x10, 0xc5, 0x10, 0xe4, 0x10, 0xc5, 0x10,
    0xc5, 0x10, 0xc5, 0x10, 0xc5, 0x10, 0xe5, 0x10, 0xc5, 0x08, 0xc5, 0x10,
    0xe5, 0x10, 0xc4, 0x10, 0xc5, 0x10, 0xc5, 0x10, 0xc5, 0x10, 0xe5, 0x10,
    0xc5, 0x10, 0xc5, 0x10, 0xc5, 0x10, 0xc5, 0x10, 0xc5, 0x10, 0xc5, 0x10,
    0xc5, 0x10, 0xc5, 0x10, 0xc5, 0x10, 0xc5, 0x10, 0xc5, 0x10, 0xc5, 0x10,
    0xc5, 0x10, 0xe5, 0x10, 0xc5, 0x10, 0xc5, 0x10, 0xc5, 0x10, 0xc4, 0x10,
    0xc5, 0x10, 0xe5, 0x10, 0xc5, 0x10, 0xc5, 0x10, 0xc5, 0x10, 0xc5, 0x10,
    0xc5, 0x10, 0xe5, 0x08, 0xc5, 0x10, 0xc5, 0x10, 0xe5, 0x10, 0xe4, 0x10,
    0xc5, 0x10, 0xc5, 0x10, 0xc5, 0x10, 0xc5, 0x10, 0xc4, 0x10, 0xe5, 0x10,
    0xc5, 0x10, 0xc5, 0x10, 0xe5, 0x10, 0xe5, 0x10, 0xc5, 0x10, 0xc5, 0x10,
    0xe5, 0x10, 0xc5, 0x08, 0xc5, 0x10, 0xe5, 0x10, 0xe5, 0x10, 0xc4, 0x10,
    0xc4, 0x10, 0xc5, 0x10, 0xc5, 0x10, 0xc5, 0x10, 0xc5, 0x10, 0xc5, 0x10,
    0xc5, 0x10, 0xc5, 0x10, 0xe5, 0x10, 0xc5, 0x10, 0xc5, 0x10, 0xe5, 0x10,
    0xc5, 0x10, 0xc5, 0x10, 0xc4, 0x10, 0xc5, 0x10, 0xe5, 0x10, 0xc5, 0x10,
    0xc5, 0x10, 0xc4, 0x10, 0xe5, 0x10, 0xc5, 0x10, 0xc4, 0x10, 0xc5, 0x10,
    0xc5, 0x10, 0xc4, 0x10, 0xc5, 0x10, 0xc5, 0x10, 0xc5, 0x10, 0xc5, 0x10,
    0xe5, 0x10, 0xc5, 0x08, 0xc5, 0x10, 0xc4, 0x10, 0xc5, 0x10, 0xc5, 0x10,
    0xc5, 0x10, 0xc4, 0x10, 0xe5, 0x10, 0xc5, 0x10, 0xc5, 0x10, 0xe5, 0x10,
    0xc5, 0x10, 0xc4, 0x10, 0xc5, 0x10, 0xe5, 0x10, 0xc4, 0x08, 0xc5, 0x10,
    0xc5, 0x10, 0xe4, 0x10, 0xc5, 0x10, 0xc5, 0x10, 0xe5, 0x10, 0xc5, 0x10,
    0xc5, 0x10, 0xc5, 0x10, 0xc5, 0x10, 0xc5, 0x10, 0xe5, 0x10, 0xc5, 0x08,
    0xc4, 0x10, 0xc5, 0x10, 0xe5, 0x10, 0xe4, 0x10, 0xc4, 0x10, 0xc5, 0x10,
    0xe5, 0x10, 0xc4, 0x10, 0xe5, 0x08, 0xc4, 0x10, 0xc5, 0x10, 0xc5, 0x10,
    0xc4, 0x10, 0xc5, 0x10, 0xc4, 0x10, 0xe5, 0x10, 0xc5, 0x10, 0xc5, 0x10,
    0xc5, 0x10, 0xc5, 0x10, 0xe5, 0x10, 0xc5, 0x10, 0xc4, 0x08, 0xe5, 0x10,
    0xc5, 0x10, 0xc5, 0x10, 0xe5, 0x10, 0xc4, 0x10, 0xc5, 0x10, 0xe5, 0x10,
    0xc4, 0x10, 0xc5, 0x10, 0xc5, 0x10, 0xe4, 0x10, 0xc5, 0x10, 0xe5, 0x10,
    0xe5, 0x10, 0xc4, 0x10, 0xc5, 0x08, 0xc5, 0x10, 0xc5, 0x10, 0xc5, 0x10,
    0xc5, 0x10, 0xc5, 0x10, 0xe4, 0x08, 0xc5, 0x10, 0xc5, 0x10, 0xe4, 0x10,
    0xc4, 0x10, 0xc5, 0x08, 0xe5, 0x10, 0xc5, 0x10, 0xc5, 0x10, 0xc4, 0x08,
    0xc4, 0x10, 0xc5, 0x10, 0xc4, 0x08, 0xe5, 0x10, 0xc5, 0x10, 0xc5, 0x10,
    0xe5, 0x10, 0xc5, 0x10, 0xc4, 0x10, 0xe4, 0x10, 0xc5, 0x10, 0xc4, 0x10,
    0xc4, 0x10, 0xc5, 0x10, 0xc5, 0x08, 0xc5, 0x10, 0xc5, 0x10, 0xc5, 0x10,
    0xc4, 0x10, 0xe5, 0x10, 0xc5, 0x10, 0xc5, 0x10, 0xe5, 0x10, 0xc5, 0x10,
    0xc5, 0x10, 0xc5, 0x10, 0xe4, 0x10, 0xc5, 0x10, 0xc5, 0x10, 0xc5, 0x10,
    0xe5, 0x10, 0xc5, 0x10, 0xc5, 0x10, 0xc5, 0x10, 0xe5, 0x10, 0xc5, 0x10,
    0xc5, 0x10, 0xc5, 0x10, 0xc5, 0x08, 0xe4, 0x10, 0xe5, 0x10, 0xc4, 0x10,
    0xc5, 0x10, 0xc5, 0x10, 0xe4, 0x10, 0xc5, 0x10, 0xc5, 0x10, 0xc5, 0x10,
    0xc5, 0x10, 0xc5, 0x10, 0xc5, 0x10, 0xc5, 0x10, 0xe5, 0x10, 0xc5, 0x08,
    0xc5, 0x10, 0xc4, 0x10, 0xc5, 0x10, 0xe5, 0x10, 0xc5, 0x10, 0xe5, 0x08,
    0xc5, 0x10, 0xc5, 0x10, 0xc4, 0x10, 0xc5, 0x10, 0xc5, 0x08, 0xc5, 0x10,
    0xc5, 0x10, 0xe5, 0x08, 0xc4, 0x10, 0xc5, 0x10, 0xc4, 0x10, 0xc5, 0x10,
    0xc5, 0x10, 0xc5, 0x08, 0xc4, 0x10, 0xe5, 0x10, 0xc5, 0x10, 0xc5, 0x10,
    0xc4, 0x08, 0xc5, 0x10, 0xe5, 0x10, 0xc5, 0x10, 0xc4, 0x10, 0xc5, 0x10,
    0xe4, 0x10, 0xc5, 0x10, 0xc5, 0x10, 0xe4, 0x08, 0xc5, 0x10, 0xc5, 0x10,
    0xe4, 0x10, 0xc5, 0x10, 0xc4, 0x10, 0xc5, 0x10, 0xe5, 0x10, 0xe5, 0x10,
    0xc5, 0x10, 0xc5, 0x08, 0xc4, 0x10, 0xc5, 0x10, 0xe5, 0x08, 0xe4, 0x10,
    0xc5, 0x10, 0xc5, 0x10, 0xc4, 0x10, 0xc5, 0x10, 0xc5, 0x08, 0xc5, 0x10,
    0xe5, 0x10, 0xc5, 0x10, 0xe4, 0x10, 0xc4, 0x08, 0xc5, 0x10, 0xe5, 0x10,
    0xc5, 0x10, 0xc5, 0x08, 0xc5, 0x10, 0xc4, 0x10, 0xc5, 0x10, 0xe5, 0x10,
    0xc4, 0x10, 0xc5, 0x10, 0xc5, 0x10, 0xc4, 0x10, 0xc5, 0x08, 0xc5, 0x10,
    0xe5, 0x10, 0xc5, 0x10, 0xe5, 0x10, 0xc5, 0x10, 0xc4, 0x08, 0xe5, 0x10,
    0xe4, 0x10, 0xc4, 0x08, 0xc5, 0x10, 0xc5, 0x10, 0xc5, 0x10, 0xc5, 0x10,
    0xc5, 0x10, 0xe5, 0x10, 0xc5, 0x10, 0xc5, 0x10, 0xc5, 0x10, 0xc4, 0x10,
    0xc5, 0x10, 0xc5, 0x10, 0xc4, 0x10, 0xc5, 0x10, 0xc5, 0x08, 0xe4, 0x10,
    0xc5, 0x10, 0xc5, 0x10, 0xe5, 0x10, 0xc5, 0x10, 0xc4, 0x08, 0xe5, 0x10,
    0xc5, 0x10, 0xc5, 0x10, 0xc4, 0x10, 0xe5, 0x08, 0xe5, 0x10, 0xc5, 0x10,
    0xc4, 0x10, 0xc5, 0x10, 0xc4, 0x08, 0xc5, 0x10, 0xe4, 0x10, 0xc5, 0x10,
    0xc5, 0x10, 0xc5, 0x08, 0xe5, 0x10, 0xc5, 0x10, 0xc5, 0x10, 0xc4, 0x10,
    0xc5, 0x08, 0xc5, 0x10, 0xe5, 0x10, 0xc5, 0x10, 0xc5, 0x10, 0xc4, 0x08,
    0xc4, 0x10, 0xc5, 0x10, 0xe5, 0x10, 0xe5, 0x10, 0xc5, 0x10, 0xc5, 0x10,
    0xc4, 0x10, 0xe5, 0x10, 0xc5, 0x10, 0xc5, 0x10, 0xc5, 0x08, 0xc5, 0x10,
    0xc4, 0x10, 0xc5, 0x10, 0xc5, 0x10, 0xc5, 0x10, 0xe5, 0x10, 0xc5, 0x10,
    0xc5, 0x10, 0xc5, 0x10, 0xc5, 0x10, 0xc5, 0x10, 0xc5, 0x10, 0xe4, 0x08,
    0xc5, 0x10, 0xc5, 0x10, 0xe4, 0x10, 0xc4, 0x10, 0xc5, 0x10, 0xe5, 0x10,
    0xc5, 0x08, 0xc5, 0x10, 0xc5, 0x10, 0xc5, 0x10, 0xc4, 0x10, 0xe5, 0x08,
    0xc5, 0x10, 0xc5, 0x10, 0xe5, 0x10, 0xc4, 0x08, 0xc5, 0x10, 0xc5, 0x10,
    0xc4, 0x10, 0xe5, 0x10, 0xc5, 0x10, 0xc4, 0x10, 0xc4, 0x10, 0xe5, 0x08,
    0xe5, 0x10, 0xc5, 0x10, 0xe5, 0x10, 0xe5, 0x10, 0xc5, 0x08, 0xc5, 0x10,
    0xc5, 0x10, 0xe4, 0x10, 0xc5, 0x10, 0xc5, 0x10, 0xc5, 0x10, 0xe5, 0x10,
    0xc5, 0x10, 0xc5, 0x10, 0xc5, 0x10, 0xc5, 0x10, 0xc5, 0x10, 0xc4, 0x10,
    0xc5, 0x08, 0xe5, 0x10, 0xc5, 0x10, 0xc5, 0x10, 0xc5, 0x10, 0xe5, 0x10,
    0xc5, 0x08, 0xc5, 0x10, 0xc4, 0x10, 0xc4, 0x10, 0xe5, 0x10, 0xe4, 0x08,
    0xc5, 0x10, 0xc5, 0x10, 0xe4, 0x10, 0xc4, 0x08, 0xc5, 0x10, 0xe5, 0x10,
    0xc5, 0x10, 0xc5, 0x10, 0xc5, 0x10, 0xc5, 0x08, 0xc4, 0x10, 0xe5, 0x10,
    0xc5, 0x10, 0xc4, 0x10, 0xc5, 0x08, 0xe5, 0x10, 0xc4, 0x10, 0xc5, 0x10,
    0xe5, 0x10, 0xe5, 0x10, 0xc4, 0x10, 0xc5, 0x10, 0xc5, 0x08, 0xe5, 0x10,
    0xc5, 0x10, 0xc5, 0x10, 0xc5, 0x10, 0xe5, 0x08, 0xc5, 0x10, 0xe4, 0x10,
    0xc5, 0x10, 0xc4, 0x10, 0xe5, 0x10, 0xe5, 0x08, 0xc4, 0x10, 0xc4, 0x10,
    0xc5, 0x10, 0xc5, 0x10, 0xe4, 0x08, 0xc5, 0x10, 0xc4, 0x10, 0xc5, 0x10,
    0xc5, 0x10, 0xc5, 0x08, 0xe5, 0x10, 0xc5, 0x10, 0xe5, 0x10, 0xc4, 0x10,
    0xc5, 0x10, 0xe4, 0x10, 0xc5, 0x10, 0xc5, 0x10, 0xe5, 0x10, 0xc4, 0x10,
    0xc5, 0x10, 0xc5, 0x10, 0xe5, 0x10, 0xc5, 0x08, 0xc4, 0x10, 0xc4, 0x10,
    0xe5, 0x10, 0xc5, 0x10, 0xc5, 0x10, 0xc4, 0x08, 0xe5, 0x10, 0xc5, 0x10,
    0xc5, 0x10, 0xe4, 0x10, 0xc5, 0x10, 0xc5, 0x10, 0xe5, 0x10, 0xc4, 0x10,
    0xc5, 0x08, 0xc5, 0x10, 0xc5, 0x10, 0xe4, 0x10, 0xc5, 0x08, 0xc5, 0x10,
    0xc4, 0x10, 0xc5, 0x10, 0xe5, 0x10, 0xc4, 0x10, 0xc5, 0x10, 0xc5, 0x10,
    0xc5, 0x10, 0xc4, 0x10, 0xc5, 0x10, 0xe4, 0x10, 0xc5, 0x10, 0xc5, 0x10,
    0xc4, 0x08, 0xc5, 0x10, 0xc5, 0x10, 0xe5, 0x10, 0xc5, 0x10, 0xc5, 0x10,
    0xc5, 0x10, 0xc4, 0x10, 0xe5, 0x10, 0xc5, 0x10, 0xc4, 0x08, 0xc5, 0x10,
    0xc5, 0x10, 0xc4, 0x10, 0xe5, 0x10, 0xc5, 0x10, 0xc5, 0x10, 0xe5, 0x10,
    0xc5, 0x10, 0xc4, 0x08, 0xc5, 0x10, 0xe4, 0x10, 0xc5, 0x10, 0xc5, 0x10,
    0xc5, 0x10, 0xc5, 0x10, 0xc4, 0x10, 0xc5, 0x10, 0xe5, 0x08, 0xc4, 0x10,
    0xc4, 0x10, 0xc5, 0x10, 0xe5, 0x10, 0xc4, 0x08, 0xc5, 0x10, 0xe5, 0x10,
    0xe5, 0x08, 0xc5, 0x10, 0xc5, 0x10, 0xc4, 0x10, 0xe5, 0x10, 0xc5, 0x10,
    0xc5, 0x08, 0xe5, 0x10, 0xc4, 0x10, 0xc4, 0x10, 0xc5, 0x10, 0xe4, 0x10,
    0xc5, 0x10, 0xc4, 0x10, 0xe5, 0x10, 0xc5, 0x10, 0xc5, 0x10, 0xc4, 0x10,
    0xe5, 0x08, 0xe5, 0x10, 0xc5, 0x10, 0xc5, 0x10, 0xc5, 0x10, 0xc4, 0x08,
    0xc5, 0x10, 0xe5, 0x10, 0xc4, 0x10, 0xc4, 0x10, 0xc5, 0x10, 0xe5, 0x10,
    0xc5, 0x10, 0xe5, 0x10, 0xc4, 0x10, 0xc5, 0x08, 0xe4, 0x10, 0xc5, 0x10,
    0xc5, 0x10, 0xe4, 0x10, 0xc5, 0x08, 0xc4, 0x10, 0xc4, 0x10, 0xc5, 0x10,
    0xe5, 0x10, 0xc4, 0x08, 0xc5, 0x10, 0xc5, 0x10, 0xe5, 0x10, 0xe5, 0x10,
    0xc5, 0x08, 0xc5, 0x10, 0xe5, 0x10, 0xc4, 0x10, 0xc5, 0x08, 0xe4, 0x10,
    0xc5, 0x10, 0xe5, 0x08, 0xe4, 0x10, 0xc5, 0x10, 0xc5, 0x10, 0xc4, 0x10,
    0xc5, 0x10, 0xe5, 0x10, 0xc5, 0x08, 0xc5, 0x10, 0xe5, 0x10, 0xc5, 0x10,
    0xc5, 0x10, 0xe4, 0x10, 0xe4, 0x08, 0xc5, 0x10, 0xc5, 0x10, 0xc4, 0x10,
    0xc5, 0x10, 0xe5, 0x10, 0xc5, 0x10, 0xc5, 0x10, 0xc5, 0x10, 0xc4, 0x10,
    0xc5, 0x08, 0xc5, 0x10, 0xe5, 0x10, 0xc5, 0x10, 0xe5, 0x10, 0xc5, 0x10,
    0xc4, 0x10, 0xc4, 0x10, 0xc5, 0x10, 0xc5, 0x10, 0xc4, 0x10, 0xc5, 0x10,
    0xe5, 0x10, 0xc5, 0x10, 0xc4, 0x10, 0xc4, 0x10, 0xe5, 0x10, 0xc4, 0x10,
    0xe5, 0x10, 0xc5, 0x10, 0xe4, 0x10, 0xe5, 0x10, 0xc5, 0x08, 0xc4, 0x10,
    0xc5, 0x10, 0xc4, 0x10, 0xc5, 0x10, 0xc5, 0x08, 0xc5, 0x10, 0xc5, 0x10,
    0xc5, 0x10, 0xe5, 0x10, 0xe5, 0x10, 0xc5, 0x10, 0xc5, 0x10, 0xc5, 0x10,
    0xc5, 0x10, 0xe5, 0x10, 0xc5, 0x10, 0xc5, 0x10, 0xc4, 0x10, 0xc5, 0x10,
    0xc5, 0x10, 0xc4, 0x10, 0xe5, 0x10, 0xc5, 0x10, 0xc5, 0x10, 0xe4, 0x10,
    0xc5, 0x08, 0xc5, 0x10, 0xe5, 0x10, 0xc4, 0x10, 0xc5, 0x10, 0xc5, 0x08,
    0xc4, 0x10, 0xc4, 0x10, 0xc5, 0x10, 0xc5, 0x10, 0xc5, 0x10, 0xc4, 0x10,
    0xe5, 0x10, 0xc5, 0x08, 0xc4, 0x10, 0xc5, 0x10, 0xc5, 0x10, 0xc4, 0x10,
    0xc5, 0x08, 0xc5, 0x10, 0xc4, 0x10, 0xc5, 0x10, 0xc5, 0x10, 0xc5, 0x10,
    0xc5, 0x10, 0xe4, 0x10, 0xc5, 0x10, 0xc5, 0x10, 0xc5, 0x10, 0xe4, 0x10,
    0xc5, 0x10, 0xc4, 0x10, 0xe5, 0x10, 0xc5, 0x10, 0xc4, 0x10, 0xe5, 0x10,
    0xc5, 0x10, 0xc5, 0x10, 0xc5, 0x10, 0xe5, 0x10, 0xc5, 0x08, 0xc5, 0x10,
    0xe4, 0x10, 0xe5, 0x10, 0xc5, 0x10, 0xc5, 0x10, 0xc5, 0x10, 0xe5, 0x10,
    0xc5, 0x10, 0xc5, 0x10, 0xc4, 0x10, 0xe5, 0x10, 0xc5, 0x10, 0xc5, 0x10,
    0xc5, 0x10, 0xc5, 0x08, 0xc5, 0x10, 0xe5, 0x10, 0xc4, 0x10, 0xc5, 0x10,
    0xc5, 0x10, 0xe5, 0x10, 0xc5, 0x10, 0xc5, 0x10, 0xc4, 0x10, 0xc5, 0x10,
    0xc5, 0x10, 0xe4, 0x10, 0xc5, 0x10, 0xe5, 0x10, 0xc5, 0x10, 0xc5, 0x10,
    0xc4, 0x10, 0xe5, 0x08, 0xe5, 0x10, 0xc5, 0x10, 0xe5, 0x10, 0xc4, 0x10,
    0xc5, 0x10, 0xc5, 0x10, 0xc4, 0x10, 0xc5, 0x10, 0xe5, 0x10, 0xc4, 0x08,
    0xc4, 0x10, 0xe5, 0x10, 0xc5, 0x10, 0xc5, 0x10, 0xc5, 0x10, 0xe5, 0x10,
    0xc5, 0x10, 0xc5, 0x08, 0xe5, 0x10, 0xc4, 0x10, 0xc4, 0x10, 0xc5, 0x10,
    0xc4, 0x10, 0xc5, 0x10, 0xc5, 0x10, 0xc5, 0x10, 0xe5, 0x10, 0xc5, 0x10,
    0xc5, 0x10, 0xc5, 0x10, 0xe5, 0x10, 0xe4, 0x10, 0xc5, 0x10, 0xe5, 0x10,
    0xc5, 0x08, 0xc5, 0x10, 0xc4, 0x10, 0xe5, 0x10, 0xc5, 0x10, 0xc5, 0x10,
    0xc4, 0x10, 0xe5, 0x10, 0xc5, 0x10, 0xe5, 0x08, 0xc5, 0x10, 0xc5, 0x10,
    0xc4, 0x10, 0xc5, 0x10, 0xc5, 0x10, 0xe5, 0x08, 0xc5, 0x10, 0xc5, 0x10,
    0xc5, 0x08, 0xc5, 0x10, 0xc5, 0x10, 0xc5, 0x10, 0xc4, 0x10, 0xc5, 0x10,
    0xc5, 0x10, 0xc5, 0x10, 0xe5, 0x10, 0xc4, 0x10, 0xe5, 0x10, 0xc5, 0x10,
    0xc5, 0x10, 0xe4, 0x10, 0xc5, 0x08, 0xc5, 0x10, 0xe5, 0x10, 0xc5, 0x10,
    0xc5, 0x10, 0xc4, 0x10, 0xc5, 0x10, 0xc5, 0x10, 0xc5, 0x10, 0xe5, 0x10,
    0xc5, 0x10, 0xc5, 0x10, 0xc5, 0x10, 0xc5, 0x10, 0xc5, 0x08, 0xe5, 0x10,
    0xc5, 0x10, 0xc5, 0x10, 0xc4, 0x10, 0xc4, 0x10, 0xc5, 0x10, 0xc4, 0x10,
    0xc5, 0x10, 0xe5, 0x10, 0xc5, 0x10, 0xc4, 0x10, 0xc5, 0x10, 0xc5, 0x10,
    0xc4, 0x10, 0xc5, 0x10, 0xc5, 0x10, 0xc4, 0x08, 0xe5, 0x10, 0xc5, 0x10,
    0xc5, 0x10, 0xe5, 0x10, 0xc4, 0x10, 0xc5, 0x10, 0xc5, 0x10, 0xc4, 0x10,
    0xc4, 0x10, 0xc5, 0x10, 0xc5, 0x10, 0xc5, 0x10, 0xe5, 0x10, 0xe5, 0x10,
    0xc4, 0x10, 0xc5, 0x10, 0xc4, 0x08, 0xc4, 0x10, 0xe5, 0x10, 0xe5, 0x10,
    0xc5, 0x10, 0xc5, 0x10, 0xc4, 0x10, 0xc5, 0x08, 0xc5, 0x10, 0xc5, 0x10,
    0xc5, 0x10, 0xc5, 0x08, 0xc4, 0x10, 0xc5, 0x10, 0xc5, 0x10, 0xe4, 0x10,
    0xc5, 0x10, 0xc5, 0x08, 0xc5, 0x10, 0xe5, 0x10, 0xc5, 0x08, 0xc5, 0x10,
    0xc4, 0x10, 0xc5, 0x08, 0xc5, 0x10, 0xc4, 0x10, 0xc5, 0x10, 0xe5, 0x10,
    0xe5, 0x10, 0xc5, 0x10, 0xe4, 0x10, 0xc5, 0x10, 0xe4, 0x10, 0xc4, 0x10,
    0xc5, 0x10, 0xc4, 0x10, 0xc5, 0x10, 0xc5, 0x08, 0xe4, 0x10, 0xc5, 0x10,
    0xc5, 0x10, 0xc4, 0x08, 0xc5, 0x10, 0xe5, 0x10, 0xc5, 0x10, 0xc5, 0x10,
    0xc5, 0x10, 0xc5, 0x10, 0xc4, 0x10, 0xe5, 0x10, 0xc4, 0x10, 0xc5, 0x10,
    0xc5, 0x10, 0xe5, 0x10, 0xc4, 0x10, 0xc5, 0x10, 0xc5, 0x10, 0xc5, 0x10,
    0xe5, 0x10, 0xc5, 0x08, 0xc5, 0x10, 0xe5, 0x10, 0xc4, 0x10, 0xc5, 0x10,
    0xc5, 0x10, 0xe4, 0x10, 0xc5, 0x10, 0xc5, 0x10, 0xe4, 0x10, 0xc5, 0x10,
    0xe5, 0x10, 0xc5, 0x10, 0xe5, 0x10, 0xc5, 0x10, 0xc4, 0x10, 0xe5, 0x10,
    0xe5, 0x08, 0xc5, 0x10, 0xc5, 0x10, 0xc5, 0x10, 0xe5, 0x08, 0xc5, 0x10,
    0xe5, 0x10, 0xc5, 0x10, 0xc4, 0x10, 0xc5, 0x10, 0xc4, 0x08, 0xc5, 0x10,
    0xc5, 0x10, 0xc4, 0x08, 0xe5, 0x10, 0xc4, 0x10, 0xc4, 0x10, 0xc5, 0x10,
    0xc5, 0x10, 0xc5, 0x08, 0xc4, 0x10, 0xc4, 0x10, 0xe5, 0x10, 0xc5, 0x08,
    0xc5, 0x10, 0xc4, 0x10, 0xe5, 0x10, 0xc5, 0x10, 0xc5, 0x10, 0xc4, 0x08,
    0xe4, 0x10, 0xc5, 0x10, 0xc5, 0x10, 0xc4, 0x10, 0xc5, 0x08, 0xc5, 0x10,
    0xe5, 0x10, 0xc4, 0x10, 0xc4, 0x10, 0xe5, 0x08, 0xc5, 0x10, 0xc4, 0x10,
    0xe5, 0x10, 0xc5, 0x08, 0xc5, 0x10, 0xc5, 0x10, 0xc5, 0x08, 0xe4, 0x10,
    0xc5, 0x10, 0xc5, 0x10, 0xc5, 0x10, 0xc5, 0x10, 0xc4, 0x08, 0xe5, 0x10,
    0xc5, 0x10, 0xe5, 0x10, 0xe5, 0x08, 0xc5, 0x10, 0xc4, 0x10, 0xc5, 0x10,
    0xe5, 0x10, 0xc5, 0x10, 0xc4, 0x08, 0xc4, 0x10, 0xe5, 0x10, 0xc5, 0x10,
    0xe4, 0x10, 0xc5, 0x10, 0xc5, 0x10, 0xc5, 0x08, 0xc5, 0x10, 0xe5, 0x10,
    0xc5, 0x08, 0xe5, 0x10, 0xe5, 0x10, 0xc4, 0x10, 0xc5, 0x08, 0xc4, 0x10,
    0xe4, 0x10, 0xc5, 0x08, 0xc5, 0x10, 0xc5, 0x10, 0xc4, 0x10, 0xc5, 0x10,
    0xe5, 0x10, 0xc4, 0x10, 0xc5, 0x10, 0xc5, 0x10, 0xc5, 0x10, 0xc4, 0x10,
    0xc5, 0x10, 0xc5, 0x10, 0xc4, 0x10, 0xc5, 0x10, 0xe5, 0x10, 0xc4, 0x10,
    0xe5, 0x10, 0xc5, 0x10, 0xc5, 0x10, 0xc5, 0x10, 0xe5, 0x10, 0xc5, 0x10,
    0xc5, 0x10, 0xe4, 0x10, 0xe5, 0x10, 0xc5, 0x08, 0xc4, 0x10, 0xe5, 0x10,
    0xc5, 0x10, 0xc5, 0x10, 0xc4, 0x08, 0xc5, 0x10, 0xc5, 0x10, 0xe5, 0x10,
    0xc5, 0x10, 0xc5, 0x10, 0xc5, 0x10, 0xe5, 0x10, 0xc5, 0x10, 0xc4, 0x10,
    0xe4, 0x08, 0xc5, 0x10, 0xc5, 0x10, 0xe5, 0x10, 0xc4, 0x10, 0xc5, 0x10,
    0xc5, 0x08, 0xe5, 0x10, 0xe4, 0x10, 0xc5, 0x10, 0xc5, 0x10, 0xe5, 0x10,
    0xc4, 0x10, 0xc5, 0x10, 0xc5, 0x10, 0xe5, 0x08, 0xc5, 0x10, 0xc5, 0x10,
    0xc4, 0x10, 0xc5, 0x10, 0xc4, 0x10, 0xc5, 0x08, 0xe5, 0x10, 0xc5, 0x10,
    0xe5, 0x10, 0xc5, 0x10, 0xc4, 0x10, 0xc5, 0x10, 0xc5, 0x10, 0xe5, 0x10,
    0xc4, 0x10, 0xc4, 0x08, 0xc5, 0x10, 0xc5, 0x10, 0xe5, 0x10, 0xc5, 0x08,
    0xe5, 0x10, 0xc5, 0x10, 0xc5, 0x10, 0xc4, 0x10, 0xc5, 0x10, 0xc5, 0x08,
    0xc5, 0x10, 0xc5, 0x10, 0xe5, 0x10, 0xc5, 0x10, 0xc5, 0x10, 0xc5, 0x08,
    0xc4, 0x10, 0xe5, 0x10, 0xc5, 0x10, 0xc4, 0x10, 0xe5, 0x10, 0xc4, 0x10,
    0xc5, 0x10, 0xe5, 0x10, 0xe5, 0x10, 0xc4, 0x10, 0xe5, 0x08, 0xc5, 0x10,
    0xc4, 0x10, 0xc5, 0x10, 0xc5, 0x10, 0xe5, 0x10, 0xc5, 0x10, 0xc4, 0x10,
    0xc5, 0x10, 0xc5, 0x10, 0xe5, 0x10, 0xc5, 0x10, 0xc4, 0x10, 0xc5, 0x10,
    0xc5, 0x10, 0xc5, 0x10, 0xc5, 0x08, 0xe5, 0x10, 0xc5, 0x10, 0xe5, 0x08,
    0xc5, 0x10, 0xe5, 0x10, 0xc4, 0x10, 0xc5, 0x10, 0xe5, 0x10, 0xc4, 0x10,
    0xc5, 0x10, 0xe5, 0x10, 0xc4, 0x10, 0xc5, 0x10, 0xe5, 0x08, 0xc5, 0x10,
    0xc5, 0x10, 0xc5, 0x10, 0xe5, 0x10, 0xc5, 0x08, 0xc5, 0x10, 0xc5, 0x10,
    0xc5, 0x10, 0xc4, 0x10, 0xc5, 0x10, 0xc5, 0x08, 0xe4, 0x10, 0xe4, 0x10,
    0xc5, 0x10, 0xc5, 0x10, 0xe5, 0x10, 0xc5, 0x10, 0xe4, 0x08, 0xc5, 0x10,
    0xc5, 0x10, 0xc4, 0x10, 0xc5, 0x10, 0xe5, 0x10, 0xc5, 0x10, 0xc5, 0x08,
    0xc5, 0x10, 0xe4, 0x10, 0xc5, 0x10, 0xc5, 0x08, 0xe4, 0x10, 0xc5, 0x10,
    0xc5, 0x10, 0xc4, 0x10, 0xc5, 0x10, 0xe4, 0x10, 0xc4, 0x10, 0xc5, 0x10,
    0xc5, 0x10, 0xc5, 0x08, 0xe5, 0x10, 0xc5, 0x10, 0xc5, 0x10, 0xe5, 0x10,
    0xc5, 0x10, 0xe4, 0x10, 0xc5, 0x10, 0xc5, 0x10, 0xc5, 0x10, 0xc5, 0x10,
    0xe5, 0x10, 0xc5, 0x10, 0xc5, 0x10, 0xe5, 0x10, 0xc4, 0x10, 0xc5, 0x10,
    0xc5, 0x10, 0xe4, 0x10, 0xc5, 0x08, 0xc5, 0x10, 0xe5, 0x10, 0xc5, 0x10,
    0xc5, 0x10, 0xe5, 0x10, 0xc4, 0x10, 0xe5, 0x10, 0xc5, 0x10, 0xc5, 0x10,
    0xe5, 0x10, 0xc5, 0x08, 0xc5, 0x10, 0xe5, 0x10, 0xc5, 0x10, 0xc5, 0x10,
    0xe5, 0x10, 0xc5, 0x10, 0xc4, 0x10, 0xc4, 0x10, 0xe5, 0x10, 0xc5, 0x10,
    0xe5, 0x10, 0xc5, 0x10, 0xc5, 0x10, 0xc4, 0x10, 0xc5, 0x10, 0xc5, 0x10,
    0xc5, 0x10, 0xc4, 0x10, 0xc5, 0x10, 0xc5, 0x10, 0xc5, 0x10, 0xe5, 0x10,
    0xc5, 0x10, 0xc5, 0x10, 0xc5, 0x10, 0xe5, 0x10, 0xc5, 0x10, 0xc4, 0x08,
    0xc5, 0x10, 0xc4, 0x10, 0xe5, 0x10, 0xe5, 0x10, 0xc5, 0x10, 0xc5, 0x10,
    0xc4, 0x10, 0xc5, 0x10, 0xc5, 0x10, 0xc4, 0x10, 0xc5, 0x10, 0xe5, 0x10,
    0xc5, 0x10, 0xc4, 0x10, 0xe5, 0x10, 0xc5, 0x08, 0xc5, 0x10, 0xc5, 0x10,
    0xc4, 0x10, 0xe5, 0x10, 0xc5, 0x10, 0xc5, 0x08, 0xe4, 0x10, 0xe5, 0x10,
    0xc5, 0x08, 0xc4, 0x10, 0xc5, 0x10, 0xc5, 0x10, 0xc4, 0x10, 0xc5, 0x10,
    0xc5, 0x08, 0xe4, 0x10, 0xc4, 0x10, 0xc5, 0x10, 0xc4, 0x10, 0xe4, 0x10,
    0xc5, 0x10, 0xc5, 0x10, 0xc4, 0x10, 0xe5, 0x10, 0xc5, 0x10, 0xc5, 0x08,
    0xe4, 0x10, 0xc4, 0x10, 0xc5, 0x10, 0xe5, 0x10, 0xc4, 0x10, 0xc4, 0x08,
    0xc5, 0x10, 0xe5, 0x10, 0xc4, 0x10, 0xc5, 0x10, 0xc4, 0x08, 0xc5, 0x10,
    0xc5, 0x10, 0xe5, 0x10, 0xc5, 0x08, 0xc4, 0x10, 0xe5, 0x10, 0xc5, 0x10,
    0xc4, 0x10, 0xc4, 0x10, 0xc5, 0x10, 0xe4, 0x10, 0xc5, 0x10, 0xc5, 0x10,
    0xc4, 0x08, 0xe5, 0x10, 0xe5, 0x10, 0xc5, 0x10, 0xe4, 0x10, 0xe5, 0x10,
    0xc5, 0x08, 0xe5, 0x10, 0xc5, 0x10, 0xc5, 0x10, 0xe5, 0x10, 0xc4, 0x08,
    0xc5, 0x10, 0xe5, 0x10, 0xe5, 0x10, 0xc5, 0x10, 0xe4, 0x10, 0xc5, 0x08,
    0xc5, 0x10, 0xc5, 0x10, 0xc5, 0x10, 0xe5, 0x10, 0xc4, 0x10, 0xc5, 0x10,
    0xc5, 0x10, 0xe4, 0x08, 0xc5, 0x10, 0xe5, 0x10, 0xc4, 0x10, 0xc5, 0x10,
    0xc5, 0x10, 0xe4, 0x10, 0xc5, 0x10, 0xe5, 0x10, 0xc5, 0x10, 0xc4, 0x10,
    0xc5, 0x10, 0xc4, 0x10, 0xe5, 0x08, 0xc5, 0x10, 0xc5, 0x10, 0xe5, 0x08,
    0xc4, 0x10, 0xc5, 0x10, 0xc5, 0x10, 0xc5, 0x10, 0xc5, 0x10, 0xe5, 0x10,
    0xc5, 0x10, 0xc5, 0x10, 0xe4, 0x10, 0xc4, 0x08, 0xc5, 0x10, 0xc5, 0x10,
    0xe5, 0x10, 0xe5, 0x10, 0xc4, 0x08, 0xc5, 0x10, 0xe5, 0x10, 0xc4, 0x10,
    0xc5, 0x08, 0xc4, 0x10, 0xc5, 0x10, 0xc5, 0x10, 0xc4, 0x10, 0xc5, 0x10,
    0xc5, 0x10, 0xc4, 0x08, 0xc5, 0x10, 0xc5, 0x10, 0xc5, 0x10, 0xc5, 0x08,
    0xe5, 0x10, 0xc4, 0x10, 0xc5, 0x10, 0xc5, 0x10, 0xc4, 0x10, 0xc4, 0x10,
    0xc5, 0x10, 0xc4, 0x10, 0xc5, 0x10, 0xc5, 0x10, 0xc4, 0x10, 0xe5, 0x10,
    0xc4, 0x08, 0xe5, 0x10, 0xe5, 0x10, 0xc5, 0x10, 0xc5, 0x10, 0xc5, 0x10,
    0xc5, 0x10, 0xe4, 0x10, 0xc4, 0x10, 0xc5, 0x10, 0xc5, 0x10, 0xe5, 0x10,
    0xc5, 0x10, 0xc5, 0x08, 0xe5, 0x10, 0xc5, 0x10, 0xc4, 0x10, 0xc5, 0x10,
    0xc5, 0x10, 0xc4, 0x10, 0xc5, 0x10, 0xc5, 0x10, 0xc5, 0x10, 0xc5, 0x10,
    0xc5, 0x10, 0xc4, 0x10, 0xe5, 0x08, 0xc5, 0x10, 0xc5, 0x10, 0xc5, 0x10,
    0xc4, 0x10, 0xc4, 0x10, 0xc5, 0x10, 0xe5, 0x10, 0xc5, 0x10, 0xc5, 0x10,
    0xc4, 0x08, 0xc5, 0x10, 0xc5, 0x10, 0xc5, 0x10, 0xe5, 0x08, 0xe5, 0x10,
    0xc4, 0x10, 0xc4, 0x10, 0xe5, 0x10, 0xc5, 0x08, 0xc5, 0x10, 0xc4, 0x10,
    0xe5, 0x10, 0xc5, 0x10, 0xc5, 0x10, 0xc4, 0x10, 0xc4, 0x10, 0xc5, 0x10,
    0xe5, 0x10, 0xc5, 0x10, 0xc4, 0x08, 0xc5, 0x10, 0xe5, 0x10, 0xc4, 0x10,
    0xc4, 0x10, 0xc5, 0x10, 0xc5, 0x10, 0xc5, 0x10, 0xc4, 0x10, 0xc5, 0x08,
    0xc5, 0x10, 0xc4, 0x10, 0xc5, 0x10, 0xe5, 0x10, 0xc4, 0x10, 0xc5, 0x10,
    0xc5, 0x08, 0xc4, 0x10, 0xe4, 0x10, 0xc5, 0x08, 0xe5, 0x10, 0xc5, 0x10,
    0xc4, 0x10, 0xe5, 0x08, 0xc4, 0x10, 0xc5, 0x10, 0xe5, 0x08, 0xc4, 0x10,
    0xc5, 0x10, 0xc4, 0x08, 0xe5, 0x10, 0xc5, 0x10, 0xc4, 0x10, 0xc5, 0x10,
    0xc5, 0x10, 0xc5, 0x10, 0xc5, 0x10, 0xc4, 0x10, 0xe4, 0x10, 0xc5, 0x10,
    0xe5, 0x10, 0xc4, 0x10, 0xc5, 0x10, 0xc5, 0x08, 0xe5, 0x10, 0xc5, 0x10,
    0xc5, 0x10, 0xc5, 0x10, 0xe5, 0x10, 0xc4, 0x10, 0xc5, 0x10, 0xe5, 0x10,
    0xc5, 0x08, 0xc5, 0x10, 0xc5, 0x10, 0xe4, 0x10, 0xc5, 0x10, 0xc5, 0x10,
    0xe5, 0x10, 0xc5, 0x10, 0xe5, 0x10, 0xe4, 0x08, 0xc5, 0x10, 0xc5, 0x10,
    0xe5, 0x10, 0xc5, 0x10, 0xe5, 0x10, 0xc5, 0x08, 0xc5, 0x10, 0xc5, 0x10,
    0xc4, 0x08, 0xc5, 0x10, 0xc5, 0x10, 0xc5, 0x10, 0xe4, 0x10, 0xc5, 0x10,
    0xc5, 0x10, 0xc5, 0x10, 0xe5, 0x10, 0xc5, 0x10, 0xc5, 0x10, 0xc5, 0x10,
    0xe5, 0x10, 0xc4, 0x08, 0xc5, 0x10, 0xc5, 0x10, 0xe5, 0x10, 0xc5, 0x10,
    0xc5, 0x10, 0xc5, 0x10, 0xc5, 0x10, 0xc4, 0x10, 0xc5, 0x08, 0xc5, 0x10,
    0xe5, 0x10, 0xc5, 0x10, 0xc5, 0x08, 0xc5, 0x10, 0xc4, 0x10, 0xe5, 0x10,
    0xc5, 0x10, 0xc5, 0x10, 0xc5, 0x10, 0xc4, 0x10, 0xc5, 0x10, 0xc5, 0x10,
    0xc5, 0x10, 0xc5, 0x10, 0xe4, 0x10, 0xc5, 0x10, 0xc5, 0x10, 0xc4, 0x10,
    0xc5, 0x10, 0xc5, 0x10, 0xc4, 0x08, 0xc5, 0x10, 0xc5, 0x10, 0xc4, 0x10,
    0xc5, 0x10, 0xe5, 0x10, 0xc5, 0x10, 0xc4, 0x08, 0xe5, 0x10, 0xc4, 0x10,
    0xc5, 0x10, 0xc5, 0x10, 0xc5, 0x10, 0xc5, 0x08, 0xe5, 0x10, 0xc4, 0x10,
    0xe5, 0x10, 0xc5, 0x10, 0xc4, 0x08, 0xc5, 0x10, 0xc4, 0x10, 0xe5, 0x10,
    0xc5, 0x10, 0xe5, 0x10, 0xc5, 0x10, 0xc5, 0x10, 0xc4, 0x10, 0xc5, 0x10,
    0xe5, 0x10, 0xc5, 0x10, 0xc4, 0x08, 0xc5, 0x10, 0xc5, 0x10, 0xc4, 0x10,
    0xe5, 0x08, 0xc5, 0x10, 0xc5, 0x10, 0xc5, 0x10, 0xc5, 0x10, 0xe4, 0x08,
    0xc5, 0x10, 0xc5, 0x10, 0xc4, 0x10, 0xc5, 0x10, 0xc5, 0x10, 0xe5, 0x10,
    0xc5, 0x10, 0xe5, 0x10, 0xe4, 0x10, 0xc5, 0x10, 0xc5, 0x10, 0xc4, 0x10,
    0xe5, 0x10, 0xc5, 0x10, 0xc5, 0x10, 0xe5, 0x10, 0xc4, 0x10, 0xc5, 0x10,
    0xc5, 0x10, 0xc5, 0x08, 0xe5, 0x10, 0xe5, 0x10, 0xc5, 0x10, 0xc5, 0x10,
    0xc5, 0x10, 0xc5, 0x10, 0xe4, 0x10, 0xc5, 0x10, 0xc4, 0x10, 0xe5, 0x10,
    0xc5, 0x10, 0xc5, 0x10, 0xc5, 0x08, 0xc4, 0x10, 0xe5, 0x10, 0xc5, 0x10,
    0xc5, 0x08, 0xc5, 0x10, 0xc5, 0x10, 0xc5, 0x08, 0xc5, 0x10, 0xc4, 0x10,
    0xe5, 0x10, 0xc4, 0x10, 0xc5, 0x10, 0xc5, 0x08, 0xc4, 0x10, 0xe5, 0x10,
    0xe5, 0x10, 0xc5, 0x08, 0xc5, 0x10, 0xc4, 0x10, 0xe5, 0x10, 0xc5, 0x10,
    0xc4, 0x08, 0xe5, 0x10, 0xc5, 0x10, 0xc5, 0x10, 0xc5, 0x10, 0xe5, 0x08,
    0xe5, 0x10, 0xc5, 0x10, 0xe5, 0x10, 0xc4, 0x08, 0xc4, 0x10, 0xe5, 0x10,
    0xc5, 0x10, 0xc5, 0x10, 0xe5, 0x10, 0xc4, 0x10, 0xc4, 0x10, 0xc5, 0x10,
    0xc5, 0x10, 0xe5, 0x08, 0xc4, 0x10, 0xc5, 0x10, 0xc5, 0x10, 0xe5, 0x10,
    0xc4, 0x10, 0xc5, 0x08, 0xc5, 0x10, 0xe5, 0x10, 0xc5, 0x10, 0xc4, 0x08,
    0xc5, 0x10, 0xc5, 0x10, 0xc5, 0x10, 0xe5, 0x10, 0xc5, 0x08, 0xc5, 0x10,
    0xc5, 0x10, 0xc4, 0x10, 0xe4, 0x10, 0xe5, 0x10, 0xc5, 0x10, 0xc4, 0x10,
    0xe5, 0x10, 0xc5, 0x10, 0xe5, 0x08, 0xc5, 0x10, 0xc5, 0x10, 0xc4, 0x10,
    0xc5, 0x10, 0xe5, 0x10, 0xc5, 0x10, 0xc5, 0x10, 0xc5, 0x10, 0xe4, 0x10,
    0xc5, 0x10, 0xc5, 0x10, 0xc5, 0x10, 0xe5, 0x10, 0xc4, 0x10, 0xc5, 0x10,
    0xc5, 0x10, 0xe5, 0x10, 0xc4, 0x10, 0xc5, 0x08, 0xc5, 0x10, 0xe5, 0x10,
    0xe5, 0x10, 0xc5, 0x10, 0xc4, 0x08, 0xc5, 0x10, 0xc5, 0x10, 0xc5, 0x08,
    0xc4, 0x10, 0xe5, 0x10, 0xc5, 0x10, 0xe5, 0x10, 0xc4, 0x10, 0xc5, 0x10,
    0xc4, 0x08, 0xc5, 0x10, 0xc5, 0x10, 0xc5, 0x10, 0xc4, 0x10, 0xe5, 0x10,
    0xc4, 0x10, 0xc5, 0x10, 0xc5, 0x10, 0xc4, 0x10, 0xc5, 0x10, 0xc5, 0x08,
    0xc4, 0x10, 0xc5, 0x10, 0xc5, 0x10, 0xc5, 0x10, 0xc5, 0x10, 0xe5, 0x10,
    0xc4, 0x10, 0xc5, 0x10, 0xc5, 0x10, 0xe4, 0x10, 0xc5, 0x10, 0xc5, 0x10,
    0xe5, 0x10, 0xe5, 0x10, 0xc5, 0x08, 0xc4, 0x10, 0xc5, 0x10, 0xc5, 0x10,
    0xc5, 0x10, 0xe5, 0x10, 0xc5, 0x08, 0xc4, 0x10, 0xc5, 0x10, 0xe5, 0x10,
    0xc4, 0x10, 0xc5, 0x10, 0xc5, 0x10, 0xe5, 0x10, 0xc4, 0x10, 0xc5, 0x10,
    0xe4, 0x10, 0xc4, 0x10, 0xc5, 0x10, 0xe5, 0x10, 0xc5, 0x10, 0xc5, 0x10,
    0xc4, 0x10, 0xe5, 0x10, 0xc5, 0x10, 0xc5, 0x10, 0xc5, 0x08, 0xc5, 0x10,
    0xc4, 0x10, 0xc5, 0x10, 0xc5, 0x08, 0xc5, 0x10, 0xc5, 0x10, 0xc4, 0x08,
    0xc5, 0x10, 0xe4, 0x10, 0xc5, 0x10, 0xc4, 0x08, 0xc5, 0x10, 0xe5, 0x10,
    0xc5, 0x10, 0xc4, 0x10, 0xc5, 0x10, 0xc5, 0x10, 0xe5, 0x10, 0xc5, 0x10,
    0xc5, 0x10, 0xe4, 0x10, 0xc4, 0x10, 0xc5, 0x10, 0xc5, 0x10, 0xe5, 0x10,
    0xc5, 0x10, 0xc5, 0x10, 0xc4, 0x10, 0xe4, 0x10, 0xc5, 0x10, 0xc5, 0x10,
    0xc4, 0x08, 0xc5, 0x10, 0xc5, 0x10, 0xc5, 0x10, 0xe5, 0x10, 0xc5, 0x08,
    0xc5, 0x10, 0xc5, 0x10, 0xc5, 0x10, 0xe4, 0x10, 0xc5, 0x10, 0xc5, 0x10,
    0xc5, 0x10, 0xe5, 0x10, 0xc5, 0x10, 0xe4, 0x10, 0xe5, 0x10, 0xc5, 0x10,
    0xc4, 0x10, 0xc5, 0x10, 0xe4, 0x10, 0xc5, 0x10, 0xc5, 0x10, 0xc5, 0x10,
    0xc4, 0x10, 0xc5, 0x10, 0xe5, 0x10, 0xc5, 0x10, 0xe4, 0x08, 0xc5, 0x10,
    0xc5, 0x10, 0xc4, 0x10, 0xc5, 0x10, 0xc5, 0x10, 0xe5, 0x08, 0xe5, 0x10,
    0xc5, 0x10, 0xc4, 0x10, 0xe5, 0x10, 0xc5, 0x10, 0xe4, 0x08, 0xc5, 0x10,
    0xe4, 0x10, 0xc5, 0x10, 0xc5, 0x10, 0xc4, 0x10, 0xc5, 0x08, 0xe5, 0x10,
    0xc5, 0x10, 0xc5, 0x10, 0xc5, 0x10, 0xe5, 0x08, 0xc5, 0x10, 0xc5, 0x10,
    0xc5, 0x10, 0xc4, 0x10, 0xc5, 0x10, 0xc5, 0x10, 0xc4, 0x10, 0xc5, 0x10,
    0xc5, 0x10, 0xe4, 0x10, 0xc5, 0x10, 0xc5, 0x10, 0xe4, 0x10, 0xc5, 0x10,
    0xc5, 0x08, 0xe5, 0x10, 0xc4, 0x10, 0xe5, 0x10, 0xc5, 0x10, 0xc5, 0x10,
    0xc4, 0x10, 0xc5, 0x10, 0xe5, 0x10, 0xe5, 0x08, 0xc4, 0x10, 0xe5, 0x10,
    0xc5, 0x10, 0xc4, 0x10, 0xc5, 0x10, 0xe5, 0x10, 0xc4, 0x10, 0xc4, 0x10,
    0xc5, 0x10, 0xc5, 0x10, 0xc5, 0x10, 0xc5, 0x10, 0xc5, 0x10, 0xc4, 0x10,
    0xe5, 0x10, 0xc4, 0x10, 0xc5, 0x08, 0xe5, 0x10, 0xc5, 0x10, 0xc5, 0x10,
    0xc5, 0x10, 0xc5, 0x10, 0xc5, 0x10, 0xc4, 0x10, 0xe5, 0x08, 0xc5, 0x10,
    0xc5, 0x10, 0xc5, 0x10, 0xe4, 0x10, 0xc5, 0x10, 0xe5, 0x10, 0xc5, 0x10,
    0xc4, 0x10, 0xe5, 0x10, 0xc4, 0x10, 0xc5, 0x10, 0xc4, 0x10, 0xc5, 0x10,
    0xe5, 0x10, 0xc5, 0x08, 0xc5, 0x10, 0xc5, 0x10, 0xe4, 0x08, 0xc5, 0x10,
    0xc5, 0x10, 0xc5, 0x10, 0xc4, 0x10, 0xe5, 0x10, 0xc5, 0x08, 0xc5, 0x10,
    0xe4, 0x10, 0xc5, 0x10, 0xc5, 0x10, 0xc5, 0x10, 0xe4, 0x10, 0xc5, 0x08,
    0xc5, 0x10, 0xe5, 0x10, 0xc5, 0x10, 0xc4, 0x10, 0xc5, 0x10, 0xc5, 0x10,
    0xe5, 0x10, 0xc5, 0x10, 0xc5, 0x10, 0xc5, 0x10, 0xe5, 0x10, 0xc4, 0x10,
    0xc5, 0x08, 0xe4, 0x10, 0xe5, 0x10, 0xc5, 0x10, 0xc5, 0x10, 0xc5, 0x10,
    0xc5, 0x10, 0xc5, 0x08, 0xc5, 0x10, 0xc4, 0x10, 0xe5, 0x10, 0xc5, 0x10,
    0xc5, 0x10, 0xe4, 0x10, 0xc5, 0x10, 0xc5, 0x08, 0xe5, 0x10, 0xc5, 0x10,
    0xc5, 0x10, 0xc4, 0x10, 0xe5, 0x08, 0xe5, 0x10, 0xc5, 0x10, 0xc5, 0x10,
    0xc4, 0x10, 0xe5, 0x08, 0xc4, 0x10, 0xc5, 0x10, 0xc5, 0x10, 0xc5, 0x08,
    0xc5, 0x10, 0xc4, 0x10, 0xc5, 0x08, 0xc5, 0x10, 0xc4, 0x10, 0xe5, 0x10,
    0xc5, 0x10, 0xc5, 0x10, 0xe4, 0x10, 0xc5, 0x10, 0xc5, 0x10, 0xc5, 0x08,
    0xe4, 0x10, 0xc4, 0x10, 0xc5, 0x10, 0xc5, 0x10, 0xe4, 0x08, 0xc5, 0x10,
    0xc5, 0x10, 0xc5, 0x10, 0xe5, 0x10, 0xc4, 0x10, 0xc5, 0x08, 0xe5, 0x10,
    0xc5, 0x10, 0xc5, 0x08, 0xe5, 0x10, 0xc4, 0x10, 0xe5, 0x10, 0xc5, 0x10,
    0xe4, 0x10, 0xc5, 0x08, 0xc5, 0x10, 0xe4, 0x10, 0xe5, 0x10, 0xc5, 0x10,
    0xc4, 0x10, 0xe5, 0x10, 0xe4, 0x10, 0xc4, 0x10, 0xe5, 0x10, 0xe5, 0x10,
    0xc4, 0x10, 0xc5, 0x10, 0xc5, 0x10, 0xc5, 0x10, 0xe5, 0x10, 0xc5, 0x10,
    0xc4, 0x08, 0xe5, 0x10, 0xe5, 0x10, 0xc5, 0x10, 0xc4, 0x08, 0xe5, 0x10,
    0xc5, 0x10, 0xc5, 0x08, 0xe5, 0x10, 0xc5, 0x10, 0xc5, 0x10, 0xc5, 0x10,
    0xe4, 0x08, 0xe5, 0x10, 0xc5, 0x10, 0xc5, 0x10, 0xc5, 0x10, 0xc5, 0x10,
    0xe5, 0x10, 0xe5, 0x10, 0xc5, 0x10, 0xe5, 0x10, 0xc4, 0x10, 0xc5, 0x10,
    0xc5, 0x10, 0xe4, 0x10, 0xc4, 0x08, 0xc5, 0x10, 0xe5, 0x10, 0xc4, 0x08,
    0xc4, 0x10, 0xc5, 0x10, 0xc4, 0x10, 0xc5, 0x10, 0xc5, 0x08, 0xc5, 0x10,
    0xc5, 0x10, 0xe5, 0x10, 0xc5, 0x08, 0xe4, 0x10, 0xc5, 0x10, 0xc4, 0x10,
    0xe5, 0x10, 0xc5, 0x10, 0xc5, 0x08, 0xc5, 0x10, 0xc5, 0x10, 0xc4, 0x10,
    0xc5, 0x10, 0xe5, 0x10, 0xc5, 0x08, 0xc5, 0x10, 0xc4, 0x10, 0xc5, 0x10,
    0xc5, 0x10, 0xe5, 0x08, 0xc4, 0x10, 0xc5, 0x10, 0xc5, 0x10, 0xc5, 0x10,
    0xc5, 0x10, 0xc4, 0x10, 0xc5, 0x10, 0xc5, 0x10, 0xc4, 0x10, 0xc5, 0x10,
    0xc5, 0x10, 0xc4, 0x10, 0xe5, 0x10, 0xc5, 0x10, 0xc4, 0x10, 0xc5, 0x10,
    0xe4, 0x08, 0xc5, 0x10, 0xe5, 0x10, 0xc4, 0x10, 0xe5, 0x10, 0xc5, 0x08,
    0xc4, 0x10, 0xe5, 0x10, 0xc5, 0x10, 0xc4, 0x10, 0xe5, 0x10, 0xc5, 0x10,
    0xc5, 0x10, 0xc4, 0x10, 0xc5, 0x10, 0xc5, 0x10, 0xe4, 0x10, 0xc5, 0x10,
    0xc5, 0x08, 0xc4, 0x10, 0xc5, 0x10, 0xc4, 0x10, 0xc5, 0x10, 0xc5, 0x10,
    0xc5, 0x10, 0xe5, 0x10, 0xc5, 0x10, 0xc4, 0x08, 0xc5, 0x10, 0xe5, 0x10,
    0xc4, 0x10, 0xe5, 0x08, 0xc4, 0x10, 0xc5, 0x10, 0xe5, 0x10, 0xc5, 0x08,
    0xc5, 0x10, 0xe5, 0x10, 0xc4, 0x10, 0xc5, 0x10, 0xe5, 0x08, 0xc4, 0x10,
    0xe4, 0x10, 0xc5, 0x10, 0xc5, 0x10, 0xe5, 0x10, 0xc5, 0x10, 0xc4, 0x10,
    0xc5, 0x10, 0xe5, 0x10, 0xc5, 0x10, 0xc4, 0x08, 0xc5, 0x10, 0xc5, 0x10,
    0xe5, 0x10, 0xc5, 0x10, 0xc5, 0x08, 0xc5, 0x10, 0xe5, 0x10, 0xc4, 0x10,
    0xc5, 0x10, 0xe5, 0x10, 0xc5, 0x10, 0xc5, 0x10, 0xc5, 0x10, 0xe5, 0x10,
    0xc5, 0x08, 0xc4, 0x10, 0xc5, 0x10, 0xc5, 0x10, 0xe4, 0x10, 0xc5, 0x10,
    0xc5, 0x10, 0xc5, 0x10, 0xc4, 0x08, 0xe4, 0x10, 0xc5, 0x10, 0xc5, 0x10,
    0xc5, 0x10, 0xc5, 0x10, 0xe4, 0x10, 0xc5, 0x08, 0xc5, 0x10, 0xe5, 0x10,
    0xc4, 0x08, 0xc4, 0x10, 0xc5, 0x10, 0xc5, 0x10, 0xc4, 0x10, 0xc5, 0x10,
    0xc5, 0x10, 0xc5, 0x10, 0xc5, 0x10, 0xe5, 0x08, 0xc4, 0x10, 0xe4, 0x10,
    0xe5, 0x10, 0xc5, 0x10, 0xc4, 0x10, 0xc5, 0x08, 0xc5, 0x10, 0xe5, 0x10,
    0xc5, 0x10, 0xc5, 0x10, 0xe4, 0x10, 0xc4, 0x10, 0xc5, 0x10, 0xc5, 0x08,
    0xe4, 0x10, 0xc5, 0x10, 0xc5, 0x10, 0xc5, 0x10, 0xc4, 0x10, 0xe5, 0x10,
    0xe5, 0x10, 0xc5, 0x10, 0xc5, 0x10, 0xe4, 0x10, 0xc4, 0x10, 0xc5, 0x10,
    0xe4, 0x10, 0xc5, 0x10, 0xe5, 0x10, 0xc5, 0x10, 0xc5, 0x10, 0xc5, 0x08,
    0xc4, 0x10, 0xc4, 0x10, 0xc5, 0x10, 0xc5, 0x10, 0xe5, 0x10, 0xe4, 0x10,
    0xc5, 0x10, 0xc5, 0x10, 0xc5, 0x10, 0xe4, 0x10, 0xc5, 0x10, 0xc5, 0x10,
    0xc5, 0x08, 0xe4, 0x10, 0xc5, 0x10, 0xc5, 0x10, 0xc5, 0x10, 0xc4, 0x10,
    0xc5, 0x10, 0xe5, 0x10, 0xc5, 0x10, 0xc5, 0x10, 0xc5, 0x08, 0xc4, 0x10,
    0xc5, 0x10, 0xc5, 0x10, 0xc5, 0x10, 0xc4, 0x10, 0xc5, 0x10, 0xe5, 0x10,
    0xc5, 0x10, 0xc5, 0x08, 0xc5, 0x10, 0xc5, 0x10, 0xc5, 0x10, 0xc5, 0x10,
    0xc5, 0x10, 0xc5, 0x08, 0xe5, 0x10, 0xc5, 0x10, 0xe4, 0x10, 0xc5, 0x10,
    0xc5, 0x10, 0xc5, 0x10, 0xc5, 0x10, 0xc4, 0x10, 0xe5, 0x10, 0xc5, 0x10,
    0xc4, 0x10, 0xc5, 0x10, 0xc5, 0x10, 0xc5, 0x08, 0xe4, 0x10, 0xc4, 0x10,
    0xc5, 0x10, 0xc4, 0x10, 0xc5, 0x10, 0xc5, 0x08, 0xe5, 0x10, 0xc4, 0x10,
    0xc5, 0x10, 0xc5, 0x10, 0xc4, 0x10, 0xc4, 0x08, 0xc5, 0x10, 0xc4, 0x10,
    0xe5, 0x10, 0xc5, 0x10, 0xc5, 0x10, 0xc5, 0x10, 0xc5, 0x10, 0xe5, 0x10,
    0xc5, 0x10, 0xc5, 0x08, 0xc5, 0x10, 0xe5, 0x10, 0xc4, 0x10, 0xc4, 0x10,
    0xe5, 0x10, 0xc5, 0x10, 0xc5, 0x10, 0xc5, 0x10, 0xc5, 0x10, 0xe5, 0x08,
    0xc5, 0x10, 0xc5, 0x10, 0xc4, 0x10, 0xe4, 0x10, 0xc5, 0x10, 0xc5, 0x08,
    0xe5, 0x10, 0xc5, 0x10, 0xc4, 0x10, 0xc5, 0x10, 0xe5, 0x10, 0xc4, 0x10,
    0xc5, 0x10, 0xc4, 0x10, 0xc5, 0x10, 0xc5, 0x10, 0xc4, 0x10, 0xe5, 0x10,
    0xc5, 0x10, 0xc5, 0x08, 0xe4, 0x10, 0xe5, 0x10, 0xc5, 0x10, 0xe5, 0x10,
    0xc5, 0x10, 0xc5, 0x10, 0xc4, 0x10, 0xc5, 0x10, 0xc5, 0x10, 0xe5, 0x10,
    0xc5, 0x10, 0xc5, 0x10, 0xc5, 0x08, 0xe5, 0x10, 0xc5, 0x10, 0xe5, 0x10,
    0xc4, 0x10, 0xc5, 0x10, 0xc5, 0x10, 0xe5, 0x08, 0xc5, 0x10, 0xc4, 0x10,
    0xc5, 0x10, 0xe5, 0x10, 0xc5, 0x10, 0xc5, 0x08, 0xc4, 0x10, 0xc5, 0x10,
    0xe5, 0x10, 0xe5, 0x10, 0xc5, 0x10, 0xc5, 0x10, 0xc5, 0x10, 0xc5, 0x10,
    0xe4, 0x08, 0xc5, 0x10, 0xc5, 0x10, 0xc5, 0x10, 0xe5, 0x10, 0xc5, 0x10,
    0xc5, 0x10, 0xc5, 0x10, 0xe5, 0x10, 0xc4, 0x10, 0xc5, 0x10, 0xe5, 0x10,
    0xc5, 0x10, 0xc5, 0x10, 0xc5, 0x10, 0xc4, 0x10, 0xc5, 0x10, 0xc5, 0x10,
    0xc5, 0x10, 0xe5, 0x08, 0xc4, 0x10, 0xc5, 0x10, 0xc5, 0x10, 0xc5, 0x10,
    0xe4, 0x08, 0xc5, 0x10, 0xc5, 0x10, 0xc5, 0x10, 0xc4, 0x10, 0xe5, 0x10,
    0xc5, 0x10, 0xc4, 0x10, 0xc5, 0x10, 0xe5, 0x10, 0xc4, 0x10, 0xe5, 0x10,
    0xc5, 0x08, 0xc4, 0x10, 0xe4, 0x10, 0xc5, 0x10, 0xc4, 0x10, 0xc5, 0x10,
    0xc5, 0x10, 0xe4, 0x10, 0xe5, 0x10, 0xc5, 0x10, 0xc4, 0x10, 0xc5, 0x10,
    0xe5, 0x08, 0xc5, 0x10, 0xc5, 0x10, 0xc5, 0x10, 0xc5, 0x10, 0xc5, 0x10,
    0xe4, 0x10, 0xc4, 0x08, 0xc5, 0x10, 0xc5, 0x10, 0xe5, 0x10, 0xc4, 0x10,
    0xc5, 0x10, 0xc5, 0x10, 0xc5, 0x10, 0xe4, 0x08, 0xe5, 0x10, 0xc5, 0x10,
    0xc5, 0x10, 0xc4, 0x10, 0xc5, 0x10, 0xc5, 0x10, 0xc5, 0x10, 0xc5, 0x10,
    0xc4, 0x10, 0xc5, 0x10, 0xe5, 0x10, 0xe5, 0x10, 0xc5, 0x10, 0xc4, 0x10,
    0xe4, 0x08, 0xc5, 0x10, 0xc5, 0x10, 0xc5, 0x10, 0xe5, 0x10, 0xc4, 0x10,
    0xc5, 0x10, 0xc5, 0x10, 0xe5, 0x10, 0xc4, 0x10, 0xc5, 0x08, 0xc5, 0x10,
    0xc4, 0x10, 0xc5, 0x10, 0xe5, 0x10, 0xc5, 0x10, 0xc5, 0x08, 0xe5, 0x10,
    0xc5, 0x10, 0xc5, 0x10, 0xc5, 0x10, 0xe4, 0x10, 0xc5, 0x10, 0xc5, 0x10,
    0xe5, 0x10, 0xc5, 0x10, 0xc5, 0x08, 0xe4, 0x10, 0xc5, 0x10, 0xc5, 0x10,
    0xc5, 0x10, 0xc5, 0x10, 0xc5, 0x08, 0xe5, 0x10, 0xc5, 0x10, 0xc5, 0x10,
    0xc4, 0x10, 0xe5, 0x10, 0xc5, 0x08, 0xc4, 0x10, 0xc5, 0x10, 0xe5, 0x08,
    0xc4, 0x10, 0xc5, 0x10, 0xc4, 0x10, 0xc5, 0x10, 0xc5, 0x10, 0xc5, 0x10,
    0xe5, 0x10, 0xc5, 0x10, 0xe4, 0x10, 0xc5, 0x10, 0xc5, 0x08, 0xc5, 0x10,
    0xe4, 0x10, 0xc5, 0x10, 0xc5, 0x10, 0xc5, 0x10, 0xe5, 0x08, 0xc4, 0x10,
    0xc5, 0x10, 0xe5, 0x10, 0xc4, 0x10, 0xc4, 0x10, 0xc5, 0x08, 0xc4, 0x10,
    0xc5, 0x10, 0xe5, 0x08, 0xc4, 0x10, 0xc5, 0x10, 0xc5, 0x10, 0xc5, 0x10,
    0xc5, 0x10, 0xe4, 0x10, 0xc5, 0x10, 0xc5, 0x10, 0xe5, 0x10, 0xc5, 0x10,
    0xc5, 0x10, 0xc5, 0x10, 0xc5, 0x10, 0xe4, 0x10, 0xc5, 0x10, 0xc5, 0x10,
    0xc4, 0x08, 0xc5, 0x10, 0xc5, 0x10, 0xe5, 0x10, 0xc5, 0x10, 0xc5, 0x10,
    0xe4, 0x08, 0xc5, 0x10, 0xc5, 0x10, 0xe5, 0x08, 0xc4, 0x10, 0xc5, 0x10,
    0xe5, 0x10, 0xc5, 0x10, 0xe4, 0x10, 0xc5, 0x10, 0xc5, 0x10, 0xc5, 0x10,
    0xe5, 0x08, 0xc4, 0x10, 0xc4, 0x10, 0xc5, 0x10, 0xe5, 0x10, 0xc5, 0x10,
    0xc4, 0x10, 0xc5, 0x10, 0xe5, 0x10, 0xc5, 0x10, 0xe5, 0x10, 0xc5, 0x10,
    0xc4, 0x10, 0xc4, 0x10, 0xc5, 0x10, 0xe5, 0x10, 0xc4, 0x10, 0xc5, 0x10,
    0xc5, 0x08, 0xe5, 0x10, 0xc5, 0x10, 0xc5, 0x10, 0xe5, 0x08, 0xc5, 0x10,
    0xe4, 0x10, 0xc5, 0x10, 0xc5, 0x10, 0xc5, 0x08, 0xc5, 0x10, 0xc4, 0x10,
    0xc5, 0x10, 0xc5, 0x10, 0xe5, 0x10, 0xc5, 0x08, 0xc4, 0x10, 0xe5, 0x10,
    0xc5, 0x10, 0xc4, 0x10, 0xc5, 0x10, 0xc4, 0x10, 0xc5, 0x10, 0xc5, 0x10,
    0xe5, 0x10, 0xc5, 0x08, 0xc5, 0x10, 0xc4, 0x10, 0xc5, 0x10, 0xc5, 0x10,
    0xe4, 0x08, 0xc5, 0x10, 0xc5, 0x10, 0xe5, 0x10, 0xc5, 0x10, 0xc5, 0x10,
    0xc5, 0x10, 0xc4, 0x10, 0xe5, 0x10, 0xc5, 0x08, 0xc4, 0x10, 0xe5, 0x10,
    0xc5, 0x10, 0xc4, 0x10, 0xc5, 0x10, 0xe5, 0x10, 0xc4, 0x10, 0xc5, 0x08,
    0xc5, 0x10, 0xc5, 0x10, 0xc4, 0x10, 0xc5, 0x08, 0xc4, 0x10, 0xc5, 0x10,
    0xc4, 0x10, 0xc4, 0x08, 0xc5, 0x10, 0xe5, 0x10, 0xc5, 0x10, 0xc5, 0x10,
    0xe5, 0x10, 0xc5, 0x10, 0xc4, 0x10, 0xe5, 0x10, 0xc5, 0x08, 0xc4, 0x10,
    0xe5, 0x10, 0xc5, 0x10, 0xc4, 0x10, 0xc5, 0x10, 0xe5, 0x10, 0xc4, 0x08,
    0xc5, 0x10, 0xc5, 0x10, 0xe4, 0x10, 0xc5, 0x10, 0xc5, 0x08, 0xc5, 0x10,
    0xc5, 0x10, 0xc5, 0x10, 0xc5, 0x10, 0xe5, 0x08, 0xc5, 0x10, 0xc4, 0x10,
    0xc5, 0x10, 0xc5, 0x10, 0xc5, 0x10, 0xc5, 0x08, 0xc5, 0x10, 0xe5, 0x10,
    0xc5, 0x10, 0xc4, 0x10, 0xe5, 0x10, 0xe5, 0x10, 0xc5, 0x08, 0xc4, 0x10,
    0xe5, 0x10, 0xc5, 0x10, 0xc5, 0x10, 0xe5, 0x10, 0xc4, 0x08, 0xc5, 0x10,
    0xe5, 0x10, 0xe5, 0x10, 0xc4, 0x10, 0xc5, 0x10, 0xc5, 0x10, 0xc5, 0x10,
    0xe4, 0x08, 0xe5, 0x10, 0xc5, 0x10, 0xc4, 0x10, 0xe5, 0x10, 0xc5, 0x10,
    0xc5, 0x08, 0xc5, 0x10, 0xc4, 0x10, 0xc5, 0x10, 0xc4, 0x10, 0xc5, 0x10,
    0xc5, 0x10, 0xc5, 0x10, 0xc5, 0x08, 0xe5, 0x10, 0xc5, 0x10, 0xc5, 0x10,
    0xc5, 0x10, 0xe5, 0x08, 0xc4, 0x10, 0xc5, 0x10, 0xc5, 0x10, 0xe5, 0x10,
    0xc5, 0x10, 0xc4, 0x08, 0xc5, 0x10, 0xc5, 0x10, 0xe5, 0x10, 0xc5, 0x10,
    0xc4, 0x08, 0xc5, 0x10, 0xe5, 0x10, 0xc4, 0x10, 0xc5, 0x08, 0xe5, 0x10,
    0xc4, 0x10, 0xc5, 0x10, 0xe5, 0x10, 0xc5, 0x10, 0xc5, 0x08, 0xc4, 0x10,
    0xc5, 0x10, 0xe5, 0x10, 0xc4, 0x10, 0xc4, 0x10, 0xc5, 0x10, 0xc5, 0x10,
    0xe5, 0x10, 0xc5, 0x10, 0xc4, 0x10, 0xc5, 0x10, 0xe5, 0x10, 0xc5, 0x10,
    0xc5, 0x10, 0xc5, 0x10, 0xe5, 0x08, 0xc4, 0x10, 0xe5, 0x10, 0xe4, 0x10,
    0xc5, 0x10, 0xc5, 0x08, 0xc4, 0x10, 0xe5, 0x10, 0xc5, 0x10, 0xc4, 0x10,
    0xc5, 0x10, 0xc5, 0x10, 0xe4, 0x10, 0xc4, 0x10, 0xc5, 0x10, 0xe5, 0x10,
    0xc4, 0x10, 0xc5, 0x10, 0xc5, 0x10, 0xc5, 0x10, 0xc5, 0x10, 0xc5, 0x10,
    0xe5, 0x10, 0xc4, 0x10, 0xc5, 0x10, 0xc5, 0x10, 0xe4, 0x08, 0xc4, 0x10,
    0xc5, 0x10, 0xe5, 0x08, 0xc4, 0x10, 0xc5, 0x10, 0xc5, 0x10, 0xc5, 0x08,
    0xc5, 0x10, 0xe5, 0x10, 0xe5, 0x08, 0xc5, 0x10, 0xc4, 0x10, 0xc5, 0x10,
    0xe5, 0x10, 0xe4, 0x10, 0xc5, 0x10, 0xc5, 0x10, 0xe5, 0x10, 0xc5, 0x10,
    0xc5, 0x10, 0xc5, 0x10, 0xe4, 0x10, 0xc5, 0x10, 0xc5, 0x10, 0xc4, 0x10,
    0xc5, 0x10, 0xc4, 0x10, 0xc5, 0x10, 0xe5, 0x08, 0xc5, 0x10, 0xc5, 0x10,
    0xc5, 0x10, 0xc5, 0x10, 0xc5, 0x08, 0xe5, 0x10, 0xc4, 0x10, 0xc4, 0x10,
    0xc5, 0x10, 0xe4, 0x10, 0xc5, 0x08, 0xc5, 0x10, 0xc4, 0x10, 0xc5, 0x10,
    0xc5, 0x10, 0xe5, 0x08, 0xc5, 0x10, 0xe5, 0x10, 0xc5, 0x08, 0xc5, 0x10,
    0xe5, 0x10, 0xc4, 0x10, 0xc5, 0x10, 0xe4, 0x10, 0xc5, 0x10, 0xc5, 0x10,
    0xc4, 0x10, 0xe5, 0x10, 0xc5, 0x10, 0xc4, 0x10, 0xc5, 0x10, 0xe5, 0x10,
    0xc5, 0x10, 0xc4, 0x10, 0xc5, 0x10, 0xe5, 0x10, 0xc4, 0x10, 0xc5, 0x10,
    0xc4, 0x08, 0xe5, 0x10, 0xe5, 0x10, 0xc5, 0x10, 0xc4, 0x08, 0xc5, 0x10,
    0xc5, 0x10, 0xc4, 0x10, 0xc5, 0x10, 0xe5, 0x10, 0xc5, 0x10, 0xc5, 0x10,
    0xc5, 0x10, 0xc5, 0x10, 0xc4, 0x10, 0xe4, 0x10, 0xc5, 0x10, 0xe5, 0x10,
    0xc4, 0x08, 0xc5, 0x10, 0xc5, 0x10, 0xc4, 0x10, 0xe5, 0x10, 0xc5, 0x10,
    0xc4, 0x10, 0xc5, 0x10, 0xe5, 0x08, 0xc4, 0x10, 0xc5, 0x10, 0xc4, 0x10,
    0xe5, 0x10, 0xe4, 0x10, 0xc5, 0x10, 0xc5, 0x10, 0xe5, 0x10, 0xc5, 0x10,
    0xc5, 0x10, 0xe5, 0x10, 0xe5, 0x10, 0xc5, 0x10, 0xe4, 0x08, 0xc4, 0x10,
    0xc5, 0x10, 0xc5, 0x10, 0xc5, 0x10, 0xc5, 0x10, 0xe4, 0x10, 0xc5, 0x10,
    0xc5, 0x10, 0xc4, 0x08, 0xc5, 0x10, 0xe5, 0x10, 0xc5, 0x10, 0xc5, 0x10,
    0xe5, 0x10, 0xc5, 0x08, 0xc5, 0x10, 0xc4, 0x10, 0xc5, 0x10, 0xc5, 0x10,
    0xe5, 0x10, 0xc4, 0x10, 0xc5, 0x10, 0xc5, 0x10, 0xc5, 0x10, 0xe5, 0x08,
    0xe5, 0x10, 0xc4, 0x10, 0xc5, 0x10, 0xc4, 0x10, 0xe5, 0x10, 0xc5, 0x10,
    0xc4, 0x10, 0xc5, 0x10, 0xc4, 0x10, 0xc4, 0x10, 0xe5, 0x10, 0xc5, 0x10,
    0xc5, 0x10, 0xc5, 0x10, 0xc4, 0x10, 0xc5, 0x10, 0xc5, 0x10, 0xc5, 0x10,
    0xc5, 0x10, 0xc4, 0x10, 0xe5, 0x08, 0xc5, 0x10, 0xc5, 0x10, 0xc5, 0x10,
    0xc4, 0x10, 0xc5, 0x10, 0xc5, 0x10, 0xe5, 0x08, 0xc4, 0x10, 0xc5, 0x10,
    0xe5, 0x10, 0xc4, 0x10, 0xe5, 0x10, 0xc5, 0x08, 0xe5, 0x10, 0xc5, 0x10,
    0xc5, 0x10, 0xe5, 0x10, 0xc4, 0x10, 0xc4, 0x10, 0xc5, 0x10, 0xc4, 0x08,
    0xe5, 0x10, 0xc5, 0x10, 0xc4, 0x10, 0xc5, 0x10, 0xe5, 0x10, 0xc5, 0x10,
    0xc4, 0x10, 0xc5, 0x10, 0xe5, 0x10, 0xc4, 0x10, 0xc4, 0x10, 0xc5, 0x10,
    0xc5, 0x10, 0xe4, 0x10, 0xc5, 0x10, 0xc5, 0x10, 0xe4, 0x10, 0xc5, 0x10,
    0xc5, 0x08, 0xc5, 0x10, 0xc5, 0x10, 0xc4, 0x10, 0xc5, 0x10, 0xe5, 0x10,
    0xe4, 0x08, 0xc5, 0x10, 0xe5, 0x10, 0xc5, 0x10, 0xc5, 0x10, 0xe4, 0x08,
    0xc4, 0x10, 0xc5, 0x10, 0xc5, 0x10, 0xe5, 0x10, 0xc5, 0x10, 0xc4, 0x10,
    0xc5, 0x10, 0xe5, 0x10, 0xc4, 0x10, 0xc5, 0x10, 0xc5, 0x08, 0xc5, 0x10,
    0xc4, 0x10, 0xc5, 0x10, 0xc5, 0x10, 0xc5, 0x10, 0xe4, 0x10, 0xc5, 0x10,
    0xc5, 0x08, 0xe5, 0x10, 0xc5, 0x10, 0xc5, 0x08, 0xc5, 0x10, 0xc4, 0x10,
    0xc5, 0x08, 0xe5, 0x10, 0xc5, 0x10, 0xe5, 0x08, 0xe5, 0x10, 0xc5, 0x10,
    0xc4, 0x10, 0xe5, 0x10, 0xc5, 0x10, 0xc5, 0x10, 0xe5, 0x10, 0xc5, 0x10,
    0xc5, 0x10, 0xc5, 0x10, 0xc5, 0x10, 0xe4, 0x10, 0xc4, 0x10, 0xc5, 0x10,
    0xe4, 0x10, 0xc4, 0x10, 0xc5, 0x10, 0xc4, 0x10, 0xc5, 0x08, 0xe5, 0x10,
    0xc5, 0x10, 0xc5, 0x08, 0xc5, 0x10, 0xe4, 0x10, 0xc5, 0x10, 0xc4, 0x08,
    0xc5, 0x10, 0xe5, 0x10, 0xc5, 0x10, 0xc4, 0x10, 0xc5, 0x10, 0xe5, 0x10,
    0xc5, 0x08, 0xc5, 0x10, 0xc5, 0x10, 0xc5, 0x10, 0xc4, 0x10, 0xe4, 0x10,
    0xc5, 0x10, 0xc4, 0x10, 0xe5, 0x10, 0xc5, 0x10, 0xc5, 0x10, 0xc5, 0x08,
    0xe5, 0x10, 0xc5, 0x10, 0xc5, 0x10, 0xc4, 0x10, 0xc5, 0x08, 0xc5, 0x10,
    0xe5, 0x10, 0xc5, 0x10, 0xc5, 0x10, 0xc4, 0x10, 0xc5, 0x10, 0xc5, 0x10,
    0xe4, 0x10, 0xc5, 0x10, 0xc5, 0x08, 0xe5, 0x10, 0xc4, 0x10, 0xc5, 0x10,
    0xc5, 0x08, 0xc5, 0x10, 0xc5, 0x10, 0xe4, 0x10, 0xc5, 0x10, 0xc5, 0x10,
    0xc5, 0x10, 0xc5, 0x10, 0xe4, 0x10, 0xc5, 0x10, 0xc5, 0x10, 0xc5, 0x10,
    0xc5, 0x10, 0xc5, 0x10, 0xc5, 0x10, 0xc4, 0x10, 0xe5, 0x10, 0xc5, 0x10,
    0xc4, 0x10, 0xe5, 0x10, 0xe4, 0x10, 0xc5, 0x10, 0xc5, 0x08, 0xe4, 0x10,
    0xe5, 0x10, 0xc5, 0x10, 0xc5, 0x08, 0xc5, 0x10, 0xc4, 0x10, 0xc5, 0x10,
    0xe5, 0x10, 0xc5, 0x10, 0xc5, 0x10, 0xe4, 0x10, 0xc5, 0x10, 0xc5, 0x08,
    0xe5, 0x10, 0xc5, 0x10, 0xc4, 0x10, 0xc5, 0x10, 0xc5, 0x10, 0xc5, 0x10,
    0xc5, 0x10, 0xc5, 0x08, 0xe5, 0x10, 0xc5, 0x10, 0xc5, 0x10, 0xe4, 0x08,
    0xc5, 0x10, 0xc5, 0x10, 0xc4, 0x10, 0xc5, 0x10, 0xc5, 0x10, 0xc5, 0x10,
    0xc5, 0x10, 0xe4, 0x08, 0xc5, 0x10, 0xe5, 0x10, 0xc5, 0x10, 0xc5, 0x10,
    0xe5, 0x10, 0xc5, 0x10, 0xc5, 0x10, 0xe5, 0x08, 0xc4, 0x10, 0xc5, 0x10,
    0xc5, 0x10, 0xe4, 0x10, 0xc5, 0x10, 0xe5, 0x10, 0xc5, 0x10, 0xe4, 0x10,
    0xc4, 0x10, 0xc5, 0x08, 0xe5, 0x10, 0xc4, 0x10, 0xc4, 0x10, 0xc5, 0x10,
    0xc5, 0x10, 0xc5, 0x10, 0xe5, 0x08, 0xc5, 0x10, 0xc4, 0x10, 0xc5, 0x10,
    0xc5, 0x08, 0xe5, 0x10, 0xc5, 0x10, 0xc5, 0x08, 0xc5, 0x10, 0xc5, 0x10,
    0xc4, 0x10, 0xe5, 0x08, 0xe5, 0x10, 0xc5, 0x10, 0xc4, 0x10, 0xe5, 0x10,
    0xc5, 0x10, 0xc5, 0x10, 0xc5, 0x10, 0xc5, 0x10, 0xe4, 0x10, 0xe5, 0x08,
    0xc5, 0x10, 0xc4, 0x10, 0xe5, 0x10, 0xc5, 0x10, 0xc5, 0x10, 0xc4, 0x10,
    0xc5, 0x10, 0xe5, 0x10, 0xc5, 0x10, 0xc5, 0x10, 0xc4, 0x10, 0xe5, 0x08,
    0xc5, 0x10, 0xc4, 0x10, 0xe5, 0x10, 0xc5, 0x10, 0xc5, 0x10, 0xe5, 0x10,
    0xc4, 0x10, 0xc5, 0x10, 0xc5, 0x10, 0xe5, 0x10, 0xc4, 0x08, 0xc5, 0x10,
    0xc5, 0x10, 0xe5, 0x10, 0xc5, 0x10, 0xc5, 0x10, 0xc5, 0x08, 0xe5, 0x10,
    0xc4, 0x10, 0xc5, 0x10, 0xc5, 0x08, 0xc5, 0x10, 0xc5, 0x10, 0xc4, 0x10,
    0xc5, 0x10, 0xe5, 0x10, 0xe4, 0x10, 0xc5, 0x10, 0xc5, 0x10, 0xc5, 0x10,
    0xc5, 0x10, 0xc5, 0x10, 0xc4, 0x10, 0xe5, 0x08, 0xc5, 0x10, 0xc5, 0x10,
    0xc5, 0x10, 0xc5, 0x10, 0xe5, 0x08, 0xc4, 0x10, 0xc5, 0x10, 0xc5, 0x08,
    0xe4, 0x10, 0xc5, 0x10, 0xc5, 0x10, 0xc5, 0x10, 0xe5, 0x10, 0xc4, 0x10,
    0xc5, 0x10, 0xe5, 0x10, 0xe5, 0x10, 0xc4, 0x08, 0xc5, 0x10, 0xc5, 0x10,
    0xe5, 0x10, 0xc5, 0x10, 0xc4, 0x10, 0xc5, 0x10, 0xe5, 0x10, 0xc5, 0x10,
    0xc5, 0x10, 0xc5, 0x10, 0xc4, 0x10, 0xc4, 0x10, 0xc5, 0x10, 0xc4, 0x10,
    0xc5, 0x08, 0xc5, 0x10, 0xe5, 0x10, 0xc4, 0x08, 0xc5, 0x10, 0xc5, 0x10,
    0xe5, 0x10, 0xe4, 0x10, 0xc5, 0x10, 0xc5, 0x10, 0xe5, 0x08, 0xc5, 0x10,
    0xc5, 0x10, 0xc5, 0x10, 0xc5, 0x10, 0xc5, 0x10, 0xe5, 0x10, 0xc5, 0x10,
    0xc4, 0x10, 0xc5, 0x10, 0xc5, 0x10, 0xc4, 0x10, 0xc5, 0x10, 0xc5, 0x10,
    0xe4, 0x10, 0xc4, 0x10, 0xc5, 0x10, 0xc5, 0x08, 0xe5, 0x10, 0xc5, 0x10,
    0xc4, 0x10, 0xe5, 0x10, 0xe4, 0x10, 0xc5, 0x10, 0xc5, 0x10, 0xc5, 0x08,
    0xe5, 0x10, 0xc5, 0x10, 0xc5, 0x10, 0xe5, 0x10, 0xc4, 0x10, 0xc5, 0x10,
    0xe5, 0x10, 0xc5, 0x10, 0xc5, 0x10, 0xc5, 0x10, 0xe5, 0x10, 0xe5, 0x10,
    0xc4, 0x10, 0xc4, 0x10, 0xc5, 0x10, 0xe5, 0x10, 0xc4, 0x10, 0xc5, 0x10,
    0xc5, 0x10, 0xc5, 0x10, 0xc5, 0x10, 0xc5, 0x10, 0xc5, 0x10, 0xc5, 0x10,
    0xe5, 0x10, 0xc4, 0x10, 0xc5, 0x10, 0xe5, 0x08, 0xc5, 0x10, 0xc4, 0x10,
    0xc5, 0x10, 0xc5, 0x10, 0xc5, 0x10, 0xc5, 0x08, 0xc4, 0x10, 0xe5, 0x10,
    0xc5, 0x10, 0xe4, 0x10, 0xc5, 0x08, 0xc5, 0x10, 0xc5, 0x10, 0xe4, 0x10,
    0xc5, 0x10, 0xc5, 0x08, 0xc5, 0x10, 0xc4, 0x10, 0xc5, 0x10, 0xc5, 0x10,
    0xc4, 0x10, 0xe4, 0x10, 0xc5, 0x10, 0xe5, 0x10, 0xc5, 0x08, 0xc5, 0x10,
    0xc5, 0x10, 0xc4, 0x10, 0xe5, 0x10, 0xc5, 0x08, 0xc5, 0x10, 0xc5, 0x10,
    0xc4, 0x10, 0xc5, 0x10, 0xe5, 0x10, 0xc5, 0x10, 0xe5, 0x08, 0xe5, 0x10,
    0xc5, 0x10, 0xc4, 0x10, 0xc5, 0x10, 0xe5, 0x10, 0xc4, 0x10, 0xc5, 0x10,
    0xc4, 0x10, 0xe5, 0x10, 0xc5, 0x08, 0xc4, 0x10, 0xc5, 0x10, 0xc5, 0x10,
    0xe4, 0x10, 0xc5, 0x10, 0xc4, 0x10, 0xc5, 0x10, 0xc4, 0x08, 0xc5, 0x10,
    0xe4, 0x10, 0xc5, 0x10, 0xc5, 0x10, 0xc4, 0x10, 0xc5, 0x10, 0xc5, 0x10,
    0xc4, 0x10, 0xc5, 0x10, 0xc5, 0x10, 0xc5, 0x10, 0xe5, 0x08, 0xc5, 0x10,
    0xc5, 0x10, 0xc5, 0x10, 0xc5, 0x10, 0xe5, 0x10, 0xe5, 0x10, 0xc5, 0x10,
    0xc5, 0x10, 0xe4, 0x10, 0xc5, 0x10, 0xc5, 0x10, 0xe5, 0x10, 0xe4, 0x10,
    0xc5, 0x10, 0xc5, 0x10, 0xe5, 0x10, 0xc5, 0x10, 0xc5, 0x10, 0xe4, 0x10,
    0xc5, 0x10, 0xc5, 0x10, 0xc5, 0x10, 0xe4, 0x08, 0xc5, 0x10, 0xc5, 0x10,
    0xe4, 0x08, 0xc4, 0x10, 0xc5, 0x10, 0xc5, 0x10, 0xc4, 0x10, 0xc5, 0x10,
    0xe5, 0x10, 0xc5, 0x10, 0xc4, 0x08, 0xc5, 0x10, 0xc5, 0x10, 0xe5, 0x10,
    0xc5, 0x08, 0xc5, 0x10, 0xc4, 0x10, 0xc5, 0x10, 0xc5, 0x10, 0xc4, 0x10,
    0xe5, 0x10, 0xc5, 0x10, 0xc5, 0x08, 0xc5, 0x10, 0xe5, 0x10, 0xc4, 0x10,
    0xc5, 0x10, 0xc5, 0x10, 0xe5, 0x08, 0xc4, 0x10, 0xc5, 0x10, 0xc5, 0x10,
    0xe4, 0x08, 0xc5, 0x10, 0xc5, 0x10, 0xc4, 0x10, 0xe5, 0x10, 0xc5, 0x10,
    0xc5, 0x10, 0xe5, 0x10, 0xc4, 0x10, 0xc5, 0x10, 0xe5, 0x10, 0xc5, 0x10,
    0xc4, 0x10, 0xc5, 0x10, 0xc5, 0x10, 0xc4, 0x08, 0xe5, 0x10, 0xc4, 0x10,
    0xc5, 0x10, 0xc5, 0x10, 0xc4, 0x10, 0xc5, 0x10, 0xe5, 0x10, 0xc4, 0x10,
    0xc5, 0x10, 0xe5, 0x10, 0xc4, 0x10, 0xc5, 0x10, 0xc5, 0x10, 0xe4, 0x10,
    0xc5, 0x10, 0xc5, 0x10, 0xc5, 0x08, 0xe4, 0x10, 0xc5, 0x10, 0xc5, 0x10,
    0xc5, 0x08, 0xc5, 0x10, 0xc4, 0x10, 0xc5, 0x10, 0xc5, 0x10, 0xe5, 0x10,
    0xc4, 0x10, 0xc4, 0x10, 0xc5, 0x10, 0xe5, 0x10, 0xc4, 0x10, 0xe5, 0x10,
    0xe5, 0x10, 0xc4, 0x10, 0xe5, 0x10, 0xc5, 0x10, 0xc5, 0x10, 0xe5, 0x10,
    0xe5, 0x10, 0xc5, 0x10, 0xc4, 0x10, 0xe5, 0x10, 0xc4, 0x10, 0xc5, 0x10,
    0xc5, 0x10, 0xc4, 0x08, 0xc5, 0x10, 0xc5, 0x10, 0xc5, 0x10, 0xe4, 0x10,
    0xc5, 0x10, 0xc5, 0x08, 0xc5, 0x10, 0xe4, 0x10, 0xc5, 0x10, 0xc5, 0x10,
    0xc4, 0x10, 0xc5, 0x10, 0xe5, 0x10, 0xc5, 0x08, 0xc5, 0x10, 0xe5, 0x10,
    0xc5, 0x10, 0xc5, 0x08, 0xc5, 0x10, 0xe5, 0x10, 0xc5, 0x10, 0xc4, 0x10,
    0xc5, 0x10, 0xc5, 0x10, 0xc5, 0x10, 0xe4, 0x08, 0xc5, 0x10, 0xe5, 0x10,
    0xc4, 0x10, 0xc5, 0x10, 0xc5, 0x08, 0xc4, 0x10, 0xe5, 0x10, 0xc5, 0x10,
    0xc5, 0x10, 0xc4, 0x08, 0xe4, 0x10, 0xc5, 0x10, 0xc4, 0x10, 0xc5, 0x10,
    0xc5, 0x08, 0xc5, 0x10, 0xe5, 0x10, 0xc4, 0x10, 0xc5, 0x08, 0xe5, 0x10,
    0xe4, 0x10, 0xc5, 0x08, 0xc4, 0x10, 0xe4, 0x10, 0xc5, 0x08, 0xc5, 0x10,
    0xe4, 0x10, 0xc5, 0x10, 0xc5, 0x10, 0xc5, 0x10, 0xc5, 0x10, 0xe4, 0x10,
    0xc5, 0x10, 0xc4, 0x10, 0xe5, 0x10, 0xc5, 0x10, 0xc5, 0x10, 0xe4, 0x10,
    0xc5, 0x08, 0xc5, 0x10, 0xe5, 0x10, 0xe4, 0x10, 0xc5, 0x10, 0xc5, 0x08,
    0xe5, 0x10, 0xc5, 0x10, 0xc5, 0x10, 0xc5, 0x10, 0xe5, 0x10, 0xc5, 0x10,
    0xc5, 0x08, 0xc5, 0x10, 0xc4, 0x10, 0xc5, 0x10, 0xe5, 0x10, 0xc5, 0x10,
    0xc4, 0x08, 0xe5, 0x10, 0xc5, 0x10, 0xc5, 0x10, 0xc5, 0x10, 0xe4, 0x10,
    0xc5, 0x08, 0xc5, 0x10, 0xe5, 0x10, 0xc4, 0x10, 0xc5, 0x10, 0xc4, 0x10,
    0xe4, 0x10, 0xc5, 0x10, 0xc5, 0x10, 0xc4, 0x10, 0xc5, 0x08, 0xc5, 0x10,
    0xe5, 0x10, 0xc5, 0x10, 0xc5, 0x10, 0xc5, 0x10, 0xe5, 0x10, 0xe4, 0x08,
    0xc5, 0x10, 0xc5, 0x10, 0xc5, 0x10, 0xe5, 0x10, 0xc5, 0x10, 0xc5, 0x10,
    0xc5, 0x08, 0xc4, 0x10, 0xe4, 0x10, 0xe5, 0x10, 0xc5, 0x10, 0xe4, 0x10,
    0xe5, 0x08, 0xc5, 0x10, 0xc4, 0x10, 0xc4, 0x10, 0xc5, 0x10, 0xc4, 0x10,
    0xe5, 0x10, 0xe5, 0x10, 0xc4, 0x10, 0xc5, 0x08, 0xc5, 0x10, 0xc4, 0x10,
    0xe4, 0x10, 0xc5, 0x08, 0xc4, 0x10, 0xc5, 0x10, 0xc5, 0x08, 0xc5, 0x10,
    0xe4, 0x10, 0xc4, 0x10, 0xc5, 0x10, 0xc4, 0x10, 0xe4, 0x10, 0xc5, 0x08,
    0xc5, 0x10, 0xc5, 0x10, 0xc4, 0x10, 0xc5, 0x10, 0xc5, 0x10, 0xe5, 0x10,
    0xc5, 0x10, 0xc5, 0x10, 0xe4, 0x08, 0xe5, 0x10, 0xc5, 0x10, 0xc4, 0x10,
    0xc5, 0x10, 0xc5, 0x10, 0xc5, 0x10, 0xe5, 0x10, 0xc4, 0x10, 0xc5, 0x10,
    0xe5, 0x10, 0xc4, 0x10, 0xc5, 0x08, 0xe5, 0x10, 0xe4, 0x10, 0xc5, 0x10,
    0xc5, 0x10, 0xc4, 0x10, 0xc5, 0x10, 0xe5, 0x10, 0xc4, 0x10, 0xc5, 0x08,
    0xe5, 0x10, 0xc5, 0x10, 0xc4, 0x10, 0xc5, 0x10, 0xc5, 0x10, 0xe4, 0x10,
    0xc5, 0x10, 0xc5, 0x10, 0xc4, 0x08, 0xe5, 0x10, 0xc5, 0x10, 0xc5, 0x10,
    0xc4, 0x08, 0xe5, 0x10, 0xc5, 0x10, 0xc4, 0x08, 0xe5, 0x10, 0xc5, 0x10,
    0xc5, 0x08, 0xe5, 0x10, 0xc5, 0x10, 0xc5, 0x10, 0xc5, 0x10, 0xe5, 0x10,
    0xc4, 0x08, 0xe5, 0x10, 0xe5, 0x10, 0xc5, 0x10, 0xc5, 0x10, 0xc4, 0x10,
    0xe5, 0x10, 0xc5, 0x08, 0xc4, 0x10, 0xc5, 0x10, 0xe5, 0x10, 0xc5, 0x10,
    0xc5, 0x10, 0xc5, 0x10, 0xe4, 0x10, 0xc5, 0x10, 0xc5, 0x10, 0xc5, 0x10,
    0xe4, 0x10, 0xc5, 0x10, 0xc5, 0x10, 0xc5, 0x10, 0xe5, 0x10, 0xc5, 0x08,
    0xc5, 0x10, 0xc5, 0x10, 0xe5, 0x10, 0xc5, 0x08, 0xc5, 0x10, 0xc4, 0x10,
    0xc5, 0x08, 0xc5, 0x10, 0xc5, 0x10, 0xe5, 0x08, 0xc5, 0x10, 0xc4, 0x10,
    0xc5, 0x10, 0xc5, 0x10, 0xc5, 0x10, 0xc5, 0x10, 0xc5, 0x10, 0xc4, 0x08,
    0xe5, 0x10, 0xc5, 0x10, 0xc5, 0x10, 0xe5, 0x10, 0xc4, 0x10, 0xc5, 0x10,
    0xe5, 0x10, 0xe5, 0x10, 0xc4, 0x10, 0xc5, 0x10, 0xc4, 0x08, 0xc5, 0x10,
    0xe5, 0x10, 0xe5, 0x08, 0xc4, 0x10, 0xe5, 0x10, 0xc5, 0x10, 0xc4, 0x10,
    0xc5, 0x10, 0xc5, 0x10, 0xe5, 0x10, 0xc4, 0x10, 0xc4, 0x10, 0xc5, 0x10,
    0xe5, 0x08, 0xc5, 0x10, 0xc5, 0x10, 0xc5, 0x10, 0xc4, 0x10, 0xc5, 0x10,
    0xc5, 0x10, 0xc4, 0x10, 0xe5, 0x10, 0xc5, 0x10, 0xc4, 0x10, 0xc5, 0x08,
    0xc5, 0x10, 0xe4, 0x10, 0xc5, 0x10, 0xe5, 0x08, 0xc5, 0x10, 0xc4, 0x10,
    0xc5, 0x10, 0xe5, 0x10, 0xc5, 0x08, 0xc5, 0x10, 0xc5, 0x10, 0xc5, 0x10,
    0xc4, 0x10, 0xc5, 0x10, 0xe5, 0x10, 0xc5, 0x10, 0xc5, 0x10, 0xe4, 0x10,
    0xc5, 0x10, 0xc5, 0x08, 0xe5, 0x10, 0xe4, 0x10, 0xc5, 0x10, 0xc5, 0x10,
    0xc5, 0x10, 0xc5, 0x10, 0xc4, 0x10, 0xe5, 0x10, 0xc4, 0x10, 0xc5, 0x10,
    0xc5, 0x10, 0xc5, 0x10, 0xc4, 0x10, 0xc5, 0x10, 0xc5, 0x10, 0xc5, 0x10,
    0xc4, 0x10, 0xc5, 0x10, 0xe4, 0x08, 0xc5, 0x10, 0xc5, 0x10, 0xe4, 0x10,
    0xc5, 0x10, 0xc5, 0x10, 0xc5, 0x10, 0xc5, 0x10, 0xc4, 0x10, 0xc4, 0x10,
    0xe5, 0x10, 0xc5, 0x10, 0xc5, 0x10, 0xc4, 0x10, 0xe4, 0x10, 0xc5, 0x10,
    0xe5, 0x10, 0xc5, 0x10, 0xc4, 0x08, 0xc5, 0x10, 0xc5, 0x10, 0xc5, 0x10,
    0xc5, 0x10, 0xc5, 0x08, 0xe4, 0x10, 0xc5, 0x10, 0xc5, 0x10, 0xe5, 0x10,
    0xc5, 0x10, 0xc5, 0x08, 0xc4, 0x10, 0xe5, 0x10, 0xc5, 0x10, 0xc5, 0x10,
    0xc5, 0x10, 0xc5, 0x10, 0xe5, 0x08, 0xc5, 0x10, 0xc4, 0x10, 0xe5, 0x10,
    0xe5, 0x10, 0xc5, 0x10, 0xc5, 0x10, 0xc5, 0x08, 0xc5, 0x10, 0xc5, 0x10,
    0xc5, 0x10, 0xc5, 0x10, 0xe5, 0x08, 0xe5, 0x10, 0xc5, 0x10, 0xc5, 0x10,
    0xc4, 0x10, 0xc5, 0x08, 0xc5, 0x10, 0xc4, 0x10, 0xc5, 0x10, 0xc5, 0x08,
    0xc5, 0x10, 0xc5, 0x10, 0xc5, 0x10, 0xe4, 0x10, 0xc5, 0x10, 0xc5, 0x10,
    0xc5, 0x10, 0xc5, 0x10, 0xc5, 0x08, 0xe5, 0x10, 0xc5, 0x10, 0xc5, 0x10,
    0xe5, 0x10, 0xe4, 0x10, 0xc5, 0x10, 0xc5, 0x10, 0xc4, 0x10, 0xc5, 0x10,
    0xc5, 0x10, 0xc5, 0x10, 0xc5, 0x10, 0xc5, 0x10, 0xe5, 0x10, 0xc5, 0x08,
    0xc5, 0x10, 0xc4, 0x10, 0xe5, 0x10, 0xc5, 0x10, 0xc5, 0x08, 0xc4, 0x10,
    0xc4, 0x10, 0xc5, 0x10, 0xe5, 0x10, 0xc5, 0x10, 0xc5, 0x10, 0xc5, 0x08,
    0xc5, 0x10, 0xc4, 0x10, 0xe5, 0x10, 0xc5, 0x10, 0xc5, 0x10, 0xc5, 0x10,
    0xc5, 0x10, 0xc4, 0x10, 0xe5, 0x10, 0xc5, 0x10, 0xc5, 0x10, 0xe5, 0x10,
    0xc5, 0x10, 0xc5, 0x10, 0xe4, 0x10, 0xc5, 0x10, 0xc5, 0x10, 0xc4, 0x10,
    0xc5, 0x10, 0xc5, 0x10, 0xc5, 0x10, 0xc5, 0x10, 0xc4, 0x10, 0xc5, 0x10,
    0xe5, 0x10, 0xc4, 0x10, 0xc4, 0x10, 0xe5, 0x10, 0xc5, 0x10, 0xc5, 0x10,
    0xc5, 0x10, 0xc5, 0x10, 0xc5, 0x10, 0xc4, 0x08, 0xc5, 0x10, 0xe5, 0x10,
    0xc5, 0x10, 0xc5, 0x10, 0xc5, 0x10, 0xe5, 0x10, 0xc4, 0x08, 0xc5, 0x10,
    0xc5, 0x10, 0xe4, 0x08, 0xc5, 0x10, 0xc5, 0x10, 0xc5, 0x10, 0xe4, 0x08,
    0xc5, 0x10, 0xe5, 0x10, 0xe4, 0x08, 0xc5, 0x10, 0xc4, 0x10, 0xc4, 0x10,
    0xc5, 0x10, 0xe5, 0x08, 0xc4, 0x10, 0xc4, 0x10, 0xc5, 0x10, 0xc5, 0x10,
    0xc5, 0x10, 0xc4, 0x10, 0xc5, 0x10, 0xc5, 0x10, 0xc4, 0x10, 0xc5, 0x08,
    0xc4, 0x10, 0xc5, 0x10, 0xe4, 0x08, 0xc5, 0x10, 0xc5, 0x10, 0xe5, 0x10,
    0xc4, 0x10, 0xc5, 0x10, 0xc5, 0x08, 0xe4, 0x10, 0xc5, 0x10, 0xc5, 0x10,
    0xc4, 0x08, 0xc4, 0x10, 0xe5, 0x10, 0xc5, 0x10, 0xc5, 0x10, 0xe5, 0x10,
    0xc5, 0x10, 0xc4, 0x10, 0xc5, 0x10, 0xc4, 0x10, 0xe5, 0x08, 0xc5, 0x10,
    0xc4, 0x10, 0xe5, 0x10, 0xc4, 0x10, 0xc5, 0x10, 0xe5, 0x08, 0xc5, 0x10,
    0xc4, 0x10, 0xe4, 0x10, 0xc5, 0x10, 0xc5, 0x10, 0xc5, 0x10, 0xe5, 0x10,
    0xc5, 0x08, 0xc5, 0x10, 0xe4, 0x10, 0xc5, 0x10, 0xc5, 0x10, 0xc4, 0x10,
    0xe5, 0x10, 0xc5, 0x10, 0xc5, 0x10, 0xc5, 0x10, 0xc5, 0x10, 0xe5, 0x10,
    0xc4, 0x10, 0xc5, 0x10, 0xe5, 0x10, 0xc4, 0x10, 0xc5, 0x10, 0xe5, 0x10,
    0xc5, 0x10, 0xc5, 0x10, 0xe5, 0x10, 0xc5, 0x10, 0xc5, 0x10, 0xc4, 0x10,
    0xc5, 0x10, 0xc5, 0x10, 0xc4, 0x10, 0xc5, 0x10, 0xc5, 0x10, 0xc5, 0x08,
    0xc5, 0x10, 0xc5, 0x10, 0xe5, 0x10, 0xc5, 0x08, 0xc5, 0x10, 0xc5, 0x10,
    0xe5, 0x10, 0xc4, 0x10, 0xc5, 0x08, 0xc5, 0x10, 0xc5, 0x10, 0xe4, 0x10,
    0xc5, 0x10, 0xc5, 0x10, 0xc5, 0x10, 0xe4, 0x10, 0xc5, 0x08, 0xc5, 0x10,
    0xe4, 0x10, 0xc5, 0x10, 0xe5, 0x10, 0xe5, 0x08, 0xc5, 0x10, 0xc5, 0x10,
    0xc5, 0x10, 0xc5, 0x10, 0xc4, 0x10, 0xe5, 0x08, 0xc5, 0x10, 0xc5, 0x10,
    0xc5, 0x10, 0xc4, 0x10, 0xc5, 0x10, 0xe5, 0x10, 0xc5, 0x10, 0xe4, 0x08,
    0xc5, 0x10, 0xc5, 0x10, 0xc5, 0x10, 0xe5, 0x10, 0xc4, 0x10, 0xc5, 0x10,
    0xc4, 0x10, 0xc4, 0x10, 0xe5, 0x10, 0xc4, 0x10, 0xc5, 0x08, 0xc5, 0x10,
    0xe4, 0x10, 0xc5, 0x10, 0xc4, 0x10, 0xc4, 0x10, 0xc5, 0x10, 0xc4, 0x10,
    0xc5, 0x10, 0xc5, 0x10, 0xc5, 0x10, 0xc5, 0x10, 0xc4, 0x10, 0xc5, 0x10,
    0xc5, 0x10, 0xc4, 0x10, 0xc5, 0x10, 0xc5, 0x10, 0xc5, 0x08, 0xe5, 0x10,
    0xc5, 0x10, 0xc5, 0x10, 0xc4, 0x10, 0xe5, 0x10, 0xe5, 0x10, 0xc5, 0x10,
    0xe5, 0x10, 0xc5, 0x10, 0xc5, 0x10, 0xc5, 0x10, 0xe5, 0x10, 0xc4, 0x10,
    0xc5, 0x08, 0xc5, 0x10, 0xe5, 0x10, 0xc4, 0x10, 0xc5, 0x10, 0xc5, 0x10,
    0xc4, 0x10, 0xc5, 0x08, 0xc5, 0x10, 0xe5, 0x10, 0xe5, 0x08, 0xc4, 0x10,
    0xc4, 0x10, 0xe5, 0x10, 0xc5, 0x10, 0xc5, 0x10, 0xc4, 0x10, 0xc5, 0x10,
    0xe5, 0x10, 0xe5, 0x08, 0xc4, 0x10, 0xc5, 0x10, 0xc5, 0x10, 0xe5, 0x10,
    0xc5, 0x10, 0xc5, 0x10, 0xc5, 0x10, 0xc5, 0x10, 0xc4, 0x10, 0xc5, 0x10,
    0xe5, 0x10, 0xe5, 0x08, 0xc5, 0x10, 0xc4, 0x10, 0xc4, 0x08, 0xe5, 0x10,
    0xc5, 0x10, 0xc4, 0x10, 0xc5, 0x08, 0xe5, 0x10, 0xc5, 0x10, 0xc4, 0x08,
    0xc5, 0x10, 0xe5, 0x10, 0xc5, 0x10, 0xc5, 0x10, 0xc5, 0x10, 0xe4, 0x08,
    0xe5, 0x10, 0xc5, 0x10, 0xc4, 0x10, 0xe5, 0x10, 0xe5, 0x10, 0xc4, 0x10,
    0xc5, 0x10, 0xc5, 0x10, 0xc5, 0x08, 0xe5, 0x10, 0xc4, 0x10, 0xc4, 0x08,
    0xe5, 0x10, 0xc5, 0x10, 0xc4, 0x10, 0xc5, 0x10, 0xe5, 0x10, 0xc5, 0x08,
    0xc5, 0x10, 0xc4, 0x10, 0xe4, 0x10, 0xc5, 0x10, 0xc5, 0x10, 0xc4, 0x10,
    0xe5, 0x10, 0xc4, 0x10, 0xc5, 0x10, 0xc5, 0x10, 0xe4, 0x10, 0xc5, 0x10,
    0xc5, 0x10, 0xc5, 0x10, 0xc4, 0x10, 0xc5, 0x10, 0xe5, 0x10, 0xc5, 0x10,
    0xc4, 0x10, 0xe5, 0x10, 0xc5, 0x10, 0xc5, 0x10, 0xe5, 0x08, 0xe5, 0x10,
    0xc4, 0x10, 0xe5, 0x08, 0xe5, 0x10, 0xc4, 0x10, 0xc5, 0x10, 0xe5, 0x10,
    0xe5, 0x10, 0xc5, 0x10, 0xc5, 0x10, 0xe4, 0x10, 0xc5, 0x10, 0xc5, 0x10,
    0xe5, 0x10, 0xc5, 0x10, 0xc5, 0x10, 0xc4, 0x10, 0xc5, 0x10, 0xc5, 0x10,
    0xc5, 0x10, 0xc5, 0x10, 0xc5, 0x10, 0xe5, 0x10, 0xc5, 0x10, 0xc5, 0x10,
    0xc4, 0x10, 0xc5, 0x10, 0xc5, 0x10, 0xc5, 0x10, 0xc5, 0x10, 0xe5, 0x10,
    0xc5, 0x10, 0xc5, 0x08, 0xe5, 0x10, 0xc5, 0x10, 0xc5, 0x10, 0xe5, 0x10,
    0xc5, 0x10, 0xc5, 0x10, 0xc4, 0x10, 0xe5, 0x08, 0xc5, 0x10, 0xc4, 0x10,
    0xe5, 0x10, 0xc5, 0x10, 0xc5, 0x08, 0xc5, 0x10, 0xe5, 0x10, 0xe5, 0x10,
    0xc5, 0x10, 0xc5, 0x10, 0xc5, 0x10, 0xc4, 0x10, 0xe4, 0x10, 0xc5, 0x08,
    0xc5, 0x10, 0xc4, 0x10, 0xc5, 0x10, 0xc4, 0x10, 0xe5, 0x10, 0xc4, 0x10,
    0xc5, 0x08, 0xc5, 0x10, 0xc4, 0x10, 0xc4, 0x08, 0xc5, 0x10, 0xe5, 0x10,
    0xc5, 0x08, 0xc4, 0x10, 0xe5, 0x10, 0xc5, 0x10, 0xc5, 0x10, 0xe4, 0x10,
    0xc5, 0x10, 0xc4, 0x10, 0xc5, 0x10, 0xc5, 0x10, 0xc4, 0x10, 0xe5, 0x10,
    0xc5, 0x08, 0xc4, 0x10, 0xe5, 0x10, 0xe5, 0x10, 0xc4, 0x10, 0xc5, 0x08,
    0xe5, 0x10, 0xc5, 0x10, 0xe4, 0x10, 0xc5, 0x10, 0xc5, 0x10, 0xc4, 0x10,
    0xc5, 0x10, 0xc5, 0x08, 0xc4, 0x10, 0xc4, 0x10, 0xe5, 0x10, 0xc5, 0x10,
    0xe5, 0x08, 0xc4, 0x10, 0xc5, 0x10, 0xe5, 0x10, 0xc5, 0x10, 0xc5, 0x08,
    0xc4, 0x10, 0xc5, 0x10, 0xe5, 0x10, 0xc5, 0x10, 0xc4, 0x10, 0xc5, 0x10,
    0xe5, 0x10, 0xc5, 0x10, 0xe4, 0x10, 0xc5, 0x10, 0xc5, 0x08, 0xe5, 0x10,
    0xc5, 0x10, 0xc5, 0x10, 0xe5, 0x10, 0xc5, 0x10, 0xc5, 0x10, 0xe4, 0x10,
    0xc5, 0x10, 0xc5, 0x08, 0xe5, 0x10, 0xc5, 0x10, 0xe5, 0x10, 0xc5, 0x10,
    0xc4, 0x08, 0xc5, 0x10, 0xe4, 0x10, 0xe5, 0x10, 0xc5, 0x10, 0xe4, 0x08,
    0xe5, 0x10, 0xc5, 0x10, 0xe4, 0x10, 0xc5, 0x10, 0xc4, 0x10, 0xc4, 0x10,
    0xe5, 0x10, 0xc5, 0x10, 0xe5, 0x10, 0xc5, 0x10, 0xc5, 0x10, 0xc4, 0x10,
    0xc4, 0x10, 0xe5, 0x10, 0xc4, 0x10, 0xe5, 0x08, 0xc5, 0x10, 0xc5, 0x10,
    0xe4, 0x10, 0xe5, 0x10, 0xc4, 0x10, 0xc5, 0x08, 0xc5, 0x10, 0xe5, 0x10,
    0xc4, 0x10, 0xc5, 0x10, 0xc5, 0x10, 0xc4, 0x10, 0xc5, 0x10, 0xe5, 0x10,
    0xc5, 0x10, 0xc5, 0x10, 0xe4, 0x08, 0xc5, 0x10, 0xc5, 0x10, 0xc4, 0x10,
    0xc4, 0x10, 0xc5, 0x10, 0xc5, 0x10, 0xc4, 0x10, 0xe5, 0x10, 0xc5, 0x10,
    0xe5, 0x08, 0xc5, 0x10, 0xc4, 0x10, 0xe4, 0x08, 0xc5, 0x10, 0xe5, 0x10,
    0xc4, 0x10, 0xc4, 0x10, 0xc5, 0x10, 0xc5, 0x10, 0xe5, 0x10, 0xc5, 0x10,
    0xe4, 0x10, 0xe5, 0x10, 0xc5, 0x10, 0xc5, 0x10, 0xc4, 0x10, 0xe5, 0x10,
    0xc5, 0x10, 0xc4, 0x10, 0xc4, 0x08, 0xc5, 0x10, 0xe5, 0x10, 0xc5, 0x10,
    0xc5, 0x10, 0xe5, 0x10, 0xc4, 0x08, 0xc5, 0x10, 0xc5, 0x10, 0xc5, 0x08,
    0xc4, 0x10, 0xe5, 0x10, 0xc5, 0x10, 0xc5, 0x10, 0xc5, 0x10, 0xc5, 0x10,
    0xe5, 0x10, 0xc4, 0x08, 0xc5, 0x10, 0xe5, 0x10, 0xc5, 0x10, 0xc4, 0x10,
    0xc5, 0x10, 0xe5, 0x10, 0xc5, 0x10, 0xc5, 0x08, 0xc5, 0x10, 0xe5, 0x10,
    0xc5, 0x10, 0xc5, 0x10, 0xc5, 0x10, 0xe5, 0x08, 0xc4, 0x10, 0xc5, 0x10,
    0xc5, 0x10, 0xc5, 0x10, 0xc5, 0x10, 0xc5, 0x10, 0xc5, 0x08, 0xe5, 0x10,
    0xc5, 0x10, 0xc5, 0x10, 0xc5, 0x10, 0xc5, 0x10, 0xc5, 0x10, 0xc4, 0x10,
    0xc5, 0x10, 0xc5, 0x10, 0xc5, 0x10, 0xe4, 0x10, 0xc5, 0x10, 0xc5, 0x10,
    0xc5, 0x10, 0xc4, 0x08, 0xe5, 0x10, 0xc5, 0x10, 0xc5, 0x10, 0xe4, 0x08,
    0xc5, 0x10, 0xc5, 0x10, 0xe4, 0x10, 0xe5, 0x10, 0xc5, 0x08, 0xe4, 0x10,
    0xe5, 0x10, 0xc5, 0x08, 0xc5, 0x10, 0xc5, 0x10, 0xe4, 0x08, 0xc4, 0x10,
    0xc5, 0x10, 0xc5, 0x08, 0xe5, 0x10, 0xe5, 0x10, 0xc5, 0x10, 0xc4, 0x10,
    0xc5, 0x10, 0xc5, 0x10, 0xc4, 0x10, 0xc5, 0x10, 0xc5, 0x10, 0xc4, 0x10,
    0xc5, 0x10, 0xc5, 0x08, 0xe5, 0x10, 0xc5, 0x10, 0xe4, 0x10, 0xc5, 0x10,
    0xc4, 0x10, 0xe5, 0x10, 0xc5, 0x10, 0xc5, 0x10, 0xc4, 0x10, 0xc5, 0x08,
    0xc5, 0x10, 0xc4, 0x10, 0xc5, 0x08, 0xe5, 0x10, 0xc5, 0x10, 0xc5, 0x10,
    0xc5, 0x10, 0xe5, 0x10, 0xc5, 0x08, 0xc5, 0x10, 0xc5, 0x10, 0xc5, 0x08,
    0xc4, 0x10, 0xe5, 0x10, 0xe5, 0x10, 0xc5, 0x10, 0xc5, 0x10, 0xe5, 0x10,
    0xc4, 0x10, 0xc5, 0x10, 0xe5, 0x10, 0xc5, 0x08, 0xc4, 0x10, 0xe5, 0x10,
    0xc5, 0x10, 0xc5, 0x10, 0xe4, 0x10, 0xc5, 0x10, 0xc4, 0x10, 0xe5, 0x10,
    0xc5, 0x10, 0xc5, 0x10, 0xc5, 0x10, 0xc5, 0x10, 0xc5, 0x10, 0xe5, 0x10,
    0xc4, 0x10, 0xc5, 0x08, 0xc5, 0x10, 0xc5, 0x10, 0xe5, 0x10, 0xc5, 0x10,
    0xc5, 0x10, 0xe5, 0x10, 0xc5, 0x10, 0xc5, 0x10, 0xc4, 0x10, 0xc5, 0x10,
    0xc5, 0x10, 0xe4, 0x10, 0xc5, 0x10, 0xc5, 0x10, 0xc5, 0x10, 0xc4, 0x10,
    0xe5, 0x10, 0xe5, 0x10, 0xc5, 0x08, 0xc4, 0x10, 0xc5, 0x10, 0xc5, 0x10,
    0xc5, 0x10, 0xc4, 0x10, 0xc5, 0x08, 0xc5, 0x10, 0xc5, 0x10, 0xe4, 0x10,
    0xc5, 0x10, 0xc5, 0x08, 0xc5, 0x10, 0xc5, 0x10, 0xc4, 0x10, 0xc5, 0x10,
    0xc5, 0x10, 0xc5, 0x10, 0xc4, 0x10, 0xc5, 0x10, 0xc5, 0x08, 0xe5, 0x10,
    0xe5, 0x10, 0xc5, 0x10, 0xc5, 0x08, 0xc4, 0x10, 0xc5, 0x10, 0xc5, 0x10,
    0xc4, 0x10, 0xc5, 0x08, 0xc5, 0x10, 0xe5, 0x10, 0xc5, 0x10, 0xc5, 0x10,
    0xc5, 0x10, 0xc4, 0x08, 0xc4, 0x10, 0xc5, 0x10, 0xc4, 0x08, 0xc5, 0x10,
    0xe5, 0x10, 0xc5, 0x08, 0xc5, 0x10, 0xc4, 0x10, 0xc5, 0x10, 0xc5, 0x10,
    0xc5, 0x10, 0xc5, 0x10, 0xc5, 0x10, 0xe4, 0x10, 0xc5, 0x10, 0xc5, 0x08,
    0xe5, 0x10, 0xc5, 0x10, 0xe5, 0x08, 0xc4, 0x10, 0xc5, 0x10, 0xc5, 0x08,
    0xc5, 0x10, 0xe4, 0x10, 0xc5, 0x10, 0xc4, 0x10, 0xe5, 0x08, 0xe5, 0x10,
    0xc5, 0x10, 0xc5, 0x10, 0xc5, 0x10, 0xe5, 0x10, 0xc4, 0x08, 0xc5, 0x10,
    0xc4, 0x10, 0xc5, 0x10, 0xe5, 0x10, 0xc5, 0x10, 0xc5, 0x10, 0xc5, 0x10,
    0xc5, 0x10, 0xc5, 0x10, 0xc5, 0x10, 0xe5, 0x10, 0xc5, 0x10, 0xc5, 0x10,
    0xc5, 0x08, 0xc5, 0x10, 0xc5, 0x10, 0xc4, 0x08, 0xe5, 0x10, 0xc5, 0x10,
    0xc5, 0x10, 0xc5, 0x10, 0xe5, 0x10, 0xc5, 0x10, 0xc4, 0x10, 0xc5, 0x10,
    0xc5, 0x10, 0xc4, 0x10, 0xe5, 0x10, 0xc5, 0x10, 0xc5, 0x10, 0xc5, 0x10,
    0xe5, 0x10, 0xc5, 0x10, 0xc4, 0x10, 0xc4, 0x10, 0xe5, 0x10, 0xc5, 0x10,
    0xc4, 0x10, 0xc5, 0x10, 0xe5, 0x10, 0xc5, 0x10, 0xc4, 0x10, 0xc5, 0x10,
    0xe4, 0x10, 0xc5, 0x08, 0xc5, 0x10, 0xc5, 0x10, 0xe4, 0x10, 0xc5, 0x10,
    0xc5, 0x08, 0xc4, 0x10, 0xe5, 0x10, 0xc5, 0x10, 0xc5, 0x10, 0xc5, 0x10,
    0xc4, 0x10, 0xe5, 0x08, 0xe4, 0x10, 0xc5, 0x10, 0xe5, 0x10, 0xc4, 0x10,
    0xc5, 0x10, 0xc5, 0x08, 0xc4, 0x10, 0xe4, 0x10, 0xc5, 0x10, 0xc5, 0x10,
    0xe5, 0x10, 0xc5, 0x10, 0xc5, 0x10, 0xc5, 0x10, 0xe5, 0x08, 0xc5, 0x10,
    0xc4, 0x10, 0xc5, 0x10, 0xc5, 0x10, 0xc5, 0x10, 0xc5, 0x10, 0xc5, 0x10,
    0xc4, 0x10, 0xc5, 0x08, 0xc5, 0x10, 0xc5, 0x10, 0xc5, 0x10, 0xc5, 0x10,
    0xc4, 0x10, 0xe5, 0x10, 0xc4, 0x10, 0xc4, 0x10, 0xc5, 0x10, 0xc5, 0x10,
    0xe5, 0x10, 0xc5, 0x10, 0xc5, 0x10, 0xc4, 0x08, 0xc4, 0x10, 0xc5, 0x10,
    0xc4, 0x08, 0xe5, 0x10, 0xc5, 0x10, 0xc4, 0x10, 0xe5, 0x08, 0xc5, 0x10,
    0xc4, 0x10, 0xe5, 0x10, 0xc5, 0x10, 0xc4, 0x10, 0xc5, 0x10, 0xc5, 0x08,
    0xc5, 0x10, 0xc5, 0x10, 0xc4, 0x10, 0xc4, 0x10, 0xe5, 0x10, 0xc5, 0x10,
    0xc4, 0x10, 0xe5, 0x10, 0xe4, 0x10, 0xc5, 0x10, 0xc5, 0x10, 0xc5, 0x10,
    0xe4, 0x10, 0xc5, 0x10, 0xe5, 0x10, 0xe4, 0x10, 0xc5, 0x10, 0xe5, 0x10,
    0xc5, 0x10, 0xc5, 0x10, 0xc4, 0x10, 0xc5, 0x10, 0xe5, 0x10, 0xc4, 0x10,
    0xc5, 0x10, 0xc5, 0x10, 0xc5, 0x10, 0xc4, 0x10, 0xc5, 0x10, 0xc5, 0x10,
    0xc5, 0x10, 0xc5, 0x10, 0xc5, 0x10, 0xe5, 0x08, 0xc5, 0x10, 0xc5, 0x10,
    0xc4, 0x10, 0xe5, 0x10, 0xc5, 0x10, 0xc4, 0x08, 0xc4, 0x10, 0xc5, 0x10,
    0xc5, 0x10, 0xc4, 0x10, 0xe5, 0x10, 0xc5, 0x10, 0xc5, 0x08, 0xe4, 0x10,
    0xc5, 0x10, 0xc4, 0x10, 0xe5, 0x10, 0xc5, 0x10, 0xc5, 0x10, 0xc4, 0x08,
    0xe5, 0x10, 0xc5, 0x10, 0xc5, 0x10, 0xc5, 0x08, 0xc4, 0x10, 0xe5, 0x10,
    0xc5, 0x10, 0xc5, 0x10, 0xc4, 0x10, 0xc5, 0x10, 0xe5, 0x10, 0xe5, 0x08,
    0xc4, 0x10, 0xc5, 0x10, 0xe5, 0x10, 0xc5, 0x10, 0xc4, 0x10, 0xc5, 0x10,
    0xc4, 0x10, 0xc5, 0x10, 0xe5, 0x10, 0xc4, 0x10, 0xe5, 0x08, 0xe5, 0x10,
    0xc5, 0x10, 0xc4, 0x10, 0xe5, 0x10, 0xc5, 0x10, 0xc5, 0x10, 0xc4, 0x10,
    0xc5, 0x10, 0xe5, 0x10, 0xc4, 0x10, 0xc5, 0x10, 0xe5, 0x10, 0xc5, 0x10,
    0xc5, 0x10, 0xc5, 0x10, 0xe5, 0x10, 0xc4, 0x10, 0xc5, 0x08, 0xe5, 0x10,
    0xc5, 0x10, 0xc5, 0x10, 0xe5, 0x10, 0xc5, 0x10, 0xc5, 0x10, 0xe5, 0x10,
    0xc5, 0x10, 0xc5, 0x10, 0xc4, 0x10, 0xe5, 0x10, 0xc5, 0x10, 0xc4, 0x10,
    0xe5, 0x08, 0xc5, 0x10, 0xc5, 0x10, 0xc5, 0x10, 0xc5, 0x10, 0xe4, 0x10,
    0xc4, 0x10, 0xc5, 0x10, 0xc5, 0x10, 0xe5, 0x10, 0xc5, 0x10, 0xc5, 0x10,
    0xc4, 0x10, 0xc5, 0x10, 0xc5, 0x10, 0xc5, 0x10, 0xc5, 0x10, 0xc5, 0x10,
    0xe5, 0x10, 0xc5, 0x08, 0xc4, 0x10, 0xe5, 0x10, 0xc5, 0x10, 0xc5, 0x10,
    0xc5, 0x10, 0xe4, 0x08, 0xc5, 0x10, 0xc5, 0x10, 0xc5, 0x10, 0xe4, 0x10,
    0xc5, 0x08, 0xc5, 0x10, 0xe5, 0x10, 0xc4, 0x08, 0xc4, 0x10, 0xc5, 0x10,
    0xc4, 0x10, 0xc5, 0x10, 0xc5, 0x10, 0xe4, 0x10, 0xc5, 0x10, 0xc5, 0x10,
    0xc4, 0x08, 0xe5, 0x10, 0xc5, 0x10, 0xc5, 0x10, 0xc5, 0x08, 0xe4, 0x10,
    0xc5, 0x10, 0xc5, 0x08, 0xc5, 0x10, 0xc5, 0x10, 0xe4, 0x10, 0xe4, 0x10,
    0xc5, 0x10, 0xc5, 0x08, 0xc5, 0x10, 0xe5, 0x10, 0xc4, 0x08, 0xc5, 0x10,
    0xc5, 0x10, 0xe5, 0x10, 0xc5, 0x10, 0xc4, 0x10, 0xc5, 0x08, 0xe5, 0x10,
    0xc5, 0x10, 0xc5, 0x10, 0xc4, 0x10, 0xe5, 0x10, 0xc5, 0x10, 0xc4, 0x10,
    0xc5, 0x10, 0xe5, 0x10, 0xc4, 0x10, 0xc5, 0x10, 0xc4, 0x10, 0xe5, 0x08,
    0xe5, 0x10, 0xc4, 0x10, 0xc5, 0x10, 0xc4, 0x10, 0xc5, 0x10, 0xc5, 0x10,
    0xc4, 0x10, 0xe5, 0x10, 0xe5, 0x10, 0xc5, 0x10, 0xe5, 0x08, 0xc4, 0x10,
    0xc5, 0x10, 0xe4, 0x08, 0xc4, 0x10, 0xc5, 0x10, 0xc5, 0x10, 0xc4, 0x10,
    0xe5, 0x10, 0xc5, 0x10, 0xe4, 0x10, 0xc4, 0x08, 0xe5, 0x10, 0xc4, 0x10,
    0xc5, 0x10, 0xe5, 0x10, 0xc4, 0x10, 0xc5, 0x10, 0xc5, 0x10, 0xc5, 0x10,
    0xc5, 0x10, 0xc5, 0x10, 0xe5, 0x10, 0xc5, 0x10, 0xc5, 0x10, 0xe5, 0x10,
    0xc5, 0x10, 0xe4, 0x10, 0xc4, 0x10, 0xc5, 0x10, 0xc5, 0x10, 0xe5, 0x10,
    0xe5, 0x10, 0xc4, 0x10, 0xe5, 0x10, 0xc5, 0x10, 0xc4, 0x10, 0xe5, 0x10,
    0xc5, 0x10, 0xc5, 0x10, 0xc4, 0x10, 0xc5, 0x10, 0xc5, 0x10, 0xc5, 0x10,
    0xe5, 0x10, 0xc4, 0x10, 0xc5, 0x08, 0xe5, 0x10, 0xc5, 0x10, 0xc4, 0x10,
    0xc5, 0x10, 0xc5, 0x08, 0xc5, 0x10, 0xc5, 0x10, 0xc4, 0x10, 0xe5, 0x08,
    0xc5, 0x10, 0xc4, 0x10, 0xc5, 0x10, 0xc5, 0x10, 0xc5, 0x10, 0xc4, 0x10,
    0xe5, 0x10, 0xc5, 0x08, 0xc5, 0x10, 0xc4, 0x10, 0xc5, 0x08, 0xe5, 0x10,
    0xc5, 0x10, 0xe5, 0x08, 0xc4, 0x10, 0xc5, 0x10, 0xe5, 0x10, 0xe5, 0x10,
    0xc5, 0x10, 0xc4, 0x10, 0xe5, 0x10, 0xc5, 0x10, 0xc4, 0x10, 0xc5, 0x10,
    0xc5, 0x08, 0xc4, 0x10, 0xe5, 0x10, 0xc5, 0x10, 0xe5, 0x10, 0xc5, 0x10,
    0xc5, 0x10, 0xe5, 0x10, 0xc4, 0x10, 0xc5, 0x10, 0xc4, 0x10, 0xc5, 0x10,
    0xe5, 0x10, 0xc5, 0x08, 0xc4, 0x10, 0xc5, 0x10, 0xe5, 0x10, 0xc5, 0x10,
    0xc5, 0x10, 0xc4, 0x10, 0xc5, 0x10, 0xe5, 0x10, 0xe4, 0x10, 0xc5, 0x10,
    0xc5, 0x08, 0xc4, 0x10, 0xc5, 0x10, 0xe5, 0x10, 0xc5, 0x10, 0xc4, 0x10,
    0xc5, 0x10, 0xe5, 0x10, 0xc5, 0x10, 0xc4, 0x10, 0xe5, 0x10, 0xe5, 0x08,
    0xc5, 0x10, 0xc5, 0x10, 0xe4, 0x10, 0xc5, 0x10, 0xc5, 0x10, 0xc5, 0x10,
    0xc4, 0x08, 0xe5, 0x10, 0xc5, 0x10, 0xe5, 0x08, 0xc4, 0x10, 0xc5, 0x10,
    0xc4, 0x10, 0xc5, 0x10, 0xc5, 0x10, 0xe5, 0x10, 0xc4, 0x08, 0xc5, 0x10,
    0xe5, 0x10, 0xc5, 0x10, 0xc4, 0x10, 0xc5, 0x10, 0xc5, 0x10, 0xc4, 0x10,
    0xe5, 0x10, 0xc5, 0x10, 0xc5, 0x10, 0xe5, 0x08, 0xc4, 0x10, 0xc5, 0x10,
    0xc5, 0x10, 0xc4, 0x10, 0xe5, 0x10, 0xc5, 0x08, 0xc4, 0x10, 0xe5, 0x10,
    0xc5, 0x10, 0xc4, 0x10, 0xc4, 0x08, 0xe5, 0x10, 0xc5, 0x10, 0xc5, 0x10,
    0xc5, 0x10, 0xc5, 0x10, 0xe4, 0x10, 0xc4, 0x10, 0xc5, 0x10, 0xe5, 0x10,
    0xe5, 0x10, 0xc5, 0x10, 0xc5, 0x08, 0xe5, 0x10, 0xc4, 0x10, 0xc5, 0x10,
    0xc4, 0x10, 0xe4, 0x10, 0xc5, 0x10, 0xc5, 0x10, 0xc5, 0x10, 0xc4, 0x10,
    0xe5, 0x10, 0xc5, 0x10, 0xc5, 0x10, 0xc4, 0x10, 0xe5, 0x08, 0xc5, 0x10,
    0xc4, 0x10, 0xe4, 0x10, 0xc5, 0x10, 0xc5, 0x10, 0xc5, 0x10, 0xc5, 0x10,
    0xe5, 0x10, 0xe4, 0x10, 0xc5, 0x10, 0xc5, 0x10, 0xc5, 0x10, 0xc4, 0x10,
    0xe5, 0x10, 0xc5, 0x10, 0xc4, 0x10, 0xc5, 0x10, 0xe4, 0x10, 0xc5, 0x10,
    0xe5, 0x10, 0xc5, 0x10, 0xc4, 0x10, 0xc5, 0x08, 0xc5, 0x10, 0xc5, 0x10,
    0xc5, 0x10, 0xc4, 0x10, 0xe5, 0x10, 0xc5, 0x10, 0xc5, 0x10, 0xc5, 0x10,
    0xe5, 0x10, 0xc4, 0x08, 0xc5, 0x10, 0xc4, 0x10, 0xe5, 0x10, 0xc5, 0x10,
    0xc5, 0x10, 0xc4, 0x10, 0xe5, 0x10, 0xc5, 0x10, 0xc4, 0x08, 0xc5, 0x10,
    0xe5, 0x10, 0xc4, 0x10, 0xc5, 0x08, 0xc5, 0x10, 0xe5, 0x10, 0xc5, 0x10,
    0xc5, 0x10, 0xc5, 0x10, 0xc5, 0x10, 0xc5, 0x10, 0xc5, 0x08, 0xe5, 0x10,
    0xc5, 0x10, 0xc4, 0x10, 0xc5, 0x10, 0xc5, 0x10, 0xc5, 0x10, 0xc4, 0x10,
    0xc5, 0x10, 0xc5, 0x10, 0xc5, 0x10, 0xe4, 0x10, 0xc5, 0x10, 0xc5, 0x10,
    0xc4, 0x10, 0xe5, 0x08, 0xc5, 0x10, 0xc5, 0x10, 0xc5, 0x10, 0xe5, 0x10,
    0xc5, 0x10, 0xc5, 0x10, 0xe4, 0x10, 0xc5, 0x08, 0xe4, 0x10, 0xe4, 0x10,
    0xc5, 0x08, 0xc5, 0x10, 0xc4, 0x10, 0xc5, 0x08, 0xe5, 0x10, 0xc5, 0x10,
    0xc4, 0x08, 0xc5, 0x10, 0xc5, 0x10, 0xe5, 0x10, 0xc5, 0x10, 0xc5, 0x10,
    0xc5, 0x10, 0xc5, 0x10, 0xc5, 0x08, 0xe5, 0x10, 0xc5, 0x10, 0xc5, 0x10,
    0xc5, 0x08, 0xe4, 0x10, 0xc5, 0x10, 0xc5, 0x08, 0xe5, 0x10, 0xe5, 0x10,
    0xc4, 0x10, 0xe5, 0x10, 0xc5, 0x10, 0xc5, 0x10, 0xe5, 0x10, 0xc5, 0x08,
    0xc5, 0x10, 0xe5, 0x10, 0xc5, 0x10, 0xc4, 0x10, 0xe5, 0x10, 0xc5, 0x10,
    0xc4, 0x10, 0xc5, 0x10, 0xc5, 0x08, 0xc4, 0x10, 0xc5, 0x10, 0xc5, 0x08,
    0xc4, 0x10, 0xc5, 0x10, 0xe5, 0x10, 0xc5, 0x10, 0xc5, 0x10, 0xc4, 0x10,
    0xc5, 0x10, 0xc5, 0x10, 0xe4, 0x10, 0xc5, 0x10, 0xc5, 0x08, 0xc5, 0x10,
    0xc5, 0x10, 0xc5, 0x10, 0xc4, 0x10, 0xc5, 0x10, 0xc5, 0x10, 0xe5, 0x10,
    0xc5, 0x10, 0xe5, 0x10, 0xc5, 0x08, 0xc4, 0x10, 0xc5, 0x10, 0xe5, 0x10,
    0xc4, 0x08, 0xc5, 0x10, 0xc5, 0x10, 0xc5, 0x08, 0xe5, 0x10, 0xc4, 0x10,
    0xc5, 0x10, 0xc5, 0x10, 0xc5, 0x10, 0xe5, 0x08, 0xc4, 0x10, 0xe5, 0x10,
    0xc5, 0x10, 0xc5, 0x08, 0xe4, 0x10, 0xc5, 0x10, 0xc5, 0x10, 0xc5, 0x10,
    0xc5, 0x10, 0xe4, 0x10, 0xc5, 0x08, 0xc5, 0x10, 0xc5, 0x10, 0xc4, 0x10,
    0xe5, 0x10, 0xc5, 0x08, 0xc4, 0x10, 0xc5, 0x10, 0xc5, 0x10, 0xc5, 0x10,
    0xe5, 0x10, 0xc4, 0x10, 0xc5, 0x08, 0xc5, 0x10, 0xc5, 0x10, 0xc4, 0x10,
    0xe5, 0x10, 0xc5, 0x10, 0xc5, 0x10, 0xc4, 0x10, 0xc5, 0x10, 0xe5, 0x10,
    0xc5, 0x10, 0xc5, 0x08, 0xc4, 0x10, 0xc5, 0x10, 0xc5, 0x10, 0xc4, 0x10,
    0xe5, 0x10, 0xc4, 0x08, 0xc5, 0x10, 0xe5, 0x10, 0xc4, 0x10, 0xe5, 0x10,
    0xc5, 0x08, 0xc4, 0x10, 0xe4, 0x10, 0xc5, 0x10, 0xc5, 0x10, 0xc4, 0x10,
    0xe5, 0x08, 0xc5, 0x10, 0xc5, 0x10, 0xc5, 0x10, 0xc5, 0x10, 0xe5, 0x10,
    0xc5, 0x10, 0xc5, 0x10, 0xe5, 0x10, 0xc4, 0x10, 0xc5, 0x10, 0xc4, 0x08,
    0xe5, 0x10, 0xc5, 0x10, 0xc5, 0x08, 0xc5, 0x10, 0xc5, 0x10, 0xc4, 0x08,
    0xc4, 0x10, 0xe5, 0x10, 0xc5, 0x10, 0xc4, 0x10, 0xe5, 0x10, 0xc5, 0x08,
    0xc5, 0x10, 0xc5, 0x10, 0xc5, 0x10, 0xc5, 0x10, 0xc4, 0x08, 0xe5, 0x10,
    0xc5, 0x10, 0xc5, 0x10, 0xc4, 0x10, 0xe5, 0x10, 0xc4, 0x10, 0xc5, 0x10,
    0xe5, 0x10, 0xc5, 0x08, 0xc5, 0x10, 0xe4, 0x10, 0xe5, 0x10, 0xc5, 0x10,
    0xc4, 0x08, 0xc5, 0x10, 0xc5, 0x10, 0xe5, 0x08, 0xc4, 0x10, 0xc5, 0x10,
    0xe5, 0x10, 0xc4, 0x10, 0xc5, 0x10, 0xe5, 0x08, 0xc5, 0x10, 0xc5, 0x10,
    0xc5, 0x10, 0xe4, 0x10, 0xc5, 0x10, 0xe4, 0x10, 0xc5, 0x10, 0xc5, 0x08,
    0xc5, 0x10, 0xe5, 0x10, 0xc4, 0x08, 0xc5, 0x10, 0xc5, 0x10, 0xe5, 0x10,
    0xc4, 0x10, 0xc5, 0x10, 0xc5, 0x10, 0xe5, 0x10, 0xc5, 0x10, 0xc5, 0x10,
    0xc4, 0x10, 0xe5, 0x08, 0xc5, 0x10, 0xc5, 0x10, 0xc5, 0x10, 0xe5, 0x10,
    0xc5, 0x10, 0xc5, 0x10, 0xc5, 0x10, 0xe5, 0x10, 0xc4, 0x10, 0xc5, 0x10,
    0xc4, 0x10, 0xc5, 0x10, 0xc5, 0x08, 0xe5, 0x10, 0xe4, 0x10, 0xc4, 0x10,
    0xe5, 0x10, 0xc5, 0x08, 0xc5, 0x10, 0xc4, 0x10, 0xc5, 0x10, 0xc5, 0x10,
    0xe5, 0x08, 0xc5, 0x10, 0xc5, 0x10, 0xc5, 0x10, 0xe5, 0x08, 0xc5, 0x10,
    0xc5, 0x10, 0xc5, 0x10, 0xc5, 0x10, 0xc5, 0x10, 0xc5, 0x10, 0xc4, 0x08,
    0xe5, 0x10, 0xc5, 0x10, 0xc5, 0x10, 0xc5, 0x10, 0xc5, 0x10, 0xc5, 0x10,
    0xe5, 0x10, 0xc4, 0x10, 0xc5, 0x10, 0xe5, 0x10, 0xc4, 0x10, 0xc4, 0x10,
    0xc5, 0x10, 0xc5, 0x10, 0xe5, 0x10, 0xc5, 0x08, 0xc5, 0x10, 0xe4, 0x10,
    0xc4, 0x08, 0xc5, 0x10, 0xc4, 0x10, 0xc5, 0x10, 0xc5, 0x10, 0xc4, 0x10,
    0xe5, 0x10, 0xc5, 0x10, 0xe5, 0x10, 0xc5, 0x10, 0xc4, 0x10, 0xc4, 0x08,
    0xc5, 0x10, 0xc5, 0x10, 0xc5, 0x10, 0xe5, 0x10, 0xc4, 0x10, 0xc5, 0x10,
    0xe5, 0x10, 0xc5, 0x10, 0xc4, 0x10, 0xe5, 0x08, 0xc5, 0x10, 0xc5, 0x10,
    0xc5, 0x10, 0xe5, 0x10, 0xe5, 0x10, 0xc5, 0x10, 0xe4, 0x10, 0xe5, 0x10,
    0xc5, 0x10, 0xc5, 0x10, 0xc4, 0x08, 0xe5, 0x10, 0xe5, 0x10, 0xc5, 0x08,
    0xc4, 0x10, 0xc5, 0x10, 0xc5, 0x10, 0xe5, 0x10, 0xc5, 0x10, 0xc4, 0x10,
    0xc5, 0x10, 0xc5, 0x10, 0xe5, 0x10, 0xc5, 0x08, 0xc4, 0x10, 0xe5, 0x10,
    0xc4, 0x10, 0xc5, 0x10, 0xc5, 0x10, 0xc4, 0x10, 0xe5, 0x10, 0xc5, 0x10,
    0xc4, 0x10, 0xe5, 0x10, 0xc5, 0x10, 0xc5, 0x10, 0xe4, 0x10, 0xc5, 0x10,
    0xc5, 0x08, 0xc4, 0x10, 0xe5, 0x10, 0xc5, 0x10, 0xc4, 0x10, 0xc5, 0x10,
    0xc5, 0x10, 0xe4, 0x10, 0xc5, 0x10, 0xc5, 0x10, 0xc5, 0x08, 0xc4, 0x10,
    0xc5, 0x10, 0xe5, 0x10, 0xc5, 0x10, 0xe5, 0x10, 0xc4, 0x08, 0xc5, 0x10,
    0xc5, 0x10, 0xc4, 0x10, 0xc5, 0x10, 0xe5, 0x08, 0xc5, 0x10, 0xc5, 0x10,
    0xc4, 0x10, 0xc5, 0x10, 0xe5, 0x10, 0xc5, 0x10, 0xc4, 0x10, 0xe5, 0x10,
    0xc5, 0x10, 0xc5, 0x10, 0xc4, 0x10, 0xc5, 0x10, 0xe5, 0x10, 0xc5, 0x08,
    0xe5, 0x10, 0xc4, 0x10, 0xe5, 0x10, 0xe5, 0x10, 0xc5, 0x10, 0xc5, 0x10,
    0xc5, 0x10, 0xc5, 0x10, 0xe4, 0x10, 0xc5, 0x10, 0xc5, 0x08, 0xc5, 0x10,
    0xc5, 0x10, 0xc5, 0x10, 0xc5, 0x10, 0xc5, 0x10, 0xc4, 0x10, 0xe5, 0x10,
    0xc5, 0x10, 0xc4, 0x10, 0xe5, 0x10, 0xc5, 0x10, 0xc4, 0x10, 0xc5, 0x10,
    0xc4, 0x08, 0xe5, 0x10, 0xc5, 0x10, 0xc5, 0x10, 0xc5, 0x10, 0xe5, 0x10,
    0xc5, 0x10, 0xc5, 0x10, 0xe4, 0x10, 0xc5, 0x10, 0xe5, 0x10, 0xc5, 0x10,
    0xc5, 0x10, 0xc5, 0x10, 0xe4, 0x10, 0xc5, 0x10, 0xc5, 0x10, 0xe4, 0x10,
    0xc5, 0x10, 0xc5, 0x08, 0xe5, 0x10, 0xe4, 0x10, 0xc5, 0x10, 0xc5, 0x10,
    0xe5, 0x10, 0xc4, 0x08, 0xc5, 0x10, 0xc5, 0x10, 0xc5, 0x10, 0xc5, 0x10,
    0xc5, 0x10, 0xc5, 0x10, 0xc5, 0x10, 0xc5, 0x10, 0xc4, 0x08, 0xe5, 0x10,
    0xc5, 0x10, 0xc5, 0x10, 0xc5, 0x10, 0xc4, 0x10, 0xe5, 0x10, 0xc5, 0x10,
    0xc5, 0x08, 0xc5, 0x10, 0xc5, 0x10, 0xe4, 0x10, 0xc5, 0x10, 0xc5, 0x08,
    0xc4, 0x10, 0xc5, 0x10, 0xc5, 0x10, 0xc5, 0x10, 0xe5, 0x10, 0xc4, 0x10,
    0xe5, 0x10, 0xc4, 0x10, 0xc5, 0x10, 0xc5, 0x10, 0xe4, 0x10, 0xc4, 0x08,
    0xc5, 0x10, 0xc5, 0x10, 0xe5, 0x10, 0xc5, 0x08, 0xc5, 0x10, 0xc4, 0x10,
    0xe5, 0x10, 0xc5, 0x10, 0xc5, 0x10, 0xc5, 0x10, 0xe4, 0x10, 0xc5, 0x10,
    0xc4, 0x08, 0xc5, 0x10, 0xe5, 0x10, 0xc5, 0x10, 0xc4, 0x10, 0xc5, 0x08,
    0xe5, 0x10, 0xe4, 0x10, 0xc5, 0x10, 0xc4, 0x10, 0xc5, 0x10, 0xc5, 0x10,
    0xc5, 0x10, 0xc5, 0x10, 0xe4, 0x10, 0xc5, 0x08, 0xe5, 0x10, 0xe5, 0x10,
    0xc4, 0x10, 0xe5, 0x10, 0xc4, 0x10, 0xe5, 0x10, 0xc5, 0x10, 0xc4, 0x10,
    0xe5, 0x10, 0xc5, 0x10, 0xc4, 0x10, 0xe4, 0x10, 0xe5, 0x10, 0xc5, 0x10,
    0xc4, 0x10, 0xc5, 0x08, 0xc4, 0x10, 0xe5, 0x10, 0xc5, 0x08, 0xc5, 0x10,
    0xc5, 0x10, 0xe5, 0x08, 0xc5, 0x10, 0xc5, 0x10, 0xc5, 0x08, 0xc5, 0x10,
    0xc5, 0x10, 0xe5, 0x10, 0xc4, 0x10, 0xc4, 0x10, 0xc5, 0x10, 0xe5, 0x10,
    0xc5, 0x10, 0xc5, 0x10, 0xe5, 0x10, 0xc4, 0x10, 0xc5, 0x08, 0xe5, 0x10,
    0xc4, 0x10, 0xc5, 0x10, 0xc5, 0x10, 0xe5, 0x10, 0xc5, 0x10, 0xc5, 0x10,
    0xc5, 0x10, 0xc5, 0x10, 0xc4, 0x08, 0xc4, 0x10, 0xc5, 0x10, 0xc4, 0x10,
    0xe4, 0x10, 0xc5, 0x10, 0xc5, 0x10, 0xc5, 0x10, 0xc5, 0x10, 0xc5, 0x10,
    0xe4, 0x08, 0xc5, 0x10, 0xc5, 0x10, 0xc4, 0x10, 0xc5, 0x10, 0xc5, 0x10,
    0xc5, 0x10, 0xe4, 0x10, 0xc5, 0x10, 0xc4, 0x10, 0xc5, 0x10, 0xc5, 0x10,
    0xe5, 0x10, 0xe5, 0x10, 0xc4, 0x08, 0xc5, 0x10, 0xc5, 0x10, 0xe4, 0x08,
    0xc5, 0x10, 0xc4, 0x10, 0xc5, 0x10, 0xe5, 0x10, 0xc4, 0x10, 0xc5, 0x10,
    0xc5, 0x08, 0xc4, 0x10, 0xe5, 0x10, 0xc5, 0x10, 0xc5, 0x10, 0xc5, 0x08,
    0xc5, 0x10, 0xe5, 0x10, 0xc4, 0x10, 0xc5, 0x10, 0xc5, 0x10, 0xc5, 0x10,
    0xc5, 0x10, 0xe4, 0x10, 0xc5, 0x10, 0xc5, 0x10, 0xc5, 0x10, 0xc5, 0x10,
    0xe4, 0x08, 0xc5, 0x10, 0xc5, 0x10, 0xc5, 0x10, 0xe4, 0x10, 0xe5, 0x10,
    0xc5, 0x10, 0xc4, 0x10, 0xc5, 0x10, 0xc5, 0x10, 0xe4, 0x10, 0xc5, 0x10,
    0xe5, 0x10, 0xc5, 0x10, 0xc5, 0x10, 0xe5, 0x10, 0xc4, 0x10, 0xc4, 0x10,
    0xc5, 0x08, 0xc5, 0x10, 0xc5, 0x10, 0xe4, 0x10, 0xc5, 0x10, 0xc5, 0x08,
    0xc5, 0x10, 0xc4, 0x10, 0xe5, 0x08, 0xe5, 0x10, 0xc5, 0x10, 0xc5, 0x10,
    0xc4, 0x10, 0xc5, 0x10, 0xc5, 0x10, 0xc5, 0x10, 0xc4, 0x08, 0xe5, 0x10,
    0xc5, 0x10, 0xc5, 0x10, 0xc5, 0x10, 0xc5, 0x10, 0xc5, 0x10, 0xe4, 0x10,
    0xc4, 0x10, 0xe5, 0x08, 0xc5, 0x10, 0xc5, 0x10, 0xe5, 0x10, 0xc5, 0x08,
    0xc5, 0x10, 0xe4, 0x10, 0xc5, 0x10, 0xc5, 0x08, 0xe4, 0x10, 0xc5, 0x10,
    0xc5, 0x10, 0xc4, 0x10, 0xc5, 0x10, 0xc5, 0x10, 0xe5, 0x08, 0xc4, 0x10,
    0xc5, 0x10, 0xc5, 0x10, 0xe4, 0x10, 0xc5, 0x10, 0xc4, 0x08, 0xe5, 0x10,
    0xc5, 0x10, 0xc4, 0x10, 0xc5, 0x08, 0xc5, 0x10, 0xc5, 0x10, 0xc5, 0x10,
    0xc4, 0x10, 0xe5, 0x10, 0xc4, 0x10, 0xc5, 0x10, 0xc5, 0x10, 0xe5, 0x10,
    0xc4, 0x10, 0xc5, 0x10, 0xe5, 0x10, 0xe5, 0x10, 0xc5, 0x08, 0xe4, 0x10,
    0xc5, 0x10, 0xc4, 0x10, 0xe5, 0x10, 0xc5, 0x10, 0xc5, 0x10, 0xc5, 0x10,
    0xc5, 0x10, 0xe4, 0x08, 0xc5, 0x10, 0xe5, 0x10, 0xc5, 0x10, 0xc5, 0x10,
    0xc4, 0x10, 0xe5, 0x10, 0xc5, 0x10, 0xc5, 0x10, 0xc4, 0x10, 0xc5, 0x10,
    0xe4, 0x10, 0xc5, 0x10, 0xc5, 0x08, 0xe5, 0x10, 0xc4, 0x10, 0xc5, 0x10,
    0xc5, 0x10, 0xc5, 0x10, 0xc5, 0x10, 0xe5, 0x10, 0xc5, 0x10, 0xc5, 0x10,
    0xc5, 0x10, 0xe5, 0x10, 0xc4, 0x10, 0xc4, 0x10, 0xc5, 0x10, 0xe5, 0x08,
    0xc4, 0x10, 0xc5, 0x10, 0xc5, 0x10, 0xe4, 0x08, 0xc5, 0x10, 0xc5, 0x10,
    0xc5, 0x10, 0xe4, 0x10, 0xc5, 0x08, 0xc4, 0x10, 0xc5, 0x10, 0xc5, 0x10,
    0xc5, 0x10, 0xc5, 0x10, 0xe5, 0x10, 0xc5, 0x10, 0xc5, 0x10, 0xc5, 0x08,
    0xc5, 0x10, 0xe4, 0x10, 0xc5, 0x10, 0xc5, 0x10, 0xc5, 0x10, 0xc4, 0x10,
    0xc5, 0x10, 0xc5, 0x10, 0xc5, 0x08, 0xc4, 0x10, 0xc5, 0x10, 0xe5, 0x10,
    0xc4, 0x10, 0xc5, 0x08, 0xe5, 0x10, 0xc5, 0x10, 0xc5, 0x08, 0xc4, 0x10,
    0xc5, 0x10, 0xe5, 0x10, 0xc5, 0x10, 0xc4, 0x10, 0xe5, 0x10, 0xc4, 0x10,
    0xc4, 0x10, 0xc5, 0x10, 0xe5, 0x10, 0xc4, 0x10, 0xc5, 0x10, 0xe5, 0x10,
    0xe5, 0x10, 0xc5, 0x08, 0xc5, 0x10, 0xc5, 0x10, 0xc4, 0x10, 0xc5, 0x10,
    0xc5, 0x10, 0xc5, 0x10, 0xe5, 0x10, 0xc5, 0x10, 0xc4, 0x10, 0xe5, 0x10,
    0xc5, 0x10, 0xc5, 0x10, 0xc4, 0x08, 0xc4, 0x10, 0xc5, 0x10, 0xe5, 0x10,
    0xc5, 0x10, 0xe4, 0x10, 0xe5, 0x10, 0xc5, 0x10, 0xc5, 0x10, 0xc5, 0x08,
    0xc5, 0x10, 0xc4, 0x10, 0xe5, 0x08, 0xc5, 0x10, 0xc4, 0x10, 0xc4, 0x10,
    0xc5, 0x10, 0xc5, 0x10, 0xc4, 0x08, 0xc5, 0x10, 0xe5, 0x10, 0xc5, 0x08,
    0xc4, 0x10, 0xe5, 0x10, 0xc5, 0x10, 0xc5, 0x10, 0xc5, 0x10, 0xc4, 0x10,
    0xc5, 0x10, 0xc5, 0x10, 0xc4, 0x10, 0xc5, 0x10, 0xe5, 0x10, 0xc5, 0x10,
    0xc5, 0x10, 0xc5, 0x10, 0xe4, 0x10, 0xc5, 0x10, 0xc5, 0x10, 0xc5, 0x10,
    0xe5, 0x10, 0xc5, 0x10, 0xc5, 0x08, 0xc5, 0x10, 0xe5, 0x10, 0xc4, 0x10,
    0xc5, 0x10, 0xc5, 0x10, 0xc5, 0x10, 0xe4, 0x08, 0xe5, 0x10, 0xc5, 0x10,
    0xc5, 0x10, 0xc5, 0x10, 0xe5, 0x10, 0xc4, 0x08, 0xc5, 0x10, 0xe5, 0x10,
    0xc5, 0x10, 0xc5, 0x10, 0xc5, 0x10, 0xc4, 0x08, 0xc5, 0x10, 0xc5, 0x10,
    0xe5, 0x10, 0xc4, 0x08, 0xc5, 0x10, 0xc5, 0x10, 0xc5, 0x10, 0xc5, 0x10,
    0xc4, 0x10, 0xe5, 0x08, 0xc5, 0x10, 0xc4, 0x10, 0xc5, 0x10, 0xe5, 0x10,
    0xe5, 0x10, 0xc5, 0x10, 0xe4, 0x10, 0xc5, 0x08, 0xc5, 0x10, 0xe5, 0x10,
    0xc4, 0x10, 0xc5, 0x10, 0xc5, 0x10, 0xc5, 0x10, 0xc4, 0x10, 0xc4, 0x10,
    0xc5, 0x10, 0xc5, 0x10, 0xe5, 0x08, 0xc4, 0x10, 0xc5, 0x10, 0xc5, 0x10,
    0xe4, 0x10, 0xc4, 0x08, 0xe5, 0x10, 0xc5, 0x10, 0xc4, 0x10, 0xe5, 0x10,
    0xc5, 0x10, 0xc4, 0x10, 0xe5, 0x10, 0xc5, 0x10, 0xc4, 0x10, 0xe5, 0x10,
    0xc5, 0x10, 0xc5, 0x10, 0xc5, 0x10, 0xc4, 0x10, 0xc5, 0x10, 0xe5, 0x10,
    0xc5, 0x10, 0xe5, 0x10, 0xc5, 0x08, 0xc4, 0x10, 0xe4, 0x10, 0xc5, 0x10,
    0xc4, 0x10, 0xc5, 0x08, 0xc5, 0x10, 0xc5, 0x10, 0xc5, 0x10, 0xc4, 0x10,
    0xc5, 0x10, 0xe5, 0x10, 0xc5, 0x10, 0xc5, 0x10, 0xe4, 0x10, 0xc5, 0x08,
    0xc5, 0x10, 0xc5, 0x10, 0xc5, 0x10, 0xc4, 0x08, 0xc5, 0x10, 0xc4, 0x10,
    0xc5, 0x08, 0xc5, 0x10, 0xc5, 0x10, 0xc5, 0x10, 0xc4, 0x10, 0xc5, 0x10,
    0xe5, 0x10, 0xc5, 0x08, 0xc4, 0x10, 0xe4, 0x10, 0xc5, 0x10, 0xc5, 0x10,
    0xe4, 0x10, 0xc5, 0x10, 0xc5, 0x10, 0xc4, 0x10, 0xc5, 0x08, 0xc5, 0x10,
    0xe4, 0x10, 0xc5, 0x10, 0xc5, 0x10, 0xc5, 0x08, 0xe5, 0x10, 0xc5, 0x10,
    0xc5, 0x10, 0xe5, 0x10, 0xc5, 0x10, 0xc4, 0x10, 0xc5, 0x10, 0xe5, 0x08,
    0xc5, 0x10, 0xc4, 0x10, 0xe5, 0x08, 0xc5, 0x10, 0xc4, 0x10, 0xc5, 0x10,
    0xe5, 0x10, 0xc5, 0x08, 0xc5, 0x10, 0xc5, 0x10, 0xe4, 0x10, 0xc5, 0x10,
    0xc5, 0x10, 0xc4, 0x10, 0xe5, 0x10, 0xc5, 0x10, 0xc4, 0x10, 0xc5, 0x10,
    0xc5, 0x10, 0xe5, 0x10, 0xc5, 0x10, 0xc5, 0x10, 0xe5, 0x10, 0xe5, 0x10,
    0xc4, 0x10, 0xc5, 0x08, 0xc5, 0x10, 0xe4, 0x10, 0xc5, 0x10, 0xc5, 0x10,
    0xe4, 0x10, 0xc5, 0x10, 0xc5, 0x10, 0xc5, 0x10, 0xe4, 0x10, 0xc5, 0x08,
    0xc5, 0x10, 0xc5, 0x10, 0xc5, 0x10, 0xe5, 0x10, 0xc4, 0x08, 0xc5, 0x10,
    0xc5, 0x10, 0xc5, 0x10, 0xc4, 0x10, 0xc5, 0x10, 0xc5, 0x10, 0xc5, 0x10,
    0xe5, 0x10, 0xc5, 0x10, 0xe5, 0x10, 0xc5, 0x10, 0xc5, 0x10, 0xe5, 0x10,
    0xc5, 0x10, 0xc4, 0x10, 0xc5, 0x10, 0xc5, 0x10, 0xe4, 0x10, 0xc4, 0x10,
    0xc5, 0x10, 0xc4, 0x10, 0xe5, 0x10, 0xe5, 0x10, 0xc5, 0x10, 0xe4, 0x08,
    0xc5, 0x10, 0xe4, 0x10, 0xc4, 0x08, 0xc5, 0x10, 0xc5, 0x10, 0xc5, 0x08,
    0xc5, 0x10, 0xc4, 0x10, 0xe5, 0x10, 0xc5, 0x10, 0xc4, 0x08, 0xe4, 0x10,
    0xc5, 0x10, 0xc5, 0x08, 0xc5, 0x10, 0xe5, 0x10, 0xc5, 0x10, 0xe5, 0x10,
    0xe5, 0x10, 0xc5, 0x10, 0xc4, 0x10, 0xe5, 0x10, 0xc5, 0x08, 0xe5, 0x10,
    0xe5, 0x10, 0xc5, 0x10, 0xc5, 0x10, 0xe5, 0x10, 0xc5, 0x10, 0xc4, 0x10,
    0xc5, 0x10, 0xc5, 0x10, 0xc5, 0x08, 0xc5, 0x10, 0xe4, 0x10, 0xc5, 0x08,
    0xe4, 0x10, 0xc5, 0x10, 0xc5, 0x10, 0xe5, 0x10, 0xc4, 0x10, 0xc5, 0x10,
    0xc5, 0x10, 0xc5, 0x10, 0xc5, 0x10, 0xc5, 0x08, 0xc4, 0x10, 0xe5, 0x10,
    0xc5, 0x10, 0xc4, 0x10, 0xc5, 0x10, 0xe4, 0x10, 0xc4, 0x10, 0xc5, 0x10,
    0xe4, 0x10, 0xe4, 0x08, 0xc5, 0x10, 0xc5, 0x10, 0xc4, 0x10, 0xe5, 0x10,
    0xc4, 0x08, 0xc4, 0x10, 0xc5, 0x10, 0xe5, 0x10, 0xc4, 0x10, 0xc5, 0x10,
    0xc4, 0x10, 0xc5, 0x10, 0xe5, 0x10, 0xe4, 0x10, 0xc5, 0x10, 0xc5, 0x10,
    0xc5, 0x10, 0xc5, 0x10, 0xe5, 0x10, 0xe4, 0x10, 0xc5, 0x08, 0xc5, 0x10,
    0xe5, 0x10, 0xc4, 0x10, 0xc5, 0x10, 0xe5, 0x10, 0xc5, 0x08, 0xc5, 0x10,
    0xc5, 0x10, 0xc4, 0x10, 0xc5, 0x10, 0xc5, 0x10, 0xc5, 0x10, 0xe4, 0x10,
    0xc5, 0x08, 0xc5, 0x10, 0xe4, 0x10, 0xc5, 0x10, 0xc5, 0x10, 0xe5, 0x08,
    0xe5, 0x10, 0xc5, 0x10, 0xc5, 0x10, 0xe4, 0x10, 0xc5, 0x10, 0xc5, 0x10,
    0xc5, 0x10, 0xc5, 0x10, 0xc4, 0x10, 0xe5, 0x10, 0xc5, 0x08, 0xc5, 0x10,
    0xc5, 0x10, 0xc5, 0x10, 0xc5, 0x10, 0xc4, 0x08, 0xc5, 0x10, 0xc5, 0x10,
    0xc4, 0x10, 0xc5, 0x08, 0xe5, 0x10, 0xc5, 0x10, 0xe5, 0x10, 0xc5, 0x08,
    0xc4, 0x10, 0xc5, 0x10, 0xe5, 0x10, 0xc5, 0x10, 0xc5, 0x10, 0xc5, 0x10,
    0xc5, 0x10, 0xe4, 0x10, 0xc5, 0x10, 0xc5, 0x10, 0xe5, 0x10, 0xc5, 0x10,
    0xc5, 0x08, 0xc5, 0x10, 0xe4, 0x10, 0xc5, 0x10, 0xc4, 0x10, 0xe5, 0x10,
    0xc5, 0x10, 0xc5, 0x10, 0xe5, 0x10, 0xc5, 0x10, 0xe5, 0x10, 0xc5, 0x10,
    0xc5, 0x10, 0xe5, 0x10, 0xc4, 0x08, 0xc4, 0x10, 0xc5, 0x10, 0xc5, 0x10,
    0xc5, 0x10, 0xe5, 0x10, 0xc5, 0x10, 0xc5, 0x10, 0xc5, 0x08, 0xe4, 0x10,
    0xc5, 0x10, 0xc5, 0x10, 0xc5, 0x10, 0xe5, 0x10, 0xc4, 0x10, 0xc5, 0x10,
    0xe5, 0x08, 0xc5, 0x10, 0xc4, 0x10, 0xe4, 0x10, 0xc5, 0x10, 0xe5, 0x10,
    0xc5, 0x08, 0xc5, 0x10, 0xc4, 0x10, 0xe5, 0x10, 0xc5, 0x10, 0xc5, 0x10,
    0xc5, 0x10, 0xe4, 0x10, 0xc5, 0x10, 0xc5, 0x10, 0xc4, 0x08, 0xe5, 0x10,
    0xc4, 0x10, 0xc4, 0x10, 0xc5, 0x10, 0xe5, 0x10, 0xc5, 0x10, 0xc5, 0x10,
    0xc5, 0x10, 0xe5, 0x08, 0xc5, 0x10, 0xc4, 0x10, 0xc5, 0x10, 0xe5, 0x10,
    0xc4, 0x08, 0xc5, 0x10, 0xc5, 0x10, 0xc4, 0x08, 0xc5, 0x10, 0xc5, 0x10,
    0xe5, 0x10, 0xc4, 0x10, 0xc5, 0x10, 0xc5, 0x08, 0xc4, 0x10, 0xe5, 0x10,
    0xc5, 0x10, 0xc4, 0x10, 0xc5, 0x08, 0xe5, 0x10, 0xc4, 0x10, 0xc5, 0x10,
    0xc5, 0x10, 0xe4, 0x10, 0xe4, 0x10, 0xc5, 0x10, 0xc5, 0x10, 0xc5, 0x10,
    0xe5, 0x10, 0xc4, 0x10, 0xc5, 0x10, 0xe5, 0x10, 0xc5, 0x10, 0xe4, 0x10,
    0xc5, 0x10, 0xc4, 0x08, 0xc4, 0x10, 0xc5, 0x10, 0xc4, 0x08, 0xc5, 0x10,
    0xc5, 0x10, 0xe5, 0x08, 0xc4, 0x10, 0xc5, 0x10, 0xc5, 0x08, 0xc5, 0x10,
    0xc5, 0x10, 0xc5, 0x10, 0xc4, 0x10, 0xc5, 0x08, 0xc5, 0x10, 0xc5, 0x10,
    0xc5, 0x10, 0xc5, 0x10, 0xe5, 0x10, 0xc5, 0x10, 0xc5, 0x10, 0xe4, 0x10,
    0xc5, 0x10, 0xc5, 0x10, 0xe5, 0x10, 0xc5, 0x10, 0xc5, 0x10, 0xc5, 0x10,
    0xc5, 0x10, 0xc5, 0x10, 0xc4, 0x10, 0xc5, 0x10, 0xc4, 0x08, 0xc4, 0x10,
    0xc5, 0x10, 0xc5, 0x10, 0xc5, 0x10, 0xc4, 0x10, 0xc5, 0x10, 0xc5, 0x10,
    0xc4, 0x10, 0xe5, 0x10, 0xc4, 0x10, 0xc5, 0x10, 0xc5, 0x10, 0xc4, 0x10,
    0xe5, 0x10, 0xe5, 0x10, 0xc5, 0x10, 0xc4, 0x10, 0xe5, 0x10, 0xc5, 0x10,
    0xc5, 0x10, 0xe5, 0x10, 0xc5, 0x08, 0xc4, 0x10, 0xc5, 0x10, 0xc4, 0x08,
    0xc5, 0x10, 0xc4, 0x10, 0xe5, 0x10, 0xc5, 0x10, 0xc5, 0x10, 0xe4, 0x10,
    0xc5, 0x08, 0xc5, 0x10, 0xe5, 0x10, 0xc5, 0x10, 0xc5, 0x08, 0xc5, 0x10,
    0xc5, 0x10, 0xc5, 0x10, 0xc5, 0x10, 0xc5, 0x10, 0xc5, 0x10, 0xc5, 0x10,
    0xe5, 0x10, 0xc5, 0x10, 0xc5, 0x10, 0xc5, 0x10, 0xc5, 0x10, 0xe5, 0x10,
    0xc5, 0x08, 0xc4, 0x10, 0xc5, 0x10, 0xc5, 0x10, 0xe5, 0x10, 0xc5, 0x08,
    0xc4, 0x10, 0xc4, 0x10, 0xc5, 0x10, 0xc5, 0x10, 0xe4, 0x10, 0xc4, 0x10,
    0xc5, 0x10, 0xc5, 0x10, 0xc5, 0x10, 0xe4, 0x10, 0xc5, 0x10, 0xc5, 0x10,
    0xc4, 0x08, 0xc5, 0x10, 0xe5, 0x10, 0xc5, 0x10, 0xc4, 0x10, 0xc5, 0x10,
    0xc5, 0x10, 0xc5, 0x10, 0xe5, 0x10, 0xc4, 0x08, 0xc5, 0x10, 0xc5, 0x10,
    0xc4, 0x10, 0xe5, 0x10, 0xc4, 0x10, 0xc5, 0x10, 0xc5, 0x10, 0xe4, 0x08,
    0xc5, 0x10, 0xc5, 0x10, 0xe5, 0x10, 0xc5, 0x10, 0xc5, 0x10, 0xc4, 0x10,
    0xc5, 0x08, 0xe5, 0x10, 0xc4, 0x10, 0xc5, 0x10, 0xe5, 0x10, 0xc5, 0x10,
    0xc5, 0x10, 0xe4, 0x10, 0xc5, 0x10, 0xc4, 0x10, 0xc5, 0x10, 0xc5, 0x10,
    0xc4, 0x10, 0xc5, 0x10, 0xc5, 0x10, 0xe4, 0x10, 0xc5, 0x10, 0xc5, 0x08,
    0xe5, 0x10, 0xc5, 0x10, 0xe5, 0x10, 0xc4, 0x08, 0xc4, 0x10, 0xe5, 0x10,
    0xc5, 0x10, 0xe4, 0x10, 0xc5, 0x08, 0xc5, 0x10, 0xe5, 0x10, 0xc5, 0x10,
    0xc5, 0x10, 0xe4, 0x10, 0xc4, 0x08, 0xc5, 0x10, 0xc5, 0x10, 0xe5, 0x10,
    0xc4, 0x10, 0xc5, 0x10, 0xe5, 0x10, 0xc5, 0x10, 0xe5, 0x10, 0xe4, 0x08,
    0xc4, 0x10, 0xc5, 0x10, 0xc5, 0x10, 0xc5, 0x10, 0xe4, 0x10, 0xc5, 0x10,
    0xc5, 0x10, 0xc4, 0x08, 0xc5, 0x10, 0xe4, 0x10, 0xc5, 0x10, 0xc5, 0x10,
    0xc4, 0x10, 0xc5, 0x10, 0xe5, 0x10, 0xc5, 0x10, 0xc5, 0x10, 0xc4, 0x10,
    0xc4, 0x10, 0xc5, 0x10, 0xe4, 0x10, 0xc5, 0x10, 0xc5, 0x08, 0xc5, 0x10,
    0xe4, 0x10, 0xc5, 0x10, 0xc5, 0x10, 0xc5, 0x10, 0xe5, 0x10, 0xc5, 0x10,
    0xc5, 0x10, 0xc5, 0x10, 0xe4, 0x10, 0xc5, 0x08, 0xc5, 0x10, 0xc5, 0x10,
    0xe4, 0x10, 0xc5, 0x10, 0xc5, 0x10, 0xc5, 0x08, 0xe5, 0x10, 0xc5, 0x10,
    0xe5, 0x10, 0xc4, 0x10, 0xc5, 0x10, 0xe5, 0x10, 0xc4, 0x10, 0xc5, 0x10,
    0xc4, 0x08, 0xe5, 0x10, 0xc5, 0x10, 0xc4, 0x10, 0xe5, 0x10, 0xc5, 0x10,
    0xc5, 0x08, 0xc5, 0x10, 0xe4, 0x10, 0xc5, 0x10, 0xc5, 0x10, 0xc5, 0x10,
    0xe5, 0x10, 0xc5, 0x08, 0xc5, 0x10, 0xc5, 0x10, 0xc5, 0x10, 0xe5, 0x10,
    0xc4, 0x08, 0xc5, 0x10, 0xe5, 0x10, 0xc5, 0x08, 0xc4, 0x10, 0xc5, 0x10,
    0xc5, 0x10, 0xc5, 0x10, 0xc5, 0x10, 0xc5, 0x10, 0xe5, 0x10, 0xc4, 0x10,
    0xc5, 0x10, 0xc5, 0x10, 0xe5, 0x10, 0xc5, 0x10, 0xe5, 0x10, 0xc5, 0x10,
    0xc5, 0x08, 0xe4, 0x10, 0xc5, 0x10, 0xc5, 0x10, 0xc4, 0x10, 0xe5, 0x10,
    0xc5, 0x08, 0xc4, 0x10, 0xc5, 0x10, 0xc5, 0x10, 0xe4, 0x10, 0xc5, 0x10,
    0xc5, 0x10, 0xe5, 0x08, 0xc4, 0x10, 0xc5, 0x10, 0xe5, 0x10, 0xe5, 0x10,
    0xc5, 0x10, 0xc4, 0x10, 0xe5, 0x10, 0xc5, 0x10, 0xc5, 0x10, 0xe5, 0x10,
    0xc5, 0x10, 0xc4, 0x08, 0xe5, 0x10, 0xc5, 0x10, 0xc5, 0x10, 0xe5, 0x10,
    0xc5, 0x10, 0xc5, 0x08, 0xe5, 0x10, 0xc4, 0x10, 0xe5, 0x10, 0xc5, 0x08,
    0xc5, 0x10, 0xc5, 0x10, 0xc4, 0x10, 0xe5, 0x10, 0xc5, 0x08, 0xc5, 0x10,
    0xc5, 0x10, 0xc5, 0x10, 0xc4, 0x10, 0xe5, 0x10, 0xc5, 0x10, 0xe5, 0x10,
    0xc5, 0x10, 0xc5, 0x10, 0xc4, 0x10, 0xe5, 0x10, 0xc4, 0x10, 0xc5, 0x10,
    0xc5, 0x10, 0xe5, 0x10, 0xc4, 0x10, 0xc5, 0x10, 0xc5, 0x10, 0xc5, 0x10,
    0xe5, 0x10, 0xc5, 0x10, 0xc5, 0x10, 0xe4, 0x10, 0xc5, 0x08, 0xc5, 0x10,
    0xc4, 0x10, 0xe5, 0x10, 0xc5, 0x08, 0xc4, 0x10, 0xe5, 0x10, 0xc5, 0x10,
    0xc4, 0x10, 0xe5, 0x10, 0xc5, 0x10, 0xc5, 0x08, 0xc4, 0x10, 0xc5, 0x10,
    0xe5, 0x10, 0xe5, 0x10, 0xc5, 0x08, 0xc5, 0x10, 0xc5, 0x10, 0xc5, 0x10,
    0xc5, 0x10, 0xe5, 0x08, 0xc5, 0x10, 0xc5, 0x10, 0xc4, 0x10, 0xc5, 0x10,
    0xe5, 0x10, 0xe4, 0x10, 0xc5, 0x10, 0xc5, 0x08, 0xe4, 0x10, 0xe5, 0x10,
    0xc5, 0x10, 0xc4, 0x10, 0xc5, 0x10, 0xc5, 0x10, 0xe5, 0x10, 0xc4, 0x10,
    0xc5, 0x10, 0xc5, 0x08, 0xc5, 0x10, 0xc5, 0x10, 0xe5, 0x10, 0xc4, 0x10,
    0xe5, 0x10, 0xc5, 0x08, 0xc5, 0x10, 0xc5, 0x10, 0xc4, 0x10, 0xe5, 0x10,
    0xe5, 0x10, 0xc4, 0x10, 0xe5, 0x10, 0xc5, 0x10, 0xc4, 0x10, 0xe5, 0x10,
    0xc4, 0x08, 0xc5, 0x10, 0xc5, 0x10, 0xc5, 0x10, 0xe4, 0x08, 0xc5, 0x10,
    0xe5, 0x10, 0xe5, 0x10, 0xc5, 0x08, 0xc4, 0x10, 0xc5, 0x10, 0xe5, 0x10,
    0xc4, 0x10, 0xc5, 0x10, 0xc5, 0x10, 0xc5, 0x10, 0xc5, 0x10, 0xc5, 0x10,
    0xc4, 0x10, 0xc5, 0x10, 0xc5, 0x10, 0xc5, 0x10, 0xc5, 0x10, 0xc4, 0x08,
    0xe5, 0x10, 0xc5, 0x10, 0xc5, 0x10, 0xc5, 0x10, 0xe4, 0x10, 0xc4, 0x08,
    0xe5, 0x10, 0xc4, 0x10, 0xc5, 0x10, 0xc5, 0x10, 0xc5, 0x10, 0xc5, 0x10,
    0xc5, 0x10, 0xc4, 0x10, 0xc5, 0x08, 0xe4, 0x10, 0xc5, 0x10, 0xc5, 0x10,
    0xc5, 0x10, 0xc5, 0x10, 0xe5, 0x10, 0xc5, 0x10, 0xc5, 0x08, 0xc5, 0x10,
    0xe4, 0x10, 0xc5, 0x10, 0xc5, 0x08, 0xc5, 0x10, 0xc5, 0x10, 0xc5, 0x08,
    0xc5, 0x10, 0xe5, 0x10, 0xc5, 0x10, 0xc5, 0x10, 0xc4, 0x10, 0xe4, 0x10,
    0xc5, 0x10, 0xc5, 0x08, 0xc4, 0x10, 0xe4, 0x10, 0xc5, 0x10, 0xc5, 0x10,
    0xc5, 0x08, 0xe5, 0x10, 0xc5, 0x10, 0xc5, 0x10, 0xc4, 0x10, 0xe4, 0x08,
    0xc5, 0x10, 0xc4, 0x10, 0xc5, 0x10, 0xe4, 0x10, 0xc5, 0x10, 0xc5, 0x10,
    0xc4, 0x10, 0xe5, 0x10, 0xc5, 0x10, 0xc4, 0x10, 0xe5, 0x10, 0xc5, 0x10,
    0xc5, 0x10, 0xc5, 0x10, 0xc5, 0x10, 0xe5, 0x10, 0xc5, 0x10, 0xc5, 0x10,
    0xe4, 0x10, 0xc5, 0x10, 0xc5, 0x10, 0xc5, 0x10, 0xc4, 0x08, 0xe5, 0x10,
    0xc4, 0x10, 0xc5, 0x10, 0xc5, 0x10, 0xc4, 0x10, 0xe5, 0x08, 0xc4, 0x10,
    0xc5, 0x10, 0xe5, 0x10, 0xc5, 0x10, 0xc4, 0x10, 0xe5, 0x10, 0xc5, 0x08,
    0xc5, 0x10, 0xe4, 0x10, 0xe5, 0x10, 0xc5, 0x10, 0xc5, 0x10, 0xe5, 0x10,
    0xc5, 0x10, 0xe4, 0x10, 0xc5, 0x10, 0xc5, 0x10, 0xc4, 0x10, 0xe4, 0x10,
    0xc5, 0x10, 0xc5, 0x10, 0xe5, 0x10, 0xc5, 0x10, 0xe5, 0x10, 0xc4, 0x10,
    0xc5, 0x10, 0xe5, 0x10, 0xc5, 0x10, 0xc4, 0x10, 0xe5, 0x08, 0xc5, 0x10,
    0xc5, 0x10, 0xc4, 0x10, 0xc5, 0x10, 0xc5, 0x10, 0xc4, 0x08, 0xc4, 0x10,
    0xe5, 0x10, 0xc5, 0x08, 0xc5, 0x10, 0xe5, 0x10, 0xc4, 0x10, 0xe5, 0x10,
    0xc5, 0x10, 0xe4, 0x10, 0xc5, 0x10, 0xc5, 0x10, 0xe4, 0x08, 0xc4, 0x10,
    0xc5, 0x10, 0xc5, 0x10, 0xc4, 0x10, 0xc5, 0x08, 0xc5, 0x10, 0xe4, 0x10,
    0xc5, 0x10, 0xc5, 0x08, 0xc4, 0x10, 0xc5, 0x10, 0xc5, 0x10, 0xc5, 0x10,
    0xe4, 0x10, 0xc4, 0x08, 0xc5, 0x10, 0xe5, 0x10, 0xc5, 0x10, 0xc5, 0x10,
    0xc5, 0x10, 0xc5, 0x10, 0xe5, 0x10, 0xc5, 0x08, 0xc5, 0x10, 0xc5, 0x10,
    0xc5, 0x10, 0xc4, 0x10, 0xc5, 0x08, 0xc4, 0x10, 0xe5, 0x10, 0xe5, 0x10,
    0xc4, 0x10, 0xc4, 0x08, 0xe5, 0x10, 0xc5, 0x10, 0xe4, 0x10, 0xc5, 0x10,
    0xc5, 0x10, 0xc4, 0x10, 0xc5, 0x10, 0xe5, 0x10, 0xc4, 0x08, 0xc5, 0x10,
    0xe5, 0x10, 0xc5, 0x10, 0xe5, 0x10, 0xc4, 0x10, 0xc5, 0x10, 0xc4, 0x10,
    0xc5, 0x10, 0xc5, 0x10, 0xe4, 0x10, 0xc5, 0x10, 0xc5, 0x08, 0xc5, 0x10,
    0xe5, 0x10, 0xc4, 0x10, 0xc4, 0x10, 0xc5, 0x08, 0xc5, 0x10, 0xe5, 0x10,
    0xc5, 0x10, 0xc5, 0x10, 0xc4, 0x10, 0xc5, 0x10, 0xc5, 0x10, 0xc5, 0x10,
    0xc5, 0x08, 0xe4, 0x10, 0xc5, 0x10, 0xc5, 0x10, 0xc5, 0x10, 0xe5, 0x10,
    0xc5, 0x10, 0xc5, 0x10, 0xc4, 0x10, 0xe5, 0x08, 0xc5, 0x10, 0xc5, 0x10,
    0xc5, 0x10, 0xc4, 0x10, 0xc4, 0x10, 0xe5, 0x08, 0xc5, 0x10, 0xc5, 0x10,
    0xc5, 0x10, 0xc4, 0x10, 0xc5, 0x08, 0xe5, 0x10, 0xc5, 0x10, 0xc5, 0x10,
    0xe5, 0x10, 0xc5, 0x10, 0xc5, 0x10, 0xc4, 0x10, 0xe5, 0x10, 0xc5, 0x10,
    0xc4, 0x10, 0xc5, 0x10, 0xc4, 0x10, 0xc5, 0x10, 0xe5, 0x10, 0xc5, 0x10,
    0xc4, 0x10, 0xc5, 0x08, 0xc4, 0x10, 0xe5, 0x10, 0xe5, 0x10, 0xc4, 0x08,
    0xe5, 0x10, 0xc5, 0x10, 0xc5, 0x10, 0xe4, 0x10, 0xc4, 0x10, 0xc5, 0x10,
    0xc4, 0x10, 0xc5, 0x10, 0xc5, 0x10, 0xe5, 0x10, 0xc5, 0x10, 0xc5, 0x10,
    0xc5, 0x10, 0xc5, 0x10, 0xc4, 0x08, 0xe5, 0x10, 0xc4, 0x10, 0xc5, 0x10,
    0xc5, 0x10, 0xe5, 0x10, 0xe5, 0x10, 0xc5, 0x10, 0xc5, 0x08, 0xc5, 0x10,
    0xe4, 0x10, 0xe5, 0x10, 0xc5, 0x10, 0xc4, 0x10, 0xc5, 0x10, 0xe5, 0x10,
    0xc5, 0x10, 0xc5, 0x10, 0xc5, 0x10, 0xe4, 0x10, 0xc5, 0x10, 0xe4, 0x10,
    0xe5, 0x10, 0xc5, 0x10, 0xc4, 0x08, 0xc5, 0x10, 0xe5, 0x10, 0xc5, 0x10,
    0xc5, 0x10, 0xc5, 0x10, 0xe5, 0x10, 0xc5, 0x10, 0xc5, 0x08, 0xc4, 0x10,
    0xe4, 0x10, 0xc5, 0x10, 0xc5, 0x10, 0xc5, 0x10, 0xe5, 0x10, 0xc5, 0x10,
    0xc5, 0x10, 0xc5, 0x10, 0xe5, 0x10, 0xc5, 0x10, 0xc4, 0x10, 0xc5, 0x10,
    0xc5, 0x08, 0xc5, 0x10, 0xc5, 0x10, 0xc5, 0x08, 0xc5, 0x10, 0xe5, 0x10,
    0xc5, 0x10, 0xc4, 0x10, 0xc5, 0x10, 0xc4, 0x08, 0xc5, 0x10, 0xc5, 0x10,
    0xc4, 0x10, 0xe5, 0x10, 0xc5, 0x10, 0xc5, 0x10, 0xe5, 0x10, 0xc5, 0x10,
    0xc5, 0x10, 0xc4, 0x10, 0xe5, 0x10, 0xc5, 0x10, 0xc4, 0x10, 0xe5, 0x10,
    0xc5, 0x10, 0xc5, 0x08, 0xc4, 0x10, 0xc5, 0x10, 0xc5, 0x10, 0xe5, 0x10,
    0xc4, 0x10, 0xc5, 0x10, 0xc5, 0x10, 0xe4, 0x08, 0xc4, 0x10, 0xc5, 0x10,
    0xc5, 0x08, 0xc5, 0x10, 0xc4, 0x10, 0xc5, 0x08, 0xe5, 0x10, 0xc5, 0x10,
    0xc5, 0x10, 0xe5, 0x10, 0xc4, 0x10, 0xc5, 0x08, 0xc4, 0x10, 0xc5, 0x10,
    0xc5, 0x10, 0xe4, 0x10, 0xc5, 0x08, 0xc5, 0x10, 0xc5, 0x10, 0xc5, 0x10,
    0xc4, 0x10, 0xe5, 0x10, 0xc5, 0x10, 0xe5, 0x10, 0xc5, 0x10, 0xc5, 0x10,
    0xc4, 0x10, 0xc5, 0x10, 0xc5, 0x10, 0xc5, 0x08, 0xc4, 0x10, 0xc5, 0x10,
    0xc5, 0x08, 0xc5, 0x10, 0xc5, 0x10, 0xc5, 0x10, 0xc5, 0x10, 0xc5, 0x10,
    0xc4, 0x10, 0xe5, 0x10, 0xc5, 0x10, 0xc5, 0x10, 0xc5, 0x10, 0xc5, 0x10,
    0xe4, 0x10, 0xc5, 0x10, 0xc5, 0x10, 0xe5, 0x10, 0xc4, 0x10, 0xc4, 0x10,
    0xc5, 0x10, 0xe5, 0x10, 0xc5, 0x10, 0xc5, 0x08, 0xc5, 0x10, 0xc4, 0x10,
    0xc5, 0x10, 0xc4, 0x10, 0xc5, 0x10, 0xc5, 0x10, 0xc4, 0x10, 0xe5, 0x10,
    0xc4, 0x08, 0xe5, 0x10, 0xe5, 0x10, 0xc5, 0x10, 0xc5, 0x10, 0xc4, 0x08,
    0xc5, 0x10, 0xe5, 0x10, 0xc5, 0x10, 0xc4, 0x10, 0xc5, 0x10, 0xe5, 0x10,
    0xc5, 0x08, 0xc5, 0x10, 0xe5, 0x10, 0xc5, 0x10, 0xc5, 0x10, 0xc4, 0x10,
    0xc5, 0x08, 0xc5, 0x10, 0xc4, 0x10, 0xc5, 0x10, 0xe5, 0x10, 0xe5, 0x10,
    0xc5, 0x08, 0xc4, 0x10, 0xc5, 0x10, 0xc5, 0x10, 0xe4, 0x10, 0xe4, 0x10,
    0xc5, 0x10, 0xc5, 0x10, 0xc5, 0x10, 0xe5, 0x10, 0xe5, 0x10, 0xc4, 0x10,
    0xc4, 0x08, 0xc5, 0x10, 0xc5, 0x10, 0xe5, 0x10, 0xc5, 0x10, 0xc4, 0x10,
    0xc5, 0x10, 0xc5, 0x10, 0xe5, 0x10, 0xc5, 0x08, 0xe4, 0x10, 0xc4, 0x10,
    0xc5, 0x08, 0xe5, 0x10, 0xe4, 0x10, 0xc5, 0x10, 0xc5, 0x10, 0xc4, 0x10,
    0xc5, 0x10, 0xc5, 0x10, 0xe5, 0x10, 0xc4, 0x10, 0xe5, 0x10, 0xc5, 0x10,
    0xc5, 0x08, 0xc5, 0x10, 0xc5, 0x10, 0xc5, 0x10, 0xc4, 0x08, 0xc5, 0x10,
    0xc5, 0x10, 0xe4, 0x10, 0xe5, 0x08, 0xc5, 0x10, 0xc5, 0x10, 0xc5, 0x10,
    0xc5, 0x08, 0xc5, 0x10, 0xc5, 0x10, 0xe5, 0x10, 0xc5, 0x08, 0xc4, 0x10,
    0xe5, 0x10, 0xc5, 0x10, 0xe5, 0x10, 0xc4, 0x10, 0xc5, 0x10, 0xc5, 0x10,
    0xc5, 0x10, 0xe5, 0x10, 0xc4, 0x08, 0xc5, 0x10, 0xe5, 0x10, 0xc5, 0x10,
    0xc5, 0x10, 0xe4, 0x08, 0xc5, 0x10, 0xc4, 0x10, 0xc5, 0x08, 0xc5, 0x10,
    0xc5, 0x10, 0xc5, 0x10, 0xe5, 0x10, 0xc5, 0x10, 0xc5, 0x10, 0xe4, 0x08,
    0xc5, 0x10, 0xc5, 0x10, 0xc5, 0x10, 0xc5, 0x10, 0xc4, 0x10, 0xe5, 0x10,
    0xc5, 0x10, 0xc4, 0x08, 0xc5, 0x10, 0xc5, 0x10, 0xe4, 0x10, 0xc5, 0x10,
    0xc4, 0x08, 0xc5, 0x10, 0xe5, 0x10, 0xc4, 0x10, 0xc5, 0x10, 0xc5, 0x10,
    0xc4, 0x10, 0xc5, 0x10, 0xc5, 0x10, 0xe4, 0x10, 0xc5, 0x08, 0xc5, 0x10,
    0xc5, 0x10, 0xe4, 0x10, 0xc5, 0x10, 0xc5, 0x10, 0xc5, 0x10, 0xe5, 0x10,
    0xc5, 0x10, 0xc4, 0x10, 0xc5, 0x08, 0xe4, 0x10, 0xc5, 0x10, 0xc5, 0x10,
    0xc5, 0x10, 0xe5, 0x10, 0xc5, 0x08, 0xc4, 0x10, 0xc5, 0x10, 0xe5, 0x10,
    0xe5, 0x10, 0xc5, 0x10, 0xe4, 0x10, 0xe5, 0x10, 0xc5, 0x10, 0xc4, 0x10,
    0xe4, 0x08, 0xc5, 0x10, 0xe5, 0x10, 0xe5, 0x10, 0xc4, 0x10, 0xc5, 0x08,
    0xe5, 0x10, 0xc5, 0x10, 0xc5, 0x08, 0xe4, 0x10, 0xc5, 0x10, 0xc5, 0x10,
    0xc4, 0x10, 0xe5, 0x08, 0xc5, 0x10, 0xc5, 0x10, 0xc5, 0x10, 0xc5, 0x10,
    0xc4, 0x10, 0xc5, 0x10, 0xe5, 0x10, 0xc5, 0x10, 0xc4, 0x10, 0xc5, 0x10,
    0xe5, 0x10, 0xc5, 0x08, 0xc5, 0x10, 0xc5, 0x10, 0xc5, 0x10, 0xc5, 0x10,
    0xe4, 0x10, 0xc5, 0x10, 0xc5, 0x10, 0xc5, 0x10, 0xc4, 0x10, 0xc5, 0x10,
    0xc5, 0x08, 0xc4, 0x10, 0xc5, 0x10, 0xc5, 0x10, 0xe5, 0x10, 0xc5, 0x08,
    0xc5, 0x10, 0xc5, 0x10, 0xc4, 0x10, 0xe5, 0x10, 0xc4, 0x10, 0xc5, 0x08,
    0xe5, 0x10, 0xc5, 0x10, 0xc5, 0x10, 0xc4, 0x08, 0xe5, 0x10, 0xc5, 0x10,
    0xc5, 0x10, 0xc4, 0x10, 0xe4, 0x10, 0xc5, 0x10, 0xc5, 0x10, 0xe5, 0x10,
    0xc5, 0x10, 0xc4, 0x10, 0xe5, 0x10, 0xc5, 0x08, 0xe4, 0x10, 0xc5, 0x10,
    0xc5, 0x08, 0xe5, 0x10, 0xc5, 0x10, 0xe4, 0x10, 0xe5, 0x10, 0xc4, 0x10,
    0xc5, 0x10, 0xe5, 0x10, 0xc4, 0x10, 0xc5, 0x10, 0xe5, 0x08, 0xc5, 0x10,
    0xe5, 0x10, 0xc5, 0x10, 0xc5, 0x10, 0xc4, 0x10, 0xc4, 0x10, 0xe5, 0x10,
    0xc5, 0x10, 0xc5, 0x10, 0xe4, 0x10, 0xc5, 0x10, 0xc4, 0x10, 0xe5, 0x10,
    0xc5, 0x10, 0xc5, 0x10, 0xc5, 0x10, 0xc5, 0x10, 0xe4, 0x10, 0xc5, 0x10,
    0xc5, 0x10, 0xc5, 0x10, 0xc5, 0x08, 0xc5, 0x10, 0xc5, 0x10, 0xc5, 0x10,
    0xe4, 0x10, 0xc5, 0x10, 0xc4, 0x10, 0xc4, 0x10, 0xc5, 0x10, 0xe5, 0x10,
    0xc5, 0x10, 0xc4, 0x10, 0xc5, 0x10, 0xc5, 0x08, 0xc5, 0x10, 0xc5, 0x10,
    0xe5, 0x10, 0xc5, 0x10, 0xc5, 0x10, 0xc5, 0x10, 0xc5, 0x10, 0xc5, 0x10,
    0xc4, 0x08, 0xc5, 0x10, 0xe5, 0x10, 0xc4, 0x10, 0xc5, 0x10, 0xc5, 0x10,
    0xc5, 0x10, 0xc5, 0x10, 0xe5, 0x10, 0xc5, 0x08, 0xe4, 0x10, 0xc5, 0x10,
    0xc5, 0x10, 0xe4, 0x10, 0xc5, 0x10, 0xc4, 0x10, 0xc5, 0x10, 0xc5, 0x10,
    0xc5, 0x10, 0xc4, 0x10, 0xc5, 0x10, 0xc5, 0x10, 0xc5, 0x10, 0xc4, 0x10,
    0xe5, 0x08, 0xe5, 0x10, 0xc5, 0x10, 0xc5, 0x10, 0xc4, 0x10, 0xc4, 0x10,
    0xe5, 0x10, 0xc5, 0x10, 0xe5, 0x10, 0xc4, 0x10, 0xc5, 0x10, 0xe5, 0x10,
    0xc4, 0x10, 0xc5, 0x10, 0xc5, 0x10, 0xc4, 0x10, 0xc5, 0x10, 0xc5, 0x10,
    0xe4, 0x10, 0xe5, 0x10, 0xc5, 0x10, 0xc4, 0x10, 0xc5, 0x10, 0xc5, 0x10,
    0xc5, 0x10, 0xc5, 0x10, 0xc5, 0x10, 0xc5, 0x08, 0xc5, 0x10, 0xc5, 0x10,
    0xc4, 0x10, 0xc5, 0x10, 0xe5, 0x10, 0xc5, 0x10, 0xc5, 0x08, 0xc5, 0x10,
    0xe5, 0x10, 0xc5, 0x10, 0xc5, 0x10, 0xc5, 0x10, 0xe4, 0x10, 0xc5, 0x10,
    0xe4, 0x10, 0xe4, 0x08, 0xc5, 0x10, 0xc5, 0x10, 0xc5, 0x10, 0xc5, 0x10,
    0xe4, 0x10, 0xc5, 0x08, 0xc4, 0x10, 0xe4, 0x10, 0xc5, 0x10, 0xc5, 0x10,
    0xc4, 0x10, 0xc5, 0x10, 0xe4, 0x10, 0xc5, 0x08, 0xe5, 0x10, 0xc5, 0x10,
    0xc5, 0x10, 0xe4, 0x10, 0xc5, 0x08, 0xc5, 0x10, 0xc5, 0x10, 0xe5, 0x08,
    0xc5, 0x10, 0xc5, 0x10, 0xe5, 0x10, 0xc5, 0x10, 0xc5, 0x10, 0xc4, 0x10,
    0xe5, 0x10, 0xc5, 0x08, 0xc4, 0x10, 0xc5, 0x10, 0xe4, 0x10, 0xc5, 0x10,
    0xc5, 0x10, 0xc5, 0x10, 0xe5, 0x10, 0xc5, 0x10, 0xc4, 0x10, 0xc5, 0x08,
    0xe4, 0x10, 0xc4, 0x10, 0xc5, 0x10, 0xe5, 0x10, 0xc5, 0x08, 0xc4, 0x10,
    0xc4, 0x10, 0xc5, 0x08, 0xc5, 0x10, 0xc4, 0x10, 0xc5, 0x10, 0xc5, 0x10,
    0xc5, 0x10, 0xc5, 0x10, 0xc5, 0x10, 0xc5, 0x10, 0xc5, 0x10, 0xe5, 0x10,
    0xc4, 0x10, 0xc4, 0x10, 0xe5, 0x10, 0xc5, 0x10, 0xc4, 0x08, 0xc5, 0x10,
    0xc5, 0x10, 0xc5, 0x10, 0xc5, 0x10, 0xe4, 0x10, 0xe5, 0x08, 0xc5, 0x10,
    0xc5, 0x10, 0xe5, 0x10, 0xc4, 0x10, 0xe5, 0x10, 0xc5, 0x08, 0xc5, 0x10,
    0xc4, 0x10, 0xe5, 0x10, 0xc5, 0x10, 0xc4, 0x10, 0xc5, 0x08, 0xe5, 0x10,
    0xc4, 0x10, 0xc5, 0x08, 0xe5, 0x10, 0xe4, 0x10, 0xc5, 0x10, 0xc5, 0x10,
    0xc4, 0x10, 0xe5, 0x10, 0xc5, 0x10, 0xc5, 0x10, 0xe4, 0x10, 0xc5, 0x10,
    0xe5, 0x10, 0xc4, 0x10, 0xc5, 0x10, 0xc5, 0x10, 0xe5, 0x10, 0xc4, 0x10,
    0xc5, 0x10, 0xe4, 0x10, 0xc5, 0x10, 0xc5, 0x10, 0xc4, 0x10, 0xc5, 0x10,
    0xe5, 0x08, 0xe5, 0x10, 0xc5, 0x10, 0xe5, 0x10, 0xc4, 0x10, 0xc5, 0x10,
    0xc5, 0x10, 0xe4, 0x10, 0xc5, 0x10, 0xc4, 0x10, 0xc5, 0x10, 0xe5, 0x10,
    0xc5, 0x10, 0xc5, 0x10, 0xc4, 0x10, 0xc5, 0x08, 0xc5, 0x10, 0xc5, 0x10,
    0xc5, 0x08, 0xc5, 0x10, 0xe5, 0x10, 0xc5, 0x10, 0xc5, 0x10, 0xc5, 0x10,
    0xc5, 0x10, 0xc4, 0x08, 0xc5, 0x10, 0xe5, 0x10, 0xc5, 0x08, 0xc5, 0x10,
    0xc5, 0x10, 0xc5, 0x10, 0xc5, 0x10, 0xe5, 0x08, 0xc5, 0x10, 0xc5, 0x10,
    0xc5, 0x10, 0xc4, 0x10, 0xc5, 0x08, 0xc4, 0x10, 0xc5, 0x10, 0xc5, 0x10,
    0xc5, 0x10, 0xe4, 0x10, 0xc5, 0x10, 0xc4, 0x10, 0xe5, 0x08, 0xc5, 0x10,
    0xc4, 0x10, 0xe5, 0x10, 0xc5, 0x10, 0xe5, 0x08, 0xc5, 0x10, 0xc5, 0x10,
    0xe4, 0x10, 0xc5, 0x10, 0xe5, 0x10, 0xe5, 0x10, 0xc4, 0x10, 0xc4, 0x10,
    0xc5, 0x10, 0xc4, 0x10, 0xe5, 0x08, 0xe4, 0x10, 0xc5, 0x10, 0xc5, 0x10,
    0xc5, 0x10, 0xe4, 0x10, 0xc5, 0x10, 0xc5, 0x08, 0xc4, 0x10, 0xc5, 0x10,
    0xe5, 0x10, 0xe5, 0x10, 0xc4, 0x10, 0xc4, 0x10, 0xc5, 0x10, 0xe5, 0x08,
    0xc5, 0x10, 0xc5, 0x10, 0xc5, 0x08, 0xc5, 0x10, 0xe5, 0x10, 0xc5, 0x10,
    0xe5, 0x10, 0xc5, 0x10, 0xc4, 0x08, 0xc5, 0x10, 0xe5, 0x10, 0xe5, 0x10,
    0xc5, 0x10, 0xc5, 0x10, 0xc4, 0x10, 0xc5, 0x08, 0xc5, 0x10, 0xc5, 0x10,
    0xe5, 0x10, 0xc4, 0x10, 0xc5, 0x10, 0xe5, 0x10, 0xc4, 0x10, 0xe5, 0x10,
    0xc5, 0x08, 0xc5, 0x10, 0xc5, 0x10, 0xc4, 0x10, 0xe5, 0x08, 0xc4, 0x10,
    0xc5, 0x10, 0xc5, 0x10, 0xc4, 0x08, 0xe5, 0x10, 0xc5, 0x10, 0xc4, 0x10,
    0xe5, 0x08, 0xc4, 0x10, 0xc4, 0x10, 0xe5, 0x10, 0xc5, 0x10, 0xe4, 0x08,
    0xe5, 0x10, 0xc5, 0x10, 0xc5, 0x10, 0xc4, 0x10, 0xc5, 0x10, 0xe4, 0x10,
    0xc4, 0x10, 0xc5, 0x10, 0xc5, 0x10, 0xe5, 0x10, 0xc5, 0x10, 0xc5, 0x10,
    0xc5, 0x10, 0xc5, 0x10, 0xc5, 0x10, 0xe4, 0x10, 0xc4, 0x08, 0xe5, 0x10,
    0xc5, 0x10, 0xc5, 0x10, 0xe5, 0x10, 0xc5, 0x10, 0xc5, 0x08, 0xe5, 0x10,
    0xc5, 0x10, 0xc5, 0x10, 0xc5, 0x10, 0xc5, 0x10, 0xc5, 0x10, 0xc4, 0x10,
    0xe5, 0x10, 0xc5, 0x10, 0xc5, 0x10, 0xc4, 0x10, 0xe5, 0x10, 0xc4, 0x10,
    0xc5, 0x10, 0xe5, 0x08, 0xc4, 0x10, 0xc5, 0x10, 0xc5, 0x10, 0xe5, 0x10,
    0xc4, 0x10, 0xc5, 0x10, 0xc5, 0x10, 0xe5, 0x10, 0xc5, 0x08, 0xc4, 0x10,
    0xc5, 0x10, 0xe5, 0x08, 0xc4, 0x10, 0xc5, 0x10, 0xc5, 0x10, 0xe5, 0x10,
    0xc5, 0x10, 0xc5, 0x10, 0xc5, 0x10, 0xc4, 0x10, 0xc5, 0x10, 0xc5, 0x10,
    0xe5, 0x10, 0xc5, 0x10, 0xc4, 0x10, 0xc5, 0x10, 0xc5, 0x08, 0xe5, 0x10,
    0xc5, 0x10, 0xc5, 0x10, 0xe4, 0x08, 0xc4, 0x10, 0xc5, 0x10, 0xc5, 0x10,
    0xc5, 0x10, 0xc5, 0x10, 0xc4, 0x10, 0xc5, 0x10, 0xe5, 0x10, 0xc4, 0x10,
    0xe5, 0x10, 0xe5, 0x10, 0xc4, 0x10, 0xc5, 0x10, 0xc4, 0x10, 0xc5, 0x10,
    0xe5, 0x08, 0xc4, 0x10, 0xc5, 0x10, 0xc5, 0x10, 0xe5, 0x10, 0xc4, 0x10,
    0xc5, 0x10, 0xc5, 0x10, 0xc4, 0x10, 0xe5, 0x10, 0xe5, 0x10, 0xc5, 0x10,
    0xc5, 0x10, 0xc5, 0x10, 0xc5, 0x10, 0xc5, 0x10, 0xe5, 0x08, 0xc5, 0x10,
    0xe4, 0x10, 0xc5, 0x10, 0xc5, 0x08, 0xe4, 0x10, 0xc5, 0x10, 0xc5, 0x10,
    0xc4, 0x10, 0xe5, 0x10, 0xe5, 0x08, 0xc5, 0x10, 0xc5, 0x10, 0xc5, 0x10,
    0xc5, 0x10, 0xc5, 0x08, 0xe4, 0x10, 0xc5, 0x10, 0xc5, 0x10, 0xc4, 0x10,
    0xc5, 0x10, 0xc5, 0x10, 0xc5, 0x10, 0xc5, 0x08, 0xc5, 0x10, 0xe4, 0x10,
    0xc5, 0x08, 0xc5, 0x10, 0xc5, 0x10, 0xc5, 0x10, 0xe5, 0x10, 0xc5, 0x10,
    0xc4, 0x10, 0xe4, 0x10, 0xc5, 0x10, 0xc5, 0x10, 0xc5, 0x10, 0xc4, 0x10,
    0xe5, 0x10, 0xc4, 0x10, 0xc5, 0x08, 0xc5, 0x10, 0xc4, 0x10, 0xc4, 0x10,
    0xe5, 0x10, 0xc5, 0x10, 0xc4, 0x10, 0xe5, 0x10, 0xc5, 0x10, 0xe5, 0x10,
    0xc5, 0x10, 0xc4, 0x10, 0xe5, 0x10, 0xc5, 0x10, 0xc4, 0x10, 0xc5, 0x10,
    0xe4, 0x08, 0xc5, 0x10, 0xe5, 0x10, 0xc5, 0x10, 0xe5, 0x10, 0xc5, 0x08,
    0xc4, 0x10, 0xe5, 0x10, 0xc5, 0x10, 0xc5, 0x10, 0xe4, 0x10, 0xc5, 0x10,
    0xc5, 0x10, 0xc5, 0x08, 0xc5, 0x10, 0xc5, 0x10, 0xe5, 0x10, 0xc4, 0x10,
    0xc5, 0x08, 0xc5, 0x10, 0xc4, 0x10, 0xc5, 0x10, 0xe5, 0x10, 0xc5, 0x08,
    0xc4, 0x10, 0xc5, 0x10, 0xc5, 0x10, 0xc5, 0x10, 0xe4, 0x08, 0xc5, 0x10,
    0xc5, 0x10, 0xe5, 0x10, 0xc5, 0x10, 0xc5, 0x10, 0xc5, 0x10, 0xe5, 0x08,
    0xc4, 0x10, 0xc5, 0x10, 0xc5, 0x08, 0xc5, 0x10, 0xc5, 0x10, 0xc5, 0x10,
    0xe4, 0x10, 0xc5, 0x10, 0xc5, 0x10, 0xc4, 0x10, 0xe5, 0x10, 0xc5, 0x08,
    0xc4, 0x10, 0xe5, 0x10, 0xc5, 0x10, 0xe4, 0x10, 0xc5, 0x08, 0xc4, 0x10,
    0xc5, 0x10, 0xc5, 0x10, 0xc4, 0x10, 0xe5, 0x10, 0xe5, 0x10, 0xc5, 0x10,
    0xc4, 0x08, 0xc5, 0x10, 0xc4, 0x10, 0xc5, 0x08, 0xc5, 0x10, 0xc5, 0x10,
    0xc5, 0x10, 0xc4, 0x10, 0xe5, 0x10, 0xe5, 0x10, 0xc5, 0x10, 0xe5, 0x10,
    0xc5, 0x10, 0xc5, 0x10, 0xc5, 0x10, 0xe5, 0x10, 0xc5, 0x10, 0xe4, 0x10,
    0xc5, 0x10, 0xc5, 0x10, 0xe5, 0x10, 0xc5, 0x10, 0xc4, 0x10, 0xc5, 0x10,
    0xc5, 0x10, 0xc5, 0x10, 0xc4, 0x08, 0xc5, 0x10, 0xe5, 0x10, 0xc5, 0x10,
    0xc5, 0x10, 0xc5, 0x08, 0xe4, 0x10, 0xc4, 0x10, 0xc5, 0x08, 0xc5, 0x10,
    0xe4, 0x10, 0xc5, 0x10, 0xc5, 0x10, 0xc5, 0x10, 0xc5, 0x10, 0xc5, 0x10,
    0xc5, 0x10, 0xc4, 0x10, 0xc5, 0x10, 0xc5, 0x10, 0xc5, 0x10, 0xe4, 0x10,
    0xc5, 0x08, 0xc5, 0x10, 0xe5, 0x10, 0xc5, 0x10, 0xc4, 0x10, 0xc5, 0x10,
    0xc5, 0x08, 0xc5, 0x10, 0xe4, 0x10, 0xc5, 0x08, 0xc5, 0x10, 0xc5, 0x10,
    0xe4, 0x10, 0xc5, 0x10, 0xc5, 0x10, 0xc4, 0x10, 0xc5, 0x08, 0xe4, 0x10,
    0xc5, 0x10, 0xc5, 0x10, 0xc5, 0x10, 0xe4, 0x10, 0xc5, 0x10, 0xc5, 0x10,
    0xc5, 0x10, 0xe4, 0x10, 0xc5, 0x10, 0xc5, 0x08, 0xc5, 0x10, 0xe4, 0x10,
    0xc5, 0x10, 0xc5, 0x08, 0xc4, 0x10, 0xe5, 0x10, 0xc5, 0x10, 0xe5, 0x10,
    0xc5, 0x10, 0xc5, 0x10, 0xe5, 0x10, 0xe5, 0x10, 0xc4, 0x10, 0xc5, 0x10,
    0xe4, 0x10, 0xc5, 0x10, 0xe5, 0x10, 0xc5, 0x10, 0xc5, 0x10, 0xe4, 0x08,
    0xc5, 0x10, 0xc5, 0x10, 0xe5, 0x08, 0xc5, 0x10, 0xc5, 0x10, 0xc5, 0x10,
    0xc5, 0x08, 0xc4, 0x10, 0xc5, 0x10, 0xc5, 0x08, 0xc5, 0x10, 0xc5, 0x10,
    0xe4, 0x10, 0xc5, 0x10, 0xc5, 0x10, 0xc5, 0x08, 0xc4, 0x10, 0xc5, 0x10,
    0xe5, 0x10, 0xc4, 0x08, 0xc5, 0x10, 0xc5, 0x10, 0xc5, 0x10, 0xc4, 0x10,
    0xe4, 0x10, 0xe5, 0x10, 0xc5, 0x10, 0xc4, 0x10, 0xc5, 0x10, 0xc5, 0x10,
    0xc5, 0x10, 0xe5, 0x10, 0xc5, 0x10, 0xc5, 0x10, 0xc5, 0x10, 0xc5, 0x08,
    0xc4, 0x10, 0xc5, 0x10, 0xc5, 0x10, 0xc4, 0x10, 0xc4, 0x08, 0xe5, 0x10,
    0xc5, 0x10, 0xc5, 0x10, 0xc5, 0x10, 0xc5, 0x08, 0xe5, 0x10, 0xe5, 0x10,
    0xc5, 0x10, 0xc4, 0x10, 0xc4, 0x10, 0xc5, 0x10, 0xe4, 0x10, 0xc5, 0x10,
    0xc5, 0x10, 0xc4, 0x10, 0xe5, 0x10, 0xc5, 0x08, 0xc4, 0x10, 0xc5, 0x10,
    0xc5, 0x08, 0xc5, 0x10, 0xc5, 0x10, 0xe5, 0x10, 0xe4, 0x10, 0xc5, 0x08,
    0xe5, 0x10, 0xc5, 0x10, 0xc4, 0x10, 0xe5, 0x10, 0xe5, 0x10, 0xc5, 0x08,
    0xc5, 0x10, 0xe4, 0x10, 0xc5, 0x10, 0xc5, 0x10, 0xc4, 0x10, 0xc5, 0x10,
    0xc5, 0x10, 0xc5, 0x10, 0xc4, 0x10, 0xc5, 0x10, 0xc5, 0x10, 0xe5, 0x10,
    0xc5, 0x10, 0xc5, 0x10, 0xc5, 0x10, 0xe4, 0x10, 0xc5, 0x10, 0xe5, 0x10,
    0xc4, 0x10, 0xc5, 0x08, 0xc5, 0x10, 0xe4, 0x10, 0xc5, 0x10, 0xc5, 0x10,
    0xc5, 0x10, 0xe5, 0x10, 0xc4, 0x10, 0xc4, 0x10, 0xc5, 0x10, 0xc5, 0x10,
    0xc5, 0x10, 0xe5, 0x10, 0xc5, 0x10, 0xc5, 0x08, 0xc5, 0x10, 0xc5, 0x10,
    0xe5, 0x10, 0xe5, 0x10, 0xc5, 0x10, 0xc5, 0x10, 0xc5, 0x10, 0xe5, 0x10,
    0xc4, 0x10, 0xc5, 0x08, 0xc5, 0x10, 0xc4, 0x10, 0xe5, 0x10, 0xc5, 0x10,
    0xc5, 0x10, 0xc4, 0x10, 0xc5, 0x10, 0xe5, 0x10, 0xe4, 0x10, 0xc5, 0x10,
    0xc5, 0x10, 0xc4, 0x10, 0xe5, 0x10, 0xc5, 0x10, 0xc4, 0x10, 0xc5, 0x10,
    0xc5, 0x10, 0xc4, 0x10, 0xc5, 0x10, 0xc5, 0x10, 0xc5, 0x10, 0xc5, 0x10,
    0xc4, 0x10, 0xe5, 0x08, 0xc5, 0x10, 0xc5, 0x10, 0xc5, 0x10, 0xc4, 0x10,
    0xe5, 0x10, 0xc5, 0x10, 0xc5, 0x10, 0xe5, 0x10, 0xc5, 0x10, 0xc4, 0x10,
    0xe5, 0x10, 0xc5, 0x10, 0xc5, 0x08, 0xc4, 0x10, 0xc5, 0x10, 0xc5, 0x10,
    0xe4, 0x08, 0xc4, 0x10, 0xc5, 0x10, 0xc5, 0x10, 0xc5, 0x08, 0xc5, 0x10,
    0xc5, 0x10, 0xc5, 0x10, 0xc5, 0x08, 0xc5, 0x10, 0xe4, 0x10, 0xc5, 0x10,
    0xc5, 0x10, 0xe4, 0x10, 0xe5, 0x10, 0xc5, 0x10, 0xc5, 0x10, 0xc4, 0x08,
    0xc5, 0x10, 0xe5, 0x10, 0xc5, 0x10, 0xc5, 0x10, 0xc5, 0x10, 0xe4, 0x10,
    0xc5, 0x10, 0xc5, 0x08, 0xc5, 0x10, 0xe4, 0x10, 0xc5, 0x10, 0xc5, 0x10,
    0xe4, 0x10, 0xc5, 0x08, 0xe5, 0x10, 0xc4, 0x10, 0xc5, 0x10, 0xc5, 0x10,
    0xc4, 0x10, 0xe5, 0x10, 0xc4, 0x10, 0xc4, 0x08, 0xe5, 0x10, 0xc5, 0x10,
    0xe5, 0x10, 0xc4, 0x10, 0xc5, 0x10, 0xc5, 0x10, 0xe5, 0x10, 0xc5, 0x10,
    0xc5, 0x10, 0xc4, 0x10, 0xc5, 0x10, 0xe5, 0x10, 0xc5, 0x10, 0xc5, 0x10,
    0xc5, 0x08, 0xc5, 0x10, 0xe4, 0x10, 0xc5, 0x08, 0xc5, 0x10, 0xc5, 0x10,
    0xe4, 0x10, 0xc5, 0x10, 0xc5, 0x10, 0xc5, 0x10, 0xe4, 0x10, 0xc5, 0x10,
    0xc4, 0x10, 0xc5, 0x10, 0xe5, 0x10, 0xc5, 0x10, 0xc5, 0x08, 0xc4, 0x10,
    0xc4, 0x10, 0xc5, 0x08, 0xc4, 0x10, 0xc5, 0x10, 0xc5, 0x10, 0xc4, 0x10,
    0xc5, 0x08, 0xc4, 0x10, 0xc5, 0x10, 0xc5, 0x10, 0xe5, 0x10, 0xc5, 0x10,
    0xc4, 0x10, 0xe5, 0x10, 0xc5, 0x10, 0xc5, 0x10, 0xc4, 0x10, 0xe5, 0x10,
    0xc5, 0x10, 0xc4, 0x10, 0xc5, 0x10, 0xe5, 0x10, 0xe5, 0x10, 0xc4, 0x10,
    0xc5, 0x10, 0xc5, 0x10, 0xc5, 0x10, 0xe4, 0x10, 0xc5, 0x10, 0xc5, 0x10,
    0xe5, 0x10, 0xc5, 0x10, 0xe5, 0x10, 0xc5, 0x10, 0xc4, 0x08, 0xc5, 0x10,
    0xc5, 0x10, 0xc5, 0x08, 0xc4, 0x10, 0xc5, 0x10, 0xc4, 0x10, 0xe5, 0x10,
    0xc4, 0x08, 0xc5, 0x10, 0xc4, 0x10, 0xc4, 0x10, 0xe5, 0x10, 0xe5, 0x10,
    0xc5, 0x10, 0xc5, 0x10, 0xc5, 0x10, 0xc5, 0x10, 0xe5, 0x10, 0xc5, 0x10,
    0xe4, 0x10, 0xc4, 0x10, 0xc5, 0x10, 0xe5, 0x10, 0xc4, 0x10, 0xc5, 0x10,
    0xe5, 0x08, 0xc5, 0x10, 0xc5, 0x10, 0xe5, 0x10, 0xc5, 0x10, 0xc5, 0x08,
    0xc5, 0x10, 0xe5, 0x10, 0xc5, 0x10, 0xe4, 0x10, 0xc5, 0x10, 0xc5, 0x10,
    0xc4, 0x10, 0xe5, 0x10, 0xc5, 0x08, 0xc5, 0x10, 0xc5, 0x10, 0xc4, 0x10,
    0xc5, 0x10, 0xc5, 0x10, 0xc5, 0x10, 0xc5, 0x10, 0xc4, 0x10, 0xe5, 0x10,
    0xc5, 0x10, 0xc5, 0x10, 0xc5, 0x10, 0xe5, 0x08, 0xc5, 0x10, 0xc4, 0x10,
    0xc5, 0x10, 0xc5, 0x10, 0xe5, 0x10, 0xc5, 0x08, 0xc4, 0x10, 0xe5, 0x10,
    0xc5, 0x10, 0xc4, 0x10, 0xc5, 0x10, 0xc5, 0x08, 0xc4, 0x10, 0xc5, 0x10,
    0xe5, 0x10, 0xc5, 0x10, 0xc5, 0x10, 0xc5, 0x10, 0xc5, 0x08, 0xc5, 0x10,
    0xe4, 0x10, 0xc5, 0x10, 0xc5, 0x10, 0xe5, 0x10, 0xc5, 0x10, 0xc4, 0x08,
    0xe5, 0x10, 0xc5, 0x10, 0xe4, 0x10, 0xc5, 0x10, 0xc4, 0x10, 0xc4, 0x10,
    0xc5, 0x08, 0xc5, 0x10, 0xe4, 0x10, 0xc4, 0x10, 0xc5, 0x10, 0xc5, 0x10,
    0xc5, 0x10, 0xe4, 0x10, 0xc5, 0x10, 0xc5, 0x10, 0xe4, 0x10, 0xc5, 0x10,
    0xc4, 0x10, 0xe5, 0x10, 0xc5, 0x10, 0xc4, 0x10, 0xc5, 0x10, 0xc5, 0x08,
    0xc4, 0x10, 0xe5, 0x10, 0xc5, 0x08, 0xe5, 0x10, 0xc5, 0x10, 0xc5, 0x10,
    0xe4, 0x10, 0xc5, 0x10, 0xc5, 0x08, 0xe5, 0x10, 0xc4, 0x10, 0xc5, 0x10,
    0xe5, 0x10, 0xc5, 0x10, 0xc5, 0x10, 0xe4, 0x10, 0xc5, 0x10, 0xc5, 0x08,
    0xc5, 0x10, 0xe5, 0x10, 0xc5, 0x10, 0xc5, 0x10, 0xc4, 0x10, 0xe5, 0x08,
    0xc4, 0x10, 0xc5, 0x10, 0xe5, 0x10, 0xc5, 0x10, 0xc5, 0x10, 0xc4, 0x10,
    0xc5, 0x10, 0xe5, 0x10, 0xc4, 0x10, 0xe4, 0x10, 0xc5, 0x10, 0xc4, 0x10,
    0xe5, 0x10, 0xe5, 0x10, 0xc4, 0x10, 0xc5, 0x10, 0xc5, 0x10, 0xe5, 0x08,
    0xc5, 0x10, 0xc4, 0x10, 0xc5, 0x10, 0xe5, 0x10, 0xc5, 0x10, 0xc4, 0x10,
    0xe5, 0x10, 0xc5, 0x10, 0xc4, 0x08, 0xc5, 0x10, 0xe5, 0x10, 0xc4, 0x10,
    0xc5, 0x10, 0xc5, 0x10, 0xe4, 0x10, 0xc5, 0x10, 0xc5, 0x08, 0xe4, 0x10,
    0xc5, 0x10, 0xc5, 0x10, 0xc4, 0x10, 0xe5, 0x08, 0xc5, 0x10, 0xc4, 0x10,
    0xc5, 0x10, 0xc5, 0x10, 0xe5, 0x10, 0xc5, 0x10, 0xc5, 0x10, 0xe4, 0x10,
    0xc5, 0x10, 0xc5, 0x10, 0xc5, 0x10, 0xe5, 0x10, 0xc4, 0x10, 0xc4, 0x10,
    0xc5, 0x08, 0xe5, 0x10, 0xc5, 0x10, 0xc5, 0x08, 0xe4, 0x10, 0xc5, 0x10,
    0xc5, 0x10, 0xe4, 0x10, 0xc5, 0x10, 0xc5, 0x10, 0xc5, 0x10, 0xe4, 0x10,
    0xc5, 0x08, 0xc5, 0x10, 0xc5, 0x10, 0xe4, 0x10, 0xc5, 0x10, 0xc5, 0x10,
    0xc5, 0x08, 0xe5, 0x10, 0xc5, 0x10, 0xc4, 0x10, 0xc5, 0x10, 0xe5, 0x10,
    0xc5, 0x10, 0xc5, 0x10, 0xe5, 0x10, 0xc5, 0x10, 0xc5, 0x08, 0xe5, 0x10,
    0xc5, 0x10, 0xc5, 0x10, 0xe5, 0x10, 0xc4, 0x10, 0xc5, 0x08, 0xc4, 0x10,
    0xc5, 0x10, 0xe5, 0x10, 0xc4, 0x10, 0xc4, 0x10, 0xe5, 0x10, 0xc5, 0x08,
    0xc5, 0x10, 0xe5, 0x10, 0xc5, 0x10, 0xc5, 0x10, 0xc4, 0x10, 0xc5, 0x10,
    0xe5, 0x08, 0xc5, 0x10, 0xc4, 0x10, 0xe5, 0x10, 0xc5, 0x10, 0xc4, 0x08,
    0xc5, 0x10, 0xc5, 0x10, 0xc4, 0x10, 0xe5, 0x10, 0xc5, 0x10, 0xe5, 0x10,
    0xc5, 0x10, 0xc4, 0x10, 0xe5, 0x10, 0xc5, 0x10, 0xe5, 0x08, 0xc5, 0x10,
    0xc5, 0x10, 0xc5, 0x10, 0xc5, 0x10, 0xe5, 0x08, 0xc5, 0x10, 0xc4, 0x10,
    0xe5, 0x10, 0xc5, 0x08, 0xe4, 0x10, 0xe4, 0x10, 0xc5, 0x10, 0xc5, 0x10,
    0xc5, 0x10, 0xe5, 0x08, 0xc4, 0x10, 0xc5, 0x10, 0xc5, 0x10, 0xc4, 0x10,
    0xc5, 0x10, 0xc4, 0x10, 0xe5, 0x08, 0xc5, 0x10, 0xc4, 0x10, 0xc5, 0x10,
    0xe4, 0x10, 0xc5, 0x10, 0xc5, 0x08, 0xc5, 0x10, 0xc5, 0x10, 0xe5, 0x10,
    0xe4, 0x10, 0xc5, 0x10, 0xc4, 0x10, 0xc5, 0x10, 0xc5, 0x10, 0xc5, 0x10,
    0xe4, 0x10, 0xc5, 0x10, 0xe5, 0x08, 0xc5, 0x10, 0xc5, 0x10, 0xc4, 0x10,
    0xc5, 0x10, 0xc5, 0x08, 0xe4, 0x10, 0xc5, 0x10, 0xc5, 0x10, 0xe5, 0x10,
    0xc5, 0x10, 0xc4, 0x10, 0xc5, 0x10, 0xe5, 0x10, 0xc4, 0x10, 0xc5, 0x10,
    0xc4, 0x08, 0xe5, 0x10, 0xe5, 0x10, 0xc4, 0x10, 0xc5, 0x10, 0xc5, 0x10,
    0xc4, 0x10, 0xc5, 0x10, 0xc4, 0x10, 0xe5, 0x10, 0xc5, 0x10, 0xc4, 0x10,
    0xc5, 0x10, 0xc5, 0x08, 0xc4, 0x10, 0xe5, 0x10, 0xc5, 0x10, 0xe4, 0x10,
    0xc5, 0x10, 0xc5, 0x10, 0xc4, 0x10, 0xc5, 0x10, 0xe5, 0x10, 0xe5, 0x10,
    0xc5, 0x10, 0xc4, 0x10, 0xc5, 0x08, 0xc5, 0x10, 0xe4, 0x10, 0xc4, 0x08,
    0xc5, 0x10, 0xc5, 0x10, 0xe4, 0x10, 0xc5, 0x10, 0xc5, 0x08, 0xc5, 0x10,
    0xc5, 0x10, 0xc5, 0x08, 0xe5, 0x10, 0xc5, 0x10, 0xc5, 0x10, 0xc5, 0x10,
    0xe5, 0x10, 0xc5, 0x10, 0xc4, 0x10, 0xc4, 0x10, 0xe5, 0x10, 0xc5, 0x08,
    0xc5, 0x10, 0xe5, 0x10, 0xc5, 0x10, 0xc4, 0x10, 0xe5, 0x10, 0xc5, 0x08,
    0xc5, 0x10, 0xe5, 0x10, 0xc4, 0x10, 0xc5, 0x08, 0xc5, 0x10, 0xc4, 0x10,
    0xe5, 0x10, 0xc5, 0x08, 0xc4, 0x10, 0xc4, 0x10, 0xe5, 0x10, 0xc5, 0x10,
    0xc5, 0x10, 0xc5, 0x10, 0xe4, 0x10, 0xc5, 0x10, 0xc5, 0x08, 0xe5, 0x10,
    0xc5, 0x10, 0xc5, 0x10, 0xc5, 0x08, 0xc5, 0x10, 0xc5, 0x10, 0xe5, 0x10,
    0xc4, 0x08, 0xc5, 0x10, 0xe5, 0x10, 0xc4, 0x10, 0xc5, 0x10, 0xc5, 0x10,
    0xc5, 0x10, 0xc5, 0x10, 0xc5, 0x08, 0xc4, 0x10, 0xe5, 0x10, 0xc5, 0x10,
    0xc5, 0x10, 0xc5, 0x10, 0xc4, 0x10, 0xe5, 0x10, 0xc5, 0x10, 0xc5, 0x08,
    0xc5, 0x10, 0xe5, 0x10, 0xc4, 0x10, 0xc5, 0x10, 0xe5, 0x10, 0xc5, 0x10,
    0xc5, 0x10, 0xc5, 0x10, 0xe5, 0x10, 0xc5, 0x10, 0xc5, 0x10, 0xe5, 0x10,
    0xc5, 0x08, 0xe5, 0x10, 0xc4, 0x10, 0xc5, 0x10, 0xc5, 0x10, 0xc5, 0x08,
    0xc5, 0x10, 0xc4, 0x10, 0xe5, 0x08, 0xc5, 0x10, 0xc5, 0x10, 0xc5, 0x10,
    0xe5, 0x10, 0xc5, 0x10, 0xe5, 0x10, 0xc4, 0x10, 0xc5, 0x10, 0xc5, 0x10,
    0xe4, 0x10, 0xc5, 0x10, 0xc5, 0x10, 0xc5, 0x10, 0xe4, 0x10, 0xc5, 0x10,
    0xc5, 0x10, 0xc5, 0x10, 0xe4, 0x10, 0xc5, 0x08, 0xc5, 0x10, 0xc5, 0x10,
    0xe5, 0x10, 0xc5, 0x10, 0xc4, 0x10, 0xc5, 0x08, 0xe5, 0x10, 0xc4, 0x10,
    0xe5, 0x10, 0xc4, 0x10, 0xe5, 0x10, 0xc5, 0x10, 0xe4, 0x10, 0xc5, 0x10,
    0xc5, 0x10, 0xe5, 0x08, 0xc4, 0x10, 0xc5, 0x10, 0xc5, 0x10, 0xe5, 0x10,
    0xc5, 0x08, 0xc5, 0x10, 0xc5, 0x10, 0xe5, 0x10, 0xc5, 0x10, 0xc4, 0x10,
    0xc4, 0x10, 0xc5, 0x10, 0xe5, 0x10, 0xc4, 0x08, 0xc5, 0x10, 0xc5, 0x10,
    0xc5, 0x10, 0xe5, 0x10, 0xc5, 0x08, 0xc4, 0x10, 0xe5, 0x10, 0xc5, 0x10,
    0xe5, 0x10, 0xc4, 0x08, 0xc5, 0x10, 0xc5, 0x10, 0xc5, 0x10, 0xc4, 0x10,
    0xe5, 0x10, 0xc5, 0x10, 0xc5, 0x10, 0xe5, 0x10, 0xc5, 0x10, 0xc5, 0x10,
    0xe4, 0x10, 0xe5, 0x10, 0xc5, 0x10, 0xc5, 0x10, 0xc5, 0x10, 0xc5, 0x10,
    0xc4, 0x10, 0xc5, 0x10, 0xc5, 0x10, 0xc5, 0x10, 0xc5, 0x08, 0xc4, 0x10,
    0xc5, 0x10, 0xc5, 0x10, 0xc5, 0x10, 0xc4, 0x10, 0xe5, 0x08, 0xc5, 0x10,
    0xc5, 0x10, 0xe5, 0x10, 0xc5, 0x10, 0xc5, 0x10, 0xc4, 0x10, 0xe5, 0x10,
    0xc5, 0x10, 0xc4, 0x10, 0xc5, 0x10, 0xc4, 0x10, 0xc5, 0x08, 0xc5, 0x10,
    0xc5, 0x10, 0xc5, 0x10, 0xc5, 0x10, 0xe4, 0x10, 0xe4, 0x10, 0xc5, 0x08,
    0xc5, 0x10, 0xc5, 0x10, 0xc4, 0x10, 0xe4, 0x10, 0xc5, 0x08, 0xc5, 0x10,
    0xe5, 0x10, 0xc4, 0x10, 0xc5, 0x10, 0xc4, 0x10, 0xc5, 0x08, 0xc5, 0x10,
    0xc5, 0x10, 0xc5, 0x10, 0xe4, 0x10, 0xc5, 0x10, 0xc5, 0x10, 0xc5, 0x10,
    0xc5, 0x10, 0xc5, 0x10, 0xc5, 0x08, 0xc5, 0x10, 0xe5, 0x10, 0xc5, 0x10,
    0xc5, 0x08, 0xe5, 0x10, 0xe5, 0x10, 0xc4, 0x08, 0xc4, 0x10, 0xe5, 0x10,
    0xe5, 0x10, 0xc4, 0x10, 0xc5, 0x10, 0xc5, 0x08, 0xc5, 0x10, 0xc5, 0x10,
    0xc5, 0x08, 0xc5, 0x10, 0xc5, 0x10, 0xc5, 0x08, 0xc5, 0x10, 0xc5, 0x10,
    0xe5, 0x10, 0xc5, 0x10, 0xc5, 0x10, 0xc5, 0x10, 0xc5, 0x10, 0xe5, 0x10,
    0xc5, 0x10, 0xe5, 0x10, 0xc5, 0x08, 0xc5, 0x10, 0xc5, 0x10, 0xe5, 0x10,
    0xc4, 0x10, 0xe5, 0x10, 0xc5, 0x10, 0xc4, 0x08, 0xe5, 0x10, 0xc5, 0x10,
    0xc4, 0x08, 0xc5, 0x10, 0xc5, 0x10, 0xc5, 0x10, 0xc5, 0x10, 0xc4, 0x10,
    0xe5, 0x10, 0xc5, 0x10, 0xc4, 0x10, 0xc5, 0x10, 0xc5, 0x10, 0xc5, 0x10,
    0xe4, 0x10, 0xc4, 0x10, 0xc5, 0x10, 0xc5, 0x10, 0xe5, 0x10, 0xc5, 0x10,
    0xc4, 0x10, 0xc5, 0x10, 0xc5, 0x10, 0xe5, 0x08, 0xc5, 0x10, 0xc5, 0x10,
    0xe5, 0x10, 0xc4, 0x08, 0xc5, 0x10, 0xc4, 0x10, 0xc5, 0x10, 0xe5, 0x10,
    0xc4, 0x10, 0xc5, 0x10, 0xc5, 0x10, 0xe5, 0x10, 0xc5, 0x10, 0xc4, 0x10,
    0xc5, 0x10, 0xc5, 0x10, 0xc4, 0x10, 0xe5, 0x08, 0xc5, 0x10, 0xc4, 0x10,
    0xe4, 0x10, 0xe5, 0x10, 0xc5, 0x10, 0xc5, 0x10, 0xc4, 0x10, 0xe5, 0x08,
    0xc5, 0x10, 0xc4, 0x10, 0xe5, 0x10, 0xc5, 0x10, 0xc5, 0x10, 0xc4, 0x10,
    0xe5, 0x10, 0xc5, 0x10, 0xc5, 0x08, 0xc5, 0x10, 0xc5, 0x10, 0xc4, 0x10,
    0xe5, 0x08, 0xc4, 0x10, 0xc5, 0x10, 0xc5, 0x10, 0xe4, 0x10, 0xc5, 0x10,
    0xc5, 0x10, 0xc4, 0x10, 0xc5, 0x10, 0xc5, 0x08, 0xe4, 0x10, 0xc5, 0x10,
    0xc5, 0x10, 0xe4, 0x10, 0xc5, 0x10, 0xc5, 0x10, 0xc4, 0x08, 0xe5, 0x10,
    0xc5, 0x10, 0xc4, 0x10, 0xc4, 0x10, 0xc5, 0x10, 0xc5, 0x10, 0xe4, 0x10,
    0xc5, 0x08, 0xc5, 0x10, 0xc5, 0x10, 0xe4, 0x08, 0xc5, 0x10, 0xc5, 0x10,
    0xc5, 0x10, 0xe4, 0x10, 0xc5, 0x10, 0xc5, 0x10, 0xc5, 0x10, 0xe5, 0x10,
    0xc4, 0x10, 0xc4, 0x10, 0xc5, 0x10, 0xe5, 0x10, 0xc5, 0x10, 0xc5, 0x10,
    0xc5, 0x10, 0xc5, 0x08, 0xc4, 0x10, 0xc5, 0x10, 0xc5, 0x10, 0xc4, 0x10,
    0xc5, 0x10, 0xc4, 0x10, 0xc5, 0x10, 0xc5, 0x10, 0xe5, 0x10, 0xc4, 0x10,
    0xc5, 0x10, 0xc5, 0x10, 0xc4, 0x08, 0xc5, 0x10, 0xc5, 0x10, 0xe5, 0x10,
    0xe5, 0x10, 0xc5, 0x08, 0xc5, 0x10, 0xc5, 0x10, 0xe4, 0x10, 0xc5, 0x10,
    0xe5, 0x10, 0xc4, 0x10, 0xc5, 0x10, 0xc5, 0x10, 0xc5, 0x10, 0xc5, 0x10,
    0xc4, 0x10, 0xc5, 0x10, 0xe5, 0x10, 0xc5, 0x10, 0xc4, 0x08, 0xe5, 0x10,
    0xc5, 0x10, 0xc5, 0x08, 0xc4, 0x10, 0xc5, 0x10, 0xc4, 0x10, 0xc4, 0x10,
    0xc5, 0x10, 0xc5, 0x08, 0xc4, 0x10, 0xc4, 0x10, 0xe5, 0x10, 0xc4, 0x08,
    0xc5, 0x10, 0xc5, 0x10, 0xe5, 0x10, 0xc5, 0x10, 0xc5, 0x10, 0xc5, 0x10,
    0xe4, 0x10, 0xc5, 0x10, 0xc5, 0x10, 0xe5, 0x10, 0xc5, 0x10, 0xc5, 0x10,
    0xe4, 0x10, 0xc5, 0x10, 0xc4, 0x10, 0xc5, 0x10, 0xe5, 0x10, 0xc5, 0x08,
    0xc5, 0x10, 0xc5, 0x10, 0xc5, 0x10, 0xe5, 0x10, 0xe4, 0x10, 0xc5, 0x10,
    0xc4, 0x10, 0xe5, 0x08, 0xc5, 0x10, 0xc5, 0x10, 0xc5, 0x10, 0xc5, 0x10,
    0xe5, 0x10, 0xc4, 0x10, 0xc5, 0x10, 0xc5, 0x10, 0xc5, 0x10, 0xe5, 0x10,
    0xc4, 0x10, 0xc5, 0x10, 0xc5, 0x10, 0xe5, 0x10, 0xc4, 0x10, 0xe5, 0x10,
    0xc5, 0x10, 0xc5, 0x10, 0xc5, 0x10, 0xc5, 0x08, 0xc4, 0x10, 0xe5, 0x10,
    0xc5, 0x10, 0xe4, 0x10, 0xc5, 0x10, 0xc4, 0x10, 0xc5, 0x10, 0xe5, 0x10,
    0xc4, 0x10, 0xc5, 0x10, 0xc5, 0x10, 0xc5, 0x10, 0xc5, 0x10, 0xc5, 0x10,
    0xc5, 0x08, 0xe5, 0x10, 0xc5, 0x10, 0xe5, 0x10, 0xc4, 0x10, 0xc4, 0x10,
    0xe5, 0x10, 0xc4, 0x10, 0xe5, 0x10, 0xe5, 0x10, 0xc4, 0x10, 0xc4, 0x08,
    0xc5, 0x10, 0xc5, 0x10, 0xe4, 0x10, 0xe5, 0x10, 0xc5, 0x10, 0xc5, 0x10,
    0xc5, 0x10, 0xc4, 0x10, 0xc5, 0x10, 0xc4, 0x10, 0xe5, 0x10, 0xc4, 0x08,
    0xc5, 0x10, 0xc5, 0x10, 0xc4, 0x10, 0xc5, 0x10, 0xe5, 0x10, 0xc4, 0x10,
    0xc5, 0x10, 0xe5, 0x10, 0xc5, 0x10, 0xe5, 0x08, 0xc5, 0x10, 0xc5, 0x10,
    0xc4, 0x08, 0xc5, 0x10, 0xc5, 0x10, 0xe4, 0x10, 0xc5, 0x08, 0xc5, 0x10,
    0xc5, 0x10, 0xc5, 0x10, 0xc5, 0x08, 0xe4, 0x10, 0xc4, 0x10, 0xe5, 0x10,
    0xc5, 0x10, 0xc4, 0x10, 0xe5, 0x10, 0xc5, 0x10, 0xc5, 0x10, 0xc5, 0x10,
    0xc4, 0x10, 0xc5, 0x10, 0xc5, 0x10, 0xc5, 0x10, 0xe5, 0x10, 0xc4, 0x10,
    0xc5, 0x08, 0xc5, 0x10, 0xe4, 0x10, 0xc4, 0x10, 0xc5, 0x08, 0xc5, 0x10,
    0xe5, 0x10, 0xc5, 0x10, 0xc5, 0x10, 0xc5, 0x10, 0xe5, 0x10, 0xc5, 0x10,
    0xc5, 0x08, 0xc4, 0x10, 0xe5, 0x10, 0xc4, 0x10, 0xc5, 0x10, 0xc5, 0x10,
    0xc5, 0x10, 0xe5, 0x10, 0xc5, 0x08, 0xc5, 0x10, 0xc4, 0x10, 0xc5, 0x10,
    0xe5, 0x10, 0xc4, 0x10, 0xc4, 0x10, 0xc5, 0x10, 0xe5, 0x10, 0xc4, 0x10,
    0xc5, 0x10, 0xc5, 0x10, 0xe4, 0x10, 0xc5, 0x08, 0xc5, 0x10, 0xc4, 0x10,
    0xc5, 0x10, 0xe5, 0x10, 0xc5, 0x10, 0xc5, 0x10, 0xc4, 0x10, 0xe5, 0x10,
    0xc5, 0x08, 0xc5, 0x10, 0xc5, 0x10, 0xc5, 0x10, 0xe4, 0x10, 0xc5, 0x10,
    0xc5, 0x08, 0xc5, 0x10, 0xc5, 0x10, 0xe5, 0x08, 0xc5, 0x10, 0xc5, 0x10,
    0xc5, 0x10, 0xc5, 0x10, 0xe4, 0x10, 0xc5, 0x10, 0xc5, 0x10, 0xc5, 0x08,
    0xe4, 0x10, 0xc5, 0x10, 0xc5, 0x08, 0xc5, 0x10, 0xe4, 0x10, 0xc4, 0x10,
    0xc5, 0x08, 0xc5, 0x10, 0xe5, 0x10, 0xc4, 0x10, 0xc4, 0x10, 0xc5, 0x08,
    0xc5, 0x10, 0xc5, 0x10, 0xe5, 0x10, 0xc5, 0x10, 0xc4, 0x08, 0xe5, 0x10,
    0xe5, 0x10, 0xc5, 0x10, 0xc5, 0x10, 0xe5, 0x10, 0xc4, 0x08, 0xc5, 0x10,
    0xc5, 0x10, 0xe4, 0x10, 0xc5, 0x10, 0xe5, 0x10, 0xc4, 0x08, 0xc5, 0x10,
    0xc5, 0x10, 0xc4, 0x10, 0xc5, 0x10, 0xe4, 0x10, 0xc5, 0x08, 0xc5, 0x10,
    0xc4, 0x10, 0xc5, 0x10, 0xe4, 0x10, 0xc5, 0x10, 0xc5, 0x10, 0xe4, 0x08,
    0xc5, 0x10, 0xc5, 0x10, 0xc5, 0x10, 0xe4, 0x10, 0xc5, 0x10, 0xc5, 0x10,
    0xc5, 0x10, 0xc4, 0x10, 0xe5, 0x10, 0xc5, 0x08, 0xc5, 0x10, 0xe5, 0x10,
    0xc5, 0x10, 0xc5, 0x10, 0xc5, 0x10, 0xe5, 0x10, 0xc5, 0x10, 0xc5, 0x10,
    0xe5, 0x10, 0xe5, 0x10, 0xc4, 0x08, 0xc4, 0x10, 0xe5, 0x10, 0xe4, 0x10,
    0xc5, 0x08, 0xe5, 0x10, 0xc4, 0x10, 0xc5, 0x08, 0xc5, 0x10, 0xc4, 0x10,
    0xe5, 0x10, 0xc5, 0x08, 0xc5, 0x10, 0xe4, 0x10, 0xc5, 0x10, 0xc5, 0x10,
    0xe4, 0x10, 0xe5, 0x10, 0xc5, 0x08, 0xc4, 0x10, 0xc5, 0x10, 0xe5, 0x10,
    0xc5, 0x10, 0xc4, 0x10, 0xe5, 0x10, 0xc5, 0x08, 0xc5, 0x10, 0xe5, 0x10,
    0xc4, 0x10, 0xe5, 0x08, 0xc5, 0x10, 0xc5, 0x10, 0xe5, 0x10, 0xc4, 0x10,
    0xc5, 0x10, 0xc5, 0x08, 0xe5, 0x10, 0xc5, 0x10, 0xc5, 0x10, 0xc4, 0x10,
    0xc5, 0x10, 0xc4, 0x10, 0xe5, 0x10, 0xc5, 0x10, 0xc5, 0x10, 0xe4, 0x10,
    0xc5, 0x08, 0xc5, 0x10, 0xe4, 0x10, 0xe5, 0x10, 0xc5, 0x10, 0xc4, 0x08,
    0xe5, 0x10, 0xc4, 0x10, 0xc5, 0x10, 0xc5, 0x10, 0xe5, 0x10, 0xc5, 0x10,
    0xc4, 0x10, 0xc5, 0x10, 0xc5, 0x10, 0xc4, 0x10, 0xe5, 0x10, 0xc5, 0x10,
    0xc5, 0x10, 0xc5, 0x10, 0xc4, 0x10, 0xc5, 0x10, 0xe5, 0x10, 0xc5, 0x10,
    0xc5, 0x10, 0xc4, 0x10, 0xc5, 0x08, 0xc5, 0x10, 0xc4, 0x10, 0xc4, 0x08,
    0xe5, 0x10, 0xc4, 0x10, 0xc5, 0x10, 0xe5, 0x10, 0xc4, 0x10, 0xc5, 0x10,
    0xe5, 0x10, 0xc4, 0x10, 0xc5, 0x10, 0xc5, 0x10, 0xc4, 0x10, 0xc5, 0x10,
    0xe5, 0x10, 0xc5, 0x10, 0xc4, 0x10, 0xc4, 0x10, 0xe5, 0x10, 0xc4, 0x10,
    0xe5, 0x10, 0xc5, 0x10, 0xc5, 0x10, 0xe5, 0x10, 0xc4, 0x10, 0xe4, 0x10,
    0xc5, 0x10, 0xc5, 0x10, 0xe5, 0x10, 0xc5, 0x10, 0xc5, 0x10, 0xc5, 0x10,
    0xe5, 0x08, 0xc5, 0x10, 0xc4, 0x10, 0xc5, 0x10, 0xc4, 0x10, 0xc4, 0x10,
    0xe5, 0x08, 0xc5, 0x10, 0xe5, 0x10, 0xe5, 0x08, 0xc4, 0x10, 0xc5, 0x10,
    0xc5, 0x10, 0xe5, 0x10, 0xc5, 0x10, 0xc5, 0x10, 0xc5, 0x10, 0xe4, 0x10,
    0xc5, 0x10, 0xc5, 0x08, 0xe4, 0x10, 0xc5, 0x10, 0xc4, 0x10, 0xc5, 0x10,
    0xc5, 0x10, 0xc5, 0x10, 0xc5, 0x10, 0xe5, 0x10, 0xc5, 0x08, 0xc5, 0x10,
    0xe4, 0x10, 0xc4, 0x10, 0xc5, 0x10, 0xc5, 0x10, 0xc4, 0x10, 0xe5, 0x08,
    0xc5, 0x10, 0xc5, 0x10, 0xc5, 0x10, 0xe5, 0x10, 0xc4, 0x08, 0xc5, 0x10,
    0xc5, 0x10, 0xe5, 0x10, 0xc5, 0x10, 0xc4, 0x10, 0xc5, 0x10, 0xe5, 0x10,
    0xc5, 0x08, 0xc4, 0x10, 0xe5, 0x10, 0xc5, 0x10, 0xe5, 0x10, 0xc5, 0x10,
    0xc4, 0x10, 0xe4, 0x10, 0xc5, 0x10, 0xe5, 0x10, 0xc5, 0x10, 0xc4, 0x10,
    0xc5, 0x10, 0xe4, 0x10, 0xc5, 0x10, 0xc5, 0x10, 0xe4, 0x10, 0xc5, 0x10,
    0xc5, 0x10, 0xe4, 0x10, 0xc5, 0x08, 0xc5, 0x10, 0xc5, 0x10, 0xe4, 0x10,
    0xc5, 0x10, 0xc5, 0x10, 0xc4, 0x10, 0xe5, 0x10, 0xc5, 0x10, 0xc5, 0x10,
    0xc5, 0x10, 0xe5, 0x10, 0xc5, 0x08, 0xc5, 0x10, 0xc5, 0x10, 0xe4, 0x10,
    0xe5, 0x10, 0xc4, 0x10, 0xc5, 0x10, 0xc5, 0x10, 0xe5, 0x10, 0xc5, 0x10,
    0xc5, 0x08, 0xe4, 0x10, 0xc4, 0x10, 0xc5, 0x10, 0xc5, 0x10, 0xe5, 0x10,
    0xc5, 0x10, 0xc4, 0x10, 0xe5, 0x10, 0xc5, 0x10, 0xc4, 0x10, 0xc5, 0x10,
    0xc5, 0x10, 0xc4, 0x10, 0xe5, 0x10, 0xc5, 0x10, 0xc5, 0x10, 0xc5, 0x10,
    0xe5, 0x10, 0xc5, 0x10, 0xc5, 0x08, 0xe5, 0x10, 0xc4, 0x10, 0xc5, 0x10,
    0xe5, 0x10, 0xc5, 0x10, 0xe4, 0x08, 0xc5, 0x10, 0xc5, 0x10, 0xc5, 0x08,
    0xe4, 0x10, 0xc5, 0x10, 0xc5, 0x10, 0xe5, 0x10, 0xc4, 0x10, 0xc5, 0x08,
    0xe5, 0x10, 0xc5, 0x10, 0xe4, 0x10, 0xc5, 0x08, 0xc4, 0x10, 0xc5, 0x10,
    0xc5, 0x10, 0xc4, 0x10, 0xc5, 0x10, 0xc5, 0x10, 0xc5, 0x10, 0xc5, 0x10,
    0xc5, 0x10, 0xc5, 0x10, 0xe4, 0x10, 0xc5, 0x10, 0xc5, 0x10, 0xc4, 0x10,
    0xc5, 0x10, 0xc5, 0x10, 0xc5, 0x10, 0xc5, 0x08, 0xc4, 0x10, 0xc5, 0x10,
    0xc5, 0x10, 0xc4, 0x10, 0xe5, 0x10, 0xc5, 0x10, 0xc5, 0x10, 0xc5, 0x08,
    0xc5, 0x10, 0xc5, 0x10, 0xc5, 0x10, 0xc4, 0x10, 0xe4, 0x10, 0xc5, 0x10,
    0xc5, 0x10, 0xc5, 0x10, 0xc5, 0x10, 0xe4, 0x10, 0xc4, 0x08, 0xc5, 0x10,
    0xc5, 0x10, 0xe5, 0x10, 0xc4, 0x10, 0xc4, 0x08, 0xc5, 0x10, 0xe5, 0x10,
    0xc5, 0x10, 0xc5, 0x10, 0xc4, 0x10, 0xe5, 0x10, 0xc4, 0x10, 0xc5, 0x10,
    0xc5, 0x10, 0xc5, 0x10, 0xc5, 0x08, 0xc5, 0x10, 0xc4, 0x10, 0xc5, 0x10,
    0xc5, 0x10, 0xc5, 0x10, 0xe5, 0x10, 0xc4, 0x08, 0xc4, 0x10, 0xe5, 0x10,
    0xc5, 0x10, 0xc4, 0x10, 0xc5, 0x10, 0xe5, 0x08, 0xc5, 0x10, 0xc5, 0x10,
    0xc5, 0x08, 0xe5, 0x10, 0xc5, 0x10, 0xc4, 0x08, 0xc5, 0x10, 0xc5, 0x10,
    0xe4, 0x10, 0xe5, 0x10, 0xc5, 0x10, 0xc5, 0x10, 0xe5, 0x10, 0xc5, 0x10,
    0xc5, 0x10, 0xe5, 0x10, 0xc5, 0x08, 0xc5, 0x10, 0xe5, 0x10, 0xc5, 0x10,
    0xc5, 0x10, 0xe5, 0x10, 0xc5, 0x08, 0xe5, 0x10, 0xe5, 0x10, 0xc5, 0x08,
    0xc5, 0x10, 0xc4, 0x10, 0xc5, 0x08, 0xe5, 0x10, 0xc5, 0x10, 0xc5, 0x10,
    0xc5, 0x10, 0xe5, 0x10, 0xc4, 0x08, 0xc5, 0x10, 0xc5, 0x10, 0xc5, 0x10,
    0xe5, 0x08, 0xc4, 0x10, 0xe5, 0x10, 0xc5, 0x10, 0xc5, 0x08, 0xc5, 0x10,
    0xc4, 0x10, 0xe5, 0x10, 0xc5, 0x10, 0xe5, 0x08, 0xc5, 0x10, 0xe5, 0x10,
    0xc5, 0x10, 0xc5, 0x10, 0xc5, 0x10, 0xc4, 0x10, 0xc5, 0x10, 0xc5, 0x10,
    0xe5, 0x10, 0xc5, 0x10, 0xc4, 0x08, 0xc5, 0x10, 0xe5, 0x10, 0xc4, 0x10,
    0xc5, 0x10, 0xc5, 0x10, 0xe4, 0x10, 0xc5, 0x10, 0xc5, 0x08, 0xe4, 0x10,
    0xe5, 0x10, 0xc5, 0x08, 0xc5, 0x10, 0xc5, 0x10, 0xc4, 0x10, 0xe5, 0x10,
    0xc5, 0x10, 0xc5, 0x08, 0xe5, 0x10, 0xe4, 0x10, 0xc5, 0x10, 0xc5, 0x10,
    0xc5, 0x10, 0xc4, 0x08, 0xe5, 0x10, 0xc5, 0x10, 0xc5, 0x10, 0xc5, 0x10,
    0xe5, 0x08, 0xc4, 0x10, 0xc5, 0x10, 0xc5, 0x10, 0xe5, 0x10, 0xc5, 0x10,
    0xc4, 0x10, 0xc5, 0x10, 0xc5, 0x10, 0xc4, 0x08, 0xc4, 0x10, 0xc5, 0x10,
    0xc5, 0x10, 0xe5, 0x10, 0xc4, 0x10, 0xc5, 0x08, 0xc5, 0x10, 0xc5, 0x10,
    0xe5, 0x10, 0xc5, 0x10, 0xe4, 0x10, 0xc5, 0x10, 0xc5, 0x10, 0xc4, 0x08,
    0xe5, 0x10, 0xc5, 0x10, 0xc5, 0x10, 0xc4, 0x10, 0xe5, 0x10, 0xc5, 0x10,
    0xc5, 0x10, 0xc5, 0x10, 0xe5, 0x10, 0xc4, 0x10, 0xc5, 0x08, 0xc5, 0x10,
    0xe5, 0x10, 0xc5, 0x10, 0xc4, 0x10, 0xc5, 0x10, 0xc5, 0x10, 0xc5, 0x10,
    0xc5, 0x10, 0xe5, 0x10, 0xc4, 0x08, 0xc5, 0x10, 0xc5, 0x10, 0xc4, 0x10,
    0xc5, 0x10, 0xc5, 0x10, 0xe5, 0x08, 0xc5, 0x10, 0xc4, 0x10, 0xc5, 0x10,
    0xe5, 0x10, 0xc5, 0x08, 0xc5, 0x10, 0xc5, 0x10, 0xc5, 0x10, 0xe5, 0x10,
    0xe5, 0x10, 0xc5, 0x08, 0xc5, 0x10, 0xc5, 0x10, 0xc4, 0x10, 0xe5, 0x10,
    0xc4, 0x08, 0xc5, 0x10, 0xc5, 0x10, 0xc4, 0x10, 0xe5, 0x10, 0xc5, 0x10,
    0xc5, 0x10, 0xc4, 0x10, 0xc5, 0x10, 0xc5, 0x10, 0xc5, 0x10, 0xe4, 0x10,
    0xc5, 0x10, 0xc5, 0x10, 0xe5, 0x10, 0xc4, 0x10, 0xc5, 0x10, 0xc5, 0x10,
    0xc4, 0x10, 0xe4, 0x10, 0xc5, 0x10, 0xc5, 0x10, 0xc5, 0x10, 0xe4, 0x10,
    0xc5, 0x08, 0xc5, 0x10, 0xc5, 0x10, 0xc5, 0x10, 0xe4, 0x10, 0xc5, 0x08,
    0xc5, 0x10, 0xc5, 0x10, 0xc5, 0x10, 0xe5, 0x10, 0xe5, 0x10, 0xc5, 0x08,
    0xc5, 0x10, 0xc4, 0x10, 0xe4, 0x10, 0xe5, 0x10, 0xc5, 0x10, 0xe5, 0x10,
    0xc5, 0x10, 0xc5, 0x08, 0xc5, 0x10, 0xe4, 0x10, 0xc5, 0x10, 0xc4, 0x10,
    0xc4, 0x10, 0xe5, 0x10, 0xc5, 0x10, 0xc5, 0x10, 0xc5, 0x10, 0xc5, 0x08,
    0xc4, 0x10, 0xc5, 0x10, 0xe5, 0x10, 0xc5, 0x10, 0xc5, 0x10, 0xc5, 0x10,
    0xe5, 0x10, 0xc5, 0x10, 0xc5, 0x10, 0xc5, 0x10, 0xe5, 0x10, 0xc5, 0x10,
    0xc5, 0x10, 0xc5, 0x10, 0xe5, 0x10, 0xc5, 0x08, 0xc5, 0x10, 0xc5, 0x10,
    0xe5, 0x10, 0xc4, 0x10, 0xc5, 0x10, 0xc5, 0x10, 0xc5, 0x10, 0xe5, 0x10,
    0xc5, 0x10, 0xc5, 0x08, 0xc5, 0x10, 0xe5, 0x10, 0xc5, 0x10, 0xc5, 0x10,
    0xc4, 0x08, 0xe5, 0x10, 0xc5, 0x10, 0xc5, 0x10, 0xc4, 0x10, 0xc5, 0x10,
    0xe4, 0x10, 0xc4, 0x10, 0xe5, 0x10, 0xc5, 0x10, 0xc4, 0x10, 0xe5, 0x10,
    0xc5, 0x08, 0xc5, 0x10, 0xe5, 0x10, 0xc4, 0x08, 0xc5, 0x10, 0xe5, 0x10,
    0xc5, 0x10, 0xc5, 0x10, 0xc5, 0x10, 0xc4, 0x10, 0xc5, 0x10, 0xc5, 0x08,
    0xc4, 0x10, 0xc5, 0x10, 0xc5, 0x10, 0xc4, 0x10, 0xc5, 0x10, 0xc5, 0x10,
    0xc4, 0x10, 0xe5, 0x10, 0xc5, 0x10, 0xc5, 0x10, 0xc5, 0x10, 0xc4, 0x08,
    0xe5, 0x10, 0xc5, 0x10, 0xc4, 0x10, 0xe5, 0x10, 0xc5, 0x10, 0xc5, 0x10,
    0xc5, 0x10, 0xc4, 0x10, 0xc5, 0x10, 0xc4, 0x10, 0xc4, 0x10, 0xe5, 0x10,
    0xc4, 0x10, 0xc5, 0x10, 0xc5, 0x10, 0xc5, 0x10, 0xe4, 0x10, 0xc5, 0x10,
    0xc5, 0x10, 0xc4, 0x10, 0xe4, 0x10, 0xc5, 0x10, 0xc5, 0x10, 0xe5, 0x10,
    0xc4, 0x08, 0xc4, 0x10, 0xc5, 0x10, 0xe5, 0x10, 0xc5, 0x10, 0xc5, 0x10,
    0xc5, 0x08, 0xc5, 0x10, 0xc5, 0x10, 0xc5, 0x10, 0xc5, 0x10, 0xc5, 0x10,
    0xc4, 0x10, 0xe5, 0x10, 0xc4, 0x10, 0xc4, 0x10, 0xe5, 0x10, 0xc4, 0x10,
    0xc5, 0x10, 0xc5, 0x10, 0xc5, 0x10, 0xc5, 0x10, 0xe5, 0x08, 0xc5, 0x10,
    0xc4, 0x10, 0xe5, 0x10, 0xc5, 0x10, 0xc5, 0x10, 0xc4, 0x10, 0xe5, 0x10,
    0xc5, 0x10, 0xc4, 0x10, 0xc5, 0x08, 0xe5, 0x10, 0xc5, 0x10, 0xc4, 0x08,
    0xe5, 0x10, 0xe5, 0x10, 0xc5, 0x10, 0xe5, 0x10, 0xc5, 0x10, 0xc5, 0x10,
    0xc5, 0x08, 0xc5, 0x10, 0xc5, 0x10, 0xc4, 0x10, 0xe5, 0x10, 0xe5, 0x10,
    0xc5, 0x08, 0xc5, 0x10, 0xc5, 0x10, 0xc4, 0x08, 0xc5, 0x10, 0xe5, 0x10,
    0xc5, 0x10, 0xc4, 0x10, 0xc5, 0x10, 0xe5, 0x10, 0xc4, 0x10, 0xc5, 0x08,
    0xc5, 0x10, 0xe4, 0x10, 0xc5, 0x08, 0xc5, 0x10, 0xc5, 0x10, 0xc4, 0x10,
    0xe4, 0x10, 0xc5, 0x10, 0xc5, 0x10, 0xe4, 0x10, 0xe5, 0x08, 0xc5, 0x10,
    0xc4, 0x10, 0xc5, 0x10, 0xe5, 0x10, 0xc5, 0x10, 0xc4, 0x10, 0xe5, 0x10,
    0xc5, 0x10, 0xc5, 0x10, 0xc5, 0x10, 0xc5, 0x10, 0xe5, 0x10, 0xc4, 0x08,
    0xc5, 0x10, 0xc4, 0x10, 0xc5, 0x10, 0xe5, 0x10, 0xc4, 0x08, 0xc5, 0x10,
    0xc4, 0x10, 0xc5, 0x10, 0xe5, 0x10, 0xc4, 0x08, 0xc5, 0x10, 0xe5, 0x10,
    0xc5, 0x10, 0xc4, 0x10, 0xe5, 0x10, 0xc5, 0x08, 0xc5, 0x10, 0xc5, 0x10,
    0xc5, 0x10, 0xe4, 0x08, 0xc5, 0x10, 0xc5, 0x10, 0xe4, 0x10, 0xc5, 0x10,
    0xc5, 0x10, 0xc5, 0x10, 0xc4, 0x08, 0xc5, 0x10, 0xc5, 0x10, 0xe5, 0x10,
    0xc5, 0x10, 0xc5, 0x10, 0xc5, 0x08, 0xc5, 0x10, 0xe5, 0x10, 0xc5, 0x10,
    0xe5, 0x10, 0xe5, 0x10, 0xc4, 0x10, 0xe5, 0x10, 0xc5, 0x10, 0xc4, 0x10,
    0xc5, 0x10, 0xe4, 0x10, 0xc4, 0x08, 0xc5, 0x10, 0xc5, 0x10, 0xc4, 0x10,
    0xe5, 0x10, 0xc5, 0x10, 0xc5, 0x10, 0xc5, 0x10, 0xc5, 0x08, 0xc5, 0x10,
    0xe4, 0x10, 0xc5, 0x10, 0xc5, 0x10, 0xc4, 0x10, 0xc5, 0x08, 0xe5, 0x10,
    0xe5, 0x10, 0xc5, 0x08, 0xe4, 0x10, 0xc5, 0x10, 0xc5, 0x10, 0xe5, 0x10,
    0xc4, 0x10, 0xe5, 0x10, 0xc5, 0x08, 0xc4, 0x10, 0xc5, 0x10, 0xe5, 0x10,
    0xc4, 0x08, 0xc4, 0x10, 0xc5, 0x10, 0xe5, 0x10, 0xc5, 0x10, 0xc4, 0x10,
    0xc5, 0x10, 0xc4, 0x10, 0xc5, 0x10, 0xc5, 0x10, 0xc4, 0x10, 0xe5, 0x10,
    0xc5, 0x08, 0xc4, 0x10, 0xe5, 0x10, 0xe4, 0x10, 0xc5, 0x08, 0xc5, 0x10,
    0xe4, 0x10, 0xc4, 0x10, 0xe4, 0x10, 0xc5, 0x10, 0xc5, 0x10, 0xc5, 0x10,
    0xe5, 0x10, 0xc5, 0x10, 0xe5, 0x10, 0xc4, 0x10, 0xc5, 0x10, 0xe5, 0x08,
    0xc5, 0x10, 0xc5, 0x10, 0xc5, 0x10, 0xe5, 0x10, 0xc5, 0x10, 0xc5, 0x10,
    0xc5, 0x10, 0xc4, 0x10, 0xc5, 0x10, 0xc5, 0x10, 0xc4, 0x10, 0xc5, 0x10,
    0xc4, 0x08, 0xc4, 0x10, 0xc5, 0x10, 0xe5, 0x10, 0xc4, 0x10, 0xc5, 0x10,
    0xe5, 0x10, 0xc4, 0x10, 0xc5, 0x10, 0xe5, 0x10, 0xc4, 0x08, 0xc5, 0x10,
    0xe5, 0x10, 0xc5, 0x10, 0xc5, 0x10, 0xe4, 0x10, 0xc5, 0x10, 0xc5, 0x10,
    0xc4, 0x10, 0xc5, 0x10, 0xc5, 0x10, 0xc5, 0x10, 0xc5, 0x08, 0xe4, 0x10,
    0xc5, 0x10, 0xc5, 0x10, 0xe5, 0x08, 0xc5, 0x10, 0xc5, 0x10, 0xe5, 0x10,
    0xc5, 0x10, 0xc5, 0x10, 0xc5, 0x08, 0xc4, 0x10, 0xc5, 0x10, 0xc5, 0x10,
    0xc4, 0x08, 0xe5, 0x10, 0xc5, 0x10, 0xc5, 0x08, 0xc5, 0x10, 0xe4, 0x10,
    0xc5, 0x10, 0xc5, 0x10, 0xe5, 0x10, 0xc5, 0x08, 0xc4, 0x10, 0xc4, 0x10,
    0xe5, 0x10, 0xe4, 0x10, 0xc5, 0x10, 0xc5, 0x08, 0xe4, 0x10, 0xc5, 0x10,
    0xc5, 0x10, 0xc5, 0x10, 0xc5, 0x10, 0xe5, 0x10, 0xc5, 0x08, 0xc5, 0x10,
    0xc5, 0x10, 0xe4, 0x10, 0xc5, 0x10, 0xc5, 0x10, 0xc4, 0x10, 0xc5, 0x10,
    0xe5, 0x10, 0xc5, 0x10, 0xc5, 0x10, 0xc4, 0x10, 0xe5, 0x08, 0xc4, 0x10,
    0xc5, 0x10, 0xc5, 0x10, 0xe5, 0x10, 0xc5, 0x10, 0xc4, 0x10, 0xc5, 0x10,
    0xc5, 0x10, 0xc5, 0x08, 0xc4, 0x10, 0xc5, 0x10, 0xe5, 0x10, 0xc4, 0x10,
    0xe4, 0x10, 0xe5, 0x10, 0xc5, 0x10, 0xc5, 0x10, 0xc4, 0x10, 0xc5, 0x10,
    0xc4, 0x10, 0xc4, 0x10, 0xc5, 0x10, 0xc5, 0x10, 0xe5, 0x10, 0xc5, 0x10,
    0xc4, 0x10, 0xc5, 0x10, 0xe5, 0x08, 0xc5, 0x10, 0xc5, 0x10, 0xc4, 0x10,
    0xe5, 0x10, 0xc5, 0x10, 0xc4, 0x10, 0xe5, 0x10, 0xe5, 0x10, 0xc5, 0x10,
    0xc5, 0x10, 0xc4, 0x08, 0xc5, 0x10, 0xc5, 0x10, 0xc5, 0x10, 0xe4, 0x10,
    0xc5, 0x08, 0xc5, 0x10, 0xc5, 0x10, 0xc4, 0x10, 0xe5, 0x10, 0xc5, 0x08,
    0xc5, 0x10, 0xe4, 0x10, 0xc4, 0x10, 0xc5, 0x10, 0xe4, 0x10, 0xc5, 0x10,
    0xc5, 0x10, 0xc5, 0x10, 0xe4, 0x10, 0xc5, 0x10, 0xc4, 0x10, 0xe5, 0x10,
    0xc5, 0x10, 0xc4, 0x10, 0xc5, 0x10, 0xe5, 0x10, 0xc5, 0x10, 0xc5, 0x10,
    0xc5, 0x10, 0xc5, 0x10, 0xe5, 0x10, 0xc4, 0x10, 0xc4, 0x10, 0xc5, 0x10,
    0xe4, 0x10, 0xc5, 0x10, 0xc5, 0x10, 0xe4, 0x10, 0xc5, 0x08, 0xc5, 0x10,
    0xc5, 0x10, 0xc4, 0x10, 0xe5, 0x10, 0xc5, 0x10, 0xc5, 0x10, 0xe5, 0x08,
    0xc4, 0x10, 0xc5, 0x10, 0xc5, 0x10, 0xe4, 0x10, 0xc4, 0x08, 0xc5, 0x10,
    0xc5, 0x10, 0xc4, 0x10, 0xc5, 0x10, 0xc5, 0x08, 0xe5, 0x10, 0xc5, 0x10,
    0xc5, 0x10, 0xe5, 0x10, 0xc5, 0x10, 0xc5, 0x10, 0xc4, 0x10, 0xe5, 0x10,
    0xc5, 0x10, 0xc5, 0x08, 0xe5, 0x10, 0xc5, 0x10, 0xc4, 0x10, 0xc4, 0x10,
    0xc5, 0x10, 0xe4, 0x10, 0xc5, 0x10, 0xc5, 0x10, 0xc5, 0x10, 0xc5, 0x10,
    0xc5, 0x10, 0xc4, 0x10, 0xc5, 0x10, 0xc4, 0x08, 0xe5, 0x10, 0xc5, 0x10,
    0xc5, 0x10, 0xc5, 0x10, 0xc5, 0x10, 0xc4, 0x10, 0xe5, 0x10, 0xc5, 0x10,
    0xc5, 0x10, 0xc5, 0x10, 0xe4, 0x10, 0xc5, 0x08, 0xc4, 0x10, 0xc5, 0x10,
    0xc5, 0x10, 0xc5, 0x10, 0xe4, 0x10, 0xc5, 0x10, 0xc4, 0x10, 0xe5, 0x10,
    0xc5, 0x10, 0xc5, 0x10, 0xc5, 0x10, 0xc5, 0x10, 0xc4, 0x10, 0xe5, 0x10,
    0xc5, 0x10, 0xc5, 0x10, 0xc5, 0x10, 0xc4, 0x10, 0xc5, 0x08, 0xe5, 0x10,
    0xc4, 0x10, 0xc5, 0x10, 0xc4, 0x10, 0xc5, 0x08, 0xe5, 0x10, 0xc5, 0x10,
    0xc4, 0x10, 0xc5, 0x10, 0xc5, 0x08, 0xc4, 0x10, 0xc5, 0x10, 0xc5, 0x08,
    0xe4, 0x10, 0xc5, 0x10, 0xc5, 0x10, 0xc4, 0x10, 0xe5, 0x10, 0xc5, 0x10,
    0xc5, 0x10, 0xe5, 0x10, 0xe4, 0x08, 0xc5, 0x10, 0xe5, 0x10, 0xc4, 0x10,
    0xc5, 0x10, 0xe5, 0x08, 0xc4, 0x10, 0xc5, 0x10, 0xc5, 0x10, 0xc4, 0x10,
    0xe5, 0x10, 0xc4, 0x10, 0xc5, 0x08, 0xe5, 0x10, 0xc4, 0x10, 0xe5, 0x10,
    0xc5, 0x10, 0xc4, 0x08, 0xe5, 0x10, 0xc5, 0x10, 0xc4, 0x10, 0xc5, 0x10,
    0xe5, 0x10, 0xc4, 0x10, 0xc5, 0x10, 0xc5, 0x10, 0xe5, 0x10, 0xc5, 0x08,
    0xc4, 0x10, 0xc5, 0x10, 0xe5, 0x10, 0xe4, 0x10, 0xc5, 0x10, 0xc5, 0x10,
    0xe5, 0x10, 0xc5, 0x10, 0xc5, 0x10, 0xe4, 0x10, 0xc5, 0x10, 0xc5, 0x10,
    0xc5, 0x10, 0xc5, 0x10, 0xc4, 0x10, 0xc5, 0x10, 0xe5, 0x10, 0xc5, 0x10,
    0xc5, 0x10, 0xc5, 0x10, 0xe4, 0x10, 0xc5, 0x10, 0xc4, 0x10, 0xe5, 0x10,
    0xc5, 0x08, 0xc5, 0x10, 0xc4, 0x10, 0xc5, 0x10, 0xc5, 0x10, 0xe5, 0x10,
    0xc4, 0x10, 0xc5, 0x08, 0xe5, 0x10, 0xc4, 0x10, 0xc5, 0x10, 0xe4, 0x10,
    0xc5, 0x10, 0xc5, 0x08, 0xc4, 0x10, 0xe5, 0x10, 0xc5, 0x10, 0xc5, 0x10,
    0xc4, 0x10, 0xe5, 0x10, 0xc5, 0x10, 0xc4, 0x10, 0xc5, 0x10, 0xe5, 0x10,
    0xc4, 0x10, 0xc5, 0x10, 0xc5, 0x10, 0xc4, 0x10, 0xc5, 0x08, 0xc5, 0x10,
    0xc5, 0x10, 0xc5, 0x10, 0xc4, 0x08, 0xe5, 0x10, 0xc5, 0x10, 0xc5, 0x08,
    0xc5, 0x10, 0xc5, 0x10, 0xe5, 0x10, 0xe5, 0x10, 0xc5, 0x10, 0xc4, 0x10,
    0xc5, 0x08, 0xe5, 0x10, 0xc5, 0x10, 0xc4, 0x10, 0xc5, 0x10, 0xe5, 0x10,
    0xc5, 0x10, 0xc5, 0x10, 0xc5, 0x10, 0xc5, 0x10, 0xc4, 0x10, 0xc5, 0x08,
    0xe5, 0x10, 0xc5, 0x10, 0xe5, 0x10, 0xc5, 0x10, 0xc4, 0x10, 0xc5, 0x10,
    0xe5, 0x10, 0xc5, 0x10, 0xc4, 0x10, 0xe5, 0x08, 0xc5, 0x10, 0xc5, 0x10,
    0xc4, 0x10, 0xe5, 0x10, 0xc5, 0x08, 0xc5, 0x10, 0xc5, 0x10, 0xc5, 0x10,
    0xc5, 0x10, 0xe5, 0x10, 0xc5, 0x08, 0xc5, 0x10, 0xc5, 0x10, 0xc5, 0x10,
    0xe5, 0x08, 0xc5, 0x10, 0xe5, 0x10, 0xc4, 0x10, 0xc5, 0x10, 0xe4, 0x10,
    0xc4, 0x08, 0xc5, 0x10, 0xc5, 0x10, 0xc5, 0x10, 0xc5, 0x10, 0xe5, 0x08,
    0xc5, 0x10, 0xc5, 0x10, 0xe5, 0x10, 0xc5, 0x10, 0xc5, 0x10, 0xc5, 0x10,
    0xe4, 0x08, 0xe5, 0x10, 0xc5, 0x10, 0xe5, 0x10, 0xc4, 0x10, 0xc4, 0x10,
    0xc5, 0x10, 0xc5, 0x10, 0xe5, 0x10, 0xc5, 0x10, 0xc5, 0x10, 0xc5, 0x10,
    0xc4, 0x10, 0xc5, 0x08, 0xc5, 0x10, 0xc4, 0x10, 0xc4, 0x10, 0xc5, 0x10,
    0xe4, 0x10, 0xc5, 0x08, 0xc5, 0x10, 0xc4, 0x10, 0xe5, 0x08, 0xc5, 0x10,
    0xc5, 0x10, 0xe4, 0x10, 0xc4, 0x10, 0xc5, 0x10, 0xe5, 0x10, 0xe5, 0x10,
    0xc5, 0x10, 0xc5, 0x08, 0xc5, 0x10, 0xe5, 0x10, 0xe4, 0x10, 0xc5, 0x10,
    0xc4, 0x10, 0xc5, 0x10, 0xc5, 0x10, 0xe5, 0x10, 0xc5, 0x10, 0xc4, 0x10,
    0xc4, 0x08, 0xe5, 0x10, 0xc5, 0x10, 0xc5, 0x10, 0xe5, 0x08, 0xc4, 0x10,
    0xc5, 0x10, 0xc5, 0x10, 0xe5, 0x10, 0xc5, 0x10, 0xc5, 0x10, 0xe5, 0x10,
    0xc5, 0x10, 0xc5, 0x10, 0xc5, 0x10, 0xe5, 0x08, 0xc5, 0x10, 0xc5, 0x10,
    0xc4, 0x10, 0xe4, 0x10, 0xc5, 0x08, 0xc5, 0x10, 0xc5, 0x10, 0xc5, 0x10,
    0xc5, 0x10, 0xc5, 0x08, 0xe5, 0x10, 0xc5, 0x10, 0xe4, 0x10, 0xc5, 0x10,
    0xc4, 0x10, 0xc5, 0x10, 0xc5, 0x10, 0xe5, 0x10, 0xc5, 0x10, 0xc4, 0x10,
    0xc5, 0x10, 0xc5, 0x10, 0xe5, 0x10, 0xc4, 0x10, 0xc5, 0x10, 0xe4, 0x10,
    0xc5, 0x10, 0xc5, 0x10, 0xe5, 0x08, 0xe5, 0x10, 0xc5, 0x10, 0xe5, 0x10,
    0xc4, 0x10, 0xc5, 0x10, 0xc5, 0x10, 0xc5, 0x10, 0xc5, 0x10, 0xc5, 0x08,
    0xe5, 0x10, 0xc5, 0x10, 0xc5, 0x10, 0xe5, 0x10, 0xc5, 0x10, 0xc5, 0x10,
    0xc5, 0x08, 0xc5, 0x10, 0xc4, 0x10, 0xc5, 0x10, 0xc5, 0x08, 0xc5, 0x10,
    0xe5, 0x10, 0xc5, 0x10, 0xc5, 0x10, 0xe5, 0x10, 0xc4, 0x10, 0xe5, 0x10,
    0xc5, 0x08, 0xc5, 0x10, 0xc5, 0x10, 0xe4, 0x10, 0xc4, 0x10, 0xc5, 0x10,
    0xc5, 0x10, 0xe4, 0x10, 0xc5, 0x10, 0xc5, 0x10, 0xc5, 0x08, 0xe5, 0x10,
    0xc4, 0x10, 0xc5, 0x10, 0xc5, 0x08, 0xc5, 0x10, 0xe5, 0x10, 0xc4, 0x10,
    0xc5, 0x08, 0xe5, 0x10, 0xe5, 0x10, 0xc4, 0x10, 0xc5, 0x10, 0xe5, 0x10,
    0xc5, 0x08, 0xc5, 0x10, 0xc5, 0x10, 0xe5, 0x10, 0xc5, 0x10, 0xc5, 0x10,
    0xe5, 0x10, 0xc4, 0x10, 0xe5, 0x08, 0xe5, 0x10, 0xc5, 0x10, 0xc4, 0x10,
    0xe5, 0x10, 0xc5, 0x10, 0xc4, 0x10, 0xc5, 0x10, 0xe5, 0x08, 0xc5, 0x10,
    0xc5, 0x10, 0xc4, 0x10, 0xe5, 0x10, 0xc5, 0x10, 0xc5, 0x10, 0xc5, 0x10,
    0xe5, 0x10, 0xc5, 0x08, 0xc5, 0x10, 0xe4, 0x10, 0xc5, 0x08, 0xc5, 0x10,
    0xe5, 0x10, 0xc5, 0x10, 0xe4, 0x10, 0xe5, 0x10, 0xc5, 0x10, 0xe5, 0x10,
    0xc5, 0x10, 0xc5, 0x10, 0xc4, 0x10, 0xc5, 0x10, 0xe5, 0x10, 0xc5, 0x10,
    0xe4, 0x10, 0xe5, 0x10, 0xc5, 0x10, 0xc4, 0x08, 0xc4, 0x10, 0xc5, 0x10,
    0xe5, 0x10, 0xc5, 0x10, 0xc4, 0x10, 0xc5, 0x10, 0xe5, 0x10, 0xc5, 0x08,
    0xc5, 0x10, 0xc4, 0x10, 0xe5, 0x08, 0xc5, 0x10, 0xc5, 0x10, 0xc4, 0x10,
    0xc5, 0x10, 0xc5, 0x10, 0xc5, 0x10, 0xe4, 0x08, 0xc5, 0x10, 0xc5, 0x10,
    0xc5, 0x10, 0xc4, 0x10, 0xe5, 0x10, 0xc5, 0x10, 0xc5, 0x10, 0xe4, 0x10,
    0xc5, 0x10, 0xc5, 0x10, 0xe5, 0x10, 0xc5, 0x10, 0xe4, 0x10, 0xc5, 0x08,
    0xc4, 0x10, 0xe4, 0x10, 0xc5, 0x10, 0xc5, 0x10, 0xe5, 0x10, 0xc5, 0x10,
    0xc4, 0x10, 0xc5, 0x10, 0xc5, 0x10, 0xc4, 0x08, 0xc5, 0x10, 0xc5, 0x10,
    0xc5, 0x10, 0xe5, 0x10, 0xe4, 0x08, 0xc5, 0x10, 0xc5, 0x10, 0xe5, 0x10,
    0xc4, 0x10, 0xc5, 0x10, 0xc5, 0x08, 0xc4, 0x10, 0xe5, 0x10, 0xc5, 0x10,
    0xc4, 0x10, 0xc5, 0x10, 0xc5, 0x08, 0xc4, 0x10, 0xc5, 0x10, 0xe5, 0x10,
    0xc5, 0x10, 0xc4, 0x08, 0xe4, 0x10, 0xc5, 0x10, 0xc5, 0x10, 0xe4, 0x10,
    0xe5, 0x10, 0xc5, 0x10, 0xe5, 0x10, 0xe5, 0x10, 0xc5, 0x08, 0xc5, 0x10,
    0xc5, 0x10, 0xc4, 0x10, 0xc5, 0x10, 0xe5, 0x10, 0xc5, 0x10, 0xc5, 0x10,
    0xc4, 0x10, 0xc5, 0x10, 0xc5, 0x10, 0xc4, 0x08, 0xc5, 0x10, 0xc5, 0x10,
    0xc5, 0x10, 0xc5, 0x10, 0xe5, 0x10, 0xc4, 0x10, 0xc5, 0x08, 0xe5, 0x10,
    0xc5, 0x10, 0xc5, 0x08, 0xe5, 0x10, 0xc5, 0x10, 0xc4, 0x10, 0xc5, 0x10,
    0xe5, 0x10, 0xc5, 0x10, 0xe4, 0x10, 0xc4, 0x10, 0xc5, 0x10, 0xc5, 0x10,
    0xc4, 0x10, 0xe5, 0x08, 0xc5, 0x10, 0xc5, 0x10, 0xc5, 0x10, 0xc4, 0x08,
    0xc5, 0x10, 0xc4, 0x10, 0xe5, 0x10, 0xc5, 0x10, 0xc4, 0x10, 0xc5, 0x10,
    0xc5, 0x08, 0xc5, 0x10, 0xe5, 0x10, 0xc4, 0x10, 0xe5, 0x10, 0xc5, 0x08,
    0xc4, 0x10, 0xe4, 0x10, 0xc5, 0x10, 0xc5, 0x10, 0xc5, 0x10, 0xc5, 0x10,
    0xc5, 0x08, 0xc5, 0x10, 0xe5, 0x10, 0xc4, 0x10, 0xc5, 0x10, 0xc5, 0x10,
    0xe5, 0x10, 0xe5, 0x08, 0xc4, 0x10, 0xe5, 0x10, 0xc5, 0x10, 0xc5, 0x10,
    0xc5, 0x10, 0xc5, 0x10, 0xc4, 0x10, 0xc5, 0x10, 0xc5, 0x10, 0xc4, 0x08,
    0xe5, 0x10, 0xc5, 0x10, 0xc5, 0x10, 0xc5, 0x10, 0xc4, 0x10, 0xc5, 0x10,
    0xc5, 0x10, 0xc4, 0x10, 0xc5, 0x10, 0xe5, 0x08, 0xc4, 0x10, 0xe5, 0x10,
    0xc5, 0x10, 0xc5, 0x10, 0xe5, 0x10, 0xe5, 0x10, 0xc5, 0x10, 0xc4, 0x10,
    0xc5, 0x10, 0xe5, 0x10, 0xc4, 0x10, 0xc5, 0x10, 0xc5, 0x08, 0xc5, 0x10,
    0xc4, 0x10, 0xc5, 0x10, 0xe5, 0x10, 0xc5, 0x08, 0xc5, 0x10, 0xc5, 0x10,
    0xe4, 0x10, 0xc5, 0x08, 0xc5, 0x10, 0xc5, 0x10, 0xc5, 0x10, 0xc4, 0x10,
    0xc4, 0x10, 0xc5, 0x10, 0xe5, 0x10, 0xc4, 0x10, 0xc5, 0x10, 0xc5, 0x10,
    0xc4, 0x10, 0xc5, 0x10, 0xc4, 0x10, 0xc5, 0x08, 0xc5, 0x10, 0xc4, 0x10,
    0xe5, 0x10, 0xc4, 0x10, 0xc5, 0x08, 0xc5, 0x10, 0xc4, 0x10, 0xc5, 0x08,
    0xc4, 0x10, 0xc5, 0x10, 0xc5, 0x10, 0xc5, 0x10, 0xc4, 0x10, 0xc5, 0x08,
    0xc5, 0x10, 0xc5, 0x10, 0xc5, 0x10, 0xe5, 0x10, 0xc5, 0x10, 0xc5, 0x10,
    0xc4, 0x10, 0xe5, 0x10, 0xc5, 0x10, 0xc5, 0x08, 0xc4, 0x10, 0xe5, 0x10,
    0xc5, 0x10, 0xc4, 0x10, 0xc5, 0x10, 0xc5, 0x10, 0xc5, 0x10, 0xe5, 0x10,
    0xc4, 0x10, 0xc5, 0x08, 0xc5, 0x10, 0xc5, 0x10, 0xc5, 0x10, 0xc4, 0x10,
    0xe4, 0x08, 0xc5, 0x10, 0xe5, 0x10, 0xc5, 0x10, 0xc5, 0x10, 0xc4, 0x10,
    0xc5, 0x10, 0xc5, 0x08, 0xc4, 0x10, 0xc5, 0x10, 0xc5, 0x10, 0xe5, 0x10,
    0xc5, 0x10, 0xc4, 0x10, 0xc5, 0x10, 0xe5, 0x08, 0xc4, 0x10, 0xc4, 0x10,
    0xe5, 0x10, 0xc5, 0x10, 0xc4, 0x10, 0xe5, 0x10, 0xc4, 0x10, 0xe5, 0x10,
    0xc5, 0x10, 0xc4, 0x10, 0xe4, 0x10, 0xc5, 0x10, 0xc5, 0x10, 0xe5, 0x10,
    0xc4, 0x08, 0xc5, 0x10, 0xc5, 0x10, 0xc5, 0x10, 0xc4, 0x10, 0xc5, 0x10,
    0xc5, 0x10, 0xc5, 0x08, 0xc5, 0x10, 0xc4, 0x10, 0xc5, 0x10, 0xe5, 0x10,
    0xc5, 0x10, 0xc5, 0x10, 0xc5, 0x10, 0xc4, 0x10, 0xc4, 0x08, 0xe5, 0x10,
    0xc5, 0x10, 0xc4, 0x10, 0xc5, 0x10, 0xe5, 0x10, 0xc5, 0x10, 0xe5, 0x10,
    0xc5, 0x10, 0xc5, 0x10, 0xc5, 0x10, 0xe4, 0x10, 0xc5, 0x10, 0xc4, 0x10,
    0xc5, 0x10, 0xc5, 0x10, 0xe4, 0x10, 0xc5, 0x10, 0xc4, 0x10, 0xe5, 0x10,
    0xc5, 0x10, 0xc5, 0x10, 0xc5, 0x10, 0xc5, 0x10, 0xc5, 0x10, 0xc5, 0x08,
    0xe5, 0x10, 0xc5, 0x10, 0xc5, 0x10, 0xc4, 0x10, 0xc5, 0x08, 0xc5, 0x10,
    0xc5, 0x10, 0xc5, 0x10, 0xc4, 0x10, 0xc5, 0x10, 0xe5, 0x10, 0xc5, 0x10,
    0xe5, 0x10, 0xc5, 0x10, 0xc5, 0x10, 0xe5, 0x10, 0xc4, 0x10, 0xc5, 0x10,
    0xc5, 0x08, 0xe5, 0x10, 0xc5, 0x10, 0xe5, 0x10, 0xc4, 0x10, 0xc5, 0x10,
    0xc5, 0x08, 0xe4, 0x10, 0xc4, 0x10, 0xc5, 0x10, 0xc5, 0x10, 0xc5, 0x10,
    0xc4, 0x10, 0xe5, 0x10, 0xc5, 0x10, 0xc4, 0x10, 0xc5, 0x08, 0xe5, 0x10,
    0xc5, 0x10, 0xc5, 0x10, 0xc5, 0x08, 0xc5, 0x10, 0xe5, 0x10, 0xc5, 0x10,
    0xc5, 0x10, 0xe4, 0x10, 0xc5, 0x10, 0xc4, 0x10, 0xe4, 0x10, 0xe5, 0x10,
    0xc5, 0x10, 0xc5, 0x10, 0xc4, 0x10, 0xc5, 0x10, 0xc5, 0x10, 0xe5, 0x10,
    0xc5, 0x10, 0xe5, 0x10, 0xc5, 0x10, 0xc5, 0x10, 0xc4, 0x10, 0xe5, 0x10,
    0xc5, 0x10, 0xc5, 0x10, 0xc5, 0x08, 0xc4, 0x10, 0xe5, 0x10, 0xc5, 0x10,
    0xe4, 0x10, 0xe5, 0x10, 0xc4, 0x08, 0xc5, 0x10, 0xc5, 0x10, 0xe4, 0x08,
    0xc5, 0x10, 0xc5, 0x10, 0xc4, 0x10, 0xc5, 0x10, 0xe5, 0x08, 0xc5, 0x10,
    0xe4, 0x10, 0xc5, 0x08, 0xe5, 0x10, 0xc4, 0x10, 0xc5, 0x10, 0xc5, 0x10,
    0xc5, 0x10, 0xc5, 0x10, 0xe4, 0x08, 0xc4, 0x10, 0xe5, 0x10, 0xe4, 0x10,
    0xc5, 0x10, 0xc5, 0x10, 0xc4, 0x10, 0xc5, 0x10, 0xc4, 0x10, 0xc5, 0x10,
    0xe4, 0x10, 0xc4, 0x10, 0xc5, 0x10, 0xc5, 0x10, 0xc4, 0x10, 0xe5, 0x10,
    0xc5, 0x10, 0xc4, 0x08, 0xc5, 0x10, 0xc5, 0x10, 0xe4, 0x10, 0xc5, 0x10,
    0xc5, 0x10, 0xe4, 0x10, 0xc5, 0x10, 0xc4, 0x10, 0xc5, 0x10, 0xe5, 0x10,
    0xc5, 0x10, 0xc5, 0x10, 0xc5, 0x10, 0xe4, 0x10, 0xc5, 0x10, 0xe5, 0x10,
    0xe5, 0x08, 0xc5, 0x10, 0xc4, 0x10, 0xe5, 0x10, 0xc5, 0x08, 0xe5, 0x10,
    0xc5, 0x10, 0xe5, 0x10, 0xc5, 0x10, 0xe5, 0x10, 0xc5, 0x10, 0xc4, 0x10,
    0xc5, 0x10, 0xc5, 0x10, 0xe4, 0x10, 0xc5, 0x10, 0xc5, 0x10, 0xe5, 0x10,
    0xc5, 0x10, 0xc4, 0x10, 0xe5, 0x10, 0xc5, 0x10, 0xc4, 0x10, 0xe5, 0x10,
    0xc5, 0x10, 0xc4, 0x08, 0xe5, 0x10, 0xc5, 0x10, 0xc4, 0x10, 0xc4, 0x10,
    0xc5, 0x08, 0xe5, 0x10, 0xc5, 0x10, 0xc4, 0x10, 0xc5, 0x10, 0xe4, 0x08,
    0xc5, 0x10, 0xc5, 0x10, 0xc4, 0x08, 0xe5, 0x10, 0xc5, 0x10, 0xc4, 0x10,
    0xc5, 0x10, 0xc5, 0x10, 0xe5, 0x10, 0xc4, 0x08, 0xc5, 0x10, 0xc5, 0x10,
    0xc5, 0x10, 0xc5, 0x10, 0xc4, 0x10, 0xe5, 0x10, 0xc4, 0x08, 0xe5, 0x10,
    0xc5, 0x10, 0xc5, 0x10, 0xc5, 0x10, 0xc5, 0x10, 0xe5, 0x10, 0xc5, 0x10,
    0xc4, 0x08, 0xc5, 0x10, 0xe5, 0x10, 0xc5, 0x10, 0xc5, 0x10, 0xc5, 0x10,
    0xc4, 0x08, 0xc5, 0x10, 0xe5, 0x10, 0xc5, 0x10, 0xc5, 0x08, 0xc5, 0x10,
    0xe5, 0x10, 0xc5, 0x08, 0xc5, 0x10, 0xc5, 0x10, 0xc5, 0x10, 0xc4, 0x10,
    0xe5, 0x10, 0xc5, 0x10, 0xe5, 0x08, 0xc4, 0x10, 0xc5, 0x10, 0xe5, 0x08,
    0xc5, 0x10, 0xe4, 0x10, 0xc5, 0x10, 0xc5, 0x08, 0xe4, 0x10, 0xc5, 0x10,
    0xc5, 0x10, 0xe5, 0x08, 0xc5, 0x10, 0xe5, 0x10, 0xc5, 0x10, 0xc5, 0x10,
    0xc4, 0x08, 0xe5, 0x10, 0xe5, 0x10, 0xc5, 0x10, 0xc4, 0x10, 0xc5, 0x10,
    0xe4, 0x08, 0xc4, 0x10, 0xc5, 0x10, 0xc5, 0x08, 0xc5, 0x10, 0xe5, 0x10,
    0xc5, 0x10, 0xc4, 0x08, 0xe5, 0x10, 0xc5, 0x10, 0xc5, 0x10, 0xc5, 0x08,
    0xc5, 0x10, 0xe4, 0x10, 0xc5, 0x10, 0xe4, 0x10, 0xe5, 0x10, 0xc5, 0x10,
    0xc4, 0x10, 0xe5, 0x10, 0xc5, 0x10, 0xc5, 0x10, 0xe5, 0x10, 0xc5, 0x10,
    0xc4, 0x10, 0xe5, 0x08, 0xc5, 0x10, 0xc4, 0x10, 0xc5, 0x10, 0xc4, 0x10,
    0xc4, 0x08, 0xe5, 0x10, 0xc5, 0x10, 0xc4, 0x08, 0xc5, 0x10, 0xc5, 0x10,
    0xe5, 0x10, 0xc4, 0x10, 0xc5, 0x10, 0xc5, 0x10, 0xe5, 0x10, 0xc5, 0x10,
    0xe4, 0x10, 0xc5, 0x10, 0xc5, 0x10, 0xc5, 0x08, 0xc5, 0x10, 0xc4, 0x10,
    0xe5, 0x10, 0xc4, 0x10, 0xc5, 0x10, 0xc5, 0x10, 0xe5, 0x10, 0xc5, 0x10,
    0xc4, 0x10, 0xc4, 0x10, 0xc5, 0x10, 0xc5, 0x10, 0xc5, 0x10, 0xe4, 0x08,
    0xc5, 0x10, 0xc5, 0x10, 0xc5, 0x10, 0xc5, 0x08, 0xc5, 0x10, 0xc5, 0x10,
    0xc5, 0x10, 0xc5, 0x10, 0xe5, 0x10, 0xc5, 0x08, 0xc4, 0x10, 0xe5, 0x10,
    0xc4, 0x10, 0xc4, 0x10, 0xc5, 0x08, 0xc4, 0x10, 0xe5, 0x10, 0xc5, 0x10,
    0xc4, 0x10, 0xe5, 0x10, 0xc5, 0x10, 0xc4, 0x10, 0xe5, 0x08, 0xc5, 0x10,
    0xc5, 0x10, 0xc5, 0x10, 0xc5, 0x10, 0xe5, 0x10, 0xc5, 0x10, 0xc5, 0x10,
    0xc4, 0x10, 0xc5, 0x10, 0xc5, 0x10, 0xc5, 0x10, 0xc5, 0x10, 0xc4, 0x10,
    0xc5, 0x10, 0xe5, 0x10, 0xc4, 0x10, 0xc5, 0x08, 0xc5, 0x10, 0xe5, 0x10,
    0xc4, 0x10, 0xc5, 0x10, 0xc5, 0x10, 0xc5, 0x10, 0xc5, 0x10, 0xc5, 0x08,
    0xe5, 0x10, 0xe5, 0x10, 0xc5, 0x08, 0xe5, 0x10, 0xc5, 0x10, 0xc5, 0x10,
    0xc5, 0x08, 0xc5, 0x10, 0xc5, 0x10, 0xc4, 0x08, 0xc5, 0x10, 0xe5, 0x10,
    0xc4, 0x10, 0xc5, 0x10, 0xe5, 0x10, 0xc4, 0x10, 0xc5, 0x10, 0xe5, 0x10,
    0xc5, 0x10, 0xc5, 0x08, 0xc5, 0x10, 0xc5, 0x10, 0xe4, 0x10, 0xc5, 0x10,
    0xc4, 0x08, 0xc5, 0x10, 0xc5, 0x10, 0xe4, 0x08, 0xc5, 0x10, 0xc5, 0x10,
    0xc5, 0x10, 0xc5, 0x10, 0xc5, 0x10, 0xc5, 0x10, 0xc4, 0x10, 0xc4, 0x10,
    0xe5, 0x08, 0xc4, 0x10, 0xc5, 0x10, 0xc5, 0x10, 0xe5, 0x10, 0xc5, 0x08,
    0xc5, 0x10, 0xc5, 0x10, 0xc5, 0x10, 0xe5, 0x10, 0xc4, 0x10, 0xc5, 0x10,
    0xe5, 0x10, 0xc5, 0x10, 0xe4, 0x08, 0xc5, 0x10, 0xc5, 0x10, 0xe5, 0x10,
    0xc5, 0x10, 0xe4, 0x10, 0xc5, 0x10, 0xc5, 0x10, 0xc5, 0x08, 0xe5, 0x10,
    0xc5, 0x10, 0xc5, 0x10, 0xc4, 0x10, 0xc5, 0x10, 0xe5, 0x10, 0xc5, 0x10,
    0xc4, 0x10, 0xc5, 0x10, 0xe5, 0x10, 0xc5, 0x10, 0xc5, 0x10, 0xc4, 0x08,
    0xe5, 0x10, 0xc5, 0x10, 0xc4, 0x10, 0xc5, 0x10, 0xe5, 0x10, 0xe4, 0x10,
    0xc5, 0x10, 0xc5, 0x10, 0xc5, 0x08, 0xc5, 0x10, 0xc5, 0x10, 0xc4, 0x10,
    0xe5, 0x10, 0xc5, 0x10, 0xe4, 0x10, 0xe5, 0x10, 0xc5, 0x08, 0xc4, 0x10,
    0xc5, 0x10, 0xe5, 0x10, 0xc5, 0x10, 0xc4, 0x10, 0xc5, 0x10, 0xe5, 0x10,
    0xc5, 0x10, 0xc5, 0x10, 0xc5, 0x10, 0xc5, 0x10, 0xc4, 0x10, 0xe5, 0x10,
    0xc4, 0x10, 0xc5, 0x10, 0xe5, 0x10, 0xc5, 0x10, 0xc4, 0x10, 0xe5, 0x08,
    0xc5, 0x10, 0xc5, 0x10, 0xc4, 0x10, 0xe5, 0x10, 0xc5, 0x10, 0xe5, 0x10,
    0xc4, 0x10, 0xc5, 0x10, 0xe4, 0x10, 0xc5, 0x10, 0xc5, 0x10, 0xc4, 0x10,
    0xc5, 0x10, 0xc4, 0x10, 0xc4, 0x10, 0xc5, 0x10, 0xe5, 0x10, 0xc5, 0x10,
    0xc5, 0x10, 0xc5, 0x10, 0xc5, 0x10, 0xc4, 0x08, 0xc5, 0x10, 0xc5, 0x10,
    0xc5, 0x10, 0xe5, 0x10, 0xc5, 0x10, 0xc5, 0x10, 0xc5, 0x10, 0xc4, 0x10,
    0xc5, 0x10, 0xe5, 0x10, 0xc5, 0x10, 0xc5, 0x10, 0xe5, 0x10, 0xc5, 0x10,
    0xc4, 0x10, 0xc5, 0x10, 0xe5, 0x08, 0xc5, 0x10, 0xc4, 0x10, 0xc5, 0x10,
    0xc5, 0x10, 0xc4, 0x10, 0xe5, 0x08, 0xc5, 0x10, 0xc5, 0x10, 0xe4, 0x10,
    0xc5, 0x10, 0xc5, 0x10, 0xe4, 0x10, 0xc5, 0x10, 0xc5, 0x08, 0xc5, 0x10,
    0xc5, 0x10, 0xc5, 0x10, 0xe4, 0x10, 0xc5, 0x10, 0xc5, 0x10, 0xe5, 0x10,
    0xc4, 0x10, 0xc5, 0x10, 0xc4, 0x10, 0xc5, 0x08, 0xc5, 0x10, 0xc4, 0x10,
    0xc5, 0x10, 0xe5, 0x10, 0xc5, 0x10, 0xc5, 0x10, 0xe4, 0x10, 0xe5, 0x10,
    0xc5, 0x08, 0xc5, 0x10, 0xc5, 0x10, 0xe4, 0x08, 0xc5, 0x10, 0xc5, 0x10,
    0xc5, 0x08, 0xc5, 0x10, 0xe4, 0x10, 0xe5, 0x10, 0xc5, 0x10, 0xc4, 0x10,
    0xc5, 0x10, 0xe5, 0x10, 0xc5, 0x10, 0xe4, 0x10, 0xc5, 0x10, 0xc5, 0x10,
    0xc5, 0x10, 0xc4, 0x10, 0xc5, 0x10, 0xe5, 0x10, 0xc4, 0x10, 0xc5, 0x10,
    0xc5, 0x08, 0xc5, 0x10, 0xe5, 0x10, 0xc5, 0x10, 0xc5, 0x10, 0xc5, 0x08,
    0xc5, 0x10, 0xe5, 0x10, 0xc5, 0x10, 0xc5, 0x10, 0xc5, 0x10, 0xc4, 0x10,
    0xc4, 0x10, 0xc5, 0x10, 0xc5, 0x10, 0xc4, 0x10, 0xc5, 0x10, 0xe4, 0x10,
    0xc5, 0x10, 0xc5, 0x10, 0xe4, 0x10, 0xe5, 0x08, 0xc4, 0x10, 0xc5, 0x10,
    0xc5, 0x10, 0xc5, 0x10, 0xc5, 0x10, 0xc5, 0x10, 0xe5, 0x10, 0xc4, 0x10,
    0xe5, 0x08, 0xe4, 0x10, 0xc5, 0x10, 0xe5, 0x10, 0xc5, 0x10, 0xc5, 0x10,
    0xc5, 0x10, 0xc4, 0x10, 0xc5, 0x10, 0xc5, 0x10, 0xc4, 0x10, 0xe5, 0x10,
    0xc5, 0x10, 0xc5, 0x10, 0xe5, 0x10, 0xe4, 0x10, 0xc5, 0x10, 0xc5, 0x08,
    0xc5, 0x10, 0xc5, 0x10, 0xe5, 0x10, 0xc5, 0x10, 0xc5, 0x08, 0xc5, 0x10,
    0xe4, 0x10, 0xc5, 0x10, 0xc5, 0x10, 0xe5, 0x08, 0xc5, 0x10, 0xc5, 0x10,
    0xc5, 0x10, 0xe4, 0x10, 0xc5, 0x10, 0xc5, 0x10, 0xc4, 0x10, 0xc5, 0x10,
    0xc4, 0x10, 0xc5, 0x10, 0xe4, 0x08, 0xc5, 0x10, 0xc5, 0x10, 0xc5, 0x10,
    0xc5, 0x10, 0xc5, 0x10, 0xc4, 0x08, 0xc5, 0x10, 0xc4, 0x10, 0xe4, 0x10,
    0xe5, 0x10, 0xc5, 0x10, 0xe5, 0x08, 0xc4, 0x10, 0xc5, 0x10, 0xc4, 0x08,
    0xc5, 0x10, 0xc5, 0x10, 0xc5, 0x10, 0xc5, 0x10, 0xc5, 0x08, 0xc4, 0x10,
    0xc5, 0x10, 0xc5, 0x10, 0xc5, 0x10, 0xc4, 0x10, 0xe5, 0x10, 0xc5, 0x10,
    0xe5, 0x10, 0xc4, 0x08, 0xc5, 0x10, 0xe5, 0x10, 0xc5, 0x10, 0xc5, 0x10,
    0xc5, 0x10, 0xe5, 0x10, 0xc5, 0x10, 0xc5, 0x10, 0xc4, 0x10, 0xe5, 0x10,
    0xc5, 0x10, 0xc4, 0x10, 0xe5, 0x10, 0xc5, 0x10, 0xc5, 0x10, 0xc5, 0x08,
    0xc5, 0x10, 0xe5, 0x10, 0xe4, 0x10, 0xc5, 0x10, 0xc5, 0x10, 0xc5, 0x10,
    0xc4, 0x10, 0xc5, 0x08, 0xc5, 0x10, 0xc4, 0x10, 0xc5, 0x10, 0xc4, 0x10,
    0xe5, 0x10, 0xc5, 0x10, 0xc5, 0x10, 0xc5, 0x08, 0xe4, 0x10, 0xc5, 0x10,
    0xe5, 0x10, 0xc4, 0x10, 0xc5, 0x10, 0xe4, 0x08, 0xc5, 0x10, 0xc5, 0x10,
    0xc5, 0x10, 0xc4, 0x10, 0xc5, 0x10, 0xe5, 0x10, 0xc4, 0x10, 0xc5, 0x10,
    0xc5, 0x10, 0xc5, 0x10, 0xc4, 0x10, 0xc5, 0x10, 0xc5, 0x10, 0xc4, 0x10,
    0xc5, 0x10, 0xc5, 0x10, 0xc5, 0x10, 0xc5, 0x10, 0xe5, 0x10, 0xc5, 0x10,
    0xc5, 0x08, 0xe5, 0x10, 0xc5, 0x10, 0xc5, 0x10, 0xc4, 0x08, 0xc4, 0x10,
    0xe5, 0x10, 0xc5, 0x10, 0xc4, 0x10, 0xc5, 0x10, 0xe5, 0x10, 0xe4, 0x10,
    0xc5, 0x10, 0xc5, 0x10, 0xe5, 0x10, 0xc4, 0x10, 0xe4, 0x10, 0xc5, 0x08,
    0xc5, 0x10, 0xc5, 0x10, 0xc4, 0x10, 0xc5, 0x08, 0xc4, 0x10, 0xe4, 0x10,
    0xc5, 0x10, 0xc5, 0x10, 0xc5, 0x10, 0xc4, 0x10, 0xc5, 0x10, 0xe5, 0x08,
    0xc4, 0x10, 0xc5, 0x10, 0xc5, 0x10, 0xc4, 0x10, 0xe4, 0x08, 0xc5, 0x10,
    0xc5, 0x10, 0xc5, 0x10, 0xc5, 0x10, 0xe5, 0x10, 0xc5, 0x10, 0xe4, 0x10,
    0xe5, 0x10, 0xc5, 0x08, 0xc4, 0x10, 0xc5, 0x10, 0xe5, 0x08, 0xc4, 0x10,
    0xc5, 0x10, 0xc5, 0x08, 0xe5, 0x10, 0xe5, 0x10, 0xc4, 0x10, 0xc5, 0x10,
    0xc5, 0x08, 0xc5, 0x10, 0xe5, 0x10, 0xc4, 0x10, 0xc5, 0x10, 0xc5, 0x10,
    0xc5, 0x10, 0xc5, 0x10, 0xe4, 0x10, 0xc5, 0x10, 0xc5, 0x10, 0xe4, 0x10,
    0xe5, 0x10, 0xc5, 0x10, 0xc5, 0x10, 0xc4, 0x08, 0xc5, 0x10, 0xc5, 0x10,
    0xc5, 0x10, 0xc5, 0x08, 0xc4, 0x10, 0xc5, 0x10, 0xe5, 0x10, 0xc5, 0x08,
    0xc5, 0x10, 0xc5, 0x10, 0xe4, 0x10, 0xc5, 0x10, 0xc5, 0x10, 0xc5, 0x10,
    0xe5, 0x10, 0xc5, 0x10, 0xc5, 0x10, 0xc4, 0x10, 0xe5, 0x10, 0xc4, 0x10,
    0xc5, 0x10, 0xc5, 0x08, 0xc4, 0x10, 0xe4, 0x10, 0xc5, 0x10, 0xc5, 0x10,
    0xe5, 0x10, 0xe5, 0x08, 0xc4, 0x10, 0xc5, 0x10, 0xe5, 0x08, 0xc5, 0x10,
    0xc5, 0x10, 0xe5, 0x08, 0xc5, 0x10, 0xc5, 0x10, 0xc5, 0x10, 0xe4, 0x10,
    0xe5, 0x08, 0xc4, 0x10, 0xc5, 0x10, 0xe5, 0x10, 0xc4, 0x10, 0xc5, 0x10,
    0xc5, 0x10, 0xc5, 0x10, 0xc5, 0x10, 0xc4, 0x10, 0xe5, 0x08, 0xc4, 0x10,
    0xc4, 0x10, 0xc5, 0x10, 0xc4, 0x10, 0xe5, 0x10, 0xc5, 0x08, 0xc5, 0x10,
    0xe4, 0x10, 0xc4, 0x08, 0xc5, 0x10, 0xc5, 0x10, 0xc5, 0x10, 0xc5, 0x10,
    0xe4, 0x10, 0xc5, 0x08, 0xc4, 0x10, 0xc5, 0x10, 0xe5, 0x10, 0xc5, 0x10,
    0xc4, 0x10, 0xc5, 0x10, 0xe4, 0x10, 0xc4, 0x10, 0xc5, 0x10, 0xc5, 0x10,
    0xe4, 0x10, 0xc5, 0x10, 0xe5, 0x10, 0xc5, 0x10, 0xc5, 0x10, 0xe5, 0x10,
    0xe5, 0x08, 0xc4, 0x10, 0xe5, 0x10, 0xc5, 0x10, 0xe5, 0x10, 0xe5, 0x10,
    0xc5, 0x10, 0xc5, 0x10, 0xe5, 0x10, 0xe5, 0x10, 0xc5, 0x10, 0xc5, 0x10,
    0xc4, 0x10, 0xc5, 0x10, 0xc4, 0x10, 0xc5, 0x10, 0xc5, 0x10, 0xe5, 0x10,
    0xc5, 0x10, 0xc4, 0x10, 0xc5, 0x10, 0xe5, 0x10, 0xc4, 0x10, 0xe5, 0x10,
    0xc5, 0x10, 0xc4, 0x08, 0xe5, 0x10, 0xe5, 0x10, 0xc4, 0x10, 0xc5, 0x10,
    0xc4, 0x10, 0xc5, 0x10, 0xe5, 0x10, 0xc5, 0x10, 0xc4, 0x10, 0xc4, 0x08,
    0xe5, 0x10, 0xc5, 0x10, 0xc4, 0x08, 0xc4, 0x10, 0xe5, 0x10, 0xc5, 0x10,
    0xc5, 0x10, 0xc5, 0x10, 0xc5, 0x08, 0xe4, 0x10, 0xc4, 0x10, 0xc5, 0x10,
    0xc5, 0x10, 0xc4, 0x10, 0xc5, 0x10, 0xc5, 0x10, 0xe4, 0x10, 0xe5, 0x08,
    0xc5, 0x10, 0xe5, 0x10, 0xc5, 0x10, 0xc5, 0x10, 0xc5, 0x10, 0xe5, 0x10,
    0xc5, 0x10, 0xc4, 0x08, 0xc4, 0x10, 0xe5, 0x10, 0xc5, 0x10, 0xc5, 0x10,
    0xc4, 0x08, 0xc5, 0x10, 0xe5, 0x10, 0xc5, 0x10, 0xc4, 0x10, 0xc5, 0x08,
    0xe5, 0x10, 0xc5, 0x10, 0xe4, 0x08, 0xc5, 0x10, 0xc5, 0x10, 0xe5, 0x10,
    0xc5, 0x10, 0xe4, 0x10, 0xe5, 0x08, 0xc5, 0x10, 0xc5, 0x10, 0xc4, 0x08,
    0xc5, 0x10, 0xe5, 0x10, 0xc5, 0x08, 0xc4, 0x10, 0xe5, 0x10, 0xc5, 0x10,
    0xc4, 0x10, 0xe5, 0x10, 0xc5, 0x10, 0xe5, 0x10, 0xc5, 0x10, 0xc5, 0x10,
    0xc5, 0x10, 0xe4, 0x08, 0xc5, 0x10, 0xe5, 0x10, 0xc5, 0x10, 0xc5, 0x08,
    0xc4, 0x10, 0xc5, 0x10, 0xc4, 0x08, 0xc5, 0x10, 0xc5, 0x10, 0xe5, 0x10,
    0xc5, 0x10, 0xc4, 0x10, 0xe5, 0x10, 0xc5, 0x10, 0xe5, 0x10, 0xc5, 0x10,
    0xc5, 0x08, 0xe4, 0x10, 0xc5, 0x10, 0xc5, 0x10, 0xe5, 0x10, 0xc5, 0x10,
    0xc5, 0x10, 0xe5, 0x10, 0xc5, 0x10, 0xc5, 0x10, 0xc5, 0x10, 0xc5, 0x10,
    0xc5, 0x10, 0xe5, 0x08, 0xc4, 0x10, 0xc5, 0x10, 0xc4, 0x10, 0xc5, 0x10,
    0xc5, 0x10, 0xc5, 0x10, 0xc5, 0x10, 0xe5, 0x10, 0xc5, 0x10, 0xc4, 0x10,
    0xe5, 0x10, 0xc5, 0x10, 0xc5, 0x10, 0xc4, 0x10, 0xc5, 0x10, 0xe5, 0x10,
    0xe5, 0x10, 0xc4, 0x10, 0xc4, 0x08, 0xe5, 0x10, 0xc5, 0x10, 0xc5, 0x08,
    0xc5, 0x10, 0xe4, 0x10, 0xc5, 0x10, 0xc5, 0x10, 0xc5, 0x10, 0xc5, 0x10,
    0xc4, 0x10, 0xe5, 0x10, 0xc5, 0x10, 0xc5, 0x10, 0xe5, 0x10, 0xe4, 0x10,
    0xc5, 0x10, 0xe5, 0x10, 0xc4, 0x10, 0xc5, 0x10, 0xc5, 0x10, 0xe4, 0x10,
    0xc5, 0x10, 0xc5, 0x10, 0xc5, 0x10, 0xc5, 0x08, 0xc4, 0x10, 0xe5, 0x10,
    0xc5, 0x10, 0xc4, 0x10, 0xc4, 0x10, 0xe5, 0x08, 0xc5, 0x10, 0xc5, 0x10,
    0xe4, 0x10, 0xe5, 0x10, 0xc5, 0x10, 0xc5, 0x10, 0xe5, 0x08, 0xc5, 0x10,
    0xc5, 0x10, 0xc5, 0x10, 0xc5, 0x10, 0xe5, 0x10, 0xc5, 0x10, 0xc4, 0x10,
    0xc5, 0x10, 0xc5, 0x10, 0xc4, 0x10, 0xc5, 0x10, 0xc5, 0x10, 0xc5, 0x10,
    0xc5, 0x10, 0xc5, 0x10, 0xe4, 0x10, 0xc5, 0x08, 0xc4, 0x10, 0xc5, 0x10,
    0xc5, 0x10, 0xc5, 0x10, 0xc4, 0x08, 0xc5, 0x10, 0xc5, 0x10, 0xc5, 0x10,
    0xe5, 0x10, 0xe5, 0x08, 0xc5, 0x10, 0xc4, 0x10, 0xe5, 0x10, 0xc5, 0x10,
    0xc5, 0x10, 0xe5, 0x10, 0xc5, 0x10, 0xc5, 0x10, 0xc5, 0x10, 0xe4, 0x10,
    0xc5, 0x10, 0xc5, 0x10, 0xc5, 0x10, 0xe4, 0x10, 0xc4, 0x10, 0xc5, 0x10,
    0xc5, 0x08, 0xe5, 0x10, 0xc5, 0x10, 0xc5, 0x10, 0xc5, 0x10, 0xe4, 0x10,
    0xc5, 0x08, 0xc5, 0x10, 0xc5, 0x10, 0xe4, 0x08, 0xc5, 0x10, 0xc5, 0x10,
    0xc5, 0x10, 0xc5, 0x10, 0xc5, 0x10, 0xc4, 0x10, 0xc4, 0x10, 0xc5, 0x08,
    0xc4, 0x10, 0xe4, 0x10, 0xc5, 0x10, 0xc4, 0x10, 0xc5, 0x10, 0xc5, 0x08,
    0xc5, 0x10, 0xc5, 0x10, 0xe5, 0x10, 0xc5, 0x10, 0xc5, 0x08, 0xe5, 0x10,
    0xc4, 0x10, 0xe5, 0x08, 0xe5, 0x10, 0xc4, 0x10, 0xc5, 0x10, 0xc5, 0x10,
    0xc5, 0x10, 0xe5, 0x10, 0xc5, 0x10, 0xc5, 0x10, 0xc5, 0x08, 0xc5, 0x10,
    0xc5, 0x10, 0xe4, 0x10, 0xc5, 0x10, 0xc5, 0x08, 0xc5, 0x10, 0xe5, 0x10,
    0xc5, 0x10, 0xc4, 0x10, 0xe5, 0x10, 0xc5, 0x10, 0xc5, 0x08, 0xc5, 0x10,
    0xe5, 0x10, 0xc4, 0x10, 0xc5, 0x10, 0xc5, 0x10, 0xc5, 0x10, 0xe5, 0x10,
    0xe4, 0x10, 0xc5, 0x10, 0xc5, 0x08, 0xc4, 0x10, 0xc5, 0x10, 0xc5, 0x10,
    0xc5, 0x10, 0xc4, 0x10, 0xe4, 0x10, 0xc5, 0x10, 0xc5, 0x08, 0xe4, 0x10,
    0xc5, 0x10, 0xc5, 0x10, 0xc5, 0x10, 0xe5, 0x10, 0xc5, 0x10, 0xc4, 0x10,
    0xc5, 0x10, 0xe5, 0x10, 0xc5, 0x10, 0xc5, 0x10, 0xc5, 0x10, 0xe4, 0x10,
    0xc5, 0x10, 0xc5, 0x10, 0xc5, 0x10, 0xc4, 0x10, 0xc5, 0x08, 0xe5, 0x10,
    0xc4, 0x10, 0xc5, 0x10, 0xc5, 0x10, 0xc5, 0x10, 0xe5, 0x10, 0xe5, 0x10,
    0xc5, 0x10, 0xc5, 0x10, 0xe4, 0x10, 0xc5, 0x10, 0xc5, 0x08, 0xc4, 0x10,
    0xe5, 0x10, 0xc5, 0x10, 0xc4, 0x08, 0xc4, 0x10, 0xe5, 0x10, 0xc5, 0x10,
    0xe4, 0x10, 0xc5, 0x10, 0xc5, 0x10, 0xc5, 0x10, 0xc5, 0x10, 0xc4, 0x10,
    0xc5, 0x10, 0xe5, 0x10, 0xc5, 0x10, 0xc5, 0x10, 0xe5, 0x10, 0xc5, 0x10,
    0xc4, 0x10, 0xe5, 0x08, 0xc5, 0x10, 0xc5, 0x10, 0xc4, 0x10, 0xc5, 0x10,
    0xc5, 0x10, 0xe5, 0x10, 0xc5, 0x10, 0xc5, 0x08, 0xc4, 0x10, 0xc5, 0x10,
    0xc4, 0x10, 0xc5, 0x08, 0xe5, 0x10, 0xc4, 0x10, 0xe5, 0x10, 0xc5, 0x10,
    0xc4, 0x10, 0xe4, 0x10, 0xc5, 0x10, 0xc5, 0x10, 0xe5, 0x08, 0xc5, 0x10,
    0xc5, 0x10, 0xc4, 0x10, 0xe4, 0x10, 0xc5, 0x10, 0xc5, 0x10, 0xc5, 0x10,
    0xc5, 0x10, 0xe5, 0x10, 0xc4, 0x10, 0xc5, 0x10, 0xc5, 0x08, 0xc5, 0x10,
    0xc4, 0x10, 0xc5, 0x10, 0xc5, 0x10, 0xc5, 0x10, 0xc4, 0x10, 0xe4, 0x10,
    0xc5, 0x10, 0xc5, 0x10, 0xc5, 0x10, 0xc4, 0x08, 0xe5, 0x10, 0xc4, 0x10,
    0xc5, 0x08, 0xc5, 0x10, 0xe4, 0x10, 0xc5, 0x10, 0xc5, 0x10, 0xc4, 0x08,
    0xc5, 0x10, 0xc5, 0x10, 0xe5, 0x10, 0xc5, 0x08, 0xc4, 0x10, 0xc5, 0x10,
    0xc5, 0x10, 0xc4, 0x10, 0xe5, 0x10, 0xc5, 0x10, 0xc5, 0x10, 0xe4, 0x10,
    0xc5, 0x08, 0xc5, 0x10, 0xe5, 0x10, 0xc5, 0x10, 0xc5, 0x10, 0xc5, 0x10,
    0xc5, 0x10, 0xc4, 0x10, 0xc5, 0x10, 0xc5, 0x10, 0xc5, 0x10, 0xe4, 0x10,
    0xc4, 0x10, 0xc5, 0x10, 0xe4, 0x10, 0xc5, 0x08, 0xc5, 0x10, 0xc4, 0x10,
    0xe5, 0x10, 0xe4, 0x10, 0xc5, 0x10, 0xc5, 0x10, 0xe4, 0x10, 0xc5, 0x08,
    0xc5, 0x10, 0xe5, 0x10, 0xc5, 0x10, 0xc5, 0x10, 0xc5, 0x10, 0xe5, 0x08,
    0xe5, 0x10, 0xc4, 0x10, 0xe5, 0x10, 0xe5, 0x10, 0xc5, 0x10, 0xc4, 0x10,
    0xc5, 0x10, 0xc5, 0x10, 0xc5, 0x10, 0xe5, 0x10, 0xc4, 0x10, 0xc5, 0x10,
    0xc4, 0x10, 0xc5, 0x10, 0xc5, 0x10, 0xe4, 0x10, 0xe5, 0x08, 0xc5, 0x10,
    0xc4, 0x10, 0xc5, 0x10, 0xe5, 0x10, 0xc5, 0x10, 0xc5, 0x08, 0xc5, 0x10,
    0xe4, 0x10, 0xc5, 0x10, 0xc5, 0x10, 0xc5, 0x08, 0xe5, 0x10, 0xc5, 0x10,
    0xc5, 0x10, 0xc5, 0x10, 0xc5, 0x10, 0xc4, 0x10, 0xc5, 0x10, 0xc4, 0x10,
    0xc4, 0x10, 0xc5, 0x10, 0xe5, 0x10, 0xc5, 0x08, 0xc5, 0x10, 0xc5, 0x10,
    0xc5, 0x10, 0xc5, 0x10, 0xc5, 0x08, 0xc5, 0x10, 0xc4, 0x10, 0xe5, 0x10,
    0xe5, 0x10, 0xc5, 0x08, 0xe4, 0x10, 0xc5, 0x10, 0xc5, 0x10, 0xc4, 0x10,
    0xc5, 0x10, 0xc5, 0x10, 0xc4, 0x10, 0xc5, 0x10, 0xc5, 0x08, 0xe4, 0x10,
    0xc4, 0x10, 0xc5, 0x10, 0xc5, 0x10, 0xc4, 0x10, 0xc5, 0x10, 0xc5, 0x10,
    0xe5, 0x08, 0xc5, 0x10, 0xc5, 0x10, 0xc4, 0x10, 0xe5, 0x10, 0xc5, 0x10,
    0xc5, 0x08, 0xc5, 0x10, 0xc5, 0x10, 0xe5, 0x10, 0xc5, 0x10, 0xc4, 0x10,
    0xc4, 0x08, 0xe5, 0x10, 0xe5, 0x10, 0xc5, 0x10, 0xc5, 0x10, 0xc5, 0x08,
    0xc4, 0x10, 0xe5, 0x10, 0xc5, 0x10, 0xe5, 0x10, 0xc5, 0x10, 0xc4, 0x10,
    0xc5, 0x10, 0xc5, 0x10, 0xc5, 0x08, 0xe5, 0x10, 0xc4, 0x10, 0xc5, 0x10,
    0xc5, 0x10, 0xe5, 0x10, 0xc5, 0x10, 0xc5, 0x10, 0xc4, 0x10, 0xc5, 0x08,
    0xe5, 0x10, 0xc5, 0x10, 0xc4, 0x10, 0xc4, 0x08, 0xe5, 0x10, 0xc5, 0x10,
    0xc5, 0x08, 0xc4, 0x10, 0xe5, 0x10, 0xc5, 0x10, 0xc5, 0x10, 0xc5, 0x10,
    0xc4, 0x08, 0xc5, 0x10, 0xc5, 0x10, 0xc4, 0x10, 0xc4, 0x08, 0xc5, 0x10,
    0xc5, 0x10, 0xe4, 0x10, 0xc5, 0x10, 0xc5, 0x10, 0xc4, 0x10, 0xc5, 0x10,
    0xc5, 0x10, 0xc5, 0x10, 0xc5, 0x10, 0xc5, 0x10, 0xc4, 0x10, 0xc5, 0x10,
    0xc5, 0x08, 0xc5, 0x10, 0xc5, 0x10, 0xe4, 0x08, 0xc4, 0x10, 0xc5, 0x10,
    0xe5, 0x08, 0xc5, 0x10, 0xe5, 0x10, 0xc4, 0x08, 0xc5, 0x10, 0xc4, 0x10,
    0xe5, 0x10, 0xc5, 0x10, 0xc5, 0x10, 0xc4, 0x10, 0xe5, 0x08, 0xc5, 0x10,
    0xc4, 0x10, 0xc5, 0x10, 0xc5, 0x10, 0xe4, 0x10, 0xe5, 0x10, 0xc5, 0x10,
    0xc5, 0x10, 0xe4, 0x10, 0xc5, 0x10, 0xc4, 0x08, 0xc5, 0x10, 0xe5, 0x10,
    0xc5, 0x08, 0xc5, 0x10, 0xc5, 0x10, 0xc5, 0x10, 0xe5, 0x10, 0xc4, 0x10,
    0xc5, 0x10, 0xe5, 0x08, 0xc5, 0x10, 0xc5, 0x10, 0xc4, 0x08, 0xe5, 0x10,
    0xc5, 0x10, 0xc4, 0x08, 0xc5, 0x10, 0xe5, 0x10, 0xe4, 0x10, 0xc5, 0x10,
    0xc5, 0x10, 0xc5, 0x10, 0xe5, 0x10, 0xc5, 0x10, 0xc5, 0x10, 0xe5, 0x10,
    0xc4, 0x10, 0xc5, 0x08, 0xe5, 0x10, 0xc5, 0x10, 0xc5, 0x10, 0xe5, 0x10,
    0xc5, 0x10, 0xc5, 0x10, 0xc4, 0x08, 0xc5, 0x10, 0xc5, 0x10, 0xc5, 0x10,
    0xc5, 0x10, 0xe4, 0x10, 0xc4, 0x10, 0xc5, 0x10, 0xe5, 0x10, 0xc5, 0x10,
    0xc5, 0x10, 0xc5, 0x10, 0xc4, 0x10, 0xe5, 0x10, 0xc4, 0x10, 0xc5, 0x10,
    0xc5, 0x10, 0xe4, 0x10, 0xc5, 0x08, 0xc5, 0x10, 0xc4, 0x10, 0xc4, 0x10,
    0xe5, 0x08, 0xc5, 0x10, 0xc5, 0x10, 0xe4, 0x08, 0xc5, 0x10, 0xc5, 0x10,
    0xc5, 0x08, 0xe5, 0x10, 0xc5, 0x10, 0xc4, 0x10, 0xc5, 0x10, 0xc5, 0x08,
    0xc5, 0x10, 0xc5, 0x10, 0xe5, 0x10, 0xc5, 0x08, 0xc4, 0x10, 0xe5, 0x10,
    0xc4, 0x10, 0xc4, 0x10, 0xc5, 0x10, 0xc5, 0x10, 0xe5, 0x10, 0xc5, 0x10,
    0xc4, 0x10, 0xc5, 0x10, 0xc5, 0x10, 0xc5, 0x10, 0xc5, 0x10, 0xc4, 0x08,
    0xe5, 0x10, 0xc5, 0x10, 0xc4, 0x10, 0xc5, 0x08, 0xc5, 0x10, 0xc5, 0x10,
    0xe5, 0x08, 0xc4, 0x10, 0xc5, 0x10, 0xc5, 0x10, 0xc4, 0x10, 0xc5, 0x10,
    0xc5, 0x10, 0xe4, 0x08, 0xc5, 0x10, 0xc5, 0x10, 0xc5, 0x10, 0xe5, 0x10,
    0xc5, 0x10, 0xc4, 0x10, 0xc5, 0x10, 0xe4, 0x10, 0xc5, 0x10, 0xc4, 0x10,
    0xe5, 0x10, 0xc5, 0x10, 0xe4, 0x08, 0xc5, 0x10, 0xc5, 0x10, 0xe5, 0x10,
    0xe5, 0x08, 0xc5, 0x10, 0xc4, 0x10, 0xc5, 0x10, 0xe5, 0x10, 0xe5, 0x10,
    0xc4, 0x10, 0xe5, 0x10, 0xc5, 0x10, 0xc5, 0x10, 0xe5, 0x10, 0xc5, 0x10,
    0xc4, 0x10, 0xc4, 0x10, 0xc5, 0x10, 0xc4, 0x10, 0xe5, 0x10, 0xc5, 0x10,
    0xc5, 0x10, 0xc5, 0x10, 0xc5, 0x10, 0xc5, 0x10, 0xe5, 0x10, 0xc5, 0x10,
    0xc5, 0x08, 0xc5, 0x10, 0xe4, 0x10, 0xc5, 0x08, 0xe5, 0x10, 0xe4, 0x10,
    0xc4, 0x10, 0xc5, 0x10, 0xc5, 0x10, 0xe5, 0x10, 0xc4, 0x10, 0xc4, 0x10,
    0xe5, 0x10, 0xc4, 0x10, 0xc5, 0x10, 0xc5, 0x10, 0xe4, 0x10, 0xc5, 0x10,
    0xc5, 0x10, 0xc5, 0x10, 0xc5, 0x08, 0xc4, 0x10, 0xe4, 0x10, 0xc5, 0x10,
    0xc5, 0x10, 0xc5, 0x10, 0xc5, 0x10, 0xc4, 0x10, 0xe5, 0x10, 0xc5, 0x08,
    0xe4, 0x10, 0xe5, 0x10, 0xc5, 0x10, 0xc5, 0x10, 0xe5, 0x10, 0xc5, 0x10,
    0xc4, 0x08, 0xe4, 0x10, 0xc5, 0x10, 0xc4, 0x08, 0xc5, 0x10, 0xe5, 0x10,
    0xc4, 0x10, 0xc5, 0x10, 0xc5, 0x10, 0xe5, 0x10, 0xc5, 0x10, 0xc5, 0x10,
    0xc4, 0x10, 0xe5, 0x10, 0xc5, 0x10, 0xc5, 0x10, 0xe4, 0x10, 0xc5, 0x10,
    0xc5, 0x10, 0xe5, 0x10, 0xe5, 0x10, 0xc5, 0x10, 0xe5, 0x10, 0xc4, 0x10,
    0xc5, 0x08, 0xc5, 0x10, 0xc4, 0x10, 0xc5, 0x10, 0xe5, 0x10, 0xc5, 0x10,
    0xe5, 0x08, 0xe4, 0x10, 0xc5, 0x10, 0xe5, 0x10, 0xc5, 0x08, 0xc5, 0x10,
    0xe5, 0x10, 0xc4, 0x10, 0xc5, 0x10, 0xe5, 0x10, 0xc5, 0x10, 0xc5, 0x10,
    0xc5, 0x10, 0xc4, 0x10, 0xc4, 0x10, 0xe5, 0x10, 0xc5, 0x10, 0xc5, 0x08,
    0xc5, 0x10, 0xc4, 0x10, 0xc5, 0x10, 0xe5, 0x10, 0xc5, 0x10, 0xc5, 0x10,
    0xe4, 0x10, 0xe5, 0x08, 0xc4, 0x10, 0xc5, 0x10, 0xc5, 0x10, 0xc5, 0x08,
    0xe5, 0x10, 0xc5, 0x10, 0xc5, 0x10, 0xc5, 0x10, 0xe5, 0x10, 0xc5, 0x10,
    0xc4, 0x10, 0xc5, 0x10, 0xe5, 0x10, 0xc4, 0x08, 0xc4, 0x10, 0xc5, 0x10,
    0xe4, 0x10, 0xc5, 0x10, 0xc5, 0x10, 0xe5, 0x10, 0xc5, 0x10, 0xe4, 0x10,
    0xc5, 0x10, 0xc5, 0x10, 0xc5, 0x10, 0xc5, 0x10, 0xc5, 0x10, 0xe5, 0x10,
    0xc4, 0x10, 0xc5, 0x08, 0xe5, 0x10, 0xc4, 0x10, 0xc5, 0x08, 0xc5, 0x10,
    0xc5, 0x10, 0xe4, 0x10, 0xc5, 0x10, 0xc5, 0x10, 0xe4, 0x08, 0xc5, 0x10,
    0xc5, 0x10, 0xe5, 0x10, 0xc5, 0x10, 0xc5, 0x10, 0xe4, 0x10, 0xe5, 0x10,
    0xc5, 0x10, 0xc5, 0x10, 0xc5, 0x08, 0xc5, 0x10, 0xc5, 0x10, 0xe4, 0x10,
    0xc5, 0x10, 0xc5, 0x10, 0xe5, 0x10, 0xc5, 0x08, 0xc5, 0x10, 0xc5, 0x10,
    0xc5, 0x10, 0xc5, 0x10, 0xc5, 0x10, 0xc4, 0x10, 0xe5, 0x10, 0xe5, 0x10,
    0xc5, 0x10, 0xc5, 0x10, 0xc4, 0x10, 0xe5, 0x10, 0xc4, 0x10, 0xc5, 0x10,
    0xc5, 0x10, 0xc5, 0x10, 0xc4, 0x10, 0xc5, 0x10, 0xe5, 0x10, 0xe4, 0x10,
    0xc5, 0x10, 0xc5, 0x10, 0xc4, 0x10, 0xc5, 0x10, 0xe5, 0x10, 0xc5, 0x10,
    0xc5, 0x10, 0xc5, 0x10, 0xe5, 0x08, 0xc4, 0x10, 0xc4, 0x10, 0xc5, 0x10,
    0xc5, 0x10, 0xe4, 0x10, 0xc5, 0x08, 0xc5, 0x10, 0xe4, 0x10, 0xe5, 0x10,
    0xc5, 0x10, 0xc5, 0x10, 0xc4, 0x10, 0xe5, 0x10, 0xc5, 0x10, 0xc5, 0x10,
    0xe5, 0x10, 0xc5, 0x10, 0xc5, 0x08, 0xc4, 0x10, 0xc5, 0x10, 0xe5, 0x10,
    0xc5, 0x10, 0xc5, 0x10, 0xc5, 0x10, 0xc4, 0x10, 0xe4, 0x10, 0xc5, 0x10,
    0xc4, 0x10, 0xc5, 0x08, 0xe5, 0x10, 0xc5, 0x10, 0xc4, 0x10, 0xc5, 0x08,
    0xc5, 0x10, 0xc4, 0x10, 0xc5, 0x10, 0xe5, 0x10, 0xc5, 0x10, 0xc5, 0x10,
    0xc5, 0x10, 0xc5, 0x10, 0xe5, 0x10, 0xc4, 0x10, 0xc5, 0x10, 0xc4, 0x10,
    0xc5, 0x08, 0xc5, 0x10, 0xe4, 0x10, 0xc4, 0x10, 0xc5, 0x08, 0xc5, 0x10,
    0xc5, 0x10, 0xc5, 0x10, 0xc5, 0x10, 0xe5, 0x10, 0xc4, 0x08, 0xe5, 0x10,
    0xc5, 0x10, 0xe4, 0x08, 0xe5, 0x10, 0xc5, 0x10, 0xc4, 0x10, 0xc5, 0x10,
    0xc5, 0x10, 0xe4, 0x10, 0xc5, 0x10, 0xc5, 0x10, 0xc5, 0x10, 0xc5, 0x10,
    0xc5, 0x10, 0xe4, 0x10, 0xc5, 0x10, 0xc5, 0x08, 0xe5, 0x10, 0xc5, 0x10,
    0xc5, 0x10, 0xe5, 0x10, 0xc4, 0x10, 0xc5, 0x08, 0xc5, 0x10, 0xe5, 0x10,
    0xc5, 0x10, 0xc4, 0x10, 0xc5, 0x10, 0xc5, 0x10, 0xc5, 0x10, 0xe5, 0x10,
    0xc4, 0x10, 0xc5, 0x08, 0xe5, 0x10, 0xc4, 0x10, 0xc5, 0x10, 0xc5, 0x10,
    0xc5, 0x10, 0xc5, 0x10, 0xc4, 0x10, 0xc5, 0x10, 0xc4, 0x10, 0xc5, 0x10,
    0xc5, 0x10, 0xc5, 0x10, 0xc5, 0x10, 0xe5, 0x10, 0xc5, 0x10, 0xc5, 0x10,
    0xe5, 0x08, 0xc5, 0x10, 0xc4, 0x10, 0xe5, 0x10, 0xc5, 0x10, 0xc4, 0x10,
    0xe5, 0x10, 0xc5, 0x10, 0xc5, 0x10, 0xc4, 0x08, 0xc5, 0x10, 0xe5, 0x10,
    0xc5, 0x10, 0xc5, 0x10, 0xc4, 0x10, 0xc5, 0x08, 0xc5, 0x10, 0xe5, 0x10,
    0xc5, 0x10, 0xe5, 0x10, 0xc5, 0x10, 0xc5, 0x08, 0xe5, 0x10, 0xc4, 0x10,
    0xc5, 0x10, 0xc5, 0x10, 0xc4, 0x10, 0xc5, 0x10, 0xe5, 0x10, 0xc5, 0x10,
    0xc4, 0x10, 0xe5, 0x10, 0xc5, 0x10, 0xc5, 0x10, 0xc5, 0x10, 0xe5, 0x10,
    0xe4, 0x10, 0xc5, 0x10, 0xc5, 0x10, 0xc5, 0x10, 0xc5, 0x10, 0xe4, 0x10,
    0xc5, 0x10, 0xc5, 0x10, 0xc4, 0x08, 0xe5, 0x10, 0xc5, 0x10, 0xc5, 0x10,
    0xc5, 0x10, 0xc5, 0x10, 0xc5, 0x10, 0xc5, 0x10, 0xc5, 0x10, 0xc4, 0x10,
    0xc4, 0x10, 0xc5, 0x10, 0xc5, 0x10, 0xe4, 0x10, 0xc5, 0x10, 0xc5, 0x10,
    0xc4, 0x10, 0xe5, 0x10, 0xc5, 0x10, 0xc5, 0x10, 0xc5, 0x10, 0xe5, 0x10,
    0xc5, 0x08, 0xc5, 0x10, 0xc4, 0x10, 0xc5, 0x10, 0xc4, 0x10, 0xc5, 0x10,
    0xc5, 0x08, 0xc4, 0x10, 0xe5, 0x10, 0xc4, 0x08, 0xc5, 0x10, 0xc5, 0x10,
    0xe5, 0x10, 0xc4, 0x10, 0xc5, 0x10, 0xc5, 0x10, 0xe4, 0x10, 0xe5, 0x10,
    0xc5, 0x10, 0xc5, 0x10, 0xc4, 0x10, 0xc5, 0x10, 0xc5, 0x10, 0xc4, 0x10,
    0xc5, 0x10, 0xc4, 0x10, 0xe4, 0x10, 0xc5, 0x10, 0xc5, 0x08, 0xc4, 0x10,
    0xc4, 0x10, 0xe5, 0x10, 0xc5, 0x10, 0xc5, 0x10, 0xc4, 0x10, 0xc5, 0x10,
    0xc5, 0x10, 0xc4, 0x10, 0xc5, 0x10, 0xc5, 0x10, 0xc4, 0x10, 0xe5, 0x10,
    0xc4, 0x08, 0xe5, 0x10, 0xe5, 0x10, 0xc5, 0x10, 0xc5, 0x10, 0xc5, 0x08,
    0xc5, 0x10, 0xc4, 0x10, 0xe5, 0x10, 0xc5, 0x10, 0xc5, 0x10, 0xc5, 0x10,
    0xe4, 0x10, 0xe5, 0x10, 0xc5, 0x10, 0xc5, 0x08, 0xc5, 0x10, 0xc5, 0x10,
    0xe5, 0x10, 0xc4, 0x08, 0xc5, 0x10, 0xc5, 0x10, 0xc4, 0x10, 0xc5, 0x08,
    0xc5, 0x10, 0xe5, 0x10, 0xc5, 0x10, 0xc5, 0x10, 0xc5, 0x08, 0xe5, 0x10,
    0xc4, 0x10, 0xc5, 0x10, 0xe5, 0x10, 0xc4, 0x10, 0xc5, 0x10, 0xc5, 0x10,
    0xc5, 0x10, 0xc4, 0x08, 0xe5, 0x10, 0xc5, 0x10, 0xe5, 0x08, 0xc4, 0x10,
    0xc4, 0x10, 0xc5, 0x10, 0xe5, 0x10, 0xe5, 0x10, 0xc5, 0x10, 0xc5, 0x08,
    0xe4, 0x10, 0xc5, 0x10, 0xc5, 0x10, 0xe5, 0x08, 0xc5, 0x10, 0xc5, 0x10,
    0xc5, 0x10, 0xe5, 0x10, 0xc5, 0x10, 0xc5, 0x10, 0xc5, 0x10, 0xc5, 0x10,
    0xe4, 0x10, 0xc5, 0x10, 0xc5, 0x10, 0xc4, 0x10, 0xe5, 0x08, 0xc4, 0x10,
    0xc4, 0x10, 0xc5, 0x10, 0xe4, 0x08, 0xc5, 0x10, 0xc5, 0x10, 0xc5, 0x10,
    0xc5, 0x10, 0xe5, 0x10, 0xc5, 0x10, 0xc5, 0x10, 0xc5, 0x10, 0xe4, 0x10,
    0xc5, 0x10, 0xe5, 0x08, 0xe5, 0x10, 0xc5, 0x10, 0xc5, 0x10, 0xc4, 0x10,
    0xc5, 0x10, 0xc5, 0x10, 0xc4, 0x10, 0xc5, 0x08, 0xe5, 0x10, 0xc4, 0x10,
    0xe5, 0x10, 0xc5, 0x10, 0xc5, 0x10, 0xc5, 0x10, 0xe4, 0x10, 0xc5, 0x10,
    0xc5, 0x08, 0xc5, 0x10, 0xc4, 0x10, 0xc5, 0x10, 0xc5, 0x10, 0xc5, 0x10,
    0xc5, 0x08, 0xc4, 0x10, 0xe5, 0x10, 0xc5, 0x10, 0xc5, 0x10, 0xc4, 0x08,
    0xe5, 0x10, 0xc5, 0x10, 0xe5, 0x10, 0xe4, 0x10, 0xc5, 0x08, 0xc5, 0x10,
    0xc5, 0x10, 0xe5, 0x10, 0xc4, 0x10, 0xc5, 0x08, 0xc5, 0x10, 0xe4, 0x10,
    0xc5, 0x10, 0xc5, 0x10, 0xc5, 0x08, 0xe4, 0x10, 0xc5, 0x10, 0xc5, 0x08,
    0xe5, 0x10, 0xe5, 0x10, 0xc5, 0x10, 0xc4, 0x10, 0xe5, 0x10, 0xc4, 0x10,
    0xc5, 0x10, 0xc5, 0x10, 0xc5, 0x10, 0xc5, 0x08, 0xc4, 0x10, 0xc5, 0x10,
    0xe5, 0x08, 0xc5, 0x10, 0xc4, 0x10, 0xe5, 0x10, 0xc5, 0x10, 0xc4, 0x10,
    0xc4, 0x08, 0xe5, 0x10, 0xc5, 0x10, 0xc4, 0x10, 0xc5, 0x10, 0xc5, 0x10,
    0xc4, 0x10, 0xc5, 0x10, 0xe5, 0x10, 0xc4, 0x10, 0xc5, 0x10, 0xc5, 0x10,
    0xc4, 0x10, 0xc5, 0x10, 0xc5, 0x08, 0xe5, 0x10, 0xc4, 0x10, 0xc4, 0x10,
    0xc5, 0x10, 0xc5, 0x10, 0xc5, 0x08, 0xe4, 0x10, 0xc4, 0x10, 0xc5, 0x08,
    0xc5, 0x10, 0xc5, 0x10, 0xe5, 0x08, 0xc5, 0x10, 0xc4, 0x10, 0xc5, 0x10,
    0xe5, 0x10, 0xe5, 0x10, 0xc5, 0x10, 0xc4, 0x10, 0xc4, 0x10, 0xc5, 0x08,
    0xe4, 0x10, 0xc5, 0x10, 0xc5, 0x10, 0xe4, 0x08, 0xe5, 0x10, 0xc5, 0x10,
    0xe5, 0x10, 0xc4, 0x10, 0xc5, 0x08, 0xc5, 0x10, 0xc4, 0x10, 0xc5, 0x10,
    0xe5, 0x08, 0xc5, 0x10, 0xc5, 0x10, 0xc4, 0x10, 0xe5, 0x10, 0xc5, 0x10,
    0xc5, 0x10, 0xc4, 0x10, 0xc5, 0x10, 0xe5, 0x08, 0xc5, 0x10, 0xc5, 0x10,
    0xe5, 0x10, 0xc4, 0x10, 0xc5, 0x10, 0xe5, 0x10, 0xc4, 0x10, 0xc5, 0x08,
    0xc4, 0x10, 0xe5, 0x10, 0xc5, 0x08, 0xc5, 0x10, 0xc5, 0x10, 0xc4, 0x10,
    0xc5, 0x10, 0xc5, 0x08, 0xe5, 0x10, 0xc4, 0x10, 0xc5, 0x10, 0xe5, 0x10,
    0xc5, 0x10, 0xe5, 0x08, 0xc5, 0x10, 0xc5, 0x10, 0xe5, 0x10, 0xc5, 0x10,
    0xc5, 0x08, 0xe5, 0x10, 0xc5, 0x10, 0xe4, 0x10, 0xe5, 0x08, 0xc5, 0x10,
    0xc5, 0x10, 0xc5, 0x10, 0xe4, 0x10, 0xc5, 0x10, 0xc4, 0x10, 0xe5, 0x10,
    0xc5, 0x10, 0xc4, 0x10, 0xc5, 0x08, 0xc4, 0x10, 0xe5, 0x10, 0xc5, 0x10,
    0xc4, 0x10, 0xe5, 0x10, 0xc5, 0x10, 0xc5, 0x08, 0xe5, 0x10, 0xc4, 0x10,
    0xc5, 0x08, 0xc5, 0x10, 0xc4, 0x10, 0xe5, 0x10, 0xc5, 0x10, 0xc4, 0x10,
    0xc5, 0x10, 0xc5, 0x10, 0xe5, 0x10, 0xe5, 0x10, 0xc5, 0x10, 0xc4, 0x10,
    0xe5, 0x10, 0xc4, 0x10, 0xc4, 0x10, 0xc5, 0x10, 0xe5, 0x10, 0xc5, 0x10,
    0xc5, 0x08, 0xe5, 0x10, 0xc5, 0x10, 0xc4, 0x10, 0xc5, 0x08, 0xc5, 0x10,
    0xc5, 0x10, 0xe5, 0x10, 0xc5, 0x10, 0xc4, 0x10, 0xc5, 0x10, 0xc5, 0x10,
    0xe5, 0x10, 0xc4, 0x10, 0xc5, 0x10, 0xc4, 0x10, 0xe5, 0x10, 0xc5, 0x10,
    0xc4, 0x10, 0xc5, 0x10, 0xe4, 0x10, 0xc5, 0x10, 0xc5, 0x10, 0xc5, 0x08,
    0xe4, 0x10, 0xc5, 0x10, 0xc4, 0x10, 0xc4, 0x08, 0xe5, 0x10, 0xe5, 0x10,
    0xc5, 0x10, 0xc5, 0x08, 0xe5, 0x10, 0xc5, 0x10, 0xc5, 0x10, 0xe5, 0x10,
    0xc5, 0x10, 0xc5, 0x10, 0xc5, 0x10, 0xc5, 0x10, 0xe5, 0x08, 0xe4, 0x10,
    0xc5, 0x10, 0xc5, 0x10, 0xc4, 0x08, 0xc5, 0x10, 0xe5, 0x10, 0xc5, 0x10,
    0xc4, 0x10, 0xc5, 0x10, 0xc4, 0x10, 0xc4, 0x10, 0xc5, 0x10, 0xc5, 0x10,
    0xe4, 0x08, 0xc5, 0x10, 0xc5, 0x10, 0xc5, 0x10, 0xe4, 0x10, 0xc5, 0x10,
    0xc5, 0x08, 0xc5, 0x10, 0xe4, 0x10, 0xc5, 0x08, 0xc5, 0x10, 0xc4, 0x10,
    0xc5, 0x10, 0xe5, 0x10, 0xc5, 0x10, 0xe4, 0x08, 0xc5, 0x10, 0xc4, 0x10,
    0xe5, 0x10, 0xc5, 0x10, 0xc5, 0x10, 0xe5, 0x10, 0xc4, 0x10, 0xc5, 0x10,
    0xc5, 0x10, 0xc5, 0x10, 0xc4, 0x08, 0xc5, 0x10, 0xc5, 0x10, 0xc5, 0x10,
    0xe4, 0x10, 0xc5, 0x10, 0xc5, 0x10, 0xc5, 0x10, 0xe5, 0x10, 0xc5, 0x08,
    0xc4, 0x10, 0xe5, 0x10, 0xc5, 0x10, 0xc5, 0x10, 0xe5, 0x10, 0xc4, 0x10,
    0xc4, 0x10, 0xc5, 0x10, 0xc5, 0x10, 0xc4, 0x08, 0xc5, 0x10, 0xc5, 0x10,
    0xc4, 0x10, 0xe4, 0x10, 0xe5, 0x10, 0xc5, 0x10, 0xc5, 0x10, 0xc5, 0x10,
    0xc5, 0x10, 0xc4, 0x10, 0xc5, 0x10, 0xe5, 0x10, 0xc5, 0x10, 0xc5, 0x10,
    0xe5, 0x10, 0xc4, 0x10, 0xc5, 0x10, 0xe5, 0x10, 0xe5, 0x10, 0xc4, 0x10,
    0xc5, 0x08, 0xe4, 0x10, 0xc5, 0x10, 0xc5, 0x10, 0xe4, 0x10, 0xc5, 0x08,
    0xc5, 0x10, 0xe5, 0x10, 0xc5, 0x10, 0xc4, 0x10, 0xc5, 0x10, 0xc5, 0x10,
    0xe5, 0x08, 0xc5, 0x10, 0xc4, 0x10, 0xc5, 0x10, 0xc5, 0x10, 0xc5, 0x10,
    0xc5, 0x10, 0xc4, 0x10, 0xc5, 0x10, 0xe4, 0x10, 0xc5, 0x10, 0xc5, 0x08,
    0xc5, 0x10, 0xc4, 0x10, 0xc5, 0x10, 0xc5, 0x10, 0xe5, 0x10, 0xc5, 0x10,
    0xc5, 0x10, 0xc4, 0x10, 0xe5, 0x10, 0xc5, 0x10, 0xc4, 0x10, 0xc5, 0x10,
    0xc5, 0x08, 0xe5, 0x10, 0xc5, 0x10, 0xe5, 0x10, 0xc5, 0x08, 0xc4, 0x10,
    0xe5, 0x10, 0xc5, 0x10, 0xc4, 0x10, 0xe5, 0x08, 0xc5, 0x10, 0xc5, 0x10,
    0xc4, 0x10, 0xe5, 0x10, 0xe5, 0x10, 0xc5, 0x10, 0xc4, 0x10, 0xe5, 0x10,
    0xc5, 0x10, 0xe5, 0x10, 0xc5, 0x10, 0xc5, 0x10, 0xe5, 0x10, 0xc5, 0x10,
    0xc5, 0x10, 0xc5, 0x10, 0xc4, 0x10, 0xe5, 0x10, 0xc5, 0x10, 0xc5, 0x08,
    0xc4, 0x10, 0xe5, 0x10, 0xc5, 0x10, 0xc5, 0x10, 0xe5, 0x08, 0xc5, 0x10,
    0xc5, 0x10, 0xc4, 0x10, 0xc5, 0x10, 0xc4, 0x10, 0xc5, 0x10, 0xc5, 0x10,
    0xc5, 0x10, 0xc5, 0x10, 0xc4, 0x10, 0xc5, 0x10, 0xc5, 0x10, 0xc5, 0x10,
    0xc5, 0x10, 0xc5, 0x10, 0xc5, 0x10, 0xe5, 0x08, 0xc5, 0x10, 0xc5, 0x10,
    0xc5, 0x10, 0xc5, 0x10, 0xc5, 0x10, 0xc5, 0x10, 0xc4, 0x10, 0xc5, 0x10,
    0xc5, 0x10, 0xe4, 0x08, 0xc5, 0x10, 0xc5, 0x10, 0xc4, 0x10, 0xc5, 0x10,
    0xe5, 0x10, 0xc5, 0x10, 0xc4, 0x10, 0xc5, 0x10, 0xe5, 0x10, 0xc4, 0x10,
    0xc5, 0x08, 0xe5, 0x10, 0xc4, 0x10, 0xc5, 0x08, 0xc4, 0x10, 0xe5, 0x10,
    0xc5, 0x08, 0xc5, 0x10, 0xc5, 0x10, 0xe5, 0x10, 0xc4, 0x10, 0xc4, 0x10,
    0xc5, 0x10, 0xc5, 0x10, 0xc5, 0x10, 0xc5, 0x10, 0xe5, 0x10, 0xe5, 0x10,
    0xc4, 0x10, 0xe4, 0x10, 0xc5, 0x10, 0xc5, 0x10, 0xc4, 0x10, 0xe5, 0x10,
    0xc5, 0x10, 0xc5, 0x08, 0xc5, 0x10, 0xc5, 0x10, 0xc4, 0x08, 0xc5, 0x10,
    0xc5, 0x10, 0xe5, 0x08, 0xc5, 0x10, 0xc4, 0x10, 0xc5, 0x10, 0xe4, 0x10,
    0xc5, 0x10, 0xc5, 0x10, 0xc5, 0x10, 0xe5, 0x10, 0xc5, 0x10, 0xc4, 0x10,
    0xc5, 0x10, 0xe5, 0x10, 0xc4, 0x10, 0xc5, 0x10, 0xc5, 0x10, 0xc4, 0x10,
    0xe5, 0x08, 0xc5, 0x10, 0xe4, 0x10, 0xc5, 0x10, 0xc5, 0x10, 0xc4, 0x10,
    0xc5, 0x10, 0xe4, 0x10, 0xc5, 0x10, 0xc5, 0x10, 0xc4, 0x08, 0xc5, 0x10,
    0xe5, 0x10, 0xc5, 0x10, 0xc5, 0x10, 0xc5, 0x08, 0xc5, 0x10, 0xe5, 0x10,
    0xc5, 0x10, 0xc5, 0x10, 0xe5, 0x10, 0xc5, 0x10, 0xc5, 0x10, 0xc5, 0x10,
    0xc5, 0x10, 0xe4, 0x10, 0xc5, 0x10, 0xc4, 0x10, 0xe5, 0x10, 0xc5, 0x10,
    0xc5, 0x10, 0xe4, 0x10, 0xc5, 0x10, 0xc5, 0x10, 0xe5, 0x10, 0xe5, 0x10,
    0xc4, 0x10, 0xc5, 0x10, 0xc5, 0x08, 0xc4, 0x10, 0xe5, 0x10, 0xc5, 0x10,
    0xc5, 0x10, 0xe4, 0x10, 0xc5, 0x10, 0xc5, 0x10, 0xe5, 0x10, 0xc4, 0x08,
    0xc5, 0x10, 0xc5, 0x10, 0xc5, 0x10, 0xe4, 0x10, 0xc5, 0x10, 0xc4, 0x10,
    0xe5, 0x10, 0xc5, 0x10, 0xc4, 0x10, 0xe5, 0x10, 0xc5, 0x10, 0xc5, 0x10,
    0xe5, 0x10, 0xc4, 0x08, 0xc5, 0x10, 0xe5, 0x10, 0xc5, 0x10, 0xc5, 0x10,
    0xe5, 0x08, 0xc5, 0x10, 0xc4, 0x10, 0xe5, 0x10, 0xc4, 0x10, 0xe5, 0x08,
    0xe4, 0x10, 0xc5, 0x10, 0xc5, 0x08, 0xc5, 0x10, 0xc4, 0x10, 0xc5, 0x08,
    0xc5, 0x10, 0xc5, 0x10, 0xc5, 0x10, 0xc5, 0x08, 0xc4, 0x10, 0xc5, 0x10,
    0xe5, 0x10, 0xc5, 0x10, 0xc4, 0x08, 0xc5, 0x10, 0xc5, 0x10, 0xe5, 0x10,
    0xc5, 0x10, 0xc4, 0x10, 0xe5, 0x10, 0xc5, 0x10, 0xc5, 0x08, 0xe5, 0x10,
    0xc5, 0x10, 0xe4, 0x10, 0xe5, 0x10, 0xc5, 0x10, 0xc5, 0x08, 0xe5, 0x10,
    0xe4, 0x10, 0xc5, 0x10, 0xe5, 0x10, 0xc5, 0x10, 0xe4, 0x10, 0xc5, 0x10,
    0xc5, 0x10, 0xc4, 0x10, 0xc5, 0x08, 0xe5, 0x10, 0xc5, 0x10, 0xe4, 0x10,
    0xc5, 0x10, 0xc5, 0x08, 0xc5, 0x10, 0xc5, 0x10, 0xc5, 0x10, 0xc4, 0x10,
    0xe5, 0x10, 0xc5, 0x10, 0xc4, 0x10, 0xc5, 0x10, 0xe5, 0x10, 0xc5, 0x10,
    0xc5, 0x10, 0xc4, 0x10, 0xc5, 0x10, 0xe5, 0x10, 0xc5, 0x10, 0xc4, 0x10,
    0xc5, 0x08, 0xc5, 0x10, 0xc5, 0x10, 0xc4, 0x10, 0xe5, 0x10, 0xc5, 0x08,
    0xc4, 0x10, 0xc4, 0x10, 0xc5, 0x08, 0xc5, 0x10, 0xc5, 0x10, 0xc4, 0x10,
    0xe5, 0x10, 0xc5, 0x10, 0xc5, 0x10, 0xe4, 0x10, 0xc5, 0x10, 0xc5, 0x10,
    0xe5, 0x10, 0xc4, 0x10, 0xc5, 0x10, 0xe5, 0x10, 0xc5, 0x10, 0xc4, 0x10,
    0xc4, 0x10, 0xe5, 0x10, 0xc5, 0x08, 0xe5, 0x10, 0xc4, 0x10, 0xc5, 0x10,
    0xe4, 0x10, 0xe4, 0x10, 0xc5, 0x10, 0xc5, 0x08, 0xc4, 0x10, 0xc4, 0x10,
    0xc5, 0x10, 0xc4, 0x10, 0xe5, 0x10, 0xc5, 0x10, 0xc4, 0x10, 0xc5, 0x10,
    0xe4, 0x08, 0xc5, 0x10, 0xe5, 0x10, 0xc4, 0x10, 0xe5, 0x08, 0xc5, 0x10,
    0xc5, 0x10, 0xc5, 0x10, 0xc5, 0x10, 0xc4, 0x10, 0xe5, 0x08, 0xc5, 0x10,
    0xc5, 0x10, 0xe5, 0x10, 0xc5, 0x10, 0xc5, 0x08, 0xc4, 0x10, 0xe5, 0x10,
    0xc5, 0x10, 0xc4, 0x10, 0xc5, 0x10, 0xc5, 0x10, 0xe5, 0x10, 0xc5, 0x10,
    0xc5, 0x10, 0xc4, 0x10, 0xe5, 0x10, 0xc5, 0x08, 0xc5, 0x10, 0xc5, 0x10,
    0xc5, 0x10, 0xe4, 0x10, 0xc4, 0x08, 0xe5, 0x10, 0xc5, 0x10, 0xc4, 0x10,
    0xc5, 0x08, 0xc5, 0x10, 0xc5, 0x10, 0xc5, 0x08, 0xe5, 0x10, 0xc4, 0x10,
    0xc5, 0x10, 0xe5, 0x10, 0xe5, 0x10, 0xc5, 0x10, 0xc5, 0x10, 0xc4, 0x10,
    0xe5, 0x10, 0xc5, 0x10, 0xc5, 0x10, 0xc5, 0x10, 0xe5, 0x10, 0xc5, 0x10,
    0xc4, 0x10, 0xc5, 0x08, 0xc5, 0x10, 0xc5, 0x10, 0xc5, 0x10, 0xc5, 0x08,
    0xc4, 0x10, 0xc5, 0x10, 0xc5, 0x10, 0xe4, 0x08, 0xc5, 0x10, 0xc5, 0x10,
    0xc4, 0x10, 0xc5, 0x10, 0xc5, 0x10, 0xc4, 0x10, 0xc5, 0x10, 0xc5, 0x10,
    0xc5, 0x08, 0xe5, 0x10, 0xc5, 0x10, 0xe5, 0x10, 0xe4, 0x10, 0xc5, 0x10,
    0xc5, 0x08, 0xe4, 0x10, 0xc5, 0x10, 0xe5, 0x10, 0xe5, 0x10, 0xc4, 0x10,
    0xc5, 0x10, 0xc5, 0x10, 0xc4, 0x10, 0xc4, 0x08, 0xc5, 0x10, 0xe5, 0x10,
    0xc4, 0x10, 0xc5, 0x10, 0xc5, 0x08, 0xc5, 0x10, 0xc5, 0x10, 0xe5, 0x10,
    0xc4, 0x08, 0xc5, 0x10, 0xc5, 0x10, 0xc5, 0x10, 0xc4, 0x10, 0xc5, 0x10,
    0xc5, 0x08, 0xe5, 0x10, 0xc4, 0x10, 0xc5, 0x10, 0xc5, 0x10, 0xe5, 0x08,
    0xc4, 0x10, 0xc5, 0x10, 0xe5, 0x10, 0xc5, 0x10, 0xc4, 0x10, 0xe5, 0x10,
    0xc5, 0x10, 0xe5, 0x10, 0xc4, 0x08, 0xc5, 0x10, 0xc5, 0x10, 0xc5, 0x10,
    0xc5, 0x10, 0xc4, 0x08, 0xc5, 0x10, 0xc5, 0x10, 0xc4, 0x08, 0xc5, 0x10,
    0xc5, 0x10, 0xe5, 0x10, 0xc5, 0x10, 0xc5, 0x10, 0xe5, 0x10, 0xc4, 0x10,
    0xc5, 0x10, 0xc5, 0x10, 0xc5, 0x08, 0xc5, 0x10, 0xc5, 0x10, 0xc5, 0x10,
    0xc5, 0x10, 0xc4, 0x10, 0xe5, 0x10, 0xe5, 0x10, 0xc5, 0x10, 0xc4, 0x10,
    0xe5, 0x10, 0xc5, 0x10, 0xc5, 0x10, 0xe4, 0x10, 0xc5, 0x10, 0xc5, 0x10,
    0xc5, 0x10, 0xc5, 0x10, 0xc5, 0x10, 0xe5, 0x10, 0xc5, 0x10, 0xc5, 0x10,
    0xe4, 0x10, 0xc5, 0x08, 0xc5, 0x10, 0xe5, 0x10, 0xc4, 0x10, 0xc5, 0x10,
    0xc4, 0x10, 0xc5, 0x10, 0xc5, 0x10, 0xc5, 0x10, 0xe4, 0x10, 0xc4, 0x10,
    0xc5, 0x08, 0xc5, 0x10, 0xc5, 0x10, 0xc5, 0x10, 0xc5, 0x08, 0xe4, 0x10,
    0xc5, 0x10, 0xe5, 0x10, 0xe5, 0x10, 0xc5, 0x10, 0xc4, 0x08, 0xc5, 0x10,
    0xe5, 0x10, 0xc5, 0x10, 0xe4, 0x10, 0xc5, 0x08, 0xc5, 0x10, 0xe5, 0x10,
    0xc5, 0x10, 0xc4, 0x10, 0xc5, 0x10, 0xe4, 0x10, 0xc5, 0x10, 0xc5, 0x10,
    0xe4, 0x10, 0xc5, 0x10, 0xc5, 0x08, 0xc5, 0x10, 0xc4, 0x10, 0xe5, 0x10,
    0xc5, 0x10, 0xe5, 0x10, 0xc5, 0x08, 0xc4, 0x10, 0xc5, 0x10, 0xc5, 0x10,
    0xc5, 0x10, 0xc5, 0x10, 0xc5, 0x10, 0xe4, 0x10, 0xc4, 0x10, 0xc5, 0x08,
    0xc4, 0x10, 0xe5, 0x10, 0xc5, 0x08, 0xc5, 0x10, 0xe4, 0x10, 0xc5, 0x10,
    0xc5, 0x10, 0xc5, 0x10, 0xc4, 0x08, 0xc4, 0x10, 0xc5, 0x10, 0xc5, 0x08,
    0xe5, 0x10, 0xc5, 0x10, 0xc5, 0x10, 0xc5, 0x10, 0xe5, 0x10, 0xc5, 0x10,
    0xc5, 0x08, 0xc5, 0x10, 0xc5, 0x10, 0xe5, 0x10, 0xe5, 0x10, 0xc5, 0x10,
    0xc5, 0x10, 0xc5, 0x10, 0xc4, 0x10, 0xc5, 0x10, 0xc5, 0x10, 0xe5, 0x10,
    0xc5, 0x10, 0xc4, 0x10, 0xc5, 0x10, 0xe5, 0x10, 0xc5, 0x10, 0xe5, 0x10,
    0xc4, 0x10, 0xe5, 0x10, 0xc5, 0x10, 0xc4, 0x10, 0xe5, 0x10, 0xc5, 0x10,
    0xc5, 0x10, 0xc4, 0x08, 0xe5, 0x10, 0xc5, 0x10, 0xc5, 0x10, 0xc5, 0x10,
    0xc5, 0x10, 0xc5, 0x10, 0xe5, 0x10, 0xc5, 0x10, 0xc4, 0x10, 0xc5, 0x10,
    0xc5, 0x10, 0xe4, 0x10, 0xc5, 0x10, 0xc5, 0x10, 0xc4, 0x10, 0xe5, 0x10,
    0xe5, 0x08, 0xc5, 0x10, 0xc5, 0x10, 0xc4, 0x10, 0xc5, 0x10, 0xc5, 0x10,
    0xc5, 0x10, 0xc5, 0x10, 0xc4, 0x10, 0xe5, 0x10, 0xc5, 0x10, 0xc5, 0x08,
    0xc4, 0x10, 0xc5, 0x10, 0xc4, 0x10, 0xc4, 0x10, 0xe5, 0x10, 0xe5, 0x10,
    0xc5, 0x10, 0xc4, 0x10, 0xc4, 0x10, 0xc5, 0x08, 0xe5, 0x10, 0xc5, 0x10,
    0xc5, 0x10, 0xe4, 0x10, 0xc5, 0x10, 0xe4, 0x10, 0xe4, 0x10, 0xc5, 0x10,
    0xe5, 0x10, 0xc4, 0x10, 0xc5, 0x10, 0xc5, 0x10, 0xe4, 0x10, 0xc5, 0x10,
    0xc5, 0x10, 0xe5, 0x10, 0xc5, 0x08, 0xc5, 0x10, 0xe5, 0x10, 0xe4, 0x10,
    0xc5, 0x10, 0xc5, 0x10, 0xc4, 0x10, 0xc5, 0x10, 0xc5, 0x10, 0xc5, 0x10,
    0xc5, 0x10, 0xc4, 0x10, 0xc5, 0x10, 0xc5, 0x10, 0xc4, 0x10, 0xc5, 0x10,
    0xe4, 0x08, 0xe5, 0x10, 0xc5, 0x10, 0xc5, 0x10, 0xe5, 0x10, 0xc4, 0x08,
    0xc5, 0x10, 0xc5, 0x10, 0xe5, 0x10, 0xc5, 0x10, 0xe5, 0x10, 0xc4, 0x10,
    0xc5, 0x10, 0xc5, 0x10, 0xe5, 0x10, 0xc4, 0x08, 0xc5, 0x10, 0xc5, 0x10,
    0xc5, 0x10, 0xc4, 0x10, 0xe5, 0x10, 0xc5, 0x10, 0xc5, 0x10, 0xc4, 0x10,
    0xe5, 0x10, 0xc5, 0x10, 0xc5, 0x08, 0xc4, 0x10, 0xc5, 0x10, 0xc5, 0x10,
    0xc5, 0x10, 0xc4, 0x10, 0xc5, 0x10, 0xe5, 0x10, 0xc5, 0x10, 0xe4, 0x08,
    0xc5, 0x10, 0xc5, 0x10, 0xe5, 0x10, 0xc5, 0x10, 0xc5, 0x10, 0xc4, 0x10,
    0xe5, 0x10, 0xc5, 0x10, 0xc5, 0x10, 0xe4, 0x10, 0xc5, 0x08, 0xc5, 0x10,
    0xc4, 0x10, 0xe5, 0x10, 0xc5, 0x10, 0xc4, 0x10, 0xe5, 0x10, 0xc5, 0x10,
    0xc5, 0x10, 0xc5, 0x10, 0xc4, 0x10, 0xc5, 0x10, 0xc4, 0x10, 0xe5, 0x10,
    0xc5, 0x10, 0xe4, 0x08, 0xc4, 0x10, 0xc5, 0x10, 0xc5, 0x10, 0xc5, 0x10,
    0xe5, 0x08, 0xc4, 0x10, 0xc5, 0x10, 0xc5, 0x10, 0xe4, 0x08, 0xc4, 0x10,
    0xc5, 0x10, 0xc5, 0x10, 0xc5, 0x10, 0xc4, 0x10, 0xc5, 0x10, 0xe5, 0x10,
    0xc5, 0x10, 0xc4, 0x08, 0xc5, 0x10, 0xc5, 0x10, 0xc5, 0x10, 0xc5, 0x10,
    0xc5, 0x10, 0xe5, 0x10, 0xc4, 0x10, 0xc4, 0x10, 0xc5, 0x10, 0xc5, 0x10,
    0xc5, 0x08, 0xc5, 0x10, 0xc5, 0x10, 0xc4, 0x10, 0xc5, 0x10, 0xc5, 0x10,
    0xc5, 0x10, 0xc4, 0x10, 0xc5, 0x10, 0xe4, 0x10, 0xc5, 0x10, 0xc5, 0x10,
    0xc4, 0x08, 0xc5, 0x10, 0xe5, 0x10, 0xc5, 0x08, 0xc5, 0x10, 0xc4, 0x10,
    0xc5, 0x08, 0xc5, 0x10, 0xe5, 0x10, 0xe4, 0x10, 0xc5, 0x08, 0xc5, 0x10,
    0xe4, 0x10, 0xc4, 0x10, 0xc5, 0x10, 0xc5, 0x10, 0xe5, 0x10, 0xc5, 0x10,
    0xc4, 0x10, 0xe5, 0x08, 0xe5, 0x10, 0xc5, 0x10, 0xe5, 0x10, 0xc5, 0x10,
    0xe5, 0x10, 0xc4, 0x10, 0xc5, 0x10, 0xc5, 0x10, 0xc5, 0x10, 0xe4, 0x08,
    0xc5, 0x10, 0xc5, 0x10, 0xe5, 0x10, 0xc5, 0x10, 0xc5, 0x10, 0xc4, 0x10,
    0xc5, 0x10, 0xe5, 0x10, 0xc4, 0x10, 0xc4, 0x10, 0xc5, 0x08, 0xe4, 0x10,
    0xc5, 0x10, 0xc5, 0x10, 0xc5, 0x10, 0xc4, 0x10, 0xc5, 0x10, 0xc5, 0x10,
    0xc5, 0x10, 0xc5, 0x10, 0xe5, 0x10, 0xc5, 0x08, 0xc4, 0x10, 0xe5, 0x10,
    0xc5, 0x10, 0xc5, 0x10, 0xc5, 0x08, 0xc4, 0x10, 0xc5, 0x10, 0xc5, 0x10,
    0xc4, 0x10, 0xc5, 0x08, 0xc5, 0x10, 0xe5, 0x10, 0xc5, 0x10, 0xc4, 0x10,
    0xc4, 0x10, 0xe5, 0x10, 0xc4, 0x10, 0xc5, 0x10, 0xe5, 0x10, 0xc4, 0x10,
    0xc5, 0x08, 0xe4, 0x10, 0xc5, 0x10, 0xc5, 0x08, 0xc4, 0x10, 0xe5, 0x10,
    0xc5, 0x08, 0xc5, 0x10, 0xc5, 0x10, 0xc4, 0x10, 0xe5, 0x10, 0xc5, 0x10,
    0xc4, 0x10, 0xc5, 0x10, 0xc5, 0x10, 0xc5, 0x10, 0xe5, 0x08, 0xc4, 0x10,
    0xe5, 0x10, 0xe5, 0x08, 0xc5, 0x10, 0xe4, 0x10, 0xc5, 0x10, 0xc5, 0x10,
    0xe5, 0x10, 0xc5, 0x10, 0xc5, 0x10, 0xc5, 0x08, 0xc5, 0x10, 0xc5, 0x10,
    0xc5, 0x08, 0xe5, 0x10, 0xc5, 0x10, 0xe5, 0x10, 0xc4, 0x10, 0xc4, 0x08,
    0xc5, 0x10, 0xe5, 0x10, 0xc5, 0x10, 0xc5, 0x08, 0xc5, 0x10, 0xc5, 0x10,
    0xc5, 0x10, 0xe5, 0x08, 0xc5, 0x10, 0xc5, 0x10, 0xc5, 0x10, 0xe5, 0x08,
    0xc5, 0x10, 0xc5, 0x10, 0xe4, 0x10, 0xc5, 0x10, 0xc5, 0x08, 0xc5, 0x10,
    0xc5, 0x10, 0xe4, 0x10, 0xc5, 0x10, 0xc5, 0x08, 0xc5, 0x10, 0xc4, 0x10,
    0xe5, 0x10, 0xc5, 0x10, 0xc5, 0x10, 0xe4, 0x08, 0xc5, 0x10, 0xc5, 0x10,
    0xc5, 0x10, 0xc4, 0x10, 0xc5, 0x10, 0xe5, 0x10, 0xc4, 0x10, 0xc5, 0x10,
    0xc5, 0x10, 0xe5, 0x10, 0xc5, 0x10, 0xc4, 0x10, 0xc4, 0x08, 0xc5, 0x10,
    0xc5, 0x10, 0xe5, 0x10, 0xc4, 0x10, 0xc5, 0x10, 0xe5, 0x10, 0xe5, 0x10,
    0xc4, 0x10, 0xc5, 0x10, 0xc5, 0x10, 0xe5, 0x08, 0xc4, 0x10, 0xc5, 0x10,
    0xc5, 0x10, 0xc5, 0x10, 0xc4, 0x10, 0xe5, 0x10, 0xe5, 0x10, 0xc5, 0x08,
    0xc4, 0x10, 0xc5, 0x10, 0xe5, 0x10, 0xc5, 0x10, 0xc4, 0x10, 0xc5, 0x10,
    0xe5, 0x10, 0xc5, 0x10, 0xc4, 0x08, 0xe5, 0x10, 0xc4, 0x10, 0xe5, 0x10,
    0xc5, 0x08, 0xc4, 0x10, 0xc4, 0x10, 0xc5, 0x10, 0xc4, 0x10, 0xc5, 0x10,
    0xe5, 0x10, 0xc5, 0x10, 0xc4, 0x10, 0xe5, 0x10, 0xc5, 0x10, 0xc4, 0x08,
    0xe4, 0x10, 0xe5, 0x10, 0xc5, 0x08, 0xc5, 0x10, 0xe5, 0x10, 0xc5, 0x08,
    0xc5, 0x10, 0xc5, 0x10, 0xc5, 0x10, 0xe5, 0x08, 0xc5, 0x10, 0xc4, 0x10,
    0xe4, 0x10, 0xe5, 0x10, 0xc4, 0x10, 0xc5, 0x10, 0xc5, 0x10, 0xc5, 0x10,
    0xc5, 0x10, 0xc5, 0x10, 0xe4, 0x10, 0xc5, 0x10, 0xc5, 0x08, 0xc5, 0x10,
    0xc5, 0x10, 0xe5, 0x10, 0xe5, 0x10, 0xc4, 0x08, 0xe5, 0x10, 0xc5, 0x10,
    0xc5, 0x10, 0xc4, 0x10, 0xe5, 0x08, 0xc5, 0x10, 0xe5, 0x10, 0xc5, 0x10,
    0xc5, 0x10, 0xe4, 0x10, 0xc4, 0x10, 0xc5, 0x10, 0xe5, 0x10, 0xe5, 0x10,
    0xc4, 0x08, 0xc5, 0x10, 0xe5, 0x10, 0xc5, 0x10, 0xc5, 0x10, 0xc4, 0x10,
    0xe5, 0x10, 0xc5, 0x10, 0xc5, 0x10, 0xc5, 0x10, 0xc4, 0x10, 0xe5, 0x10,
    0xc5, 0x10, 0xc5, 0x10, 0xc4, 0x10, 0xc5, 0x10, 0xc5, 0x10, 0xc5, 0x10,
    0xc5, 0x10, 0xc5, 0x10, 0xc5, 0x10, 0xe5, 0x10, 0xc5, 0x08, 0xe4, 0x10,
    0xc5, 0x10, 0xc5, 0x10, 0xc5, 0x10, 0xc4, 0x10, 0xc5, 0x08, 0xc5, 0x10,
    0xc5, 0x10, 0xc5, 0x10, 0xc4, 0x10, 0xe5, 0x10, 0xc5, 0x10, 0xc5, 0x10,
    0xe4, 0x10, 0xc5, 0x08, 0xc5, 0x10, 0xe5, 0x10, 0xc5, 0x10, 0xe5, 0x10,
    0xc5, 0x10, 0xc5, 0x08, 0xe5, 0x10, 0xc5, 0x10, 0xc5, 0x10, 0xc5, 0x10,
    0xc4, 0x10, 0xe5, 0x10, 0xc5, 0x10, 0xc5, 0x08, 0xc4, 0x10, 0xc5, 0x10,
    0xc5, 0x10, 0xc4, 0x10, 0xc5, 0x10, 0xe5, 0x10, 0xc4, 0x10, 0xc5, 0x10,
    0xc4, 0x08, 0xe5, 0x10, 0xe5, 0x10, 0xc5, 0x10, 0xc4, 0x10, 0xc5, 0x08,
    0xe5, 0x10, 0xc5, 0x10, 0xc4, 0x10, 0xc4, 0x10, 0xe5, 0x08, 0xc5, 0x10,
    0xc5, 0x10, 0xc5, 0x10, 0xc5, 0x10, 0xe5, 0x10, 0xc4, 0x08, 0xc5, 0x10,
    0xe5, 0x10, 0xc5, 0x10, 0xc4, 0x10, 0xc5, 0x10, 0xe5, 0x10, 0xc5, 0x10,
    0xe5, 0x10, 0xc4, 0x10, 0xc5, 0x10, 0xe5, 0x08, 0xc5, 0x10, 0xc5, 0x10,
    0xc5, 0x10, 0xc4, 0x10, 0xe5, 0x10, 0xe5, 0x10, 0xc5, 0x10, 0xc5, 0x10,
    0xc4, 0x10, 0xc5, 0x10, 0xc4, 0x10, 0xc5, 0x10, 0xc5, 0x10, 0xc4, 0x10,
    0xc5, 0x10, 0xe5, 0x08, 0xc4, 0x10, 0xc5, 0x10, 0xe5, 0x10, 0xc4, 0x10,
    0xc4, 0x10, 0xc5, 0x10, 0xc5, 0x10, 0xc5, 0x10, 0xe5, 0x10, 0xc5, 0x10,
    0xc5, 0x10, 0xc5, 0x10, 0xc4, 0x10, 0xc5, 0x10, 0xc5, 0x10, 0xc5, 0x10,
    0xe4, 0x10, 0xc5, 0x10, 0xc5, 0x10, 0xe4, 0x10, 0xc5, 0x10, 0xc5, 0x10,
    0xe4, 0x10, 0xc4, 0x10, 0xc5, 0x10, 0xe4, 0x10, 0xc5, 0x10, 0xc5, 0x10,
    0xc4, 0x10, 0xc5, 0x08, 0xc5, 0x10, 0xe5, 0x10, 0xe4, 0x10, 0xc5, 0x10,
    0xc5, 0x08, 0xe5, 0x10, 0xc4, 0x10, 0xc5, 0x10, 0xe5, 0x10, 0xc5, 0x10,
    0xc5, 0x10, 0xc5, 0x10, 0xe5, 0x08, 0xc4, 0x10, 0xc5, 0x10, 0xc5, 0x10,
    0xe5, 0x10, 0xc4, 0x10, 0xc4, 0x08, 0xc5, 0x10, 0xe5, 0x10, 0xc5, 0x10,
    0xe5, 0x10, 0xc4, 0x08, 0xc5, 0x10, 0xc5, 0x10, 0xc5, 0x10, 0xc4, 0x10,
    0xe5, 0x08, 0xe5, 0x10, 0xc5, 0x10, 0xc4, 0x10, 0xc5, 0x10, 0xe5, 0x10,
    0xc5, 0x10, 0xc4, 0x08, 0xe5, 0x10, 0xc5, 0x10, 0xc5, 0x10, 0xc4, 0x10,
    0xe5, 0x10, 0xe5, 0x10, 0xc5, 0x08, 0xc4, 0x10, 0xc5, 0x10, 0xc5, 0x10,
    0xc5, 0x10, 0xe4, 0x10, 0xc5, 0x10, 0xc5, 0x10, 0xe5, 0x10, 0xc5, 0x10,
    0xc5, 0x10, 0xc5, 0x10, 0xc5, 0x10, 0xe5, 0x08, 0xc5, 0x10, 0xc5, 0x10,
    0xc5, 0x10, 0xc4, 0x10, 0xe5, 0x08, 0xc5, 0x10, 0xc5, 0x10, 0xc5, 0x10,
    0xc5, 0x10, 0xc5, 0x10, 0xe5, 0x10, 0xc4, 0x10, 0xc5, 0x10, 0xc5, 0x10,
    0xc5, 0x10, 0xc4, 0x10, 0xe5, 0x10, 0xc5, 0x10, 0xe4, 0x10, 0xc5, 0x10,
    0xc5, 0x10, 0xc5, 0x10, 0xe5, 0x10, 0xc4, 0x08, 0xc5, 0x10, 0xe5, 0x10,
    0xe5, 0x10, 0xc4, 0x08, 0xc5, 0x10, 0xe5, 0x10, 0xe5, 0x10, 0xc4, 0x10,
    0xc4, 0x10, 0xc5, 0x10, 0xc5, 0x10, 0xc5, 0x10, 0xc4, 0x10, 0xe4, 0x10,
    0xc5, 0x08, 0xc5, 0x10, 0xc5, 0x10, 0xc5, 0x10, 0xc5, 0x10, 0xe4, 0x10,
    0xc4, 0x10, 0xc5, 0x10, 0xc5, 0x10, 0xc5, 0x08, 0xc5, 0x10, 0xc4, 0x10,
    0xc5, 0x10, 0xe5, 0x10, 0xc5, 0x10, 0xc5, 0x08, 0xc4, 0x10, 0xe5, 0x10,
    0xc5, 0x10, 0xc5, 0x10, 0xc5, 0x08, 0xe4, 0x10, 0xc5, 0x10, 0xc5, 0x10,
    0xe5, 0x10, 0xc4, 0x10, 0xe5, 0x10, 0xc5, 0x10, 0xc5, 0x10, 0xe4, 0x10,
    0xc5, 0x10, 0xc5, 0x08, 0xe5, 0x10, 0xc4, 0x10, 0xc4, 0x10, 0xc5, 0x10,
    0xe5, 0x10, 0xc5, 0x10, 0xc5, 0x10, 0xc4, 0x10, 0xc5, 0x10, 0xc5, 0x10,
    0xe4, 0x10, 0xc5, 0x10, 0xc5, 0x08, 0xe4, 0x10, 0xc5, 0x10, 0xc5, 0x10,
    0xc5, 0x10, 0xe4, 0x10, 0xc5, 0x10, 0xc4, 0x10, 0xc4, 0x08, 0xc5, 0x10,
    0xe4, 0x10, 0xc4, 0x10, 0xc5, 0x10, 0xc5, 0x10, 0xe5, 0x10, 0xc5, 0x10,
    0xc5, 0x10, 0xe4, 0x08, 0xc5, 0x10, 0xe4, 0x10, 0xe5, 0x10, 0xc5, 0x10,
    0xc5, 0x10, 0xc5, 0x10, 0xe4, 0x10, 0xc5, 0x10, 0xc5, 0x10, 0xc5, 0x10,
    0xc5, 0x10, 0xc4, 0x10, 0xc5, 0x10, 0xc4, 0x10, 0xe5, 0x10, 0xc5, 0x10,
    0xc4, 0x10, 0xe5, 0x10, 0xc5, 0x10, 0xe5, 0x10, 0xc5, 0x10, 0xc5, 0x10,
    0xc5, 0x10, 0xe5, 0x08, 0xc5, 0x10, 0xc4, 0x10, 0xc5, 0x10, 0xc5, 0x10,
    0xe5, 0x10, 0xc5, 0x08, 0xc5, 0x10, 0xe4, 0x10, 0xc5, 0x08, 0xc5, 0x10,
    0xc4, 0x10, 0xe5, 0x10, 0xc5, 0x10, 0xc5, 0x10, 0xc4, 0x10, 0xc5, 0x10,
    0xe4, 0x08, 0xc5, 0x10, 0xc5, 0x10, 0xc4, 0x08, 0xc5, 0x10, 0xc4, 0x10,
    0xe5, 0x10, 0xc5, 0x10, 0xc5, 0x10, 0xc5, 0x10, 0xe5, 0x08, 0xc5, 0x10,
    0xe4, 0x10, 0xc5, 0x10, 0xc5, 0x10, 0xe5, 0x10, 0xc4, 0x08, 0xc5, 0x10,
    0xc5, 0x10, 0xe4, 0x08, 0xc5, 0x10, 0xc5, 0x10, 0xc4, 0x10, 0xe5, 0x10,
    0xc5, 0x10, 0xe4, 0x08, 0xc5, 0x10, 0xe5, 0x10, 0xe4, 0x10, 0xc5, 0x08,
    0xc5, 0x10, 0xc4, 0x10, 0xc5, 0x10, 0xe5, 0x08, 0xc4, 0x10, 0xc5, 0x10,
    0xc5, 0x10, 0xc5, 0x08, 0xc5, 0x10, 0xc5, 0x10, 0xc5, 0x10, 0xe4, 0x10,
    0xe5, 0x10, 0xc5, 0x10, 0xc5, 0x10, 0xc4, 0x10, 0xc5, 0x10, 0xc5, 0x10,
    0xe5, 0x10, 0xc4, 0x10, 0xc5, 0x10, 0xc5, 0x10, 0xc5, 0x10, 0xe4, 0x08,
    0xe4, 0x10, 0xc5, 0x10, 0xc5, 0x10, 0xc5, 0x10, 0xc5, 0x10, 0xe5, 0x08,
    0xc4, 0x10, 0xc5, 0x10, 0xe5, 0x10, 0xc5, 0x10, 0xe5, 0x10, 0xc5, 0x10,
    0xc4, 0x10, 0xc5, 0x10, 0xc5, 0x10, 0xe5, 0x08, 0xc4, 0x10, 0xc5, 0x10,
    0xc5, 0x10, 0xc5, 0x10, 0xc4, 0x10, 0xc5, 0x10, 0xc5, 0x10, 0xc5, 0x08,
    0xe4, 0x10, 0xc5, 0x10, 0xc5, 0x10, 0xc5, 0x08, 0xc4, 0x10, 0xc5, 0x10,
    0xc5, 0x10, 0xc5, 0x10, 0xc4, 0x10, 0xe5, 0x10, 0xe5, 0x10, 0xc5, 0x08,
    0xc4, 0x10, 0xc5, 0x10, 0xc5, 0x10, 0xc5, 0x10, 0xc4, 0x10, 0xc5, 0x08,
    0xc5, 0x10, 0xe4, 0x10, 0xe5, 0x10, 0xc5, 0x10, 0xc5, 0x10, 0xe5, 0x08,
    0xe4, 0x10, 0xc5, 0x10, 0xc5, 0x10, 0xc5, 0x10, 0xc4, 0x10, 0xe5, 0x10,
    0xc5, 0x10, 0xc5, 0x08, 0xc4, 0x10, 0xc5, 0x10, 0xc5, 0x10, 0xe4, 0x10,
    0xc4, 0x10, 0xe5, 0x10, 0xc5, 0x10, 0xc5, 0x10, 0xc5, 0x10, 0xc5, 0x10,
    0xc5, 0x08, 0xc5, 0x10, 0xc5, 0x10, 0xe5, 0x10, 0xc5, 0x10, 0xc4, 0x10,
    0xc4, 0x10, 0xe5, 0x10, 0xc5, 0x10, 0xc5, 0x10, 0xc5, 0x10, 0xc5, 0x10,
    0xe5, 0x08, 0xc4, 0x10, 0xc5, 0x10, 0xc5, 0x10, 0xe5, 0x10, 0xc5, 0x10,
    0xc5, 0x10, 0xe5, 0x10, 0xc4, 0x10, 0xc5, 0x10, 0xe4, 0x10, 0xc5, 0x08,
    0xc5, 0x10, 0xe5, 0x10, 0xc5, 0x10, 0xc5, 0x10, 0xe4, 0x10, 0xc5, 0x10,
    0xc5, 0x10, 0xc5, 0x10, 0xc5, 0x10, 0xc4, 0x10, 0xe5, 0x10, 0xc5, 0x08,
    0xc5, 0x10, 0xc4, 0x10, 0xe4, 0x10, 0xc5, 0x10, 0xc5, 0x10, 0xe5, 0x10,
    0xc4, 0x08, 0xc5, 0x10, 0xc5, 0x10, 0xe4, 0x08, 0xc5, 0x10, 0xc5, 0x10,
    0xe4, 0x10, 0xc5, 0x10, 0xe4, 0x10, 0xc5, 0x10, 0xc5, 0x10, 0xc5, 0x10,
    0xc4, 0x10, 0xc4, 0x08, 0xe5, 0x10, 0xc5, 0x10, 0xe5, 0x10, 0xe5, 0x10,
    0xc4, 0x08, 0xc5, 0x10, 0xe5, 0x10, 0xc5, 0x10, 0xc4, 0x08, 0xc5, 0x10,
    0xc5, 0x10, 0xc5, 0x10, 0xc5, 0x10, 0xc5, 0x10, 0xe5, 0x10, 0xc5, 0x10,
    0xc5, 0x10, 0xc5, 0x10, 0xc4, 0x10, 0xc5, 0x08, 0xc4, 0x10, 0xe4, 0x10,
    0xc5, 0x10, 0xc5, 0x10, 0xc5, 0x10, 0xc5, 0x10, 0xc5, 0x10, 0xc5, 0x08,
    0xc5, 0x10, 0xc5, 0x10, 0xc5, 0x10, 0xc5, 0x08, 0xc4, 0x10, 0xe5, 0x10,
    0xc5, 0x10, 0xe5, 0x10, 0xc5, 0x08, 0xc5, 0x10, 0xc5, 0x10, 0xe5, 0x10,
    0xc5, 0x10, 0xc5, 0x10, 0xc5, 0x08, 0xc5, 0x10, 0xc5, 0x10, 0xc4, 0x10,
    0xe4, 0x10, 0xc5, 0x10, 0xc4, 0x10, 0xc5, 0x10, 0xe5, 0x10, 0xc5, 0x10,
    0xc4, 0x10, 0xc4, 0x10, 0xc5, 0x10, 0xe5, 0x10, 0xc5, 0x10, 0xc4, 0x10,
    0xc5, 0x10, 0xc5, 0x08, 0xc5, 0x10, 0xe4, 0x10, 0xc5, 0x10, 0xc5, 0x10,
    0xc5, 0x10, 0xe5, 0x10, 0xc4, 0x10, 0xc5, 0x10, 0xc5, 0x10, 0xe5, 0x10,
    0xc5, 0x08, 0xc5, 0x10, 0xe5, 0x10, 0xe4, 0x10, 0xc4, 0x10, 0xc5, 0x10,
    0xc5, 0x10, 0xc5, 0x10, 0xe4, 0x10, 0xc5, 0x10, 0xc5, 0x10, 0xc5, 0x10,
    0xe5, 0x10, 0xc5, 0x10, 0xc5, 0x10, 0xe4, 0x10, 0xc5, 0x08, 0xc5, 0x10,
    0xc4, 0x10, 0xc5, 0x10, 0xc5, 0x10, 0xc4, 0x10, 0xc5, 0x10, 0xc5, 0x10,
    0xe5, 0x10, 0xc5, 0x10, 0xc5, 0x10, 0xc5, 0x10, 0xc5, 0x10, 0xc4, 0x10,
    0xe5, 0x10, 0xc5, 0x10, 0xe5, 0x10, 0xc5, 0x10, 0xc4, 0x08, 0xc5, 0x10,
    0xc5, 0x10, 0xc5, 0x10, 0xe5, 0x10, 0xc4, 0x10, 0xc5, 0x08, 0xc5, 0x10,
    0xc4, 0x10, 0xc5, 0x10, 0xc5, 0x10, 0xe5, 0x08, 0xc5, 0x10, 0xc5, 0x10,
    0xc5, 0x10, 0xc4, 0x10, 0xc5, 0x10, 0xe5, 0x10, 0xc4, 0x10, 0xc5, 0x10,
    0xc5, 0x10, 0xc5, 0x10, 0xc5, 0x10, 0xc5, 0x10, 0xc4, 0x10, 0xc4, 0x08,
    0xc5, 0x10, 0xe5, 0x10, 0xc5, 0x10, 0xc4, 0x10, 0xe5, 0x10, 0xc5, 0x10,
    0xc5, 0x10, 0xc4, 0x10, 0xc5, 0x08, 0xe5, 0x10, 0xe5, 0x10, 0xc4, 0x10,
    0xc5, 0x10, 0xc5, 0x10, 0xe5, 0x10, 0xc4, 0x10, 0xc5, 0x10, 0xe5, 0x10,
    0xc5, 0x08, 0xc4, 0x10, 0xc5, 0x10, 0xc5, 0x10, 0xc5, 0x10, 0xe4, 0x10,
    0xc5, 0x10, 0xc5, 0x10, 0xc5, 0x08, 0xe4, 0x10, 0xc5, 0x10, 0xc5, 0x10,
    0xe4, 0x10, 0xc5, 0x08, 0xc5, 0x10, 0xc5, 0x10, 0xc4, 0x10, 0xc4, 0x10,
    0xc5, 0x10, 0xc5, 0x10, 0xc5, 0x10, 0xe4, 0x10, 0xc5, 0x08, 0xc4, 0x10,
    0xe5, 0x10, 0xc5, 0x10, 0xc4, 0x10, 0xc5, 0x10, 0xe5, 0x10, 0xc5, 0x08,
    0xc5, 0x10, 0xc5, 0x10, 0xc5, 0x08, 0xc4, 0x10, 0xc4, 0x10, 0xc5, 0x10,
    0xe5, 0x10, 0xc4, 0x10, 0xc4, 0x10, 0xc5, 0x10, 0xc5, 0x10, 0xc5, 0x08,
    0xc5, 0x10, 0xc5, 0x10, 0xc5, 0x10, 0xc4, 0x08, 0xc4, 0x10, 0xc5, 0x10,
    0xc5, 0x10, 0xe5, 0x10, 0xe4, 0x10, 0xc5, 0x08, 0xc5, 0x10, 0xc5, 0x10,
    0xe5, 0x10, 0xc4, 0x10, 0xc5, 0x10, 0xe5, 0x08, 0xc5, 0x10, 0xc5, 0x10,
    0xc5, 0x10, 0xc5, 0x08, 0xe4, 0x10, 0xe4, 0x10, 0xc5, 0x10, 0xc5, 0x10,
    0xc4, 0x08, 0xe4, 0x10, 0xc5, 0x10, 0xc5, 0x10, 0xe5, 0x10, 0xc4, 0x10,
    0xc5, 0x10, 0xe5, 0x10, 0xc5, 0x10, 0xc5, 0x10, 0xc5, 0x08, 0xc4, 0x10,
    0xc5, 0x10, 0xc5, 0x10, 0xc5, 0x10, 0xc5, 0x10, 0xc5, 0x10, 0xc4, 0x10,
    0xc5, 0x08, 0xc5, 0x10, 0xc5, 0x10, 0xc5, 0x10, 0xc5, 0x08, 0xe5, 0x10,
    0xc5, 0x10, 0xc5, 0x10, 0xe4, 0x10, 0xc5, 0x08, 0xc5, 0x10, 0xc4, 0x10,
    0xc5, 0x10, 0xc5, 0x10, 0xc5, 0x10, 0xc5, 0x10, 0xc5, 0x10, 0xe4, 0x10,
    0xe5, 0x10, 0xc5, 0x08, 0xc4, 0x10, 0xe5, 0x10, 0xc5, 0x10, 0xc5, 0x10,
    0xc5, 0x10, 0xc5, 0x08, 0xe5, 0x10, 0xe5, 0x10, 0xc5, 0x10, 0xc5, 0x08,
    0xc5, 0x10, 0xe5, 0x10, 0xc5, 0x10, 0xc4, 0x10, 0xc5, 0x10, 0xc5, 0x10,
    0xc5, 0x10, 0xc4, 0x10, 0xe5, 0x10, 0xc5, 0x10, 0xc5, 0x10, 0xe4, 0x10,
    0xc5, 0x08, 0xc5, 0x10, 0xe5, 0x10, 0xe4, 0x10, 0xc5, 0x10, 0xc4, 0x08,
    0xc5, 0x10, 0xc5, 0x10, 0xe4, 0x10, 0xc4, 0x10, 0xc5, 0x10, 0xe5, 0x10,
    0xc5, 0x08, 0xc5, 0x10, 0xc5, 0x10, 0xe5, 0x10, 0xc5, 0x08, 0xc4, 0x10,
    0xc5, 0x10, 0xe5, 0x10, 0xc5, 0x10, 0xc5, 0x10, 0xc4, 0x10, 0xc5, 0x10,
    0xe5, 0x10, 0xc5, 0x10, 0xc4, 0x10, 0xc5, 0x10, 0xe5, 0x10, 0xc5, 0x08,
    0xc4, 0x10, 0xc5, 0x10, 0xe5, 0x10, 0xc5, 0x10, 0xe5, 0x10, 0xc4, 0x10,
    0xc4, 0x10, 0xc5, 0x10, 0xc4, 0x10, 0xc5, 0x08, 0xc5, 0x10, 0xc5, 0x10,
    0xe5, 0x10, 0xc4, 0x08, 0xc5, 0x10, 0xc5, 0x10, 0xc5, 0x10, 0xe4, 0x10,
    0xc5, 0x10, 0xc5, 0x10, 0xc4, 0x10, 0xe5, 0x10, 0xc5, 0x10, 0xc4, 0x10,
    0xc5, 0x10, 0xe5, 0x10, 0xc5, 0x10, 0xc5, 0x08, 0xc5, 0x10, 0xc4, 0x10,
    0xe4, 0x10, 0xc5, 0x08, 0xe4, 0x10, 0xc4, 0x10, 0xc5, 0x10, 0xe5, 0x08,
    0xc4, 0x10, 0xc5, 0x10, 0xc5, 0x10, 0xe4, 0x10, 0xc5, 0x10, 0xe5, 0x10,
    0xc4, 0x10, 0xc4, 0x08, 0xc5, 0x10, 0xe5, 0x10, 0xe5, 0x10, 0xc5, 0x10,
    0xe4, 0x08, 0xc5, 0x10, 0xc5, 0x10, 0xe5, 0x10, 0xc4, 0x10, 0xc5, 0x10,
    0xc5, 0x08, 0xc5, 0x10, 0xe5, 0x10, 0xc4, 0x10, 0xc5, 0x08, 0xe5, 0x10,
    0xc5, 0x10, 0xc4, 0x10, 0xe5, 0x08, 0xc4, 0x10, 0xc5, 0x10, 0xc5, 0x10,
    0xe5, 0x10, 0xc5, 0x10, 0xc4, 0x10, 0xe5, 0x10, 0xc5, 0x10, 0xc4, 0x08,
    0xe5, 0x10, 0xe5, 0x10, 0xc4, 0x10, 0xc5, 0x10, 0xc4, 0x10, 0xc5, 0x10,
    0xc5, 0x10, 0xc5, 0x10, 0xc4, 0x10, 0xe5, 0x10, 0xc5, 0x10, 0xc5, 0x10,
    0xe4, 0x10, 0xc5, 0x10, 0xe5, 0x10, 0xc5, 0x08, 0xc4, 0x10, 0xc5, 0x10,
    0xe5, 0x10, 0xe5, 0x10, 0xc4, 0x10, 0xc5, 0x10, 0xe5, 0x10, 0xc5, 0x10,
    0xc4, 0x10, 0xc5, 0x10, 0xc5, 0x10, 0xe4, 0x10, 0xe5, 0x10, 0xc5, 0x10,
    0xc5, 0x10, 0xc5, 0x08, 0xe4, 0x10, 0xc5, 0x10, 0xc5, 0x10, 0xe5, 0x10,
    0xc4, 0x10, 0xc5, 0x10, 0xe5, 0x10, 0xe5, 0x08, 0xc4, 0x10, 0xc5, 0x10,
    0xc5, 0x10, 0xe4, 0x10, 0xc5, 0x10, 0xc5, 0x10, 0xe5, 0x08, 0xe5, 0x10,
    0xc4, 0x10, 0xe5, 0x10, 0xc5, 0x10, 0xc5, 0x08, 0xe5, 0x10, 0xe4, 0x10,
    0xc5, 0x10, 0xc5, 0x10, 0xc4, 0x10, 0xe5, 0x10, 0xe5, 0x10, 0xc4, 0x10,
    0xc5, 0x10, 0xc5, 0x10, 0xc5, 0x10, 0xc4, 0x10, 0xe5, 0x10, 0xc4, 0x10,
    0xc4, 0x08, 0xc5, 0x10, 0xc5, 0x10, 0xc5, 0x10, 0xc4, 0x10, 0xc5, 0x10,
    0xe5, 0x10, 0xc4, 0x10, 0xc5, 0x10, 0xc5, 0x08, 0xc5, 0x10, 0xc5, 0x10,
    0xe5, 0x10, 0xc5, 0x10, 0xe5, 0x10, 0xc4, 0x08, 0xc5, 0x10, 0xc5, 0x10,
    0xc4, 0x10, 0xe5, 0x08, 0xc5, 0x10, 0xc5, 0x10, 0xe4, 0x10, 0xe5, 0x10,
    0xc5, 0x10, 0xe5, 0x08, 0xe5, 0x10, 0xc4, 0x10, 0xc5, 0x10, 0xe5, 0x10,
    0xc5, 0x10, 0xc5, 0x10, 0xe4, 0x10, 0xc5, 0x10, 0xc5, 0x10, 0xe4, 0x10,
    0xc5, 0x10, 0xc5, 0x10, 0xc5, 0x10, 0xc5, 0x10, 0xc5, 0x10, 0xc4, 0x10,
    0xc5, 0x10, 0xe5, 0x10, 0xe4, 0x10, 0xc4, 0x10, 0xe5, 0x10, 0xc5, 0x10,
    0xc5, 0x10, 0xc4, 0x10, 0xe5, 0x10, 0xc4, 0x10, 0xc5, 0x08, 0xe4, 0x10,
    0xe4, 0x10, 0xc5, 0x10, 0xc5, 0x10, 0xc4, 0x10, 0xc5, 0x10, 0xc5, 0x10,
    0xc4, 0x10, 0xc4, 0x10, 0xe5, 0x10, 0xc5, 0x08, 0xe4, 0x10, 0xe5, 0x10,
    0xc5, 0x10, 0xc5, 0x10, 0xc4, 0x10, 0xe5, 0x10, 0xc4, 0x10, 0xc5, 0x10,
    0xc5, 0x10, 0xc4, 0x10, 0xc4, 0x10, 0xc5, 0x10, 0xc5, 0x10, 0xc5, 0x10,
    0xc4, 0x10, 0xe5, 0x10, 0xc5, 0x10, 0xc5, 0x10, 0xe5, 0x08, 0xc4, 0x10,
    0xc5, 0x10, 0xc5, 0x10, 0xe4, 0x10, 0xc4, 0x10, 0xc5, 0x10, 0xc5, 0x10,
    0xe5, 0x10, 0xc5, 0x08, 0xc5, 0x10, 0xc4, 0x10, 0xc5, 0x08, 0xe5, 0x10,
    0xc5, 0x10, 0xe4, 0x10, 0xc5, 0x10, 0xe5, 0x08, 0xc5, 0x10, 0xc4, 0x10,
    0xe5, 0x10, 0xc5, 0x10, 0xc5, 0x08, 0xc4, 0x10, 0xc5, 0x10, 0xc5, 0x08,
    0xc5, 0x10, 0xe5, 0x10, 0xc5, 0x10, 0xc5, 0x10, 0xc5, 0x10, 0xe5, 0x10,
    0xc4, 0x10, 0xc5, 0x10, 0xc5, 0x10, 0xc5, 0x10, 0xe4, 0x08, 0xc5, 0x10,
    0xc5, 0x10, 0xe4, 0x08, 0xc5, 0x10, 0xc5, 0x10, 0xc5, 0x10, 0xc5, 0x10,
    0xe5, 0x08, 0xc5, 0x10, 0xc5, 0x10, 0xe4, 0x10, 0xe5, 0x10, 0xc5, 0x10,
    0xc5, 0x10, 0xc5, 0x10, 0xc5, 0x10, 0xe5, 0x10, 0xc5, 0x10, 0xc5, 0x10,
    0xc5, 0x10, 0xc5, 0x10, 0xc4, 0x08, 0xc5, 0x10, 0xc5, 0x10, 0xc5, 0x10,
    0xe5, 0x10, 0xc5, 0x10, 0xc5, 0x10, 0xc5, 0x10, 0xc4, 0x10, 0xc5, 0x10,
    0xc5, 0x10, 0xe5, 0x10, 0xc4, 0x10, 0xc4, 0x10, 0xc5, 0x10, 0xc4, 0x10,
    0xe5, 0x10, 0xe5, 0x10, 0xc4, 0x10, 0xc5, 0x10, 0xe5, 0x10, 0xc5, 0x10,
    0xc4, 0x10, 0xe5, 0x10, 0xc5, 0x10, 0xc5, 0x10, 0xe5, 0x08, 0xc5, 0x10,
    0xc5, 0x10, 0xc4, 0x10, 0xc5, 0x08, 0xc5, 0x10, 0xc5, 0x10, 0xc5, 0x10,
    0xc5, 0x10, 0xc5, 0x10, 0xe5, 0x10, 0xc5, 0x10, 0xc5, 0x10, 0xe5, 0x08,
    0xe5, 0x10, 0xc4, 0x10, 0xe5, 0x08, 0xc5, 0x10, 0xc5, 0x10, 0xe4, 0x08,
    0xc5, 0x10, 0xc5, 0x10, 0xc5, 0x10, 0xe4, 0x10, 0xc5, 0x10, 0xc5, 0x08,
    0xc5, 0x10, 0xc4, 0x10, 0xc5, 0x10, 0xc5, 0x10, 0xc5, 0x08, 0xc5, 0x10,
    0xc5, 0x10, 0xe5, 0x10, 0xc4, 0x10, 0xc5, 0x10, 0xc5, 0x08, 0xc5, 0x10,
    0xe5, 0x10, 0xe5, 0x10, 0xc4, 0x10, 0xc5, 0x10, 0xc5, 0x10, 0xc5, 0x10,
    0xc5, 0x08, 0xc5, 0x10, 0xc5, 0x10, 0xc5, 0x10, 0xc5, 0x10, 0xc4, 0x10,
    0xe5, 0x08, 0xc5, 0x10, 0xe4, 0x10, 0xc5, 0x10, 0xc5, 0x10, 0xc5, 0x10,
    0xc5, 0x08, 0xc5, 0x10, 0xe5, 0x10, 0xc4, 0x10, 0xc4, 0x10, 0xc5, 0x10,
    0xc5, 0x08, 0xe5, 0x10, 0xc5, 0x10, 0xc5, 0x10, 0xc5, 0x10, 0xe5, 0x08,
    0xc5, 0x10, 0xc4, 0x10, 0xc5, 0x08, 0xc5, 0x10, 0xc5, 0x10, 0xc5, 0x10,
    0xc5, 0x10, 0xe5, 0x10, 0xc5, 0x10, 0xe4, 0x10, 0xc5, 0x10, 0xc5, 0x10,
    0xe4, 0x10, 0xc5, 0x10, 0xc5, 0x10, 0xc5, 0x10, 0xc5, 0x10, 0xe4, 0x10,
    0xc5, 0x10, 0xc5, 0x10, 0xc4, 0x10, 0xc5, 0x10, 0xe5, 0x10, 0xc5, 0x10,
    0xc5, 0x10, 0xc5, 0x10, 0xc4, 0x10, 0xc4, 0x10, 0xc5, 0x10, 0xc5, 0x10,
    0xc5, 0x10, 0xc4, 0x10, 0xc4, 0x10, 0xe5, 0x10, 0xc5, 0x08, 0xc5, 0x10,
    0xe4, 0x10, 0xc5, 0x10, 0xc5, 0x08, 0xe4, 0x10, 0xc5, 0x10, 0xc5, 0x10,
    0xc4, 0x08, 0xe5, 0x10, 0xc5, 0x10, 0xc5, 0x10, 0xe4, 0x10, 0xe5, 0x10,
    0xc5, 0x08, 0xc5, 0x10, 0xc5, 0x10, 0xc5, 0x08, 0xc5, 0x10, 0xc5, 0x10,
    0xc4, 0x08, 0xe5, 0x10, 0xc5, 0x10, 0xc5, 0x10, 0xc5, 0x10, 0xc5, 0x10,
    0xc5, 0x10, 0xe4, 0x10, 0xc5, 0x10, 0xc5, 0x10, 0xc4, 0x10, 0xe5, 0x10,
    0xe5, 0x10, 0xc5, 0x08, 0xc5, 0x10, 0xc4, 0x10, 0xc5, 0x10, 0xc5, 0x08,
    0xc5, 0x10, 0xc5, 0x10, 0xe5, 0x10, 0xc5, 0x08, 0xc5, 0x10, 0xc5, 0x10,
    0xe5, 0x10, 0xc5, 0x10, 0xc5, 0x10, 0xc5, 0x08, 0xc5, 0x10, 0xe5, 0x10,
    0xe5, 0x10, 0xc4, 0x08, 0xc5, 0x10, 0xe5, 0x10, 0xc5, 0x10, 0xc5, 0x10,
    0xc4, 0x10, 0xe5, 0x10, 0xc5, 0x10, 0xc5, 0x08, 0xc5, 0x10, 0xe4, 0x10,
    0xc5, 0x10, 0xc5, 0x10, 0xe4, 0x10, 0xe5, 0x10, 0xc5, 0x10, 0xc5, 0x10,
    0xc4, 0x08, 0xc5, 0x10, 0xc5, 0x10, 0xc5, 0x10, 0xc4, 0x10, 0xe5, 0x10,
    0xc5, 0x10, 0xc5, 0x10, 0xc4, 0x10, 0xc5, 0x10, 0xe5, 0x10, 0xc5, 0x10,
    0xc5, 0x10, 0xc5, 0x10, 0xe4, 0x08, 0xc5, 0x10, 0xe5, 0x10, 0xc4, 0x10,
    0xc5, 0x08, 0xe5, 0x10, 0xe5, 0x10, 0xc4, 0x10, 0xc5, 0x10, 0xc5, 0x10,
    0xc5, 0x10, 0xc5, 0x10, 0xc5, 0x10, 0xc5, 0x08, 0xe5, 0x10, 0xc4, 0x10,
    0xe5, 0x10, 0xc5, 0x10, 0xc4, 0x10, 0xc5, 0x10, 0xc5, 0x10, 0xc5, 0x08,
    0xe5, 0x10, 0xc5, 0x10, 0xc5, 0x10, 0xc5, 0x08, 0xc5, 0x10, 0xe4, 0x10,
    0xc5, 0x10, 0xe5, 0x10, 0xe4, 0x10, 0xc5, 0x10, 0xc5, 0x08, 0xe4, 0x10,
    0xc5, 0x10, 0xe5, 0x10, 0xc5, 0x10, 0xc4, 0x08, 0xc5, 0x10, 0xc5, 0x10,
    0xe5, 0x10, 0xc5, 0x10, 0xc5, 0x10, 0xe5, 0x08, 0xc5, 0x10, 0xe5, 0x10,
    0xc5, 0x10, 0xc4, 0x10, 0xc5, 0x08, 0xc5, 0x10, 0xc5, 0x10, 0xc4, 0x10,
    0xc5, 0x08, 0xe5, 0x10, 0xc5, 0x10, 0xc4, 0x10, 0xe5, 0x10, 0xc5, 0x10,
    0xe4, 0x10, 0xc5, 0x10, 0xc5, 0x10, 0xe5, 0x10, 0xc4, 0x10, 0xc5, 0x10,
    0xe5, 0x10, 0xc4, 0x08, 0xc5, 0x10, 0xe5, 0x10, 0xc4, 0x10, 0xc5, 0x10,
    0xc5, 0x10, 0xc4, 0x10, 0xc5, 0x10, 0xc5, 0x10, 0xc4, 0x10, 0xc5, 0x10,
    0xc5, 0x10, 0xc5, 0x10, 0xc4, 0x10, 0xc5, 0x10, 0xe5, 0x10, 0xc5, 0x10,
    0xc4, 0x10, 0xc5, 0x10, 0xc5, 0x08, 0xe5, 0x10, 0xc4, 0x10, 0xc4, 0x10,
    0xe5, 0x10, 0xc5, 0x08, 0xc5, 0x10, 0xc5, 0x10, 0xc5, 0x10, 0xc4, 0x10,
    0xc4, 0x10, 0xc5, 0x10, 0xc5, 0x10, 0xc5, 0x08, 0xc5, 0x10, 0xe4, 0x10,
    0xc5, 0x10, 0xc4, 0x10, 0xe4, 0x10, 0xc5, 0x10, 0xc4, 0x10, 0xe5, 0x10,
    0xc5, 0x10, 0xc5, 0x10, 0xc5, 0x10, 0xe4, 0x10, 0xc5, 0x10, 0xc5, 0x10,
    0xc4, 0x10, 0xc5, 0x10, 0xc5, 0x10, 0xe5, 0x10, 0xc5, 0x10, 0xc5, 0x10,
    0xe5, 0x10, 0xc4, 0x10, 0xe4, 0x08, 0xc5, 0x10, 0xc5, 0x10, 0xc5, 0x10,
    0xe4, 0x10, 0xc5, 0x10, 0xe5, 0x10, 0xe5, 0x10, 0xc4, 0x10, 0xc5, 0x08,
    0xe5, 0x10, 0xc5, 0x10, 0xc5, 0x10, 0xc4, 0x08, 0xe5, 0x10, 0xc5, 0x10,
    0xc5, 0x08, 0xc5, 0x10, 0xc4, 0x10, 0xe5, 0x10, 0xc5, 0x10, 0xe5, 0x10,
    0xc4, 0x08, 0xc5, 0x10, 0xc5, 0x10, 0xe5, 0x10, 0xc5, 0x10, 0xc4, 0x08,
    0xe5, 0x10, 0xc5, 0x10, 0xc5, 0x10, 0xe5, 0x10, 0xc5, 0x08, 0xc4, 0x10,
    0xc5, 0x10, 0xc5, 0x10, 0xc5, 0x10, 0xc5, 0x10, 0xe5, 0x10, 0xc4, 0x10,
    0xc5, 0x10, 0xc5, 0x10, 0xc4, 0x10, 0xc5, 0x10, 0xe5, 0x10, 0xc4, 0x10,
    0xc5, 0x10, 0xc5, 0x10, 0xe4, 0x10, 0xc4, 0x08, 0xc5, 0x10, 0xc5, 0x10,
    0xc5, 0x10, 0xc5, 0x10, 0xc4, 0x10, 0xc5, 0x10, 0xe5, 0x10, 0xc4, 0x10,
    0xc5, 0x10, 0xc5, 0x10, 0xc5, 0x10, 0xc5, 0x08, 0xe4, 0x10, 0xc5, 0x10,
    0xc5, 0x10, 0xc5, 0x08, 0xe5, 0x10, 0xc5, 0x10, 0xe5, 0x08, 0xc5, 0x10,
    0xc5, 0x10, 0xc5, 0x10, 0xc5, 0x10, 0xe5, 0x10, 0xc5, 0x10, 0xc5, 0x10,
    0xc5, 0x10, 0xc4, 0x10, 0xc5, 0x10, 0xc5, 0x10, 0xc4, 0x10, 0xe5, 0x10,
    0xc5, 0x08, 0xc4, 0x10, 0xe5, 0x10, 0xe5, 0x10, 0xc4, 0x10, 0xc4, 0x10,
    0xc5, 0x10, 0xc5, 0x10, 0xc5, 0x10, 0xc4, 0x10, 0xc4, 0x10, 0xe5, 0x10,
    0xc5, 0x10, 0xc5, 0x08, 0xc5, 0x10, 0xc5, 0x10, 0xe5, 0x10, 0xc5, 0x10,
    0xc4, 0x10, 0xc5, 0x10, 0xc5, 0x10, 0xc4, 0x10, 0xe5, 0x10, 0xc5, 0x10,
    0xc5, 0x10, 0xc5, 0x10, 0xc5, 0x10, 0xe4, 0x10, 0xc5, 0x10, 0xc5, 0x10,
    0xc5, 0x08, 0xc4, 0x10, 0xe5, 0x10, 0xe5, 0x10, 0xc5, 0x10, 0xe4, 0x10,
    0xc4, 0x10, 0xe5, 0x10, 0xc5, 0x10, 0xc4, 0x10, 0xc5, 0x10, 0xc5, 0x10,
    0xc5, 0x10, 0xc5, 0x10, 0xc4, 0x08, 0xe5, 0x10, 0xc5, 0x10, 0xc4, 0x10,
    0xe4, 0x10, 0xc5, 0x10, 0xc5, 0x10, 0xe4, 0x10, 0xc4, 0x10, 0xc5, 0x10,
    0xc4, 0x10, 0xc4, 0x10, 0xc5, 0x08, 0xe5, 0x10, 0xc4, 0x10, 0xc4, 0x10,
    0xc5, 0x10, 0xc4, 0x10, 0xe4, 0x10, 0xc5, 0x10, 0xc5, 0x10, 0xe4, 0x10,
    0xc5, 0x08, 0xc5, 0x10, 0xc5, 0x10, 0xc5, 0x10, 0xe5, 0x10, 0xc4, 0x10,
    0xc5, 0x10, 0xc5, 0x08, 0xe4, 0x10, 0xc5, 0x10, 0xe5, 0x10, 0xc5, 0x10,
    0xc4, 0x08, 0xc4, 0x10, 0xc5, 0x10, 0xc5, 0x10, 0xc5, 0x10, 0xc5, 0x08,
    0xc4, 0x10, 0xc5, 0x10, 0xc5, 0x10, 0xc5, 0x10, 0xe4, 0x10, 0xc5, 0x10,
    0xc5, 0x10, 0xc5, 0x10, 0xc4, 0x10, 0xc5, 0x10, 0xc5, 0x10, 0xc4, 0x10,
    0xc5, 0x08, 0xe5, 0x10, 0xc5, 0x10, 0xe4, 0x10, 0xc5, 0x08, 0xe4, 0x10,
    0xc5, 0x10, 0xc5, 0x10, 0xc4, 0x10, 0xc5, 0x08, 0xc5, 0x10, 0xc4, 0x10,
    0xc5, 0x10, 0xc5, 0x08, 0xe5, 0x10, 0xc4, 0x10, 0xc5, 0x10, 0xe5, 0x10,
    0xc5, 0x10, 0xe4, 0x10, 0xe5, 0x08, 0xc5, 0x10, 0xc5, 0x10, 0xc4, 0x10,
    0xe5, 0x10, 0xe5, 0x10, 0xc5, 0x10, 0xc4, 0x10, 0xe5, 0x10, 0xe5, 0x10,
    0xc4, 0x10, 0xc5, 0x10, 0xe5, 0x10, 0xe4, 0x10, 0xc5, 0x10, 0xc5, 0x10,
    0xe5, 0x08, 0xc5, 0x10, 0xc4, 0x10, 0xe5, 0x10, 0xe5, 0x10, 0xc4, 0x10,
    0xc5, 0x10, 0xe5, 0x10, 0xc5, 0x10, 0xc5, 0x08, 0xc5, 0x10, 0xe5, 0x10,
    0xc5, 0x10, 0xc4, 0x10, 0xc5, 0x10, 0xc5, 0x08, 0xc5, 0x10, 0xe4, 0x10,
    0xe5, 0x10, 0xc5, 0x10, 0xc4, 0x10, 0xc5, 0x08, 0xc5, 0x10, 0xe4, 0x10,
    0xc5, 0x10, 0xc5, 0x10, 0xc5, 0x10, 0xe5, 0x10, 0xc4, 0x10, 0xc4, 0x10,
    0xc5, 0x10, 0xc5, 0x10, 0xc5, 0x10, 0xc4, 0x10, 0xc5, 0x10, 0xe5, 0x10,
    0xc4, 0x10, 0xc5, 0x10, 0xc4, 0x10, 0xe5, 0x10, 0xc5, 0x10, 0xe5, 0x10,
    0xc4, 0x10, 0xc5, 0x10, 0xe5, 0x10, 0xc4, 0x08, 0xc5, 0x10, 0xc5, 0x10,
    0xc5, 0x10, 0xc5, 0x10, 0xe5, 0x08, 0xc4, 0x10, 0xc5, 0x10, 0xc5, 0x10,
    0xc4, 0x10, 0xe5, 0x08, 0xc4, 0x10, 0xc5, 0x10, 0xe5, 0x10, 0xc5, 0x10,
    0xe5, 0x10, 0xe5, 0x08, 0xc5, 0x10, 0xc5, 0x10, 0xc4, 0x10, 0xc5, 0x10,
    0xc5, 0x08, 0xe5, 0x10, 0xe5, 0x10, 0xc5, 0x10, 0xc5, 0x08, 0xe5, 0x10,
    0xc5, 0x10, 0xc5, 0x10, 0xc5, 0x10, 0xc5, 0x10, 0xe5, 0x10, 0xc5, 0x10,
    0xc4, 0x10, 0xe4, 0x10, 0xe5, 0x08, 0xc5, 0x10, 0xc4, 0x10, 0xe5, 0x10,
    0xc5, 0x10, 0xe5, 0x10, 0xc5, 0x10, 0xc4, 0x10, 0xc5, 0x10, 0xe4, 0x10,
    0xc5, 0x10, 0xc5, 0x10, 0xc5, 0x10, 0xc4, 0x10, 0xc5, 0x10, 0xc5, 0x10,
    0xc4, 0x10, 0xe4, 0x10, 0xc5, 0x10, 0xc5, 0x10, 0xe4, 0x10, 0xc5, 0x10,
    0xc5, 0x10, 0xc5, 0x10, 0xe4, 0x10, 0xc5, 0x10, 0xc4, 0x10, 0xe5, 0x10,
    0xc4, 0x10, 0xc5, 0x10, 0xc5, 0x08, 0xc4, 0x10, 0xe5, 0x10, 0xc5, 0x10,
    0xc5, 0x08, 0xc5, 0x10, 0xe5, 0x10, 0xc5, 0x10, 0xc5, 0x08, 0xc5, 0x10,
    0xe5, 0x10, 0xc5, 0x10, 0xc4, 0x10, 0xe4, 0x10, 0xc5, 0x10, 0xc4, 0x10,
    0xc5, 0x08, 0xe5, 0x10, 0xc5, 0x10, 0xc5, 0x08, 0xc4, 0x10, 0xe4, 0x10,
    0xc5, 0x10, 0xe5, 0x10, 0xe4, 0x10, 0xc5, 0x08, 0xc5, 0x10, 0xc5, 0x10,
    0xe4, 0x10, 0xc5, 0x10, 0xc5, 0x08, 0xc5, 0x10, 0xc4, 0x10, 0xc5, 0x08,
    0xc5, 0x10, 0xc5, 0x10, 0xc4, 0x10, 0xc5, 0x10, 0xe5, 0x08, 0xc4, 0x10,
    0xe5, 0x10, 0xc4, 0x10, 0xc5, 0x10, 0xc5, 0x10, 0xc5, 0x10, 0xe5, 0x10,
    0xc5, 0x08, 0xe4, 0x10, 0xc5, 0x10, 0xc5, 0x10, 0xc5, 0x10, 0xc5, 0x08,
    0xe5, 0x10, 0xc5, 0x10, 0xc5, 0x10, 0xe5, 0x10, 0xc5, 0x10, 0xc5, 0x10,
    0xe5, 0x10, 0xc5, 0x08, 0xc5, 0x10, 0xe4, 0x10, 0xc5, 0x10, 0xc5, 0x10,
    0xc5, 0x10, 0xc4, 0x10, 0xc4, 0x10, 0xc5, 0x10, 0xc5, 0x10, 0xc5, 0x10,
    0xc5, 0x10, 0xc4, 0x10, 0xc5, 0x10, 0xc5, 0x10, 0xc5, 0x10, 0xe4, 0x10,
    0xc5, 0x10, 0xc5, 0x10, 0xc4, 0x10, 0xe5, 0x10, 0xc5, 0x10, 0xc4, 0x10,
    0xe5, 0x10, 0xc5, 0x10, 0xe5, 0x10, 0xe4, 0x10, 0xc5, 0x08, 0xc5, 0x10,
    0xe5, 0x10, 0xe4, 0x10, 0xc5, 0x10, 0xc5, 0x08, 0xe5, 0x10, 0xc5, 0x10,
    0xc5, 0x10, 0xc5, 0x10, 0xc4, 0x10, 0xc5, 0x10, 0xc5, 0x10, 0xc5, 0x10,
    0xc4, 0x10, 0xc5, 0x10, 0xe5, 0x10, 0xc5, 0x10, 0xc5, 0x10, 0xe5, 0x10,
    0xe5, 0x10, 0xc5, 0x10, 0xc5, 0x10, 0xe5, 0x08, 0xc5, 0x10, 0xc4, 0x10,
    0xc5, 0x08, 0xc5, 0x10, 0xc5, 0x10, 0xc4, 0x10, 0xc5, 0x10, 0xc5, 0x08,
    0xc5, 0x10, 0xc4, 0x10, 0xe5, 0x10, 0xc5, 0x10, 0xc5, 0x10, 0xc5, 0x08,
    0xc5, 0x10, 0xc4, 0x10, 0xc5, 0x08, 0xc5, 0x10, 0xe4, 0x10, 0xc5, 0x10,
    0xc5, 0x10, 0xc5, 0x10, 0xc5, 0x10, 0xc4, 0x10, 0xc5, 0x10, 0xc5, 0x10,
    0xc5, 0x08, 0xc5, 0x10, 0xe5, 0x10, 0xc5, 0x10, 0xc4, 0x10, 0xc5, 0x08,
    0xc5, 0x10, 0xc4, 0x10, 0xe5, 0x10, 0xc5, 0x10, 0xc4, 0x10, 0xc5, 0x10,
    0xc5, 0x08, 0xc4, 0x10, 0xe5, 0x10, 0xc4, 0x10, 0xc5, 0x10, 0xc5, 0x08,
    0xc5, 0x10, 0xc4, 0x10, 0xc5, 0x10, 0xc5, 0x10, 0xc5, 0x10, 0xe5, 0x08,
    0xc5, 0x10, 0xc5, 0x10, 0xe4, 0x08, 0xc5, 0x10, 0xe5, 0x10, 0xc4, 0x10,
    0xc5, 0x10, 0xc5, 0x08, 0xe5, 0x10, 0xc5, 0x10, 0xc5, 0x10, 0xc4, 0x08,
    0xc5, 0x10, 0xc5, 0x10, 0xe5, 0x10, 0xc5, 0x10, 0xc4, 0x10, 0xc4, 0x10,
    0xc5, 0x10, 0xe5, 0x10, 0xc4, 0x10, 0xc5, 0x10, 0xc5, 0x10, 0xc4, 0x10,
    0xe5, 0x10, 0xc5, 0x10, 0xc5, 0x10, 0xe5, 0x10, 0xc5, 0x10, 0xc4, 0x10,
    0xc5, 0x10, 0xc4, 0x10, 0xe4, 0x10, 0xc5, 0x08, 0xc4, 0x10, 0xe5, 0x10,
    0xc5, 0x10, 0xc4, 0x10, 0xc4, 0x10, 0xc5, 0x10, 0xc5, 0x10, 0xc4, 0x10,
    0xc5, 0x10, 0xe5, 0x08, 0xc4, 0x10, 0xc5, 0x10, 0xe5, 0x10, 0xc4, 0x08,
    0xc5, 0x10, 0xc5, 0x10, 0xc5, 0x10, 0xe5, 0x10, 0xc5, 0x10, 0xc5, 0x10,
    0xc5, 0x08, 0xc4, 0x10, 0xe4, 0x10, 0xc5, 0x10, 0xe5, 0x10, 0xc5, 0x08,
    0xc5, 0x10, 0xe4, 0x10, 0xc4, 0x10, 0xc5, 0x08, 0xe4, 0x10, 0xc5, 0x10,
    0xc5, 0x10, 0xe5, 0x08, 0xc5, 0x10, 0xc4, 0x10, 0xc5, 0x08, 0xc5, 0x10,
    0xc5, 0x10, 0xc5, 0x10, 0xc5, 0x10, 0xe5, 0x08, 0xc5, 0x10, 0xc5, 0x10,
    0xc5, 0x10, 0xc5, 0x10, 0xe5, 0x10, 0xc5, 0x10, 0xc5, 0x10, 0xc5, 0x10,
    0xe5, 0x10, 0xc4, 0x10, 0xc4, 0x10, 0xe5, 0x10, 0xc5, 0x10, 0xc5, 0x10,
    0xc4, 0x10, 0xe4, 0x10, 0xc5, 0x10, 0xc5, 0x10, 0xc5, 0x08, 0xe5, 0x10,
    0xc5, 0x10, 0xc5, 0x10, 0xe4, 0x10, 0xc5, 0x10, 0xc5, 0x10, 0xc5, 0x10,
    0xc5, 0x08, 0xc4, 0x10, 0xc5, 0x10, 0xc5, 0x10, 0xc5, 0x10, 0xe4, 0x10,
    0xc5, 0x10, 0xe5, 0x10, 0xc5, 0x10, 0xc4, 0x10, 0xc5, 0x10, 0xc5, 0x10,
    0xe5, 0x10, 0xc5, 0x10, 0xc5, 0x08, 0xc5, 0x10, 0xe5, 0x10, 0xc4, 0x10,
    0xc5, 0x10, 0xe5, 0x10, 0xc5, 0x10, 0xc5, 0x10, 0xe4, 0x08, 0xc5, 0x10,
    0xc5, 0x10, 0xc5, 0x10, 0xe5, 0x08, 0xc5, 0x10, 0xe5, 0x10, 0xc5, 0x10,
    0xc5, 0x10, 0xc5, 0x10, 0xe5, 0x10, 0xc4, 0x10, 0xc5, 0x08, 0xc5, 0x10,
    0xe4, 0x10, 0xc5, 0x10, 0xc5, 0x10, 0xc5, 0x10, 0xc4, 0x10, 0xe5, 0x08,
    0xc5, 0x10, 0xe5, 0x10, 0xe5, 0x10, 0xc5, 0x10, 0xc4, 0x08, 0xe4, 0x10,
    0xc5, 0x10, 0xe5, 0x10, 0xc5, 0x10, 0xc5, 0x10, 0xe4, 0x08, 0xc5, 0x10,
    0xc5, 0x10, 0xe5, 0x10, 0xe5, 0x08, 0xc5, 0x10, 0xc4, 0x10, 0xe5, 0x10,
    0xc5, 0x10, 0xc5, 0x10, 0xc4, 0x08, 0xc5, 0x10, 0xc5, 0x10, 0xc5, 0x10,
    0xc4, 0x10, 0xc5, 0x08, 0xc5, 0x10, 0xe4, 0x10, 0xc4, 0x10, 0xc5, 0x10,
    0xe5, 0x10, 0xc4, 0x10, 0xc5, 0x08, 0xe5, 0x10, 0xc5, 0x10, 0xc5, 0x10,
    0xe5, 0x08, 0xc5, 0x10, 0xc5, 0x10, 0xe4, 0x10, 0xc4, 0x10, 0xc5, 0x10,
    0xc5, 0x08, 0xe4, 0x10, 0xc5, 0x10, 0xc4, 0x10, 0xe5, 0x10, 0xc5, 0x10,
    0xe5, 0x10, 0xc4, 0x10, 0xc5, 0x10, 0xc5, 0x10, 0xe5, 0x10, 0xe4, 0x10,
    0xc5, 0x10, 0xc5, 0x10, 0xc5, 0x08, 0xc4, 0x10, 0xc5, 0x10, 0xc5, 0x10,
    0xc5, 0x10, 0xe5, 0x10, 0xc4, 0x10, 0xc5, 0x10, 0xc5, 0x08, 0xe5, 0x10,
    0xc4, 0x10, 0xe5, 0x10, 0xc5, 0x08, 0xe5, 0x10, 0xc4, 0x10, 0xe5, 0x10,
    0xc5, 0x10, 0xc4, 0x10, 0xc4, 0x10, 0xe5, 0x10, 0xc5, 0x10, 0xe4, 0x10,
    0xc5, 0x10, 0xc5, 0x08, 0xe5, 0x10, 0xc4, 0x10, 0xc5, 0x10, 0xe5, 0x10,
    0xc5, 0x10, 0xc5, 0x10, 0xc5, 0x10, 0xe5, 0x10, 0xc5, 0x10, 0xe5, 0x10,
    0xc4, 0x10, 0xc5, 0x10, 0xe5, 0x08, 0xc5, 0x10, 0xc4, 0x10, 0xe5, 0x10,
    0xc5, 0x10, 0xc4, 0x10, 0xc5, 0x10, 0xc5, 0x10, 0xc5, 0x08, 0xc5, 0x10,
    0xc5, 0x10, 0xc5, 0x10, 0xc4, 0x10, 0xc5, 0x10, 0xc5, 0x10, 0xc4, 0x10,
    0xe5, 0x10, 0xc5, 0x08, 0xc4, 0x10, 0xc5, 0x10, 0xe5, 0x08, 0xe5, 0x10,
    0xc5, 0x10, 0xc4, 0x10, 0xe5, 0x10, 0xc5, 0x10, 0xc5, 0x10, 0xe5, 0x08,
    0xc5, 0x10, 0xc4, 0x10, 0xc5, 0x10, 0xc5, 0x08, 0xc4, 0x10, 0xe5, 0x10,
    0xc5, 0x08, 0xc5, 0x10, 0xc5, 0x10, 0xc5, 0x10, 0xe5, 0x10, 0xc5, 0x10,
    0xc5, 0x10, 0xc5, 0x10, 0xc5, 0x08, 0xc5, 0x10, 0xe5, 0x10, 0xc4, 0x10,
    0xc5, 0x10, 0xe5, 0x10, 0xc4, 0x10, 0xc5, 0x10, 0xc5, 0x10, 0xc5, 0x10,
    0xe5, 0x10, 0xc5, 0x10, 0xc4, 0x10, 0xc4, 0x10, 0xc5, 0x08, 0xc5, 0x10,
    0xe4, 0x10, 0xc5, 0x10, 0xc5, 0x08, 0xc5, 0x10, 0xc5, 0x10, 0xc5, 0x10,
    0xc5, 0x10, 0xe5, 0x10, 0xc5, 0x10, 0xc5, 0x10, 0xe5, 0x10, 0xc4, 0x10,
    0xc5, 0x10, 0xc5, 0x10, 0xc4, 0x10, 0xe5, 0x10, 0xc5, 0x10, 0xc5, 0x10,
    0xc5, 0x10, 0xc4, 0x10, 0xe5, 0x10, 0xc5, 0x10, 0xc4, 0x10, 0xc5, 0x10,
    0xc5, 0x08, 0xe4, 0x10, 0xc5, 0x10, 0xc4, 0x10, 0xc5, 0x08, 0xe5, 0x10,
    0xc4, 0x10, 0xc5, 0x10, 0xe5, 0x08, 0xc4, 0x10, 0xc4, 0x10, 0xe5, 0x10,
    0xc5, 0x10, 0xc5, 0x08, 0xe5, 0x10, 0xc5, 0x10, 0xc5, 0x10, 0xc4, 0x10,
    0xc5, 0x10, 0xe5, 0x08, 0xc4, 0x10, 0xc5, 0x10, 0xe5, 0x10, 0xc5, 0x10,
    0xc4, 0x10, 0xc5, 0x10, 0xc5, 0x10, 0xc5, 0x10, 0xe4, 0x10, 0xc5, 0x08,
    0xc5, 0x10, 0xc5, 0x10, 0xc4, 0x10, 0xe5, 0x10, 0xc5, 0x10, 0xe5, 0x10,
    0xc5, 0x10, 0xc4, 0x10, 0xe4, 0x10, 0xc5, 0x10, 0xc5, 0x10, 0xc5, 0x10,
    0xc5, 0x10, 0xc5, 0x08, 0xc4, 0x10, 0xe5, 0x10, 0xc5, 0x10, 0xc4, 0x10,
    0xc5, 0x10, 0xc5, 0x10, 0xc5, 0x10, 0xc4, 0x10, 0xc4, 0x10, 0xe5, 0x10,
    0xc4, 0x10, 0xc4, 0x08, 0xc5, 0x10, 0xc5, 0x10, 0xc4, 0x10, 0xe5, 0x10,
    0xc5, 0x10, 0xc4, 0x10, 0xe5, 0x10, 0xc5, 0x08, 0xc5, 0x10, 0xc5, 0x10,
    0xc5, 0x10, 0xc4, 0x10, 0xc5, 0x08, 0xc5, 0x10, 0xe5, 0x10, 0xc5, 0x10,
    0xc5, 0x10, 0xc5, 0x08, 0xe4, 0x10, 0xc4, 0x10, 0xc5, 0x10, 0xc5, 0x10,
    0xc5, 0x10, 0xc5, 0x10, 0xc5, 0x10, 0xc4, 0x10, 0xe5, 0x10, 0xc5, 0x08,
    0xc5, 0x10, 0xc4, 0x10, 0xe5, 0x10, 0xc5, 0x10, 0xc5, 0x10, 0xc4, 0x10,
    0xe5, 0x10, 0xc5, 0x10, 0xc5, 0x10, 0xe5, 0x10, 0xc5, 0x10, 0xc5, 0x08,
    0xc4, 0x10, 0xe5, 0x10, 0xc5, 0x10, 0xc4, 0x10, 0xc5, 0x10, 0xe4, 0x10,
    0xc5, 0x10, 0xc5, 0x10, 0xe4, 0x10, 0xc5, 0x08, 0xc5, 0x10, 0xc5, 0x10,
    0xc4, 0x10, 0xc5, 0x10, 0xc4, 0x10, 0xc5, 0x10, 0xc5, 0x10, 0xc5, 0x10,
    0xc4, 0x10, 0xe5, 0x10, 0xc5, 0x10, 0xe5, 0x08, 0xc4, 0x10, 0xc5, 0x10,
    0xe5, 0x10, 0xc5, 0x10, 0xc4, 0x10, 0xc5, 0x10, 0xe5, 0x10, 0xe4, 0x10,
    0xc4, 0x10, 0xc5, 0x10, 0xe5, 0x10, 0xc5, 0x10, 0xc5, 0x10, 0xc4, 0x10,
    0xc5, 0x10, 0xc5, 0x10, 0xe4, 0x10, 0xc5, 0x10, 0xc5, 0x08, 0xc5, 0x10,
    0xe5, 0x10, 0xc5, 0x10, 0xc5, 0x10, 0xc5, 0x08, 0xc4, 0x10, 0xc5, 0x10,
    0xe5, 0x10, 0xc5, 0x10, 0xc5, 0x10, 0xc5, 0x08, 0xe5, 0x10, 0xc5, 0x10,
    0xc4, 0x10, 0xe5, 0x10, 0xc5, 0x10, 0xc5, 0x08, 0xc5, 0x10, 0xc4, 0x10,
    0xe5, 0x10, 0xc5, 0x10, 0xe5, 0x10, 0xc4, 0x10, 0xc5, 0x10, 0xc5, 0x10,
    0xc5, 0x10, 0xe5, 0x10, 0xe5, 0x10, 0xc4, 0x10, 0xc5, 0x10, 0xe5, 0x10,
    0xc4, 0x10, 0xe5, 0x10, 0xe5, 0x10, 0xc4, 0x08, 0xc5, 0x10, 0xe5, 0x10,
    0xc5, 0x10, 0xe5, 0x10, 0xc4, 0x10, 0xc5, 0x10, 0xc5, 0x10, 0xc5, 0x10,
    0xc4, 0x10, 0xe5, 0x10, 0xc5, 0x08, 0xc5, 0x10, 0xe5, 0x10, 0xc4, 0x10,
    0xc5, 0x10, 0xc5, 0x10, 0xc4, 0x10, 0xe5, 0x10, 0xc5, 0x10, 0xc4, 0x10,
    0xe5, 0x10, 0xc5, 0x10, 0xc5, 0x10, 0xe5, 0x10, 0xc4, 0x10, 0xc5, 0x10,
    0xe5, 0x08, 0xe4, 0x10, 0xc5, 0x10, 0xc4, 0x10, 0xe5, 0x10, 0xc5, 0x08,
    0xc5, 0x10, 0xc5, 0x10, 0xc5, 0x10, 0xe5, 0x08, 0xe4, 0x10, 0xc4, 0x10,
    0xc5, 0x10, 0xe5, 0x08, 0xc5, 0x10, 0xc5, 0x10, 0xc4, 0x10, 0xe5, 0x10,
    0xc5, 0x10, 0xc5, 0x10, 0xc5, 0x10, 0xc4, 0x10, 0xe5, 0x10, 0xc4, 0x10,
    0xc4, 0x10, 0xc5, 0x08, 0xc5, 0x10, 0xc5, 0x10, 0xc5, 0x10, 0xc5, 0x08,
    0xe4, 0x10, 0xc5, 0x10, 0xc5, 0x10, 0xc5, 0x08, 0xe5, 0x10, 0xc4, 0x10,
    0xc5, 0x10, 0xc5, 0x10, 0xc4, 0x10, 0xc5, 0x10, 0xc5, 0x10, 0xe5, 0x10,
    0xe4, 0x10, 0xc5, 0x10, 0xc5, 0x10, 0xc5, 0x10, 0xe4, 0x10, 0xc5, 0x10,
    0xc5, 0x10, 0xc5, 0x10, 0xc5, 0x10, 0xc5, 0x10, 0xe5, 0x10, 0xc5, 0x08,
    0xc5, 0x10, 0xc5, 0x10, 0xc5, 0x10, 0xc4, 0x10, 0xe5, 0x10, 0xc5, 0x10,
    0xc4, 0x10, 0xc5, 0x10, 0xc5, 0x10, 0xc5, 0x10, 0xc5, 0x08, 0xe4, 0x10,
    0xc5, 0x10, 0xe5, 0x10, 0xe5, 0x08, 0xc4, 0x10, 0xc5, 0x10, 0xc5, 0x10,
    0xc5, 0x10, 0xc4, 0x10, 0xc5, 0x08, 0xe5, 0x10, 0xc5, 0x10, 0xc4, 0x08,
    0xc5, 0x10, 0xe5, 0x10, 0xc5, 0x10, 0xe5, 0x10, 0xc4, 0x10, 0xc5, 0x08,
    0xe5, 0x10, 0xc4, 0x10, 0xc5, 0x10, 0xc5, 0x10, 0xc4, 0x10, 0xc5, 0x10,
    0xe5, 0x10, 0xe4, 0x10, 0xc4, 0x10, 0xc5, 0x10, 0xc5, 0x08, 0xc5, 0x10,
    0xe5, 0x10, 0xc5, 0x10, 0xc5, 0x10, 0xe4, 0x10, 0xc5, 0x10, 0xc5, 0x10,
    0xc5, 0x08, 0xc5, 0x10, 0xc4, 0x10, 0xe5, 0x10, 0xc5, 0x10, 0xc5, 0x10,
    0xe4, 0x10, 0xc5, 0x10, 0xc5, 0x10, 0xe5, 0x10, 0xc4, 0x10, 0xc5, 0x10,
    0xc5, 0x10, 0xe4, 0x10, 0xc5, 0x10, 0xc5, 0x10, 0xc5, 0x10, 0xe5, 0x10,
    0xc4, 0x08, 0xe5, 0x10, 0xc4, 0x10, 0xc5, 0x10, 0xc5, 0x10, 0xc5, 0x10,
    0xc4, 0x10, 0xe5, 0x10, 0xc5, 0x10, 0xc4, 0x10, 0xe5, 0x10, 0xe5, 0x08,
    0xc5, 0x10, 0xc5, 0x10, 0xc4, 0x10, 0xc5, 0x10, 0xc5, 0x10, 0xc4, 0x10,
    0xe5, 0x10, 0xc5, 0x10, 0xc5, 0x10, 0xc5, 0x10, 0xe5, 0x08, 0xc5, 0x10,
    0xc4, 0x10, 0xc5, 0x10, 0xc5, 0x10, 0xc5, 0x10, 0xe5, 0x10, 0xe4, 0x10,
    0xc5, 0x10, 0xc5, 0x10, 0xe5, 0x10, 0xc5, 0x08, 0xc5, 0x10, 0xc4, 0x10,
    0xc5, 0x08, 0xc5, 0x10, 0xc5, 0x10, 0xc4, 0x10, 0xc5, 0x10, 0xc5, 0x10,
    0xc5, 0x08, 0xc4, 0x10, 0xe5, 0x10, 0xc5, 0x10, 0xc5, 0x08, 0xc5, 0x10,
    0xc5, 0x10, 0xe5, 0x08, 0xc5, 0x10, 0xc5, 0x10, 0xe4, 0x10, 0xc5, 0x10,
    0xc5, 0x10, 0xc4, 0x08, 0xc5, 0x10, 0xc5, 0x10, 0xc5, 0x10, 0xc4, 0x10,
    0xc5, 0x10, 0xe4, 0x08, 0xc5, 0x10, 0xc5, 0x10, 0xe5, 0x10, 0xc5, 0x10,
    0xc4, 0x10, 0xe4, 0x10, 0xc5, 0x10, 0xc4, 0x10, 0xc5, 0x10, 0xc5, 0x10,
    0xc4, 0x08, 0xe5, 0x10, 0xc5, 0x10, 0xc4, 0x10, 0xe4, 0x10, 0xc5, 0x10,
    0xc5, 0x08, 0xc5, 0x10, 0xc4, 0x10, 0xc5, 0x10, 0xe5, 0x08, 0xe5, 0x10,
    0xc4, 0x10, 0xc4, 0x08, 0xc5, 0x10, 0xc5, 0x10, 0xe5, 0x10, 0xc4, 0x10,
    0xc5, 0x10, 0xc5, 0x08, 0xc4, 0x10, 0xc5, 0x10, 0xe5, 0x10, 0xc5, 0x10,
    0xc4, 0x10, 0xc5, 0x10, 0xc5, 0x10, 0xc5, 0x10, 0xe5, 0x10, 0xc4, 0x10,
    0xc5, 0x08, 0xc5, 0x10, 0xc5, 0x10, 0xe4, 0x10, 0xc4, 0x10, 0xc5, 0x10,
    0xc5, 0x10, 0xe5, 0x10, 0xe5, 0x08, 0xc5, 0x10, 0xc4, 0x10, 0xc5, 0x10,
    0xc5, 0x10, 0xc4, 0x10, 0xe4, 0x10, 0xc5, 0x08, 0xc5, 0x10, 0xc5, 0x10,
    0xc4, 0x10, 0xc5, 0x10, 0xe5, 0x10, 0xc5, 0x10, 0xc4, 0x10, 0xc5, 0x10,
    0xc5, 0x10, 0xe4, 0x10, 0xc5, 0x10, 0xc5, 0x10, 0xc5, 0x10, 0xc5, 0x10,
    0xc5, 0x10, 0xc4, 0x10, 0xc5, 0x10, 0xe5, 0x10, 0xe5, 0x10, 0xc5, 0x10,
    0xc5, 0x10, 0xe4, 0x10, 0xe5, 0x10, 0xc5, 0x10, 0xc5, 0x08, 0xe5, 0x10,
    0xc5, 0x10, 0xe4, 0x10, 0xc5, 0x10, 0xe5, 0x10, 0xe4, 0x10, 0xc5, 0x10,
    0xc5, 0x10, 0xe5, 0x10, 0xc5, 0x10, 0xe4, 0x10, 0xc5, 0x10, 0xc5, 0x10,
    0xc5, 0x10, 0xc5, 0x10, 0xe5, 0x10, 0xc5, 0x08, 0xc4, 0x10, 0xc5, 0x10,
    0xc5, 0x10, 0xc5, 0x10, 0xc5, 0x08, 0xe4, 0x10, 0xc5, 0x10, 0xc5, 0x10,
    0xc5, 0x08, 0xc4, 0x10, 0xe5, 0x10, 0xc5, 0x10, 0xc5, 0x10, 0xc5, 0x10,
    0xc4, 0x10, 0xe4, 0x10, 0xc5, 0x10, 0xc5, 0x10, 0xc4, 0x08, 0xe5, 0x10,
    0xc5, 0x10, 0xe4, 0x10, 0xc5, 0x10, 0xc5, 0x10, 0xe4, 0x10, 0xc5, 0x10,
    0xc5, 0x10, 0xc5, 0x10, 0xc5, 0x10, 0xc4, 0x10, 0xe5, 0x10, 0xc5, 0x10,
    0xe5, 0x10, 0xe4, 0x10, 0xc5, 0x10, 0xc5, 0x10, 0xc4, 0x10, 0xc5, 0x10,
    0xe4, 0x10, 0xc5, 0x10, 0xc5, 0x08, 0xc5, 0x10, 0xc5, 0x10, 0xc4, 0x10,
    0xe5, 0x10, 0xc5, 0x10, 0xc5, 0x10, 0xe5, 0x10, 0xc5, 0x08, 0xc5, 0x10,
    0xc5, 0x10, 0xc5, 0x08, 0xc5, 0x10, 0xe5, 0x10, 0xe5, 0x10, 0xc5, 0x10,
    0xc4, 0x10, 0xc5, 0x10, 0xe5, 0x10, 0xc5, 0x08, 0xc5, 0x10, 0xc5, 0x10,
    0xe4, 0x10, 0xc5, 0x10, 0xe5, 0x10, 0xc5, 0x10, 0xc4, 0x10, 0xe4, 0x10,
    0xc5, 0x10, 0xe5, 0x08, 0xc5, 0x10, 0xc5, 0x10, 0xc4, 0x10, 0xc5, 0x08,
    0xe5, 0x10, 0xc5, 0x10, 0xc5, 0x10, 0xc5, 0x08, 0xe5, 0x10, 0xc4, 0x10,
    0xc5, 0x10, 0xc4, 0x10, 0xc5, 0x10, 0xc5, 0x10, 0xe5, 0x08, 0xc4, 0x10,
    0xc5, 0x10, 0xc5, 0x10, 0xc5, 0x08, 0xc5, 0x10, 0xc5, 0x10, 0xc4, 0x10,
    0xc5, 0x10, 0xc5, 0x10, 0xe5, 0x10, 0xc4, 0x08, 0xc5, 0x10, 0xe5, 0x10,
    0xc5, 0x10, 0xc5, 0x08, 0xc4, 0x10, 0xe5, 0x10, 0xc5, 0x10, 0xc4, 0x10,
    0xc5, 0x10, 0xc5, 0x10, 0xe5, 0x08, 0xc4, 0x10, 0xc5, 0x10, 0xc5, 0x10,
    0xc5, 0x08, 0xe5, 0x10, 0xc5, 0x10, 0xe5, 0x10, 0xc4, 0x10, 0xe5, 0x10,
    0xe5, 0x10, 0xc5, 0x10, 0xc4, 0x10, 0xc5, 0x10, 0xe5, 0x10, 0xc5, 0x10,
    0xc4, 0x10, 0xe5, 0x10, 0xc5, 0x10, 0xe5, 0x10, 0xc4, 0x10, 0xc5, 0x10,
    0xc5, 0x10, 0xc5, 0x10, 0xc4, 0x10, 0xc4, 0x10, 0xe5, 0x08, 0xc5, 0x10,
    0xe5, 0x10, 0xe5, 0x10, 0xc5, 0x10, 0xc4, 0x10, 0xe5, 0x10, 0xe5, 0x10,
    0xc4, 0x10, 0xc5, 0x10, 0xc5, 0x10, 0xe5, 0x10, 0xc4, 0x10, 0xc5, 0x10,
    0xc5, 0x08, 0xc5, 0x10, 0xe5, 0x10, 0xc5, 0x10, 0xc4, 0x10, 0xe5, 0x10,
    0xc5, 0x10, 0xc4, 0x10, 0xc5, 0x10, 0xc5, 0x10, 0xe5, 0x10, 0xc5, 0x10,
    0xc5, 0x10, 0xc5, 0x10, 0xe4, 0x10, 0xc5, 0x10, 0xc5, 0x10, 0xc4, 0x10,
    0xc5, 0x10, 0xc5, 0x10, 0xc5, 0x10, 0xc5, 0x10, 0xc4, 0x08, 0xc5, 0x10,
    0xc5, 0x10, 0xe5, 0x10, 0xc5, 0x10, 0xc5, 0x10, 0xe4, 0x10, 0xc5, 0x10,
    0xc5, 0x08, 0xc4, 0x10, 0xc5, 0x10, 0xe5, 0x08, 0xc4, 0x10, 0xc5, 0x10,
    0xe5, 0x10, 0xc5, 0x10, 0xc4, 0x10, 0xc5, 0x10, 0xc5, 0x10, 0xc5, 0x08,
    0xe5, 0x10, 0xc4, 0x10, 0xc5, 0x10, 0xc5, 0x10, 0xc5, 0x10, 0xe5, 0x10,
    0xc5, 0x08, 0xc5, 0x10, 0xc5, 0x10, 0xc5, 0x10, 0xc5, 0x10, 0xe4, 0x10,
    0xc5, 0x10, 0xc5, 0x10, 0xc5, 0x10, 0xc5, 0x10, 0xe5, 0x08, 0xc4, 0x10,
    0xc5, 0x10, 0xe5, 0x10, 0xc4, 0x08, 0xc5, 0x10, 0xc4, 0x10, 0xc5, 0x10,
    0xe5, 0x08, 0xc5, 0x10, 0xc4, 0x10, 0xc5, 0x10, 0xc5, 0x08, 0xc5, 0x10,
    0xc4, 0x10, 0xc5, 0x08, 0xc5, 0x10, 0xc5, 0x10, 0xc4, 0x10, 0xc5, 0x10,
    0xc5, 0x10, 0xc5, 0x10, 0xc4, 0x10, 0xc5, 0x08, 0xc4, 0x10, 0xc5, 0x10,
    0xc5, 0x10, 0xc5, 0x08, 0xc4, 0x10, 0xc5, 0x10, 0xc4, 0x10, 0xc5, 0x08,
    0xc5, 0x10, 0xc4, 0x10, 0xc5, 0x10, 0xe5, 0x10, 0xc4, 0x10, 0xe5, 0x10,
    0xc5, 0x08, 0xc4, 0x10, 0xc5, 0x10, 0xe5, 0x10, 0xc5, 0x10, 0xc5, 0x10,
    0xe4, 0x10, 0xe5, 0x10, 0xc5, 0x08, 0xc4, 0x10, 0xc4, 0x10, 0xe5, 0x10,
    0xc5, 0x10, 0xc5, 0x10, 0xe5, 0x08, 0xe4, 0x10, 0xc5, 0x10, 0xc5, 0x10,
    0xc5, 0x08, 0xc5, 0x10, 0xe5, 0x10, 0xc5, 0x08, 0xc4, 0x10, 0xc5, 0x10,
    0xe5, 0x08, 0xc5, 0x10, 0xc4, 0x10, 0xc5, 0x08, 0xe5, 0x10, 0xc5, 0x10,
    0xc4, 0x08, 0xc5, 0x10, 0xc5, 0x10, 0xc4, 0x08, 0xe5, 0x10, 0xc5, 0x10,
    0xc5, 0x10, 0xc5, 0x10, 0xc4, 0x10, 0xc5, 0x10, 0xc4, 0x10, 0xe5, 0x10,
    0xc5, 0x10, 0xc4, 0x10, 0xe5, 0x08, 0xc5, 0x10, 0xc4, 0x10, 0xe5, 0x10,
    0xc5, 0x10, 0xc4, 0x10, 0xc5, 0x10, 0xc5, 0x10, 0xc5, 0x10, 0xc4, 0x10,
    0xc5, 0x10, 0xe5, 0x08, 0xc5, 0x10, 0xc4, 0x10, 0xc5, 0x10, 0xe5, 0x10,
    0xc4, 0x10, 0xc5, 0x10, 0xc5, 0x08, 0xc4, 0x10, 0xe5, 0x10, 0xc5, 0x08,
    0xc5, 0x10, 0xc4, 0x10, 0xc4, 0x10, 0xc5, 0x10, 0xe5, 0x10, 0xc5, 0x10,
    0xc5, 0x10, 0xc4, 0x10, 0xc5, 0x10, 0xe5, 0x10, 0xc4, 0x10, 0xc5, 0x10,
    0xe5, 0x10, 0xc5, 0x10, 0xc5, 0x08, 0xe5, 0x10, 0xc4, 0x10, 0xc5, 0x10,
    0xe5, 0x10, 0xe5, 0x10, 0xc4, 0x10, 0xe5, 0x10, 0xc5, 0x10, 0xc5, 0x10,
    0xe4, 0x10, 0xc5, 0x08, 0xc4, 0x10, 0xe5, 0x10, 0xc5, 0x10, 0xc5, 0x10,
    0xc4, 0x10, 0xc5, 0x10, 0xe5, 0x10, 0xc4, 0x10, 0xc5, 0x10, 0xc5, 0x10,
    0xe5, 0x08, 0xe5, 0x10, 0xc4, 0x10, 0xc5, 0x10, 0xc5, 0x10, 0xc5, 0x10,
    0xe4, 0x10, 0xc5, 0x10, 0xc4, 0x10, 0xc4, 0x10, 0xc5, 0x10, 0xc5, 0x08,
    0xc5, 0x10, 0xc5, 0x10, 0xe4, 0x08, 0xe5, 0x10, 0xc5, 0x10, 0xc4, 0x08,
    0xe5, 0x10, 0xc5, 0x10, 0xc5, 0x08, 0xc4, 0x10, 0xc5, 0x10, 0xe4, 0x08,
    0xe5, 0x10, 0xc4, 0x10, 0xc5, 0x10, 0xc5, 0x10, 0xc5, 0x10, 0xc5, 0x10,
    0xc4, 0x10, 0xc5, 0x10, 0xc5, 0x10, 0xe5, 0x10, 0xc4, 0x08, 0xc5, 0x10,
    0xc5, 0x10, 0xc5, 0x10, 0xe5, 0x10, 0xc4, 0x10, 0xc5, 0x08, 0xc5, 0x10,
    0xe5, 0x10, 0xc5, 0x10, 0xc5, 0x08, 0xc4, 0x10, 0xe5, 0x10, 0xc5, 0x08,
    0xc5, 0x10, 0xc5, 0x10, 0xe4, 0x08, 0xc5, 0x10, 0xc5, 0x10, 0xc4, 0x08,
    0xc5, 0x10, 0xe4, 0x10, 0xc5, 0x08, 0xc5, 0x10, 0xc4, 0x10, 0xc5, 0x08,
    0xc5, 0x10, 0xe5, 0x10, 0xe5, 0x10, 0xc4, 0x10, 0xe5, 0x10, 0xc5, 0x10,
    0xc5, 0x10, 0xe4, 0x10, 0xc5, 0x10, 0xc5, 0x10, 0xc5, 0x08, 0xc4, 0x10,
    0xc5, 0x10, 0xe5, 0x10, 0xe5, 0x10, 0xc5, 0x10, 0xc4, 0x10, 0xc5, 0x10,
    0xc5, 0x10, 0xe5, 0x10, 0xc5, 0x10, 0xc5, 0x08, 0xe5, 0x10, 0xc4, 0x10,
    0xc5, 0x10, 0xc5, 0x10, 0xc4, 0x10, 0xc5, 0x10, 0xe4, 0x08, 0xc5, 0x10,
    0xe5, 0x10, 0xe4, 0x10, 0xc5, 0x10, 0xe5, 0x10, 0xc4, 0x10, 0xc5, 0x08,
    0xe5, 0x10, 0xc4, 0x10, 0xc4, 0x08, 0xe5, 0x10, 0xc5, 0x10, 0xe5, 0x10,
    0xc4, 0x10, 0xc5, 0x10, 0xc5, 0x10, 0xe5, 0x10, 0xe5, 0x10, 0xc5, 0x10,
    0xc5, 0x10, 0xe4, 0x10, 0xc5, 0x10, 0xe5, 0x10, 0xc4, 0x10, 0xc4, 0x10,
    0xe5, 0x10, 0xc5, 0x10, 0xc5, 0x10, 0xe4, 0x10, 0xe5, 0x10, 0xc4, 0x10,
    0xe5, 0x10, 0xc5, 0x08, 0xc5, 0x10, 0xe5, 0x10, 0xc5, 0x10, 0xc5, 0x10,
    0xe5, 0x10, 0xc4, 0x10, 0xc5, 0x10, 0xe5, 0x10, 0xc5, 0x10, 0xc5, 0x10,
    0xc5, 0x10, 0xc5, 0x10, 0xe4, 0x10, 0xc5, 0x10, 0xc5, 0x10, 0xc5, 0x10,
    0xe4, 0x10, 0xc5, 0x10, 0xe5, 0x10, 0xc4, 0x10, 0xc5, 0x08, 0xc4, 0x10,
    0xc5, 0x10, 0xc5, 0x10, 0xc5, 0x10, 0xc5, 0x10, 0xe5, 0x10, 0xc4, 0x08,
    0xe5, 0x10, 0xc5, 0x10, 0xc5, 0x10, 0xc5, 0x10, 0xc5, 0x10, 0xc5, 0x10,
    0xe4, 0x10, 0xc5, 0x10, 0xc5, 0x10, 0xc4, 0x10, 0xe5, 0x10, 0xc5, 0x10,
    0xc4, 0x10, 0xc4, 0x10, 0xe5, 0x10, 0xc5, 0x10, 0xc5, 0x10, 0xc4, 0x10,
    0xc5, 0x10, 0xc5, 0x10, 0xc5, 0x10, 0xe5, 0x10, 0xc5, 0x10, 0xc5, 0x10,
    0xc5, 0x10, 0xe4, 0x08, 0xc5, 0x10, 0xe5, 0x10, 0xe5, 0x10, 0xc5, 0x08,
    0xc5, 0x10, 0xe4, 0x10, 0xc5, 0x10, 0xc4, 0x10, 0xe5, 0x10, 0xc5, 0x10,
    0xe4, 0x08, 0xc5, 0x10, 0xe5, 0x10, 0xc4, 0x10, 0xc4, 0x08, 0xc5, 0x10,
    0xe5, 0x10, 0xc5, 0x10, 0xc4, 0x10, 0xc5, 0x10, 0xe4, 0x10, 0xc5, 0x08,
    0xc5, 0x10, 0xc5, 0x10, 0xe5, 0x10, 0xc5, 0x10, 0xc5, 0x10, 0xc5, 0x10,
    0xc5, 0x10, 0xc5, 0x10, 0xc5, 0x10, 0xe4, 0x08, 0xc5, 0x10, 0xc5, 0x10,
    0xc4, 0x10, 0xe5, 0x08, 0xc4, 0x10, 0xe5, 0x10, 0xc5, 0x10, 0xc5, 0x08,
    0xc5, 0x10, 0xe5, 0x10, 0xc5, 0x10, 0xc4, 0x10, 0xe5, 0x10, 0xc5, 0x10,
    0xc5, 0x08, 0xc4, 0x10, 0xc5, 0x10, 0xc4, 0x10, 0xe4, 0x08, 0xc5, 0x10,
    0xc5, 0x10, 0xe5, 0x10, 0xc5, 0x10, 0xc5, 0x10, 0xc5, 0x10, 0xe4, 0x08,
    0xc5, 0x10, 0xc5, 0x10, 0xe4, 0x10, 0xc5, 0x08, 0xc5, 0x10, 0xe4, 0x10,
    0xc5, 0x10, 0xc5, 0x10, 0xc4, 0x10, 0xe5, 0x10, 0xe5, 0x08, 0xc4, 0x10,
    0xc5, 0x10, 0xc5, 0x10, 0xc5, 0x08, 0xc5, 0x10, 0xc5, 0x10, 0xe5, 0x10,
    0xc4, 0x10, 0xc5, 0x10, 0xc5, 0x10, 0xc5, 0x10, 0xc5, 0x10, 0xe5, 0x10,
    0xc5, 0x10, 0xc5, 0x10, 0xc4, 0x10, 0xc5, 0x10, 0xc5, 0x10, 0xc5, 0x10,
    0xc5, 0x10, 0xe5, 0x10, 0xc5, 0x10, 0xe5, 0x08, 0xc5, 0x10, 0xc4, 0x10,
    0xc5, 0x10, 0xc4, 0x08, 0xc5, 0x10, 0xc5, 0x10, 0xc5, 0x10, 0xc5, 0x10,
    0xc5, 0x10, 0xe5, 0x08, 0xc4, 0x10, 0xc5, 0x10, 0xc5, 0x10, 0xe5, 0x10,
    0xc4, 0x10, 0xc4, 0x10, 0xc5, 0x10, 0xe5, 0x10, 0xc5, 0x10, 0xc5, 0x10,
    0xc4, 0x10, 0xe5, 0x10, 0xc5, 0x10, 0xc5, 0x10, 0xc4, 0x10, 0xe5, 0x10,
    0xe5, 0x10, 0xc5, 0x10, 0xc5, 0x10, 0xc5, 0x10, 0xe5, 0x10, 0xe5, 0x10,
    0xc5, 0x10, 0xc4, 0x10, 0xc4, 0x10, 0xc5, 0x08, 0xc5, 0x10, 0xe5, 0x10,
    0xc4, 0x10, 0xc5, 0x08, 0xc4, 0x10, 0xe5, 0x10, 0xc5, 0x10, 0xc5, 0x10,
    0xe5, 0x10, 0xc5, 0x10, 0xc5, 0x08, 0xc4, 0x10, 0xe5, 0x10, 0xe5, 0x10,
    0xc5, 0x08, 0xc4, 0x10, 0xc4, 0x10, 0xe5, 0x10, 0xc5, 0x10, 0xc5, 0x10,
    0xc5, 0x10, 0xe4, 0x08, 0xc5, 0x10, 0xe5, 0x10, 0xc5, 0x10, 0xc4, 0x10,
    0xc5, 0x10, 0xc4, 0x10, 0xc5, 0x08, 0xc4, 0x10, 0xe5, 0x10, 0xc5, 0x10,
    0xc5, 0x10, 0xc5, 0x10, 0xe5, 0x10, 0xc4, 0x10, 0xc5, 0x10, 0xc5, 0x10,
    0xc5, 0x08, 0xc5, 0x10, 0xc5, 0x10, 0xc4, 0x10, 0xc5, 0x08, 0xe5, 0x10,
    0xc4, 0x10, 0xc5, 0x10, 0xc5, 0x08, 0xc5, 0x10, 0xe5, 0x10, 0xc5, 0x10,
    0xc5, 0x08, 0xe5, 0x10, 0xc4, 0x10, 0xc5, 0x10, 0xc5, 0x08, 0xc5, 0x10,
    0xc4, 0x10, 0xe5, 0x10, 0xc5, 0x10, 0xc5, 0x10, 0xe4, 0x10, 0xc5, 0x08,
    0xc5, 0x10, 0xe4, 0x10, 0xc5, 0x10, 0xc5, 0x08, 0xe5, 0x10, 0xc4, 0x10,
    0xc5, 0x10, 0xc5, 0x10, 0xc5, 0x10, 0xc5, 0x08, 0xc4, 0x10, 0xc5, 0x10,
    0xc5, 0x10, 0xc5, 0x10, 0xc5, 0x10, 0xc4, 0x10, 0xc5, 0x10, 0xc5, 0x10,
    0xe5, 0x10, 0xc5, 0x10, 0xc4, 0x10, 0xe5, 0x10, 0xc5, 0x10, 0xc5, 0x10,
    0xc5, 0x10, 0xc4, 0x10, 0xc5, 0x10, 0xc5, 0x10, 0xc4, 0x10, 0xe5, 0x10,
    0xc5, 0x10, 0xc4, 0x10, 0xc5, 0x10, 0xe5, 0x10, 0xc5, 0x10, 0xc5, 0x10,
    0xc5, 0x10, 0xe5, 0x10, 0xc5, 0x10, 0xc5, 0x10, 0xc4, 0x10, 0xe5, 0x10,
    0xc5, 0x10, 0xe5, 0x10, 0xe5, 0x10, 0xc4, 0x10, 0xc5, 0x10, 0xc5, 0x10,
    0xe4, 0x10, 0xc5, 0x10, 0xc5, 0x10, 0xc5, 0x10, 0xc4, 0x10, 0xc5, 0x10,
    0xc5, 0x10, 0xc5, 0x10, 0xc5, 0x10, 0xc5, 0x10, 0xc5, 0x10, 0xc5, 0x10,
    0xc4, 0x10, 0xc5, 0x10, 0xc5, 0x10, 0xe5, 0x10, 0xc5, 0x10, 0xe5, 0x10,
    0xc5, 0x10, 0xc4, 0x10, 0xc5, 0x10, 0xe5, 0x10, 0xc5, 0x10, 0xc5, 0x10,
    0xc4, 0x10, 0xe5, 0x10, 0xc5, 0x10, 0xc4, 0x10, 0xc5, 0x10, 0xe5, 0x10,
    0xc4, 0x10, 0xe5, 0x10, 0xe5, 0x10, 0xc5, 0x10, 0xc5, 0x10, 0xc4, 0x10,
    0xe5, 0x10, 0xc5, 0x10, 0xc5, 0x10, 0xc5, 0x10, 0xc4, 0x10, 0xc5, 0x10,
    0xc5, 0x10, 0xc4, 0x10, 0xc4, 0x10, 0xc5, 0x10, 0xc5, 0x10, 0xc5, 0x10,
    0xc4, 0x10, 0xc5, 0x10, 0xc5, 0x10, 0xc5, 0x10, 0xc5, 0x10, 0xc5, 0x10,
    0xc5, 0x10, 0xc4, 0x10, 0xc5, 0x10, 0xc5, 0x10, 0xc4, 0x10, 0xc5, 0x10,
    0xe5, 0x10, 0xc5, 0x10, 0xc5, 0x10, 0xc5, 0x10, 0xc5, 0x10, 0xc4, 0x10,
    0xc5, 0x10, 0xc5, 0x10, 0xc5, 0x10, 0xc5, 0x10, 0xc4, 0x10, 0xc5, 0x10,
    0xc5, 0x10, 0xe5, 0x10, 0xc4, 0x10, 0xe5, 0x10, 0xe5, 0x10, 0xc4, 0x10,
    0xc5, 0x10, 0xc4, 0x10, 0xe5, 0x10, 0xc5, 0x10, 0xc4, 0x10, 0xc4, 0x10,
    0xc5, 0x10, 0xc5, 0x10, 0xc4, 0x10, 0xe5, 0x10, 0xe5, 0x10, 0xc5, 0x10,
    0xc5, 0x10, 0xc4, 0x10, 0xc5, 0x10, 0xc5, 0x10, 0xe4, 0x10, 0xc5, 0x10,
    0xe5, 0x10, 0xe5, 0x10, 0xc5, 0x10, 0xe4, 0x10, 0xc5, 0x10, 0xc5, 0x10,
    0xe4, 0x10, 0xc4, 0x10, 0xc5, 0x10, 0xc5, 0x10, 0xe5, 0x10, 0xc4, 0x10,
    0xc5, 0x10, 0xc5, 0x10, 0xe5, 0x10, 0xc4, 0x10, 0xc5, 0x10, 0xc5, 0x10,
    0xe4, 0x10, 0xc5, 0x10, 0xc5, 0x10, 0xc5, 0x10, 0xe5, 0x10, 0xc5, 0x10,
    0xc5, 0x10, 0xc4, 0x10, 0xc5, 0x10, 0xe5, 0x10, 0xc4, 0x10, 0xc5, 0x10,
    0xc5, 0x10, 0xe5, 0x10, 0xc5, 0x10, 0xc5, 0x10, 0xc5, 0x10, 0xc4, 0x10,
    0xc5, 0x10, 0xc5, 0x10, 0xc5, 0x10, 0xc5, 0x10, 0xe4, 0x10, 0xc5, 0x10,
    0xc5, 0x10, 0xc4, 0x10, 0xc4, 0x10, 0xc5, 0x10, 0xc5, 0x10, 0xc5, 0x10,
    0xc4, 0x10, 0xc5, 0x10, 0xe5, 0x10, 0xc5, 0x10, 0xc4, 0x10, 0xc5, 0x10,
    0xe5, 0x10, 0xc5, 0x10, 0xc5, 0x10, 0xc5, 0x10, 0xc5, 0x10, 0xc5, 0x10,
    0xc5, 0x10, 0xc5, 0x10, 0xc5, 0x10, 0xc5, 0x10, 0xc5, 0x10, 0xc5, 0x10,
    0xc4, 0x10, 0xc5, 0x10, 0xc5, 0x10, 0xc5, 0x10, 0xc5, 0x10, 0xc4, 0x10,
    0xc5, 0x10, 0xe5, 0x10, 0xe4, 0x10, 0xc5, 0x10, 0xc5, 0x10, 0xc4, 0x10,
    0xc5, 0x10, 0xc5, 0x10, 0xc5, 0x10, 0xc5, 0x10, 0xc4, 0x10, 0xc5, 0x10,
    0xc5, 0x10, 0xc4, 0x10, 0xc5, 0x10, 0xc5, 0x10, 0xc5, 0x10, 0xc5, 0x10,
    0xc5, 0x10, 0xc5, 0x10, 0xc4, 0x10, 0xc4, 0x10, 0xc5, 0x10, 0xc4, 0x10,
    0xc5, 0x10, 0xc5, 0x10, 0xc5, 0x10, 0xc5, 0x10, 0xc4, 0x10, 0xc5, 0x10,
    0xc5, 0x10, 0xc4, 0x10, 0xe5, 0x10, 0xc5, 0x10, 0xe5, 0x10, 0xe5, 0x10,
    0xc5, 0x08, 0xc4, 0x10, 0xe5, 0x10, 0xc5, 0x08, 0xe5, 0x10, 0xe5, 0x10,
    0xc4, 0x10, 0xc5, 0x08, 0xc5, 0x10, 0xe4, 0x10, 0xc5, 0x08, 0xc5, 0x10,
    0xc4, 0x10, 0xe5, 0x10, 0xc5, 0x08, 0xe4, 0x10, 0xe5, 0x10, 0xc5, 0x08,
    0xc4, 0x10, 0xc5, 0x10, 0xe5, 0x08, 0xc4, 0x10, 0xc5, 0x10, 0xc5, 0x08,
    0xe4, 0x10, 0xc5, 0x10, 0xc5, 0x08, 0xc4, 0x10, 0xe5, 0x10, 0xc5, 0x08,
    0xc5, 0x10, 0xc4, 0x10, 0xc4, 0x08, 0xc5, 0x10, 0xc5, 0x10, 0xe4, 0x08,
    0xc5, 0x10, 0xc5, 0x10, 0xc5, 0x10, 0xe5, 0x08, 0xc4, 0x10, 0xc5, 0x10,
    0xe5, 0x10, 0xc4, 0x08, 0xc5, 0x10, 0xe5, 0x10, 0xc4, 0x08, 0xc5, 0x10,
    0xc5, 0x10, 0xe5, 0x10, 0xc5, 0x08, 0xc4, 0x10, 0xe5, 0x10, 0xc5, 0x10,
    0xc4, 0x08, 0xc5, 0x10, 0xe5, 0x10, 0xc5, 0x08, 0xc5, 0x10, 0xc4, 0x10,
    0xe5, 0x10, 0xc5, 0x08, 0xc4, 0x10, 0xc5, 0x10, 0xe4, 0x08, 0xc5, 0x10,
    0xc5, 0x10, 0xc4, 0x08, 0xc5, 0x10, 0xc5, 0x10, 0xc4, 0x10, 0xe5, 0x08,
    0xc5, 0x10, 0xc5, 0x10, 0xc5, 0x10, 0xe4, 0x08, 0xc5, 0x10, 0xe5, 0x10,
    0xe4, 0x10, 0xc5, 0x08, 0xe5, 0x10, 0xe5, 0x10, 0xc5, 0x08, 0xe4, 0x10,
    0xe5, 0x10, 0xc5, 0x10, 0xe5, 0x08, 0xe5, 0x10, 0xc5, 0x10, 0xe5, 0x10,
    0xe4, 0x08, 0xc5, 0x10, 0xe5, 0x10, 0xe4, 0x08, 0xc5, 0x10, 0xe5, 0x10,
    0xc4, 0x10, 0xc5, 0x08, 0xe4, 0x10, 0xc5, 0x10, 0xc5, 0x10, 0xe5, 0x08,
    0xc5, 0x10, 0xc4, 0x10, 0xe5, 0x08, 0xc5, 0x10, 0xc5, 0x10, 0xc5, 0x10,
    0xe5, 0x08, 0xc4, 0x10, 0xc5, 0x10, 0xc5, 0x10, 0xc4, 0x08, 0xc5, 0x10,
    0xc5, 0x10, 0xe5, 0x08, 0xc4, 0x10, 0xc5, 0x10, 0xc5, 0x08, 0xe5, 0x10,
    0xc5, 0x10, 0xe4, 0x08, 0xe5, 0x10, 0xc5, 0x10, 0xc5, 0x08, 0xe4, 0x10,
    0xc4, 0x10, 0xc5, 0x08, 0xe5, 0x10, 0xc4, 0x10, 0xc5, 0x10, 0xe5, 0x08,
    0xc5, 0x10, 0xc5, 0x10, 0xc4, 0x10, 0xc5, 0x08, 0xe5, 0x10, 0xc4, 0x10,
    0xe5, 0x08, 0xc5, 0x10, 0xc5, 0x10, 0xe5, 0x10, 0xc4, 0x08, 0xc5, 0x10,
    0xe5, 0x10, 0xc5, 0x08, 0xc5, 0x10, 0xc5, 0x10, 0xc4, 0x08, 0xe5, 0x10,
    0xc5, 0x10, 0xc5, 0x08, 0xe5, 0x10, 0xc4, 0x10, 0xc4, 0x08, 0xc5, 0x10,
    0xc5, 0x10, 0xc4, 0x08, 0xe5, 0x10, 0xc5, 0x10, 0xc4, 0x08, 0xc5, 0x10,
    0xc5, 0x10, 0xe4, 0x08, 0xc5, 0x10, 0xe5, 0x10, 0xe4, 0x10, 0xc5, 0x08,
    0xe5, 0x10, 0xe5, 0x10, 0xc5, 0x10, 0xe4, 0x08, 0xc5, 0x10, 0xc5, 0x10,
    0xe4, 0x08, 0xc5, 0x10, 0xc5, 0x10, 0xe5, 0x10, 0xc5, 0x08, 0xc4, 0x10,
    0xc5, 0x10, 0xe5, 0x10, 0xc5, 0x08, 0xc5, 0x10, 0xc5, 0x10, 0xe4, 0x08,
    0xc4, 0x10, 0xc5, 0x10, 0xc5, 0x10, 0xe4, 0x08, 0xc4, 0x10, 0xe5, 0x10,
    0xe5, 0x08, 0xc4, 0x10, 0xe5, 0x10, 0xe5, 0x10, 0xc4, 0x08, 0xe5, 0x10,
    0xe5, 0x10, 0xc4, 0x08, 0xe5, 0x10, 0xe5, 0x10, 0xc4, 0x08, 0xe5, 0x10,
    0xe5, 0x10, 0xc4, 0x10, 0xc5, 0x08, 0xe5, 0x10, 0xc4, 0x10, 0xc5, 0x10,
    0xe5, 0x08, 0xc5, 0x10, 0xe4, 0x10, 0xe4, 0x10, 0xc5, 0x08, 0xe5, 0x10,
    0xe4, 0x10, 0xc5, 0x10, 0xe5, 0x08, 0xe4, 0x10, 0xc5, 0x10, 0xe4, 0x10,
    0xe5, 0x08, 0xc5, 0x10, 0xe5, 0x10, 0xe5, 0x08, 0xc5, 0x10, 0xe5, 0x10,
    0xe4, 0x10, 0xc5, 0x08, 0xe5, 0x10, 0xe4, 0x10, 0xc5, 0x10, 0xe5, 0x08,
    0xc5, 0x10, 0xc5, 0x10, 0xc4, 0x10, 0xc5, 0x10, 0xc4, 0x10, 0xc5, 0x10,
    0xc4, 0x10, 0xe5, 0x10, 0xc5, 0x10, 0xc4, 0x10, 0xc5, 0x10, 0xc4, 0x10,
    0xc5, 0x10, 0xc5, 0x10, 0xe4, 0x10, 0xc5, 0x10, 0xc5, 0x10, 0xc4, 0x10,
    0xe5, 0x10, 0xc5, 0x10, 0xc4, 0x10, 0xc5, 0x10, 0xc5, 0x10, 0xc5, 0x10,
    0xc5, 0x10, 0xe5, 0x10, 0xc5, 0x10, 0xc4, 0x10, 0xc5, 0x10, 0xe5, 0x10,
    0xc4, 0x10, 0xc5, 0x10, 0xc5, 0x10, 0xe4, 0x10, 0xc5, 0x10, 0xc5, 0x10,
    0xc4, 0x10, 0xe5, 0x10, 0xc5, 0x10, 0xc5, 0x10, 0xe4, 0x10, 0xc5, 0x10,
    0xc5, 0x10, 0xc4, 0x10, 0xe5, 0x10, 0xc4, 0x10, 0xc5, 0x10, 0xc5, 0x10,
    0xe4, 0x10, 0xc5, 0x10, 0xc5, 0x10, 0xe4, 0x10, 0xc5, 0x10, 0xc5, 0x10,
    0xe4, 0x10, 0xc5, 0x10, 0xc4, 0x10, 0xc5, 0x10, 0xc5, 0x10, 0xc4, 0x10,
    0xc5, 0x10, 0xe5, 0x10, 0xc4, 0x10, 0xc5, 0x10, 0xc4, 0x10, 0xe5, 0x10,
    0xc5, 0x10, 0xc4, 0x10, 0xc5, 0x10, 0xe5, 0x10, 0xc5, 0x10, 0xc5, 0x10,
    0xc4, 0x10, 0xe5, 0x10, 0xc5, 0x10, 0xc4, 0x10, 0xe5, 0x10, 0xc5, 0x10,
    0xc4, 0x10, 0xc5, 0x10, 0xe4, 0x10, 0xc5, 0x10, 0xc5, 0x10, 0xc4, 0x10,
    0xc5, 0x10, 0xc5, 0x10, 0xc5, 0x10, 0xc5, 0x10, 0xc4, 0x10, 0xc5, 0x10,
    0xc5, 0x10, 0xc5, 0x10, 0xc4, 0x10, 0xc4, 0x10, 0xc5, 0x10, 0xc4, 0x10,
    0xc5, 0x10, 0xc5, 0x10, 0xc4, 0x10, 0xc5, 0x10, 0xc5, 0x10, 0xc5, 0x10,
    0xc5, 0x10, 0xc5, 0x10, 0xe5, 0x10, 0xc4, 0x10, 0xc5, 0x10, 0xe4, 0x10,
    0xc5, 0x10, 0xc5, 0x10, 0xe4, 0x10, 0xc5, 0x10, 0xc4, 0x10, 0xe5, 0x10,
    0xc4, 0x10, 0xc5, 0x10, 0xc5, 0x10, 0xe4, 0x10, 0xc5, 0x10, 0xc5, 0x10,
    0xe5, 0x10, 0xc5, 0x10, 0xc5, 0x10, 0xc5, 0x10, 0xe4, 0x10, 0xc5, 0x10,
    0xc5, 0x10, 0xc5, 0x10, 0xc5, 0x10, 0xc5, 0x10, 0xc4, 0x10, 0xc5, 0x10,
    0xc5, 0x10, 0xe5, 0x10, 0xc4, 0x10, 0xc5, 0x10, 0xc5, 0x10, 0xc4, 0x10,
    0xc5, 0x10, 0xc4, 0x10, 0xe5, 0x10, 0xc5, 0x10, 0xc4, 0x10, 0xc5, 0x10,
    0xc5, 0x10, 0xc5, 0x10, 0xc5, 0x10, 0xe4, 0x10, 0xc5, 0x10, 0xc5, 0x10,
    0xc5, 0x10, 0xc4, 0x10, 0xe4, 0x10, 0xc5, 0x10, 0xc5, 0x10, 0xe5, 0x10,
    0xc4, 0x10, 0xc5, 0x10, 0xc4, 0x10, 0xc5, 0x10, 0xe5, 0x10, 0xc5, 0x10,
    0xc4, 0x10, 0xe5, 0x10, 0xc5, 0x10, 0xc4, 0x10, 0xc5, 0x10, 0xe5, 0x10,
    0xc4, 0x10, 0xc5, 0x10, 0xc5, 0x10, 0xc4, 0x10, 0xc5, 0x10, 0xc5, 0x10,
    0xc4, 0x10, 0xc5, 0x10, 0xc4, 0x10, 0xc5, 0x10, 0xc5, 0x10, 0xc4, 0x10,
    0xe5, 0x10, 0xc5, 0x10, 0xc5, 0x10, 0xe5, 0x10, 0xc4, 0x10, 0xc5, 0x10,
    0xe5, 0x10, 0xc5, 0x10, 0xc4, 0x10, 0xc4, 0x10, 0xe5, 0x10, 0xc5, 0x10,
    0xc5, 0x10, 0xc5, 0x10, 0xe4, 0x10, 0xc5, 0x10, 0xc5, 0x10, 0xc5, 0x10,
    0xc4, 0x10, 0xc5, 0x10, 0xc5, 0x10, 0xc4, 0x10, 0xc5, 0x10, 0xc5, 0x10,
    0xc4, 0x10, 0xc5, 0x10, 0xc5, 0x10, 0xc4, 0x10, 0xc5, 0x10, 0xc5, 0x10,
    0xc4, 0x10, 0xc5, 0x10, 0xc5, 0x10, 0xc5, 0x10, 0xc5, 0x10, 0xe5, 0x10,
    0xc5, 0x10, 0xc4, 0x10, 0xc5, 0x10, 0xc5, 0x10, 0xc5, 0x10, 0xc4, 0x10,
    0xc5, 0x10, 0xc5, 0x10, 0xc5, 0x10, 0xc5, 0x10, 0xc5, 0x10, 0xc5, 0x10,
    0xc4, 0x10, 0xc5, 0x10, 0xc4, 0x10, 0xc5, 0x10, 0xc5, 0x10, 0xc5, 0x10,
    0xc5, 0x10, 0xc5, 0x10, 0xc4, 0x10, 0xc5, 0x10, 0xc5, 0x10, 0xc4, 0x10,
    0xc5, 0x10, 0xc5, 0x10, 0xc5, 0x10, 0xc5, 0x10, 0xc5, 0x10, 0xc5, 0x10,
    0xc5, 0x10, 0xc5, 0x10, 0xc5, 0x10, 0xc5, 0x10, 0xc5, 0x10, 0xc5, 0x10,
    0xc5, 0x10, 0xc5, 0x10, 0xc5, 0x10, 0xc5, 0x10, 0xc5, 0x10, 0xc5, 0x10,
    0xc5, 0x10, 0xc5, 0x10, 0xc5, 0x10, 0xc5, 0x10, 0xc5, 0x10, 0xc5, 0x10,
    0xc4, 0x10, 0xc5, 0x10, 0xc5, 0x10, 0xc5, 0x10, 0xc5, 0x10, 0xc5, 0x10,
    0xc5, 0x10, 0xc5, 0x10, 0xc5, 0x10, 0xc5, 0x10, 0xc5, 0x10, 0xc5, 0x10,
    0xc5, 0x10, 0xc5, 0x10, 0xc5, 0x10, 0xc5, 0x10, 0xc5, 0x10, 0xc5, 0x10,
    0xc5, 0x10, 0xc5, 0x10, 0xc5, 0x10, 0xc5, 0x10, 0xc5, 0x10, 0xc5, 0x10,
    0xc5, 0x10, 0xc5, 0x10, 0xc5, 0x10, 0xc5, 0x10, 0xc5, 0x10, 0xc5, 0x10,
    0xc5, 0x10, 0xc5, 0x10, 0xc5, 0x10, 0xc5, 0x10, 0xc5, 0x10, 0xc5, 0x10,
    0xc5, 0x10, 0xc5, 0x10, 0xc5, 0x10, 0xc5, 0x10, 0xc5, 0x10, 0xc5, 0x10,
    0xc5, 0x10, 0xc5, 0x10, 0xc5, 0x10, 0xc5, 0x10, 0xc5, 0x10, 0xc5, 0x10,
    0xc5, 0x10, 0xc5, 0x10, 0xc5, 0x10, 0xc5, 0x10, 0xc5, 0x10, 0xc5, 0x10,
    0xc5, 0x10, 0xc5, 0x10, 0xc5, 0x10, 0xc5, 0x10, 0xc5, 0x10, 0xc5, 0x10,
    0xc5, 0x10, 0xc5, 0x10, 0xc5, 0x10, 0xc4, 0x10, 0xc5, 0x10, 0xc5, 0x10,
    0xc5, 0x10, 0xc5, 0x10, 0xc5, 0x10, 0xc5, 0x10, 0xc5, 0x10, 0xc5, 0x10,
    0xc5, 0x10, 0xc5, 0x10, 0xc5, 0x10, 0xc5, 0x10, 0xc5, 0x10, 0xc5, 0x10,
    0xc4, 0x10, 0xc5, 0x10, 0xc5, 0x10, 0xc5, 0x10, 0xc5, 0x10, 0xc5, 0x10,
    0xc5, 0x10, 0xc5, 0x10, 0xc5, 0x10, 0xc5, 0x10, 0xc5, 0x10, 0xc5, 0x10,
    0xc5, 0x10, 0xc5, 0x10, 0xc5, 0x10, 0xc5, 0x10, 0xc5, 0x10, 0xc5, 0x10,
    0xc5, 0x10, 0xc4, 0x10, 0xc5, 0x10, 0xc5, 0x10, 0xc5, 0x10, 0xc5, 0x10,
    0xc5, 0x10, 0xc4, 0x10, 0xc5, 0x10, 0xc5, 0x10, 0xc5, 0x10, 0xc5, 0x10,
    0xc5, 0x10, 0xc5, 0x10, 0xc5, 0x10, 0xc5, 0x10, 0xc5, 0x10, 0xc5, 0x10,
    0xc5, 0x10, 0xc5, 0x10, 0xc5, 0x10, 0xc5, 0x10, 0xc5, 0x10, 0xc5, 0x10,
    0xc5, 0x10, 0xc5, 0x10, 0xc4, 0x10, 0xc5, 0x10, 0xc5, 0x10, 0xc5, 0x10,
    0xc5, 0x10, 0xc5, 0x10, 0xc5, 0x10, 0xc5, 0x10, 0xc5, 0x10, 0xc5, 0x10,
    0xc5, 0x10, 0xc5, 0x10, 0xc5, 0x10, 0xc5, 0x10, 0xc5, 0x10, 0xc5, 0x10,
    0xc5, 0x10, 0xc5, 0x10, 0xc5, 0x10, 0xc5, 0x10, 0xc5, 0x10, 0xc5, 0x10,
    0xc5, 0x10, 0xc5, 0x10, 0xc5, 0x10, 0xc5, 0x10, 0xc5, 0x10, 0xc5, 0x10,
    0xc5, 0x10, 0xc5, 0x10, 0xc5, 0x10, 0xc5, 0x10, 0xc5, 0x10, 0xc5, 0x10,
    0xc5, 0x10, 0xc5, 0x10, 0xc5, 0x10, 0xc4, 0x10, 0xc5, 0x10, 0xc5, 0x10,
    0xc5, 0x10, 0xc5, 0x10, 0xc5, 0x10, 0xc5, 0x10, 0xc5, 0x10, 0xc5, 0x10,
    0xc5, 0x10, 0xc5, 0x10, 0xc5, 0x10, 0xc5, 0x10, 0xc5, 0x10, 0xc5, 0x10,
    0xc5, 0x10, 0xc5, 0x10, 0xc5, 0x10, 0xc5, 0x10, 0xc5, 0x10, 0xc5, 0x10,
    0xc5, 0x10, 0xc5, 0x10, 0xc5, 0x10, 0xc5, 0x10, 0xc5, 0x10, 0xc5, 0x10,
    0xc5, 0x10, 0xc5, 0x10, 0xc5, 0x10, 0xc5, 0x10, 0xc4, 0x10, 0xc5, 0x10,
    0xc5, 0x10, 0xc5, 0x10, 0xc5, 0x10, 0xc5, 0x10, 0xc5, 0x10, 0xc5, 0x10,
    0xc5, 0x10, 0xc5, 0x10, 0xc5, 0x10, 0xc4, 0x10, 0xc5, 0x10, 0xc5, 0x10,
    0xc5, 0x10, 0xc5, 0x10, 0xc5, 0x10, 0xc5, 0x10, 0xc5, 0x10, 0xc4, 0x10,
    0xc5, 0x10, 0xc5, 0x10, 0xc5, 0x10, 0xc5, 0x10, 0xc5, 0x10, 0xc5, 0x10
};
