ISO-10303-21;
HEADER;
/* Generated by software containing ST-Developer
 * from STEP Tools, Inc. (www.steptools.com) 
 */

FILE_DESCRIPTION(
/* description */ (''),
/* implementation_level */ '2;1');

FILE_NAME(
/* name */ 'cremaillere.stp',
/* time_stamp */ '2025-03-30T16:45:33+02:00',
/* author */ ('enezl'),
/* organization */ (''),
/* preprocessor_version */ 'ST-DEVELOPER v20',
/* originating_system */ 'Autodesk Inventor 2025',
/* authorisation */ '');

FILE_SCHEMA (('AUTOMOTIVE_DESIGN { 1 0 10303 214 3 1 1 }'));
ENDSEC;

DATA;
#10=MECHANICAL_DESIGN_GEOMETRIC_PRESENTATION_REPRESENTATION('',(#13),#6973);
#11=SHAPE_REPRESENTATION_RELATIONSHIP('SRR','None',#6980,#12);
#12=ADVANCED_BREP_SHAPE_REPRESENTATION('',(#14),#6972);
#13=STYLED_ITEM('',(#6989),#14);
#14=MANIFOLD_SOLID_BREP('Solide1',#4420);
#15=CYLINDRICAL_SURFACE('',#4449,2.);
#16=CYLINDRICAL_SURFACE('',#4451,1.6);
#17=FACE_BOUND('',#240,.T.);
#18=FACE_BOUND('',#242,.T.);
#19=FACE_BOUND('',#247,.T.);
#20=FACE_BOUND('',#252,.T.);
#21=FACE_BOUND('',#450,.T.);
#22=FACE_BOUND('',#453,.T.);
#23=CIRCLE('',#4445,2.);
#24=CIRCLE('',#4447,1.6);
#25=CIRCLE('',#4450,2.);
#26=CIRCLE('',#4452,1.6);
#27=FACE_OUTER_BOUND('',#238,.T.);
#28=FACE_OUTER_BOUND('',#239,.T.);
#29=FACE_OUTER_BOUND('',#241,.T.);
#30=FACE_OUTER_BOUND('',#243,.T.);
#31=FACE_OUTER_BOUND('',#244,.T.);
#32=FACE_OUTER_BOUND('',#245,.T.);
#33=FACE_OUTER_BOUND('',#246,.T.);
#34=FACE_OUTER_BOUND('',#248,.T.);
#35=FACE_OUTER_BOUND('',#249,.T.);
#36=FACE_OUTER_BOUND('',#250,.T.);
#37=FACE_OUTER_BOUND('',#251,.T.);
#38=FACE_OUTER_BOUND('',#253,.T.);
#39=FACE_OUTER_BOUND('',#254,.T.);
#40=FACE_OUTER_BOUND('',#255,.T.);
#41=FACE_OUTER_BOUND('',#256,.T.);
#42=FACE_OUTER_BOUND('',#257,.T.);
#43=FACE_OUTER_BOUND('',#258,.T.);
#44=FACE_OUTER_BOUND('',#259,.T.);
#45=FACE_OUTER_BOUND('',#260,.T.);
#46=FACE_OUTER_BOUND('',#261,.T.);
#47=FACE_OUTER_BOUND('',#262,.T.);
#48=FACE_OUTER_BOUND('',#263,.T.);
#49=FACE_OUTER_BOUND('',#264,.T.);
#50=FACE_OUTER_BOUND('',#265,.T.);
#51=FACE_OUTER_BOUND('',#266,.T.);
#52=FACE_OUTER_BOUND('',#267,.T.);
#53=FACE_OUTER_BOUND('',#268,.T.);
#54=FACE_OUTER_BOUND('',#269,.T.);
#55=FACE_OUTER_BOUND('',#270,.T.);
#56=FACE_OUTER_BOUND('',#271,.T.);
#57=FACE_OUTER_BOUND('',#272,.T.);
#58=FACE_OUTER_BOUND('',#273,.T.);
#59=FACE_OUTER_BOUND('',#274,.T.);
#60=FACE_OUTER_BOUND('',#275,.T.);
#61=FACE_OUTER_BOUND('',#276,.T.);
#62=FACE_OUTER_BOUND('',#277,.T.);
#63=FACE_OUTER_BOUND('',#278,.T.);
#64=FACE_OUTER_BOUND('',#279,.T.);
#65=FACE_OUTER_BOUND('',#280,.T.);
#66=FACE_OUTER_BOUND('',#281,.T.);
#67=FACE_OUTER_BOUND('',#282,.T.);
#68=FACE_OUTER_BOUND('',#283,.T.);
#69=FACE_OUTER_BOUND('',#284,.T.);
#70=FACE_OUTER_BOUND('',#285,.T.);
#71=FACE_OUTER_BOUND('',#286,.T.);
#72=FACE_OUTER_BOUND('',#287,.T.);
#73=FACE_OUTER_BOUND('',#288,.T.);
#74=FACE_OUTER_BOUND('',#289,.T.);
#75=FACE_OUTER_BOUND('',#290,.T.);
#76=FACE_OUTER_BOUND('',#291,.T.);
#77=FACE_OUTER_BOUND('',#292,.T.);
#78=FACE_OUTER_BOUND('',#293,.T.);
#79=FACE_OUTER_BOUND('',#294,.T.);
#80=FACE_OUTER_BOUND('',#295,.T.);
#81=FACE_OUTER_BOUND('',#296,.T.);
#82=FACE_OUTER_BOUND('',#297,.T.);
#83=FACE_OUTER_BOUND('',#298,.T.);
#84=FACE_OUTER_BOUND('',#299,.T.);
#85=FACE_OUTER_BOUND('',#300,.T.);
#86=FACE_OUTER_BOUND('',#301,.T.);
#87=FACE_OUTER_BOUND('',#302,.T.);
#88=FACE_OUTER_BOUND('',#303,.T.);
#89=FACE_OUTER_BOUND('',#304,.T.);
#90=FACE_OUTER_BOUND('',#305,.T.);
#91=FACE_OUTER_BOUND('',#306,.T.);
#92=FACE_OUTER_BOUND('',#307,.T.);
#93=FACE_OUTER_BOUND('',#308,.T.);
#94=FACE_OUTER_BOUND('',#309,.T.);
#95=FACE_OUTER_BOUND('',#310,.T.);
#96=FACE_OUTER_BOUND('',#311,.T.);
#97=FACE_OUTER_BOUND('',#312,.T.);
#98=FACE_OUTER_BOUND('',#313,.T.);
#99=FACE_OUTER_BOUND('',#314,.T.);
#100=FACE_OUTER_BOUND('',#315,.T.);
#101=FACE_OUTER_BOUND('',#316,.T.);
#102=FACE_OUTER_BOUND('',#317,.T.);
#103=FACE_OUTER_BOUND('',#318,.T.);
#104=FACE_OUTER_BOUND('',#319,.T.);
#105=FACE_OUTER_BOUND('',#320,.T.);
#106=FACE_OUTER_BOUND('',#321,.T.);
#107=FACE_OUTER_BOUND('',#322,.T.);
#108=FACE_OUTER_BOUND('',#323,.T.);
#109=FACE_OUTER_BOUND('',#324,.T.);
#110=FACE_OUTER_BOUND('',#325,.T.);
#111=FACE_OUTER_BOUND('',#326,.T.);
#112=FACE_OUTER_BOUND('',#327,.T.);
#113=FACE_OUTER_BOUND('',#328,.T.);
#114=FACE_OUTER_BOUND('',#329,.T.);
#115=FACE_OUTER_BOUND('',#330,.T.);
#116=FACE_OUTER_BOUND('',#331,.T.);
#117=FACE_OUTER_BOUND('',#332,.T.);
#118=FACE_OUTER_BOUND('',#333,.T.);
#119=FACE_OUTER_BOUND('',#334,.T.);
#120=FACE_OUTER_BOUND('',#335,.T.);
#121=FACE_OUTER_BOUND('',#336,.T.);
#122=FACE_OUTER_BOUND('',#337,.T.);
#123=FACE_OUTER_BOUND('',#338,.T.);
#124=FACE_OUTER_BOUND('',#339,.T.);
#125=FACE_OUTER_BOUND('',#340,.T.);
#126=FACE_OUTER_BOUND('',#341,.T.);
#127=FACE_OUTER_BOUND('',#342,.T.);
#128=FACE_OUTER_BOUND('',#343,.T.);
#129=FACE_OUTER_BOUND('',#344,.T.);
#130=FACE_OUTER_BOUND('',#345,.T.);
#131=FACE_OUTER_BOUND('',#346,.T.);
#132=FACE_OUTER_BOUND('',#347,.T.);
#133=FACE_OUTER_BOUND('',#348,.T.);
#134=FACE_OUTER_BOUND('',#349,.T.);
#135=FACE_OUTER_BOUND('',#350,.T.);
#136=FACE_OUTER_BOUND('',#351,.T.);
#137=FACE_OUTER_BOUND('',#352,.T.);
#138=FACE_OUTER_BOUND('',#353,.T.);
#139=FACE_OUTER_BOUND('',#354,.T.);
#140=FACE_OUTER_BOUND('',#355,.T.);
#141=FACE_OUTER_BOUND('',#356,.T.);
#142=FACE_OUTER_BOUND('',#357,.T.);
#143=FACE_OUTER_BOUND('',#358,.T.);
#144=FACE_OUTER_BOUND('',#359,.T.);
#145=FACE_OUTER_BOUND('',#360,.T.);
#146=FACE_OUTER_BOUND('',#361,.T.);
#147=FACE_OUTER_BOUND('',#362,.T.);
#148=FACE_OUTER_BOUND('',#363,.T.);
#149=FACE_OUTER_BOUND('',#364,.T.);
#150=FACE_OUTER_BOUND('',#365,.T.);
#151=FACE_OUTER_BOUND('',#366,.T.);
#152=FACE_OUTER_BOUND('',#367,.T.);
#153=FACE_OUTER_BOUND('',#368,.T.);
#154=FACE_OUTER_BOUND('',#369,.T.);
#155=FACE_OUTER_BOUND('',#370,.T.);
#156=FACE_OUTER_BOUND('',#371,.T.);
#157=FACE_OUTER_BOUND('',#372,.T.);
#158=FACE_OUTER_BOUND('',#373,.T.);
#159=FACE_OUTER_BOUND('',#374,.T.);
#160=FACE_OUTER_BOUND('',#375,.T.);
#161=FACE_OUTER_BOUND('',#376,.T.);
#162=FACE_OUTER_BOUND('',#377,.T.);
#163=FACE_OUTER_BOUND('',#378,.T.);
#164=FACE_OUTER_BOUND('',#379,.T.);
#165=FACE_OUTER_BOUND('',#380,.T.);
#166=FACE_OUTER_BOUND('',#381,.T.);
#167=FACE_OUTER_BOUND('',#382,.T.);
#168=FACE_OUTER_BOUND('',#383,.T.);
#169=FACE_OUTER_BOUND('',#384,.T.);
#170=FACE_OUTER_BOUND('',#385,.T.);
#171=FACE_OUTER_BOUND('',#386,.T.);
#172=FACE_OUTER_BOUND('',#387,.T.);
#173=FACE_OUTER_BOUND('',#388,.T.);
#174=FACE_OUTER_BOUND('',#389,.T.);
#175=FACE_OUTER_BOUND('',#390,.T.);
#176=FACE_OUTER_BOUND('',#391,.T.);
#177=FACE_OUTER_BOUND('',#392,.T.);
#178=FACE_OUTER_BOUND('',#393,.T.);
#179=FACE_OUTER_BOUND('',#394,.T.);
#180=FACE_OUTER_BOUND('',#395,.T.);
#181=FACE_OUTER_BOUND('',#396,.T.);
#182=FACE_OUTER_BOUND('',#397,.T.);
#183=FACE_OUTER_BOUND('',#398,.T.);
#184=FACE_OUTER_BOUND('',#399,.T.);
#185=FACE_OUTER_BOUND('',#400,.T.);
#186=FACE_OUTER_BOUND('',#401,.T.);
#187=FACE_OUTER_BOUND('',#402,.T.);
#188=FACE_OUTER_BOUND('',#403,.T.);
#189=FACE_OUTER_BOUND('',#404,.T.);
#190=FACE_OUTER_BOUND('',#405,.T.);
#191=FACE_OUTER_BOUND('',#406,.T.);
#192=FACE_OUTER_BOUND('',#407,.T.);
#193=FACE_OUTER_BOUND('',#408,.T.);
#194=FACE_OUTER_BOUND('',#409,.T.);
#195=FACE_OUTER_BOUND('',#410,.T.);
#196=FACE_OUTER_BOUND('',#411,.T.);
#197=FACE_OUTER_BOUND('',#412,.T.);
#198=FACE_OUTER_BOUND('',#413,.T.);
#199=FACE_OUTER_BOUND('',#414,.T.);
#200=FACE_OUTER_BOUND('',#415,.T.);
#201=FACE_OUTER_BOUND('',#416,.T.);
#202=FACE_OUTER_BOUND('',#417,.T.);
#203=FACE_OUTER_BOUND('',#418,.T.);
#204=FACE_OUTER_BOUND('',#419,.T.);
#205=FACE_OUTER_BOUND('',#420,.T.);
#206=FACE_OUTER_BOUND('',#421,.T.);
#207=FACE_OUTER_BOUND('',#422,.T.);
#208=FACE_OUTER_BOUND('',#423,.T.);
#209=FACE_OUTER_BOUND('',#424,.T.);
#210=FACE_OUTER_BOUND('',#425,.T.);
#211=FACE_OUTER_BOUND('',#426,.T.);
#212=FACE_OUTER_BOUND('',#427,.T.);
#213=FACE_OUTER_BOUND('',#428,.T.);
#214=FACE_OUTER_BOUND('',#429,.T.);
#215=FACE_OUTER_BOUND('',#430,.T.);
#216=FACE_OUTER_BOUND('',#431,.T.);
#217=FACE_OUTER_BOUND('',#432,.T.);
#218=FACE_OUTER_BOUND('',#433,.T.);
#219=FACE_OUTER_BOUND('',#434,.T.);
#220=FACE_OUTER_BOUND('',#435,.T.);
#221=FACE_OUTER_BOUND('',#436,.T.);
#222=FACE_OUTER_BOUND('',#437,.T.);
#223=FACE_OUTER_BOUND('',#438,.T.);
#224=FACE_OUTER_BOUND('',#439,.T.);
#225=FACE_OUTER_BOUND('',#440,.T.);
#226=FACE_OUTER_BOUND('',#441,.T.);
#227=FACE_OUTER_BOUND('',#442,.T.);
#228=FACE_OUTER_BOUND('',#443,.T.);
#229=FACE_OUTER_BOUND('',#444,.T.);
#230=FACE_OUTER_BOUND('',#445,.T.);
#231=FACE_OUTER_BOUND('',#446,.T.);
#232=FACE_OUTER_BOUND('',#447,.T.);
#233=FACE_OUTER_BOUND('',#448,.T.);
#234=FACE_OUTER_BOUND('',#449,.T.);
#235=FACE_OUTER_BOUND('',#451,.T.);
#236=FACE_OUTER_BOUND('',#452,.T.);
#237=FACE_OUTER_BOUND('',#454,.T.);
#238=EDGE_LOOP('',(#2746,#2747,#2748,#2749));
#239=EDGE_LOOP('',(#2750,#2751,#2752,#2753));
#240=EDGE_LOOP('',(#2754));
#241=EDGE_LOOP('',(#2755,#2756,#2757,#2758));
#242=EDGE_LOOP('',(#2759));
#243=EDGE_LOOP('',(#2760,#2761,#2762,#2763));
#244=EDGE_LOOP('',(#2764,#2765,#2766,#2767));
#245=EDGE_LOOP('',(#2768,#2769,#2770,#2771));
#246=EDGE_LOOP('',(#2772,#2773,#2774,#2775));
#247=EDGE_LOOP('',(#2776));
#248=EDGE_LOOP('',(#2777,#2778,#2779,#2780));
#249=EDGE_LOOP('',(#2781,#2782,#2783,#2784));
#250=EDGE_LOOP('',(#2785,#2786,#2787,#2788));
#251=EDGE_LOOP('',(#2789,#2790,#2791,#2792,#2793,#2794,#2795));
#252=EDGE_LOOP('',(#2796));
#253=EDGE_LOOP('',(#2797,#2798,#2799,#2800,#2801,#2802));
#254=EDGE_LOOP('',(#2803,#2804,#2805,#2806,#2807));
#255=EDGE_LOOP('',(#2808,#2809,#2810,#2811,#2812,#2813,#2814,#2815,#2816,
#2817,#2818,#2819,#2820,#2821,#2822,#2823,#2824,#2825,#2826,#2827,#2828,
#2829,#2830,#2831,#2832,#2833,#2834,#2835,#2836,#2837,#2838,#2839,#2840,
#2841,#2842,#2843,#2844,#2845,#2846,#2847,#2848,#2849,#2850,#2851,#2852,
#2853,#2854,#2855,#2856,#2857,#2858,#2859,#2860,#2861,#2862,#2863,#2864,
#2865,#2866,#2867,#2868,#2869,#2870,#2871,#2872,#2873,#2874,#2875,#2876,
#2877,#2878,#2879,#2880,#2881,#2882,#2883,#2884,#2885,#2886,#2887,#2888,
#2889,#2890,#2891,#2892,#2893,#2894,#2895,#2896,#2897,#2898,#2899,#2900,
#2901,#2902,#2903,#2904,#2905,#2906,#2907,#2908,#2909,#2910,#2911,#2912,
#2913,#2914,#2915,#2916,#2917,#2918,#2919,#2920,#2921,#2922,#2923,#2924,
#2925,#2926,#2927,#2928,#2929,#2930,#2931,#2932,#2933,#2934,#2935,#2936,
#2937,#2938,#2939,#2940,#2941,#2942,#2943,#2944,#2945,#2946,#2947,#2948,
#2949,#2950,#2951,#2952,#2953,#2954,#2955,#2956,#2957,#2958,#2959,#2960,
#2961,#2962,#2963,#2964,#2965,#2966,#2967,#2968,#2969,#2970,#2971,#2972,
#2973,#2974,#2975,#2976,#2977,#2978,#2979,#2980,#2981,#2982,#2983,#2984,
#2985,#2986,#2987,#2988,#2989,#2990,#2991,#2992,#2993,#2994,#2995,#2996,
#2997,#2998,#2999,#3000,#3001,#3002));
#256=EDGE_LOOP('',(#3003,#3004,#3005,#3006));
#257=EDGE_LOOP('',(#3007,#3008,#3009,#3010,#3011,#3012,#3013,#3014));
#258=EDGE_LOOP('',(#3015,#3016,#3017,#3018));
#259=EDGE_LOOP('',(#3019,#3020,#3021,#3022));
#260=EDGE_LOOP('',(#3023,#3024,#3025,#3026));
#261=EDGE_LOOP('',(#3027,#3028,#3029,#3030));
#262=EDGE_LOOP('',(#3031,#3032,#3033,#3034));
#263=EDGE_LOOP('',(#3035,#3036,#3037,#3038));
#264=EDGE_LOOP('',(#3039,#3040,#3041,#3042));
#265=EDGE_LOOP('',(#3043,#3044,#3045,#3046));
#266=EDGE_LOOP('',(#3047,#3048,#3049,#3050));
#267=EDGE_LOOP('',(#3051,#3052,#3053,#3054));
#268=EDGE_LOOP('',(#3055,#3056,#3057,#3058));
#269=EDGE_LOOP('',(#3059,#3060,#3061,#3062));
#270=EDGE_LOOP('',(#3063,#3064,#3065,#3066));
#271=EDGE_LOOP('',(#3067,#3068,#3069,#3070));
#272=EDGE_LOOP('',(#3071,#3072,#3073,#3074));
#273=EDGE_LOOP('',(#3075,#3076,#3077,#3078));
#274=EDGE_LOOP('',(#3079,#3080,#3081,#3082));
#275=EDGE_LOOP('',(#3083,#3084,#3085,#3086));
#276=EDGE_LOOP('',(#3087,#3088,#3089,#3090));
#277=EDGE_LOOP('',(#3091,#3092,#3093,#3094));
#278=EDGE_LOOP('',(#3095,#3096,#3097,#3098));
#279=EDGE_LOOP('',(#3099,#3100,#3101,#3102));
#280=EDGE_LOOP('',(#3103,#3104,#3105,#3106));
#281=EDGE_LOOP('',(#3107,#3108,#3109,#3110));
#282=EDGE_LOOP('',(#3111,#3112,#3113,#3114));
#283=EDGE_LOOP('',(#3115,#3116,#3117,#3118));
#284=EDGE_LOOP('',(#3119,#3120,#3121,#3122));
#285=EDGE_LOOP('',(#3123,#3124,#3125,#3126));
#286=EDGE_LOOP('',(#3127,#3128,#3129,#3130));
#287=EDGE_LOOP('',(#3131,#3132,#3133,#3134));
#288=EDGE_LOOP('',(#3135,#3136,#3137,#3138));
#289=EDGE_LOOP('',(#3139,#3140,#3141,#3142));
#290=EDGE_LOOP('',(#3143,#3144,#3145,#3146));
#291=EDGE_LOOP('',(#3147,#3148,#3149,#3150));
#292=EDGE_LOOP('',(#3151,#3152,#3153,#3154));
#293=EDGE_LOOP('',(#3155,#3156,#3157,#3158));
#294=EDGE_LOOP('',(#3159,#3160,#3161,#3162));
#295=EDGE_LOOP('',(#3163,#3164,#3165,#3166));
#296=EDGE_LOOP('',(#3167,#3168,#3169,#3170));
#297=EDGE_LOOP('',(#3171,#3172,#3173,#3174));
#298=EDGE_LOOP('',(#3175,#3176,#3177,#3178));
#299=EDGE_LOOP('',(#3179,#3180,#3181,#3182));
#300=EDGE_LOOP('',(#3183,#3184,#3185,#3186));
#301=EDGE_LOOP('',(#3187,#3188,#3189,#3190));
#302=EDGE_LOOP('',(#3191,#3192,#3193,#3194));
#303=EDGE_LOOP('',(#3195,#3196,#3197,#3198));
#304=EDGE_LOOP('',(#3199,#3200,#3201,#3202));
#305=EDGE_LOOP('',(#3203,#3204,#3205,#3206));
#306=EDGE_LOOP('',(#3207,#3208,#3209,#3210));
#307=EDGE_LOOP('',(#3211,#3212,#3213,#3214));
#308=EDGE_LOOP('',(#3215,#3216,#3217,#3218));
#309=EDGE_LOOP('',(#3219,#3220,#3221,#3222));
#310=EDGE_LOOP('',(#3223,#3224,#3225,#3226));
#311=EDGE_LOOP('',(#3227,#3228,#3229,#3230));
#312=EDGE_LOOP('',(#3231,#3232,#3233,#3234));
#313=EDGE_LOOP('',(#3235,#3236,#3237,#3238));
#314=EDGE_LOOP('',(#3239,#3240,#3241,#3242));
#315=EDGE_LOOP('',(#3243,#3244,#3245,#3246));
#316=EDGE_LOOP('',(#3247,#3248,#3249,#3250));
#317=EDGE_LOOP('',(#3251,#3252,#3253,#3254));
#318=EDGE_LOOP('',(#3255,#3256,#3257,#3258));
#319=EDGE_LOOP('',(#3259,#3260,#3261,#3262));
#320=EDGE_LOOP('',(#3263,#3264,#3265,#3266));
#321=EDGE_LOOP('',(#3267,#3268,#3269,#3270));
#322=EDGE_LOOP('',(#3271,#3272,#3273,#3274));
#323=EDGE_LOOP('',(#3275,#3276,#3277,#3278));
#324=EDGE_LOOP('',(#3279,#3280,#3281,#3282));
#325=EDGE_LOOP('',(#3283,#3284,#3285,#3286));
#326=EDGE_LOOP('',(#3287,#3288,#3289,#3290));
#327=EDGE_LOOP('',(#3291,#3292,#3293,#3294));
#328=EDGE_LOOP('',(#3295,#3296,#3297,#3298));
#329=EDGE_LOOP('',(#3299,#3300,#3301,#3302));
#330=EDGE_LOOP('',(#3303,#3304,#3305,#3306));
#331=EDGE_LOOP('',(#3307,#3308,#3309,#3310));
#332=EDGE_LOOP('',(#3311,#3312,#3313,#3314));
#333=EDGE_LOOP('',(#3315,#3316,#3317,#3318));
#334=EDGE_LOOP('',(#3319,#3320,#3321,#3322));
#335=EDGE_LOOP('',(#3323,#3324,#3325,#3326));
#336=EDGE_LOOP('',(#3327,#3328,#3329,#3330));
#337=EDGE_LOOP('',(#3331,#3332,#3333,#3334));
#338=EDGE_LOOP('',(#3335,#3336,#3337,#3338));
#339=EDGE_LOOP('',(#3339,#3340,#3341,#3342));
#340=EDGE_LOOP('',(#3343,#3344,#3345,#3346));
#341=EDGE_LOOP('',(#3347,#3348,#3349,#3350));
#342=EDGE_LOOP('',(#3351,#3352,#3353,#3354));
#343=EDGE_LOOP('',(#3355,#3356,#3357,#3358));
#344=EDGE_LOOP('',(#3359,#3360,#3361,#3362));
#345=EDGE_LOOP('',(#3363,#3364,#3365,#3366));
#346=EDGE_LOOP('',(#3367,#3368,#3369,#3370));
#347=EDGE_LOOP('',(#3371,#3372,#3373,#3374));
#348=EDGE_LOOP('',(#3375,#3376,#3377,#3378));
#349=EDGE_LOOP('',(#3379,#3380,#3381,#3382));
#350=EDGE_LOOP('',(#3383,#3384,#3385,#3386));
#351=EDGE_LOOP('',(#3387,#3388,#3389,#3390));
#352=EDGE_LOOP('',(#3391,#3392,#3393,#3394));
#353=EDGE_LOOP('',(#3395,#3396,#3397,#3398));
#354=EDGE_LOOP('',(#3399,#3400,#3401,#3402));
#355=EDGE_LOOP('',(#3403,#3404,#3405,#3406));
#356=EDGE_LOOP('',(#3407,#3408,#3409,#3410));
#357=EDGE_LOOP('',(#3411,#3412,#3413,#3414));
#358=EDGE_LOOP('',(#3415,#3416,#3417,#3418));
#359=EDGE_LOOP('',(#3419,#3420,#3421,#3422));
#360=EDGE_LOOP('',(#3423,#3424,#3425,#3426));
#361=EDGE_LOOP('',(#3427,#3428,#3429,#3430));
#362=EDGE_LOOP('',(#3431,#3432,#3433,#3434));
#363=EDGE_LOOP('',(#3435,#3436,#3437,#3438));
#364=EDGE_LOOP('',(#3439,#3440,#3441,#3442));
#365=EDGE_LOOP('',(#3443,#3444,#3445,#3446));
#366=EDGE_LOOP('',(#3447,#3448,#3449,#3450));
#367=EDGE_LOOP('',(#3451,#3452,#3453,#3454));
#368=EDGE_LOOP('',(#3455,#3456,#3457,#3458));
#369=EDGE_LOOP('',(#3459,#3460,#3461,#3462));
#370=EDGE_LOOP('',(#3463,#3464,#3465,#3466));
#371=EDGE_LOOP('',(#3467,#3468,#3469,#3470));
#372=EDGE_LOOP('',(#3471,#3472,#3473,#3474));
#373=EDGE_LOOP('',(#3475,#3476,#3477,#3478));
#374=EDGE_LOOP('',(#3479,#3480,#3481,#3482));
#375=EDGE_LOOP('',(#3483,#3484,#3485,#3486));
#376=EDGE_LOOP('',(#3487,#3488,#3489,#3490));
#377=EDGE_LOOP('',(#3491,#3492,#3493,#3494));
#378=EDGE_LOOP('',(#3495,#3496,#3497,#3498));
#379=EDGE_LOOP('',(#3499,#3500,#3501,#3502));
#380=EDGE_LOOP('',(#3503,#3504,#3505,#3506));
#381=EDGE_LOOP('',(#3507,#3508,#3509,#3510));
#382=EDGE_LOOP('',(#3511,#3512,#3513,#3514));
#383=EDGE_LOOP('',(#3515,#3516,#3517,#3518));
#384=EDGE_LOOP('',(#3519,#3520,#3521,#3522));
#385=EDGE_LOOP('',(#3523,#3524,#3525,#3526));
#386=EDGE_LOOP('',(#3527,#3528,#3529,#3530));
#387=EDGE_LOOP('',(#3531,#3532,#3533,#3534));
#388=EDGE_LOOP('',(#3535,#3536,#3537,#3538));
#389=EDGE_LOOP('',(#3539,#3540,#3541,#3542));
#390=EDGE_LOOP('',(#3543,#3544,#3545,#3546));
#391=EDGE_LOOP('',(#3547,#3548,#3549,#3550));
#392=EDGE_LOOP('',(#3551,#3552,#3553,#3554));
#393=EDGE_LOOP('',(#3555,#3556,#3557,#3558));
#394=EDGE_LOOP('',(#3559,#3560,#3561,#3562));
#395=EDGE_LOOP('',(#3563,#3564,#3565,#3566));
#396=EDGE_LOOP('',(#3567,#3568,#3569,#3570));
#397=EDGE_LOOP('',(#3571,#3572,#3573,#3574));
#398=EDGE_LOOP('',(#3575,#3576,#3577,#3578));
#399=EDGE_LOOP('',(#3579,#3580,#3581,#3582));
#400=EDGE_LOOP('',(#3583,#3584,#3585,#3586));
#401=EDGE_LOOP('',(#3587,#3588,#3589,#3590));
#402=EDGE_LOOP('',(#3591,#3592,#3593,#3594));
#403=EDGE_LOOP('',(#3595,#3596,#3597,#3598));
#404=EDGE_LOOP('',(#3599,#3600,#3601,#3602));
#405=EDGE_LOOP('',(#3603,#3604,#3605,#3606));
#406=EDGE_LOOP('',(#3607,#3608,#3609,#3610));
#407=EDGE_LOOP('',(#3611,#3612,#3613,#3614));
#408=EDGE_LOOP('',(#3615,#3616,#3617,#3618));
#409=EDGE_LOOP('',(#3619,#3620,#3621,#3622));
#410=EDGE_LOOP('',(#3623,#3624,#3625,#3626));
#411=EDGE_LOOP('',(#3627,#3628,#3629,#3630));
#412=EDGE_LOOP('',(#3631,#3632,#3633,#3634));
#413=EDGE_LOOP('',(#3635,#3636,#3637,#3638));
#414=EDGE_LOOP('',(#3639,#3640,#3641,#3642));
#415=EDGE_LOOP('',(#3643,#3644,#3645,#3646));
#416=EDGE_LOOP('',(#3647,#3648,#3649,#3650));
#417=EDGE_LOOP('',(#3651,#3652,#3653,#3654));
#418=EDGE_LOOP('',(#3655,#3656,#3657,#3658));
#419=EDGE_LOOP('',(#3659,#3660,#3661,#3662));
#420=EDGE_LOOP('',(#3663,#3664,#3665,#3666));
#421=EDGE_LOOP('',(#3667,#3668,#3669,#3670));
#422=EDGE_LOOP('',(#3671,#3672,#3673,#3674));
#423=EDGE_LOOP('',(#3675,#3676,#3677,#3678));
#424=EDGE_LOOP('',(#3679,#3680,#3681,#3682));
#425=EDGE_LOOP('',(#3683,#3684,#3685,#3686));
#426=EDGE_LOOP('',(#3687,#3688,#3689,#3690));
#427=EDGE_LOOP('',(#3691,#3692,#3693,#3694));
#428=EDGE_LOOP('',(#3695,#3696,#3697,#3698));
#429=EDGE_LOOP('',(#3699,#3700,#3701,#3702));
#430=EDGE_LOOP('',(#3703,#3704,#3705,#3706));
#431=EDGE_LOOP('',(#3707,#3708,#3709,#3710));
#432=EDGE_LOOP('',(#3711,#3712,#3713,#3714));
#433=EDGE_LOOP('',(#3715,#3716,#3717,#3718));
#434=EDGE_LOOP('',(#3719,#3720,#3721,#3722));
#435=EDGE_LOOP('',(#3723,#3724,#3725,#3726));
#436=EDGE_LOOP('',(#3727,#3728,#3729,#3730));
#437=EDGE_LOOP('',(#3731,#3732,#3733,#3734));
#438=EDGE_LOOP('',(#3735,#3736,#3737,#3738));
#439=EDGE_LOOP('',(#3739,#3740,#3741,#3742));
#440=EDGE_LOOP('',(#3743,#3744,#3745,#3746));
#441=EDGE_LOOP('',(#3747,#3748,#3749,#3750));
#442=EDGE_LOOP('',(#3751,#3752,#3753,#3754));
#443=EDGE_LOOP('',(#3755,#3756,#3757,#3758));
#444=EDGE_LOOP('',(#3759,#3760,#3761,#3762));
#445=EDGE_LOOP('',(#3763,#3764,#3765,#3766));
#446=EDGE_LOOP('',(#3767,#3768,#3769,#3770));
#447=EDGE_LOOP('',(#3771,#3772,#3773,#3774));
#448=EDGE_LOOP('',(#3775,#3776,#3777,#3778));
#449=EDGE_LOOP('',(#3779,#3780,#3781,#3782,#3783,#3784,#3785,#3786));
#450=EDGE_LOOP('',(#3787,#3788,#3789,#3790));
#451=EDGE_LOOP('',(#3791,#3792,#3793,#3794));
#452=EDGE_LOOP('',(#3795,#3796,#3797,#3798,#3799,#3800));
#453=EDGE_LOOP('',(#3801,#3802,#3803,#3804));
#454=EDGE_LOOP('',(#3805,#3806,#3807,#3808,#3809,#3810,#3811,#3812,#3813,
#3814,#3815,#3816,#3817,#3818,#3819,#3820,#3821,#3822,#3823,#3824,#3825,
#3826,#3827,#3828,#3829,#3830,#3831,#3832,#3833,#3834,#3835,#3836,#3837,
#3838,#3839,#3840,#3841,#3842,#3843,#3844,#3845,#3846,#3847,#3848,#3849,
#3850,#3851,#3852,#3853,#3854,#3855,#3856,#3857,#3858,#3859,#3860,#3861,
#3862,#3863,#3864,#3865,#3866,#3867,#3868,#3869,#3870,#3871,#3872,#3873,
#3874,#3875,#3876,#3877,#3878,#3879,#3880,#3881,#3882,#3883,#3884,#3885,
#3886,#3887,#3888,#3889,#3890,#3891,#3892,#3893,#3894,#3895,#3896,#3897,
#3898,#3899,#3900,#3901,#3902,#3903,#3904,#3905,#3906,#3907,#3908,#3909,
#3910,#3911,#3912,#3913,#3914,#3915,#3916,#3917,#3918,#3919,#3920,#3921,
#3922,#3923,#3924,#3925,#3926,#3927,#3928,#3929,#3930,#3931,#3932,#3933,
#3934,#3935,#3936,#3937,#3938,#3939,#3940,#3941,#3942,#3943,#3944,#3945,
#3946,#3947,#3948,#3949,#3950,#3951,#3952,#3953,#3954,#3955,#3956,#3957,
#3958,#3959,#3960,#3961,#3962,#3963,#3964,#3965,#3966,#3967,#3968,#3969,
#3970,#3971,#3972,#3973,#3974,#3975,#3976,#3977,#3978,#3979,#3980,#3981,
#3982,#3983,#3984,#3985,#3986,#3987,#3988,#3989,#3990,#3991,#3992,#3993,
#3994,#3995,#3996,#3997,#3998,#3999));
#455=LINE('',#5717,#1078);
#456=LINE('',#5719,#1079);
#457=LINE('',#5721,#1080);
#458=LINE('',#5722,#1081);
#459=LINE('',#5725,#1082);
#460=LINE('',#5727,#1083);
#461=LINE('',#5728,#1084);
#462=LINE('',#5733,#1085);
#463=LINE('',#5735,#1086);
#464=LINE('',#5736,#1087);
#465=LINE('',#5740,#1088);
#466=LINE('',#5741,#1089);
#467=LINE('',#5745,#1090);
#468=LINE('',#5748,#1091);
#469=LINE('',#5753,#1092);
#470=LINE('',#5755,#1093);
#471=LINE('',#5757,#1094);
#472=LINE('',#5758,#1095);
#473=LINE('',#5762,#1096);
#474=LINE('',#5764,#1097);
#475=LINE('',#5766,#1098);
#476=LINE('',#5767,#1099);
#477=LINE('',#5770,#1100);
#478=LINE('',#5772,#1101);
#479=LINE('',#5773,#1102);
#480=LINE('',#5777,#1103);
#481=LINE('',#5779,#1104);
#482=LINE('',#5781,#1105);
#483=LINE('',#5782,#1106);
#484=LINE('',#5786,#1107);
#485=LINE('',#5787,#1108);
#486=LINE('',#5789,#1109);
#487=LINE('',#5791,#1110);
#488=LINE('',#5792,#1111);
#489=LINE('',#5795,#1112);
#490=LINE('',#5797,#1113);
#491=LINE('',#5798,#1114);
#492=LINE('',#5799,#1115);
#493=LINE('',#5802,#1116);
#494=LINE('',#5804,#1117);
#495=LINE('',#5805,#1118);
#496=LINE('',#5808,#1119);
#497=LINE('',#5810,#1120);
#498=LINE('',#5812,#1121);
#499=LINE('',#5814,#1122);
#500=LINE('',#5816,#1123);
#501=LINE('',#5818,#1124);
#502=LINE('',#5820,#1125);
#503=LINE('',#5822,#1126);
#504=LINE('',#5824,#1127);
#505=LINE('',#5826,#1128);
#506=LINE('',#5828,#1129);
#507=LINE('',#5830,#1130);
#508=LINE('',#5832,#1131);
#509=LINE('',#5834,#1132);
#510=LINE('',#5836,#1133);
#511=LINE('',#5838,#1134);
#512=LINE('',#5840,#1135);
#513=LINE('',#5842,#1136);
#514=LINE('',#5844,#1137);
#515=LINE('',#5846,#1138);
#516=LINE('',#5848,#1139);
#517=LINE('',#5850,#1140);
#518=LINE('',#5852,#1141);
#519=LINE('',#5854,#1142);
#520=LINE('',#5856,#1143);
#521=LINE('',#5858,#1144);
#522=LINE('',#5860,#1145);
#523=LINE('',#5862,#1146);
#524=LINE('',#5864,#1147);
#525=LINE('',#5866,#1148);
#526=LINE('',#5868,#1149);
#527=LINE('',#5870,#1150);
#528=LINE('',#5872,#1151);
#529=LINE('',#5874,#1152);
#530=LINE('',#5876,#1153);
#531=LINE('',#5878,#1154);
#532=LINE('',#5880,#1155);
#533=LINE('',#5882,#1156);
#534=LINE('',#5884,#1157);
#535=LINE('',#5886,#1158);
#536=LINE('',#5888,#1159);
#537=LINE('',#5890,#1160);
#538=LINE('',#5892,#1161);
#539=LINE('',#5894,#1162);
#540=LINE('',#5896,#1163);
#541=LINE('',#5898,#1164);
#542=LINE('',#5900,#1165);
#543=LINE('',#5902,#1166);
#544=LINE('',#5904,#1167);
#545=LINE('',#5906,#1168);
#546=LINE('',#5908,#1169);
#547=LINE('',#5910,#1170);
#548=LINE('',#5912,#1171);
#549=LINE('',#5914,#1172);
#550=LINE('',#5916,#1173);
#551=LINE('',#5918,#1174);
#552=LINE('',#5920,#1175);
#553=LINE('',#5922,#1176);
#554=LINE('',#5924,#1177);
#555=LINE('',#5926,#1178);
#556=LINE('',#5928,#1179);
#557=LINE('',#5930,#1180);
#558=LINE('',#5932,#1181);
#559=LINE('',#5934,#1182);
#560=LINE('',#5936,#1183);
#561=LINE('',#5938,#1184);
#562=LINE('',#5940,#1185);
#563=LINE('',#5942,#1186);
#564=LINE('',#5944,#1187);
#565=LINE('',#5946,#1188);
#566=LINE('',#5948,#1189);
#567=LINE('',#5950,#1190);
#568=LINE('',#5952,#1191);
#569=LINE('',#5954,#1192);
#570=LINE('',#5956,#1193);
#571=LINE('',#5958,#1194);
#572=LINE('',#5960,#1195);
#573=LINE('',#5962,#1196);
#574=LINE('',#5964,#1197);
#575=LINE('',#5966,#1198);
#576=LINE('',#5968,#1199);
#577=LINE('',#5970,#1200);
#578=LINE('',#5972,#1201);
#579=LINE('',#5974,#1202);
#580=LINE('',#5976,#1203);
#581=LINE('',#5978,#1204);
#582=LINE('',#5980,#1205);
#583=LINE('',#5982,#1206);
#584=LINE('',#5984,#1207);
#585=LINE('',#5986,#1208);
#586=LINE('',#5988,#1209);
#587=LINE('',#5990,#1210);
#588=LINE('',#5992,#1211);
#589=LINE('',#5994,#1212);
#590=LINE('',#5996,#1213);
#591=LINE('',#5998,#1214);
#592=LINE('',#6000,#1215);
#593=LINE('',#6002,#1216);
#594=LINE('',#6004,#1217);
#595=LINE('',#6006,#1218);
#596=LINE('',#6008,#1219);
#597=LINE('',#6010,#1220);
#598=LINE('',#6012,#1221);
#599=LINE('',#6014,#1222);
#600=LINE('',#6016,#1223);
#601=LINE('',#6018,#1224);
#602=LINE('',#6020,#1225);
#603=LINE('',#6022,#1226);
#604=LINE('',#6024,#1227);
#605=LINE('',#6026,#1228);
#606=LINE('',#6028,#1229);
#607=LINE('',#6030,#1230);
#608=LINE('',#6032,#1231);
#609=LINE('',#6034,#1232);
#610=LINE('',#6036,#1233);
#611=LINE('',#6038,#1234);
#612=LINE('',#6040,#1235);
#613=LINE('',#6042,#1236);
#614=LINE('',#6044,#1237);
#615=LINE('',#6046,#1238);
#616=LINE('',#6048,#1239);
#617=LINE('',#6050,#1240);
#618=LINE('',#6052,#1241);
#619=LINE('',#6054,#1242);
#620=LINE('',#6056,#1243);
#621=LINE('',#6058,#1244);
#622=LINE('',#6060,#1245);
#623=LINE('',#6062,#1246);
#624=LINE('',#6064,#1247);
#625=LINE('',#6066,#1248);
#626=LINE('',#6068,#1249);
#627=LINE('',#6070,#1250);
#628=LINE('',#6072,#1251);
#629=LINE('',#6074,#1252);
#630=LINE('',#6076,#1253);
#631=LINE('',#6078,#1254);
#632=LINE('',#6080,#1255);
#633=LINE('',#6082,#1256);
#634=LINE('',#6084,#1257);
#635=LINE('',#6086,#1258);
#636=LINE('',#6088,#1259);
#637=LINE('',#6090,#1260);
#638=LINE('',#6092,#1261);
#639=LINE('',#6094,#1262);
#640=LINE('',#6096,#1263);
#641=LINE('',#6098,#1264);
#642=LINE('',#6100,#1265);
#643=LINE('',#6102,#1266);
#644=LINE('',#6104,#1267);
#645=LINE('',#6106,#1268);
#646=LINE('',#6108,#1269);
#647=LINE('',#6110,#1270);
#648=LINE('',#6112,#1271);
#649=LINE('',#6114,#1272);
#650=LINE('',#6116,#1273);
#651=LINE('',#6118,#1274);
#652=LINE('',#6120,#1275);
#653=LINE('',#6122,#1276);
#654=LINE('',#6124,#1277);
#655=LINE('',#6126,#1278);
#656=LINE('',#6128,#1279);
#657=LINE('',#6130,#1280);
#658=LINE('',#6132,#1281);
#659=LINE('',#6134,#1282);
#660=LINE('',#6136,#1283);
#661=LINE('',#6138,#1284);
#662=LINE('',#6140,#1285);
#663=LINE('',#6142,#1286);
#664=LINE('',#6144,#1287);
#665=LINE('',#6146,#1288);
#666=LINE('',#6148,#1289);
#667=LINE('',#6150,#1290);
#668=LINE('',#6152,#1291);
#669=LINE('',#6154,#1292);
#670=LINE('',#6156,#1293);
#671=LINE('',#6158,#1294);
#672=LINE('',#6160,#1295);
#673=LINE('',#6162,#1296);
#674=LINE('',#6164,#1297);
#675=LINE('',#6166,#1298);
#676=LINE('',#6168,#1299);
#677=LINE('',#6170,#1300);
#678=LINE('',#6172,#1301);
#679=LINE('',#6174,#1302);
#680=LINE('',#6176,#1303);
#681=LINE('',#6178,#1304);
#682=LINE('',#6180,#1305);
#683=LINE('',#6182,#1306);
#684=LINE('',#6184,#1307);
#685=LINE('',#6186,#1308);
#686=LINE('',#6188,#1309);
#687=LINE('',#6190,#1310);
#688=LINE('',#6191,#1311);
#689=LINE('',#6193,#1312);
#690=LINE('',#6194,#1313);
#691=LINE('',#6197,#1314);
#692=LINE('',#6198,#1315);
#693=LINE('',#6201,#1316);
#694=LINE('',#6202,#1317);
#695=LINE('',#6205,#1318);
#696=LINE('',#6206,#1319);
#697=LINE('',#6209,#1320);
#698=LINE('',#6210,#1321);
#699=LINE('',#6213,#1322);
#700=LINE('',#6214,#1323);
#701=LINE('',#6217,#1324);
#702=LINE('',#6218,#1325);
#703=LINE('',#6221,#1326);
#704=LINE('',#6222,#1327);
#705=LINE('',#6225,#1328);
#706=LINE('',#6226,#1329);
#707=LINE('',#6229,#1330);
#708=LINE('',#6230,#1331);
#709=LINE('',#6233,#1332);
#710=LINE('',#6234,#1333);
#711=LINE('',#6237,#1334);
#712=LINE('',#6238,#1335);
#713=LINE('',#6241,#1336);
#714=LINE('',#6242,#1337);
#715=LINE('',#6245,#1338);
#716=LINE('',#6246,#1339);
#717=LINE('',#6249,#1340);
#718=LINE('',#6250,#1341);
#719=LINE('',#6253,#1342);
#720=LINE('',#6254,#1343);
#721=LINE('',#6257,#1344);
#722=LINE('',#6258,#1345);
#723=LINE('',#6261,#1346);
#724=LINE('',#6262,#1347);
#725=LINE('',#6265,#1348);
#726=LINE('',#6266,#1349);
#727=LINE('',#6269,#1350);
#728=LINE('',#6270,#1351);
#729=LINE('',#6273,#1352);
#730=LINE('',#6274,#1353);
#731=LINE('',#6277,#1354);
#732=LINE('',#6278,#1355);
#733=LINE('',#6281,#1356);
#734=LINE('',#6282,#1357);
#735=LINE('',#6285,#1358);
#736=LINE('',#6286,#1359);
#737=LINE('',#6289,#1360);
#738=LINE('',#6290,#1361);
#739=LINE('',#6293,#1362);
#740=LINE('',#6294,#1363);
#741=LINE('',#6297,#1364);
#742=LINE('',#6298,#1365);
#743=LINE('',#6301,#1366);
#744=LINE('',#6302,#1367);
#745=LINE('',#6305,#1368);
#746=LINE('',#6306,#1369);
#747=LINE('',#6309,#1370);
#748=LINE('',#6310,#1371);
#749=LINE('',#6313,#1372);
#750=LINE('',#6314,#1373);
#751=LINE('',#6317,#1374);
#752=LINE('',#6318,#1375);
#753=LINE('',#6321,#1376);
#754=LINE('',#6322,#1377);
#755=LINE('',#6325,#1378);
#756=LINE('',#6326,#1379);
#757=LINE('',#6329,#1380);
#758=LINE('',#6330,#1381);
#759=LINE('',#6333,#1382);
#760=LINE('',#6334,#1383);
#761=LINE('',#6337,#1384);
#762=LINE('',#6338,#1385);
#763=LINE('',#6341,#1386);
#764=LINE('',#6342,#1387);
#765=LINE('',#6345,#1388);
#766=LINE('',#6346,#1389);
#767=LINE('',#6349,#1390);
#768=LINE('',#6350,#1391);
#769=LINE('',#6353,#1392);
#770=LINE('',#6354,#1393);
#771=LINE('',#6357,#1394);
#772=LINE('',#6358,#1395);
#773=LINE('',#6361,#1396);
#774=LINE('',#6362,#1397);
#775=LINE('',#6365,#1398);
#776=LINE('',#6366,#1399);
#777=LINE('',#6369,#1400);
#778=LINE('',#6370,#1401);
#779=LINE('',#6373,#1402);
#780=LINE('',#6374,#1403);
#781=LINE('',#6377,#1404);
#782=LINE('',#6378,#1405);
#783=LINE('',#6381,#1406);
#784=LINE('',#6382,#1407);
#785=LINE('',#6385,#1408);
#786=LINE('',#6386,#1409);
#787=LINE('',#6389,#1410);
#788=LINE('',#6390,#1411);
#789=LINE('',#6393,#1412);
#790=LINE('',#6394,#1413);
#791=LINE('',#6397,#1414);
#792=LINE('',#6398,#1415);
#793=LINE('',#6401,#1416);
#794=LINE('',#6402,#1417);
#795=LINE('',#6405,#1418);
#796=LINE('',#6406,#1419);
#797=LINE('',#6409,#1420);
#798=LINE('',#6410,#1421);
#799=LINE('',#6413,#1422);
#800=LINE('',#6414,#1423);
#801=LINE('',#6417,#1424);
#802=LINE('',#6418,#1425);
#803=LINE('',#6421,#1426);
#804=LINE('',#6422,#1427);
#805=LINE('',#6425,#1428);
#806=LINE('',#6426,#1429);
#807=LINE('',#6429,#1430);
#808=LINE('',#6430,#1431);
#809=LINE('',#6433,#1432);
#810=LINE('',#6434,#1433);
#811=LINE('',#6437,#1434);
#812=LINE('',#6438,#1435);
#813=LINE('',#6441,#1436);
#814=LINE('',#6442,#1437);
#815=LINE('',#6445,#1438);
#816=LINE('',#6446,#1439);
#817=LINE('',#6449,#1440);
#818=LINE('',#6450,#1441);
#819=LINE('',#6453,#1442);
#820=LINE('',#6454,#1443);
#821=LINE('',#6457,#1444);
#822=LINE('',#6458,#1445);
#823=LINE('',#6461,#1446);
#824=LINE('',#6462,#1447);
#825=LINE('',#6465,#1448);
#826=LINE('',#6466,#1449);
#827=LINE('',#6469,#1450);
#828=LINE('',#6470,#1451);
#829=LINE('',#6473,#1452);
#830=LINE('',#6474,#1453);
#831=LINE('',#6477,#1454);
#832=LINE('',#6478,#1455);
#833=LINE('',#6481,#1456);
#834=LINE('',#6482,#1457);
#835=LINE('',#6485,#1458);
#836=LINE('',#6486,#1459);
#837=LINE('',#6489,#1460);
#838=LINE('',#6490,#1461);
#839=LINE('',#6493,#1462);
#840=LINE('',#6494,#1463);
#841=LINE('',#6497,#1464);
#842=LINE('',#6498,#1465);
#843=LINE('',#6501,#1466);
#844=LINE('',#6502,#1467);
#845=LINE('',#6505,#1468);
#846=LINE('',#6506,#1469);
#847=LINE('',#6509,#1470);
#848=LINE('',#6510,#1471);
#849=LINE('',#6513,#1472);
#850=LINE('',#6514,#1473);
#851=LINE('',#6517,#1474);
#852=LINE('',#6518,#1475);
#853=LINE('',#6521,#1476);
#854=LINE('',#6522,#1477);
#855=LINE('',#6525,#1478);
#856=LINE('',#6526,#1479);
#857=LINE('',#6529,#1480);
#858=LINE('',#6530,#1481);
#859=LINE('',#6533,#1482);
#860=LINE('',#6534,#1483);
#861=LINE('',#6537,#1484);
#862=LINE('',#6538,#1485);
#863=LINE('',#6541,#1486);
#864=LINE('',#6542,#1487);
#865=LINE('',#6545,#1488);
#866=LINE('',#6546,#1489);
#867=LINE('',#6549,#1490);
#868=LINE('',#6550,#1491);
#869=LINE('',#6553,#1492);
#870=LINE('',#6554,#1493);
#871=LINE('',#6557,#1494);
#872=LINE('',#6558,#1495);
#873=LINE('',#6561,#1496);
#874=LINE('',#6562,#1497);
#875=LINE('',#6565,#1498);
#876=LINE('',#6566,#1499);
#877=LINE('',#6569,#1500);
#878=LINE('',#6570,#1501);
#879=LINE('',#6573,#1502);
#880=LINE('',#6574,#1503);
#881=LINE('',#6577,#1504);
#882=LINE('',#6578,#1505);
#883=LINE('',#6581,#1506);
#884=LINE('',#6582,#1507);
#885=LINE('',#6585,#1508);
#886=LINE('',#6586,#1509);
#887=LINE('',#6589,#1510);
#888=LINE('',#6590,#1511);
#889=LINE('',#6593,#1512);
#890=LINE('',#6594,#1513);
#891=LINE('',#6597,#1514);
#892=LINE('',#6598,#1515);
#893=LINE('',#6601,#1516);
#894=LINE('',#6602,#1517);
#895=LINE('',#6605,#1518);
#896=LINE('',#6606,#1519);
#897=LINE('',#6609,#1520);
#898=LINE('',#6610,#1521);
#899=LINE('',#6613,#1522);
#900=LINE('',#6614,#1523);
#901=LINE('',#6617,#1524);
#902=LINE('',#6618,#1525);
#903=LINE('',#6621,#1526);
#904=LINE('',#6622,#1527);
#905=LINE('',#6625,#1528);
#906=LINE('',#6626,#1529);
#907=LINE('',#6629,#1530);
#908=LINE('',#6630,#1531);
#909=LINE('',#6633,#1532);
#910=LINE('',#6634,#1533);
#911=LINE('',#6637,#1534);
#912=LINE('',#6638,#1535);
#913=LINE('',#6641,#1536);
#914=LINE('',#6642,#1537);
#915=LINE('',#6645,#1538);
#916=LINE('',#6646,#1539);
#917=LINE('',#6649,#1540);
#918=LINE('',#6650,#1541);
#919=LINE('',#6653,#1542);
#920=LINE('',#6654,#1543);
#921=LINE('',#6657,#1544);
#922=LINE('',#6658,#1545);
#923=LINE('',#6661,#1546);
#924=LINE('',#6662,#1547);
#925=LINE('',#6665,#1548);
#926=LINE('',#6666,#1549);
#927=LINE('',#6669,#1550);
#928=LINE('',#6670,#1551);
#929=LINE('',#6673,#1552);
#930=LINE('',#6674,#1553);
#931=LINE('',#6677,#1554);
#932=LINE('',#6678,#1555);
#933=LINE('',#6681,#1556);
#934=LINE('',#6682,#1557);
#935=LINE('',#6685,#1558);
#936=LINE('',#6686,#1559);
#937=LINE('',#6689,#1560);
#938=LINE('',#6690,#1561);
#939=LINE('',#6693,#1562);
#940=LINE('',#6694,#1563);
#941=LINE('',#6697,#1564);
#942=LINE('',#6698,#1565);
#943=LINE('',#6701,#1566);
#944=LINE('',#6702,#1567);
#945=LINE('',#6705,#1568);
#946=LINE('',#6706,#1569);
#947=LINE('',#6709,#1570);
#948=LINE('',#6710,#1571);
#949=LINE('',#6713,#1572);
#950=LINE('',#6714,#1573);
#951=LINE('',#6717,#1574);
#952=LINE('',#6718,#1575);
#953=LINE('',#6721,#1576);
#954=LINE('',#6722,#1577);
#955=LINE('',#6725,#1578);
#956=LINE('',#6726,#1579);
#957=LINE('',#6729,#1580);
#958=LINE('',#6730,#1581);
#959=LINE('',#6733,#1582);
#960=LINE('',#6734,#1583);
#961=LINE('',#6737,#1584);
#962=LINE('',#6738,#1585);
#963=LINE('',#6741,#1586);
#964=LINE('',#6742,#1587);
#965=LINE('',#6745,#1588);
#966=LINE('',#6746,#1589);
#967=LINE('',#6749,#1590);
#968=LINE('',#6750,#1591);
#969=LINE('',#6753,#1592);
#970=LINE('',#6754,#1593);
#971=LINE('',#6757,#1594);
#972=LINE('',#6758,#1595);
#973=LINE('',#6761,#1596);
#974=LINE('',#6762,#1597);
#975=LINE('',#6765,#1598);
#976=LINE('',#6766,#1599);
#977=LINE('',#6769,#1600);
#978=LINE('',#6770,#1601);
#979=LINE('',#6773,#1602);
#980=LINE('',#6774,#1603);
#981=LINE('',#6777,#1604);
#982=LINE('',#6778,#1605);
#983=LINE('',#6781,#1606);
#984=LINE('',#6782,#1607);
#985=LINE('',#6785,#1608);
#986=LINE('',#6786,#1609);
#987=LINE('',#6789,#1610);
#988=LINE('',#6790,#1611);
#989=LINE('',#6793,#1612);
#990=LINE('',#6794,#1613);
#991=LINE('',#6797,#1614);
#992=LINE('',#6798,#1615);
#993=LINE('',#6801,#1616);
#994=LINE('',#6802,#1617);
#995=LINE('',#6805,#1618);
#996=LINE('',#6806,#1619);
#997=LINE('',#6809,#1620);
#998=LINE('',#6810,#1621);
#999=LINE('',#6813,#1622);
#1000=LINE('',#6814,#1623);
#1001=LINE('',#6817,#1624);
#1002=LINE('',#6818,#1625);
#1003=LINE('',#6821,#1626);
#1004=LINE('',#6822,#1627);
#1005=LINE('',#6825,#1628);
#1006=LINE('',#6826,#1629);
#1007=LINE('',#6829,#1630);
#1008=LINE('',#6830,#1631);
#1009=LINE('',#6833,#1632);
#1010=LINE('',#6834,#1633);
#1011=LINE('',#6837,#1634);
#1012=LINE('',#6838,#1635);
#1013=LINE('',#6841,#1636);
#1014=LINE('',#6842,#1637);
#1015=LINE('',#6845,#1638);
#1016=LINE('',#6846,#1639);
#1017=LINE('',#6849,#1640);
#1018=LINE('',#6850,#1641);
#1019=LINE('',#6853,#1642);
#1020=LINE('',#6854,#1643);
#1021=LINE('',#6857,#1644);
#1022=LINE('',#6858,#1645);
#1023=LINE('',#6861,#1646);
#1024=LINE('',#6862,#1647);
#1025=LINE('',#6865,#1648);
#1026=LINE('',#6866,#1649);
#1027=LINE('',#6869,#1650);
#1028=LINE('',#6870,#1651);
#1029=LINE('',#6873,#1652);
#1030=LINE('',#6874,#1653);
#1031=LINE('',#6877,#1654);
#1032=LINE('',#6878,#1655);
#1033=LINE('',#6881,#1656);
#1034=LINE('',#6882,#1657);
#1035=LINE('',#6885,#1658);
#1036=LINE('',#6886,#1659);
#1037=LINE('',#6889,#1660);
#1038=LINE('',#6890,#1661);
#1039=LINE('',#6893,#1662);
#1040=LINE('',#6894,#1663);
#1041=LINE('',#6897,#1664);
#1042=LINE('',#6898,#1665);
#1043=LINE('',#6901,#1666);
#1044=LINE('',#6902,#1667);
#1045=LINE('',#6905,#1668);
#1046=LINE('',#6906,#1669);
#1047=LINE('',#6909,#1670);
#1048=LINE('',#6910,#1671);
#1049=LINE('',#6913,#1672);
#1050=LINE('',#6914,#1673);
#1051=LINE('',#6917,#1674);
#1052=LINE('',#6918,#1675);
#1053=LINE('',#6921,#1676);
#1054=LINE('',#6922,#1677);
#1055=LINE('',#6925,#1678);
#1056=LINE('',#6926,#1679);
#1057=LINE('',#6929,#1680);
#1058=LINE('',#6930,#1681);
#1059=LINE('',#6933,#1682);
#1060=LINE('',#6934,#1683);
#1061=LINE('',#6937,#1684);
#1062=LINE('',#6938,#1685);
#1063=LINE('',#6941,#1686);
#1064=LINE('',#6942,#1687);
#1065=LINE('',#6945,#1688);
#1066=LINE('',#6946,#1689);
#1067=LINE('',#6949,#1690);
#1068=LINE('',#6950,#1691);
#1069=LINE('',#6953,#1692);
#1070=LINE('',#6954,#1693);
#1071=LINE('',#6957,#1694);
#1072=LINE('',#6958,#1695);
#1073=LINE('',#6961,#1696);
#1074=LINE('',#6962,#1697);
#1075=LINE('',#6964,#1698);
#1076=LINE('',#6965,#1699);
#1077=LINE('',#6967,#1700);
#1078=VECTOR('',#4662,10.);
#1079=VECTOR('',#4663,10.);
#1080=VECTOR('',#4664,10.);
#1081=VECTOR('',#4665,10.);
#1082=VECTOR('',#4668,10.);
#1083=VECTOR('',#4669,10.);
#1084=VECTOR('',#4670,10.);
#1085=VECTOR('',#4675,10.);
#1086=VECTOR('',#4676,10.);
#1087=VECTOR('',#4677,10.);
#1088=VECTOR('',#4682,10.);
#1089=VECTOR('',#4683,10.);
#1090=VECTOR('',#4688,2.);
#1091=VECTOR('',#4691,1.6);
#1092=VECTOR('',#4696,10.);
#1093=VECTOR('',#4697,10.);
#1094=VECTOR('',#4698,10.);
#1095=VECTOR('',#4699,10.);
#1096=VECTOR('',#4702,10.);
#1097=VECTOR('',#4703,10.);
#1098=VECTOR('',#4704,10.);
#1099=VECTOR('',#4705,10.);
#1100=VECTOR('',#4708,10.);
#1101=VECTOR('',#4709,10.);
#1102=VECTOR('',#4710,10.);
#1103=VECTOR('',#4713,10.);
#1104=VECTOR('',#4714,10.);
#1105=VECTOR('',#4715,10.);
#1106=VECTOR('',#4716,10.);
#1107=VECTOR('',#4719,10.);
#1108=VECTOR('',#4720,10.);
#1109=VECTOR('',#4721,10.);
#1110=VECTOR('',#4722,10.);
#1111=VECTOR('',#4723,10.);
#1112=VECTOR('',#4726,10.);
#1113=VECTOR('',#4727,10.);
#1114=VECTOR('',#4728,10.);
#1115=VECTOR('',#4729,10.);
#1116=VECTOR('',#4732,10.);
#1117=VECTOR('',#4733,10.);
#1118=VECTOR('',#4734,10.);
#1119=VECTOR('',#4737,10.);
#1120=VECTOR('',#4738,10.);
#1121=VECTOR('',#4739,10.);
#1122=VECTOR('',#4740,10.);
#1123=VECTOR('',#4741,10.);
#1124=VECTOR('',#4742,10.);
#1125=VECTOR('',#4743,10.);
#1126=VECTOR('',#4744,10.);
#1127=VECTOR('',#4745,10.);
#1128=VECTOR('',#4746,10.);
#1129=VECTOR('',#4747,10.);
#1130=VECTOR('',#4748,10.);
#1131=VECTOR('',#4749,10.);
#1132=VECTOR('',#4750,10.);
#1133=VECTOR('',#4751,10.);
#1134=VECTOR('',#4752,10.);
#1135=VECTOR('',#4753,10.);
#1136=VECTOR('',#4754,10.);
#1137=VECTOR('',#4755,10.);
#1138=VECTOR('',#4756,10.);
#1139=VECTOR('',#4757,10.);
#1140=VECTOR('',#4758,10.);
#1141=VECTOR('',#4759,10.);
#1142=VECTOR('',#4760,10.);
#1143=VECTOR('',#4761,10.);
#1144=VECTOR('',#4762,10.);
#1145=VECTOR('',#4763,10.);
#1146=VECTOR('',#4764,10.);
#1147=VECTOR('',#4765,10.);
#1148=VECTOR('',#4766,10.);
#1149=VECTOR('',#4767,10.);
#1150=VECTOR('',#4768,10.);
#1151=VECTOR('',#4769,10.);
#1152=VECTOR('',#4770,10.);
#1153=VECTOR('',#4771,10.);
#1154=VECTOR('',#4772,10.);
#1155=VECTOR('',#4773,10.);
#1156=VECTOR('',#4774,10.);
#1157=VECTOR('',#4775,10.);
#1158=VECTOR('',#4776,10.);
#1159=VECTOR('',#4777,10.);
#1160=VECTOR('',#4778,10.);
#1161=VECTOR('',#4779,10.);
#1162=VECTOR('',#4780,10.);
#1163=VECTOR('',#4781,10.);
#1164=VECTOR('',#4782,10.);
#1165=VECTOR('',#4783,10.);
#1166=VECTOR('',#4784,10.);
#1167=VECTOR('',#4785,10.);
#1168=VECTOR('',#4786,10.);
#1169=VECTOR('',#4787,10.);
#1170=VECTOR('',#4788,10.);
#1171=VECTOR('',#4789,10.);
#1172=VECTOR('',#4790,10.);
#1173=VECTOR('',#4791,10.);
#1174=VECTOR('',#4792,10.);
#1175=VECTOR('',#4793,10.);
#1176=VECTOR('',#4794,10.);
#1177=VECTOR('',#4795,10.);
#1178=VECTOR('',#4796,10.);
#1179=VECTOR('',#4797,10.);
#1180=VECTOR('',#4798,10.);
#1181=VECTOR('',#4799,10.);
#1182=VECTOR('',#4800,10.);
#1183=VECTOR('',#4801,10.);
#1184=VECTOR('',#4802,10.);
#1185=VECTOR('',#4803,10.);
#1186=VECTOR('',#4804,10.);
#1187=VECTOR('',#4805,10.);
#1188=VECTOR('',#4806,10.);
#1189=VECTOR('',#4807,10.);
#1190=VECTOR('',#4808,10.);
#1191=VECTOR('',#4809,10.);
#1192=VECTOR('',#4810,10.);
#1193=VECTOR('',#4811,10.);
#1194=VECTOR('',#4812,10.);
#1195=VECTOR('',#4813,10.);
#1196=VECTOR('',#4814,10.);
#1197=VECTOR('',#4815,10.);
#1198=VECTOR('',#4816,10.);
#1199=VECTOR('',#4817,10.);
#1200=VECTOR('',#4818,10.);
#1201=VECTOR('',#4819,10.);
#1202=VECTOR('',#4820,10.);
#1203=VECTOR('',#4821,10.);
#1204=VECTOR('',#4822,10.);
#1205=VECTOR('',#4823,10.);
#1206=VECTOR('',#4824,10.);
#1207=VECTOR('',#4825,10.);
#1208=VECTOR('',#4826,10.);
#1209=VECTOR('',#4827,10.);
#1210=VECTOR('',#4828,10.);
#1211=VECTOR('',#4829,10.);
#1212=VECTOR('',#4830,10.);
#1213=VECTOR('',#4831,10.);
#1214=VECTOR('',#4832,10.);
#1215=VECTOR('',#4833,10.);
#1216=VECTOR('',#4834,10.);
#1217=VECTOR('',#4835,10.);
#1218=VECTOR('',#4836,10.);
#1219=VECTOR('',#4837,10.);
#1220=VECTOR('',#4838,10.);
#1221=VECTOR('',#4839,10.);
#1222=VECTOR('',#4840,10.);
#1223=VECTOR('',#4841,10.);
#1224=VECTOR('',#4842,10.);
#1225=VECTOR('',#4843,10.);
#1226=VECTOR('',#4844,10.);
#1227=VECTOR('',#4845,10.);
#1228=VECTOR('',#4846,10.);
#1229=VECTOR('',#4847,10.);
#1230=VECTOR('',#4848,10.);
#1231=VECTOR('',#4849,10.);
#1232=VECTOR('',#4850,10.);
#1233=VECTOR('',#4851,10.);
#1234=VECTOR('',#4852,10.);
#1235=VECTOR('',#4853,10.);
#1236=VECTOR('',#4854,10.);
#1237=VECTOR('',#4855,10.);
#1238=VECTOR('',#4856,10.);
#1239=VECTOR('',#4857,10.);
#1240=VECTOR('',#4858,10.);
#1241=VECTOR('',#4859,10.);
#1242=VECTOR('',#4860,10.);
#1243=VECTOR('',#4861,10.);
#1244=VECTOR('',#4862,10.);
#1245=VECTOR('',#4863,10.);
#1246=VECTOR('',#4864,10.);
#1247=VECTOR('',#4865,10.);
#1248=VECTOR('',#4866,10.);
#1249=VECTOR('',#4867,10.);
#1250=VECTOR('',#4868,10.);
#1251=VECTOR('',#4869,10.);
#1252=VECTOR('',#4870,10.);
#1253=VECTOR('',#4871,10.);
#1254=VECTOR('',#4872,10.);
#1255=VECTOR('',#4873,10.);
#1256=VECTOR('',#4874,10.);
#1257=VECTOR('',#4875,10.);
#1258=VECTOR('',#4876,10.);
#1259=VECTOR('',#4877,10.);
#1260=VECTOR('',#4878,10.);
#1261=VECTOR('',#4879,10.);
#1262=VECTOR('',#4880,10.);
#1263=VECTOR('',#4881,10.);
#1264=VECTOR('',#4882,10.);
#1265=VECTOR('',#4883,10.);
#1266=VECTOR('',#4884,10.);
#1267=VECTOR('',#4885,10.);
#1268=VECTOR('',#4886,10.);
#1269=VECTOR('',#4887,10.);
#1270=VECTOR('',#4888,10.);
#1271=VECTOR('',#4889,10.);
#1272=VECTOR('',#4890,10.);
#1273=VECTOR('',#4891,10.);
#1274=VECTOR('',#4892,10.);
#1275=VECTOR('',#4893,10.);
#1276=VECTOR('',#4894,10.);
#1277=VECTOR('',#4895,10.);
#1278=VECTOR('',#4896,10.);
#1279=VECTOR('',#4897,10.);
#1280=VECTOR('',#4898,10.);
#1281=VECTOR('',#4899,10.);
#1282=VECTOR('',#4900,10.);
#1283=VECTOR('',#4901,10.);
#1284=VECTOR('',#4902,10.);
#1285=VECTOR('',#4903,10.);
#1286=VECTOR('',#4904,10.);
#1287=VECTOR('',#4905,10.);
#1288=VECTOR('',#4906,10.);
#1289=VECTOR('',#4907,10.);
#1290=VECTOR('',#4908,10.);
#1291=VECTOR('',#4909,10.);
#1292=VECTOR('',#4910,10.);
#1293=VECTOR('',#4911,10.);
#1294=VECTOR('',#4912,10.);
#1295=VECTOR('',#4913,10.);
#1296=VECTOR('',#4914,10.);
#1297=VECTOR('',#4915,10.);
#1298=VECTOR('',#4916,10.);
#1299=VECTOR('',#4917,10.);
#1300=VECTOR('',#4918,10.);
#1301=VECTOR('',#4919,10.);
#1302=VECTOR('',#4920,10.);
#1303=VECTOR('',#4921,10.);
#1304=VECTOR('',#4922,10.);
#1305=VECTOR('',#4923,10.);
#1306=VECTOR('',#4924,10.);
#1307=VECTOR('',#4925,10.);
#1308=VECTOR('',#4926,10.);
#1309=VECTOR('',#4927,10.);
#1310=VECTOR('',#4928,10.);
#1311=VECTOR('',#4929,10.);
#1312=VECTOR('',#4932,10.);
#1313=VECTOR('',#4933,10.);
#1314=VECTOR('',#4936,10.);
#1315=VECTOR('',#4937,10.);
#1316=VECTOR('',#4940,10.);
#1317=VECTOR('',#4941,10.);
#1318=VECTOR('',#4944,10.);
#1319=VECTOR('',#4945,10.);
#1320=VECTOR('',#4948,10.);
#1321=VECTOR('',#4949,10.);
#1322=VECTOR('',#4952,10.);
#1323=VECTOR('',#4953,10.);
#1324=VECTOR('',#4956,10.);
#1325=VECTOR('',#4957,10.);
#1326=VECTOR('',#4960,10.);
#1327=VECTOR('',#4961,10.);
#1328=VECTOR('',#4964,10.);
#1329=VECTOR('',#4965,10.);
#1330=VECTOR('',#4968,10.);
#1331=VECTOR('',#4969,10.);
#1332=VECTOR('',#4972,10.);
#1333=VECTOR('',#4973,10.);
#1334=VECTOR('',#4976,10.);
#1335=VECTOR('',#4977,10.);
#1336=VECTOR('',#4980,10.);
#1337=VECTOR('',#4981,10.);
#1338=VECTOR('',#4984,10.);
#1339=VECTOR('',#4985,10.);
#1340=VECTOR('',#4988,10.);
#1341=VECTOR('',#4989,10.);
#1342=VECTOR('',#4992,10.);
#1343=VECTOR('',#4993,10.);
#1344=VECTOR('',#4996,10.);
#1345=VECTOR('',#4997,10.);
#1346=VECTOR('',#5000,10.);
#1347=VECTOR('',#5001,10.);
#1348=VECTOR('',#5004,10.);
#1349=VECTOR('',#5005,10.);
#1350=VECTOR('',#5008,10.);
#1351=VECTOR('',#5009,10.);
#1352=VECTOR('',#5012,10.);
#1353=VECTOR('',#5013,10.);
#1354=VECTOR('',#5016,10.);
#1355=VECTOR('',#5017,10.);
#1356=VECTOR('',#5020,10.);
#1357=VECTOR('',#5021,10.);
#1358=VECTOR('',#5024,10.);
#1359=VECTOR('',#5025,10.);
#1360=VECTOR('',#5028,10.);
#1361=VECTOR('',#5029,10.);
#1362=VECTOR('',#5032,10.);
#1363=VECTOR('',#5033,10.);
#1364=VECTOR('',#5036,10.);
#1365=VECTOR('',#5037,10.);
#1366=VECTOR('',#5040,10.);
#1367=VECTOR('',#5041,10.);
#1368=VECTOR('',#5044,10.);
#1369=VECTOR('',#5045,10.);
#1370=VECTOR('',#5048,10.);
#1371=VECTOR('',#5049,10.);
#1372=VECTOR('',#5052,10.);
#1373=VECTOR('',#5053,10.);
#1374=VECTOR('',#5056,10.);
#1375=VECTOR('',#5057,10.);
#1376=VECTOR('',#5060,10.);
#1377=VECTOR('',#5061,10.);
#1378=VECTOR('',#5064,10.);
#1379=VECTOR('',#5065,10.);
#1380=VECTOR('',#5068,10.);
#1381=VECTOR('',#5069,10.);
#1382=VECTOR('',#5072,10.);
#1383=VECTOR('',#5073,10.);
#1384=VECTOR('',#5076,10.);
#1385=VECTOR('',#5077,10.);
#1386=VECTOR('',#5080,10.);
#1387=VECTOR('',#5081,10.);
#1388=VECTOR('',#5084,10.);
#1389=VECTOR('',#5085,10.);
#1390=VECTOR('',#5088,10.);
#1391=VECTOR('',#5089,10.);
#1392=VECTOR('',#5092,10.);
#1393=VECTOR('',#5093,10.);
#1394=VECTOR('',#5096,10.);
#1395=VECTOR('',#5097,10.);
#1396=VECTOR('',#5100,10.);
#1397=VECTOR('',#5101,10.);
#1398=VECTOR('',#5104,10.);
#1399=VECTOR('',#5105,10.);
#1400=VECTOR('',#5108,10.);
#1401=VECTOR('',#5109,10.);
#1402=VECTOR('',#5112,10.);
#1403=VECTOR('',#5113,10.);
#1404=VECTOR('',#5116,10.);
#1405=VECTOR('',#5117,10.);
#1406=VECTOR('',#5120,10.);
#1407=VECTOR('',#5121,10.);
#1408=VECTOR('',#5124,10.);
#1409=VECTOR('',#5125,10.);
#1410=VECTOR('',#5128,10.);
#1411=VECTOR('',#5129,10.);
#1412=VECTOR('',#5132,10.);
#1413=VECTOR('',#5133,10.);
#1414=VECTOR('',#5136,10.);
#1415=VECTOR('',#5137,10.);
#1416=VECTOR('',#5140,10.);
#1417=VECTOR('',#5141,10.);
#1418=VECTOR('',#5144,10.);
#1419=VECTOR('',#5145,10.);
#1420=VECTOR('',#5148,10.);
#1421=VECTOR('',#5149,10.);
#1422=VECTOR('',#5152,10.);
#1423=VECTOR('',#5153,10.);
#1424=VECTOR('',#5156,10.);
#1425=VECTOR('',#5157,10.);
#1426=VECTOR('',#5160,10.);
#1427=VECTOR('',#5161,10.);
#1428=VECTOR('',#5164,10.);
#1429=VECTOR('',#5165,10.);
#1430=VECTOR('',#5168,10.);
#1431=VECTOR('',#5169,10.);
#1432=VECTOR('',#5172,10.);
#1433=VECTOR('',#5173,10.);
#1434=VECTOR('',#5176,10.);
#1435=VECTOR('',#5177,10.);
#1436=VECTOR('',#5180,10.);
#1437=VECTOR('',#5181,10.);
#1438=VECTOR('',#5184,10.);
#1439=VECTOR('',#5185,10.);
#1440=VECTOR('',#5188,10.);
#1441=VECTOR('',#5189,10.);
#1442=VECTOR('',#5192,10.);
#1443=VECTOR('',#5193,10.);
#1444=VECTOR('',#5196,10.);
#1445=VECTOR('',#5197,10.);
#1446=VECTOR('',#5200,10.);
#1447=VECTOR('',#5201,10.);
#1448=VECTOR('',#5204,10.);
#1449=VECTOR('',#5205,10.);
#1450=VECTOR('',#5208,10.);
#1451=VECTOR('',#5209,10.);
#1452=VECTOR('',#5212,10.);
#1453=VECTOR('',#5213,10.);
#1454=VECTOR('',#5216,10.);
#1455=VECTOR('',#5217,10.);
#1456=VECTOR('',#5220,10.);
#1457=VECTOR('',#5221,10.);
#1458=VECTOR('',#5224,10.);
#1459=VECTOR('',#5225,10.);
#1460=VECTOR('',#5228,10.);
#1461=VECTOR('',#5229,10.);
#1462=VECTOR('',#5232,10.);
#1463=VECTOR('',#5233,10.);
#1464=VECTOR('',#5236,10.);
#1465=VECTOR('',#5237,10.);
#1466=VECTOR('',#5240,10.);
#1467=VECTOR('',#5241,10.);
#1468=VECTOR('',#5244,10.);
#1469=VECTOR('',#5245,10.);
#1470=VECTOR('',#5248,10.);
#1471=VECTOR('',#5249,10.);
#1472=VECTOR('',#5252,10.);
#1473=VECTOR('',#5253,10.);
#1474=VECTOR('',#5256,10.);
#1475=VECTOR('',#5257,10.);
#1476=VECTOR('',#5260,10.);
#1477=VECTOR('',#5261,10.);
#1478=VECTOR('',#5264,10.);
#1479=VECTOR('',#5265,10.);
#1480=VECTOR('',#5268,10.);
#1481=VECTOR('',#5269,10.);
#1482=VECTOR('',#5272,10.);
#1483=VECTOR('',#5273,10.);
#1484=VECTOR('',#5276,10.);
#1485=VECTOR('',#5277,10.);
#1486=VECTOR('',#5280,10.);
#1487=VECTOR('',#5281,10.);
#1488=VECTOR('',#5284,10.);
#1489=VECTOR('',#5285,10.);
#1490=VECTOR('',#5288,10.);
#1491=VECTOR('',#5289,10.);
#1492=VECTOR('',#5292,10.);
#1493=VECTOR('',#5293,10.);
#1494=VECTOR('',#5296,10.);
#1495=VECTOR('',#5297,10.);
#1496=VECTOR('',#5300,10.);
#1497=VECTOR('',#5301,10.);
#1498=VECTOR('',#5304,10.);
#1499=VECTOR('',#5305,10.);
#1500=VECTOR('',#5308,10.);
#1501=VECTOR('',#5309,10.);
#1502=VECTOR('',#5312,10.);
#1503=VECTOR('',#5313,10.);
#1504=VECTOR('',#5316,10.);
#1505=VECTOR('',#5317,10.);
#1506=VECTOR('',#5320,10.);
#1507=VECTOR('',#5321,10.);
#1508=VECTOR('',#5324,10.);
#1509=VECTOR('',#5325,10.);
#1510=VECTOR('',#5328,10.);
#1511=VECTOR('',#5329,10.);
#1512=VECTOR('',#5332,10.);
#1513=VECTOR('',#5333,10.);
#1514=VECTOR('',#5336,10.);
#1515=VECTOR('',#5337,10.);
#1516=VECTOR('',#5340,10.);
#1517=VECTOR('',#5341,10.);
#1518=VECTOR('',#5344,10.);
#1519=VECTOR('',#5345,10.);
#1520=VECTOR('',#5348,10.);
#1521=VECTOR('',#5349,10.);
#1522=VECTOR('',#5352,10.);
#1523=VECTOR('',#5353,10.);
#1524=VECTOR('',#5356,10.);
#1525=VECTOR('',#5357,10.);
#1526=VECTOR('',#5360,10.);
#1527=VECTOR('',#5361,10.);
#1528=VECTOR('',#5364,10.);
#1529=VECTOR('',#5365,10.);
#1530=VECTOR('',#5368,10.);
#1531=VECTOR('',#5369,10.);
#1532=VECTOR('',#5372,10.);
#1533=VECTOR('',#5373,10.);
#1534=VECTOR('',#5376,10.);
#1535=VECTOR('',#5377,10.);
#1536=VECTOR('',#5380,10.);
#1537=VECTOR('',#5381,10.);
#1538=VECTOR('',#5384,10.);
#1539=VECTOR('',#5385,10.);
#1540=VECTOR('',#5388,10.);
#1541=VECTOR('',#5389,10.);
#1542=VECTOR('',#5392,10.);
#1543=VECTOR('',#5393,10.);
#1544=VECTOR('',#5396,10.);
#1545=VECTOR('',#5397,10.);
#1546=VECTOR('',#5400,10.);
#1547=VECTOR('',#5401,10.);
#1548=VECTOR('',#5404,10.);
#1549=VECTOR('',#5405,10.);
#1550=VECTOR('',#5408,10.);
#1551=VECTOR('',#5409,10.);
#1552=VECTOR('',#5412,10.);
#1553=VECTOR('',#5413,10.);
#1554=VECTOR('',#5416,10.);
#1555=VECTOR('',#5417,10.);
#1556=VECTOR('',#5420,10.);
#1557=VECTOR('',#5421,10.);
#1558=VECTOR('',#5424,10.);
#1559=VECTOR('',#5425,10.);
#1560=VECTOR('',#5428,10.);
#1561=VECTOR('',#5429,10.);
#1562=VECTOR('',#5432,10.);
#1563=VECTOR('',#5433,10.);
#1564=VECTOR('',#5436,10.);
#1565=VECTOR('',#5437,10.);
#1566=VECTOR('',#5440,10.);
#1567=VECTOR('',#5441,10.);
#1568=VECTOR('',#5444,10.);
#1569=VECTOR('',#5445,10.);
#1570=VECTOR('',#5448,10.);
#1571=VECTOR('',#5449,10.);
#1572=VECTOR('',#5452,10.);
#1573=VECTOR('',#5453,10.);
#1574=VECTOR('',#5456,10.);
#1575=VECTOR('',#5457,10.);
#1576=VECTOR('',#5460,10.);
#1577=VECTOR('',#5461,10.);
#1578=VECTOR('',#5464,10.);
#1579=VECTOR('',#5465,10.);
#1580=VECTOR('',#5468,10.);
#1581=VECTOR('',#5469,10.);
#1582=VECTOR('',#5472,10.);
#1583=VECTOR('',#5473,10.);
#1584=VECTOR('',#5476,10.);
#1585=VECTOR('',#5477,10.);
#1586=VECTOR('',#5480,10.);
#1587=VECTOR('',#5481,10.);
#1588=VECTOR('',#5484,10.);
#1589=VECTOR('',#5485,10.);
#1590=VECTOR('',#5488,10.);
#1591=VECTOR('',#5489,10.);
#1592=VECTOR('',#5492,10.);
#1593=VECTOR('',#5493,10.);
#1594=VECTOR('',#5496,10.);
#1595=VECTOR('',#5497,10.);
#1596=VECTOR('',#5500,10.);
#1597=VECTOR('',#5501,10.);
#1598=VECTOR('',#5504,10.);
#1599=VECTOR('',#5505,10.);
#1600=VECTOR('',#5508,10.);
#1601=VECTOR('',#5509,10.);
#1602=VECTOR('',#5512,10.);
#1603=VECTOR('',#5513,10.);
#1604=VECTOR('',#5516,10.);
#1605=VECTOR('',#5517,10.);
#1606=VECTOR('',#5520,10.);
#1607=VECTOR('',#5521,10.);
#1608=VECTOR('',#5524,10.);
#1609=VECTOR('',#5525,10.);
#1610=VECTOR('',#5528,10.);
#1611=VECTOR('',#5529,10.);
#1612=VECTOR('',#5532,10.);
#1613=VECTOR('',#5533,10.);
#1614=VECTOR('',#5536,10.);
#1615=VECTOR('',#5537,10.);
#1616=VECTOR('',#5540,10.);
#1617=VECTOR('',#5541,10.);
#1618=VECTOR('',#5544,10.);
#1619=VECTOR('',#5545,10.);
#1620=VECTOR('',#5548,10.);
#1621=VECTOR('',#5549,10.);
#1622=VECTOR('',#5552,10.);
#1623=VECTOR('',#5553,10.);
#1624=VECTOR('',#5556,10.);
#1625=VECTOR('',#5557,10.);
#1626=VECTOR('',#5560,10.);
#1627=VECTOR('',#5561,10.);
#1628=VECTOR('',#5564,10.);
#1629=VECTOR('',#5565,10.);
#1630=VECTOR('',#5568,10.);
#1631=VECTOR('',#5569,10.);
#1632=VECTOR('',#5572,10.);
#1633=VECTOR('',#5573,10.);
#1634=VECTOR('',#5576,10.);
#1635=VECTOR('',#5577,10.);
#1636=VECTOR('',#5580,10.);
#1637=VECTOR('',#5581,10.);
#1638=VECTOR('',#5584,10.);
#1639=VECTOR('',#5585,10.);
#1640=VECTOR('',#5588,10.);
#1641=VECTOR('',#5589,10.);
#1642=VECTOR('',#5592,10.);
#1643=VECTOR('',#5593,10.);
#1644=VECTOR('',#5596,10.);
#1645=VECTOR('',#5597,10.);
#1646=VECTOR('',#5600,10.);
#1647=VECTOR('',#5601,10.);
#1648=VECTOR('',#5604,10.);
#1649=VECTOR('',#5605,10.);
#1650=VECTOR('',#5608,10.);
#1651=VECTOR('',#5609,10.);
#1652=VECTOR('',#5612,10.);
#1653=VECTOR('',#5613,10.);
#1654=VECTOR('',#5616,10.);
#1655=VECTOR('',#5617,10.);
#1656=VECTOR('',#5620,10.);
#1657=VECTOR('',#5621,10.);
#1658=VECTOR('',#5624,10.);
#1659=VECTOR('',#5625,10.);
#1660=VECTOR('',#5628,10.);
#1661=VECTOR('',#5629,10.);
#1662=VECTOR('',#5632,10.);
#1663=VECTOR('',#5633,10.);
#1664=VECTOR('',#5636,10.);
#1665=VECTOR('',#5637,10.);
#1666=VECTOR('',#5640,10.);
#1667=VECTOR('',#5641,10.);
#1668=VECTOR('',#5644,10.);
#1669=VECTOR('',#5645,10.);
#1670=VECTOR('',#5648,10.);
#1671=VECTOR('',#5649,10.);
#1672=VECTOR('',#5652,10.);
#1673=VECTOR('',#5653,10.);
#1674=VECTOR('',#5656,10.);
#1675=VECTOR('',#5657,10.);
#1676=VECTOR('',#5660,10.);
#1677=VECTOR('',#5661,10.);
#1678=VECTOR('',#5664,10.);
#1679=VECTOR('',#5665,10.);
#1680=VECTOR('',#5668,10.);
#1681=VECTOR('',#5669,10.);
#1682=VECTOR('',#5672,10.);
#1683=VECTOR('',#5673,10.);
#1684=VECTOR('',#5676,10.);
#1685=VECTOR('',#5677,10.);
#1686=VECTOR('',#5680,10.);
#1687=VECTOR('',#5681,10.);
#1688=VECTOR('',#5684,10.);
#1689=VECTOR('',#5685,10.);
#1690=VECTOR('',#5688,10.);
#1691=VECTOR('',#5689,10.);
#1692=VECTOR('',#5692,10.);
#1693=VECTOR('',#5693,10.);
#1694=VECTOR('',#5696,10.);
#1695=VECTOR('',#5697,10.);
#1696=VECTOR('',#5700,10.);
#1697=VECTOR('',#5701,10.);
#1698=VECTOR('',#5704,10.);
#1699=VECTOR('',#5705,10.);
#1700=VECTOR('',#5708,10.);
#1701=VERTEX_POINT('',#5715);
#1702=VERTEX_POINT('',#5716);
#1703=VERTEX_POINT('',#5718);
#1704=VERTEX_POINT('',#5720);
#1705=VERTEX_POINT('',#5724);
#1706=VERTEX_POINT('',#5726);
#1707=VERTEX_POINT('',#5729);
#1708=VERTEX_POINT('',#5732);
#1709=VERTEX_POINT('',#5734);
#1710=VERTEX_POINT('',#5737);
#1711=VERTEX_POINT('',#5743);
#1712=VERTEX_POINT('',#5747);
#1713=VERTEX_POINT('',#5751);
#1714=VERTEX_POINT('',#5752);
#1715=VERTEX_POINT('',#5754);
#1716=VERTEX_POINT('',#5756);
#1717=VERTEX_POINT('',#5760);
#1718=VERTEX_POINT('',#5761);
#1719=VERTEX_POINT('',#5763);
#1720=VERTEX_POINT('',#5765);
#1721=VERTEX_POINT('',#5769);
#1722=VERTEX_POINT('',#5771);
#1723=VERTEX_POINT('',#5775);
#1724=VERTEX_POINT('',#5776);
#1725=VERTEX_POINT('',#5778);
#1726=VERTEX_POINT('',#5780);
#1727=VERTEX_POINT('',#5784);
#1728=VERTEX_POINT('',#5785);
#1729=VERTEX_POINT('',#5788);
#1730=VERTEX_POINT('',#5790);
#1731=VERTEX_POINT('',#5794);
#1732=VERTEX_POINT('',#5796);
#1733=VERTEX_POINT('',#5801);
#1734=VERTEX_POINT('',#5803);
#1735=VERTEX_POINT('',#5807);
#1736=VERTEX_POINT('',#5809);
#1737=VERTEX_POINT('',#5811);
#1738=VERTEX_POINT('',#5813);
#1739=VERTEX_POINT('',#5815);
#1740=VERTEX_POINT('',#5817);
#1741=VERTEX_POINT('',#5819);
#1742=VERTEX_POINT('',#5821);
#1743=VERTEX_POINT('',#5823);
#1744=VERTEX_POINT('',#5825);
#1745=VERTEX_POINT('',#5827);
#1746=VERTEX_POINT('',#5829);
#1747=VERTEX_POINT('',#5831);
#1748=VERTEX_POINT('',#5833);
#1749=VERTEX_POINT('',#5835);
#1750=VERTEX_POINT('',#5837);
#1751=VERTEX_POINT('',#5839);
#1752=VERTEX_POINT('',#5841);
#1753=VERTEX_POINT('',#5843);
#1754=VERTEX_POINT('',#5845);
#1755=VERTEX_POINT('',#5847);
#1756=VERTEX_POINT('',#5849);
#1757=VERTEX_POINT('',#5851);
#1758=VERTEX_POINT('',#5853);
#1759=VERTEX_POINT('',#5855);
#1760=VERTEX_POINT('',#5857);
#1761=VERTEX_POINT('',#5859);
#1762=VERTEX_POINT('',#5861);
#1763=VERTEX_POINT('',#5863);
#1764=VERTEX_POINT('',#5865);
#1765=VERTEX_POINT('',#5867);
#1766=VERTEX_POINT('',#5869);
#1767=VERTEX_POINT('',#5871);
#1768=VERTEX_POINT('',#5873);
#1769=VERTEX_POINT('',#5875);
#1770=VERTEX_POINT('',#5877);
#1771=VERTEX_POINT('',#5879);
#1772=VERTEX_POINT('',#5881);
#1773=VERTEX_POINT('',#5883);
#1774=VERTEX_POINT('',#5885);
#1775=VERTEX_POINT('',#5887);
#1776=VERTEX_POINT('',#5889);
#1777=VERTEX_POINT('',#5891);
#1778=VERTEX_POINT('',#5893);
#1779=VERTEX_POINT('',#5895);
#1780=VERTEX_POINT('',#5897);
#1781=VERTEX_POINT('',#5899);
#1782=VERTEX_POINT('',#5901);
#1783=VERTEX_POINT('',#5903);
#1784=VERTEX_POINT('',#5905);
#1785=VERTEX_POINT('',#5907);
#1786=VERTEX_POINT('',#5909);
#1787=VERTEX_POINT('',#5911);
#1788=VERTEX_POINT('',#5913);
#1789=VERTEX_POINT('',#5915);
#1790=VERTEX_POINT('',#5917);
#1791=VERTEX_POINT('',#5919);
#1792=VERTEX_POINT('',#5921);
#1793=VERTEX_POINT('',#5923);
#1794=VERTEX_POINT('',#5925);
#1795=VERTEX_POINT('',#5927);
#1796=VERTEX_POINT('',#5929);
#1797=VERTEX_POINT('',#5931);
#1798=VERTEX_POINT('',#5933);
#1799=VERTEX_POINT('',#5935);
#1800=VERTEX_POINT('',#5937);
#1801=VERTEX_POINT('',#5939);
#1802=VERTEX_POINT('',#5941);
#1803=VERTEX_POINT('',#5943);
#1804=VERTEX_POINT('',#5945);
#1805=VERTEX_POINT('',#5947);
#1806=VERTEX_POINT('',#5949);
#1807=VERTEX_POINT('',#5951);
#1808=VERTEX_POINT('',#5953);
#1809=VERTEX_POINT('',#5955);
#1810=VERTEX_POINT('',#5957);
#1811=VERTEX_POINT('',#5959);
#1812=VERTEX_POINT('',#5961);
#1813=VERTEX_POINT('',#5963);
#1814=VERTEX_POINT('',#5965);
#1815=VERTEX_POINT('',#5967);
#1816=VERTEX_POINT('',#5969);
#1817=VERTEX_POINT('',#5971);
#1818=VERTEX_POINT('',#5973);
#1819=VERTEX_POINT('',#5975);
#1820=VERTEX_POINT('',#5977);
#1821=VERTEX_POINT('',#5979);
#1822=VERTEX_POINT('',#5981);
#1823=VERTEX_POINT('',#5983);
#1824=VERTEX_POINT('',#5985);
#1825=VERTEX_POINT('',#5987);
#1826=VERTEX_POINT('',#5989);
#1827=VERTEX_POINT('',#5991);
#1828=VERTEX_POINT('',#5993);
#1829=VERTEX_POINT('',#5995);
#1830=VERTEX_POINT('',#5997);
#1831=VERTEX_POINT('',#5999);
#1832=VERTEX_POINT('',#6001);
#1833=VERTEX_POINT('',#6003);
#1834=VERTEX_POINT('',#6005);
#1835=VERTEX_POINT('',#6007);
#1836=VERTEX_POINT('',#6009);
#1837=VERTEX_POINT('',#6011);
#1838=VERTEX_POINT('',#6013);
#1839=VERTEX_POINT('',#6015);
#1840=VERTEX_POINT('',#6017);
#1841=VERTEX_POINT('',#6019);
#1842=VERTEX_POINT('',#6021);
#1843=VERTEX_POINT('',#6023);
#1844=VERTEX_POINT('',#6025);
#1845=VERTEX_POINT('',#6027);
#1846=VERTEX_POINT('',#6029);
#1847=VERTEX_POINT('',#6031);
#1848=VERTEX_POINT('',#6033);
#1849=VERTEX_POINT('',#6035);
#1850=VERTEX_POINT('',#6037);
#1851=VERTEX_POINT('',#6039);
#1852=VERTEX_POINT('',#6041);
#1853=VERTEX_POINT('',#6043);
#1854=VERTEX_POINT('',#6045);
#1855=VERTEX_POINT('',#6047);
#1856=VERTEX_POINT('',#6049);
#1857=VERTEX_POINT('',#6051);
#1858=VERTEX_POINT('',#6053);
#1859=VERTEX_POINT('',#6055);
#1860=VERTEX_POINT('',#6057);
#1861=VERTEX_POINT('',#6059);
#1862=VERTEX_POINT('',#6061);
#1863=VERTEX_POINT('',#6063);
#1864=VERTEX_POINT('',#6065);
#1865=VERTEX_POINT('',#6067);
#1866=VERTEX_POINT('',#6069);
#1867=VERTEX_POINT('',#6071);
#1868=VERTEX_POINT('',#6073);
#1869=VERTEX_POINT('',#6075);
#1870=VERTEX_POINT('',#6077);
#1871=VERTEX_POINT('',#6079);
#1872=VERTEX_POINT('',#6081);
#1873=VERTEX_POINT('',#6083);
#1874=VERTEX_POINT('',#6085);
#1875=VERTEX_POINT('',#6087);
#1876=VERTEX_POINT('',#6089);
#1877=VERTEX_POINT('',#6091);
#1878=VERTEX_POINT('',#6093);
#1879=VERTEX_POINT('',#6095);
#1880=VERTEX_POINT('',#6097);
#1881=VERTEX_POINT('',#6099);
#1882=VERTEX_POINT('',#6101);
#1883=VERTEX_POINT('',#6103);
#1884=VERTEX_POINT('',#6105);
#1885=VERTEX_POINT('',#6107);
#1886=VERTEX_POINT('',#6109);
#1887=VERTEX_POINT('',#6111);
#1888=VERTEX_POINT('',#6113);
#1889=VERTEX_POINT('',#6115);
#1890=VERTEX_POINT('',#6117);
#1891=VERTEX_POINT('',#6119);
#1892=VERTEX_POINT('',#6121);
#1893=VERTEX_POINT('',#6123);
#1894=VERTEX_POINT('',#6125);
#1895=VERTEX_POINT('',#6127);
#1896=VERTEX_POINT('',#6129);
#1897=VERTEX_POINT('',#6131);
#1898=VERTEX_POINT('',#6133);
#1899=VERTEX_POINT('',#6135);
#1900=VERTEX_POINT('',#6137);
#1901=VERTEX_POINT('',#6139);
#1902=VERTEX_POINT('',#6141);
#1903=VERTEX_POINT('',#6143);
#1904=VERTEX_POINT('',#6145);
#1905=VERTEX_POINT('',#6147);
#1906=VERTEX_POINT('',#6149);
#1907=VERTEX_POINT('',#6151);
#1908=VERTEX_POINT('',#6153);
#1909=VERTEX_POINT('',#6155);
#1910=VERTEX_POINT('',#6157);
#1911=VERTEX_POINT('',#6159);
#1912=VERTEX_POINT('',#6161);
#1913=VERTEX_POINT('',#6163);
#1914=VERTEX_POINT('',#6165);
#1915=VERTEX_POINT('',#6167);
#1916=VERTEX_POINT('',#6169);
#1917=VERTEX_POINT('',#6171);
#1918=VERTEX_POINT('',#6173);
#1919=VERTEX_POINT('',#6175);
#1920=VERTEX_POINT('',#6177);
#1921=VERTEX_POINT('',#6179);
#1922=VERTEX_POINT('',#6181);
#1923=VERTEX_POINT('',#6183);
#1924=VERTEX_POINT('',#6185);
#1925=VERTEX_POINT('',#6187);
#1926=VERTEX_POINT('',#6189);
#1927=VERTEX_POINT('',#6196);
#1928=VERTEX_POINT('',#6200);
#1929=VERTEX_POINT('',#6204);
#1930=VERTEX_POINT('',#6208);
#1931=VERTEX_POINT('',#6212);
#1932=VERTEX_POINT('',#6216);
#1933=VERTEX_POINT('',#6220);
#1934=VERTEX_POINT('',#6224);
#1935=VERTEX_POINT('',#6228);
#1936=VERTEX_POINT('',#6232);
#1937=VERTEX_POINT('',#6236);
#1938=VERTEX_POINT('',#6240);
#1939=VERTEX_POINT('',#6244);
#1940=VERTEX_POINT('',#6248);
#1941=VERTEX_POINT('',#6252);
#1942=VERTEX_POINT('',#6256);
#1943=VERTEX_POINT('',#6260);
#1944=VERTEX_POINT('',#6264);
#1945=VERTEX_POINT('',#6268);
#1946=VERTEX_POINT('',#6272);
#1947=VERTEX_POINT('',#6276);
#1948=VERTEX_POINT('',#6280);
#1949=VERTEX_POINT('',#6284);
#1950=VERTEX_POINT('',#6288);
#1951=VERTEX_POINT('',#6292);
#1952=VERTEX_POINT('',#6296);
#1953=VERTEX_POINT('',#6300);
#1954=VERTEX_POINT('',#6304);
#1955=VERTEX_POINT('',#6308);
#1956=VERTEX_POINT('',#6312);
#1957=VERTEX_POINT('',#6316);
#1958=VERTEX_POINT('',#6320);
#1959=VERTEX_POINT('',#6324);
#1960=VERTEX_POINT('',#6328);
#1961=VERTEX_POINT('',#6332);
#1962=VERTEX_POINT('',#6336);
#1963=VERTEX_POINT('',#6340);
#1964=VERTEX_POINT('',#6344);
#1965=VERTEX_POINT('',#6348);
#1966=VERTEX_POINT('',#6352);
#1967=VERTEX_POINT('',#6356);
#1968=VERTEX_POINT('',#6360);
#1969=VERTEX_POINT('',#6364);
#1970=VERTEX_POINT('',#6368);
#1971=VERTEX_POINT('',#6372);
#1972=VERTEX_POINT('',#6376);
#1973=VERTEX_POINT('',#6380);
#1974=VERTEX_POINT('',#6384);
#1975=VERTEX_POINT('',#6388);
#1976=VERTEX_POINT('',#6392);
#1977=VERTEX_POINT('',#6396);
#1978=VERTEX_POINT('',#6400);
#1979=VERTEX_POINT('',#6404);
#1980=VERTEX_POINT('',#6408);
#1981=VERTEX_POINT('',#6412);
#1982=VERTEX_POINT('',#6416);
#1983=VERTEX_POINT('',#6420);
#1984=VERTEX_POINT('',#6424);
#1985=VERTEX_POINT('',#6428);
#1986=VERTEX_POINT('',#6432);
#1987=VERTEX_POINT('',#6436);
#1988=VERTEX_POINT('',#6440);
#1989=VERTEX_POINT('',#6444);
#1990=VERTEX_POINT('',#6448);
#1991=VERTEX_POINT('',#6452);
#1992=VERTEX_POINT('',#6456);
#1993=VERTEX_POINT('',#6460);
#1994=VERTEX_POINT('',#6464);
#1995=VERTEX_POINT('',#6468);
#1996=VERTEX_POINT('',#6472);
#1997=VERTEX_POINT('',#6476);
#1998=VERTEX_POINT('',#6480);
#1999=VERTEX_POINT('',#6484);
#2000=VERTEX_POINT('',#6488);
#2001=VERTEX_POINT('',#6492);
#2002=VERTEX_POINT('',#6496);
#2003=VERTEX_POINT('',#6500);
#2004=VERTEX_POINT('',#6504);
#2005=VERTEX_POINT('',#6508);
#2006=VERTEX_POINT('',#6512);
#2007=VERTEX_POINT('',#6516);
#2008=VERTEX_POINT('',#6520);
#2009=VERTEX_POINT('',#6524);
#2010=VERTEX_POINT('',#6528);
#2011=VERTEX_POINT('',#6532);
#2012=VERTEX_POINT('',#6536);
#2013=VERTEX_POINT('',#6540);
#2014=VERTEX_POINT('',#6544);
#2015=VERTEX_POINT('',#6548);
#2016=VERTEX_POINT('',#6552);
#2017=VERTEX_POINT('',#6556);
#2018=VERTEX_POINT('',#6560);
#2019=VERTEX_POINT('',#6564);
#2020=VERTEX_POINT('',#6568);
#2021=VERTEX_POINT('',#6572);
#2022=VERTEX_POINT('',#6576);
#2023=VERTEX_POINT('',#6580);
#2024=VERTEX_POINT('',#6584);
#2025=VERTEX_POINT('',#6588);
#2026=VERTEX_POINT('',#6592);
#2027=VERTEX_POINT('',#6596);
#2028=VERTEX_POINT('',#6600);
#2029=VERTEX_POINT('',#6604);
#2030=VERTEX_POINT('',#6608);
#2031=VERTEX_POINT('',#6612);
#2032=VERTEX_POINT('',#6616);
#2033=VERTEX_POINT('',#6620);
#2034=VERTEX_POINT('',#6624);
#2035=VERTEX_POINT('',#6628);
#2036=VERTEX_POINT('',#6632);
#2037=VERTEX_POINT('',#6636);
#2038=VERTEX_POINT('',#6640);
#2039=VERTEX_POINT('',#6644);
#2040=VERTEX_POINT('',#6648);
#2041=VERTEX_POINT('',#6652);
#2042=VERTEX_POINT('',#6656);
#2043=VERTEX_POINT('',#6660);
#2044=VERTEX_POINT('',#6664);
#2045=VERTEX_POINT('',#6668);
#2046=VERTEX_POINT('',#6672);
#2047=VERTEX_POINT('',#6676);
#2048=VERTEX_POINT('',#6680);
#2049=VERTEX_POINT('',#6684);
#2050=VERTEX_POINT('',#6688);
#2051=VERTEX_POINT('',#6692);
#2052=VERTEX_POINT('',#6696);
#2053=VERTEX_POINT('',#6700);
#2054=VERTEX_POINT('',#6704);
#2055=VERTEX_POINT('',#6708);
#2056=VERTEX_POINT('',#6712);
#2057=VERTEX_POINT('',#6716);
#2058=VERTEX_POINT('',#6720);
#2059=VERTEX_POINT('',#6724);
#2060=VERTEX_POINT('',#6728);
#2061=VERTEX_POINT('',#6732);
#2062=VERTEX_POINT('',#6736);
#2063=VERTEX_POINT('',#6740);
#2064=VERTEX_POINT('',#6744);
#2065=VERTEX_POINT('',#6748);
#2066=VERTEX_POINT('',#6752);
#2067=VERTEX_POINT('',#6756);
#2068=VERTEX_POINT('',#6760);
#2069=VERTEX_POINT('',#6764);
#2070=VERTEX_POINT('',#6768);
#2071=VERTEX_POINT('',#6772);
#2072=VERTEX_POINT('',#6776);
#2073=VERTEX_POINT('',#6780);
#2074=VERTEX_POINT('',#6784);
#2075=VERTEX_POINT('',#6788);
#2076=VERTEX_POINT('',#6792);
#2077=VERTEX_POINT('',#6796);
#2078=VERTEX_POINT('',#6800);
#2079=VERTEX_POINT('',#6804);
#2080=VERTEX_POINT('',#6808);
#2081=VERTEX_POINT('',#6812);
#2082=VERTEX_POINT('',#6816);
#2083=VERTEX_POINT('',#6820);
#2084=VERTEX_POINT('',#6824);
#2085=VERTEX_POINT('',#6828);
#2086=VERTEX_POINT('',#6832);
#2087=VERTEX_POINT('',#6836);
#2088=VERTEX_POINT('',#6840);
#2089=VERTEX_POINT('',#6844);
#2090=VERTEX_POINT('',#6848);
#2091=VERTEX_POINT('',#6852);
#2092=VERTEX_POINT('',#6856);
#2093=VERTEX_POINT('',#6860);
#2094=VERTEX_POINT('',#6864);
#2095=VERTEX_POINT('',#6868);
#2096=VERTEX_POINT('',#6872);
#2097=VERTEX_POINT('',#6876);
#2098=VERTEX_POINT('',#6880);
#2099=VERTEX_POINT('',#6884);
#2100=VERTEX_POINT('',#6888);
#2101=VERTEX_POINT('',#6892);
#2102=VERTEX_POINT('',#6896);
#2103=VERTEX_POINT('',#6900);
#2104=VERTEX_POINT('',#6904);
#2105=VERTEX_POINT('',#6908);
#2106=VERTEX_POINT('',#6912);
#2107=VERTEX_POINT('',#6916);
#2108=VERTEX_POINT('',#6920);
#2109=VERTEX_POINT('',#6924);
#2110=VERTEX_POINT('',#6928);
#2111=VERTEX_POINT('',#6932);
#2112=VERTEX_POINT('',#6936);
#2113=VERTEX_POINT('',#6940);
#2114=VERTEX_POINT('',#6944);
#2115=VERTEX_POINT('',#6948);
#2116=VERTEX_POINT('',#6952);
#2117=VERTEX_POINT('',#6956);
#2118=VERTEX_POINT('',#6960);
#2119=EDGE_CURVE('',#1701,#1702,#455,.T.);
#2120=EDGE_CURVE('',#1703,#1701,#456,.T.);
#2121=EDGE_CURVE('',#1704,#1703,#457,.T.);
#2122=EDGE_CURVE('',#1704,#1702,#458,.T.);
#2123=EDGE_CURVE('',#1705,#1701,#459,.T.);
#2124=EDGE_CURVE('',#1706,#1705,#460,.T.);
#2125=EDGE_CURVE('',#1703,#1706,#461,.T.);
#2126=EDGE_CURVE('',#1707,#1707,#23,.T.);
#2127=EDGE_CURVE('',#1702,#1708,#462,.T.);
#2128=EDGE_CURVE('',#1709,#1704,#463,.T.);
#2129=EDGE_CURVE('',#1709,#1708,#464,.T.);
#2130=EDGE_CURVE('',#1710,#1710,#24,.T.);
#2131=EDGE_CURVE('',#1708,#1705,#465,.T.);
#2132=EDGE_CURVE('',#1706,#1709,#466,.T.);
#2133=EDGE_CURVE('',#1711,#1711,#25,.T.);
#2134=EDGE_CURVE('',#1711,#1707,#467,.T.);
#2135=EDGE_CURVE('',#1710,#1712,#468,.T.);
#2136=EDGE_CURVE('',#1712,#1712,#26,.T.);
#2137=EDGE_CURVE('',#1713,#1714,#469,.T.);
#2138=EDGE_CURVE('',#1714,#1715,#470,.T.);
#2139=EDGE_CURVE('',#1715,#1716,#471,.T.);
#2140=EDGE_CURVE('',#1716,#1713,#472,.T.);
#2141=EDGE_CURVE('',#1717,#1718,#473,.T.);
#2142=EDGE_CURVE('',#1719,#1717,#474,.T.);
#2143=EDGE_CURVE('',#1720,#1719,#475,.T.);
#2144=EDGE_CURVE('',#1720,#1718,#476,.T.);
#2145=EDGE_CURVE('',#1718,#1721,#477,.T.);
#2146=EDGE_CURVE('',#1722,#1720,#478,.T.);
#2147=EDGE_CURVE('',#1722,#1721,#479,.T.);
#2148=EDGE_CURVE('',#1723,#1724,#480,.T.);
#2149=EDGE_CURVE('',#1723,#1725,#481,.T.);
#2150=EDGE_CURVE('',#1726,#1725,#482,.T.);
#2151=EDGE_CURVE('',#1724,#1726,#483,.T.);
#2152=EDGE_CURVE('',#1727,#1728,#484,.T.);
#2153=EDGE_CURVE('',#1728,#1722,#485,.T.);
#2154=EDGE_CURVE('',#1719,#1729,#486,.T.);
#2155=EDGE_CURVE('',#1729,#1730,#487,.T.);
#2156=EDGE_CURVE('',#1730,#1727,#488,.T.);
#2157=EDGE_CURVE('',#1724,#1731,#489,.T.);
#2158=EDGE_CURVE('',#1732,#1726,#490,.T.);
#2159=EDGE_CURVE('',#1732,#1715,#491,.T.);
#2160=EDGE_CURVE('',#1731,#1714,#492,.T.);
#2161=EDGE_CURVE('',#1725,#1733,#493,.T.);
#2162=EDGE_CURVE('',#1733,#1734,#494,.T.);
#2163=EDGE_CURVE('',#1734,#1732,#495,.T.);
#2164=EDGE_CURVE('',#1735,#1721,#496,.T.);
#2165=EDGE_CURVE('',#1736,#1735,#497,.T.);
#2166=EDGE_CURVE('',#1737,#1736,#498,.T.);
#2167=EDGE_CURVE('',#1738,#1737,#499,.T.);
#2168=EDGE_CURVE('',#1739,#1738,#500,.T.);
#2169=EDGE_CURVE('',#1740,#1739,#501,.T.);
#2170=EDGE_CURVE('',#1741,#1740,#502,.T.);
#2171=EDGE_CURVE('',#1742,#1741,#503,.T.);
#2172=EDGE_CURVE('',#1743,#1742,#504,.T.);
#2173=EDGE_CURVE('',#1744,#1743,#505,.T.);
#2174=EDGE_CURVE('',#1745,#1744,#506,.T.);
#2175=EDGE_CURVE('',#1746,#1745,#507,.T.);
#2176=EDGE_CURVE('',#1747,#1746,#508,.T.);
#2177=EDGE_CURVE('',#1748,#1747,#509,.T.);
#2178=EDGE_CURVE('',#1749,#1748,#510,.T.);
#2179=EDGE_CURVE('',#1750,#1749,#511,.T.);
#2180=EDGE_CURVE('',#1751,#1750,#512,.T.);
#2181=EDGE_CURVE('',#1752,#1751,#513,.T.);
#2182=EDGE_CURVE('',#1753,#1752,#514,.T.);
#2183=EDGE_CURVE('',#1754,#1753,#515,.T.);
#2184=EDGE_CURVE('',#1755,#1754,#516,.T.);
#2185=EDGE_CURVE('',#1756,#1755,#517,.T.);
#2186=EDGE_CURVE('',#1757,#1756,#518,.T.);
#2187=EDGE_CURVE('',#1758,#1757,#519,.T.);
#2188=EDGE_CURVE('',#1759,#1758,#520,.T.);
#2189=EDGE_CURVE('',#1760,#1759,#521,.T.);
#2190=EDGE_CURVE('',#1761,#1760,#522,.T.);
#2191=EDGE_CURVE('',#1762,#1761,#523,.T.);
#2192=EDGE_CURVE('',#1763,#1762,#524,.T.);
#2193=EDGE_CURVE('',#1764,#1763,#525,.T.);
#2194=EDGE_CURVE('',#1765,#1764,#526,.T.);
#2195=EDGE_CURVE('',#1766,#1765,#527,.T.);
#2196=EDGE_CURVE('',#1767,#1766,#528,.T.);
#2197=EDGE_CURVE('',#1768,#1767,#529,.T.);
#2198=EDGE_CURVE('',#1769,#1768,#530,.T.);
#2199=EDGE_CURVE('',#1770,#1769,#531,.T.);
#2200=EDGE_CURVE('',#1771,#1770,#532,.T.);
#2201=EDGE_CURVE('',#1772,#1771,#533,.T.);
#2202=EDGE_CURVE('',#1773,#1772,#534,.T.);
#2203=EDGE_CURVE('',#1774,#1773,#535,.T.);
#2204=EDGE_CURVE('',#1775,#1774,#536,.T.);
#2205=EDGE_CURVE('',#1776,#1775,#537,.T.);
#2206=EDGE_CURVE('',#1777,#1776,#538,.T.);
#2207=EDGE_CURVE('',#1778,#1777,#539,.T.);
#2208=EDGE_CURVE('',#1779,#1778,#540,.T.);
#2209=EDGE_CURVE('',#1780,#1779,#541,.T.);
#2210=EDGE_CURVE('',#1781,#1780,#542,.T.);
#2211=EDGE_CURVE('',#1782,#1781,#543,.T.);
#2212=EDGE_CURVE('',#1783,#1782,#544,.T.);
#2213=EDGE_CURVE('',#1784,#1783,#545,.T.);
#2214=EDGE_CURVE('',#1785,#1784,#546,.T.);
#2215=EDGE_CURVE('',#1786,#1785,#547,.T.);
#2216=EDGE_CURVE('',#1787,#1786,#548,.T.);
#2217=EDGE_CURVE('',#1788,#1787,#549,.T.);
#2218=EDGE_CURVE('',#1789,#1788,#550,.T.);
#2219=EDGE_CURVE('',#1790,#1789,#551,.T.);
#2220=EDGE_CURVE('',#1791,#1790,#552,.T.);
#2221=EDGE_CURVE('',#1792,#1791,#553,.T.);
#2222=EDGE_CURVE('',#1793,#1792,#554,.T.);
#2223=EDGE_CURVE('',#1794,#1793,#555,.T.);
#2224=EDGE_CURVE('',#1795,#1794,#556,.T.);
#2225=EDGE_CURVE('',#1796,#1795,#557,.T.);
#2226=EDGE_CURVE('',#1797,#1796,#558,.T.);
#2227=EDGE_CURVE('',#1798,#1797,#559,.T.);
#2228=EDGE_CURVE('',#1799,#1798,#560,.T.);
#2229=EDGE_CURVE('',#1800,#1799,#561,.T.);
#2230=EDGE_CURVE('',#1801,#1800,#562,.T.);
#2231=EDGE_CURVE('',#1802,#1801,#563,.T.);
#2232=EDGE_CURVE('',#1803,#1802,#564,.T.);
#2233=EDGE_CURVE('',#1804,#1803,#565,.T.);
#2234=EDGE_CURVE('',#1805,#1804,#566,.T.);
#2235=EDGE_CURVE('',#1806,#1805,#567,.T.);
#2236=EDGE_CURVE('',#1807,#1806,#568,.T.);
#2237=EDGE_CURVE('',#1808,#1807,#569,.T.);
#2238=EDGE_CURVE('',#1809,#1808,#570,.T.);
#2239=EDGE_CURVE('',#1810,#1809,#571,.T.);
#2240=EDGE_CURVE('',#1811,#1810,#572,.T.);
#2241=EDGE_CURVE('',#1812,#1811,#573,.T.);
#2242=EDGE_CURVE('',#1813,#1812,#574,.T.);
#2243=EDGE_CURVE('',#1814,#1813,#575,.T.);
#2244=EDGE_CURVE('',#1815,#1814,#576,.T.);
#2245=EDGE_CURVE('',#1816,#1815,#577,.T.);
#2246=EDGE_CURVE('',#1817,#1816,#578,.T.);
#2247=EDGE_CURVE('',#1818,#1817,#579,.T.);
#2248=EDGE_CURVE('',#1819,#1818,#580,.T.);
#2249=EDGE_CURVE('',#1820,#1819,#581,.T.);
#2250=EDGE_CURVE('',#1821,#1820,#582,.T.);
#2251=EDGE_CURVE('',#1822,#1821,#583,.T.);
#2252=EDGE_CURVE('',#1823,#1822,#584,.T.);
#2253=EDGE_CURVE('',#1824,#1823,#585,.T.);
#2254=EDGE_CURVE('',#1825,#1824,#586,.T.);
#2255=EDGE_CURVE('',#1826,#1825,#587,.T.);
#2256=EDGE_CURVE('',#1827,#1826,#588,.T.);
#2257=EDGE_CURVE('',#1828,#1827,#589,.T.);
#2258=EDGE_CURVE('',#1829,#1828,#590,.T.);
#2259=EDGE_CURVE('',#1830,#1829,#591,.T.);
#2260=EDGE_CURVE('',#1831,#1830,#592,.T.);
#2261=EDGE_CURVE('',#1832,#1831,#593,.T.);
#2262=EDGE_CURVE('',#1833,#1832,#594,.T.);
#2263=EDGE_CURVE('',#1834,#1833,#595,.T.);
#2264=EDGE_CURVE('',#1835,#1834,#596,.T.);
#2265=EDGE_CURVE('',#1836,#1835,#597,.T.);
#2266=EDGE_CURVE('',#1837,#1836,#598,.T.);
#2267=EDGE_CURVE('',#1838,#1837,#599,.T.);
#2268=EDGE_CURVE('',#1839,#1838,#600,.T.);
#2269=EDGE_CURVE('',#1840,#1839,#601,.T.);
#2270=EDGE_CURVE('',#1841,#1840,#602,.T.);
#2271=EDGE_CURVE('',#1842,#1841,#603,.T.);
#2272=EDGE_CURVE('',#1843,#1842,#604,.T.);
#2273=EDGE_CURVE('',#1844,#1843,#605,.T.);
#2274=EDGE_CURVE('',#1845,#1844,#606,.T.);
#2275=EDGE_CURVE('',#1846,#1845,#607,.T.);
#2276=EDGE_CURVE('',#1847,#1846,#608,.T.);
#2277=EDGE_CURVE('',#1848,#1847,#609,.T.);
#2278=EDGE_CURVE('',#1849,#1848,#610,.T.);
#2279=EDGE_CURVE('',#1850,#1849,#611,.T.);
#2280=EDGE_CURVE('',#1851,#1850,#612,.T.);
#2281=EDGE_CURVE('',#1852,#1851,#613,.T.);
#2282=EDGE_CURVE('',#1853,#1852,#614,.T.);
#2283=EDGE_CURVE('',#1854,#1853,#615,.T.);
#2284=EDGE_CURVE('',#1855,#1854,#616,.T.);
#2285=EDGE_CURVE('',#1856,#1855,#617,.T.);
#2286=EDGE_CURVE('',#1857,#1856,#618,.T.);
#2287=EDGE_CURVE('',#1858,#1857,#619,.T.);
#2288=EDGE_CURVE('',#1859,#1858,#620,.T.);
#2289=EDGE_CURVE('',#1860,#1859,#621,.T.);
#2290=EDGE_CURVE('',#1861,#1860,#622,.T.);
#2291=EDGE_CURVE('',#1862,#1861,#623,.T.);
#2292=EDGE_CURVE('',#1863,#1862,#624,.T.);
#2293=EDGE_CURVE('',#1864,#1863,#625,.T.);
#2294=EDGE_CURVE('',#1865,#1864,#626,.T.);
#2295=EDGE_CURVE('',#1866,#1865,#627,.T.);
#2296=EDGE_CURVE('',#1867,#1866,#628,.T.);
#2297=EDGE_CURVE('',#1868,#1867,#629,.T.);
#2298=EDGE_CURVE('',#1869,#1868,#630,.T.);
#2299=EDGE_CURVE('',#1870,#1869,#631,.T.);
#2300=EDGE_CURVE('',#1871,#1870,#632,.T.);
#2301=EDGE_CURVE('',#1872,#1871,#633,.T.);
#2302=EDGE_CURVE('',#1873,#1872,#634,.T.);
#2303=EDGE_CURVE('',#1874,#1873,#635,.T.);
#2304=EDGE_CURVE('',#1875,#1874,#636,.T.);
#2305=EDGE_CURVE('',#1876,#1875,#637,.T.);
#2306=EDGE_CURVE('',#1877,#1876,#638,.T.);
#2307=EDGE_CURVE('',#1878,#1877,#639,.T.);
#2308=EDGE_CURVE('',#1879,#1878,#640,.T.);
#2309=EDGE_CURVE('',#1880,#1879,#641,.T.);
#2310=EDGE_CURVE('',#1881,#1880,#642,.T.);
#2311=EDGE_CURVE('',#1882,#1881,#643,.T.);
#2312=EDGE_CURVE('',#1883,#1882,#644,.T.);
#2313=EDGE_CURVE('',#1884,#1883,#645,.T.);
#2314=EDGE_CURVE('',#1885,#1884,#646,.T.);
#2315=EDGE_CURVE('',#1886,#1885,#647,.T.);
#2316=EDGE_CURVE('',#1887,#1886,#648,.T.);
#2317=EDGE_CURVE('',#1888,#1887,#649,.T.);
#2318=EDGE_CURVE('',#1889,#1888,#650,.T.);
#2319=EDGE_CURVE('',#1890,#1889,#651,.T.);
#2320=EDGE_CURVE('',#1891,#1890,#652,.T.);
#2321=EDGE_CURVE('',#1892,#1891,#653,.T.);
#2322=EDGE_CURVE('',#1893,#1892,#654,.T.);
#2323=EDGE_CURVE('',#1894,#1893,#655,.T.);
#2324=EDGE_CURVE('',#1895,#1894,#656,.T.);
#2325=EDGE_CURVE('',#1896,#1895,#657,.T.);
#2326=EDGE_CURVE('',#1897,#1896,#658,.T.);
#2327=EDGE_CURVE('',#1898,#1897,#659,.T.);
#2328=EDGE_CURVE('',#1899,#1898,#660,.T.);
#2329=EDGE_CURVE('',#1900,#1899,#661,.T.);
#2330=EDGE_CURVE('',#1901,#1900,#662,.T.);
#2331=EDGE_CURVE('',#1902,#1901,#663,.T.);
#2332=EDGE_CURVE('',#1903,#1902,#664,.T.);
#2333=EDGE_CURVE('',#1904,#1903,#665,.T.);
#2334=EDGE_CURVE('',#1905,#1904,#666,.T.);
#2335=EDGE_CURVE('',#1906,#1905,#667,.T.);
#2336=EDGE_CURVE('',#1907,#1906,#668,.T.);
#2337=EDGE_CURVE('',#1908,#1907,#669,.T.);
#2338=EDGE_CURVE('',#1909,#1908,#670,.T.);
#2339=EDGE_CURVE('',#1910,#1909,#671,.T.);
#2340=EDGE_CURVE('',#1911,#1910,#672,.T.);
#2341=EDGE_CURVE('',#1912,#1911,#673,.T.);
#2342=EDGE_CURVE('',#1913,#1912,#674,.T.);
#2343=EDGE_CURVE('',#1914,#1913,#675,.T.);
#2344=EDGE_CURVE('',#1915,#1914,#676,.T.);
#2345=EDGE_CURVE('',#1916,#1915,#677,.T.);
#2346=EDGE_CURVE('',#1917,#1916,#678,.T.);
#2347=EDGE_CURVE('',#1918,#1917,#679,.T.);
#2348=EDGE_CURVE('',#1919,#1918,#680,.T.);
#2349=EDGE_CURVE('',#1920,#1919,#681,.T.);
#2350=EDGE_CURVE('',#1921,#1920,#682,.T.);
#2351=EDGE_CURVE('',#1922,#1921,#683,.T.);
#2352=EDGE_CURVE('',#1923,#1922,#684,.T.);
#2353=EDGE_CURVE('',#1924,#1923,#685,.T.);
#2354=EDGE_CURVE('',#1925,#1924,#686,.T.);
#2355=EDGE_CURVE('',#1926,#1925,#687,.T.);
#2356=EDGE_CURVE('',#1717,#1926,#688,.T.);
#2357=EDGE_CURVE('',#1727,#1734,#689,.T.);
#2358=EDGE_CURVE('',#1728,#1733,#690,.T.);
#2359=EDGE_CURVE('',#1927,#1723,#691,.T.);
#2360=EDGE_CURVE('',#1735,#1927,#692,.T.);
#2361=EDGE_CURVE('',#1928,#1927,#693,.T.);
#2362=EDGE_CURVE('',#1736,#1928,#694,.T.);
#2363=EDGE_CURVE('',#1929,#1928,#695,.T.);
#2364=EDGE_CURVE('',#1737,#1929,#696,.T.);
#2365=EDGE_CURVE('',#1930,#1929,#697,.T.);
#2366=EDGE_CURVE('',#1738,#1930,#698,.T.);
#2367=EDGE_CURVE('',#1931,#1930,#699,.T.);
#2368=EDGE_CURVE('',#1739,#1931,#700,.T.);
#2369=EDGE_CURVE('',#1932,#1931,#701,.T.);
#2370=EDGE_CURVE('',#1740,#1932,#702,.T.);
#2371=EDGE_CURVE('',#1933,#1932,#703,.T.);
#2372=EDGE_CURVE('',#1741,#1933,#704,.T.);
#2373=EDGE_CURVE('',#1934,#1933,#705,.T.);
#2374=EDGE_CURVE('',#1742,#1934,#706,.T.);
#2375=EDGE_CURVE('',#1935,#1934,#707,.T.);
#2376=EDGE_CURVE('',#1743,#1935,#708,.T.);
#2377=EDGE_CURVE('',#1936,#1935,#709,.T.);
#2378=EDGE_CURVE('',#1744,#1936,#710,.T.);
#2379=EDGE_CURVE('',#1937,#1936,#711,.T.);
#2380=EDGE_CURVE('',#1745,#1937,#712,.T.);
#2381=EDGE_CURVE('',#1938,#1937,#713,.T.);
#2382=EDGE_CURVE('',#1746,#1938,#714,.T.);
#2383=EDGE_CURVE('',#1939,#1938,#715,.T.);
#2384=EDGE_CURVE('',#1747,#1939,#716,.T.);
#2385=EDGE_CURVE('',#1940,#1939,#717,.T.);
#2386=EDGE_CURVE('',#1748,#1940,#718,.T.);
#2387=EDGE_CURVE('',#1941,#1940,#719,.T.);
#2388=EDGE_CURVE('',#1749,#1941,#720,.T.);
#2389=EDGE_CURVE('',#1942,#1941,#721,.T.);
#2390=EDGE_CURVE('',#1750,#1942,#722,.T.);
#2391=EDGE_CURVE('',#1943,#1942,#723,.T.);
#2392=EDGE_CURVE('',#1751,#1943,#724,.T.);
#2393=EDGE_CURVE('',#1944,#1943,#725,.T.);
#2394=EDGE_CURVE('',#1752,#1944,#726,.T.);
#2395=EDGE_CURVE('',#1945,#1944,#727,.T.);
#2396=EDGE_CURVE('',#1753,#1945,#728,.T.);
#2397=EDGE_CURVE('',#1946,#1945,#729,.T.);
#2398=EDGE_CURVE('',#1754,#1946,#730,.T.);
#2399=EDGE_CURVE('',#1947,#1946,#731,.T.);
#2400=EDGE_CURVE('',#1755,#1947,#732,.T.);
#2401=EDGE_CURVE('',#1948,#1947,#733,.T.);
#2402=EDGE_CURVE('',#1756,#1948,#734,.T.);
#2403=EDGE_CURVE('',#1949,#1948,#735,.T.);
#2404=EDGE_CURVE('',#1757,#1949,#736,.T.);
#2405=EDGE_CURVE('',#1950,#1949,#737,.T.);
#2406=EDGE_CURVE('',#1758,#1950,#738,.T.);
#2407=EDGE_CURVE('',#1951,#1950,#739,.T.);
#2408=EDGE_CURVE('',#1759,#1951,#740,.T.);
#2409=EDGE_CURVE('',#1952,#1951,#741,.T.);
#2410=EDGE_CURVE('',#1760,#1952,#742,.T.);
#2411=EDGE_CURVE('',#1953,#1952,#743,.T.);
#2412=EDGE_CURVE('',#1761,#1953,#744,.T.);
#2413=EDGE_CURVE('',#1954,#1953,#745,.T.);
#2414=EDGE_CURVE('',#1762,#1954,#746,.T.);
#2415=EDGE_CURVE('',#1955,#1954,#747,.T.);
#2416=EDGE_CURVE('',#1763,#1955,#748,.T.);
#2417=EDGE_CURVE('',#1956,#1955,#749,.T.);
#2418=EDGE_CURVE('',#1764,#1956,#750,.T.);
#2419=EDGE_CURVE('',#1957,#1956,#751,.T.);
#2420=EDGE_CURVE('',#1765,#1957,#752,.T.);
#2421=EDGE_CURVE('',#1958,#1957,#753,.T.);
#2422=EDGE_CURVE('',#1766,#1958,#754,.T.);
#2423=EDGE_CURVE('',#1959,#1958,#755,.T.);
#2424=EDGE_CURVE('',#1767,#1959,#756,.T.);
#2425=EDGE_CURVE('',#1960,#1959,#757,.T.);
#2426=EDGE_CURVE('',#1768,#1960,#758,.T.);
#2427=EDGE_CURVE('',#1961,#1960,#759,.T.);
#2428=EDGE_CURVE('',#1769,#1961,#760,.T.);
#2429=EDGE_CURVE('',#1962,#1961,#761,.T.);
#2430=EDGE_CURVE('',#1770,#1962,#762,.T.);
#2431=EDGE_CURVE('',#1963,#1962,#763,.T.);
#2432=EDGE_CURVE('',#1771,#1963,#764,.T.);
#2433=EDGE_CURVE('',#1964,#1963,#765,.T.);
#2434=EDGE_CURVE('',#1772,#1964,#766,.T.);
#2435=EDGE_CURVE('',#1965,#1964,#767,.T.);
#2436=EDGE_CURVE('',#1773,#1965,#768,.T.);
#2437=EDGE_CURVE('',#1966,#1965,#769,.T.);
#2438=EDGE_CURVE('',#1774,#1966,#770,.T.);
#2439=EDGE_CURVE('',#1967,#1966,#771,.T.);
#2440=EDGE_CURVE('',#1775,#1967,#772,.T.);
#2441=EDGE_CURVE('',#1968,#1967,#773,.T.);
#2442=EDGE_CURVE('',#1776,#1968,#774,.T.);
#2443=EDGE_CURVE('',#1969,#1968,#775,.T.);
#2444=EDGE_CURVE('',#1777,#1969,#776,.T.);
#2445=EDGE_CURVE('',#1970,#1969,#777,.T.);
#2446=EDGE_CURVE('',#1778,#1970,#778,.T.);
#2447=EDGE_CURVE('',#1971,#1970,#779,.T.);
#2448=EDGE_CURVE('',#1779,#1971,#780,.T.);
#2449=EDGE_CURVE('',#1972,#1971,#781,.T.);
#2450=EDGE_CURVE('',#1780,#1972,#782,.T.);
#2451=EDGE_CURVE('',#1973,#1972,#783,.T.);
#2452=EDGE_CURVE('',#1781,#1973,#784,.T.);
#2453=EDGE_CURVE('',#1974,#1973,#785,.T.);
#2454=EDGE_CURVE('',#1782,#1974,#786,.T.);
#2455=EDGE_CURVE('',#1975,#1974,#787,.T.);
#2456=EDGE_CURVE('',#1783,#1975,#788,.T.);
#2457=EDGE_CURVE('',#1976,#1975,#789,.T.);
#2458=EDGE_CURVE('',#1784,#1976,#790,.T.);
#2459=EDGE_CURVE('',#1977,#1976,#791,.T.);
#2460=EDGE_CURVE('',#1785,#1977,#792,.T.);
#2461=EDGE_CURVE('',#1978,#1977,#793,.T.);
#2462=EDGE_CURVE('',#1786,#1978,#794,.T.);
#2463=EDGE_CURVE('',#1979,#1978,#795,.T.);
#2464=EDGE_CURVE('',#1787,#1979,#796,.T.);
#2465=EDGE_CURVE('',#1980,#1979,#797,.T.);
#2466=EDGE_CURVE('',#1788,#1980,#798,.T.);
#2467=EDGE_CURVE('',#1981,#1980,#799,.T.);
#2468=EDGE_CURVE('',#1789,#1981,#800,.T.);
#2469=EDGE_CURVE('',#1982,#1981,#801,.T.);
#2470=EDGE_CURVE('',#1790,#1982,#802,.T.);
#2471=EDGE_CURVE('',#1983,#1982,#803,.T.);
#2472=EDGE_CURVE('',#1791,#1983,#804,.T.);
#2473=EDGE_CURVE('',#1984,#1983,#805,.T.);
#2474=EDGE_CURVE('',#1792,#1984,#806,.T.);
#2475=EDGE_CURVE('',#1985,#1984,#807,.T.);
#2476=EDGE_CURVE('',#1793,#1985,#808,.T.);
#2477=EDGE_CURVE('',#1986,#1985,#809,.T.);
#2478=EDGE_CURVE('',#1794,#1986,#810,.T.);
#2479=EDGE_CURVE('',#1987,#1986,#811,.T.);
#2480=EDGE_CURVE('',#1795,#1987,#812,.T.);
#2481=EDGE_CURVE('',#1988,#1987,#813,.T.);
#2482=EDGE_CURVE('',#1796,#1988,#814,.T.);
#2483=EDGE_CURVE('',#1989,#1988,#815,.T.);
#2484=EDGE_CURVE('',#1797,#1989,#816,.T.);
#2485=EDGE_CURVE('',#1990,#1989,#817,.T.);
#2486=EDGE_CURVE('',#1798,#1990,#818,.T.);
#2487=EDGE_CURVE('',#1991,#1990,#819,.T.);
#2488=EDGE_CURVE('',#1799,#1991,#820,.T.);
#2489=EDGE_CURVE('',#1992,#1991,#821,.T.);
#2490=EDGE_CURVE('',#1800,#1992,#822,.T.);
#2491=EDGE_CURVE('',#1993,#1992,#823,.T.);
#2492=EDGE_CURVE('',#1801,#1993,#824,.T.);
#2493=EDGE_CURVE('',#1994,#1993,#825,.T.);
#2494=EDGE_CURVE('',#1802,#1994,#826,.T.);
#2495=EDGE_CURVE('',#1995,#1994,#827,.T.);
#2496=EDGE_CURVE('',#1803,#1995,#828,.T.);
#2497=EDGE_CURVE('',#1996,#1995,#829,.T.);
#2498=EDGE_CURVE('',#1804,#1996,#830,.T.);
#2499=EDGE_CURVE('',#1997,#1996,#831,.T.);
#2500=EDGE_CURVE('',#1805,#1997,#832,.T.);
#2501=EDGE_CURVE('',#1998,#1997,#833,.T.);
#2502=EDGE_CURVE('',#1806,#1998,#834,.T.);
#2503=EDGE_CURVE('',#1999,#1998,#835,.T.);
#2504=EDGE_CURVE('',#1807,#1999,#836,.T.);
#2505=EDGE_CURVE('',#2000,#1999,#837,.T.);
#2506=EDGE_CURVE('',#1808,#2000,#838,.T.);
#2507=EDGE_CURVE('',#2001,#2000,#839,.T.);
#2508=EDGE_CURVE('',#1809,#2001,#840,.T.);
#2509=EDGE_CURVE('',#2002,#2001,#841,.T.);
#2510=EDGE_CURVE('',#1810,#2002,#842,.T.);
#2511=EDGE_CURVE('',#2003,#2002,#843,.T.);
#2512=EDGE_CURVE('',#1811,#2003,#844,.T.);
#2513=EDGE_CURVE('',#2004,#2003,#845,.T.);
#2514=EDGE_CURVE('',#1812,#2004,#846,.T.);
#2515=EDGE_CURVE('',#2005,#2004,#847,.T.);
#2516=EDGE_CURVE('',#1813,#2005,#848,.T.);
#2517=EDGE_CURVE('',#2006,#2005,#849,.T.);
#2518=EDGE_CURVE('',#1814,#2006,#850,.T.);
#2519=EDGE_CURVE('',#2007,#2006,#851,.T.);
#2520=EDGE_CURVE('',#1815,#2007,#852,.T.);
#2521=EDGE_CURVE('',#2008,#2007,#853,.T.);
#2522=EDGE_CURVE('',#1816,#2008,#854,.T.);
#2523=EDGE_CURVE('',#2009,#2008,#855,.T.);
#2524=EDGE_CURVE('',#1817,#2009,#856,.T.);
#2525=EDGE_CURVE('',#2010,#2009,#857,.T.);
#2526=EDGE_CURVE('',#1818,#2010,#858,.T.);
#2527=EDGE_CURVE('',#2011,#2010,#859,.T.);
#2528=EDGE_CURVE('',#1819,#2011,#860,.T.);
#2529=EDGE_CURVE('',#2012,#2011,#861,.T.);
#2530=EDGE_CURVE('',#1820,#2012,#862,.T.);
#2531=EDGE_CURVE('',#2013,#2012,#863,.T.);
#2532=EDGE_CURVE('',#1821,#2013,#864,.T.);
#2533=EDGE_CURVE('',#2014,#2013,#865,.T.);
#2534=EDGE_CURVE('',#1822,#2014,#866,.T.);
#2535=EDGE_CURVE('',#2015,#2014,#867,.T.);
#2536=EDGE_CURVE('',#1823,#2015,#868,.T.);
#2537=EDGE_CURVE('',#2016,#2015,#869,.T.);
#2538=EDGE_CURVE('',#1824,#2016,#870,.T.);
#2539=EDGE_CURVE('',#2017,#2016,#871,.T.);
#2540=EDGE_CURVE('',#1825,#2017,#872,.T.);
#2541=EDGE_CURVE('',#2018,#2017,#873,.T.);
#2542=EDGE_CURVE('',#1826,#2018,#874,.T.);
#2543=EDGE_CURVE('',#2019,#2018,#875,.T.);
#2544=EDGE_CURVE('',#1827,#2019,#876,.T.);
#2545=EDGE_CURVE('',#2020,#2019,#877,.T.);
#2546=EDGE_CURVE('',#1828,#2020,#878,.T.);
#2547=EDGE_CURVE('',#2021,#2020,#879,.T.);
#2548=EDGE_CURVE('',#1829,#2021,#880,.T.);
#2549=EDGE_CURVE('',#2022,#2021,#881,.T.);
#2550=EDGE_CURVE('',#1830,#2022,#882,.T.);
#2551=EDGE_CURVE('',#2023,#2022,#883,.T.);
#2552=EDGE_CURVE('',#1831,#2023,#884,.T.);
#2553=EDGE_CURVE('',#2024,#2023,#885,.T.);
#2554=EDGE_CURVE('',#1832,#2024,#886,.T.);
#2555=EDGE_CURVE('',#2025,#2024,#887,.T.);
#2556=EDGE_CURVE('',#1833,#2025,#888,.T.);
#2557=EDGE_CURVE('',#2026,#2025,#889,.T.);
#2558=EDGE_CURVE('',#1834,#2026,#890,.T.);
#2559=EDGE_CURVE('',#2027,#2026,#891,.T.);
#2560=EDGE_CURVE('',#1835,#2027,#892,.T.);
#2561=EDGE_CURVE('',#2028,#2027,#893,.T.);
#2562=EDGE_CURVE('',#1836,#2028,#894,.T.);
#2563=EDGE_CURVE('',#2029,#2028,#895,.T.);
#2564=EDGE_CURVE('',#1837,#2029,#896,.T.);
#2565=EDGE_CURVE('',#2030,#2029,#897,.T.);
#2566=EDGE_CURVE('',#1838,#2030,#898,.T.);
#2567=EDGE_CURVE('',#2031,#2030,#899,.T.);
#2568=EDGE_CURVE('',#1839,#2031,#900,.T.);
#2569=EDGE_CURVE('',#2032,#2031,#901,.T.);
#2570=EDGE_CURVE('',#1840,#2032,#902,.T.);
#2571=EDGE_CURVE('',#2033,#2032,#903,.T.);
#2572=EDGE_CURVE('',#1841,#2033,#904,.T.);
#2573=EDGE_CURVE('',#2034,#2033,#905,.T.);
#2574=EDGE_CURVE('',#1842,#2034,#906,.T.);
#2575=EDGE_CURVE('',#2035,#2034,#907,.T.);
#2576=EDGE_CURVE('',#1843,#2035,#908,.T.);
#2577=EDGE_CURVE('',#2036,#2035,#909,.T.);
#2578=EDGE_CURVE('',#1844,#2036,#910,.T.);
#2579=EDGE_CURVE('',#2037,#2036,#911,.T.);
#2580=EDGE_CURVE('',#1845,#2037,#912,.T.);
#2581=EDGE_CURVE('',#2038,#2037,#913,.T.);
#2582=EDGE_CURVE('',#1846,#2038,#914,.T.);
#2583=EDGE_CURVE('',#2039,#2038,#915,.T.);
#2584=EDGE_CURVE('',#1847,#2039,#916,.T.);
#2585=EDGE_CURVE('',#2040,#2039,#917,.T.);
#2586=EDGE_CURVE('',#1848,#2040,#918,.T.);
#2587=EDGE_CURVE('',#2041,#2040,#919,.T.);
#2588=EDGE_CURVE('',#1849,#2041,#920,.T.);
#2589=EDGE_CURVE('',#2042,#2041,#921,.T.);
#2590=EDGE_CURVE('',#1850,#2042,#922,.T.);
#2591=EDGE_CURVE('',#2043,#2042,#923,.T.);
#2592=EDGE_CURVE('',#1851,#2043,#924,.T.);
#2593=EDGE_CURVE('',#2044,#2043,#925,.T.);
#2594=EDGE_CURVE('',#1852,#2044,#926,.T.);
#2595=EDGE_CURVE('',#2045,#2044,#927,.T.);
#2596=EDGE_CURVE('',#1853,#2045,#928,.T.);
#2597=EDGE_CURVE('',#2046,#2045,#929,.T.);
#2598=EDGE_CURVE('',#1854,#2046,#930,.T.);
#2599=EDGE_CURVE('',#2047,#2046,#931,.T.);
#2600=EDGE_CURVE('',#1855,#2047,#932,.T.);
#2601=EDGE_CURVE('',#2048,#2047,#933,.T.);
#2602=EDGE_CURVE('',#1856,#2048,#934,.T.);
#2603=EDGE_CURVE('',#2049,#2048,#935,.T.);
#2604=EDGE_CURVE('',#1857,#2049,#936,.T.);
#2605=EDGE_CURVE('',#2050,#2049,#937,.T.);
#2606=EDGE_CURVE('',#1858,#2050,#938,.T.);
#2607=EDGE_CURVE('',#2051,#2050,#939,.T.);
#2608=EDGE_CURVE('',#1859,#2051,#940,.T.);
#2609=EDGE_CURVE('',#2052,#2051,#941,.T.);
#2610=EDGE_CURVE('',#1860,#2052,#942,.T.);
#2611=EDGE_CURVE('',#2053,#2052,#943,.T.);
#2612=EDGE_CURVE('',#1861,#2053,#944,.T.);
#2613=EDGE_CURVE('',#2054,#2053,#945,.T.);
#2614=EDGE_CURVE('',#1862,#2054,#946,.T.);
#2615=EDGE_CURVE('',#2055,#2054,#947,.T.);
#2616=EDGE_CURVE('',#1863,#2055,#948,.T.);
#2617=EDGE_CURVE('',#2056,#2055,#949,.T.);
#2618=EDGE_CURVE('',#1864,#2056,#950,.T.);
#2619=EDGE_CURVE('',#2057,#2056,#951,.T.);
#2620=EDGE_CURVE('',#1865,#2057,#952,.T.);
#2621=EDGE_CURVE('',#2058,#2057,#953,.T.);
#2622=EDGE_CURVE('',#1866,#2058,#954,.T.);
#2623=EDGE_CURVE('',#2059,#2058,#955,.T.);
#2624=EDGE_CURVE('',#1867,#2059,#956,.T.);
#2625=EDGE_CURVE('',#2060,#2059,#957,.T.);
#2626=EDGE_CURVE('',#1868,#2060,#958,.T.);
#2627=EDGE_CURVE('',#2061,#2060,#959,.T.);
#2628=EDGE_CURVE('',#1869,#2061,#960,.T.);
#2629=EDGE_CURVE('',#2062,#2061,#961,.T.);
#2630=EDGE_CURVE('',#1870,#2062,#962,.T.);
#2631=EDGE_CURVE('',#2063,#2062,#963,.T.);
#2632=EDGE_CURVE('',#1871,#2063,#964,.T.);
#2633=EDGE_CURVE('',#2064,#2063,#965,.T.);
#2634=EDGE_CURVE('',#1872,#2064,#966,.T.);
#2635=EDGE_CURVE('',#2065,#2064,#967,.T.);
#2636=EDGE_CURVE('',#1873,#2065,#968,.T.);
#2637=EDGE_CURVE('',#2066,#2065,#969,.T.);
#2638=EDGE_CURVE('',#1874,#2066,#970,.T.);
#2639=EDGE_CURVE('',#2067,#2066,#971,.T.);
#2640=EDGE_CURVE('',#1875,#2067,#972,.T.);
#2641=EDGE_CURVE('',#2068,#2067,#973,.T.);
#2642=EDGE_CURVE('',#1876,#2068,#974,.T.);
#2643=EDGE_CURVE('',#2069,#2068,#975,.T.);
#2644=EDGE_CURVE('',#1877,#2069,#976,.T.);
#2645=EDGE_CURVE('',#2070,#2069,#977,.T.);
#2646=EDGE_CURVE('',#1878,#2070,#978,.T.);
#2647=EDGE_CURVE('',#2071,#2070,#979,.T.);
#2648=EDGE_CURVE('',#1879,#2071,#980,.T.);
#2649=EDGE_CURVE('',#2072,#2071,#981,.T.);
#2650=EDGE_CURVE('',#1880,#2072,#982,.T.);
#2651=EDGE_CURVE('',#2073,#2072,#983,.T.);
#2652=EDGE_CURVE('',#1881,#2073,#984,.T.);
#2653=EDGE_CURVE('',#2074,#2073,#985,.T.);
#2654=EDGE_CURVE('',#1882,#2074,#986,.T.);
#2655=EDGE_CURVE('',#2075,#2074,#987,.T.);
#2656=EDGE_CURVE('',#1883,#2075,#988,.T.);
#2657=EDGE_CURVE('',#2076,#2075,#989,.T.);
#2658=EDGE_CURVE('',#1884,#2076,#990,.T.);
#2659=EDGE_CURVE('',#2077,#2076,#991,.T.);
#2660=EDGE_CURVE('',#1885,#2077,#992,.T.);
#2661=EDGE_CURVE('',#2078,#2077,#993,.T.);
#2662=EDGE_CURVE('',#1886,#2078,#994,.T.);
#2663=EDGE_CURVE('',#2079,#2078,#995,.T.);
#2664=EDGE_CURVE('',#1887,#2079,#996,.T.);
#2665=EDGE_CURVE('',#2080,#2079,#997,.T.);
#2666=EDGE_CURVE('',#1888,#2080,#998,.T.);
#2667=EDGE_CURVE('',#2081,#2080,#999,.T.);
#2668=EDGE_CURVE('',#1889,#2081,#1000,.T.);
#2669=EDGE_CURVE('',#2082,#2081,#1001,.T.);
#2670=EDGE_CURVE('',#1890,#2082,#1002,.T.);
#2671=EDGE_CURVE('',#2083,#2082,#1003,.T.);
#2672=EDGE_CURVE('',#1891,#2083,#1004,.T.);
#2673=EDGE_CURVE('',#2084,#2083,#1005,.T.);
#2674=EDGE_CURVE('',#1892,#2084,#1006,.T.);
#2675=EDGE_CURVE('',#2085,#2084,#1007,.T.);
#2676=EDGE_CURVE('',#1893,#2085,#1008,.T.);
#2677=EDGE_CURVE('',#2086,#2085,#1009,.T.);
#2678=EDGE_CURVE('',#1894,#2086,#1010,.T.);
#2679=EDGE_CURVE('',#2087,#2086,#1011,.T.);
#2680=EDGE_CURVE('',#1895,#2087,#1012,.T.);
#2681=EDGE_CURVE('',#2088,#2087,#1013,.T.);
#2682=EDGE_CURVE('',#1896,#2088,#1014,.T.);
#2683=EDGE_CURVE('',#2089,#2088,#1015,.T.);
#2684=EDGE_CURVE('',#1897,#2089,#1016,.T.);
#2685=EDGE_CURVE('',#2090,#2089,#1017,.T.);
#2686=EDGE_CURVE('',#1898,#2090,#1018,.T.);
#2687=EDGE_CURVE('',#2091,#2090,#1019,.T.);
#2688=EDGE_CURVE('',#1899,#2091,#1020,.T.);
#2689=EDGE_CURVE('',#2092,#2091,#1021,.T.);
#2690=EDGE_CURVE('',#1900,#2092,#1022,.T.);
#2691=EDGE_CURVE('',#2093,#2092,#1023,.T.);
#2692=EDGE_CURVE('',#1901,#2093,#1024,.T.);
#2693=EDGE_CURVE('',#2094,#2093,#1025,.T.);
#2694=EDGE_CURVE('',#1902,#2094,#1026,.T.);
#2695=EDGE_CURVE('',#2095,#2094,#1027,.T.);
#2696=EDGE_CURVE('',#1903,#2095,#1028,.T.);
#2697=EDGE_CURVE('',#2096,#2095,#1029,.T.);
#2698=EDGE_CURVE('',#1904,#2096,#1030,.T.);
#2699=EDGE_CURVE('',#2097,#2096,#1031,.T.);
#2700=EDGE_CURVE('',#1905,#2097,#1032,.T.);
#2701=EDGE_CURVE('',#2098,#2097,#1033,.T.);
#2702=EDGE_CURVE('',#1906,#2098,#1034,.T.);
#2703=EDGE_CURVE('',#2099,#2098,#1035,.T.);
#2704=EDGE_CURVE('',#1907,#2099,#1036,.T.);
#2705=EDGE_CURVE('',#2100,#2099,#1037,.T.);
#2706=EDGE_CURVE('',#1908,#2100,#1038,.T.);
#2707=EDGE_CURVE('',#2101,#2100,#1039,.T.);
#2708=EDGE_CURVE('',#1909,#2101,#1040,.T.);
#2709=EDGE_CURVE('',#2102,#2101,#1041,.T.);
#2710=EDGE_CURVE('',#1910,#2102,#1042,.T.);
#2711=EDGE_CURVE('',#2103,#2102,#1043,.T.);
#2712=EDGE_CURVE('',#1911,#2103,#1044,.T.);
#2713=EDGE_CURVE('',#2104,#2103,#1045,.T.);
#2714=EDGE_CURVE('',#1912,#2104,#1046,.T.);
#2715=EDGE_CURVE('',#2105,#2104,#1047,.T.);
#2716=EDGE_CURVE('',#1913,#2105,#1048,.T.);
#2717=EDGE_CURVE('',#2106,#2105,#1049,.T.);
#2718=EDGE_CURVE('',#1914,#2106,#1050,.T.);
#2719=EDGE_CURVE('',#2107,#2106,#1051,.T.);
#2720=EDGE_CURVE('',#1915,#2107,#1052,.T.);
#2721=EDGE_CURVE('',#2108,#2107,#1053,.T.);
#2722=EDGE_CURVE('',#1916,#2108,#1054,.T.);
#2723=EDGE_CURVE('',#2109,#2108,#1055,.T.);
#2724=EDGE_CURVE('',#1917,#2109,#1056,.T.);
#2725=EDGE_CURVE('',#2110,#2109,#1057,.T.);
#2726=EDGE_CURVE('',#1918,#2110,#1058,.T.);
#2727=EDGE_CURVE('',#2111,#2110,#1059,.T.);
#2728=EDGE_CURVE('',#1919,#2111,#1060,.T.);
#2729=EDGE_CURVE('',#2112,#2111,#1061,.T.);
#2730=EDGE_CURVE('',#1920,#2112,#1062,.T.);
#2731=EDGE_CURVE('',#2113,#2112,#1063,.T.);
#2732=EDGE_CURVE('',#1921,#2113,#1064,.T.);
#2733=EDGE_CURVE('',#2114,#2113,#1065,.T.);
#2734=EDGE_CURVE('',#1922,#2114,#1066,.T.);
#2735=EDGE_CURVE('',#2115,#2114,#1067,.T.);
#2736=EDGE_CURVE('',#1923,#2115,#1068,.T.);
#2737=EDGE_CURVE('',#2116,#2115,#1069,.T.);
#2738=EDGE_CURVE('',#1924,#2116,#1070,.T.);
#2739=EDGE_CURVE('',#2117,#2116,#1071,.T.);
#2740=EDGE_CURVE('',#1925,#2117,#1072,.T.);
#2741=EDGE_CURVE('',#2118,#2117,#1073,.T.);
#2742=EDGE_CURVE('',#1926,#2118,#1074,.T.);
#2743=EDGE_CURVE('',#1731,#2118,#1075,.T.);
#2744=EDGE_CURVE('',#1729,#1713,#1076,.T.);
#2745=EDGE_CURVE('',#1730,#1716,#1077,.T.);
#2746=ORIENTED_EDGE('',*,*,#2119,.F.);
#2747=ORIENTED_EDGE('',*,*,#2120,.F.);
#2748=ORIENTED_EDGE('',*,*,#2121,.F.);
#2749=ORIENTED_EDGE('',*,*,#2122,.T.);
#2750=ORIENTED_EDGE('',*,*,#2123,.F.);
#2751=ORIENTED_EDGE('',*,*,#2124,.F.);
#2752=ORIENTED_EDGE('',*,*,#2125,.F.);
#2753=ORIENTED_EDGE('',*,*,#2120,.T.);
#2754=ORIENTED_EDGE('',*,*,#2126,.F.);
#2755=ORIENTED_EDGE('',*,*,#2127,.F.);
#2756=ORIENTED_EDGE('',*,*,#2122,.F.);
#2757=ORIENTED_EDGE('',*,*,#2128,.F.);
#2758=ORIENTED_EDGE('',*,*,#2129,.T.);
#2759=ORIENTED_EDGE('',*,*,#2130,.F.);
#2760=ORIENTED_EDGE('',*,*,#2131,.F.);
#2761=ORIENTED_EDGE('',*,*,#2129,.F.);
#2762=ORIENTED_EDGE('',*,*,#2132,.F.);
#2763=ORIENTED_EDGE('',*,*,#2124,.T.);
#2764=ORIENTED_EDGE('',*,*,#2133,.F.);
#2765=ORIENTED_EDGE('',*,*,#2134,.T.);
#2766=ORIENTED_EDGE('',*,*,#2126,.T.);
#2767=ORIENTED_EDGE('',*,*,#2134,.F.);
#2768=ORIENTED_EDGE('',*,*,#2130,.T.);
#2769=ORIENTED_EDGE('',*,*,#2135,.T.);
#2770=ORIENTED_EDGE('',*,*,#2136,.F.);
#2771=ORIENTED_EDGE('',*,*,#2135,.F.);
#2772=ORIENTED_EDGE('',*,*,#2137,.T.);
#2773=ORIENTED_EDGE('',*,*,#2138,.T.);
#2774=ORIENTED_EDGE('',*,*,#2139,.T.);
#2775=ORIENTED_EDGE('',*,*,#2140,.T.);
#2776=ORIENTED_EDGE('',*,*,#2133,.T.);
#2777=ORIENTED_EDGE('',*,*,#2141,.F.);
#2778=ORIENTED_EDGE('',*,*,#2142,.F.);
#2779=ORIENTED_EDGE('',*,*,#2143,.F.);
#2780=ORIENTED_EDGE('',*,*,#2144,.T.);
#2781=ORIENTED_EDGE('',*,*,#2145,.F.);
#2782=ORIENTED_EDGE('',*,*,#2144,.F.);
#2783=ORIENTED_EDGE('',*,*,#2146,.F.);
#2784=ORIENTED_EDGE('',*,*,#2147,.T.);
#2785=ORIENTED_EDGE('',*,*,#2148,.F.);
#2786=ORIENTED_EDGE('',*,*,#2149,.T.);
#2787=ORIENTED_EDGE('',*,*,#2150,.F.);
#2788=ORIENTED_EDGE('',*,*,#2151,.F.);
#2789=ORIENTED_EDGE('',*,*,#2152,.T.);
#2790=ORIENTED_EDGE('',*,*,#2153,.T.);
#2791=ORIENTED_EDGE('',*,*,#2146,.T.);
#2792=ORIENTED_EDGE('',*,*,#2143,.T.);
#2793=ORIENTED_EDGE('',*,*,#2154,.T.);
#2794=ORIENTED_EDGE('',*,*,#2155,.T.);
#2795=ORIENTED_EDGE('',*,*,#2156,.T.);
#2796=ORIENTED_EDGE('',*,*,#2136,.T.);
#2797=ORIENTED_EDGE('',*,*,#2157,.F.);
#2798=ORIENTED_EDGE('',*,*,#2151,.T.);
#2799=ORIENTED_EDGE('',*,*,#2158,.F.);
#2800=ORIENTED_EDGE('',*,*,#2159,.T.);
#2801=ORIENTED_EDGE('',*,*,#2138,.F.);
#2802=ORIENTED_EDGE('',*,*,#2160,.F.);
#2803=ORIENTED_EDGE('',*,*,#2158,.T.);
#2804=ORIENTED_EDGE('',*,*,#2150,.T.);
#2805=ORIENTED_EDGE('',*,*,#2161,.T.);
#2806=ORIENTED_EDGE('',*,*,#2162,.T.);
#2807=ORIENTED_EDGE('',*,*,#2163,.T.);
#2808=ORIENTED_EDGE('',*,*,#2141,.T.);
#2809=ORIENTED_EDGE('',*,*,#2145,.T.);
#2810=ORIENTED_EDGE('',*,*,#2164,.F.);
#2811=ORIENTED_EDGE('',*,*,#2165,.F.);
#2812=ORIENTED_EDGE('',*,*,#2166,.F.);
#2813=ORIENTED_EDGE('',*,*,#2167,.F.);
#2814=ORIENTED_EDGE('',*,*,#2168,.F.);
#2815=ORIENTED_EDGE('',*,*,#2169,.F.);
#2816=ORIENTED_EDGE('',*,*,#2170,.F.);
#2817=ORIENTED_EDGE('',*,*,#2171,.F.);
#2818=ORIENTED_EDGE('',*,*,#2172,.F.);
#2819=ORIENTED_EDGE('',*,*,#2173,.F.);
#2820=ORIENTED_EDGE('',*,*,#2174,.F.);
#2821=ORIENTED_EDGE('',*,*,#2175,.F.);
#2822=ORIENTED_EDGE('',*,*,#2176,.F.);
#2823=ORIENTED_EDGE('',*,*,#2177,.F.);
#2824=ORIENTED_EDGE('',*,*,#2178,.F.);
#2825=ORIENTED_EDGE('',*,*,#2179,.F.);
#2826=ORIENTED_EDGE('',*,*,#2180,.F.);
#2827=ORIENTED_EDGE('',*,*,#2181,.F.);
#2828=ORIENTED_EDGE('',*,*,#2182,.F.);
#2829=ORIENTED_EDGE('',*,*,#2183,.F.);
#2830=ORIENTED_EDGE('',*,*,#2184,.F.);
#2831=ORIENTED_EDGE('',*,*,#2185,.F.);
#2832=ORIENTED_EDGE('',*,*,#2186,.F.);
#2833=ORIENTED_EDGE('',*,*,#2187,.F.);
#2834=ORIENTED_EDGE('',*,*,#2188,.F.);
#2835=ORIENTED_EDGE('',*,*,#2189,.F.);
#2836=ORIENTED_EDGE('',*,*,#2190,.F.);
#2837=ORIENTED_EDGE('',*,*,#2191,.F.);
#2838=ORIENTED_EDGE('',*,*,#2192,.F.);
#2839=ORIENTED_EDGE('',*,*,#2193,.F.);
#2840=ORIENTED_EDGE('',*,*,#2194,.F.);
#2841=ORIENTED_EDGE('',*,*,#2195,.F.);
#2842=ORIENTED_EDGE('',*,*,#2196,.F.);
#2843=ORIENTED_EDGE('',*,*,#2197,.F.);
#2844=ORIENTED_EDGE('',*,*,#2198,.F.);
#2845=ORIENTED_EDGE('',*,*,#2199,.F.);
#2846=ORIENTED_EDGE('',*,*,#2200,.F.);
#2847=ORIENTED_EDGE('',*,*,#2201,.F.);
#2848=ORIENTED_EDGE('',*,*,#2202,.F.);
#2849=ORIENTED_EDGE('',*,*,#2203,.F.);
#2850=ORIENTED_EDGE('',*,*,#2204,.F.);
#2851=ORIENTED_EDGE('',*,*,#2205,.F.);
#2852=ORIENTED_EDGE('',*,*,#2206,.F.);
#2853=ORIENTED_EDGE('',*,*,#2207,.F.);
#2854=ORIENTED_EDGE('',*,*,#2208,.F.);
#2855=ORIENTED_EDGE('',*,*,#2209,.F.);
#2856=ORIENTED_EDGE('',*,*,#2210,.F.);
#2857=ORIENTED_EDGE('',*,*,#2211,.F.);
#2858=ORIENTED_EDGE('',*,*,#2212,.F.);
#2859=ORIENTED_EDGE('',*,*,#2213,.F.);
#2860=ORIENTED_EDGE('',*,*,#2214,.F.);
#2861=ORIENTED_EDGE('',*,*,#2215,.F.);
#2862=ORIENTED_EDGE('',*,*,#2216,.F.);
#2863=ORIENTED_EDGE('',*,*,#2217,.F.);
#2864=ORIENTED_EDGE('',*,*,#2218,.F.);
#2865=ORIENTED_EDGE('',*,*,#2219,.F.);
#2866=ORIENTED_EDGE('',*,*,#2220,.F.);
#2867=ORIENTED_EDGE('',*,*,#2221,.F.);
#2868=ORIENTED_EDGE('',*,*,#2222,.F.);
#2869=ORIENTED_EDGE('',*,*,#2223,.F.);
#2870=ORIENTED_EDGE('',*,*,#2224,.F.);
#2871=ORIENTED_EDGE('',*,*,#2225,.F.);
#2872=ORIENTED_EDGE('',*,*,#2226,.F.);
#2873=ORIENTED_EDGE('',*,*,#2227,.F.);
#2874=ORIENTED_EDGE('',*,*,#2228,.F.);
#2875=ORIENTED_EDGE('',*,*,#2229,.F.);
#2876=ORIENTED_EDGE('',*,*,#2230,.F.);
#2877=ORIENTED_EDGE('',*,*,#2231,.F.);
#2878=ORIENTED_EDGE('',*,*,#2232,.F.);
#2879=ORIENTED_EDGE('',*,*,#2233,.F.);
#2880=ORIENTED_EDGE('',*,*,#2234,.F.);
#2881=ORIENTED_EDGE('',*,*,#2235,.F.);
#2882=ORIENTED_EDGE('',*,*,#2236,.F.);
#2883=ORIENTED_EDGE('',*,*,#2237,.F.);
#2884=ORIENTED_EDGE('',*,*,#2238,.F.);
#2885=ORIENTED_EDGE('',*,*,#2239,.F.);
#2886=ORIENTED_EDGE('',*,*,#2240,.F.);
#2887=ORIENTED_EDGE('',*,*,#2241,.F.);
#2888=ORIENTED_EDGE('',*,*,#2242,.F.);
#2889=ORIENTED_EDGE('',*,*,#2243,.F.);
#2890=ORIENTED_EDGE('',*,*,#2244,.F.);
#2891=ORIENTED_EDGE('',*,*,#2245,.F.);
#2892=ORIENTED_EDGE('',*,*,#2246,.F.);
#2893=ORIENTED_EDGE('',*,*,#2247,.F.);
#2894=ORIENTED_EDGE('',*,*,#2248,.F.);
#2895=ORIENTED_EDGE('',*,*,#2249,.F.);
#2896=ORIENTED_EDGE('',*,*,#2250,.F.);
#2897=ORIENTED_EDGE('',*,*,#2251,.F.);
#2898=ORIENTED_EDGE('',*,*,#2252,.F.);
#2899=ORIENTED_EDGE('',*,*,#2253,.F.);
#2900=ORIENTED_EDGE('',*,*,#2254,.F.);
#2901=ORIENTED_EDGE('',*,*,#2255,.F.);
#2902=ORIENTED_EDGE('',*,*,#2256,.F.);
#2903=ORIENTED_EDGE('',*,*,#2257,.F.);
#2904=ORIENTED_EDGE('',*,*,#2258,.F.);
#2905=ORIENTED_EDGE('',*,*,#2259,.F.);
#2906=ORIENTED_EDGE('',*,*,#2260,.F.);
#2907=ORIENTED_EDGE('',*,*,#2261,.F.);
#2908=ORIENTED_EDGE('',*,*,#2262,.F.);
#2909=ORIENTED_EDGE('',*,*,#2263,.F.);
#2910=ORIENTED_EDGE('',*,*,#2264,.F.);
#2911=ORIENTED_EDGE('',*,*,#2265,.F.);
#2912=ORIENTED_EDGE('',*,*,#2266,.F.);
#2913=ORIENTED_EDGE('',*,*,#2267,.F.);
#2914=ORIENTED_EDGE('',*,*,#2268,.F.);
#2915=ORIENTED_EDGE('',*,*,#2269,.F.);
#2916=ORIENTED_EDGE('',*,*,#2270,.F.);
#2917=ORIENTED_EDGE('',*,*,#2271,.F.);
#2918=ORIENTED_EDGE('',*,*,#2272,.F.);
#2919=ORIENTED_EDGE('',*,*,#2273,.F.);
#2920=ORIENTED_EDGE('',*,*,#2274,.F.);
#2921=ORIENTED_EDGE('',*,*,#2275,.F.);
#2922=ORIENTED_EDGE('',*,*,#2276,.F.);
#2923=ORIENTED_EDGE('',*,*,#2277,.F.);
#2924=ORIENTED_EDGE('',*,*,#2278,.F.);
#2925=ORIENTED_EDGE('',*,*,#2279,.F.);
#2926=ORIENTED_EDGE('',*,*,#2280,.F.);
#2927=ORIENTED_EDGE('',*,*,#2281,.F.);
#2928=ORIENTED_EDGE('',*,*,#2282,.F.);
#2929=ORIENTED_EDGE('',*,*,#2283,.F.);
#2930=ORIENTED_EDGE('',*,*,#2284,.F.);
#2931=ORIENTED_EDGE('',*,*,#2285,.F.);
#2932=ORIENTED_EDGE('',*,*,#2286,.F.);
#2933=ORIENTED_EDGE('',*,*,#2287,.F.);
#2934=ORIENTED_EDGE('',*,*,#2288,.F.);
#2935=ORIENTED_EDGE('',*,*,#2289,.F.);
#2936=ORIENTED_EDGE('',*,*,#2290,.F.);
#2937=ORIENTED_EDGE('',*,*,#2291,.F.);
#2938=ORIENTED_EDGE('',*,*,#2292,.F.);
#2939=ORIENTED_EDGE('',*,*,#2293,.F.);
#2940=ORIENTED_EDGE('',*,*,#2294,.F.);
#2941=ORIENTED_EDGE('',*,*,#2295,.F.);
#2942=ORIENTED_EDGE('',*,*,#2296,.F.);
#2943=ORIENTED_EDGE('',*,*,#2297,.F.);
#2944=ORIENTED_EDGE('',*,*,#2298,.F.);
#2945=ORIENTED_EDGE('',*,*,#2299,.F.);
#2946=ORIENTED_EDGE('',*,*,#2300,.F.);
#2947=ORIENTED_EDGE('',*,*,#2301,.F.);
#2948=ORIENTED_EDGE('',*,*,#2302,.F.);
#2949=ORIENTED_EDGE('',*,*,#2303,.F.);
#2950=ORIENTED_EDGE('',*,*,#2304,.F.);
#2951=ORIENTED_EDGE('',*,*,#2305,.F.);
#2952=ORIENTED_EDGE('',*,*,#2306,.F.);
#2953=ORIENTED_EDGE('',*,*,#2307,.F.);
#2954=ORIENTED_EDGE('',*,*,#2308,.F.);
#2955=ORIENTED_EDGE('',*,*,#2309,.F.);
#2956=ORIENTED_EDGE('',*,*,#2310,.F.);
#2957=ORIENTED_EDGE('',*,*,#2311,.F.);
#2958=ORIENTED_EDGE('',*,*,#2312,.F.);
#2959=ORIENTED_EDGE('',*,*,#2313,.F.);
#2960=ORIENTED_EDGE('',*,*,#2314,.F.);
#2961=ORIENTED_EDGE('',*,*,#2315,.F.);
#2962=ORIENTED_EDGE('',*,*,#2316,.F.);
#2963=ORIENTED_EDGE('',*,*,#2317,.F.);
#2964=ORIENTED_EDGE('',*,*,#2318,.F.);
#2965=ORIENTED_EDGE('',*,*,#2319,.F.);
#2966=ORIENTED_EDGE('',*,*,#2320,.F.);
#2967=ORIENTED_EDGE('',*,*,#2321,.F.);
#2968=ORIENTED_EDGE('',*,*,#2322,.F.);
#2969=ORIENTED_EDGE('',*,*,#2323,.F.);
#2970=ORIENTED_EDGE('',*,*,#2324,.F.);
#2971=ORIENTED_EDGE('',*,*,#2325,.F.);
#2972=ORIENTED_EDGE('',*,*,#2326,.F.);
#2973=ORIENTED_EDGE('',*,*,#2327,.F.);
#2974=ORIENTED_EDGE('',*,*,#2328,.F.);
#2975=ORIENTED_EDGE('',*,*,#2329,.F.);
#2976=ORIENTED_EDGE('',*,*,#2330,.F.);
#2977=ORIENTED_EDGE('',*,*,#2331,.F.);
#2978=ORIENTED_EDGE('',*,*,#2332,.F.);
#2979=ORIENTED_EDGE('',*,*,#2333,.F.);
#2980=ORIENTED_EDGE('',*,*,#2334,.F.);
#2981=ORIENTED_EDGE('',*,*,#2335,.F.);
#2982=ORIENTED_EDGE('',*,*,#2336,.F.);
#2983=ORIENTED_EDGE('',*,*,#2337,.F.);
#2984=ORIENTED_EDGE('',*,*,#2338,.F.);
#2985=ORIENTED_EDGE('',*,*,#2339,.F.);
#2986=ORIENTED_EDGE('',*,*,#2340,.F.);
#2987=ORIENTED_EDGE('',*,*,#2341,.F.);
#2988=ORIENTED_EDGE('',*,*,#2342,.F.);
#2989=ORIENTED_EDGE('',*,*,#2343,.F.);
#2990=ORIENTED_EDGE('',*,*,#2344,.F.);
#2991=ORIENTED_EDGE('',*,*,#2345,.F.);
#2992=ORIENTED_EDGE('',*,*,#2346,.F.);
#2993=ORIENTED_EDGE('',*,*,#2347,.F.);
#2994=ORIENTED_EDGE('',*,*,#2348,.F.);
#2995=ORIENTED_EDGE('',*,*,#2349,.F.);
#2996=ORIENTED_EDGE('',*,*,#2350,.F.);
#2997=ORIENTED_EDGE('',*,*,#2351,.F.);
#2998=ORIENTED_EDGE('',*,*,#2352,.F.);
#2999=ORIENTED_EDGE('',*,*,#2353,.F.);
#3000=ORIENTED_EDGE('',*,*,#2354,.F.);
#3001=ORIENTED_EDGE('',*,*,#2355,.F.);
#3002=ORIENTED_EDGE('',*,*,#2356,.F.);
#3003=ORIENTED_EDGE('',*,*,#2357,.T.);
#3004=ORIENTED_EDGE('',*,*,#2162,.F.);
#3005=ORIENTED_EDGE('',*,*,#2358,.F.);
#3006=ORIENTED_EDGE('',*,*,#2152,.F.);
#3007=ORIENTED_EDGE('',*,*,#2359,.F.);
#3008=ORIENTED_EDGE('',*,*,#2360,.F.);
#3009=ORIENTED_EDGE('',*,*,#2164,.T.);
#3010=ORIENTED_EDGE('',*,*,#2147,.F.);
#3011=ORIENTED_EDGE('',*,*,#2153,.F.);
#3012=ORIENTED_EDGE('',*,*,#2358,.T.);
#3013=ORIENTED_EDGE('',*,*,#2161,.F.);
#3014=ORIENTED_EDGE('',*,*,#2149,.F.);
#3015=ORIENTED_EDGE('',*,*,#2165,.T.);
#3016=ORIENTED_EDGE('',*,*,#2360,.T.);
#3017=ORIENTED_EDGE('',*,*,#2361,.F.);
#3018=ORIENTED_EDGE('',*,*,#2362,.F.);
#3019=ORIENTED_EDGE('',*,*,#2166,.T.);
#3020=ORIENTED_EDGE('',*,*,#2362,.T.);
#3021=ORIENTED_EDGE('',*,*,#2363,.F.);
#3022=ORIENTED_EDGE('',*,*,#2364,.F.);
#3023=ORIENTED_EDGE('',*,*,#2167,.T.);
#3024=ORIENTED_EDGE('',*,*,#2364,.T.);
#3025=ORIENTED_EDGE('',*,*,#2365,.F.);
#3026=ORIENTED_EDGE('',*,*,#2366,.F.);
#3027=ORIENTED_EDGE('',*,*,#2168,.T.);
#3028=ORIENTED_EDGE('',*,*,#2366,.T.);
#3029=ORIENTED_EDGE('',*,*,#2367,.F.);
#3030=ORIENTED_EDGE('',*,*,#2368,.F.);
#3031=ORIENTED_EDGE('',*,*,#2169,.T.);
#3032=ORIENTED_EDGE('',*,*,#2368,.T.);
#3033=ORIENTED_EDGE('',*,*,#2369,.F.);
#3034=ORIENTED_EDGE('',*,*,#2370,.F.);
#3035=ORIENTED_EDGE('',*,*,#2170,.T.);
#3036=ORIENTED_EDGE('',*,*,#2370,.T.);
#3037=ORIENTED_EDGE('',*,*,#2371,.F.);
#3038=ORIENTED_EDGE('',*,*,#2372,.F.);
#3039=ORIENTED_EDGE('',*,*,#2171,.T.);
#3040=ORIENTED_EDGE('',*,*,#2372,.T.);
#3041=ORIENTED_EDGE('',*,*,#2373,.F.);
#3042=ORIENTED_EDGE('',*,*,#2374,.F.);
#3043=ORIENTED_EDGE('',*,*,#2172,.T.);
#3044=ORIENTED_EDGE('',*,*,#2374,.T.);
#3045=ORIENTED_EDGE('',*,*,#2375,.F.);
#3046=ORIENTED_EDGE('',*,*,#2376,.F.);
#3047=ORIENTED_EDGE('',*,*,#2173,.T.);
#3048=ORIENTED_EDGE('',*,*,#2376,.T.);
#3049=ORIENTED_EDGE('',*,*,#2377,.F.);
#3050=ORIENTED_EDGE('',*,*,#2378,.F.);
#3051=ORIENTED_EDGE('',*,*,#2174,.T.);
#3052=ORIENTED_EDGE('',*,*,#2378,.T.);
#3053=ORIENTED_EDGE('',*,*,#2379,.F.);
#3054=ORIENTED_EDGE('',*,*,#2380,.F.);
#3055=ORIENTED_EDGE('',*,*,#2175,.T.);
#3056=ORIENTED_EDGE('',*,*,#2380,.T.);
#3057=ORIENTED_EDGE('',*,*,#2381,.F.);
#3058=ORIENTED_EDGE('',*,*,#2382,.F.);
#3059=ORIENTED_EDGE('',*,*,#2176,.T.);
#3060=ORIENTED_EDGE('',*,*,#2382,.T.);
#3061=ORIENTED_EDGE('',*,*,#2383,.F.);
#3062=ORIENTED_EDGE('',*,*,#2384,.F.);
#3063=ORIENTED_EDGE('',*,*,#2177,.T.);
#3064=ORIENTED_EDGE('',*,*,#2384,.T.);
#3065=ORIENTED_EDGE('',*,*,#2385,.F.);
#3066=ORIENTED_EDGE('',*,*,#2386,.F.);
#3067=ORIENTED_EDGE('',*,*,#2178,.T.);
#3068=ORIENTED_EDGE('',*,*,#2386,.T.);
#3069=ORIENTED_EDGE('',*,*,#2387,.F.);
#3070=ORIENTED_EDGE('',*,*,#2388,.F.);
#3071=ORIENTED_EDGE('',*,*,#2179,.T.);
#3072=ORIENTED_EDGE('',*,*,#2388,.T.);
#3073=ORIENTED_EDGE('',*,*,#2389,.F.);
#3074=ORIENTED_EDGE('',*,*,#2390,.F.);
#3075=ORIENTED_EDGE('',*,*,#2180,.T.);
#3076=ORIENTED_EDGE('',*,*,#2390,.T.);
#3077=ORIENTED_EDGE('',*,*,#2391,.F.);
#3078=ORIENTED_EDGE('',*,*,#2392,.F.);
#3079=ORIENTED_EDGE('',*,*,#2181,.T.);
#3080=ORIENTED_EDGE('',*,*,#2392,.T.);
#3081=ORIENTED_EDGE('',*,*,#2393,.F.);
#3082=ORIENTED_EDGE('',*,*,#2394,.F.);
#3083=ORIENTED_EDGE('',*,*,#2182,.T.);
#3084=ORIENTED_EDGE('',*,*,#2394,.T.);
#3085=ORIENTED_EDGE('',*,*,#2395,.F.);
#3086=ORIENTED_EDGE('',*,*,#2396,.F.);
#3087=ORIENTED_EDGE('',*,*,#2183,.T.);
#3088=ORIENTED_EDGE('',*,*,#2396,.T.);
#3089=ORIENTED_EDGE('',*,*,#2397,.F.);
#3090=ORIENTED_EDGE('',*,*,#2398,.F.);
#3091=ORIENTED_EDGE('',*,*,#2184,.T.);
#3092=ORIENTED_EDGE('',*,*,#2398,.T.);
#3093=ORIENTED_EDGE('',*,*,#2399,.F.);
#3094=ORIENTED_EDGE('',*,*,#2400,.F.);
#3095=ORIENTED_EDGE('',*,*,#2185,.T.);
#3096=ORIENTED_EDGE('',*,*,#2400,.T.);
#3097=ORIENTED_EDGE('',*,*,#2401,.F.);
#3098=ORIENTED_EDGE('',*,*,#2402,.F.);
#3099=ORIENTED_EDGE('',*,*,#2186,.T.);
#3100=ORIENTED_EDGE('',*,*,#2402,.T.);
#3101=ORIENTED_EDGE('',*,*,#2403,.F.);
#3102=ORIENTED_EDGE('',*,*,#2404,.F.);
#3103=ORIENTED_EDGE('',*,*,#2187,.T.);
#3104=ORIENTED_EDGE('',*,*,#2404,.T.);
#3105=ORIENTED_EDGE('',*,*,#2405,.F.);
#3106=ORIENTED_EDGE('',*,*,#2406,.F.);
#3107=ORIENTED_EDGE('',*,*,#2188,.T.);
#3108=ORIENTED_EDGE('',*,*,#2406,.T.);
#3109=ORIENTED_EDGE('',*,*,#2407,.F.);
#3110=ORIENTED_EDGE('',*,*,#2408,.F.);
#3111=ORIENTED_EDGE('',*,*,#2189,.T.);
#3112=ORIENTED_EDGE('',*,*,#2408,.T.);
#3113=ORIENTED_EDGE('',*,*,#2409,.F.);
#3114=ORIENTED_EDGE('',*,*,#2410,.F.);
#3115=ORIENTED_EDGE('',*,*,#2190,.T.);
#3116=ORIENTED_EDGE('',*,*,#2410,.T.);
#3117=ORIENTED_EDGE('',*,*,#2411,.F.);
#3118=ORIENTED_EDGE('',*,*,#2412,.F.);
#3119=ORIENTED_EDGE('',*,*,#2191,.T.);
#3120=ORIENTED_EDGE('',*,*,#2412,.T.);
#3121=ORIENTED_EDGE('',*,*,#2413,.F.);
#3122=ORIENTED_EDGE('',*,*,#2414,.F.);
#3123=ORIENTED_EDGE('',*,*,#2192,.T.);
#3124=ORIENTED_EDGE('',*,*,#2414,.T.);
#3125=ORIENTED_EDGE('',*,*,#2415,.F.);
#3126=ORIENTED_EDGE('',*,*,#2416,.F.);
#3127=ORIENTED_EDGE('',*,*,#2193,.T.);
#3128=ORIENTED_EDGE('',*,*,#2416,.T.);
#3129=ORIENTED_EDGE('',*,*,#2417,.F.);
#3130=ORIENTED_EDGE('',*,*,#2418,.F.);
#3131=ORIENTED_EDGE('',*,*,#2194,.T.);
#3132=ORIENTED_EDGE('',*,*,#2418,.T.);
#3133=ORIENTED_EDGE('',*,*,#2419,.F.);
#3134=ORIENTED_EDGE('',*,*,#2420,.F.);
#3135=ORIENTED_EDGE('',*,*,#2195,.T.);
#3136=ORIENTED_EDGE('',*,*,#2420,.T.);
#3137=ORIENTED_EDGE('',*,*,#2421,.F.);
#3138=ORIENTED_EDGE('',*,*,#2422,.F.);
#3139=ORIENTED_EDGE('',*,*,#2196,.T.);
#3140=ORIENTED_EDGE('',*,*,#2422,.T.);
#3141=ORIENTED_EDGE('',*,*,#2423,.F.);
#3142=ORIENTED_EDGE('',*,*,#2424,.F.);
#3143=ORIENTED_EDGE('',*,*,#2197,.T.);
#3144=ORIENTED_EDGE('',*,*,#2424,.T.);
#3145=ORIENTED_EDGE('',*,*,#2425,.F.);
#3146=ORIENTED_EDGE('',*,*,#2426,.F.);
#3147=ORIENTED_EDGE('',*,*,#2198,.T.);
#3148=ORIENTED_EDGE('',*,*,#2426,.T.);
#3149=ORIENTED_EDGE('',*,*,#2427,.F.);
#3150=ORIENTED_EDGE('',*,*,#2428,.F.);
#3151=ORIENTED_EDGE('',*,*,#2199,.T.);
#3152=ORIENTED_EDGE('',*,*,#2428,.T.);
#3153=ORIENTED_EDGE('',*,*,#2429,.F.);
#3154=ORIENTED_EDGE('',*,*,#2430,.F.);
#3155=ORIENTED_EDGE('',*,*,#2200,.T.);
#3156=ORIENTED_EDGE('',*,*,#2430,.T.);
#3157=ORIENTED_EDGE('',*,*,#2431,.F.);
#3158=ORIENTED_EDGE('',*,*,#2432,.F.);
#3159=ORIENTED_EDGE('',*,*,#2201,.T.);
#3160=ORIENTED_EDGE('',*,*,#2432,.T.);
#3161=ORIENTED_EDGE('',*,*,#2433,.F.);
#3162=ORIENTED_EDGE('',*,*,#2434,.F.);
#3163=ORIENTED_EDGE('',*,*,#2202,.T.);
#3164=ORIENTED_EDGE('',*,*,#2434,.T.);
#3165=ORIENTED_EDGE('',*,*,#2435,.F.);
#3166=ORIENTED_EDGE('',*,*,#2436,.F.);
#3167=ORIENTED_EDGE('',*,*,#2203,.T.);
#3168=ORIENTED_EDGE('',*,*,#2436,.T.);
#3169=ORIENTED_EDGE('',*,*,#2437,.F.);
#3170=ORIENTED_EDGE('',*,*,#2438,.F.);
#3171=ORIENTED_EDGE('',*,*,#2204,.T.);
#3172=ORIENTED_EDGE('',*,*,#2438,.T.);
#3173=ORIENTED_EDGE('',*,*,#2439,.F.);
#3174=ORIENTED_EDGE('',*,*,#2440,.F.);
#3175=ORIENTED_EDGE('',*,*,#2205,.T.);
#3176=ORIENTED_EDGE('',*,*,#2440,.T.);
#3177=ORIENTED_EDGE('',*,*,#2441,.F.);
#3178=ORIENTED_EDGE('',*,*,#2442,.F.);
#3179=ORIENTED_EDGE('',*,*,#2206,.T.);
#3180=ORIENTED_EDGE('',*,*,#2442,.T.);
#3181=ORIENTED_EDGE('',*,*,#2443,.F.);
#3182=ORIENTED_EDGE('',*,*,#2444,.F.);
#3183=ORIENTED_EDGE('',*,*,#2207,.T.);
#3184=ORIENTED_EDGE('',*,*,#2444,.T.);
#3185=ORIENTED_EDGE('',*,*,#2445,.F.);
#3186=ORIENTED_EDGE('',*,*,#2446,.F.);
#3187=ORIENTED_EDGE('',*,*,#2208,.T.);
#3188=ORIENTED_EDGE('',*,*,#2446,.T.);
#3189=ORIENTED_EDGE('',*,*,#2447,.F.);
#3190=ORIENTED_EDGE('',*,*,#2448,.F.);
#3191=ORIENTED_EDGE('',*,*,#2209,.T.);
#3192=ORIENTED_EDGE('',*,*,#2448,.T.);
#3193=ORIENTED_EDGE('',*,*,#2449,.F.);
#3194=ORIENTED_EDGE('',*,*,#2450,.F.);
#3195=ORIENTED_EDGE('',*,*,#2210,.T.);
#3196=ORIENTED_EDGE('',*,*,#2450,.T.);
#3197=ORIENTED_EDGE('',*,*,#2451,.F.);
#3198=ORIENTED_EDGE('',*,*,#2452,.F.);
#3199=ORIENTED_EDGE('',*,*,#2211,.T.);
#3200=ORIENTED_EDGE('',*,*,#2452,.T.);
#3201=ORIENTED_EDGE('',*,*,#2453,.F.);
#3202=ORIENTED_EDGE('',*,*,#2454,.F.);
#3203=ORIENTED_EDGE('',*,*,#2212,.T.);
#3204=ORIENTED_EDGE('',*,*,#2454,.T.);
#3205=ORIENTED_EDGE('',*,*,#2455,.F.);
#3206=ORIENTED_EDGE('',*,*,#2456,.F.);
#3207=ORIENTED_EDGE('',*,*,#2213,.T.);
#3208=ORIENTED_EDGE('',*,*,#2456,.T.);
#3209=ORIENTED_EDGE('',*,*,#2457,.F.);
#3210=ORIENTED_EDGE('',*,*,#2458,.F.);
#3211=ORIENTED_EDGE('',*,*,#2214,.T.);
#3212=ORIENTED_EDGE('',*,*,#2458,.T.);
#3213=ORIENTED_EDGE('',*,*,#2459,.F.);
#3214=ORIENTED_EDGE('',*,*,#2460,.F.);
#3215=ORIENTED_EDGE('',*,*,#2215,.T.);
#3216=ORIENTED_EDGE('',*,*,#2460,.T.);
#3217=ORIENTED_EDGE('',*,*,#2461,.F.);
#3218=ORIENTED_EDGE('',*,*,#2462,.F.);
#3219=ORIENTED_EDGE('',*,*,#2216,.T.);
#3220=ORIENTED_EDGE('',*,*,#2462,.T.);
#3221=ORIENTED_EDGE('',*,*,#2463,.F.);
#3222=ORIENTED_EDGE('',*,*,#2464,.F.);
#3223=ORIENTED_EDGE('',*,*,#2217,.T.);
#3224=ORIENTED_EDGE('',*,*,#2464,.T.);
#3225=ORIENTED_EDGE('',*,*,#2465,.F.);
#3226=ORIENTED_EDGE('',*,*,#2466,.F.);
#3227=ORIENTED_EDGE('',*,*,#2218,.T.);
#3228=ORIENTED_EDGE('',*,*,#2466,.T.);
#3229=ORIENTED_EDGE('',*,*,#2467,.F.);
#3230=ORIENTED_EDGE('',*,*,#2468,.F.);
#3231=ORIENTED_EDGE('',*,*,#2219,.T.);
#3232=ORIENTED_EDGE('',*,*,#2468,.T.);
#3233=ORIENTED_EDGE('',*,*,#2469,.F.);
#3234=ORIENTED_EDGE('',*,*,#2470,.F.);
#3235=ORIENTED_EDGE('',*,*,#2220,.T.);
#3236=ORIENTED_EDGE('',*,*,#2470,.T.);
#3237=ORIENTED_EDGE('',*,*,#2471,.F.);
#3238=ORIENTED_EDGE('',*,*,#2472,.F.);
#3239=ORIENTED_EDGE('',*,*,#2221,.T.);
#3240=ORIENTED_EDGE('',*,*,#2472,.T.);
#3241=ORIENTED_EDGE('',*,*,#2473,.F.);
#3242=ORIENTED_EDGE('',*,*,#2474,.F.);
#3243=ORIENTED_EDGE('',*,*,#2222,.T.);
#3244=ORIENTED_EDGE('',*,*,#2474,.T.);
#3245=ORIENTED_EDGE('',*,*,#2475,.F.);
#3246=ORIENTED_EDGE('',*,*,#2476,.F.);
#3247=ORIENTED_EDGE('',*,*,#2223,.T.);
#3248=ORIENTED_EDGE('',*,*,#2476,.T.);
#3249=ORIENTED_EDGE('',*,*,#2477,.F.);
#3250=ORIENTED_EDGE('',*,*,#2478,.F.);
#3251=ORIENTED_EDGE('',*,*,#2224,.T.);
#3252=ORIENTED_EDGE('',*,*,#2478,.T.);
#3253=ORIENTED_EDGE('',*,*,#2479,.F.);
#3254=ORIENTED_EDGE('',*,*,#2480,.F.);
#3255=ORIENTED_EDGE('',*,*,#2225,.T.);
#3256=ORIENTED_EDGE('',*,*,#2480,.T.);
#3257=ORIENTED_EDGE('',*,*,#2481,.F.);
#3258=ORIENTED_EDGE('',*,*,#2482,.F.);
#3259=ORIENTED_EDGE('',*,*,#2226,.T.);
#3260=ORIENTED_EDGE('',*,*,#2482,.T.);
#3261=ORIENTED_EDGE('',*,*,#2483,.F.);
#3262=ORIENTED_EDGE('',*,*,#2484,.F.);
#3263=ORIENTED_EDGE('',*,*,#2227,.T.);
#3264=ORIENTED_EDGE('',*,*,#2484,.T.);
#3265=ORIENTED_EDGE('',*,*,#2485,.F.);
#3266=ORIENTED_EDGE('',*,*,#2486,.F.);
#3267=ORIENTED_EDGE('',*,*,#2228,.T.);
#3268=ORIENTED_EDGE('',*,*,#2486,.T.);
#3269=ORIENTED_EDGE('',*,*,#2487,.F.);
#3270=ORIENTED_EDGE('',*,*,#2488,.F.);
#3271=ORIENTED_EDGE('',*,*,#2229,.T.);
#3272=ORIENTED_EDGE('',*,*,#2488,.T.);
#3273=ORIENTED_EDGE('',*,*,#2489,.F.);
#3274=ORIENTED_EDGE('',*,*,#2490,.F.);
#3275=ORIENTED_EDGE('',*,*,#2230,.T.);
#3276=ORIENTED_EDGE('',*,*,#2490,.T.);
#3277=ORIENTED_EDGE('',*,*,#2491,.F.);
#3278=ORIENTED_EDGE('',*,*,#2492,.F.);
#3279=ORIENTED_EDGE('',*,*,#2231,.T.);
#3280=ORIENTED_EDGE('',*,*,#2492,.T.);
#3281=ORIENTED_EDGE('',*,*,#2493,.F.);
#3282=ORIENTED_EDGE('',*,*,#2494,.F.);
#3283=ORIENTED_EDGE('',*,*,#2232,.T.);
#3284=ORIENTED_EDGE('',*,*,#2494,.T.);
#3285=ORIENTED_EDGE('',*,*,#2495,.F.);
#3286=ORIENTED_EDGE('',*,*,#2496,.F.);
#3287=ORIENTED_EDGE('',*,*,#2233,.T.);
#3288=ORIENTED_EDGE('',*,*,#2496,.T.);
#3289=ORIENTED_EDGE('',*,*,#2497,.F.);
#3290=ORIENTED_EDGE('',*,*,#2498,.F.);
#3291=ORIENTED_EDGE('',*,*,#2234,.T.);
#3292=ORIENTED_EDGE('',*,*,#2498,.T.);
#3293=ORIENTED_EDGE('',*,*,#2499,.F.);
#3294=ORIENTED_EDGE('',*,*,#2500,.F.);
#3295=ORIENTED_EDGE('',*,*,#2235,.T.);
#3296=ORIENTED_EDGE('',*,*,#2500,.T.);
#3297=ORIENTED_EDGE('',*,*,#2501,.F.);
#3298=ORIENTED_EDGE('',*,*,#2502,.F.);
#3299=ORIENTED_EDGE('',*,*,#2236,.T.);
#3300=ORIENTED_EDGE('',*,*,#2502,.T.);
#3301=ORIENTED_EDGE('',*,*,#2503,.F.);
#3302=ORIENTED_EDGE('',*,*,#2504,.F.);
#3303=ORIENTED_EDGE('',*,*,#2237,.T.);
#3304=ORIENTED_EDGE('',*,*,#2504,.T.);
#3305=ORIENTED_EDGE('',*,*,#2505,.F.);
#3306=ORIENTED_EDGE('',*,*,#2506,.F.);
#3307=ORIENTED_EDGE('',*,*,#2238,.T.);
#3308=ORIENTED_EDGE('',*,*,#2506,.T.);
#3309=ORIENTED_EDGE('',*,*,#2507,.F.);
#3310=ORIENTED_EDGE('',*,*,#2508,.F.);
#3311=ORIENTED_EDGE('',*,*,#2239,.T.);
#3312=ORIENTED_EDGE('',*,*,#2508,.T.);
#3313=ORIENTED_EDGE('',*,*,#2509,.F.);
#3314=ORIENTED_EDGE('',*,*,#2510,.F.);
#3315=ORIENTED_EDGE('',*,*,#2240,.T.);
#3316=ORIENTED_EDGE('',*,*,#2510,.T.);
#3317=ORIENTED_EDGE('',*,*,#2511,.F.);
#3318=ORIENTED_EDGE('',*,*,#2512,.F.);
#3319=ORIENTED_EDGE('',*,*,#2241,.T.);
#3320=ORIENTED_EDGE('',*,*,#2512,.T.);
#3321=ORIENTED_EDGE('',*,*,#2513,.F.);
#3322=ORIENTED_EDGE('',*,*,#2514,.F.);
#3323=ORIENTED_EDGE('',*,*,#2242,.T.);
#3324=ORIENTED_EDGE('',*,*,#2514,.T.);
#3325=ORIENTED_EDGE('',*,*,#2515,.F.);
#3326=ORIENTED_EDGE('',*,*,#2516,.F.);
#3327=ORIENTED_EDGE('',*,*,#2243,.T.);
#3328=ORIENTED_EDGE('',*,*,#2516,.T.);
#3329=ORIENTED_EDGE('',*,*,#2517,.F.);
#3330=ORIENTED_EDGE('',*,*,#2518,.F.);
#3331=ORIENTED_EDGE('',*,*,#2244,.T.);
#3332=ORIENTED_EDGE('',*,*,#2518,.T.);
#3333=ORIENTED_EDGE('',*,*,#2519,.F.);
#3334=ORIENTED_EDGE('',*,*,#2520,.F.);
#3335=ORIENTED_EDGE('',*,*,#2245,.T.);
#3336=ORIENTED_EDGE('',*,*,#2520,.T.);
#3337=ORIENTED_EDGE('',*,*,#2521,.F.);
#3338=ORIENTED_EDGE('',*,*,#2522,.F.);
#3339=ORIENTED_EDGE('',*,*,#2246,.T.);
#3340=ORIENTED_EDGE('',*,*,#2522,.T.);
#3341=ORIENTED_EDGE('',*,*,#2523,.F.);
#3342=ORIENTED_EDGE('',*,*,#2524,.F.);
#3343=ORIENTED_EDGE('',*,*,#2247,.T.);
#3344=ORIENTED_EDGE('',*,*,#2524,.T.);
#3345=ORIENTED_EDGE('',*,*,#2525,.F.);
#3346=ORIENTED_EDGE('',*,*,#2526,.F.);
#3347=ORIENTED_EDGE('',*,*,#2248,.T.);
#3348=ORIENTED_EDGE('',*,*,#2526,.T.);
#3349=ORIENTED_EDGE('',*,*,#2527,.F.);
#3350=ORIENTED_EDGE('',*,*,#2528,.F.);
#3351=ORIENTED_EDGE('',*,*,#2249,.T.);
#3352=ORIENTED_EDGE('',*,*,#2528,.T.);
#3353=ORIENTED_EDGE('',*,*,#2529,.F.);
#3354=ORIENTED_EDGE('',*,*,#2530,.F.);
#3355=ORIENTED_EDGE('',*,*,#2250,.T.);
#3356=ORIENTED_EDGE('',*,*,#2530,.T.);
#3357=ORIENTED_EDGE('',*,*,#2531,.F.);
#3358=ORIENTED_EDGE('',*,*,#2532,.F.);
#3359=ORIENTED_EDGE('',*,*,#2251,.T.);
#3360=ORIENTED_EDGE('',*,*,#2532,.T.);
#3361=ORIENTED_EDGE('',*,*,#2533,.F.);
#3362=ORIENTED_EDGE('',*,*,#2534,.F.);
#3363=ORIENTED_EDGE('',*,*,#2252,.T.);
#3364=ORIENTED_EDGE('',*,*,#2534,.T.);
#3365=ORIENTED_EDGE('',*,*,#2535,.F.);
#3366=ORIENTED_EDGE('',*,*,#2536,.F.);
#3367=ORIENTED_EDGE('',*,*,#2253,.T.);
#3368=ORIENTED_EDGE('',*,*,#2536,.T.);
#3369=ORIENTED_EDGE('',*,*,#2537,.F.);
#3370=ORIENTED_EDGE('',*,*,#2538,.F.);
#3371=ORIENTED_EDGE('',*,*,#2254,.T.);
#3372=ORIENTED_EDGE('',*,*,#2538,.T.);
#3373=ORIENTED_EDGE('',*,*,#2539,.F.);
#3374=ORIENTED_EDGE('',*,*,#2540,.F.);
#3375=ORIENTED_EDGE('',*,*,#2255,.T.);
#3376=ORIENTED_EDGE('',*,*,#2540,.T.);
#3377=ORIENTED_EDGE('',*,*,#2541,.F.);
#3378=ORIENTED_EDGE('',*,*,#2542,.F.);
#3379=ORIENTED_EDGE('',*,*,#2256,.T.);
#3380=ORIENTED_EDGE('',*,*,#2542,.T.);
#3381=ORIENTED_EDGE('',*,*,#2543,.F.);
#3382=ORIENTED_EDGE('',*,*,#2544,.F.);
#3383=ORIENTED_EDGE('',*,*,#2257,.T.);
#3384=ORIENTED_EDGE('',*,*,#2544,.T.);
#3385=ORIENTED_EDGE('',*,*,#2545,.F.);
#3386=ORIENTED_EDGE('',*,*,#2546,.F.);
#3387=ORIENTED_EDGE('',*,*,#2258,.T.);
#3388=ORIENTED_EDGE('',*,*,#2546,.T.);
#3389=ORIENTED_EDGE('',*,*,#2547,.F.);
#3390=ORIENTED_EDGE('',*,*,#2548,.F.);
#3391=ORIENTED_EDGE('',*,*,#2259,.T.);
#3392=ORIENTED_EDGE('',*,*,#2548,.T.);
#3393=ORIENTED_EDGE('',*,*,#2549,.F.);
#3394=ORIENTED_EDGE('',*,*,#2550,.F.);
#3395=ORIENTED_EDGE('',*,*,#2260,.T.);
#3396=ORIENTED_EDGE('',*,*,#2550,.T.);
#3397=ORIENTED_EDGE('',*,*,#2551,.F.);
#3398=ORIENTED_EDGE('',*,*,#2552,.F.);
#3399=ORIENTED_EDGE('',*,*,#2261,.T.);
#3400=ORIENTED_EDGE('',*,*,#2552,.T.);
#3401=ORIENTED_EDGE('',*,*,#2553,.F.);
#3402=ORIENTED_EDGE('',*,*,#2554,.F.);
#3403=ORIENTED_EDGE('',*,*,#2262,.T.);
#3404=ORIENTED_EDGE('',*,*,#2554,.T.);
#3405=ORIENTED_EDGE('',*,*,#2555,.F.);
#3406=ORIENTED_EDGE('',*,*,#2556,.F.);
#3407=ORIENTED_EDGE('',*,*,#2263,.T.);
#3408=ORIENTED_EDGE('',*,*,#2556,.T.);
#3409=ORIENTED_EDGE('',*,*,#2557,.F.);
#3410=ORIENTED_EDGE('',*,*,#2558,.F.);
#3411=ORIENTED_EDGE('',*,*,#2264,.T.);
#3412=ORIENTED_EDGE('',*,*,#2558,.T.);
#3413=ORIENTED_EDGE('',*,*,#2559,.F.);
#3414=ORIENTED_EDGE('',*,*,#2560,.F.);
#3415=ORIENTED_EDGE('',*,*,#2265,.T.);
#3416=ORIENTED_EDGE('',*,*,#2560,.T.);
#3417=ORIENTED_EDGE('',*,*,#2561,.F.);
#3418=ORIENTED_EDGE('',*,*,#2562,.F.);
#3419=ORIENTED_EDGE('',*,*,#2266,.T.);
#3420=ORIENTED_EDGE('',*,*,#2562,.T.);
#3421=ORIENTED_EDGE('',*,*,#2563,.F.);
#3422=ORIENTED_EDGE('',*,*,#2564,.F.);
#3423=ORIENTED_EDGE('',*,*,#2267,.T.);
#3424=ORIENTED_EDGE('',*,*,#2564,.T.);
#3425=ORIENTED_EDGE('',*,*,#2565,.F.);
#3426=ORIENTED_EDGE('',*,*,#2566,.F.);
#3427=ORIENTED_EDGE('',*,*,#2268,.T.);
#3428=ORIENTED_EDGE('',*,*,#2566,.T.);
#3429=ORIENTED_EDGE('',*,*,#2567,.F.);
#3430=ORIENTED_EDGE('',*,*,#2568,.F.);
#3431=ORIENTED_EDGE('',*,*,#2269,.T.);
#3432=ORIENTED_EDGE('',*,*,#2568,.T.);
#3433=ORIENTED_EDGE('',*,*,#2569,.F.);
#3434=ORIENTED_EDGE('',*,*,#2570,.F.);
#3435=ORIENTED_EDGE('',*,*,#2270,.T.);
#3436=ORIENTED_EDGE('',*,*,#2570,.T.);
#3437=ORIENTED_EDGE('',*,*,#2571,.F.);
#3438=ORIENTED_EDGE('',*,*,#2572,.F.);
#3439=ORIENTED_EDGE('',*,*,#2271,.T.);
#3440=ORIENTED_EDGE('',*,*,#2572,.T.);
#3441=ORIENTED_EDGE('',*,*,#2573,.F.);
#3442=ORIENTED_EDGE('',*,*,#2574,.F.);
#3443=ORIENTED_EDGE('',*,*,#2272,.T.);
#3444=ORIENTED_EDGE('',*,*,#2574,.T.);
#3445=ORIENTED_EDGE('',*,*,#2575,.F.);
#3446=ORIENTED_EDGE('',*,*,#2576,.F.);
#3447=ORIENTED_EDGE('',*,*,#2273,.T.);
#3448=ORIENTED_EDGE('',*,*,#2576,.T.);
#3449=ORIENTED_EDGE('',*,*,#2577,.F.);
#3450=ORIENTED_EDGE('',*,*,#2578,.F.);
#3451=ORIENTED_EDGE('',*,*,#2274,.T.);
#3452=ORIENTED_EDGE('',*,*,#2578,.T.);
#3453=ORIENTED_EDGE('',*,*,#2579,.F.);
#3454=ORIENTED_EDGE('',*,*,#2580,.F.);
#3455=ORIENTED_EDGE('',*,*,#2275,.T.);
#3456=ORIENTED_EDGE('',*,*,#2580,.T.);
#3457=ORIENTED_EDGE('',*,*,#2581,.F.);
#3458=ORIENTED_EDGE('',*,*,#2582,.F.);
#3459=ORIENTED_EDGE('',*,*,#2276,.T.);
#3460=ORIENTED_EDGE('',*,*,#2582,.T.);
#3461=ORIENTED_EDGE('',*,*,#2583,.F.);
#3462=ORIENTED_EDGE('',*,*,#2584,.F.);
#3463=ORIENTED_EDGE('',*,*,#2277,.T.);
#3464=ORIENTED_EDGE('',*,*,#2584,.T.);
#3465=ORIENTED_EDGE('',*,*,#2585,.F.);
#3466=ORIENTED_EDGE('',*,*,#2586,.F.);
#3467=ORIENTED_EDGE('',*,*,#2278,.T.);
#3468=ORIENTED_EDGE('',*,*,#2586,.T.);
#3469=ORIENTED_EDGE('',*,*,#2587,.F.);
#3470=ORIENTED_EDGE('',*,*,#2588,.F.);
#3471=ORIENTED_EDGE('',*,*,#2279,.T.);
#3472=ORIENTED_EDGE('',*,*,#2588,.T.);
#3473=ORIENTED_EDGE('',*,*,#2589,.F.);
#3474=ORIENTED_EDGE('',*,*,#2590,.F.);
#3475=ORIENTED_EDGE('',*,*,#2280,.T.);
#3476=ORIENTED_EDGE('',*,*,#2590,.T.);
#3477=ORIENTED_EDGE('',*,*,#2591,.F.);
#3478=ORIENTED_EDGE('',*,*,#2592,.F.);
#3479=ORIENTED_EDGE('',*,*,#2281,.T.);
#3480=ORIENTED_EDGE('',*,*,#2592,.T.);
#3481=ORIENTED_EDGE('',*,*,#2593,.F.);
#3482=ORIENTED_EDGE('',*,*,#2594,.F.);
#3483=ORIENTED_EDGE('',*,*,#2282,.T.);
#3484=ORIENTED_EDGE('',*,*,#2594,.T.);
#3485=ORIENTED_EDGE('',*,*,#2595,.F.);
#3486=ORIENTED_EDGE('',*,*,#2596,.F.);
#3487=ORIENTED_EDGE('',*,*,#2283,.T.);
#3488=ORIENTED_EDGE('',*,*,#2596,.T.);
#3489=ORIENTED_EDGE('',*,*,#2597,.F.);
#3490=ORIENTED_EDGE('',*,*,#2598,.F.);
#3491=ORIENTED_EDGE('',*,*,#2284,.T.);
#3492=ORIENTED_EDGE('',*,*,#2598,.T.);
#3493=ORIENTED_EDGE('',*,*,#2599,.F.);
#3494=ORIENTED_EDGE('',*,*,#2600,.F.);
#3495=ORIENTED_EDGE('',*,*,#2285,.T.);
#3496=ORIENTED_EDGE('',*,*,#2600,.T.);
#3497=ORIENTED_EDGE('',*,*,#2601,.F.);
#3498=ORIENTED_EDGE('',*,*,#2602,.F.);
#3499=ORIENTED_EDGE('',*,*,#2286,.T.);
#3500=ORIENTED_EDGE('',*,*,#2602,.T.);
#3501=ORIENTED_EDGE('',*,*,#2603,.F.);
#3502=ORIENTED_EDGE('',*,*,#2604,.F.);
#3503=ORIENTED_EDGE('',*,*,#2287,.T.);
#3504=ORIENTED_EDGE('',*,*,#2604,.T.);
#3505=ORIENTED_EDGE('',*,*,#2605,.F.);
#3506=ORIENTED_EDGE('',*,*,#2606,.F.);
#3507=ORIENTED_EDGE('',*,*,#2288,.T.);
#3508=ORIENTED_EDGE('',*,*,#2606,.T.);
#3509=ORIENTED_EDGE('',*,*,#2607,.F.);
#3510=ORIENTED_EDGE('',*,*,#2608,.F.);
#3511=ORIENTED_EDGE('',*,*,#2289,.T.);
#3512=ORIENTED_EDGE('',*,*,#2608,.T.);
#3513=ORIENTED_EDGE('',*,*,#2609,.F.);
#3514=ORIENTED_EDGE('',*,*,#2610,.F.);
#3515=ORIENTED_EDGE('',*,*,#2290,.T.);
#3516=ORIENTED_EDGE('',*,*,#2610,.T.);
#3517=ORIENTED_EDGE('',*,*,#2611,.F.);
#3518=ORIENTED_EDGE('',*,*,#2612,.F.);
#3519=ORIENTED_EDGE('',*,*,#2291,.T.);
#3520=ORIENTED_EDGE('',*,*,#2612,.T.);
#3521=ORIENTED_EDGE('',*,*,#2613,.F.);
#3522=ORIENTED_EDGE('',*,*,#2614,.F.);
#3523=ORIENTED_EDGE('',*,*,#2292,.T.);
#3524=ORIENTED_EDGE('',*,*,#2614,.T.);
#3525=ORIENTED_EDGE('',*,*,#2615,.F.);
#3526=ORIENTED_EDGE('',*,*,#2616,.F.);
#3527=ORIENTED_EDGE('',*,*,#2293,.T.);
#3528=ORIENTED_EDGE('',*,*,#2616,.T.);
#3529=ORIENTED_EDGE('',*,*,#2617,.F.);
#3530=ORIENTED_EDGE('',*,*,#2618,.F.);
#3531=ORIENTED_EDGE('',*,*,#2294,.T.);
#3532=ORIENTED_EDGE('',*,*,#2618,.T.);
#3533=ORIENTED_EDGE('',*,*,#2619,.F.);
#3534=ORIENTED_EDGE('',*,*,#2620,.F.);
#3535=ORIENTED_EDGE('',*,*,#2295,.T.);
#3536=ORIENTED_EDGE('',*,*,#2620,.T.);
#3537=ORIENTED_EDGE('',*,*,#2621,.F.);
#3538=ORIENTED_EDGE('',*,*,#2622,.F.);
#3539=ORIENTED_EDGE('',*,*,#2296,.T.);
#3540=ORIENTED_EDGE('',*,*,#2622,.T.);
#3541=ORIENTED_EDGE('',*,*,#2623,.F.);
#3542=ORIENTED_EDGE('',*,*,#2624,.F.);
#3543=ORIENTED_EDGE('',*,*,#2297,.T.);
#3544=ORIENTED_EDGE('',*,*,#2624,.T.);
#3545=ORIENTED_EDGE('',*,*,#2625,.F.);
#3546=ORIENTED_EDGE('',*,*,#2626,.F.);
#3547=ORIENTED_EDGE('',*,*,#2298,.T.);
#3548=ORIENTED_EDGE('',*,*,#2626,.T.);
#3549=ORIENTED_EDGE('',*,*,#2627,.F.);
#3550=ORIENTED_EDGE('',*,*,#2628,.F.);
#3551=ORIENTED_EDGE('',*,*,#2299,.T.);
#3552=ORIENTED_EDGE('',*,*,#2628,.T.);
#3553=ORIENTED_EDGE('',*,*,#2629,.F.);
#3554=ORIENTED_EDGE('',*,*,#2630,.F.);
#3555=ORIENTED_EDGE('',*,*,#2300,.T.);
#3556=ORIENTED_EDGE('',*,*,#2630,.T.);
#3557=ORIENTED_EDGE('',*,*,#2631,.F.);
#3558=ORIENTED_EDGE('',*,*,#2632,.F.);
#3559=ORIENTED_EDGE('',*,*,#2301,.T.);
#3560=ORIENTED_EDGE('',*,*,#2632,.T.);
#3561=ORIENTED_EDGE('',*,*,#2633,.F.);
#3562=ORIENTED_EDGE('',*,*,#2634,.F.);
#3563=ORIENTED_EDGE('',*,*,#2302,.T.);
#3564=ORIENTED_EDGE('',*,*,#2634,.T.);
#3565=ORIENTED_EDGE('',*,*,#2635,.F.);
#3566=ORIENTED_EDGE('',*,*,#2636,.F.);
#3567=ORIENTED_EDGE('',*,*,#2303,.T.);
#3568=ORIENTED_EDGE('',*,*,#2636,.T.);
#3569=ORIENTED_EDGE('',*,*,#2637,.F.);
#3570=ORIENTED_EDGE('',*,*,#2638,.F.);
#3571=ORIENTED_EDGE('',*,*,#2304,.T.);
#3572=ORIENTED_EDGE('',*,*,#2638,.T.);
#3573=ORIENTED_EDGE('',*,*,#2639,.F.);
#3574=ORIENTED_EDGE('',*,*,#2640,.F.);
#3575=ORIENTED_EDGE('',*,*,#2305,.T.);
#3576=ORIENTED_EDGE('',*,*,#2640,.T.);
#3577=ORIENTED_EDGE('',*,*,#2641,.F.);
#3578=ORIENTED_EDGE('',*,*,#2642,.F.);
#3579=ORIENTED_EDGE('',*,*,#2306,.T.);
#3580=ORIENTED_EDGE('',*,*,#2642,.T.);
#3581=ORIENTED_EDGE('',*,*,#2643,.F.);
#3582=ORIENTED_EDGE('',*,*,#2644,.F.);
#3583=ORIENTED_EDGE('',*,*,#2307,.T.);
#3584=ORIENTED_EDGE('',*,*,#2644,.T.);
#3585=ORIENTED_EDGE('',*,*,#2645,.F.);
#3586=ORIENTED_EDGE('',*,*,#2646,.F.);
#3587=ORIENTED_EDGE('',*,*,#2308,.T.);
#3588=ORIENTED_EDGE('',*,*,#2646,.T.);
#3589=ORIENTED_EDGE('',*,*,#2647,.F.);
#3590=ORIENTED_EDGE('',*,*,#2648,.F.);
#3591=ORIENTED_EDGE('',*,*,#2309,.T.);
#3592=ORIENTED_EDGE('',*,*,#2648,.T.);
#3593=ORIENTED_EDGE('',*,*,#2649,.F.);
#3594=ORIENTED_EDGE('',*,*,#2650,.F.);
#3595=ORIENTED_EDGE('',*,*,#2310,.T.);
#3596=ORIENTED_EDGE('',*,*,#2650,.T.);
#3597=ORIENTED_EDGE('',*,*,#2651,.F.);
#3598=ORIENTED_EDGE('',*,*,#2652,.F.);
#3599=ORIENTED_EDGE('',*,*,#2311,.T.);
#3600=ORIENTED_EDGE('',*,*,#2652,.T.);
#3601=ORIENTED_EDGE('',*,*,#2653,.F.);
#3602=ORIENTED_EDGE('',*,*,#2654,.F.);
#3603=ORIENTED_EDGE('',*,*,#2312,.T.);
#3604=ORIENTED_EDGE('',*,*,#2654,.T.);
#3605=ORIENTED_EDGE('',*,*,#2655,.F.);
#3606=ORIENTED_EDGE('',*,*,#2656,.F.);
#3607=ORIENTED_EDGE('',*,*,#2313,.T.);
#3608=ORIENTED_EDGE('',*,*,#2656,.T.);
#3609=ORIENTED_EDGE('',*,*,#2657,.F.);
#3610=ORIENTED_EDGE('',*,*,#2658,.F.);
#3611=ORIENTED_EDGE('',*,*,#2314,.T.);
#3612=ORIENTED_EDGE('',*,*,#2658,.T.);
#3613=ORIENTED_EDGE('',*,*,#2659,.F.);
#3614=ORIENTED_EDGE('',*,*,#2660,.F.);
#3615=ORIENTED_EDGE('',*,*,#2315,.T.);
#3616=ORIENTED_EDGE('',*,*,#2660,.T.);
#3617=ORIENTED_EDGE('',*,*,#2661,.F.);
#3618=ORIENTED_EDGE('',*,*,#2662,.F.);
#3619=ORIENTED_EDGE('',*,*,#2316,.T.);
#3620=ORIENTED_EDGE('',*,*,#2662,.T.);
#3621=ORIENTED_EDGE('',*,*,#2663,.F.);
#3622=ORIENTED_EDGE('',*,*,#2664,.F.);
#3623=ORIENTED_EDGE('',*,*,#2317,.T.);
#3624=ORIENTED_EDGE('',*,*,#2664,.T.);
#3625=ORIENTED_EDGE('',*,*,#2665,.F.);
#3626=ORIENTED_EDGE('',*,*,#2666,.F.);
#3627=ORIENTED_EDGE('',*,*,#2318,.T.);
#3628=ORIENTED_EDGE('',*,*,#2666,.T.);
#3629=ORIENTED_EDGE('',*,*,#2667,.F.);
#3630=ORIENTED_EDGE('',*,*,#2668,.F.);
#3631=ORIENTED_EDGE('',*,*,#2319,.T.);
#3632=ORIENTED_EDGE('',*,*,#2668,.T.);
#3633=ORIENTED_EDGE('',*,*,#2669,.F.);
#3634=ORIENTED_EDGE('',*,*,#2670,.F.);
#3635=ORIENTED_EDGE('',*,*,#2320,.T.);
#3636=ORIENTED_EDGE('',*,*,#2670,.T.);
#3637=ORIENTED_EDGE('',*,*,#2671,.F.);
#3638=ORIENTED_EDGE('',*,*,#2672,.F.);
#3639=ORIENTED_EDGE('',*,*,#2321,.T.);
#3640=ORIENTED_EDGE('',*,*,#2672,.T.);
#3641=ORIENTED_EDGE('',*,*,#2673,.F.);
#3642=ORIENTED_EDGE('',*,*,#2674,.F.);
#3643=ORIENTED_EDGE('',*,*,#2322,.T.);
#3644=ORIENTED_EDGE('',*,*,#2674,.T.);
#3645=ORIENTED_EDGE('',*,*,#2675,.F.);
#3646=ORIENTED_EDGE('',*,*,#2676,.F.);
#3647=ORIENTED_EDGE('',*,*,#2323,.T.);
#3648=ORIENTED_EDGE('',*,*,#2676,.T.);
#3649=ORIENTED_EDGE('',*,*,#2677,.F.);
#3650=ORIENTED_EDGE('',*,*,#2678,.F.);
#3651=ORIENTED_EDGE('',*,*,#2324,.T.);
#3652=ORIENTED_EDGE('',*,*,#2678,.T.);
#3653=ORIENTED_EDGE('',*,*,#2679,.F.);
#3654=ORIENTED_EDGE('',*,*,#2680,.F.);
#3655=ORIENTED_EDGE('',*,*,#2325,.T.);
#3656=ORIENTED_EDGE('',*,*,#2680,.T.);
#3657=ORIENTED_EDGE('',*,*,#2681,.F.);
#3658=ORIENTED_EDGE('',*,*,#2682,.F.);
#3659=ORIENTED_EDGE('',*,*,#2326,.T.);
#3660=ORIENTED_EDGE('',*,*,#2682,.T.);
#3661=ORIENTED_EDGE('',*,*,#2683,.F.);
#3662=ORIENTED_EDGE('',*,*,#2684,.F.);
#3663=ORIENTED_EDGE('',*,*,#2327,.T.);
#3664=ORIENTED_EDGE('',*,*,#2684,.T.);
#3665=ORIENTED_EDGE('',*,*,#2685,.F.);
#3666=ORIENTED_EDGE('',*,*,#2686,.F.);
#3667=ORIENTED_EDGE('',*,*,#2328,.T.);
#3668=ORIENTED_EDGE('',*,*,#2686,.T.);
#3669=ORIENTED_EDGE('',*,*,#2687,.F.);
#3670=ORIENTED_EDGE('',*,*,#2688,.F.);
#3671=ORIENTED_EDGE('',*,*,#2329,.T.);
#3672=ORIENTED_EDGE('',*,*,#2688,.T.);
#3673=ORIENTED_EDGE('',*,*,#2689,.F.);
#3674=ORIENTED_EDGE('',*,*,#2690,.F.);
#3675=ORIENTED_EDGE('',*,*,#2330,.T.);
#3676=ORIENTED_EDGE('',*,*,#2690,.T.);
#3677=ORIENTED_EDGE('',*,*,#2691,.F.);
#3678=ORIENTED_EDGE('',*,*,#2692,.F.);
#3679=ORIENTED_EDGE('',*,*,#2331,.T.);
#3680=ORIENTED_EDGE('',*,*,#2692,.T.);
#3681=ORIENTED_EDGE('',*,*,#2693,.F.);
#3682=ORIENTED_EDGE('',*,*,#2694,.F.);
#3683=ORIENTED_EDGE('',*,*,#2332,.T.);
#3684=ORIENTED_EDGE('',*,*,#2694,.T.);
#3685=ORIENTED_EDGE('',*,*,#2695,.F.);
#3686=ORIENTED_EDGE('',*,*,#2696,.F.);
#3687=ORIENTED_EDGE('',*,*,#2333,.T.);
#3688=ORIENTED_EDGE('',*,*,#2696,.T.);
#3689=ORIENTED_EDGE('',*,*,#2697,.F.);
#3690=ORIENTED_EDGE('',*,*,#2698,.F.);
#3691=ORIENTED_EDGE('',*,*,#2334,.T.);
#3692=ORIENTED_EDGE('',*,*,#2698,.T.);
#3693=ORIENTED_EDGE('',*,*,#2699,.F.);
#3694=ORIENTED_EDGE('',*,*,#2700,.F.);
#3695=ORIENTED_EDGE('',*,*,#2335,.T.);
#3696=ORIENTED_EDGE('',*,*,#2700,.T.);
#3697=ORIENTED_EDGE('',*,*,#2701,.F.);
#3698=ORIENTED_EDGE('',*,*,#2702,.F.);
#3699=ORIENTED_EDGE('',*,*,#2336,.T.);
#3700=ORIENTED_EDGE('',*,*,#2702,.T.);
#3701=ORIENTED_EDGE('',*,*,#2703,.F.);
#3702=ORIENTED_EDGE('',*,*,#2704,.F.);
#3703=ORIENTED_EDGE('',*,*,#2337,.T.);
#3704=ORIENTED_EDGE('',*,*,#2704,.T.);
#3705=ORIENTED_EDGE('',*,*,#2705,.F.);
#3706=ORIENTED_EDGE('',*,*,#2706,.F.);
#3707=ORIENTED_EDGE('',*,*,#2338,.T.);
#3708=ORIENTED_EDGE('',*,*,#2706,.T.);
#3709=ORIENTED_EDGE('',*,*,#2707,.F.);
#3710=ORIENTED_EDGE('',*,*,#2708,.F.);
#3711=ORIENTED_EDGE('',*,*,#2339,.T.);
#3712=ORIENTED_EDGE('',*,*,#2708,.T.);
#3713=ORIENTED_EDGE('',*,*,#2709,.F.);
#3714=ORIENTED_EDGE('',*,*,#2710,.F.);
#3715=ORIENTED_EDGE('',*,*,#2340,.T.);
#3716=ORIENTED_EDGE('',*,*,#2710,.T.);
#3717=ORIENTED_EDGE('',*,*,#2711,.F.);
#3718=ORIENTED_EDGE('',*,*,#2712,.F.);
#3719=ORIENTED_EDGE('',*,*,#2341,.T.);
#3720=ORIENTED_EDGE('',*,*,#2712,.T.);
#3721=ORIENTED_EDGE('',*,*,#2713,.F.);
#3722=ORIENTED_EDGE('',*,*,#2714,.F.);
#3723=ORIENTED_EDGE('',*,*,#2342,.T.);
#3724=ORIENTED_EDGE('',*,*,#2714,.T.);
#3725=ORIENTED_EDGE('',*,*,#2715,.F.);
#3726=ORIENTED_EDGE('',*,*,#2716,.F.);
#3727=ORIENTED_EDGE('',*,*,#2343,.T.);
#3728=ORIENTED_EDGE('',*,*,#2716,.T.);
#3729=ORIENTED_EDGE('',*,*,#2717,.F.);
#3730=ORIENTED_EDGE('',*,*,#2718,.F.);
#3731=ORIENTED_EDGE('',*,*,#2344,.T.);
#3732=ORIENTED_EDGE('',*,*,#2718,.T.);
#3733=ORIENTED_EDGE('',*,*,#2719,.F.);
#3734=ORIENTED_EDGE('',*,*,#2720,.F.);
#3735=ORIENTED_EDGE('',*,*,#2345,.T.);
#3736=ORIENTED_EDGE('',*,*,#2720,.T.);
#3737=ORIENTED_EDGE('',*,*,#2721,.F.);
#3738=ORIENTED_EDGE('',*,*,#2722,.F.);
#3739=ORIENTED_EDGE('',*,*,#2346,.T.);
#3740=ORIENTED_EDGE('',*,*,#2722,.T.);
#3741=ORIENTED_EDGE('',*,*,#2723,.F.);
#3742=ORIENTED_EDGE('',*,*,#2724,.F.);
#3743=ORIENTED_EDGE('',*,*,#2347,.T.);
#3744=ORIENTED_EDGE('',*,*,#2724,.T.);
#3745=ORIENTED_EDGE('',*,*,#2725,.F.);
#3746=ORIENTED_EDGE('',*,*,#2726,.F.);
#3747=ORIENTED_EDGE('',*,*,#2348,.T.);
#3748=ORIENTED_EDGE('',*,*,#2726,.T.);
#3749=ORIENTED_EDGE('',*,*,#2727,.F.);
#3750=ORIENTED_EDGE('',*,*,#2728,.F.);
#3751=ORIENTED_EDGE('',*,*,#2349,.T.);
#3752=ORIENTED_EDGE('',*,*,#2728,.T.);
#3753=ORIENTED_EDGE('',*,*,#2729,.F.);
#3754=ORIENTED_EDGE('',*,*,#2730,.F.);
#3755=ORIENTED_EDGE('',*,*,#2350,.T.);
#3756=ORIENTED_EDGE('',*,*,#2730,.T.);
#3757=ORIENTED_EDGE('',*,*,#2731,.F.);
#3758=ORIENTED_EDGE('',*,*,#2732,.F.);
#3759=ORIENTED_EDGE('',*,*,#2351,.T.);
#3760=ORIENTED_EDGE('',*,*,#2732,.T.);
#3761=ORIENTED_EDGE('',*,*,#2733,.F.);
#3762=ORIENTED_EDGE('',*,*,#2734,.F.);
#3763=ORIENTED_EDGE('',*,*,#2352,.T.);
#3764=ORIENTED_EDGE('',*,*,#2734,.T.);
#3765=ORIENTED_EDGE('',*,*,#2735,.F.);
#3766=ORIENTED_EDGE('',*,*,#2736,.F.);
#3767=ORIENTED_EDGE('',*,*,#2353,.T.);
#3768=ORIENTED_EDGE('',*,*,#2736,.T.);
#3769=ORIENTED_EDGE('',*,*,#2737,.F.);
#3770=ORIENTED_EDGE('',*,*,#2738,.F.);
#3771=ORIENTED_EDGE('',*,*,#2354,.T.);
#3772=ORIENTED_EDGE('',*,*,#2738,.T.);
#3773=ORIENTED_EDGE('',*,*,#2739,.F.);
#3774=ORIENTED_EDGE('',*,*,#2740,.F.);
#3775=ORIENTED_EDGE('',*,*,#2355,.T.);
#3776=ORIENTED_EDGE('',*,*,#2740,.T.);
#3777=ORIENTED_EDGE('',*,*,#2741,.F.);
#3778=ORIENTED_EDGE('',*,*,#2742,.F.);
#3779=ORIENTED_EDGE('',*,*,#2356,.T.);
#3780=ORIENTED_EDGE('',*,*,#2742,.T.);
#3781=ORIENTED_EDGE('',*,*,#2743,.F.);
#3782=ORIENTED_EDGE('',*,*,#2160,.T.);
#3783=ORIENTED_EDGE('',*,*,#2137,.F.);
#3784=ORIENTED_EDGE('',*,*,#2744,.F.);
#3785=ORIENTED_EDGE('',*,*,#2154,.F.);
#3786=ORIENTED_EDGE('',*,*,#2142,.T.);
#3787=ORIENTED_EDGE('',*,*,#2128,.T.);
#3788=ORIENTED_EDGE('',*,*,#2121,.T.);
#3789=ORIENTED_EDGE('',*,*,#2125,.T.);
#3790=ORIENTED_EDGE('',*,*,#2132,.T.);
#3791=ORIENTED_EDGE('',*,*,#2744,.T.);
#3792=ORIENTED_EDGE('',*,*,#2140,.F.);
#3793=ORIENTED_EDGE('',*,*,#2745,.F.);
#3794=ORIENTED_EDGE('',*,*,#2155,.F.);
#3795=ORIENTED_EDGE('',*,*,#2745,.T.);
#3796=ORIENTED_EDGE('',*,*,#2139,.F.);
#3797=ORIENTED_EDGE('',*,*,#2159,.F.);
#3798=ORIENTED_EDGE('',*,*,#2163,.F.);
#3799=ORIENTED_EDGE('',*,*,#2357,.F.);
#3800=ORIENTED_EDGE('',*,*,#2156,.F.);
#3801=ORIENTED_EDGE('',*,*,#2127,.T.);
#3802=ORIENTED_EDGE('',*,*,#2131,.T.);
#3803=ORIENTED_EDGE('',*,*,#2123,.T.);
#3804=ORIENTED_EDGE('',*,*,#2119,.T.);
#3805=ORIENTED_EDGE('',*,*,#2157,.T.);
#3806=ORIENTED_EDGE('',*,*,#2743,.T.);
#3807=ORIENTED_EDGE('',*,*,#2741,.T.);
#3808=ORIENTED_EDGE('',*,*,#2739,.T.);
#3809=ORIENTED_EDGE('',*,*,#2737,.T.);
#3810=ORIENTED_EDGE('',*,*,#2735,.T.);
#3811=ORIENTED_EDGE('',*,*,#2733,.T.);
#3812=ORIENTED_EDGE('',*,*,#2731,.T.);
#3813=ORIENTED_EDGE('',*,*,#2729,.T.);
#3814=ORIENTED_EDGE('',*,*,#2727,.T.);
#3815=ORIENTED_EDGE('',*,*,#2725,.T.);
#3816=ORIENTED_EDGE('',*,*,#2723,.T.);
#3817=ORIENTED_EDGE('',*,*,#2721,.T.);
#3818=ORIENTED_EDGE('',*,*,#2719,.T.);
#3819=ORIENTED_EDGE('',*,*,#2717,.T.);
#3820=ORIENTED_EDGE('',*,*,#2715,.T.);
#3821=ORIENTED_EDGE('',*,*,#2713,.T.);
#3822=ORIENTED_EDGE('',*,*,#2711,.T.);
#3823=ORIENTED_EDGE('',*,*,#2709,.T.);
#3824=ORIENTED_EDGE('',*,*,#2707,.T.);
#3825=ORIENTED_EDGE('',*,*,#2705,.T.);
#3826=ORIENTED_EDGE('',*,*,#2703,.T.);
#3827=ORIENTED_EDGE('',*,*,#2701,.T.);
#3828=ORIENTED_EDGE('',*,*,#2699,.T.);
#3829=ORIENTED_EDGE('',*,*,#2697,.T.);
#3830=ORIENTED_EDGE('',*,*,#2695,.T.);
#3831=ORIENTED_EDGE('',*,*,#2693,.T.);
#3832=ORIENTED_EDGE('',*,*,#2691,.T.);
#3833=ORIENTED_EDGE('',*,*,#2689,.T.);
#3834=ORIENTED_EDGE('',*,*,#2687,.T.);
#3835=ORIENTED_EDGE('',*,*,#2685,.T.);
#3836=ORIENTED_EDGE('',*,*,#2683,.T.);
#3837=ORIENTED_EDGE('',*,*,#2681,.T.);
#3838=ORIENTED_EDGE('',*,*,#2679,.T.);
#3839=ORIENTED_EDGE('',*,*,#2677,.T.);
#3840=ORIENTED_EDGE('',*,*,#2675,.T.);
#3841=ORIENTED_EDGE('',*,*,#2673,.T.);
#3842=ORIENTED_EDGE('',*,*,#2671,.T.);
#3843=ORIENTED_EDGE('',*,*,#2669,.T.);
#3844=ORIENTED_EDGE('',*,*,#2667,.T.);
#3845=ORIENTED_EDGE('',*,*,#2665,.T.);
#3846=ORIENTED_EDGE('',*,*,#2663,.T.);
#3847=ORIENTED_EDGE('',*,*,#2661,.T.);
#3848=ORIENTED_EDGE('',*,*,#2659,.T.);
#3849=ORIENTED_EDGE('',*,*,#2657,.T.);
#3850=ORIENTED_EDGE('',*,*,#2655,.T.);
#3851=ORIENTED_EDGE('',*,*,#2653,.T.);
#3852=ORIENTED_EDGE('',*,*,#2651,.T.);
#3853=ORIENTED_EDGE('',*,*,#2649,.T.);
#3854=ORIENTED_EDGE('',*,*,#2647,.T.);
#3855=ORIENTED_EDGE('',*,*,#2645,.T.);
#3856=ORIENTED_EDGE('',*,*,#2643,.T.);
#3857=ORIENTED_EDGE('',*,*,#2641,.T.);
#3858=ORIENTED_EDGE('',*,*,#2639,.T.);
#3859=ORIENTED_EDGE('',*,*,#2637,.T.);
#3860=ORIENTED_EDGE('',*,*,#2635,.T.);
#3861=ORIENTED_EDGE('',*,*,#2633,.T.);
#3862=ORIENTED_EDGE('',*,*,#2631,.T.);
#3863=ORIENTED_EDGE('',*,*,#2629,.T.);
#3864=ORIENTED_EDGE('',*,*,#2627,.T.);
#3865=ORIENTED_EDGE('',*,*,#2625,.T.);
#3866=ORIENTED_EDGE('',*,*,#2623,.T.);
#3867=ORIENTED_EDGE('',*,*,#2621,.T.);
#3868=ORIENTED_EDGE('',*,*,#2619,.T.);
#3869=ORIENTED_EDGE('',*,*,#2617,.T.);
#3870=ORIENTED_EDGE('',*,*,#2615,.T.);
#3871=ORIENTED_EDGE('',*,*,#2613,.T.);
#3872=ORIENTED_EDGE('',*,*,#2611,.T.);
#3873=ORIENTED_EDGE('',*,*,#2609,.T.);
#3874=ORIENTED_EDGE('',*,*,#2607,.T.);
#3875=ORIENTED_EDGE('',*,*,#2605,.T.);
#3876=ORIENTED_EDGE('',*,*,#2603,.T.);
#3877=ORIENTED_EDGE('',*,*,#2601,.T.);
#3878=ORIENTED_EDGE('',*,*,#2599,.T.);
#3879=ORIENTED_EDGE('',*,*,#2597,.T.);
#3880=ORIENTED_EDGE('',*,*,#2595,.T.);
#3881=ORIENTED_EDGE('',*,*,#2593,.T.);
#3882=ORIENTED_EDGE('',*,*,#2591,.T.);
#3883=ORIENTED_EDGE('',*,*,#2589,.T.);
#3884=ORIENTED_EDGE('',*,*,#2587,.T.);
#3885=ORIENTED_EDGE('',*,*,#2585,.T.);
#3886=ORIENTED_EDGE('',*,*,#2583,.T.);
#3887=ORIENTED_EDGE('',*,*,#2581,.T.);
#3888=ORIENTED_EDGE('',*,*,#2579,.T.);
#3889=ORIENTED_EDGE('',*,*,#2577,.T.);
#3890=ORIENTED_EDGE('',*,*,#2575,.T.);
#3891=ORIENTED_EDGE('',*,*,#2573,.T.);
#3892=ORIENTED_EDGE('',*,*,#2571,.T.);
#3893=ORIENTED_EDGE('',*,*,#2569,.T.);
#3894=ORIENTED_EDGE('',*,*,#2567,.T.);
#3895=ORIENTED_EDGE('',*,*,#2565,.T.);
#3896=ORIENTED_EDGE('',*,*,#2563,.T.);
#3897=ORIENTED_EDGE('',*,*,#2561,.T.);
#3898=ORIENTED_EDGE('',*,*,#2559,.T.);
#3899=ORIENTED_EDGE('',*,*,#2557,.T.);
#3900=ORIENTED_EDGE('',*,*,#2555,.T.);
#3901=ORIENTED_EDGE('',*,*,#2553,.T.);
#3902=ORIENTED_EDGE('',*,*,#2551,.T.);
#3903=ORIENTED_EDGE('',*,*,#2549,.T.);
#3904=ORIENTED_EDGE('',*,*,#2547,.T.);
#3905=ORIENTED_EDGE('',*,*,#2545,.T.);
#3906=ORIENTED_EDGE('',*,*,#2543,.T.);
#3907=ORIENTED_EDGE('',*,*,#2541,.T.);
#3908=ORIENTED_EDGE('',*,*,#2539,.T.);
#3909=ORIENTED_EDGE('',*,*,#2537,.T.);
#3910=ORIENTED_EDGE('',*,*,#2535,.T.);
#3911=ORIENTED_EDGE('',*,*,#2533,.T.);
#3912=ORIENTED_EDGE('',*,*,#2531,.T.);
#3913=ORIENTED_EDGE('',*,*,#2529,.T.);
#3914=ORIENTED_EDGE('',*,*,#2527,.T.);
#3915=ORIENTED_EDGE('',*,*,#2525,.T.);
#3916=ORIENTED_EDGE('',*,*,#2523,.T.);
#3917=ORIENTED_EDGE('',*,*,#2521,.T.);
#3918=ORIENTED_EDGE('',*,*,#2519,.T.);
#3919=ORIENTED_EDGE('',*,*,#2517,.T.);
#3920=ORIENTED_EDGE('',*,*,#2515,.T.);
#3921=ORIENTED_EDGE('',*,*,#2513,.T.);
#3922=ORIENTED_EDGE('',*,*,#2511,.T.);
#3923=ORIENTED_EDGE('',*,*,#2509,.T.);
#3924=ORIENTED_EDGE('',*,*,#2507,.T.);
#3925=ORIENTED_EDGE('',*,*,#2505,.T.);
#3926=ORIENTED_EDGE('',*,*,#2503,.T.);
#3927=ORIENTED_EDGE('',*,*,#2501,.T.);
#3928=ORIENTED_EDGE('',*,*,#2499,.T.);
#3929=ORIENTED_EDGE('',*,*,#2497,.T.);
#3930=ORIENTED_EDGE('',*,*,#2495,.T.);
#3931=ORIENTED_EDGE('',*,*,#2493,.T.);
#3932=ORIENTED_EDGE('',*,*,#2491,.T.);
#3933=ORIENTED_EDGE('',*,*,#2489,.T.);
#3934=ORIENTED_EDGE('',*,*,#2487,.T.);
#3935=ORIENTED_EDGE('',*,*,#2485,.T.);
#3936=ORIENTED_EDGE('',*,*,#2483,.T.);
#3937=ORIENTED_EDGE('',*,*,#2481,.T.);
#3938=ORIENTED_EDGE('',*,*,#2479,.T.);
#3939=ORIENTED_EDGE('',*,*,#2477,.T.);
#3940=ORIENTED_EDGE('',*,*,#2475,.T.);
#3941=ORIENTED_EDGE('',*,*,#2473,.T.);
#3942=ORIENTED_EDGE('',*,*,#2471,.T.);
#3943=ORIENTED_EDGE('',*,*,#2469,.T.);
#3944=ORIENTED_EDGE('',*,*,#2467,.T.);
#3945=ORIENTED_EDGE('',*,*,#2465,.T.);
#3946=ORIENTED_EDGE('',*,*,#2463,.T.);
#3947=ORIENTED_EDGE('',*,*,#2461,.T.);
#3948=ORIENTED_EDGE('',*,*,#2459,.T.);
#3949=ORIENTED_EDGE('',*,*,#2457,.T.);
#3950=ORIENTED_EDGE('',*,*,#2455,.T.);
#3951=ORIENTED_EDGE('',*,*,#2453,.T.);
#3952=ORIENTED_EDGE('',*,*,#2451,.T.);
#3953=ORIENTED_EDGE('',*,*,#2449,.T.);
#3954=ORIENTED_EDGE('',*,*,#2447,.T.);
#3955=ORIENTED_EDGE('',*,*,#2445,.T.);
#3956=ORIENTED_EDGE('',*,*,#2443,.T.);
#3957=ORIENTED_EDGE('',*,*,#2441,.T.);
#3958=ORIENTED_EDGE('',*,*,#2439,.T.);
#3959=ORIENTED_EDGE('',*,*,#2437,.T.);
#3960=ORIENTED_EDGE('',*,*,#2435,.T.);
#3961=ORIENTED_EDGE('',*,*,#2433,.T.);
#3962=ORIENTED_EDGE('',*,*,#2431,.T.);
#3963=ORIENTED_EDGE('',*,*,#2429,.T.);
#3964=ORIENTED_EDGE('',*,*,#2427,.T.);
#3965=ORIENTED_EDGE('',*,*,#2425,.T.);
#3966=ORIENTED_EDGE('',*,*,#2423,.T.);
#3967=ORIENTED_EDGE('',*,*,#2421,.T.);
#3968=ORIENTED_EDGE('',*,*,#2419,.T.);
#3969=ORIENTED_EDGE('',*,*,#2417,.T.);
#3970=ORIENTED_EDGE('',*,*,#2415,.T.);
#3971=ORIENTED_EDGE('',*,*,#2413,.T.);
#3972=ORIENTED_EDGE('',*,*,#2411,.T.);
#3973=ORIENTED_EDGE('',*,*,#2409,.T.);
#3974=ORIENTED_EDGE('',*,*,#2407,.T.);
#3975=ORIENTED_EDGE('',*,*,#2405,.T.);
#3976=ORIENTED_EDGE('',*,*,#2403,.T.);
#3977=ORIENTED_EDGE('',*,*,#2401,.T.);
#3978=ORIENTED_EDGE('',*,*,#2399,.T.);
#3979=ORIENTED_EDGE('',*,*,#2397,.T.);
#3980=ORIENTED_EDGE('',*,*,#2395,.T.);
#3981=ORIENTED_EDGE('',*,*,#2393,.T.);
#3982=ORIENTED_EDGE('',*,*,#2391,.T.);
#3983=ORIENTED_EDGE('',*,*,#2389,.T.);
#3984=ORIENTED_EDGE('',*,*,#2387,.T.);
#3985=ORIENTED_EDGE('',*,*,#2385,.T.);
#3986=ORIENTED_EDGE('',*,*,#2383,.T.);
#3987=ORIENTED_EDGE('',*,*,#2381,.T.);
#3988=ORIENTED_EDGE('',*,*,#2379,.T.);
#3989=ORIENTED_EDGE('',*,*,#2377,.T.);
#3990=ORIENTED_EDGE('',*,*,#2375,.T.);
#3991=ORIENTED_EDGE('',*,*,#2373,.T.);
#3992=ORIENTED_EDGE('',*,*,#2371,.T.);
#3993=ORIENTED_EDGE('',*,*,#2369,.T.);
#3994=ORIENTED_EDGE('',*,*,#2367,.T.);
#3995=ORIENTED_EDGE('',*,*,#2365,.T.);
#3996=ORIENTED_EDGE('',*,*,#2363,.T.);
#3997=ORIENTED_EDGE('',*,*,#2361,.T.);
#3998=ORIENTED_EDGE('',*,*,#2359,.T.);
#3999=ORIENTED_EDGE('',*,*,#2148,.T.);
#4000=PLANE('',#4443);
#4001=PLANE('',#4444);
#4002=PLANE('',#4446);
#4003=PLANE('',#4448);
#4004=PLANE('',#4453);
#4005=PLANE('',#4454);
#4006=PLANE('',#4455);
#4007=PLANE('',#4456);
#4008=PLANE('',#4457);
#4009=PLANE('',#4458);
#4010=PLANE('',#4459);
#4011=PLANE('',#4460);
#4012=PLANE('',#4461);
#4013=PLANE('',#4462);
#4014=PLANE('',#4463);
#4015=PLANE('',#4464);
#4016=PLANE('',#4465);
#4017=PLANE('',#4466);
#4018=PLANE('',#4467);
#4019=PLANE('',#4468);
#4020=PLANE('',#4469);
#4021=PLANE('',#4470);
#4022=PLANE('',#4471);
#4023=PLANE('',#4472);
#4024=PLANE('',#4473);
#4025=PLANE('',#4474);
#4026=PLANE('',#4475);
#4027=PLANE('',#4476);
#4028=PLANE('',#4477);
#4029=PLANE('',#4478);
#4030=PLANE('',#4479);
#4031=PLANE('',#4480);
#4032=PLANE('',#4481);
#4033=PLANE('',#4482);
#4034=PLANE('',#4483);
#4035=PLANE('',#4484);
#4036=PLANE('',#4485);
#4037=PLANE('',#4486);
#4038=PLANE('',#4487);
#4039=PLANE('',#4488);
#4040=PLANE('',#4489);
#4041=PLANE('',#4490);
#4042=PLANE('',#4491);
#4043=PLANE('',#4492);
#4044=PLANE('',#4493);
#4045=PLANE('',#4494);
#4046=PLANE('',#4495);
#4047=PLANE('',#4496);
#4048=PLANE('',#4497);
#4049=PLANE('',#4498);
#4050=PLANE('',#4499);
#4051=PLANE('',#4500);
#4052=PLANE('',#4501);
#4053=PLANE('',#4502);
#4054=PLANE('',#4503);
#4055=PLANE('',#4504);
#4056=PLANE('',#4505);
#4057=PLANE('',#4506);
#4058=PLANE('',#4507);
#4059=PLANE('',#4508);
#4060=PLANE('',#4509);
#4061=PLANE('',#4510);
#4062=PLANE('',#4511);
#4063=PLANE('',#4512);
#4064=PLANE('',#4513);
#4065=PLANE('',#4514);
#4066=PLANE('',#4515);
#4067=PLANE('',#4516);
#4068=PLANE('',#4517);
#4069=PLANE('',#4518);
#4070=PLANE('',#4519);
#4071=PLANE('',#4520);
#4072=PLANE('',#4521);
#4073=PLANE('',#4522);
#4074=PLANE('',#4523);
#4075=PLANE('',#4524);
#4076=PLANE('',#4525);
#4077=PLANE('',#4526);
#4078=PLANE('',#4527);
#4079=PLANE('',#4528);
#4080=PLANE('',#4529);
#4081=PLANE('',#4530);
#4082=PLANE('',#4531);
#4083=PLANE('',#4532);
#4084=PLANE('',#4533);
#4085=PLANE('',#4534);
#4086=PLANE('',#4535);
#4087=PLANE('',#4536);
#4088=PLANE('',#4537);
#4089=PLANE('',#4538);
#4090=PLANE('',#4539);
#4091=PLANE('',#4540);
#4092=PLANE('',#4541);
#4093=PLANE('',#4542);
#4094=PLANE('',#4543);
#4095=PLANE('',#4544);
#4096=PLANE('',#4545);
#4097=PLANE('',#4546);
#4098=PLANE('',#4547);
#4099=PLANE('',#4548);
#4100=PLANE('',#4549);
#4101=PLANE('',#4550);
#4102=PLANE('',#4551);
#4103=PLANE('',#4552);
#4104=PLANE('',#4553);
#4105=PLANE('',#4554);
#4106=PLANE('',#4555);
#4107=PLANE('',#4556);
#4108=PLANE('',#4557);
#4109=PLANE('',#4558);
#4110=PLANE('',#4559);
#4111=PLANE('',#4560);
#4112=PLANE('',#4561);
#4113=PLANE('',#4562);
#4114=PLANE('',#4563);
#4115=PLANE('',#4564);
#4116=PLANE('',#4565);
#4117=PLANE('',#4566);
#4118=PLANE('',#4567);
#4119=PLANE('',#4568);
#4120=PLANE('',#4569);
#4121=PLANE('',#4570);
#4122=PLANE('',#4571);
#4123=PLANE('',#4572);
#4124=PLANE('',#4573);
#4125=PLANE('',#4574);
#4126=PLANE('',#4575);
#4127=PLANE('',#4576);
#4128=PLANE('',#4577);
#4129=PLANE('',#4578);
#4130=PLANE('',#4579);
#4131=PLANE('',#4580);
#4132=PLANE('',#4581);
#4133=PLANE('',#4582);
#4134=PLANE('',#4583);
#4135=PLANE('',#4584);
#4136=PLANE('',#4585);
#4137=PLANE('',#4586);
#4138=PLANE('',#4587);
#4139=PLANE('',#4588);
#4140=PLANE('',#4589);
#4141=PLANE('',#4590);
#4142=PLANE('',#4591);
#4143=PLANE('',#4592);
#4144=PLANE('',#4593);
#4145=PLANE('',#4594);
#4146=PLANE('',#4595);
#4147=PLANE('',#4596);
#4148=PLANE('',#4597);
#4149=PLANE('',#4598);
#4150=PLANE('',#4599);
#4151=PLANE('',#4600);
#4152=PLANE('',#4601);
#4153=PLANE('',#4602);
#4154=PLANE('',#4603);
#4155=PLANE('',#4604);
#4156=PLANE('',#4605);
#4157=PLANE('',#4606);
#4158=PLANE('',#4607);
#4159=PLANE('',#4608);
#4160=PLANE('',#4609);
#4161=PLANE('',#4610);
#4162=PLANE('',#4611);
#4163=PLANE('',#4612);
#4164=PLANE('',#4613);
#4165=PLANE('',#4614);
#4166=PLANE('',#4615);
#4167=PLANE('',#4616);
#4168=PLANE('',#4617);
#4169=PLANE('',#4618);
#4170=PLANE('',#4619);
#4171=PLANE('',#4620);
#4172=PLANE('',#4621);
#4173=PLANE('',#4622);
#4174=PLANE('',#4623);
#4175=PLANE('',#4624);
#4176=PLANE('',#4625);
#4177=PLANE('',#4626);
#4178=PLANE('',#4627);
#4179=PLANE('',#4628);
#4180=PLANE('',#4629);
#4181=PLANE('',#4630);
#4182=PLANE('',#4631);
#4183=PLANE('',#4632);
#4184=PLANE('',#4633);
#4185=PLANE('',#4634);
#4186=PLANE('',#4635);
#4187=PLANE('',#4636);
#4188=PLANE('',#4637);
#4189=PLANE('',#4638);
#4190=PLANE('',#4639);
#4191=PLANE('',#4640);
#4192=PLANE('',#4641);
#4193=PLANE('',#4642);
#4194=PLANE('',#4643);
#4195=PLANE('',#4644);
#4196=PLANE('',#4645);
#4197=PLANE('',#4646);
#4198=PLANE('',#4647);
#4199=PLANE('',#4648);
#4200=PLANE('',#4649);
#4201=PLANE('',#4650);
#4202=PLANE('',#4651);
#4203=PLANE('',#4652);
#4204=PLANE('',#4653);
#4205=PLANE('',#4654);
#4206=PLANE('',#4655);
#4207=PLANE('',#4656);
#4208=PLANE('',#4657);
#4209=ADVANCED_FACE('',(#27),#4000,.F.);
#4210=ADVANCED_FACE('',(#28,#17),#4001,.F.);
#4211=ADVANCED_FACE('',(#29,#18),#4002,.F.);
#4212=ADVANCED_FACE('',(#30),#4003,.F.);
#4213=ADVANCED_FACE('',(#31),#15,.F.);
#4214=ADVANCED_FACE('',(#32),#16,.F.);
#4215=ADVANCED_FACE('',(#33,#19),#4004,.T.);
#4216=ADVANCED_FACE('',(#34),#4005,.T.);
#4217=ADVANCED_FACE('',(#35),#4006,.T.);
#4218=ADVANCED_FACE('',(#36),#4007,.T.);
#4219=ADVANCED_FACE('',(#37,#20),#4008,.T.);
#4220=ADVANCED_FACE('',(#38),#4009,.T.);
#4221=ADVANCED_FACE('',(#39),#4010,.T.);
#4222=ADVANCED_FACE('',(#40),#4011,.F.);
#4223=ADVANCED_FACE('',(#41),#4012,.T.);
#4224=ADVANCED_FACE('',(#42),#4013,.T.);
#4225=ADVANCED_FACE('',(#43),#4014,.T.);
#4226=ADVANCED_FACE('',(#44),#4015,.T.);
#4227=ADVANCED_FACE('',(#45),#4016,.T.);
#4228=ADVANCED_FACE('',(#46),#4017,.T.);
#4229=ADVANCED_FACE('',(#47),#4018,.T.);
#4230=ADVANCED_FACE('',(#48),#4019,.T.);
#4231=ADVANCED_FACE('',(#49),#4020,.T.);
#4232=ADVANCED_FACE('',(#50),#4021,.T.);
#4233=ADVANCED_FACE('',(#51),#4022,.T.);
#4234=ADVANCED_FACE('',(#52),#4023,.T.);
#4235=ADVANCED_FACE('',(#53),#4024,.T.);
#4236=ADVANCED_FACE('',(#54),#4025,.T.);
#4237=ADVANCED_FACE('',(#55),#4026,.T.);
#4238=ADVANCED_FACE('',(#56),#4027,.T.);
#4239=ADVANCED_FACE('',(#57),#4028,.T.);
#4240=ADVANCED_FACE('',(#58),#4029,.T.);
#4241=ADVANCED_FACE('',(#59),#4030,.T.);
#4242=ADVANCED_FACE('',(#60),#4031,.T.);
#4243=ADVANCED_FACE('',(#61),#4032,.T.);
#4244=ADVANCED_FACE('',(#62),#4033,.T.);
#4245=ADVANCED_FACE('',(#63),#4034,.T.);
#4246=ADVANCED_FACE('',(#64),#4035,.T.);
#4247=ADVANCED_FACE('',(#65),#4036,.T.);
#4248=ADVANCED_FACE('',(#66),#4037,.T.);
#4249=ADVANCED_FACE('',(#67),#4038,.T.);
#4250=ADVANCED_FACE('',(#68),#4039,.T.);
#4251=ADVANCED_FACE('',(#69),#4040,.T.);
#4252=ADVANCED_FACE('',(#70),#4041,.T.);
#4253=ADVANCED_FACE('',(#71),#4042,.T.);
#4254=ADVANCED_FACE('',(#72),#4043,.T.);
#4255=ADVANCED_FACE('',(#73),#4044,.T.);
#4256=ADVANCED_FACE('',(#74),#4045,.T.);
#4257=ADVANCED_FACE('',(#75),#4046,.T.);
#4258=ADVANCED_FACE('',(#76),#4047,.T.);
#4259=ADVANCED_FACE('',(#77),#4048,.T.);
#4260=ADVANCED_FACE('',(#78),#4049,.T.);
#4261=ADVANCED_FACE('',(#79),#4050,.T.);
#4262=ADVANCED_FACE('',(#80),#4051,.T.);
#4263=ADVANCED_FACE('',(#81),#4052,.T.);
#4264=ADVANCED_FACE('',(#82),#4053,.T.);
#4265=ADVANCED_FACE('',(#83),#4054,.T.);
#4266=ADVANCED_FACE('',(#84),#4055,.T.);
#4267=ADVANCED_FACE('',(#85),#4056,.T.);
#4268=ADVANCED_FACE('',(#86),#4057,.T.);
#4269=ADVANCED_FACE('',(#87),#4058,.T.);
#4270=ADVANCED_FACE('',(#88),#4059,.T.);
#4271=ADVANCED_FACE('',(#89),#4060,.T.);
#4272=ADVANCED_FACE('',(#90),#4061,.T.);
#4273=ADVANCED_FACE('',(#91),#4062,.T.);
#4274=ADVANCED_FACE('',(#92),#4063,.T.);
#4275=ADVANCED_FACE('',(#93),#4064,.T.);
#4276=ADVANCED_FACE('',(#94),#4065,.T.);
#4277=ADVANCED_FACE('',(#95),#4066,.T.);
#4278=ADVANCED_FACE('',(#96),#4067,.T.);
#4279=ADVANCED_FACE('',(#97),#4068,.T.);
#4280=ADVANCED_FACE('',(#98),#4069,.T.);
#4281=ADVANCED_FACE('',(#99),#4070,.T.);
#4282=ADVANCED_FACE('',(#100),#4071,.T.);
#4283=ADVANCED_FACE('',(#101),#4072,.T.);
#4284=ADVANCED_FACE('',(#102),#4073,.T.);
#4285=ADVANCED_FACE('',(#103),#4074,.T.);
#4286=ADVANCED_FACE('',(#104),#4075,.T.);
#4287=ADVANCED_FACE('',(#105),#4076,.T.);
#4288=ADVANCED_FACE('',(#106),#4077,.T.);
#4289=ADVANCED_FACE('',(#107),#4078,.T.);
#4290=ADVANCED_FACE('',(#108),#4079,.T.);
#4291=ADVANCED_FACE('',(#109),#4080,.T.);
#4292=ADVANCED_FACE('',(#110),#4081,.T.);
#4293=ADVANCED_FACE('',(#111),#4082,.T.);
#4294=ADVANCED_FACE('',(#112),#4083,.T.);
#4295=ADVANCED_FACE('',(#113),#4084,.T.);
#4296=ADVANCED_FACE('',(#114),#4085,.T.);
#4297=ADVANCED_FACE('',(#115),#4086,.T.);
#4298=ADVANCED_FACE('',(#116),#4087,.T.);
#4299=ADVANCED_FACE('',(#117),#4088,.T.);
#4300=ADVANCED_FACE('',(#118),#4089,.T.);
#4301=ADVANCED_FACE('',(#119),#4090,.T.);
#4302=ADVANCED_FACE('',(#120),#4091,.T.);
#4303=ADVANCED_FACE('',(#121),#4092,.T.);
#4304=ADVANCED_FACE('',(#122),#4093,.T.);
#4305=ADVANCED_FACE('',(#123),#4094,.T.);
#4306=ADVANCED_FACE('',(#124),#4095,.T.);
#4307=ADVANCED_FACE('',(#125),#4096,.T.);
#4308=ADVANCED_FACE('',(#126),#4097,.T.);
#4309=ADVANCED_FACE('',(#127),#4098,.T.);
#4310=ADVANCED_FACE('',(#128),#4099,.T.);
#4311=ADVANCED_FACE('',(#129),#4100,.T.);
#4312=ADVANCED_FACE('',(#130),#4101,.T.);
#4313=ADVANCED_FACE('',(#131),#4102,.T.);
#4314=ADVANCED_FACE('',(#132),#4103,.T.);
#4315=ADVANCED_FACE('',(#133),#4104,.T.);
#4316=ADVANCED_FACE('',(#134),#4105,.T.);
#4317=ADVANCED_FACE('',(#135),#4106,.T.);
#4318=ADVANCED_FACE('',(#136),#4107,.T.);
#4319=ADVANCED_FACE('',(#137),#4108,.T.);
#4320=ADVANCED_FACE('',(#138),#4109,.T.);
#4321=ADVANCED_FACE('',(#139),#4110,.T.);
#4322=ADVANCED_FACE('',(#140),#4111,.T.);
#4323=ADVANCED_FACE('',(#141),#4112,.T.);
#4324=ADVANCED_FACE('',(#142),#4113,.T.);
#4325=ADVANCED_FACE('',(#143),#4114,.T.);
#4326=ADVANCED_FACE('',(#144),#4115,.T.);
#4327=ADVANCED_FACE('',(#145),#4116,.T.);
#4328=ADVANCED_FACE('',(#146),#4117,.T.);
#4329=ADVANCED_FACE('',(#147),#4118,.T.);
#4330=ADVANCED_FACE('',(#148),#4119,.T.);
#4331=ADVANCED_FACE('',(#149),#4120,.T.);
#4332=ADVANCED_FACE('',(#150),#4121,.T.);
#4333=ADVANCED_FACE('',(#151),#4122,.T.);
#4334=ADVANCED_FACE('',(#152),#4123,.T.);
#4335=ADVANCED_FACE('',(#153),#4124,.T.);
#4336=ADVANCED_FACE('',(#154),#4125,.T.);
#4337=ADVANCED_FACE('',(#155),#4126,.T.);
#4338=ADVANCED_FACE('',(#156),#4127,.T.);
#4339=ADVANCED_FACE('',(#157),#4128,.T.);
#4340=ADVANCED_FACE('',(#158),#4129,.T.);
#4341=ADVANCED_FACE('',(#159),#4130,.T.);
#4342=ADVANCED_FACE('',(#160),#4131,.T.);
#4343=ADVANCED_FACE('',(#161),#4132,.T.);
#4344=ADVANCED_FACE('',(#162),#4133,.T.);
#4345=ADVANCED_FACE('',(#163),#4134,.T.);
#4346=ADVANCED_FACE('',(#164),#4135,.T.);
#4347=ADVANCED_FACE('',(#165),#4136,.T.);
#4348=ADVANCED_FACE('',(#166),#4137,.T.);
#4349=ADVANCED_FACE('',(#167),#4138,.T.);
#4350=ADVANCED_FACE('',(#168),#4139,.T.);
#4351=ADVANCED_FACE('',(#169),#4140,.T.);
#4352=ADVANCED_FACE('',(#170),#4141,.T.);
#4353=ADVANCED_FACE('',(#171),#4142,.T.);
#4354=ADVANCED_FACE('',(#172),#4143,.T.);
#4355=ADVANCED_FACE('',(#173),#4144,.T.);
#4356=ADVANCED_FACE('',(#174),#4145,.T.);
#4357=ADVANCED_FACE('',(#175),#4146,.T.);
#4358=ADVANCED_FACE('',(#176),#4147,.T.);
#4359=ADVANCED_FACE('',(#177),#4148,.T.);
#4360=ADVANCED_FACE('',(#178),#4149,.T.);
#4361=ADVANCED_FACE('',(#179),#4150,.T.);
#4362=ADVANCED_FACE('',(#180),#4151,.T.);
#4363=ADVANCED_FACE('',(#181),#4152,.T.);
#4364=ADVANCED_FACE('',(#182),#4153,.T.);
#4365=ADVANCED_FACE('',(#183),#4154,.T.);
#4366=ADVANCED_FACE('',(#184),#4155,.T.);
#4367=ADVANCED_FACE('',(#185),#4156,.T.);
#4368=ADVANCED_FACE('',(#186),#4157,.T.);
#4369=ADVANCED_FACE('',(#187),#4158,.T.);
#4370=ADVANCED_FACE('',(#188),#4159,.T.);
#4371=ADVANCED_FACE('',(#189),#4160,.T.);
#4372=ADVANCED_FACE('',(#190),#4161,.T.);
#4373=ADVANCED_FACE('',(#191),#4162,.T.);
#4374=ADVANCED_FACE('',(#192),#4163,.T.);
#4375=ADVANCED_FACE('',(#193),#4164,.T.);
#4376=ADVANCED_FACE('',(#194),#4165,.T.);
#4377=ADVANCED_FACE('',(#195),#4166,.T.);
#4378=ADVANCED_FACE('',(#196),#4167,.T.);
#4379=ADVANCED_FACE('',(#197),#4168,.T.);
#4380=ADVANCED_FACE('',(#198),#4169,.T.);
#4381=ADVANCED_FACE('',(#199),#4170,.T.);
#4382=ADVANCED_FACE('',(#200),#4171,.T.);
#4383=ADVANCED_FACE('',(#201),#4172,.T.);
#4384=ADVANCED_FACE('',(#202),#4173,.T.);
#4385=ADVANCED_FACE('',(#203),#4174,.T.);
#4386=ADVANCED_FACE('',(#204),#4175,.T.);
#4387=ADVANCED_FACE('',(#205),#4176,.T.);
#4388=ADVANCED_FACE('',(#206),#4177,.T.);
#4389=ADVANCED_FACE('',(#207),#4178,.T.);
#4390=ADVANCED_FACE('',(#208),#4179,.T.);
#4391=ADVANCED_FACE('',(#209),#4180,.T.);
#4392=ADVANCED_FACE('',(#210),#4181,.T.);
#4393=ADVANCED_FACE('',(#211),#4182,.T.);
#4394=ADVANCED_FACE('',(#212),#4183,.T.);
#4395=ADVANCED_FACE('',(#213),#4184,.T.);
#4396=ADVANCED_FACE('',(#214),#4185,.T.);
#4397=ADVANCED_FACE('',(#215),#4186,.T.);
#4398=ADVANCED_FACE('',(#216),#4187,.T.);
#4399=ADVANCED_FACE('',(#217),#4188,.T.);
#4400=ADVANCED_FACE('',(#218),#4189,.T.);
#4401=ADVANCED_FACE('',(#219),#4190,.T.);
#4402=ADVANCED_FACE('',(#220),#4191,.T.);
#4403=ADVANCED_FACE('',(#221),#4192,.T.);
#4404=ADVANCED_FACE('',(#222),#4193,.T.);
#4405=ADVANCED_FACE('',(#223),#4194,.T.);
#4406=ADVANCED_FACE('',(#224),#4195,.T.);
#4407=ADVANCED_FACE('',(#225),#4196,.T.);
#4408=ADVANCED_FACE('',(#226),#4197,.T.);
#4409=ADVANCED_FACE('',(#227),#4198,.T.);
#4410=ADVANCED_FACE('',(#228),#4199,.T.);
#4411=ADVANCED_FACE('',(#229),#4200,.T.);
#4412=ADVANCED_FACE('',(#230),#4201,.T.);
#4413=ADVANCED_FACE('',(#231),#4202,.T.);
#4414=ADVANCED_FACE('',(#232),#4203,.T.);
#4415=ADVANCED_FACE('',(#233),#4204,.T.);
#4416=ADVANCED_FACE('',(#234,#21),#4205,.T.);
#4417=ADVANCED_FACE('',(#235),#4206,.T.);
#4418=ADVANCED_FACE('',(#236,#22),#4207,.T.);
#4419=ADVANCED_FACE('',(#237),#4208,.T.);
#4420=CLOSED_SHELL('',(#4209,#4210,#4211,#4212,#4213,#4214,#4215,#4216,
#4217,#4218,#4219,#4220,#4221,#4222,#4223,#4224,#4225,#4226,#4227,#4228,
#4229,#4230,#4231,#4232,#4233,#4234,#4235,#4236,#4237,#4238,#4239,#4240,
#4241,#4242,#4243,#4244,#4245,#4246,#4247,#4248,#4249,#4250,#4251,#4252,
#4253,#4254,#4255,#4256,#4257,#4258,#4259,#4260,#4261,#4262,#4263,#4264,
#4265,#4266,#4267,#4268,#4269,#4270,#4271,#4272,#4273,#4274,#4275,#4276,
#4277,#4278,#4279,#4280,#4281,#4282,#4283,#4284,#4285,#4286,#4287,#4288,
#4289,#4290,#4291,#4292,#4293,#4294,#4295,#4296,#4297,#4298,#4299,#4300,
#4301,#4302,#4303,#4304,#4305,#4306,#4307,#4308,#4309,#4310,#4311,#4312,
#4313,#4314,#4315,#4316,#4317,#4318,#4319,#4320,#4321,#4322,#4323,#4324,
#4325,#4326,#4327,#4328,#4329,#4330,#4331,#4332,#4333,#4334,#4335,#4336,
#4337,#4338,#4339,#4340,#4341,#4342,#4343,#4344,#4345,#4346,#4347,#4348,
#4349,#4350,#4351,#4352,#4353,#4354,#4355,#4356,#4357,#4358,#4359,#4360,
#4361,#4362,#4363,#4364,#4365,#4366,#4367,#4368,#4369,#4370,#4371,#4372,
#4373,#4374,#4375,#4376,#4377,#4378,#4379,#4380,#4381,#4382,#4383,#4384,
#4385,#4386,#4387,#4388,#4389,#4390,#4391,#4392,#4393,#4394,#4395,#4396,
#4397,#4398,#4399,#4400,#4401,#4402,#4403,#4404,#4405,#4406,#4407,#4408,
#4409,#4410,#4411,#4412,#4413,#4414,#4415,#4416,#4417,#4418,#4419));
#4421=DERIVED_UNIT_ELEMENT(#4424,1.);
#4422=DERIVED_UNIT_ELEMENT(#6975,-3.);
#4423=DIMENSIONAL_EXPONENTS(0.,1.,0.,0.,0.,0.,0.);
#4424=(
CONVERSION_BASED_UNIT('gram',#4426)
MASS_UNIT()
NAMED_UNIT(#4423)
);
#4425=(
MASS_UNIT()
NAMED_UNIT(*)
SI_UNIT(.KILO.,.GRAM.)
);
#4426=MASS_MEASURE_WITH_UNIT(MASS_MEASURE(0.001),#4425);
#4427=DERIVED_UNIT((#4421,#4422));
#4428=MEASURE_REPRESENTATION_ITEM('density measure',
POSITIVE_RATIO_MEASURE(1.),#4427);
#4429=PROPERTY_DEFINITION_REPRESENTATION(#4434,#4431);
#4430=PROPERTY_DEFINITION_REPRESENTATION(#4435,#4432);
#4431=REPRESENTATION('material name',(#4433),#6972);
#4432=REPRESENTATION('density',(#4428),#6972);
#4433=DESCRIPTIVE_REPRESENTATION_ITEM('G\X\E9n\X\E9rique','G\X\E9n\X\E9
rique');
#4434=PROPERTY_DEFINITION('material property','material name',#6982);
#4435=PROPERTY_DEFINITION('material property','density of part',#6982);
#4436=DATE_TIME_ROLE('creation_date');
#4437=APPLIED_DATE_AND_TIME_ASSIGNMENT(#4438,#4436,(#6982));
#4438=DATE_AND_TIME(#4439,#4440);
#4439=CALENDAR_DATE(2025,30,3);
#4440=LOCAL_TIME(0,0,0.,#4441);
#4441=COORDINATED_UNIVERSAL_TIME_OFFSET(0,0,.BEHIND.);
#4442=AXIS2_PLACEMENT_3D('',#5713,#4658,#4659);
#4443=AXIS2_PLACEMENT_3D('',#5714,#4660,#4661);
#4444=AXIS2_PLACEMENT_3D('',#5723,#4666,#4667);
#4445=AXIS2_PLACEMENT_3D('',#5730,#4671,#4672);
#4446=AXIS2_PLACEMENT_3D('',#5731,#4673,#4674);
#4447=AXIS2_PLACEMENT_3D('',#5738,#4678,#4679);
#4448=AXIS2_PLACEMENT_3D('',#5739,#4680,#4681);
#4449=AXIS2_PLACEMENT_3D('',#5742,#4684,#4685);
#4450=AXIS2_PLACEMENT_3D('',#5744,#4686,#4687);
#4451=AXIS2_PLACEMENT_3D('',#5746,#4689,#4690);
#4452=AXIS2_PLACEMENT_3D('',#5749,#4692,#4693);
#4453=AXIS2_PLACEMENT_3D('',#5750,#4694,#4695);
#4454=AXIS2_PLACEMENT_3D('',#5759,#4700,#4701);
#4455=AXIS2_PLACEMENT_3D('',#5768,#4706,#4707);
#4456=AXIS2_PLACEMENT_3D('',#5774,#4711,#4712);
#4457=AXIS2_PLACEMENT_3D('',#5783,#4717,#4718);
#4458=AXIS2_PLACEMENT_3D('',#5793,#4724,#4725);
#4459=AXIS2_PLACEMENT_3D('',#5800,#4730,#4731);
#4460=AXIS2_PLACEMENT_3D('',#5806,#4735,#4736);
#4461=AXIS2_PLACEMENT_3D('',#6192,#4930,#4931);
#4462=AXIS2_PLACEMENT_3D('',#6195,#4934,#4935);
#4463=AXIS2_PLACEMENT_3D('',#6199,#4938,#4939);
#4464=AXIS2_PLACEMENT_3D('',#6203,#4942,#4943);
#4465=AXIS2_PLACEMENT_3D('',#6207,#4946,#4947);
#4466=AXIS2_PLACEMENT_3D('',#6211,#4950,#4951);
#4467=AXIS2_PLACEMENT_3D('',#6215,#4954,#4955);
#4468=AXIS2_PLACEMENT_3D('',#6219,#4958,#4959);
#4469=AXIS2_PLACEMENT_3D('',#6223,#4962,#4963);
#4470=AXIS2_PLACEMENT_3D('',#6227,#4966,#4967);
#4471=AXIS2_PLACEMENT_3D('',#6231,#4970,#4971);
#4472=AXIS2_PLACEMENT_3D('',#6235,#4974,#4975);
#4473=AXIS2_PLACEMENT_3D('',#6239,#4978,#4979);
#4474=AXIS2_PLACEMENT_3D('',#6243,#4982,#4983);
#4475=AXIS2_PLACEMENT_3D('',#6247,#4986,#4987);
#4476=AXIS2_PLACEMENT_3D('',#6251,#4990,#4991);
#4477=AXIS2_PLACEMENT_3D('',#6255,#4994,#4995);
#4478=AXIS2_PLACEMENT_3D('',#6259,#4998,#4999);
#4479=AXIS2_PLACEMENT_3D('',#6263,#5002,#5003);
#4480=AXIS2_PLACEMENT_3D('',#6267,#5006,#5007);
#4481=AXIS2_PLACEMENT_3D('',#6271,#5010,#5011);
#4482=AXIS2_PLACEMENT_3D('',#6275,#5014,#5015);
#4483=AXIS2_PLACEMENT_3D('',#6279,#5018,#5019);
#4484=AXIS2_PLACEMENT_3D('',#6283,#5022,#5023);
#4485=AXIS2_PLACEMENT_3D('',#6287,#5026,#5027);
#4486=AXIS2_PLACEMENT_3D('',#6291,#5030,#5031);
#4487=AXIS2_PLACEMENT_3D('',#6295,#5034,#5035);
#4488=AXIS2_PLACEMENT_3D('',#6299,#5038,#5039);
#4489=AXIS2_PLACEMENT_3D('',#6303,#5042,#5043);
#4490=AXIS2_PLACEMENT_3D('',#6307,#5046,#5047);
#4491=AXIS2_PLACEMENT_3D('',#6311,#5050,#5051);
#4492=AXIS2_PLACEMENT_3D('',#6315,#5054,#5055);
#4493=AXIS2_PLACEMENT_3D('',#6319,#5058,#5059);
#4494=AXIS2_PLACEMENT_3D('',#6323,#5062,#5063);
#4495=AXIS2_PLACEMENT_3D('',#6327,#5066,#5067);
#4496=AXIS2_PLACEMENT_3D('',#6331,#5070,#5071);
#4497=AXIS2_PLACEMENT_3D('',#6335,#5074,#5075);
#4498=AXIS2_PLACEMENT_3D('',#6339,#5078,#5079);
#4499=AXIS2_PLACEMENT_3D('',#6343,#5082,#5083);
#4500=AXIS2_PLACEMENT_3D('',#6347,#5086,#5087);
#4501=AXIS2_PLACEMENT_3D('',#6351,#5090,#5091);
#4502=AXIS2_PLACEMENT_3D('',#6355,#5094,#5095);
#4503=AXIS2_PLACEMENT_3D('',#6359,#5098,#5099);
#4504=AXIS2_PLACEMENT_3D('',#6363,#5102,#5103);
#4505=AXIS2_PLACEMENT_3D('',#6367,#5106,#5107);
#4506=AXIS2_PLACEMENT_3D('',#6371,#5110,#5111);
#4507=AXIS2_PLACEMENT_3D('',#6375,#5114,#5115);
#4508=AXIS2_PLACEMENT_3D('',#6379,#5118,#5119);
#4509=AXIS2_PLACEMENT_3D('',#6383,#5122,#5123);
#4510=AXIS2_PLACEMENT_3D('',#6387,#5126,#5127);
#4511=AXIS2_PLACEMENT_3D('',#6391,#5130,#5131);
#4512=AXIS2_PLACEMENT_3D('',#6395,#5134,#5135);
#4513=AXIS2_PLACEMENT_3D('',#6399,#5138,#5139);
#4514=AXIS2_PLACEMENT_3D('',#6403,#5142,#5143);
#4515=AXIS2_PLACEMENT_3D('',#6407,#5146,#5147);
#4516=AXIS2_PLACEMENT_3D('',#6411,#5150,#5151);
#4517=AXIS2_PLACEMENT_3D('',#6415,#5154,#5155);
#4518=AXIS2_PLACEMENT_3D('',#6419,#5158,#5159);
#4519=AXIS2_PLACEMENT_3D('',#6423,#5162,#5163);
#4520=AXIS2_PLACEMENT_3D('',#6427,#5166,#5167);
#4521=AXIS2_PLACEMENT_3D('',#6431,#5170,#5171);
#4522=AXIS2_PLACEMENT_3D('',#6435,#5174,#5175);
#4523=AXIS2_PLACEMENT_3D('',#6439,#5178,#5179);
#4524=AXIS2_PLACEMENT_3D('',#6443,#5182,#5183);
#4525=AXIS2_PLACEMENT_3D('',#6447,#5186,#5187);
#4526=AXIS2_PLACEMENT_3D('',#6451,#5190,#5191);
#4527=AXIS2_PLACEMENT_3D('',#6455,#5194,#5195);
#4528=AXIS2_PLACEMENT_3D('',#6459,#5198,#5199);
#4529=AXIS2_PLACEMENT_3D('',#6463,#5202,#5203);
#4530=AXIS2_PLACEMENT_3D('',#6467,#5206,#5207);
#4531=AXIS2_PLACEMENT_3D('',#6471,#5210,#5211);
#4532=AXIS2_PLACEMENT_3D('',#6475,#5214,#5215);
#4533=AXIS2_PLACEMENT_3D('',#6479,#5218,#5219);
#4534=AXIS2_PLACEMENT_3D('',#6483,#5222,#5223);
#4535=AXIS2_PLACEMENT_3D('',#6487,#5226,#5227);
#4536=AXIS2_PLACEMENT_3D('',#6491,#5230,#5231);
#4537=AXIS2_PLACEMENT_3D('',#6495,#5234,#5235);
#4538=AXIS2_PLACEMENT_3D('',#6499,#5238,#5239);
#4539=AXIS2_PLACEMENT_3D('',#6503,#5242,#5243);
#4540=AXIS2_PLACEMENT_3D('',#6507,#5246,#5247);
#4541=AXIS2_PLACEMENT_3D('',#6511,#5250,#5251);
#4542=AXIS2_PLACEMENT_3D('',#6515,#5254,#5255);
#4543=AXIS2_PLACEMENT_3D('',#6519,#5258,#5259);
#4544=AXIS2_PLACEMENT_3D('',#6523,#5262,#5263);
#4545=AXIS2_PLACEMENT_3D('',#6527,#5266,#5267);
#4546=AXIS2_PLACEMENT_3D('',#6531,#5270,#5271);
#4547=AXIS2_PLACEMENT_3D('',#6535,#5274,#5275);
#4548=AXIS2_PLACEMENT_3D('',#6539,#5278,#5279);
#4549=AXIS2_PLACEMENT_3D('',#6543,#5282,#5283);
#4550=AXIS2_PLACEMENT_3D('',#6547,#5286,#5287);
#4551=AXIS2_PLACEMENT_3D('',#6551,#5290,#5291);
#4552=AXIS2_PLACEMENT_3D('',#6555,#5294,#5295);
#4553=AXIS2_PLACEMENT_3D('',#6559,#5298,#5299);
#4554=AXIS2_PLACEMENT_3D('',#6563,#5302,#5303);
#4555=AXIS2_PLACEMENT_3D('',#6567,#5306,#5307);
#4556=AXIS2_PLACEMENT_3D('',#6571,#5310,#5311);
#4557=AXIS2_PLACEMENT_3D('',#6575,#5314,#5315);
#4558=AXIS2_PLACEMENT_3D('',#6579,#5318,#5319);
#4559=AXIS2_PLACEMENT_3D('',#6583,#5322,#5323);
#4560=AXIS2_PLACEMENT_3D('',#6587,#5326,#5327);
#4561=AXIS2_PLACEMENT_3D('',#6591,#5330,#5331);
#4562=AXIS2_PLACEMENT_3D('',#6595,#5334,#5335);
#4563=AXIS2_PLACEMENT_3D('',#6599,#5338,#5339);
#4564=AXIS2_PLACEMENT_3D('',#6603,#5342,#5343);
#4565=AXIS2_PLACEMENT_3D('',#6607,#5346,#5347);
#4566=AXIS2_PLACEMENT_3D('',#6611,#5350,#5351);
#4567=AXIS2_PLACEMENT_3D('',#6615,#5354,#5355);
#4568=AXIS2_PLACEMENT_3D('',#6619,#5358,#5359);
#4569=AXIS2_PLACEMENT_3D('',#6623,#5362,#5363);
#4570=AXIS2_PLACEMENT_3D('',#6627,#5366,#5367);
#4571=AXIS2_PLACEMENT_3D('',#6631,#5370,#5371);
#4572=AXIS2_PLACEMENT_3D('',#6635,#5374,#5375);
#4573=AXIS2_PLACEMENT_3D('',#6639,#5378,#5379);
#4574=AXIS2_PLACEMENT_3D('',#6643,#5382,#5383);
#4575=AXIS2_PLACEMENT_3D('',#6647,#5386,#5387);
#4576=AXIS2_PLACEMENT_3D('',#6651,#5390,#5391);
#4577=AXIS2_PLACEMENT_3D('',#6655,#5394,#5395);
#4578=AXIS2_PLACEMENT_3D('',#6659,#5398,#5399);
#4579=AXIS2_PLACEMENT_3D('',#6663,#5402,#5403);
#4580=AXIS2_PLACEMENT_3D('',#6667,#5406,#5407);
#4581=AXIS2_PLACEMENT_3D('',#6671,#5410,#5411);
#4582=AXIS2_PLACEMENT_3D('',#6675,#5414,#5415);
#4583=AXIS2_PLACEMENT_3D('',#6679,#5418,#5419);
#4584=AXIS2_PLACEMENT_3D('',#6683,#5422,#5423);
#4585=AXIS2_PLACEMENT_3D('',#6687,#5426,#5427);
#4586=AXIS2_PLACEMENT_3D('',#6691,#5430,#5431);
#4587=AXIS2_PLACEMENT_3D('',#6695,#5434,#5435);
#4588=AXIS2_PLACEMENT_3D('',#6699,#5438,#5439);
#4589=AXIS2_PLACEMENT_3D('',#6703,#5442,#5443);
#4590=AXIS2_PLACEMENT_3D('',#6707,#5446,#5447);
#4591=AXIS2_PLACEMENT_3D('',#6711,#5450,#5451);
#4592=AXIS2_PLACEMENT_3D('',#6715,#5454,#5455);
#4593=AXIS2_PLACEMENT_3D('',#6719,#5458,#5459);
#4594=AXIS2_PLACEMENT_3D('',#6723,#5462,#5463);
#4595=AXIS2_PLACEMENT_3D('',#6727,#5466,#5467);
#4596=AXIS2_PLACEMENT_3D('',#6731,#5470,#5471);
#4597=AXIS2_PLACEMENT_3D('',#6735,#5474,#5475);
#4598=AXIS2_PLACEMENT_3D('',#6739,#5478,#5479);
#4599=AXIS2_PLACEMENT_3D('',#6743,#5482,#5483);
#4600=AXIS2_PLACEMENT_3D('',#6747,#5486,#5487);
#4601=AXIS2_PLACEMENT_3D('',#6751,#5490,#5491);
#4602=AXIS2_PLACEMENT_3D('',#6755,#5494,#5495);
#4603=AXIS2_PLACEMENT_3D('',#6759,#5498,#5499);
#4604=AXIS2_PLACEMENT_3D('',#6763,#5502,#5503);
#4605=AXIS2_PLACEMENT_3D('',#6767,#5506,#5507);
#4606=AXIS2_PLACEMENT_3D('',#6771,#5510,#5511);
#4607=AXIS2_PLACEMENT_3D('',#6775,#5514,#5515);
#4608=AXIS2_PLACEMENT_3D('',#6779,#5518,#5519);
#4609=AXIS2_PLACEMENT_3D('',#6783,#5522,#5523);
#4610=AXIS2_PLACEMENT_3D('',#6787,#5526,#5527);
#4611=AXIS2_PLACEMENT_3D('',#6791,#5530,#5531);
#4612=AXIS2_PLACEMENT_3D('',#6795,#5534,#5535);
#4613=AXIS2_PLACEMENT_3D('',#6799,#5538,#5539);
#4614=AXIS2_PLACEMENT_3D('',#6803,#5542,#5543);
#4615=AXIS2_PLACEMENT_3D('',#6807,#5546,#5547);
#4616=AXIS2_PLACEMENT_3D('',#6811,#5550,#5551);
#4617=AXIS2_PLACEMENT_3D('',#6815,#5554,#5555);
#4618=AXIS2_PLACEMENT_3D('',#6819,#5558,#5559);
#4619=AXIS2_PLACEMENT_3D('',#6823,#5562,#5563);
#4620=AXIS2_PLACEMENT_3D('',#6827,#5566,#5567);
#4621=AXIS2_PLACEMENT_3D('',#6831,#5570,#5571);
#4622=AXIS2_PLACEMENT_3D('',#6835,#5574,#5575);
#4623=AXIS2_PLACEMENT_3D('',#6839,#5578,#5579);
#4624=AXIS2_PLACEMENT_3D('',#6843,#5582,#5583);
#4625=AXIS2_PLACEMENT_3D('',#6847,#5586,#5587);
#4626=AXIS2_PLACEMENT_3D('',#6851,#5590,#5591);
#4627=AXIS2_PLACEMENT_3D('',#6855,#5594,#5595);
#4628=AXIS2_PLACEMENT_3D('',#6859,#5598,#5599);
#4629=AXIS2_PLACEMENT_3D('',#6863,#5602,#5603);
#4630=AXIS2_PLACEMENT_3D('',#6867,#5606,#5607);
#4631=AXIS2_PLACEMENT_3D('',#6871,#5610,#5611);
#4632=AXIS2_PLACEMENT_3D('',#6875,#5614,#5615);
#4633=AXIS2_PLACEMENT_3D('',#6879,#5618,#5619);
#4634=AXIS2_PLACEMENT_3D('',#6883,#5622,#5623);
#4635=AXIS2_PLACEMENT_3D('',#6887,#5626,#5627);
#4636=AXIS2_PLACEMENT_3D('',#6891,#5630,#5631);
#4637=AXIS2_PLACEMENT_3D('',#6895,#5634,#5635);
#4638=AXIS2_PLACEMENT_3D('',#6899,#5638,#5639);
#4639=AXIS2_PLACEMENT_3D('',#6903,#5642,#5643);
#4640=AXIS2_PLACEMENT_3D('',#6907,#5646,#5647);
#4641=AXIS2_PLACEMENT_3D('',#6911,#5650,#5651);
#4642=AXIS2_PLACEMENT_3D('',#6915,#5654,#5655);
#4643=AXIS2_PLACEMENT_3D('',#6919,#5658,#5659);
#4644=AXIS2_PLACEMENT_3D('',#6923,#5662,#5663);
#4645=AXIS2_PLACEMENT_3D('',#6927,#5666,#5667);
#4646=AXIS2_PLACEMENT_3D('',#6931,#5670,#5671);
#4647=AXIS2_PLACEMENT_3D('',#6935,#5674,#5675);
#4648=AXIS2_PLACEMENT_3D('',#6939,#5678,#5679);
#4649=AXIS2_PLACEMENT_3D('',#6943,#5682,#5683);
#4650=AXIS2_PLACEMENT_3D('',#6947,#5686,#5687);
#4651=AXIS2_PLACEMENT_3D('',#6951,#5690,#5691);
#4652=AXIS2_PLACEMENT_3D('',#6955,#5694,#5695);
#4653=AXIS2_PLACEMENT_3D('',#6959,#5698,#5699);
#4654=AXIS2_PLACEMENT_3D('',#6963,#5702,#5703);
#4655=AXIS2_PLACEMENT_3D('',#6966,#5706,#5707);
#4656=AXIS2_PLACEMENT_3D('',#6968,#5709,#5710);
#4657=AXIS2_PLACEMENT_3D('',#6969,#5711,#5712);
#4658=DIRECTION('axis',(0.,0.,1.));
#4659=DIRECTION('refdir',(1.,0.,0.));
#4660=DIRECTION('center_axis',(0.,1.8576280673466E-15,-1.));
#4661=DIRECTION('ref_axis',(1.,0.,0.));
#4662=DIRECTION('',(-1.,0.,0.));
#4663=DIRECTION('',(0.,-1.,-1.8576280673466E-15));
#4664=DIRECTION('',(1.,0.,0.));
#4665=DIRECTION('',(0.,-1.,-1.8576280673466E-15));
#4666=DIRECTION('center_axis',(1.,4.12476290311625E-31,-2.22044604925031E-16));
#4667=DIRECTION('ref_axis',(2.22044604925031E-16,-1.7843561414048E-15,1.));
#4668=DIRECTION('',(-2.22044604925031E-16,3.06304095711113E-16,-1.));
#4669=DIRECTION('',(0.,-1.,-1.8576280673466E-15));
#4670=DIRECTION('',(2.22044604925031E-16,-1.1169245720575E-16,1.));
#4671=DIRECTION('center_axis',(-1.,-4.12476290311625E-31,2.22044604925031E-16));
#4672=DIRECTION('ref_axis',(0.,0.,-1.));
#4673=DIRECTION('center_axis',(-1.,-3.09357217733718E-31,1.66533453693773E-16));
#4674=DIRECTION('ref_axis',(-1.66533453693773E-16,1.7843561414048E-15,-1.));
#4675=DIRECTION('',(1.66533453693773E-16,-3.06304095711113E-16,1.));
#4676=DIRECTION('',(-1.66533453693773E-16,1.1169245720575E-16,-1.));
#4677=DIRECTION('',(0.,-1.,-1.8576280673466E-15));
#4678=DIRECTION('center_axis',(1.,3.09357217733718E-31,-1.66533453693773E-16));
#4679=DIRECTION('ref_axis',(0.,0.,-1.));
#4680=DIRECTION('center_axis',(0.,-1.8576280673466E-15,1.));
#4681=DIRECTION('ref_axis',(-1.,0.,0.));
#4682=DIRECTION('',(1.,0.,0.));
#4683=DIRECTION('',(-1.,0.,0.));
#4684=DIRECTION('center_axis',(1.,0.,0.));
#4685=DIRECTION('ref_axis',(0.,0.,-1.));
#4686=DIRECTION('center_axis',(-1.,0.,0.));
#4687=DIRECTION('ref_axis',(0.,0.,-1.));
#4688=DIRECTION('',(-1.,0.,0.));
#4689=DIRECTION('center_axis',(1.,0.,0.));
#4690=DIRECTION('ref_axis',(0.,0.,-1.));
#4691=DIRECTION('',(-1.,0.,0.));
#4692=DIRECTION('center_axis',(1.,0.,0.));
#4693=DIRECTION('ref_axis',(0.,0.,-1.));
#4694=DIRECTION('center_axis',(1.,0.,0.));
#4695=DIRECTION('ref_axis',(0.,0.,-1.));
#4696=DIRECTION('',(0.,1.11022302462516E-16,1.));
#4697=DIRECTION('',(0.,-1.,0.));
#4698=DIRECTION('',(0.,1.22464679914735E-16,-1.));
#4699=DIRECTION('',(0.,1.,0.));
#4700=DIRECTION('center_axis',(0.,0.,1.));
#4701=DIRECTION('ref_axis',(0.,-1.,0.));
#4702=DIRECTION('',(0.,-1.,0.));
#4703=DIRECTION('',(1.,0.,0.));
#4704=DIRECTION('',(0.,1.,0.));
#4705=DIRECTION('',(1.,0.,0.));
#4706=DIRECTION('center_axis',(0.,1.,0.));
#4707=DIRECTION('ref_axis',(0.,0.,1.));
#4708=DIRECTION('',(0.,0.,1.));
#4709=DIRECTION('',(0.,0.,-1.));
#4710=DIRECTION('',(1.,0.,0.));
#4711=DIRECTION('center_axis',(0.,1.,0.));
#4712=DIRECTION('ref_axis',(0.,0.,1.));
#4713=DIRECTION('',(0.,0.,-1.));
#4714=DIRECTION('',(1.,0.,0.));
#4715=DIRECTION('',(0.,0.,1.));
#4716=DIRECTION('',(1.,0.,0.));
#4717=DIRECTION('center_axis',(-1.,0.,0.));
#4718=DIRECTION('ref_axis',(0.,0.,1.));
#4719=DIRECTION('',(0.,0.0436193873653356,0.999048221581858));
#4720=DIRECTION('',(0.,1.,0.));
#4721=DIRECTION('',(0.,1.11022302462516E-16,-1.));
#4722=DIRECTION('',(0.,-1.,0.));
#4723=DIRECTION('',(0.,-3.06304095711113E-16,1.));
#4724=DIRECTION('center_axis',(0.,0.,1.));
#4725=DIRECTION('ref_axis',(0.,-1.,0.));
#4726=DIRECTION('',(0.,1.,0.));
#4727=DIRECTION('',(0.,1.,0.));
#4728=DIRECTION('',(1.,0.,0.));
#4729=DIRECTION('',(1.,0.,0.));
#4730=DIRECTION('center_axis',(1.,0.,0.));
#4731=DIRECTION('ref_axis',(0.,0.,-1.));
#4732=DIRECTION('',(0.,-1.,0.));
#4733=DIRECTION('',(0.,-0.0436193873653356,-0.999048221581858));
#4734=DIRECTION('',(0.,3.06304095711113E-16,-1.));
#4735=DIRECTION('center_axis',(1.,0.,0.));
#4736=DIRECTION('ref_axis',(0.,0.,-1.));
#4737=DIRECTION('',(0.,-1.,0.));
#4738=DIRECTION('',(0.,-0.939692620785909,0.342020143325669));
#4739=DIRECTION('',(0.,2.6502271834491E-15,1.));
#4740=DIRECTION('',(0.,0.939692620785909,0.342020143325668));
#4741=DIRECTION('',(0.,-1.7843561414048E-15,1.));
#4742=DIRECTION('',(0.,-0.939692620785909,0.342020143325668));
#4743=DIRECTION('',(0.,2.12372161476707E-15,1.));
#4744=DIRECTION('',(0.,0.939692620785908,0.342020143325669));
#4745=DIRECTION('',(0.,-2.31086171008683E-15,1.));
#4746=DIRECTION('',(0.,-0.939692620785909,0.342020143325668));
#4747=DIRECTION('',(0.,1.73514355614826E-15,1.));
#4748=DIRECTION('',(0.,0.939692620785908,0.342020143325669));
#4749=DIRECTION('',(0.,-2.69943976870563E-15,1.));
#4750=DIRECTION('',(0.,-0.939692620785909,0.342020143325668));
#4751=DIRECTION('',(0.,2.17923276599832E-15,1.));
#4752=DIRECTION('',(0.,0.939692620785908,0.342020143325669));
#4753=DIRECTION('',(0.,-2.25535055885557E-15,1.));
#4754=DIRECTION('',(0.,-0.939692620785908,0.342020143325669));
#4755=DIRECTION('',(0.,3.06741118569845E-15,1.));
#4756=DIRECTION('',(0.,0.939692620785909,0.342020143325668));
#4757=DIRECTION('',(0.,-1.36717213915545E-15,1.));
#4758=DIRECTION('',(0.,-0.939692620785909,0.342020143325668));
#4759=DIRECTION('',(0.,1.56861010245449E-15,1.));
#4760=DIRECTION('',(0.,0.939692620785908,0.342020143325669));
#4761=DIRECTION('',(0.,-2.86597322239941E-15,1.));
#4762=DIRECTION('',(0.,-0.939692620785909,0.342020143325668));
#4763=DIRECTION('',(0.,1.62412125368575E-15,1.));
#4764=DIRECTION('',(0.,0.939692620785908,0.342020143325669));
#4765=DIRECTION('',(0.,-2.81046207116815E-15,1.));
#4766=DIRECTION('',(0.,-0.939692620785909,0.342020143325668));
#4767=DIRECTION('',(0.,1.84616585861078E-15,1.));
#4768=DIRECTION('',(0.,0.939692620785908,0.342020143325669));
#4769=DIRECTION('',(0.,-2.58841746624312E-15,1.));
#4770=DIRECTION('',(0.,-0.939692620785908,0.342020143325669));
#4771=DIRECTION('',(0.,2.7343442783109E-15,1.));
#4772=DIRECTION('',(0.,0.939692620785909,0.342020143325668));
#4773=DIRECTION('',(0.,-1.70023904654299E-15,1.));
#4774=DIRECTION('',(0.,-0.939692620785909,0.342020143325668));
#4775=DIRECTION('',(0.,1.62412125368575E-15,1.));
#4776=DIRECTION('',(0.,0.939692620785908,0.342020143325669));
#4777=DIRECTION('',(0.,-2.81046207116815E-15,1.));
#4778=DIRECTION('',(0.,-0.939692620785909,0.342020143325669));
#4779=DIRECTION('',(0.,2.56781082461713E-15,1.));
#4780=DIRECTION('',(0.,0.939692620785909,0.342020143325668));
#4781=DIRECTION('',(0.,-1.86677250023677E-15,1.));
#4782=DIRECTION('',(0.,-0.939692620785908,0.342020143325669));
#4783=DIRECTION('',(0.,2.67883312707965E-15,1.));
#4784=DIRECTION('',(0.,0.939692620785909,0.342020143325668));
#4785=DIRECTION('',(0.,-1.75575019777425E-15,1.));
#4786=DIRECTION('',(0.,-0.939692620785909,0.342020143325667));
#4787=DIRECTION('',(0.,1.2910543462982E-15,1.));
#4788=DIRECTION('',(0.,0.939692620785908,0.34202014332567));
#4789=DIRECTION('',(0.,-3.1435289785557E-15,1.));
#4790=DIRECTION('',(0.,-0.939692620785908,0.34202014332567));
#4791=DIRECTION('',(0.,3.84456730293606E-15,1.));
#4792=DIRECTION('',(0.,0.939692620785909,0.342020143325667));
#4793=DIRECTION('',(0.,-5.90016021917836E-16,1.));
#4794=DIRECTION('',(0.,-0.939692620785907,0.342020143325672));
#4795=DIRECTION('',(0.,6.62012486449895E-15,1.));
#4796=DIRECTION('',(0.,0.93969262078591,0.342020143325665));
#4797=DIRECTION('',(0.,2.18554153964506E-15,1.));
#4798=DIRECTION('',(0.,-0.939692620785908,0.34202014332567));
#4799=DIRECTION('',(0.,3.62252269801103E-15,1.));
#4800=DIRECTION('',(0.,0.939692620785909,0.342020143325668));
#4801=DIRECTION('',(0.,-8.12060626842867E-16,1.));
#4802=DIRECTION('',(0.,-0.939692620785909,0.342020143325668));
#4803=DIRECTION('',(0.,1.62412125368575E-15,1.));
#4804=DIRECTION('',(0.,0.939692620785908,0.342020143325669));
#4805=DIRECTION('',(0.,-2.81046207116815E-15,1.));
#4806=DIRECTION('',(0.,-0.939692620785908,0.342020143325671));
#4807=DIRECTION('',(0.,5.01030147879247E-15,1.));
#4808=DIRECTION('',(0.,0.939692620785909,0.342020143325666));
#4809=DIRECTION('',(0.,5.75718153938577E-16,1.));
#4810=DIRECTION('',(0.,-0.939692620785909,0.342020143325669));
#4811=DIRECTION('',(0.,2.51229967338587E-15,1.));
#4812=DIRECTION('',(0.,0.939692620785909,0.342020143325669));
#4813=DIRECTION('',(0.,-1.92228365146802E-15,1.));
#4814=DIRECTION('',(0.,-0.939692620785908,0.34202014332567));
#4815=DIRECTION('',(0.,4.12212305909235E-15,1.));
#4816=DIRECTION('',(0.,0.939692620785909,0.342020143325667));
#4817=DIRECTION('',(0.,-3.12460265761547E-16,1.));
#4818=DIRECTION('',(0.,-0.939692620785909,0.342020143325669));
#4819=DIRECTION('',(0.,2.51229967338587E-15,1.));
#4820=DIRECTION('',(0.,0.939692620785909,0.342020143325669));
#4821=DIRECTION('',(0.,-1.92228365146802E-15,1.));
#4822=DIRECTION('',(0.,-0.939692620785908,0.34202014332567));
#4823=DIRECTION('',(0.,3.73354500047354E-15,1.));
#4824=DIRECTION('',(0.,0.939692620785909,0.342020143325667));
#4825=DIRECTION('',(0.,-7.01038324380351E-16,1.));
#4826=DIRECTION('',(0.,-0.939692620785909,0.342020143325668));
#4827=DIRECTION('',(0.,2.23474391722959E-15,1.));
#4828=DIRECTION('',(0.,0.939692620785908,0.342020143325669));
#4829=DIRECTION('',(0.,-2.19983940762431E-15,1.));
#4830=DIRECTION('',(0.,-0.939692620785908,0.34202014332567));
#4831=DIRECTION('',(0.,4.01110075662983E-15,1.));
#4832=DIRECTION('',(0.,0.939692620785909,0.342020143325667));
#4833=DIRECTION('',(0.,-4.23482568224062E-16,1.));
#4834=DIRECTION('',(0.,-0.939692620785908,0.34202014332567));
#4835=DIRECTION('',(0.,3.67803384924229E-15,1.));
#4836=DIRECTION('',(0.,0.939692620785909,0.342020143325667));
#4837=DIRECTION('',(0.,-7.56549475611607E-16,1.));
#4838=DIRECTION('',(0.,-0.939692620785908,0.342020143325669));
#4839=DIRECTION('',(0.,3.51150039554851E-15,1.));
#4840=DIRECTION('',(0.,0.939692620785909,0.342020143325668));
#4841=DIRECTION('',(0.,-9.23082929305383E-16,1.));
#4842=DIRECTION('',(0.,-0.939692620785908,0.34202014332567));
#4843=DIRECTION('',(0.,4.28865651278612E-15,1.));
#4844=DIRECTION('',(0.,0.939692620785909,0.342020143325667));
#4845=DIRECTION('',(0.,-1.45926812067773E-16,1.));
#4846=DIRECTION('',(0.,-0.939692620785908,0.34202014332567));
#4847=DIRECTION('',(0.,4.01110075662983E-15,1.));
#4848=DIRECTION('',(0.,0.939692620785909,0.342020143325667));
#4849=DIRECTION('',(0.,-4.23482568224062E-16,1.));
#4850=DIRECTION('',(0.,-0.939692620785909,0.342020143325669));
#4851=DIRECTION('',(0.,2.62332197584839E-15,1.));
#4852=DIRECTION('',(0.,0.939692620785909,0.342020143325668));
#4853=DIRECTION('',(0.,-1.81126134900551E-15,1.));
#4854=DIRECTION('',(0.,-0.939692620785908,0.342020143325669));
#4855=DIRECTION('',(0.,3.17843348816097E-15,1.));
#4856=DIRECTION('',(0.,0.939692620785909,0.342020143325668));
#4857=DIRECTION('',(0.,-1.25614983669293E-15,1.));
#4858=DIRECTION('',(0.,-0.939692620785908,0.34202014332567));
#4859=DIRECTION('',(0.,3.73354500047355E-15,1.));
#4860=DIRECTION('',(0.,0.939692620785909,0.342020143325667));
#4861=DIRECTION('',(0.,-7.0103832438035E-16,1.));
#4862=DIRECTION('',(0.,-0.939692620785909,0.342020143325668));
#4863=DIRECTION('',(0.,2.40127737092336E-15,1.));
#4864=DIRECTION('',(0.,0.939692620785909,0.342020143325669));
#4865=DIRECTION('',(0.,-2.03330595393054E-15,1.));
#4866=DIRECTION('',(0.,-0.939692620785908,0.342020143325669));
#4867=DIRECTION('',(0.,2.67883312707965E-15,1.));
#4868=DIRECTION('',(0.,0.939692620785909,0.342020143325668));
#4869=DIRECTION('',(0.,-1.75575019777425E-15,1.));
#4870=DIRECTION('',(0.,-0.939692620785909,0.342020143325669));
#4871=DIRECTION('',(0.,2.62332197584839E-15,1.));
#4872=DIRECTION('',(0.,0.939692620785909,0.342020143325668));
#4873=DIRECTION('',(0.,-1.81126134900551E-15,1.));
#4874=DIRECTION('',(0.,-0.939692620785908,0.34202014332567));
#4875=DIRECTION('',(0.,3.95558960539858E-15,1.));
#4876=DIRECTION('',(0.,0.939692620785909,0.342020143325667));
#4877=DIRECTION('',(0.,-4.78993719455319E-16,1.));
#4878=DIRECTION('',(0.,-0.939692620785908,0.34202014332567));
#4879=DIRECTION('',(0.,4.06661190786109E-15,1.));
#4880=DIRECTION('',(0.,0.939692620785909,0.342020143325667));
#4881=DIRECTION('',(0.,-3.67971416992806E-16,1.));
#4882=DIRECTION('',(0.,-0.939692620785908,0.342020143325669));
#4883=DIRECTION('',(0.,3.17843348816097E-15,1.));
#4884=DIRECTION('',(0.,0.939692620785909,0.342020143325668));
#4885=DIRECTION('',(0.,-1.25614983669293E-15,1.));
#4886=DIRECTION('',(0.,-0.939692620785908,0.34202014332567));
#4887=DIRECTION('',(0.,3.84456730293606E-15,1.));
#4888=DIRECTION('',(0.,0.939692620785909,0.342020143325667));
#4889=DIRECTION('',(0.,-5.90016021917836E-16,1.));
#4890=DIRECTION('',(0.,-0.939692620785908,0.342020143325669));
#4891=DIRECTION('',(0.,2.84536658077342E-15,1.));
#4892=DIRECTION('',(0.,0.939692620785909,0.342020143325668));
#4893=DIRECTION('',(0.,-1.58921674408048E-15,1.));
#4894=DIRECTION('',(0.,-0.939692620785908,0.34202014332567));
#4895=DIRECTION('',(0.,4.06661190786109E-15,1.));
#4896=DIRECTION('',(0.,0.939692620785909,0.342020143325667));
#4897=DIRECTION('',(0.,-3.67971416992804E-16,1.));
#4898=DIRECTION('',(0.,-0.939692620785908,0.342020143325669));
#4899=DIRECTION('',(0.,2.90087773200468E-15,1.));
#4900=DIRECTION('',(0.,0.939692620785909,0.342020143325668));
#4901=DIRECTION('',(0.,-1.53370559284922E-15,1.));
#4902=DIRECTION('',(0.,-0.939692620785909,0.342020143325669));
#4903=DIRECTION('',(0.,2.51229967338587E-15,1.));
#4904=DIRECTION('',(0.,0.939692620785909,0.342020143325669));
#4905=DIRECTION('',(0.,-1.92228365146803E-15,1.));
#4906=DIRECTION('',(0.,-0.939692620785908,0.34202014332567));
#4907=DIRECTION('',(0.,3.90007845416732E-15,1.));
#4908=DIRECTION('',(0.,0.939692620785909,0.342020143325667));
#4909=DIRECTION('',(0.,-5.34504870686576E-16,1.));
#4910=DIRECTION('',(0.,-0.939692620785908,0.34202014332567));
#4911=DIRECTION('',(0.,3.7890561517048E-15,1.));
#4912=DIRECTION('',(0.,0.939692620785909,0.342020143325667));
#4913=DIRECTION('',(0.,-6.45527173149094E-16,1.));
#4914=DIRECTION('',(0.,-0.939692620785908,0.34202014332567));
#4915=DIRECTION('',(0.,3.90007845416732E-15,1.));
#4916=DIRECTION('',(0.,0.939692620785909,0.342020143325667));
#4917=DIRECTION('',(0.,-5.34504870686576E-16,1.));
#4918=DIRECTION('',(0.,-0.939692620785908,0.34202014332567));
#4919=DIRECTION('',(0.,3.95558960539858E-15,1.));
#4920=DIRECTION('',(0.,0.939692620785909,0.342020143325667));
#4921=DIRECTION('',(0.,-4.7899371945532E-16,1.));
#4922=DIRECTION('',(0.,-0.939692620785908,0.34202014332567));
#4923=DIRECTION('',(0.,4.06661190786109E-15,1.));
#4924=DIRECTION('',(0.,0.939692620785909,0.342020143325667));
#4925=DIRECTION('',(0.,-3.67971416992803E-16,1.));
#4926=DIRECTION('',(0.,-0.939692620785908,0.342020143325669));
#4927=DIRECTION('',(0.,2.95638888323593E-15,1.));
#4928=DIRECTION('',(0.,0.939692620785909,0.342020143325668));
#4929=DIRECTION('',(0.,-1.1169245720575E-16,1.));
#4930=DIRECTION('center_axis',(0.,-0.999048221581858,0.0436193873653356));
#4931=DIRECTION('ref_axis',(0.,-0.0436193873653356,-0.999048221581858));
#4932=DIRECTION('',(1.,0.,0.));
#4933=DIRECTION('',(1.,0.,0.));
#4934=DIRECTION('center_axis',(0.,0.,1.));
#4935=DIRECTION('ref_axis',(0.,-1.,0.));
#4936=DIRECTION('',(0.,-1.,0.));
#4937=DIRECTION('',(1.,0.,0.));
#4938=DIRECTION('center_axis',(0.,0.342020143325669,0.939692620785908));
#4939=DIRECTION('ref_axis',(0.,-0.939692620785909,0.342020143325669));
#4940=DIRECTION('',(0.,-0.939692620785909,0.342020143325669));
#4941=DIRECTION('',(1.,0.,0.));
#4942=DIRECTION('center_axis',(0.,1.,-2.6502271834491E-15));
#4943=DIRECTION('ref_axis',(0.,2.6502271834491E-15,1.));
#4944=DIRECTION('',(0.,2.6502271834491E-15,1.));
#4945=DIRECTION('',(1.,0.,0.));
#4946=DIRECTION('center_axis',(0.,0.342020143325668,-0.939692620785909));
#4947=DIRECTION('ref_axis',(0.,0.939692620785909,0.342020143325668));
#4948=DIRECTION('',(0.,0.939692620785909,0.342020143325668));
#4949=DIRECTION('',(1.,0.,0.));
#4950=DIRECTION('center_axis',(0.,1.,1.7843561414048E-15));
#4951=DIRECTION('ref_axis',(0.,-1.7843561414048E-15,1.));
#4952=DIRECTION('',(0.,-1.7843561414048E-15,1.));
#4953=DIRECTION('',(1.,0.,0.));
#4954=DIRECTION('center_axis',(0.,0.342020143325668,0.939692620785909));
#4955=DIRECTION('ref_axis',(0.,-0.939692620785909,0.342020143325668));
#4956=DIRECTION('',(0.,-0.939692620785909,0.342020143325668));
#4957=DIRECTION('',(1.,0.,0.));
#4958=DIRECTION('center_axis',(0.,1.,-2.12372161476707E-15));
#4959=DIRECTION('ref_axis',(0.,2.12372161476707E-15,1.));
#4960=DIRECTION('',(0.,2.12372161476707E-15,1.));
#4961=DIRECTION('',(1.,0.,0.));
#4962=DIRECTION('center_axis',(0.,0.342020143325669,-0.939692620785908));
#4963=DIRECTION('ref_axis',(0.,0.939692620785908,0.342020143325669));
#4964=DIRECTION('',(0.,0.939692620785908,0.342020143325669));
#4965=DIRECTION('',(1.,0.,0.));
#4966=DIRECTION('center_axis',(0.,1.,2.31086171008683E-15));
#4967=DIRECTION('ref_axis',(0.,-2.31086171008683E-15,1.));
#4968=DIRECTION('',(0.,-2.31086171008683E-15,1.));
#4969=DIRECTION('',(1.,0.,0.));
#4970=DIRECTION('center_axis',(0.,0.342020143325668,0.939692620785909));
#4971=DIRECTION('ref_axis',(0.,-0.939692620785909,0.342020143325668));
#4972=DIRECTION('',(0.,-0.939692620785909,0.342020143325668));
#4973=DIRECTION('',(1.,0.,0.));
#4974=DIRECTION('center_axis',(0.,1.,-1.73514355614826E-15));
#4975=DIRECTION('ref_axis',(0.,1.73514355614826E-15,1.));
#4976=DIRECTION('',(0.,1.73514355614826E-15,1.));
#4977=DIRECTION('',(1.,0.,0.));
#4978=DIRECTION('center_axis',(0.,0.342020143325669,-0.939692620785908));
#4979=DIRECTION('ref_axis',(0.,0.939692620785908,0.342020143325669));
#4980=DIRECTION('',(0.,0.939692620785908,0.342020143325669));
#4981=DIRECTION('',(1.,0.,0.));
#4982=DIRECTION('center_axis',(0.,1.,2.69943976870563E-15));
#4983=DIRECTION('ref_axis',(0.,-2.69943976870563E-15,1.));
#4984=DIRECTION('',(0.,-2.69943976870563E-15,1.));
#4985=DIRECTION('',(1.,0.,0.));
#4986=DIRECTION('center_axis',(0.,0.342020143325668,0.939692620785909));
#4987=DIRECTION('ref_axis',(0.,-0.939692620785909,0.342020143325668));
#4988=DIRECTION('',(0.,-0.939692620785909,0.342020143325668));
#4989=DIRECTION('',(1.,0.,0.));
#4990=DIRECTION('center_axis',(0.,1.,-2.17923276599832E-15));
#4991=DIRECTION('ref_axis',(0.,2.17923276599832E-15,1.));
#4992=DIRECTION('',(0.,2.17923276599832E-15,1.));
#4993=DIRECTION('',(1.,0.,0.));
#4994=DIRECTION('center_axis',(0.,0.342020143325669,-0.939692620785908));
#4995=DIRECTION('ref_axis',(0.,0.939692620785908,0.342020143325669));
#4996=DIRECTION('',(0.,0.939692620785908,0.342020143325669));
#4997=DIRECTION('',(1.,0.,0.));
#4998=DIRECTION('center_axis',(0.,1.,2.25535055885557E-15));
#4999=DIRECTION('ref_axis',(0.,-2.25535055885557E-15,1.));
#5000=DIRECTION('',(0.,-2.25535055885557E-15,1.));
#5001=DIRECTION('',(1.,0.,0.));
#5002=DIRECTION('center_axis',(0.,0.342020143325669,0.939692620785908));
#5003=DIRECTION('ref_axis',(0.,-0.939692620785908,0.342020143325669));
#5004=DIRECTION('',(0.,-0.939692620785908,0.342020143325669));
#5005=DIRECTION('',(1.,0.,0.));
#5006=DIRECTION('center_axis',(0.,1.,-3.06741118569845E-15));
#5007=DIRECTION('ref_axis',(0.,3.06741118569845E-15,1.));
#5008=DIRECTION('',(0.,3.06741118569845E-15,1.));
#5009=DIRECTION('',(1.,0.,0.));
#5010=DIRECTION('center_axis',(0.,0.342020143325668,-0.939692620785909));
#5011=DIRECTION('ref_axis',(0.,0.939692620785909,0.342020143325668));
#5012=DIRECTION('',(0.,0.939692620785909,0.342020143325668));
#5013=DIRECTION('',(1.,0.,0.));
#5014=DIRECTION('center_axis',(0.,1.,1.36717213915545E-15));
#5015=DIRECTION('ref_axis',(0.,-1.36717213915545E-15,1.));
#5016=DIRECTION('',(0.,-1.36717213915545E-15,1.));
#5017=DIRECTION('',(1.,0.,0.));
#5018=DIRECTION('center_axis',(0.,0.342020143325668,0.939692620785909));
#5019=DIRECTION('ref_axis',(0.,-0.939692620785909,0.342020143325668));
#5020=DIRECTION('',(0.,-0.939692620785909,0.342020143325668));
#5021=DIRECTION('',(1.,0.,0.));
#5022=DIRECTION('center_axis',(0.,1.,-1.56861010245449E-15));
#5023=DIRECTION('ref_axis',(0.,1.56861010245449E-15,1.));
#5024=DIRECTION('',(0.,1.56861010245449E-15,1.));
#5025=DIRECTION('',(1.,0.,0.));
#5026=DIRECTION('center_axis',(0.,0.342020143325669,-0.939692620785908));
#5027=DIRECTION('ref_axis',(0.,0.939692620785908,0.342020143325669));
#5028=DIRECTION('',(0.,0.939692620785908,0.342020143325669));
#5029=DIRECTION('',(1.,0.,0.));
#5030=DIRECTION('center_axis',(0.,1.,2.86597322239941E-15));
#5031=DIRECTION('ref_axis',(0.,-2.86597322239941E-15,1.));
#5032=DIRECTION('',(0.,-2.86597322239941E-15,1.));
#5033=DIRECTION('',(1.,0.,0.));
#5034=DIRECTION('center_axis',(0.,0.342020143325668,0.939692620785909));
#5035=DIRECTION('ref_axis',(0.,-0.939692620785909,0.342020143325668));
#5036=DIRECTION('',(0.,-0.939692620785909,0.342020143325668));
#5037=DIRECTION('',(1.,0.,0.));
#5038=DIRECTION('center_axis',(0.,1.,-1.62412125368575E-15));
#5039=DIRECTION('ref_axis',(0.,1.62412125368575E-15,1.));
#5040=DIRECTION('',(0.,1.62412125368575E-15,1.));
#5041=DIRECTION('',(1.,0.,0.));
#5042=DIRECTION('center_axis',(0.,0.342020143325669,-0.939692620785908));
#5043=DIRECTION('ref_axis',(0.,0.939692620785908,0.342020143325669));
#5044=DIRECTION('',(0.,0.939692620785908,0.342020143325669));
#5045=DIRECTION('',(1.,0.,0.));
#5046=DIRECTION('center_axis',(0.,1.,2.81046207116815E-15));
#5047=DIRECTION('ref_axis',(0.,-2.81046207116815E-15,1.));
#5048=DIRECTION('',(0.,-2.81046207116815E-15,1.));
#5049=DIRECTION('',(1.,0.,0.));
#5050=DIRECTION('center_axis',(0.,0.342020143325668,0.939692620785909));
#5051=DIRECTION('ref_axis',(0.,-0.939692620785909,0.342020143325668));
#5052=DIRECTION('',(0.,-0.939692620785909,0.342020143325668));
#5053=DIRECTION('',(1.,0.,0.));
#5054=DIRECTION('center_axis',(0.,1.,-1.84616585861078E-15));
#5055=DIRECTION('ref_axis',(0.,1.84616585861078E-15,1.));
#5056=DIRECTION('',(0.,1.84616585861078E-15,1.));
#5057=DIRECTION('',(1.,0.,0.));
#5058=DIRECTION('center_axis',(0.,0.342020143325669,-0.939692620785908));
#5059=DIRECTION('ref_axis',(0.,0.939692620785908,0.342020143325669));
#5060=DIRECTION('',(0.,0.939692620785908,0.342020143325669));
#5061=DIRECTION('',(1.,0.,0.));
#5062=DIRECTION('center_axis',(0.,1.,2.58841746624312E-15));
#5063=DIRECTION('ref_axis',(0.,-2.58841746624312E-15,1.));
#5064=DIRECTION('',(0.,-2.58841746624312E-15,1.));
#5065=DIRECTION('',(1.,0.,0.));
#5066=DIRECTION('center_axis',(0.,0.342020143325669,0.939692620785908));
#5067=DIRECTION('ref_axis',(0.,-0.939692620785908,0.342020143325669));
#5068=DIRECTION('',(0.,-0.939692620785908,0.342020143325669));
#5069=DIRECTION('',(1.,0.,0.));
#5070=DIRECTION('center_axis',(0.,1.,-2.7343442783109E-15));
#5071=DIRECTION('ref_axis',(0.,2.7343442783109E-15,1.));
#5072=DIRECTION('',(0.,2.7343442783109E-15,1.));
#5073=DIRECTION('',(1.,0.,0.));
#5074=DIRECTION('center_axis',(0.,0.342020143325668,-0.939692620785909));
#5075=DIRECTION('ref_axis',(0.,0.939692620785909,0.342020143325668));
#5076=DIRECTION('',(0.,0.939692620785909,0.342020143325668));
#5077=DIRECTION('',(1.,0.,0.));
#5078=DIRECTION('center_axis',(0.,1.,1.70023904654299E-15));
#5079=DIRECTION('ref_axis',(0.,-1.70023904654299E-15,1.));
#5080=DIRECTION('',(0.,-1.70023904654299E-15,1.));
#5081=DIRECTION('',(1.,0.,0.));
#5082=DIRECTION('center_axis',(0.,0.342020143325668,0.939692620785909));
#5083=DIRECTION('ref_axis',(0.,-0.939692620785909,0.342020143325668));
#5084=DIRECTION('',(0.,-0.939692620785909,0.342020143325668));
#5085=DIRECTION('',(1.,0.,0.));
#5086=DIRECTION('center_axis',(0.,1.,-1.62412125368575E-15));
#5087=DIRECTION('ref_axis',(0.,1.62412125368575E-15,1.));
#5088=DIRECTION('',(0.,1.62412125368575E-15,1.));
#5089=DIRECTION('',(1.,0.,0.));
#5090=DIRECTION('center_axis',(0.,0.342020143325669,-0.939692620785908));
#5091=DIRECTION('ref_axis',(0.,0.939692620785908,0.342020143325669));
#5092=DIRECTION('',(0.,0.939692620785908,0.342020143325669));
#5093=DIRECTION('',(1.,0.,0.));
#5094=DIRECTION('center_axis',(0.,1.,2.81046207116815E-15));
#5095=DIRECTION('ref_axis',(0.,-2.81046207116815E-15,1.));
#5096=DIRECTION('',(0.,-2.81046207116815E-15,1.));
#5097=DIRECTION('',(1.,0.,0.));
#5098=DIRECTION('center_axis',(0.,0.342020143325669,0.939692620785909));
#5099=DIRECTION('ref_axis',(0.,-0.939692620785909,0.342020143325669));
#5100=DIRECTION('',(0.,-0.939692620785909,0.342020143325669));
#5101=DIRECTION('',(1.,0.,0.));
#5102=DIRECTION('center_axis',(0.,1.,-2.56781082461713E-15));
#5103=DIRECTION('ref_axis',(0.,2.56781082461713E-15,1.));
#5104=DIRECTION('',(0.,2.56781082461713E-15,1.));
#5105=DIRECTION('',(1.,0.,0.));
#5106=DIRECTION('center_axis',(0.,0.342020143325668,-0.939692620785909));
#5107=DIRECTION('ref_axis',(0.,0.939692620785909,0.342020143325668));
#5108=DIRECTION('',(0.,0.939692620785909,0.342020143325668));
#5109=DIRECTION('',(1.,0.,0.));
#5110=DIRECTION('center_axis',(0.,1.,1.86677250023677E-15));
#5111=DIRECTION('ref_axis',(0.,-1.86677250023677E-15,1.));
#5112=DIRECTION('',(0.,-1.86677250023677E-15,1.));
#5113=DIRECTION('',(1.,0.,0.));
#5114=DIRECTION('center_axis',(0.,0.342020143325669,0.939692620785908));
#5115=DIRECTION('ref_axis',(0.,-0.939692620785908,0.342020143325669));
#5116=DIRECTION('',(0.,-0.939692620785908,0.342020143325669));
#5117=DIRECTION('',(1.,0.,0.));
#5118=DIRECTION('center_axis',(0.,1.,-2.67883312707965E-15));
#5119=DIRECTION('ref_axis',(0.,2.67883312707965E-15,1.));
#5120=DIRECTION('',(0.,2.67883312707965E-15,1.));
#5121=DIRECTION('',(1.,0.,0.));
#5122=DIRECTION('center_axis',(0.,0.342020143325668,-0.939692620785909));
#5123=DIRECTION('ref_axis',(0.,0.939692620785909,0.342020143325668));
#5124=DIRECTION('',(0.,0.939692620785909,0.342020143325668));
#5125=DIRECTION('',(1.,0.,0.));
#5126=DIRECTION('center_axis',(0.,1.,1.75575019777425E-15));
#5127=DIRECTION('ref_axis',(0.,-1.75575019777425E-15,1.));
#5128=DIRECTION('',(0.,-1.75575019777425E-15,1.));
#5129=DIRECTION('',(1.,0.,0.));
#5130=DIRECTION('center_axis',(0.,0.342020143325667,0.939692620785909));
#5131=DIRECTION('ref_axis',(0.,-0.939692620785909,0.342020143325667));
#5132=DIRECTION('',(0.,-0.939692620785909,0.342020143325667));
#5133=DIRECTION('',(1.,0.,0.));
#5134=DIRECTION('center_axis',(0.,1.,-1.2910543462982E-15));
#5135=DIRECTION('ref_axis',(0.,1.2910543462982E-15,1.));
#5136=DIRECTION('',(0.,1.2910543462982E-15,1.));
#5137=DIRECTION('',(1.,0.,0.));
#5138=DIRECTION('center_axis',(0.,0.34202014332567,-0.939692620785908));
#5139=DIRECTION('ref_axis',(0.,0.939692620785908,0.34202014332567));
#5140=DIRECTION('',(0.,0.939692620785908,0.34202014332567));
#5141=DIRECTION('',(1.,0.,0.));
#5142=DIRECTION('center_axis',(0.,1.,3.1435289785557E-15));
#5143=DIRECTION('ref_axis',(0.,-3.1435289785557E-15,1.));
#5144=DIRECTION('',(0.,-3.1435289785557E-15,1.));
#5145=DIRECTION('',(1.,0.,0.));
#5146=DIRECTION('center_axis',(0.,0.34202014332567,0.939692620785908));
#5147=DIRECTION('ref_axis',(0.,-0.939692620785908,0.34202014332567));
#5148=DIRECTION('',(0.,-0.939692620785908,0.34202014332567));
#5149=DIRECTION('',(1.,0.,0.));
#5150=DIRECTION('center_axis',(0.,1.,-3.84456730293606E-15));
#5151=DIRECTION('ref_axis',(0.,3.84456730293606E-15,1.));
#5152=DIRECTION('',(0.,3.84456730293606E-15,1.));
#5153=DIRECTION('',(1.,0.,0.));
#5154=DIRECTION('center_axis',(0.,0.342020143325667,-0.939692620785909));
#5155=DIRECTION('ref_axis',(0.,0.939692620785909,0.342020143325667));
#5156=DIRECTION('',(0.,0.939692620785909,0.342020143325667));
#5157=DIRECTION('',(1.,0.,0.));
#5158=DIRECTION('center_axis',(0.,1.,5.90016021917836E-16));
#5159=DIRECTION('ref_axis',(0.,-5.90016021917836E-16,1.));
#5160=DIRECTION('',(0.,-5.90016021917836E-16,1.));
#5161=DIRECTION('',(1.,0.,0.));
#5162=DIRECTION('center_axis',(0.,0.342020143325672,0.939692620785907));
#5163=DIRECTION('ref_axis',(0.,-0.939692620785907,0.342020143325672));
#5164=DIRECTION('',(0.,-0.939692620785907,0.342020143325672));
#5165=DIRECTION('',(1.,0.,0.));
#5166=DIRECTION('center_axis',(0.,1.,-6.62012486449895E-15));
#5167=DIRECTION('ref_axis',(0.,6.62012486449895E-15,1.));
#5168=DIRECTION('',(0.,6.62012486449895E-15,1.));
#5169=DIRECTION('',(1.,0.,0.));
#5170=DIRECTION('center_axis',(0.,0.342020143325665,-0.93969262078591));
#5171=DIRECTION('ref_axis',(0.,0.93969262078591,0.342020143325665));
#5172=DIRECTION('',(0.,0.93969262078591,0.342020143325665));
#5173=DIRECTION('',(1.,0.,0.));
#5174=DIRECTION('center_axis',(0.,1.,-2.18554153964506E-15));
#5175=DIRECTION('ref_axis',(0.,2.18554153964506E-15,1.));
#5176=DIRECTION('',(0.,2.18554153964506E-15,1.));
#5177=DIRECTION('',(1.,0.,0.));
#5178=DIRECTION('center_axis',(0.,0.34202014332567,0.939692620785908));
#5179=DIRECTION('ref_axis',(0.,-0.939692620785908,0.34202014332567));
#5180=DIRECTION('',(0.,-0.939692620785908,0.34202014332567));
#5181=DIRECTION('',(1.,0.,0.));
#5182=DIRECTION('center_axis',(0.,1.,-3.62252269801103E-15));
#5183=DIRECTION('ref_axis',(0.,3.62252269801103E-15,1.));
#5184=DIRECTION('',(0.,3.62252269801103E-15,1.));
#5185=DIRECTION('',(1.,0.,0.));
#5186=DIRECTION('center_axis',(0.,0.342020143325668,-0.939692620785909));
#5187=DIRECTION('ref_axis',(0.,0.939692620785909,0.342020143325668));
#5188=DIRECTION('',(0.,0.939692620785909,0.342020143325668));
#5189=DIRECTION('',(1.,0.,0.));
#5190=DIRECTION('center_axis',(0.,1.,8.12060626842867E-16));
#5191=DIRECTION('ref_axis',(0.,-8.12060626842867E-16,1.));
#5192=DIRECTION('',(0.,-8.12060626842867E-16,1.));
#5193=DIRECTION('',(1.,0.,0.));
#5194=DIRECTION('center_axis',(0.,0.342020143325668,0.939692620785909));
#5195=DIRECTION('ref_axis',(0.,-0.939692620785909,0.342020143325668));
#5196=DIRECTION('',(0.,-0.939692620785909,0.342020143325668));
#5197=DIRECTION('',(1.,0.,0.));
#5198=DIRECTION('center_axis',(0.,1.,-1.62412125368575E-15));
#5199=DIRECTION('ref_axis',(0.,1.62412125368575E-15,1.));
#5200=DIRECTION('',(0.,1.62412125368575E-15,1.));
#5201=DIRECTION('',(1.,0.,0.));
#5202=DIRECTION('center_axis',(0.,0.342020143325669,-0.939692620785908));
#5203=DIRECTION('ref_axis',(0.,0.939692620785908,0.342020143325669));
#5204=DIRECTION('',(0.,0.939692620785908,0.342020143325669));
#5205=DIRECTION('',(1.,0.,0.));
#5206=DIRECTION('center_axis',(0.,1.,2.81046207116815E-15));
#5207=DIRECTION('ref_axis',(0.,-2.81046207116815E-15,1.));
#5208=DIRECTION('',(0.,-2.81046207116815E-15,1.));
#5209=DIRECTION('',(1.,0.,0.));
#5210=DIRECTION('center_axis',(0.,0.342020143325671,0.939692620785908));
#5211=DIRECTION('ref_axis',(0.,-0.939692620785908,0.342020143325671));
#5212=DIRECTION('',(0.,-0.939692620785908,0.342020143325671));
#5213=DIRECTION('',(1.,0.,0.));
#5214=DIRECTION('center_axis',(0.,1.,-5.01030147879247E-15));
#5215=DIRECTION('ref_axis',(0.,5.01030147879247E-15,1.));
#5216=DIRECTION('',(0.,5.01030147879247E-15,1.));
#5217=DIRECTION('',(1.,0.,0.));
#5218=DIRECTION('center_axis',(0.,0.342020143325666,-0.939692620785909));
#5219=DIRECTION('ref_axis',(0.,0.939692620785909,0.342020143325666));
#5220=DIRECTION('',(0.,0.939692620785909,0.342020143325666));
#5221=DIRECTION('',(1.,0.,0.));
#5222=DIRECTION('center_axis',(0.,1.,-5.75718153938577E-16));
#5223=DIRECTION('ref_axis',(0.,5.75718153938577E-16,1.));
#5224=DIRECTION('',(0.,5.75718153938577E-16,1.));
#5225=DIRECTION('',(1.,0.,0.));
#5226=DIRECTION('center_axis',(0.,0.342020143325669,0.939692620785909));
#5227=DIRECTION('ref_axis',(0.,-0.939692620785909,0.342020143325669));
#5228=DIRECTION('',(0.,-0.939692620785909,0.342020143325669));
#5229=DIRECTION('',(1.,0.,0.));
#5230=DIRECTION('center_axis',(0.,1.,-2.51229967338587E-15));
#5231=DIRECTION('ref_axis',(0.,2.51229967338587E-15,1.));
#5232=DIRECTION('',(0.,2.51229967338587E-15,1.));
#5233=DIRECTION('',(1.,0.,0.));
#5234=DIRECTION('center_axis',(0.,0.342020143325669,-0.939692620785909));
#5235=DIRECTION('ref_axis',(0.,0.939692620785909,0.342020143325669));
#5236=DIRECTION('',(0.,0.939692620785909,0.342020143325669));
#5237=DIRECTION('',(1.,0.,0.));
#5238=DIRECTION('center_axis',(0.,1.,1.92228365146802E-15));
#5239=DIRECTION('ref_axis',(0.,-1.92228365146802E-15,1.));
#5240=DIRECTION('',(0.,-1.92228365146802E-15,1.));
#5241=DIRECTION('',(1.,0.,0.));
#5242=DIRECTION('center_axis',(0.,0.34202014332567,0.939692620785908));
#5243=DIRECTION('ref_axis',(0.,-0.939692620785908,0.34202014332567));
#5244=DIRECTION('',(0.,-0.939692620785908,0.34202014332567));
#5245=DIRECTION('',(1.,0.,0.));
#5246=DIRECTION('center_axis',(0.,1.,-4.12212305909235E-15));
#5247=DIRECTION('ref_axis',(0.,4.12212305909235E-15,1.));
#5248=DIRECTION('',(0.,4.12212305909235E-15,1.));
#5249=DIRECTION('',(1.,0.,0.));
#5250=DIRECTION('center_axis',(0.,0.342020143325667,-0.939692620785909));
#5251=DIRECTION('ref_axis',(0.,0.939692620785909,0.342020143325667));
#5252=DIRECTION('',(0.,0.939692620785909,0.342020143325667));
#5253=DIRECTION('',(1.,0.,0.));
#5254=DIRECTION('center_axis',(0.,1.,3.12460265761547E-16));
#5255=DIRECTION('ref_axis',(0.,-3.12460265761547E-16,1.));
#5256=DIRECTION('',(0.,-3.12460265761547E-16,1.));
#5257=DIRECTION('',(1.,0.,0.));
#5258=DIRECTION('center_axis',(0.,0.342020143325669,0.939692620785909));
#5259=DIRECTION('ref_axis',(0.,-0.939692620785909,0.342020143325669));
#5260=DIRECTION('',(0.,-0.939692620785909,0.342020143325669));
#5261=DIRECTION('',(1.,0.,0.));
#5262=DIRECTION('center_axis',(0.,1.,-2.51229967338587E-15));
#5263=DIRECTION('ref_axis',(0.,2.51229967338587E-15,1.));
#5264=DIRECTION('',(0.,2.51229967338587E-15,1.));
#5265=DIRECTION('',(1.,0.,0.));
#5266=DIRECTION('center_axis',(0.,0.342020143325669,-0.939692620785909));
#5267=DIRECTION('ref_axis',(0.,0.939692620785909,0.342020143325669));
#5268=DIRECTION('',(0.,0.939692620785909,0.342020143325669));
#5269=DIRECTION('',(1.,0.,0.));
#5270=DIRECTION('center_axis',(0.,1.,1.92228365146802E-15));
#5271=DIRECTION('ref_axis',(0.,-1.92228365146802E-15,1.));
#5272=DIRECTION('',(0.,-1.92228365146802E-15,1.));
#5273=DIRECTION('',(1.,0.,0.));
#5274=DIRECTION('center_axis',(0.,0.34202014332567,0.939692620785908));
#5275=DIRECTION('ref_axis',(0.,-0.939692620785908,0.34202014332567));
#5276=DIRECTION('',(0.,-0.939692620785908,0.34202014332567));
#5277=DIRECTION('',(1.,0.,0.));
#5278=DIRECTION('center_axis',(0.,1.,-3.73354500047354E-15));
#5279=DIRECTION('ref_axis',(0.,3.73354500047354E-15,1.));
#5280=DIRECTION('',(0.,3.73354500047354E-15,1.));
#5281=DIRECTION('',(1.,0.,0.));
#5282=DIRECTION('center_axis',(0.,0.342020143325667,-0.939692620785909));
#5283=DIRECTION('ref_axis',(0.,0.939692620785909,0.342020143325667));
#5284=DIRECTION('',(0.,0.939692620785909,0.342020143325667));
#5285=DIRECTION('',(1.,0.,0.));
#5286=DIRECTION('center_axis',(0.,1.,7.01038324380351E-16));
#5287=DIRECTION('ref_axis',(0.,-7.01038324380351E-16,1.));
#5288=DIRECTION('',(0.,-7.01038324380351E-16,1.));
#5289=DIRECTION('',(1.,0.,0.));
#5290=DIRECTION('center_axis',(0.,0.342020143325668,0.939692620785909));
#5291=DIRECTION('ref_axis',(0.,-0.939692620785909,0.342020143325668));
#5292=DIRECTION('',(0.,-0.939692620785909,0.342020143325668));
#5293=DIRECTION('',(1.,0.,0.));
#5294=DIRECTION('center_axis',(0.,1.,-2.23474391722959E-15));
#5295=DIRECTION('ref_axis',(0.,2.23474391722959E-15,1.));
#5296=DIRECTION('',(0.,2.23474391722959E-15,1.));
#5297=DIRECTION('',(1.,0.,0.));
#5298=DIRECTION('center_axis',(0.,0.342020143325669,-0.939692620785908));
#5299=DIRECTION('ref_axis',(0.,0.939692620785908,0.342020143325669));
#5300=DIRECTION('',(0.,0.939692620785908,0.342020143325669));
#5301=DIRECTION('',(1.,0.,0.));
#5302=DIRECTION('center_axis',(0.,1.,2.19983940762431E-15));
#5303=DIRECTION('ref_axis',(0.,-2.19983940762431E-15,1.));
#5304=DIRECTION('',(0.,-2.19983940762431E-15,1.));
#5305=DIRECTION('',(1.,0.,0.));
#5306=DIRECTION('center_axis',(0.,0.34202014332567,0.939692620785908));
#5307=DIRECTION('ref_axis',(0.,-0.939692620785908,0.34202014332567));
#5308=DIRECTION('',(0.,-0.939692620785908,0.34202014332567));
#5309=DIRECTION('',(1.,0.,0.));
#5310=DIRECTION('center_axis',(0.,1.,-4.01110075662983E-15));
#5311=DIRECTION('ref_axis',(0.,4.01110075662983E-15,1.));
#5312=DIRECTION('',(0.,4.01110075662983E-15,1.));
#5313=DIRECTION('',(1.,0.,0.));
#5314=DIRECTION('center_axis',(0.,0.342020143325667,-0.939692620785909));
#5315=DIRECTION('ref_axis',(0.,0.939692620785909,0.342020143325667));
#5316=DIRECTION('',(0.,0.939692620785909,0.342020143325667));
#5317=DIRECTION('',(1.,0.,0.));
#5318=DIRECTION('center_axis',(0.,1.,4.23482568224062E-16));
#5319=DIRECTION('ref_axis',(0.,-4.23482568224062E-16,1.));
#5320=DIRECTION('',(0.,-4.23482568224062E-16,1.));
#5321=DIRECTION('',(1.,0.,0.));
#5322=DIRECTION('center_axis',(0.,0.34202014332567,0.939692620785908));
#5323=DIRECTION('ref_axis',(0.,-0.939692620785908,0.34202014332567));
#5324=DIRECTION('',(0.,-0.939692620785908,0.34202014332567));
#5325=DIRECTION('',(1.,0.,0.));
#5326=DIRECTION('center_axis',(0.,1.,-3.67803384924229E-15));
#5327=DIRECTION('ref_axis',(0.,3.67803384924229E-15,1.));
#5328=DIRECTION('',(0.,3.67803384924229E-15,1.));
#5329=DIRECTION('',(1.,0.,0.));
#5330=DIRECTION('center_axis',(0.,0.342020143325667,-0.939692620785909));
#5331=DIRECTION('ref_axis',(0.,0.939692620785909,0.342020143325667));
#5332=DIRECTION('',(0.,0.939692620785909,0.342020143325667));
#5333=DIRECTION('',(1.,0.,0.));
#5334=DIRECTION('center_axis',(0.,1.,7.56549475611607E-16));
#5335=DIRECTION('ref_axis',(0.,-7.56549475611607E-16,1.));
#5336=DIRECTION('',(0.,-7.56549475611607E-16,1.));
#5337=DIRECTION('',(1.,0.,0.));
#5338=DIRECTION('center_axis',(0.,0.342020143325669,0.939692620785908));
#5339=DIRECTION('ref_axis',(0.,-0.939692620785908,0.342020143325669));
#5340=DIRECTION('',(0.,-0.939692620785908,0.342020143325669));
#5341=DIRECTION('',(1.,0.,0.));
#5342=DIRECTION('center_axis',(0.,1.,-3.51150039554851E-15));
#5343=DIRECTION('ref_axis',(0.,3.51150039554851E-15,1.));
#5344=DIRECTION('',(0.,3.51150039554851E-15,1.));
#5345=DIRECTION('',(1.,0.,0.));
#5346=DIRECTION('center_axis',(0.,0.342020143325668,-0.939692620785909));
#5347=DIRECTION('ref_axis',(0.,0.939692620785909,0.342020143325668));
#5348=DIRECTION('',(0.,0.939692620785909,0.342020143325668));
#5349=DIRECTION('',(1.,0.,0.));
#5350=DIRECTION('center_axis',(0.,1.,9.23082929305383E-16));
#5351=DIRECTION('ref_axis',(0.,-9.23082929305383E-16,1.));
#5352=DIRECTION('',(0.,-9.23082929305383E-16,1.));
#5353=DIRECTION('',(1.,0.,0.));
#5354=DIRECTION('center_axis',(0.,0.34202014332567,0.939692620785908));
#5355=DIRECTION('ref_axis',(0.,-0.939692620785908,0.34202014332567));
#5356=DIRECTION('',(0.,-0.939692620785908,0.34202014332567));
#5357=DIRECTION('',(1.,0.,0.));
#5358=DIRECTION('center_axis',(0.,1.,-4.28865651278612E-15));
#5359=DIRECTION('ref_axis',(0.,4.28865651278612E-15,1.));
#5360=DIRECTION('',(0.,4.28865651278612E-15,1.));
#5361=DIRECTION('',(1.,0.,0.));
#5362=DIRECTION('center_axis',(0.,0.342020143325667,-0.939692620785909));
#5363=DIRECTION('ref_axis',(0.,0.939692620785909,0.342020143325667));
#5364=DIRECTION('',(0.,0.939692620785909,0.342020143325667));
#5365=DIRECTION('',(1.,0.,0.));
#5366=DIRECTION('center_axis',(0.,1.,1.45926812067773E-16));
#5367=DIRECTION('ref_axis',(0.,-1.45926812067773E-16,1.));
#5368=DIRECTION('',(0.,-1.45926812067773E-16,1.));
#5369=DIRECTION('',(1.,0.,0.));
#5370=DIRECTION('center_axis',(0.,0.34202014332567,0.939692620785908));
#5371=DIRECTION('ref_axis',(0.,-0.939692620785908,0.34202014332567));
#5372=DIRECTION('',(0.,-0.939692620785908,0.34202014332567));
#5373=DIRECTION('',(1.,0.,0.));
#5374=DIRECTION('center_axis',(0.,1.,-4.01110075662983E-15));
#5375=DIRECTION('ref_axis',(0.,4.01110075662983E-15,1.));
#5376=DIRECTION('',(0.,4.01110075662983E-15,1.));
#5377=DIRECTION('',(1.,0.,0.));
#5378=DIRECTION('center_axis',(0.,0.342020143325667,-0.939692620785909));
#5379=DIRECTION('ref_axis',(0.,0.939692620785909,0.342020143325667));
#5380=DIRECTION('',(0.,0.939692620785909,0.342020143325667));
#5381=DIRECTION('',(1.,0.,0.));
#5382=DIRECTION('center_axis',(0.,1.,4.23482568224062E-16));
#5383=DIRECTION('ref_axis',(0.,-4.23482568224062E-16,1.));
#5384=DIRECTION('',(0.,-4.23482568224062E-16,1.));
#5385=DIRECTION('',(1.,0.,0.));
#5386=DIRECTION('center_axis',(0.,0.342020143325669,0.939692620785908));
#5387=DIRECTION('ref_axis',(0.,-0.939692620785909,0.342020143325669));
#5388=DIRECTION('',(0.,-0.939692620785909,0.342020143325669));
#5389=DIRECTION('',(1.,0.,0.));
#5390=DIRECTION('center_axis',(0.,1.,-2.62332197584839E-15));
#5391=DIRECTION('ref_axis',(0.,2.62332197584839E-15,1.));
#5392=DIRECTION('',(0.,2.62332197584839E-15,1.));
#5393=DIRECTION('',(1.,0.,0.));
#5394=DIRECTION('center_axis',(0.,0.342020143325668,-0.939692620785909));
#5395=DIRECTION('ref_axis',(0.,0.939692620785909,0.342020143325668));
#5396=DIRECTION('',(0.,0.939692620785909,0.342020143325668));
#5397=DIRECTION('',(1.,0.,0.));
#5398=DIRECTION('center_axis',(0.,1.,1.81126134900551E-15));
#5399=DIRECTION('ref_axis',(0.,-1.81126134900551E-15,1.));
#5400=DIRECTION('',(0.,-1.81126134900551E-15,1.));
#5401=DIRECTION('',(1.,0.,0.));
#5402=DIRECTION('center_axis',(0.,0.342020143325669,0.939692620785908));
#5403=DIRECTION('ref_axis',(0.,-0.939692620785908,0.342020143325669));
#5404=DIRECTION('',(0.,-0.939692620785908,0.342020143325669));
#5405=DIRECTION('',(1.,0.,0.));
#5406=DIRECTION('center_axis',(0.,1.,-3.17843348816097E-15));
#5407=DIRECTION('ref_axis',(0.,3.17843348816097E-15,1.));
#5408=DIRECTION('',(0.,3.17843348816097E-15,1.));
#5409=DIRECTION('',(1.,0.,0.));
#5410=DIRECTION('center_axis',(0.,0.342020143325668,-0.939692620785909));
#5411=DIRECTION('ref_axis',(0.,0.939692620785909,0.342020143325668));
#5412=DIRECTION('',(0.,0.939692620785909,0.342020143325668));
#5413=DIRECTION('',(1.,0.,0.));
#5414=DIRECTION('center_axis',(0.,1.,1.25614983669293E-15));
#5415=DIRECTION('ref_axis',(0.,-1.25614983669293E-15,1.));
#5416=DIRECTION('',(0.,-1.25614983669293E-15,1.));
#5417=DIRECTION('',(1.,0.,0.));
#5418=DIRECTION('center_axis',(0.,0.34202014332567,0.939692620785908));
#5419=DIRECTION('ref_axis',(0.,-0.939692620785908,0.34202014332567));
#5420=DIRECTION('',(0.,-0.939692620785908,0.34202014332567));
#5421=DIRECTION('',(1.,0.,0.));
#5422=DIRECTION('center_axis',(0.,1.,-3.73354500047355E-15));
#5423=DIRECTION('ref_axis',(0.,3.73354500047355E-15,1.));
#5424=DIRECTION('',(0.,3.73354500047355E-15,1.));
#5425=DIRECTION('',(1.,0.,0.));
#5426=DIRECTION('center_axis',(0.,0.342020143325667,-0.939692620785909));
#5427=DIRECTION('ref_axis',(0.,0.939692620785909,0.342020143325667));
#5428=DIRECTION('',(0.,0.939692620785909,0.342020143325667));
#5429=DIRECTION('',(1.,0.,0.));
#5430=DIRECTION('center_axis',(0.,1.,7.0103832438035E-16));
#5431=DIRECTION('ref_axis',(0.,-7.0103832438035E-16,1.));
#5432=DIRECTION('',(0.,-7.0103832438035E-16,1.));
#5433=DIRECTION('',(1.,0.,0.));
#5434=DIRECTION('center_axis',(0.,0.342020143325668,0.939692620785909));
#5435=DIRECTION('ref_axis',(0.,-0.939692620785909,0.342020143325668));
#5436=DIRECTION('',(0.,-0.939692620785909,0.342020143325668));
#5437=DIRECTION('',(1.,0.,0.));
#5438=DIRECTION('center_axis',(0.,1.,-2.40127737092336E-15));
#5439=DIRECTION('ref_axis',(0.,2.40127737092336E-15,1.));
#5440=DIRECTION('',(0.,2.40127737092336E-15,1.));
#5441=DIRECTION('',(1.,0.,0.));
#5442=DIRECTION('center_axis',(0.,0.342020143325669,-0.939692620785908));
#5443=DIRECTION('ref_axis',(0.,0.939692620785909,0.342020143325669));
#5444=DIRECTION('',(0.,0.939692620785909,0.342020143325669));
#5445=DIRECTION('',(1.,0.,0.));
#5446=DIRECTION('center_axis',(0.,1.,2.03330595393054E-15));
#5447=DIRECTION('ref_axis',(0.,-2.03330595393054E-15,1.));
#5448=DIRECTION('',(0.,-2.03330595393054E-15,1.));
#5449=DIRECTION('',(1.,0.,0.));
#5450=DIRECTION('center_axis',(0.,0.342020143325669,0.939692620785908));
#5451=DIRECTION('ref_axis',(0.,-0.939692620785908,0.342020143325669));
#5452=DIRECTION('',(0.,-0.939692620785908,0.342020143325669));
#5453=DIRECTION('',(1.,0.,0.));
#5454=DIRECTION('center_axis',(0.,1.,-2.67883312707965E-15));
#5455=DIRECTION('ref_axis',(0.,2.67883312707965E-15,1.));
#5456=DIRECTION('',(0.,2.67883312707965E-15,1.));
#5457=DIRECTION('',(1.,0.,0.));
#5458=DIRECTION('center_axis',(0.,0.342020143325668,-0.939692620785909));
#5459=DIRECTION('ref_axis',(0.,0.939692620785909,0.342020143325668));
#5460=DIRECTION('',(0.,0.939692620785909,0.342020143325668));
#5461=DIRECTION('',(1.,0.,0.));
#5462=DIRECTION('center_axis',(0.,1.,1.75575019777425E-15));
#5463=DIRECTION('ref_axis',(0.,-1.75575019777425E-15,1.));
#5464=DIRECTION('',(0.,-1.75575019777425E-15,1.));
#5465=DIRECTION('',(1.,0.,0.));
#5466=DIRECTION('center_axis',(0.,0.342020143325669,0.939692620785908));
#5467=DIRECTION('ref_axis',(0.,-0.939692620785909,0.342020143325669));
#5468=DIRECTION('',(0.,-0.939692620785909,0.342020143325669));
#5469=DIRECTION('',(1.,0.,0.));
#5470=DIRECTION('center_axis',(0.,1.,-2.62332197584839E-15));
#5471=DIRECTION('ref_axis',(0.,2.62332197584839E-15,1.));
#5472=DIRECTION('',(0.,2.62332197584839E-15,1.));
#5473=DIRECTION('',(1.,0.,0.));
#5474=DIRECTION('center_axis',(0.,0.342020143325668,-0.939692620785909));
#5475=DIRECTION('ref_axis',(0.,0.939692620785909,0.342020143325668));
#5476=DIRECTION('',(0.,0.939692620785909,0.342020143325668));
#5477=DIRECTION('',(1.,0.,0.));
#5478=DIRECTION('center_axis',(0.,1.,1.81126134900551E-15));
#5479=DIRECTION('ref_axis',(0.,-1.81126134900551E-15,1.));
#5480=DIRECTION('',(0.,-1.81126134900551E-15,1.));
#5481=DIRECTION('',(1.,0.,0.));
#5482=DIRECTION('center_axis',(0.,0.34202014332567,0.939692620785908));
#5483=DIRECTION('ref_axis',(0.,-0.939692620785908,0.34202014332567));
#5484=DIRECTION('',(0.,-0.939692620785908,0.34202014332567));
#5485=DIRECTION('',(1.,0.,0.));
#5486=DIRECTION('center_axis',(0.,1.,-3.95558960539858E-15));
#5487=DIRECTION('ref_axis',(0.,3.95558960539858E-15,1.));
#5488=DIRECTION('',(0.,3.95558960539858E-15,1.));
#5489=DIRECTION('',(1.,0.,0.));
#5490=DIRECTION('center_axis',(0.,0.342020143325667,-0.939692620785909));
#5491=DIRECTION('ref_axis',(0.,0.939692620785909,0.342020143325667));
#5492=DIRECTION('',(0.,0.939692620785909,0.342020143325667));
#5493=DIRECTION('',(1.,0.,0.));
#5494=DIRECTION('center_axis',(0.,1.,4.78993719455319E-16));
#5495=DIRECTION('ref_axis',(0.,-4.78993719455319E-16,1.));
#5496=DIRECTION('',(0.,-4.78993719455319E-16,1.));
#5497=DIRECTION('',(1.,0.,0.));
#5498=DIRECTION('center_axis',(0.,0.34202014332567,0.939692620785908));
#5499=DIRECTION('ref_axis',(0.,-0.939692620785908,0.34202014332567));
#5500=DIRECTION('',(0.,-0.939692620785908,0.34202014332567));
#5501=DIRECTION('',(1.,0.,0.));
#5502=DIRECTION('center_axis',(0.,1.,-4.06661190786109E-15));
#5503=DIRECTION('ref_axis',(0.,4.06661190786109E-15,1.));
#5504=DIRECTION('',(0.,4.06661190786109E-15,1.));
#5505=DIRECTION('',(1.,0.,0.));
#5506=DIRECTION('center_axis',(0.,0.342020143325667,-0.939692620785909));
#5507=DIRECTION('ref_axis',(0.,0.939692620785909,0.342020143325667));
#5508=DIRECTION('',(0.,0.939692620785909,0.342020143325667));
#5509=DIRECTION('',(1.,0.,0.));
#5510=DIRECTION('center_axis',(0.,1.,3.67971416992806E-16));
#5511=DIRECTION('ref_axis',(0.,-3.67971416992806E-16,1.));
#5512=DIRECTION('',(0.,-3.67971416992806E-16,1.));
#5513=DIRECTION('',(1.,0.,0.));
#5514=DIRECTION('center_axis',(0.,0.342020143325669,0.939692620785908));
#5515=DIRECTION('ref_axis',(0.,-0.939692620785908,0.342020143325669));
#5516=DIRECTION('',(0.,-0.939692620785908,0.342020143325669));
#5517=DIRECTION('',(1.,0.,0.));
#5518=DIRECTION('center_axis',(0.,1.,-3.17843348816097E-15));
#5519=DIRECTION('ref_axis',(0.,3.17843348816097E-15,1.));
#5520=DIRECTION('',(0.,3.17843348816097E-15,1.));
#5521=DIRECTION('',(1.,0.,0.));
#5522=DIRECTION('center_axis',(0.,0.342020143325668,-0.939692620785909));
#5523=DIRECTION('ref_axis',(0.,0.939692620785909,0.342020143325668));
#5524=DIRECTION('',(0.,0.939692620785909,0.342020143325668));
#5525=DIRECTION('',(1.,0.,0.));
#5526=DIRECTION('center_axis',(0.,1.,1.25614983669293E-15));
#5527=DIRECTION('ref_axis',(0.,-1.25614983669293E-15,1.));
#5528=DIRECTION('',(0.,-1.25614983669293E-15,1.));
#5529=DIRECTION('',(1.,0.,0.));
#5530=DIRECTION('center_axis',(0.,0.34202014332567,0.939692620785908));
#5531=DIRECTION('ref_axis',(0.,-0.939692620785908,0.34202014332567));
#5532=DIRECTION('',(0.,-0.939692620785908,0.34202014332567));
#5533=DIRECTION('',(1.,0.,0.));
#5534=DIRECTION('center_axis',(0.,1.,-3.84456730293606E-15));
#5535=DIRECTION('ref_axis',(0.,3.84456730293606E-15,1.));
#5536=DIRECTION('',(0.,3.84456730293606E-15,1.));
#5537=DIRECTION('',(1.,0.,0.));
#5538=DIRECTION('center_axis',(0.,0.342020143325667,-0.939692620785909));
#5539=DIRECTION('ref_axis',(0.,0.939692620785909,0.342020143325667));
#5540=DIRECTION('',(0.,0.939692620785909,0.342020143325667));
#5541=DIRECTION('',(1.,0.,0.));
#5542=DIRECTION('center_axis',(0.,1.,5.90016021917836E-16));
#5543=DIRECTION('ref_axis',(0.,-5.90016021917836E-16,1.));
#5544=DIRECTION('',(0.,-5.90016021917836E-16,1.));
#5545=DIRECTION('',(1.,0.,0.));
#5546=DIRECTION('center_axis',(0.,0.342020143325669,0.939692620785908));
#5547=DIRECTION('ref_axis',(0.,-0.939692620785908,0.342020143325669));
#5548=DIRECTION('',(0.,-0.939692620785908,0.342020143325669));
#5549=DIRECTION('',(1.,0.,0.));
#5550=DIRECTION('center_axis',(0.,1.,-2.84536658077342E-15));
#5551=DIRECTION('ref_axis',(0.,2.84536658077342E-15,1.));
#5552=DIRECTION('',(0.,2.84536658077342E-15,1.));
#5553=DIRECTION('',(1.,0.,0.));
#5554=DIRECTION('center_axis',(0.,0.342020143325668,-0.939692620785909));
#5555=DIRECTION('ref_axis',(0.,0.939692620785909,0.342020143325668));
#5556=DIRECTION('',(0.,0.939692620785909,0.342020143325668));
#5557=DIRECTION('',(1.,0.,0.));
#5558=DIRECTION('center_axis',(0.,1.,1.58921674408048E-15));
#5559=DIRECTION('ref_axis',(0.,-1.58921674408048E-15,1.));
#5560=DIRECTION('',(0.,-1.58921674408048E-15,1.));
#5561=DIRECTION('',(1.,0.,0.));
#5562=DIRECTION('center_axis',(0.,0.34202014332567,0.939692620785908));
#5563=DIRECTION('ref_axis',(0.,-0.939692620785908,0.34202014332567));
#5564=DIRECTION('',(0.,-0.939692620785908,0.34202014332567));
#5565=DIRECTION('',(1.,0.,0.));
#5566=DIRECTION('center_axis',(0.,1.,-4.06661190786109E-15));
#5567=DIRECTION('ref_axis',(0.,4.06661190786109E-15,1.));
#5568=DIRECTION('',(0.,4.06661190786109E-15,1.));
#5569=DIRECTION('',(1.,0.,0.));
#5570=DIRECTION('center_axis',(0.,0.342020143325667,-0.939692620785909));
#5571=DIRECTION('ref_axis',(0.,0.939692620785909,0.342020143325667));
#5572=DIRECTION('',(0.,0.939692620785909,0.342020143325667));
#5573=DIRECTION('',(1.,0.,0.));
#5574=DIRECTION('center_axis',(0.,1.,3.67971416992804E-16));
#5575=DIRECTION('ref_axis',(0.,-3.67971416992804E-16,1.));
#5576=DIRECTION('',(0.,-3.67971416992804E-16,1.));
#5577=DIRECTION('',(1.,0.,0.));
#5578=DIRECTION('center_axis',(0.,0.342020143325669,0.939692620785908));
#5579=DIRECTION('ref_axis',(0.,-0.939692620785908,0.342020143325669));
#5580=DIRECTION('',(0.,-0.939692620785908,0.342020143325669));
#5581=DIRECTION('',(1.,0.,0.));
#5582=DIRECTION('center_axis',(0.,1.,-2.90087773200468E-15));
#5583=DIRECTION('ref_axis',(0.,2.90087773200468E-15,1.));
#5584=DIRECTION('',(0.,2.90087773200468E-15,1.));
#5585=DIRECTION('',(1.,0.,0.));
#5586=DIRECTION('center_axis',(0.,0.342020143325668,-0.939692620785909));
#5587=DIRECTION('ref_axis',(0.,0.939692620785909,0.342020143325668));
#5588=DIRECTION('',(0.,0.939692620785909,0.342020143325668));
#5589=DIRECTION('',(1.,0.,0.));
#5590=DIRECTION('center_axis',(0.,1.,1.53370559284922E-15));
#5591=DIRECTION('ref_axis',(0.,-1.53370559284922E-15,1.));
#5592=DIRECTION('',(0.,-1.53370559284922E-15,1.));
#5593=DIRECTION('',(1.,0.,0.));
#5594=DIRECTION('center_axis',(0.,0.342020143325669,0.939692620785909));
#5595=DIRECTION('ref_axis',(0.,-0.939692620785909,0.342020143325669));
#5596=DIRECTION('',(0.,-0.939692620785909,0.342020143325669));
#5597=DIRECTION('',(1.,0.,0.));
#5598=DIRECTION('center_axis',(0.,1.,-2.51229967338587E-15));
#5599=DIRECTION('ref_axis',(0.,2.51229967338587E-15,1.));
#5600=DIRECTION('',(0.,2.51229967338587E-15,1.));
#5601=DIRECTION('',(1.,0.,0.));
#5602=DIRECTION('center_axis',(0.,0.342020143325669,-0.939692620785909));
#5603=DIRECTION('ref_axis',(0.,0.939692620785909,0.342020143325669));
#5604=DIRECTION('',(0.,0.939692620785909,0.342020143325669));
#5605=DIRECTION('',(1.,0.,0.));
#5606=DIRECTION('center_axis',(0.,1.,1.92228365146803E-15));
#5607=DIRECTION('ref_axis',(0.,-1.92228365146803E-15,1.));
#5608=DIRECTION('',(0.,-1.92228365146803E-15,1.));
#5609=DIRECTION('',(1.,0.,0.));
#5610=DIRECTION('center_axis',(0.,0.34202014332567,0.939692620785908));
#5611=DIRECTION('ref_axis',(0.,-0.939692620785908,0.34202014332567));
#5612=DIRECTION('',(0.,-0.939692620785908,0.34202014332567));
#5613=DIRECTION('',(1.,0.,0.));
#5614=DIRECTION('center_axis',(0.,1.,-3.90007845416732E-15));
#5615=DIRECTION('ref_axis',(0.,3.90007845416732E-15,1.));
#5616=DIRECTION('',(0.,3.90007845416732E-15,1.));
#5617=DIRECTION('',(1.,0.,0.));
#5618=DIRECTION('center_axis',(0.,0.342020143325667,-0.939692620785909));
#5619=DIRECTION('ref_axis',(0.,0.939692620785909,0.342020143325667));
#5620=DIRECTION('',(0.,0.939692620785909,0.342020143325667));
#5621=DIRECTION('',(1.,0.,0.));
#5622=DIRECTION('center_axis',(0.,1.,5.34504870686576E-16));
#5623=DIRECTION('ref_axis',(0.,-5.34504870686576E-16,1.));
#5624=DIRECTION('',(0.,-5.34504870686576E-16,1.));
#5625=DIRECTION('',(1.,0.,0.));
#5626=DIRECTION('center_axis',(0.,0.34202014332567,0.939692620785908));
#5627=DIRECTION('ref_axis',(0.,-0.939692620785908,0.34202014332567));
#5628=DIRECTION('',(0.,-0.939692620785908,0.34202014332567));
#5629=DIRECTION('',(1.,0.,0.));
#5630=DIRECTION('center_axis',(0.,1.,-3.7890561517048E-15));
#5631=DIRECTION('ref_axis',(0.,3.7890561517048E-15,1.));
#5632=DIRECTION('',(0.,3.7890561517048E-15,1.));
#5633=DIRECTION('',(1.,0.,0.));
#5634=DIRECTION('center_axis',(0.,0.342020143325667,-0.939692620785909));
#5635=DIRECTION('ref_axis',(0.,0.939692620785909,0.342020143325667));
#5636=DIRECTION('',(0.,0.939692620785909,0.342020143325667));
#5637=DIRECTION('',(1.,0.,0.));
#5638=DIRECTION('center_axis',(0.,1.,6.45527173149094E-16));
#5639=DIRECTION('ref_axis',(0.,-6.45527173149094E-16,1.));
#5640=DIRECTION('',(0.,-6.45527173149094E-16,1.));
#5641=DIRECTION('',(1.,0.,0.));
#5642=DIRECTION('center_axis',(0.,0.34202014332567,0.939692620785908));
#5643=DIRECTION('ref_axis',(0.,-0.939692620785908,0.34202014332567));
#5644=DIRECTION('',(0.,-0.939692620785908,0.34202014332567));
#5645=DIRECTION('',(1.,0.,0.));
#5646=DIRECTION('center_axis',(0.,1.,-3.90007845416732E-15));
#5647=DIRECTION('ref_axis',(0.,3.90007845416732E-15,1.));
#5648=DIRECTION('',(0.,3.90007845416732E-15,1.));
#5649=DIRECTION('',(1.,0.,0.));
#5650=DIRECTION('center_axis',(0.,0.342020143325667,-0.939692620785909));
#5651=DIRECTION('ref_axis',(0.,0.939692620785909,0.342020143325667));
#5652=DIRECTION('',(0.,0.939692620785909,0.342020143325667));
#5653=DIRECTION('',(1.,0.,0.));
#5654=DIRECTION('center_axis',(0.,1.,5.34504870686576E-16));
#5655=DIRECTION('ref_axis',(0.,-5.34504870686576E-16,1.));
#5656=DIRECTION('',(0.,-5.34504870686576E-16,1.));
#5657=DIRECTION('',(1.,0.,0.));
#5658=DIRECTION('center_axis',(0.,0.34202014332567,0.939692620785908));
#5659=DIRECTION('ref_axis',(0.,-0.939692620785908,0.34202014332567));
#5660=DIRECTION('',(0.,-0.939692620785908,0.34202014332567));
#5661=DIRECTION('',(1.,0.,0.));
#5662=DIRECTION('center_axis',(0.,1.,-3.95558960539858E-15));
#5663=DIRECTION('ref_axis',(0.,3.95558960539858E-15,1.));
#5664=DIRECTION('',(0.,3.95558960539858E-15,1.));
#5665=DIRECTION('',(1.,0.,0.));
#5666=DIRECTION('center_axis',(0.,0.342020143325667,-0.939692620785909));
#5667=DIRECTION('ref_axis',(0.,0.939692620785909,0.342020143325667));
#5668=DIRECTION('',(0.,0.939692620785909,0.342020143325667));
#5669=DIRECTION('',(1.,0.,0.));
#5670=DIRECTION('center_axis',(0.,1.,4.7899371945532E-16));
#5671=DIRECTION('ref_axis',(0.,-4.7899371945532E-16,1.));
#5672=DIRECTION('',(0.,-4.7899371945532E-16,1.));
#5673=DIRECTION('',(1.,0.,0.));
#5674=DIRECTION('center_axis',(0.,0.34202014332567,0.939692620785908));
#5675=DIRECTION('ref_axis',(0.,-0.939692620785908,0.34202014332567));
#5676=DIRECTION('',(0.,-0.939692620785908,0.34202014332567));
#5677=DIRECTION('',(1.,0.,0.));
#5678=DIRECTION('center_axis',(0.,1.,-4.06661190786109E-15));
#5679=DIRECTION('ref_axis',(0.,4.06661190786109E-15,1.));
#5680=DIRECTION('',(0.,4.06661190786109E-15,1.));
#5681=DIRECTION('',(1.,0.,0.));
#5682=DIRECTION('center_axis',(0.,0.342020143325667,-0.939692620785909));
#5683=DIRECTION('ref_axis',(0.,0.939692620785909,0.342020143325667));
#5684=DIRECTION('',(0.,0.939692620785909,0.342020143325667));
#5685=DIRECTION('',(1.,0.,0.));
#5686=DIRECTION('center_axis',(0.,1.,3.67971416992803E-16));
#5687=DIRECTION('ref_axis',(0.,-3.67971416992803E-16,1.));
#5688=DIRECTION('',(0.,-3.67971416992803E-16,1.));
#5689=DIRECTION('',(1.,0.,0.));
#5690=DIRECTION('center_axis',(0.,0.342020143325669,0.939692620785908));
#5691=DIRECTION('ref_axis',(0.,-0.939692620785908,0.342020143325669));
#5692=DIRECTION('',(0.,-0.939692620785908,0.342020143325669));
#5693=DIRECTION('',(1.,0.,0.));
#5694=DIRECTION('center_axis',(0.,1.,-2.95638888323594E-15));
#5695=DIRECTION('ref_axis',(0.,2.95638888323593E-15,1.));
#5696=DIRECTION('',(0.,2.95638888323593E-15,1.));
#5697=DIRECTION('',(1.,0.,0.));
#5698=DIRECTION('center_axis',(0.,0.342020143325668,-0.939692620785909));
#5699=DIRECTION('ref_axis',(0.,0.939692620785909,0.342020143325668));
#5700=DIRECTION('',(0.,0.939692620785909,0.342020143325668));
#5701=DIRECTION('',(1.,0.,0.));
#5702=DIRECTION('center_axis',(0.,1.,1.1169245720575E-16));
#5703=DIRECTION('ref_axis',(0.,-1.1169245720575E-16,1.));
#5704=DIRECTION('',(0.,-1.1169245720575E-16,1.));
#5705=DIRECTION('',(1.,0.,0.));
#5706=DIRECTION('center_axis',(0.,0.,-1.));
#5707=DIRECTION('ref_axis',(0.,1.,0.));
#5708=DIRECTION('',(1.,0.,0.));
#5709=DIRECTION('center_axis',(0.,-1.,-3.06304095711113E-16));
#5710=DIRECTION('ref_axis',(0.,3.06304095711113E-16,-1.));
#5711=DIRECTION('center_axis',(1.,0.,0.));
#5712=DIRECTION('ref_axis',(0.,0.,-1.));
#5713=CARTESIAN_POINT('',(0.,0.,0.));
#5714=CARTESIAN_POINT('Origin',(4.5,12.7500000000004,-130.));
#5715=CARTESIAN_POINT('',(14.5,3.99680288865056E-14,-130.));
#5716=CARTESIAN_POINT('',(4.5,3.99680288865056E-14,-130.));
#5717=CARTESIAN_POINT('',(2.25,3.88578058618805E-14,-130.));
#5718=CARTESIAN_POINT('',(14.5,12.7500000000004,-130.));
#5719=CARTESIAN_POINT('',(14.5,12.7500000000004,-130.));
#5720=CARTESIAN_POINT('',(4.5,12.7500000000004,-130.));
#5721=CARTESIAN_POINT('',(2.25,12.75,-130.));
#5722=CARTESIAN_POINT('',(4.5,12.7500000000004,-130.));
#5723=CARTESIAN_POINT('Origin',(14.5,12.7500000000004,-130.));
#5724=CARTESIAN_POINT('',(14.5,3.77475828372553E-14,-120.));
#5725=CARTESIAN_POINT('',(14.5,5.55111512312578E-15,-20.4037655484306));
#5726=CARTESIAN_POINT('',(14.5,12.7500000000004,-120.));
#5727=CARTESIAN_POINT('',(14.5,12.7500000000004,-120.));
#5728=CARTESIAN_POINT('',(14.5,12.75,-132.5));
#5729=CARTESIAN_POINT('',(14.5,6.37500000000001,-123.));
#5730=CARTESIAN_POINT('Origin',(14.5,6.37500000000001,-125.));
#5731=CARTESIAN_POINT('Origin',(4.5,12.7500000000004,-120.));
#5732=CARTESIAN_POINT('',(4.5,3.77475828372553E-14,-120.));
#5733=CARTESIAN_POINT('',(4.50000000000002,4.44089209850063E-15,-15.4037655484306));
#5734=CARTESIAN_POINT('',(4.5,12.7500000000004,-120.));
#5735=CARTESIAN_POINT('',(4.5,12.75,-127.5));
#5736=CARTESIAN_POINT('',(4.5,12.7500000000004,-120.));
#5737=CARTESIAN_POINT('',(4.49999999999999,6.37500000000001,-123.4));
#5738=CARTESIAN_POINT('Origin',(4.49999999999999,6.37500000000001,-125.));
#5739=CARTESIAN_POINT('Origin',(14.5,12.7500000000004,-120.));
#5740=CARTESIAN_POINT('',(7.25,3.66373598126302E-14,-120.));
#5741=CARTESIAN_POINT('',(7.25,12.75,-120.));
#5742=CARTESIAN_POINT('Origin',(13.5,6.37500000000001,-125.));
#5743=CARTESIAN_POINT('',(24.5,6.37500000000001,-123.));
#5744=CARTESIAN_POINT('Origin',(24.5,6.37500000000001,-125.));
#5745=CARTESIAN_POINT('',(13.5,6.37500000000001,-123.));
#5746=CARTESIAN_POINT('Origin',(-257.069512280005,6.37500000000001,-125.));
#5747=CARTESIAN_POINT('',(-0.500000000000007,6.37500000000001,-123.4));
#5748=CARTESIAN_POINT('',(-257.069512280005,6.37500000000001,-123.4));
#5749=CARTESIAN_POINT('Origin',(-0.500000000000007,6.37500000000001,-125.));
#5750=CARTESIAN_POINT('Origin',(24.5,6.37500000000001,-125.));
#5751=CARTESIAN_POINT('',(24.5,12.75,-135.));
#5752=CARTESIAN_POINT('',(24.5,12.75,-115.));
#5753=CARTESIAN_POINT('',(24.5,12.75,-135.));
#5754=CARTESIAN_POINT('',(24.5,3.99680288865056E-14,-115.));
#5755=CARTESIAN_POINT('',(24.5,12.75,-115.));
#5756=CARTESIAN_POINT('',(24.5,4.21884749357559E-14,-135.));
#5757=CARTESIAN_POINT('',(24.5,3.89065140689924E-14,-115.));
#5758=CARTESIAN_POINT('',(24.5,4.21884749357559E-14,-135.));
#5759=CARTESIAN_POINT('Origin',(8.,12.75,-115.));
#5760=CARTESIAN_POINT('',(0.,12.75,-115.));
#5761=CARTESIAN_POINT('',(0.,12.,-115.));
#5762=CARTESIAN_POINT('',(0.,10.125,-115.));
#5763=CARTESIAN_POINT('',(-0.5,12.75,-115.));
#5764=CARTESIAN_POINT('',(8.,12.75,-115.));
#5765=CARTESIAN_POINT('',(-0.5,12.,-115.));
#5766=CARTESIAN_POINT('',(-0.5,12.75,-115.));
#5767=CARTESIAN_POINT('',(8.,12.,-115.));
#5768=CARTESIAN_POINT('Origin',(8.,12.,-115.));
#5769=CARTESIAN_POINT('',(0.,12.,135.));
#5770=CARTESIAN_POINT('',(0.,12.,-57.5));
#5771=CARTESIAN_POINT('',(-0.5,12.,135.));
#5772=CARTESIAN_POINT('',(-0.5,12.,-115.));
#5773=CARTESIAN_POINT('',(8.,12.,135.));
#5774=CARTESIAN_POINT('Origin',(8.,12.,-115.));
#5775=CARTESIAN_POINT('',(8.,12.,135.));
#5776=CARTESIAN_POINT('',(8.,12.,-115.));
#5777=CARTESIAN_POINT('',(8.,12.,-57.5));
#5778=CARTESIAN_POINT('',(14.5,12.,135.));
#5779=CARTESIAN_POINT('',(8.,12.,135.));
#5780=CARTESIAN_POINT('',(14.5,12.,-115.));
#5781=CARTESIAN_POINT('',(14.5,12.,-115.));
#5782=CARTESIAN_POINT('',(8.,12.,-115.));
#5783=CARTESIAN_POINT('Origin',(-0.5,6.37499999999997,0.));
#5784=CARTESIAN_POINT('',(-0.5,-2.74780198594726E-14,89.1924689031387));
#5785=CARTESIAN_POINT('',(-0.5,1.99999999999991,135.));
#5786=CARTESIAN_POINT('',(-0.5,1.99999999999991,135.));
#5787=CARTESIAN_POINT('',(-0.5,12.,135.));
#5788=CARTESIAN_POINT('',(-0.5,12.75,-135.));
#5789=CARTESIAN_POINT('',(-0.5,12.75,-135.));
#5790=CARTESIAN_POINT('',(-0.5,4.13558076672871E-14,-135.));
#5791=CARTESIAN_POINT('',(-0.5,4.13318294712232E-14,-135.));
#5792=CARTESIAN_POINT('',(-0.5,-2.73392419813945E-14,89.1924689031387));
#5793=CARTESIAN_POINT('Origin',(8.,12.75,-115.));
#5794=CARTESIAN_POINT('',(8.,12.75,-115.));
#5795=CARTESIAN_POINT('',(8.,10.125,-115.));
#5796=CARTESIAN_POINT('',(14.5,3.89065140689924E-14,-115.));
#5797=CARTESIAN_POINT('',(14.5,9.56249999999997,-115.));
#5798=CARTESIAN_POINT('',(14.5,3.89065140689924E-14,-115.));
#5799=CARTESIAN_POINT('',(8.,12.75,-115.));
#5800=CARTESIAN_POINT('Origin',(14.5,6.37499999999997,0.));
#5801=CARTESIAN_POINT('',(14.5,1.99999999999991,135.));
#5802=CARTESIAN_POINT('',(14.5,12.,135.));
#5803=CARTESIAN_POINT('',(14.5,-2.74780198594726E-14,89.1924689031387));
#5804=CARTESIAN_POINT('',(14.5,1.99999999999991,135.));
#5805=CARTESIAN_POINT('',(14.5,-2.73392419813945E-14,89.1924689031387));
#5806=CARTESIAN_POINT('Origin',(0.,7.49999999999997,0.));
#5807=CARTESIAN_POINT('',(0.,12.75,135.));
#5808=CARTESIAN_POINT('',(0.,12.75,135.));
#5809=CARTESIAN_POINT('',(0.,15.,134.181066972901));
#5810=CARTESIAN_POINT('',(0.,15.,134.181066972901));
#5811=CARTESIAN_POINT('',(0.,15.,133.43));
#5812=CARTESIAN_POINT('',(0.,15.,133.43));
#5813=CARTESIAN_POINT('',(0.,12.75,132.611066972901));
#5814=CARTESIAN_POINT('',(0.,12.75,132.611066972901));
#5815=CARTESIAN_POINT('',(0.,12.75,131.86));
#5816=CARTESIAN_POINT('',(0.,12.75,131.86));
#5817=CARTESIAN_POINT('',(0.,15.,131.041066972901));
#5818=CARTESIAN_POINT('',(0.,15.,131.041066972901));
#5819=CARTESIAN_POINT('',(0.,15.,130.29));
#5820=CARTESIAN_POINT('',(0.,15.,130.29));
#5821=CARTESIAN_POINT('',(0.,12.75,129.471066972901));
#5822=CARTESIAN_POINT('',(0.,12.75,129.471066972901));
#5823=CARTESIAN_POINT('',(0.,12.75,128.72));
#5824=CARTESIAN_POINT('',(0.,12.75,128.72));
#5825=CARTESIAN_POINT('',(0.,15.,127.901066972901));
#5826=CARTESIAN_POINT('',(0.,15.,127.901066972901));
#5827=CARTESIAN_POINT('',(0.,15.,127.15));
#5828=CARTESIAN_POINT('',(0.,15.,127.15));
#5829=CARTESIAN_POINT('',(0.,12.75,126.331066972901));
#5830=CARTESIAN_POINT('',(0.,12.75,126.331066972901));
#5831=CARTESIAN_POINT('',(0.,12.75,125.58));
#5832=CARTESIAN_POINT('',(0.,12.75,125.58));
#5833=CARTESIAN_POINT('',(0.,15.,124.761066972901));
#5834=CARTESIAN_POINT('',(0.,15.,124.761066972901));
#5835=CARTESIAN_POINT('',(0.,15.,124.01));
#5836=CARTESIAN_POINT('',(0.,15.,124.01));
#5837=CARTESIAN_POINT('',(0.,12.75,123.191066972901));
#5838=CARTESIAN_POINT('',(0.,12.75,123.191066972901));
#5839=CARTESIAN_POINT('',(0.,12.75,122.44));
#5840=CARTESIAN_POINT('',(0.,12.75,122.44));
#5841=CARTESIAN_POINT('',(0.,15.,121.621066972901));
#5842=CARTESIAN_POINT('',(0.,15.,121.621066972901));
#5843=CARTESIAN_POINT('',(0.,15.,120.87));
#5844=CARTESIAN_POINT('',(0.,15.,120.87));
#5845=CARTESIAN_POINT('',(0.,12.75,120.051066972901));
#5846=CARTESIAN_POINT('',(0.,12.75,120.051066972901));
#5847=CARTESIAN_POINT('',(0.,12.75,119.3));
#5848=CARTESIAN_POINT('',(0.,12.75,119.3));
#5849=CARTESIAN_POINT('',(0.,15.,118.481066972901));
#5850=CARTESIAN_POINT('',(0.,15.,118.481066972901));
#5851=CARTESIAN_POINT('',(0.,15.,117.73));
#5852=CARTESIAN_POINT('',(0.,15.,117.73));
#5853=CARTESIAN_POINT('',(0.,12.75,116.911066972901));
#5854=CARTESIAN_POINT('',(0.,12.75,116.911066972901));
#5855=CARTESIAN_POINT('',(0.,12.75,116.16));
#5856=CARTESIAN_POINT('',(0.,12.75,116.16));
#5857=CARTESIAN_POINT('',(0.,15.,115.341066972901));
#5858=CARTESIAN_POINT('',(0.,15.,115.341066972901));
#5859=CARTESIAN_POINT('',(0.,15.,114.59));
#5860=CARTESIAN_POINT('',(0.,15.,114.59));
#5861=CARTESIAN_POINT('',(0.,12.75,113.771066972901));
#5862=CARTESIAN_POINT('',(0.,12.75,113.771066972901));
#5863=CARTESIAN_POINT('',(0.,12.75,113.02));
#5864=CARTESIAN_POINT('',(0.,12.75,113.02));
#5865=CARTESIAN_POINT('',(0.,15.,112.201066972901));
#5866=CARTESIAN_POINT('',(0.,15.,112.201066972901));
#5867=CARTESIAN_POINT('',(0.,15.,111.45));
#5868=CARTESIAN_POINT('',(0.,15.,111.45));
#5869=CARTESIAN_POINT('',(0.,12.75,110.631066972901));
#5870=CARTESIAN_POINT('',(0.,12.75,110.631066972901));
#5871=CARTESIAN_POINT('',(0.,12.75,109.88));
#5872=CARTESIAN_POINT('',(0.,12.75,109.88));
#5873=CARTESIAN_POINT('',(0.,15.,109.061066972901));
#5874=CARTESIAN_POINT('',(0.,15.,109.061066972901));
#5875=CARTESIAN_POINT('',(0.,15.,108.31));
#5876=CARTESIAN_POINT('',(0.,15.,108.31));
#5877=CARTESIAN_POINT('',(0.,12.75,107.491066972901));
#5878=CARTESIAN_POINT('',(0.,12.75,107.491066972901));
#5879=CARTESIAN_POINT('',(0.,12.75,106.74));
#5880=CARTESIAN_POINT('',(0.,12.75,106.74));
#5881=CARTESIAN_POINT('',(0.,15.,105.921066972901));
#5882=CARTESIAN_POINT('',(0.,15.,105.921066972901));
#5883=CARTESIAN_POINT('',(0.,15.,105.17));
#5884=CARTESIAN_POINT('',(0.,15.,105.17));
#5885=CARTESIAN_POINT('',(0.,12.75,104.351066972901));
#5886=CARTESIAN_POINT('',(0.,12.75,104.351066972901));
#5887=CARTESIAN_POINT('',(0.,12.75,103.6));
#5888=CARTESIAN_POINT('',(0.,12.75,103.6));
#5889=CARTESIAN_POINT('',(0.,15.,102.781066972901));
#5890=CARTESIAN_POINT('',(0.,15.,102.781066972901));
#5891=CARTESIAN_POINT('',(0.,15.,102.03));
#5892=CARTESIAN_POINT('',(0.,15.,102.03));
#5893=CARTESIAN_POINT('',(0.,12.75,101.211066972901));
#5894=CARTESIAN_POINT('',(0.,12.75,101.211066972901));
#5895=CARTESIAN_POINT('',(0.,12.75,100.46));
#5896=CARTESIAN_POINT('',(0.,12.75,100.46));
#5897=CARTESIAN_POINT('',(0.,15.,99.641066972901));
#5898=CARTESIAN_POINT('',(0.,15.,99.641066972901));
#5899=CARTESIAN_POINT('',(0.,15.,98.89));
#5900=CARTESIAN_POINT('',(0.,15.,98.89));
#5901=CARTESIAN_POINT('',(0.,12.75,98.071066972901));
#5902=CARTESIAN_POINT('',(0.,12.75,98.071066972901));
#5903=CARTESIAN_POINT('',(0.,12.75,97.32));
#5904=CARTESIAN_POINT('',(0.,12.75,97.32));
#5905=CARTESIAN_POINT('',(0.,15.,96.501066972901));
#5906=CARTESIAN_POINT('',(0.,15.,96.501066972901));
#5907=CARTESIAN_POINT('',(0.,15.,95.75));
#5908=CARTESIAN_POINT('',(0.,15.,95.75));
#5909=CARTESIAN_POINT('',(0.,12.75,94.931066972901));
#5910=CARTESIAN_POINT('',(0.,12.75,94.931066972901));
#5911=CARTESIAN_POINT('',(0.,12.75,94.18));
#5912=CARTESIAN_POINT('',(0.,12.75,94.18));
#5913=CARTESIAN_POINT('',(0.,15.,93.361066972901));
#5914=CARTESIAN_POINT('',(0.,15.,93.3610669729011));
#5915=CARTESIAN_POINT('',(0.,15.,92.61));
#5916=CARTESIAN_POINT('',(0.,15.,92.61));
#5917=CARTESIAN_POINT('',(0.,12.75,91.7910669729011));
#5918=CARTESIAN_POINT('',(0.,12.75,91.791066972901));
#5919=CARTESIAN_POINT('',(0.,12.75,91.04));
#5920=CARTESIAN_POINT('',(0.,12.75,91.04));
#5921=CARTESIAN_POINT('',(0.,15.,90.221066972901));
#5922=CARTESIAN_POINT('',(0.,15.,90.221066972901));
#5923=CARTESIAN_POINT('',(0.,14.9999999999999,89.47));
#5924=CARTESIAN_POINT('',(0.,15.,89.47));
#5925=CARTESIAN_POINT('',(0.,12.7499999999999,88.651066972901));
#5926=CARTESIAN_POINT('',(0.,12.7499999999999,88.651066972901));
#5927=CARTESIAN_POINT('',(0.,12.75,87.9));
#5928=CARTESIAN_POINT('',(0.,12.7499999999999,87.9));
#5929=CARTESIAN_POINT('',(0.,15.,87.081066972901));
#5930=CARTESIAN_POINT('',(0.,15.,87.0810669729011));
#5931=CARTESIAN_POINT('',(0.,15.,86.33));
#5932=CARTESIAN_POINT('',(0.,15.,86.33));
#5933=CARTESIAN_POINT('',(0.,12.75,85.5110669729011));
#5934=CARTESIAN_POINT('',(0.,12.75,85.511066972901));
#5935=CARTESIAN_POINT('',(0.,12.75,84.76));
#5936=CARTESIAN_POINT('',(0.,12.75,84.76));
#5937=CARTESIAN_POINT('',(0.,15.,83.941066972901));
#5938=CARTESIAN_POINT('',(0.,15.,83.941066972901));
#5939=CARTESIAN_POINT('',(0.,15.,83.19));
#5940=CARTESIAN_POINT('',(0.,15.,83.19));
#5941=CARTESIAN_POINT('',(0.,12.75,82.371066972901));
#5942=CARTESIAN_POINT('',(0.,12.75,82.371066972901));
#5943=CARTESIAN_POINT('',(0.,12.75,81.62));
#5944=CARTESIAN_POINT('',(0.,12.75,81.62));
#5945=CARTESIAN_POINT('',(0.,15.,80.801066972901));
#5946=CARTESIAN_POINT('',(0.,15.,80.801066972901));
#5947=CARTESIAN_POINT('',(0.,15.,80.05));
#5948=CARTESIAN_POINT('',(0.,15.,80.05));
#5949=CARTESIAN_POINT('',(0.,12.75,79.231066972901));
#5950=CARTESIAN_POINT('',(0.,12.75,79.231066972901));
#5951=CARTESIAN_POINT('',(0.,12.75,78.48));
#5952=CARTESIAN_POINT('',(0.,12.75,78.48));
#5953=CARTESIAN_POINT('',(0.,15.,77.661066972901));
#5954=CARTESIAN_POINT('',(0.,15.,77.661066972901));
#5955=CARTESIAN_POINT('',(0.,15.,76.91));
#5956=CARTESIAN_POINT('',(0.,15.,76.91));
#5957=CARTESIAN_POINT('',(0.,12.75,76.091066972901));
#5958=CARTESIAN_POINT('',(0.,12.75,76.091066972901));
#5959=CARTESIAN_POINT('',(0.,12.75,75.34));
#5960=CARTESIAN_POINT('',(0.,12.75,75.34));
#5961=CARTESIAN_POINT('',(0.,15.,74.521066972901));
#5962=CARTESIAN_POINT('',(0.,15.,74.521066972901));
#5963=CARTESIAN_POINT('',(0.,15.,73.77));
#5964=CARTESIAN_POINT('',(0.,15.,73.77));
#5965=CARTESIAN_POINT('',(0.,12.75,72.951066972901));
#5966=CARTESIAN_POINT('',(0.,12.75,72.951066972901));
#5967=CARTESIAN_POINT('',(0.,12.75,72.2));
#5968=CARTESIAN_POINT('',(0.,12.75,72.2));
#5969=CARTESIAN_POINT('',(0.,15.,71.381066972901));
#5970=CARTESIAN_POINT('',(0.,15.,71.381066972901));
#5971=CARTESIAN_POINT('',(0.,15.,70.63));
#5972=CARTESIAN_POINT('',(0.,15.,70.63));
#5973=CARTESIAN_POINT('',(0.,12.75,69.811066972901));
#5974=CARTESIAN_POINT('',(0.,12.75,69.811066972901));
#5975=CARTESIAN_POINT('',(0.,12.75,69.06));
#5976=CARTESIAN_POINT('',(0.,12.75,69.06));
#5977=CARTESIAN_POINT('',(0.,15.,68.241066972901));
#5978=CARTESIAN_POINT('',(0.,15.,68.241066972901));
#5979=CARTESIAN_POINT('',(0.,15.,67.49));
#5980=CARTESIAN_POINT('',(0.,15.,67.49));
#5981=CARTESIAN_POINT('',(0.,12.75,66.671066972901));
#5982=CARTESIAN_POINT('',(0.,12.75,66.671066972901));
#5983=CARTESIAN_POINT('',(0.,12.75,65.92));
#5984=CARTESIAN_POINT('',(0.,12.75,65.92));
#5985=CARTESIAN_POINT('',(0.,15.,65.101066972901));
#5986=CARTESIAN_POINT('',(0.,15.,65.101066972901));
#5987=CARTESIAN_POINT('',(0.,15.,64.35));
#5988=CARTESIAN_POINT('',(0.,15.,64.35));
#5989=CARTESIAN_POINT('',(0.,12.75,63.531066972901));
#5990=CARTESIAN_POINT('',(0.,12.75,63.531066972901));
#5991=CARTESIAN_POINT('',(0.,12.75,62.78));
#5992=CARTESIAN_POINT('',(0.,12.75,62.78));
#5993=CARTESIAN_POINT('',(0.,15.,61.961066972901));
#5994=CARTESIAN_POINT('',(0.,15.,61.961066972901));
#5995=CARTESIAN_POINT('',(0.,15.,61.21));
#5996=CARTESIAN_POINT('',(0.,15.,61.21));
#5997=CARTESIAN_POINT('',(0.,12.75,60.391066972901));
#5998=CARTESIAN_POINT('',(0.,12.75,60.391066972901));
#5999=CARTESIAN_POINT('',(0.,12.75,59.64));
#6000=CARTESIAN_POINT('',(0.,12.75,59.64));
#6001=CARTESIAN_POINT('',(0.,15.,58.821066972901));
#6002=CARTESIAN_POINT('',(0.,15.,58.821066972901));
#6003=CARTESIAN_POINT('',(0.,15.,58.07));
#6004=CARTESIAN_POINT('',(0.,15.,58.07));
#6005=CARTESIAN_POINT('',(0.,12.75,57.251066972901));
#6006=CARTESIAN_POINT('',(0.,12.75,57.251066972901));
#6007=CARTESIAN_POINT('',(0.,12.75,56.5));
#6008=CARTESIAN_POINT('',(0.,12.75,56.5));
#6009=CARTESIAN_POINT('',(0.,15.,55.681066972901));
#6010=CARTESIAN_POINT('',(0.,15.,55.681066972901));
#6011=CARTESIAN_POINT('',(0.,15.,54.93));
#6012=CARTESIAN_POINT('',(0.,15.,54.93));
#6013=CARTESIAN_POINT('',(0.,12.75,54.111066972901));
#6014=CARTESIAN_POINT('',(0.,12.75,54.111066972901));
#6015=CARTESIAN_POINT('',(0.,12.75,53.36));
#6016=CARTESIAN_POINT('',(0.,12.75,53.36));
#6017=CARTESIAN_POINT('',(0.,15.,52.541066972901));
#6018=CARTESIAN_POINT('',(0.,15.,52.541066972901));
#6019=CARTESIAN_POINT('',(0.,15.,51.79));
#6020=CARTESIAN_POINT('',(0.,15.,51.79));
#6021=CARTESIAN_POINT('',(0.,12.75,50.971066972901));
#6022=CARTESIAN_POINT('',(0.,12.75,50.971066972901));
#6023=CARTESIAN_POINT('',(0.,12.75,50.22));
#6024=CARTESIAN_POINT('',(0.,12.75,50.22));
#6025=CARTESIAN_POINT('',(0.,15.,49.401066972901));
#6026=CARTESIAN_POINT('',(0.,15.,49.401066972901));
#6027=CARTESIAN_POINT('',(0.,15.,48.65));
#6028=CARTESIAN_POINT('',(0.,15.,48.65));
#6029=CARTESIAN_POINT('',(0.,12.75,47.831066972901));
#6030=CARTESIAN_POINT('',(0.,12.75,47.831066972901));
#6031=CARTESIAN_POINT('',(0.,12.75,47.08));
#6032=CARTESIAN_POINT('',(0.,12.75,47.08));
#6033=CARTESIAN_POINT('',(0.,15.,46.261066972901));
#6034=CARTESIAN_POINT('',(0.,15.,46.261066972901));
#6035=CARTESIAN_POINT('',(0.,15.,45.51));
#6036=CARTESIAN_POINT('',(0.,15.,45.51));
#6037=CARTESIAN_POINT('',(0.,12.75,44.691066972901));
#6038=CARTESIAN_POINT('',(0.,12.75,44.691066972901));
#6039=CARTESIAN_POINT('',(0.,12.75,43.94));
#6040=CARTESIAN_POINT('',(0.,12.75,43.94));
#6041=CARTESIAN_POINT('',(0.,15.,43.121066972901));
#6042=CARTESIAN_POINT('',(0.,15.,43.121066972901));
#6043=CARTESIAN_POINT('',(0.,15.,42.37));
#6044=CARTESIAN_POINT('',(0.,15.,42.37));
#6045=CARTESIAN_POINT('',(0.,12.75,41.551066972901));
#6046=CARTESIAN_POINT('',(0.,12.75,41.551066972901));
#6047=CARTESIAN_POINT('',(0.,12.75,40.8));
#6048=CARTESIAN_POINT('',(0.,12.75,40.8));
#6049=CARTESIAN_POINT('',(0.,15.,39.981066972901));
#6050=CARTESIAN_POINT('',(0.,15.,39.981066972901));
#6051=CARTESIAN_POINT('',(0.,15.,39.23));
#6052=CARTESIAN_POINT('',(0.,15.,39.23));
#6053=CARTESIAN_POINT('',(0.,12.75,38.411066972901));
#6054=CARTESIAN_POINT('',(0.,12.75,38.411066972901));
#6055=CARTESIAN_POINT('',(0.,12.75,37.66));
#6056=CARTESIAN_POINT('',(0.,12.75,37.66));
#6057=CARTESIAN_POINT('',(0.,15.,36.841066972901));
#6058=CARTESIAN_POINT('',(0.,15.,36.841066972901));
#6059=CARTESIAN_POINT('',(0.,15.,36.09));
#6060=CARTESIAN_POINT('',(0.,15.,36.09));
#6061=CARTESIAN_POINT('',(0.,12.75,35.271066972901));
#6062=CARTESIAN_POINT('',(0.,12.75,35.271066972901));
#6063=CARTESIAN_POINT('',(0.,12.75,34.52));
#6064=CARTESIAN_POINT('',(0.,12.75,34.52));
#6065=CARTESIAN_POINT('',(0.,15.,33.701066972901));
#6066=CARTESIAN_POINT('',(0.,15.,33.701066972901));
#6067=CARTESIAN_POINT('',(0.,15.,32.95));
#6068=CARTESIAN_POINT('',(0.,15.,32.95));
#6069=CARTESIAN_POINT('',(0.,12.75,32.131066972901));
#6070=CARTESIAN_POINT('',(0.,12.75,32.131066972901));
#6071=CARTESIAN_POINT('',(0.,12.75,31.38));
#6072=CARTESIAN_POINT('',(0.,12.75,31.38));
#6073=CARTESIAN_POINT('',(0.,15.,30.561066972901));
#6074=CARTESIAN_POINT('',(0.,15.,30.561066972901));
#6075=CARTESIAN_POINT('',(0.,15.,29.81));
#6076=CARTESIAN_POINT('',(0.,15.,29.81));
#6077=CARTESIAN_POINT('',(0.,12.75,28.991066972901));
#6078=CARTESIAN_POINT('',(0.,12.75,28.991066972901));
#6079=CARTESIAN_POINT('',(0.,12.75,28.24));
#6080=CARTESIAN_POINT('',(0.,12.75,28.24));
#6081=CARTESIAN_POINT('',(0.,15.,27.421066972901));
#6082=CARTESIAN_POINT('',(0.,15.,27.421066972901));
#6083=CARTESIAN_POINT('',(0.,15.,26.67));
#6084=CARTESIAN_POINT('',(0.,15.,26.67));
#6085=CARTESIAN_POINT('',(0.,12.75,25.851066972901));
#6086=CARTESIAN_POINT('',(0.,12.75,25.851066972901));
#6087=CARTESIAN_POINT('',(0.,12.75,25.1));
#6088=CARTESIAN_POINT('',(0.,12.75,25.1));
#6089=CARTESIAN_POINT('',(0.,15.,24.281066972901));
#6090=CARTESIAN_POINT('',(0.,15.,24.281066972901));
#6091=CARTESIAN_POINT('',(0.,15.,23.53));
#6092=CARTESIAN_POINT('',(0.,15.,23.53));
#6093=CARTESIAN_POINT('',(0.,12.75,22.711066972901));
#6094=CARTESIAN_POINT('',(0.,12.75,22.711066972901));
#6095=CARTESIAN_POINT('',(0.,12.75,21.96));
#6096=CARTESIAN_POINT('',(0.,12.75,21.96));
#6097=CARTESIAN_POINT('',(0.,15.,21.141066972901));
#6098=CARTESIAN_POINT('',(0.,15.,21.141066972901));
#6099=CARTESIAN_POINT('',(0.,15.,20.39));
#6100=CARTESIAN_POINT('',(0.,15.,20.39));
#6101=CARTESIAN_POINT('',(0.,12.75,19.571066972901));
#6102=CARTESIAN_POINT('',(0.,12.75,19.571066972901));
#6103=CARTESIAN_POINT('',(0.,12.75,18.82));
#6104=CARTESIAN_POINT('',(0.,12.75,18.82));
#6105=CARTESIAN_POINT('',(0.,15.,18.001066972901));
#6106=CARTESIAN_POINT('',(0.,15.,18.001066972901));
#6107=CARTESIAN_POINT('',(0.,15.,17.25));
#6108=CARTESIAN_POINT('',(0.,15.,17.25));
#6109=CARTESIAN_POINT('',(0.,12.75,16.431066972901));
#6110=CARTESIAN_POINT('',(0.,12.75,16.431066972901));
#6111=CARTESIAN_POINT('',(0.,12.75,15.68));
#6112=CARTESIAN_POINT('',(0.,12.75,15.68));
#6113=CARTESIAN_POINT('',(0.,15.,14.861066972901));
#6114=CARTESIAN_POINT('',(0.,15.,14.861066972901));
#6115=CARTESIAN_POINT('',(0.,15.,14.11));
#6116=CARTESIAN_POINT('',(0.,15.,14.11));
#6117=CARTESIAN_POINT('',(0.,12.75,13.291066972901));
#6118=CARTESIAN_POINT('',(0.,12.75,13.291066972901));
#6119=CARTESIAN_POINT('',(0.,12.75,12.54));
#6120=CARTESIAN_POINT('',(0.,12.75,12.54));
#6121=CARTESIAN_POINT('',(0.,15.,11.721066972901));
#6122=CARTESIAN_POINT('',(0.,15.,11.721066972901));
#6123=CARTESIAN_POINT('',(0.,15.,10.97));
#6124=CARTESIAN_POINT('',(0.,15.,10.97));
#6125=CARTESIAN_POINT('',(0.,12.75,10.151066972901));
#6126=CARTESIAN_POINT('',(0.,12.75,10.151066972901));
#6127=CARTESIAN_POINT('',(0.,12.75,9.39999999999997));
#6128=CARTESIAN_POINT('',(0.,12.75,9.39999999999997));
#6129=CARTESIAN_POINT('',(0.,15.,8.58106697290102));
#6130=CARTESIAN_POINT('',(0.,15.,8.58106697290102));
#6131=CARTESIAN_POINT('',(0.,15.,7.82999999999998));
#6132=CARTESIAN_POINT('',(0.,15.,7.82999999999998));
#6133=CARTESIAN_POINT('',(0.,12.75,7.01106697290102));
#6134=CARTESIAN_POINT('',(0.,12.75,7.01106697290102));
#6135=CARTESIAN_POINT('',(0.,12.75,6.25999999999998));
#6136=CARTESIAN_POINT('',(0.,12.75,6.25999999999998));
#6137=CARTESIAN_POINT('',(0.,15.,5.44106697290102));
#6138=CARTESIAN_POINT('',(0.,15.,5.44106697290102));
#6139=CARTESIAN_POINT('',(0.,15.,4.68999999999998));
#6140=CARTESIAN_POINT('',(0.,15.,4.68999999999998));
#6141=CARTESIAN_POINT('',(0.,12.75,3.87106697290102));
#6142=CARTESIAN_POINT('',(0.,12.75,3.87106697290102));
#6143=CARTESIAN_POINT('',(0.,12.75,3.11999999999998));
#6144=CARTESIAN_POINT('',(0.,12.75,3.11999999999998));
#6145=CARTESIAN_POINT('',(0.,15.,2.30106697290102));
#6146=CARTESIAN_POINT('',(0.,15.,2.30106697290102));
#6147=CARTESIAN_POINT('',(0.,15.,1.54999999999997));
#6148=CARTESIAN_POINT('',(0.,15.,1.54999999999997));
#6149=CARTESIAN_POINT('',(0.,12.75,0.731066972901022));
#6150=CARTESIAN_POINT('',(0.,12.75,0.731066972901022));
#6151=CARTESIAN_POINT('',(0.,12.75,-0.0200000000000256));
#6152=CARTESIAN_POINT('',(0.,12.75,-0.0200000000000256));
#6153=CARTESIAN_POINT('',(0.,15.,-0.838933027098985));
#6154=CARTESIAN_POINT('',(0.,15.,-0.838933027098985));
#6155=CARTESIAN_POINT('',(0.,15.,-1.59000000000003));
#6156=CARTESIAN_POINT('',(0.,15.,-1.59000000000003));
#6157=CARTESIAN_POINT('',(0.,12.75,-2.40893302709898));
#6158=CARTESIAN_POINT('',(0.,12.75,-2.40893302709898));
#6159=CARTESIAN_POINT('',(0.,12.75,-3.16000000000003));
#6160=CARTESIAN_POINT('',(0.,12.75,-3.16000000000003));
#6161=CARTESIAN_POINT('',(0.,15.,-3.97893302709898));
#6162=CARTESIAN_POINT('',(0.,15.,-3.97893302709898));
#6163=CARTESIAN_POINT('',(0.,15.,-4.73000000000003));
#6164=CARTESIAN_POINT('',(0.,15.,-4.73000000000003));
#6165=CARTESIAN_POINT('',(0.,12.75,-5.54893302709898));
#6166=CARTESIAN_POINT('',(0.,12.75,-5.54893302709898));
#6167=CARTESIAN_POINT('',(0.,12.75,-6.30000000000003));
#6168=CARTESIAN_POINT('',(0.,12.75,-6.30000000000003));
#6169=CARTESIAN_POINT('',(0.,15.,-7.11893302709898));
#6170=CARTESIAN_POINT('',(0.,15.,-7.11893302709898));
#6171=CARTESIAN_POINT('',(0.,15.,-7.87000000000003));
#6172=CARTESIAN_POINT('',(0.,15.,-7.87000000000003));
#6173=CARTESIAN_POINT('',(0.,12.75,-8.68893302709898));
#6174=CARTESIAN_POINT('',(0.,12.75,-8.68893302709898));
#6175=CARTESIAN_POINT('',(0.,12.75,-9.44000000000003));
#6176=CARTESIAN_POINT('',(0.,12.75,-9.44000000000003));
#6177=CARTESIAN_POINT('',(0.,15.,-10.258933027099));
#6178=CARTESIAN_POINT('',(0.,15.,-10.258933027099));
#6179=CARTESIAN_POINT('',(0.,15.,-11.01));
#6180=CARTESIAN_POINT('',(0.,15.,-11.01));
#6181=CARTESIAN_POINT('',(0.,12.75,-11.828933027099));
#6182=CARTESIAN_POINT('',(0.,12.75,-11.828933027099));
#6183=CARTESIAN_POINT('',(0.,12.75,-12.58));
#6184=CARTESIAN_POINT('',(0.,12.75,-12.58));
#6185=CARTESIAN_POINT('',(0.,15.,-13.398933027099));
#6186=CARTESIAN_POINT('',(0.,15.,-13.398933027099));
#6187=CARTESIAN_POINT('',(0.,15.,-14.15));
#6188=CARTESIAN_POINT('',(0.,15.,-14.15));
#6189=CARTESIAN_POINT('',(0.,12.75,-14.968933027099));
#6190=CARTESIAN_POINT('',(0.,12.75,-14.968933027099));
#6191=CARTESIAN_POINT('',(0.,12.75,-135.));
#6192=CARTESIAN_POINT('Origin',(0.,1.99999999999991,135.));
#6193=CARTESIAN_POINT('',(8.,-2.73392419813945E-14,89.1924689031387));
#6194=CARTESIAN_POINT('',(0.,1.99999999999991,135.));
#6195=CARTESIAN_POINT('Origin',(0.,12.75,135.));
#6196=CARTESIAN_POINT('',(8.,12.75,135.));
#6197=CARTESIAN_POINT('',(8.,12.75,135.));
#6198=CARTESIAN_POINT('',(0.,12.75,135.));
#6199=CARTESIAN_POINT('Origin',(0.,15.,134.181066972901));
#6200=CARTESIAN_POINT('',(8.,15.,134.181066972901));
#6201=CARTESIAN_POINT('',(8.,15.,134.181066972901));
#6202=CARTESIAN_POINT('',(0.,15.,134.181066972901));
#6203=CARTESIAN_POINT('Origin',(0.,15.,133.43));
#6204=CARTESIAN_POINT('',(8.,15.,133.43));
#6205=CARTESIAN_POINT('',(8.,15.,133.43));
#6206=CARTESIAN_POINT('',(0.,15.,133.43));
#6207=CARTESIAN_POINT('Origin',(0.,12.75,132.611066972901));
#6208=CARTESIAN_POINT('',(8.,12.75,132.611066972901));
#6209=CARTESIAN_POINT('',(8.,12.75,132.611066972901));
#6210=CARTESIAN_POINT('',(0.,12.75,132.611066972901));
#6211=CARTESIAN_POINT('Origin',(0.,12.75,131.86));
#6212=CARTESIAN_POINT('',(8.,12.75,131.86));
#6213=CARTESIAN_POINT('',(8.,12.75,131.86));
#6214=CARTESIAN_POINT('',(0.,12.75,131.86));
#6215=CARTESIAN_POINT('Origin',(0.,15.,131.041066972901));
#6216=CARTESIAN_POINT('',(8.,15.,131.041066972901));
#6217=CARTESIAN_POINT('',(8.,15.,131.041066972901));
#6218=CARTESIAN_POINT('',(0.,15.,131.041066972901));
#6219=CARTESIAN_POINT('Origin',(0.,15.,130.29));
#6220=CARTESIAN_POINT('',(8.,15.,130.29));
#6221=CARTESIAN_POINT('',(8.,15.,130.29));
#6222=CARTESIAN_POINT('',(0.,15.,130.29));
#6223=CARTESIAN_POINT('Origin',(0.,12.75,129.471066972901));
#6224=CARTESIAN_POINT('',(8.,12.75,129.471066972901));
#6225=CARTESIAN_POINT('',(8.,12.75,129.471066972901));
#6226=CARTESIAN_POINT('',(0.,12.75,129.471066972901));
#6227=CARTESIAN_POINT('Origin',(0.,12.75,128.72));
#6228=CARTESIAN_POINT('',(8.,12.75,128.72));
#6229=CARTESIAN_POINT('',(8.,12.75,128.72));
#6230=CARTESIAN_POINT('',(0.,12.75,128.72));
#6231=CARTESIAN_POINT('Origin',(0.,15.,127.901066972901));
#6232=CARTESIAN_POINT('',(8.,15.,127.901066972901));
#6233=CARTESIAN_POINT('',(8.,15.,127.901066972901));
#6234=CARTESIAN_POINT('',(0.,15.,127.901066972901));
#6235=CARTESIAN_POINT('Origin',(0.,15.,127.15));
#6236=CARTESIAN_POINT('',(8.,15.,127.15));
#6237=CARTESIAN_POINT('',(8.,15.,127.15));
#6238=CARTESIAN_POINT('',(0.,15.,127.15));
#6239=CARTESIAN_POINT('Origin',(0.,12.75,126.331066972901));
#6240=CARTESIAN_POINT('',(8.,12.75,126.331066972901));
#6241=CARTESIAN_POINT('',(8.,12.75,126.331066972901));
#6242=CARTESIAN_POINT('',(0.,12.75,126.331066972901));
#6243=CARTESIAN_POINT('Origin',(0.,12.75,125.58));
#6244=CARTESIAN_POINT('',(8.,12.75,125.58));
#6245=CARTESIAN_POINT('',(8.,12.75,125.58));
#6246=CARTESIAN_POINT('',(0.,12.75,125.58));
#6247=CARTESIAN_POINT('Origin',(0.,15.,124.761066972901));
#6248=CARTESIAN_POINT('',(8.,15.,124.761066972901));
#6249=CARTESIAN_POINT('',(8.,15.,124.761066972901));
#6250=CARTESIAN_POINT('',(0.,15.,124.761066972901));
#6251=CARTESIAN_POINT('Origin',(0.,15.,124.01));
#6252=CARTESIAN_POINT('',(8.,15.,124.01));
#6253=CARTESIAN_POINT('',(8.,15.,124.01));
#6254=CARTESIAN_POINT('',(0.,15.,124.01));
#6255=CARTESIAN_POINT('Origin',(0.,12.75,123.191066972901));
#6256=CARTESIAN_POINT('',(8.,12.75,123.191066972901));
#6257=CARTESIAN_POINT('',(8.,12.75,123.191066972901));
#6258=CARTESIAN_POINT('',(0.,12.75,123.191066972901));
#6259=CARTESIAN_POINT('Origin',(0.,12.75,122.44));
#6260=CARTESIAN_POINT('',(8.,12.75,122.44));
#6261=CARTESIAN_POINT('',(8.,12.75,122.44));
#6262=CARTESIAN_POINT('',(0.,12.75,122.44));
#6263=CARTESIAN_POINT('Origin',(0.,15.,121.621066972901));
#6264=CARTESIAN_POINT('',(8.,15.,121.621066972901));
#6265=CARTESIAN_POINT('',(8.,15.,121.621066972901));
#6266=CARTESIAN_POINT('',(0.,15.,121.621066972901));
#6267=CARTESIAN_POINT('Origin',(0.,15.,120.87));
#6268=CARTESIAN_POINT('',(8.,15.,120.87));
#6269=CARTESIAN_POINT('',(8.,15.,120.87));
#6270=CARTESIAN_POINT('',(0.,15.,120.87));
#6271=CARTESIAN_POINT('Origin',(0.,12.75,120.051066972901));
#6272=CARTESIAN_POINT('',(8.,12.75,120.051066972901));
#6273=CARTESIAN_POINT('',(8.,12.75,120.051066972901));
#6274=CARTESIAN_POINT('',(0.,12.75,120.051066972901));
#6275=CARTESIAN_POINT('Origin',(0.,12.75,119.3));
#6276=CARTESIAN_POINT('',(8.,12.75,119.3));
#6277=CARTESIAN_POINT('',(8.,12.75,119.3));
#6278=CARTESIAN_POINT('',(0.,12.75,119.3));
#6279=CARTESIAN_POINT('Origin',(0.,15.,118.481066972901));
#6280=CARTESIAN_POINT('',(8.,15.,118.481066972901));
#6281=CARTESIAN_POINT('',(8.,15.,118.481066972901));
#6282=CARTESIAN_POINT('',(0.,15.,118.481066972901));
#6283=CARTESIAN_POINT('Origin',(0.,15.,117.73));
#6284=CARTESIAN_POINT('',(8.,15.,117.73));
#6285=CARTESIAN_POINT('',(8.,15.,117.73));
#6286=CARTESIAN_POINT('',(0.,15.,117.73));
#6287=CARTESIAN_POINT('Origin',(0.,12.75,116.911066972901));
#6288=CARTESIAN_POINT('',(8.,12.75,116.911066972901));
#6289=CARTESIAN_POINT('',(8.,12.75,116.911066972901));
#6290=CARTESIAN_POINT('',(0.,12.75,116.911066972901));
#6291=CARTESIAN_POINT('Origin',(0.,12.75,116.16));
#6292=CARTESIAN_POINT('',(8.,12.75,116.16));
#6293=CARTESIAN_POINT('',(8.,12.75,116.16));
#6294=CARTESIAN_POINT('',(0.,12.75,116.16));
#6295=CARTESIAN_POINT('Origin',(0.,15.,115.341066972901));
#6296=CARTESIAN_POINT('',(8.,15.,115.341066972901));
#6297=CARTESIAN_POINT('',(8.,15.,115.341066972901));
#6298=CARTESIAN_POINT('',(0.,15.,115.341066972901));
#6299=CARTESIAN_POINT('Origin',(0.,15.,114.59));
#6300=CARTESIAN_POINT('',(8.,15.,114.59));
#6301=CARTESIAN_POINT('',(8.,15.,114.59));
#6302=CARTESIAN_POINT('',(0.,15.,114.59));
#6303=CARTESIAN_POINT('Origin',(0.,12.75,113.771066972901));
#6304=CARTESIAN_POINT('',(8.,12.75,113.771066972901));
#6305=CARTESIAN_POINT('',(8.,12.75,113.771066972901));
#6306=CARTESIAN_POINT('',(0.,12.75,113.771066972901));
#6307=CARTESIAN_POINT('Origin',(0.,12.75,113.02));
#6308=CARTESIAN_POINT('',(8.,12.75,113.02));
#6309=CARTESIAN_POINT('',(8.,12.75,113.02));
#6310=CARTESIAN_POINT('',(0.,12.75,113.02));
#6311=CARTESIAN_POINT('Origin',(0.,15.,112.201066972901));
#6312=CARTESIAN_POINT('',(8.,15.,112.201066972901));
#6313=CARTESIAN_POINT('',(8.,15.,112.201066972901));
#6314=CARTESIAN_POINT('',(0.,15.,112.201066972901));
#6315=CARTESIAN_POINT('Origin',(0.,15.,111.45));
#6316=CARTESIAN_POINT('',(8.,15.,111.45));
#6317=CARTESIAN_POINT('',(8.,15.,111.45));
#6318=CARTESIAN_POINT('',(0.,15.,111.45));
#6319=CARTESIAN_POINT('Origin',(0.,12.75,110.631066972901));
#6320=CARTESIAN_POINT('',(8.,12.75,110.631066972901));
#6321=CARTESIAN_POINT('',(8.,12.75,110.631066972901));
#6322=CARTESIAN_POINT('',(0.,12.75,110.631066972901));
#6323=CARTESIAN_POINT('Origin',(0.,12.75,109.88));
#6324=CARTESIAN_POINT('',(8.,12.75,109.88));
#6325=CARTESIAN_POINT('',(8.,12.75,109.88));
#6326=CARTESIAN_POINT('',(0.,12.75,109.88));
#6327=CARTESIAN_POINT('Origin',(0.,15.,109.061066972901));
#6328=CARTESIAN_POINT('',(8.,15.,109.061066972901));
#6329=CARTESIAN_POINT('',(8.,15.,109.061066972901));
#6330=CARTESIAN_POINT('',(0.,15.,109.061066972901));
#6331=CARTESIAN_POINT('Origin',(0.,15.,108.31));
#6332=CARTESIAN_POINT('',(8.,15.,108.31));
#6333=CARTESIAN_POINT('',(8.,15.,108.31));
#6334=CARTESIAN_POINT('',(0.,15.,108.31));
#6335=CARTESIAN_POINT('Origin',(0.,12.75,107.491066972901));
#6336=CARTESIAN_POINT('',(8.,12.75,107.491066972901));
#6337=CARTESIAN_POINT('',(8.,12.75,107.491066972901));
#6338=CARTESIAN_POINT('',(0.,12.75,107.491066972901));
#6339=CARTESIAN_POINT('Origin',(0.,12.75,106.74));
#6340=CARTESIAN_POINT('',(8.,12.75,106.74));
#6341=CARTESIAN_POINT('',(8.,12.75,106.74));
#6342=CARTESIAN_POINT('',(0.,12.75,106.74));
#6343=CARTESIAN_POINT('Origin',(0.,15.,105.921066972901));
#6344=CARTESIAN_POINT('',(8.,15.,105.921066972901));
#6345=CARTESIAN_POINT('',(8.,15.,105.921066972901));
#6346=CARTESIAN_POINT('',(0.,15.,105.921066972901));
#6347=CARTESIAN_POINT('Origin',(0.,15.,105.17));
#6348=CARTESIAN_POINT('',(8.,15.,105.17));
#6349=CARTESIAN_POINT('',(8.,15.,105.17));
#6350=CARTESIAN_POINT('',(0.,15.,105.17));
#6351=CARTESIAN_POINT('Origin',(0.,12.75,104.351066972901));
#6352=CARTESIAN_POINT('',(8.,12.75,104.351066972901));
#6353=CARTESIAN_POINT('',(8.,12.75,104.351066972901));
#6354=CARTESIAN_POINT('',(0.,12.75,104.351066972901));
#6355=CARTESIAN_POINT('Origin',(0.,12.75,103.6));
#6356=CARTESIAN_POINT('',(8.,12.75,103.6));
#6357=CARTESIAN_POINT('',(8.,12.75,103.6));
#6358=CARTESIAN_POINT('',(0.,12.75,103.6));
#6359=CARTESIAN_POINT('Origin',(0.,15.,102.781066972901));
#6360=CARTESIAN_POINT('',(8.,15.,102.781066972901));
#6361=CARTESIAN_POINT('',(8.,15.,102.781066972901));
#6362=CARTESIAN_POINT('',(0.,15.,102.781066972901));
#6363=CARTESIAN_POINT('Origin',(0.,15.,102.03));
#6364=CARTESIAN_POINT('',(8.,15.,102.03));
#6365=CARTESIAN_POINT('',(8.,15.,102.03));
#6366=CARTESIAN_POINT('',(0.,15.,102.03));
#6367=CARTESIAN_POINT('Origin',(0.,12.75,101.211066972901));
#6368=CARTESIAN_POINT('',(8.,12.75,101.211066972901));
#6369=CARTESIAN_POINT('',(8.,12.75,101.211066972901));
#6370=CARTESIAN_POINT('',(0.,12.75,101.211066972901));
#6371=CARTESIAN_POINT('Origin',(0.,12.75,100.46));
#6372=CARTESIAN_POINT('',(8.,12.75,100.46));
#6373=CARTESIAN_POINT('',(8.,12.75,100.46));
#6374=CARTESIAN_POINT('',(0.,12.75,100.46));
#6375=CARTESIAN_POINT('Origin',(0.,15.,99.641066972901));
#6376=CARTESIAN_POINT('',(8.,15.,99.641066972901));
#6377=CARTESIAN_POINT('',(8.,15.,99.641066972901));
#6378=CARTESIAN_POINT('',(0.,15.,99.641066972901));
#6379=CARTESIAN_POINT('Origin',(0.,15.,98.89));
#6380=CARTESIAN_POINT('',(8.,15.,98.89));
#6381=CARTESIAN_POINT('',(8.,15.,98.89));
#6382=CARTESIAN_POINT('',(0.,15.,98.89));
#6383=CARTESIAN_POINT('Origin',(0.,12.75,98.071066972901));
#6384=CARTESIAN_POINT('',(8.,12.75,98.071066972901));
#6385=CARTESIAN_POINT('',(8.,12.75,98.071066972901));
#6386=CARTESIAN_POINT('',(0.,12.75,98.071066972901));
#6387=CARTESIAN_POINT('Origin',(0.,12.75,97.32));
#6388=CARTESIAN_POINT('',(8.,12.75,97.32));
#6389=CARTESIAN_POINT('',(8.,12.75,97.32));
#6390=CARTESIAN_POINT('',(0.,12.75,97.32));
#6391=CARTESIAN_POINT('Origin',(0.,15.,96.501066972901));
#6392=CARTESIAN_POINT('',(8.,15.,96.501066972901));
#6393=CARTESIAN_POINT('',(8.,15.,96.501066972901));
#6394=CARTESIAN_POINT('',(0.,15.,96.501066972901));
#6395=CARTESIAN_POINT('Origin',(0.,15.,95.75));
#6396=CARTESIAN_POINT('',(8.,15.,95.75));
#6397=CARTESIAN_POINT('',(8.,15.,95.75));
#6398=CARTESIAN_POINT('',(0.,15.,95.75));
#6399=CARTESIAN_POINT('Origin',(0.,12.75,94.931066972901));
#6400=CARTESIAN_POINT('',(8.,12.75,94.931066972901));
#6401=CARTESIAN_POINT('',(8.,12.75,94.931066972901));
#6402=CARTESIAN_POINT('',(0.,12.75,94.931066972901));
#6403=CARTESIAN_POINT('Origin',(0.,12.75,94.18));
#6404=CARTESIAN_POINT('',(8.,12.75,94.18));
#6405=CARTESIAN_POINT('',(8.,12.75,94.18));
#6406=CARTESIAN_POINT('',(0.,12.75,94.18));
#6407=CARTESIAN_POINT('Origin',(0.,15.,93.3610669729011));
#6408=CARTESIAN_POINT('',(8.,15.,93.361066972901));
#6409=CARTESIAN_POINT('',(8.,15.,93.3610669729011));
#6410=CARTESIAN_POINT('',(0.,15.,93.361066972901));
#6411=CARTESIAN_POINT('Origin',(0.,15.,92.61));
#6412=CARTESIAN_POINT('',(8.,15.,92.61));
#6413=CARTESIAN_POINT('',(8.,15.,92.61));
#6414=CARTESIAN_POINT('',(0.,15.,92.61));
#6415=CARTESIAN_POINT('Origin',(0.,12.75,91.791066972901));
#6416=CARTESIAN_POINT('',(8.,12.75,91.7910669729011));
#6417=CARTESIAN_POINT('',(8.,12.75,91.791066972901));
#6418=CARTESIAN_POINT('',(0.,12.75,91.7910669729011));
#6419=CARTESIAN_POINT('Origin',(0.,12.75,91.04));
#6420=CARTESIAN_POINT('',(8.,12.75,91.04));
#6421=CARTESIAN_POINT('',(8.,12.75,91.04));
#6422=CARTESIAN_POINT('',(0.,12.75,91.04));
#6423=CARTESIAN_POINT('Origin',(0.,14.9999999999999,90.221066972901));
#6424=CARTESIAN_POINT('',(8.,15.,90.221066972901));
#6425=CARTESIAN_POINT('',(8.,15.,90.221066972901));
#6426=CARTESIAN_POINT('',(0.,15.,90.221066972901));
#6427=CARTESIAN_POINT('Origin',(0.,15.,89.47));
#6428=CARTESIAN_POINT('',(8.,14.9999999999999,89.47));
#6429=CARTESIAN_POINT('',(8.,15.,89.47));
#6430=CARTESIAN_POINT('',(0.,14.9999999999999,89.47));
#6431=CARTESIAN_POINT('Origin',(0.,12.75,88.651066972901));
#6432=CARTESIAN_POINT('',(8.,12.7499999999999,88.651066972901));
#6433=CARTESIAN_POINT('',(8.,12.7499999999999,88.651066972901));
#6434=CARTESIAN_POINT('',(0.,12.7499999999999,88.651066972901));
#6435=CARTESIAN_POINT('Origin',(0.,12.7499999999999,87.9));
#6436=CARTESIAN_POINT('',(8.,12.75,87.9));
#6437=CARTESIAN_POINT('',(8.,12.7499999999999,87.9));
#6438=CARTESIAN_POINT('',(0.,12.75,87.9));
#6439=CARTESIAN_POINT('Origin',(0.,15.,87.0810669729011));
#6440=CARTESIAN_POINT('',(8.,15.,87.081066972901));
#6441=CARTESIAN_POINT('',(8.,15.,87.0810669729011));
#6442=CARTESIAN_POINT('',(0.,15.,87.081066972901));
#6443=CARTESIAN_POINT('Origin',(0.,15.,86.33));
#6444=CARTESIAN_POINT('',(8.,15.,86.33));
#6445=CARTESIAN_POINT('',(8.,15.,86.33));
#6446=CARTESIAN_POINT('',(0.,15.,86.33));
#6447=CARTESIAN_POINT('Origin',(0.,12.75,85.511066972901));
#6448=CARTESIAN_POINT('',(8.,12.75,85.5110669729011));
#6449=CARTESIAN_POINT('',(8.,12.75,85.511066972901));
#6450=CARTESIAN_POINT('',(0.,12.75,85.5110669729011));
#6451=CARTESIAN_POINT('Origin',(0.,12.75,84.76));
#6452=CARTESIAN_POINT('',(8.,12.75,84.76));
#6453=CARTESIAN_POINT('',(8.,12.75,84.76));
#6454=CARTESIAN_POINT('',(0.,12.75,84.76));
#6455=CARTESIAN_POINT('Origin',(0.,15.,83.941066972901));
#6456=CARTESIAN_POINT('',(8.,15.,83.941066972901));
#6457=CARTESIAN_POINT('',(8.,15.,83.941066972901));
#6458=CARTESIAN_POINT('',(0.,15.,83.941066972901));
#6459=CARTESIAN_POINT('Origin',(0.,15.,83.19));
#6460=CARTESIAN_POINT('',(8.,15.,83.19));
#6461=CARTESIAN_POINT('',(8.,15.,83.19));
#6462=CARTESIAN_POINT('',(0.,15.,83.19));
#6463=CARTESIAN_POINT('Origin',(0.,12.75,82.371066972901));
#6464=CARTESIAN_POINT('',(8.,12.75,82.371066972901));
#6465=CARTESIAN_POINT('',(8.,12.75,82.371066972901));
#6466=CARTESIAN_POINT('',(0.,12.75,82.371066972901));
#6467=CARTESIAN_POINT('Origin',(0.,12.75,81.62));
#6468=CARTESIAN_POINT('',(8.,12.75,81.62));
#6469=CARTESIAN_POINT('',(8.,12.75,81.62));
#6470=CARTESIAN_POINT('',(0.,12.75,81.62));
#6471=CARTESIAN_POINT('Origin',(0.,15.,80.801066972901));
#6472=CARTESIAN_POINT('',(8.,15.,80.801066972901));
#6473=CARTESIAN_POINT('',(8.,15.,80.801066972901));
#6474=CARTESIAN_POINT('',(0.,15.,80.801066972901));
#6475=CARTESIAN_POINT('Origin',(0.,15.,80.05));
#6476=CARTESIAN_POINT('',(8.,15.,80.05));
#6477=CARTESIAN_POINT('',(8.,15.,80.05));
#6478=CARTESIAN_POINT('',(0.,15.,80.05));
#6479=CARTESIAN_POINT('Origin',(0.,12.75,79.231066972901));
#6480=CARTESIAN_POINT('',(8.,12.75,79.231066972901));
#6481=CARTESIAN_POINT('',(8.,12.75,79.231066972901));
#6482=CARTESIAN_POINT('',(0.,12.75,79.231066972901));
#6483=CARTESIAN_POINT('Origin',(0.,12.75,78.48));
#6484=CARTESIAN_POINT('',(8.,12.75,78.48));
#6485=CARTESIAN_POINT('',(8.,12.75,78.48));
#6486=CARTESIAN_POINT('',(0.,12.75,78.48));
#6487=CARTESIAN_POINT('Origin',(0.,15.,77.661066972901));
#6488=CARTESIAN_POINT('',(8.,15.,77.661066972901));
#6489=CARTESIAN_POINT('',(8.,15.,77.661066972901));
#6490=CARTESIAN_POINT('',(0.,15.,77.661066972901));
#6491=CARTESIAN_POINT('Origin',(0.,15.,76.91));
#6492=CARTESIAN_POINT('',(8.,15.,76.91));
#6493=CARTESIAN_POINT('',(8.,15.,76.91));
#6494=CARTESIAN_POINT('',(0.,15.,76.91));
#6495=CARTESIAN_POINT('Origin',(0.,12.75,76.091066972901));
#6496=CARTESIAN_POINT('',(8.,12.75,76.091066972901));
#6497=CARTESIAN_POINT('',(8.,12.75,76.091066972901));
#6498=CARTESIAN_POINT('',(0.,12.75,76.091066972901));
#6499=CARTESIAN_POINT('Origin',(0.,12.75,75.34));
#6500=CARTESIAN_POINT('',(8.,12.75,75.34));
#6501=CARTESIAN_POINT('',(8.,12.75,75.34));
#6502=CARTESIAN_POINT('',(0.,12.75,75.34));
#6503=CARTESIAN_POINT('Origin',(0.,15.,74.521066972901));
#6504=CARTESIAN_POINT('',(8.,15.,74.521066972901));
#6505=CARTESIAN_POINT('',(8.,15.,74.521066972901));
#6506=CARTESIAN_POINT('',(0.,15.,74.521066972901));
#6507=CARTESIAN_POINT('Origin',(0.,15.,73.77));
#6508=CARTESIAN_POINT('',(8.,15.,73.77));
#6509=CARTESIAN_POINT('',(8.,15.,73.77));
#6510=CARTESIAN_POINT('',(0.,15.,73.77));
#6511=CARTESIAN_POINT('Origin',(0.,12.75,72.951066972901));
#6512=CARTESIAN_POINT('',(8.,12.75,72.951066972901));
#6513=CARTESIAN_POINT('',(8.,12.75,72.951066972901));
#6514=CARTESIAN_POINT('',(0.,12.75,72.951066972901));
#6515=CARTESIAN_POINT('Origin',(0.,12.75,72.2));
#6516=CARTESIAN_POINT('',(8.,12.75,72.2));
#6517=CARTESIAN_POINT('',(8.,12.75,72.2));
#6518=CARTESIAN_POINT('',(0.,12.75,72.2));
#6519=CARTESIAN_POINT('Origin',(0.,15.,71.381066972901));
#6520=CARTESIAN_POINT('',(8.,15.,71.381066972901));
#6521=CARTESIAN_POINT('',(8.,15.,71.381066972901));
#6522=CARTESIAN_POINT('',(0.,15.,71.381066972901));
#6523=CARTESIAN_POINT('Origin',(0.,15.,70.63));
#6524=CARTESIAN_POINT('',(8.,15.,70.63));
#6525=CARTESIAN_POINT('',(8.,15.,70.63));
#6526=CARTESIAN_POINT('',(0.,15.,70.63));
#6527=CARTESIAN_POINT('Origin',(0.,12.75,69.811066972901));
#6528=CARTESIAN_POINT('',(8.,12.75,69.811066972901));
#6529=CARTESIAN_POINT('',(8.,12.75,69.811066972901));
#6530=CARTESIAN_POINT('',(0.,12.75,69.811066972901));
#6531=CARTESIAN_POINT('Origin',(0.,12.75,69.06));
#6532=CARTESIAN_POINT('',(8.,12.75,69.06));
#6533=CARTESIAN_POINT('',(8.,12.75,69.06));
#6534=CARTESIAN_POINT('',(0.,12.75,69.06));
#6535=CARTESIAN_POINT('Origin',(0.,15.,68.241066972901));
#6536=CARTESIAN_POINT('',(8.,15.,68.241066972901));
#6537=CARTESIAN_POINT('',(8.,15.,68.241066972901));
#6538=CARTESIAN_POINT('',(0.,15.,68.241066972901));
#6539=CARTESIAN_POINT('Origin',(0.,15.,67.49));
#6540=CARTESIAN_POINT('',(8.,15.,67.49));
#6541=CARTESIAN_POINT('',(8.,15.,67.49));
#6542=CARTESIAN_POINT('',(0.,15.,67.49));
#6543=CARTESIAN_POINT('Origin',(0.,12.75,66.671066972901));
#6544=CARTESIAN_POINT('',(8.,12.75,66.671066972901));
#6545=CARTESIAN_POINT('',(8.,12.75,66.671066972901));
#6546=CARTESIAN_POINT('',(0.,12.75,66.671066972901));
#6547=CARTESIAN_POINT('Origin',(0.,12.75,65.92));
#6548=CARTESIAN_POINT('',(8.,12.75,65.92));
#6549=CARTESIAN_POINT('',(8.,12.75,65.92));
#6550=CARTESIAN_POINT('',(0.,12.75,65.92));
#6551=CARTESIAN_POINT('Origin',(0.,15.,65.101066972901));
#6552=CARTESIAN_POINT('',(8.,15.,65.101066972901));
#6553=CARTESIAN_POINT('',(8.,15.,65.101066972901));
#6554=CARTESIAN_POINT('',(0.,15.,65.101066972901));
#6555=CARTESIAN_POINT('Origin',(0.,15.,64.35));
#6556=CARTESIAN_POINT('',(8.,15.,64.35));
#6557=CARTESIAN_POINT('',(8.,15.,64.35));
#6558=CARTESIAN_POINT('',(0.,15.,64.35));
#6559=CARTESIAN_POINT('Origin',(0.,12.75,63.531066972901));
#6560=CARTESIAN_POINT('',(8.,12.75,63.531066972901));
#6561=CARTESIAN_POINT('',(8.,12.75,63.531066972901));
#6562=CARTESIAN_POINT('',(0.,12.75,63.531066972901));
#6563=CARTESIAN_POINT('Origin',(0.,12.75,62.78));
#6564=CARTESIAN_POINT('',(8.,12.75,62.78));
#6565=CARTESIAN_POINT('',(8.,12.75,62.78));
#6566=CARTESIAN_POINT('',(0.,12.75,62.78));
#6567=CARTESIAN_POINT('Origin',(0.,15.,61.961066972901));
#6568=CARTESIAN_POINT('',(8.,15.,61.961066972901));
#6569=CARTESIAN_POINT('',(8.,15.,61.961066972901));
#6570=CARTESIAN_POINT('',(0.,15.,61.961066972901));
#6571=CARTESIAN_POINT('Origin',(0.,15.,61.21));
#6572=CARTESIAN_POINT('',(8.,15.,61.21));
#6573=CARTESIAN_POINT('',(8.,15.,61.21));
#6574=CARTESIAN_POINT('',(0.,15.,61.21));
#6575=CARTESIAN_POINT('Origin',(0.,12.75,60.391066972901));
#6576=CARTESIAN_POINT('',(8.,12.75,60.391066972901));
#6577=CARTESIAN_POINT('',(8.,12.75,60.391066972901));
#6578=CARTESIAN_POINT('',(0.,12.75,60.391066972901));
#6579=CARTESIAN_POINT('Origin',(0.,12.75,59.64));
#6580=CARTESIAN_POINT('',(8.,12.75,59.64));
#6581=CARTESIAN_POINT('',(8.,12.75,59.64));
#6582=CARTESIAN_POINT('',(0.,12.75,59.64));
#6583=CARTESIAN_POINT('Origin',(0.,15.,58.821066972901));
#6584=CARTESIAN_POINT('',(8.,15.,58.821066972901));
#6585=CARTESIAN_POINT('',(8.,15.,58.821066972901));
#6586=CARTESIAN_POINT('',(0.,15.,58.821066972901));
#6587=CARTESIAN_POINT('Origin',(0.,15.,58.07));
#6588=CARTESIAN_POINT('',(8.,15.,58.07));
#6589=CARTESIAN_POINT('',(8.,15.,58.07));
#6590=CARTESIAN_POINT('',(0.,15.,58.07));
#6591=CARTESIAN_POINT('Origin',(0.,12.75,57.251066972901));
#6592=CARTESIAN_POINT('',(8.,12.75,57.251066972901));
#6593=CARTESIAN_POINT('',(8.,12.75,57.251066972901));
#6594=CARTESIAN_POINT('',(0.,12.75,57.251066972901));
#6595=CARTESIAN_POINT('Origin',(0.,12.75,56.5));
#6596=CARTESIAN_POINT('',(8.,12.75,56.5));
#6597=CARTESIAN_POINT('',(8.,12.75,56.5));
#6598=CARTESIAN_POINT('',(0.,12.75,56.5));
#6599=CARTESIAN_POINT('Origin',(0.,15.,55.681066972901));
#6600=CARTESIAN_POINT('',(8.,15.,55.681066972901));
#6601=CARTESIAN_POINT('',(8.,15.,55.681066972901));
#6602=CARTESIAN_POINT('',(0.,15.,55.681066972901));
#6603=CARTESIAN_POINT('Origin',(0.,15.,54.93));
#6604=CARTESIAN_POINT('',(8.,15.,54.93));
#6605=CARTESIAN_POINT('',(8.,15.,54.93));
#6606=CARTESIAN_POINT('',(0.,15.,54.93));
#6607=CARTESIAN_POINT('Origin',(0.,12.75,54.111066972901));
#6608=CARTESIAN_POINT('',(8.,12.75,54.111066972901));
#6609=CARTESIAN_POINT('',(8.,12.75,54.111066972901));
#6610=CARTESIAN_POINT('',(0.,12.75,54.111066972901));
#6611=CARTESIAN_POINT('Origin',(0.,12.75,53.36));
#6612=CARTESIAN_POINT('',(8.,12.75,53.36));
#6613=CARTESIAN_POINT('',(8.,12.75,53.36));
#6614=CARTESIAN_POINT('',(0.,12.75,53.36));
#6615=CARTESIAN_POINT('Origin',(0.,15.,52.541066972901));
#6616=CARTESIAN_POINT('',(8.,15.,52.541066972901));
#6617=CARTESIAN_POINT('',(8.,15.,52.541066972901));
#6618=CARTESIAN_POINT('',(0.,15.,52.541066972901));
#6619=CARTESIAN_POINT('Origin',(0.,15.,51.79));
#6620=CARTESIAN_POINT('',(8.,15.,51.79));
#6621=CARTESIAN_POINT('',(8.,15.,51.79));
#6622=CARTESIAN_POINT('',(0.,15.,51.79));
#6623=CARTESIAN_POINT('Origin',(0.,12.75,50.971066972901));
#6624=CARTESIAN_POINT('',(8.,12.75,50.971066972901));
#6625=CARTESIAN_POINT('',(8.,12.75,50.971066972901));
#6626=CARTESIAN_POINT('',(0.,12.75,50.971066972901));
#6627=CARTESIAN_POINT('Origin',(0.,12.75,50.22));
#6628=CARTESIAN_POINT('',(8.,12.75,50.22));
#6629=CARTESIAN_POINT('',(8.,12.75,50.22));
#6630=CARTESIAN_POINT('',(0.,12.75,50.22));
#6631=CARTESIAN_POINT('Origin',(0.,15.,49.401066972901));
#6632=CARTESIAN_POINT('',(8.,15.,49.401066972901));
#6633=CARTESIAN_POINT('',(8.,15.,49.401066972901));
#6634=CARTESIAN_POINT('',(0.,15.,49.401066972901));
#6635=CARTESIAN_POINT('Origin',(0.,15.,48.65));
#6636=CARTESIAN_POINT('',(8.,15.,48.65));
#6637=CARTESIAN_POINT('',(8.,15.,48.65));
#6638=CARTESIAN_POINT('',(0.,15.,48.65));
#6639=CARTESIAN_POINT('Origin',(0.,12.75,47.831066972901));
#6640=CARTESIAN_POINT('',(8.,12.75,47.831066972901));
#6641=CARTESIAN_POINT('',(8.,12.75,47.831066972901));
#6642=CARTESIAN_POINT('',(0.,12.75,47.831066972901));
#6643=CARTESIAN_POINT('Origin',(0.,12.75,47.08));
#6644=CARTESIAN_POINT('',(8.,12.75,47.08));
#6645=CARTESIAN_POINT('',(8.,12.75,47.08));
#6646=CARTESIAN_POINT('',(0.,12.75,47.08));
#6647=CARTESIAN_POINT('Origin',(0.,15.,46.261066972901));
#6648=CARTESIAN_POINT('',(8.,15.,46.261066972901));
#6649=CARTESIAN_POINT('',(8.,15.,46.261066972901));
#6650=CARTESIAN_POINT('',(0.,15.,46.261066972901));
#6651=CARTESIAN_POINT('Origin',(0.,15.,45.51));
#6652=CARTESIAN_POINT('',(8.,15.,45.51));
#6653=CARTESIAN_POINT('',(8.,15.,45.51));
#6654=CARTESIAN_POINT('',(0.,15.,45.51));
#6655=CARTESIAN_POINT('Origin',(0.,12.75,44.691066972901));
#6656=CARTESIAN_POINT('',(8.,12.75,44.691066972901));
#6657=CARTESIAN_POINT('',(8.,12.75,44.691066972901));
#6658=CARTESIAN_POINT('',(0.,12.75,44.691066972901));
#6659=CARTESIAN_POINT('Origin',(0.,12.75,43.94));
#6660=CARTESIAN_POINT('',(8.,12.75,43.94));
#6661=CARTESIAN_POINT('',(8.,12.75,43.94));
#6662=CARTESIAN_POINT('',(0.,12.75,43.94));
#6663=CARTESIAN_POINT('Origin',(0.,15.,43.121066972901));
#6664=CARTESIAN_POINT('',(8.,15.,43.121066972901));
#6665=CARTESIAN_POINT('',(8.,15.,43.121066972901));
#6666=CARTESIAN_POINT('',(0.,15.,43.121066972901));
#6667=CARTESIAN_POINT('Origin',(0.,15.,42.37));
#6668=CARTESIAN_POINT('',(8.,15.,42.37));
#6669=CARTESIAN_POINT('',(8.,15.,42.37));
#6670=CARTESIAN_POINT('',(0.,15.,42.37));
#6671=CARTESIAN_POINT('Origin',(0.,12.75,41.551066972901));
#6672=CARTESIAN_POINT('',(8.,12.75,41.551066972901));
#6673=CARTESIAN_POINT('',(8.,12.75,41.551066972901));
#6674=CARTESIAN_POINT('',(0.,12.75,41.551066972901));
#6675=CARTESIAN_POINT('Origin',(0.,12.75,40.8));
#6676=CARTESIAN_POINT('',(8.,12.75,40.8));
#6677=CARTESIAN_POINT('',(8.,12.75,40.8));
#6678=CARTESIAN_POINT('',(0.,12.75,40.8));
#6679=CARTESIAN_POINT('Origin',(0.,15.,39.981066972901));
#6680=CARTESIAN_POINT('',(8.,15.,39.981066972901));
#6681=CARTESIAN_POINT('',(8.,15.,39.981066972901));
#6682=CARTESIAN_POINT('',(0.,15.,39.981066972901));
#6683=CARTESIAN_POINT('Origin',(0.,15.,39.23));
#6684=CARTESIAN_POINT('',(8.,15.,39.23));
#6685=CARTESIAN_POINT('',(8.,15.,39.23));
#6686=CARTESIAN_POINT('',(0.,15.,39.23));
#6687=CARTESIAN_POINT('Origin',(0.,12.75,38.411066972901));
#6688=CARTESIAN_POINT('',(8.,12.75,38.411066972901));
#6689=CARTESIAN_POINT('',(8.,12.75,38.411066972901));
#6690=CARTESIAN_POINT('',(0.,12.75,38.411066972901));
#6691=CARTESIAN_POINT('Origin',(0.,12.75,37.66));
#6692=CARTESIAN_POINT('',(8.,12.75,37.66));
#6693=CARTESIAN_POINT('',(8.,12.75,37.66));
#6694=CARTESIAN_POINT('',(0.,12.75,37.66));
#6695=CARTESIAN_POINT('Origin',(0.,15.,36.841066972901));
#6696=CARTESIAN_POINT('',(8.,15.,36.841066972901));
#6697=CARTESIAN_POINT('',(8.,15.,36.841066972901));
#6698=CARTESIAN_POINT('',(0.,15.,36.841066972901));
#6699=CARTESIAN_POINT('Origin',(0.,15.,36.09));
#6700=CARTESIAN_POINT('',(8.,15.,36.09));
#6701=CARTESIAN_POINT('',(8.,15.,36.09));
#6702=CARTESIAN_POINT('',(0.,15.,36.09));
#6703=CARTESIAN_POINT('Origin',(0.,12.75,35.271066972901));
#6704=CARTESIAN_POINT('',(8.,12.75,35.271066972901));
#6705=CARTESIAN_POINT('',(8.,12.75,35.271066972901));
#6706=CARTESIAN_POINT('',(0.,12.75,35.271066972901));
#6707=CARTESIAN_POINT('Origin',(0.,12.75,34.52));
#6708=CARTESIAN_POINT('',(8.,12.75,34.52));
#6709=CARTESIAN_POINT('',(8.,12.75,34.52));
#6710=CARTESIAN_POINT('',(0.,12.75,34.52));
#6711=CARTESIAN_POINT('Origin',(0.,15.,33.701066972901));
#6712=CARTESIAN_POINT('',(8.,15.,33.701066972901));
#6713=CARTESIAN_POINT('',(8.,15.,33.701066972901));
#6714=CARTESIAN_POINT('',(0.,15.,33.701066972901));
#6715=CARTESIAN_POINT('Origin',(0.,15.,32.95));
#6716=CARTESIAN_POINT('',(8.,15.,32.95));
#6717=CARTESIAN_POINT('',(8.,15.,32.95));
#6718=CARTESIAN_POINT('',(0.,15.,32.95));
#6719=CARTESIAN_POINT('Origin',(0.,12.75,32.131066972901));
#6720=CARTESIAN_POINT('',(8.,12.75,32.131066972901));
#6721=CARTESIAN_POINT('',(8.,12.75,32.131066972901));
#6722=CARTESIAN_POINT('',(0.,12.75,32.131066972901));
#6723=CARTESIAN_POINT('Origin',(0.,12.75,31.38));
#6724=CARTESIAN_POINT('',(8.,12.75,31.38));
#6725=CARTESIAN_POINT('',(8.,12.75,31.38));
#6726=CARTESIAN_POINT('',(0.,12.75,31.38));
#6727=CARTESIAN_POINT('Origin',(0.,15.,30.561066972901));
#6728=CARTESIAN_POINT('',(8.,15.,30.561066972901));
#6729=CARTESIAN_POINT('',(8.,15.,30.561066972901));
#6730=CARTESIAN_POINT('',(0.,15.,30.561066972901));
#6731=CARTESIAN_POINT('Origin',(0.,15.,29.81));
#6732=CARTESIAN_POINT('',(8.,15.,29.81));
#6733=CARTESIAN_POINT('',(8.,15.,29.81));
#6734=CARTESIAN_POINT('',(0.,15.,29.81));
#6735=CARTESIAN_POINT('Origin',(0.,12.75,28.991066972901));
#6736=CARTESIAN_POINT('',(8.,12.75,28.991066972901));
#6737=CARTESIAN_POINT('',(8.,12.75,28.991066972901));
#6738=CARTESIAN_POINT('',(0.,12.75,28.991066972901));
#6739=CARTESIAN_POINT('Origin',(0.,12.75,28.24));
#6740=CARTESIAN_POINT('',(8.,12.75,28.24));
#6741=CARTESIAN_POINT('',(8.,12.75,28.24));
#6742=CARTESIAN_POINT('',(0.,12.75,28.24));
#6743=CARTESIAN_POINT('Origin',(0.,15.,27.421066972901));
#6744=CARTESIAN_POINT('',(8.,15.,27.421066972901));
#6745=CARTESIAN_POINT('',(8.,15.,27.421066972901));
#6746=CARTESIAN_POINT('',(0.,15.,27.421066972901));
#6747=CARTESIAN_POINT('Origin',(0.,15.,26.67));
#6748=CARTESIAN_POINT('',(8.,15.,26.67));
#6749=CARTESIAN_POINT('',(8.,15.,26.67));
#6750=CARTESIAN_POINT('',(0.,15.,26.67));
#6751=CARTESIAN_POINT('Origin',(0.,12.75,25.851066972901));
#6752=CARTESIAN_POINT('',(8.,12.75,25.851066972901));
#6753=CARTESIAN_POINT('',(8.,12.75,25.851066972901));
#6754=CARTESIAN_POINT('',(0.,12.75,25.851066972901));
#6755=CARTESIAN_POINT('Origin',(0.,12.75,25.1));
#6756=CARTESIAN_POINT('',(8.,12.75,25.1));
#6757=CARTESIAN_POINT('',(8.,12.75,25.1));
#6758=CARTESIAN_POINT('',(0.,12.75,25.1));
#6759=CARTESIAN_POINT('Origin',(0.,15.,24.281066972901));
#6760=CARTESIAN_POINT('',(8.,15.,24.281066972901));
#6761=CARTESIAN_POINT('',(8.,15.,24.281066972901));
#6762=CARTESIAN_POINT('',(0.,15.,24.281066972901));
#6763=CARTESIAN_POINT('Origin',(0.,15.,23.53));
#6764=CARTESIAN_POINT('',(8.,15.,23.53));
#6765=CARTESIAN_POINT('',(8.,15.,23.53));
#6766=CARTESIAN_POINT('',(0.,15.,23.53));
#6767=CARTESIAN_POINT('Origin',(0.,12.75,22.711066972901));
#6768=CARTESIAN_POINT('',(8.,12.75,22.711066972901));
#6769=CARTESIAN_POINT('',(8.,12.75,22.711066972901));
#6770=CARTESIAN_POINT('',(0.,12.75,22.711066972901));
#6771=CARTESIAN_POINT('Origin',(0.,12.75,21.96));
#6772=CARTESIAN_POINT('',(8.,12.75,21.96));
#6773=CARTESIAN_POINT('',(8.,12.75,21.96));
#6774=CARTESIAN_POINT('',(0.,12.75,21.96));
#6775=CARTESIAN_POINT('Origin',(0.,15.,21.141066972901));
#6776=CARTESIAN_POINT('',(8.,15.,21.141066972901));
#6777=CARTESIAN_POINT('',(8.,15.,21.141066972901));
#6778=CARTESIAN_POINT('',(0.,15.,21.141066972901));
#6779=CARTESIAN_POINT('Origin',(0.,15.,20.39));
#6780=CARTESIAN_POINT('',(8.,15.,20.39));
#6781=CARTESIAN_POINT('',(8.,15.,20.39));
#6782=CARTESIAN_POINT('',(0.,15.,20.39));
#6783=CARTESIAN_POINT('Origin',(0.,12.75,19.571066972901));
#6784=CARTESIAN_POINT('',(8.,12.75,19.571066972901));
#6785=CARTESIAN_POINT('',(8.,12.75,19.571066972901));
#6786=CARTESIAN_POINT('',(0.,12.75,19.571066972901));
#6787=CARTESIAN_POINT('Origin',(0.,12.75,18.82));
#6788=CARTESIAN_POINT('',(8.,12.75,18.82));
#6789=CARTESIAN_POINT('',(8.,12.75,18.82));
#6790=CARTESIAN_POINT('',(0.,12.75,18.82));
#6791=CARTESIAN_POINT('Origin',(0.,15.,18.001066972901));
#6792=CARTESIAN_POINT('',(8.,15.,18.001066972901));
#6793=CARTESIAN_POINT('',(8.,15.,18.001066972901));
#6794=CARTESIAN_POINT('',(0.,15.,18.001066972901));
#6795=CARTESIAN_POINT('Origin',(0.,15.,17.25));
#6796=CARTESIAN_POINT('',(8.,15.,17.25));
#6797=CARTESIAN_POINT('',(8.,15.,17.25));
#6798=CARTESIAN_POINT('',(0.,15.,17.25));
#6799=CARTESIAN_POINT('Origin',(0.,12.75,16.431066972901));
#6800=CARTESIAN_POINT('',(8.,12.75,16.431066972901));
#6801=CARTESIAN_POINT('',(8.,12.75,16.431066972901));
#6802=CARTESIAN_POINT('',(0.,12.75,16.431066972901));
#6803=CARTESIAN_POINT('Origin',(0.,12.75,15.68));
#6804=CARTESIAN_POINT('',(8.,12.75,15.68));
#6805=CARTESIAN_POINT('',(8.,12.75,15.68));
#6806=CARTESIAN_POINT('',(0.,12.75,15.68));
#6807=CARTESIAN_POINT('Origin',(0.,15.,14.861066972901));
#6808=CARTESIAN_POINT('',(8.,15.,14.861066972901));
#6809=CARTESIAN_POINT('',(8.,15.,14.861066972901));
#6810=CARTESIAN_POINT('',(0.,15.,14.861066972901));
#6811=CARTESIAN_POINT('Origin',(0.,15.,14.11));
#6812=CARTESIAN_POINT('',(8.,15.,14.11));
#6813=CARTESIAN_POINT('',(8.,15.,14.11));
#6814=CARTESIAN_POINT('',(0.,15.,14.11));
#6815=CARTESIAN_POINT('Origin',(0.,12.75,13.291066972901));
#6816=CARTESIAN_POINT('',(8.,12.75,13.291066972901));
#6817=CARTESIAN_POINT('',(8.,12.75,13.291066972901));
#6818=CARTESIAN_POINT('',(0.,12.75,13.291066972901));
#6819=CARTESIAN_POINT('Origin',(0.,12.75,12.54));
#6820=CARTESIAN_POINT('',(8.,12.75,12.54));
#6821=CARTESIAN_POINT('',(8.,12.75,12.54));
#6822=CARTESIAN_POINT('',(0.,12.75,12.54));
#6823=CARTESIAN_POINT('Origin',(0.,15.,11.721066972901));
#6824=CARTESIAN_POINT('',(8.,15.,11.721066972901));
#6825=CARTESIAN_POINT('',(8.,15.,11.721066972901));
#6826=CARTESIAN_POINT('',(0.,15.,11.721066972901));
#6827=CARTESIAN_POINT('Origin',(0.,15.,10.97));
#6828=CARTESIAN_POINT('',(8.,15.,10.97));
#6829=CARTESIAN_POINT('',(8.,15.,10.97));
#6830=CARTESIAN_POINT('',(0.,15.,10.97));
#6831=CARTESIAN_POINT('Origin',(0.,12.75,10.151066972901));
#6832=CARTESIAN_POINT('',(8.,12.75,10.151066972901));
#6833=CARTESIAN_POINT('',(8.,12.75,10.151066972901));
#6834=CARTESIAN_POINT('',(0.,12.75,10.151066972901));
#6835=CARTESIAN_POINT('Origin',(0.,12.75,9.39999999999997));
#6836=CARTESIAN_POINT('',(8.,12.75,9.39999999999997));
#6837=CARTESIAN_POINT('',(8.,12.75,9.39999999999997));
#6838=CARTESIAN_POINT('',(0.,12.75,9.39999999999997));
#6839=CARTESIAN_POINT('Origin',(0.,15.,8.58106697290102));
#6840=CARTESIAN_POINT('',(8.,15.,8.58106697290102));
#6841=CARTESIAN_POINT('',(8.,15.,8.58106697290102));
#6842=CARTESIAN_POINT('',(0.,15.,8.58106697290102));
#6843=CARTESIAN_POINT('Origin',(0.,15.,7.82999999999998));
#6844=CARTESIAN_POINT('',(8.,15.,7.82999999999998));
#6845=CARTESIAN_POINT('',(8.,15.,7.82999999999998));
#6846=CARTESIAN_POINT('',(0.,15.,7.82999999999998));
#6847=CARTESIAN_POINT('Origin',(0.,12.75,7.01106697290102));
#6848=CARTESIAN_POINT('',(8.,12.75,7.01106697290102));
#6849=CARTESIAN_POINT('',(8.,12.75,7.01106697290102));
#6850=CARTESIAN_POINT('',(0.,12.75,7.01106697290102));
#6851=CARTESIAN_POINT('Origin',(0.,12.75,6.25999999999998));
#6852=CARTESIAN_POINT('',(8.,12.75,6.25999999999998));
#6853=CARTESIAN_POINT('',(8.,12.75,6.25999999999998));
#6854=CARTESIAN_POINT('',(0.,12.75,6.25999999999998));
#6855=CARTESIAN_POINT('Origin',(0.,15.,5.44106697290102));
#6856=CARTESIAN_POINT('',(8.,15.,5.44106697290102));
#6857=CARTESIAN_POINT('',(8.,15.,5.44106697290102));
#6858=CARTESIAN_POINT('',(0.,15.,5.44106697290102));
#6859=CARTESIAN_POINT('Origin',(0.,15.,4.68999999999998));
#6860=CARTESIAN_POINT('',(8.,15.,4.68999999999998));
#6861=CARTESIAN_POINT('',(8.,15.,4.68999999999998));
#6862=CARTESIAN_POINT('',(0.,15.,4.68999999999998));
#6863=CARTESIAN_POINT('Origin',(0.,12.75,3.87106697290102));
#6864=CARTESIAN_POINT('',(8.,12.75,3.87106697290102));
#6865=CARTESIAN_POINT('',(8.,12.75,3.87106697290102));
#6866=CARTESIAN_POINT('',(0.,12.75,3.87106697290102));
#6867=CARTESIAN_POINT('Origin',(0.,12.75,3.11999999999998));
#6868=CARTESIAN_POINT('',(8.,12.75,3.11999999999998));
#6869=CARTESIAN_POINT('',(8.,12.75,3.11999999999998));
#6870=CARTESIAN_POINT('',(0.,12.75,3.11999999999998));
#6871=CARTESIAN_POINT('Origin',(0.,15.,2.30106697290102));
#6872=CARTESIAN_POINT('',(8.,15.,2.30106697290102));
#6873=CARTESIAN_POINT('',(8.,15.,2.30106697290102));
#6874=CARTESIAN_POINT('',(0.,15.,2.30106697290102));
#6875=CARTESIAN_POINT('Origin',(0.,15.,1.54999999999997));
#6876=CARTESIAN_POINT('',(8.,15.,1.54999999999998));
#6877=CARTESIAN_POINT('',(8.,15.,1.54999999999997));
#6878=CARTESIAN_POINT('',(0.,15.,1.54999999999997));
#6879=CARTESIAN_POINT('Origin',(0.,12.75,0.731066972901022));
#6880=CARTESIAN_POINT('',(8.,12.75,0.731066972901022));
#6881=CARTESIAN_POINT('',(8.,12.75,0.731066972901022));
#6882=CARTESIAN_POINT('',(0.,12.75,0.731066972901022));
#6883=CARTESIAN_POINT('Origin',(0.,12.75,-0.0200000000000256));
#6884=CARTESIAN_POINT('',(8.,12.75,-0.0200000000000244));
#6885=CARTESIAN_POINT('',(8.,12.75,-0.0200000000000256));
#6886=CARTESIAN_POINT('',(0.,12.75,-0.0200000000000256));
#6887=CARTESIAN_POINT('Origin',(0.,15.,-0.838933027098985));
#6888=CARTESIAN_POINT('',(8.,15.,-0.838933027098978));
#6889=CARTESIAN_POINT('',(8.,15.,-0.838933027098985));
#6890=CARTESIAN_POINT('',(0.,15.,-0.838933027098985));
#6891=CARTESIAN_POINT('Origin',(0.,15.,-1.59000000000003));
#6892=CARTESIAN_POINT('',(8.,15.,-1.59000000000002));
#6893=CARTESIAN_POINT('',(8.,15.,-1.59000000000003));
#6894=CARTESIAN_POINT('',(0.,15.,-1.59000000000003));
#6895=CARTESIAN_POINT('Origin',(0.,12.75,-2.40893302709898));
#6896=CARTESIAN_POINT('',(8.,12.75,-2.40893302709898));
#6897=CARTESIAN_POINT('',(8.,12.75,-2.40893302709898));
#6898=CARTESIAN_POINT('',(0.,12.75,-2.40893302709898));
#6899=CARTESIAN_POINT('Origin',(0.,12.75,-3.16000000000003));
#6900=CARTESIAN_POINT('',(8.,12.75,-3.16000000000003));
#6901=CARTESIAN_POINT('',(8.,12.75,-3.16000000000003));
#6902=CARTESIAN_POINT('',(0.,12.75,-3.16000000000003));
#6903=CARTESIAN_POINT('Origin',(0.,15.,-3.97893302709898));
#6904=CARTESIAN_POINT('',(8.,15.,-3.97893302709898));
#6905=CARTESIAN_POINT('',(8.,15.,-3.97893302709898));
#6906=CARTESIAN_POINT('',(0.,15.,-3.97893302709898));
#6907=CARTESIAN_POINT('Origin',(0.,15.,-4.73000000000003));
#6908=CARTESIAN_POINT('',(8.,15.,-4.73000000000003));
#6909=CARTESIAN_POINT('',(8.,15.,-4.73000000000003));
#6910=CARTESIAN_POINT('',(0.,15.,-4.73000000000003));
#6911=CARTESIAN_POINT('Origin',(0.,12.75,-5.54893302709898));
#6912=CARTESIAN_POINT('',(8.,12.75,-5.54893302709898));
#6913=CARTESIAN_POINT('',(8.,12.75,-5.54893302709898));
#6914=CARTESIAN_POINT('',(0.,12.75,-5.54893302709898));
#6915=CARTESIAN_POINT('Origin',(0.,12.75,-6.30000000000003));
#6916=CARTESIAN_POINT('',(8.,12.75,-6.30000000000003));
#6917=CARTESIAN_POINT('',(8.,12.75,-6.30000000000003));
#6918=CARTESIAN_POINT('',(0.,12.75,-6.30000000000003));
#6919=CARTESIAN_POINT('Origin',(0.,15.,-7.11893302709898));
#6920=CARTESIAN_POINT('',(8.,15.,-7.11893302709898));
#6921=CARTESIAN_POINT('',(8.,15.,-7.11893302709898));
#6922=CARTESIAN_POINT('',(0.,15.,-7.11893302709898));
#6923=CARTESIAN_POINT('Origin',(0.,15.,-7.87000000000003));
#6924=CARTESIAN_POINT('',(8.,15.,-7.87000000000003));
#6925=CARTESIAN_POINT('',(8.,15.,-7.87000000000003));
#6926=CARTESIAN_POINT('',(0.,15.,-7.87000000000003));
#6927=CARTESIAN_POINT('Origin',(0.,12.75,-8.68893302709898));
#6928=CARTESIAN_POINT('',(8.,12.75,-8.68893302709898));
#6929=CARTESIAN_POINT('',(8.,12.75,-8.68893302709898));
#6930=CARTESIAN_POINT('',(0.,12.75,-8.68893302709898));
#6931=CARTESIAN_POINT('Origin',(0.,12.75,-9.44000000000003));
#6932=CARTESIAN_POINT('',(8.,12.75,-9.44000000000003));
#6933=CARTESIAN_POINT('',(8.,12.75,-9.44000000000003));
#6934=CARTESIAN_POINT('',(0.,12.75,-9.44000000000003));
#6935=CARTESIAN_POINT('Origin',(0.,15.,-10.258933027099));
#6936=CARTESIAN_POINT('',(8.,15.,-10.258933027099));
#6937=CARTESIAN_POINT('',(8.,15.,-10.258933027099));
#6938=CARTESIAN_POINT('',(0.,15.,-10.258933027099));
#6939=CARTESIAN_POINT('Origin',(0.,15.,-11.01));
#6940=CARTESIAN_POINT('',(8.,15.,-11.01));
#6941=CARTESIAN_POINT('',(8.,15.,-11.01));
#6942=CARTESIAN_POINT('',(0.,15.,-11.01));
#6943=CARTESIAN_POINT('Origin',(0.,12.75,-11.828933027099));
#6944=CARTESIAN_POINT('',(8.,12.75,-11.828933027099));
#6945=CARTESIAN_POINT('',(8.,12.75,-11.828933027099));
#6946=CARTESIAN_POINT('',(0.,12.75,-11.828933027099));
#6947=CARTESIAN_POINT('Origin',(0.,12.75,-12.58));
#6948=CARTESIAN_POINT('',(8.,12.75,-12.58));
#6949=CARTESIAN_POINT('',(8.,12.75,-12.58));
#6950=CARTESIAN_POINT('',(0.,12.75,-12.58));
#6951=CARTESIAN_POINT('Origin',(0.,15.,-13.398933027099));
#6952=CARTESIAN_POINT('',(8.,15.,-13.398933027099));
#6953=CARTESIAN_POINT('',(8.,15.,-13.398933027099));
#6954=CARTESIAN_POINT('',(0.,15.,-13.398933027099));
#6955=CARTESIAN_POINT('Origin',(0.,15.,-14.15));
#6956=CARTESIAN_POINT('',(8.,15.,-14.15));
#6957=CARTESIAN_POINT('',(8.,15.,-14.15));
#6958=CARTESIAN_POINT('',(0.,15.,-14.15));
#6959=CARTESIAN_POINT('Origin',(0.,12.75,-14.968933027099));
#6960=CARTESIAN_POINT('',(8.,12.75,-14.968933027099));
#6961=CARTESIAN_POINT('',(8.,12.75,-14.968933027099));
#6962=CARTESIAN_POINT('',(0.,12.75,-14.968933027099));
#6963=CARTESIAN_POINT('Origin',(0.,12.75,-135.));
#6964=CARTESIAN_POINT('',(8.,12.75,-135.));
#6965=CARTESIAN_POINT('',(0.,12.75,-135.));
#6966=CARTESIAN_POINT('Origin',(0.,4.13318294712232E-14,-135.));
#6967=CARTESIAN_POINT('',(0.,4.13318294712232E-14,-135.));
#6968=CARTESIAN_POINT('Origin',(0.,-2.73392419813945E-14,89.1924689031387));
#6969=CARTESIAN_POINT('Origin',(8.,7.49999999999997,0.));
#6970=UNCERTAINTY_MEASURE_WITH_UNIT(LENGTH_MEASURE(0.01),#6974,
'DISTANCE_ACCURACY_VALUE',
'Maximum model space distance between geometric entities at asserted c
onnectivities');
#6971=UNCERTAINTY_MEASURE_WITH_UNIT(LENGTH_MEASURE(0.01),#6974,
'DISTANCE_ACCURACY_VALUE',
'Maximum model space distance between geometric entities at asserted c
onnectivities');
#6972=(
GEOMETRIC_REPRESENTATION_CONTEXT(3)
GLOBAL_UNCERTAINTY_ASSIGNED_CONTEXT((#6970))
GLOBAL_UNIT_ASSIGNED_CONTEXT((#6974,#6976,#6977))
REPRESENTATION_CONTEXT('','3D')
);
#6973=(
GEOMETRIC_REPRESENTATION_CONTEXT(3)
GLOBAL_UNCERTAINTY_ASSIGNED_CONTEXT((#6971))
GLOBAL_UNIT_ASSIGNED_CONTEXT((#6974,#6976,#6977))
REPRESENTATION_CONTEXT('','3D')
);
#6974=(
LENGTH_UNIT()
NAMED_UNIT(*)
SI_UNIT(.MILLI.,.METRE.)
);
#6975=(
LENGTH_UNIT()
NAMED_UNIT(*)
SI_UNIT(.CENTI.,.METRE.)
);
#6976=(
NAMED_UNIT(*)
PLANE_ANGLE_UNIT()
SI_UNIT($,.RADIAN.)
);
#6977=(
NAMED_UNIT(*)
SI_UNIT($,.STERADIAN.)
SOLID_ANGLE_UNIT()
);
#6978=SHAPE_DEFINITION_REPRESENTATION(#6979,#6980);
#6979=PRODUCT_DEFINITION_SHAPE('',$,#6982);
#6980=SHAPE_REPRESENTATION('',(#4442),#6972);
#6981=PRODUCT_DEFINITION_CONTEXT('part definition',#6986,'design');
#6982=PRODUCT_DEFINITION('cremaillere','cremaillere',#6983,#6981);
#6983=PRODUCT_DEFINITION_FORMATION('',$,#6988);
#6984=PRODUCT_RELATED_PRODUCT_CATEGORY('cremaillere','cremaillere',(#6988));
#6985=APPLICATION_PROTOCOL_DEFINITION('international standard',
'automotive_design',2009,#6986);
#6986=APPLICATION_CONTEXT(
'Core Data for Automotive Mechanical Design Process');
#6987=PRODUCT_CONTEXT('part definition',#6986,'mechanical');
#6988=PRODUCT('cremaillere','cremaillere',$,(#6987));
#6989=PRESENTATION_STYLE_ASSIGNMENT((#6990));
#6990=SURFACE_STYLE_USAGE(.BOTH.,#6993);
#6991=SURFACE_STYLE_RENDERING_WITH_PROPERTIES($,#6997,(#6992));
#6992=SURFACE_STYLE_TRANSPARENT(0.);
#6993=SURFACE_SIDE_STYLE('',(#6994,#6991));
#6994=SURFACE_STYLE_FILL_AREA(#6995);
#6995=FILL_AREA_STYLE('',(#6996));
#6996=FILL_AREA_STYLE_COLOUR('',#6997);
#6997=COLOUR_RGB('',0.749019607843137,0.749019607843137,0.749019607843137);
ENDSEC;
END-ISO-10303-21;
